,ATP6V1E2 0,ATP6V1E2 1,ATP6V1E2 2,ATP6V1E2 3,ATP6V1E2 4,ATP6V1E2 5,ATP6V1E2 6,ATP6V1E2 7,ATP6V1E2 8,ATP6V1E2 9,ATP6V1E2 10,ATP6V1E2 11,ATP6V1E2 12,ATP6V1E2 13,ATP6V1E2 14,ATP6V1E2 15,ATP6V1E2 16,ATP6V1E2 17,ATP6V1E2 18,ATP6V1E2 19,ATP6V1E2 20,ATP6V1E2 21,ATP6V1E2 22,ATP6V1E2 23,ATP6V1E2 24,ATP6V1E2 25,ATP6V1E2 26,ATP6V1E2 27,ATP6V1E2 28,ATP6V1E2 29,ATP6V1E2 30,ATP6V1E2 31,ATP6V1E2 32,ATP6V1E2 33,ATP6V1E2 34,ATP6V1E2 35,ATP6V1E2 36,ATP6V1E2 37,ATP6V1E2 38,ATP6V1E2 39,ATP6V1E2 40,ATP6V1E2 41,ATP6V1E2 42,ATP6V1E2 43,ATP6V1E2 44,ATP6V1E2 45,ATP6V1E2 46,ATP6V1E2 47,ATP6V1E2 48,ATP6V1E2 49,ATP6V1E2 50,ATP6V1E2 51,ATP6V1E2 52,ATP6V1E2 53,ATP6V1E2 54,ATP6V1E2 55,ATP6V1E2 56,ATP6V1E2 57,ATP6V1E2 58,ATP6V1E2 59,ATP6V1E2 60,ATP6V1E2 61,ATP6V1E2 62,ATP6V1E2 63,ATP6V1E2 64,ATP6V1E2 65,ATP6V1E2 66,ATP6V1E2 67,ATP6V1E2 68,ATP6V1E2 69,ATP6V1E2 70,ATP6V1E2 71,ATP6V1E2 72,ATP6V1E2 73,ATP6V1E2 74,ATP6V1E2 75,ATP6V1E2 76,ATP6V1E2 77,ATP6V1E2 78,ATP6V1E2 79,ATP6V1E2 80,ATP6V1E2 81,ATP6V1E2 82,ATP6V1E2 83,ATP6V1E2 84,ATP6V1E2 85,ATP6V1E2 86,ATP6V1E2 87,ATP6V1E2 88,ATP6V1E2 89,ATP6V1E2 90,ATP6V1E2 91,ATP6V1E2 92,ATP6V1E2 93,ATP6V1E2 94,ATP6V1E2 95,ATP6V1E2 96,ATP6V1E2 97,ATP6V1E2 98,ATP6V1E2 99,ATP6V1E2 100,ATP6V1E2 101,ATP6V1E2 102,ATP6V1E2 103,ATP6V1E2 104,ATP6V1E2 105,ATP6V1E2 106,ATP6V1E2 107,ATP6V1E2 108,ATP6V1E2 109,ATP6V1E2 110,ATP6V1E2 111,ATP6V1E2 112,ATP6V1E2 113,ATP6V1E2 114,ATP6V1E2 115,ATP6V1E2 116,ATP6V1E2 117,ATP6V1E2 118,ATP6V1E2 119,ATP6V1E2 120,ATP6V1E2 121,ATP6V1E2 122,ATP6V1E2 123,ATP6V1E2 124,ATP6V1E2 125,ATP6V1E2 126,ATP6V1E2 127,ATP6V1E2 128,ATP6V1E2 129,ATP6V1E2 130,ATP6V1E2 131,ATP6V1E2 132,ATP6V1E2 133,ATP6V1E2 134,ATP6V1E2 135,ATP6V1E2 136,ATP6V1E2 137,ATP6V1E2 138,ATP6V1E2 139,ATP6V1E2 140,ATP6V1E2 141,ATP6V1E2 142,ATP6V1E2 143,ATP6V1E2 144,ATP6V1E2 145,ATP6V1E2 146,ATP6V1E2 147,ATP6V1E2 148,ATP6V1E2 149,ATP6V1E2 150,ATP6V1E2 151,ATP6V1E2 152,ATP6V1E2 153,ATP6V1E2 154,ATP6V1E2 155,ATP6V1E2 156,ATP6V1E2 157,ATP6V1E2 158,ATP6V1E2 159,ATP6V1E2 160,ATP6V1E2 161,ATP6V1E2 162,ATP6V1E2 163,ATP6V1E2 164,ATP6V1E2 165,ATP6V1E2 166,ATP6V1E2 167,ATP6V1E2 168,ATP6V1E2 169,ATP6V1E2 170,ATP6V1E2 171,ATP6V1E2 172,ATP6V1E2 173,ATP6V1E2 174,ATP6V1E2 175,ATP6V1E2 176,ATP6V1E2 177,ATP6V1E2 178,ATP6V1E2 179,ATP6V1E2 180,ATP6V1E2 181,ATP6V1E2 182,ATP6V1E2 183,ATP6V1E2 184,ATP6V1E2 185,ATP6V1E2 186,ATP6V1E2 187,ATP6V1E2 188,ATP6V1E2 189,ATP6V1E2 190,ATP6V1E2 191,ATP6V1E2 192,ATP6V1E2 193,ATP6V1E2 194,ATP6V1E2 195,ATP6V1E2 196,ATP6V1E2 197,ATP6V1E2 198,ATP6V1E2 199,ATP6V1E2 200,ATP6V1E2 201,ATP6V1E2 202,ATP6V1E2 203,ATP6V1E2 204,ATP6V1E2 205,ATP6V1E2 206,ATP6V1E2 207,ATP6V1E2 208,ATP6V1E2 209,ATP6V1E2 210,ATP6V1E2 211,ATP6V1E2 212,ATP6V1E2 213,ATP6V1E2 214,ATP6V1E2 215,ATP6V1E2 216,ATP6V1E2 217,ATP6V1E2 218,ATP6V1E2 219,ATP6V1E2 220,ATP6V1E2 221,ATP6V1E2 222,ATP6V1E2 223,ATP6V1E2 224,ATP6V1E2 225
Chrysochloris_asiatica,M,A,L,S,D,L,D,V,Q,K,Q,I,K,H,M,M,A,F,I,E,Q,E,A,N,E,K,A,E,E,I,D,A,K,A,E,E,E,F,N,I,E,K,G,R,L,V,Q,T,Q,R,L,K,I,M,E,Y,Y,E,K,K,E,K,Q,I,E,Q,Q,K,K,I,Q,M,S,A,V,R,N,Q,A,R,L,E,V,L,K,A,R,D,D,L,I,S,D,L,L,N,D,A,K,Q,R,L,S,R,I,V,I,D,L,D,I,Y,Q,D,L,L,D,K,L,V,L,Q,C,L,F,R,M,L,E,P,W,V,L,V,R,C,R,P,Q,D,V,L,L,I,E,S,A,V,Q,K,A,I,P,D,Y,M,M,V,S,K,K,N,V,E,V,C,V,D,Q,E,V,Y,L,P,V,N,S,T,G,G,V,E,A,Y,S,N,N,Q,K,I,M,I,S,N,T,L,D,S,R,L,D,L,L,A,Q,Q,R,M,P,E,I,R,K,A,L,F,G,A,N,A,N,R,K,F,F,I
Balaenoptera_acutorostrata_scammoni,M,A,L,S,D,V,N,V,Q,K,Q,I,K,H,M,M,A,F,I,E,Q,E,A,N,E,K,A,E,E,I,D,A,K,A,E,E,E,F,N,I,E,K,G,R,L,V,Q,T,Q,R,L,K,I,M,E,Y,Y,E,K,K,E,K,Q,I,E,Q,Q,K,K,I,Q,M,S,T,M,R,N,Q,A,R,L,K,V,L,R,A,R,N,D,L,I,S,E,L,L,N,D,A,K,L,R,L,S,R,I,V,A,D,P,E,F,Y,Q,G,L,L,D,K,L,V,L,Q,G,L,L,R,L,L,E,P,V,V,I,V,R,C,R,P,Q,D,L,L,L,V,E,A,A,V,Q,K,A,I,P,Q,Y,M,T,V,S,H,K,R,V,E,V,Q,V,D,R,E,V,Q,L,A,T,D,A,A,G,G,V,E,V,Y,S,G,D,Q,R,I,M,V,S,N,T,L,E,S,R,L,D,L,L,S,W,Q,K,M,P,E,I,R,K,A,L,F,G,A,S,A,N,R,K,F,F,I
Balaenoptera_musculus,M,A,L,S,D,V,N,V,Q,K,Q,I,K,H,M,M,A,F,I,E,Q,E,A,N,E,K,A,E,E,I,D,A,K,T,E,E,E,F,N,I,E,K,G,R,L,V,Q,T,Q,R,L,K,I,M,E,Y,Y,E,K,K,E,K,Q,I,E,Q,Q,K,K,I,Q,M,S,T,M,R,N,Q,A,R,L,K,V,L,R,A,R,N,D,L,I,S,E,L,L,N,D,A,K,L,R,L,S,R,I,V,A,D,P,E,F,Y,Q,G,L,L,D,K,L,V,L,Q,G,L,L,R,L,L,E,P,V,V,V,V,R,C,R,P,Q,D,L,L,L,V,E,A,A,V,Q,K,A,I,P,Q,Y,M,T,V,S,H,K,H,V,E,V,Q,V,D,R,D,V,Q,L,S,T,D,A,A,G,G,V,E,V,Y,S,G,D,Q,R,I,M,V,S,N,T,L,E,S,R,L,D,L,L,S,W,Q,K,M,P,E,I,R,K,A,L,F,G,A,S,A,N,R,K,F,F,I
Echinops_telfairi,M,A,L,S,D,V,D,V,Q,K,Q,I,K,H,M,M,A,F,I,E,Q,E,A,N,E,K,A,E,E,I,D,A,K,A,E,E,E,F,N,I,E,K,G,R,L,V,Q,T,Q,R,L,K,I,L,E,Y,Y,E,K,K,E,K,Q,I,E,Q,Q,K,K,I,Q,M,S,T,V,R,N,Q,A,R,L,T,V,L,R,A,R,D,D,L,I,T,D,L,L,K,E,A,K,Q,R,L,S,R,I,V,M,D,V,Q,V,Y,Q,G,L,L,E,K,L,L,L,Q,S,L,F,R,L,L,E,P,R,V,L,V,R,C,R,P,Q,D,V,-,-,-,-,-,-,-,-,-,-,-,-,-,-,-,-,-,-,-,-,-,V,E,I,H,I,D,R,E,V,H,L,P,G,D,S,A,G,G,V,E,A,Y,S,D,G,Q,K,I,K,V,S,N,T,L,E,S,R,L,D,L,L,A,Q,Q,R,M,P,E,I,R,K,A,L,F,G,A,N,A,N,R,R,F,F,T
Delphinapterus_leucas,-,-,-,-,-,-,-,-,-,-,-,-,-,-,-,-,-,-,-,-,-,-,-,-,-,-,-,-,-,-,-,-,-,-,-,-,-,-,-,-,-,-,-,-,-,-,-,-,-,-,-,-,-,-,-,-,-,-,-,-,-,-,-,-,-,-,-,-,-,-,-,-,-,-,-,-,-,-,-,-,-,-,-,-,-,-,-,-,-,-,-,-,-,-,-,-,-,-,-,-,-,-,-,-,-,-,-,-,-,-,-,-,-,-,-,-,-,-,-,-,-,-,-,-,-,-,-,-,-,-,-,-,-,-,-,-,-,-,-,-,-,-,-,-,-,-,-,-,-,-,-,-,-,-,-,-,-,-,-,-,-,-,-,-,-,-,-,-,-,-,-,-,-,-,-,-,-,-,-,-,-,-,-,-,-,-,-,-,-,-,-,-,-,-,-,-,-,-,-,-,-,-,-,-,-,-,-,-,-,-,-,-,-,-,-,-,-,-,-,-,-,-,-,-,-,-
Globicephala_melas,M,A,L,S,D,V,N,V,Q,K,Q,I,K,Q,M,M,A,F,I,E,Q,E,A,N,E,K,A,E,E,I,D,A,K,A,E,E,E,F,S,I,E,K,G,R,L,V,Q,T,Q,R,L,K,I,M,E,Y,Y,E,K,K,E,K,Q,I,E,Q,Q,K,K,I,Q,M,S,A,M,R,N,Q,A,R,L,K,V,L,R,A,R,N,D,L,V,S,E,L,L,N,D,A,K,L,R,L,S,R,L,V,A,D,P,V,F,Y,Q,G,L,L,D,K,L,V,L,Q,G,L,L,R,L,L,E,P,V,V,I,V,R,C,R,P,Q,D,L,L,L,V,E,A,A,V,Q,K,A,I,P,Q,Y,T,T,V,S,H,K,R,V,E,V,Q,V,D,R,G,V,Q,L,A,T,D,A,A,G,G,V,E,V,Y,S,G,D,Q,R,I,M,V,S,N,T,L,E,S,R,L,D,L,L,S,Q,Q,K,M,P,E,I,R,K,A,L,F,G,A,S,A,N,R,K,F,F,L
Lagenorhynchus_obliquidens,M,A,L,S,D,V,N,V,Q,K,Q,I,K,Q,M,M,A,F,I,E,Q,E,A,N,E,K,A,E,E,I,D,A,K,A,E,E,E,F,S,I,E,K,G,R,L,V,Q,T,Q,R,L,K,I,M,E,Y,Y,E,K,K,E,K,Q,I,E,Q,Q,K,K,I,Q,M,S,A,M,R,N,Q,A,R,L,K,V,L,R,A,R,N,D,L,V,S,E,L,L,N,D,A,K,L,R,L,S,R,L,V,A,D,P,V,F,Y,Q,G,L,L,D,K,L,V,L,Q,G,L,L,R,L,L,E,P,V,V,I,V,R,C,R,P,Q,D,L,L,L,V,E,A,A,V,Q,K,A,I,P,Q,Y,T,T,V,S,H,K,R,V,E,V,Q,V,D,R,G,V,Q,L,A,A,D,A,A,G,G,V,E,V,Y,S,G,D,Q,R,I,M,V,S,N,T,L,E,S,R,L,D,L,L,S,Q,Q,K,M,P,E,I,R,K,A,L,F,G,A,S,A,N,R,K,F,F,L
Lipotes_vexillifer,M,A,L,S,D,V,N,V,Q,K,Q,I,K,Q,M,M,A,F,I,E,R,E,A,N,E,K,A,E,E,I,D,A,K,A,E,E,E,F,N,I,E,K,G,R,L,V,Q,T,Q,R,L,K,I,M,E,Y,Y,E,K,K,E,K,Q,I,E,Q,Q,K,K,I,Q,M,S,T,M,R,N,Q,A,R,L,K,V,L,R,A,R,N,D,L,I,S,E,L,L,N,D,A,K,L,R,L,S,R,I,V,A,D,P,V,F,Y,Q,G,L,L,D,K,L,V,L,Q,G,L,L,R,L,L,E,P,V,V,I,V,R,C,R,P,Q,D,L,L,L,V,E,A,A,V,Q,K,A,I,P,Q,Y,T,A,V,S,H,K,R,V,E,V,Q,V,D,R,G,V,Q,L,A,T,D,A,A,G,G,V,E,L,Y,S,G,D,Q,R,I,M,V,S,N,T,L,E,S,R,L,D,L,L,S,R,Q,K,M,P,E,I,R,K,G,L,F,G,A,S,A,N,R,T,F,F,I
Monodon_monoceros,-,-,-,-,-,-,-,-,-,-,-,-,-,-,-,M,A,F,I,E,Q,E,A,S,E,K,A,E,E,V,D,A,K,A,E,E,E,F,N,I,E,R,G,R,L,V,Q,T,Q,-,L,K,I,M,A,Y,Y,E,K,K,E,K,Q,I,E,Q,Q,K,K,S,Q,M,S,T,M,R,N,Q,A,R,L,K,V,L,R,A,R,N,D,L,I,S,E,L,L,N,D,A,K,L,R,L,S,R,I,V,A,D,P,V,F,H,Q,G,L,L,D,K,L,V,L,Q,G,L,L,R,L,L,E,P,V,V,I,V,R,C,R,P,Q,D,L,L,L,V,E,A,A,V,Q,K,A,I,P,Q,Y,T,T,V,S,H,K,R,V,E,V,Q,V,D,R,G,V,Q,L,A,T,D,A,A,G,G,V,E,F,Y,S,G,D,Q,R,I,M,V,S,N,T,L,E,S,R,L,D,L,L,S,W,Q,K,M,P,E,I,R,K,A,L,F,G,A,S,A,N,R,K,F,F,I
Neophocaena_asiaeorientalis_asiaeorientalis,-,-,-,-,-,-,-,-,-,-,-,-,-,-,-,M,A,F,I,E,Q,E,A,S,E,K,A,E,E,I,D,A,K,A,E,E,E,F,N,L,E,R,G,C,L,V,Q,T,Q,R,L,K,I,M,A,Y,Y,K,K,K,E,K,Q,I,E,Q,Q,K,K,S,Q,M,S,T,M,R,N,Q,A,R,L,K,V,P,R,A,R,N,D,L,I,S,E,L,L,N,D,A,K,P,R,L,S,R,I,G,A,D,P,V,F,Y,Q,G,L,L,D,K,L,V,L,Q,G,L,L,R,L,L,E,P,V,V,I,V,R,R,R,P,Q,D,L,L,L,V,E,A,A,V,Q,K,A,I,P,Q,Y,T,T,V,S,H,K,R,V,E,V,Q,V,D,R,G,V,Q,L,A,T,D,A,A,G,G,V,E,V,Y,S,G,D,Q,R,I,M,V,S,N,T,L,E,S,R,L,D,L,L,S,W,Q,K,M,P,E,I,R,K,A,L,F,G,A,S,A,S,R,K,F,F,I
Orcinus_orca,M,A,L,S,D,V,N,V,Q,K,Q,I,K,Q,M,M,A,F,I,E,Q,E,A,N,E,K,A,E,E,I,D,A,K,A,E,E,E,F,S,I,E,K,G,R,L,V,Q,T,Q,R,L,K,I,M,E,Y,Y,E,K,K,E,K,Q,I,E,Q,Q,K,K,I,Q,M,S,A,M,R,N,Q,A,R,L,K,V,L,R,A,R,N,D,L,V,S,E,L,L,N,D,A,K,L,R,L,S,R,L,V,A,D,P,V,F,Y,Q,G,L,L,D,K,L,V,L,Q,G,L,L,R,L,L,E,P,V,V,I,V,R,C,R,P,Q,D,L,L,L,V,E,A,A,V,Q,K,A,I,P,Q,Y,T,T,V,S,H,K,R,V,E,V,Q,V,D,R,G,V,Q,L,A,A,D,A,A,G,G,V,E,V,Y,S,G,D,Q,R,I,M,V,S,N,T,L,E,S,R,L,D,L,L,S,Q,Q,K,M,P,E,I,R,K,A,L,F,G,A,S,A,N,R,K,F,F,L
Phocoena_sinus,-,-,-,-,-,-,-,-,-,-,-,-,-,-,-,M,A,F,I,E,Q,E,A,S,E,K,A,E,E,I,D,A,K,A,E,E,E,F,N,L,E,R,G,C,L,V,Q,T,Q,R,L,K,I,M,A,Y,Y,E,K,K,E,K,Q,I,E,Q,Q,K,K,S,Q,M,S,T,M,R,N,Q,A,R,L,K,V,P,R,A,R,N,D,L,I,S,E,L,L,N,D,A,K,P,R,L,S,R,I,G,A,D,P,V,F,Y,Q,G,L,L,D,K,L,V,L,Q,G,L,L,R,L,L,E,P,V,V,I,V,R,R,R,P,Q,D,L,L,L,V,E,A,A,V,Q,K,A,I,P,Q,Y,T,T,V,S,H,K,R,V,E,V,Q,V,D,R,G,V,Q,L,A,T,D,A,A,G,G,V,E,V,Y,S,G,D,Q,R,I,M,V,S,N,T,L,E,S,R,L,D,L,L,S,W,Q,K,M,P,E,I,R,K,A,L,F,G,A,S,A,S,R,K,F,F,I
Physeter_catodon,M,A,L,S,D,V,N,V,Q,K,Q,I,K,H,M,M,A,F,I,E,Q,E,A,N,E,K,A,E,E,I,D,A,K,A,E,E,E,F,N,I,E,K,G,R,L,V,L,T,Q,R,L,K,I,M,E,Y,Y,E,K,K,E,K,Q,I,E,Q,Q,K,K,I,Q,M,S,T,M,R,N,Q,A,R,L,K,V,L,R,A,R,N,D,L,I,S,E,L,L,N,D,A,K,L,R,L,S,R,I,V,A,D,P,E,F,Y,Q,G,L,L,D,K,L,V,L,Q,G,L,L,R,L,L,E,P,V,V,I,V,R,C,R,P,Q,D,L,L,L,V,E,A,A,V,Q,K,A,I,P,Q,Y,M,T,V,T,H,K,R,V,E,V,Q,V,D,R,E,V,Q,L,A,T,D,A,A,G,G,V,E,V,Y,S,G,D,Q,R,I,M,V,S,N,T,L,E,S,R,L,D,L,L,S,R,Q,K,M,P,E,I,R,K,A,L,F,G,A,S,A,N,R,K,F,F,I
Tursiops_truncatus,M,A,L,S,D,V,N,V,Q,K,Q,I,K,Q,M,M,A,F,I,E,Q,E,A,N,E,K,A,E,E,I,D,A,K,A,E,E,E,F,S,I,E,K,G,R,L,V,Q,T,Q,R,L,K,I,M,E,Y,Y,E,K,K,E,K,Q,I,E,Q,Q,K,K,I,Q,M,S,A,M,R,N,Q,A,R,L,K,V,L,R,A,R,N,D,L,V,S,E,L,L,N,D,A,K,L,R,L,S,R,L,V,A,D,P,V,F,Y,Q,G,L,L,D,K,L,V,L,Q,G,L,L,R,L,L,E,P,V,V,I,V,R,C,R,P,Q,D,L,L,L,V,E,A,A,V,Q,K,A,I,P,Q,Y,T,T,V,S,H,K,R,V,E,V,Q,V,D,R,G,V,Q,L,A,A,D,A,A,G,G,V,E,V,Y,S,G,D,Q,R,I,M,V,S,N,T,L,E,S,R,L,D,L,L,S,Q,Q,K,M,P,E,I,R,K,A,L,F,G,A,S,A,N,R,K,F,F,L
Acinonyx_jubatus,M,A,L,S,D,V,D,V,Q,K,Q,I,K,H,M,M,A,F,I,E,Q,E,A,N,E,K,A,E,E,I,D,A,K,S,E,E,E,F,N,I,E,K,G,R,L,V,Q,T,Q,R,L,K,I,V,G,Y,Y,E,K,K,E,K,Q,I,E,Q,Q,K,K,I,Q,M,S,T,V,R,N,Q,A,R,L,K,V,L,R,A,R,D,D,L,I,S,E,L,L,N,D,A,K,L,R,L,S,G,I,V,A,D,P,A,I,Y,Q,G,L,L,D,K,L,V,L,Q,G,L,L,R,L,L,E,P,V,A,I,V,R,C,R,P,Q,D,L,L,L,V,E,A,A,V,Q,K,A,I,P,E,Y,M,M,V,S,Q,K,C,V,E,V,Q,V,D,Q,E,V,H,L,A,T,N,T,A,G,G,V,E,V,Y,S,G,N,Q,R,I,K,V,S,N,T,L,E,S,R,L,D,L,L,A,Q,Q,K,M,P,D,I,R,K,A,L,F,G,A,N,A,N,R,K,F,F,I
Acomys_russatus,M,A,L,T,D,I,D,V,Q,K,Q,I,K,H,M,M,A,F,I,E,Q,E,A,N,E,K,A,E,E,I,D,A,K,A,E,E,E,F,N,I,E,K,G,R,L,V,Q,T,Q,R,L,K,I,M,D,Y,Y,E,K,K,E,K,Q,I,E,Q,Q,K,K,I,Q,L,S,T,M,R,N,Q,A,R,I,A,V,L,R,A,R,D,N,L,I,L,E,L,L,R,D,A,K,M,R,L,S,R,I,V,S,D,V,D,T,Y,Q,E,L,L,D,K,L,V,L,Q,A,L,L,R,L,L,E,P,V,M,I,V,R,C,R,P,Q,D,L,H,L,V,E,A,A,V,Q,R,A,V,P,E,F,V,M,L,C,R,K,H,S,D,V,Q,V,D,Q,V,A,Y,L,A,S,G,A,A,G,G,V,E,V,Y,S,G,D,Q,R,I,K,V,S,N,T,L,E,S,R,L,N,L,A,A,L,E,M,M,P,E,I,R,R,A,L,F,G,D,N,A,N,R,K,F,F,I
Arvicanthis_niloticus,M,A,L,T,D,I,D,V,Q,K,Q,I,K,H,M,M,A,F,I,E,Q,E,A,N,E,K,A,E,E,I,D,A,K,A,E,E,E,F,N,I,E,K,G,R,L,V,Q,T,Q,R,L,K,I,M,D,Y,F,E,K,K,E,K,Q,I,E,Q,Q,K,K,I,Q,L,S,T,M,R,N,Q,A,R,I,T,V,L,R,A,R,D,N,L,I,L,E,L,L,R,D,A,K,M,R,L,S,R,I,V,S,D,E,E,I,Y,Q,D,L,L,D,K,L,V,L,Q,A,L,L,R,L,L,E,P,V,M,I,V,R,C,R,P,Q,D,L,H,L,V,E,C,A,V,L,R,A,I,P,L,Y,M,M,L,C,Q,K,H,L,E,V,Q,V,D,Q,T,E,F,L,A,S,N,A,A,G,G,V,E,V,Y,S,S,D,Q,K,I,K,V,S,N,T,L,E,S,R,L,N,L,A,A,M,Q,K,M,P,E,I,R,R,M,L,F,G,D,N,V,N,R,K,F,F,T
Bison_bison_bison,M,A,L,S,D,V,D,V,Q,K,Q,I,K,H,M,M,A,F,I,E,Q,E,A,N,E,K,A,E,E,I,D,A,K,A,E,E,E,F,N,I,E,K,G,R,L,V,Q,T,Q,R,L,K,I,M,E,Y,Y,E,K,K,E,K,Q,I,E,Q,Q,K,K,I,Q,M,S,T,L,R,N,Q,A,R,L,K,V,L,R,A,R,N,D,L,I,S,E,L,L,N,D,A,K,L,R,L,S,R,I,V,T,D,P,E,F,Y,Q,G,L,L,D,K,L,V,L,Q,G,L,L,R,L,L,E,P,V,V,I,V,R,C,R,P,Q,D,H,F,L,V,E,A,A,V,Q,R,A,I,P,Q,Y,T,A,V,S,H,R,C,V,E,V,Q,V,D,K,E,V,Q,L,A,T,D,T,T,G,G,V,E,V,Y,S,S,D,Q,R,I,M,V,S,N,T,L,E,S,R,L,D,L,L,S,Q,Q,K,M,P,E,I,R,K,A,L,F,G,A,N,A,N,R,K,F,F,V
Bos_indicus,M,A,L,S,D,V,D,V,Q,K,Q,I,K,H,M,M,A,F,I,E,Q,E,A,N,E,K,A,E,E,I,D,A,K,A,E,E,E,F,N,I,E,K,G,R,L,V,Q,T,Q,R,L,K,I,M,E,Y,Y,E,K,K,E,K,Q,I,E,Q,Q,K,K,I,Q,M,S,T,L,R,N,Q,A,R,L,K,V,L,R,A,R,N,D,L,I,S,E,L,L,N,D,A,K,L,R,L,S,R,I,V,T,D,P,E,F,Y,Q,G,L,L,D,K,L,V,L,Q,G,L,L,R,L,L,E,P,V,V,I,V,R,C,R,P,Q,D,H,F,L,V,E,A,A,V,Q,R,A,I,P,Q,Y,T,A,V,S,H,R,C,V,E,V,Q,V,D,K,E,V,Q,L,A,T,D,T,T,G,G,V,E,V,Y,S,S,D,Q,R,I,M,V,S,N,T,L,E,S,R,L,D,L,L,S,Q,Q,K,M,P,E,I,R,K,A,L,F,G,A,N,A,N,R,K,F,F,V
Bos_mutus,M,A,L,S,D,V,D,V,Q,K,Q,I,K,H,M,M,A,F,I,E,Q,E,A,N,E,K,A,E,E,I,D,A,K,A,E,E,E,F,N,I,E,K,G,R,L,V,Q,T,Q,R,L,K,I,M,E,Y,Y,E,K,K,E,K,Q,I,E,Q,Q,K,K,I,Q,M,S,T,L,R,N,Q,A,R,L,K,V,L,R,A,R,N,D,L,I,S,E,L,L,N,D,A,K,L,R,L,S,R,I,V,T,D,P,E,F,Y,Q,G,L,L,D,K,L,V,L,Q,G,L,L,R,L,L,E,P,V,V,I,V,R,C,R,P,Q,D,H,F,L,V,E,A,A,V,Q,R,A,I,P,Q,Y,T,A,V,S,H,R,C,V,E,V,Q,V,D,K,E,V,Q,L,A,T,D,T,T,G,G,V,E,V,Y,S,S,D,Q,R,I,M,V,S,N,T,L,E,S,R,L,D,L,L,S,Q,Q,K,M,P,E,I,R,K,A,L,F,G,A,N,A,N,R,K,F,F,V
Bos_taurus,M,A,L,S,D,V,D,V,Q,K,Q,I,K,H,M,M,A,F,I,E,Q,E,A,N,E,K,A,E,E,I,D,A,K,A,E,E,E,F,N,I,E,K,G,R,L,V,Q,T,Q,R,L,K,I,M,E,Y,Y,E,K,K,E,K,Q,I,E,Q,Q,K,K,I,Q,M,S,T,L,R,N,Q,A,R,L,K,V,L,R,A,R,N,D,L,I,S,E,L,L,N,D,A,K,L,R,L,S,R,I,V,T,D,P,E,F,Y,Q,G,L,L,D,K,L,V,L,Q,G,L,L,R,L,L,E,P,V,V,I,V,R,C,R,P,Q,D,H,F,L,V,E,A,A,V,Q,R,A,I,P,Q,Y,T,A,V,S,H,R,C,V,E,V,Q,V,D,K,E,V,Q,L,A,T,D,T,T,G,G,V,E,V,Y,S,S,D,Q,R,I,M,V,S,N,T,L,E,S,R,L,D,L,L,S,Q,Q,K,M,P,E,I,R,K,A,L,F,G,A,N,A,N,R,K,F,F,V
Bubalus_bubalis,M,A,L,S,D,V,D,V,Q,K,Q,I,K,H,M,M,A,F,I,E,Q,E,A,N,E,K,A,E,E,I,D,A,K,A,E,E,E,F,N,I,E,K,G,R,L,V,Q,T,Q,R,L,K,I,M,E,Y,Y,E,K,K,E,K,Q,I,E,Q,Q,K,K,I,Q,M,S,T,L,R,N,Q,A,R,L,K,V,L,R,A,R,N,D,L,I,S,E,L,L,N,D,A,K,L,R,L,S,R,I,V,T,D,P,E,F,Y,Q,G,L,L,D,K,L,V,L,Q,A,L,L,R,L,L,E,P,V,V,T,V,R,C,R,P,Q,D,H,F,L,V,E,A,A,V,Q,R,A,I,P,Q,Y,T,A,V,S,H,R,C,V,E,V,Q,V,D,K,E,V,Q,L,A,T,D,T,T,G,G,V,E,V,Y,S,S,D,Q,R,I,M,V,S,N,T,L,E,S,R,L,D,L,L,S,Q,Q,K,M,P,E,I,-,-,-,-,-,-,-,-,-,-,-,-,-,-,-
Budorcas_taxicolor,M,A,L,S,D,V,D,V,Q,K,Q,I,K,H,M,M,A,F,I,E,Q,E,A,N,E,K,A,E,E,I,D,A,K,A,E,E,E,F,N,I,E,K,G,R,L,V,Q,T,Q,R,L,K,I,M,E,Y,Y,E,K,K,E,K,Q,I,E,Q,Q,K,K,I,Q,M,S,T,M,R,N,Q,A,R,L,K,V,L,R,A,R,N,D,L,I,S,E,L,L,N,D,A,K,L,R,L,S,R,I,V,T,D,P,K,F,Y,Q,G,L,L,D,K,L,V,L,Q,G,L,L,R,L,L,E,P,V,V,I,V,R,C,R,P,Q,D,H,L,L,V,E,A,A,V,Q,R,A,I,P,Q,Y,T,S,V,S,H,R,C,V,E,V,Q,V,D,K,E,V,Q,L,A,A,D,T,T,G,G,V,E,V,Y,S,S,D,Q,R,I,M,V,S,N,T,L,E,S,R,L,D,L,L,S,Q,Q,K,M,P,E,I,R,K,A,L,F,G,A,N,A,N,R,K,F,F,V
Callithrix_jacchus,M,A,L,S,-,V,N,V,Q,K,Q,I,K,H,M,M,A,F,I,E,Q,E,A,N,E,K,A,E,E,I,D,A,K,A,E,E,E,F,N,I,E,K,G,R,L,V,Q,T,Q,R,L,K,I,M,E,Y,Y,E,K,K,E,K,Q,I,E,Q,Q,K,K,I,Q,M,S,T,M,R,N,Q,A,R,L,K,V,L,K,A,R,D,D,L,I,S,D,L,L,R,E,A,K,L,R,L,S,R,I,V,E,D,P,E,V,Y,Q,G,L,L,D,K,M,V,L,Q,G,L,L,R,L,L,E,P,V,M,I,V,R,C,R,P,Q,D,L,L,L,V,E,A,A,V,Q,K,A,I,P,E,Y,M,T,I,S,Q,K,H,V,E,V,Q,I,D,R,E,A,Y,L,A,V,N,A,A,G,G,V,E,V,Y,S,G,N,Q,R,I,K,V,S,N,T,L,E,S,R,L,D,L,L,A,R,Q,K,M,P,E,I,R,M,A,L,F,G,A,N,T,N,R,K,F,F,I
Camelus_bactrianus,M,A,L,S,D,V,D,V,Q,K,Q,I,K,H,M,M,A,F,I,E,Q,E,A,N,E,K,A,E,E,I,D,A,K,A,E,E,E,F,N,I,E,K,G,R,L,V,Q,T,Q,R,L,K,I,M,E,Y,Y,E,K,K,E,K,Q,I,E,Q,Q,K,K,I,Q,M,S,T,M,R,N,Q,A,R,L,K,V,L,R,A,R,D,D,L,I,S,E,L,L,N,D,A,K,L,R,L,S,R,I,V,A,D,P,K,V,Y,Q,G,L,L,D,K,L,V,L,Q,G,L,L,R,L,L,E,P,V,V,I,V,R,C,R,P,Q,D,L,L,L,V,E,A,A,V,Q,K,A,I,P,Q,Y,T,A,V,S,H,K,C,V,E,V,Q,V,D,Q,-,V,Q,L,A,T,N,A,A,G,G,V,E,I,Y,S,G,D,Q,R,I,K,V,S,N,T,L,E,S,R,L,D,L,L,S,Q,Q,K,M,P,E,I,R,K,A,L,F,G,A,N,A,N,R,K,F,F,I
Camelus_dromedarius,M,A,L,S,D,V,D,V,Q,K,Q,I,K,H,M,M,A,F,I,E,Q,E,A,N,E,K,A,E,E,I,D,A,K,A,E,E,E,F,N,I,E,K,G,R,L,V,Q,T,Q,R,L,K,I,M,E,Y,Y,E,K,K,E,K,Q,I,E,Q,Q,K,K,I,Q,M,S,T,M,R,N,Q,A,R,L,K,V,L,R,A,R,D,D,L,I,S,E,L,L,N,D,A,K,L,R,L,S,R,I,V,A,D,P,K,V,Y,Q,G,L,L,D,K,L,V,L,Q,G,L,L,R,L,L,E,P,V,V,I,V,R,C,R,P,Q,D,L,L,L,V,E,A,A,V,Q,K,A,I,P,Q,Y,T,A,V,S,H,K,C,V,E,V,Q,V,D,Q,-,V,Q,L,A,T,N,A,A,G,G,V,E,I,Y,S,G,D,Q,R,I,K,V,S,N,T,L,E,S,R,L,D,L,L,S,Q,Q,K,M,P,E,I,R,K,A,L,F,G,A,N,A,N,R,K,F,F,I
Camelus_ferus,M,A,L,S,D,V,D,V,Q,K,Q,I,K,H,M,M,A,F,I,E,Q,E,A,N,E,K,A,E,E,I,D,A,K,A,E,E,E,F,N,I,E,K,G,R,L,V,Q,T,Q,R,L,K,I,M,E,Y,Y,E,K,K,E,K,Q,I,E,Q,Q,K,K,I,Q,M,S,T,M,R,N,Q,A,R,L,K,V,L,R,A,R,D,D,L,I,S,E,L,L,N,D,A,K,L,R,L,S,R,I,V,A,D,P,K,V,Y,Q,G,L,L,D,K,L,V,L,Q,G,L,L,R,L,L,E,P,V,V,I,V,R,C,R,P,Q,D,L,L,L,V,E,A,A,V,Q,K,A,I,P,Q,Y,T,A,V,S,H,K,C,V,E,V,Q,V,D,Q,-,V,Q,L,A,T,N,A,A,G,G,V,E,I,Y,S,G,D,Q,R,I,K,V,S,N,T,L,E,S,R,L,D,L,L,S,Q,Q,K,M,P,E,I,R,K,A,L,F,G,A,N,A,N,R,K,F,F,I
Capra_hircus,M,A,L,S,D,V,D,V,Q,K,Q,I,K,H,M,M,A,F,I,E,Q,E,A,N,E,K,A,E,E,I,D,A,K,A,E,E,E,F,N,I,E,K,G,R,L,V,Q,T,Q,R,L,K,I,M,E,Y,Y,E,K,K,E,K,Q,I,E,Q,Q,K,K,I,Q,M,S,T,M,R,N,Q,A,R,L,K,V,L,R,A,R,N,D,L,I,S,E,L,L,N,D,A,K,L,R,L,S,R,I,V,T,D,P,K,F,Y,Q,G,L,L,D,K,L,V,L,Q,G,L,L,R,L,L,E,P,V,V,I,V,R,C,R,P,Q,D,H,L,L,V,E,A,A,V,Q,R,A,I,P,Q,Y,T,S,V,S,H,R,C,V,E,V,Q,I,D,K,E,V,Q,L,A,A,D,T,T,G,G,V,E,V,Y,S,S,D,Q,R,I,M,V,S,N,T,L,E,S,R,L,D,L,L,S,Q,Q,K,M,P,E,I,R,K,A,L,F,G,A,N,A,N,R,K,F,F,V
Cebus_imitator,M,A,L,S,D,V,D,V,Q,K,Q,I,K,H,M,M,A,F,I,E,Q,E,A,S,E,K,A,E,E,I,D,A,K,A,E,E,E,F,N,I,E,K,G,R,L,V,Q,I,Q,R,L,K,I,M,E,Y,Y,E,K,K,E,K,R,I,E,Q,Q,K,K,I,Q,M,S,T,M,R,N,Q,A,R,L,K,V,L,R,A,R,D,D,L,I,S,D,L,L,R,E,A,K,L,R,L,S,R,I,V,E,D,P,E,V,Y,Q,G,L,L,D,K,L,V,L,Q,G,L,L,R,L,L,E,P,V,M,I,V,R,C,R,P,Q,D,L,L,L,V,E,V,A,V,Q,K,A,I,P,E,Y,M,T,I,S,Q,K,H,V,E,V,Q,V,D,R,E,A,Y,L,A,V,N,A,A,G,G,V,E,V,Y,S,G,N,Q,R,I,K,V,S,N,T,L,E,S,R,L,H,L,S,A,K,Q,K,M,P,E,I,R,M,A,L,F,G,A,N,A,N,R,K,F,F,I
Ceratotherium_simum_simum,M,A,L,S,D,V,D,V,Q,K,Q,I,K,H,M,M,A,F,I,E,Q,E,A,N,E,K,A,E,E,I,D,A,K,A,E,E,E,F,N,I,E,K,G,R,L,V,Q,T,Q,R,L,K,I,M,E,Y,Y,E,K,K,E,K,Q,I,E,Q,Q,K,K,I,Q,M,S,T,V,R,N,Q,A,R,L,K,V,L,R,A,R,D,D,L,I,S,E,L,L,N,E,A,K,L,R,L,N,W,I,V,A,D,P,E,V,Y,Q,G,L,L,E,K,L,V,L,Q,G,L,L,R,L,L,E,P,L,V,I,V,R,C,R,P,Q,D,L,L,L,V,E,A,A,V,Q,K,A,I,P,E,Y,M,S,V,S,Q,K,R,V,K,V,Q,V,D,Q,E,V,H,L,A,M,K,A,A,G,G,V,E,V,Y,S,A,G,Q,R,I,K,V,S,N,T,L,E,S,R,L,D,L,L,A,Q,Q,K,M,P,E,I,R,K,A,L,F,G,A,N,A,N,R,K,Y,F,I
Cercocebus_atys,M,A,L,S,D,V,D,V,K,K,Q,I,K,H,M,M,A,F,I,E,Q,E,A,N,E,K,A,E,E,I,D,A,K,A,E,E,E,F,N,I,E,K,G,R,L,V,Q,T,Q,R,L,K,I,M,E,Y,Y,E,K,K,E,K,Q,I,E,Q,Q,K,K,I,Q,M,S,T,M,R,N,Q,A,R,L,K,V,L,R,A,R,D,D,L,I,S,D,L,L,S,E,A,K,L,R,L,S,R,I,V,E,N,P,E,V,Y,Q,G,L,L,D,K,L,V,L,Q,G,L,L,R,L,L,E,P,V,M,I,V,R,C,R,P,Q,D,L,L,L,V,E,A,A,V,Q,K,A,I,P,E,Y,M,T,I,S,Q,K,H,V,E,V,Q,I,D,Q,E,A,Y,L,A,V,N,A,A,G,G,V,E,V,Y,S,G,N,Q,R,I,K,V,S,N,T,L,E,S,R,L,D,L,S,A,K,E,K,M,P,E,I,R,M,A,L,F,G,A,N,A,N,R,K,F,F,I
Cervus_canadensis,M,A,L,S,D,F,D,V,Q,K,Q,I,K,H,M,M,A,F,I,E,Q,E,A,N,E,K,A,E,E,I,D,A,K,A,E,E,E,F,N,I,E,K,G,R,L,V,Q,T,Q,R,L,K,I,I,E,Y,Y,E,K,K,E,K,Q,I,E,Q,Q,K,K,I,Q,M,S,A,L,R,N,Q,A,R,L,K,V,L,R,A,R,N,D,L,I,S,E,L,L,N,D,A,K,L,R,L,S,R,M,V,T,D,R,K,F,Y,Q,G,L,L,D,K,L,V,L,Q,G,L,L,R,L,L,E,P,V,M,I,V,R,C,K,P,Q,D,H,L,L,V,E,A,A,V,Q,R,A,V,P,Q,Y,T,T,V,S,H,R,C,V,E,V,Q,V,D,R,E,V,Q,L,A,T,D,T,I,G,G,V,E,V,Y,S,S,D,Q,R,I,M,V,S,N,T,L,E,S,R,L,D,L,L,A,Q,Q,K,M,P,E,I,R,K,A,L,F,G,A,N,D,S,R,K,F,F,V
Chlorocebus_sabaeus,M,A,L,S,D,V,D,V,K,K,Q,I,K,H,M,M,A,F,I,E,Q,E,A,N,E,K,A,E,E,I,D,A,K,A,E,E,E,F,N,I,E,K,G,R,L,V,Q,T,Q,R,L,K,I,M,E,Y,Y,E,K,K,E,K,Q,I,E,Q,Q,K,K,I,Q,M,S,T,M,R,N,Q,A,R,L,K,V,L,R,A,R,D,D,L,I,S,D,L,L,S,E,A,K,L,R,L,S,R,I,V,E,N,P,E,V,Y,Q,G,L,L,D,K,L,V,L,Q,G,L,L,R,L,L,E,P,V,M,I,V,R,C,R,P,Q,D,L,L,L,V,E,A,A,V,Q,K,A,I,P,E,Y,M,T,I,S,Q,K,H,V,E,V,H,I,D,Q,E,A,Y,L,A,V,N,A,A,G,G,V,E,V,Y,S,G,N,Q,R,I,K,V,S,N,T,L,E,S,R,L,D,L,S,A,K,E,K,M,P,E,I,R,M,A,L,F,G,A,N,A,N,R,K,F,F,I
Colobus_angolensis_palliatus,-,-,-,-,-,-,-,-,-,-,-,-,-,-,-,-,-,-,-,-,-,-,-,-,-,-,-,-,-,-,-,-,-,-,-,-,-,-,-,-,-,-,-,-,-,-,-,-,-,-,-,-,-,-,-,-,-,-,-,-,-,-,-,-,-,-,-,-,-,-,-,-,-,-,-,-,-,-,-,-,-,-,-,-,-,-,-,-,-,-,-,-,-,-,-,-,-,-,-,L,R,L,S,R,I,V,E,N,P,E,V,Y,Q,G,L,L,D,K,L,V,L,Q,G,L,L,R,L,L,E,P,V,M,I,V,R,C,R,P,Q,D,L,L,L,V,E,A,A,V,Q,K,A,I,P,K,Y,M,T,I,S,Q,K,H,V,E,V,Q,I,D,Q,E,A,Y,L,A,V,N,A,A,G,G,V,E,V,Y,S,G,N,Q,R,I,K,V,S,N,T,L,E,S,R,L,D,L,S,A,K,E,K,M,P,E,I,R,M,A,L,F,G,A,N,A,N,R,K,F,F,I
Condylura_cristata,M,A,L,N,D,V,D,V,Q,K,Q,I,K,H,M,M,A,F,I,E,Q,E,A,N,E,K,T,E,E,I,D,A,K,A,E,E,E,F,N,I,E,K,G,R,L,V,Q,T,Q,R,L,K,I,M,E,Y,Y,E,K,K,E,K,Q,I,E,Q,Q,K,K,I,Q,M,S,T,L,R,N,Q,A,R,L,E,V,L,R,A,R,N,D,L,I,T,E,L,L,N,D,A,K,L,R,L,S,K,I,V,Q,D,P,K,M,Y,Q,E,L,L,D,K,L,V,L,Q,G,L,L,R,L,L,E,P,I,V,I,I,R,C,R,P,Q,D,L,L,P,V,E,A,A,L,K,K,A,V,P,E,Y,M,A,I,S,Q,K,C,V,E,V,Q,V,D,Q,E,V,H,L,A,G,N,A,A,G,G,V,D,M,Y,S,G,D,Q,R,I,K,V,S,N,T,L,E,S,R,L,D,L,L,A,Q,Q,K,M,P,D,I,R,K,A,L,F,G,A,N,G,N,R,K,F,F,M
Elephas_maximus_indicus,M,A,L,S,D,V,D,V,Q,K,Q,I,K,H,M,M,A,F,I,E,Q,E,A,N,E,K,A,E,E,I,D,A,K,A,E,E,E,F,N,I,E,K,G,R,L,V,Q,T,Q,R,L,K,I,M,E,Y,Y,E,K,K,E,K,Q,I,E,Q,Q,K,K,I,Q,M,S,T,V,R,N,Q,A,R,L,K,V,L,R,A,R,D,D,L,I,S,D,L,L,N,D,A,R,Q,R,L,S,R,I,V,A,D,P,A,I,Y,Q,E,L,L,D,K,L,L,L,Q,S,L,L,R,L,L,E,P,R,V,L,V,R,C,R,P,Q,D,V,L,L,L,E,S,A,M,Q,R,A,I,P,D,Y,M,A,V,S,Q,K,G,V,E,V,H,V,D,Q,E,V,S,L,P,A,N,S,A,G,G,L,E,V,Y,S,G,N,Q,K,I,K,V,S,N,T,L,E,S,R,L,D,L,L,A,Q,Q,R,M,P,E,I,R,K,A,L,F,G,A,N,A,N,R,K,F,F,T
Enhydra_lutris_kenyoni,M,A,L,S,D,V,D,V,Q,K,Q,I,K,H,M,M,A,F,I,E,Q,E,A,N,E,K,A,E,E,I,D,A,K,S,E,E,E,F,N,I,E,K,G,R,L,V,Q,T,Q,R,L,K,I,M,E,Y,Y,E,K,K,E,K,Q,I,E,Q,Q,K,K,I,Q,M,S,T,M,R,N,Q,A,R,L,K,V,L,R,A,R,D,D,L,I,L,E,L,L,N,G,A,K,L,R,L,S,R,I,V,A,D,P,E,I,Y,Q,G,L,L,D,K,L,V,L,Q,G,L,L,R,L,L,E,P,V,V,I,V,R,C,R,P,Q,D,I,L,L,V,E,A,A,V,Q,K,A,I,P,E,Y,M,I,V,S,Q,K,C,V,E,V,Q,I,D,Q,E,V,H,L,A,M,N,A,A,G,G,V,E,V,Y,S,G,N,Q,R,I,K,V,S,N,T,L,E,S,R,L,D,L,L,A,Q,Q,K,M,P,E,I,R,E,A,L,F,G,A,N,A,N,R,K,F,F,M
Equus_asinus,M,A,L,S,D,V,D,V,Q,K,Q,I,K,H,M,M,A,F,I,E,Q,E,A,N,E,K,A,E,E,I,D,A,K,A,E,E,E,F,N,I,E,K,G,H,L,V,Q,T,Q,R,L,K,I,M,E,Y,Y,E,K,K,E,K,Q,I,E,Q,Q,K,K,I,Q,M,S,T,I,K,N,Q,A,R,L,K,V,L,R,A,R,D,D,L,I,S,E,L,L,N,E,A,K,L,R,L,S,R,V,V,A,D,P,E,I,Y,Q,G,L,L,D,Q,L,V,L,Q,G,L,L,R,L,L,E,P,V,V,I,V,R,C,R,P,Q,D,L,L,L,V,E,A,A,V,Q,K,A,I,P,D,Y,I,S,V,S,Q,K,R,V,E,V,R,V,D,Q,E,V,H,L,A,M,M,A,A,G,G,V,E,V,Y,S,G,N,Q,R,I,K,V,S,N,T,L,E,S,R,L,D,L,L,A,Q,Q,K,M,P,E,I,R,K,A,L,F,G,A,N,A,N,R,K,F,F,I
Equus_przewalskii,M,A,L,S,D,V,D,V,Q,K,Q,I,K,H,M,M,A,F,I,E,Q,E,A,N,E,K,A,E,E,I,D,A,K,A,E,E,E,F,N,I,E,K,G,R,L,V,Q,T,Q,R,L,K,I,M,E,Y,Y,E,K,K,E,K,Q,I,E,Q,Q,K,K,I,Q,M,S,T,I,K,N,Q,A,R,L,K,V,L,R,A,R,D,D,L,I,S,E,L,L,N,E,A,K,L,R,L,S,R,V,V,A,D,P,E,I,Y,Q,G,L,L,D,Q,L,V,L,Q,G,L,L,R,L,L,E,P,V,V,I,V,R,C,R,P,Q,D,L,L,L,V,E,A,A,V,Q,K,A,I,P,D,Y,I,S,V,S,Q,K,R,V,E,V,R,V,D,Q,E,V,H,L,A,M,M,A,A,G,G,V,E,V,Y,S,G,N,Q,R,I,K,V,S,N,T,L,E,S,R,L,D,L,L,A,Q,Q,K,M,P,E,I,R,K,A,L,F,G,A,N,A,N,R,K,F,F,I
Equus_quagga,M,A,L,S,D,V,D,V,Q,K,Q,I,K,H,M,M,A,F,I,E,Q,E,A,N,E,K,A,E,E,I,D,A,K,A,E,E,E,F,N,I,E,K,G,R,L,V,Q,T,Q,R,L,K,I,M,E,Y,Y,E,K,K,E,K,Q,I,E,Q,Q,K,K,I,Q,M,S,T,I,K,N,Q,A,R,L,K,V,L,R,A,R,D,D,L,I,S,E,L,L,N,E,A,K,L,R,L,S,R,V,V,A,D,P,E,I,Y,Q,G,L,L,D,Q,L,V,L,Q,G,L,L,R,L,L,E,P,V,V,I,V,R,C,R,P,Q,D,L,L,L,V,E,A,A,V,Q,K,A,I,P,D,Y,I,S,V,S,Q,K,R,V,E,V,R,V,D,Q,E,V,H,L,A,M,M,A,A,G,G,V,E,V,Y,S,G,N,Q,R,I,K,V,S,N,T,L,E,S,R,L,D,L,L,A,Q,Q,K,M,P,E,I,R,K,A,L,F,G,A,N,A,N,R,K,F,F,I
Gorilla_gorilla_gorilla,M,A,L,S,D,V,D,V,K,K,Q,I,K,H,M,M,A,F,I,E,Q,E,A,N,E,K,A,E,E,I,D,A,K,A,E,E,E,F,N,I,E,K,G,R,L,V,Q,T,Q,R,L,K,I,M,E,Y,Y,E,K,K,E,K,Q,I,E,Q,Q,K,K,I,L,M,S,T,M,R,N,Q,A,R,L,K,V,L,R,A,R,N,D,L,I,S,D,L,L,S,E,A,K,L,R,L,S,R,I,V,E,D,P,E,V,Y,Q,G,L,L,D,K,L,V,L,Q,G,L,L,R,L,L,E,P,V,M,I,V,R,C,R,P,Q,D,L,L,L,V,E,A,A,V,Q,K,A,I,P,E,Y,M,T,I,S,Q,K,H,V,E,V,Q,I,D,Q,E,A,Y,L,A,V,N,A,A,G,G,V,E,V,Y,S,G,N,Q,R,I,K,V,S,N,T,L,E,S,R,L,D,L,S,A,K,Q,K,M,P,E,I,R,M,A,L,F,G,A,N,T,N,R,K,F,F,I
Halichoerus_grypus,M,A,L,S,D,V,D,V,Q,K,Q,I,K,H,M,M,A,F,I,E,Q,E,A,N,E,K,A,E,E,I,D,A,K,S,E,E,E,F,N,I,E,K,G,R,L,V,Q,T,Q,R,L,K,I,M,E,Y,Y,E,K,K,E,K,Q,I,E,Q,Q,K,K,I,Q,M,S,T,M,R,N,Q,A,R,L,K,V,L,R,A,R,D,D,L,V,S,E,L,L,N,D,A,K,L,R,L,S,R,V,V,A,D,P,E,I,Y,Q,G,L,L,D,K,L,V,L,Q,G,L,L,R,L,L,E,P,V,V,I,V,R,C,R,P,Q,D,I,L,L,V,E,A,A,V,Q,K,A,I,P,E,Y,M,T,V,S,Q,K,C,V,D,V,Q,V,D,Q,E,V,H,L,A,M,N,A,A,G,G,V,E,V,Y,S,G,N,Q,R,M,K,V,S,N,T,L,E,S,R,L,D,L,L,A,Q,Q,K,M,P,E,I,R,K,A,L,F,G,A,N,A,N,R,R,F,F,I
Homo_sapiens,M,A,L,S,D,V,D,V,K,K,Q,I,K,H,M,M,A,F,I,E,Q,E,A,N,E,K,A,E,E,I,D,A,K,A,E,E,E,F,N,I,E,K,G,R,L,V,Q,T,Q,R,L,K,I,M,E,Y,Y,E,K,K,E,K,Q,I,E,Q,Q,K,K,I,L,M,S,T,M,R,N,Q,A,R,L,K,V,L,R,A,R,N,D,L,I,S,D,L,L,S,E,A,K,L,R,L,S,R,I,V,E,D,P,E,V,Y,Q,G,L,L,D,K,L,V,L,Q,G,L,L,R,L,L,E,P,V,M,I,V,R,C,R,P,Q,D,L,L,L,V,E,A,A,V,Q,K,A,I,P,E,Y,M,T,I,S,Q,K,H,V,E,V,Q,I,D,K,E,A,Y,L,A,V,N,A,A,G,G,V,E,V,Y,S,G,N,Q,R,I,K,V,S,N,T,L,E,S,R,L,D,L,S,A,K,Q,K,M,P,E,I,R,M,A,L,F,G,A,N,T,N,R,K,F,F,I
Hylobates_moloch,M,A,L,S,D,V,D,V,K,K,Q,I,K,H,M,M,A,F,I,E,Q,E,A,K,E,K,A,E,E,I,D,A,K,A,E,E,E,F,N,I,E,K,G,R,L,V,Q,T,Q,R,L,K,I,M,E,Y,Y,E,K,K,E,K,Q,I,E,Q,Q,K,K,I,L,M,S,T,M,R,N,Q,A,R,L,K,V,L,R,A,R,D,D,L,I,S,D,L,L,S,A,A,K,L,R,L,S,R,V,V,E,D,P,E,V,Y,Q,G,L,L,D,K,L,V,L,Q,G,L,L,R,L,L,E,P,V,M,I,V,R,C,R,P,Q,D,L,L,L,V,E,A,A,V,Q,K,A,I,P,E,Y,M,T,I,S,Q,K,H,V,E,V,Q,I,D,Q,E,A,Y,L,S,V,N,A,A,G,G,V,E,V,Y,S,G,N,R,R,I,K,V,S,N,T,L,E,S,R,L,D,L,S,A,K,Q,K,M,P,E,I,R,I,A,L,F,G,A,N,A,N,R,K,F,F,I
Ictidomys_tridecemlineatus,M,S,L,S,D,V,D,V,Q,K,Q,I,K,H,M,M,A,F,I,E,Q,E,A,N,E,K,A,E,E,I,D,A,K,A,E,E,E,F,N,I,E,K,G,R,L,V,Q,T,Q,R,L,K,I,M,E,Y,Y,E,K,K,E,K,Q,I,E,Q,Q,K,K,I,Q,L,S,T,M,R,N,Q,A,R,L,K,V,L,R,A,R,D,N,L,I,S,E,L,L,R,D,A,K,L,K,L,G,R,I,V,A,D,P,K,V,Y,Q,D,L,L,D,K,L,V,L,Q,A,L,L,R,L,L,E,P,V,V,I,V,R,C,R,P,Q,D,F,L,L,V,E,T,A,V,Q,K,A,I,P,E,Y,Q,N,V,T,Q,R,N,V,D,I,H,M,D,Q,E,D,Y,L,G,V,N,A,A,G,G,V,E,I,Y,S,S,N,R,K,T,M,V,S,N,T,L,E,S,R,L,D,L,S,A,Q,Q,K,M,P,E,I,R,M,T,L,F,G,A,N,P,N,R,K,F,F,I
Leopardus_geoffroyi,M,A,L,S,D,V,D,V,Q,K,Q,I,K,H,M,M,A,F,I,E,Q,E,A,N,E,K,A,E,E,I,D,A,K,S,E,E,E,F,N,I,E,K,G,R,L,V,Q,T,Q,R,L,K,I,M,E,Y,Y,E,K,K,E,K,Q,I,E,Q,Q,K,K,I,Q,M,S,T,V,R,N,Q,A,R,L,K,V,L,R,A,R,D,D,L,I,S,E,L,L,S,D,A,K,L,R,L,S,G,I,V,A,D,P,A,I,Y,Q,G,L,L,D,K,L,V,L,Q,G,L,L,R,L,L,E,P,V,A,I,V,R,C,R,P,Q,D,L,L,L,V,E,A,A,V,Q,K,A,I,P,E,Y,M,M,V,S,Q,K,C,V,E,V,Q,V,D,Q,E,V,H,L,A,T,N,T,A,G,G,V,E,V,Y,S,G,N,Q,R,I,K,V,S,N,T,L,E,S,R,L,D,L,L,A,Q,Q,K,M,P,D,I,R,K,A,L,F,G,A,N,A,N,R,K,F,F,I
Loxodonta_africana,M,A,L,S,D,V,D,V,Q,K,Q,I,K,H,M,M,A,F,I,E,Q,E,A,N,E,K,A,E,E,I,D,A,K,A,E,E,E,F,N,I,E,K,G,R,L,V,Q,T,Q,R,L,K,I,M,E,Y,Y,E,K,K,E,K,Q,I,E,Q,Q,K,K,I,Q,M,S,T,V,R,N,Q,A,R,L,K,V,L,R,A,R,D,D,L,I,S,D,L,L,N,D,A,R,Q,R,L,S,R,I,V,A,D,P,A,I,Y,Q,E,L,L,D,K,L,L,L,Q,S,L,L,R,L,L,E,P,R,V,L,V,R,C,R,P,Q,D,V,L,L,L,E,S,A,M,Q,R,A,I,P,D,Y,M,A,V,S,Q,K,G,V,E,V,H,V,D,Q,E,V,S,L,P,A,N,S,A,G,G,L,E,V,Y,S,G,N,Q,K,I,K,V,S,N,T,L,E,S,R,L,D,L,L,A,Q,Q,R,M,P,E,I,R,K,A,L,F,G,A,N,A,N,R,K,F,F,T
Macaca_fascicularis,M,A,L,S,D,V,D,V,K,K,Q,I,K,H,M,M,A,F,I,E,Q,E,A,N,E,K,A,E,E,I,D,A,K,A,E,E,E,F,N,I,E,K,G,R,L,V,Q,T,Q,R,L,K,I,M,E,Y,Y,E,K,K,E,K,Q,I,E,Q,Q,K,K,I,Q,M,S,T,M,R,N,Q,A,R,L,K,V,L,R,A,R,D,D,L,I,S,D,L,L,S,E,A,K,L,R,L,S,R,I,V,E,N,P,E,V,Y,Q,G,L,L,D,K,L,V,L,Q,G,L,L,R,L,L,E,P,V,M,I,V,R,C,R,P,Q,D,L,L,L,V,E,A,A,V,Q,K,A,I,P,E,Y,M,T,I,S,Q,K,H,V,E,V,Q,I,D,Q,E,A,Y,L,A,V,N,A,A,G,G,V,E,V,Y,S,G,N,Q,R,I,K,V,S,N,T,L,E,S,R,L,D,L,S,A,K,E,K,M,P,E,I,R,M,A,L,F,G,A,N,A,N,R,K,F,F,I
Macaca_mulatta,M,A,L,S,D,V,D,V,K,K,Q,I,K,H,M,M,A,F,I,E,Q,E,A,N,E,K,A,E,E,I,D,A,K,A,E,E,E,F,N,I,E,K,G,R,L,V,Q,T,Q,R,L,K,I,M,E,Y,Y,E,K,K,E,K,Q,I,E,Q,Q,K,K,I,Q,M,S,T,M,R,N,Q,A,R,L,K,V,L,R,A,R,D,D,L,I,S,D,L,L,S,E,A,K,L,R,L,S,R,I,V,E,N,P,E,V,Y,Q,G,L,L,D,K,L,V,L,Q,G,L,L,R,L,L,E,P,V,M,I,V,R,C,R,P,Q,D,L,L,L,V,E,A,A,V,Q,K,A,I,P,E,Y,M,T,I,S,Q,K,H,V,E,V,Q,I,D,Q,E,A,Y,L,A,V,N,A,A,G,G,V,E,V,Y,S,G,N,Q,R,I,K,V,S,N,T,L,E,S,R,L,D,L,S,A,K,E,K,M,P,E,I,R,M,A,L,F,G,A,N,A,N,R,K,F,F,I
Macaca_nemestrina,M,A,L,S,D,V,D,V,K,K,Q,I,K,H,M,M,A,F,I,E,Q,E,A,N,E,K,A,E,E,I,D,A,K,A,E,E,E,F,N,I,E,K,G,R,L,V,Q,T,Q,R,L,K,I,M,E,Y,Y,E,K,K,E,K,Q,I,E,Q,Q,K,K,I,Q,M,S,T,M,R,N,Q,A,R,L,K,V,L,R,A,R,D,D,L,I,S,D,L,L,S,E,A,K,L,R,L,S,R,I,V,E,N,P,E,V,Y,Q,G,L,L,D,K,L,V,L,Q,G,L,L,R,L,L,E,P,V,M,I,V,R,C,R,P,Q,D,L,L,L,V,E,A,A,V,Q,K,A,I,P,E,Y,M,T,I,S,Q,K,H,V,E,V,Q,I,D,Q,E,A,Y,L,A,V,N,A,A,G,G,V,E,V,Y,S,G,N,Q,R,I,K,V,S,N,T,L,E,S,R,L,D,L,S,A,K,E,K,M,P,E,I,R,M,A,L,F,G,A,N,A,N,R,K,F,F,I
Macaca_thibetana_thibetana,M,A,L,S,D,V,D,V,K,K,Q,I,K,H,M,M,A,F,I,E,Q,E,A,N,E,K,A,E,E,I,D,A,K,A,E,E,E,F,N,I,E,K,G,R,L,V,Q,T,Q,R,L,K,I,M,E,Y,Y,E,K,K,E,K,Q,I,E,Q,Q,K,K,I,Q,M,S,T,M,R,N,Q,A,R,L,K,V,L,R,A,R,D,D,L,I,S,D,L,L,S,E,A,K,L,R,L,S,R,I,V,E,N,P,E,V,Y,Q,G,L,L,D,K,L,V,L,Q,G,L,L,R,L,L,E,P,V,M,I,V,R,C,R,P,Q,D,L,L,L,V,E,A,A,V,Q,K,A,I,P,E,Y,M,T,I,S,Q,K,H,V,E,V,Q,I,D,Q,E,A,Y,L,A,V,N,A,A,G,G,V,E,V,Y,S,G,N,Q,R,I,K,V,S,N,T,L,E,S,R,L,D,L,S,A,K,E,K,M,P,E,I,R,M,A,L,F,G,A,N,A,N,R,K,F,F,I
Mandrillus_leucophaeus,M,A,L,S,D,V,D,V,K,K,Q,I,K,H,M,M,A,F,I,E,Q,E,A,N,E,K,A,E,E,I,D,A,K,A,E,E,E,F,N,I,E,K,G,R,L,V,Q,T,Q,R,L,K,I,M,E,Y,Y,E,K,K,E,K,Q,I,E,Q,Q,K,K,I,Q,M,S,T,M,R,N,Q,A,R,L,K,V,L,R,A,R,D,D,L,I,S,D,L,L,S,D,A,K,L,R,L,S,R,I,V,E,N,P,E,V,Y,Q,G,L,L,D,K,L,V,L,Q,G,L,L,R,L,L,E,P,V,M,I,V,R,C,R,P,Q,D,L,L,L,V,E,A,A,V,Q,K,A,I,P,E,Y,M,T,I,S,Q,K,H,V,E,V,Q,I,D,Q,E,A,Y,L,A,V,N,A,A,G,G,V,E,V,Y,S,G,N,Q,R,I,K,V,S,N,T,L,E,S,R,L,D,L,S,A,K,E,K,M,P,E,I,R,M,A,L,F,G,A,N,A,N,R,K,F,F,I
Marmota_flaviventris,M,S,L,S,D,V,D,V,Q,K,Q,I,K,H,M,T,A,F,I,E,Q,E,A,N,E,K,A,E,E,I,D,A,K,A,E,E,E,F,N,I,E,K,G,R,L,V,Q,T,Q,R,L,K,I,M,E,Y,Y,E,K,K,E,K,Q,I,E,Q,Q,K,K,I,Q,L,S,T,M,R,N,Q,A,R,L,K,V,L,R,A,R,D,N,L,I,S,E,L,L,R,D,A,K,L,K,L,G,R,I,V,A,D,P,K,V,Y,Q,D,L,L,D,K,L,V,L,Q,A,L,L,R,L,L,E,P,V,V,I,V,R,C,R,P,Q,D,F,L,L,V,E,T,A,G,Q,K,A,I,P,E,Y,Q,N,V,T,Q,R,N,V,D,I,H,M,D,Q,E,D,Y,L,G,A,N,A,A,G,G,V,E,I,Y,S,S,N,R,K,T,M,V,S,N,T,L,E,S,R,L,D,L,S,A,Q,Q,K,M,P,E,I,R,M,T,L,F,G,A,N,P,N,R,K,F,F,I
Marmota_marmota_marmota,M,S,L,S,D,V,D,V,Q,K,Q,I,K,H,M,M,A,F,I,E,Q,E,A,N,E,K,A,E,E,I,D,A,K,A,E,E,E,F,N,I,E,K,G,R,L,V,Q,T,Q,R,L,K,I,M,E,Y,Y,E,K,K,E,K,Q,I,E,Q,Q,K,K,I,Q,L,S,T,M,R,N,Q,A,R,L,K,V,L,R,A,Q,D,N,L,I,S,E,L,L,R,D,A,K,L,K,L,G,R,I,V,A,D,P,K,V,Y,Q,D,L,L,D,K,L,V,L,Q,A,L,L,R,L,L,E,P,V,V,I,V,R,C,R,P,Q,D,F,L,L,V,K,T,A,V,Q,K,A,I,P,E,Y,Q,N,V,T,Q,R,N,V,D,I,Y,M,D,Q,E,D,Y,L,G,A,N,A,A,G,G,V,E,I,Y,S,S,N,R,K,T,M,V,S,N,T,L,E,S,R,L,D,L,S,A,Q,Q,K,M,P,E,I,R,M,T,L,F,G,A,N,P,N,R,K,F,F,I
Marmota_monax,M,S,L,N,D,V,D,V,Q,K,Q,I,K,H,M,M,A,F,I,K,Q,E,A,N,E,K,A,E,E,I,D,A,K,A,E,E,E,F,N,I,E,K,G,R,L,V,Q,T,Q,R,L,K,I,M,E,Y,Y,E,K,K,E,K,Q,I,E,Q,Q,K,K,I,Q,L,S,T,M,R,N,Q,A,R,L,K,V,L,R,A,R,D,N,L,I,S,E,L,L,R,D,A,K,L,K,L,G,R,I,V,A,D,P,K,V,Y,Q,D,L,L,D,K,L,V,L,Q,A,L,L,R,L,L,E,P,V,V,I,V,R,C,R,P,Q,D,F,L,L,V,E,T,A,V,Q,K,A,I,P,E,Y,Q,N,V,T,Q,R,N,V,D,I,H,M,D,Q,E,D,Y,L,G,S,N,A,A,G,G,V,E,I,Y,S,S,N,R,K,T,M,V,S,N,T,L,E,I,R,L,D,L,S,A,Q,Q,K,M,P,E,I,R,M,T,L,F,G,A,N,P,N,R,K,F,F,I
Nannospalax_galili,M,A,L,T,D,V,D,V,Q,K,Q,I,K,N,T,M,A,F,I,E,Q,E,A,N,E,K,A,E,E,I,D,A,K,A,E,E,E,F,N,I,E,K,G,H,L,V,Q,T,Q,R,L,K,I,M,D,Y,Y,E,K,K,E,K,Q,I,E,Q,Q,K,I,I,Q,M,S,T,M,R,N,Q,A,R,L,-,-,L,R,A,R,D,D,L,T,L,E,L,L,R,D,A,K,L,R,L,S,K,I,I,E,I,P,E,I,Y,Q,E,L,L,D,K,L,V,L,Q,A,L,L,R,L,L,E,P,V,M,I,V,R,C,R,P,Q,D,L,H,L,V,E,A,A,V,Q,K,A,I,P,E,-,-,-,-,-,-,-,-,-,-,V,Q,V,D,Q,E,A,Y,L,A,V,N,A,A,G,G,V,E,V,Y,S,G,D,Q,K,I,K,V,S,N,T,L,E,S,R,L,A,L,S,A,Q,E,K,M,P,D,I,R,R,A,L,F,G,D,N,T,N,R,K,F,F,T
Neomonachus_schauinslandi,M,A,L,S,D,V,D,V,Q,K,Q,I,K,H,M,M,A,F,I,E,Q,E,A,N,E,K,A,E,E,I,D,A,K,S,E,E,E,F,N,I,E,K,G,R,L,V,Q,T,Q,R,L,K,I,M,E,Y,Y,E,K,K,E,K,Q,I,E,Q,Q,K,K,I,Q,M,S,T,M,R,N,Q,A,R,L,K,V,L,R,A,R,D,D,L,V,S,E,L,L,N,D,A,K,L,R,L,S,R,V,V,A,D,P,E,I,Y,Q,G,L,L,D,K,L,V,L,Q,G,L,L,R,L,L,E,P,V,V,I,V,R,C,R,P,Q,D,I,L,L,V,E,A,A,V,Q,K,A,I,P,E,Y,M,I,V,S,Q,K,C,V,D,V,Q,V,D,Q,E,V,H,L,A,M,N,A,A,G,G,V,E,V,Y,S,G,N,Q,R,I,K,V,S,N,T,L,E,S,R,L,D,L,L,A,Q,Q,K,M,P,E,I,R,K,A,L,F,G,A,N,A,N,R,K,F,F,I
Nomascus_leucogenys,M,A,L,S,D,V,D,V,K,K,Q,I,K,H,M,M,A,F,I,E,Q,E,A,K,E,K,A,E,E,I,D,A,K,A,E,E,E,F,N,I,E,K,G,R,L,V,Q,T,Q,R,L,K,I,M,E,Y,Y,E,K,K,E,K,Q,I,E,Q,Q,K,K,I,L,M,S,T,M,R,N,Q,A,R,L,K,V,L,R,A,R,D,D,L,I,S,D,L,L,S,A,A,K,L,R,L,S,R,I,V,E,D,P,E,V,Y,Q,G,L,L,D,K,L,V,L,Q,G,L,L,R,L,L,E,P,V,M,I,V,R,C,R,P,Q,D,L,L,L,V,E,A,A,V,Q,K,A,I,P,E,Y,M,T,I,S,Q,K,H,V,E,V,Q,I,D,Q,E,A,Y,L,A,V,N,A,A,G,G,V,E,V,Y,S,G,N,R,R,I,K,V,S,N,T,L,E,S,R,L,D,L,S,A,K,Q,K,M,P,E,I,R,I,A,L,F,G,A,N,A,N,R,K,F,F,I
Ochotona_curzoniae,M,A,L,S,D,V,D,V,Q,K,Q,I,K,H,M,M,A,F,I,E,Q,E,A,N,E,K,A,E,E,I,D,A,K,A,E,E,E,F,N,I,E,K,G,R,L,V,Q,T,Q,R,L,K,I,M,E,Y,Y,E,K,K,E,K,Q,I,E,Q,Q,K,K,I,Q,M,S,T,T,R,N,Q,A,R,L,T,V,L,R,A,R,D,D,L,I,S,E,L,L,N,D,A,K,L,G,L,C,R,L,V,E,D,P,E,V,Y,Q,E,L,L,D,K,L,V,L,Q,A,L,L,R,L,L,E,P,T,V,I,V,R,C,R,P,Q,D,V,L,L,V,E,A,A,V,Q,R,A,I,P,E,Y,V,L,A,S,R,K,P,V,Q,V,R,L,D,A,E,A,H,L,A,A,N,A,A,G,G,V,E,V,Y,S,S,D,Q,R,I,K,V,S,N,T,L,E,S,R,L,E,L,S,A,Q,Q,K,M,P,E,I,R,R,A,L,F,G,A,N,A,N,R,K,F,F,L
Ochotona_princeps,M,A,L,S,D,V,D,V,Q,K,Q,I,K,H,M,M,A,F,I,E,Q,E,A,N,E,K,A,E,E,I,D,A,K,A,E,E,E,F,N,I,E,K,G,R,L,V,Q,T,Q,R,L,K,I,M,E,Y,Y,E,K,K,E,K,Q,I,E,Q,Q,K,K,I,Q,M,S,T,M,R,N,Q,A,R,L,T,V,L,R,A,R,D,D,L,I,S,E,L,L,N,D,A,K,L,G,L,G,R,L,V,E,D,P,E,V,Y,Q,E,L,L,D,K,L,V,L,Q,A,L,L,R,L,L,E,P,T,V,I,V,R,C,R,P,Q,D,V,L,L,V,E,A,A,V,Q,R,A,I,P,E,Y,V,L,A,S,R,K,P,V,Q,V,R,L,D,A,E,A,H,L,S,A,N,A,A,G,G,V,E,V,Y,S,S,D,Q,R,I,K,V,S,N,T,L,E,S,R,L,E,L,S,A,Q,Q,K,M,P,E,I,R,R,A,L,F,G,A,N,A,N,R,K,F,F,L
Octodon_degus,M,A,L,T,D,A,D,V,Q,K,Q,I,K,H,M,M,A,F,I,E,Q,E,A,N,E,K,V,E,E,I,E,A,K,A,E,E,E,F,N,I,E,K,G,R,L,V,Q,S,Q,R,L,K,V,M,E,Y,Y,E,K,K,E,K,Q,I,E,Q,Q,K,K,I,Q,I,S,T,L,R,N,Q,A,R,L,K,V,L,T,A,R,D,E,L,V,S,E,L,L,R,E,A,K,L,R,L,C,R,I,V,A,D,P,I,M,Y,Q,E,L,L,D,K,L,V,L,Q,G,L,L,R,L,L,E,P,I,V,M,V,R,C,R,P,Q,D,C,L,L,V,Q,A,A,V,H,K,A,I,P,E,Y,M,M,V,S,Q,N,Q,V,Q,V,Q,I,D,Q,E,A,Q,L,A,S,N,T,A,G,G,V,E,L,Y,S,G,N,H,M,V,K,V,A,S,T,L,E,S,R,L,D,L,S,A,Q,Q,K,M,P,E,I,R,E,A,L,F,G,A,N,V,N,R,K,F,F,S
Ovis_aries,M,A,L,S,D,V,D,V,Q,K,Q,I,K,H,M,M,A,F,I,E,Q,E,A,N,E,K,A,E,E,I,D,A,K,A,E,E,E,F,N,I,E,K,G,R,L,V,Q,T,Q,R,L,K,I,M,E,Y,Y,E,K,K,E,K,Q,I,E,Q,Q,K,K,I,Q,M,S,T,M,R,N,Q,A,R,L,K,V,L,R,A,R,N,D,L,I,S,E,L,L,N,D,A,K,L,R,L,S,R,I,V,T,D,P,K,F,Y,Q,G,L,L,D,K,L,V,L,Q,G,L,L,R,L,L,E,P,V,V,I,V,R,C,R,P,Q,D,H,L,L,V,E,A,A,V,Q,R,A,I,P,Q,Y,T,S,V,S,H,R,C,V,E,V,Q,V,D,K,E,V,Q,L,A,A,D,T,T,G,G,V,E,V,Y,S,S,D,Q,R,I,M,V,S,N,T,L,E,S,R,L,D,L,L,S,Q,Q,K,M,P,E,I,R,K,A,L,F,G,A,N,A,N,R,K,F,F,V
Pan_paniscus,M,A,L,S,D,V,D,V,K,R,Q,I,K,H,M,M,A,F,I,E,Q,E,A,N,E,K,A,E,E,I,D,A,K,A,E,E,E,F,N,I,E,K,G,R,L,V,Q,T,Q,R,L,K,I,M,E,Y,Y,E,K,K,E,K,Q,I,E,Q,Q,K,K,I,L,M,S,T,M,R,N,Q,A,R,L,K,V,L,K,A,R,N,D,L,I,S,D,L,L,S,E,A,K,L,R,L,S,R,I,V,E,D,P,E,V,Y,Q,G,L,L,D,K,L,V,L,Q,G,L,L,R,L,L,E,P,V,M,I,V,R,C,R,P,Q,D,L,L,L,V,E,A,A,I,Q,K,A,I,P,E,Y,M,T,I,S,Q,K,H,V,E,V,Q,I,D,Q,E,A,Y,L,A,V,N,A,A,G,G,V,E,V,Y,S,G,N,Q,R,I,K,V,S,N,T,L,E,S,R,L,D,L,S,A,K,Q,K,M,P,E,I,R,M,A,L,F,G,A,N,T,N,R,K,F,F,I
Pan_troglodytes,M,A,L,S,D,V,D,V,K,R,Q,I,K,H,M,M,A,F,I,E,Q,E,A,N,E,K,A,E,E,I,D,A,K,A,E,E,E,F,N,I,E,K,G,R,L,V,Q,T,Q,R,L,K,I,M,E,Y,Y,E,K,K,E,K,Q,I,E,Q,Q,K,K,I,L,M,S,T,M,R,N,Q,A,R,L,K,V,L,K,A,R,N,D,L,I,S,D,L,L,S,E,A,K,L,R,L,S,R,I,V,E,D,P,E,V,Y,Q,G,L,L,D,K,L,V,L,Q,G,L,L,R,L,L,E,P,V,M,I,V,R,C,R,P,Q,D,L,L,L,V,E,A,A,V,Q,K,A,I,P,E,Y,M,T,I,S,Q,K,H,V,E,V,Q,I,D,Q,E,A,Y,L,A,V,N,A,A,G,G,V,E,V,Y,S,G,N,Q,R,I,K,V,S,N,T,L,E,S,R,L,D,L,S,A,K,Q,K,M,P,E,I,R,M,A,L,F,G,A,N,T,N,R,K,F,F,I
Panthera_tigris_altaica,-,-,-,-,-,-,-,-,-,-,-,-,-,-,-,-,-,-,-,-,-,-,-,-,-,-,-,-,-,-,-,-,-,-,-,-,-,-,-,-,-,-,-,-,-,-,-,-,-,-,-,-,-,-,-,-,-,-,-,-,-,-,-,-,-,-,-,-,-,-,-,-,-,-,-,-,-,-,-,-,-,-,-,-,-,-,-,-,-,-,-,-,-,-,-,-,-,-,-,-,-,-,-,-,-,-,-,-,-,-,-,-,-,-,-,-,-,-,-,-,-,-,-,-,-,-,-,-,-,-,-,-,-,-,-,-,-,-,-,-,-,-,-,-,-,-,-,-,-,-,-,-,-,-,-,-,-,-,-,-,-,-,-,-,-,-,-,-,-,-,-,-,-,-,-,-,-,-,-,-,-,-,-,-,-,-,-,-,-,-,-,-,-,-,-,-,-,-,-,-,-,-,-,-,-,-,-,-,-,-,-,-,-,-,-,-,-,-,-,-,-,-,-,-,-,-
Papio_anubis,M,A,L,S,D,V,D,V,K,K,Q,I,K,H,M,M,A,F,I,E,Q,E,A,N,E,K,A,E,E,I,D,A,K,A,E,E,E,F,N,I,E,K,G,R,L,V,Q,T,Q,R,L,K,I,M,E,Y,Y,E,K,K,E,K,Q,I,E,Q,Q,K,K,I,Q,M,S,T,M,R,N,Q,A,R,L,K,V,L,R,A,R,D,D,L,I,S,D,L,L,S,E,A,K,L,R,L,S,R,I,V,E,N,P,E,V,Y,Q,G,L,L,D,K,L,V,L,Q,G,L,L,R,L,L,E,P,V,M,I,V,R,C,R,P,Q,D,L,L,L,V,E,A,A,V,Q,K,A,I,P,E,Y,M,T,I,S,Q,K,H,V,E,V,Q,I,D,Q,E,A,Y,L,A,V,N,A,A,G,G,V,E,V,Y,S,G,N,Q,R,I,K,V,S,N,T,L,E,S,R,L,D,L,S,A,K,E,K,M,P,E,I,R,M,A,L,F,G,A,N,A,N,R,K,F,F,I
Piliocolobus_tephrosceles,M,A,L,S,D,V,D,V,K,K,Q,I,K,H,M,M,A,F,I,E,Q,E,A,N,E,K,A,E,E,I,D,A,K,A,E,E,E,F,N,I,E,K,G,R,L,V,Q,T,Q,R,L,K,I,M,E,Y,Y,E,K,K,E,K,Q,I,E,Q,Q,K,K,I,Q,M,S,T,M,R,N,Q,A,R,L,K,V,L,R,A,R,D,D,L,I,S,D,L,L,S,E,A,K,L,R,L,S,R,I,V,E,N,P,E,V,Y,Q,G,L,L,D,K,L,V,L,Q,G,L,L,R,L,L,E,P,V,M,I,V,R,C,R,P,Q,D,L,L,L,V,E,A,A,V,Q,K,A,I,P,K,Y,M,T,I,S,Q,K,H,V,E,V,Q,I,D,Q,E,A,Y,L,A,V,N,A,A,G,G,V,E,V,Y,S,G,N,Q,R,I,K,V,S,N,T,L,E,S,R,L,D,L,S,A,K,E,K,M,P,E,I,R,M,A,L,F,G,A,N,A,N,R,K,F,F,I
Pongo_abelii,M,A,L,S,D,V,D,V,K,K,Q,I,K,H,M,M,A,F,I,E,Q,E,A,N,E,K,A,E,E,I,D,A,K,A,E,E,E,F,N,I,E,K,G,R,L,V,Q,T,Q,R,L,K,I,M,E,Y,Y,E,K,K,E,K,Q,I,E,Q,Q,K,K,I,L,M,S,T,M,R,N,Q,A,R,L,K,V,L,R,A,Q,N,D,L,I,S,D,L,L,S,E,A,K,L,R,L,S,R,I,V,E,D,P,E,V,Y,Q,G,L,L,D,K,L,V,L,Q,G,L,L,R,L,L,E,P,V,M,I,V,R,C,R,P,Q,D,L,L,L,V,E,A,A,V,Q,K,A,I,P,K,Y,M,T,I,S,Q,K,H,V,E,V,Q,I,D,Q,E,S,Y,L,A,V,N,A,A,G,G,V,E,V,Y,S,G,N,Q,R,I,K,V,S,N,T,L,E,S,R,L,D,L,S,A,K,Q,K,M,P,E,I,R,M,A,L,F,G,A,N,A,N,R,K,F,F,I
Propithecus_coquereli,M,A,L,S,D,V,D,V,Q,K,Q,I,K,H,M,M,A,F,I,E,Q,E,A,N,E,K,A,E,E,I,D,A,K,A,E,E,E,F,N,I,E,K,G,R,L,V,Q,T,Q,R,L,K,I,M,E,Y,Y,E,K,K,E,K,Q,I,E,Q,Q,K,K,I,Q,M,S,T,M,R,N,Q,A,R,L,Q,V,L,R,A,R,D,D,L,I,S,E,L,L,H,D,A,K,L,R,L,S,K,I,V,E,D,P,D,I,Y,Q,E,L,L,D,K,L,V,L,Q,A,L,L,R,L,L,E,P,V,M,I,V,R,C,R,P,Q,D,L,L,L,I,E,A,A,V,E,K,A,I,P,E,Y,M,M,V,S,Q,K,D,V,E,V,Q,I,D,Q,E,A,Y,L,A,V,D,A,A,G,G,V,E,V,Y,S,G,N,Q,R,I,K,V,S,N,T,L,E,S,R,L,D,L,S,A,Q,E,K,M,P,E,I,R,M,A,L,F,G,A,N,A,N,R,K,F,F,I
Rhinopithecus_bieti,M,A,L,S,D,V,D,V,K,K,Q,I,K,H,M,M,A,F,I,E,Q,E,A,N,E,K,A,E,E,I,D,A,K,A,E,E,E,F,N,I,E,K,G,R,L,V,Q,T,Q,R,L,K,I,M,E,Y,Y,E,K,K,E,K,Q,I,E,Q,Q,K,K,I,Q,M,S,T,M,R,N,Q,A,R,L,K,V,L,R,A,R,D,D,L,I,S,D,L,L,S,E,A,K,L,R,L,S,R,I,V,E,N,P,E,V,Y,Q,G,L,L,D,K,L,V,L,Q,G,L,L,R,L,L,E,P,V,M,I,V,R,C,R,P,Q,D,L,L,L,V,E,A,A,V,Q,R,A,I,P,K,Y,M,T,I,S,Q,K,H,V,E,V,Q,I,D,Q,E,A,Y,L,A,V,N,A,A,G,G,V,E,V,Y,S,G,N,Q,R,I,K,V,S,N,T,L,E,S,R,L,D,L,S,A,K,E,K,M,P,E,I,R,M,A,L,F,G,A,N,A,N,R,K,F,F,I
Rhinopithecus_roxellana,M,A,L,S,D,V,D,V,K,K,Q,I,K,H,M,M,A,F,I,E,Q,E,A,N,E,K,A,E,E,I,D,A,K,A,E,E,E,F,N,I,E,K,G,R,L,V,Q,T,Q,R,L,K,I,M,E,Y,Y,E,K,K,E,K,Q,I,E,Q,Q,K,K,I,Q,M,S,T,M,R,N,Q,A,R,L,K,V,L,R,A,R,D,D,L,I,S,D,L,L,S,E,A,K,L,R,L,S,R,I,V,E,N,P,E,V,Y,Q,G,L,L,D,K,L,V,L,Q,G,L,L,R,L,L,E,P,V,M,I,V,R,C,R,P,Q,D,L,L,L,V,E,A,A,V,Q,R,A,I,P,K,Y,M,T,I,S,Q,K,H,V,E,V,Q,I,D,Q,E,A,Y,L,A,V,N,A,A,G,G,V,E,V,Y,S,G,N,Q,R,I,K,V,S,N,T,L,E,S,R,L,D,L,S,A,K,E,K,M,P,E,I,R,M,A,L,F,G,A,N,A,N,R,K,F,F,I
Saimiri_boliviensis_boliviensis,M,A,L,S,D,V,D,V,Q,K,K,I,K,H,M,M,A,F,I,E,Q,E,A,S,E,K,A,E,E,I,D,A,K,A,E,E,E,F,N,I,E,K,G,R,L,V,Q,I,Q,R,L,K,I,M,E,Y,Y,E,K,K,E,K,Q,I,E,Q,Q,K,K,I,Q,M,S,T,M,R,N,Q,A,R,L,K,V,L,R,A,R,D,D,L,I,S,D,L,L,R,E,A,K,L,R,L,S,R,I,V,E,D,P,E,V,Y,Q,R,L,L,D,K,L,V,L,Q,G,L,L,R,L,L,E,P,V,M,I,V,R,C,R,P,Q,D,L,L,L,V,E,V,A,V,Q,K,A,I,P,E,Y,M,T,I,S,Q,K,H,V,E,V,Q,I,D,R,E,A,Y,L,A,V,N,A,A,G,G,V,E,V,Y,S,G,N,Q,R,I,K,V,S,N,T,L,E,S,R,L,D,L,S,A,K,Q,K,M,P,E,I,R,M,A,L,F,G,A,N,A,N,R,K,F,F,I
Sapajus_apella,M,A,L,S,D,V,D,V,Q,K,Q,I,K,H,M,M,A,F,I,E,Q,E,A,S,E,K,A,E,E,I,D,A,K,A,E,E,E,F,N,I,E,K,G,R,L,V,Q,I,Q,R,L,K,I,M,E,Y,Y,E,K,K,E,K,R,I,E,Q,Q,K,K,I,Q,M,S,T,M,R,N,Q,A,R,L,K,V,L,R,A,R,D,D,L,I,S,D,L,L,R,E,A,K,L,R,L,S,R,I,V,E,D,P,E,V,Y,Q,G,L,L,D,K,L,V,L,Q,G,L,L,R,L,L,E,P,V,M,I,V,R,C,R,P,Q,D,L,L,L,V,E,V,A,V,Q,K,A,I,P,E,Y,M,T,I,S,Q,K,H,V,E,V,Q,V,D,R,E,A,Y,L,A,V,N,A,A,G,G,V,E,V,Y,S,G,N,Q,R,I,K,V,S,N,T,L,E,S,R,L,H,L,S,A,K,Q,K,M,P,E,I,R,M,A,L,F,G,A,N,A,N,R,K,F,F,I
Suricata_suricatta,M,A,L,S,D,V,D,V,Q,K,Q,I,K,H,M,M,A,F,I,E,Q,E,A,N,E,K,A,E,E,I,D,A,K,S,E,E,E,F,N,I,E,K,G,R,L,V,Q,T,Q,R,L,K,I,M,E,Y,Y,Q,K,K,E,K,Q,I,E,Q,Q,K,K,I,Q,M,S,T,M,R,N,Q,A,R,L,K,V,L,R,A,R,D,D,L,I,S,E,L,L,N,D,A,R,L,R,L,R,R,I,V,A,D,P,E,T,Y,Q,R,L,L,D,K,L,V,L,Q,G,L,L,R,L,L,E,P,V,V,I,V,R,C,R,P,Q,D,L,L,L,V,E,A,A,V,Q,K,A,I,P,E,Y,M,M,V,S,Q,K,C,V,E,V,Q,V,D,Q,E,V,H,L,A,T,N,A,A,G,G,V,E,I,Y,S,G,N,Q,R,I,K,V,S,N,T,L,E,S,R,L,D,L,L,A,Q,Q,K,M,P,E,I,R,K,A,L,F,G,A,N,A,N,R,K,F,F,V
Theropithecus_gelada,M,A,L,S,D,V,D,V,K,K,Q,I,K,H,M,M,A,F,I,E,Q,E,A,N,E,K,A,E,E,I,D,A,K,A,E,E,E,F,N,I,E,K,G,R,L,V,Q,T,Q,R,L,K,I,M,E,Y,Y,E,K,K,E,K,Q,I,E,Q,Q,K,K,I,Q,M,S,T,M,R,N,Q,A,R,L,K,V,L,G,A,R,D,D,L,I,S,D,L,L,S,E,A,K,L,R,L,S,R,I,V,E,N,P,E,V,Y,Q,G,L,L,D,K,L,V,L,Q,G,L,L,R,L,L,E,P,V,M,I,V,R,C,R,P,Q,D,L,L,L,V,E,A,A,V,Q,K,A,I,P,E,Y,M,T,I,S,Q,K,H,V,E,V,Q,I,D,Q,E,A,Y,L,A,V,N,A,A,G,G,V,E,V,Y,S,G,N,Q,R,I,K,V,S,N,T,L,E,S,R,L,D,L,S,A,K,E,K,M,P,E,I,R,M,A,L,F,G,A,N,A,N,R,K,F,F,I
Trachypithecus_francoisi,M,A,L,S,D,V,D,V,K,K,Q,I,K,H,M,M,A,F,I,E,Q,E,A,N,E,K,V,E,E,I,D,A,K,A,E,E,E,F,N,I,E,K,G,R,L,V,Q,T,Q,R,L,K,I,M,E,Y,Y,K,K,K,E,K,Q,I,E,Q,Q,K,K,I,Q,M,S,T,M,R,N,Q,A,R,L,K,V,L,R,A,R,D,D,L,I,S,D,L,L,S,E,A,K,L,R,L,S,R,I,V,E,N,P,E,V,Y,Q,G,L,L,D,K,L,V,L,Q,G,L,L,R,L,L,E,P,V,M,I,V,R,C,R,P,Q,D,L,L,L,V,E,A,A,V,Q,K,A,I,P,K,Y,M,T,I,S,Q,K,H,V,E,V,Q,I,D,Q,E,A,Y,L,A,V,N,A,A,G,G,V,E,V,Y,S,G,N,Q,R,I,K,V,S,N,T,L,E,S,R,L,D,L,S,A,K,E,K,M,P,E,I,R,M,A,L,F,G,A,N,A,N,R,K,F,F,I
Tupaia_chinensis,M,A,L,N,D,V,D,V,Q,K,Q,I,K,H,M,M,A,F,I,E,Q,E,A,N,E,K,A,E,E,I,D,A,K,A,E,E,E,F,N,I,E,K,G,R,L,V,Q,T,Q,R,L,K,I,M,K,Y,Y,E,K,K,E,K,Q,I,E,Q,Q,K,K,I,Q,M,S,T,M,K,N,Q,A,R,L,K,V,L,R,A,R,N,D,L,I,S,E,L,L,N,D,A,K,L,K,L,R,R,I,V,E,D,P,E,I,Y,Q,K,L,L,D,K,L,V,L,Q,A,L,L,R,L,L,E,P,V,M,I,V,R,C,R,S,Q,D,L,L,M,V,E,A,A,V,Q,K,A,I,P,E,Y,M,A,V,S,Q,K,H,V,E,I,L,V,D,K,E,A,H,L,A,V,N,T,A,G,G,V,E,V,Y,S,S,D,H,R,I,K,V,S,N,T,L,E,S,R,L,D,I,S,A,Q,Q,K,M,P,E,I,R,A,A,L,F,G,V,N,A,N,R,K,F,F,T
Urocitellus_parryii,M,S,L,S,D,V,D,V,Q,K,Q,I,K,H,M,M,A,F,I,E,Q,E,A,N,E,K,A,E,E,I,D,A,K,A,E,E,E,F,N,I,E,K,G,R,L,V,Q,T,Q,R,L,K,I,M,E,Y,Y,E,K,K,E,K,Q,I,E,Q,Q,K,K,I,Q,L,S,T,M,R,N,Q,A,R,L,K,V,L,R,A,R,D,N,L,I,S,E,L,L,R,D,A,K,L,K,L,G,R,I,V,A,D,P,K,I,Y,Q,D,L,L,D,K,L,V,L,Q,A,L,L,R,L,L,E,P,V,V,I,V,R,C,R,P,Q,D,F,L,L,V,E,T,A,V,Q,K,A,I,P,E,Y,Q,N,V,T,Q,R,N,V,D,I,H,M,D,Q,E,D,Y,L,G,V,N,A,A,G,G,V,E,I,Y,S,S,N,R,K,T,M,V,S,N,T,L,E,S,R,L,D,L,S,A,Q,Q,K,M,P,E,I,R,M,T,L,F,G,A,N,P,N,R,K,F,F,I
Ursus_americanus,M,A,L,S,D,V,D,V,Q,K,Q,I,K,H,M,M,A,F,I,E,Q,E,A,N,E,K,A,E,E,I,D,A,K,S,E,E,E,F,N,I,E,K,G,R,L,V,Q,T,Q,R,L,K,I,M,E,Y,Y,E,K,K,E,K,Q,I,E,Q,Q,K,K,I,Q,M,S,T,M,R,N,Q,A,R,L,K,V,L,R,A,R,D,D,L,I,S,E,L,L,N,D,A,K,L,R,L,G,R,I,V,A,D,P,E,V,Y,Q,G,L,L,D,K,L,V,L,Q,G,L,L,R,L,L,E,P,M,V,I,V,R,C,R,P,Q,D,I,L,L,V,E,A,A,V,Q,K,A,V,P,E,Y,M,I,V,S,Q,K,C,V,E,V,Q,V,D,Q,D,V,H,L,A,T,S,A,A,G,G,V,E,V,Y,S,G,D,Q,R,I,K,V,S,N,T,L,E,S,R,L,D,L,L,A,R,Q,K,M,P,E,I,R,K,A,L,F,G,A,N,A,N,R,K,F,F,I
Ursus_maritimus,M,A,L,S,D,V,D,V,Q,K,Q,I,K,H,M,M,A,F,I,E,Q,E,A,N,E,K,A,E,E,I,D,A,K,S,E,E,E,F,N,I,E,K,G,R,L,V,Q,T,Q,R,L,K,I,M,E,Y,Y,E,K,K,E,K,Q,I,E,Q,Q,K,K,I,Q,M,S,T,M,R,N,Q,A,R,L,K,V,L,R,A,R,D,D,L,I,S,E,L,L,N,D,A,K,L,R,L,G,R,I,V,A,D,P,E,V,Y,Q,G,L,L,D,K,L,V,L,Q,G,L,L,R,L,L,E,P,M,V,I,V,R,C,R,P,Q,D,I,L,L,V,E,A,A,V,Q,K,A,V,P,E,Y,M,I,V,S,Q,K,C,V,E,V,Q,V,D,Q,D,V,H,L,A,T,S,A,A,G,G,V,E,V,Y,S,G,D,Q,R,I,K,V,S,N,T,L,E,S,R,L,D,L,L,A,R,Q,K,M,P,E,I,R,K,A,L,F,G,A,N,A,N,R,K,F,F,I
Vicugna_pacos,M,A,L,S,D,V,D,V,Q,K,Q,I,K,H,M,M,A,F,I,E,Q,E,A,N,E,K,V,E,E,I,D,A,K,A,E,E,E,F,N,I,E,K,G,R,L,V,Q,T,Q,R,L,K,I,M,E,Y,Y,E,K,K,E,K,Q,I,E,Q,Q,K,K,I,Q,M,S,T,M,R,N,Q,A,R,L,K,V,L,R,A,Q,D,D,L,I,S,E,L,L,N,D,A,K,L,R,L,S,R,I,V,A,D,P,K,V,Y,Q,G,L,L,D,K,L,V,L,Q,G,L,L,R,L,L,E,P,V,V,I,V,R,C,R,P,Q,D,L,L,L,V,K,A,A,V,Q,K,A,I,P,Q,Y,T,A,V,S,H,K,C,V,E,V,Q,V,D,Q,G,V,Q,L,A,T,N,A,A,G,G,V,E,I,Y,S,G,D,Q,R,I,K,V,S,N,T,L,E,S,R,L,D,L,L,S,Q,Q,K,M,P,E,I,R,K,A,L,F,G,A,N,A,N,R,K,F,F,I
Artibeus_jamaicensis,M,A,L,N,D,I,D,V,Q,K,R,I,K,H,M,L,A,F,I,E,Q,E,A,N,E,K,V,E,E,I,E,A,K,S,E,E,D,F,N,I,E,K,G,H,L,V,Q,T,Q,R,L,K,I,M,E,Y,Y,E,K,K,E,K,Q,I,E,Q,Q,K,K,I,Q,I,S,T,V,R,N,Q,A,R,L,R,V,L,T,A,Q,N,N,L,I,S,E,L,L,D,D,V,K,V,K,L,S,R,L,V,E,D,P,E,V,Y,Q,R,L,L,Y,K,L,V,L,Q,G,L,L,R,L,L,E,P,V,M,I,I,R,C,R,P,Q,D,H,L,L,V,E,D,I,L,Q,K,A,I,P,E,Y,K,T,V,S,Q,K,N,A,K,V,Q,V,D,R,E,V,H,L,P,M,N,T,V,G,G,V,E,V,Y,S,G,N,H,R,I,M,I,S,N,T,L,E,S,R,L,D,L,I,A,E,Q,T,M,P,E,I,R,K,A,L,F,G,I,N,P,N,R,K,F,F,K
Desmodus_rotundus,M,A,L,N,D,I,D,V,Q,K,R,I,K,H,M,L,A,F,I,E,Q,E,A,N,E,K,V,E,E,I,D,A,K,S,E,E,E,F,N,I,E,K,G,R,L,V,Q,T,Q,R,L,K,I,M,E,Y,Y,E,K,K,E,K,Q,I,E,Q,Q,K,K,I,Q,M,S,T,I,R,N,Q,A,R,L,R,V,L,T,A,Q,N,D,L,I,S,E,L,L,D,D,T,K,T,K,L,I,R,L,M,E,D,P,G,V,Y,Q,G,L,L,Y,K,L,V,L,Q,G,L,L,R,L,L,E,P,V,V,I,V,R,C,R,P,Q,D,H,L,Q,V,E,N,I,L,Q,K,A,I,P,E,Y,M,T,V,S,K,K,P,V,K,V,Q,V,D,R,E,V,H,L,P,M,N,T,V,G,G,V,E,V,Y,S,G,N,H,R,I,M,I,S,N,T,L,E,S,R,L,D,L,L,A,E,Q,K,M,P,E,I,R,K,A,L,F,G,I,N,P,N,R,K,F,F,Q
Eptesicus_fuscus,M,A,L,S,D,A,D,V,Q,K,R,I,K,H,M,M,A,F,I,E,Q,E,A,I,E,K,A,E,Q,I,D,A,K,A,E,E,E,F,N,I,E,K,G,R,L,V,Q,T,Q,R,L,K,I,M,E,Y,Y,E,K,K,E,K,Q,I,E,Q,Q,K,K,I,Q,M,S,T,M,R,S,Q,A,R,L,N,F,L,K,A,R,N,D,L,V,S,E,L,L,S,E,A,R,L,R,L,I,R,I,V,A,D,P,E,V,Y,Q,K,M,L,Y,K,L,V,L,Q,G,L,F,R,L,L,E,P,E,V,I,I,R,Y,R,P,Q,D,H,L,L,V,E,D,A,V,K,K,A,I,S,Q,Y,K,T,V,S,K,K,H,V,N,V,H,L,D,L,E,V,H,L,P,M,N,A,A,G,G,V,E,V,Y,S,S,N,Q,K,I,K,V,S,N,T,L,E,S,R,L,D,L,L,A,H,Q,K,M,A,E,I,R,K,T,L,F,G,A,N,P,N,R,K,F,F,I
Hipposideros_armiger,M,A,L,N,D,V,D,V,Q,K,Q,I,K,H,M,K,A,F,I,A,Q,E,A,N,E,K,A,E,E,I,D,A,K,A,E,E,E,F,Y,I,E,K,G,R,L,V,Q,T,Q,R,L,K,V,M,E,Y,F,E,K,K,E,K,Q,I,E,Q,Q,K,K,I,Q,M,S,T,V,R,N,Q,A,R,L,K,I,L,R,A,R,N,D,L,I,S,E,L,M,N,D,A,K,L,R,L,R,M,I,M,A,D,S,G,V,Y,Q,G,L,L,F,K,L,V,L,Q,G,L,L,R,L,L,E,P,V,V,I,V,R,C,R,P,Q,D,H,L,L,V,E,A,A,V,Q,K,A,I,P,E,Y,M,A,V,S,Q,K,C,V,E,V,Q,V,D,R,E,V,H,L,A,V,N,A,A,G,G,V,E,V,Y,S,G,N,Q,R,I,K,V,S,N,T,L,E,S,Q,L,D,R,L,A,E,Q,K,M,P,E,I,R,K,A,L,F,G,A,N,P,N,R,K,F,F,V
Miniopterus_natalensis,M,A,L,S,D,A,D,V,Q,K,R,I,K,H,M,M,A,F,I,E,Q,E,A,T,E,K,A,E,Q,I,D,A,K,A,E,E,E,F,S,I,E,K,G,R,L,V,Q,A,Q,R,L,K,I,M,E,Y,Y,E,K,K,E,K,Q,I,E,Q,Q,K,K,I,Q,L,S,T,M,R,N,Q,A,R,L,N,V,L,R,A,R,N,D,L,I,S,E,L,L,N,D,A,Q,L,R,L,A,R,T,A,A,D,P,E,A,Y,Q,R,L,L,Y,K,L,V,F,Q,G,L,L,R,L,L,E,P,E,V,T,V,R,C,R,P,Q,D,R,L,L,V,E,A,A,V,K,K,A,I,P,E,Y,M,T,V,S,Q,K,R,V,K,V,Q,I,D,R,E,V,H,L,A,V,N,A,A,G,G,V,E,V,Y,S,G,N,Q,R,I,K,V,S,N,T,L,E,S,R,L,E,L,S,A,Q,Q,K,M,P,E,I,R,K,A,L,F,G,A,N,P,N,R,K,F,F,I
Molossus_molossus,M,A,L,N,D,V,D,V,Q,K,R,I,K,H,M,M,A,F,I,E,Q,E,A,I,E,K,A,E,Q,I,D,A,K,A,E,E,E,F,N,I,E,K,G,R,L,V,Q,T,Q,R,L,K,I,M,E,Y,Y,E,K,K,E,K,Q,I,E,Q,Q,K,K,I,Q,M,S,T,M,R,N,Q,A,R,L,N,V,L,K,A,R,N,D,L,V,S,E,L,L,S,D,V,K,L,R,L,T,R,I,V,A,D,P,E,V,Y,Q,E,L,L,Y,K,L,V,L,Q,A,L,F,R,L,L,E,P,V,M,I,V,R,C,R,P,Q,D,H,L,L,V,E,A,A,V,Q,K,A,I,P,E,Y,M,T,V,S,Q,K,H,V,K,V,Q,V,D,R,D,V,H,L,A,M,N,A,A,G,G,V,E,V,Y,S,G,N,Q,R,I,K,V,S,N,T,L,E,S,R,L,D,L,L,A,Q,Q,K,M,P,E,I,R,K,A,L,F,G,A,N,P,N,R,K,F,L,I
Myotis_brandtii,M,A,L,S,D,A,D,V,Q,K,R,I,K,H,M,M,A,F,I,E,Q,E,A,I,E,K,A,E,Q,I,D,V,K,A,E,E,E,F,N,I,E,K,G,R,L,V,Q,T,Q,R,L,K,I,M,E,Y,Y,E,K,K,E,K,Q,I,E,Q,Q,K,K,I,Q,M,S,I,M,R,N,Q,A,R,L,N,F,L,K,A,Q,N,D,L,V,S,E,L,L,S,E,A,K,L,R,L,I,R,I,V,A,N,Q,E,F,Y,Q,K,M,L,Y,K,L,V,L,Q,G,L,F,R,L,L,E,P,E,V,I,I,R,C,R,P,Q,D,H,H,L,V,E,D,A,V,K,K,A,I,T,Q,Y,K,T,V,S,Q,K,S,V,N,V,H,L,D,L,E,V,H,L,P,M,N,A,A,G,G,V,E,V,Y,S,S,T,Q,K,I,K,V,S,N,T,L,E,S,R,L,D,L,L,A,H,Q,K,M,P,E,I,R,K,A,L,F,G,A,N,P,N,R,K,F,L,I
Myotis_davidii,M,A,L,S,D,A,D,V,Q,K,R,I,K,H,M,M,A,F,I,E,Q,E,A,I,E,K,A,E,Q,I,D,V,K,A,E,E,E,Y,N,I,E,K,G,R,L,V,Q,T,Q,R,L,K,I,M,E,Y,Y,E,K,K,E,K,Q,I,E,Q,Q,K,K,I,Q,M,S,I,M,R,S,Q,A,R,L,N,F,L,K,A,R,N,D,L,I,S,E,L,L,S,E,A,K,L,R,L,I,R,I,V,S,D,P,E,V,Y,Q,K,M,L,Y,K,L,V,L,Q,G,L,F,R,L,L,E,P,E,V,I,I,R,C,R,P,Q,D,H,L,L,V,E,G,A,V,K,E,A,I,T,Q,Y,K,T,V,S,Q,K,S,V,N,V,H,L,D,R,E,V,H,L,P,M,N,A,A,G,G,V,E,V,Y,S,S,T,Q,N,I,K,V,S,N,T,L,E,S,R,L,D,L,L,A,H,Q,K,M,P,E,M,R,K,A,L,F,G,A,N,P,N,R,K,F,L,I
Myotis_lucifugus,-,-,-,-,-,-,-,-,-,-,-,-,-,-,-,-,-,-,-,-,-,-,-,-,-,-,-,-,-,-,-,-,-,-,-,-,-,-,-,-,-,-,-,-,-,-,-,-,-,-,-,-,-,-,-,-,-,-,-,-,-,-,-,-,-,-,-,-,-,-,-,-,-,-,-,-,-,-,-,-,-,-,-,-,-,-,-,-,-,-,-,-,-,-,-,-,-,-,-,-,-,-,-,-,-,-,-,-,-,-,-,-,-,-,-,-,-,-,-,-,-,-,-,-,-,-,-,-,-,-,-,-,-,-,-,-,-,-,-,-,-,-,-,-,-,-,-,-,-,-,-,-,-,-,-,-,-,-,-,-,-,-,-,-,-,-,-,-,-,-,-,-,-,-,-,-,-,-,-,-,-,-,-,-,-,-,-,-,-,-,-,-,-,-,-,-,-,-,-,-,-,-,-,-,-,-,-,-,-,-,-,-,-,-,-,-,-,-,-,-,-,-,-,-,-,-
Myotis_myotis,M,A,L,S,D,A,E,V,Q,K,R,I,K,H,M,M,A,F,I,E,Q,E,A,I,E,K,A,E,Q,I,D,V,K,A,E,E,E,Y,N,I,E,K,G,C,L,V,Q,T,Q,R,L,K,I,M,E,Y,Y,E,K,K,E,K,Q,I,E,Q,Q,K,K,I,Q,M,S,I,M,R,S,Q,A,R,L,N,F,L,K,A,R,N,D,L,V,S,E,L,L,S,E,A,K,L,R,L,I,R,I,V,S,D,P,E,V,Y,Q,K,M,L,Y,K,L,V,L,Q,G,L,F,R,L,L,E,P,E,V,I,I,R,C,R,P,Q,D,H,L,L,V,E,E,A,V,K,K,A,I,T,Q,Y,K,T,V,S,Q,K,S,V,N,V,H,L,D,R,E,V,H,L,P,M,N,A,A,G,G,V,E,V,Y,S,S,T,Q,N,I,K,V,S,N,T,L,E,S,R,L,D,L,L,A,H,Q,K,M,P,E,M,R,K,A,L,F,G,A,N,P,N,R,K,F,L,I
Phyllostomus_discolor,M,A,L,N,D,I,E,V,Q,K,R,I,K,H,M,L,A,F,I,E,Q,E,A,N,E,K,V,E,E,I,D,A,K,S,E,E,E,F,N,I,E,K,V,R,L,M,Q,T,Q,R,M,K,I,I,E,Y,Y,E,K,K,E,K,Q,I,E,Q,Q,K,K,I,Y,I,S,S,I,R,N,Q,A,R,L,K,V,L,A,A,Q,H,D,L,V,S,E,L,M,N,D,M,K,V,K,L,I,R,L,V,E,N,P,E,V,Y,Q,G,L,L,Y,K,L,M,L,Q,S,L,L,R,L,L,E,P,V,M,I,V,R,C,R,P,Q,D,H,L,L,V,E,A,I,V,Q,K,V,T,P,E,Y,M,K,V,S,Q,K,Q,V,K,I,Q,V,D,R,E,V,H,L,P,M,N,T,V,G,G,V,E,V,Y,S,G,N,Y,R,I,M,I,S,N,T,L,E,S,R,M,D,L,I,A,E,Q,K,M,P,E,I,R,K,A,L,F,G,I,N,P,N,R,K,F,F,L
Phyllostomus_hastatus,M,A,L,N,D,I,E,V,Q,K,R,I,K,H,M,L,A,F,I,E,Q,E,A,N,E,K,V,E,E,I,D,A,K,S,E,E,E,F,S,I,E,K,V,R,L,V,Q,T,Q,R,T,K,I,M,E,Y,Y,E,K,K,E,K,Q,I,E,Q,Q,K,K,I,Y,I,S,S,I,R,N,Q,A,R,L,R,V,L,T,A,Q,N,E,F,V,S,E,L,L,D,D,M,K,V,K,L,I,R,L,V,E,N,P,E,V,Y,Q,G,L,L,Y,K,L,V,L,Q,S,L,L,R,L,L,E,P,V,M,I,V,R,C,R,P,Q,D,H,V,L,V,E,A,I,V,Q,K,A,T,P,E,Y,M,K,V,S,Q,K,Q,A,K,V,Q,V,D,R,E,V,H,L,P,M,N,T,V,G,G,V,E,V,Y,S,G,N,Y,R,I,M,I,S,N,T,L,E,S,R,L,D,L,I,A,E,Q,K,M,P,E,I,R,K,A,L,F,G,I,N,P,N,R,K,F,F,L
Pipistrellus_kuhlii,M,A,L,S,D,A,D,V,Q,K,R,I,K,H,M,M,A,F,I,E,Q,E,A,I,E,K,A,E,Q,I,D,A,K,A,E,E,E,F,N,I,E,K,G,R,L,V,Q,T,Q,R,L,K,I,I,E,Y,Y,E,K,K,E,K,Q,I,E,Q,Q,K,K,I,Q,M,S,T,M,K,S,Q,A,R,L,K,L,L,Q,V,Q,N,D,L,V,S,E,L,L,N,E,A,K,L,R,L,I,R,I,V,A,D,P,G,V,Y,Q,E,M,L,Y,K,L,V,L,Q,G,L,F,R,L,L,E,P,E,V,I,I,R,C,R,Q,Q,D,Y,I,L,V,E,G,V,V,R,Q,A,I,P,Q,Y,N,T,V,S,K,K,H,V,N,V,H,L,D,V,E,M,H,L,S,M,N,S,M,G,G,V,E,V,Y,S,C,D,Q,K,I,K,V,S,N,T,L,E,S,R,L,D,L,L,A,H,Q,K,M,A,E,I,R,R,T,L,F,G,A,N,P,N,R,K,F,L,I
Rhinolophus_ferrumequinum,M,A,L,S,D,V,D,V,Q,K,Q,I,K,H,M,M,A,F,I,E,Q,E,A,N,E,K,A,E,E,I,D,A,K,A,E,E,E,F,N,I,E,K,G,R,L,V,Q,T,Q,R,L,K,I,M,E,Y,F,E,K,K,E,K,Q,I,E,Q,Q,K,K,I,Q,M,S,T,V,R,N,Q,A,R,L,E,V,L,K,A,R,N,D,L,I,S,E,L,L,N,D,A,K,L,R,L,S,M,I,V,A,D,S,E,V,Y,Q,G,L,L,F,K,L,V,L,Q,G,L,F,R,L,L,E,P,V,V,I,V,R,C,R,P,Q,D,H,L,L,V,E,A,A,V,Q,K,A,I,P,E,Y,M,A,V,S,Q,K,Y,V,Q,V,Q,V,D,R,E,V,H,L,P,M,N,A,A,G,G,V,E,V,Y,S,G,N,Q,R,I,K,V,S,N,T,L,E,S,R,L,D,L,L,A,E,Q,K,M,P,E,I,R,K,A,L,F,G,A,N,P,N,R,K,F,F,A
Sorex_araneus,M,A,L,N,D,A,D,V,Q,K,Q,I,K,H,M,M,A,F,I,E,Q,E,A,N,E,K,V,E,E,I,D,A,K,A,E,E,E,F,N,I,E,K,G,R,F,V,Q,T,Q,R,L,K,I,M,E,Y,Y,E,K,K,E,K,Q,I,E,Q,Q,K,K,I,Q,M,S,T,M,R,N,Q,A,R,L,K,V,L,R,A,R,D,D,L,I,S,E,L,L,N,N,A,K,Q,R,L,S,K,I,V,A,H,A,E,A,Y,Q,E,L,L,N,K,L,V,L,Q,S,L,L,W,L,L,E,P,V,V,V,V,R,C,R,P,Q,D,L,L,M,V,K,A,A,V,Q,E,A,I,P,E,Y,W,T,I,S,Q,K,Q,V,Q,V,Q,V,D,E,E,T,H,L,T,P,D,V,I,G,G,V,D,I,Y,S,Y,D,Q,R,I,K,V,S,N,T,L,K,S,R,L,A,L,L,A,Q,Q,K,M,P,N,I,R,M,A,L,F,G,A,N,L,N,R,K,F,F,V
Sturnira_hondurensis,M,A,L,N,D,M,D,V,Q,K,R,I,K,H,M,L,A,F,I,E,Q,E,A,N,E,K,V,E,E,I,D,A,K,S,E,E,E,F,N,I,E,K,G,R,F,V,Q,T,Q,R,L,K,I,M,E,Y,Y,E,K,K,E,K,Q,I,E,Q,Q,K,K,I,Q,I,S,T,I,R,N,Q,A,R,L,K,V,L,T,A,Q,N,N,L,I,S,E,L,L,D,D,V,K,T,K,L,S,R,L,M,E,D,P,E,V,Y,Q,K,L,L,Y,K,L,V,L,Q,G,L,L,R,L,L,E,P,V,M,I,I,R,C,R,P,Q,D,H,L,L,V,E,D,I,L,Q,K,A,I,P,E,Y,K,T,V,T,G,K,H,A,K,V,Q,V,D,R,E,V,H,L,P,M,N,T,V,G,G,V,E,V,Y,S,G,N,Y,R,I,I,M,S,N,T,L,E,S,R,L,D,L,I,A,E,Q,K,M,P,E,I,R,K,A,L,F,G,I,N,P,N,R,K,F,F,Q
Pteropus_alecto,M,A,L,S,D,V,D,V,Q,K,Q,I,K,H,M,M,A,F,I,E,Q,E,A,N,E,K,A,E,E,I,D,A,K,A,E,E,E,F,N,I,E,K,G,R,L,V,Q,T,Q,R,L,K,I,M,E,Y,F,E,K,K,E,K,Q,I,E,Q,Q,K,K,I,Q,M,S,T,M,R,N,Q,A,R,L,K,V,L,R,A,R,N,D,L,V,S,E,L,L,N,D,A,K,L,R,L,S,R,I,V,I,D,P,Q,V,Y,Q,G,L,L,Y,K,L,V,L,Q,G,M,L,R,L,L,E,P,V,V,I,I,R,C,R,P,Q,D,H,L,L,V,E,R,V,V,Q,K,A,I,P,E,Y,K,A,I,S,Q,K,R,V,E,V,R,V,D,Q,E,V,H,L,A,M,N,A,A,G,G,V,E,I,Y,S,G,N,Q,R,I,K,V,S,N,T,L,E,S,R,L,D,L,L,A,Q,Q,K,M,P,E,I,R,K,A,L,F,G,A,N,P,N,R,K,F,F,E
Pteropus_giganteus,M,A,L,S,D,V,D,V,Q,K,Q,I,K,H,M,M,A,F,I,E,Q,E,A,N,E,K,A,E,E,I,D,A,K,A,E,E,E,F,N,I,E,K,G,R,L,V,Q,T,Q,R,L,K,I,M,E,Y,F,E,K,K,E,K,Q,I,E,Q,Q,K,K,I,Q,M,S,T,M,R,N,Q,A,R,L,K,V,L,R,A,R,N,D,L,V,S,E,L,L,N,D,A,K,L,R,L,S,R,I,V,I,D,P,Q,V,Y,Q,G,L,L,Y,K,L,V,L,Q,G,M,L,R,L,L,E,P,A,V,I,I,R,C,R,P,Q,D,H,L,L,V,E,R,V,V,Q,K,A,I,P,E,Y,K,A,I,S,Q,K,C,V,E,V,R,V,D,Q,E,V,H,L,A,M,N,A,A,G,G,V,E,I,Y,S,G,N,Q,R,I,K,V,S,N,T,L,E,S,R,L,D,L,L,A,Q,Q,K,M,P,E,I,R,K,A,L,F,G,A,N,P,N,R,K,F,F,E
Pteropus_vampyrus,M,A,L,S,D,V,D,V,Q,K,Q,I,K,H,M,M,A,F,I,E,Q,E,A,N,E,K,A,E,E,I,D,A,K,A,E,E,E,F,N,I,E,K,G,R,L,V,Q,T,Q,R,L,K,I,M,E,Y,F,E,K,K,E,K,Q,I,E,Q,Q,K,K,I,Q,M,S,T,M,R,N,Q,A,R,L,K,V,L,R,A,R,N,D,L,V,S,E,L,L,N,D,A,K,L,R,L,S,R,I,V,I,D,P,Q,V,Y,Q,G,L,L,Y,K,L,V,L,Q,G,M,L,R,L,L,E,P,V,V,I,I,R,C,R,P,Q,D,H,L,L,V,E,R,V,V,Q,K,A,I,P,E,Y,K,A,I,S,Q,K,C,V,E,V,R,V,D,Q,E,V,H,L,A,M,N,A,A,G,G,V,E,I,Y,S,G,N,Q,R,I,K,V,S,N,T,L,E,S,R,L,D,L,L,A,Q,Q,K,M,P,E,I,R,K,A,L,F,G,A,N,P,N,R,K,F,F,E
Rousettus_aegyptiacus,M,A,L,S,D,V,D,V,Q,K,Q,I,K,H,M,M,A,F,I,E,Q,E,A,N,E,K,A,E,E,I,D,A,K,A,E,E,E,F,N,I,E,K,G,R,L,V,Q,T,Q,R,L,K,I,M,E,Y,F,E,K,K,E,K,Q,I,E,Q,Q,K,K,I,Q,M,S,T,M,R,N,Q,A,R,L,K,V,L,R,A,R,N,D,L,V,S,E,L,L,N,D,A,K,L,R,L,S,R,I,V,I,D,P,Q,V,Y,Q,G,L,L,Y,K,L,V,L,Q,G,M,F,R,L,L,E,P,V,V,I,I,R,C,R,P,Q,D,H,L,L,V,E,G,V,V,Q,K,A,I,P,E,Y,K,A,V,S,Q,K,C,V,Q,V,R,I,D,Q,E,V,H,L,A,M,N,T,A,G,G,V,E,I,Y,S,G,N,Q,R,I,K,V,S,N,T,L,E,T,R,L,D,L,L,A,Q,Q,K,M,P,E,I,R,K,A,L,F,G,A,N,P,N,R,K,F,F,V
Ailuropoda_melanoleuca,M,A,L,S,D,V,D,V,Q,K,Q,I,K,H,M,M,A,F,I,E,Q,E,A,N,E,K,A,E,E,I,D,A,K,S,E,E,E,F,N,I,E,K,G,R,L,V,Q,T,Q,R,L,K,I,M,E,Y,Y,E,K,K,E,K,Q,I,E,Q,Q,K,K,I,Q,M,S,T,M,R,N,Q,A,R,L,K,V,L,R,A,R,D,D,L,I,S,E,L,L,N,D,A,K,L,R,L,G,G,I,V,A,D,P,E,V,Y,Q,G,L,L,D,K,L,V,L,Q,G,L,L,R,L,L,E,P,M,V,I,V,R,C,R,P,Q,D,I,L,L,V,E,A,A,V,Q,K,A,I,P,K,Y,M,I,V,S,Q,K,C,V,E,V,Q,V,D,Q,D,V,H,L,A,M,S,A,A,G,G,V,E,V,Y,S,G,N,Q,R,I,K,V,S,N,T,L,E,S,R,L,D,L,L,A,R,Q,K,M,P,E,I,R,K,A,L,F,G,A,N,A,N,R,K,F,F,I
Antechinus_flavipes,-,-,-,-,-,-,-,-,-,-,-,-,-,-,-,-,-,-,-,-,-,-,-,-,-,-,-,-,-,-,-,-,-,-,-,-,-,-,-,-,-,-,-,-,-,-,-,-,-,-,-,-,-,-,-,-,-,-,-,-,-,-,-,-,-,-,-,-,-,-,-,-,-,-,-,-,-,-,-,-,-,-,-,-,-,-,-,-,-,-,-,-,-,-,-,-,-,-,-,-,-,-,-,-,-,-,-,-,-,-,-,-,-,-,-,-,-,-,-,-,-,-,-,-,-,-,-,-,-,-,-,-,-,-,-,-,-,-,-,-,-,-,-,-,-,-,-,-,-,-,-,-,-,-,-,-,-,-,-,-,-,-,-,-,-,-,-,-,-,-,-,-,-,-,-,-,-,-,-,-,-,-,-,-,-,-,-,-,-,-,-,-,-,-,-,-,-,-,-,-,-,-,-,-,-,-,-,-,-,-,-,-,-,-,-,-,-,-,-,-,-,-,-,-,-,-
Aotus_nancymaae,M,A,L,S,D,V,N,V,Q,K,Q,I,K,H,M,M,A,F,I,E,Q,E,A,N,E,K,A,E,E,I,D,A,K,A,E,E,E,F,N,I,E,K,R,R,L,V,Q,T,Q,R,L,K,I,M,E,Y,Y,K,K,K,E,K,Q,I,E,Q,Q,K,K,I,Q,M,S,T,M,R,S,Q,A,R,L,K,V,L,R,A,Q,D,D,L,I,S,D,L,L,R,E,A,K,L,R,L,S,R,I,V,E,D,P,E,V,Y,Q,G,L,L,D,K,L,V,L,Q,G,L,L,R,L,L,E,P,V,M,I,V,R,C,R,P,Q,D,L,L,L,V,E,A,A,V,Q,K,A,I,P,E,Y,M,T,I,S,Q,K,H,V,E,V,Q,I,D,R,E,A,Y,L,A,V,N,T,A,G,G,V,E,V,Y,S,G,N,Q,R,I,K,V,S,N,T,L,E,S,R,L,A,L,S,A,K,Q,K,M,P,E,I,R,M,A,L,F,G,A,N,A,N,R,K,F,-,-
Apodemus_sylvaticus,M,A,L,T,D,I,D,V,Q,K,Q,I,K,H,M,M,A,F,I,E,Q,E,A,N,E,K,A,E,E,I,D,A,K,A,E,E,E,F,N,I,E,K,G,R,L,V,Q,T,Q,R,L,K,I,M,D,Y,F,E,K,K,E,K,Q,I,E,Q,Q,K,K,I,Q,L,S,T,M,R,N,Q,A,R,I,T,V,L,R,A,R,D,N,L,V,L,E,L,L,R,D,A,K,V,R,L,S,R,I,V,S,D,E,V,F,Y,Q,D,L,L,N,K,L,V,L,Q,A,L,L,R,L,L,E,P,V,M,I,V,R,C,R,P,Q,D,L,H,L,V,E,S,A,V,L,R,A,I,P,Q,Y,M,M,L,C,Q,K,H,L,E,V,Q,I,D,Q,T,E,F,L,A,S,N,A,A,G,G,V,E,A,Y,S,S,D,Q,K,I,K,V,S,N,T,L,E,S,R,L,N,L,A,A,M,Q,K,M,P,E,I,R,R,S,L,F,G,D,N,A,N,R,K,F,F,T
Arvicola_amphibius,M,A,L,S,D,T,D,V,Q,K,Q,I,K,H,M,M,A,F,I,E,Q,E,A,N,E,K,A,E,E,I,D,A,K,A,E,E,E,F,N,I,E,K,G,R,L,V,Q,T,Q,R,L,K,I,M,D,Y,Y,E,K,K,E,K,Q,I,E,Q,Q,K,K,I,Q,L,S,T,M,R,N,Q,A,R,I,T,V,L,R,A,R,D,N,L,I,L,E,L,L,K,D,V,K,M,R,L,S,T,I,V,L,D,P,D,I,Y,Q,E,L,L,D,K,L,V,L,Q,A,F,L,R,L,L,E,P,A,M,I,V,R,C,R,P,Q,D,I,H,L,V,E,A,A,V,Q,R,A,L,P,Q,Y,M,M,L,C,Q,K,R,S,D,V,H,V,D,H,E,A,Y,L,A,P,N,A,A,G,G,V,E,V,Y,S,S,D,Q,K,I,K,V,S,N,T,L,E,S,R,L,T,L,A,A,L,E,K,M,P,E,I,R,R,A,L,F,G,G,N,A,N,R,K,F,F,T
Callorhinus_ursinus,M,A,L,S,D,V,D,V,Q,K,Q,I,K,H,M,M,A,F,I,E,Q,E,A,N,E,K,A,E,E,I,D,A,K,S,E,E,E,F,N,I,E,K,G,R,L,V,Q,T,Q,R,L,K,I,M,E,Y,Y,E,K,K,E,K,Q,I,E,Q,Q,K,K,I,Q,M,S,T,M,R,N,Q,A,R,L,K,V,L,R,A,R,D,D,L,V,S,E,L,L,N,D,A,K,L,R,L,S,R,I,V,A,D,P,E,I,Y,Q,G,L,L,D,K,L,V,L,Q,G,L,L,R,L,L,E,P,M,V,I,V,R,C,R,P,Q,D,I,L,L,V,E,A,A,V,Q,K,A,I,P,E,Y,M,M,V,S,Q,K,C,V,D,V,Q,V,D,Q,E,V,H,L,A,M,N,A,A,G,G,V,E,V,Y,S,G,N,Q,R,I,K,I,S,N,T,L,E,S,R,L,D,L,L,A,Q,Q,K,M,P,E,I,R,K,A,L,F,G,A,N,A,N,R,K,F,F,I
Canis_lupus_dingo,M,A,L,S,D,G,D,V,Q,K,Q,I,K,H,M,M,A,F,I,E,Q,E,A,N,E,K,A,E,E,I,D,A,K,S,E,E,E,F,N,I,E,K,G,R,L,V,Q,T,Q,R,L,K,I,M,E,Y,Y,E,K,K,E,K,Q,I,E,Q,Q,K,K,I,Q,M,S,T,M,R,N,Q,A,R,L,K,V,L,R,A,R,D,D,L,I,S,E,L,L,N,D,A,K,L,R,L,S,R,I,V,A,D,P,E,V,Y,Q,G,L,L,D,K,L,V,L,Q,G,L,L,R,L,L,E,P,V,V,I,I,R,C,R,P,Q,D,L,L,L,V,E,A,A,V,L,K,A,I,P,E,Y,M,A,V,S,H,K,C,V,E,V,Q,V,D,Q,E,V,H,L,S,M,N,A,A,G,G,V,E,V,Y,S,G,N,Q,R,I,K,V,S,N,T,L,E,S,R,L,D,L,L,A,Q,Q,K,M,P,E,I,R,K,A,L,F,G,A,N,A,N,R,K,F,F,I
Carlito_syrichta,M,A,L,S,D,I,D,I,Q,K,Q,I,K,H,M,M,A,F,I,E,Q,E,A,N,E,K,A,E,E,I,D,A,K,A,E,E,E,F,N,I,E,K,G,R,L,V,Q,T,Q,R,L,K,I,L,E,Y,Y,E,K,K,E,K,Q,I,E,Q,Q,K,R,I,Q,M,S,T,M,R,N,Q,A,R,L,K,V,L,R,A,Q,D,D,L,I,S,E,L,L,S,D,I,K,L,R,L,H,K,I,M,E,D,P,E,I,Y,Q,G,L,L,D,K,L,V,L,Q,A,L,L,R,L,L,E,P,V,V,I,V,R,C,R,P,Q,D,L,S,L,V,E,V,A,V,Q,K,A,I,P,Q,Y,M,V,A,S,Q,K,H,V,E,V,Q,I,D,Q,E,A,H,L,P,V,D,A,L,G,G,V,E,V,Y,S,G,D,Q,R,I,K,V,F,N,T,M,E,S,Q,L,Y,L,A,A,Q,Q,K,M,P,E,I,R,M,A,L,F,G,A,N,A,N,R,K,F,F,I
Castor_canadensis,M,A,L,S,D,V,D,V,Q,K,Q,I,K,H,M,M,A,F,I,E,Q,E,A,N,E,K,A,E,E,I,D,A,K,S,E,E,E,F,N,I,E,K,G,H,L,V,Q,T,Q,R,L,K,I,M,D,Y,Y,E,K,K,E,K,Q,I,E,Q,Q,K,K,I,Q,M,S,T,M,R,N,Q,A,R,L,K,V,L,T,A,R,D,D,L,I,S,E,L,L,N,E,A,K,L,K,L,S,R,I,V,A,D,P,K,T,Y,Q,G,M,L,N,K,L,V,L,Q,A,L,L,R,L,L,E,P,V,M,I,-,-,-,-,-,-,D,I,L,L,V,E,A,S,V,Q,K,A,I,P,Q,Y,R,I,V,S,Q,K,Q,V,D,V,K,I,D,Q,E,V,H,L,P,V,N,S,V,G,G,V,E,V,F,S,S,N,Q,R,I,K,V,S,N,T,L,E,S,R,L,D,L,L,A,Q,Q,K,L,P,E,I,R,R,A,L,F,G,A,N,P,N,R,K,F,F,V
Cavia_porcellus,M,A,L,T,D,A,D,V,Q,K,Q,I,K,H,M,M,A,F,I,E,Q,E,A,N,E,K,A,E,E,I,D,A,K,A,E,E,E,F,N,I,E,K,G,R,L,V,Q,S,Q,R,L,K,I,M,E,Y,Y,E,K,K,E,K,Q,I,E,Q,Q,K,K,I,Q,L,S,T,M,R,N,Q,A,R,L,K,V,L,T,A,R,D,D,L,I,S,E,L,L,S,E,A,K,L,R,L,S,R,I,V,A,N,T,V,V,Y,Q,K,L,L,D,Q,L,V,L,Q,G,L,L,R,L,L,E,P,M,M,I,V,R,C,R,P,Q,D,C,F,L,V,Q,A,A,V,Q,K,A,I,P,E,Y,M,M,A,S,Q,K,Q,V,L,V,Q,I,D,H,E,T,H,L,P,R,Y,A,A,G,G,V,E,I,Y,S,G,N,Q,M,I,K,V,S,N,T,L,E,S,R,L,E,L,S,A,R,Q,K,M,P,E,I,R,T,A,L,F,G,A,N,A,N,R,K,F,F,I
Cervus_elaphus_hippelaphus,-,-,-,-,-,-,-,-,-,-,-,-,-,-,-,-,-,-,-,-,-,-,-,-,-,-,-,-,-,-,-,-,-,-,-,-,-,-,-,-,-,-,-,-,-,-,-,-,-,-,-,-,-,-,-,-,-,-,-,-,-,-,-,-,-,-,-,-,-,-,-,-,-,-,-,-,-,-,-,-,-,-,-,-,-,-,-,-,-,-,-,-,-,-,-,-,-,-,-,-,-,-,-,-,-,-,-,-,-,-,-,-,-,-,-,-,-,-,-,-,-,-,-,-,-,-,-,-,-,-,-,-,-,-,-,-,-,-,-,-,-,-,-,-,-,-,-,-,-,-,-,-,-,-,-,-,-,-,-,-,-,-,-,-,-,-,-,-,-,-,-,-,-,-,-,-,-,-,-,-,-,-,-,-,-,-,-,-,-,-,-,-,-,-,-,-,-,-,-,-,-,-,-,-,-,-,-,-,-,-,-,-,-,-,-,-,-,-,-,-,-,-,-,-,-,-
Chinchilla_lanigera,M,A,L,T,D,A,D,V,Q,K,Q,I,K,H,M,M,A,F,I,E,Q,E,A,N,E,K,A,E,E,I,D,A,K,A,E,E,E,F,N,I,E,K,G,R,L,V,Q,S,Q,R,L,K,I,M,E,Y,Y,E,K,K,E,K,Q,I,E,Q,Q,K,K,I,Q,M,S,T,M,R,N,Q,A,R,L,K,V,L,T,A,R,D,D,L,I,S,E,L,L,R,D,A,K,L,R,L,D,R,I,V,A,D,Q,V,M,Y,Q,E,L,L,D,K,L,V,L,Q,G,L,L,R,L,L,E,P,V,M,I,V,R,C,R,P,Q,D,S,F,L,V,R,T,A,V,Q,K,A,I,P,E,Y,V,M,V,S,Q,K,H,V,Q,V,Q,I,D,Q,E,A,F,L,A,G,N,A,A,G,G,V,E,V,Y,S,G,N,Q,M,I,K,V,S,S,T,L,E,S,R,L,D,L,S,A,Q,Q,K,M,P,E,I,R,E,A,L,F,G,P,N,V,N,R,K,F,F,I
Choloepus_didactylus,M,A,L,S,D,A,D,V,Q,K,Q,I,K,H,M,M,A,F,I,E,Q,E,A,N,E,K,A,E,E,I,D,A,K,A,E,E,E,F,N,I,E,K,G,R,L,V,Q,T,Q,R,L,K,I,M,E,Y,Y,E,K,K,E,K,H,I,E,Q,Q,K,K,I,Q,M,S,T,V,R,N,Q,A,R,L,Q,V,L,R,G,R,D,D,L,V,S,D,L,L,N,D,A,K,Q,R,L,S,R,M,V,A,D,P,E,I,Y,Q,G,L,M,D,K,L,V,L,Q,G,L,L,C,L,L,E,P,L,V,I,V,R,C,R,P,Q,D,F,L,V,V,E,A,A,L,Q,K,A,I,P,E,Y,M,M,A,S,Q,K,Q,V,E,V,L,V,D,Q,E,M,Y,L,P,A,H,M,A,G,G,V,E,I,Y,S,G,D,Q,R,I,K,I,S,N,T,L,E,S,R,L,D,L,L,A,Q,Q,R,M,P,E,I,L,R,A,L,F,G,A,N,P,N,R,K,F,F,L
Cricetulus_griseus,M,A,L,T,D,L,D,V,Q,K,Q,I,K,H,M,M,A,F,I,E,Q,E,A,N,E,K,A,E,E,I,D,A,K,A,E,E,E,F,N,I,E,K,G,R,L,V,Q,T,Q,R,L,K,I,M,D,Y,Y,E,K,K,E,K,Q,I,E,Q,Q,K,K,I,Q,L,S,T,M,R,N,Q,A,R,L,T,V,L,R,A,R,D,N,L,I,L,E,L,L,K,E,A,K,V,R,L,S,K,I,V,L,D,L,D,I,Y,Q,E,L,L,D,K,L,V,L,Q,A,L,I,R,L,L,E,P,V,M,I,V,R,C,R,Q,Q,D,L,H,L,V,E,A,A,V,Q,R,A,I,P,H,Y,M,I,L,C,Q,K,H,S,E,V,Q,V,D,R,E,A,Y,L,S,S,N,A,A,G,G,V,E,V,Y,S,N,D,Q,R,I,K,V,S,N,T,L,E,S,R,L,N,L,A,A,L,E,K,M,P,E,I,R,K,T,L,F,G,V,N,A,N,R,K,F,F,T
Dasypus_novemcinctus,M,A,L,S,D,V,D,V,Q,K,Q,I,K,H,M,M,A,F,I,E,Q,E,A,N,E,K,A,E,E,I,D,A,K,A,E,E,E,F,N,I,E,K,G,R,L,V,Q,T,Q,R,L,K,I,M,E,Y,Y,E,K,K,E,K,Q,I,E,Q,Q,K,K,I,Q,L,S,A,V,K,N,Q,A,R,L,K,V,L,R,G,R,D,N,L,I,S,E,L,L,N,E,A,K,R,R,L,I,K,L,E,A,N,P,E,V,Y,Q,E,L,M,D,K,L,V,L,Q,G,L,L,R,L,L,E,S,H,V,I,V,R,C,R,P,Q,D,L,L,V,A,E,A,A,V,Q,K,A,I,P,K,Y,K,V,A,S,Q,K,H,V,E,V,H,V,D,Q,E,V,H,L,P,E,H,M,A,G,G,V,E,V,Y,S,A,D,Q,R,I,K,L,S,N,T,L,E,S,R,L,D,L,L,A,Q,Q,R,M,P,E,I,R,K,A,L,F,G,A,N,P,N,R,K,Y,F,I
Dipodomys_ordii,M,A,L,N,D,N,D,V,Q,K,Q,I,K,H,M,M,A,F,I,E,Q,E,A,N,E,K,A,E,E,I,D,A,K,S,E,E,E,F,N,I,E,K,G,H,L,V,Q,T,Q,R,L,K,I,M,D,Y,Y,E,K,K,E,K,Q,I,E,Q,Q,K,K,I,Q,L,S,T,L,R,N,Q,A,R,L,K,V,L,A,A,R,D,D,L,I,S,E,L,L,E,E,A,K,M,R,L,S,R,M,V,V,D,L,K,V,Y,Q,E,L,L,D,K,L,V,L,Q,A,L,L,R,L,L,E,P,V,M,I,V,R,C,R,P,Q,D,S,L,L,V,D,A,A,V,Q,K,A,I,P,D,Y,V,M,V,S,Q,K,Q,V,E,I,K,I,D,Q,E,T,F,L,P,A,S,S,L,G,G,V,E,V,Y,S,N,N,Q,K,I,K,V,S,N,T,L,E,S,R,L,E,F,L,S,E,Q,K,M,P,E,I,R,R,C,L,F,G,A,N,P,N,R,K,F,F,V
Dipodomys_spectabilis,M,A,L,N,D,N,D,V,Q,K,Q,I,K,H,M,M,A,F,I,E,Q,E,A,N,E,K,A,E,E,I,D,A,K,S,E,E,E,F,N,I,E,K,G,H,L,V,Q,T,Q,R,L,K,I,M,D,Y,Y,E,K,K,E,K,Q,I,E,Q,Q,K,K,I,Q,L,S,T,L,R,N,Q,A,R,L,K,V,L,A,A,R,D,D,L,I,A,E,L,L,E,E,A,K,M,R,L,S,R,M,V,V,D,L,K,V,Y,Q,E,L,L,D,K,L,V,L,Q,A,L,L,R,L,L,E,P,V,M,I,V,R,C,R,P,Q,D,S,L,L,V,D,A,A,V,Q,K,A,I,P,D,Y,V,M,I,S,Q,K,Q,V,E,I,K,I,D,Q,E,T,F,L,P,A,S,S,L,G,G,V,E,V,Y,S,N,N,Q,K,I,K,V,S,N,T,L,E,S,R,L,E,F,L,S,E,Q,K,M,P,E,I,R,R,C,L,F,G,A,N,P,N,R,K,F,F,V
Dromiciops_gliroides,-,-,-,-,-,-,-,-,-,-,-,-,-,-,-,-,-,-,-,-,-,-,-,-,-,-,-,-,-,-,-,-,-,-,-,-,-,-,-,-,-,-,-,-,-,-,-,-,-,-,-,-,-,-,-,-,-,-,-,-,-,-,-,-,-,-,-,-,-,-,-,-,-,-,-,-,-,-,-,-,-,-,-,-,-,-,-,-,-,-,-,-,-,-,-,-,-,-,-,-,-,-,-,-,-,-,-,-,-,-,-,-,-,-,-,-,-,-,-,-,-,-,-,-,-,-,-,-,-,-,-,-,-,-,-,-,-,-,-,-,-,-,-,-,-,-,-,-,-,-,-,-,-,-,-,-,-,-,-,-,-,-,-,-,-,-,-,-,-,-,-,-,-,-,-,-,-,-,-,-,-,-,-,-,-,-,-,-,-,-,-,-,-,-,-,-,-,-,-,-,-,-,-,-,-,-,-,-,-,-,-,-,-,-,-,-,-,-,-,-,-,-,-,-,-,-
Elephantulus_edwardii,M,A,L,N,G,M,D,V,Q,K,Q,I,K,H,M,M,A,F,I,E,Q,E,A,N,E,K,T,E,E,I,D,A,K,A,D,E,E,F,N,I,E,K,G,R,L,V,Q,T,Q,R,L,Q,I,M,E,Y,Y,E,K,K,E,K,Q,I,E,Q,Q,K,K,I,Q,L,S,T,V,K,N,Q,A,R,L,E,V,L,R,A,R,D,D,L,V,V,D,L,L,T,E,A,R,Q,R,L,S,N,I,V,E,D,P,T,I,Y,Q,E,L,L,E,K,L,L,L,Q,S,L,F,R,L,L,E,P,R,V,L,V,R,C,R,P,Q,D,T,L,F,M,E,T,A,L,Q,K,V,I,P,R,Y,T,E,V,S,C,K,A,V,V,V,H,I,D,Q,E,V,F,L,P,A,N,L,A,G,G,L,E,A,Y,S,F,D,H,R,V,M,V,S,N,T,L,E,G,R,L,D,I,L,A,Q,H,R,M,P,E,I,R,K,A,L,F,G,A,N,A,N,R,K,F,F,T
Equus_caballus,M,A,L,S,D,V,D,V,Q,K,Q,I,K,H,M,M,A,F,I,E,Q,E,A,N,E,K,A,E,E,I,D,A,K,A,E,E,E,F,N,I,E,K,G,R,L,V,Q,T,Q,R,L,K,I,M,E,Y,Y,E,K,K,E,K,Q,I,E,Q,Q,K,K,I,Q,M,S,T,I,K,N,Q,A,R,L,K,V,L,R,A,R,D,D,L,I,S,E,L,L,N,E,A,K,L,R,L,S,R,V,V,A,D,P,E,I,Y,Q,G,L,L,D,Q,L,V,L,Q,G,L,L,R,L,L,E,P,V,V,I,V,R,C,R,P,Q,D,L,L,L,V,E,A,A,V,Q,K,A,I,P,D,Y,I,S,V,S,Q,K,R,V,E,V,R,V,D,Q,E,V,H,L,A,M,M,A,A,G,G,V,E,V,Y,S,G,N,Q,R,I,K,V,S,N,T,L,E,S,R,L,D,L,L,A,Q,Q,K,M,P,E,I,R,K,A,L,F,G,A,N,A,N,R,K,F,F,I
Erinaceus_europaeus,M,A,L,S,D,V,D,V,Q,K,Q,I,K,H,M,M,A,F,I,E,Q,E,A,N,E,K,A,E,E,I,D,A,K,A,E,E,E,F,N,I,E,K,G,R,L,V,Q,T,Q,R,L,K,I,M,E,Y,Y,E,K,K,E,K,Q,I,E,Q,Q,K,K,I,Q,M,S,T,M,R,N,Q,A,R,L,K,V,L,R,A,R,D,D,L,I,T,E,L,L,N,E,A,K,M,R,L,S,R,I,V,E,D,P,E,F,Y,Q,S,L,L,N,K,L,V,L,Q,G,L,L,R,L,L,E,P,V,V,I,V,R,C,R,P,Q,D,I,L,L,V,K,A,A,V,Q,T,A,I,P,E,Y,V,A,I,S,Q,K,E,V,Q,V,Q,V,E,Q,E,V,H,L,I,T,S,A,A,G,G,V,D,I,Y,S,G,D,Q,K,I,K,V,C,N,T,L,E,S,R,L,N,L,L,A,Q,Q,K,M,P,D,I,R,K,A,L,F,G,A,N,A,N,R,K,F,F,M
Eumetopias_jubatus,M,A,L,S,D,V,D,V,Q,K,Q,I,K,H,M,M,A,F,I,E,Q,E,A,N,E,K,A,E,E,I,D,A,K,S,E,E,E,F,N,I,E,K,G,R,L,V,Q,T,Q,R,L,K,I,M,E,Y,Y,E,K,K,E,K,Q,I,E,Q,Q,K,K,I,Q,M,S,T,M,R,N,Q,A,R,L,K,V,L,R,A,R,D,D,L,V,S,E,L,L,N,D,A,K,L,R,L,S,R,I,V,A,D,P,E,I,Y,Q,G,L,L,D,K,L,V,L,Q,G,L,L,R,L,L,E,P,M,V,I,V,R,C,R,P,Q,D,I,L,L,V,E,A,A,V,Q,K,A,I,P,E,Y,M,M,V,S,Q,K,C,V,D,V,Q,V,D,Q,E,V,H,L,A,M,N,A,A,G,G,V,E,V,Y,S,G,N,Q,R,I,K,I,S,N,T,L,E,S,R,L,D,L,L,A,Q,Q,K,M,P,E,I,R,K,A,L,F,G,A,N,A,N,R,K,F,F,I
Felis_catus,M,A,L,S,D,V,D,V,Q,K,Q,I,K,H,M,M,A,F,I,E,Q,E,A,N,E,K,A,E,E,I,D,A,K,S,E,E,E,F,N,I,E,K,G,R,L,V,Q,T,Q,R,L,K,I,M,E,Y,Y,E,K,K,E,K,Q,I,E,Q,Q,K,K,I,Q,M,S,T,T,R,N,Q,A,R,L,K,V,L,R,A,R,D,D,L,I,S,E,L,L,S,D,A,K,L,R,L,S,G,I,V,A,D,P,A,I,Y,Q,G,L,L,D,K,L,V,L,Q,G,L,L,R,L,L,E,P,V,A,I,V,R,C,R,P,Q,D,L,L,L,V,E,A,A,V,Q,K,A,I,P,E,Y,M,M,V,S,Q,K,C,V,E,V,Q,V,D,Q,E,V,H,L,A,T,N,T,A,G,G,V,E,V,Y,S,G,N,Q,R,I,K,V,S,N,T,L,E,S,R,L,D,L,L,A,Q,Q,K,M,P,D,I,R,K,A,L,F,G,A,N,A,N,R,K,F,F,I
Fukomys_damarensis,M,A,L,T,D,A,A,V,Q,K,Q,I,K,H,M,M,A,F,I,E,Q,E,A,N,E,K,A,E,E,I,D,A,K,A,E,E,E,F,N,I,E,K,G,R,L,V,Q,S,Q,R,L,K,I,M,E,Y,Y,E,K,K,E,K,Q,I,E,Q,Q,K,K,I,Q,M,S,T,M,R,N,Q,A,R,L,K,V,L,T,A,Q,D,D,L,I,S,E,L,L,S,D,A,K,L,R,L,S,R,I,V,A,D,P,L,M,Y,Q,E,L,L,S,K,L,V,L,Q,T,L,L,R,L,L,E,P,V,M,I,V,R,C,R,P,Q,D,S,L,L,V,E,A,A,V,Q,K,A,I,P,E,Y,V,M,I,S,Q,K,Q,V,Q,V,R,L,D,Q,E,A,Y,L,A,R,S,A,A,G,G,V,E,V,Y,S,C,N,Q,M,I,K,V,S,N,T,L,E,S,R,L,D,L,S,A,R,Q,K,M,P,E,I,R,K,A,L,F,G,A,N,A,N,R,K,F,F,V
Galeopterus_variegatus,M,A,L,S,D,V,D,V,Q,K,Q,I,K,Q,M,M,A,F,I,E,Q,E,A,S,E,K,A,E,E,I,D,A,K,A,E,E,E,F,N,I,E,K,G,R,L,V,Q,T,Q,R,L,K,I,M,E,Y,Y,E,K,K,E,K,Q,I,E,Q,Q,K,K,I,Q,M,S,T,M,R,N,Q,A,R,L,E,V,L,R,A,R,D,E,L,I,S,I,L,L,N,D,A,K,L,R,L,D,S,I,V,E,D,T,K,I,Y,Q,E,L,L,D,K,L,V,L,Q,A,L,L,R,L,L,E,P,V,M,I,V,R,C,R,P,Q,D,L,L,L,V,E,A,A,V,Q,K,A,I,P,E,Y,M,M,V,S,Q,K,H,V,K,V,Q,I,D,Q,G,A,H,L,A,V,N,A,A,G,G,V,E,V,Y,S,S,D,Q,R,I,K,V,S,N,T,L,E,S,R,L,D,L,L,A,Q,Q,K,M,P,E,I,R,M,A,L,F,G,G,N,A,N,R,K,F,F,M
Gracilinanus_agilis,-,-,-,-,-,-,-,-,-,-,-,-,-,-,-,-,-,-,-,-,-,-,-,-,-,-,-,-,-,-,-,-,-,-,-,-,-,-,-,-,-,-,-,-,-,-,-,-,-,-,-,-,-,-,-,-,-,-,-,-,-,-,-,-,-,-,-,-,-,-,-,-,-,-,-,-,-,-,-,-,-,-,-,-,-,-,-,-,-,-,-,-,-,-,-,-,-,-,-,-,-,-,-,-,-,-,-,-,-,-,-,-,-,-,-,-,-,-,-,-,-,-,-,-,-,-,-,-,-,-,-,-,-,-,-,-,-,-,-,-,-,-,-,-,-,-,-,-,-,-,-,-,-,-,-,-,-,-,-,-,-,-,-,-,-,-,-,-,-,-,-,-,-,-,-,-,-,-,-,-,-,-,-,-,-,-,-,-,-,-,-,-,-,-,-,-,-,-,-,-,-,-,-,-,-,-,-,-,-,-,-,-,-,-,-,-,-,-,-,-,-,-,-,-,-,-
Grammomys_surdaster,M,A,L,T,D,I,D,V,Q,K,Q,I,K,H,M,M,A,F,I,E,Q,E,A,S,E,K,A,E,E,I,D,A,K,A,E,E,E,F,N,I,E,K,G,R,L,V,Q,T,Q,R,L,K,I,M,D,Y,F,E,K,K,E,K,Q,I,E,Q,Q,K,K,I,Q,L,S,T,M,R,N,Q,A,R,L,T,V,L,R,A,R,D,N,L,I,L,E,L,L,R,D,A,K,M,R,L,G,R,I,V,S,D,E,E,T,Y,Q,D,L,L,D,K,L,V,L,Q,A,S,L,R,L,L,E,P,V,M,I,V,R,C,R,P,Q,D,L,H,L,V,E,S,A,V,L,R,A,I,P,Q,Y,M,M,L,C,Q,K,H,L,E,V,Q,V,D,Q,T,E,F,L,A,S,N,A,A,G,G,V,E,V,Y,S,S,D,Q,K,I,K,V,S,N,T,L,E,S,R,L,N,L,A,A,M,Q,K,M,P,E,I,R,R,T,L,F,G,D,N,V,N,R,K,F,F,T
Heterocephalus_glaber,M,A,L,T,D,A,G,V,Q,K,Q,I,K,H,M,M,A,F,I,E,Q,E,A,N,E,K,A,K,E,I,D,T,K,A,E,E,E,F,N,I,E,K,G,R,L,V,Q,S,Q,R,L,K,I,M,E,Y,Y,E,K,K,E,K,Q,I,E,Q,Q,K,K,I,Q,M,S,T,M,R,N,Q,V,R,L,K,V,L,T,A,R,N,N,L,I,S,E,L,L,S,D,A,K,L,R,L,S,R,I,V,A,D,P,L,T,Y,Q,E,L,L,D,K,L,V,L,Q,A,L,L,Q,L,L,E,P,V,M,I,V,R,S,R,P,Q,D,F,L,L,M,V,A,A,V,Q,K,A,I,P,E,Y,M,M,I,S,Q,K,Q,V,Q,V,Q,I,D,Q,E,A,H,L,A,R,S,A,A,G,G,V,E,V,Y,S,C,N,Q,M,V,K,V,S,N,T,L,E,S,R,L,D,L,S,A,Q,Q,K,M,P,E,I,Q,K,A,L,F,G,A,N,A,H,R,K,F,V,V
Hyaena_hyaena,M,A,L,S,D,V,D,V,Q,K,Q,I,K,H,M,M,A,F,I,E,Q,E,A,N,E,K,A,E,E,I,D,A,K,A,E,E,E,F,N,I,E,K,G,R,L,V,Q,T,Q,R,L,K,I,M,E,Y,Y,E,K,K,E,K,Q,I,E,Q,Q,K,K,I,Q,M,S,T,M,R,N,Q,A,R,L,K,V,L,R,A,R,D,D,L,I,S,E,L,L,S,D,A,K,L,R,L,S,R,I,V,A,D,P,E,I,Y,Q,G,L,L,G,K,L,V,L,Q,G,L,L,R,L,L,E,P,V,V,I,V,R,C,R,P,Q,D,L,L,L,V,A,A,A,V,Q,R,A,I,P,E,Y,M,M,V,S,Q,K,C,V,E,V,Q,V,D,Q,E,V,H,L,A,T,N,A,A,G,G,V,E,V,Y,S,G,N,Q,R,I,K,V,S,N,T,L,E,S,R,L,D,L,L,A,Q,Q,K,M,P,E,I,R,K,A,L,F,G,A,N,A,N,R,K,F,F,V
Jaculus_jaculus,M,A,L,S,D,V,D,V,Q,K,Q,I,K,H,M,M,A,F,I,E,Q,E,A,N,E,K,S,E,E,I,D,A,K,A,E,E,E,F,N,I,E,K,G,R,L,V,Q,T,Q,R,L,K,I,M,D,Y,Y,E,K,K,E,K,Q,I,E,Q,Q,K,K,I,Q,L,S,T,I,R,N,Q,A,R,L,E,V,L,R,A,R,D,D,L,I,S,A,L,L,R,D,A,K,L,R,L,S,R,I,V,Q,D,P,V,A,Y,Q,E,L,L,D,R,L,V,L,Q,A,L,L,R,L,L,E,P,V,M,I,V,R,C,R,P,Q,D,L,P,L,V,E,V,A,V,R,K,A,V,P,I,Y,M,M,V,S,Q,K,R,V,E,V,Q,I,D,Q,E,V,H,L,P,V,H,T,A,G,G,V,E,V,Y,S,N,N,E,K,I,K,V,S,N,T,L,E,S,R,L,A,L,S,A,Q,E,K,M,P,E,I,R,R,V,L,F,G,D,N,A,N,R,K,F,F,M
Lemur_catta,M,A,L,S,D,V,D,V,Q,K,Q,I,K,H,M,M,A,F,I,E,Q,E,A,N,E,K,A,E,E,I,D,A,K,A,E,E,E,F,N,I,E,K,G,R,L,V,Q,T,Q,R,L,K,I,M,E,Y,Y,E,K,K,E,K,Q,I,E,Q,Q,K,K,I,Q,M,S,T,M,R,N,Q,A,R,L,Q,V,L,R,A,R,D,D,L,I,S,E,L,L,H,D,A,K,M,R,L,S,Q,I,V,E,D,P,D,I,Y,Q,E,L,L,D,K,L,V,L,Q,A,L,L,R,L,L,E,P,V,M,I,V,R,C,R,P,Q,D,L,L,L,V,E,A,A,V,Q,K,A,I,P,E,Y,M,M,V,S,Q,K,D,V,E,V,Q,I,D,Q,E,A,H,L,A,V,N,A,A,G,G,V,E,V,Y,S,G,N,Q,R,I,K,V,S,N,T,L,E,S,R,L,D,L,S,A,Q,Q,K,M,P,E,I,R,M,A,L,F,G,A,N,A,N,R,K,F,F,I
Leptonychotes_weddellii,M,A,L,S,D,V,D,V,Q,K,Q,I,K,H,M,M,A,F,I,E,Q,E,A,N,E,K,A,E,E,I,D,A,K,S,E,E,E,F,N,I,E,K,G,R,L,V,Q,T,Q,R,L,K,I,M,E,Y,Y,E,K,K,E,K,Q,I,E,Q,Q,K,K,I,Q,M,S,T,M,R,N,Q,A,R,L,K,V,L,R,A,R,D,D,L,V,S,E,L,L,N,D,A,K,L,R,L,S,R,V,V,A,D,P,E,I,Y,Q,G,L,L,D,K,L,V,L,Q,G,L,L,R,L,L,E,P,V,V,I,V,R,C,R,P,Q,D,I,L,L,V,E,A,A,V,Q,K,A,I,P,E,Y,M,I,V,S,Q,K,C,V,D,V,Q,V,D,Q,E,V,H,L,A,M,H,A,A,G,G,V,E,V,Y,S,G,N,Q,R,I,K,V,S,N,T,L,E,S,R,L,D,L,L,A,Q,Q,K,M,P,E,I,R,K,A,L,F,G,A,N,A,N,R,K,F,F,V
Lontra_canadensis,M,A,L,S,D,V,D,V,Q,K,Q,I,K,H,M,M,A,F,I,E,Q,E,A,N,E,K,A,E,E,I,D,A,K,S,E,E,E,F,N,I,E,K,G,R,L,V,Q,T,Q,R,L,K,I,M,E,Y,Y,E,K,K,E,K,Q,I,E,Q,Q,K,K,I,Q,M,S,T,M,R,N,Q,A,R,L,K,V,L,R,A,R,D,D,L,I,S,E,L,L,N,G,A,K,L,R,L,S,R,I,V,A,D,P,E,I,Y,Q,G,L,L,D,K,L,V,L,Q,G,L,L,R,L,L,E,P,V,V,I,V,R,C,R,P,Q,D,I,L,L,V,E,A,A,V,Q,K,A,I,P,E,Y,M,I,V,S,Q,K,C,V,E,V,Q,I,D,Q,E,V,H,L,A,M,N,A,A,G,G,V,E,V,Y,S,G,N,Q,R,I,K,V,S,N,T,L,E,S,R,L,D,L,L,A,Q,Q,K,M,P,E,I,R,E,A,L,F,G,A,N,A,N,R,K,F,F,M
Lynx_canadensis,M,A,L,S,D,V,D,V,Q,K,Q,I,K,H,M,M,A,F,I,E,Q,E,A,N,E,K,A,E,E,I,D,A,K,S,E,E,E,F,N,I,E,K,G,R,L,V,Q,T,Q,R,L,K,I,M,E,Y,Y,E,K,K,E,K,Q,I,E,Q,Q,K,K,I,Q,M,S,T,M,R,N,Q,A,R,L,K,V,L,R,A,R,D,D,L,I,S,E,L,L,S,D,A,K,L,R,L,S,G,I,V,A,D,P,A,I,Y,Q,E,L,L,D,K,L,V,L,Q,G,L,L,R,L,L,E,P,V,A,I,V,R,C,R,P,Q,D,L,L,L,V,E,A,A,V,Q,K,A,I,P,E,Y,M,M,V,S,Q,K,C,V,E,V,Q,V,D,Q,E,V,H,L,A,T,N,T,A,G,G,V,E,V,Y,S,G,N,Q,R,I,K,V,S,N,T,L,E,G,R,L,D,L,L,A,Q,Q,K,M,P,D,I,R,K,A,L,F,G,A,N,A,N,R,K,F,F,I
Manis_javanica,M,A,L,N,D,V,D,V,P,K,Q,V,K,H,M,M,A,F,I,E,Q,E,A,N,E,K,A,E,E,I,D,A,K,A,E,E,E,F,N,I,E,K,G,H,L,V,Q,M,Q,Q,L,K,I,I,E,Y,Y,E,K,E,E,K,Q,I,E,Q,Q,K,E,I,Q,M,S,T,M,R,N,Q,A,R,L,K,V,L,R,A,R,D,D,L,I,S,E,L,L,N,D,V,K,L,R,L,S,R,T,V,A,D,P,T,V,Y,R,G,L,L,D,K,L,V,L,Q,G,L,L,R,L,L,E,P,M,A,I,V,R,C,R,P,Q,D,L,L,L,V,E,A,A,V,Q,K,A,I,P,E,Y,V,T,V,S,Q,K,C,V,E,V,H,V,D,Q,E,V,Y,L,A,T,N,A,A,G,G,V,E,V,Y,S,G,D,Q,R,I,K,V,S,N,T,L,E,S,R,L,D,L,L,A,Q,Q,K,M,P,E,I,R,K,A,L,F,G,A,N,A,N,R,K,F,F,I
Manis_pentadactyla,M,A,L,N,D,V,D,V,P,K,Q,V,K,H,M,M,A,F,I,E,Q,E,A,N,E,K,A,E,E,I,D,A,K,A,E,E,E,F,N,I,E,K,G,C,L,V,K,M,Q,Q,L,K,I,M,E,Y,Y,E,K,K,E,K,Q,I,E,Q,Q,K,E,I,H,M,S,T,M,R,N,Q,A,R,V,K,V,L,R,A,R,D,D,L,I,S,E,L,L,N,D,V,K,L,R,L,S,R,T,V,V,D,P,T,V,Y,R,G,L,L,D,K,L,V,L,Q,G,L,L,-,L,L,E,P,M,A,I,V,C,C,R,P,Q,D,L,L,L,V,E,A,A,V,Q,K,A,I,P,E,Y,V,T,V,S,Q,K,C,V,E,V,Q,V,D,Q,E,V,H,L,A,T,N,A,A,G,G,V,E,V,Y,S,G,D,Q,R,I,K,V,S,N,T,L,E,S,R,L,D,L,L,A,Q,Q,K,M,P,E,I,-,K,A,L,F,G,A,N,S,N,R,K,F,F,I
Mastomys_coucha,M,A,L,T,D,I,D,V,Q,K,Q,I,K,H,M,M,A,F,I,E,Q,E,A,N,E,K,A,E,E,I,D,A,K,A,E,E,E,F,N,I,E,K,G,R,L,V,Q,T,Q,R,L,K,I,M,D,Y,F,E,K,K,E,K,Q,I,E,Q,Q,K,K,I,Q,L,S,T,M,R,N,Q,A,R,I,T,V,L,R,A,R,D,N,L,I,L,E,L,L,R,D,A,K,T,R,L,S,R,I,V,S,D,E,E,V,Y,R,D,L,L,D,K,L,V,L,Q,A,L,L,R,L,L,E,P,V,M,I,V,R,C,R,P,Q,D,L,H,L,V,E,S,A,V,L,R,A,I,P,R,Y,M,M,L,C,Q,K,H,L,E,V,Q,V,D,E,T,E,H,L,A,S,N,A,V,G,G,V,E,V,Y,S,S,D,Q,K,I,K,V,S,N,T,L,E,S,R,L,N,L,A,A,V,Q,K,M,P,E,I,R,R,S,L,F,G,D,N,A,N,R,K,F,F,T
Meles_meles,M,A,L,S,D,V,D,V,Q,K,Q,I,K,H,M,M,A,F,I,E,Q,E,A,N,E,K,A,E,E,I,D,A,K,S,E,E,E,F,N,I,E,K,G,R,L,V,Q,T,Q,R,L,K,I,M,E,Y,Y,E,K,K,E,K,Q,I,E,Q,Q,K,K,I,Q,M,S,T,M,R,N,Q,A,R,L,K,V,L,R,A,R,D,D,L,I,S,E,L,L,N,D,A,K,L,R,L,S,R,I,V,A,D,P,E,I,Y,Q,G,L,L,D,K,L,V,L,Q,G,L,L,R,L,L,E,P,V,V,I,V,R,C,R,P,Q,D,I,L,L,V,E,A,A,V,Q,K,A,I,P,E,Y,M,I,V,S,Q,K,C,V,E,V,Q,I,D,Q,E,V,H,L,A,I,N,A,A,G,G,V,E,I,Y,S,G,N,Q,R,I,K,V,S,N,T,L,E,S,R,L,D,L,L,A,Q,Q,K,M,P,E,I,R,E,A,L,F,G,A,N,A,N,R,K,F,F,I
Meriones_unguiculatus,M,A,L,T,D,I,D,V,Q,K,Q,I,K,H,M,T,A,F,I,E,Q,E,A,N,E,K,A,E,E,I,D,A,K,A,E,E,E,F,N,I,E,K,G,R,L,V,Q,T,Q,R,L,K,I,M,D,Y,Y,E,K,K,E,K,Q,I,E,Q,Q,K,K,I,Q,L,S,T,M,R,N,Q,A,R,L,T,V,L,R,A,R,D,N,L,V,L,E,L,L,R,D,A,K,E,R,L,S,R,V,V,L,D,V,D,T,Y,Q,E,L,L,D,K,L,V,L,Q,A,L,L,R,L,L,E,P,V,M,I,V,R,C,R,S,Q,D,L,H,L,V,E,A,A,V,Q,R,V,T,P,Q,Y,M,V,L,C,Q,K,H,S,D,I,Q,V,D,Q,D,A,Y,L,V,P,S,A,A,G,G,V,E,V,Y,S,G,D,Q,K,I,K,V,S,N,T,L,E,S,R,L,S,I,A,A,L,E,K,M,P,E,I,R,R,T,L,F,G,S,N,A,N,R,K,F,F,I
Mesocricetus_auratus,M,A,L,T,D,L,D,V,Q,K,Q,I,K,H,M,M,A,F,I,E,Q,E,A,N,E,K,A,E,E,I,D,A,K,A,E,E,E,F,N,I,E,K,G,R,L,V,Q,T,Q,R,L,K,I,M,D,Y,Y,E,K,K,E,K,Q,I,E,Q,Q,K,K,I,Q,L,S,T,M,R,N,Q,A,R,L,T,V,L,R,A,R,D,N,L,V,L,E,L,L,K,D,A,K,V,R,L,S,R,V,V,L,D,L,H,V,Y,Q,E,L,L,D,K,L,V,L,Q,A,L,L,R,L,L,E,P,V,M,I,V,R,C,R,P,Q,D,L,H,L,V,E,A,A,V,Q,R,A,I,P,Q,Y,-,-,-,-,-,-,-,-,-,-,Q,V,D,Q,E,A,Y,L,S,S,N,A,A,G,G,V,E,V,Y,S,S,D,H,R,I,K,V,S,N,T,L,E,S,R,L,N,L,A,A,L,E,K,M,P,D,I,R,R,T,L,F,G,G,N,A,N,R,K,F,F,T
Microcebus_murinus,M,A,L,S,D,V,D,V,Q,K,Q,I,K,H,M,M,A,F,I,E,Q,E,A,N,E,K,A,E,E,I,D,A,K,A,E,E,E,F,N,I,E,K,G,R,L,V,Q,T,Q,R,L,K,I,M,E,Y,Y,E,K,K,E,K,Q,I,E,Q,Q,K,K,I,Q,M,S,T,M,R,N,Q,A,R,L,Q,V,L,R,A,R,D,D,L,I,S,E,L,L,Q,D,A,K,L,K,L,S,N,I,V,E,D,P,D,I,Y,Q,E,L,L,D,K,L,V,L,Q,A,L,F,R,L,L,E,P,V,M,I,V,R,C,R,P,Q,D,L,L,L,V,E,A,A,V,Q,K,A,I,P,E,Y,M,M,F,S,Q,K,D,V,E,V,Q,I,D,Q,E,T,F,L,A,V,N,A,A,G,G,V,E,V,Y,S,G,N,Q,R,I,K,V,S,N,T,L,E,S,R,L,D,L,S,A,Q,Q,K,M,P,E,I,R,M,A,L,F,G,A,N,A,N,R,K,F,F,I
Microtus_fortis,M,A,L,S,D,T,D,V,Q,K,Q,I,K,H,M,M,A,F,I,E,Q,E,A,N,E,K,A,E,E,I,D,A,K,A,E,E,E,F,N,I,E,K,G,R,L,V,Q,T,Q,R,L,K,I,M,D,Y,Y,E,K,K,E,K,Q,I,E,Q,Q,K,K,I,H,L,S,T,M,R,N,Q,A,R,I,T,V,L,R,A,R,D,N,L,I,L,E,L,L,M,D,A,K,M,R,L,S,T,I,V,L,D,P,D,I,Y,Q,E,L,L,D,K,L,V,L,Q,A,F,L,R,L,L,E,P,A,M,I,V,R,C,R,P,Q,D,L,H,L,V,E,A,A,V,Q,R,A,L,P,Q,Y,V,M,L,C,Q,K,R,L,E,V,Q,V,D,H,E,A,Y,L,S,P,N,A,A,G,G,V,E,V,Y,S,S,D,Q,K,I,K,V,S,N,T,L,E,S,R,L,T,L,A,A,L,E,K,M,P,E,I,R,R,A,L,F,G,G,N,A,N,R,K,F,F,T
Microtus_ochrogaster,M,A,L,S,D,T,D,V,Q,K,Q,I,K,H,M,M,A,F,I,E,Q,E,A,N,E,K,A,E,E,I,D,A,K,A,E,E,E,F,N,I,E,K,G,R,L,V,Q,T,Q,R,L,K,I,M,D,Y,Y,E,K,K,E,K,Q,I,E,Q,Q,K,K,I,Q,L,S,T,M,R,N,Q,A,R,I,T,V,L,R,A,R,D,N,L,I,L,E,L,L,K,D,A,K,T,R,L,S,T,I,V,L,D,P,D,I,Y,Q,E,L,L,D,K,L,V,L,Q,A,F,L,R,L,L,E,P,A,M,I,V,R,C,R,P,Q,D,L,H,L,V,E,A,A,V,Q,R,A,L,P,Q,Y,L,M,L,C,Q,K,R,S,D,V,Q,V,D,H,E,A,Y,L,S,P,N,A,A,G,G,V,E,V,Y,S,S,D,Q,K,I,K,V,S,N,T,L,E,S,R,L,T,L,A,A,M,E,K,M,P,E,I,R,R,A,L,F,G,G,N,A,N,R,K,F,F,T
Microtus_oregoni,M,A,L,S,D,T,D,V,Q,K,Q,I,K,H,M,M,A,F,I,E,Q,E,A,N,E,K,A,E,E,I,D,A,K,A,E,E,E,F,N,I,E,K,G,R,L,V,Q,T,Q,R,L,K,I,M,D,Y,Y,E,K,K,E,K,Q,I,E,Q,Q,K,K,I,Q,L,S,T,M,R,N,Q,A,R,I,T,V,L,R,A,R,D,N,L,I,L,E,L,L,K,D,A,K,M,R,L,S,I,I,V,L,D,P,D,I,Y,Q,E,L,L,D,K,L,V,L,Q,A,F,L,R,L,L,E,P,A,M,I,V,R,C,R,P,Q,D,L,H,L,V,E,A,A,V,Q,R,A,L,P,Q,Y,V,M,L,C,Q,K,R,S,D,V,Q,V,D,H,K,A,Y,L,S,P,N,A,A,G,G,V,E,V,Y,S,S,D,Q,K,I,K,V,S,N,T,L,E,S,R,L,T,L,A,A,L,E,K,M,P,E,I,R,R,A,L,F,G,G,N,S,N,R,K,F,F,T
Mirounga_angustirostris,M,A,L,S,D,V,D,V,Q,K,Q,I,K,H,M,M,A,F,I,E,Q,E,A,N,E,K,A,E,E,I,D,A,K,S,E,E,E,F,N,I,E,K,G,R,L,V,Q,T,Q,R,L,K,I,M,E,Y,Y,E,K,K,E,K,Q,I,E,Q,Q,K,K,I,Q,M,S,T,M,R,N,Q,A,R,L,K,V,L,R,A,R,D,D,L,V,S,E,L,L,N,D,A,K,L,R,L,S,R,V,V,A,D,P,E,I,Y,Q,G,L,L,D,K,L,V,L,Q,G,L,L,R,L,L,E,P,V,V,I,V,R,C,R,P,Q,D,I,L,L,V,E,A,A,V,Q,K,A,I,P,E,Y,M,I,V,S,Q,K,C,V,D,V,Q,V,D,Q,E,V,H,L,A,M,N,A,A,G,G,V,E,V,Y,S,G,N,Q,R,I,K,V,S,N,T,L,E,S,R,L,D,L,L,A,Q,Q,K,M,P,E,I,R,K,A,L,F,G,A,N,A,N,R,K,F,F,I
Mirounga_leonina,M,A,L,S,D,V,D,V,Q,K,Q,I,K,H,M,M,A,F,I,E,Q,E,A,N,E,K,A,E,E,I,D,A,K,S,E,E,E,F,N,I,E,K,G,R,L,V,Q,T,Q,R,L,K,I,M,E,Y,Y,E,K,K,E,K,Q,I,E,Q,Q,K,K,I,Q,M,S,T,M,R,N,Q,A,R,L,K,V,L,R,A,R,D,D,L,V,S,E,L,L,N,D,A,K,L,R,L,S,R,V,V,A,D,P,E,I,Y,Q,G,L,L,D,K,L,V,L,Q,G,L,L,R,L,L,E,P,V,V,I,V,R,C,R,P,Q,D,I,L,L,V,E,A,A,V,Q,K,A,I,P,E,Y,M,I,V,S,Q,K,C,V,D,V,Q,V,D,Q,E,V,H,L,A,M,N,A,A,G,G,V,E,V,Y,S,G,N,Q,R,I,K,V,S,N,T,L,E,S,R,L,D,L,L,A,Q,Q,K,M,P,E,I,R,K,A,L,F,G,A,N,A,N,R,K,F,F,I
Monodelphis_domestica,-,-,-,-,-,-,-,-,-,-,-,-,-,-,-,-,-,-,-,-,-,-,-,-,-,-,-,-,-,-,-,-,-,-,-,-,-,-,-,-,-,-,-,-,-,-,-,-,-,-,-,-,-,-,-,-,-,-,-,-,-,-,-,-,-,-,-,-,-,-,-,-,-,-,-,-,-,-,-,-,-,-,-,-,-,-,-,-,-,-,-,-,-,-,-,-,-,-,-,-,-,-,-,-,-,-,-,-,-,-,-,-,-,-,-,-,-,-,-,-,-,-,-,-,-,-,-,-,-,-,-,-,-,-,-,-,-,-,-,-,-,-,-,-,-,-,-,-,-,-,-,-,-,-,-,-,-,-,-,-,-,-,-,-,-,-,-,-,-,-,-,-,-,-,-,-,-,-,-,-,-,-,-,-,-,-,-,-,-,-,-,-,-,-,-,-,-,-,-,-,-,-,-,-,-,-,-,-,-,-,-,-,-,-,-,-,-,-,-,-,-,-,-,-,-,-
Mus_caroli,M,A,L,T,D,T,D,V,Q,K,Q,I,K,H,M,M,A,F,I,E,Q,E,A,N,E,K,A,E,E,I,D,A,K,A,E,E,E,F,N,I,E,K,G,R,L,V,Q,T,Q,R,L,K,I,M,D,Y,F,E,K,K,E,K,Q,I,E,Q,Q,K,K,I,Q,L,S,T,M,R,N,Q,A,R,I,T,V,L,R,A,R,D,N,L,I,L,E,L,L,K,D,A,K,M,R,L,S,R,I,V,S,D,E,E,I,Y,Q,D,L,L,D,K,L,V,L,Q,A,L,L,R,L,L,E,P,V,M,I,V,R,C,R,P,Q,D,L,H,L,V,E,Y,A,V,V,R,A,I,P,Q,Y,M,R,L,C,Q,K,H,L,E,V,Q,V,D,Q,T,E,H,L,P,S,N,A,A,G,G,V,E,V,Y,S,S,D,Q,K,I,K,V,S,N,T,L,E,S,R,L,N,L,A,A,M,Q,K,M,P,E,I,R,G,I,L,F,G,D,N,T,S,R,K,F,F,T
Mus_musculus,M,A,L,T,D,I,D,V,Q,K,Q,I,K,H,M,M,A,F,I,E,Q,E,A,N,E,K,A,E,E,I,D,A,K,A,E,E,E,F,N,I,E,K,G,R,L,V,Q,T,Q,R,L,K,I,M,D,Y,F,E,K,K,E,K,Q,I,E,Q,Q,K,K,I,Q,L,S,T,M,R,N,Q,A,R,I,T,V,L,R,A,R,D,N,L,I,L,E,L,L,K,D,A,K,M,R,L,S,R,I,V,S,D,E,E,I,Y,Q,D,L,L,D,K,L,V,L,Q,A,L,L,R,L,L,E,P,V,M,I,V,R,C,R,P,Q,D,L,H,L,V,E,S,A,V,L,R,A,I,P,Q,Y,M,R,L,C,Q,K,H,L,E,V,Q,V,D,Q,T,E,H,L,P,S,N,A,A,G,G,V,E,V,Y,S,S,D,Q,K,I,K,V,S,N,T,L,E,S,R,L,N,L,A,A,M,Q,K,M,P,E,I,R,G,I,L,F,G,D,N,T,S,R,K,F,F,T
Mus_pahari,M,A,L,T,D,M,D,V,Q,K,Q,I,K,H,M,M,A,F,I,E,Q,E,A,N,E,K,A,E,E,I,D,A,K,A,E,E,E,F,N,I,E,K,G,R,L,V,Q,T,Q,R,L,K,I,M,D,Y,F,E,K,K,E,K,Q,I,E,Q,Q,K,K,I,Q,L,S,T,M,R,N,Q,A,R,I,T,V,L,R,A,R,D,N,L,V,L,E,L,L,K,D,A,K,M,R,L,S,R,V,V,S,D,E,E,I,Y,Q,D,L,L,D,K,L,V,L,Q,A,L,L,R,L,L,E,P,V,M,I,V,R,C,R,P,Q,D,L,R,L,V,E,S,A,V,L,R,A,I,P,Q,Y,M,R,L,C,Q,K,H,L,E,V,Q,V,D,Q,T,E,H,L,P,S,N,A,A,G,G,V,E,V,Y,S,S,N,Q,K,I,K,V,C,N,T,L,E,S,R,L,N,L,A,A,M,Q,K,M,P,E,I,R,G,I,L,F,G,D,N,M,N,R,K,F,F,T
Mustela_erminea,M,A,L,S,D,V,D,V,Q,K,Q,I,K,H,M,M,A,F,I,E,Q,E,A,N,E,K,A,E,E,I,D,A,K,S,E,E,E,F,N,I,E,K,G,R,L,V,Q,T,Q,R,L,K,I,M,E,Y,Y,E,K,K,E,K,Q,I,E,Q,Q,K,K,I,Q,M,S,T,M,R,N,Q,A,R,L,K,V,L,R,A,R,D,D,L,I,S,E,L,L,N,D,A,K,L,R,L,S,R,I,V,A,D,P,E,I,Y,Q,G,L,L,D,K,L,V,L,Q,G,L,L,R,L,L,E,P,V,V,I,V,R,C,R,P,Q,D,I,L,L,V,E,A,A,V,Q,K,A,I,P,E,Y,M,I,I,S,Q,K,C,V,E,V,Q,I,D,Q,E,V,H,L,A,M,N,T,A,G,G,V,E,V,Y,S,G,N,Q,R,I,K,V,S,N,T,L,E,S,R,L,D,L,L,A,Q,Q,K,M,P,E,I,R,E,A,L,F,G,A,N,A,N,R,K,F,F,I
Mustela_putorius_furo,M,A,L,S,D,V,D,V,Q,K,Q,I,K,H,M,M,A,F,I,E,Q,E,A,N,E,K,A,E,E,I,D,A,K,S,E,E,E,F,N,I,E,K,G,R,L,V,Q,T,Q,R,L,K,I,M,E,Y,Y,E,K,K,E,K,Q,I,E,Q,Q,K,K,I,Q,M,S,T,M,R,N,Q,A,R,L,K,V,L,R,A,R,D,D,L,I,S,E,L,L,N,D,A,K,L,R,L,S,R,I,V,A,D,P,E,I,Y,Q,G,L,L,D,K,L,V,L,Q,G,L,L,R,L,L,E,P,V,V,I,V,R,C,R,P,Q,D,I,L,L,V,E,A,A,V,Q,K,A,I,P,E,Y,M,I,I,S,Q,K,C,V,E,V,Q,I,D,Q,E,V,H,L,A,M,N,T,A,G,G,V,E,V,Y,S,G,N,Q,R,I,K,V,S,N,T,L,E,S,R,L,D,L,L,A,Q,Q,K,M,P,E,I,R,E,A,L,F,G,A,N,A,N,R,K,F,F,I
Myodes_glareolus,M,A,L,S,D,T,D,V,Q,K,Q,I,K,H,M,M,A,F,I,E,Q,E,A,N,E,K,A,E,E,I,D,A,K,A,E,E,E,F,N,I,E,K,G,R,L,V,Q,T,Q,R,L,K,I,M,D,Y,Y,E,K,K,E,K,Q,I,E,Q,Q,K,K,I,Q,L,S,T,M,R,N,Q,A,R,I,T,V,L,R,A,R,D,N,L,I,L,E,L,L,E,D,A,K,V,R,L,S,T,I,V,L,D,P,D,V,Y,Q,E,L,L,D,K,L,V,L,Q,A,L,L,R,L,L,E,P,A,M,I,V,R,C,R,P,Q,D,L,H,L,V,E,A,A,V,Q,R,A,L,P,Q,Y,L,M,L,C,Q,K,R,S,D,V,Q,V,D,H,E,A,Y,L,A,P,N,A,A,G,G,V,E,V,Y,S,S,D,Q,K,I,K,V,S,N,T,L,E,S,R,L,T,L,A,A,L,E,K,M,P,E,I,R,R,T,L,F,G,G,N,A,N,R,K,F,F,T
Neogale_vison,M,A,L,S,D,V,D,V,Q,K,Q,I,K,H,M,M,A,F,I,E,Q,E,A,N,E,K,A,E,E,I,D,A,K,S,E,E,E,F,N,I,E,K,G,R,L,V,Q,T,Q,R,L,K,I,M,E,Y,Y,E,K,K,E,K,Q,I,E,Q,Q,K,K,I,Q,M,S,T,M,R,N,Q,A,R,L,K,V,L,R,A,R,D,D,L,I,S,E,L,L,N,D,A,K,L,R,L,S,R,I,V,A,D,P,E,I,Y,Q,G,L,L,D,K,L,V,L,Q,G,L,L,R,L,L,E,P,V,V,I,V,R,C,R,P,Q,D,I,L,L,V,E,A,A,V,Q,K,A,I,P,E,Y,M,I,V,S,Q,K,C,V,E,V,Q,I,D,Q,E,V,H,L,A,M,N,T,A,G,G,V,E,I,Y,S,G,N,Q,R,I,K,V,S,N,T,L,E,S,R,L,D,L,L,A,Q,Q,K,M,P,E,I,R,E,A,L,F,G,A,N,A,N,R,K,F,F,I
Odobenus_rosmarus_divergens,M,A,L,S,D,V,D,V,Q,K,Q,I,K,H,M,M,A,F,I,E,Q,E,A,N,E,K,A,E,E,I,D,A,K,S,E,E,E,F,N,I,E,K,G,R,L,V,Q,T,Q,R,L,K,I,M,E,Y,Y,E,K,K,E,K,Q,I,E,Q,Q,K,K,I,Q,M,S,T,M,R,N,Q,A,R,L,K,V,L,R,A,R,D,D,L,V,S,E,L,L,N,D,A,K,L,R,L,S,R,I,V,A,D,P,E,I,Y,Q,G,L,L,D,K,L,V,L,Q,G,L,L,R,L,L,E,P,V,V,I,I,R,C,R,P,Q,D,I,L,L,V,E,A,A,V,Q,K,A,I,P,E,Y,M,I,V,S,Q,K,C,V,D,V,Q,V,D,Q,E,V,H,L,A,M,N,A,A,G,G,V,E,V,Y,S,G,N,Q,R,I,K,V,S,N,T,L,E,S,R,L,D,L,L,A,Q,Q,K,M,P,E,I,R,K,A,L,F,G,A,N,A,N,R,K,F,F,I
Odocoileus_virginianus_texanus,M,A,L,S,D,F,D,V,Q,K,Q,I,K,H,M,M,A,F,I,E,Q,E,A,N,E,K,A,E,E,I,D,A,K,A,E,E,E,F,N,I,E,K,G,R,L,V,Q,T,Q,R,L,K,I,I,E,Y,Y,E,K,K,E,K,Q,I,E,Q,Q,K,K,I,Q,M,S,A,L,R,N,Q,A,R,L,K,V,L,Q,A,R,N,D,L,I,S,E,L,L,N,D,A,K,L,R,L,S,Q,M,V,T,D,R,K,F,Y,Q,G,L,L,D,K,L,V,L,Q,G,L,L,R,L,L,E,A,V,M,I,V,R,C,R,P,Q,D,H,L,L,V,E,A,A,V,Q,R,A,I,P,Q,Y,T,T,V,S,H,R,C,V,E,V,Q,V,D,K,E,V,Q,L,A,T,D,T,I,G,G,V,E,V,Y,S,S,D,Q,R,I,M,V,S,N,T,L,E,S,R,L,D,L,L,A,Q,Q,K,M,P,E,I,R,K,A,L,F,G,A,N,D,S,R,K,F,F,V
Onychomys_torridus,M,A,L,T,D,I,D,V,Q,K,Q,I,K,H,M,M,A,F,I,E,Q,E,A,N,E,K,A,E,E,I,D,A,K,T,E,E,E,F,S,I,E,K,G,R,L,V,Q,T,Q,R,L,K,I,M,D,Y,Y,E,K,K,E,K,Q,I,E,Q,Q,K,K,I,Q,L,S,T,M,R,N,Q,A,R,L,T,V,L,R,A,R,D,D,L,I,L,E,L,L,R,D,A,K,-,-,-,-,-,-,-,-,-,-,-,V,Y,Q,E,L,L,D,K,L,V,L,Q,S,L,L,R,L,L,E,P,V,M,I,V,R,C,R,L,Q,D,L,H,L,V,E,A,A,V,Q,R,A,I,P,Q,Y,V,M,L,C,Q,K,H,S,D,V,Q,V,D,Q,E,I,Y,L,P,S,N,T,A,G,G,V,E,V,Y,S,G,D,H,R,I,K,V,S,N,T,L,E,S,R,L,N,L,A,A,L,E,K,M,P,E,I,R,K,A,L,F,G,V,N,A,N,R,K,F,F,I
Ornithorhynchus_anatinus,-,-,-,-,-,-,-,-,-,-,-,-,-,-,-,-,-,-,-,-,-,-,-,-,-,-,-,-,-,-,-,-,-,-,-,-,-,-,-,-,-,-,-,-,-,-,-,-,-,-,-,-,-,-,-,-,-,-,-,-,-,-,-,-,-,-,-,-,-,-,-,-,-,-,-,-,-,-,-,-,-,-,-,-,-,-,-,-,-,-,-,-,-,-,-,-,-,-,-,-,-,-,-,-,-,-,-,-,-,-,-,-,-,-,-,-,-,-,-,-,-,-,-,-,-,-,-,-,-,-,-,-,-,-,-,-,-,-,-,-,-,-,-,-,-,-,-,-,-,-,-,-,-,-,-,-,-,-,-,-,-,-,-,-,-,-,-,-,-,-,-,-,-,-,-,-,-,-,-,-,-,-,-,-,-,-,-,-,-,-,-,-,-,-,-,-,-,-,-,-,-,-,-,-,-,-,-,-,-,-,-,-,-,-,-,-,-,-,-,-,-,-,-,-,-,-
Orycteropus_afer_afer,M,A,L,S,D,V,D,V,Q,K,Q,I,K,H,M,M,A,F,I,E,Q,E,A,N,E,K,A,E,E,I,D,A,K,A,E,E,E,F,N,I,E,K,G,R,L,V,Q,T,Q,R,L,K,I,M,E,Y,Y,E,K,K,E,K,Q,I,E,Q,Q,K,K,I,Q,M,S,T,V,R,N,Q,A,R,L,K,V,L,K,T,R,D,D,L,I,S,D,L,L,T,E,A,K,Q,R,L,S,R,I,T,A,D,A,D,I,Y,Q,E,L,L,H,K,L,V,L,Q,S,L,F,R,L,L,E,P,Q,V,L,V,R,C,R,P,Q,D,V,L,L,L,E,T,A,V,Q,R,A,I,P,D,Y,V,M,V,S,Q,K,G,V,E,V,H,V,D,Q,E,V,Y,L,P,A,N,S,A,G,G,L,E,A,Y,S,G,N,Q,K,I,K,V,S,N,T,L,D,S,R,L,D,L,L,A,Q,Q,M,M,P,E,I,R,R,A,L,F,G,A,N,A,N,R,K,F,F,M
Oryctolagus_cuniculus,M,A,L,S,D,T,D,V,Q,K,Q,I,K,H,M,M,A,F,I,E,Q,E,A,N,E,K,S,E,E,I,D,A,K,A,E,E,E,F,N,I,E,K,G,R,L,V,Q,T,Q,R,L,K,I,M,E,Y,Y,E,K,K,E,R,Q,I,E,Q,Q,K,K,I,Q,V,S,T,L,R,N,Q,A,R,L,R,V,L,R,A,R,D,D,L,I,S,E,L,L,S,D,A,K,L,R,L,G,R,L,V,E,D,P,Q,V,Y,Q,G,L,L,D,K,L,T,L,Q,A,L,L,R,L,L,E,P,V,V,I,V,R,C,R,P,Q,D,V,L,L,V,Q,A,A,V,Q,K,A,V,S,Q,Y,V,M,V,C,Q,K,P,V,E,V,H,L,D,Q,E,A,H,L,A,A,S,A,A,G,G,V,E,V,Y,S,S,D,Q,R,I,K,V,S,N,T,L,E,S,R,L,D,L,S,A,Q,E,Q,M,P,E,I,R,T,A,L,F,G,A,N,A,N,R,K,F,F,I
Oryx_dammah,M,A,L,S,D,V,D,V,Q,K,Q,I,K,H,M,M,A,F,I,E,Q,E,A,N,E,K,A,E,E,I,D,A,K,A,E,E,E,F,N,I,E,K,G,R,L,V,Q,T,Q,R,L,K,I,M,E,Y,Y,E,K,K,E,K,Q,I,E,Q,Q,K,K,I,Q,M,S,T,M,R,N,Q,A,R,L,K,V,L,R,A,R,N,D,L,I,S,E,L,L,N,D,A,K,L,R,L,R,R,I,V,T,D,P,K,F,Y,Q,G,L,L,D,K,L,V,L,Q,G,L,L,R,L,L,E,P,V,V,I,V,R,C,R,P,Q,D,H,L,L,V,E,A,A,V,Q,R,A,I,R,Q,Y,T,T,V,S,H,R,C,V,E,V,Q,V,D,K,E,V,R,L,A,A,D,T,T,G,G,V,E,V,Y,S,S,D,Q,R,I,M,V,S,N,T,L,E,S,R,L,D,L,L,S,Q,Q,K,M,P,E,I,R,K,A,L,F,G,A,N,A,N,R,K,F,F,V
Otolemur_garnettii,M,S,L,S,D,V,D,V,Q,K,Q,I,K,H,M,M,A,F,I,E,Q,E,A,N,E,K,A,E,E,I,D,A,K,A,E,E,E,F,N,I,E,K,G,R,L,V,Q,T,Q,R,L,K,I,M,E,Y,Y,E,K,K,E,K,Q,I,E,Q,Q,K,K,I,Q,V,S,T,M,R,N,Q,A,R,L,Q,V,L,R,A,R,N,D,L,I,S,K,L,L,N,D,A,K,L,R,L,S,R,I,V,E,D,P,D,I,Y,Q,G,L,L,D,K,L,V,L,Q,A,L,F,R,L,L,E,P,V,M,V,V,R,C,R,P,Q,D,L,L,L,V,E,A,A,V,E,R,A,V,S,E,Y,V,M,V,S,Q,K,Q,V,E,I,H,I,D,Q,E,A,H,L,P,M,N,S,A,G,G,V,E,V,Y,S,I,N,Q,K,I,K,V,S,N,T,L,E,S,R,L,D,L,L,A,E,Q,K,M,P,E,I,R,T,A,L,F,G,A,N,A,N,R,K,F,F,I
Panthera_leo,M,A,L,S,D,V,D,V,Q,K,Q,I,K,H,M,M,A,F,I,E,Q,E,A,N,E,K,A,E,E,I,D,A,K,S,E,E,E,F,N,I,E,K,G,R,L,V,Q,T,Q,R,L,K,I,M,E,Y,Y,E,K,K,E,K,Q,I,E,Q,Q,K,K,I,Q,M,S,T,M,R,N,Q,A,R,L,K,V,L,R,A,R,D,D,L,I,S,E,L,L,S,D,A,K,L,R,L,S,G,I,V,A,D,P,A,I,Y,Q,G,L,L,D,K,L,V,L,Q,G,L,L,R,L,L,E,P,V,A,I,V,R,C,R,P,Q,D,L,L,L,V,E,A,A,V,Q,K,A,I,P,E,Y,M,M,V,S,Q,K,C,V,E,V,Q,V,D,Q,E,V,H,L,A,T,N,A,A,G,G,V,E,V,Y,S,S,N,Q,R,I,K,V,S,N,T,L,E,S,R,L,D,L,L,A,Q,Q,K,M,P,D,I,R,K,A,L,F,G,A,N,A,N,R,K,F,F,I
Panthera_pardus,M,A,L,S,D,V,D,V,Q,K,Q,I,K,H,M,M,A,F,I,E,Q,E,A,N,E,K,A,E,E,I,D,A,K,S,E,E,E,F,N,I,E,K,G,R,L,V,Q,T,Q,R,L,K,I,M,E,Y,Y,E,K,K,E,K,Q,I,E,Q,Q,K,K,I,Q,M,S,T,M,R,N,Q,A,R,L,K,V,L,R,A,R,D,D,L,I,S,E,L,L,S,D,A,K,L,R,L,S,G,I,V,A,D,P,A,I,Y,Q,G,L,L,D,K,L,V,L,Q,G,L,L,R,L,L,E,P,V,A,I,I,R,C,R,P,Q,D,L,L,L,V,E,A,A,V,Q,K,A,I,P,E,Y,M,M,V,S,Q,K,C,V,E,V,Q,V,D,Q,E,V,H,L,A,T,N,A,A,G,G,V,E,V,Y,S,G,N,Q,R,I,K,V,S,N,T,L,E,S,R,L,D,L,L,A,Q,Q,K,M,P,D,I,R,K,A,L,F,G,A,N,A,N,R,K,F,F,I
Panthera_uncia,M,A,L,S,D,V,D,V,Q,K,Q,I,K,H,M,M,A,F,I,E,Q,E,A,N,E,K,A,E,E,I,D,A,K,S,E,E,E,F,N,I,E,K,G,R,L,V,Q,T,Q,R,L,K,I,M,E,Y,Y,E,K,K,E,K,Q,I,E,Q,Q,K,K,I,Q,M,S,T,M,R,N,Q,A,R,L,K,V,L,R,A,R,D,D,L,I,S,E,L,L,S,D,A,K,L,R,L,S,G,I,V,A,D,P,A,I,Y,Q,G,L,L,D,K,L,V,L,Q,G,L,L,R,L,L,E,P,V,A,I,V,R,C,R,P,Q,D,L,L,L,V,E,A,A,V,Q,K,A,I,P,E,Y,M,M,V,S,Q,K,C,V,E,V,Q,V,D,Q,E,V,H,L,A,T,N,A,A,G,G,V,E,V,Y,S,S,N,Q,R,I,K,V,S,N,T,L,E,S,R,L,D,L,L,A,Q,Q,K,M,P,D,I,R,K,A,L,F,G,A,N,A,N,R,K,F,F,I
Perognathus_longimembris_pacificus,M,A,L,N,D,N,D,V,Q,K,Q,I,K,H,M,M,A,F,I,E,Q,E,A,N,E,K,A,E,E,I,D,A,K,S,E,E,E,F,N,I,E,K,G,H,L,V,Q,T,Q,R,L,K,I,M,D,Y,Y,E,K,K,E,K,Q,I,E,Q,Q,K,K,I,Q,L,S,T,L,R,N,Q,A,R,L,R,V,L,A,A,R,D,D,L,I,S,E,L,L,D,E,A,K,L,R,L,S,R,M,V,A,D,L,K,A,Y,Q,E,L,L,D,K,L,V,L,Q,A,L,V,R,L,L,E,P,V,M,I,V,R,C,R,P,Q,D,T,L,M,V,D,T,S,V,Q,R,V,L,P,Q,Y,V,M,A,T,Q,K,Q,V,E,I,K,I,D,Q,E,T,F,L,P,L,S,S,L,G,G,V,E,V,Y,S,S,N,Q,K,I,K,V,S,N,T,L,E,S,R,L,E,F,L,S,E,Q,K,M,P,E,I,R,R,C,L,F,G,A,N,P,N,R,K,F,F,V
Peromyscus_californicus_insignis,M,A,L,T,D,I,D,V,Q,K,Q,I,K,H,M,M,A,F,I,E,Q,E,A,N,E,K,A,E,E,I,D,A,K,T,E,E,E,F,N,I,E,K,G,R,L,V,Q,T,Q,R,L,K,I,M,D,Y,Y,E,K,K,E,K,Q,I,E,Q,Q,K,K,I,Q,L,S,T,M,R,N,Q,A,R,L,T,V,L,R,A,R,D,D,L,I,L,E,L,L,R,E,A,K,E,R,L,-,-,-,-,-,-,-,-,-,Y,Q,E,L,L,D,K,L,V,L,Q,S,L,L,R,L,L,E,S,V,M,I,V,R,C,R,P,Q,D,L,H,L,V,E,A,A,V,Q,R,A,I,P,Q,Y,V,M,L,C,Q,K,H,S,D,V,Q,V,D,Q,E,I,Y,L,P,S,N,T,A,G,G,V,E,V,Y,S,G,D,H,R,I,K,V,S,N,T,L,E,S,R,L,S,L,A,A,L,A,M,M,P,E,I,R,K,T,L,F,G,V,N,A,N,R,K,F,F,I
Peromyscus_leucopus,M,A,L,T,D,V,D,V,Q,K,Q,I,K,H,M,M,A,F,I,E,Q,E,A,N,E,K,A,E,E,I,D,T,K,T,E,E,E,F,N,I,E,K,G,R,L,V,Q,T,Q,R,L,K,I,M,D,Y,Y,E,K,K,E,K,Q,I,E,Q,Q,K,K,I,Q,L,S,T,M,R,N,Q,A,R,L,T,V,L,R,A,R,D,D,L,I,L,E,L,L,R,E,A,K,E,R,L,S,K,T,V,S,D,L,G,V,Y,Q,E,L,L,D,K,L,V,L,Q,S,L,L,R,L,L,E,P,V,M,L,V,R,C,R,P,Q,D,L,H,L,V,E,A,A,V,Q,R,A,I,P,Q,Y,V,M,L,C,Q,K,H,S,D,V,Y,V,D,Q,E,I,Y,L,P,S,N,T,A,G,G,V,E,V,Y,S,G,D,H,R,I,K,V,S,N,T,L,E,S,R,L,N,L,-,-,-,-,-,-,-,-,-,-,-,-,-,-,-,-,-,-,-,-,-,-,-,-
Peromyscus_maniculatus_bairdii,M,A,L,T,D,V,D,V,Q,K,Q,I,K,H,M,M,A,F,I,E,Q,E,A,N,E,K,A,E,E,I,D,T,K,T,E,E,E,F,N,I,E,K,G,R,L,V,Q,T,Q,R,L,K,I,M,D,Y,Y,E,K,K,E,K,Q,I,E,Q,Q,K,K,I,Q,L,S,T,M,R,N,Q,A,R,L,T,V,L,R,A,R,D,D,L,I,L,E,L,L,R,E,A,K,E,R,L,-,-,-,-,-,-,-,-,V,Y,Q,E,L,L,D,K,L,V,L,Q,S,L,L,R,L,L,E,P,V,M,L,V,R,C,R,P,Q,D,L,H,L,V,E,A,A,V,Q,R,A,I,P,Q,Y,V,M,L,C,Q,K,H,S,D,V,Y,V,D,Q,E,I,Y,L,P,S,N,T,A,G,G,V,E,V,Y,S,G,D,H,R,I,K,V,S,N,T,L,E,S,R,L,N,L,A,A,L,E,M,M,P,E,I,R,K,T,L,F,G,V,N,A,N,R,K,F,F,I
Phascolarctos_cinereus,-,-,-,-,-,-,-,-,-,-,-,-,-,-,-,-,-,-,-,-,-,-,-,-,-,-,-,-,-,-,-,-,-,-,-,-,-,-,-,-,-,-,-,-,-,-,-,-,-,-,-,-,-,-,-,-,-,-,-,-,-,-,-,-,-,-,-,-,-,-,-,-,-,-,-,-,-,-,-,-,-,-,-,-,-,-,-,-,-,-,-,-,-,-,-,-,-,-,-,-,-,-,-,-,-,-,-,-,-,-,-,-,-,-,-,-,-,-,-,-,-,-,-,-,-,-,-,-,-,-,-,-,-,-,-,-,-,-,-,-,-,-,-,-,-,-,-,-,-,-,-,-,-,-,-,-,-,-,-,-,-,-,-,-,-,-,-,-,-,-,-,-,-,-,-,-,-,-,-,-,-,-,-,-,-,-,-,-,-,-,-,-,-,-,-,-,-,-,-,-,-,-,-,-,-,-,-,-,-,-,-,-,-,-,-,-,-,-,-,-,-,-,-,-,-,-
Phoca_vitulina,M,A,L,S,D,V,D,V,Q,K,Q,I,K,H,M,M,A,F,I,E,Q,E,A,N,E,K,A,E,E,I,D,A,K,S,E,E,E,F,N,I,E,K,G,R,L,V,Q,T,Q,R,L,K,I,M,E,Y,Y,E,K,K,E,K,Q,I,E,Q,Q,K,K,I,Q,M,S,T,M,R,N,Q,A,R,L,K,V,L,R,A,R,D,D,L,V,S,E,L,L,N,D,A,K,L,R,L,S,R,V,V,A,D,P,E,I,Y,Q,G,L,L,D,K,L,V,L,Q,G,L,L,R,L,L,E,P,V,V,I,V,R,C,R,P,Q,D,I,L,L,V,E,A,A,V,Q,K,A,I,P,E,Y,M,I,V,S,Q,K,C,V,D,V,Q,V,D,Q,E,V,H,L,A,M,N,A,A,G,G,V,E,V,Y,S,G,N,Q,R,I,K,V,S,N,T,L,E,S,R,L,D,L,L,A,Q,Q,K,M,P,E,I,R,K,A,L,F,G,A,N,A,N,R,R,F,F,I
Phodopus_roborovskii,M,A,L,T,D,L,D,V,Q,K,Q,I,K,H,M,M,A,F,I,E,Q,E,A,N,E,K,A,E,E,I,D,A,K,A,E,E,E,F,N,I,E,K,G,R,L,V,Q,T,Q,R,L,K,I,M,D,Y,Y,E,K,K,E,K,Q,I,E,Q,Q,K,K,I,K,L,S,T,M,R,N,Q,A,R,L,T,V,L,R,A,R,D,N,L,I,L,E,L,L,K,D,A,K,L,R,L,S,R,I,V,S,D,P,D,I,Y,Q,E,L,L,D,K,L,V,L,Q,A,L,L,R,L,L,E,P,V,M,I,V,R,C,R,S,Q,D,L,H,L,V,E,A,A,V,Q,R,A,I,P,Q,Y,M,I,L,C,R,K,H,S,D,V,Q,V,D,Q,D,A,Y,L,S,S,N,A,A,G,G,V,E,V,Y,S,S,D,Q,R,I,K,V,S,N,T,L,E,S,R,L,N,L,A,A,L,E,K,M,P,E,I,R,R,T,L,F,G,G,N,A,N,R,K,F,F,T
Prionailurus_bengalensis_euptilurus,-,-,-,-,-,-,-,-,-,-,-,-,-,-,-,-,-,-,-,-,-,-,-,-,-,-,-,-,-,-,-,-,-,-,-,-,-,-,-,-,-,-,-,-,-,-,-,-,-,-,-,-,-,-,-,-,-,-,-,-,-,-,-,-,-,-,-,-,-,-,-,-,-,-,-,-,-,-,-,-,-,-,-,-,-,-,-,-,-,-,-,-,-,-,-,-,-,-,-,-,-,-,-,-,-,-,-,-,-,-,-,-,-,-,-,-,-,-,-,-,-,-,-,-,-,-,-,-,-,-,-,-,-,-,-,-,-,-,-,-,-,-,-,-,-,-,-,-,-,-,-,-,-,-,-,-,-,-,-,-,-,-,-,-,-,-,-,-,-,-,-,-,-,-,-,-,-,-,-,-,-,-,-,-,-,-,-,-,-,-,-,-,-,-,-,-,-,-,-,-,-,-,-,-,-,-,-,-,-,-,-,-,-,-,-,-,-,-,-,-,-,-,-,-,-,-
Puma_concolor,M,A,L,S,D,V,D,V,Q,K,Q,I,K,H,M,M,A,F,I,E,Q,E,A,N,E,K,A,E,E,I,D,A,K,S,E,E,E,F,N,I,E,K,G,H,L,V,Q,T,Q,R,L,K,I,M,E,Y,Y,E,K,K,E,K,Q,I,E,Q,Q,K,K,I,Q,M,S,T,V,R,N,Q,A,R,L,K,V,L,R,A,R,D,D,L,I,S,E,L,L,N,D,A,K,L,R,L,S,G,I,V,A,D,P,A,I,Y,Q,G,L,L,D,K,L,V,L,Q,G,L,L,R,L,L,E,P,V,A,I,V,R,C,R,P,Q,D,L,L,L,V,E,A,A,V,Q,K,A,I,P,E,Y,M,M,V,S,Q,K,C,V,E,V,Q,V,D,Q,E,V,H,L,A,T,N,T,A,G,G,V,E,V,Y,S,G,N,Q,R,I,K,V,S,N,T,L,E,S,R,L,D,L,L,A,Q,Q,K,M,P,D,I,R,K,A,L,F,G,A,N,A,N,R,K,F,F,I
Puma_yagouaroundi,M,A,L,S,D,V,D,V,Q,K,Q,I,K,H,M,M,A,F,I,E,Q,E,A,N,E,K,A,E,E,I,D,A,K,S,E,E,E,F,N,I,E,K,G,H,L,V,Q,T,Q,R,L,K,I,M,E,Y,Y,E,K,K,E,K,Q,I,E,Q,Q,K,K,I,Q,M,S,T,V,R,N,Q,A,R,L,K,V,L,R,A,R,D,D,L,I,S,E,L,L,N,D,A,K,L,R,L,S,G,I,V,A,D,P,A,I,Y,Q,G,L,L,D,K,L,V,L,Q,G,L,L,R,L,L,E,P,V,A,I,V,R,C,R,P,Q,D,L,L,L,V,E,A,A,V,Q,K,A,I,P,E,Y,M,M,V,S,H,K,C,V,E,V,Q,V,D,Q,E,V,H,L,A,A,N,T,A,G,G,V,E,V,Y,S,G,S,Q,R,I,K,V,S,N,T,L,E,S,R,L,D,L,L,A,Q,Q,K,M,P,D,I,R,K,A,L,F,G,A,N,A,N,R,K,F,F,I
Rattus_norvegicus,M,A,L,T,D,I,D,V,Q,K,Q,I,K,H,M,M,A,F,I,E,Q,E,A,N,E,K,A,E,E,I,D,A,K,A,E,E,E,F,N,I,E,K,G,R,L,V,Q,T,Q,R,L,K,I,M,D,Y,F,E,K,K,E,K,Q,I,E,Q,Q,K,K,I,Q,L,S,T,M,R,N,Q,A,R,I,T,V,L,R,A,R,D,N,L,I,L,E,L,L,K,E,A,K,M,R,L,S,R,I,V,S,D,E,E,F,Y,Q,D,L,L,D,K,L,V,L,Q,A,L,L,R,L,L,E,P,V,M,I,V,R,C,R,E,Q,D,F,Y,L,V,Q,S,A,L,L,R,A,I,P,Q,Y,M,M,L,C,Q,K,H,L,E,V,Q,I,D,Q,T,E,Y,L,S,S,N,A,A,G,G,V,E,V,Y,S,S,D,R,K,I,K,V,S,N,T,L,E,S,R,L,N,L,A,A,L,Q,N,M,P,E,I,R,R,T,L,F,G,D,N,S,N,R,K,F,F,T
Rattus_rattus,M,A,L,T,D,I,D,V,Q,K,Q,I,K,H,M,M,A,F,I,E,Q,E,A,N,E,K,A,E,E,I,D,A,K,A,E,E,E,F,N,I,E,K,G,R,L,V,Q,T,Q,R,L,K,I,M,D,Y,F,E,K,K,E,K,Q,I,E,Q,Q,K,K,I,Q,L,S,T,M,R,N,Q,A,R,I,T,V,L,R,A,R,D,N,L,I,L,E,L,L,K,E,A,K,M,R,L,S,R,I,V,S,D,E,E,F,Y,Q,D,L,L,D,K,L,V,L,Q,A,L,L,R,L,L,E,P,V,M,I,V,R,C,R,E,Q,D,F,Y,L,V,Q,S,A,L,L,R,A,I,P,Q,Y,M,M,L,C,Q,K,H,L,E,V,Q,I,D,Q,T,E,Y,L,S,S,N,A,A,G,G,V,E,V,Y,S,S,D,R,K,I,K,V,S,N,T,L,E,S,R,L,N,L,A,A,M,Q,N,M,P,E,I,R,R,T,L,F,G,D,N,S,N,R,K,F,F,T
Sarcophilus_harrisii,-,-,-,-,-,-,-,-,-,-,-,-,-,-,-,-,-,-,-,-,-,-,-,-,-,-,-,-,-,-,-,-,-,-,-,-,-,-,-,-,-,-,-,-,-,-,-,-,-,-,-,-,-,-,-,-,-,-,-,-,-,-,-,-,-,-,-,-,-,-,-,-,-,-,-,-,-,-,-,-,-,-,-,-,-,-,-,-,-,-,-,-,-,-,-,-,-,-,-,-,-,-,-,-,-,-,-,-,-,-,-,-,-,-,-,-,-,-,-,-,-,-,-,-,-,-,-,-,-,-,-,-,-,-,-,-,-,-,-,-,-,-,-,-,-,-,-,-,-,-,-,-,-,-,-,-,-,-,-,-,-,-,-,-,-,-,-,-,-,-,-,-,-,-,-,-,-,-,-,-,-,-,-,-,-,-,-,-,-,-,-,-,-,-,-,-,-,-,-,-,-,-,-,-,-,-,-,-,-,-,-,-,-,-,-,-,-,-,-,-,-,-,-,-,-,-
Suncus_etruscus,M,A,L,S,D,T,D,V,Q,K,Q,I,K,Q,I,M,A,F,I,E,Q,E,A,N,E,K,V,E,E,I,D,T,K,A,E,E,E,F,T,L,E,K,G,Y,I,E,Q,T,Q,R,P,R,I,M,E,Y,Y,E,K,K,E,K,Q,L,E,Q,Q,K,K,Y,-,M,N,T,I,R,N,Q,A,R,L,T,V,L,R,A,Q,N,D,L,I,T,E,L,L,D,T,A,K,Q,R,F,S,R,I,V,E,D,T,D,T,Y,Q,K,L,L,N,K,L,V,L,Q,G,L,L,W,L,L,E,P,V,A,I,V,R,-,-,-,-,-,-,-,L,V,K,A,A,V,Q,A,L,L,P,E,Y,K,A,M,S,K,R,L,V,Q,V,Q,V,D,E,E,T,Y,L,A,P,N,A,I,G,G,V,-,-,-,-,-,D,Q,K,I,K,V,S,V,T,L,E,S,R,L,A,L,V,A,Q,H,K,M,P,E,I,R,E,A,L,F,G,A,N,P,N,R,K,F,F,V
Sus_scrofa,M,A,L,S,D,V,D,V,Q,K,Q,I,K,H,M,M,A,F,I,E,Q,E,A,N,E,K,A,E,E,I,D,A,K,A,E,E,E,F,N,I,E,K,G,R,L,V,Q,T,Q,R,L,K,I,M,E,Y,Y,E,K,K,E,K,Q,I,E,Q,Q,K,K,I,Q,M,S,T,M,R,N,Q,A,R,L,K,V,L,R,A,R,N,D,L,I,S,E,L,L,N,D,A,K,L,S,L,S,R,I,V,A,D,Q,E,V,Y,Q,A,L,L,D,K,L,V,L,Q,G,L,L,R,L,L,E,P,V,V,I,I,R,C,R,P,Q,D,L,F,L,V,K,A,A,V,Q,K,A,I,P,Q,Y,T,T,I,S,H,K,H,V,E,V,Q,V,D,Q,E,V,Q,L,A,T,D,A,A,G,G,V,E,V,Y,S,G,D,Q,R,I,K,V,S,N,T,L,E,S,R,L,D,L,L,F,Q,Q,K,M,P,E,I,R,K,A,L,F,G,A,N,A,N,R,K,Y,F,V
Tachyglossus_aculeatus,-,-,-,-,-,-,-,-,-,-,-,-,-,-,-,-,-,-,-,-,-,-,-,-,-,-,-,-,-,-,-,-,-,-,-,-,-,-,-,-,-,-,-,-,-,-,-,-,-,-,-,-,-,-,-,-,-,-,-,-,-,-,-,-,-,-,-,-,-,-,-,-,-,-,-,-,-,-,-,-,-,-,-,-,-,-,-,-,-,-,-,-,-,-,-,-,-,-,-,-,-,-,-,-,-,-,-,-,-,-,-,-,-,-,-,-,-,-,-,-,-,-,-,-,-,-,-,-,-,-,-,-,-,-,-,-,-,-,-,-,-,-,-,-,-,-,-,-,-,-,-,-,-,-,-,-,-,-,-,-,-,-,-,-,-,-,-,-,-,-,-,-,-,-,-,-,-,-,-,-,-,-,-,-,-,-,-,-,-,-,-,-,-,-,-,-,-,-,-,-,-,-,-,-,-,-,-,-,-,-,-,-,-,-,-,-,-,-,-,-,-,-,-,-,-,-
Talpa_occidentalis,M,A,L,N,D,V,D,V,Q,K,Q,I,K,H,M,M,A,F,I,E,Q,E,A,N,E,K,T,E,E,I,D,A,K,A,E,E,E,F,N,I,E,K,G,R,L,V,Q,T,Q,R,L,K,I,M,E,Y,Y,E,K,K,E,K,Q,I,E,Q,Q,K,K,I,Q,M,S,T,L,R,N,Q,A,R,L,K,V,L,I,A,R,N,D,L,I,S,E,L,L,H,D,A,K,L,R,L,S,R,I,V,A,D,P,E,R,Y,Q,E,L,L,D,K,L,V,L,Q,G,L,L,R,L,L,E,P,I,V,I,I,R,C,R,P,Q,D,L,L,P,V,E,A,A,V,Q,K,A,I,P,E,Y,M,I,I,S,Q,K,Y,V,E,V,Q,V,D,Q,E,V,Y,L,A,T,N,A,A,G,G,V,D,M,Y,S,G,D,Q,R,I,K,V,S,N,T,L,E,S,R,L,D,L,L,A,Q,Q,K,M,P,D,I,R,K,A,L,F,G,A,N,A,N,R,K,F,F,I
Trichechus_manatus_latirostris,M,A,L,S,D,V,D,V,Q,K,Q,I,K,H,M,M,A,F,I,E,Q,E,A,N,E,K,A,E,E,I,D,A,K,A,E,E,E,F,N,I,E,K,G,R,L,V,Q,T,Q,R,L,K,I,R,E,Y,Y,E,K,K,E,K,Q,I,E,Q,Q,K,K,I,Q,M,S,T,V,R,N,Q,A,R,L,K,V,L,R,A,R,D,D,L,I,S,D,L,L,N,D,A,K,Q,R,L,S,R,I,V,A,D,Q,A,I,Y,Q,E,L,L,E,K,L,L,L,Q,S,L,L,R,L,L,E,P,Q,V,L,V,R,C,R,P,Q,D,V,L,L,I,E,S,A,V,Q,R,A,V,P,D,Y,M,A,V,S,Q,R,G,V,E,V,H,L,D,Q,E,A,S,L,P,A,N,S,A,G,G,V,E,A,Y,S,G,N,Q,K,I,K,V,S,N,T,L,E,S,R,L,D,L,L,A,Q,Q,R,M,P,E,I,R,K,A,L,F,G,A,N,A,N,R,K,F,F,T
Trichosurus_vulpecula,-,-,-,-,-,-,-,-,-,-,-,-,-,-,-,-,-,-,-,-,-,-,-,-,-,-,-,-,-,-,-,-,-,-,-,-,-,-,-,-,-,-,-,-,-,-,-,-,-,-,-,-,-,-,-,-,-,-,-,-,-,-,-,-,-,-,-,-,-,-,-,-,-,-,-,-,-,-,-,-,-,-,-,-,-,-,-,-,-,-,-,-,-,-,-,-,-,-,-,-,-,-,-,-,-,-,-,-,-,-,-,-,-,-,-,-,-,-,-,-,-,-,-,-,-,-,-,-,-,-,-,-,-,-,-,-,-,-,-,-,-,-,-,-,-,-,-,-,-,-,-,-,-,-,-,-,-,-,-,-,-,-,-,-,-,-,-,-,-,-,-,-,-,-,-,-,-,-,-,-,-,-,-,-,-,-,-,-,-,-,-,-,-,-,-,-,-,-,-,-,-,-,-,-,-,-,-,-,-,-,-,-,-,-,-,-,-,-,-,-,-,-,-,-,-,-
Ursus_arctos_horribilis,-,-,-,-,-,-,-,-,-,-,-,-,-,-,-,-,-,-,-,-,-,-,-,-,-,-,-,-,-,-,-,-,-,-,-,-,-,-,-,-,-,-,-,-,-,-,-,-,-,-,-,-,-,-,-,-,-,-,-,-,-,-,-,-,-,-,-,-,-,-,-,-,-,-,-,-,-,-,-,-,-,-,-,-,-,-,-,-,-,-,-,-,-,-,-,-,-,-,-,-,-,-,-,-,-,-,-,-,-,-,-,-,-,-,-,-,-,-,-,-,-,-,-,-,-,-,-,-,-,-,-,-,-,-,-,-,-,-,-,-,-,-,-,-,-,-,-,-,-,-,-,-,-,-,-,-,-,-,-,-,-,-,-,-,-,-,-,-,-,-,-,-,-,-,-,-,-,-,-,-,-,-,-,-,-,-,-,-,-,-,-,-,-,-,-,-,-,-,-,-,-,-,-,-,-,-,-,-,-,-,-,-,-,-,-,-,-,-,-,-,-,-,-,-,-,-
Vombatus_ursinus,-,-,-,-,-,-,-,-,-,-,-,-,-,-,-,-,-,-,-,-,-,-,-,-,-,-,-,-,-,-,-,-,-,-,-,-,-,-,-,-,-,-,-,-,-,-,-,-,-,-,-,-,-,-,-,-,-,-,-,-,-,-,-,-,-,-,-,-,-,-,-,-,-,-,-,-,-,-,-,-,-,-,-,-,-,-,-,-,-,-,-,-,-,-,-,-,-,-,-,-,-,-,-,-,-,-,-,-,-,-,-,-,-,-,-,-,-,-,-,-,-,-,-,-,-,-,-,-,-,-,-,-,-,-,-,-,-,-,-,-,-,-,-,-,-,-,-,-,-,-,-,-,-,-,-,-,-,-,-,-,-,-,-,-,-,-,-,-,-,-,-,-,-,-,-,-,-,-,-,-,-,-,-,-,-,-,-,-,-,-,-,-,-,-,-,-,-,-,-,-,-,-,-,-,-,-,-,-,-,-,-,-,-,-,-,-,-,-,-,-,-,-,-,-,-,-
Vulpes_lagopus,M,A,L,S,D,G,D,V,Q,K,Q,I,K,H,M,M,A,F,I,E,Q,E,A,N,E,K,A,E,E,I,D,A,K,S,E,E,E,F,N,I,E,K,G,R,L,V,Q,T,Q,R,L,K,I,M,E,Y,Y,E,K,K,E,K,Q,I,E,Q,Q,K,K,I,Q,M,S,T,M,R,N,Q,A,R,L,K,V,L,R,A,R,D,D,L,I,S,E,L,L,N,D,A,K,L,R,L,S,R,I,V,A,D,P,E,V,Y,Q,G,L,L,D,K,L,V,L,Q,G,L,L,R,L,L,E,P,V,V,I,I,R,C,R,P,Q,D,L,L,L,V,E,A,A,V,L,K,A,I,P,E,Y,M,A,V,S,Q,K,C,V,E,V,Q,V,D,Q,E,V,H,L,S,M,N,A,A,G,G,V,E,V,Y,S,G,N,Q,R,I,K,V,S,N,T,L,E,S,R,L,D,L,L,A,Q,Q,K,M,P,E,I,R,K,A,L,F,G,A,N,A,N,R,K,F,F,I
Vulpes_vulpes,M,A,L,S,D,G,D,V,Q,K,Q,I,K,H,M,M,A,F,I,E,Q,E,A,N,E,K,A,E,E,I,D,A,K,S,E,E,E,F,N,I,E,K,G,R,L,V,Q,T,Q,R,L,K,I,M,E,Y,Y,E,K,K,E,K,Q,I,E,Q,Q,K,K,I,Q,M,S,T,M,R,N,Q,A,R,L,K,V,L,R,A,R,D,D,L,I,S,E,L,L,N,D,A,K,L,R,L,S,R,I,V,A,D,P,E,V,Y,Q,G,L,L,D,K,L,V,L,Q,G,L,L,R,L,L,E,P,V,V,I,I,R,C,R,P,Q,D,L,L,L,V,E,A,A,V,L,K,A,I,P,E,Y,M,A,V,S,Q,K,C,V,E,V,Q,V,D,Q,E,V,H,L,S,M,N,A,A,G,G,V,E,V,Y,S,G,N,Q,R,I,K,V,S,N,T,L,E,S,R,L,D,L,L,A,Q,Q,K,M,P,E,I,R,K,A,L,F,G,A,N,A,N,R,K,F,F,I
Zalophus_californianus,M,A,L,S,D,V,D,V,Q,K,Q,I,K,H,M,M,A,F,I,E,Q,E,A,N,E,K,A,E,E,I,D,A,K,S,E,E,E,F,N,I,E,K,G,R,L,V,Q,T,Q,R,L,K,I,M,E,Y,Y,E,K,K,E,K,Q,I,E,Q,Q,K,K,I,Q,M,S,T,M,R,N,Q,A,R,L,K,V,L,R,A,R,D,D,L,V,S,E,L,L,N,D,A,K,L,R,L,S,R,I,V,A,D,P,E,I,Y,Q,G,L,L,D,K,L,V,L,Q,G,L,L,R,L,L,E,P,M,V,I,V,R,C,R,P,Q,D,I,L,L,V,E,A,A,V,Q,K,A,I,P,E,Y,M,M,V,S,Q,K,C,V,D,V,Q,V,D,Q,E,V,H,L,A,M,N,A,A,G,G,V,E,V,Y,S,G,N,Q,R,I,K,I,S,N,T,L,E,S,R,L,D,L,L,A,Q,Q,K,M,P,E,I,R,K,A,L,F,G,A,N,A,N,R,K,F,F,V
shrew_mole,M,A,L,N,D,V,D,V,Q,K,Q,I,K,H,M,M,A,F,I,E,Q,E,A,N,E,K,M,E,E,I,D,A,K,A,E,E,E,F,N,I,E,K,G,R,L,V,Q,T,Q,R,L,K,I,M,E,Y,Y,E,K,K,E,K,Q,I,E,Q,Q,K,K,I,Q,M,S,T,L,K,N,Q,A,R,L,K,V,L,R,A,R,N,D,L,I,S,E,L,L,D,N,A,K,L,R,L,R,R,I,V,A,D,P,A,V,Y,Q,E,L,L,D,K,L,V,L,Q,G,L,L,R,L,L,E,P,I,V,I,I,R,C,R,P,Q,D,L,L,P,V,E,A,A,V,Q,K,A,I,P,K,Y,M,T,I,S,Q,K,Y,V,Q,V,Q,V,D,Q,E,V,Y,L,A,M,S,G,A,G,G,V,D,M,Y,S,A,D,Q,R,I,K,V,S,N,T,L,E,S,R,L,D,L,L,A,E,Q,R,M,P,D,I,R,R,A,L,F,G,A,N,V,N,R,K,Y,F,V
ZWS,M,A,L,S,D,I,D,V,Q,K,Q,I,K,H,M,M,A,F,I,E,Q,E,A,N,E,K,A,E,E,I,D,A,K,A,E,E,E,F,N,I,E,K,G,R,L,V,Q,T,Q,R,L,K,I,M,D,Y,Y,E,K,K,E,K,Q,I,E,Q,Q,K,K,I,H,L,S,T,M,R,N,Q,A,R,L,Q,V,L,R,A,R,D,D,L,V,S,E,L,L,K,D,A,K,L,R,L,T,S,I,V,E,N,L,E,S,Y,Q,E,L,L,D,K,L,V,L,Q,A,L,L,R,L,L,E,P,V,M,I,V,R,C,R,P,Q,D,R,H,L,V,E,A,A,V,Q,K,A,I,S,Q,F,V,V,I,F,Q,K,Y,V,E,V,Q,V,D,Q,D,A,H,L,S,A,N,A,A,G,G,V,E,V,Y,S,G,N,Q,K,I,K,V,S,N,T,L,E,S,R,L,A,Q,A,A,Q,E,K,M,P,D,I,R,R,T,L,F,G,E,N,P,N,R,K,F,F,T
