,C1orf216 0,C1orf216 1,C1orf216 2,C1orf216 3,C1orf216 4,C1orf216 5,C1orf216 6,C1orf216 7,C1orf216 8,C1orf216 9,C1orf216 10,C1orf216 11,C1orf216 12,C1orf216 13,C1orf216 14,C1orf216 15,C1orf216 16,C1orf216 17,C1orf216 18,C1orf216 19,C1orf216 20,C1orf216 21,C1orf216 22,C1orf216 23,C1orf216 24,C1orf216 25,C1orf216 26,C1orf216 27,C1orf216 28,C1orf216 29,C1orf216 30,C1orf216 31,C1orf216 32,C1orf216 33,C1orf216 34,C1orf216 35,C1orf216 36,C1orf216 37,C1orf216 38,C1orf216 39,C1orf216 40,C1orf216 41,C1orf216 42,C1orf216 43,C1orf216 44,C1orf216 45,C1orf216 46,C1orf216 47,C1orf216 48,C1orf216 49,C1orf216 50,C1orf216 51,C1orf216 52,C1orf216 53,C1orf216 54,C1orf216 55,C1orf216 56,C1orf216 57,C1orf216 58,C1orf216 59,C1orf216 60,C1orf216 61,C1orf216 62,C1orf216 63,C1orf216 64,C1orf216 65,C1orf216 66,C1orf216 67,C1orf216 68,C1orf216 69,C1orf216 70,C1orf216 71,C1orf216 72,C1orf216 73,C1orf216 74,C1orf216 75,C1orf216 76,C1orf216 77,C1orf216 78,C1orf216 79,C1orf216 80,C1orf216 81,C1orf216 82,C1orf216 83,C1orf216 84,C1orf216 85,C1orf216 86,C1orf216 87,C1orf216 88,C1orf216 89,C1orf216 90,C1orf216 91,C1orf216 92,C1orf216 93,C1orf216 94,C1orf216 95,C1orf216 96,C1orf216 97,C1orf216 98,C1orf216 99,C1orf216 100,C1orf216 101,C1orf216 102,C1orf216 103,C1orf216 104,C1orf216 105,C1orf216 106,C1orf216 107,C1orf216 108,C1orf216 109,C1orf216 110,C1orf216 111,C1orf216 112,C1orf216 113,C1orf216 114,C1orf216 115,C1orf216 116,C1orf216 117,C1orf216 118,C1orf216 119,C1orf216 120,C1orf216 121,C1orf216 122,C1orf216 123,C1orf216 124,C1orf216 125,C1orf216 126,C1orf216 127,C1orf216 128,C1orf216 129,C1orf216 130,C1orf216 131,C1orf216 132,C1orf216 133,C1orf216 134,C1orf216 135,C1orf216 136,C1orf216 137,C1orf216 138,C1orf216 139,C1orf216 140,C1orf216 141,C1orf216 142,C1orf216 143,C1orf216 144,C1orf216 145,C1orf216 146,C1orf216 147,C1orf216 148,C1orf216 149,C1orf216 150,C1orf216 151,C1orf216 152,C1orf216 153,C1orf216 154,C1orf216 155,C1orf216 156,C1orf216 157,C1orf216 158,C1orf216 159,C1orf216 160,C1orf216 161,C1orf216 162,C1orf216 163,C1orf216 164,C1orf216 165,C1orf216 166,C1orf216 167,C1orf216 168,C1orf216 169,C1orf216 170,C1orf216 171,C1orf216 172,C1orf216 173,C1orf216 174,C1orf216 175,C1orf216 176,C1orf216 177,C1orf216 178,C1orf216 179,C1orf216 180,C1orf216 181,C1orf216 182,C1orf216 183,C1orf216 184,C1orf216 185,C1orf216 186,C1orf216 187,C1orf216 188,C1orf216 189,C1orf216 190,C1orf216 191,C1orf216 192,C1orf216 193,C1orf216 194,C1orf216 195,C1orf216 196,C1orf216 197,C1orf216 198,C1orf216 199,C1orf216 200,C1orf216 201,C1orf216 202,C1orf216 203,C1orf216 204,C1orf216 205,C1orf216 206,C1orf216 207,C1orf216 208,C1orf216 209,C1orf216 210,C1orf216 211,C1orf216 212,C1orf216 213,C1orf216 214,C1orf216 215,C1orf216 216,C1orf216 217,C1orf216 218,C1orf216 219,C1orf216 220,C1orf216 221,C1orf216 222,C1orf216 223,C1orf216 224,C1orf216 225,C1orf216 226,C1orf216 227,C1orf216 228
Chrysochloris_asiatica,M,F,A,V,Q,P,G,L,A,E,R,A,Q,F,L,G,G,P,P,P,G,V,C,Q,P,E,L,Q,P,D,S,N,S,N,F,V,A,S,T,K,D,A,N,E,N,W,H,G,M,P,G,R,V,E,P,F,Q,M,G,S,S,L,E,L,P,S,N,N,Q,A,F,Q,V,P,G,L,H,E,G,E,V,R,S,P,P,E,G,A,E,I,P,R,A,E,P,E,K,I,D,G,V,S,T,V,C,S,P,L,E,D,N,G,Y,A,S,S,S,L,S,I,D,S,P,S,S,S,P,E,T,A,C,A,T,P,G,G,L,D,P,P,D,P,L,L,P,S,V,A,Q,A,V,Q,Q,L,Q,A,Q,E,H,Y,K,E,R,E,K,E,K,H,H,V,H,L,V,M,Y,R,R,L,A,L,L,Q,W,I,R,G,L,Q,H,Q,L,V,D,Q,Q,A,R,L,Q,E,S,F,D,T,I,L,D,N,R,K,E,L,I,R,C,L,Q,Q,R,A,A,P,S,-,-,Q,D,Q,G
Balaenoptera_acutorostrata_scammoni,M,F,A,I,Q,P,G,E,A,E,G,G,Q,F,L,G,D,P,P,P,G,V,C,Q,P,E,L,Q,P,D,S,N,S,N,F,M,A,S,A,K,D,T,N,E,N,W,H,G,L,P,G,Q,V,E,P,I,L,L,R,S,F,S,E,L,P,S,D,N,Q,V,F,Q,D,P,G,R,P,E,G,E,V,R,S,P,P,E,G,A,E,I,P,G,A,G,P,E,K,M,G,D,A,S,T,V,C,S,P,L,E,D,N,G,Y,A,S,S,S,L,S,I,D,S,P,S,C,S,P,E,P,A,C,G,T,P,P,G,P,G,P,P,A,P,L,L,P,S,V,A,Q,A,V,Q,Q,L,Q,A,Q,E,R,Y,K,E,Q,E,K,E,K,H,H,V,H,L,V,M,Y,R,R,L,A,L,L,Q,W,I,R,G,L,Q,H,Q,L,V,D,Q,Q,A,R,L,Q,E,S,F,D,T,I,L,D,N,R,K,E,L,I,R,C,L,Q,Q,R,A,A,P,S,T,P,Q,D,Q,G
Balaenoptera_musculus,M,F,A,I,Q,P,G,V,A,E,G,G,Q,F,L,G,D,P,P,P,G,V,C,Q,P,E,L,Q,P,D,S,N,S,N,F,M,A,S,A,K,D,T,N,E,T,W,H,G,M,P,G,Q,V,E,P,I,L,L,R,S,F,S,E,L,P,S,D,N,Q,A,F,Q,D,P,G,L,P,E,G,E,V,R,S,P,P,E,G,A,E,I,P,G,A,G,P,E,K,M,G,G,A,S,T,V,C,S,P,L,E,D,N,G,Y,A,S,S,S,L,S,I,D,S,P,S,C,S,P,E,P,A,C,G,T,P,P,G,P,G,P,P,A,P,L,L,P,S,V,A,Q,A,V,Q,Q,L,Q,A,Q,E,R,Y,K,E,Q,E,K,E,K,H,H,V,H,L,V,M,Y,R,R,L,A,L,L,Q,W,I,R,V,L,Q,H,Q,L,V,D,Q,Q,A,R,L,Q,E,S,F,D,T,I,L,D,N,R,K,E,L,I,R,C,L,Q,Q,R,A,A,P,S,T,P,Q,D,Q,G
Echinops_telfairi,M,F,A,I,Q,P,G,L,A,E,G,G,Q,F,P,E,G,P,P,P,G,I,C,Q,P,E,L,Q,P,D,S,N,S,N,F,M,A,S,A,K,D,A,N,E,N,W,H,G,M,P,V,K,V,E,A,I,L,M,G,S,S,P,E,S,P,S,D,N,Q,A,F,H,V,S,G,L,P,E,E,E,V,R,S,P,P,E,G,A,E,I,P,R,A,Q,S,E,K,M,G,H,V,G,T,A,C,S,P,L,E,D,N,G,Y,A,S,S,S,L,S,I,D,S,P,S,S,S,P,E,P,A,C,G,T,P,G,D,P,G,P,S,G,P,L,L,P,S,V,A,K,A,V,Q,Q,L,Q,A,Q,E,R,Y,K,E,R,E,K,E,K,H,H,V,H,L,V,M,Y,R,R,L,A,L,L,Q,W,I,R,G,L,Q,H,Q,L,V,D,Q,Q,A,R,L,Q,E,S,F,D,T,I,L,D,N,R,K,E,L,I,R,C,L,Q,Q,R,A,A,P,S,-,-,Q,D,Q,G
Delphinapterus_leucas,M,F,A,I,Q,P,G,V,A,E,G,G,Q,F,L,G,D,A,P,P,G,V,C,Q,P,E,L,Q,P,D,S,N,S,N,F,M,A,S,A,K,D,T,N,E,N,W,H,G,M,P,G,Q,V,E,P,I,L,T,R,S,F,S,E,L,P,S,D,S,Q,A,F,Q,D,P,G,L,P,E,G,E,V,R,S,P,P,E,G,A,E,I,P,G,A,G,P,E,K,M,G,G,A,S,T,A,C,S,P,L,E,D,N,G,Y,A,S,S,S,L,S,I,D,S,P,S,C,S,P,E,P,A,C,G,T,P,P,G,P,G,P,P,A,L,L,L,P,S,V,A,Q,A,V,Q,Q,L,Q,A,Q,E,R,Y,K,E,Q,E,K,E,K,H,H,V,H,L,V,M,Y,R,R,L,A,L,L,Q,W,I,R,G,L,Q,H,Q,L,V,D,Q,Q,A,R,L,Q,E,S,F,D,T,I,L,D,N,R,K,E,L,I,R,C,L,Q,Q,R,A,A,P,S,T,P,Q,D,Q,G
Globicephala_melas,M,F,A,I,Q,P,G,V,A,E,G,G,Q,F,P,G,D,A,P,P,G,V,C,Q,P,E,L,Q,P,D,S,N,S,N,F,M,A,S,A,K,D,T,N,E,N,W,H,G,M,P,G,Q,V,E,P,I,L,T,R,S,F,S,E,L,P,S,D,N,Q,A,F,Q,D,P,G,L,P,E,G,E,V,R,S,P,P,E,G,A,E,I,P,G,A,G,P,E,K,M,G,G,A,S,T,V,C,S,P,L,E,D,N,G,Y,A,S,S,S,L,S,I,D,S,P,S,C,S,P,E,P,A,C,G,T,P,P,G,P,D,P,P,A,P,L,L,P,S,V,A,Q,A,V,Q,Q,L,Q,A,Q,E,R,Y,K,E,Q,E,K,E,K,H,H,V,H,L,V,M,Y,R,R,L,A,L,L,Q,W,I,R,G,L,Q,H,Q,L,V,D,Q,Q,A,R,L,Q,E,S,F,D,T,I,L,D,N,R,K,E,L,I,R,C,F,Q,Q,R,A,A,P,S,T,P,Q,D,Q,G
Lagenorhynchus_obliquidens,M,F,A,I,Q,P,G,V,A,E,G,G,Q,F,P,G,D,A,P,P,G,V,C,Q,P,E,L,Q,P,D,S,N,S,N,F,M,A,S,A,K,D,T,N,E,N,W,H,G,M,P,G,Q,V,E,P,I,L,T,R,S,F,S,E,L,P,S,D,N,Q,A,F,Q,D,P,G,L,P,E,G,E,V,R,S,P,P,E,G,A,E,I,P,G,A,G,P,E,K,M,G,G,A,S,T,V,C,S,P,L,E,D,N,G,Y,A,S,S,S,L,S,I,D,S,P,S,C,S,P,E,P,A,C,G,T,P,P,G,P,D,P,P,A,P,L,L,P,S,V,A,Q,A,I,Q,Q,L,Q,A,Q,E,R,Y,K,E,Q,E,K,E,K,H,H,V,H,L,V,M,Y,R,R,L,A,L,L,Q,W,I,R,G,L,Q,H,Q,L,V,D,Q,Q,A,R,L,Q,E,S,F,D,T,I,L,D,N,R,K,E,L,I,R,C,L,Q,Q,K,A,A,P,S,T,P,Q,D,Q,G
Lipotes_vexillifer,M,F,A,I,Q,P,G,V,A,E,G,G,Q,F,L,G,D,P,P,P,G,V,C,Q,P,E,L,Q,P,D,S,N,S,N,F,M,A,S,A,K,D,T,N,E,N,W,H,G,M,P,G,Q,V,E,P,I,L,T,R,S,F,S,E,L,P,S,D,N,Q,A,F,Q,D,P,G,L,P,E,G,E,V,R,S,P,P,E,G,A,E,I,P,G,A,G,P,E,K,M,G,G,A,S,T,V,C,S,P,L,E,D,N,G,Y,A,S,S,S,L,S,I,D,S,P,S,C,S,P,E,P,A,C,G,T,P,P,G,P,G,P,P,A,P,L,L,P,S,V,A,Q,A,V,Q,Q,L,Q,A,Q,E,R,Y,K,E,Q,E,K,E,K,H,H,V,H,L,V,M,Y,R,R,L,A,L,L,Q,W,I,R,G,L,Q,H,Q,L,V,D,Q,Q,A,R,L,Q,E,S,F,D,T,I,L,D,N,R,K,E,L,I,R,C,L,Q,Q,R,A,A,P,S,T,P,Q,D,Q,G
Monodon_monoceros,M,F,A,I,Q,P,G,V,A,E,G,G,Q,F,L,G,D,A,P,P,G,V,C,Q,P,E,L,Q,P,D,S,N,S,N,F,M,A,S,A,K,D,T,N,E,N,W,H,G,M,P,G,Q,V,E,P,I,L,T,R,S,F,S,E,L,P,S,D,N,Q,A,F,Q,D,P,G,L,P,E,G,E,V,R,S,P,P,E,G,A,E,I,P,G,A,G,P,E,K,M,G,G,A,S,T,V,C,S,P,L,E,D,N,G,Y,A,S,S,S,L,S,I,D,S,P,S,C,S,P,E,P,A,C,G,T,P,P,G,P,G,P,P,A,L,L,L,P,S,V,A,Q,A,V,Q,Q,L,Q,A,Q,E,R,Y,K,E,Q,E,K,E,K,H,H,V,H,L,V,M,Y,R,R,L,A,L,L,Q,W,I,R,G,L,Q,H,Q,L,V,D,Q,Q,A,R,L,Q,E,S,F,D,T,I,L,D,N,R,K,E,L,I,R,C,L,Q,Q,R,A,A,P,S,T,P,Q,D,Q,G
Neophocaena_asiaeorientalis_asiaeorientalis,M,F,A,I,Q,P,G,V,A,E,G,G,Q,F,L,G,D,A,P,P,G,V,C,Q,P,E,L,Q,P,D,S,N,S,N,F,M,A,S,A,K,D,T,N,E,N,W,H,G,M,P,G,Q,V,E,P,I,L,T,R,S,F,S,E,L,P,S,D,N,Q,A,F,Q,D,P,G,L,P,E,G,E,V,R,S,P,P,E,G,A,E,I,P,G,A,G,P,E,K,M,G,G,A,S,T,V,C,S,P,L,E,D,N,G,Y,A,S,S,S,L,S,I,D,S,P,S,R,S,P,E,P,A,C,G,T,P,P,G,P,G,P,P,A,L,L,L,P,S,V,A,Q,A,V,Q,Q,L,Q,A,Q,E,R,Y,K,E,Q,E,K,E,K,H,H,V,H,L,V,M,Y,R,R,L,A,L,L,Q,W,I,R,G,L,Q,H,Q,L,V,D,Q,Q,A,R,L,Q,E,S,F,D,T,I,L,D,N,R,K,E,L,I,R,C,L,Q,Q,R,A,A,P,S,T,A,Q,D,Q,G
Orcinus_orca,M,F,A,I,Q,P,G,V,A,E,G,G,Q,F,P,G,D,A,P,P,G,V,C,Q,P,E,L,Q,P,D,S,N,S,N,F,M,A,S,A,K,D,T,N,E,N,W,H,G,M,P,G,Q,V,E,P,I,L,T,R,S,F,S,E,L,P,S,D,N,Q,A,F,Q,D,P,G,L,P,E,G,E,V,R,S,P,P,E,G,A,E,I,P,G,A,G,P,E,K,M,G,G,A,S,T,V,C,S,P,L,E,D,N,G,Y,A,S,S,S,L,S,I,D,S,P,S,C,S,P,E,P,A,C,G,T,P,P,G,P,G,P,P,A,P,L,L,P,S,V,A,Q,A,V,Q,Q,L,Q,A,Q,E,R,Y,K,E,Q,E,K,E,K,H,H,V,H,L,V,M,Y,R,R,L,A,L,L,Q,W,I,R,G,L,Q,H,Q,L,V,D,Q,Q,A,R,L,Q,E,S,F,D,T,I,L,D,N,R,K,E,L,I,R,C,L,Q,Q,R,A,A,P,S,T,T,Q,D,Q,G
Phocoena_sinus,M,F,A,I,Q,P,G,V,A,E,R,G,H,F,L,G,D,A,P,P,G,V,C,Q,P,E,L,Q,P,D,S,N,S,N,F,M,A,S,A,K,D,T,N,E,N,W,H,E,M,P,G,Q,V,E,P,I,L,M,R,S,F,S,E,L,P,S,D,N,Q,A,F,Q,D,P,G,L,P,E,G,E,V,R,S,P,P,E,G,A,E,I,P,G,A,G,P,E,K,M,G,G,A,S,T,V,C,S,P,L,E,D,N,G,Y,A,S,S,S,L,S,I,D,S,P,S,R,S,P,E,P,A,C,G,T,P,P,G,P,G,P,P,A,L,L,L,P,S,V,A,Q,A,V,Q,Q,L,Q,A,Q,E,R,Y,K,E,Q,E,K,E,K,H,H,V,H,L,V,M,Y,R,R,L,A,L,L,Q,W,I,R,G,L,Q,H,Q,L,V,D,Q,Q,A,R,L,Q,E,S,F,D,T,I,L,D,N,R,K,E,L,I,R,C,L,Q,Q,R,A,A,P,S,T,P,Q,D,Q,G
Physeter_catodon,M,F,A,I,Q,P,G,V,A,E,G,G,Q,F,L,G,D,P,P,P,G,V,C,Q,P,E,L,Q,P,D,S,N,S,N,F,M,A,S,A,K,D,T,N,E,N,W,H,G,M,P,G,Q,V,E,P,I,L,I,R,S,F,S,E,L,P,S,D,N,Q,A,F,Q,D,P,G,L,P,E,G,E,V,R,S,P,P,E,G,A,E,I,P,G,A,G,P,E,K,M,G,D,A,S,T,V,C,S,P,L,E,D,N,G,Y,A,S,S,S,L,S,I,D,S,P,S,R,S,P,E,P,A,C,G,T,P,P,S,P,G,P,P,A,P,L,L,P,S,V,A,Q,A,V,Q,Q,L,Q,A,Q,E,R,Y,K,E,Q,E,K,E,K,H,H,V,H,L,V,M,Y,R,R,L,A,L,L,Q,W,I,R,G,L,Q,H,Q,L,V,D,Q,Q,A,R,L,Q,E,S,F,D,T,I,L,D,N,R,K,E,L,I,R,C,L,Q,Q,R,A,A,P,S,T,P,Q,E,Q,G
Tursiops_truncatus,M,F,A,I,Q,P,G,V,A,E,G,G,Q,F,P,G,D,A,P,P,G,V,C,Q,P,E,L,Q,P,D,S,N,S,N,F,M,A,S,A,K,D,T,N,E,N,W,H,G,M,P,G,Q,V,E,P,I,L,T,R,S,F,S,E,L,P,S,D,N,Q,A,F,Q,D,P,G,L,P,E,G,E,V,R,S,P,P,E,G,A,E,I,P,G,A,G,P,E,K,M,G,G,A,S,T,V,C,S,P,L,E,D,N,G,Y,A,S,S,S,L,S,I,D,S,P,S,R,S,P,E,P,A,C,G,T,P,P,G,P,G,P,P,A,P,L,L,P,S,V,A,Q,A,V,Q,Q,L,Q,A,Q,E,R,Y,K,E,Q,E,K,E,K,H,H,V,H,L,V,M,Y,R,R,L,A,L,L,Q,W,I,R,G,L,Q,H,Q,L,V,D,Q,Q,A,R,L,Q,E,S,F,D,T,I,L,D,N,R,K,E,L,I,R,C,L,Q,Q,R,A,A,P,S,T,P,Q,D,Q,G
Acinonyx_jubatus,M,F,A,I,Q,P,G,V,A,E,G,G,Q,F,L,G,G,-,P,P,G,V,C,Q,P,E,L,Q,P,D,S,N,S,N,F,M,A,S,A,K,D,A,N,E,N,W,H,G,M,P,G,Q,V,E,P,S,L,M,R,G,S,S,E,L,S,S,D,N,Q,A,F,Q,A,P,G,L,P,D,G,E,V,R,S,P,P,E,G,A,E,I,A,G,A,E,L,E,K,M,S,S,A,S,T,V,C,S,P,L,E,D,N,G,Y,A,S,S,S,L,S,T,D,S,P,S,S,S,P,E,P,V,C,G,T,P,R,G,P,G,P,P,D,P,L,L,P,S,V,A,Q,A,V,Q,Q,L,Q,A,Q,E,R,Y,K,E,Q,E,K,E,K,H,H,V,H,L,V,M,Y,R,R,L,A,L,L,Q,W,I,R,G,L,Q,H,Q,L,V,D,Q,Q,T,R,L,Q,E,S,F,D,T,I,L,D,N,R,K,E,L,I,R,C,L,Q,Q,R,A,V,P,S,R,P,Q,D,Q,G
Acomys_russatus,M,F,A,I,Q,P,G,L,A,E,G,A,Q,Y,Q,G,G,L,P,P,G,A,C,Q,P,E,L,Q,P,D,S,N,S,N,F,V,E,S,A,K,D,A,N,K,N,W,S,G,V,P,G,K,V,E,P,I,L,M,R,S,S,S,E,P,P,S,D,N,Q,V,F,R,A,T,R,L,P,E,A,G,V,R,S,P,P,E,G,A,E,I,P,G,A,E,P,E,K,L,S,G,A,S,S,I,C,S,P,L,E,D,I,G,Y,A,S,S,S,L,S,I,D,S,L,S,S,S,P,E,P,S,C,G,T,P,R,G,P,S,P,L,D,P,L,L,P,S,V,A,Q,A,V,Q,Q,L,Q,A,Q,E,R,Y,K,E,R,E,K,E,K,H,H,A,H,L,V,M,Y,R,R,L,A,L,L,Q,W,I,R,A,L,Q,H,Q,L,V,D,Q,Q,A,R,L,Q,D,S,F,D,T,I,L,D,N,R,K,E,L,I,R,C,L,Q,Q,R,E,A,P,C,R,H,Q,D,Q,G
Arvicanthis_niloticus,M,F,A,I,Q,P,G,L,A,E,G,A,Q,Y,L,G,S,L,P,P,G,V,C,Q,P,D,L,Q,P,D,N,N,S,N,F,V,E,S,A,K,D,A,N,K,N,W,H,G,M,P,G,K,M,D,P,I,L,I,R,S,S,S,E,S,P,S,D,N,Q,V,F,Q,A,V,G,L,P,E,A,G,V,R,S,P,P,E,G,A,E,I,P,G,A,E,P,E,K,L,S,G,A,S,S,V,C,S,P,L,E,D,I,G,Y,A,S,S,S,L,S,I,D,S,F,S,S,S,P,E,P,V,C,G,T,P,R,G,P,S,P,L,D,P,L,L,P,S,V,A,Q,A,V,Q,Q,L,Q,A,Q,E,R,Y,K,E,Q,E,K,E,K,H,H,V,H,L,V,M,Y,R,R,L,A,L,L,Q,W,I,R,A,L,Q,H,Q,L,V,D,Q,Q,A,R,L,Q,E,S,F,D,T,I,L,D,N,R,K,E,L,I,R,C,L,Q,Q,R,E,A,P,C,R,H,Q,D,Q,G
Bison_bison_bison,M,F,A,I,Q,P,G,V,A,E,G,A,Q,F,L,G,G,P,P,P,G,V,C,P,S,E,L,Q,P,D,S,N,S,N,F,M,T,N,A,K,D,A,N,E,N,W,H,G,M,P,G,Q,V,E,P,V,V,M,R,S,S,S,E,L,P,S,D,N,Q,D,F,Q,A,P,G,L,P,E,G,E,I,R,S,P,P,E,G,A,E,I,P,G,A,G,P,E,K,T,G,G,A,S,T,V,C,S,P,L,E,D,N,G,Y,A,S,S,S,L,S,V,D,S,P,S,R,S,P,E,S,A,C,G,T,P,-,-,P,G,P,P,D,H,L,L,P,S,V,A,Q,A,V,Q,Q,L,Q,A,Q,E,R,Y,K,E,Q,E,K,E,K,H,H,V,H,L,V,M,Y,R,R,L,A,L,L,Q,W,I,R,G,L,Q,H,Q,L,V,D,Q,Q,A,R,L,Q,E,S,F,D,T,I,L,D,N,R,K,E,L,I,R,C,L,Q,Q,R,A,V,P,S,G,P,R,H,Q,D
Bos_indicus,M,F,A,I,Q,P,G,V,A,E,G,A,Q,F,L,G,G,P,P,P,G,V,C,P,P,E,L,Q,P,D,S,N,S,N,F,M,T,S,A,K,D,A,N,E,N,W,H,G,M,P,G,Q,V,E,P,V,V,I,R,S,S,S,E,L,P,S,D,N,Q,D,F,Q,A,P,G,L,P,E,G,E,I,R,S,P,P,E,G,A,E,I,P,G,A,G,P,E,K,T,G,G,A,S,T,V,C,S,P,L,E,D,N,G,Y,A,S,S,S,L,S,V,D,S,P,S,R,S,P,E,S,A,C,G,T,P,-,-,P,G,P,P,D,H,L,L,P,S,V,A,Q,A,V,Q,Q,L,Q,A,Q,E,R,Y,K,E,Q,E,K,E,K,H,H,V,H,L,V,M,Y,R,R,L,A,L,L,Q,W,I,R,G,L,Q,H,Q,L,V,D,Q,Q,A,R,L,Q,E,S,F,D,T,I,L,D,N,R,K,E,L,I,R,C,L,Q,Q,R,A,V,P,S,G,P,R,G,Q,D
Bos_mutus,M,F,A,I,Q,P,G,V,A,E,G,A,Q,F,L,G,G,P,P,P,G,V,C,P,P,E,L,Q,P,D,S,N,S,N,F,M,T,S,A,K,D,A,N,E,N,W,H,G,M,P,G,Q,V,E,P,V,V,M,R,S,S,S,K,L,P,S,D,N,Q,D,F,Q,A,P,G,L,P,E,G,E,I,R,S,P,P,E,G,A,E,I,P,G,A,G,P,E,K,T,G,G,A,S,T,V,C,S,P,L,E,D,N,G,Y,A,S,S,S,L,S,V,D,S,P,S,R,S,P,E,S,A,C,G,T,P,-,-,P,G,P,P,D,H,L,L,P,S,V,A,Q,A,V,Q,Q,L,Q,A,Q,E,R,Y,K,E,Q,E,K,E,K,H,H,V,H,L,V,M,Y,R,R,L,A,L,L,Q,W,I,R,G,L,Q,H,Q,L,V,D,Q,Q,A,R,L,Q,E,S,F,D,T,I,L,D,N,R,K,E,L,I,R,C,L,Q,Q,R,A,V,P,S,G,P,R,H,Q,D
Bos_taurus,M,F,A,I,Q,P,G,V,A,E,G,A,Q,F,L,G,G,P,P,P,G,V,C,P,S,E,L,Q,P,D,S,N,S,N,F,M,T,S,A,K,D,T,N,E,N,W,H,G,M,P,G,Q,V,E,P,V,V,M,R,S,S,S,E,L,P,S,D,N,Q,D,F,Q,A,P,G,L,P,E,G,E,I,R,S,P,P,E,G,A,E,I,P,G,A,G,P,E,K,T,G,G,A,S,T,V,C,S,P,L,E,D,N,G,Y,A,S,S,S,L,S,V,D,S,P,S,R,S,P,E,S,A,C,G,T,P,-,-,P,G,P,P,D,H,L,L,P,S,V,A,Q,A,V,Q,Q,L,Q,A,Q,E,R,Y,K,E,Q,E,K,E,K,H,H,V,H,L,V,M,Y,R,R,L,A,L,L,Q,W,I,R,G,L,Q,H,Q,L,V,D,Q,Q,A,R,L,Q,E,S,F,D,T,I,L,D,N,R,K,E,L,I,R,C,L,Q,Q,R,A,V,P,S,G,P,R,G,Q,D
Bubalus_bubalis,M,F,A,I,Q,P,G,V,A,E,G,A,Q,F,L,G,G,P,P,P,G,V,C,P,P,K,L,Q,P,D,S,N,S,N,F,M,T,S,A,K,D,A,N,E,N,W,H,G,M,P,G,Q,V,E,P,V,L,M,R,S,S,S,E,L,P,S,D,N,Q,D,F,Q,A,P,G,L,P,E,G,E,I,R,S,P,P,E,G,A,E,I,P,G,A,G,P,E,K,T,G,G,A,S,T,V,C,S,P,L,E,D,N,G,Y,A,S,S,S,L,S,V,D,S,P,S,R,S,P,E,S,A,C,G,T,P,-,-,P,G,P,P,D,H,R,L,P,S,V,A,Q,A,V,Q,Q,L,Q,A,Q,E,R,Y,K,E,Q,E,K,E,K,H,H,V,H,L,V,M,Y,R,R,L,A,L,L,Q,W,I,R,G,L,Q,H,Q,L,V,D,Q,Q,A,R,L,Q,E,S,F,D,T,I,L,D,N,R,K,E,L,I,R,C,L,Q,Q,R,A,V,P,S,R,P,Q,D,Q,D
Budorcas_taxicolor,M,F,A,I,Q,Q,G,V,A,E,G,G,Q,F,L,G,G,P,P,P,G,V,C,P,P,E,L,Q,P,D,S,N,S,N,F,M,-,S,A,K,D,A,N,E,N,W,H,G,M,P,G,Q,V,E,P,V,L,L,R,S,S,S,E,L,S,S,D,N,Q,D,F,Q,A,P,G,L,P,E,G,E,I,R,S,P,P,E,G,A,E,I,P,G,A,G,P,E,K,T,G,G,A,S,T,V,C,S,P,L,E,D,N,G,Y,A,S,S,S,L,S,V,D,S,P,S,C,S,P,E,S,A,C,G,T,P,-,-,P,G,P,P,G,H,L,L,P,S,V,A,Q,A,V,Q,Q,L,Q,A,Q,E,R,Y,K,E,Q,E,K,E,K,H,H,T,H,L,V,M,Y,R,R,L,A,L,L,Q,W,I,R,G,L,Q,H,Q,L,V,D,Q,Q,A,R,L,Q,E,S,F,D,T,I,L,D,N,R,K,E,L,I,R,C,L,Q,Q,R,A,V,P,S,R,R,Q,D,Q,D
Callithrix_jacchus,M,F,A,I,Q,P,G,L,A,E,G,G,Q,F,L,G,D,L,P,P,G,V,C,Q,P,E,L,Q,P,D,S,N,S,N,F,M,A,S,A,K,D,A,N,E,N,W,H,G,M,P,G,R,V,E,P,I,L,M,R,S,S,S,E,S,P,S,D,N,Q,A,F,Q,A,P,G,S,P,E,E,G,V,R,S,P,P,E,G,A,E,I,P,G,A,E,P,E,K,M,G,S,A,G,T,V,C,S,P,L,E,D,N,G,Y,A,S,S,S,L,S,I,D,S,P,S,S,S,P,E,P,A,C,G,T,L,R,G,P,G,P,P,D,L,L,L,P,S,V,A,Q,A,V,Q,H,L,Q,A,Q,E,R,Y,K,E,Q,E,K,E,K,H,H,V,H,L,V,M,Y,R,R,L,A,L,L,Q,W,I,R,G,L,Q,H,Q,L,I,D,Q,Q,A,R,L,Q,E,S,F,D,T,I,L,D,N,R,K,E,L,I,R,C,L,Q,Q,R,A,A,P,S,R,P,Q,D,Q,G
Camelus_bactrianus,M,F,A,I,Q,P,G,V,A,E,A,G,Q,F,P,G,G,P,P,P,G,A,C,Q,P,Q,L,Q,A,D,S,N,S,N,F,M,A,S,A,K,D,A,N,E,N,W,H,G,M,P,G,Q,A,E,P,I,L,R,R,S,S,S,E,S,S,S,D,N,Q,A,F,Q,A,S,G,L,P,E,G,E,V,R,S,P,P,E,G,A,E,I,P,G,A,G,P,E,K,M,G,G,A,G,T,V,C,S,P,M,E,D,N,S,Y,A,S,S,S,L,S,T,N,S,P,S,S,S,P,E,P,A,C,G,T,P,L,G,P,G,P,P,D,P,P,L,P,S,V,A,Q,A,V,Q,Q,L,Q,A,Q,E,R,Y,K,E,Q,E,K,E,K,H,H,V,H,L,V,M,Y,R,R,L,A,L,L,Q,W,I,R,G,L,Q,H,Q,L,V,N,Q,Q,A,R,L,Q,E,S,F,D,T,I,L,D,N,R,K,E,L,I,R,C,L,Q,Q,R,A,A,P,S,R,P,Q,D,Q,G
Camelus_dromedarius,M,F,A,I,Q,P,G,V,A,E,A,G,Q,F,P,G,G,P,P,P,G,A,C,Q,P,Q,L,Q,A,D,S,N,S,N,F,M,A,S,A,K,D,A,N,E,N,W,H,G,M,P,G,Q,A,E,P,I,L,R,R,S,S,S,E,S,S,S,D,N,Q,A,F,Q,A,S,G,L,P,E,G,E,V,R,S,P,P,E,G,A,E,I,P,G,A,G,P,E,K,M,G,G,A,G,T,V,C,S,P,M,E,D,N,S,Y,A,S,S,S,L,S,T,N,S,P,S,S,S,P,E,P,A,C,G,T,P,L,G,P,G,P,P,D,P,P,L,P,S,V,A,Q,A,V,Q,Q,L,Q,A,Q,E,R,Y,K,E,Q,E,K,E,K,H,H,V,H,L,V,M,Y,R,R,L,A,L,L,Q,W,I,R,G,L,Q,H,Q,L,V,N,Q,Q,A,R,L,Q,E,S,F,D,T,I,L,D,N,R,K,E,L,I,R,C,L,Q,Q,R,A,A,P,S,R,P,Q,D,Q,G
Camelus_ferus,M,F,A,I,Q,P,G,V,A,E,A,G,Q,F,P,G,G,P,P,P,G,A,C,Q,P,Q,L,Q,A,D,S,N,S,N,F,M,A,S,A,K,D,A,N,E,N,W,H,G,M,P,G,Q,A,E,P,I,L,R,R,S,S,S,E,S,S,S,D,N,Q,A,F,Q,A,S,G,L,P,E,G,E,V,R,S,P,P,E,G,A,E,I,P,G,A,G,P,E,K,M,G,G,A,G,T,V,C,S,P,M,E,D,N,S,Y,A,S,S,S,L,S,T,N,S,P,S,S,S,P,E,P,A,C,G,T,P,L,G,P,G,P,P,D,P,P,L,P,S,V,A,Q,A,V,Q,Q,L,Q,A,Q,E,R,Y,K,E,Q,E,K,E,K,H,H,V,H,L,V,M,Y,R,R,L,A,L,L,Q,W,I,R,G,L,Q,H,Q,L,V,N,Q,Q,A,R,L,Q,E,S,F,D,T,I,L,D,N,R,K,E,L,I,R,C,L,Q,Q,R,A,A,P,S,R,P,Q,D,Q,G
Capra_hircus,M,F,A,I,Q,Q,G,V,A,E,G,G,Q,F,L,G,G,P,P,P,G,V,C,P,P,E,L,Q,P,D,S,N,S,N,F,M,-,S,A,K,D,A,N,E,N,W,H,G,M,P,G,Q,V,E,P,V,L,L,R,S,S,S,E,L,P,S,D,N,Q,D,F,Q,A,P,G,L,P,E,G,E,I,R,S,P,P,E,G,A,E,I,P,G,A,G,P,E,K,T,G,G,A,S,T,V,C,S,P,L,E,D,N,G,Y,A,S,S,S,L,S,V,D,S,P,S,R,S,P,E,S,A,C,G,T,P,-,-,P,G,P,P,G,H,L,L,P,S,V,A,Q,A,V,Q,Q,L,Q,A,Q,E,R,Y,K,E,Q,E,K,E,K,H,H,A,H,L,V,M,Y,R,R,L,A,L,L,Q,W,I,R,G,L,Q,H,Q,L,V,D,Q,Q,A,R,L,Q,E,S,F,D,T,I,L,D,N,R,K,E,L,I,R,C,L,Q,Q,R,A,V,P,S,R,R,Q,D,Q,D
Cebus_imitator,M,F,A,I,Q,P,G,L,P,E,G,G,Q,F,L,G,D,P,P,P,G,V,C,Q,P,E,L,Q,P,D,S,N,S,N,F,M,A,S,A,K,D,A,N,E,N,W,H,G,M,P,G,R,V,E,P,I,L,M,R,S,S,S,E,S,P,S,D,N,Q,A,F,Q,A,P,G,S,P,E,E,G,V,R,S,P,P,E,G,A,E,I,P,G,A,E,P,E,K,M,G,G,A,G,T,V,C,S,P,L,E,D,N,G,Y,A,S,S,S,L,S,I,D,S,P,S,S,S,P,E,P,A,C,G,T,L,R,G,P,G,P,P,D,P,L,L,P,S,V,A,Q,A,V,Q,H,L,Q,A,Q,E,R,Y,K,E,Q,E,K,E,K,H,H,V,H,L,V,M,Y,R,R,L,A,L,L,Q,W,I,R,G,L,Q,H,Q,L,I,D,Q,Q,A,R,L,Q,E,S,F,D,T,I,L,D,N,R,K,E,L,I,R,C,L,Q,Q,R,A,A,P,S,R,P,Q,D,Q,G
Ceratotherium_simum_simum,M,F,A,I,Q,P,G,P,A,E,G,G,Q,F,L,G,G,P,P,P,G,V,C,Q,P,E,L,Q,P,D,S,N,S,N,F,M,A,S,A,K,D,A,N,E,N,W,H,G,M,A,G,Q,G,E,S,I,L,M,K,S,S,S,E,L,P,S,D,N,Q,A,F,Q,A,P,G,L,S,E,G,E,V,R,S,P,P,E,G,A,E,I,P,G,A,E,P,E,K,M,G,D,T,S,T,V,C,S,P,L,E,D,N,G,Y,A,S,S,S,L,S,I,D,S,P,S,S,S,P,E,P,A,C,G,T,P,R,G,P,G,P,S,D,P,L,L,P,S,V,A,Q,A,M,Q,Q,L,Q,A,Q,E,R,Y,K,E,L,E,K,E,K,H,H,V,H,L,V,M,Y,R,R,L,A,L,L,Q,W,I,R,G,L,Q,H,Q,L,V,D,Q,Q,T,R,L,Q,E,S,F,D,T,I,L,D,N,R,K,E,L,I,R,C,L,Q,Q,R,V,A,P,S,R,P,Q,D,Q,R
Cercocebus_atys,M,F,A,I,Q,P,G,L,A,E,G,G,Q,F,L,G,D,P,P,P,G,V,C,Q,P,E,L,Q,P,D,N,N,S,N,F,M,A,S,A,K,D,A,N,E,N,W,H,G,M,P,G,R,V,E,P,I,L,R,R,S,S,S,E,S,P,S,D,N,Q,A,F,Q,A,P,G,S,P,E,E,G,V,R,S,P,P,E,G,A,E,I,P,G,A,E,P,E,K,M,G,G,A,G,T,V,C,S,P,L,E,D,N,G,Y,A,S,S,S,L,S,I,N,S,P,S,S,S,P,E,P,A,C,G,T,P,R,G,L,G,P,P,D,P,L,L,P,S,V,A,Q,A,V,Q,H,L,Q,A,Q,E,R,Y,K,E,Q,E,K,E,K,H,H,V,H,L,V,M,Y,R,R,L,A,L,L,Q,W,I,R,G,L,Q,H,Q,L,I,D,Q,Q,A,R,L,Q,E,S,F,D,T,I,L,D,N,R,K,E,L,I,R,C,L,Q,Q,R,A,A,P,S,R,P,Q,D,Q,G
Cervus_canadensis,M,F,A,I,Q,P,G,A,A,E,G,G,Q,F,L,G,G,P,P,P,G,V,C,P,P,E,L,Q,P,D,S,N,S,N,F,M,T,S,A,K,D,A,N,E,N,W,H,G,M,P,G,Q,V,E,P,V,L,M,R,S,S,S,D,L,P,S,D,N,Q,D,F,Q,A,P,G,L,P,E,G,E,V,R,S,P,P,E,G,A,E,I,P,G,A,G,P,E,K,T,A,G,V,S,T,A,C,S,P,L,E,D,N,G,Y,A,S,S,S,L,S,V,D,S,P,S,C,S,P,E,S,A,C,G,T,P,-,-,P,G,P,P,D,H,L,P,P,S,V,A,Q,A,V,Q,Q,L,Q,A,Q,E,R,Y,K,E,Q,E,K,E,K,H,H,V,H,L,V,M,Y,R,R,L,A,L,L,Q,W,I,R,G,L,Q,H,Q,L,V,D,Q,Q,A,R,L,Q,E,S,F,D,T,I,L,D,N,R,K,E,L,I,R,Y,L,Q,Q,R,A,V,P,S,R,P,Q,D,Q,D
Chlorocebus_sabaeus,M,F,A,I,Q,P,G,L,A,E,G,G,Q,F,L,G,D,P,P,P,G,V,C,Q,P,E,L,Q,P,D,N,N,S,N,F,M,A,S,A,K,D,A,N,E,N,W,H,G,M,P,G,R,V,E,P,I,L,R,R,S,S,S,E,L,P,S,D,N,Q,A,F,Q,A,P,G,S,P,E,E,G,V,R,S,P,P,E,G,A,E,I,P,G,A,E,P,E,K,M,G,G,A,G,T,V,C,S,P,L,E,D,N,G,Y,A,S,S,S,L,S,I,N,S,P,S,S,S,P,E,P,A,C,G,T,P,R,G,L,G,P,P,D,P,L,L,P,S,V,A,Q,A,V,Q,H,L,Q,A,Q,E,R,Y,K,E,Q,E,K,E,K,H,H,V,H,L,V,M,Y,R,R,L,A,L,L,Q,W,I,R,G,L,Q,H,Q,L,I,D,Q,Q,A,R,L,Q,E,S,F,D,T,I,L,D,N,R,K,E,L,I,R,C,L,Q,Q,R,A,A,P,S,R,P,Q,D,Q,G
Colobus_angolensis_palliatus,-,-,-,-,-,-,-,-,-,-,-,-,-,-,-,-,-,-,-,-,-,-,C,Q,P,E,L,Q,P,D,S,N,S,N,F,M,A,S,A,K,D,A,N,E,N,W,H,G,M,P,G,R,V,E,P,I,L,R,R,S,S,S,E,S,P,S,D,N,Q,A,F,Q,A,P,G,S,P,E,E,G,V,R,S,P,P,E,G,A,E,I,P,G,A,E,P,E,K,M,G,G,A,G,T,V,C,S,P,L,E,D,N,G,Y,A,S,S,S,L,S,I,D,S,P,S,S,S,P,E,P,A,C,G,T,L,R,G,L,G,P,P,D,P,L,L,P,S,V,A,Q,A,V,Q,H,L,Q,A,Q,E,R,Y,K,E,Q,E,K,E,K,H,H,V,H,L,V,M,Y,R,R,L,A,L,L,Q,W,I,R,G,L,Q,H,Q,L,I,D,Q,Q,S,R,L,Q,E,S,F,D,T,I,L,D,N,R,K,E,L,I,R,C,L,Q,Q,R,A,A,P,S,R,P,Q,D,Q,G
Condylura_cristata,M,F,A,I,Q,P,G,L,A,E,G,G,Q,F,L,G,G,Q,P,P,G,L,C,Q,P,K,L,Q,P,D,S,N,S,N,F,M,T,S,A,K,D,A,N,E,N,W,H,G,M,P,G,Q,G,E,P,I,P,T,K,N,S,S,E,L,L,P,E,H,Q,V,F,Q,A,P,G,L,P,E,G,A,I,R,S,P,P,E,G,A,E,I,P,G,A,E,P,E,K,M,D,S,A,S,K,V,C,S,P,L,E,D,N,G,Y,A,S,S,S,L,S,I,D,S,P,S,S,N,A,E,S,A,C,G,S,P,R,G,P,G,P,T,D,P,L,L,P,S,V,A,Q,A,V,Q,Q,L,Q,A,Q,E,R,Y,K,E,R,E,K,E,K,H,H,V,H,L,V,M,Y,R,R,L,A,L,L,Q,W,I,R,S,L,K,H,Q,L,F,D,Q,Q,A,R,L,Q,E,S,F,D,T,I,L,D,N,R,K,E,L,I,R,C,L,Q,Q,R,A,A,A,S,G,P,Q,D,Q,G
Elephas_maximus_indicus,M,F,A,I,Q,P,G,L,A,E,G,G,Q,F,L,G,D,P,P,P,G,I,C,Q,P,E,L,Q,P,D,S,N,S,N,F,I,A,N,A,K,D,A,N,E,N,W,H,G,I,P,G,K,A,E,P,S,L,M,G,S,A,P,K,S,L,S,D,N,Q,A,F,Q,V,P,G,L,P,E,G,E,V,R,S,P,P,E,G,A,E,I,P,G,A,E,P,E,K,M,G,G,A,S,T,A,C,S,P,L,E,D,N,G,Y,A,S,S,S,L,S,I,D,S,P,S,S,S,P,E,P,A,C,G,T,P,G,G,S,G,A,P,D,P,L,L,P,S,V,A,Q,A,V,Q,Q,L,E,A,Q,E,R,Y,K,E,R,E,K,E,K,H,H,V,H,L,V,M,Y,R,R,L,A,L,L,Q,W,I,R,G,L,Q,H,Q,L,V,D,Q,Q,A,R,L,Q,E,S,F,D,T,I,L,D,N,R,K,E,L,I,R,C,L,Q,Q,R,A,A,P,S,-,-,Q,D,Q,G
Enhydra_lutris_kenyoni,M,F,T,I,Q,P,G,L,A,E,G,G,Q,F,P,G,G,-,P,P,G,V,C,Q,P,E,F,Q,P,D,N,N,S,N,F,M,A,S,V,K,D,A,N,E,N,W,H,G,M,P,D,H,V,E,P,I,P,M,R,S,S,S,E,L,P,S,D,N,Q,A,F,Q,D,P,G,L,P,K,G,E,V,R,S,P,P,E,G,A,E,I,P,R,A,K,L,E,K,L,G,S,A,S,A,V,C,S,P,L,E,D,N,G,Y,A,S,S,S,P,S,T,D,G,S,S,S,S,P,E,P,A,C,G,T,P,R,G,L,G,P,A,D,P,L,L,P,S,V,A,R,A,V,Q,Q,L,Q,A,Q,E,R,Y,K,E,Q,E,K,E,K,H,H,A,H,L,V,M,Y,R,R,L,T,L,L,Q,W,I,R,G,L,Q,H,Q,L,V,D,Q,Q,A,R,L,Q,E,S,F,D,T,I,L,D,N,R,K,E,L,I,R,C,L,Q,Q,R,A,A,P,S,G,P,Q,E,Q,G
Equus_asinus,M,F,A,M,Q,P,G,L,A,E,G,G,Q,N,L,G,G,P,P,P,G,V,C,P,P,E,L,Q,P,D,S,N,S,N,F,M,A,S,A,K,D,A,N,E,N,W,H,G,M,P,G,Q,G,E,P,I,L,M,R,S,S,S,E,L,P,S,D,N,Q,A,F,R,A,S,G,L,S,E,G,E,V,R,S,P,P,E,G,A,E,I,P,G,A,E,P,E,K,M,G,D,T,G,T,V,C,S,P,L,E,D,N,G,Y,A,S,S,S,L,S,I,D,S,P,S,S,S,P,E,P,A,C,G,T,P,R,G,P,G,P,S,D,P,L,L,P,S,V,A,Q,A,V,Q,Q,L,Q,A,Q,E,R,Y,K,E,Q,E,K,E,K,H,H,V,H,L,V,M,Y,R,R,L,A,L,L,Q,W,I,R,G,L,Q,H,Q,L,V,D,Q,Q,A,R,L,Q,E,S,F,D,T,I,L,V,N,R,K,E,L,I,R,C,L,Q,Q,R,A,A,P,S,R,P,Q,D,Q,G
Equus_przewalskii,M,F,A,M,Q,P,G,L,A,E,G,G,Q,N,L,G,G,P,P,P,G,V,C,P,P,E,L,Q,P,D,S,N,S,N,F,M,A,S,A,K,D,A,N,E,N,W,H,G,M,P,G,Q,G,E,P,I,L,M,R,S,S,S,E,L,P,S,D,N,Q,A,F,R,A,P,G,L,S,E,G,E,V,R,S,P,P,E,G,A,E,I,P,G,A,E,P,E,K,M,G,D,T,G,T,V,C,S,P,L,E,D,N,G,Y,A,S,S,S,L,S,I,D,S,P,S,S,S,P,E,P,A,C,G,T,P,R,G,P,G,P,S,D,P,L,L,P,S,V,A,Q,A,V,Q,Q,L,Q,A,Q,E,R,Y,K,E,Q,E,K,E,K,H,H,V,H,L,V,M,Y,R,R,L,A,L,L,Q,W,I,R,G,L,Q,H,Q,L,V,D,Q,Q,A,R,L,Q,E,S,F,D,T,I,L,V,N,R,K,E,L,I,R,C,L,Q,Q,R,A,A,P,S,R,P,Q,D,Q,G
Equus_quagga,M,F,A,M,Q,P,G,L,A,E,G,G,Q,N,L,G,G,P,P,P,G,V,C,P,P,E,L,Q,P,D,S,N,S,N,F,M,A,S,A,K,D,A,N,E,N,W,H,G,M,P,G,Q,G,E,P,I,L,M,R,S,S,S,E,L,P,S,D,N,Q,A,F,R,A,P,G,L,S,E,G,E,V,R,S,P,P,E,G,A,E,I,P,G,A,E,P,E,K,M,G,D,T,G,T,V,C,S,P,L,E,D,N,G,Y,A,S,S,S,L,S,I,D,S,P,S,S,S,P,E,P,A,C,G,T,P,R,G,P,G,P,S,D,P,L,L,P,S,V,A,Q,A,V,Q,Q,L,Q,A,Q,E,R,Y,K,E,Q,E,K,E,K,H,H,V,H,L,V,M,Y,R,R,L,A,L,L,Q,W,I,R,G,L,Q,H,Q,L,V,D,Q,Q,A,R,L,Q,E,S,F,D,T,I,L,V,N,R,K,E,L,I,R,C,L,Q,Q,R,A,A,P,S,R,P,Q,D,Q,G
Gorilla_gorilla_gorilla,M,F,A,I,Q,P,G,L,A,E,G,G,Q,F,L,G,D,P,P,P,G,L,C,Q,P,E,L,Q,P,D,S,N,S,N,F,M,A,S,A,K,D,A,N,E,N,W,H,G,M,P,G,R,V,E,P,I,L,R,R,S,S,S,E,S,P,S,D,N,Q,A,F,Q,A,P,G,S,P,E,E,G,V,R,S,P,P,E,G,A,E,I,P,G,A,E,P,E,K,M,G,G,A,G,T,V,C,S,P,L,E,D,N,G,Y,A,S,S,S,L,S,I,D,S,P,S,S,S,P,E,P,A,C,G,T,P,R,G,P,G,P,P,D,P,L,L,P,S,V,A,Q,A,V,Q,H,L,Q,A,Q,E,R,Y,K,E,Q,E,K,E,K,H,H,V,H,L,V,M,Y,R,R,L,A,L,L,Q,W,I,R,G,L,Q,H,Q,L,I,D,Q,Q,A,R,L,Q,E,S,F,D,T,I,L,D,N,R,K,E,L,I,R,C,L,Q,Q,R,A,A,P,S,R,P,Q,D,Q,A
Halichoerus_grypus,M,F,A,I,Q,P,G,V,A,E,G,G,Q,F,L,G,G,-,P,P,G,V,C,Q,P,E,L,Q,P,D,S,N,S,N,F,M,A,S,A,K,D,A,N,E,N,W,H,G,M,P,G,H,V,E,P,I,L,M,Q,S,S,S,E,L,P,S,D,N,Q,V,F,Q,T,P,G,L,P,E,G,E,V,R,S,P,P,E,G,A,E,I,P,G,A,E,L,E,K,L,S,G,A,S,P,A,C,S,P,L,E,D,N,G,Y,A,S,S,S,L,S,T,D,S,P,S,S,S,P,A,P,A,C,G,T,P,R,G,P,G,P,P,D,A,L,L,P,S,V,A,Q,A,V,Q,Q,L,Q,A,Q,E,R,Y,K,E,Q,E,K,E,K,H,H,V,H,L,V,M,Y,R,R,L,A,L,L,Q,W,I,R,G,L,Q,Q,Q,L,V,D,Q,Q,T,R,L,Q,E,S,F,D,T,I,L,D,N,R,K,E,L,I,R,C,L,Q,Q,R,A,A,P,S,G,P,Q,E,Q,G
Homo_sapiens,M,F,A,I,Q,P,G,L,A,E,G,G,Q,F,L,G,D,P,P,P,G,L,C,Q,P,E,L,Q,P,D,S,N,S,N,F,M,A,S,A,K,D,A,N,E,N,W,H,G,M,P,G,R,V,E,P,I,L,R,R,S,S,S,E,S,P,S,D,N,Q,A,F,Q,A,P,G,S,P,E,E,G,V,R,S,P,P,E,G,A,E,I,P,G,A,E,P,E,K,M,G,G,A,G,T,V,C,S,P,L,E,D,N,G,Y,A,S,S,S,L,S,I,D,S,R,S,S,S,P,E,P,A,C,G,T,P,R,G,P,G,P,P,D,P,L,L,P,S,V,A,Q,A,V,Q,H,L,Q,V,Q,E,R,Y,K,E,Q,E,K,E,K,H,H,V,H,L,V,M,Y,R,R,L,A,L,L,Q,W,I,R,G,L,Q,H,Q,L,I,D,Q,Q,A,R,L,Q,E,S,F,D,T,I,L,D,N,R,K,E,L,I,R,C,L,Q,Q,R,A,A,P,S,R,P,Q,D,Q,A
Hylobates_moloch,M,F,A,I,Q,P,G,L,A,E,G,G,Q,F,L,G,D,P,P,P,G,V,C,Q,P,E,L,Q,P,D,S,N,S,N,F,M,A,S,A,K,D,A,N,E,N,W,H,G,M,P,G,R,V,E,P,I,L,R,R,S,S,S,E,S,P,S,D,N,Q,A,F,Q,A,L,G,S,P,E,E,G,V,R,S,P,P,E,G,A,E,I,P,G,A,E,P,E,K,M,G,G,A,G,T,V,C,S,P,L,E,D,N,G,Y,A,S,S,S,L,S,I,D,S,P,S,S,S,P,E,P,A,C,G,T,P,R,G,P,G,P,P,D,P,C,L,P,S,V,A,Q,A,V,Q,H,L,Q,A,Q,E,R,Y,K,E,Q,E,K,E,K,H,H,V,H,L,V,M,Y,R,R,L,A,L,L,Q,W,I,R,G,L,Q,H,Q,L,I,D,Q,Q,A,R,L,Q,E,S,F,D,T,I,L,D,N,R,K,E,L,I,R,C,L,Q,Q,R,A,A,P,S,R,P,Q,D,Q,G
Ictidomys_tridecemlineatus,M,F,A,I,Q,P,G,L,A,E,G,D,Q,F,L,G,G,L,S,P,G,V,C,Q,P,K,L,Q,P,D,S,N,S,N,F,L,E,S,A,R,D,A,N,E,N,W,H,G,M,P,S,K,L,D,P,I,L,T,R,N,A,S,E,L,P,S,D,N,Q,A,F,Q,A,S,G,L,P,E,E,G,I,R,S,P,P,E,G,A,E,I,P,G,A,E,P,E,K,R,G,G,A,S,T,I,C,S,P,L,E,D,N,G,Y,A,S,S,S,L,S,I,D,S,P,S,S,S,P,E,P,A,C,G,T,P,R,G,P,G,P,P,D,S,L,L,P,S,V,A,Q,A,V,Q,Q,L,Q,A,Q,E,R,Y,K,E,Q,E,K,E,K,H,H,V,H,L,V,M,Y,R,R,L,A,L,L,Q,W,I,R,G,L,Q,H,Q,L,V,D,Q,Q,A,R,L,Q,E,S,F,D,T,I,L,D,N,R,K,E,L,I,R,C,L,Q,Q,R,A,A,P,S,R,S,Q,D,Q,G
Leopardus_geoffroyi,M,F,A,I,Q,P,G,V,A,E,G,G,Q,V,L,G,G,-,P,P,G,V,C,Q,P,E,L,Q,P,D,S,N,S,N,F,M,A,S,A,K,D,A,N,E,N,W,H,G,M,P,G,Q,V,E,P,S,L,M,R,G,S,S,E,L,P,S,D,N,Q,A,F,Q,A,P,G,L,P,D,G,E,V,R,S,P,P,E,G,A,E,I,A,G,A,E,L,E,K,M,S,G,A,S,T,V,C,S,P,L,E,D,N,G,Y,A,S,S,S,L,S,T,D,S,A,S,S,S,P,E,P,V,C,G,T,P,R,G,P,G,P,P,D,P,L,L,P,S,V,A,Q,A,V,Q,Q,L,Q,A,Q,E,R,Y,K,E,Q,E,K,E,K,H,H,V,H,L,V,M,Y,R,R,L,A,L,L,Q,W,I,R,G,L,Q,H,Q,L,V,D,Q,Q,T,R,L,Q,E,S,F,D,T,I,L,D,N,R,K,E,L,I,R,C,L,Q,Q,R,A,V,P,S,R,P,Q,D,Q,G
Loxodonta_africana,M,F,A,I,Q,P,G,L,A,E,G,G,Q,F,L,G,D,P,P,P,G,I,C,Q,P,E,L,Q,P,D,S,N,S,N,F,I,A,N,A,K,D,A,N,E,N,W,H,G,I,P,G,K,V,E,P,S,L,M,G,S,A,P,K,S,P,S,D,N,Q,A,F,Q,V,P,G,L,P,E,G,E,V,R,S,P,P,E,G,A,E,I,P,G,A,E,P,E,K,M,G,G,A,S,T,A,C,S,P,L,E,D,N,G,Y,A,S,S,S,L,S,I,D,S,P,S,S,S,P,E,P,A,C,G,T,P,G,G,S,G,A,P,D,P,L,L,P,S,V,A,Q,A,V,Q,Q,L,E,A,Q,E,R,Y,K,E,R,E,K,E,K,H,H,V,H,L,V,M,Y,R,R,L,A,L,L,Q,W,I,R,G,L,Q,H,Q,L,V,D,Q,Q,A,R,L,Q,E,S,F,D,T,I,L,D,N,R,K,E,L,I,R,C,L,Q,Q,R,A,A,P,S,-,-,Q,D,Q,G
Macaca_fascicularis,M,F,A,I,Q,P,G,L,A,E,G,G,Q,F,L,G,D,P,P,P,G,V,C,Q,P,E,L,Q,P,D,N,N,S,N,F,M,A,S,A,K,D,A,N,E,N,W,H,G,M,P,G,R,V,E,P,I,L,R,R,S,S,S,E,S,P,S,D,N,Q,A,F,Q,A,P,G,S,P,E,E,G,V,R,S,P,P,E,G,A,E,I,P,G,A,E,P,E,K,M,G,G,P,G,T,V,C,S,P,L,E,D,N,G,Y,A,S,S,S,L,S,I,N,S,P,S,S,S,P,E,P,A,C,G,I,P,R,G,L,G,P,P,D,P,L,L,P,S,V,A,Q,A,V,Q,H,L,Q,A,Q,E,R,Y,K,E,Q,E,K,E,K,H,H,V,H,L,V,M,Y,R,R,L,A,L,L,Q,W,I,R,G,L,Q,H,Q,L,I,D,Q,Q,A,R,L,Q,E,S,F,D,T,I,L,D,N,R,K,E,L,I,R,C,L,Q,Q,R,A,A,P,S,R,P,Q,D,Q,G
Macaca_mulatta,M,F,A,I,Q,P,G,L,A,E,G,G,Q,F,L,G,D,P,P,P,G,V,C,Q,P,E,L,Q,P,D,N,N,S,N,F,M,A,S,A,K,D,A,N,E,N,W,H,G,M,P,G,R,V,E,P,I,L,R,R,S,S,S,E,S,P,S,D,N,Q,D,F,Q,A,P,G,S,P,E,E,G,V,R,S,P,P,E,G,A,E,I,P,G,A,E,P,E,K,M,G,G,P,G,T,V,C,S,P,L,E,D,N,G,Y,A,S,S,S,L,S,I,N,S,P,S,S,S,P,E,P,A,C,G,T,P,R,G,L,G,P,P,D,P,L,L,P,S,V,A,Q,A,V,Q,H,L,Q,A,Q,E,R,Y,K,E,Q,E,K,E,K,H,H,V,H,L,V,M,Y,R,R,L,A,L,L,Q,W,I,R,G,L,Q,H,Q,L,I,D,Q,Q,A,R,L,Q,E,S,F,D,T,I,L,D,N,R,K,E,L,I,R,C,L,Q,Q,R,A,A,P,S,R,P,Q,D,Q,G
Macaca_nemestrina,M,F,A,I,Q,P,G,L,A,E,G,G,Q,F,L,G,D,P,P,P,G,V,C,Q,P,E,L,Q,P,D,N,N,S,N,F,M,A,S,A,K,D,A,N,E,N,W,H,G,M,P,G,R,V,E,P,I,L,R,R,S,S,S,E,S,P,S,D,N,Q,A,F,Q,A,P,G,S,P,E,E,G,V,R,S,P,P,E,G,A,E,I,P,G,A,E,P,E,K,M,G,G,P,D,T,V,C,S,P,L,E,D,N,G,Y,A,S,S,S,L,S,I,N,S,P,S,S,S,P,E,P,A,C,G,T,P,R,G,L,G,P,P,D,P,L,L,P,S,V,A,Q,A,V,Q,H,L,Q,A,Q,E,R,Y,K,E,Q,E,K,E,K,H,H,V,H,L,V,M,Y,R,R,L,A,L,L,Q,W,I,R,G,L,Q,H,Q,L,I,D,Q,Q,A,R,L,Q,E,S,F,D,T,I,L,D,N,R,K,E,L,I,R,C,L,Q,Q,R,A,A,P,S,R,P,Q,D,Q,G
Macaca_thibetana_thibetana,M,F,A,I,Q,P,G,L,A,E,G,G,Q,F,L,G,D,P,P,P,G,V,C,Q,P,E,L,Q,P,D,N,N,S,N,F,M,A,S,A,K,D,A,N,E,N,W,H,G,M,P,G,R,V,E,P,I,L,R,R,S,S,S,E,S,P,S,D,N,Q,A,F,Q,A,P,G,S,P,E,E,G,V,R,S,P,P,E,G,A,E,I,P,G,A,E,P,E,K,M,G,G,P,G,T,V,C,S,P,L,E,D,N,G,Y,A,S,S,S,L,S,I,N,S,P,S,S,S,P,E,P,A,C,G,T,P,R,G,L,G,P,P,D,P,L,L,P,S,V,A,Q,A,V,Q,H,L,Q,A,Q,E,R,Y,K,E,Q,E,K,E,K,H,H,V,H,L,V,M,Y,R,R,L,A,L,L,Q,W,I,R,G,L,Q,H,Q,L,I,D,Q,Q,A,R,L,Q,E,S,F,D,T,I,L,D,N,R,K,E,L,I,R,C,L,Q,Q,R,A,A,P,S,R,P,Q,D,Q,G
Mandrillus_leucophaeus,M,F,T,I,Q,P,G,L,A,E,G,G,Q,F,L,G,D,P,P,P,G,V,C,Q,P,E,L,Q,P,D,N,N,S,N,F,M,A,S,A,K,D,A,N,E,N,W,H,G,M,P,G,R,V,E,P,I,L,R,R,S,S,S,E,S,P,S,D,N,Q,A,F,Q,A,P,G,S,P,E,E,G,V,R,S,P,P,E,G,A,E,I,P,G,A,E,P,E,K,M,G,G,A,G,T,V,C,S,P,L,E,D,N,G,Y,A,S,S,S,L,S,I,N,S,P,S,S,S,P,E,P,A,C,G,T,P,R,G,L,G,P,P,D,P,L,L,P,S,V,A,Q,A,V,Q,H,L,Q,A,Q,E,R,Y,K,E,Q,E,K,E,K,H,H,V,H,L,V,M,Y,R,R,L,A,L,L,Q,W,I,R,G,L,Q,H,Q,L,I,D,Q,Q,A,R,L,Q,E,S,F,D,T,I,L,D,N,R,K,E,L,I,R,C,L,Q,Q,R,A,A,P,S,R,P,Q,D,Q,G
Marmota_flaviventris,M,F,A,I,Q,P,G,L,A,E,G,D,Q,F,L,G,G,L,S,P,G,V,C,Q,P,K,L,Q,P,D,S,N,S,N,F,L,E,S,A,R,D,A,N,E,N,W,H,G,M,P,S,K,L,D,P,I,L,T,R,N,A,S,E,L,P,S,D,N,Q,A,F,Q,A,S,G,L,P,E,E,G,I,R,S,P,P,E,G,A,E,I,P,G,A,E,L,E,K,R,G,G,A,S,T,I,C,S,P,L,E,D,N,G,Y,A,S,S,S,L,S,I,D,S,P,S,S,S,P,E,P,A,C,G,T,P,R,G,P,G,P,P,D,S,L,L,P,S,V,A,Q,A,V,Q,Q,L,Q,A,Q,E,R,Y,K,E,Q,E,K,E,K,H,H,V,H,L,V,M,Y,R,R,L,A,L,L,Q,W,I,R,G,L,Q,H,Q,L,V,D,Q,Q,A,R,L,Q,E,S,F,D,T,I,L,D,N,R,K,E,L,I,R,C,L,Q,Q,R,A,A,P,S,R,S,Q,D,Q,G
Marmota_marmota_marmota,M,F,A,I,Q,P,G,L,A,E,G,D,Q,F,L,G,G,L,S,P,G,V,C,Q,P,K,L,Q,P,D,S,N,S,N,F,L,E,S,A,R,D,A,N,E,N,W,H,G,M,P,S,K,L,D,P,I,L,T,R,N,A,S,E,L,P,S,D,N,Q,A,F,Q,A,S,G,L,P,E,E,G,I,R,S,P,P,E,G,A,E,I,P,G,A,E,P,E,K,R,G,G,A,S,T,I,C,S,P,L,E,D,N,G,Y,A,S,S,S,L,S,I,D,S,P,S,S,S,P,E,P,A,C,G,T,P,R,G,P,G,P,P,D,S,L,L,P,S,V,A,Q,A,V,Q,Q,L,Q,A,Q,E,R,Y,K,E,Q,E,K,E,K,H,H,V,H,L,V,M,Y,R,R,L,A,L,L,Q,W,I,R,G,L,Q,H,Q,L,V,D,Q,Q,A,R,L,Q,E,S,F,D,T,I,L,D,N,R,K,E,L,I,R,C,L,Q,Q,R,A,A,P,S,R,S,Q,D,Q,G
Marmota_monax,M,F,A,I,Q,P,G,L,A,E,G,D,Q,F,L,G,G,L,S,P,G,V,C,Q,P,K,L,Q,P,D,S,N,S,N,F,L,E,S,A,R,D,A,N,E,N,W,H,G,M,P,S,K,L,D,P,I,L,T,R,N,A,S,E,L,A,S,D,N,Q,A,F,Q,A,S,G,L,P,E,E,G,I,R,S,P,P,E,G,A,E,I,P,G,A,E,P,E,K,R,G,G,A,S,T,I,C,S,P,L,E,D,N,G,Y,A,S,S,S,L,S,I,D,S,P,S,S,S,P,E,P,A,C,G,T,P,R,G,P,G,P,P,D,S,L,L,P,S,V,A,Q,A,V,Q,Q,L,Q,A,Q,E,R,Y,K,E,Q,E,K,E,K,H,H,V,H,L,V,M,Y,R,R,L,A,L,L,Q,W,I,R,G,L,Q,H,Q,L,V,D,Q,Q,A,R,L,Q,E,S,F,D,T,I,L,D,N,R,K,E,L,I,R,C,L,Q,Q,R,A,A,P,S,R,S,Q,D,Q,G
Nannospalax_galili,M,F,A,I,Q,P,G,L,A,E,G,A,Q,F,L,G,G,L,P,P,G,V,C,Q,P,E,L,Q,P,D,S,N,S,N,F,M,E,S,A,K,D,A,N,E,N,W,H,G,M,P,S,K,V,E,P,I,L,M,R,S,S,S,E,S,P,S,D,N,Q,A,F,Q,A,T,G,L,P,E,G,G,I,R,S,P,P,E,G,A,E,I,P,G,A,E,P,E,K,L,G,G,A,G,S,I,C,S,P,L,E,D,I,G,Y,A,S,S,T,L,S,I,D,S,L,-,S,S,P,E,P,A,C,G,T,P,R,G,P,G,S,P,D,P,L,L,P,S,V,A,Q,A,V,R,Q,L,Q,A,Q,E,R,Y,K,E,Q,E,K,E,K,H,H,V,H,L,V,M,Y,R,R,L,A,L,L,Q,W,I,R,A,L,Q,H,Q,L,V,D,Q,Q,A,R,L,Q,E,S,F,D,T,I,L,D,N,R,K,E,L,I,R,C,L,Q,Q,R,E,E,S,S,R,H,Q,D,Q,G
Neomonachus_schauinslandi,M,F,A,I,Q,P,G,V,A,E,G,G,Q,F,L,G,G,-,P,P,E,V,C,Q,P,E,L,Q,P,D,S,N,S,N,F,M,A,S,A,K,D,A,N,E,N,W,H,G,M,P,G,H,V,E,P,I,L,M,Q,S,S,S,E,L,P,S,D,N,Q,V,F,Q,A,P,G,L,P,E,G,E,V,R,S,P,P,E,G,A,E,I,P,G,A,E,L,E,K,L,S,G,A,S,P,V,C,S,P,L,E,D,N,G,Y,A,S,S,S,L,S,T,D,S,P,S,S,S,P,E,P,A,C,G,T,P,R,G,P,G,P,P,D,A,L,L,P,S,V,A,Q,A,V,Q,Q,L,Q,A,Q,E,R,Y,K,E,Q,E,K,E,K,H,H,V,H,L,V,M,Y,R,R,L,A,L,L,Q,W,I,R,G,L,Q,Q,Q,L,V,D,Q,Q,T,R,L,Q,E,S,F,D,T,I,L,D,N,R,K,E,L,I,R,C,L,Q,Q,R,A,A,P,S,G,P,Q,E,Q,G
Nomascus_leucogenys,M,F,A,I,Q,P,G,L,A,E,G,G,Q,F,L,G,D,P,P,P,G,V,C,Q,P,E,L,Q,P,D,S,N,S,N,F,M,A,S,A,K,D,A,N,E,N,W,H,G,M,P,G,R,V,E,P,I,L,R,R,S,S,S,E,S,P,S,D,N,Q,A,F,Q,A,L,G,S,P,E,E,G,V,R,S,P,P,E,G,A,E,I,P,G,A,E,P,E,K,M,G,G,A,G,T,V,C,S,P,L,E,D,N,G,Y,A,S,S,S,L,S,I,D,S,P,S,S,S,P,E,P,A,C,G,T,P,R,G,P,G,P,P,D,P,R,L,P,S,V,A,Q,A,V,Q,H,L,Q,A,Q,E,R,Y,K,E,Q,E,K,E,K,H,H,V,H,L,V,M,Y,R,R,L,A,L,L,Q,W,I,R,G,L,Q,H,Q,L,I,D,Q,Q,A,R,L,Q,E,S,F,D,T,I,L,D,N,R,K,E,L,I,R,C,L,Q,Q,R,A,A,P,S,R,P,Q,D,Q,G
Ochotona_curzoniae,M,F,A,I,Q,P,G,L,A,E,G,G,P,F,L,G,G,P,A,P,A,A,C,Q,P,-,-,Q,P,D,S,N,C,N,F,M,A,S,A,R,D,A,N,E,N,W,H,G,I,L,G,M,V,E,P,T,L,L,R,S,S,S,E,L,S,S,A,S,Q,A,S,Q,A,P,G,S,H,E,E,G,V,R,S,P,P,E,G,A,E,I,P,R,A,E,P,E,K,M,G,D,A,S,T,I,C,S,P,L,E,D,N,G,Y,A,S,S,P,L,S,T,D,S,P,S,S,S,P,E,P,A,C,G,T,P,R,G,L,G,P,S,D,P,L,L,P,S,V,A,Q,A,A,Q,Q,L,Q,A,Q,E,R,Y,K,E,R,E,K,E,K,H,H,V,H,L,V,M,Y,R,R,L,A,L,L,Q,W,I,R,G,L,Q,H,Q,L,V,D,Q,Q,A,R,L,Q,E,S,F,D,T,I,L,D,N,R,K,E,L,I,R,C,L,Q,Q,R,A,A,P,P,R,P,Q,D,Q,G
Ochotona_princeps,M,F,A,I,Q,P,G,L,A,E,G,G,P,F,L,G,G,P,A,P,A,A,C,Q,P,-,-,Q,P,D,S,N,C,N,F,M,A,S,A,S,D,A,N,E,N,W,H,G,I,L,G,R,V,E,P,T,L,L,K,S,S,S,K,L,S,S,A,S,Q,A,S,Q,A,P,G,S,H,E,E,G,V,R,S,P,P,E,G,A,E,I,P,G,A,E,P,E,K,M,G,D,A,S,T,I,C,S,P,L,E,D,N,G,Y,A,S,S,P,L,S,T,D,S,P,S,S,S,P,E,P,A,C,G,T,P,R,G,L,G,P,S,D,P,L,L,P,S,V,A,Q,A,V,Q,Q,L,Q,A,Q,E,R,Y,K,E,R,E,K,E,K,H,H,V,H,L,V,M,Y,R,R,L,A,L,L,Q,W,I,R,G,L,Q,H,Q,L,V,D,Q,Q,A,R,L,Q,E,S,F,D,T,I,L,D,N,R,K,E,L,I,R,C,L,Q,Q,R,A,S,P,S,R,P,Q,D,Q,G
Octodon_degus,M,F,A,I,Q,P,G,L,P,E,G,G,Q,F,S,G,D,M,P,P,G,V,C,E,P,E,L,E,P,D,N,N,S,N,F,M,-,-,-,K,D,A,N,E,N,W,P,G,V,P,G,R,M,E,P,T,L,L,R,S,S,S,E,S,L,S,D,N,Q,T,F,Q,A,S,G,L,P,E,G,V,V,R,S,P,P,E,G,A,E,I,P,G,N,E,P,E,K,N,D,D,A,V,T,V,C,S,P,L,E,D,N,G,Y,A,S,S,S,L,S,I,D,S,T,S,S,S,P,E,P,A,C,G,T,P,R,G,P,G,P,P,D,P,L,L,P,S,V,A,Q,A,M,L,Q,L,Q,A,Q,E,R,Y,K,E,Q,E,K,E,K,H,H,V,H,L,V,M,Y,R,R,L,A,L,L,Q,W,I,R,G,L,Q,H,Q,L,V,D,Q,Q,A,R,L,Q,D,S,F,D,T,I,L,D,N,R,K,E,L,I,R,C,L,Q,Q,R,A,V,P,S,R,P,Q,D,Q,H
Ovis_aries,M,F,A,I,Q,P,G,V,A,E,G,G,Q,F,L,G,G,P,P,P,G,V,C,P,P,E,L,Q,P,D,S,N,S,N,F,M,-,S,A,K,D,A,N,E,N,W,H,G,L,P,G,Q,V,E,P,V,L,L,R,S,S,S,E,L,P,S,D,N,Q,D,F,Q,A,P,G,L,P,E,G,E,I,R,S,P,P,E,G,A,E,I,P,G,A,G,S,E,K,T,G,G,A,S,T,V,C,S,P,L,E,D,N,G,Y,A,S,S,S,L,S,V,D,S,P,S,R,S,P,E,S,A,C,G,T,P,-,-,P,G,P,P,G,H,L,L,P,S,V,A,Q,A,V,Q,Q,L,Q,A,Q,E,R,Y,K,E,Q,E,K,E,K,H,H,A,H,L,V,M,Y,R,R,L,A,L,L,Q,W,I,R,G,L,Q,H,Q,L,V,D,Q,Q,A,R,L,Q,E,S,F,D,T,I,L,D,N,R,K,E,L,I,R,C,L,Q,Q,R,A,V,P,S,R,R,Q,D,Q,D
Pan_paniscus,M,F,A,I,Q,P,G,L,A,E,G,G,Q,F,L,G,D,P,P,P,G,V,C,Q,P,E,L,Q,P,D,S,N,S,N,F,M,A,S,A,K,D,A,N,E,N,W,H,G,M,P,G,R,V,E,P,I,L,R,R,S,S,S,E,S,P,S,D,N,Q,A,F,Q,A,P,G,S,P,E,E,G,V,R,S,P,P,E,G,A,E,I,P,R,A,E,P,E,K,M,G,G,A,G,T,V,C,S,P,L,E,D,N,G,Y,A,S,S,S,L,S,I,D,S,R,S,S,S,P,E,P,A,C,G,T,P,R,G,P,G,P,P,D,P,L,L,P,S,V,A,Q,A,V,Q,H,L,Q,V,Q,E,R,Y,K,E,Q,E,K,E,K,H,H,V,H,L,V,M,Y,R,R,L,A,L,L,Q,W,I,R,G,L,Q,H,Q,L,I,D,Q,Q,A,R,L,Q,E,S,F,D,T,I,L,D,N,R,K,E,L,I,R,C,L,Q,Q,R,A,A,P,S,R,P,Q,D,Q,A
Pan_troglodytes,M,F,A,I,Q,P,G,L,A,E,G,G,Q,F,L,G,D,P,P,P,G,V,C,Q,P,E,L,Q,P,D,S,N,S,N,F,M,A,S,A,K,D,A,N,E,N,W,H,G,M,P,G,R,V,E,P,I,L,R,R,S,S,S,E,S,P,S,D,N,Q,A,F,Q,A,P,G,S,P,E,E,G,V,R,S,P,P,E,G,A,E,I,P,R,A,E,P,E,K,M,G,G,A,G,T,V,C,S,P,L,E,D,N,G,Y,A,S,S,S,L,S,I,D,S,R,S,S,S,P,E,P,A,C,G,T,P,R,G,P,G,P,P,D,P,L,L,P,S,V,A,Q,A,V,Q,H,L,Q,V,Q,E,R,Y,K,E,Q,E,K,E,K,H,H,V,H,L,V,M,Y,R,R,L,A,L,L,Q,W,I,R,G,L,Q,H,Q,L,I,D,Q,Q,A,R,L,Q,E,S,F,D,T,I,L,D,N,R,K,E,L,I,R,C,L,Q,Q,R,A,A,P,S,R,P,Q,D,Q,A
Panthera_tigris_altaica,-,-,-,-,-,-,-,-,-,-,-,-,-,-,-,-,-,-,-,-,-,-,-,-,-,-,-,-,-,-,-,-,-,-,-,-,-,-,-,-,-,-,-,-,-,-,-,-,-,-,-,-,-,-,-,-,-,-,-,-,-,-,-,-,-,-,-,-,-,-,-,-,-,-,-,-,-,-,-,-,-,-,-,-,-,-,-,-,-,-,-,-,-,-,-,-,-,-,-,-,-,-,-,-,-,-,-,-,-,-,-,-,-,-,-,-,-,-,-,-,-,-,-,-,-,-,-,-,-,-,-,-,-,-,-,-,-,-,-,-,-,-,-,-,-,-,-,-,-,-,-,-,-,-,-,-,-,-,-,-,-,-,-,-,-,-,-,-,-,-,-,-,-,-,-,-,-,-,-,-,-,-,-,-,-,-,-,-,-,-,-,-,-,-,-,-,-,-,-,-,-,-,-,-,-,-,-,-,-,-,-,-,-,-,-,-,-,-,-,-,-,-,-,-,-,-,-,-,-
Papio_anubis,M,F,A,I,Q,P,G,L,A,E,G,G,Q,F,L,G,D,P,P,P,G,V,C,Q,P,E,L,Q,P,D,N,N,S,N,F,M,A,S,A,K,D,A,N,E,N,W,H,G,M,P,G,R,V,E,P,I,L,R,R,S,S,P,E,S,P,S,D,N,Q,A,F,Q,A,P,G,S,P,E,E,G,V,R,S,P,P,E,G,A,E,I,P,G,A,E,P,E,K,M,G,G,P,G,T,V,C,S,P,L,E,D,N,G,Y,A,S,S,S,L,S,I,N,S,P,S,S,S,P,E,P,A,C,G,T,P,Q,G,L,G,P,P,N,P,L,L,P,S,V,A,Q,A,V,Q,H,L,Q,A,Q,E,R,Y,K,E,Q,E,K,E,K,H,H,V,H,L,V,M,Y,R,R,L,A,L,L,Q,W,I,R,G,L,Q,H,Q,L,I,D,Q,Q,A,R,L,Q,E,S,F,D,T,I,L,D,N,R,K,E,L,I,R,C,L,Q,Q,R,A,A,P,S,R,P,Q,D,Q,G
Piliocolobus_tephrosceles,M,F,A,I,Q,P,E,L,A,E,G,G,Q,F,L,G,D,P,P,P,G,V,C,Q,P,E,L,Q,P,D,N,N,S,N,F,M,A,S,A,K,D,A,N,E,N,W,H,G,M,P,G,R,V,E,P,I,L,R,R,S,S,S,E,S,P,S,D,N,Q,A,F,Q,A,P,G,S,P,E,E,G,V,R,S,P,P,E,G,A,E,I,P,G,A,E,P,E,K,M,G,G,A,G,T,V,C,S,P,L,E,D,N,G,Y,A,S,S,S,L,S,I,D,S,P,S,S,S,P,E,P,A,C,G,T,L,R,G,L,G,P,P,D,P,L,L,P,S,V,A,Q,A,V,Q,H,L,Q,A,Q,E,R,Y,K,E,Q,E,K,E,K,H,H,V,H,L,V,M,Y,R,R,L,A,L,L,Q,W,I,R,G,L,Q,H,Q,L,I,D,Q,Q,S,R,L,Q,E,S,F,D,T,I,L,D,N,R,K,E,L,I,R,C,L,Q,Q,R,A,A,P,S,R,P,Q,D,Q,R
Pongo_abelii,M,F,A,I,Q,P,G,L,A,E,G,G,Q,F,L,G,D,P,P,P,G,V,C,Q,P,E,R,Q,P,D,S,N,S,N,F,M,A,S,A,K,D,A,N,E,N,W,H,G,M,P,G,R,V,E,P,I,L,R,R,S,S,S,E,S,P,S,G,N,Q,A,F,Q,S,P,G,S,P,E,E,G,V,R,S,P,P,E,G,A,E,I,P,G,A,E,P,E,K,M,G,G,A,G,T,V,C,S,P,L,E,D,N,G,Y,A,S,S,S,L,S,I,D,S,R,S,S,S,P,E,P,A,C,G,T,P,R,G,P,G,P,P,D,P,L,L,P,S,V,A,Q,A,V,Q,H,L,Q,A,Q,E,R,Y,K,E,Q,E,K,E,K,H,H,V,H,L,V,M,Y,R,R,L,A,L,L,Q,W,I,R,G,L,Q,H,Q,L,I,D,Q,Q,A,R,L,Q,E,S,F,D,T,I,L,D,N,R,K,E,L,I,R,C,L,Q,Q,R,A,A,P,S,R,P,Q,D,Q,G
Propithecus_coquereli,M,F,A,I,Q,P,V,L,A,E,G,G,Q,F,L,A,G,P,P,P,G,V,C,Q,P,E,L,Q,P,D,S,N,S,N,F,M,A,S,A,K,D,A,N,E,N,W,H,G,I,P,G,K,V,E,P,I,L,M,R,S,S,S,E,S,S,S,D,N,Q,A,F,Q,A,P,G,L,P,E,E,G,V,R,S,P,P,E,G,A,E,I,P,G,A,E,P,E,K,M,D,G,A,G,T,V,C,S,P,L,E,D,N,G,Y,A,S,S,S,L,S,I,D,S,P,G,S,S,P,E,P,A,C,G,T,P,R,G,P,G,P,P,D,P,L,L,P,S,V,A,Q,A,V,Q,Q,L,Q,A,Q,E,R,Y,K,E,R,E,K,E,K,H,H,V,H,L,V,M,Y,R,R,L,A,L,L,Q,W,I,R,G,L,Q,H,Q,L,V,D,Q,Q,A,R,L,Q,E,S,F,D,T,I,L,D,N,R,K,E,L,I,R,C,L,Q,Q,R,A,A,P,S,R,H,Q,D,Q,G
Rhinopithecus_bieti,M,F,A,I,Q,P,G,L,A,E,G,G,Q,F,L,G,D,P,P,P,G,V,C,Q,P,E,L,Q,P,D,N,N,S,N,F,M,A,S,A,K,D,A,N,E,N,W,H,G,M,P,G,R,V,E,P,I,L,R,R,S,S,S,E,S,P,S,D,N,Q,A,F,Q,A,P,G,S,P,E,E,G,V,R,S,P,P,E,G,A,E,I,P,G,A,E,P,E,K,M,G,G,A,G,T,V,C,S,P,L,E,D,N,G,Y,A,S,S,S,L,S,I,D,S,P,S,S,S,P,E,P,A,C,G,T,L,R,G,L,G,P,P,D,P,L,L,P,S,V,A,Q,A,V,Q,H,L,Q,A,Q,E,R,Y,K,E,Q,E,K,E,K,H,H,V,H,L,V,M,Y,R,R,L,A,L,L,Q,W,I,R,G,L,Q,H,Q,L,I,D,Q,Q,S,R,L,Q,E,S,F,D,T,I,L,D,N,R,K,E,L,I,R,C,L,Q,Q,R,A,A,P,S,R,P,Q,D,Q,G
Rhinopithecus_roxellana,M,F,A,I,Q,P,G,L,A,E,G,G,Q,F,L,G,D,P,P,P,G,V,C,Q,P,E,L,Q,P,D,N,N,S,N,F,M,A,S,A,K,D,A,N,E,N,W,H,G,M,P,G,R,V,E,P,I,L,R,R,S,S,S,E,S,P,S,D,N,Q,A,F,Q,A,P,G,S,P,E,E,G,V,R,S,P,P,E,G,A,E,I,P,G,A,E,P,E,K,M,G,G,A,G,T,V,C,S,P,L,E,D,N,G,Y,A,S,S,S,L,S,I,D,S,P,S,S,S,P,E,P,A,C,G,T,L,R,G,L,G,P,P,D,P,L,L,P,S,V,A,Q,A,V,Q,H,L,Q,A,Q,E,R,Y,K,E,Q,E,K,E,K,H,H,V,H,L,V,M,Y,R,R,L,A,L,L,Q,W,I,R,G,L,Q,H,Q,L,I,D,Q,Q,S,R,L,Q,E,S,F,D,T,I,L,D,N,R,K,E,L,I,R,C,L,Q,Q,R,A,A,P,S,R,P,Q,D,Q,G
Saimiri_boliviensis_boliviensis,M,F,A,I,Q,P,G,L,A,E,A,G,Q,F,L,E,D,P,P,P,G,V,C,Q,P,E,L,Q,Q,D,S,N,S,N,F,M,A,S,A,K,D,A,N,E,N,W,H,G,M,P,G,R,A,E,P,I,L,M,R,S,S,S,E,S,T,S,D,N,Q,A,F,R,A,P,G,S,P,E,E,G,V,R,S,P,P,E,G,A,E,I,P,G,A,E,P,E,K,M,G,G,A,G,T,V,C,S,P,L,E,D,N,G,Y,A,S,S,S,L,S,I,D,S,P,S,S,S,P,E,P,A,C,G,T,L,R,G,P,G,P,P,D,P,L,L,P,S,V,A,Q,A,V,Q,H,L,Q,A,Q,E,R,Y,K,E,Q,E,K,E,K,H,H,V,H,L,V,M,Y,R,R,L,A,L,L,Q,W,I,R,G,L,Q,H,Q,L,I,D,Q,Q,A,R,L,Q,E,S,F,D,T,I,L,D,N,R,K,E,L,I,R,C,L,Q,Q,R,A,A,P,S,R,P,Q,D,Q,G
Sapajus_apella,M,F,A,I,Q,P,G,L,P,E,G,G,Q,F,L,G,D,P,P,P,G,V,C,Q,P,E,L,Q,P,D,S,N,S,N,F,M,A,S,A,K,D,A,N,E,N,W,H,G,M,P,G,R,V,E,P,I,L,M,R,S,S,S,E,S,P,S,D,N,Q,A,F,Q,A,P,G,S,P,E,E,G,V,R,S,P,P,E,G,A,E,I,P,G,A,E,P,E,K,I,G,G,A,G,T,V,C,S,P,L,E,D,N,G,Y,A,S,S,S,L,S,I,D,S,P,S,S,S,P,E,P,A,C,G,T,L,R,G,P,G,P,P,D,P,L,L,P,S,V,A,Q,A,V,Q,H,L,Q,A,Q,E,R,Y,K,E,Q,E,K,E,K,H,H,V,H,L,V,M,Y,R,R,L,A,L,L,Q,W,I,R,G,L,Q,H,Q,L,I,D,Q,Q,A,R,L,Q,E,S,F,D,T,I,L,D,N,R,K,E,L,I,R,C,L,Q,Q,R,A,A,P,S,R,P,Q,D,Q,G
Suricata_suricatta,M,F,A,I,Q,P,G,V,A,E,G,G,Q,F,L,G,G,-,P,P,G,V,C,Q,P,E,L,Q,P,D,S,N,S,N,F,M,A,S,A,K,D,A,N,E,N,W,H,G,M,P,G,Q,V,E,P,S,L,M,R,G,S,S,E,L,P,S,D,N,Q,A,F,Q,G,P,G,L,P,E,G,E,V,R,S,P,P,E,G,A,E,I,P,G,A,E,L,E,K,M,T,S,T,S,M,I,C,S,P,L,E,D,N,G,Y,A,S,S,S,L,S,T,D,S,P,S,S,S,P,E,P,A,C,G,T,P,R,G,P,G,P,P,D,R,L,L,P,S,V,A,Q,A,V,Q,Q,L,Q,A,Q,E,R,Y,K,E,Q,E,K,E,K,H,H,V,H,L,V,M,Y,R,R,L,A,L,L,Q,W,I,R,G,L,Q,H,Q,L,V,D,Q,Q,N,R,L,Q,E,S,F,D,T,I,L,D,N,R,K,E,L,I,R,C,L,Q,Q,R,A,V,P,S,R,P,Q,D,Q,G
Theropithecus_gelada,M,F,A,I,Q,P,G,L,A,E,G,G,Q,F,L,G,D,P,P,P,G,V,C,Q,P,E,L,Q,P,D,N,N,S,N,F,M,A,S,A,K,D,A,N,E,N,W,H,G,M,P,G,R,V,E,P,I,L,R,R,S,S,P,E,S,P,S,D,N,Q,A,F,Q,A,P,G,S,P,E,E,G,V,R,S,P,P,E,G,A,E,I,P,G,A,E,P,E,K,M,G,G,P,G,T,V,C,S,P,L,E,D,N,G,Y,A,S,S,S,L,S,I,N,S,P,S,S,S,P,E,P,A,C,G,T,P,Q,G,L,G,P,P,D,P,L,L,P,S,V,A,Q,A,V,Q,H,L,Q,A,Q,E,R,Y,K,E,Q,E,K,E,K,H,H,V,H,L,V,M,Y,R,R,L,A,L,L,Q,W,I,R,G,L,Q,H,Q,L,I,D,Q,Q,A,R,L,Q,E,S,F,D,T,I,L,D,N,R,K,E,L,I,R,C,L,Q,Q,R,A,A,P,S,R,P,Q,D,Q,G
Trachypithecus_francoisi,M,F,A,I,Q,P,G,L,A,E,G,G,Q,F,L,G,D,P,P,P,G,V,C,Q,P,E,L,Q,P,D,N,N,S,N,F,M,A,S,A,K,D,A,N,E,N,W,H,G,M,P,G,R,V,E,P,I,L,R,R,S,S,S,E,S,P,S,D,N,Q,A,F,Q,A,P,G,S,P,E,E,G,V,R,S,P,P,E,G,A,E,I,P,G,A,E,P,E,K,M,G,G,A,G,T,V,C,S,P,L,E,D,N,G,Y,A,S,S,S,L,S,I,G,S,P,S,S,S,P,E,P,A,C,G,T,L,R,G,L,G,P,P,D,P,L,L,P,S,V,A,Q,A,V,Q,H,L,Q,A,Q,E,R,Y,K,E,Q,E,K,E,K,H,H,V,H,L,V,M,Y,R,R,L,A,L,L,Q,W,I,R,G,L,Q,H,Q,L,I,D,Q,Q,S,R,L,Q,E,S,F,D,T,I,L,D,N,R,K,E,L,I,R,C,L,Q,Q,R,A,A,P,S,R,P,Q,D,Q,G
Tupaia_chinensis,M,F,A,I,Q,P,G,L,A,E,G,D,Q,C,L,G,G,P,H,S,G,V,C,Q,P,E,L,Q,P,D,S,N,S,N,F,M,A,S,A,M,D,A,N,E,N,W,H,G,M,P,G,R,V,E,P,L,L,T,R,S,S,S,E,S,S,S,D,N,K,A,F,Q,D,S,G,T,P,E,D,G,V,R,S,P,P,E,G,A,E,I,P,G,A,E,P,E,K,M,G,G,A,A,-,V,C,S,P,L,E,D,N,G,Y,A,S,S,S,L,S,I,D,S,S,S,S,S,P,E,P,A,C,G,T,P,L,G,P,G,P,P,D,P,L,L,P,S,V,V,Q,A,V,Q,Q,L,Q,A,Q,E,R,Y,K,E,R,E,K,E,K,H,H,V,H,L,V,M,Y,R,R,L,A,L,L,Q,W,I,R,G,L,Q,H,Q,L,V,D,Q,Q,S,R,L,Q,E,S,F,D,T,I,L,D,N,R,K,E,L,I,R,C,F,Q,Q,R,A,A,P,S,R,P,Q,D,Q,G
Urocitellus_parryii,M,F,A,I,Q,P,G,L,A,E,G,D,Q,F,L,G,G,L,S,P,G,V,C,Q,P,K,L,Q,P,D,S,N,S,N,F,L,E,S,A,R,D,A,N,E,N,W,H,G,M,P,S,K,L,D,P,I,L,T,R,N,A,S,E,L,P,S,D,N,Q,A,F,Q,A,S,G,L,P,E,E,G,I,R,S,P,P,E,G,A,E,I,P,G,A,E,P,E,K,R,G,G,A,S,T,V,C,S,P,L,E,D,N,G,Y,A,S,S,S,L,S,I,D,S,P,S,S,S,P,E,P,A,C,G,T,P,R,G,P,G,P,P,D,S,L,L,P,S,V,A,Q,A,V,Q,Q,L,Q,A,Q,E,R,Y,K,E,Q,E,K,E,K,H,H,V,H,L,V,M,Y,R,R,L,A,L,L,Q,W,I,R,G,L,Q,H,Q,L,V,D,Q,Q,A,R,L,Q,E,S,F,D,T,I,L,D,N,R,K,E,L,I,R,C,L,Q,Q,R,A,A,P,S,R,S,Q,D,Q,G
Ursus_americanus,M,F,A,I,Q,P,G,V,A,E,G,G,Q,F,L,G,G,-,P,P,G,V,C,Q,P,E,L,Q,P,D,S,N,S,N,F,V,A,S,A,K,D,A,N,E,N,W,H,G,M,P,G,P,V,E,P,I,L,M,R,S,S,S,E,L,P,S,D,N,Q,A,F,Q,A,P,G,L,P,E,G,E,V,R,S,P,P,E,G,A,E,I,P,R,A,E,L,E,K,L,S,G,A,S,T,V,C,S,P,L,E,D,N,G,Y,A,S,S,S,L,S,T,D,S,P,T,S,S,P,E,P,A,C,G,T,P,R,G,P,A,P,P,D,P,L,P,P,S,V,A,R,A,V,Q,Q,L,Q,A,Q,E,R,Y,K,E,Q,E,K,E,K,H,H,V,H,L,V,M,Y,R,R,L,A,L,L,Q,W,V,R,G,L,R,H,Q,L,A,D,Q,Q,T,R,L,Q,E,S,F,D,T,I,L,D,N,R,K,E,L,I,R,C,L,Q,Q,R,A,A,P,S,G,P,Q,D,Q,G
Ursus_maritimus,M,F,A,I,Q,P,G,V,A,E,G,G,Q,F,L,G,G,-,P,P,G,V,C,Q,P,E,L,Q,P,D,S,N,S,N,F,V,A,S,A,K,D,A,N,E,N,W,H,G,M,P,G,P,V,E,P,I,L,M,R,S,S,S,E,L,P,S,D,N,Q,A,F,Q,A,P,G,L,P,E,G,E,V,R,S,P,P,E,G,A,E,I,P,R,A,E,L,E,K,L,S,G,A,S,T,V,C,S,P,L,E,D,N,G,Y,A,S,S,S,L,S,T,D,S,P,T,S,S,P,E,P,A,C,G,T,P,R,G,P,A,P,P,D,P,L,P,P,S,V,A,R,A,V,Q,Q,L,Q,A,Q,E,R,Y,K,E,Q,E,K,E,K,H,H,V,H,L,V,M,Y,R,R,L,A,L,L,Q,W,V,R,G,L,R,H,Q,L,A,D,Q,Q,T,R,L,Q,E,S,F,D,T,I,L,D,N,R,K,E,L,I,R,C,L,Q,Q,R,A,A,P,S,G,P,Q,D,Q,G
Vicugna_pacos,M,F,A,I,Q,P,G,V,A,E,A,G,Q,F,P,G,G,P,P,P,G,A,C,Q,P,Q,L,Q,A,D,S,N,S,N,F,M,A,S,A,K,D,A,N,E,N,W,H,G,M,P,G,Q,A,E,P,I,L,R,R,S,S,S,E,S,S,S,D,S,Q,A,F,Q,A,S,G,L,P,E,G,E,V,R,S,P,P,E,G,A,E,I,P,G,A,G,P,E,K,M,G,G,A,G,T,V,C,S,P,M,E,D,N,S,Y,A,S,S,S,L,S,T,D,S,P,S,S,S,P,E,P,A,C,G,T,P,L,G,P,G,P,P,D,P,L,L,P,S,V,A,Q,A,V,Q,Q,L,Q,A,Q,E,R,Y,K,E,Q,E,K,E,K,H,H,V,H,L,V,M,Y,R,R,L,A,L,L,Q,W,I,R,G,L,Q,H,Q,L,V,N,Q,Q,A,R,L,Q,E,S,F,D,T,I,L,D,N,R,K,E,L,I,R,C,L,Q,Q,R,A,A,P,S,R,P,Q,D,Q,G
Artibeus_jamaicensis,M,F,A,I,Q,P,G,V,A,E,G,G,Q,F,L,G,G,P,P,S,R,V,C,Q,P,E,F,Q,P,D,S,N,S,N,F,M,A,S,V,K,D,T,N,E,N,W,R,G,M,P,D,Q,M,E,P,I,L,M,R,S,S,A,K,L,P,S,D,N,Q,T,F,Q,A,P,G,L,P,E,G,E,V,R,S,P,P,E,G,A,E,I,P,R,A,E,H,E,K,I,G,S,A,G,T,V,C,S,P,L,E,D,N,G,Y,A,S,S,S,L,S,I,D,S,P,S,S,S,P,E,P,A,C,G,T,P,Q,G,P,G,P,A,D,S,L,L,P,S,V,A,Q,A,V,Q,K,L,Q,A,Q,E,R,Y,K,E,Q,E,K,E,K,H,H,V,H,L,V,M,Y,R,R,L,A,L,L,Q,W,I,R,G,L,Q,Y,Q,L,V,D,Q,Q,A,R,L,Q,E,S,F,D,T,I,L,D,N,R,K,E,L,I,R,C,F,Q,Q,R,A,A,P,S,R,P,Q,D,Q,G
Desmodus_rotundus,M,F,A,I,Q,P,G,L,A,E,G,G,Q,F,L,G,G,S,P,P,G,V,C,Q,P,E,F,Q,P,D,S,N,S,N,F,M,A,S,A,R,D,A,N,E,N,W,H,G,M,P,D,Q,V,E,P,I,P,M,R,I,S,T,E,L,P,S,D,K,Q,A,F,Q,A,P,G,L,P,E,G,E,V,R,S,P,P,E,G,A,E,I,P,R,A,E,P,E,K,M,G,S,A,G,T,V,C,S,P,L,E,D,N,G,Y,A,S,S,S,L,S,I,D,S,S,S,S,S,P,E,P,A,C,G,T,P,Q,G,P,G,P,A,D,S,L,L,P,S,V,A,Q,A,V,Q,K,L,Q,A,Q,E,R,Y,K,E,Q,E,K,E,K,H,H,M,H,L,V,M,Y,R,R,L,A,L,L,Q,W,I,R,G,L,Q,H,Q,L,V,D,Q,Q,A,R,L,Q,E,S,F,D,T,I,L,D,N,R,K,E,L,I,R,C,F,Q,Q,R,A,A,P,S,R,P,Q,D,Q,G
Eptesicus_fuscus,M,F,A,I,Q,P,E,V,A,E,G,G,Q,F,L,G,G,P,P,P,G,V,C,Q,P,E,F,H,P,D,S,N,S,N,F,M,A,S,A,K,D,A,N,E,N,W,H,G,M,P,D,Q,V,E,P,I,L,M,R,S,S,S,E,L,P,S,D,N,Q,A,F,Q,D,P,G,L,P,E,G,E,L,R,S,P,P,E,G,A,E,I,P,R,A,E,P,E,K,M,S,S,A,G,T,I,C,S,P,L,E,D,N,G,Y,A,S,S,S,L,S,I,D,S,L,S,S,S,P,E,P,S,C,G,T,P,H,S,P,G,P,S,D,P,L,L,P,S,V,A,Q,A,V,Q,K,L,Q,A,Q,E,R,Y,K,E,Q,E,K,E,K,H,H,M,H,L,V,M,Y,R,R,L,A,L,L,Q,W,I,R,G,L,Q,H,Q,L,V,D,Q,Q,A,R,L,Q,E,S,F,D,T,I,L,D,N,R,K,E,L,I,R,C,L,Q,H,K,A,A,P,S,R,P,-,-,-,-
Hipposideros_armiger,M,F,A,I,Q,P,V,I,A,E,G,S,Q,F,L,G,G,P,P,S,G,V,C,Q,P,E,F,Q,P,D,S,N,S,N,F,M,A,S,A,K,D,A,N,E,N,W,R,G,M,P,G,Q,V,E,P,I,L,M,K,-,N,S,E,L,P,S,D,N,Q,A,F,Q,A,P,G,L,P,D,G,E,V,R,S,P,P,E,G,A,E,I,P,R,A,E,P,E,K,M,G,G,A,G,T,V,S,S,P,L,E,D,N,G,Y,A,S,S,S,L,S,I,D,S,P,S,S,S,P,E,P,A,C,G,T,P,P,G,S,G,P,S,D,S,L,L,P,S,V,A,Q,A,V,Q,K,L,Q,A,Q,E,L,Y,K,E,Q,E,K,E,K,H,H,M,H,L,V,M,Y,R,R,L,A,L,L,Q,W,I,R,G,L,Q,H,Q,L,I,D,Q,Q,A,R,L,Q,E,S,F,D,T,I,L,D,N,R,K,E,L,I,R,C,L,Q,Q,R,A,A,P,S,R,P,Q,D,Q,G
Miniopterus_natalensis,M,F,A,I,Q,P,G,G,A,E,G,G,Q,F,P,G,G,P,P,P,G,V,C,Q,P,E,F,Q,P,D,S,N,S,N,F,V,A,S,A,K,D,A,N,E,N,W,H,G,M,P,D,Q,V,E,P,I,L,M,R,R,S,S,E,L,P,S,D,N,Q,A,L,Q,A,P,G,L,P,E,G,E,V,R,S,P,P,E,G,A,E,I,P,R,A,E,A,E,K,M,G,S,A,G,T,V,C,S,P,L,E,D,N,G,Y,A,S,S,S,L,S,I,D,S,L,S,S,S,P,E,P,A,C,G,T,P,Q,G,P,G,P,S,D,P,L,L,P,S,V,A,Q,A,V,Q,K,L,Q,A,Q,E,R,Y,K,E,Q,E,K,E,K,H,H,V,H,L,V,M,Y,R,R,L,A,L,L,Q,W,I,R,G,L,Q,H,Q,L,V,D,Q,Q,A,R,L,Q,E,S,F,D,T,I,L,D,N,R,K,E,L,I,R,C,L,Q,H,K,A,A,P,S,R,P,S,D,Q,G
Molossus_molossus,M,F,T,I,Q,P,G,V,A,E,G,G,Q,F,L,G,G,L,P,P,G,V,C,Q,P,E,F,H,P,D,S,N,S,N,F,M,A,S,A,K,D,A,N,E,N,W,H,G,M,P,D,P,V,E,P,I,L,M,R,R,S,S,E,L,S,S,D,N,Q,A,F,Q,A,S,G,L,P,E,E,E,V,R,S,P,P,E,G,A,E,I,P,R,A,E,P,E,K,M,S,S,A,G,T,V,C,S,P,L,E,D,N,G,Y,A,S,S,S,L,S,I,D,S,L,S,S,S,P,E,P,A,C,G,T,P,Q,S,P,G,P,S,D,P,L,L,P,S,V,A,Q,A,V,Q,K,L,Q,A,Q,E,R,Y,K,E,Q,E,K,E,K,H,H,V,H,L,V,M,Y,R,R,L,A,L,L,Q,W,I,R,G,L,Q,H,Q,L,V,N,Q,Q,A,R,L,Q,E,S,F,D,T,I,L,D,N,R,K,E,L,I,R,Y,L,Q,Q,R,A,A,P,S,R,P,Q,D,Q,G
Myotis_brandtii,M,F,A,I,Q,P,G,V,A,E,G,G,Q,L,L,G,G,P,P,P,G,V,C,Q,P,E,F,H,P,D,S,N,S,N,F,M,A,S,A,K,D,A,N,E,N,W,H,G,M,P,D,Q,V,E,P,I,L,M,R,S,S,S,E,L,P,S,D,N,Q,A,F,Q,D,P,G,L,P,E,G,E,L,R,S,P,P,E,G,A,E,I,P,R,A,E,P,E,K,I,S,G,T,G,T,I,C,S,P,L,E,D,N,G,Y,A,S,S,S,L,S,I,D,S,L,S,S,S,P,E,P,S,C,G,T,P,H,G,P,G,P,S,D,P,L,L,P,S,V,A,Q,A,V,Q,K,L,Q,A,Q,E,R,Y,K,E,Q,E,K,E,K,H,H,M,H,L,V,M,Y,R,R,L,A,L,L,Q,W,I,R,G,L,Q,H,Q,L,V,D,Q,Q,A,R,L,Q,E,S,F,D,T,I,L,D,N,R,K,E,L,I,R,C,L,Q,H,K,A,A,P,S,R,P,-,-,-,-
Myotis_davidii,M,F,A,I,Q,P,G,V,A,E,G,G,Q,L,L,G,G,P,P,P,G,V,C,Q,P,E,F,H,P,D,S,N,S,N,F,M,A,S,A,K,D,A,N,E,N,W,H,G,M,P,D,R,V,E,P,I,P,M,R,R,S,S,E,L,P,S,D,N,Q,A,F,Q,D,P,G,L,P,E,G,E,L,R,S,P,P,E,G,A,E,I,P,R,A,E,P,E,K,I,S,G,T,G,T,I,C,S,P,L,E,D,N,G,Y,A,S,S,S,L,S,I,D,S,L,S,S,S,P,E,P,S,C,G,T,P,H,G,P,G,P,S,D,P,L,L,P,S,V,A,Q,A,V,Q,K,L,Q,A,Q,E,R,Y,K,E,Q,E,K,E,K,H,H,M,H,L,V,M,Y,R,R,L,A,L,L,Q,W,I,R,G,L,Q,H,Q,L,V,D,Q,Q,A,R,L,Q,E,S,F,D,T,I,L,D,N,R,K,E,L,I,R,C,L,Q,H,K,A,A,P,S,R,P,-,-,-,-
Myotis_lucifugus,M,F,A,I,Q,P,G,V,A,E,G,G,Q,L,L,G,G,P,P,P,G,V,C,Q,P,E,F,H,P,D,S,N,S,N,F,M,A,S,A,K,D,P,N,E,N,W,H,G,M,P,D,Q,V,E,P,I,L,M,R,S,S,S,E,L,P,S,D,N,Q,A,F,Q,D,P,G,L,P,E,G,E,L,R,S,P,P,E,G,A,E,I,P,R,A,E,P,E,K,I,S,D,T,S,T,I,C,S,P,L,E,D,N,G,Y,A,S,S,S,L,S,I,D,S,L,S,S,S,P,E,P,S,C,G,T,P,H,G,P,G,P,S,D,P,L,L,P,S,V,A,Q,A,V,Q,K,L,Q,A,Q,E,R,Y,K,E,Q,E,K,E,K,H,H,M,H,L,V,M,Y,R,R,L,A,L,L,Q,W,I,R,G,L,Q,H,Q,L,V,D,Q,Q,A,R,L,Q,E,S,F,D,T,I,L,D,N,R,K,E,L,I,R,C,L,Q,H,K,A,A,P,S,R,P,-,-,-,-
Myotis_myotis,M,F,A,I,Q,P,G,V,A,E,G,G,Q,L,L,G,G,P,P,P,G,V,C,Q,P,E,F,H,P,D,S,N,S,N,F,M,A,S,A,K,D,A,N,E,N,W,H,G,M,P,D,R,V,E,P,I,L,M,R,S,S,S,E,L,P,S,D,N,Q,A,F,Q,D,P,G,L,P,E,G,E,L,R,S,P,P,E,G,A,E,I,P,R,A,E,P,E,K,I,S,G,T,G,T,I,C,S,P,L,E,D,N,G,Y,A,S,S,S,L,S,I,D,S,L,S,S,S,P,E,P,S,C,G,T,P,H,G,P,G,P,S,D,P,L,L,P,S,V,A,Q,A,V,Q,K,L,Q,A,Q,E,R,Y,K,E,Q,E,K,E,K,H,H,M,H,L,V,M,Y,R,R,L,A,L,L,Q,W,I,R,G,L,Q,H,Q,L,V,D,Q,Q,A,R,L,Q,E,S,F,D,T,I,L,D,N,R,K,E,L,I,R,C,L,Q,H,K,A,A,P,S,R,P,-,-,-,-
Phyllostomus_discolor,M,F,A,I,Q,P,R,V,A,E,G,G,Q,F,L,G,G,Q,P,P,G,V,C,Q,P,E,F,Q,A,D,S,N,S,N,F,M,A,R,A,K,D,A,N,E,N,W,R,G,M,P,D,Q,V,E,P,I,P,M,R,S,S,A,Q,L,P,S,D,N,Q,A,F,Q,A,P,G,L,P,E,G,E,V,R,S,P,P,E,G,A,E,I,P,R,A,E,P,E,K,M,G,S,A,G,I,V,C,S,P,L,E,D,N,G,Y,A,S,S,S,L,S,I,D,S,P,S,S,S,P,E,P,A,C,G,T,P,Q,G,P,G,P,V,D,S,L,L,P,S,V,A,Q,A,V,Q,K,L,Q,A,Q,E,R,Y,K,E,Q,E,K,E,K,H,H,V,H,L,V,M,Y,R,R,L,A,L,L,Q,W,I,R,G,L,Q,H,Q,L,V,D,Q,Q,A,R,L,Q,E,S,F,D,T,I,L,D,N,R,K,E,L,I,R,C,F,Q,Q,R,A,A,P,C,T,P,Q,D,Q,R
Phyllostomus_hastatus,M,F,A,I,Q,P,R,V,A,E,G,G,Q,F,L,E,G,R,P,P,G,V,C,Q,P,E,F,Q,A,D,S,N,S,N,F,M,A,R,A,K,D,A,N,E,N,W,R,G,M,P,G,Q,V,E,P,I,P,M,R,S,S,A,Q,L,P,S,D,N,Q,A,F,Q,A,P,G,L,P,E,G,E,V,R,S,P,P,E,G,A,E,I,P,R,A,E,P,E,K,M,G,S,A,G,T,V,C,S,P,L,E,D,N,G,Y,A,S,S,S,L,S,I,D,S,P,S,S,S,P,E,P,A,C,G,T,P,Q,D,P,G,P,A,D,S,L,L,P,S,V,A,Q,A,V,Q,K,L,Q,A,Q,E,R,Y,K,E,Q,E,K,E,K,H,H,V,H,L,V,M,Y,R,R,L,A,L,L,Q,W,I,R,G,L,Q,H,Q,L,V,D,Q,Q,A,R,L,Q,E,S,F,D,T,I,L,D,N,R,K,E,L,I,R,C,F,Q,Q,R,A,A,P,C,R,P,Q,D,Q,R
Pipistrellus_kuhlii,M,F,A,I,Q,P,E,V,A,E,G,S,Q,F,L,G,G,P,P,P,G,A,C,Q,P,E,F,H,P,D,S,N,S,N,F,M,A,T,A,K,D,A,N,E,N,W,H,G,M,P,D,Q,V,E,P,N,L,M,R,S,S,S,D,L,P,S,D,N,Q,A,F,Q,D,P,G,L,P,E,G,E,L,R,S,P,P,E,G,A,E,I,P,R,A,E,P,E,K,M,S,S,A,G,T,I,C,S,P,L,E,D,N,G,Y,A,S,S,S,L,S,I,D,S,L,S,S,S,P,E,P,S,C,E,T,S,P,G,P,G,P,S,D,P,L,L,P,S,V,A,Q,A,V,Q,K,L,Q,A,Q,E,R,Y,K,E,Q,E,K,E,K,H,H,M,H,L,V,M,Y,R,R,L,A,L,L,Q,W,I,R,G,L,Q,H,Q,L,V,D,Q,Q,S,R,L,Q,E,S,F,D,T,I,L,D,N,R,K,E,L,I,R,C,L,Q,H,K,A,A,P,S,R,P,-,-,-,-
Rhinolophus_ferrumequinum,-,-,-,-,Q,P,G,V,A,E,G,G,Q,F,L,G,G,P,P,S,G,V,C,Q,P,E,F,Q,P,D,S,N,S,N,F,M,A,S,A,K,D,A,N,E,N,W,S,G,M,P,G,Q,V,E,P,I,L,M,K,K,S,A,-,L,P,S,D,N,Q,S,F,Q,A,P,G,L,P,E,G,E,V,R,S,P,P,E,G,A,E,I,P,R,A,E,P,E,K,M,G,G,A,G,T,V,S,S,P,L,E,D,N,G,Y,A,S,S,S,L,S,I,D,S,P,S,S,S,P,E,P,A,C,G,T,P,P,G,P,G,P,S,D,P,F,L,P,S,V,A,Q,A,M,Q,K,L,Q,A,Q,E,R,Y,K,E,Q,E,K,E,K,H,H,M,H,L,V,M,Y,R,R,L,A,L,L,Q,W,I,R,G,L,Q,H,Q,L,I,D,Q,Q,A,R,L,Q,E,S,F,D,T,I,L,D,N,R,K,E,L,I,R,C,L,Q,Q,R,A,A,P,S,R,P,Q,D,Q,G
Sorex_araneus,M,F,A,I,Q,P,G,L,A,E,G,G,Q,V,L,G,G,L,P,P,-,-,-,-,-,-,-,-,-,-,-,-,-,N,F,M,A,R,A,K,D,A,N,E,N,W,H,K,M,S,G,S,G,E,P,I,L,M,K,S,S,E,E,L,L,S,D,N,Q,G,F,Q,A,P,E,L,P,E,G,G,I,R,S,P,P,E,G,A,E,I,P,R,A,D,S,E,K,M,G,G,A,G,T,V,C,S,P,L,E,D,N,G,Y,A,S,S,S,L,S,I,N,S,P,S,S,S,P,E,P,A,C,G,S,P,P,G,R,D,S,T,D,P,L,L,P,S,V,A,Q,A,V,Q,Q,L,Q,A,Q,E,R,Y,K,E,Q,E,K,E,K,H,H,V,H,L,V,M,Y,R,R,L,A,L,L,Q,W,I,R,A,L,Q,H,Q,L,V,D,Q,Q,A,R,L,Q,E,S,F,D,T,I,L,D,N,R,K,E,L,I,R,C,L,Q,Q,K,A,A,P,A,R,P,Q,D,Q,S
Sturnira_hondurensis,M,F,A,I,Q,P,G,V,A,E,G,G,Q,F,L,G,G,P,P,S,R,I,R,Q,P,E,F,Q,P,D,S,N,S,N,F,M,A,S,A,K,D,T,N,E,N,W,H,G,M,P,D,Q,M,E,P,I,P,M,R,S,S,A,K,L,P,S,D,N,Q,A,F,Q,A,P,G,L,P,E,G,E,V,R,S,P,P,E,G,A,E,I,P,R,A,E,H,E,K,M,G,S,A,G,T,V,C,S,P,L,E,D,N,G,Y,A,S,S,S,L,S,I,D,S,P,S,S,S,P,E,P,A,C,G,T,P,Q,G,P,G,P,A,D,S,L,L,P,S,V,A,Q,A,V,Q,K,L,Q,A,Q,E,R,Y,K,E,Q,E,K,E,K,H,H,V,H,L,V,M,Y,R,R,L,A,L,L,Q,W,I,R,G,L,Q,Y,Q,L,V,D,Q,Q,A,R,L,Q,E,S,F,D,T,I,L,D,N,R,K,E,L,I,R,C,F,Q,Q,R,A,A,P,S,R,P,Q,D,Q,G
Pteropus_alecto,M,F,A,I,Q,P,G,V,A,E,G,G,Q,F,L,G,G,P,P,P,G,V,C,Q,P,E,F,H,P,D,S,N,S,N,F,V,A,S,A,K,D,A,N,E,N,W,H,G,M,P,G,Q,V,E,P,I,L,R,R,S,S,S,Q,L,P,S,D,K,Q,A,F,Q,A,P,G,L,P,E,G,E,V,R,S,P,P,E,G,A,E,I,P,R,A,E,P,E,K,M,G,G,T,G,T,V,C,S,P,L,E,D,N,G,Y,A,S,S,S,L,S,I,D,S,P,N,S,S,P,E,P,A,C,G,T,P,R,G,P,G,I,S,D,P,L,L,P,S,V,A,Q,A,V,Q,K,L,Q,A,Q,E,R,Y,K,E,Q,E,K,E,K,H,H,M,H,L,V,M,Y,R,R,L,A,L,L,Q,W,I,R,G,L,Q,H,Q,L,V,D,Q,Q,A,R,L,Q,E,S,F,D,T,I,L,D,N,R,K,E,L,I,R,C,L,Q,Q,R,A,V,P,S,R,P,Q,D,Q,G
Pteropus_giganteus,M,F,A,I,Q,P,G,V,A,E,G,G,Q,F,L,G,G,P,P,P,G,V,C,Q,P,E,F,H,P,D,S,N,S,N,F,V,A,S,A,K,D,A,N,E,N,W,H,G,M,P,G,Q,V,E,P,I,L,R,R,S,S,S,Q,L,P,S,D,K,Q,A,F,Q,A,P,G,L,P,E,G,E,V,R,S,P,P,E,G,A,E,I,P,R,A,E,P,E,K,M,G,G,T,G,T,V,C,S,P,L,E,D,N,G,Y,A,S,S,S,L,S,I,D,S,P,N,S,S,P,E,P,A,C,G,T,P,R,G,P,G,I,S,D,P,L,L,P,S,V,A,Q,A,V,Q,K,L,Q,A,Q,E,R,Y,K,E,Q,E,K,E,K,H,H,M,H,L,V,M,Y,R,R,L,A,L,L,Q,W,I,R,G,L,Q,H,Q,L,V,D,Q,Q,A,R,L,Q,E,S,F,D,T,I,L,D,N,R,K,E,L,I,R,C,L,Q,Q,R,A,A,P,S,R,P,Q,D,Q,G
Pteropus_vampyrus,M,F,A,I,Q,P,G,V,A,E,G,G,Q,F,L,G,G,P,P,P,G,V,C,Q,P,E,F,H,P,D,S,N,S,N,F,V,A,S,A,K,D,A,N,E,N,W,H,G,M,P,G,Q,V,E,P,I,L,R,R,S,S,S,Q,L,P,S,D,K,Q,A,F,Q,A,P,G,L,P,E,G,E,V,R,S,P,P,E,G,A,E,I,P,R,A,E,P,E,K,M,G,G,T,G,T,V,C,S,P,L,E,D,N,G,Y,A,S,S,S,L,S,I,D,S,P,N,S,S,P,E,P,A,C,G,T,P,R,G,P,G,I,S,D,P,L,L,P,S,V,A,Q,A,V,Q,K,L,Q,A,Q,E,R,Y,K,E,Q,E,K,E,K,H,H,M,H,L,V,M,Y,R,R,L,A,L,L,Q,W,I,R,G,L,Q,H,Q,L,V,D,Q,Q,A,R,L,Q,E,S,F,D,T,I,L,D,N,R,K,E,L,I,R,C,L,Q,Q,R,A,A,P,S,R,P,Q,D,Q,G
Rousettus_aegyptiacus,M,F,A,I,Q,P,G,V,A,E,G,G,Q,F,L,G,G,P,P,P,R,E,C,Q,P,E,F,Q,P,D,S,N,S,N,F,V,A,S,A,K,D,A,N,E,N,W,H,G,M,P,G,Q,V,E,P,I,L,R,R,R,S,S,Q,L,P,S,D,K,Q,A,F,Q,A,P,G,L,P,E,G,E,V,R,S,P,P,E,G,A,E,I,P,R,A,E,P,E,K,M,G,G,T,G,T,V,C,S,P,L,E,D,N,G,Y,A,S,S,S,L,S,I,D,S,P,N,G,S,P,E,P,A,C,G,T,P,R,G,S,G,I,S,D,P,L,L,P,S,V,A,Q,A,V,Q,K,L,Q,A,Q,E,R,Y,K,E,Q,E,K,E,K,H,H,M,H,L,V,M,Y,R,R,L,A,L,L,Q,W,I,R,G,L,Q,H,Q,L,V,D,Q,Q,A,R,L,Q,E,S,F,D,T,I,L,D,N,R,K,E,L,I,R,C,L,Q,Q,R,A,A,P,S,R,P,Q,D,Q,G
Ailuropoda_melanoleuca,M,F,A,I,Q,P,G,V,A,E,G,G,Q,F,L,G,G,-,P,P,G,V,C,Q,P,E,L,Q,P,D,S,N,S,N,F,V,A,S,A,K,D,A,N,E,N,W,H,G,M,P,G,P,V,E,P,I,L,M,R,S,S,S,E,L,P,S,A,N,Q,A,F,Q,A,P,G,L,P,E,G,E,V,R,S,P,P,E,G,A,E,I,P,R,A,E,L,E,K,L,S,G,A,S,T,V,C,S,P,L,E,D,N,G,Y,A,S,S,S,L,S,T,D,S,P,S,S,S,P,E,H,A,C,G,T,P,R,G,P,G,P,P,D,P,L,P,P,S,V,A,R,A,M,Q,Q,L,Q,A,Q,E,H,Y,K,E,R,E,K,E,K,H,H,V,H,L,V,M,Y,R,R,L,A,L,L,Q,W,V,R,G,L,R,H,Q,L,A,D,Q,Q,T,R,L,Q,E,S,F,D,T,I,L,D,N,R,K,E,L,I,R,C,L,Q,Q,R,A,A,P,S,G,P,Q,D,Q,G
Antechinus_flavipes,M,F,A,V,Q,P,G,A,P,E,-,P,P,F,L,G,G,P,P,A,S,V,S,Q,H,D,Y,E,P,D,S,N,S,N,F,V,A,S,T,Y,D,A,N,E,N,W,-,-,-,-,-,-,-,-,-,-,-,-,-,-,N,R,G,L,P,S,D,N,Q,A,-,-,-,-,-,-,-,-,G,E,M,R,S,P,P,E,G,A,E,L,P,G,P,E,P,E,K,-,-,-,-,-,-,-,-,S,P,L,E,D,I,G,Y,S,S,S,S,L,S,V,E,S,P,E,S,S,P,-,-,-,-,-,-,-,-,-,-,-,-,P,D,A,F,L,P,T,V,T,Q,A,V,Q,Q,L,L,A,R,E,R,Y,K,E,Q,E,K,E,K,H,H,V,H,L,I,M,Y,R,R,L,A,L,L,Q,W,I,R,G,L,Q,G,R,L,A,G,Q,Q,A,R,L,Q,E,S,F,D,T,I,L,D,N,R,K,E,L,I,R,G,L,Q,Q,-,G,L,P,P,R,P,Q,D,R,G
Aotus_nancymaae,M,F,A,I,Q,P,G,L,A,E,G,E,Q,F,L,G,D,P,P,P,G,V,C,Q,P,E,L,Q,P,D,S,N,S,N,F,M,A,S,A,K,D,A,N,E,N,W,H,G,M,P,G,R,V,E,P,I,L,M,R,S,S,S,E,S,R,S,D,N,Q,A,F,Q,A,P,G,S,P,E,E,G,V,R,S,P,P,E,G,A,E,I,P,G,A,E,P,E,K,M,G,G,A,G,T,V,C,S,P,L,E,D,N,G,Y,A,S,S,S,L,S,I,D,S,P,S,S,S,P,E,P,A,C,G,T,L,R,G,P,G,P,P,D,P,L,L,P,S,V,A,Q,A,V,Q,H,L,Q,A,Q,E,R,Y,K,E,Q,E,K,E,K,H,H,V,H,L,V,M,Y,R,R,L,A,L,L,Q,W,I,R,G,L,Q,H,Q,L,I,D,Q,Q,A,R,L,Q,E,S,F,D,T,I,L,D,N,R,K,E,L,I,R,C,L,Q,Q,R,A,A,P,S,R,P,Q,D,Q,G
Apodemus_sylvaticus,M,F,A,I,Q,P,G,L,A,E,E,A,Q,Y,L,G,S,L,P,P,G,V,C,Q,P,D,L,Q,P,D,N,N,S,N,F,V,E,S,A,K,D,A,N,K,N,W,H,G,V,P,G,K,V,D,P,I,L,R,R,S,S,S,E,S,P,S,D,N,Q,V,F,Q,A,T,G,L,L,E,A,G,V,R,S,P,P,E,G,A,E,I,P,G,A,E,P,E,K,L,S,G,A,S,S,V,C,S,P,L,E,D,I,G,Y,A,S,S,P,L,S,I,D,S,F,S,S,S,P,E,P,V,C,G,T,P,Q,D,P,S,P,L,D,P,L,L,P,S,V,A,Q,A,V,Q,Q,L,Q,A,Q,E,R,Y,K,E,Q,E,K,E,K,H,H,V,H,L,V,M,Y,R,R,L,A,L,L,Q,W,I,R,A,L,Q,H,Q,L,V,D,Q,Q,A,R,L,Q,E,S,F,D,T,I,L,D,N,R,K,E,L,I,R,C,L,Q,Q,R,E,T,P,C,R,H,Q,D,Q,G
Arvicola_amphibius,M,F,A,I,Q,P,G,L,A,E,G,A,Q,F,L,G,A,L,P,P,G,I,C,Q,P,E,L,Q,P,D,N,N,S,N,F,V,E,S,A,K,D,A,N,K,N,W,H,G,V,P,G,K,V,E,P,L,P,M,R,S,S,S,E,S,P,S,D,N,Q,V,F,Q,G,T,G,L,L,E,A,G,V,R,S,P,P,E,G,A,E,L,P,G,A,E,P,E,K,L,S,V,A,S,S,V,C,S,P,L,E,D,I,G,Y,A,S,S,S,L,S,I,D,S,L,S,S,S,P,E,P,T,C,G,T,P,R,G,P,S,P,L,D,P,L,L,P,S,V,A,Q,A,V,Q,Q,L,Q,A,Q,E,R,Y,K,E,Q,E,K,E,K,H,H,A,H,L,V,M,Y,R,R,L,A,L,L,Q,W,I,R,A,L,Q,H,Q,L,V,D,Q,Q,A,R,L,Q,E,S,F,D,T,I,L,D,N,R,K,E,L,I,R,C,L,Q,Q,R,E,A,S,C,G,H,Q,D,H,C
Callorhinus_ursinus,M,F,A,I,Q,P,G,V,A,E,G,G,Q,F,L,G,G,-,P,P,G,V,C,Q,P,E,L,Q,T,D,S,N,S,N,F,M,V,S,A,K,D,A,N,E,N,W,H,G,M,P,G,H,V,E,P,I,L,M,R,S,S,S,E,L,P,S,D,N,Q,V,F,Q,A,P,G,L,P,E,G,E,V,R,S,P,P,E,G,A,E,I,P,G,A,E,L,E,K,L,S,G,A,S,P,V,C,S,P,L,E,D,N,G,Y,A,S,S,S,L,S,T,D,S,R,S,S,S,P,E,P,A,C,G,T,P,R,G,P,G,P,P,D,A,L,L,P,S,V,A,Q,A,V,Q,Q,L,Q,A,Q,E,R,Y,K,E,Q,E,K,E,K,H,H,V,H,L,V,M,Y,R,R,L,A,L,L,Q,W,I,R,G,L,Q,H,Q,L,V,D,Q,Q,T,R,L,Q,E,S,F,D,T,I,L,D,N,R,K,E,L,I,R,C,L,Q,Q,R,A,A,P,S,G,P,Q,E,Q,G
Canis_lupus_dingo,M,F,A,I,R,P,G,V,A,E,G,A,Q,F,L,G,A,-,P,P,G,G,C,Q,P,E,L,Q,P,D,S,N,L,N,F,L,A,S,A,K,D,A,N,E,N,W,H,G,M,P,G,Q,G,E,P,V,L,M,R,S,S,S,K,L,P,S,D,N,Q,A,F,Q,A,P,G,L,A,E,G,E,V,R,S,P,P,E,G,E,E,I,P,R,A,K,L,E,K,M,S,G,A,S,T,V,C,S,P,L,E,D,N,G,Y,A,S,S,S,L,S,T,S,S,R,G,S,S,P,E,P,A,C,G,T,P,R,G,P,G,P,Q,D,P,L,L,P,S,V,A,Q,A,V,R,Q,L,Q,A,Q,E,R,Y,K,E,Q,E,K,E,K,H,H,V,H,L,V,M,Y,R,R,L,A,L,L,Q,W,I,R,G,L,Q,H,Q,L,V,D,Q,Q,T,R,L,Q,E,S,F,D,T,I,L,D,N,R,K,E,L,I,R,C,L,Q,Q,R,V,A,P,S,G,P,Q,D,Q,G
Carlito_syrichta,M,F,A,I,Q,P,G,L,A,E,G,G,Q,L,L,G,G,P,P,L,G,V,C,Q,P,E,L,Q,P,D,S,N,S,N,F,M,A,S,A,K,D,A,N,E,N,W,H,G,M,P,S,K,V,E,P,I,L,M,R,S,S,S,E,L,P,S,D,N,Q,A,F,Q,A,P,G,L,P,E,G,G,V,R,S,P,P,E,G,A,E,I,P,G,A,E,P,E,K,M,C,D,A,G,T,V,C,S,P,L,E,D,N,G,Y,A,S,S,S,L,S,I,D,S,P,S,S,S,P,E,P,V,F,G,T,P,R,G,P,G,P,P,D,P,L,L,P,S,V,A,Q,A,V,Q,Q,L,Q,A,Q,E,R,Y,K,E,R,E,K,E,K,H,H,V,H,L,V,M,Y,R,R,L,A,L,L,Q,W,I,R,G,L,Q,H,Q,L,V,D,Q,Q,A,R,L,Q,E,S,F,D,T,I,L,D,N,R,K,E,L,I,R,C,L,Q,Q,R,A,A,P,S,R,P,Q,D,Q,G
Castor_canadensis,M,F,A,I,Q,P,G,L,A,E,G,P,Q,F,L,G,G,L,P,P,G,V,C,Q,P,E,L,H,P,D,S,N,S,N,F,M,E,S,T,K,D,A,N,E,N,W,H,G,M,P,G,K,V,E,P,I,L,L,R,S,S,S,E,S,L,S,D,N,Q,A,F,Q,A,T,G,L,L,E,D,G,V,R,S,P,P,E,G,A,E,I,P,G,A,E,P,E,K,L,G,S,A,A,T,V,C,S,P,L,E,D,I,G,Y,A,S,S,S,L,S,I,D,S,S,S,S,S,P,E,P,A,C,G,T,P,R,G,P,G,P,P,D,P,L,L,P,S,V,V,Q,V,V,Q,Q,L,Q,A,Q,E,R,Y,K,E,Q,E,K,E,K,H,H,V,H,L,V,M,Y,R,R,L,A,L,L,Q,W,I,R,A,L,Q,H,Q,L,V,D,Q,Q,A,R,L,Q,E,S,F,D,T,I,L,D,N,R,K,E,L,I,R,C,L,Q,Q,R,A,A,P,S,R,P,Q,D,Q,G
Cavia_porcellus,-,-,-,-,-,-,-,-,-,-,-,-,-,-,-,-,-,M,S,P,G,V,C,Q,P,E,L,Q,P,D,S,N,S,N,F,M,E,R,A,K,D,A,N,E,N,W,R,G,M,P,G,K,V,E,P,I,L,N,R,S,T,S,E,L,F,S,D,N,Q,A,F,Q,A,S,G,L,P,E,G,A,V,R,S,P,P,E,G,A,E,I,L,G,A,E,P,E,K,N,D,D,T,V,T,V,C,S,P,L,E,D,N,G,Y,A,S,S,S,L,S,V,G,S,T,S,S,S,P,E,P,A,C,G,R,P,R,G,P,G,P,P,H,P,L,L,P,S,V,A,Q,A,V,Q,Q,L,Q,A,Q,E,R,Y,K,E,Q,E,K,E,K,H,H,V,H,L,V,M,Y,R,R,L,A,L,L,Q,W,I,R,G,L,Q,H,Q,L,V,D,Q,Q,A,R,L,Q,D,S,F,D,T,I,L,D,N,R,K,E,L,I,R,Y,L,Q,Q,R,A,A,P,S,R,P,P,N,Q,D
Cervus_elaphus_hippelaphus,-,-,-,-,-,-,-,-,-,-,-,-,-,-,-,-,-,-,-,-,-,-,-,-,-,-,-,-,-,-,-,-,-,-,-,-,-,-,-,-,-,-,-,-,-,-,-,-,-,-,-,-,-,-,-,-,-,-,-,-,-,-,-,-,-,-,-,-,-,-,-,-,-,-,-,-,-,-,-,-,-,-,-,-,-,-,-,-,-,-,-,-,-,-,-,-,-,-,-,-,-,-,-,-,-,-,-,-,-,-,-,-,-,-,-,-,-,-,-,-,-,-,-,-,-,-,-,-,-,-,-,-,-,-,-,-,-,-,-,-,-,-,-,-,-,-,-,-,-,-,-,-,-,-,-,-,-,-,-,-,-,-,-,-,-,-,-,-,-,-,-,-,-,-,-,-,-,-,-,-,-,-,-,-,-,-,-,-,-,-,-,-,-,-,-,-,-,-,-,-,-,-,-,-,-,-,-,-,-,-,-,-,-,-,-,-,-,-,-,-,-,-,-,-,-,-,-,-,-
Chinchilla_lanigera,M,F,A,I,Q,P,G,L,P,E,G,G,Q,F,P,G,G,M,P,P,G,V,C,Q,P,E,L,Q,P,D,S,N,S,N,F,M,E,S,A,K,D,A,N,E,N,W,H,G,M,P,G,K,V,E,P,I,L,M,R,S,S,S,D,S,F,S,D,N,Q,A,F,Q,A,S,G,L,L,E,G,V,V,R,S,P,P,E,G,A,E,I,P,G,T,E,P,D,K,N,N,D,A,V,T,V,C,S,P,L,E,D,N,G,Y,A,S,S,S,L,S,I,D,S,T,S,S,S,P,E,P,A,C,G,S,P,R,G,P,G,P,P,D,P,L,L,P,S,V,A,Q,A,V,L,Q,L,Q,A,Q,E,R,Y,K,E,Q,E,K,E,K,H,H,V,H,L,V,M,Y,R,R,L,A,L,L,Q,W,I,R,S,L,Q,H,Q,L,V,D,Q,Q,A,R,L,Q,D,S,F,D,T,I,L,D,N,R,K,E,L,I,R,C,L,Q,Q,R,A,P,P,S,R,P,Q,D,Q,G
Choloepus_didactylus,M,F,A,I,Q,L,G,L,A,E,G,G,Q,F,L,G,S,P,P,P,G,V,C,Q,P,N,F,Q,P,D,S,N,S,N,F,M,A,S,V,K,D,A,N,E,N,W,H,G,L,P,G,K,V,E,S,I,L,M,G,S,S,P,A,L,S,S,D,K,E,D,F,Q,A,P,G,L,P,E,E,E,V,R,S,P,P,E,G,A,E,I,P,R,A,Q,L,E,K,M,S,G,A,S,T,V,C,S,P,L,E,D,N,S,Y,A,S,S,S,L,S,I,N,S,P,S,S,S,P,E,P,A,C,G,T,P,R,G,P,G,P,P,D,P,L,L,P,S,V,A,H,A,V,Q,Q,L,Q,A,Q,E,R,Y,K,E,R,E,K,E,K,H,H,V,H,L,V,M,Y,R,R,L,A,L,L,Q,W,I,R,G,L,R,H,Q,L,V,D,Q,Q,A,R,L,Q,E,S,F,D,T,I,L,D,N,R,K,E,L,I,R,C,L,Q,Q,G,A,A,P,S,R,P,Q,D,Q,S
Cricetulus_griseus,M,F,A,I,Q,P,G,L,A,E,G,A,Q,F,L,G,G,L,P,P,G,I,C,Q,P,E,L,Q,P,D,N,N,S,N,F,V,D,S,A,K,D,A,N,K,N,W,H,G,V,P,G,K,V,E,P,-,L,L,R,S,S,S,E,S,P,S,D,N,Q,V,F,Q,A,T,G,L,L,E,A,G,V,R,S,P,P,E,G,A,E,I,C,G,A,E,P,E,K,S,S,G,A,S,N,V,C,S,P,L,E,D,I,G,Y,A,S,S,S,L,S,I,D,S,L,S,S,S,P,E,P,I,C,E,T,P,R,G,P,S,P,L,D,P,L,L,P,S,V,A,R,A,V,Q,Q,L,Q,A,Q,E,R,Y,K,E,Q,E,K,E,K,H,H,V,H,L,V,M,Y,R,R,L,A,L,L,Q,W,I,R,A,L,Q,H,Q,L,V,D,Q,Q,A,R,L,Q,E,S,F,D,T,I,L,D,N,R,K,E,L,I,R,C,L,Q,Q,R,E,A,P,C,R,H,Q,D,H,C
Dasypus_novemcinctus,M,F,A,I,Q,L,G,L,A,E,G,G,Q,F,P,G,G,L,P,P,G,V,C,Q,P,N,F,Q,P,D,S,N,S,N,F,M,T,S,V,T,D,A,N,E,N,W,H,G,M,P,S,K,V,E,P,I,L,M,G,S,S,P,E,S,P,S,D,D,K,F,F,Q,D,P,E,R,P,E,R,E,V,R,S,P,P,E,G,A,E,I,P,R,A,E,L,E,K,M,G,G,I,S,T,V,C,S,P,L,E,D,N,G,Y,A,S,S,S,L,S,I,D,S,P,S,N,S,P,E,L,A,C,G,T,S,Q,G,A,G,P,P,D,L,L,L,P,S,V,A,H,A,V,Q,Q,L,Q,A,Q,E,R,Y,K,E,Q,E,K,E,K,H,H,V,H,L,V,M,Y,R,R,L,A,L,L,Q,W,I,R,G,L,Q,H,Q,L,V,D,Q,Q,A,R,L,Q,E,S,F,D,T,I,L,D,N,R,K,E,L,I,R,C,F,Q,Q,G,A,A,P,S,R,P,Q,N,Q,D
Dipodomys_ordii,M,F,T,I,Q,P,G,L,A,E,G,A,Q,F,L,G,G,L,P,P,A,V,C,Q,P,E,L,Q,P,D,S,N,S,N,F,M,E,S,A,K,D,A,N,E,N,W,H,E,M,Q,S,K,V,E,P,I,L,M,R,S,S,S,E,S,P,S,D,N,Q,A,F,-,-,-,-,-,-,-,-,-,V,R,S,P,P,E,G,A,E,I,T,G,A,E,P,E,K,L,G,G,V,S,N,V,C,S,P,L,E,D,I,G,Y,A,S,S,S,L,S,I,D,S,L,S,S,S,P,E,P,T,C,G,T,P,G,D,P,S,P,P,D,P,F,L,P,S,V,A,Q,A,V,Q,Q,L,Q,A,Q,E,R,Y,K,E,Q,E,K,E,K,H,H,V,H,L,V,M,Y,R,R,L,A,L,L,Q,W,I,R,A,L,Q,H,Q,L,V,D,Q,Q,A,R,L,Q,E,S,F,D,T,I,L,D,N,R,K,E,L,I,R,C,L,Q,Q,R,A,A,P,S,R,P,Q,D,Q,G
Dipodomys_spectabilis,M,F,T,I,Q,P,G,L,A,E,G,A,Q,F,L,G,G,L,P,P,A,V,C,Q,P,E,L,Q,P,D,S,N,S,N,F,M,E,S,A,K,D,A,N,E,N,W,H,E,M,Q,S,K,V,E,P,I,L,M,R,S,S,S,E,S,P,S,D,N,Q,A,F,-,-,-,-,-,-,-,-,-,V,R,S,P,P,E,G,A,E,I,T,G,A,E,P,E,K,L,G,G,V,S,N,V,C,S,P,L,E,D,I,G,Y,A,S,S,S,L,S,I,D,S,L,S,S,S,P,E,P,T,C,G,T,P,G,D,P,S,P,P,D,P,F,L,P,S,V,A,Q,A,V,Q,Q,L,Q,A,Q,E,R,Y,K,E,Q,E,K,E,K,H,H,V,H,L,V,M,Y,R,R,L,A,L,L,Q,W,I,R,S,L,Q,H,Q,L,V,D,Q,Q,A,R,L,Q,E,S,F,D,T,I,L,D,N,R,K,E,L,I,R,C,L,Q,Q,R,A,A,P,S,R,P,Q,D,Q,G
Dromiciops_gliroides,M,F,A,V,Q,S,G,P,P,E,-,A,P,F,L,G,G,P,P,A,S,V,S,Q,H,D,Y,E,P,D,S,N,S,N,F,V,A,S,T,Y,D,A,N,E,N,W,-,-,-,-,-,-,-,-,-,-,-,-,-,-,S,R,G,L,P,S,D,N,Q,A,-,-,-,-,-,-,-,-,G,E,M,R,S,P,P,E,G,A,E,L,P,-,-,-,-,-,-,-,-,-,-,-,-,-,-,S,P,L,E,D,I,G,Y,A,S,S,S,L,S,V,E,S,P,E,S,S,P,-,-,-,-,-,-,-,-,-,-,-,-,-,-,-,-,L,P,T,V,T,Q,A,V,Q,Q,L,L,A,R,E,R,Y,K,E,Q,E,K,E,K,H,H,V,H,L,V,M,Y,R,R,L,A,L,L,Q,W,I,R,G,L,Q,C,R,L,A,S,Q,Q,A,R,L,Q,E,S,F,D,T,I,L,D,N,R,K,E,L,I,R,G,L,Q,Q,-,G,L,Q,P,R,P,Q,D,R,G
Elephantulus_edwardii,M,F,A,N,P,P,G,L,A,E,G,G,P,F,L,G,G,P,P,P,G,I,C,Q,P,E,L,Q,P,D,S,N,S,N,F,M,A,S,V,K,D,A,N,E,N,W,H,E,M,P,G,R,V,E,P,T,L,M,G,I,S,P,E,S,P,S,D,N,Q,V,F,Q,I,S,G,L,P,E,G,E,V,R,S,P,P,E,G,A,E,I,P,G,S,E,P,E,K,M,G,G,V,S,T,V,C,S,P,L,E,D,N,G,Y,A,S,S,S,L,S,I,D,S,P,S,S,S,P,E,P,I,C,G,T,L,G,G,P,G,P,P,D,P,L,L,P,S,V,V,Q,A,V,Q,Q,L,Q,A,Q,E,R,Y,K,E,Q,E,K,E,K,H,H,V,H,L,V,M,Y,R,R,L,A,L,L,Q,W,I,R,A,L,Q,H,Q,L,V,D,Q,Q,A,R,L,Q,E,S,F,D,T,I,L,D,N,R,K,E,L,I,R,C,L,Q,Q,R,A,A,P,S,Q,G,Q,-,-,G
Equus_caballus,M,F,A,M,Q,P,G,L,A,E,G,G,Q,N,L,G,G,P,P,P,G,V,C,P,P,E,L,Q,P,D,S,N,S,N,F,M,A,S,A,K,D,A,N,E,N,W,H,G,M,P,G,Q,G,E,P,I,L,M,R,S,S,S,E,L,P,S,D,N,Q,A,F,R,A,P,G,L,S,E,G,E,V,R,S,P,P,E,G,A,E,I,P,G,A,E,P,E,K,M,G,D,T,G,T,V,C,S,P,L,E,D,N,G,Y,A,S,S,S,L,S,I,D,S,P,S,S,S,P,E,P,A,C,G,T,P,R,G,P,G,P,S,D,P,L,L,P,S,V,A,Q,A,V,Q,Q,L,Q,A,Q,E,R,Y,K,E,Q,E,K,E,K,H,H,V,H,L,V,M,Y,R,R,L,A,L,L,Q,W,I,R,G,L,Q,H,Q,L,V,D,Q,Q,A,R,L,Q,E,S,F,D,T,I,L,V,N,R,K,E,L,I,R,C,L,Q,Q,R,A,A,P,S,R,P,Q,D,Q,G
Erinaceus_europaeus,M,F,A,I,Q,P,G,L,A,E,G,G,Q,F,L,G,D,P,L,P,G,I,C,Q,S,E,F,Q,P,D,N,N,S,N,F,L,A,S,A,K,D,A,N,E,N,W,S,G,V,S,G,Q,V,E,P,I,L,V,R,S,S,S,E,L,L,S,D,N,Q,A,F,Q,A,P,A,L,P,E,G,E,V,R,S,P,P,E,G,A,E,I,P,K,A,E,P,E,K,V,D,S,A,S,T,V,C,S,P,L,E,D,N,G,Y,A,S,S,S,L,S,I,D,S,P,S,S,S,P,E,P,T,C,E,T,P,Q,G,P,G,S,T,D,S,F,L,P,S,V,A,Q,A,V,Q,Q,L,Q,A,Q,E,R,Y,K,E,Q,E,K,E,K,H,H,V,H,L,V,M,Y,R,R,L,A,L,L,Q,W,I,R,G,L,Q,H,R,L,V,D,Q,Q,A,R,L,Q,E,S,F,D,T,I,L,D,N,R,K,E,L,I,R,C,L,Q,Q,R,T,A,P,S,R,P,Q,N,Q,N
Eumetopias_jubatus,M,F,A,I,Q,P,G,V,A,E,G,G,Q,F,L,G,G,-,P,P,G,V,C,Q,P,E,L,Q,T,D,S,N,S,N,F,M,V,S,A,K,D,A,N,E,N,W,H,G,M,P,G,H,V,E,R,I,L,M,R,S,S,S,E,L,P,S,D,N,Q,V,F,Q,A,P,G,L,P,E,G,E,V,R,S,P,P,E,G,A,E,I,P,G,A,E,L,E,K,L,S,G,A,S,P,V,C,S,P,L,E,D,N,G,Y,T,S,S,S,L,S,T,D,S,R,S,S,S,P,E,P,A,C,G,T,P,R,G,P,G,P,P,D,A,L,L,P,S,V,A,Q,A,V,Q,Q,L,Q,A,Q,E,R,Y,K,E,Q,E,K,E,K,H,H,V,H,L,V,M,Y,R,R,L,A,L,L,Q,W,I,R,G,L,Q,H,Q,L,V,D,Q,Q,T,R,L,Q,E,S,F,D,T,I,L,D,N,R,K,E,L,I,R,C,L,Q,Q,R,A,A,P,S,G,P,Q,E,Q,G
Felis_catus,M,F,A,I,Q,P,G,V,A,E,G,G,Q,F,L,G,G,-,P,P,G,V,C,Q,P,E,L,Q,P,D,S,N,S,N,F,M,A,S,A,K,D,A,N,E,N,W,H,G,M,P,G,Q,V,E,P,S,L,M,R,G,S,S,E,L,P,S,D,N,Q,A,F,Q,A,P,G,L,P,D,G,E,V,R,S,P,P,E,G,A,E,I,A,G,A,E,L,E,K,M,S,G,A,S,T,V,C,S,P,L,E,D,N,G,Y,A,S,S,S,L,S,T,D,S,P,S,S,S,P,E,P,V,C,G,T,P,R,G,P,G,P,P,D,P,L,L,P,S,V,A,Q,A,V,Q,Q,L,Q,A,Q,E,R,Y,K,E,Q,E,K,E,K,H,H,V,H,L,V,M,Y,R,R,L,A,L,L,Q,W,I,R,G,L,Q,H,Q,L,V,D,Q,Q,T,R,L,Q,E,S,F,D,T,I,L,D,N,R,K,E,L,I,R,C,L,Q,Q,R,A,V,P,S,R,P,Q,D,Q,G
Fukomys_damarensis,M,F,A,I,P,P,G,L,S,G,G,G,Q,F,P,G,G,V,P,P,G,V,C,Q,P,E,L,Q,P,D,S,N,S,N,F,T,E,G,A,K,D,A,N,E,N,W,H,G,M,P,G,K,V,E,P,I,L,T,R,S,S,S,E,S,L,S,D,N,Q,A,-,-,-,-,-,-,-,E,G,V,V,R,S,P,P,E,G,A,E,I,P,G,T,E,P,D,K,N,D,D,A,I,T,V,C,S,P,L,E,D,N,G,Y,A,S,S,S,L,S,I,D,S,T,S,S,S,P,E,P,A,C,G,T,P,P,S,P,G,P,P,D,P,L,L,P,S,V,A,Q,A,V,Q,H,L,Q,A,Q,E,R,Y,K,E,Q,E,K,E,K,H,H,V,H,L,V,M,Y,R,R,L,A,L,L,Q,W,I,R,G,L,Q,H,Q,L,V,D,Q,Q,A,R,L,Q,D,S,F,D,T,I,L,D,N,R,K,E,L,I,R,Y,L,Q,Q,R,A,A,P,S,R,P,Q,D,Q,G
Galeopterus_variegatus,M,F,A,I,Q,P,G,L,A,E,G,D,Q,L,L,G,G,P,P,P,G,V,C,Q,P,E,L,Q,P,D,S,N,S,N,F,M,A,S,A,K,D,A,N,E,N,W,H,G,M,P,G,K,V,E,P,I,L,M,R,S,S,S,E,S,P,S,D,N,Q,G,F,Q,A,L,G,L,P,E,G,G,F,R,S,P,P,E,G,A,E,I,P,E,A,E,L,E,K,M,G,G,T,G,T,V,C,S,P,L,E,D,N,G,Y,A,S,S,S,L,S,I,D,S,P,S,S,S,P,E,P,A,C,G,T,P,R,G,P,G,P,P,D,P,L,L,P,S,V,A,Q,A,V,Q,Q,L,Q,A,Q,E,R,Y,K,E,R,E,K,E,K,H,H,V,H,L,V,M,Y,R,R,L,A,L,L,Q,W,I,R,G,L,Q,H,Q,L,I,D,Q,Q,A,R,L,Q,E,S,F,D,T,I,L,D,N,R,K,E,L,I,R,C,L,Q,Q,R,A,A,P,S,R,P,Q,D,Q,G
Gracilinanus_agilis,M,F,A,V,Q,S,G,P,P,E,-,P,P,F,L,G,G,P,P,A,S,V,S,Q,H,D,Y,E,P,D,S,N,S,N,F,V,A,S,T,Y,D,A,N,E,N,W,-,-,-,-,-,-,-,-,-,-,-,-,-,-,-,-,-,-,P,S,D,N,Q,A,-,-,A,P,G,L,P,-,G,E,I,R,S,P,P,E,G,A,E,L,P,-,-,-,-,-,-,-,-,-,-,-,-,-,-,S,P,L,E,D,I,G,Y,A,S,S,S,L,S,V,D,S,P,D,S,S,P,-,-,-,-,-,-,-,-,-,-,-,-,P,D,T,F,L,P,T,V,T,Q,A,V,Q,Q,L,L,A,R,E,R,Y,K,E,Q,E,K,E,K,H,H,V,H,L,V,M,Y,R,R,L,A,L,L,Q,W,I,R,G,L,Q,C,R,L,A,G,Q,Q,A,R,L,Q,E,S,F,D,T,I,L,D,N,R,K,E,L,I,R,G,L,Q,Q,-,G,L,P,P,R,P,Q,D,R,G
Grammomys_surdaster,M,F,A,I,Q,P,G,L,A,E,G,A,Q,Y,L,G,S,L,P,P,G,V,C,Q,P,D,L,Q,P,D,N,N,S,N,F,V,E,S,A,K,D,A,N,K,N,W,H,G,V,P,G,K,V,D,P,I,L,M,R,S,S,S,E,S,P,S,D,N,Q,V,F,Q,A,T,G,L,P,E,A,G,V,R,S,P,P,E,G,A,E,I,P,G,A,E,P,E,K,L,S,G,A,S,S,V,C,S,P,L,E,D,I,G,Y,A,S,S,S,L,S,I,D,S,F,S,S,S,P,E,P,V,C,G,T,P,R,G,P,S,P,L,D,P,L,L,P,S,V,A,Q,A,V,Q,Q,L,Q,A,Q,E,R,Y,K,E,Q,E,K,E,K,H,H,V,H,L,V,M,Y,R,R,L,A,L,L,Q,W,I,R,A,L,Q,H,Q,L,V,D,Q,Q,A,R,L,Q,E,S,F,D,T,I,L,D,N,R,K,E,L,I,R,C,L,Q,Q,R,E,A,P,C,R,H,Q,D,Q,G
Heterocephalus_glaber,M,F,A,I,Q,P,R,L,S,E,G,G,Q,F,P,G,S,M,P,P,G,V,C,Q,P,E,L,Q,P,D,S,N,S,N,F,M,E,G,A,K,D,A,N,E,N,W,H,G,M,P,G,K,V,E,P,I,P,T,R,S,S,S,E,S,L,S,D,N,Q,A,L,Q,A,S,G,L,P,E,G,V,V,R,S,P,P,E,G,A,E,I,P,G,T,E,P,E,K,N,D,D,A,I,T,V,C,S,P,L,E,D,N,G,Y,A,S,S,S,L,S,I,D,S,T,S,S,S,P,E,P,A,C,G,T,P,L,S,P,G,P,P,D,P,L,L,L,S,V,A,H,A,V,Q,Q,L,Q,A,Q,E,R,Y,K,E,Q,E,K,E,K,H,H,V,H,L,V,M,Y,R,R,L,A,L,L,Q,W,I,R,G,L,Q,H,Q,L,V,D,Q,Q,A,R,L,Q,D,S,F,D,T,I,L,D,N,R,K,E,L,I,R,C,L,Q,Q,R,A,V,P,S,R,P,Q,D,Q,G
Hyaena_hyaena,M,F,A,I,Q,P,G,I,A,E,G,G,Q,F,L,G,G,-,L,P,G,V,C,Q,P,E,L,Q,P,D,S,N,S,N,F,M,A,S,A,K,D,A,N,E,N,W,H,G,M,P,G,Q,V,E,P,S,L,M,R,G,S,S,E,L,P,S,D,N,Q,A,F,Q,G,P,G,L,P,E,G,E,V,R,S,P,P,E,G,A,E,I,P,R,A,E,L,E,K,M,T,G,A,S,T,V,C,S,P,L,E,D,N,G,Y,A,S,S,S,L,S,T,D,S,S,S,S,S,P,E,P,A,C,G,T,P,R,G,P,G,P,P,D,P,L,L,P,S,V,A,Q,A,V,Q,Q,L,Q,A,Q,E,R,Y,K,E,Q,E,K,E,K,H,H,V,H,L,V,M,Y,R,R,L,A,L,L,Q,W,I,R,G,L,Q,H,Q,L,V,D,Q,Q,T,R,L,Q,E,S,F,D,T,I,L,D,N,R,K,E,L,I,R,C,L,Q,Q,K,A,V,P,S,R,P,Q,D,Q,G
Jaculus_jaculus,M,F,A,V,Q,P,G,L,A,E,G,A,Q,F,V,G,S,L,P,P,G,V,C,Q,P,E,L,Q,P,D,S,N,S,N,F,V,E,N,A,K,D,A,N,E,N,W,H,G,M,P,G,K,V,E,P,I,L,M,R,N,S,S,E,L,P,S,D,N,Q,A,F,R,G,T,G,F,P,E,G,R,V,R,S,P,P,E,G,A,E,I,P,G,A,E,P,E,K,L,G,G,A,R,S,V,C,S,P,L,E,D,I,G,Y,A,S,S,S,L,S,I,D,S,L,S,S,S,P,E,S,S,S,E,N,P,G,G,P,G,T,P,D,P,L,L,P,C,V,A,Q,A,V,Q,Q,L,Q,A,Q,E,R,Y,K,E,L,E,K,E,K,H,H,V,H,L,V,M,Y,R,R,L,A,L,L,Q,W,I,R,A,L,K,H,Q,L,V,D,Q,Q,S,R,L,Q,E,S,F,D,T,I,L,D,N,R,K,E,L,I,R,C,L,Q,Q,R,A,A,P,S,R,A,Q,D,Q,G
Lemur_catta,-,-,-,-,-,-,-,-,-,-,-,-,-,-,-,-,-,-,-,-,G,V,C,Q,P,E,L,Q,P,D,S,N,S,N,F,M,A,S,A,K,D,A,N,E,N,W,H,G,I,P,G,K,M,E,P,I,L,M,R,S,S,S,E,S,S,S,D,N,-,-,-,Q,A,P,G,L,P,E,E,G,V,R,S,P,P,E,G,A,E,I,P,G,A,K,P,E,K,M,G,G,A,G,T,V,C,S,P,L,E,D,N,G,Y,A,S,S,S,L,S,I,D,S,P,G,S,S,P,E,P,A,C,G,T,P,R,G,P,G,P,P,D,P,L,L,P,S,V,A,Q,A,V,Q,Q,L,Q,A,Q,E,R,Y,K,E,R,E,K,E,K,H,H,V,H,L,V,M,Y,R,R,L,A,L,L,Q,W,I,R,G,L,Q,H,Q,L,V,D,Q,Q,A,R,L,Q,E,S,F,D,T,I,L,D,N,R,K,E,L,I,R,C,L,Q,Q,R,A,A,P,S,R,P,Q,D,Q,G
Leptonychotes_weddellii,M,F,A,I,Q,P,G,V,A,E,G,G,Q,F,L,G,G,-,P,P,G,V,C,Q,L,E,L,Q,P,D,S,N,S,N,F,M,A,S,A,K,D,A,N,E,N,W,H,G,M,P,G,H,V,E,P,I,L,M,Q,S,S,S,E,L,P,S,D,N,Q,V,F,Q,A,P,G,L,P,E,G,E,V,R,S,P,P,E,G,A,E,I,P,G,A,E,P,E,K,L,S,G,A,S,P,V,C,S,P,L,E,D,N,G,Y,A,S,S,S,L,S,T,D,S,P,S,S,S,P,E,P,A,C,G,T,P,R,G,P,G,P,P,D,A,L,L,P,S,V,A,Q,A,V,Q,Q,L,Q,A,Q,E,R,Y,K,E,Q,E,K,E,K,H,H,V,H,L,V,M,Y,R,R,L,A,L,L,Q,W,I,R,G,L,Q,Q,Q,L,V,D,Q,Q,T,R,L,Q,E,S,F,D,T,I,L,D,N,R,K,E,L,I,R,C,L,Q,Q,R,A,A,P,S,G,P,Q,E,Q,G
Lontra_canadensis,M,F,T,I,Q,P,G,L,A,E,G,G,Q,F,P,G,G,-,P,P,G,V,C,Q,P,E,F,Q,P,D,N,N,S,N,F,M,A,S,A,K,D,A,N,E,N,W,H,G,M,P,G,H,V,E,P,I,P,M,R,R,S,S,E,L,P,S,D,N,Q,A,F,Q,D,P,G,L,P,K,G,E,V,R,S,P,P,E,G,A,E,I,P,G,A,K,L,E,K,L,G,S,A,S,A,V,C,S,P,L,E,D,N,G,Y,A,S,S,S,P,S,T,D,G,S,S,S,S,P,E,P,A,C,G,T,P,Q,G,L,G,L,A,D,P,L,L,P,S,V,A,R,A,V,Q,Q,L,Q,D,Q,E,R,Y,K,E,Q,E,K,E,K,H,H,A,H,L,V,M,Y,R,R,L,T,L,L,Q,W,I,R,G,L,Q,H,Q,L,V,D,Q,Q,A,R,L,Q,E,S,F,D,T,I,L,D,N,R,K,E,L,I,R,C,L,Q,Q,K,A,A,P,S,G,P,Q,E,Q,G
Lynx_canadensis,M,F,A,I,Q,P,G,V,A,E,G,G,Q,F,L,G,G,-,P,T,G,V,C,Q,P,E,L,Q,P,D,S,N,S,N,F,M,A,S,A,K,D,A,N,E,N,W,H,G,M,P,G,Q,V,E,P,I,L,M,R,G,S,S,E,L,P,S,D,N,Q,A,F,Q,A,P,G,L,P,D,G,E,V,R,S,P,P,E,G,A,E,I,A,G,A,E,L,E,K,M,S,G,A,S,A,V,C,S,P,L,E,D,N,G,Y,A,S,S,S,L,S,T,D,S,P,S,S,S,P,E,P,V,C,G,T,P,R,G,P,G,P,P,D,P,L,L,P,S,V,A,Q,A,V,Q,Q,L,Q,A,Q,E,R,Y,K,E,Q,E,K,E,K,H,H,V,H,L,V,M,Y,R,R,L,A,L,L,Q,W,I,R,G,L,Q,H,Q,L,V,D,Q,Q,T,R,L,Q,E,S,F,D,T,I,L,D,N,R,K,E,L,I,R,C,L,Q,Q,R,A,V,P,S,R,P,Q,D,Q,G
Manis_javanica,M,F,A,I,Q,P,G,V,A,E,G,G,Q,F,P,G,G,P,P,P,G,V,C,Q,P,E,L,Q,P,D,N,N,S,N,F,M,A,S,T,K,D,A,N,E,N,W,H,G,M,P,G,Q,V,E,P,I,L,M,R,S,S,S,Q,S,P,S,H,T,Q,A,F,Q,A,P,G,L,P,E,G,E,V,R,S,P,P,E,G,A,E,I,P,G,A,E,H,E,K,M,G,G,A,S,T,V,C,S,P,L,E,D,N,G,Y,A,S,S,S,L,S,I,D,S,P,S,S,S,P,E,P,T,C,G,T,P,Q,G,H,G,P,A,D,P,L,L,P,S,V,A,Q,A,V,Q,Q,L,Q,A,Q,E,R,Y,K,E,Q,E,K,E,K,H,H,M,H,L,V,M,Y,R,R,L,A,L,L,R,W,I,R,A,L,Q,H,Q,L,V,D,Q,Q,A,R,L,Q,E,S,F,D,T,I,L,D,N,R,K,E,L,I,R,C,L,Q,Q,R,A,A,P,S,R,S,Q,D,Q,G
Manis_pentadactyla,M,F,A,I,Q,Q,G,V,A,E,G,G,Q,F,P,G,G,P,P,P,G,V,C,Q,P,E,L,Q,P,D,N,N,S,N,F,M,A,S,T,K,D,A,N,E,N,W,H,G,M,P,G,Q,V,E,P,I,L,M,R,S,S,S,Q,S,P,S,H,T,Q,A,F,Q,A,P,G,L,P,E,G,E,V,R,S,P,P,E,G,A,E,I,P,G,A,E,H,E,K,M,G,G,A,S,T,V,C,S,P,L,E,D,N,G,Y,A,S,S,S,L,S,I,Y,S,P,S,S,S,P,E,P,T,C,G,T,P,Q,G,H,G,P,A,D,P,L,L,P,S,V,A,Q,A,V,Q,Q,L,Q,A,Q,E,R,Y,K,E,Q,E,K,E,K,H,H,M,H,L,V,M,Y,R,R,L,A,L,L,R,W,I,R,A,L,Q,H,Q,L,V,D,Q,Q,A,R,L,Q,E,S,F,D,T,I,L,D,N,R,K,E,L,I,R,C,L,Q,Q,R,A,A,P,S,R,S,Q,D,Q,G
Mastomys_coucha,M,F,A,I,Q,P,G,L,A,E,G,A,Q,Y,L,G,S,L,P,P,G,V,C,Q,P,D,L,Q,P,D,N,N,S,N,F,V,E,S,A,K,D,A,N,K,N,W,H,G,V,P,G,K,A,D,P,I,L,I,R,S,S,S,E,S,P,S,D,N,Q,I,F,Q,A,T,G,H,S,E,A,G,V,R,S,P,P,E,G,A,E,I,P,G,A,E,P,E,K,L,S,G,A,S,S,V,C,S,P,L,E,D,I,G,Y,A,S,S,S,L,S,I,D,S,F,S,S,S,P,E,S,V,C,G,T,P,R,G,P,S,P,L,D,P,L,L,P,S,V,A,Q,A,V,Q,Q,L,Q,A,Q,E,R,Y,K,E,Q,E,K,E,K,H,H,V,H,L,V,M,Y,R,R,L,A,L,L,Q,W,I,R,A,L,Q,H,Q,L,V,D,Q,Q,A,R,L,Q,D,S,F,D,T,I,L,D,N,R,K,E,L,I,R,C,L,Q,Q,R,E,A,P,C,R,H,Q,D,Q,G
Meles_meles,M,F,T,I,Q,P,G,L,A,E,G,G,Q,F,P,G,G,-,P,P,G,V,C,Q,P,E,F,Q,P,D,S,N,S,N,F,M,E,V,A,K,D,T,N,E,N,W,H,G,M,P,G,H,V,E,P,I,Q,M,R,S,S,S,E,L,P,S,D,N,Q,A,F,Q,A,S,G,L,P,K,G,E,V,R,S,P,P,E,G,A,E,I,P,R,A,K,L,E,K,L,G,G,A,S,M,V,C,S,P,L,E,D,N,G,Y,A,S,S,S,P,S,T,D,G,S,S,S,S,P,E,P,A,C,G,T,P,R,G,P,G,P,A,D,P,L,L,P,S,V,A,R,A,V,Q,Q,L,Q,A,Q,E,R,Y,K,E,Q,E,K,E,K,H,H,A,H,L,V,M,Y,R,R,L,T,L,L,Q,W,I,R,G,L,Q,H,Q,L,V,D,Q,Q,A,R,L,Q,E,S,F,D,T,I,L,D,N,R,K,E,L,I,R,C,L,Q,Q,R,A,A,P,S,G,P,Q,E,Q,G
Meriones_unguiculatus,M,F,A,I,Q,P,G,L,A,E,G,A,Q,Y,L,G,A,L,P,P,G,V,C,Q,P,E,L,Q,P,D,N,N,S,N,F,V,E,S,A,K,D,A,N,K,N,W,H,G,V,P,G,K,A,E,P,I,L,M,R,S,S,S,Q,S,P,S,D,N,Q,V,F,Q,A,P,G,L,P,E,A,G,V,R,S,P,P,E,G,A,E,I,P,G,A,E,P,E,K,L,S,S,A,S,S,I,C,S,P,L,E,D,V,G,Y,A,S,S,S,L,S,I,D,S,L,S,S,S,P,E,P,I,S,E,S,P,R,G,P,S,P,L,D,P,L,L,P,S,V,A,Q,A,V,L,Q,L,Q,A,Q,E,R,Y,K,E,R,E,K,E,K,H,H,V,H,L,V,M,Y,R,R,L,A,L,L,Q,W,I,R,A,L,Q,H,Q,L,V,D,Q,Q,A,R,L,Q,E,S,F,D,T,I,L,D,N,R,K,E,L,I,R,C,L,Q,Q,R,E,A,P,C,R,P,Q,D,Q,G
Mesocricetus_auratus,M,F,A,I,Q,P,G,L,A,E,G,A,Q,F,L,G,G,L,P,P,G,I,C,Q,P,E,L,Q,P,D,N,N,S,N,F,V,D,S,A,K,D,A,N,K,N,W,H,G,V,P,G,K,V,E,P,-,-,-,-,-,-,A,E,S,P,S,D,N,Q,V,F,Q,A,T,G,H,L,Q,A,G,V,R,S,P,P,E,G,A,E,I,C,G,A,E,P,E,K,L,S,G,A,S,S,V,C,S,P,L,E,D,I,G,Y,A,S,S,S,L,S,I,D,S,L,S,S,S,P,E,P,I,C,G,T,P,R,G,P,S,P,L,D,P,L,L,P,S,V,A,Q,A,V,Q,Q,L,Q,A,Q,E,R,Y,K,E,Q,E,K,E,K,H,H,A,H,L,V,M,Y,R,R,L,A,L,L,Q,W,I,R,A,L,Q,H,Q,L,V,D,Q,Q,A,R,L,Q,E,S,F,D,T,I,L,D,N,R,K,E,L,I,R,C,L,Q,Q,R,E,A,P,C,R,H,Q,D,H,C
Microcebus_murinus,M,F,A,I,Q,P,G,L,A,E,G,G,Q,F,L,A,G,P,P,P,G,V,C,Q,P,E,L,Q,A,D,S,N,S,N,F,M,A,S,A,K,D,A,N,E,N,W,H,G,M,P,G,K,V,E,P,I,L,I,R,S,S,S,E,S,S,S,D,N,Q,A,F,Q,A,P,G,L,P,E,E,G,V,R,S,P,P,E,G,A,E,I,P,G,A,E,P,E,K,M,G,G,A,G,T,V,C,S,P,L,E,D,N,G,Y,A,S,S,S,L,S,I,D,S,P,G,S,S,P,E,P,A,C,G,T,P,R,G,P,G,P,P,D,P,L,L,P,S,V,A,Q,A,V,Q,Q,L,Q,A,Q,E,R,Y,K,E,R,E,K,E,K,H,H,V,H,L,V,M,Y,R,R,L,A,L,L,Q,W,I,R,G,L,Q,H,Q,L,V,D,Q,Q,A,R,L,Q,E,S,F,D,T,I,L,D,N,R,K,E,L,I,R,C,L,Q,Q,R,A,A,P,S,R,R,Q,D,Q,G
Microtus_fortis,M,F,A,I,Q,P,G,L,A,E,G,A,Q,F,L,G,G,L,P,P,G,I,C,Q,P,E,F,Q,P,D,D,N,S,N,F,V,E,S,A,K,D,A,N,K,N,W,H,G,V,P,G,K,V,E,P,L,P,M,R,S,S,S,E,S,P,S,D,N,Q,V,F,Q,A,T,G,L,L,E,A,G,V,R,S,P,P,E,G,A,E,L,P,G,A,E,P,E,K,L,S,V,A,S,S,V,C,S,P,L,E,D,V,G,Y,A,S,S,S,L,S,I,D,S,L,S,S,S,P,E,P,T,C,G,T,P,R,G,P,S,P,L,D,P,L,L,P,S,V,A,Q,A,V,Q,Q,L,Q,A,Q,E,R,Y,K,E,Q,E,K,E,K,H,H,A,H,L,V,M,Y,R,R,L,A,L,L,Q,W,I,R,A,L,Q,H,Q,L,V,D,Q,Q,A,R,L,Q,E,S,F,D,T,I,L,D,N,R,K,E,L,I,R,C,L,Q,Q,R,E,A,S,C,G,H,Q,D,H,C
Microtus_ochrogaster,M,F,A,I,Q,P,G,L,A,E,G,A,Q,F,L,G,S,L,P,P,G,M,C,Q,P,E,L,Q,P,D,N,N,S,N,F,V,E,N,A,K,D,A,N,K,N,W,H,G,M,P,G,K,V,E,P,L,P,M,R,S,S,S,E,S,P,S,D,N,Q,V,F,Q,A,T,G,L,L,E,A,G,V,R,S,P,P,E,G,A,E,L,P,G,A,E,P,E,K,L,S,V,A,S,S,V,C,S,P,L,E,D,I,G,Y,A,S,S,S,L,S,I,D,S,L,S,S,S,P,E,P,T,C,G,T,P,R,G,P,S,P,L,D,P,L,L,P,S,V,A,Q,A,V,L,Q,L,Q,A,Q,E,R,Y,K,E,Q,E,K,E,K,H,H,A,H,L,V,M,Y,R,R,L,A,L,L,Q,W,I,R,A,L,Q,H,Q,L,V,D,Q,Q,A,R,L,Q,E,S,F,D,T,I,L,D,N,R,K,E,L,I,R,C,L,Q,Q,R,E,A,S,C,G,H,Q,D,H,C
Microtus_oregoni,M,F,A,I,Q,P,G,L,A,E,G,A,Q,F,L,G,G,L,P,P,G,I,C,Q,P,E,L,Q,P,D,N,N,S,N,F,A,E,N,A,K,D,A,N,K,N,W,H,G,M,P,G,K,V,E,P,L,P,M,R,S,S,S,E,S,P,S,D,N,Q,V,F,Q,A,T,G,L,L,E,A,G,V,R,S,P,P,E,G,A,E,L,P,G,A,E,P,E,K,L,S,V,A,S,S,V,C,S,P,L,E,D,I,G,Y,A,S,S,S,L,S,I,D,S,L,S,S,S,P,E,P,T,C,G,T,P,R,G,P,S,P,L,D,P,L,L,P,S,V,A,Q,A,V,Q,Q,L,Q,A,Q,E,R,Y,K,E,Q,E,K,E,K,H,H,A,H,L,V,M,Y,R,R,L,A,L,L,Q,W,I,R,A,L,Q,H,Q,L,V,D,Q,Q,A,R,L,Q,E,S,F,D,T,I,L,D,N,R,K,E,L,I,R,C,L,Q,Q,R,E,A,S,C,G,H,Q,D,H,C
Mirounga_angustirostris,M,F,A,I,Q,P,G,V,A,E,G,G,Q,F,L,G,D,-,P,P,G,V,C,Q,P,E,L,Q,P,D,S,N,S,N,F,M,A,S,A,K,D,A,N,E,N,W,H,G,M,P,G,H,V,E,P,I,L,M,Q,S,S,S,E,L,P,S,D,N,Q,V,F,Q,A,P,G,L,P,E,G,E,V,R,S,P,P,E,G,A,E,I,P,G,A,E,L,E,K,L,S,G,A,S,P,V,C,S,P,L,E,D,N,G,Y,A,S,S,S,L,S,T,D,S,P,S,S,S,P,E,P,A,C,G,T,P,R,G,P,G,P,P,D,A,L,L,P,S,V,A,Q,A,V,Q,Q,L,Q,A,Q,E,R,Y,K,E,Q,E,K,E,K,H,H,V,H,L,V,M,Y,R,R,L,A,L,L,Q,W,I,R,G,L,Q,Q,Q,L,V,D,Q,Q,T,R,L,Q,E,S,F,D,T,I,L,D,N,R,K,E,L,I,R,C,L,Q,Q,R,A,A,P,S,G,P,Q,E,Q,G
Mirounga_leonina,M,F,A,I,Q,P,G,V,A,E,G,G,Q,F,L,G,G,-,P,P,G,V,C,Q,P,E,L,Q,P,D,S,N,S,N,F,M,A,S,A,K,D,A,N,E,N,W,H,G,M,P,G,H,V,E,P,I,L,M,Q,S,S,S,E,L,P,S,D,N,Q,V,F,Q,A,P,G,L,P,E,G,E,V,R,S,P,P,E,G,A,E,I,P,G,A,E,L,E,K,L,S,G,A,S,P,V,C,S,P,L,E,D,N,G,Y,A,S,S,S,L,S,T,D,S,P,S,S,S,P,E,P,A,C,G,T,P,R,G,P,G,P,P,D,A,L,L,P,S,V,A,Q,A,V,Q,Q,L,Q,A,Q,E,R,Y,K,E,Q,E,K,E,K,H,H,V,H,L,V,M,Y,R,R,L,A,L,L,Q,W,I,R,G,L,Q,Q,Q,L,V,D,Q,Q,T,R,L,Q,E,S,F,D,T,I,L,D,N,R,K,E,L,I,R,C,L,Q,Q,R,A,A,P,S,G,P,Q,E,Q,G
Monodelphis_domestica,M,F,A,V,Q,P,G,P,P,E,-,P,P,F,L,G,G,P,P,A,S,V,S,Q,H,D,Y,E,P,D,S,N,S,N,F,V,T,S,T,Y,D,A,N,E,N,W,-,-,-,-,-,-,-,-,-,-,-,-,-,-,-,-,-,-,P,S,D,N,Q,A,-,-,-,-,-,-,-,-,G,E,I,R,S,P,P,E,G,A,E,L,P,-,-,-,-,-,-,-,-,-,-,-,-,-,-,S,P,L,E,D,V,G,Y,A,S,S,S,L,S,V,D,S,P,D,S,S,P,-,-,-,-,-,-,-,-,-,-,-,-,P,D,T,F,L,P,T,V,T,Q,A,V,Q,Q,L,L,A,R,E,R,Y,K,E,Q,E,K,E,K,H,H,V,H,L,V,M,Y,R,R,L,A,L,L,Q,W,I,R,G,L,Q,C,R,L,A,G,Q,Q,A,R,L,Q,E,S,F,D,T,I,L,D,N,R,K,E,L,I,R,G,L,Q,Q,-,G,L,P,P,R,P,Q,D,R,S
Mus_caroli,M,F,A,I,Q,P,G,L,A,E,G,A,Q,Y,P,G,S,L,P,P,G,V,C,Q,P,D,L,Q,P,D,N,N,S,N,F,V,E,S,A,K,D,A,N,K,N,W,H,G,V,P,G,K,A,D,P,I,L,I,R,S,S,S,E,S,P,S,D,N,Q,V,F,Q,A,T,G,F,P,E,A,G,V,R,S,P,P,E,G,A,E,I,P,G,A,E,P,E,K,L,S,G,A,S,S,V,C,S,P,L,E,D,I,G,Y,A,S,S,S,L,S,I,N,S,F,S,S,S,P,E,P,V,C,D,T,P,R,G,P,S,P,L,D,P,L,L,P,S,V,A,Q,A,L,Q,Q,L,Q,A,Q,E,R,Y,K,E,Q,E,K,E,K,H,H,V,H,L,V,M,Y,R,R,L,A,L,L,Q,W,I,R,A,L,Q,H,Q,L,V,D,Q,Q,A,R,L,Q,E,S,F,D,T,I,L,D,N,R,K,E,L,I,R,C,L,Q,Q,R,E,A,P,C,R,H,Q,D,Q,G
Mus_musculus,M,F,A,I,Q,P,G,L,A,E,G,A,Q,Y,P,G,S,L,P,P,G,V,C,Q,P,D,L,Q,P,D,N,N,S,N,F,V,E,S,A,K,D,A,N,K,N,W,H,G,V,P,G,K,V,D,P,I,L,I,R,S,S,S,E,S,P,S,D,N,Q,V,F,Q,A,T,R,L,P,E,A,G,V,R,S,P,P,E,G,A,E,I,P,G,A,E,P,E,K,L,S,G,A,S,S,V,C,S,P,L,E,D,I,G,Y,A,S,S,S,L,S,I,D,S,F,S,S,S,P,E,P,V,C,D,T,P,R,G,P,S,P,L,D,P,L,L,P,S,V,A,Q,A,V,Q,Q,L,Q,A,Q,E,R,Y,K,E,Q,E,K,E,K,H,H,A,H,L,V,M,Y,R,R,L,A,L,L,Q,W,I,R,A,L,Q,H,Q,L,V,D,Q,Q,A,R,L,Q,E,S,F,D,T,I,L,D,N,R,K,E,L,I,R,C,L,Q,Q,R,E,A,P,C,R,H,Q,D,Q,G
Mus_pahari,M,F,A,I,Q,P,G,L,A,E,G,A,Q,Y,L,G,S,L,P,P,G,V,C,Q,P,D,L,Q,P,D,N,N,S,N,F,V,E,S,A,K,D,A,N,K,N,W,H,G,V,P,G,K,V,D,P,I,L,I,R,S,S,S,E,S,P,S,D,Y,Q,V,F,Q,A,T,G,L,P,E,A,R,V,R,S,P,P,E,G,A,E,I,P,G,A,E,P,E,K,L,S,G,A,S,S,V,C,S,P,L,E,D,I,G,Y,A,S,S,S,L,S,I,D,S,F,S,S,S,P,E,P,V,C,G,T,P,R,G,P,S,P,L,D,P,L,L,P,S,V,A,Q,A,V,Q,Q,L,Q,A,Q,E,R,Y,K,E,Q,E,K,E,K,H,H,V,H,L,V,M,Y,R,R,L,A,L,L,Q,W,I,R,A,L,Q,H,Q,L,V,D,Q,Q,A,R,L,Q,E,S,F,D,T,I,L,D,N,R,K,E,L,I,R,C,L,Q,Q,R,E,A,P,C,R,H,Q,D,Q,G
Mustela_erminea,M,F,T,I,Q,P,G,L,A,E,G,G,Q,F,P,G,G,-,P,P,G,V,C,Q,A,E,F,Q,P,D,S,N,S,N,F,M,A,S,A,K,D,A,N,E,N,W,H,G,M,P,G,H,V,E,P,I,Q,M,S,S,S,S,E,L,P,S,D,N,Q,A,F,Q,D,P,G,L,P,K,G,E,V,R,S,P,P,E,G,A,E,I,P,R,A,K,L,E,K,L,G,G,A,S,A,I,R,S,P,L,E,D,N,G,Y,A,S,S,S,P,S,T,D,G,S,S,S,S,P,E,P,A,C,G,T,P,R,G,L,G,P,A,D,P,L,L,P,S,V,A,R,A,V,Q,Q,L,Q,A,Q,E,R,Y,K,E,Q,E,K,E,K,H,H,A,H,L,V,M,Y,R,R,L,T,L,L,Q,W,I,R,G,L,Q,H,Q,L,V,D,Q,Q,A,R,L,Q,E,S,F,D,T,I,L,D,N,R,K,E,L,I,R,C,L,Q,Q,R,A,A,P,S,G,P,Q,E,Q,G
Mustela_putorius_furo,M,F,T,I,Q,P,G,L,A,E,G,G,Q,F,P,G,G,-,P,P,G,V,C,Q,A,E,F,Q,P,D,S,N,S,N,F,M,A,S,T,K,D,A,N,E,N,W,H,G,M,P,G,H,V,E,P,I,P,M,R,S,S,S,E,L,P,S,D,N,Q,A,F,Q,D,P,G,L,P,K,G,E,V,R,S,P,P,E,G,A,E,I,P,G,A,K,L,E,K,L,G,G,A,S,A,V,R,S,P,L,E,D,N,G,Y,A,S,S,S,L,S,T,D,G,S,S,S,S,P,E,P,A,C,G,T,P,Q,G,L,G,P,A,D,P,L,P,P,S,V,A,R,A,V,Q,Q,L,Q,A,Q,E,R,Y,K,E,Q,E,K,E,K,H,H,A,H,L,V,M,Y,R,R,L,T,L,L,Q,W,I,R,G,L,Q,H,Q,L,V,D,Q,Q,A,R,L,Q,E,S,F,D,T,I,L,D,N,R,K,E,L,I,R,C,L,Q,Q,R,A,A,P,S,G,P,Q,E,Q,G
Myodes_glareolus,M,F,A,I,Q,P,G,L,A,E,G,A,Q,F,L,G,G,L,P,P,G,I,C,Q,P,E,L,Q,P,D,N,N,S,N,F,V,E,S,A,K,D,A,N,K,N,W,H,G,V,P,G,K,V,E,P,L,P,M,R,S,S,S,E,S,P,S,D,N,Q,V,F,Q,T,T,G,L,L,E,A,G,V,R,S,P,P,E,G,A,E,L,P,S,A,E,P,E,K,L,S,V,A,S,S,V,C,S,P,L,E,D,I,G,Y,A,S,S,S,L,S,I,D,S,L,S,S,S,P,E,P,T,C,G,T,P,R,G,P,S,P,L,D,P,L,L,P,S,V,A,Q,A,V,Q,Q,L,Q,A,Q,E,R,Y,K,E,Q,E,K,E,K,H,H,A,H,L,V,M,Y,R,R,L,A,L,L,Q,W,I,R,A,L,Q,H,Q,L,V,D,Q,Q,A,R,L,Q,E,S,F,D,T,I,L,D,N,R,K,E,L,I,R,C,L,Q,Q,R,E,A,S,C,G,H,Q,D,H,C
Neogale_vison,M,F,T,I,Q,P,G,L,A,E,G,G,Q,F,P,G,G,-,P,P,G,V,C,Q,A,E,F,Q,P,D,S,N,S,N,F,M,A,S,A,K,D,A,N,E,N,W,H,G,M,P,G,H,V,E,P,I,P,M,R,S,S,S,E,L,P,S,D,N,Q,A,F,Q,D,P,G,L,P,K,G,E,V,R,S,P,P,E,G,A,E,I,P,G,A,K,L,E,K,L,G,G,A,N,A,V,P,S,P,L,E,D,N,S,Y,A,S,S,S,P,S,T,D,G,S,S,S,S,P,E,P,A,C,G,T,P,R,G,L,G,P,A,D,P,L,L,P,S,V,A,R,A,V,Q,Q,L,Q,A,Q,E,R,Y,K,E,Q,E,K,E,K,H,H,A,H,L,V,M,Y,R,R,L,T,L,L,Q,W,I,R,G,L,Q,H,Q,L,V,D,Q,Q,A,R,L,Q,E,S,F,D,T,I,L,D,N,R,K,E,L,I,R,R,L,Q,Q,R,A,A,P,S,G,P,Q,E,Q,G
Odobenus_rosmarus_divergens,M,F,A,I,Q,P,G,V,A,E,G,G,Q,F,L,G,G,-,P,P,G,V,C,Q,P,E,L,Q,T,D,S,N,S,N,F,M,V,S,A,K,D,A,N,E,N,W,H,G,M,P,G,H,V,E,P,I,L,M,R,S,S,S,E,L,P,S,D,N,Q,V,F,Q,A,P,G,L,P,E,G,E,V,R,S,P,P,E,G,A,E,I,P,G,A,E,L,E,K,L,S,G,A,S,P,V,C,S,P,L,E,D,N,G,Y,A,S,S,S,L,S,T,D,S,C,S,S,S,P,E,P,A,C,G,T,P,R,G,P,G,P,P,D,A,L,L,P,S,V,A,Q,A,V,Q,Q,L,Q,A,Q,E,R,Y,K,E,Q,E,K,E,K,H,H,V,H,L,V,M,Y,R,R,L,A,L,L,Q,W,I,R,G,L,Q,H,Q,L,V,D,Q,Q,T,R,L,Q,E,S,F,D,T,I,L,D,N,R,K,E,L,I,R,C,L,Q,Q,R,A,A,P,S,G,P,Q,E,Q,G
Odocoileus_virginianus_texanus,M,F,A,I,Q,P,G,V,A,E,G,G,Q,F,L,G,G,P,P,P,G,A,C,P,P,E,L,Q,P,D,S,N,S,N,F,M,T,S,A,K,D,A,N,E,N,W,H,G,M,P,G,Q,V,E,P,V,L,T,R,S,S,S,D,L,P,S,D,N,H,D,F,Q,A,P,G,L,P,E,G,E,V,R,S,P,P,E,G,A,E,I,P,G,A,G,P,E,K,T,G,G,A,S,T,V,C,S,P,L,E,D,N,G,Y,A,S,S,S,L,S,V,D,S,P,S,C,S,P,E,S,A,C,G,T,P,-,-,P,G,P,S,D,H,L,L,P,S,V,A,Q,A,V,Q,Q,L,Q,A,Q,E,R,Y,K,E,Q,E,K,E,K,H,H,V,H,L,V,M,Y,R,R,L,A,L,L,Q,W,I,R,G,L,Q,H,Q,L,V,D,Q,Q,A,R,L,Q,E,S,F,D,T,I,L,D,N,R,K,E,L,I,R,C,L,Q,Q,R,A,V,P,S,R,P,Q,D,Q,D
Onychomys_torridus,M,F,A,I,Q,P,G,L,A,E,G,A,Q,F,L,G,V,L,P,P,G,V,C,Q,P,E,L,Q,P,D,N,N,S,N,F,V,E,S,-,K,D,A,N,K,N,W,R,G,V,L,G,K,G,E,P,I,L,V,R,S,A,S,E,S,P,S,D,N,Q,V,F,Q,A,T,G,L,L,E,A,G,V,R,S,P,P,E,G,A,E,I,S,G,A,E,T,E,K,L,S,A,A,S,G,V,C,S,P,L,E,D,I,G,Y,A,S,S,S,L,S,T,D,S,L,S,S,S,P,E,P,I,C,G,S,P,Q,G,P,S,P,L,D,P,L,L,P,S,V,A,Q,A,V,Q,Q,L,Q,A,Q,E,R,Y,K,E,Q,E,K,E,K,H,H,V,H,L,V,M,Y,R,R,L,A,L,L,Q,W,I,R,A,L,Q,H,Q,L,V,D,Q,Q,A,R,L,Q,E,S,F,D,T,I,L,D,N,R,K,E,L,I,R,C,L,Q,Q,R,E,A,P,C,R,H,Q,D,H,C
Ornithorhynchus_anatinus,M,F,A,L,R,P,-,-,P,D,G,P,P,F,L,G,G,K,P,P,-,-,-,-,-,-,L,Q,P,D,N,N,S,N,F,V,A,R,A,Y,D,A,N,E,N,W,-,-,-,-,-,-,-,-,-,-,-,-,-,-,-,-,-,-,-,-,-,-,-,-,-,-,-,-,-,-,-,E,G,A,V,R,S,P,P,E,G,A,E,G,G,R,A,E,P,E,K,A,G,G,P,G,S,A,A,S,P,L,E,D,I,G,Y,S,S,S,S,L,S,I,D,S,-,-,-,-,-,-,-,-,-,-,-,-,-,-,-,-,S,P,D,P,L,L,P,T,L,A,A,A,V,Q,H,L,Q,A,R,E,R,F,K,E,W,E,K,E,K,H,H,V,H,L,V,M,Y,R,R,L,A,L,L,Q,W,L,R,G,L,Q,Q,R,L,V,D,Q,Q,A,R,L,Q,E,S,Y,D,T,I,L,D,N,R,K,E,L,I,R,-,-,-,-,-,-,-,-,-,-,-,-,-,-,-
Orycteropus_afer_afer,M,F,A,I,Q,P,V,L,A,D,G,G,H,F,L,G,G,P,P,P,G,I,C,P,P,E,L,Q,P,D,S,N,S,N,F,M,A,S,A,K,D,A,N,E,N,W,H,G,I,P,G,K,V,E,P,I,L,M,G,S,S,P,E,T,P,S,D,N,Q,A,F,Q,V,P,G,F,P,E,E,E,I,R,S,P,P,E,G,A,E,I,P,R,A,E,P,E,-,M,N,G,V,S,T,A,C,S,P,L,E,D,I,G,Y,A,S,S,S,L,S,I,D,S,P,S,S,N,P,E,S,V,C,E,T,P,G,G,H,D,P,P,D,P,L,L,P,S,V,A,Q,A,V,Q,Q,L,E,A,Q,E,R,Y,K,E,Q,E,K,E,K,H,H,V,H,L,V,M,Y,R,R,L,A,L,L,Q,W,I,R,G,L,Q,H,Q,L,V,D,Q,Q,A,R,L,Q,E,S,F,D,T,I,L,D,N,R,K,E,L,I,R,C,L,Q,Q,R,A,A,P,S,Q,D,Q,H,-,-
Oryctolagus_cuniculus,M,F,A,M,E,P,G,L,A,E,G,G,P,F,L,G,G,P,P,P,G,V,C,Q,P,-,-,Q,P,D,S,N,S,N,F,M,A,N,P,R,D,A,N,E,N,W,H,G,M,P,G,T,V,E,P,V,L,R,R,S,S,P,E,Q,P,S,N,N,Q,A,-,-,-,P,R,A,P,E,E,G,V,R,S,P,P,E,G,A,E,I,P,G,V,E,P,E,K,M,G,G,T,S,T,L,C,S,P,L,E,D,N,G,Y,T,S,S,S,L,S,I,D,S,R,S,S,S,P,E,S,A,C,G,T,P,R,G,L,G,P,P,D,P,L,L,P,S,V,A,Q,A,V,Q,Q,L,Q,A,Q,E,R,Y,K,E,R,E,K,E,K,H,H,V,H,L,V,M,Y,R,R,L,A,L,L,Q,W,I,R,G,L,Q,H,Q,L,V,D,Q,Q,A,R,L,Q,D,S,F,D,T,I,L,D,N,R,K,E,L,I,R,R,F,Q,Q,K,A,A,P,S,R,P,Q,D,Q,G
Oryx_dammah,M,F,A,I,Q,P,G,V,D,E,G,G,Q,F,L,G,G,P,P,P,G,V,C,P,P,E,L,Q,P,D,S,N,S,N,F,M,T,G,A,K,D,A,N,E,N,W,H,G,M,P,G,Q,V,E,P,V,L,L,R,S,S,S,E,L,P,S,D,N,Q,D,F,Q,A,P,G,L,P,E,G,E,I,R,S,P,P,E,G,A,E,I,P,G,A,G,P,E,K,T,G,G,A,S,T,V,C,S,P,L,E,D,N,G,Y,A,S,S,S,L,S,V,D,S,P,S,R,S,P,E,S,A,C,G,T,P,-,-,P,G,P,P,G,H,L,L,P,A,V,A,Q,A,M,Q,Q,L,Q,A,Q,E,R,Y,K,E,Q,E,K,E,K,H,H,V,H,L,V,M,Y,R,R,L,A,L,L,Q,W,I,R,G,L,Q,H,Q,L,V,D,Q,Q,A,R,L,Q,E,S,F,D,T,I,L,D,N,R,K,E,L,I,R,C,L,Q,Q,R,A,V,P,S,R,P,Q,E,Q,D
Otolemur_garnettii,M,F,A,I,Q,P,G,L,A,E,G,G,Q,F,V,S,D,P,P,R,-,V,C,Q,P,E,L,Q,P,D,S,N,S,N,F,M,A,S,A,K,D,A,N,E,N,W,H,G,I,P,G,K,V,E,P,I,L,T,R,S,S,S,E,S,S,S,D,N,Q,D,F,Q,A,P,G,L,P,E,G,G,V,R,S,P,P,E,G,A,E,I,P,G,A,E,P,E,K,M,G,G,A,G,T,V,C,S,P,L,E,D,N,G,Y,A,S,S,S,L,S,I,N,S,P,S,S,S,P,E,P,A,C,G,T,P,R,G,P,G,P,P,D,P,L,L,P,S,V,A,Q,A,V,Q,Q,L,Q,A,Q,E,R,Y,K,E,R,E,K,E,K,H,H,V,H,L,V,M,Y,R,R,L,A,L,L,Q,W,I,R,G,L,Q,N,Q,L,V,D,Q,Q,A,R,L,Q,E,S,F,D,T,I,L,D,N,R,K,E,L,I,R,C,L,Q,Q,R,A,A,A,S,R,P,Q,D,Q,G
Panthera_leo,M,F,A,I,Q,P,G,V,A,E,G,G,Q,F,L,G,G,-,P,P,G,V,C,Q,P,E,L,Q,P,D,S,N,S,N,F,M,A,S,A,K,D,A,N,E,N,W,H,G,M,P,G,Q,V,E,P,S,L,M,R,G,S,S,E,L,P,S,D,N,Q,A,F,Q,A,P,G,L,P,D,G,E,V,R,S,P,P,E,G,A,E,I,A,G,A,E,L,E,K,M,S,G,A,S,T,V,C,S,P,L,E,D,N,G,Y,A,S,S,S,L,S,T,D,S,P,S,S,S,P,E,P,V,C,G,T,P,R,G,P,G,P,P,D,P,L,L,P,S,V,A,Q,A,V,Q,Q,L,Q,A,Q,E,R,Y,K,E,Q,E,K,E,K,H,H,V,H,L,V,M,Y,R,R,L,A,L,L,Q,W,I,R,G,L,Q,H,Q,L,V,D,Q,Q,T,R,L,Q,E,S,F,D,T,I,L,D,N,R,K,E,L,I,R,C,L,Q,Q,R,A,V,P,S,R,P,Q,D,Q,G
Panthera_pardus,M,F,A,I,Q,P,G,V,A,E,G,G,Q,F,L,G,G,-,P,P,G,V,C,Q,P,E,L,Q,P,D,S,N,S,N,F,M,A,S,A,K,D,A,N,E,N,W,H,G,M,P,G,Q,V,E,P,S,L,M,R,G,S,S,E,L,P,S,D,N,Q,A,F,Q,A,P,G,L,P,D,G,E,V,R,S,P,P,E,G,A,E,I,A,G,A,E,L,E,K,M,S,G,A,S,T,V,C,S,P,L,E,D,N,G,Y,A,S,S,S,L,S,T,D,S,P,S,S,S,P,E,P,V,C,G,T,P,R,G,P,G,P,P,D,P,L,L,P,S,V,A,Q,A,V,Q,Q,L,Q,A,Q,E,R,Y,K,E,Q,E,K,E,K,H,H,V,H,L,V,M,Y,R,R,L,A,L,L,Q,W,I,R,G,L,Q,H,Q,L,V,D,Q,Q,T,R,L,Q,E,S,F,D,T,I,L,D,N,R,K,E,L,I,R,C,L,Q,Q,R,A,V,P,S,R,P,Q,D,Q,G
Panthera_uncia,M,F,A,I,Q,P,G,V,A,E,G,G,Q,F,L,G,G,-,P,P,G,V,C,Q,P,E,L,Q,P,D,S,N,S,N,F,M,A,S,A,K,D,A,N,E,N,W,H,G,M,P,G,Q,V,E,P,S,L,M,R,G,S,S,E,L,P,S,D,N,Q,A,F,Q,A,P,G,L,P,D,G,E,V,R,S,P,P,E,G,A,E,I,A,G,A,E,L,E,K,M,S,G,A,S,T,V,C,S,P,L,E,D,N,G,Y,A,S,S,S,L,S,T,D,S,P,S,S,S,P,E,P,V,C,G,T,P,R,G,P,G,P,P,D,P,L,L,P,S,V,A,Q,A,V,Q,Q,L,Q,A,Q,E,R,Y,K,E,Q,E,K,E,K,H,H,V,H,L,V,M,Y,R,R,L,A,L,L,Q,W,I,R,G,L,Q,H,Q,L,V,D,Q,Q,T,R,L,Q,E,S,F,D,T,I,L,D,N,R,K,E,L,I,R,C,L,Q,Q,R,A,V,P,S,R,P,Q,D,Q,G
Perognathus_longimembris_pacificus,M,F,P,I,Q,P,G,L,A,E,G,A,Q,Y,L,G,A,L,P,P,A,V,C,Q,P,E,L,Q,P,D,S,N,S,N,F,M,E,S,A,K,D,A,N,E,N,W,H,E,M,P,S,K,V,E,P,M,L,M,R,S,S,S,E,S,P,S,S,N,Q,A,F,Q,A,T,G,L,-,-,-,-,V,R,S,P,P,E,G,A,E,I,P,G,V,E,P,E,K,L,G,G,V,G,N,V,C,S,P,L,E,D,I,G,Y,A,S,S,S,L,S,I,D,S,L,S,S,S,P,E,P,T,C,G,T,P,G,G,P,G,P,P,D,P,F,L,P,S,V,V,Q,A,V,Q,Q,L,Q,A,Q,E,R,Y,K,E,Q,E,K,E,K,H,H,V,H,L,V,M,Y,R,R,L,A,L,L,Q,W,I,R,A,L,Q,H,Q,L,V,D,Q,Q,A,R,L,Q,E,S,F,D,T,I,L,D,N,R,K,E,L,I,R,C,L,Q,Q,R,A,A,P,S,K,P,Q,D,Q,G
Peromyscus_californicus_insignis,M,F,A,I,Q,P,G,L,A,E,G,A,Q,F,L,G,G,L,P,P,G,V,C,Q,P,E,L,Q,P,D,N,N,S,N,F,V,E,S,A,K,D,A,N,K,N,W,H,G,V,P,G,K,V,E,P,T,L,V,R,S,S,S,E,S,P,S,D,N,Q,V,F,Q,A,T,G,L,L,E,A,G,V,R,S,P,P,E,G,A,E,I,P,G,A,E,P,E,K,L,S,A,A,S,S,V,C,S,P,L,E,D,I,G,Y,A,S,S,S,L,S,T,D,S,L,S,S,S,P,E,P,V,C,G,T,P,Q,G,P,S,P,L,D,P,L,L,P,S,V,A,Q,A,V,Q,Q,L,Q,A,Q,E,R,Y,K,E,Q,E,K,E,K,H,H,V,H,L,V,M,Y,R,R,L,A,L,L,Q,W,I,R,A,L,Q,H,Q,L,V,D,Q,Q,A,R,L,Q,E,S,F,D,T,I,L,D,N,R,K,E,L,I,R,C,L,Q,Q,R,E,A,P,C,R,H,Q,D,H,C
Peromyscus_leucopus,M,F,A,I,Q,P,G,L,A,E,G,A,Q,F,L,G,G,L,P,P,G,V,C,Q,P,E,L,Q,A,D,N,N,S,N,F,V,E,S,A,K,D,A,N,K,N,W,H,G,V,P,G,K,R,E,P,T,L,V,R,S,S,S,E,S,P,S,D,N,Q,V,F,Q,A,A,G,L,L,E,A,G,V,R,S,P,P,E,G,A,E,I,P,G,A,E,P,E,K,L,S,A,A,S,S,V,C,S,P,L,E,D,I,G,Y,A,S,S,S,L,S,T,D,S,L,S,S,S,P,E,P,V,C,G,T,P,R,G,P,S,P,L,D,P,L,L,P,S,V,A,Q,A,V,Q,Q,L,Q,A,Q,E,R,Y,K,E,Q,E,K,E,K,H,H,A,H,L,V,M,Y,R,R,L,A,L,L,Q,W,I,R,A,L,Q,H,Q,L,V,D,Q,Q,A,R,L,Q,E,S,F,D,T,I,L,D,N,R,K,E,L,I,R,C,L,Q,Q,R,D,A,P,C,R,H,Q,D,H,C
Peromyscus_maniculatus_bairdii,M,F,A,I,Q,P,G,L,A,E,G,A,Q,F,L,G,G,L,P,P,G,V,C,Q,P,E,L,Q,A,D,N,N,S,N,F,V,E,S,A,K,D,A,N,R,N,W,H,G,V,P,G,K,R,E,P,T,L,V,R,S,S,S,E,S,P,S,D,N,Q,V,F,Q,A,T,G,L,L,E,A,G,V,R,S,P,P,E,G,A,E,I,P,G,A,E,P,E,K,L,S,A,A,S,S,V,C,S,P,L,E,D,I,G,Y,A,S,S,S,L,S,A,D,S,L,S,S,S,P,E,P,V,C,G,T,P,R,G,P,S,P,L,D,P,L,L,P,S,V,A,Q,A,V,Q,Q,L,Q,A,Q,E,R,Y,K,E,Q,E,K,E,K,H,H,A,H,L,V,M,Y,R,R,L,A,L,L,Q,W,I,R,A,L,Q,H,Q,L,V,D,Q,Q,A,R,L,Q,E,S,F,D,T,I,L,D,N,R,K,E,L,I,R,C,L,Q,Q,R,D,A,P,C,R,H,Q,D,H,C
Phascolarctos_cinereus,-,-,-,-,-,-,-,-,-,-,-,-,-,-,-,-,-,-,-,-,-,-,-,-,-,D,Y,E,P,D,S,N,S,N,F,V,A,S,T,Y,D,A,N,E,N,W,-,-,-,-,-,-,-,-,-,-,-,-,-,-,S,R,G,L,-,S,D,N,Q,A,-,-,-,-,-,-,-,-,G,E,M,R,S,P,P,E,G,A,E,L,P,G,P,E,P,E,K,-,-,-,-,-,-,-,-,S,P,L,E,D,V,G,Y,A,S,S,S,L,S,V,E,S,P,E,S,S,P,-,-,-,-,-,-,-,-,-,-,-,-,-,-,-,-,L,P,T,V,T,Q,A,M,Q,Q,L,L,A,Q,E,R,Y,K,E,Q,E,K,E,K,H,H,V,H,L,V,M,Y,R,R,L,A,L,L,Q,W,I,R,G,L,Q,C,R,L,A,G,Q,Q,A,R,L,Q,E,S,F,D,T,I,L,D,N,R,K,E,L,I,R,G,L,Q,Q,-,G,L,P,P,R,P,Q,D,R,G
Phoca_vitulina,M,F,A,I,Q,P,G,V,A,E,G,G,Q,F,L,G,G,-,P,P,G,V,C,Q,P,E,L,Q,P,D,S,N,S,N,F,M,A,S,A,K,D,A,N,E,N,W,H,G,M,P,G,H,V,E,P,I,L,M,Q,S,S,S,E,L,P,S,D,N,Q,V,F,Q,A,P,G,L,P,E,G,E,V,R,S,P,P,E,G,A,E,I,P,G,A,E,L,E,K,L,S,G,A,S,P,A,C,S,P,L,E,D,N,G,Y,A,S,S,S,L,S,T,D,S,P,S,S,S,P,A,P,A,C,G,T,P,R,G,P,G,P,P,D,A,L,L,P,S,V,A,Q,A,V,Q,Q,L,Q,A,Q,E,R,Y,K,E,Q,E,K,E,K,H,H,V,H,L,V,M,Y,R,R,L,A,L,L,Q,W,I,R,G,L,Q,Q,Q,L,V,D,Q,Q,T,R,L,Q,E,S,F,D,T,I,L,D,N,R,K,E,L,I,R,C,L,Q,Q,R,A,A,P,S,G,P,Q,E,Q,G
Phodopus_roborovskii,M,F,A,I,Q,P,G,L,A,E,G,A,Q,F,L,G,S,L,P,P,G,V,C,Q,P,E,L,Q,P,D,N,N,S,N,F,V,D,S,A,K,D,A,N,K,N,W,H,G,V,P,G,K,V,E,P,I,L,-,-,R,S,S,E,S,P,S,D,N,Q,L,F,P,A,S,G,L,L,E,A,G,V,R,S,P,P,E,G,A,E,I,S,G,A,E,P,D,K,L,S,G,A,S,S,V,C,S,P,L,E,D,I,G,Y,A,S,S,S,L,S,I,D,S,L,S,S,S,P,E,P,V,C,G,T,P,R,G,P,S,P,L,D,P,L,L,P,S,V,A,Q,A,V,Q,Q,L,Q,A,Q,E,R,Y,K,E,Q,E,K,E,K,H,H,A,H,L,V,M,Y,R,R,L,A,L,L,Q,W,I,R,A,L,Q,H,Q,L,V,D,Q,Q,A,R,L,Q,D,S,F,D,T,I,L,D,N,R,K,E,L,I,R,C,L,Q,Q,R,E,A,P,C,R,H,Q,D,H,C
Prionailurus_bengalensis_euptilurus,-,-,-,-,-,-,-,-,-,-,-,-,-,-,-,-,-,-,-,-,-,-,-,-,-,-,-,-,-,-,-,-,-,-,-,-,-,-,-,-,-,-,-,-,-,-,-,-,-,-,-,-,-,-,-,-,-,-,-,-,-,-,-,-,-,-,-,-,-,-,-,-,-,-,-,-,-,-,-,-,-,-,-,-,-,-,-,-,-,-,-,-,-,-,-,-,-,-,-,-,-,-,-,-,-,-,-,-,-,-,-,-,-,-,-,-,-,-,-,-,-,-,-,-,-,-,-,-,-,-,-,-,-,-,-,-,-,-,-,-,-,-,-,-,-,-,-,-,-,-,-,-,-,-,-,-,-,-,-,-,-,-,-,-,-,-,-,-,-,-,-,-,-,-,-,-,-,-,-,-,-,-,-,-,-,-,-,-,-,-,-,-,-,-,-,-,-,-,-,-,-,-,-,-,-,-,-,-,-,-,-,-,-,-,-,-,-,-,-,-,-,-,-,-,-,-,-,-,-
Puma_concolor,M,F,A,I,Q,P,G,V,A,E,G,G,Q,F,L,G,G,-,P,P,G,V,C,Q,P,E,L,Q,P,D,S,N,S,N,F,M,A,S,A,K,D,A,N,E,N,W,H,G,M,P,G,Q,V,E,P,S,L,M,R,G,S,S,E,L,S,S,D,N,Q,A,F,Q,A,P,G,L,P,D,G,E,V,R,S,P,P,E,G,A,E,I,A,R,A,E,L,E,K,M,S,G,A,S,T,V,C,S,P,L,E,D,N,G,Y,A,S,S,S,L,S,T,D,S,P,S,S,S,P,E,P,V,C,G,T,P,R,G,P,G,P,P,D,P,L,L,P,S,V,A,Q,A,V,Q,Q,L,Q,A,Q,E,R,Y,K,E,Q,E,K,E,K,H,H,V,H,L,V,M,Y,R,R,L,A,L,L,Q,W,I,R,G,L,Q,H,Q,L,V,D,Q,Q,T,R,L,Q,E,S,F,D,T,I,L,D,N,R,K,E,L,I,R,C,L,Q,Q,R,A,V,P,S,R,P,Q,D,Q,G
Puma_yagouaroundi,M,F,A,I,Q,P,G,V,A,E,G,G,Q,F,L,G,G,-,P,P,G,V,C,Q,P,E,L,Q,P,D,S,N,S,N,F,M,A,S,A,K,D,A,N,E,N,W,H,G,M,P,G,Q,V,E,P,S,L,M,R,G,S,S,E,L,S,S,D,N,Q,A,F,Q,A,P,G,L,P,D,G,E,V,R,S,P,P,E,G,A,E,I,A,R,A,E,L,E,K,M,S,G,A,S,T,V,C,S,P,L,E,D,N,G,Y,A,S,S,S,L,S,T,D,S,P,S,S,S,P,E,P,V,C,G,T,P,R,G,P,G,P,P,D,P,L,L,P,S,V,A,Q,A,V,Q,Q,L,Q,A,Q,E,R,Y,K,E,Q,E,K,E,K,H,H,V,H,L,V,M,Y,R,R,L,A,L,L,Q,W,I,R,G,L,Q,H,Q,L,V,D,Q,Q,T,R,L,Q,E,S,F,D,T,I,L,D,N,R,K,E,L,I,R,C,L,Q,Q,R,A,V,S,S,R,P,Q,D,Q,G
Rattus_norvegicus,M,F,A,I,Q,P,G,L,A,E,G,A,Q,Y,L,G,S,L,P,P,G,V,C,H,P,D,L,Q,P,D,S,N,S,N,F,V,E,S,A,K,D,A,N,K,N,W,H,G,-,-,-,-,V,D,P,I,L,I,R,S,S,S,E,S,P,S,D,N,R,V,F,Q,A,T,G,L,P,E,A,G,V,R,S,P,P,E,G,A,E,I,P,G,A,E,P,E,K,S,S,D,A,S,S,V,C,S,P,L,E,D,I,G,Y,A,S,S,S,L,S,I,S,S,F,S,S,S,A,E,A,G,C,S,T,P,R,G,P,S,P,L,D,P,L,L,P,S,V,A,Q,A,V,Q,Q,L,Q,A,Q,E,R,Y,K,E,Q,E,K,E,K,H,H,V,H,L,V,M,Y,R,R,L,A,L,L,Q,W,I,R,A,L,Q,H,Q,L,V,D,Q,Q,A,R,L,Q,E,S,F,D,T,I,L,D,N,R,K,E,L,I,R,C,L,Q,H,R,E,G,P,C,R,H,Q,D,Q,G
Rattus_rattus,M,F,A,I,Q,P,G,L,A,E,G,A,Q,Y,L,G,S,L,P,P,G,V,C,H,P,D,L,Q,P,D,S,N,S,N,F,V,E,S,A,K,D,A,N,K,N,W,H,G,-,-,-,-,V,D,P,I,L,I,R,S,S,S,E,S,P,S,D,N,Q,V,F,Q,A,T,G,L,P,E,A,G,V,R,S,P,P,E,G,A,E,I,P,G,A,E,P,E,K,S,S,D,A,S,S,V,C,S,P,L,E,D,I,G,Y,A,S,S,S,L,S,I,S,S,F,S,S,S,A,E,A,G,C,S,T,P,R,G,P,S,P,L,D,P,L,L,P,S,V,A,Q,A,V,Q,Q,L,Q,A,Q,E,R,Y,K,E,Q,E,K,E,K,H,H,V,H,L,V,M,Y,R,R,L,A,L,L,Q,W,I,R,A,L,Q,H,Q,L,V,D,Q,Q,A,R,L,Q,E,S,F,D,T,I,L,D,N,R,K,E,L,I,R,C,L,Q,H,R,E,G,P,C,R,H,Q,D,Q,G
Sarcophilus_harrisii,M,F,A,V,Q,P,G,A,P,E,-,P,P,F,L,G,G,P,P,A,S,L,S,Q,H,D,Y,E,P,D,S,N,S,N,F,V,A,S,T,Y,D,A,N,E,N,W,-,-,-,-,-,-,-,-,-,-,-,-,-,-,N,Q,G,L,P,S,D,N,Q,A,-,-,-,-,-,-,-,-,G,E,M,R,S,P,P,E,G,A,E,L,P,G,P,E,P,E,K,-,-,-,-,-,-,-,-,S,P,L,E,D,I,G,Y,S,S,S,S,L,S,V,E,S,P,E,S,S,P,-,-,-,-,-,-,-,-,-,-,-,-,P,D,A,F,L,P,T,V,T,Q,A,V,Q,Q,L,L,A,R,E,R,Y,K,E,Q,E,K,E,K,H,H,V,H,L,I,M,Y,R,R,L,A,L,L,Q,W,I,R,G,L,Q,G,R,L,A,G,Q,Q,A,R,L,Q,E,S,F,D,T,I,L,D,N,R,K,E,L,I,R,G,L,Q,Q,-,G,L,P,P,R,P,Q,D,R,G
Suncus_etruscus,M,F,A,I,K,P,G,L,A,E,G,G,Q,V,L,G,G,P,P,P,G,I,S,Q,S,E,Q,Q,P,D,G,N,S,N,F,M,A,S,A,K,D,A,N,E,N,W,H,R,M,P,S,P,R,E,P,H,L,M,K,S,L,E,K,L,P,A,D,N,Q,A,F,Q,A,P,E,L,P,E,G,V,V,R,S,P,P,E,G,A,E,I,P,R,A,E,N,E,K,M,G,D,A,G,T,V,C,S,P,L,E,D,N,G,Y,A,S,S,S,L,S,I,N,S,L,S,S,S,P,E,P,A,C,G,T,P,Q,D,P,C,S,T,D,P,L,L,P,S,V,A,Q,A,M,Q,Q,L,Q,A,Q,E,R,Y,K,E,Q,E,K,E,K,H,H,V,H,L,V,M,Y,R,R,L,A,L,L,Q,W,I,R,G,L,Q,H,Q,L,V,D,Q,Q,T,R,L,Q,E,S,F,D,T,I,L,D,N,R,K,E,L,I,R,C,L,Q,Q,R,A,A,P,S,R,P,Q,D,Q,S
Sus_scrofa,M,F,A,V,Q,P,G,V,A,E,G,A,Q,F,L,G,G,P,P,P,A,V,C,P,P,E,L,Q,A,D,S,N,S,N,F,M,A,S,A,K,D,A,N,E,N,W,P,E,M,P,G,Q,V,E,P,K,V,M,R,S,S,S,R,L,P,S,D,N,Q,G,F,Q,V,P,G,L,P,E,G,E,V,R,C,P,P,E,G,A,E,I,P,R,A,G,P,E,K,M,G,G,A,S,T,V,C,S,P,L,E,D,N,G,Y,A,S,S,S,L,S,I,D,S,S,S,C,S,P,E,P,A,C,G,T,P,L,G,P,G,P,S,D,P,L,L,P,S,V,A,Q,A,V,Q,Q,L,Q,A,Q,E,R,Y,K,E,Q,E,K,E,K,H,H,V,H,L,V,M,Y,R,R,L,A,L,L,Q,W,I,R,G,L,Q,H,Q,L,V,D,Q,Q,A,R,L,Q,E,S,F,D,T,I,L,D,N,R,K,E,L,I,R,C,L,H,Q,R,A,A,P,S,R,P,Q,D,Q,G
Tachyglossus_aculeatus,M,L,A,V,H,P,-,-,P,D,G,P,P,F,L,G,G,K,P,P,-,-,-,-,-,-,L,Q,P,D,S,N,S,N,F,V,A,R,A,Y,D,A,N,E,N,W,-,-,-,-,-,-,-,-,-,-,-,-,-,-,-,-,-,-,P,S,D,N,Q,A,F,-,-,-,-,-,-,-,-,-,V,R,S,P,P,E,G,A,E,G,S,R,A,R,P,E,K,A,G,G,P,S,S,A,G,S,P,L,E,D,I,G,Y,S,S,S,S,L,S,I,D,-,-,-,-,-,-,-,-,-,-,-,-,-,-,-,-,-,S,P,D,P,L,L,P,T,L,T,A,A,V,L,H,L,Q,A,R,E,R,F,K,E,W,E,K,E,K,H,H,V,H,L,V,M,Y,R,R,L,A,L,L,Q,W,I,R,G,L,Q,Q,R,L,V,D,Q,Q,A,R,L,Q,E,S,Y,D,T,I,L,D,N,R,K,E,L,I,R,-,-,-,-,-,-,-,-,-,-,-,-,-,-,-
Talpa_occidentalis,M,F,A,I,Q,P,G,L,A,E,G,G,Q,F,L,G,G,P,P,P,G,L,C,Q,P,K,L,Q,P,D,G,N,S,N,F,M,T,S,A,K,D,A,N,E,N,W,H,G,M,P,G,Q,V,E,P,I,P,M,R,S,S,S,G,L,P,P,D,H,Q,V,F,Q,A,T,G,L,P,D,G,A,V,R,S,P,P,E,G,A,E,I,P,R,A,E,P,E,K,M,D,S,A,S,K,V,C,S,P,L,E,D,N,G,Y,A,S,S,S,L,S,I,D,S,P,S,S,N,P,E,S,A,C,G,S,P,R,G,P,G,P,A,E,P,L,L,P,S,V,A,Q,A,V,Q,Q,L,Q,A,Q,E,R,Y,K,E,Q,E,K,E,K,H,H,V,H,L,V,M,Y,R,R,L,A,L,L,Q,W,I,R,S,L,Q,H,Q,L,F,D,Q,Q,A,R,L,Q,E,S,F,D,T,I,L,D,N,R,K,E,L,I,R,C,L,Q,Q,R,A,A,P,S,R,P,Q,D,R,G
Trichechus_manatus_latirostris,M,F,A,I,Q,P,G,L,T,E,G,G,Q,F,L,G,G,P,P,P,G,I,C,Q,P,E,F,Q,P,D,S,N,S,N,F,M,A,S,A,K,D,A,N,E,N,W,H,G,L,P,G,K,V,E,P,I,L,T,G,S,S,P,E,S,P,S,D,N,Q,A,F,Q,V,S,G,L,P,E,G,E,V,R,S,P,P,E,G,A,E,I,P,R,A,E,P,E,K,M,D,G,V,S,T,A,C,S,P,L,E,D,N,G,Y,A,S,S,S,L,S,I,D,S,P,S,S,S,P,E,P,A,C,G,T,P,G,G,P,G,P,P,D,P,L,L,P,S,V,A,Q,A,M,Q,Q,L,Q,T,Q,E,R,Y,K,E,Q,E,K,E,K,H,H,V,H,L,V,M,Y,R,R,L,A,L,L,Q,W,I,R,G,L,Q,H,Q,L,V,D,Q,Q,A,R,L,Q,E,S,F,D,T,I,L,D,N,R,K,E,L,I,R,C,L,Q,Q,R,A,A,P,S,-,-,Q,D,Q,G
Trichosurus_vulpecula,M,F,A,V,Q,P,G,P,P,E,-,P,P,F,L,G,G,P,P,A,S,G,S,Q,H,D,Y,E,P,D,S,N,S,N,F,V,A,S,A,Y,D,A,N,E,N,W,-,-,-,-,-,-,-,-,-,-,-,-,-,-,S,Q,G,L,P,S,D,N,Q,-,-,-,-,-,-,-,-,-,G,E,M,R,S,P,P,E,G,A,E,L,P,G,P,E,P,E,K,-,-,-,-,-,-,-,-,S,P,L,E,D,I,G,Y,A,S,S,S,L,S,V,E,S,P,E,S,S,P,-,-,-,-,-,-,-,-,-,-,-,-,-,-,-,-,L,P,T,V,T,Q,A,V,Q,Q,L,L,A,R,E,R,Y,K,E,Q,E,K,E,K,H,H,I,H,L,V,M,Y,R,R,L,A,L,L,Q,W,I,R,G,L,Q,R,R,L,A,S,Q,Q,A,R,L,Q,E,S,F,D,T,I,L,D,N,R,K,E,L,I,R,G,L,Q,Q,-,G,L,P,P,R,P,Q,D,R,G
Ursus_arctos_horribilis,-,-,-,-,-,-,-,-,-,-,-,-,-,-,-,-,-,-,-,-,-,-,-,-,-,-,-,-,-,-,-,-,-,-,-,-,-,-,-,-,-,-,-,-,-,-,-,-,-,-,-,-,-,-,-,-,-,-,-,-,-,-,-,-,-,-,-,-,-,-,-,-,-,-,-,-,-,-,-,-,-,-,-,-,-,-,-,-,-,-,-,-,-,-,-,-,-,-,-,-,-,-,-,-,-,-,-,-,-,-,-,-,-,-,-,-,-,-,-,-,-,-,-,-,-,-,-,-,-,-,-,-,-,-,-,-,-,-,-,-,-,-,-,-,-,-,-,-,-,-,-,-,-,-,-,-,-,-,-,-,-,-,-,-,-,-,-,-,-,-,-,-,-,-,-,-,-,-,-,-,-,-,-,-,-,-,-,-,-,-,-,-,-,-,-,-,-,-,-,-,-,-,-,-,-,-,-,-,-,-,-,-,-,-,-,-,-,-,-,-,-,-,-,-,-,-,-,-,-
Vombatus_ursinus,M,F,A,V,Q,P,G,P,P,E,-,P,P,F,L,G,G,P,P,A,S,V,S,Q,H,D,Y,E,P,D,S,N,S,N,F,V,A,S,T,Y,D,A,N,E,N,W,-,-,-,-,-,-,-,-,-,-,-,-,-,-,S,Q,G,L,P,S,D,N,Q,A,-,-,-,-,-,-,-,-,G,E,M,R,S,P,P,E,G,A,E,L,P,G,P,E,P,E,K,-,-,-,-,-,-,-,-,S,P,L,E,D,V,G,Y,A,S,S,S,L,S,V,E,S,P,E,S,S,P,-,-,-,-,-,-,-,-,-,-,-,-,-,-,-,-,L,P,T,V,T,Q,A,M,Q,Q,L,L,A,R,E,R,Y,K,E,Q,E,K,E,K,H,H,V,H,L,V,M,Y,R,R,L,A,L,L,Q,W,I,R,G,L,Q,C,R,L,A,G,Q,Q,A,R,L,Q,E,S,F,D,T,I,L,D,N,R,K,E,L,I,R,G,L,Q,Q,-,G,L,P,P,Q,P,Q,D,R,G
Vulpes_lagopus,M,F,A,I,R,P,G,V,A,E,G,A,Q,F,L,G,A,-,P,P,G,G,C,Q,P,E,L,Q,P,D,S,N,S,N,F,L,A,S,A,K,D,A,N,E,N,W,H,G,M,P,G,Q,G,E,P,V,L,M,R,S,S,S,E,L,P,S,D,N,Q,A,F,Q,A,P,G,L,A,E,G,E,V,R,S,P,P,E,G,A,E,I,P,R,A,E,L,E,K,M,S,G,A,S,T,V,C,S,P,L,E,D,N,S,Y,A,S,S,S,L,S,T,G,S,R,G,S,S,P,E,P,A,C,G,T,P,Q,G,P,G,P,Q,D,P,L,L,P,S,V,A,Q,A,V,R,Q,L,Q,A,Q,E,R,Y,K,E,Q,E,K,E,K,H,H,V,H,L,V,M,Y,R,R,L,A,L,L,Q,W,I,R,G,L,Q,H,Q,L,V,D,Q,Q,T,R,L,Q,E,S,F,D,T,I,L,D,N,R,K,E,L,I,R,C,L,Q,Q,R,A,A,P,S,G,P,Q,D,Q,G
Vulpes_vulpes,M,F,A,I,R,P,G,V,A,E,G,A,Q,F,L,G,A,-,P,P,G,G,C,Q,P,E,L,Q,P,D,S,N,L,N,F,L,A,S,A,K,D,A,N,E,N,W,H,G,M,P,G,Q,G,E,P,V,L,M,R,S,S,S,E,L,P,S,D,N,Q,A,F,Q,A,P,G,L,A,E,G,E,V,R,S,P,P,E,G,A,E,I,P,R,A,E,L,E,K,M,S,G,A,S,T,V,C,S,P,L,E,D,N,G,Y,A,S,S,S,L,S,T,G,S,R,G,S,S,P,E,P,A,C,G,T,P,R,G,P,G,P,Q,D,P,L,L,P,S,V,A,Q,A,V,R,Q,L,Q,A,Q,E,R,Y,K,E,Q,E,K,E,K,H,H,V,H,L,V,M,Y,R,R,L,A,L,L,Q,W,I,R,G,L,Q,H,Q,L,V,D,Q,Q,T,R,L,Q,E,S,F,D,T,I,L,D,N,R,K,E,L,I,R,C,L,Q,Q,R,A,A,P,S,G,P,Q,D,Q,G
Zalophus_californianus,M,F,A,I,Q,P,G,V,A,E,G,G,Q,F,L,G,G,-,P,P,G,V,C,Q,P,E,L,Q,T,D,S,N,S,N,F,M,V,S,A,K,D,A,N,E,N,W,H,G,M,P,G,H,V,E,R,I,L,M,R,S,S,S,E,L,P,S,D,N,Q,V,F,Q,A,P,G,L,P,E,G,E,V,R,S,P,P,E,G,A,E,I,P,G,A,E,L,E,K,L,S,G,A,S,P,V,C,S,P,L,E,D,N,G,Y,A,S,S,S,L,S,T,D,S,R,S,S,S,P,E,P,A,C,G,T,P,R,G,P,G,P,P,D,A,L,L,P,S,V,A,Q,A,V,Q,Q,L,Q,A,Q,E,R,Y,K,E,Q,E,K,E,K,H,H,V,H,L,V,M,Y,R,R,L,A,L,L,Q,W,I,R,G,L,Q,H,Q,L,V,D,Q,Q,T,R,L,Q,E,S,F,D,T,I,L,D,N,R,K,E,L,I,R,C,L,Q,Q,R,A,A,P,S,G,P,Q,E,Q,G
shrew_mole,M,F,A,I,P,P,G,L,A,E,G,G,Q,F,L,G,G,P,P,P,G,L,C,Q,P,K,P,H,P,D,S,N,S,N,F,M,T,S,A,K,D,A,N,E,N,W,H,G,V,P,G,Q,A,E,P,I,L,M,R,S,S,S,G,L,R,P,D,R,Q,I,F,Q,A,P,G,L,P,E,G,T,V,R,S,P,P,E,G,A,E,I,P,R,A,G,S,E,K,M,D,S,A,N,K,V,C,S,P,L,E,D,N,G,Y,A,S,S,S,L,S,I,D,S,P,S,S,N,A,E,S,A,C,G,S,P,Q,G,P,G,P,K,D,P,L,L,P,S,V,A,E,A,V,Q,Q,L,Q,A,Q,E,R,Y,K,E,R,E,K,E,K,H,H,V,H,L,V,M,Y,R,R,L,A,L,L,Q,W,V,R,S,L,Q,H,Q,L,S,D,Q,Q,A,R,L,Q,E,S,F,D,T,I,L,D,N,R,K,E,L,I,R,C,L,Q,Q,R,A,A,P,S,R,P,Q,D,Q,G
ZWS,M,F,A,I,Q,P,G,L,A,E,G,G,Q,I,R,G,G,L,P,P,A,A,C,Q,P,E,L,Q,P,D,S,N,S,N,F,L,E,R,I,K,D,A,N,E,N,W,H,G,M,P,G,K,A,E,P,I,L,M,R,S,S,P,E,S,P,S,D,N,Q,A,F,Q,A,T,G,L,P,E,G,G,V,R,S,P,P,E,G,A,E,I,P,G,A,E,S,E,K,S,G,G,A,G,S,L,C,S,P,L,E,D,I,G,Y,A,S,S,S,L,S,I,D,S,L,-,S,S,P,E,P,A,S,G,I,P,G,G,P,G,P,P,D,P,L,L,P,S,V,A,Q,A,V,Q,Q,L,R,A,Q,E,R,Y,K,E,Q,E,K,V,K,H,H,V,H,L,V,M,Y,R,R,L,A,L,L,Q,W,I,R,A,L,Q,H,Q,L,V,D,Q,Q,A,R,L,Q,E,S,F,D,T,I,L,D,N,R,K,E,L,I,R,C,L,Q,Q,R,A,A,P,S,R,P,Q,D,H,E
