,DEPP1 0,DEPP1 1,DEPP1 2,DEPP1 3,DEPP1 4,DEPP1 5,DEPP1 6,DEPP1 7,DEPP1 8,DEPP1 9,DEPP1 10,DEPP1 11,DEPP1 12,DEPP1 13,DEPP1 14,DEPP1 15,DEPP1 16,DEPP1 17,DEPP1 18,DEPP1 19,DEPP1 20,DEPP1 21,DEPP1 22,DEPP1 23,DEPP1 24,DEPP1 25,DEPP1 26,DEPP1 27,DEPP1 28,DEPP1 29,DEPP1 30,DEPP1 31,DEPP1 32,DEPP1 33,DEPP1 34,DEPP1 35,DEPP1 36,DEPP1 37,DEPP1 38,DEPP1 39,DEPP1 40,DEPP1 41,DEPP1 42,DEPP1 43,DEPP1 44,DEPP1 45,DEPP1 46,DEPP1 47,DEPP1 48,DEPP1 49,DEPP1 50,DEPP1 51,DEPP1 52,DEPP1 53,DEPP1 54,DEPP1 55,DEPP1 56,DEPP1 57,DEPP1 58,DEPP1 59,DEPP1 60,DEPP1 61,DEPP1 62,DEPP1 63,DEPP1 64,DEPP1 65,DEPP1 66,DEPP1 67,DEPP1 68,DEPP1 69,DEPP1 70,DEPP1 71,DEPP1 72,DEPP1 73,DEPP1 74,DEPP1 75,DEPP1 76,DEPP1 77,DEPP1 78,DEPP1 79,DEPP1 80,DEPP1 81,DEPP1 82,DEPP1 83,DEPP1 84,DEPP1 85,DEPP1 86,DEPP1 87,DEPP1 88,DEPP1 89,DEPP1 90,DEPP1 91,DEPP1 92,DEPP1 93,DEPP1 94,DEPP1 95,DEPP1 96,DEPP1 97,DEPP1 98,DEPP1 99,DEPP1 100,DEPP1 101,DEPP1 102,DEPP1 103,DEPP1 104,DEPP1 105,DEPP1 106,DEPP1 107,DEPP1 108,DEPP1 109,DEPP1 110,DEPP1 111,DEPP1 112,DEPP1 113,DEPP1 114,DEPP1 115,DEPP1 116,DEPP1 117,DEPP1 118,DEPP1 119,DEPP1 120,DEPP1 121,DEPP1 122,DEPP1 123,DEPP1 124,DEPP1 125,DEPP1 126,DEPP1 127,DEPP1 128,DEPP1 129,DEPP1 130,DEPP1 131,DEPP1 132,DEPP1 133,DEPP1 134,DEPP1 135,DEPP1 136,DEPP1 137,DEPP1 138,DEPP1 139,DEPP1 140,DEPP1 141,DEPP1 142,DEPP1 143,DEPP1 144,DEPP1 145,DEPP1 146,DEPP1 147,DEPP1 148,DEPP1 149,DEPP1 150,DEPP1 151,DEPP1 152,DEPP1 153,DEPP1 154,DEPP1 155,DEPP1 156,DEPP1 157,DEPP1 158,DEPP1 159,DEPP1 160,DEPP1 161,DEPP1 162,DEPP1 163,DEPP1 164,DEPP1 165,DEPP1 166,DEPP1 167,DEPP1 168,DEPP1 169,DEPP1 170,DEPP1 171,DEPP1 172,DEPP1 173,DEPP1 174,DEPP1 175,DEPP1 176,DEPP1 177,DEPP1 178,DEPP1 179,DEPP1 180,DEPP1 181,DEPP1 182,DEPP1 183,DEPP1 184,DEPP1 185,DEPP1 186,DEPP1 187,DEPP1 188,DEPP1 189,DEPP1 190,DEPP1 191,DEPP1 192,DEPP1 193,DEPP1 194,DEPP1 195,DEPP1 196,DEPP1 197,DEPP1 198,DEPP1 199
Chrysochloris_asiatica,-,-,-,-,-,-,-,-,-,-,-,-,-,-,-,-,-,-,-,-,-,-,-,-,-,-,-,-,-,-,-,-,-,-,-,-,-,-,-,-,-,-,-,-,-,-,-,-,-,-,-,-,-,-,-,-,-,-,-,-,-,-,-,-,-,-,-,-,-,-,-,-,-,-,-,-,-,-,-,-,-,-,-,-,-,-,-,-,-,-,-,-,-,-,-,-,-,-,-,-,-,-,-,-,-,-,-,-,-,-,-,-,-,-,-,-,-,-,-,-,-,-,-,-,-,-,-,-,-,-,-,-,-,-,-,-,-,-,-,-,-,-,-,-,-,-,-,-,-,-,-,-,-,-,-,-,-,-,-,-,-,-,-,-,-,-,-,-,-,-,-,-,-,-,-,-,-,-,-,-,-,-,-,-,-,-,-,-,-,-,-,-,-,-,-,-,-,-,-,-
Balaenoptera_acutorostrata_scammoni,M,R,S,R,L,L,L,S,V,A,H,L,P,T,I,R,E,T,L,E,E,M,L,P,G,G,P,G,E,D,P,P,A,S,P,S,L,D,D,Y,V,K,S,I,C,Q,L,A,Q,P,T,S,V,P,D,E,A,A,A,R,V,R,P,R,R,P,H,R,P,A,R,S,R,E,K,S,C,T,P,G,S,L,Q,D,I,T,T,R,F,S,G,Q,Q,P,T,L,P,G,A,S,T,V,D,P,L,D,W,L,F,G,E,S,Q,E,N,R,P,S,G,R,D,M,P,R,R,T,G,S,S,A,D,P,W,A,S,C,R,Q,T,D,S,G,K,A,R,E,A,P,R,G,R,L,S,D,V,R,A,P,G,H,S,L,L,R,L,Q,R,D,W,H,Q,C,Q,D,A,V,S,P,T,S,P,R,P,S,S,V,L,R,T,L,Y,L,H,L,P,V,I,H,E,L
Balaenoptera_musculus,M,R,S,R,L,L,L,S,V,A,H,L,P,T,I,R,E,T,L,E,E,M,L,P,G,G,P,G,E,D,P,P,A,S,P,S,L,D,D,Y,V,K,S,I,C,Q,L,A,Q,P,T,S,V,P,D,E,A,A,A,R,V,R,P,R,R,P,H,R,P,A,R,S,R,E,K,S,C,T,P,G,S,L,Q,D,I,T,T,R,F,S,G,Q,Q,P,T,L,P,G,A,S,T,V,D,P,L,D,W,L,F,G,E,S,Q,E,N,R,P,S,G,R,D,M,P,R,R,T,G,S,S,A,D,P,W,A,S,C,R,Q,T,D,S,G,K,A,R,G,A,P,R,G,R,L,S,D,V,R,A,P,G,H,S,L,L,R,L,Q,R,D,W,H,Q,C,Q,D,A,V,S,P,T,S,P,R,P,S,S,V,L,R,T,L,Y,L,H,L,P,V,I,H,E,L
Echinops_telfairi,-,-,-,-,-,-,-,-,-,-,-,-,-,-,-,-,-,-,-,-,-,-,-,-,-,-,-,-,-,-,-,-,-,-,-,-,-,-,-,-,-,-,-,-,-,-,-,-,-,-,-,-,-,-,-,-,-,-,-,-,-,-,-,-,-,-,-,-,-,-,-,-,-,-,-,-,-,-,-,-,-,-,-,-,-,-,-,-,-,-,-,-,-,-,-,-,-,-,-,-,-,-,-,-,-,-,-,-,-,-,-,-,-,-,-,-,-,-,-,-,-,-,-,-,-,-,-,-,-,-,-,-,-,-,-,-,-,-,-,-,-,-,-,-,-,-,-,-,-,-,-,-,-,-,-,-,-,-,-,-,-,-,-,-,-,-,-,-,-,-,-,-,-,-,-,-,-,-,-,-,-,-,-,-,-,-,-,-,-,-,-,-,-,-,-,-,-,-,-,-
Delphinapterus_leucas,M,R,S,R,L,L,L,S,V,A,H,L,P,T,I,R,E,T,L,E,E,M,L,P,G,G,P,G,E,D,P,P,A,S,P,S,L,D,D,Y,V,K,S,I,C,Q,L,A,Q,P,T,S,V,P,D,E,A,A,A,R,V,R,P,S,R,P,H,R,P,A,R,S,R,E,K,S,C,T,T,G,S,L,Q,D,I,T,T,R,F,S,G,Q,Q,P,T,L,P,G,A,S,T,V,D,P,L,D,W,L,F,G,E,S,Q,E,N,R,P,S,G,R,D,M,P,R,R,T,G,S,S,A,D,P,W,A,S,C,R,Q,T,D,S,G,K,A,R,G,A,P,R,G,R,L,S,D,V,R,A,P,G,H,S,L,L,R,L,Q,R,D,W,H,Q,C,Q,D,A,V,S,P,T,S,P,C,P,S,S,V,L,R,T,L,Y,L,H,L,P,V,I,H,E,L
Globicephala_melas,M,R,S,R,L,L,L,S,V,A,H,L,P,T,I,R,E,T,L,E,E,M,L,P,S,G,P,G,E,D,P,P,A,S,P,S,L,D,D,Y,V,K,S,I,C,Q,L,A,Q,P,T,S,V,P,D,E,A,A,A,R,V,R,P,S,R,P,H,R,P,A,R,S,R,E,K,S,C,T,T,G,S,L,Q,D,I,T,T,R,F,S,G,Q,Q,P,T,L,P,G,A,S,T,V,D,P,L,D,W,L,F,G,E,S,Q,E,N,W,P,S,G,R,D,M,P,R,R,T,G,S,S,A,D,P,W,A,S,C,R,Q,M,D,R,G,K,A,R,G,A,P,R,G,R,V,S,D,V,R,A,P,G,H,S,L,L,R,L,Q,R,D,W,C,Q,Y,Q,D,A,V,S,P,T,S,P,R,P,S,S,V,L,R,T,L,Y,L,H,L,P,V,I,H,E,L
Lagenorhynchus_obliquidens,M,R,S,R,L,L,L,S,V,A,H,L,P,T,I,R,E,T,L,E,E,M,L,P,G,G,P,G,E,E,P,P,A,S,P,S,L,D,D,Y,V,K,S,I,C,Q,L,A,Q,P,T,S,V,P,D,E,A,A,A,R,V,R,P,S,R,P,H,R,P,A,R,S,R,E,K,S,C,T,T,G,S,L,Q,D,I,T,T,R,F,S,G,Q,Q,P,T,L,P,G,A,S,T,V,D,P,L,D,W,L,F,G,E,S,Q,E,N,R,P,S,G,R,D,M,P,R,R,T,G,S,S,A,D,P,W,A,S,C,R,Q,T,D,S,G,K,A,R,G,A,P,R,G,R,L,S,D,V,R,A,P,G,H,S,P,L,R,L,Q,R,D,W,H,Q,C,Q,D,A,V,S,P,T,S,P,R,P,S,S,V,L,R,T,L,Y,L,H,L,P,V,I,H,E,L
Lipotes_vexillifer,M,R,S,R,L,L,L,S,V,A,H,L,P,T,I,R,E,T,L,E,E,M,L,P,G,G,P,G,E,D,P,P,A,S,P,S,L,D,D,Y,V,K,S,I,C,Q,L,A,Q,P,T,S,V,P,D,E,A,A,A,R,V,R,P,S,R,P,H,R,P,A,R,S,R,E,K,S,C,T,T,G,S,L,Q,D,I,T,T,R,F,S,G,Q,Q,P,T,L,P,G,A,S,T,V,D,P,L,D,W,L,F,G,E,S,Q,E,N,Q,P,S,G,R,D,M,P,R,R,T,G,S,S,A,D,P,W,A,S,C,R,Q,T,D,S,G,K,A,R,G,A,P,R,G,R,L,S,D,V,R,A,P,G,H,S,L,L,R,L,Q,K,D,W,H,Q,C,Q,D,A,V,S,P,T,S,P,R,P,S,S,V,L,R,T,L,Y,L,H,L,P,V,I,H,E,L
Monodon_monoceros,M,R,S,R,L,L,L,S,V,A,H,L,P,T,I,R,E,T,L,E,E,M,L,P,G,G,P,G,E,D,P,P,A,S,P,S,L,D,D,Y,V,K,S,I,C,Q,L,A,Q,P,T,S,V,P,D,E,A,A,A,R,V,R,P,S,R,P,H,R,P,A,R,S,R,E,K,S,C,T,T,G,S,L,Q,D,I,T,T,R,F,S,G,Q,Q,P,T,L,P,G,A,S,T,V,D,P,L,D,W,L,F,G,E,S,Q,E,N,R,P,S,G,R,D,M,P,R,R,T,G,S,S,A,D,P,W,A,S,C,R,Q,T,D,S,G,K,A,R,G,A,P,R,G,R,L,S,D,V,R,A,P,G,R,S,L,L,R,L,Q,R,D,W,H,Q,C,Q,D,A,V,S,P,T,S,P,R,P,S,S,V,L,R,T,L,Y,L,H,L,P,V,I,H,E,L
Neophocaena_asiaeorientalis_asiaeorientalis,M,R,S,R,L,L,L,S,V,A,H,L,P,T,I,R,E,T,L,E,E,M,L,P,G,G,P,G,E,D,P,P,A,S,P,S,L,E,D,Y,V,K,S,I,C,Q,L,A,Q,P,T,S,V,P,D,E,A,A,A,R,V,R,P,S,R,P,H,R,P,A,R,S,R,E,K,S,C,T,T,G,S,L,Q,D,I,T,T,C,F,S,G,Q,Q,P,T,L,P,G,A,S,T,V,D,P,L,D,W,L,F,G,E,S,Q,E,N,R,P,S,G,R,D,M,P,R,R,T,G,S,S,A,D,P,W,A,S,C,R,Q,T,D,S,G,K,A,R,G,A,P,R,G,R,L,S,D,V,R,A,P,G,H,S,L,L,R,L,Q,R,D,W,H,Q,C,Q,D,A,V,S,P,T,S,P,R,P,S,S,I,L,R,T,L,Y,L,H,L,P,V,I,H,E,L
Orcinus_orca,M,R,S,R,L,L,L,S,V,A,H,L,P,T,I,R,E,T,L,E,E,M,L,P,G,G,P,G,E,D,P,P,A,S,P,S,L,D,D,Y,V,K,S,I,C,Q,L,A,Q,P,T,S,V,P,D,E,A,A,A,R,V,R,P,S,R,P,H,Q,P,A,R,S,R,E,K,S,C,T,T,G,S,L,Q,D,I,T,T,R,F,S,G,Q,Q,P,T,L,P,G,A,S,T,V,D,P,L,D,W,L,F,G,E,S,Q,E,N,R,P,S,G,R,D,M,P,R,R,T,G,S,S,A,D,P,W,A,S,C,R,Q,T,D,S,G,K,A,R,G,A,P,R,G,R,L,S,D,V,R,A,P,G,H,S,L,L,R,L,Q,R,D,W,H,Q,C,Q,D,A,V,S,P,T,S,P,R,P,S,S,V,L,R,T,L,Y,L,H,L,P,V,I,H,E,L
Phocoena_sinus,M,R,S,R,L,L,L,S,V,A,H,L,P,T,I,R,E,T,L,E,E,M,L,P,S,G,P,G,E,D,P,P,A,S,P,S,L,E,D,Y,V,K,S,I,C,Q,L,A,Q,P,T,S,V,P,D,E,A,A,A,R,V,R,P,S,R,P,H,R,P,A,R,S,R,E,K,S,C,T,T,G,S,L,Q,D,I,T,T,C,F,S,G,Q,Q,P,T,L,P,G,A,S,T,V,D,P,L,D,W,L,F,G,E,S,Q,E,N,R,P,S,G,R,D,M,P,R,R,T,G,S,S,A,D,P,W,A,S,C,R,Q,T,D,S,G,K,A,R,G,A,P,R,G,R,L,S,D,V,R,A,P,G,H,S,L,L,R,L,Q,R,D,W,H,Q,C,Q,D,A,V,S,P,T,S,P,R,P,S,S,I,L,R,T,L,Y,L,H,L,P,V,I,H,E,L
Physeter_catodon,M,R,S,R,L,L,L,S,V,A,H,L,P,T,I,R,E,T,L,E,E,M,L,P,G,G,P,G,E,D,P,P,A,S,P,S,L,D,D,Y,V,K,S,I,C,Q,L,A,Q,P,T,S,V,P,D,E,A,A,A,R,V,R,P,S,R,P,H,R,P,A,R,S,R,E,K,S,C,T,T,G,S,L,Q,D,I,T,T,R,F,S,G,Q,R,P,T,L,P,G,A,S,T,V,D,P,L,D,W,L,F,G,E,S,Q,E,N,R,P,S,G,R,D,I,P,R,R,T,G,S,S,A,D,P,W,A,S,C,R,Q,T,D,S,G,K,A,R,G,S,P,R,R,R,L,S,D,V,R,A,P,G,H,S,L,L,K,L,Q,T,D,W,H,Q,C,Q,D,A,V,S,P,T,S,P,R,P,S,S,I,L,R,T,L,Y,L,H,L,P,V,I,H,E,L
Tursiops_truncatus,M,R,S,R,L,L,L,S,V,A,H,L,P,T,I,R,E,T,L,E,E,M,L,P,G,G,P,G,E,D,P,P,A,S,P,S,L,D,D,Y,V,K,S,I,C,Q,L,A,Q,P,T,S,V,P,D,E,A,A,A,R,V,R,P,S,R,P,H,R,P,A,R,S,R,E,K,S,C,T,T,G,S,L,Q,D,I,T,T,R,F,S,G,Q,Q,P,T,L,P,G,A,S,T,V,D,P,L,D,W,L,F,G,E,S,Q,E,N,R,P,S,G,R,D,M,P,R,R,T,G,S,S,A,D,P,W,A,S,C,R,Q,T,D,S,G,K,A,R,G,A,P,R,G,R,L,S,D,V,R,V,P,G,H,S,L,L,R,P,Q,R,D,W,R,Q,C,Q,D,A,V,S,P,T,S,P,R,P,S,S,I,L,R,T,L,Y,L,H,L,P,V,I,H,E,L
Acinonyx_jubatus,M,R,S,R,L,L,V,P,V,A,H,L,P,T,I,R,E,T,S,E,E,M,P,P,G,G,P,G,Q,E,P,L,A,S,P,S,L,D,D,Y,V,K,S,I,C,Q,L,A,Q,P,T,S,V,L,D,A,A,T,A,R,A,Q,L,G,R,P,P,Q,P,A,Q,A,F,E,T,S,C,P,T,E,S,L,R,D,I,T,T,H,F,S,G,Q,Q,P,A,P,P,R,D,G,A,A,D,P,L,D,W,L,Y,G,E,S,Q,E,K,Q,P,S,R,R,D,P,P,R,R,T,G,S,S,A,D,P,W,G,P,Q,R,Q,M,D,G,G,K,A,R,G,T,P,G,G,R,L,C,G,A,R,M,Q,G,H,S,L,A,R,P,S,R,D,Q,H,Q,G,-,-,A,A,S,P,P,P,P,R,H,G,S,T,L,R,T,L,Y,L,H,L,P,V,I,H,E,L
Acomys_russatus,M,R,S,R,L,L,L,P,V,P,H,L,P,T,I,R,E,T,T,E,E,L,S,H,G,A,P,G,Q,D,P,P,T,S,P,G,L,D,D,Y,V,R,S,I,C,Q,L,A,Q,P,T,S,V,L,D,K,V,T,V,W,N,R,P,N,R,P,S,R,P,A,W,T,R,E,K,R,P,Q,A,E,F,L,R,D,S,S,A,C,F,G,S,P,Q,P,T,L,P,S,P,G,T,D,N,P,L,D,W,L,F,G,K,S,Q,E,Q,Q,T,D,R,G,E,L,P,N,G,T,R,-,P,S,D,P,R,G,A,H,R,Q,M,D,K,C,K,-,-,-,-,D,M,G,R,L,C,E,A,R,V,P,Q,C,S,L,-,-,-,-,-,-,-,-,-,-,Q,A,L,A,S,V,S,S,S,R,P,S,R,V,L,S,T,L,C,L,H,L,P,V,I,H,E,L
Arvicanthis_niloticus,M,R,S,R,L,L,L,P,V,P,H,L,P,T,I,R,E,T,S,E,E,L,S,H,G,A,P,G,Q,E,P,P,A,S,P,S,L,D,D,Y,V,R,C,I,C,Q,L,A,Q,P,T,S,V,L,D,K,V,T,A,Q,S,R,P,N,R,P,C,R,P,A,W,T,G,E,K,R,L,Q,A,E,S,L,G,D,S,S,P,S,F,S,S,L,Q,P,T,L,P,P,P,G,T,G,N,P,L,D,W,L,F,G,K,S,Q,E,Q,Q,T,D,G,R,D,L,P,N,R,T,G,-,S,S,D,H,W,G,V,H,R,Q,M,G,K,-,-,-,-,-,-,D,T,G,R,L,C,E,A,R,V,P,E,H,S,L,-,-,-,-,-,-,-,-,-,-,Q,A,L,A,S,V,S,S,S,R,P,S,S,I,L,G,T,L,Y,L,H,L,P,V,I,H,E,L
Bison_bison_bison,M,R,S,R,L,L,L,S,V,A,L,L,P,T,I,R,E,T,S,E,E,M,L,P,G,G,A,G,E,E,P,P,A,S,P,S,L,D,D,Y,V,R,S,I,C,Q,L,A,Q,P,T,S,V,L,D,E,A,A,A,R,V,R,T,S,R,P,P,R,L,A,H,S,C,A,K,S,C,P,T,G,S,L,Q,D,I,T,T,R,F,T,G,Q,Q,P,S,L,P,R,T,G,T,V,D,P,L,D,W,L,F,G,E,S,Q,E,K,Q,P,S,K,R,D,V,P,R,R,T,G,P,S,A,D,P,W,A,S,R,R,Q,T,D,S,G,K,A,P,E,T,P,R,G,R,L,S,D,A,K,A,P,G,H,S,L,Q,R,T,S,R,D,W,H,Q,C,Q,D,A,A,S,P,T,S,P,G,H,S,S,I,L,R,T,L,S,L,H,L,P,V,I,H,E,L
Bos_indicus,M,R,S,R,L,L,L,S,V,A,L,L,P,T,I,R,E,T,S,E,E,M,L,P,G,G,A,G,E,E,P,P,A,S,P,S,L,D,D,Y,V,R,S,I,C,Q,L,A,Q,P,T,S,V,L,D,E,A,A,A,R,V,R,T,S,R,P,H,R,L,A,R,S,C,A,K,S,C,P,T,G,S,L,Q,D,-,-,T,R,F,T,G,Q,Q,P,S,L,P,R,T,G,T,V,D,P,L,D,W,L,F,G,E,S,Q,E,K,Q,P,S,T,R,D,V,P,R,R,T,G,P,S,A,D,P,W,A,S,-,R,Q,T,D,S,G,K,A,P,G,T,P,-,G,R,L,S,D,A,K,A,P,G,H,S,L,Q,R,T,S,R,D,W,H,Q,C,Q,D,-,G,S,P,T,S,P,R,H,S,S,I,L,R,T,L,S,L,H,L,P,V,I,H,E,L
Bos_mutus,M,R,S,R,L,L,L,S,V,A,L,L,P,T,I,R,E,T,S,E,E,M,L,P,G,G,A,G,E,E,P,P,A,S,P,S,L,D,D,Y,V,R,S,I,C,Q,L,A,Q,P,T,S,V,L,D,E,A,A,A,R,V,R,T,S,R,P,P,R,L,A,R,S,C,A,K,S,C,P,T,G,S,L,Q,D,I,T,T,R,F,T,G,Q,Q,P,S,L,P,R,T,G,T,V,D,P,L,D,W,L,F,G,E,S,Q,E,K,Q,P,S,K,R,D,V,P,R,R,T,G,P,S,A,D,P,W,A,S,R,R,Q,T,D,S,G,K,A,P,G,T,P,R,G,R,L,S,D,A,K,A,P,G,H,S,L,Q,R,T,S,R,D,W,H,Q,C,Q,D,A,G,S,P,T,S,P,R,H,S,S,I,L,R,T,L,S,L,H,L,P,V,I,H,E,L
Bos_taurus,M,R,S,R,L,L,L,S,V,A,L,L,P,T,I,R,E,T,S,E,E,M,L,P,G,G,A,G,E,E,P,P,A,S,P,S,L,D,D,Y,V,R,S,I,C,Q,L,A,Q,P,T,S,V,L,D,E,A,A,A,R,V,R,T,S,R,P,H,R,I,A,R,S,C,A,K,S,C,P,T,G,S,L,Q,D,I,T,T,R,F,T,G,Q,Q,P,S,L,P,R,T,G,T,V,D,P,L,D,W,L,F,G,E,S,Q,E,K,Q,P,S,K,R,D,V,P,R,R,T,G,P,S,A,D,P,W,A,S,R,R,Q,T,D,S,G,K,A,P,G,T,P,R,G,R,L,S,D,A,K,A,P,G,H,S,L,Q,R,T,S,R,D,W,H,Q,C,Q,D,A,G,S,P,T,S,P,R,H,S,S,I,L,R,T,L,S,L,H,L,P,V,I,H,E,L
Bubalus_bubalis,M,R,S,R,L,L,L,S,V,A,L,L,P,T,I,R,E,T,S,E,E,M,L,P,G,G,A,G,E,E,P,P,A,S,P,S,L,D,D,Y,V,R,S,I,C,Q,L,A,Q,P,T,S,V,L,D,E,A,A,A,R,V,R,T,S,R,P,H,R,P,A,R,S,C,A,K,S,C,P,T,G,S,L,Q,D,I,T,T,C,S,T,G,Q,Q,P,S,L,P,G,T,S,T,V,D,P,L,D,W,L,F,G,E,S,Q,E,K,K,P,S,K,R,D,V,P,R,R,T,G,P,S,A,D,P,W,A,S,R,R,R,T,D,S,G,K,A,P,G,T,P,R,G,R,L,S,D,A,K,A,P,G,H,S,L,Q,R,T,S,R,D,W,H,Q,C,Q,D,A,G,S,P,A,S,P,R,H,S,S,I,L,R,T,L,Y,L,H,L,P,V,I,H,E,L
Budorcas_taxicolor,M,R,S,R,L,W,L,S,V,A,L,L,P,T,I,R,E,T,S,E,E,M,L,P,G,G,A,G,E,E,P,P,A,S,P,S,L,E,D,Y,V,R,S,I,C,Q,L,A,Q,P,T,S,V,L,D,E,A,A,A,R,V,R,P,S,R,P,H,W,P,A,R,S,C,A,Q,S,C,P,A,G,S,L,Q,G,I,T,T,R,F,T,G,Q,Q,P,S,L,P,G,T,G,T,V,D,P,L,D,W,L,F,G,E,S,Q,E,K,Q,P,S,R,R,D,V,P,R,R,T,G,P,S,A,D,S,R,A,S,R,R,Q,T,D,S,D,K,A,P,G,T,P,R,G,R,L,S,D,A,K,A,P,G,H,S,L,Q,R,T,S,R,D,W,H,Q,C,Q,D,A,G,S,P,A,S,P,R,H,S,S,I,L,R,T,L,Y,L,H,L,P,V,I,H,E,L
Callithrix_jacchus,M,R,S,R,L,L,L,S,V,A,H,L,P,T,I,R,E,T,T,E,E,M,L,L,G,V,P,G,Q,E,P,L,P,S,P,S,L,D,D,Y,V,R,S,I,S,R,L,A,Q,P,T,S,V,L,D,K,A,T,A,Q,G,H,P,R,P,P,H,R,P,V,Q,A,C,R,K,G,Y,P,A,M,S,L,R,D,I,T,A,R,F,S,G,Q,Q,P,T,L,P,T,A,N,A,V,D,P,L,D,W,L,F,G,E,F,Q,E,K,Q,P,S,R,R,D,L,P,-,R,T,G,P,S,A,G,L,C,G,P,H,R,H,M,D,S,G,K,A,K,G,A,P,R,G,R,L,C,E,A,R,M,P,G,H,S,L,A,R,P,S,R,-,-,-,-,-,Q,A,T,A,S,P,C,S,P,R,P,G,S,V,L,R,T,L,Y,L,H,L,P,V,I,H,E,L
Camelus_bactrianus,M,R,S,R,L,L,L,S,V,A,H,L,P,T,I,R,E,T,S,E,E,M,L,P,G,V,P,G,E,E,P,P,A,S,P,S,L,D,D,Y,V,R,S,I,C,Q,L,A,Q,P,T,S,V,L,D,E,A,A,A,R,A,R,P,S,R,P,H,R,P,A,R,S,C,E,K,S,R,P,T,G,S,L,R,D,I,T,T,R,F,S,G,Q,Q,P,A,L,P,G,A,S,P,A,D,P,L,D,W,L,F,G,E,S,Q,E,K,R,P,S,R,R,D,L,P,R,S,T,A,P,S,A,D,P,W,A,S,C,R,Q,M,D,S,G,K,A,Q,G,A,P,R,G,R,L,C,D,A,R,A,P,G,H,S,L,G,R,P,S,R,N,W,R,Q,C,Q,D,A,A,S,P,T,S,P,R,P,R,S,V,L,R,T,L,Y,L,H,L,P,V,I,H,E,L
Camelus_dromedarius,M,R,F,R,L,L,L,S,V,A,H,L,P,T,I,R,E,T,S,E,E,M,L,P,G,V,P,G,E,E,P,P,A,S,P,S,L,D,D,Y,V,R,S,I,C,Q,L,A,Q,P,T,S,V,L,D,E,A,A,A,R,A,R,P,S,R,P,H,R,P,A,R,S,C,E,K,S,C,P,T,G,S,L,R,D,I,T,T,S,F,S,G,Q,Q,P,A,L,P,G,A,S,P,A,D,P,L,D,W,L,F,G,E,S,Q,E,K,R,P,S,R,R,D,L,P,R,S,T,A,P,S,A,D,P,W,A,S,C,R,Q,M,D,S,G,K,A,Q,G,A,P,R,G,R,L,C,D,A,R,A,P,G,H,S,L,G,R,P,S,R,N,W,R,Q,C,Q,D,A,A,S,P,T,S,P,R,P,R,S,V,L,R,T,L,Y,L,H,L,P,V,I,H,E,L
Camelus_ferus,M,R,S,R,L,L,L,S,V,A,H,L,P,T,I,R,E,T,S,E,E,M,L,P,G,V,P,G,E,E,P,P,A,S,P,S,L,D,D,Y,V,R,S,I,C,Q,L,A,Q,P,T,S,V,L,D,E,A,A,A,R,A,R,P,S,R,P,H,R,P,A,R,S,C,E,K,S,R,P,T,G,S,L,R,D,I,T,T,R,F,S,G,Q,Q,P,A,L,P,G,A,S,P,A,D,P,L,D,W,L,F,G,E,S,Q,E,K,R,P,S,R,R,D,L,P,R,S,T,A,P,S,A,D,P,W,A,S,C,R,Q,M,D,S,G,K,A,Q,G,A,P,R,G,R,L,C,D,A,R,A,P,G,H,S,L,G,R,P,S,R,N,W,R,Q,C,Q,D,A,A,S,P,T,S,P,R,P,R,S,V,L,R,T,L,Y,L,H,L,P,V,I,H,E,L
Capra_hircus,M,R,S,R,L,W,L,S,V,A,L,L,P,T,I,R,E,T,S,E,E,M,L,P,G,G,A,G,E,E,P,P,A,S,P,S,L,E,D,Y,V,R,S,I,C,Q,L,A,Q,P,T,S,V,L,D,E,T,A,A,R,V,R,I,S,R,P,P,R,P,A,R,S,C,A,E,S,S,P,A,G,S,L,Q,D,I,T,T,R,S,T,G,Q,Q,P,S,L,P,R,T,G,P,V,D,P,L,D,W,L,F,G,E,S,Q,E,K,Q,P,S,R,R,D,V,P,R,R,T,G,P,S,A,D,P,W,A,S,R,R,Q,T,D,S,G,K,A,P,G,T,P,R,G,R,L,S,D,A,K,A,P,G,H,S,L,Q,R,T,S,R,D,W,H,Q,C,Q,D,V,G,S,P,A,S,P,R,H,S,S,I,L,R,T,L,Y,L,H,L,P,V,I,H,E,L
Cebus_imitator,M,R,S,R,L,L,L,S,V,A,H,L,P,T,I,Q,E,T,T,E,E,M,L,L,G,G,P,G,Q,E,P,P,T,S,P,S,L,D,D,Y,V,R,S,I,S,R,L,A,Q,P,T,S,V,L,D,K,A,T,A,Q,G,H,P,R,P,P,H,R,P,V,Q,A,C,R,K,G,H,P,A,V,S,L,R,D,I,T,A,R,F,S,G,Q,Q,P,T,L,P,T,A,D,A,V,D,P,L,D,W,L,F,G,E,F,Q,E,K,Q,P,S,R,R,D,L,P,-,R,T,G,P,S,A,G,L,C,G,P,H,R,H,M,D,S,G,K,A,K,G,A,P,R,G,R,L,C,E,A,R,M,P,G,H,S,L,A,R,P,S,R,-,-,-,-,-,Q,A,T,A,S,P,R,S,P,R,P,G,S,V,L,R,T,L,Y,L,H,L,P,V,I,H,E,L
Ceratotherium_simum_simum,M,R,S,R,L,L,L,S,V,A,H,L,P,T,I,R,E,T,S,E,E,M,L,P,G,G,S,G,Q,E,P,P,A,S,P,S,L,D,D,Y,V,R,S,I,C,Q,L,A,Q,P,T,S,V,L,D,M,A,T,A,W,V,R,P,S,T,P,H,R,T,A,P,G,C,E,K,S,C,P,T,G,S,L,Q,D,I,T,T,H,F,S,G,Q,Q,P,A,V,P,G,P,G,T,A,D,P,L,D,W,L,F,R,E,S,Q,E,K,R,P,S,R,R,D,S,L,R,R,T,G,P,S,A,D,P,W,S,P,H,R,Q,M,D,S,G,K,A,R,G,A,P,K,G,R,L,C,D,A,R,V,P,G,H,S,L,A,R,P,L,R,D,G,H,Q,G,-,-,-,-,S,P,H,S,P,R,P,S,S,V,L,R,T,L,Y,L,H,L,P,V,I,H,E,L
Cercocebus_atys,M,R,S,R,L,L,L,S,V,A,H,L,P,T,I,R,E,T,T,E,E,M,L,L,G,G,P,G,Q,E,P,P,P,S,P,S,L,D,D,Y,V,R,S,I,S,R,L,A,Q,P,T,S,V,L,N,K,A,T,A,Q,G,Q,P,R,P,P,H,R,P,A,Q,A,S,R,K,G,R,P,A,V,S,L,R,D,I,T,A,R,F,S,G,Q,Q,P,T,L,P,T,A,D,A,V,D,P,L,D,W,L,F,G,E,S,Q,E,K,Q,P,S,Q,R,D,L,P,R,R,T,G,P,S,A,G,L,W,G,P,H,R,Q,M,D,S,S,K,A,R,G,A,P,R,G,R,L,C,E,A,R,M,P,G,H,S,L,A,R,P,L,R,D,G,Q,Q,S,Q,A,M,A,S,P,R,S,P,R,P,S,S,V,L,R,T,L,Y,S,H,L,P,V,I,H,E,L
Cervus_canadensis,M,R,S,R,L,L,L,S,V,A,L,L,P,T,I,R,E,T,S,E,E,M,L,P,G,G,A,G,E,E,P,P,A,S,P,S,L,D,D,Y,V,R,S,I,C,Q,L,A,Q,P,T,S,V,L,D,E,A,A,A,R,V,R,P,S,R,P,H,R,P,A,R,P,C,A,K,S,C,P,T,G,S,L,Q,D,I,T,T,R,F,S,G,Q,Q,P,S,L,P,G,T,G,T,V,D,P,L,D,W,L,F,G,E,S,Q,E,K,Q,P,S,R,R,D,V,P,R,R,T,G,P,S,A,D,P,W,A,S,R,R,Q,M,D,S,G,K,A,P,V,T,P,R,G,R,L,S,D,A,K,A,P,G,H,S,L,Q,R,T,S,R,D,W,H,Q,C,Q,D,A,G,S,P,T,S,P,R,P,S,S,I,L,R,T,L,Y,L,H,L,P,V,I,H,E,L
Chlorocebus_sabaeus,M,R,S,R,L,L,L,S,V,A,H,L,P,T,I,R,E,T,T,E,E,M,L,L,G,G,P,G,Q,E,P,P,P,S,P,S,L,D,D,Y,V,R,S,I,S,R,L,A,Q,P,T,S,V,L,N,K,A,T,A,Q,G,Q,P,R,P,P,H,R,P,A,Q,A,C,R,K,G,R,P,A,V,S,L,R,D,I,T,A,R,F,S,G,Q,Q,P,T,L,P,T,A,D,A,V,D,P,L,D,W,L,F,G,E,S,Q,E,K,Q,P,S,Q,R,D,L,P,R,R,T,G,P,S,A,G,L,W,G,P,H,R,Q,M,D,S,S,K,T,R,G,T,P,R,G,R,L,C,E,A,R,M,P,G,H,S,L,A,R,P,S,R,D,G,Q,Q,S,Q,A,M,A,S,P,R,S,P,R,P,S,S,V,L,R,T,L,Y,S,H,L,P,V,I,H,E,L
Colobus_angolensis_palliatus,M,R,S,R,L,L,L,S,V,A,H,L,P,T,I,R,E,T,T,E,E,M,L,L,G,G,P,G,Q,E,P,P,P,S,P,S,L,D,D,Y,V,R,S,I,S,Q,L,A,Q,P,T,S,V,L,N,K,A,T,A,Q,G,Q,P,R,P,P,H,R,P,V,Q,A,C,R,K,G,R,P,A,V,S,L,R,D,I,T,A,R,F,S,G,Q,Q,P,T,L,P,M,A,D,A,V,D,P,L,D,R,L,F,R,E,S,Q,E,K,Q,P,S,W,R,D,L,P,R,R,T,G,P,S,A,G,L,W,G,P,H,R,Q,M,D,S,S,K,A,R,G,A,P,R,G,R,L,C,E,A,R,M,P,G,H,S,L,A,R,P,S,R,D,G,Q,Q,-,Q,A,M,A,S,P,G,S,P,R,P,S,S,V,L,R,T,L,Y,S,H,L,P,V,I,H,E,L
Condylura_cristata,M,R,S,R,L,L,L,S,V,V,H,L,P,T,I,R,E,T,S,E,E,M,L,P,G,G,H,G,R,E,P,P,G,S,P,S,L,D,D,Y,V,R,S,I,C,Q,L,A,Q,P,T,S,V,L,E,E,A,S,T,S,I,R,P,H,R,P,H,R,P,A,R,A,C,Q,K,S,S,V,P,G,S,L,Q,D,I,S,T,C,F,S,G,Q,Q,P,T,L,P,G,A,G,T,A,D,H,L,G,W,L,F,G,E,S,P,E,K,L,P,S,S,K,D,L,S,R,R,A,G,P,S,A,D,P,Q,G,S,C,R,Q,T,D,S,S,K,A,Q,E,A,P,K,G,R,L,R,D,A,R,V,P,G,H,S,L,A,R,L,S,R,G,W,H,Q,G,R,A,A,A,S,P,T,S,S,H,P,N,S,V,L,R,T,L,Y,L,H,L,P,V,I,H,E,L
Elephas_maximus_indicus,M,R,S,R,L,L,I,S,V,T,L,L,P,T,I,R,E,T,S,E,E,V,L,S,R,G,P,-,-,-,P,P,P,S,P,S,L,D,D,Y,V,R,S,I,C,Q,L,A,Q,P,A,S,V,L,D,E,A,P,A,G,D,R,P,S,R,L,H,R,P,A,R,A,C,E,R,S,H,P,A,M,S,L,Q,D,I,P,T,C,F,S,G,Q,G,P,L,L,P,R,V,G,T,A,D,P,L,D,W,L,F,G,E,S,Q,E,K,Q,P,T,R,K,D,L,L,R,R,T,G,L,S,A,N,P,W,G,L,H,R,Q,T,D,T,G,K,A,R,S,G,P,K,A,R,F,C,D,A,R,A,P,G,H,S,L,A,R,-,-,-,-,-,-,-,-,-,-,-,-,-,-,-,-,-,-,-,-,S,V,L,R,A,L,H,S,D,L,P,V,I,H,E,L
Enhydra_lutris_kenyoni,M,R,S,R,L,L,L,P,V,A,H,L,P,T,I,Q,E,T,L,E,E,M,L,P,G,G,P,G,Q,E,P,P,A,S,P,S,L,D,D,Y,V,K,S,I,C,Q,L,A,Q,P,T,S,V,L,D,V,A,T,A,R,S,Q,P,G,R,N,P,R,P,A,R,A,F,K,K,S,P,P,P,E,S,L,Q,D,I,T,T,R,F,S,G,Q,Q,P,A,L,P,R,D,G,T,T,D,P,L,D,W,L,F,G,E,S,Q,E,K,K,S,S,R,R,D,Q,P,R,R,T,G,S,S,A,D,S,W,D,P,H,K,Q,M,D,C,G,K,A,R,G,T,P,R,G,R,P,W,D,A,R,V,Q,G,H,S,L,A,R,P,S,R,D,S,H,Q,G,M,D,T,A,S,P,P,A,P,R,P,S,S,T,L,R,T,L,Y,L,H,L,P,V,I,H,E,L
Equus_asinus,M,R,S,R,L,L,L,S,V,A,H,L,P,T,I,R,E,A,S,E,E,M,L,P,G,G,P,G,Q,E,L,P,A,S,P,S,L,D,D,Y,V,R,S,I,C,Q,L,A,Q,P,T,S,V,L,D,M,A,T,A,R,V,R,P,S,R,P,H,R,T,A,R,A,C,E,K,S,C,P,P,G,S,L,Q,D,I,T,T,H,F,S,A,Q,Q,P,A,A,P,R,P,G,T,A,D,P,L,D,W,L,F,G,E,S,Q,E,K,R,P,S,R,R,E,L,P,R,M,T,G,P,S,A,E,P,R,G,P,R,R,Q,M,D,S,S,N,A,W,R,A,H,K,G,R,L,G,D,A,R,M,P,R,H,S,L,A,R,P,L,R,D,G,H,Q,D,-,-,-,-,T,P,N,S,R,C,P,S,S,V,L,R,T,L,C,L,Q,L,P,V,I,H,E,L
Equus_przewalskii,M,R,S,R,L,L,L,S,V,A,H,L,P,T,I,R,E,A,S,E,E,M,L,P,G,G,P,G,Q,E,L,P,A,S,P,S,L,D,D,Y,V,R,S,I,C,Q,L,A,Q,P,T,S,V,L,D,M,A,T,A,R,V,R,P,S,R,P,H,R,T,A,R,A,C,E,K,S,C,P,P,G,S,L,Q,D,I,T,T,H,F,S,T,Q,Q,P,A,A,P,R,P,G,T,A,D,P,L,D,W,L,F,G,E,S,Q,E,K,R,P,S,R,R,E,L,P,R,M,T,G,P,S,A,E,P,R,G,P,R,R,Q,M,D,S,S,K,A,W,R,A,P,K,G,R,L,G,D,A,R,M,P,R,H,S,L,A,R,P,L,R,D,G,H,Q,D,-,-,-,-,T,P,N,S,R,C,P,S,S,V,L,R,T,L,Y,L,Q,L,P,V,I,H,E,L
Equus_quagga,M,R,S,R,L,L,L,S,V,A,H,L,P,T,I,R,E,A,S,E,E,M,L,P,G,G,P,G,Q,E,L,P,A,S,P,S,L,D,D,Y,V,R,S,I,C,Q,L,A,Q,P,T,S,V,L,D,M,A,T,A,R,V,R,P,S,R,P,H,R,T,A,R,A,C,E,K,S,C,P,P,G,S,L,Q,D,I,T,T,H,F,S,A,Q,Q,P,A,A,P,R,P,S,T,A,D,P,L,D,W,L,F,G,E,S,Q,E,K,R,P,S,R,R,E,L,P,R,M,T,G,P,S,A,E,P,R,G,P,R,R,Q,M,D,S,S,N,A,W,R,A,H,K,G,R,L,G,D,A,R,M,P,R,H,S,L,A,R,P,L,R,D,G,H,Q,D,-,-,-,-,T,P,N,S,R,C,P,S,S,V,L,R,T,L,Y,L,Q,L,P,V,I,H,E,L
Gorilla_gorilla_gorilla,M,R,S,R,F,L,L,S,V,A,H,L,P,T,I,R,E,T,T,E,E,M,L,L,G,G,P,G,Q,E,P,P,P,S,P,S,L,D,D,Y,V,R,S,I,S,R,L,A,Q,P,T,S,V,L,D,K,A,T,A,Q,G,Q,P,R,P,P,H,S,P,A,Q,A,C,R,K,G,S,P,A,V,S,L,R,D,I,T,A,R,F,S,G,Q,Q,P,T,L,P,M,A,D,A,V,D,P,L,D,W,L,F,G,E,S,Q,E,K,Q,P,S,Q,R,D,L,P,R,R,T,G,P,S,A,G,L,W,G,P,H,R,Q,M,D,S,S,K,P,R,G,A,P,R,G,R,L,C,E,A,R,M,P,G,H,S,L,A,R,P,P,R,D,G,Q,Q,S,Q,A,M,A,S,R,H,R,P,R,P,S,S,V,L,R,T,L,Y,S,H,L,P,V,I,H,E,L
Halichoerus_grypus,M,R,S,R,L,L,L,P,V,A,H,L,P,T,I,R,E,T,L,E,E,M,L,P,G,G,P,G,Q,E,P,L,A,S,P,S,L,N,D,Y,V,K,S,I,C,Q,L,A,Q,P,T,S,V,L,D,V,A,T,A,R,A,Q,P,S,R,S,P,R,P,A,R,T,F,Q,K,S,C,P,T,E,S,L,R,D,I,T,T,R,F,S,G,Q,Q,P,A,P,P,G,D,G,T,A,D,P,L,A,W,L,F,G,E,S,Q,E,K,R,P,S,R,R,D,L,P,R,R,T,G,F,S,A,D,S,W,G,L,H,R,Q,M,D,S,G,K,A,R,G,T,P,R,G,R,L,W,D,A,R,V,Q,G,H,S,P,V,R,P,S,R,D,W,H,Q,G,G,A,A,A,S,P,L,A,P,R,P,S,S,T,L,R,T,L,Y,L,H,L,P,V,I,H,E,L
Homo_sapiens,M,R,S,R,L,L,L,S,V,A,H,L,P,T,I,R,E,T,T,E,E,M,L,L,G,G,P,G,Q,E,P,P,P,S,P,S,L,D,D,Y,V,R,S,I,S,R,L,A,Q,P,T,S,V,L,D,K,A,T,A,Q,G,Q,P,R,P,P,H,R,P,A,Q,A,C,R,K,G,R,P,A,V,S,L,R,D,I,T,A,R,F,S,G,Q,Q,P,T,L,P,M,A,D,T,V,D,P,L,D,W,L,F,G,E,S,Q,E,K,Q,P,S,Q,R,D,L,P,R,R,T,G,P,S,A,G,L,W,G,P,H,R,Q,M,D,S,S,K,P,M,G,A,P,R,G,R,L,C,E,A,R,M,P,G,H,S,L,A,R,P,P,Q,D,G,Q,Q,S,Q,A,M,A,S,R,H,R,P,R,P,S,S,V,L,R,T,L,Y,S,H,L,P,V,I,H,E,L
Hylobates_moloch,M,R,S,R,L,L,L,S,V,A,H,L,P,T,I,R,E,T,T,E,E,M,L,L,G,G,P,G,Q,E,S,P,P,S,P,S,L,D,D,Y,V,R,S,I,S,R,L,A,Q,P,T,S,V,L,D,K,A,T,A,Q,G,Q,P,-,-,-,-,-,P,A,Q,A,C,R,K,G,H,P,A,V,S,L,R,D,I,T,A,R,F,S,G,Q,Q,P,T,L,S,T,A,D,A,V,D,P,L,D,W,L,F,G,E,S,Q,E,K,Q,P,S,Q,R,D,L,P,R,R,T,G,P,S,A,G,L,W,G,P,H,R,Q,M,D,S,N,K,P,R,G,A,P,R,G,R,L,C,E,A,R,M,P,G,H,S,L,A,R,P,P,R,D,G,Q,Q,S,Q,A,M,A,S,P,H,H,P,R,P,G,S,V,L,R,T,L,Y,S,H,L,P,V,I,H,E,L
Ictidomys_tridecemlineatus,M,R,S,R,L,L,L,S,V,A,H,L,P,T,I,R,E,T,S,E,E,I,L,P,G,G,T,G,Q,D,P,P,A,S,P,S,L,D,D,Y,V,R,S,I,C,Q,L,A,Q,P,T,S,L,L,D,K,V,T,A,R,S,R,P,S,R,P,H,R,S,P,R,S,S,E,K,S,H,P,A,A,S,L,Q,D,N,T,A,S,F,G,G,Q,Q,S,T,L,P,S,A,G,T,T,D,P,L,D,W,I,F,G,E,S,Q,R,N,E,T,N,R,R,D,L,L,R,R,T,G,P,S,A,G,H,W,R,A,H,R,E,A,N,S,G,K,P,S,G,S,P,R,R,R,L,F,E,A,R,A,F,G,H,S,L,T,R,P,S,Q,D,V,H,Q,S,R,A,T,A,S,P,C,N,P,R,P,S,S,I,L,R,S,L,Y,L,H,L,P,V,I,H,E,L
Leopardus_geoffroyi,M,R,S,R,L,L,V,P,V,T,H,L,P,T,I,R,E,T,S,E,E,M,P,P,G,G,P,G,Q,E,P,L,A,S,P,S,L,D,D,Y,V,K,S,I,C,Q,L,A,Q,P,T,S,V,L,D,A,A,T,A,R,A,-,-,-,-,-,-,-,P,A,Q,A,F,E,M,S,C,P,T,E,S,L,R,D,I,T,T,R,F,S,G,Q,Q,P,A,P,P,R,D,G,A,A,D,P,L,D,W,L,Y,G,E,S,Q,E,K,Q,P,S,R,R,D,P,P,R,R,T,G,S,S,A,D,P,W,G,P,Q,R,Q,M,D,G,G,K,A,R,G,T,P,G,G,R,L,C,G,T,R,V,Q,G,H,S,L,A,R,P,S,R,D,R,H,Q,G,-,-,A,A,S,P,P,P,P,R,H,G,S,T,L,R,T,L,Y,L,H,L,P,V,I,H,E,L
Loxodonta_africana,M,R,S,R,L,L,I,S,V,T,L,L,P,T,I,R,E,T,S,E,E,V,L,S,R,G,P,-,-,-,P,P,P,S,P,S,L,D,D,Y,V,R,S,I,C,Q,L,A,Q,P,A,S,V,L,D,E,A,P,A,G,D,R,P,S,R,L,H,R,P,A,R,A,C,E,R,S,H,P,A,M,S,L,Q,D,I,P,T,C,F,S,G,Q,G,P,L,L,P,R,V,G,T,A,D,P,L,D,W,L,F,G,E,S,Q,E,K,Q,P,T,R,K,D,L,L,R,R,T,G,L,S,A,N,P,W,G,L,H,R,Q,T,D,T,G,K,A,R,S,G,P,K,A,R,F,C,D,A,R,A,P,G,H,S,L,A,R,-,-,-,-,-,-,-,-,-,-,-,-,-,-,-,-,-,-,-,-,S,V,L,R,A,L,H,S,D,L,P,V,I,H,E,L
Macaca_fascicularis,M,R,S,R,L,L,L,S,V,A,H,L,P,T,I,R,E,T,T,E,E,M,L,L,G,G,P,G,Q,E,P,P,P,S,P,S,L,D,D,Y,V,R,S,I,S,R,L,A,Q,P,T,S,V,L,N,K,A,T,A,Q,G,Q,P,R,P,P,H,R,P,A,Q,A,C,R,K,G,R,P,A,V,S,L,R,D,I,T,A,R,F,R,G,Q,Q,P,T,L,P,T,A,D,A,V,D,P,L,D,W,L,F,G,E,S,Q,E,K,Q,P,S,Q,R,D,L,P,R,R,T,G,P,S,A,G,L,W,G,P,H,R,Q,M,D,S,S,K,A,R,G,A,P,R,G,R,L,C,E,A,R,M,P,G,H,S,L,A,R,P,L,R,D,G,Q,Q,S,Q,A,M,A,S,P,R,S,P,R,P,S,S,V,L,R,T,L,Y,S,H,L,P,V,I,H,E,L
Macaca_mulatta,M,R,S,R,L,L,L,S,V,A,H,L,P,T,I,R,E,T,T,E,E,M,L,L,G,G,P,G,Q,E,P,P,P,S,P,S,L,D,D,Y,V,R,S,I,S,R,L,A,Q,P,T,S,V,L,N,K,A,T,A,Q,G,Q,P,R,P,P,H,R,P,A,Q,A,C,R,K,G,R,P,A,V,S,L,R,D,I,T,A,R,F,R,G,Q,Q,P,T,L,P,T,A,D,A,V,D,P,L,D,W,L,F,G,E,S,Q,E,K,Q,P,S,Q,R,D,L,P,R,R,T,G,P,S,A,G,L,W,G,P,H,R,Q,M,D,S,S,K,A,R,G,A,P,R,G,R,L,C,E,A,R,M,P,G,H,S,L,A,R,P,L,R,D,G,Q,Q,S,Q,A,M,A,S,P,R,S,P,R,P,S,S,V,L,R,T,L,Y,S,H,L,P,V,I,H,E,L
Macaca_nemestrina,M,R,S,R,L,L,L,S,V,A,H,L,P,T,I,R,E,T,T,E,E,M,L,L,G,G,P,G,Q,E,P,P,P,S,P,S,L,D,D,Y,V,R,S,I,S,R,L,A,Q,P,T,S,V,L,N,K,A,T,A,Q,G,Q,P,R,P,P,H,R,P,A,Q,A,C,R,K,G,R,P,A,V,S,L,W,D,I,T,A,R,F,S,G,Q,Q,P,T,L,P,T,A,D,A,V,D,P,L,D,W,L,F,G,E,S,Q,E,K,Q,P,S,Q,R,D,L,P,R,R,T,G,P,S,A,G,L,W,G,P,H,R,Q,M,D,S,S,K,A,R,G,A,P,R,G,R,L,C,E,A,R,M,P,G,H,S,L,A,R,P,L,R,D,G,Q,Q,S,Q,A,M,A,S,P,R,S,P,R,P,S,S,V,L,R,T,L,Y,S,H,L,P,V,I,H,E,L
Macaca_thibetana_thibetana,M,R,S,R,L,L,L,S,V,A,H,L,P,T,I,R,E,T,T,E,E,M,L,L,G,G,P,G,Q,E,P,P,P,S,P,S,L,D,D,Y,V,R,S,I,S,R,L,A,Q,P,T,S,V,L,N,K,A,T,A,Q,G,Q,P,R,P,P,H,R,P,A,Q,A,C,R,K,G,R,P,A,V,S,L,R,D,I,T,A,R,F,S,G,Q,Q,P,T,L,P,T,A,D,A,V,D,P,L,D,W,L,F,G,E,S,Q,E,K,Q,P,S,Q,R,D,L,P,R,R,T,G,P,S,A,G,L,W,G,P,H,R,Q,M,D,S,S,K,A,R,G,A,P,R,G,R,L,C,E,A,R,M,P,G,H,S,L,A,R,P,L,R,D,G,Q,Q,S,Q,A,M,A,S,P,R,S,P,R,P,S,S,V,L,R,T,L,Y,S,H,L,P,V,I,H,E,L
Mandrillus_leucophaeus,M,R,S,R,L,L,L,S,V,A,H,L,P,T,I,R,E,T,T,E,E,M,L,L,G,G,P,G,Q,E,P,P,P,S,P,S,L,D,D,Y,V,R,S,I,S,R,L,A,Q,P,T,S,V,L,N,K,A,T,A,Q,G,Q,P,R,P,P,H,R,P,A,Q,A,S,R,K,G,R,P,A,V,S,L,R,D,I,T,A,R,F,S,G,Q,Q,P,T,L,P,T,A,D,A,V,D,P,L,D,W,L,F,G,E,S,Q,E,K,Q,P,S,Q,R,D,L,P,R,R,T,G,P,S,A,G,L,W,G,P,H,R,Q,M,D,S,S,K,A,R,G,A,P,R,G,R,L,C,E,A,R,M,P,G,H,S,L,A,R,P,L,R,D,G,Q,Q,S,Q,A,M,A,S,P,R,S,P,R,P,S,S,V,L,R,T,L,Y,S,H,L,P,V,I,H,E,L
Marmota_flaviventris,M,R,S,R,L,L,L,S,V,A,H,L,P,T,I,R,E,T,S,E,E,I,L,P,G,G,T,G,Q,D,P,P,A,S,P,S,L,D,D,Y,V,R,S,I,C,Q,L,A,Q,P,T,S,L,L,D,K,V,I,A,G,S,Q,P,S,R,P,H,R,S,A,R,S,S,E,K,S,H,L,A,A,S,L,Q,D,N,T,A,S,F,S,G,Q,Q,S,T,L,P,S,A,G,T,T,D,P,L,D,W,I,F,G,E,S,Q,R,N,E,T,N,R,R,D,L,L,R,R,T,G,P,S,A,G,H,R,S,A,H,R,E,A,N,S,G,K,P,S,G,S,P,R,R,R,L,F,E,A,R,A,F,G,H,S,L,T,R,P,S,Q,D,V,H,Q,S,R,A,T,A,S,P,C,N,P,R,P,S,S,I,L,R,S,L,Y,L,H,L,P,V,I,H,E,L
Marmota_marmota_marmota,M,R,S,R,L,L,L,S,V,A,H,L,P,T,I,R,E,T,S,E,E,I,L,P,G,G,T,G,Q,D,P,P,A,S,P,S,L,D,D,Y,V,R,S,I,C,Q,L,A,Q,P,T,S,L,L,D,K,V,I,A,R,S,Q,P,S,R,P,H,R,S,A,R,S,S,E,K,S,H,L,A,A,S,L,Q,D,N,T,A,S,F,S,G,Q,Q,S,T,L,P,S,A,G,T,T,D,P,L,D,W,I,F,G,E,S,Q,R,K,E,T,N,R,R,D,L,L,R,R,T,G,P,S,A,G,H,R,S,A,H,R,E,A,N,S,G,K,P,S,G,S,P,R,R,R,L,F,E,A,R,A,F,G,H,S,L,T,R,P,S,Q,D,V,H,Q,S,R,A,T,A,S,P,C,N,P,R,P,S,S,I,L,R,S,L,Y,L,H,L,P,V,I,H,E,L
Marmota_monax,M,R,S,R,L,L,L,S,V,A,H,L,P,T,I,R,E,T,S,E,E,I,L,P,G,G,T,G,Q,D,P,P,A,S,P,S,L,D,D,Y,V,R,S,I,C,Q,L,A,Q,P,T,S,L,L,D,K,V,I,A,R,S,Q,P,S,R,P,H,R,S,A,R,S,S,E,K,S,H,L,A,A,S,L,Q,D,N,T,A,S,F,S,G,Q,Q,S,T,L,P,S,A,G,T,T,D,P,L,D,W,I,F,G,E,S,Q,R,N,E,T,N,R,R,D,Q,L,R,R,T,G,P,S,A,G,H,R,S,A,H,R,E,A,N,S,G,K,P,S,G,S,P,R,R,R,L,F,E,A,R,A,F,G,H,S,L,T,R,P,S,Q,D,V,H,Q,S,R,A,T,A,S,P,C,N,P,R,P,S,S,I,L,R,S,L,Y,L,H,L,P,V,I,H,E,L
Nannospalax_galili,M,R,S,R,L,L,L,S,V,A,H,M,P,T,I,R,E,T,S,E,E,T,S,P,G,G,P,G,Q,E,S,P,N,S,P,S,L,D,D,Y,V,K,S,I,C,Q,L,A,Q,P,T,P,V,L,D,K,A,T,V,R,S,Q,S,N,R,P,H,R,P,A,R,I,T,E,K,-,-,-,-,-,-,-,-,-,-,-,-,-,-,-,-,-,-,P,T,L,P,S,A,G,T,H,D,P,L,D,W,L,F,G,E,S,R,E,Q,Q,A,N,R,R,D,-,-,N,G,T,C,P,S,D,G,Y,W,S,M,H,K,Q,M,D,K,N,-,-,-,-,-,-,R,K,R,L,C,E,A,-,-,-,-,-,-,-,-,-,-,-,-,-,-,-,-,-,-,A,S,A,S,A,H,S,S,R,P,C,S,I,L,R,S,L,Y,L,H,L,P,V,I,H,E,L
Neomonachus_schauinslandi,M,R,S,R,L,L,L,P,V,A,H,L,P,T,I,R,E,T,L,E,E,M,L,P,G,G,P,G,Q,E,P,L,A,S,P,S,L,N,D,Y,V,K,S,I,C,Q,L,A,Q,P,T,S,V,L,D,V,A,T,A,R,A,Q,P,S,S,S,P,R,P,A,R,T,F,Q,K,S,C,P,T,E,S,L,R,D,I,T,T,R,F,S,G,Q,Q,P,A,P,P,G,D,G,T,A,D,P,L,D,W,L,F,G,E,S,Q,E,K,R,P,S,R,R,D,P,P,R,R,T,G,F,S,A,D,S,W,G,L,H,R,Q,M,D,S,G,K,A,R,G,T,P,R,G,R,L,W,D,A,R,V,Q,G,H,S,P,V,R,P,S,R,D,W,H,Q,G,G,A,T,A,S,P,L,A,P,R,P,S,S,T,L,R,T,L,Y,L,H,L,P,V,I,H,E,L
Nomascus_leucogenys,M,R,S,R,L,L,L,S,V,A,H,L,P,T,I,R,E,T,T,E,E,M,L,L,G,G,P,G,Q,E,P,P,P,S,P,S,L,D,D,Y,V,R,S,I,S,R,L,A,Q,P,T,S,V,L,D,K,A,T,A,Q,G,Q,P,K,P,P,H,R,P,A,Q,A,C,R,K,G,H,P,A,V,S,L,R,D,I,T,A,R,F,S,G,Q,Q,P,T,L,S,T,A,D,A,V,D,P,L,D,W,L,F,G,E,S,Q,E,K,Q,P,S,Q,R,D,L,P,R,R,T,G,P,S,A,G,L,C,G,P,H,R,Q,M,D,S,N,K,P,R,G,A,P,R,G,R,L,C,E,A,R,M,P,G,H,S,L,A,R,P,P,R,D,G,Q,Q,S,Q,A,M,A,S,P,H,H,P,R,P,G,S,V,L,R,T,L,Y,S,H,L,P,V,I,H,E,L
Ochotona_curzoniae,M,R,S,R,L,L,L,S,V,A,Q,L,P,T,I,R,E,S,S,E,E,L,L,P,G,G,A,G,Q,E,P,P,A,S,P,S,L,D,D,Y,V,R,S,I,C,Q,L,A,Q,P,T,C,V,L,D,K,A,T,A,Q,G,R,L,S,R,R,G,R,P,A,Q,A,S,E,E,T,C,P,D,V,S,L,Q,E,-,-,-,-,-,D,D,Q,H,P,A,T,P,T,A,G,P,A,D,P,L,A,W,L,F,G,Q,S,Q,E,K,Q,S,S,E,R,G,P,A,R,R,T,G,P,G,A,G,L,W,D,L,R,-,-,-,-,S,D,K,A,G,G,I,R,R,G,K,P,C,E,V,R,R,P,-,-,-,-,-,-,-,-,-,-,-,-,-,-,-,-,-,-,-,-,-,-,-,R,P,S,R,I,L,R,T,L,C,L,H,L,P,V,I,H,E,L
Ochotona_princeps,-,-,-,-,-,-,-,-,-,-,-,-,-,-,-,-,-,-,-,-,-,-,-,-,-,-,-,-,-,-,-,-,-,-,-,-,-,-,-,-,-,-,-,-,-,-,-,-,-,-,-,-,-,-,-,-,-,-,-,-,-,-,-,-,-,-,-,-,-,-,-,-,-,-,-,-,-,-,-,-,-,-,-,-,-,-,-,-,-,-,-,-,-,-,-,-,-,-,-,-,-,-,-,-,-,-,-,-,-,-,-,-,-,-,-,-,-,-,-,-,-,-,-,-,-,-,-,-,-,-,-,-,-,-,-,-,-,-,-,-,-,-,-,-,-,-,-,-,-,-,-,-,-,-,-,-,-,-,-,-,-,-,-,-,-,-,-,-,-,-,-,-,-,-,-,-,-,-,-,-,-,-,-,-,-,-,-,-,-,-,-,-,-,-,-,-,-,-,-,-
Octodon_degus,M,R,S,R,L,L,L,S,V,A,P,L,P,T,I,R,E,T,S,E,E,T,L,P,T,D,P,G,Q,E,P,P,A,S,P,S,L,E,D,Y,V,R,S,I,C,Q,L,A,Q,P,T,T,V,L,D,K,V,S,L,Q,G,R,P,S,R,P,H,R,-,-,-,-,-,-,-,-,-,-,-,-,-,-,-,-,-,-,-,-,F,S,G,P,R,P,T,P,P,S,A,G,V,A,D,P,L,D,W,L,F,G,N,S,Q,G,K,Q,-,-,-,-,-,-,-,-,-,-,-,-,-,-,-,-,-,-,-,-,-,Q,V,D,S,S,K,A,-,-,-,-,-,-,-,-,-,-,-,R,M,P,-,-,-,-,-,-,-,-,-,-,-,-,-,-,-,-,-,-,S,R,C,S,P,R,A,S,S,I,L,R,T,V,Y,S,Q,L,P,V,I,H,E,L
Ovis_aries,M,R,S,R,L,L,L,S,V,A,L,L,P,T,I,R,E,T,S,E,E,M,L,P,G,G,A,G,E,E,P,P,A,S,P,S,L,E,D,Y,V,R,S,I,C,Q,L,A,Q,P,T,S,V,L,D,E,T,A,A,R,V,R,T,S,K,P,H,R,P,A,R,S,C,V,K,S,C,P,A,G,S,L,Q,D,I,T,T,R,F,T,G,Q,Q,P,S,L,P,R,T,G,P,V,D,P,L,D,W,L,F,G,E,S,Q,E,K,Q,P,S,R,R,D,V,P,R,R,T,G,P,S,A,D,P,W,A,S,R,R,Q,M,D,S,G,K,A,P,G,T,P,R,G,R,L,S,D,A,K,A,P,G,H,S,L,Q,R,T,S,R,D,W,H,Q,C,Q,D,A,G,S,P,A,S,P,R,N,S,S,I,L,R,T,L,Y,L,H,L,P,V,I,H,E,L
Pan_paniscus,M,R,S,R,L,L,L,S,V,A,H,L,P,T,I,R,E,T,T,E,E,M,L,P,G,G,P,G,Q,E,P,P,P,S,P,S,L,D,D,Y,V,R,S,I,S,R,L,A,Q,P,T,S,V,L,D,K,A,T,A,Q,G,Q,P,R,P,P,H,R,P,A,Q,A,C,R,K,G,R,P,A,V,S,L,R,D,I,T,A,R,F,S,G,Q,Q,P,T,L,P,M,A,D,A,V,D,P,L,D,W,L,F,G,E,S,Q,E,K,Q,P,S,Q,R,D,L,P,R,R,T,G,P,S,A,G,L,W,G,P,H,R,Q,M,D,S,S,K,P,R,G,A,P,R,G,R,L,C,E,A,R,M,P,G,H,S,L,A,R,P,L,R,D,G,Q,Q,S,Q,A,M,A,-,-,-,-,P,H,P,S,S,V,L,R,T,L,Y,S,H,L,P,V,I,H,E,L
Pan_troglodytes,M,R,S,R,L,L,L,S,V,A,H,L,P,T,I,R,E,T,T,E,E,M,L,P,G,G,P,G,Q,E,P,P,P,S,P,S,L,D,D,Y,V,R,S,I,S,R,L,A,Q,P,T,S,V,L,D,K,A,T,A,Q,G,Q,P,R,P,P,H,R,P,A,Q,A,C,R,K,G,R,P,A,V,S,L,R,D,I,T,A,R,F,S,G,Q,Q,P,T,L,P,M,A,D,A,V,D,P,L,D,W,L,F,G,E,S,Q,E,K,Q,P,S,Q,R,D,L,P,R,R,T,G,P,S,A,G,L,W,G,P,H,R,Q,M,D,S,S,K,P,R,G,A,P,R,G,R,L,C,E,A,R,M,P,G,H,S,L,A,R,P,L,Q,D,G,Q,Q,S,Q,A,M,A,S,C,H,R,P,R,P,S,S,V,L,R,T,L,Y,S,H,L,P,V,I,H,-,-
Panthera_tigris_altaica,-,-,-,-,-,-,-,-,-,-,-,-,-,-,-,-,-,-,-,-,-,-,-,-,-,-,-,-,-,-,-,-,-,-,-,-,-,-,-,-,-,-,-,-,-,-,-,-,-,-,-,-,-,-,-,-,-,-,-,-,-,-,-,-,-,-,-,-,-,-,-,-,-,-,-,-,-,-,-,-,-,-,-,-,-,-,-,-,-,-,-,-,-,-,-,-,-,-,-,-,-,-,-,-,-,-,-,-,-,-,-,-,-,-,-,-,-,-,-,-,-,-,-,-,-,-,-,-,-,-,-,-,-,-,-,-,-,-,-,-,-,-,-,-,-,-,-,-,-,-,-,-,-,-,-,-,-,-,-,-,-,-,-,-,-,-,-,-,-,-,-,-,-,-,-,-,-,-,-,-,-,-,-,-,-,-,-,-,-,-,-,-,-,-,-,-,-,-,-,-
Papio_anubis,M,R,S,R,L,L,L,S,V,A,H,L,P,T,I,R,E,T,T,E,E,M,L,L,G,G,P,G,Q,E,P,P,P,S,P,S,L,D,D,Y,V,R,S,I,S,R,L,A,Q,P,T,S,V,L,N,K,A,T,A,Q,G,Q,P,R,P,P,H,R,P,A,Q,A,C,R,K,G,R,P,A,V,S,L,R,D,I,T,T,R,F,S,G,Q,Q,P,T,L,P,T,A,D,A,V,D,P,L,D,W,L,F,G,E,S,Q,E,K,Q,P,S,Q,R,D,L,P,R,R,T,G,P,S,A,G,L,W,G,P,H,R,Q,M,D,S,S,K,A,R,G,A,P,R,G,R,L,C,E,A,R,M,P,G,H,S,L,A,R,P,L,R,D,G,Q,Q,S,Q,A,M,A,S,P,R,S,P,R,P,S,S,V,L,R,T,L,Y,S,H,L,P,V,I,H,E,L
Piliocolobus_tephrosceles,M,R,S,R,L,L,L,S,V,A,H,L,P,T,I,R,E,T,T,E,E,M,L,L,G,G,P,G,Q,E,P,P,P,S,P,S,L,D,D,Y,V,R,S,I,S,R,L,A,Q,P,T,S,V,L,N,K,A,T,A,Q,G,Q,P,R,P,P,H,R,P,V,Q,A,C,R,K,G,R,P,A,V,S,L,R,D,I,T,A,R,F,S,G,Q,Q,P,T,L,P,M,A,D,A,V,D,P,L,D,R,L,F,G,E,S,Q,E,K,Q,P,S,W,R,D,L,P,R,R,T,G,P,S,A,G,L,W,G,P,H,R,Q,M,D,S,S,K,A,R,G,A,P,R,G,R,L,C,E,A,R,M,P,G,H,S,L,A,R,P,S,R,D,G,Q,Q,-,Q,A,M,A,S,P,G,S,P,R,P,S,S,V,L,R,T,L,Y,S,H,L,P,V,I,Q,E,L
Pongo_abelii,M,R,S,R,L,L,L,S,V,T,H,L,P,T,I,R,E,T,T,E,E,M,L,L,G,G,P,G,Q,E,P,P,P,S,P,S,L,D,D,Y,V,R,S,I,S,R,L,A,Q,P,T,S,V,L,D,K,A,T,A,Q,G,Q,P,R,P,P,H,R,P,A,Q,A,C,R,K,G,R,P,A,V,S,L,R,D,I,T,A,C,F,S,G,Q,Q,P,T,L,P,T,A,D,A,V,D,P,L,D,W,L,F,G,E,S,Q,E,K,Q,P,S,Q,R,D,L,P,R,R,T,G,P,S,V,G,L,W,D,P,H,R,Q,M,D,S,S,K,P,R,G,A,P,R,G,R,L,C,E,A,R,M,P,G,H,S,L,A,R,P,P,R,D,G,Q,Q,S,Q,A,M,A,S,P,H,R,P,R,P,G,S,V,L,R,T,L,Y,S,H,L,P,V,I,H,E,L
Propithecus_coquereli,M,R,S,R,L,L,L,S,V,A,H,L,P,T,I,R,E,T,T,E,E,M,L,P,G,G,P,G,Q,E,P,P,A,S,P,S,L,D,D,Y,V,R,S,I,C,Q,L,A,Q,P,T,S,V,L,D,E,A,I,A,L,G,R,P,R,P,P,H,P,L,A,Q,A,R,E,K,S,S,P,A,P,S,L,Q,D,I,A,P,R,F,S,G,R,Q,P,T,L,L,E,A,N,T,V,D,P,L,D,W,L,F,G,E,S,Q,E,K,L,P,S,Q,R,D,L,P,R,R,T,G,P,-,-,-,-,W,G,L,H,R,Q,M,D,S,G,K,A,R,A,V,P,R,G,R,L,R,E,A,R,A,P,G,H,S,L,A,R,P,S,W,D,G,R,Q,S,Q,A,V,A,-,-,-,-,P,R,P,S,S,V,L,R,T,L,Y,S,L,L,P,V,I,H,E,L
Rhinopithecus_bieti,M,R,S,R,L,L,L,S,V,A,H,L,P,T,I,R,E,T,T,E,E,M,L,L,G,G,P,G,Q,E,P,P,P,S,P,S,L,D,D,Y,V,R,S,I,S,R,L,A,Q,P,T,S,V,L,N,K,A,T,A,Q,G,Q,P,R,P,P,H,R,P,V,Q,A,C,R,K,G,R,P,A,V,S,L,R,D,I,T,A,R,F,S,G,Q,Q,P,T,L,P,M,A,D,A,V,D,P,L,D,R,L,F,G,E,S,Q,E,K,Q,P,S,R,R,D,L,P,R,R,T,G,P,S,A,G,L,W,G,P,H,R,Q,M,D,S,S,K,A,R,G,A,P,R,G,R,L,C,E,A,R,M,P,G,H,S,L,A,R,P,S,R,D,G,Q,Q,S,Q,A,M,A,S,P,G,S,P,R,P,S,S,V,L,R,T,L,Y,S,H,L,P,V,I,H,E,L
Rhinopithecus_roxellana,M,R,S,R,L,L,L,S,V,A,H,L,P,T,I,R,E,T,T,E,E,M,L,L,G,G,P,G,Q,E,P,P,P,S,P,S,L,D,D,Y,V,R,S,I,S,R,L,A,Q,P,T,S,V,L,N,K,A,T,A,Q,G,Q,P,R,P,P,H,R,P,V,Q,A,C,R,K,G,R,P,A,V,S,L,R,D,I,T,A,R,F,S,G,Q,Q,P,T,L,P,M,A,D,A,V,D,P,L,D,R,L,F,G,E,S,Q,E,K,Q,P,S,R,R,D,L,P,R,R,T,G,P,S,A,G,L,W,G,P,H,R,Q,M,D,S,S,K,A,R,G,A,P,R,G,R,L,C,E,A,R,M,P,G,H,S,L,A,R,P,S,R,D,G,Q,Q,S,Q,A,M,A,S,P,G,S,P,R,P,S,S,V,L,R,T,L,Y,S,H,L,P,V,I,H,E,L
Saimiri_boliviensis_boliviensis,M,R,S,R,L,L,L,S,V,A,H,L,P,T,I,R,E,T,T,E,E,M,L,L,G,G,P,G,Q,E,P,P,P,S,P,G,L,D,D,Y,V,R,S,I,S,R,L,A,Q,P,T,S,V,L,D,K,A,T,A,Q,G,H,S,R,P,P,H,R,P,A,Q,A,C,R,K,G,H,P,T,V,S,L,R,D,I,T,A,R,F,S,G,Q,Q,P,A,L,P,T,A,D,A,V,D,P,L,D,W,L,F,G,E,F,Q,E,K,Q,P,S,R,R,D,L,P,-,R,T,G,P,S,A,G,L,C,G,P,H,R,H,V,D,S,G,K,A,K,G,A,P,R,R,R,L,C,E,A,R,M,P,G,H,S,L,A,R,P,P,Q,D,G,Q,Q,S,Q,D,T,A,S,P,R,S,P,R,P,G,S,V,L,R,T,L,Y,L,H,L,P,V,I,H,E,L
Sapajus_apella,M,R,S,R,L,L,L,S,V,A,H,L,P,T,I,Q,E,T,T,E,E,M,L,L,G,G,P,G,Q,E,P,P,T,S,P,S,L,D,D,Y,V,R,S,I,S,R,L,A,Q,P,T,S,V,L,D,K,A,T,A,Q,G,H,P,R,P,P,H,R,P,V,Q,A,C,R,K,G,H,P,A,V,S,L,R,D,I,T,A,R,F,S,G,Q,Q,P,T,L,P,T,A,D,A,V,D,P,L,D,W,L,F,G,E,F,P,E,K,Q,P,S,R,R,D,L,P,-,R,T,G,P,S,A,G,L,C,G,P,H,R,H,M,D,S,G,K,A,K,G,A,P,R,G,R,L,C,E,A,R,M,P,G,H,S,L,A,R,P,S,R,-,-,-,-,-,Q,A,T,A,S,P,H,S,P,R,P,G,S,V,L,R,T,L,Y,L,H,L,P,V,I,H,E,L
Suricata_suricatta,M,R,S,R,L,L,A,P,V,A,H,L,P,T,I,R,E,T,S,E,E,T,L,S,G,G,P,G,Q,E,P,L,G,S,P,S,L,D,D,Y,V,K,S,I,C,Q,L,A,Q,P,T,S,V,L,D,T,T,A,P,R,A,Q,L,S,R,P,P,Q,P,A,Q,A,F,E,K,S,R,P,T,E,S,L,Q,D,I,T,A,R,F,S,G,Q,Q,P,A,A,P,R,G,G,V,A,D,P,L,D,W,L,Y,G,E,S,R,E,K,Q,P,S,R,R,D,P,A,R,Q,T,G,C,S,A,D,P,R,G,P,H,R,H,M,D,G,G,K,A,R,G,T,P,R,G,R,P,C,D,A,R,V,Q,G,H,S,L,A,R,P,S,R,D,W,H,Q,G,-,-,A,A,S,P,P,L,P,R,H,S,S,T,L,R,T,L,Y,L,H,L,P,V,I,H,E,L
Theropithecus_gelada,M,R,S,R,L,L,L,S,V,A,H,L,P,T,I,R,E,T,T,E,E,M,L,L,G,G,P,G,Q,E,P,P,P,S,P,S,L,D,D,Y,V,R,S,I,S,R,L,A,Q,P,T,S,V,L,N,K,A,T,A,Q,G,Q,P,R,P,P,H,R,P,A,Q,A,C,R,K,G,R,P,A,V,S,L,R,D,I,T,A,R,F,S,G,Q,Q,P,T,L,P,T,A,D,A,V,D,P,L,D,W,L,F,G,E,S,Q,E,K,Q,P,S,Q,R,D,L,P,R,R,T,G,P,S,A,G,L,W,G,P,H,R,Q,M,D,S,S,K,A,R,G,A,P,R,G,R,L,C,E,A,R,M,P,G,H,S,L,A,R,P,L,Q,D,G,Q,Q,S,Q,A,M,A,S,P,R,S,P,R,P,S,S,V,L,R,T,L,Y,S,H,L,P,V,I,H,E,L
Trachypithecus_francoisi,M,R,S,R,L,L,L,S,V,A,H,L,P,T,I,R,E,T,T,E,E,M,L,L,G,G,P,G,Q,E,P,P,P,S,P,S,L,D,D,Y,V,R,S,I,S,R,L,A,Q,P,T,S,V,L,N,K,A,T,A,Q,G,Q,P,T,P,P,H,R,P,V,Q,A,C,R,K,G,R,P,A,V,S,L,R,D,I,T,A,R,F,S,G,Q,Q,P,T,L,P,M,A,D,A,V,D,P,L,D,R,L,F,G,E,S,Q,E,K,Q,P,S,R,R,D,L,P,R,R,T,G,P,S,A,G,L,W,G,P,H,R,Q,M,D,S,S,K,V,R,G,A,P,R,G,R,L,C,E,A,R,M,P,G,H,S,L,A,R,P,S,R,D,G,Q,Q,S,Q,A,M,A,S,P,G,S,P,R,P,S,S,V,L,R,T,L,Y,S,H,L,P,V,I,H,E,L
Tupaia_chinensis,M,R,S,R,L,L,L,S,V,A,H,L,P,T,I,R,E,T,S,E,E,T,L,P,R,G,P,G,Q,E,P,P,G,S,P,T,L,D,D,Y,V,R,S,I,C,Q,L,A,Q,P,T,S,L,L,D,E,A,-,-,-,-,-,-,-,R,P,H,R,P,A,R,A,C,E,K,N,P,P,A,S,S,L,Q,D,I,T,S,H,F,S,G,Q,Q,P,T,L,P,A,A,G,T,T,D,P,L,D,W,L,F,G,E,S,Q,E,K,Q,P,N,-,-,-,-,-,R,R,T,G,P,S,S,G,P,W,G,P,H,R,Q,T,D,S,G,K,A,R,G,V,P,R,G,R,L,C,E,A,R,A,P,G,H,S,L,A,R,L,S,-,-,-,-,-,-,R,A,T,A,S,P,R,S,P,R,P,S,S,I,L,R,T,L,Y,S,H,L,P,V,I,H,E,L
Urocitellus_parryii,M,R,S,R,L,L,L,S,V,A,H,L,P,T,I,R,E,T,S,E,E,I,L,P,G,G,T,G,Q,D,P,P,A,S,P,S,L,D,D,Y,V,R,S,I,C,Q,L,A,Q,P,T,S,L,L,D,K,V,T,A,R,S,R,P,S,R,P,H,R,S,P,R,S,S,E,K,S,H,P,A,A,S,L,Q,D,N,P,A,S,F,S,G,Q,Q,S,T,L,P,S,A,G,T,T,D,P,L,D,W,I,F,G,E,S,Q,K,N,E,T,N,R,R,D,L,L,R,R,T,G,P,S,A,G,H,W,R,A,H,R,E,A,N,S,G,K,P,S,G,S,P,R,R,R,L,F,E,A,R,A,F,G,H,S,L,T,R,P,S,Q,D,-,-,-,-,R,A,T,A,S,P,C,N,P,R,P,R,S,I,L,R,S,L,Y,L,H,L,P,V,I,H,E,L
Ursus_americanus,M,R,S,R,L,L,L,P,V,A,H,L,P,T,I,Q,E,T,L,E,E,M,L,P,G,G,P,G,Q,E,P,P,A,S,P,S,L,D,D,Y,V,K,S,I,C,E,L,A,Q,P,T,S,V,L,D,V,A,T,A,G,A,R,P,S,R,N,P,R,P,A,R,A,S,K,K,S,C,P,A,E,S,L,Q,D,I,T,T,R,F,S,G,Q,Q,P,A,P,P,G,D,G,T,V,D,P,L,D,W,L,F,G,E,S,Q,E,K,R,P,S,R,R,D,P,P,R,R,T,G,S,S,A,H,S,W,G,P,H,R,Q,M,D,S,G,K,A,R,G,T,P,R,G,R,L,W,D,A,R,V,Q,G,H,S,P,A,R,P,S,R,D,W,H,Q,D,G,A,V,A,S,P,P,A,P,R,P,S,S,T,L,R,T,L,Y,L,R,L,P,V,I,Q,E,L
Ursus_maritimus,M,R,S,R,L,L,L,P,V,A,H,L,P,T,I,Q,E,T,L,E,E,M,L,P,G,G,P,G,Q,E,P,P,A,S,P,S,L,D,D,Y,V,K,S,I,C,E,L,A,Q,P,T,S,V,L,D,V,A,T,A,G,A,R,P,S,R,N,P,R,P,A,R,A,S,K,K,S,C,P,A,E,S,L,Q,D,I,T,T,R,F,S,G,Q,Q,P,A,P,P,G,D,G,T,V,D,P,L,D,W,L,F,G,E,S,Q,E,K,R,P,S,R,R,D,P,P,R,R,T,G,S,S,A,H,S,W,G,P,H,R,Q,M,D,S,G,K,A,R,G,T,P,R,G,R,L,W,D,A,R,V,Q,G,H,S,P,A,R,P,S,R,D,W,H,Q,D,G,A,V,A,S,P,P,A,P,R,P,S,S,T,L,R,T,L,Y,L,C,L,P,V,I,Q,E,L
Vicugna_pacos,M,R,S,R,L,L,L,S,V,A,H,L,P,T,I,R,E,T,S,E,E,M,L,P,G,G,P,G,E,E,P,P,A,S,P,S,L,D,D,Y,V,R,S,I,C,Q,L,A,Q,P,T,S,V,L,D,E,A,A,A,R,V,R,P,S,R,P,H,R,P,A,R,S,C,D,K,S,R,P,T,G,S,L,R,D,I,T,T,R,F,S,G,Q,Q,P,A,L,P,G,A,S,P,A,D,P,L,D,W,L,F,G,E,S,Q,E,K,R,P,S,R,R,D,L,P,R,R,T,G,P,S,A,D,P,W,A,S,C,R,Q,M,D,S,G,K,A,Q,G,A,P,R,G,R,L,C,D,A,R,A,P,G,H,S,L,G,R,P,S,R,N,W,R,Q,C,Q,D,A,A,S,P,S,S,P,R,P,S,S,V,L,R,T,L,Y,L,H,L,P,V,I,H,E,L
Artibeus_jamaicensis,-,-,-,-,-,-,-,-,-,-,-,-,-,-,-,-,-,-,-,-,-,-,-,-,-,-,-,-,-,-,-,-,-,-,-,-,-,-,-,-,-,-,-,-,-,-,-,-,-,-,-,-,-,-,-,-,-,-,-,-,-,-,-,-,-,-,-,-,-,-,-,-,-,-,-,-,-,-,-,-,-,-,-,-,-,-,-,-,-,-,-,-,-,-,-,-,-,-,-,-,-,-,-,-,-,-,-,-,-,-,-,-,-,-,-,-,-,-,-,-,-,-,-,-,-,-,-,-,-,-,-,-,-,-,-,-,-,-,-,-,-,-,-,-,-,-,-,-,-,-,-,-,-,-,-,-,-,-,-,-,-,-,-,-,-,-,-,-,-,-,-,-,-,-,-,-,-,-,-,-,-,-,-,-,-,-,-,-,-,-,-,-,-,-,-,-,-,-,-,-
Desmodus_rotundus,-,-,-,-,-,-,-,-,-,-,-,-,-,-,-,-,-,-,-,-,-,-,-,-,-,G,P,G,Q,E,S,L,A,S,P,S,L,D,D,Y,M,R,S,I,C,Q,L,V,Q,P,T,S,E,L,N,K,A,T,A,K,A,Q,P,S,R,P,H,-,P,A,Q,A,C,K,K,S,Y,P,T,G,S,L,Q,D,T,T,A,R,F,S,S,Q,H,P,P,L,P,G,A,S,T,A,D,P,L,D,W,F,F,G,Q,S,Q,E,R,Q,T,K,W,R,D,L,T,R,R,T,G,P,S,A,E,P,W,G,P,H,R,Q,M,N,S,S,K,V,L,G,R,P,I,G,K,L,C,D,P,R,A,P,G,H,C,L,V,R,P,L,R,D,W,N,Q,G,W,A,A,A,S,P,P,S,S,S,P,N,S,V,L,R,T,L,Y,L,H,L,P,V,I,H,E,L
Eptesicus_fuscus,M,R,S,R,L,L,L,S,V,A,R,L,P,T,I,R,E,S,W,E,E,V,L,P,G,G,P,R,Q,E,P,L,A,S,P,S,L,D,D,H,R,R,S,I,C,Q,L,A,Q,P,T,S,A,L,T,E,A,A,A,R,A,R,P,S,R,R,P,R,Q,A,R,A,G,E,K,R,G,P,P,G,S,L,Q,D,I,T,T,R,F,S,G,Q,Q,P,-,-,-,-,-,S,T,A,D,P,L,G,W,L,F,G,Q,P,Q,E,E,Q,P,-,-,-,-,L,P,R,R,T,G,P,S,A,D,P,W,G,P,P,R,E,M,E,S,S,K,A,G,G,C,P,R,G,K,P,Y,D,A,R,A,P,G,H,C,P,V,G,P,L,R,D,W,H,Q,G,R,A,A,A,S,P,P,S,S,R,P,S,S,V,L,R,A,L,Y,L,H,L,P,V,I,H,E,L
Hipposideros_armiger,M,R,S,R,L,L,L,S,V,V,H,L,P,T,I,R,E,S,W,E,E,R,L,P,G,G,P,G,Q,E,L,P,A,S,L,S,L,D,D,Y,M,R,S,I,C,Q,L,A,Q,P,T,S,V,Q,E,E,S,A,A,R,V,Q,P,S,R,S,P,W,P,F,R,A,R,E,K,S,C,S,T,G,S,L,Q,D,I,T,T,R,F,S,S,Q,Q,P,A,L,P,E,A,G,N,A,D,P,L,D,W,L,F,G,Q,S,Q,E,K,Q,P,S,W,K,Y,Q,P,R,R,T,G,P,S,A,D,Q,W,G,P,R,R,Q,M,D,S,S,K,A,Q,G,G,P,R,G,R,L,C,D,A,R,T,P,G,H,S,L,A,R,P,S,R,D,W,H,Q,G,Q,A,T,A,F,P,T,S,S,R,P,S,S,I,L,R,T,L,Y,L,N,L,P,V,I,H,E,L
Miniopterus_natalensis,M,R,S,R,L,L,L,S,V,A,R,L,P,T,I,R,E,S,W,E,E,V,L,P,G,G,P,R,Q,E,S,P,A,S,P,S,L,E,D,Y,R,R,S,I,H,Q,L,A,Q,P,T,S,V,L,N,E,A,A,A,R,T,R,P,S,K,P,H,W,H,A,R,A,C,E,K,S,C,P,T,G,S,L,Q,D,I,T,T,R,F,S,G,Q,Q,P,P,L,P,G,A,S,T,A,D,P,L,D,W,L,F,G,Q,S,Q,E,K,Q,P,R,F,R,D,L,P,R,R,T,G,P,S,F,D,P,W,G,P,H,R,Q,M,E,S,R,E,A,P,G,G,P,R,G,K,L,Y,D,A,K,A,P,G,H,C,P,V,R,P,L,R,A,W,H,Q,G,L,A,A,T,S,L,P,S,S,H,P,S,R,V,F,R,T,L,Y,L,H,L,P,V,I,N,E,L
Molossus_molossus,M,R,S,R,L,L,L,S,V,A,R,L,P,T,I,W,E,S,W,E,E,M,L,P,G,G,P,R,Q,E,P,P,A,S,S,S,T,D,D,Y,M,R,S,I,C,Q,L,V,Q,P,T,S,V,L,D,E,A,A,A,R,D,R,P,S,R,P,R,R,S,A,R,A,C,A,K,S,C,P,T,R,S,L,Q,D,V,T,T,H,F,S,S,Q,Q,P,P,P,P,G,T,S,A,D,D,P,L,D,W,L,F,G,Q,S,Q,E,K,Q,P,R,C,R,G,L,P,R,R,T,G,P,S,A,D,R,W,G,L,H,R,Q,M,E,S,S,T,A,Q,G,G,P,K,G,K,L,C,D,A,R,T,P,G,H,C,L,V,R,P,L,R,D,R,H,Q,S,Q,A,A,A,S,P,P,S,S,R,P,S,S,V,L,R,T,L,Y,L,H,L,P,V,I,H,E,L
Myotis_brandtii,M,R,S,R,L,L,L,S,V,A,R,L,P,T,I,R,E,S,W,E,E,V,L,P,G,G,P,R,Q,D,P,L,A,S,P,S,L,D,D,Y,R,R,S,I,C,Q,L,A,Q,P,T,S,A,L,T,K,A,A,A,R,A,R,P,S,R,R,P,W,Q,A,R,A,G,E,K,S,G,S,P,G,S,L,Q,D,F,T,T,H,F,S,G,Q,Q,P,-,-,-,-,-,N,T,A,D,P,L,G,W,L,F,G,E,S,Q,E,K,Q,P,R,R,R,D,L,P,R,R,T,G,P,S,A,D,P,W,G,P,H,R,E,M,E,S,S,K,A,G,G,C,P,R,G,K,L,Y,D,A,R,A,P,G,R,C,P,V,G,P,L,R,D,W,H,Q,G,R,A,A,A,S,P,P,S,S,R,P,S,S,I,L,R,T,L,Y,L,H,L,P,V,I,H,E,L
Myotis_davidii,M,R,S,R,L,L,L,S,V,A,R,L,P,T,I,R,E,S,W,E,E,V,L,P,G,G,P,R,Q,D,P,L,A,S,P,S,L,D,D,Y,R,R,S,I,C,Q,L,A,Q,P,T,S,A,L,T,E,A,A,A,R,A,R,P,S,R,C,P,W,Q,A,R,A,G,E,-,-,-,-,-,-,-,-,Q,D,F,T,T,H,F,S,G,Q,Q,P,-,-,-,-,-,D,T,A,D,P,Q,G,W,L,S,G,Q,S,Q,E,K,Q,P,R,C,R,G,L,P,R,R,T,G,P,P,A,D,P,G,G,P,H,R,E,M,E,S,S,K,A,G,G,C,P,R,G,E,L,Y,D,A,R,A,P,R,R,C,P,V,G,P,L,R,D,W,H,Q,G,R,A,T,A,S,P,P,S,S,R,P,S,S,I,L,R,T,L,Y,L,H,L,P,V,I,H,E,L
Myotis_lucifugus,M,R,S,R,L,L,L,S,V,A,R,L,P,T,I,R,E,S,W,E,E,V,L,P,G,G,P,R,Q,D,P,L,A,S,P,S,L,D,D,Y,R,R,S,I,C,Q,L,A,Q,P,T,S,A,L,T,E,A,A,A,R,A,Q,P,S,R,R,P,W,Q,A,R,A,G,E,K,S,G,S,P,G,S,L,Q,D,F,T,T,P,F,S,S,Q,Q,P,-,-,-,-,-,N,T,A,D,P,L,N,W,L,F,G,Q,S,Q,E,K,Q,P,R,R,R,D,L,P,R,R,T,G,P,S,A,D,P,W,G,P,H,R,E,M,E,S,T,K,A,G,G,C,P,R,G,K,L,Y,D,A,R,A,P,G,H,-,-,-,-,-,-,R,D,W,H,Q,G,R,A,A,A,P,P,P,S,S,R,P,S,S,V,L,R,T,L,Y,L,H,L,P,V,I,H,E,L
Myotis_myotis,M,R,S,R,L,L,L,S,V,A,R,L,P,T,I,R,E,S,W,E,E,V,L,P,G,-,-,-,Q,D,P,V,A,S,P,S,L,D,D,Y,R,R,S,I,C,Q,L,A,Q,P,T,S,A,L,T,E,A,A,A,R,A,R,P,S,R,R,P,W,Q,A,R,A,G,E,Q,S,G,P,P,G,S,L,Q,D,F,T,T,H,F,S,G,Q,Q,P,-,-,-,-,-,N,T,A,G,P,R,G,W,L,S,G,Q,S,Q,E,K,Q,P,R,C,R,G,L,P,R,R,T,A,P,S,A,D,P,W,G,P,H,R,E,M,E,S,S,K,A,G,G,C,P,R,G,E,L,Y,D,T,R,A,P,G,R,C,P,V,G,P,L,R,D,W,H,Q,G,Q,A,A,A,S,P,P,S,S,R,P,S,S,I,L,R,T,L,Y,L,H,L,P,V,I,H,E,L
Phyllostomus_discolor,-,-,-,-,-,-,-,-,-,-,-,-,-,-,-,-,-,-,-,-,-,-,-,-,-,-,-,-,-,-,-,-,A,S,L,S,L,D,D,Y,M,K,S,T,C,Q,L,V,Q,P,T,S,E,L,N,E,A,T,V,R,A,R,P,S,R,P,H,W,L,A,Q,A,C,K,K,S,Y,L,T,G,S,L,-,D,T,T,T,C,F,S,S,Q,H,P,P,L,P,R,A,S,T,A,H,V,L,D,W,L,F,G,Q,S,Q,E,R,Q,M,R,W,R,D,L,P,R,R,T,G,L,S,V,E,P,W,G,P,H,R,Q,M,N,S,N,K,-,-,-,-,P,R,G,K,L,C,A,P,R,A,P,K,H,Y,L,V,R,P,L,R,D,-,-,-,-,-,-,-,-,-,-,-,-,-,-,-,-,-,-,-,-,-,-,-,-,-,-,-,-,-,-,-,-
Phyllostomus_hastatus,-,-,-,-,-,-,-,-,-,-,-,-,-,-,-,-,-,-,W,E,E,M,L,P,V,G,P,G,Q,E,S,L,A,S,L,S,L,D,D,H,M,K,S,T,C,Q,L,V,Q,P,T,S,E,L,K,E,D,T,V,K,A,Q,P,S,R,P,H,W,L,A,Q,A,C,K,K,S,Y,L,T,G,S,L,Q,D,T,T,T,R,F,S,S,Q,H,P,P,L,P,R,A,S,T,A,D,V,L,D,W,L,F,G,Q,S,Q,E,R,Q,M,R,W,R,D,L,P,R,R,T,G,L,S,V,E,P,W,G,P,H,R,Q,M,N,S,S,K,-,-,-,-,-,R,G,K,L,C,D,P,R,A,P,K,H,Y,L,V,R,P,L,R,D,-,-,-,-,-,-,-,-,-,-,-,-,-,-,-,-,-,-,-,-,-,-,-,-,-,-,-,-,-,-,-,-
Pipistrellus_kuhlii,M,R,S,R,L,L,L,S,V,A,R,L,P,T,I,R,E,S,R,E,E,V,L,P,G,G,P,R,Q,D,A,L,A,S,P,S,L,G,E,H,R,R,S,L,C,Q,L,A,Q,P,A,S,A,L,T,E,A,V,A,G,A,R,P,G,R,R,P,W,P,A,R,A,G,R,K,S,G,P,P,R,S,L,Q,D,I,T,T,P,I,S,G,Q,Q,P,-,-,-,-,-,G,T,A,E,P,L,G,W,L,F,G,Q,P,Q,E,E,Q,P,R,C,R,G,L,P,R,R,T,S,P,S,A,E,P,W,G,P,H,R,P,T,E,S,S,E,A,G,A,C,P,N,G,K,L,Y,D,A,R,A,P,G,-,-,-,-,-,-,-,R,D,W,H,Q,G,P,A,A,A,S,P,P,S,A,R,P,G,S,V,L,R,S,L,C,L,H,L,P,V,I,H,E,L
Rhinolophus_ferrumequinum,M,R,S,R,L,L,L,S,V,A,H,L,P,T,I,R,E,S,L,E,E,I,L,P,G,G,P,G,Q,E,P,P,A,S,L,S,L,D,D,Y,M,R,S,I,R,Q,L,A,Q,P,T,S,V,L,D,E,S,A,A,R,A,R,L,S,R,P,H,W,P,F,R,A,K,E,K,S,C,P,T,G,S,L,Q,D,I,S,T,C,L,C,S,Q,Q,P,T,L,P,G,A,G,N,A,D,P,L,D,W,L,F,G,Q,S,Q,E,K,Q,L,S,W,R,D,P,P,R,R,T,G,S,S,A,D,P,W,G,P,H,R,Q,M,D,S,S,K,A,Q,G,G,P,R,R,R,L,C,D,A,R,V,P,G,H,S,L,A,R,P,S,R,D,W,H,Q,G,Q,A,A,G,P,P,P,S,S,R,P,S,S,I,L,R,T,L,Y,T,H,L,P,V,I,H,E,L
Sorex_araneus,M,R,S,R,L,L,L,S,V,A,H,L,P,T,I,R,E,T,L,E,E,P,L,A,T,G,S,G,L,E,P,P,A,S,P,S,L,D,D,Y,V,R,S,I,C,Q,L,A,Q,P,T,S,V,L,E,E,A,G,A,R,A,R,P,R,R,P,-,-,-,-,-,-,-,-,-,-,-,-,-,-,S,L,Q,D,I,T,A,H,F,S,G,Q,Q,P,A,P,P,K,A,S,T,T,D,P,L,D,W,L,F,G,E,S,Q,E,K,Q,P,S,R,R,E,M,L,R,R,T,G,S,P,A,D,S,W,G,P,H,S,Q,M,D,S,G,K,A,R,G,S,P,R,G,R,L,C,E,A,R,A,P,E,N,S,L,A,R,-,-,-,-,-,-,-,-,-,-,-,-,-,-,-,-,-,-,-,A,S,I,L,R,T,L,Y,L,H,L,P,V,I,H,E,L
Sturnira_hondurensis,-,-,-,-,-,-,-,-,-,-,-,-,-,-,-,-,-,-,-,-,-,-,-,-,-,-,-,-,-,-,-,-,-,-,-,-,-,-,-,-,-,-,-,-,-,-,-,-,-,-,-,-,-,-,-,-,-,-,-,-,-,-,-,-,-,-,-,-,-,-,-,-,-,-,-,-,-,-,-,-,-,-,-,-,-,-,-,-,-,-,-,-,-,-,-,-,-,-,-,-,-,-,-,-,-,-,-,-,-,-,-,-,-,-,-,-,-,-,-,-,-,-,-,-,-,-,-,-,-,-,-,-,-,-,-,-,-,-,-,-,-,-,-,-,-,-,-,-,-,-,-,-,-,-,-,-,-,-,-,-,-,-,-,-,-,-,-,-,-,-,-,-,-,-,-,-,-,-,-,-,-,-,-,-,-,-,-,-,-,-,-,-,-,-,-,-,-,-,-,-
Pteropus_alecto,M,R,S,R,L,L,I,S,V,A,H,L,P,T,I,R,E,S,Q,E,E,M,L,P,G,G,L,R,Q,E,P,P,T,S,P,S,L,D,D,Y,V,R,S,I,C,Q,L,A,Q,P,T,S,V,L,D,K,P,A,A,K,D,R,L,R,R,P,H,W,P,A,W,A,S,E,E,S,F,P,T,R,S,P,Y,D,I,T,T,H,S,S,T,Q,Q,P,T,L,P,E,A,G,T,A,D,P,L,D,W,L,F,G,K,S,Q,E,K,K,P,S,W,R,D,K,S,R,R,T,G,F,S,A,D,P,W,V,L,P,R,Q,I,D,S,R,K,A,Q,G,V,L,R,R,R,L,C,D,A,R,V,Q,G,H,S,L,E,R,P,S,W,D,W,H,Q,-,-,A,A,A,F,P,A,S,S,C,P,S,S,V,L,R,T,L,Y,L,H,L,P,V,I,H,E,L
Pteropus_giganteus,M,R,S,R,L,L,N,S,V,A,H,M,P,T,I,R,E,S,Q,E,E,M,L,P,G,G,L,R,Q,E,P,P,T,S,P,S,L,D,D,Y,V,R,S,I,C,Q,L,A,Q,P,T,S,V,L,D,K,P,A,A,K,D,R,L,R,R,P,H,W,P,A,W,A,S,E,E,S,F,P,T,R,S,P,Y,D,I,T,T,H,S,S,T,Q,Q,P,T,L,P,E,A,G,T,A,D,P,L,D,W,L,F,G,K,S,Q,E,K,K,P,S,W,R,D,K,S,R,R,T,G,F,S,A,D,P,W,G,L,H,R,Q,M,D,S,R,K,A,Q,G,V,L,R,R,R,L,C,D,A,R,V,Q,G,H,S,L,E,R,P,S,W,D,W,H,Q,-,-,A,A,A,F,P,A,S,S,C,P,S,S,I,L,R,T,L,Y,L,H,L,P,V,I,H,E,L
Pteropus_vampyrus,-,-,-,-,-,-,-,-,-,-,-,-,-,-,-,-,-,-,-,-,-,-,-,-,-,-,-,-,-,-,-,-,-,-,-,-,-,-,-,-,-,-,-,-,-,-,-,-,-,-,-,-,-,-,-,-,-,-,-,-,-,-,-,-,-,-,-,-,-,-,-,-,-,-,-,-,-,-,-,-,-,-,-,-,-,-,-,-,-,-,-,-,-,-,-,-,-,-,-,-,-,-,-,-,-,-,-,-,-,-,-,-,-,-,-,-,-,-,-,-,-,-,-,-,-,-,-,-,-,-,-,-,-,-,-,-,-,-,-,-,-,-,-,-,-,-,-,-,-,-,-,-,-,-,-,-,-,-,-,-,-,-,-,-,-,-,-,-,-,-,-,-,-,-,-,-,-,-,-,-,-,-,-,-,-,-,-,-,-,-,-,-,-,-,-,-,-,-,-,-
Rousettus_aegyptiacus,M,R,S,Q,L,L,I,S,V,A,H,L,P,T,I,R,E,S,Q,E,E,M,L,L,G,G,F,R,Q,E,P,P,T,S,P,S,L,D,D,Y,V,R,S,I,C,Q,L,V,Q,P,T,S,V,L,D,K,P,A,A,K,D,R,L,R,R,P,H,W,P,A,W,A,S,E,E,S,S,P,T,R,S,P,Y,D,I,T,T,H,S,S,T,Q,H,P,T,L,P,E,A,G,T,A,D,P,L,D,W,L,F,G,K,S,Q,E,K,K,P,S,W,R,D,T,S,-,R,T,G,S,S,A,D,P,W,G,L,H,R,Q,M,D,S,R,K,A,Q,G,V,H,R,T,R,L,C,D,A,R,V,Q,G,H,S,L,E,R,P,S,R,D,W,H,L,G,Q,A,A,A,F,P,T,S,C,C,P,S,S,V,L,R,T,L,H,L,H,L,P,V,I,H,E,L
Ailuropoda_melanoleuca,M,R,S,R,L,L,L,P,V,A,H,L,P,T,I,Q,E,T,L,E,E,M,L,P,G,G,P,G,Q,E,P,P,A,S,P,S,L,D,D,Y,V,K,S,I,C,E,L,A,Q,P,T,S,V,L,D,V,A,T,A,G,A,R,P,S,R,N,P,R,P,A,R,A,S,K,K,S,C,P,A,E,S,L,Q,D,I,T,T,R,F,S,G,Q,Q,P,A,P,P,R,D,G,T,V,D,P,L,D,W,L,F,G,E,S,Q,E,K,R,P,S,R,R,D,P,P,R,R,T,G,S,S,A,H,S,W,G,P,H,R,Q,M,D,S,G,K,A,R,G,T,P,R,G,R,L,W,D,A,R,V,Q,G,H,S,P,A,R,P,S,R,D,W,H,Q,D,G,A,A,A,S,P,P,A,H,C,P,S,S,T,L,R,T,L,Y,L,R,L,P,V,I,Q,E,L
Antechinus_flavipes,M,R,S,R,L,L,I,S,V,A,L,L,P,T,I,S,E,N,S,E,M,M,M,L,-,G,-,-,-,-,-,-,-,S,Q,S,L,D,D,Y,V,K,S,I,C,Q,L,A,Q,P,T,S,V,L,D,S,-,-,-,-,-,-,-,-,-,-,-,-,-,-,-,-,-,E,K,S,S,P,T,S,P,M,Q,D,I,T,A,H,F,S,G,Q,H,S,T,L,-,-,-,-,-,-,D,P,L,D,W,L,F,G,E,S,Q,P,K,R,Q,S,W,K,D,T,L,R,R,T,G,L,S,T,D,P,S,C,L,H,K,Q,N,E,T,G,K,S,R,V,P,R,R,V,R,A,C,E,A,K,I,P,G,-,-,-,-,-,-,-,-,-,-,-,-,-,-,-,-,-,-,-,-,-,-,-,-,-,-,-,-,-,-,-,-,-,-,L,P,V,I,Y,E,L
Aotus_nancymaae,M,R,S,R,L,L,L,S,V,A,H,L,P,T,I,R,E,T,T,E,E,M,L,L,G,G,P,G,Q,E,P,P,P,S,P,S,L,D,D,Y,V,R,S,I,S,R,L,A,Q,P,T,S,V,L,D,K,A,T,A,Q,G,H,S,R,P,P,H,R,P,A,Q,A,C,R,K,G,H,P,A,V,S,L,Q,D,I,T,A,R,F,S,G,Q,Q,P,T,L,P,T,A,D,A,V,D,P,L,D,W,L,F,G,E,F,Q,E,K,Q,P,S,R,R,D,L,P,-,Q,T,G,P,S,A,G,L,C,V,L,H,R,H,M,D,S,G,K,A,K,G,A,P,R,G,R,L,C,E,A,R,M,P,G,H,C,L,A,R,-,-,-,-,-,-,-,-,Q,A,T,A,S,P,R,S,P,R,P,G,S,V,L,R,T,L,Y,L,H,L,P,V,I,H,E,L
Apodemus_sylvaticus,M,R,S,R,L,L,L,P,V,P,H,L,P,T,I,R,E,T,S,E,E,L,S,H,G,A,P,G,Q,E,P,P,A,S,P,S,L,D,D,Y,V,R,C,I,C,Q,L,A,Q,P,T,S,V,L,D,T,V,T,A,R,S,R,P,N,R,P,C,R,P,A,W,T,R,E,K,R,C,Q,A,E,P,L,A,D,S,S,P,C,F,S,S,L,L,P,T,L,P,S,P,G,T,D,N,P,L,D,W,L,F,G,K,S,Q,E,Q,Q,T,D,G,R,D,L,P,N,R,T,S,-,S,S,E,H,W,G,V,P,R,Q,T,G,K,-,-,-,-,-,-,D,T,G,R,L,W,E,A,R,V,P,E,H,P,L,-,-,-,-,-,-,-,-,-,-,Q,A,L,V,S,V,A,S,S,H,P,G,S,I,L,G,T,L,Y,S,H,L,P,V,I,H,E,L
Arvicola_amphibius,M,R,S,R,L,L,L,P,V,P,H,L,P,T,I,R,E,T,S,E,E,L,S,H,G,A,P,G,Q,E,P,P,T,S,P,S,L,D,D,Y,V,R,S,I,C,Q,L,A,Q,P,T,S,V,L,D,K,V,T,V,Q,N,Q,P,Q,R,P,Y,R,P,V,W,T,R,E,K,-,-,-,-,-,-,-,-,-,-,-,-,-,F,S,S,R,Q,P,S,L,P,S,P,G,N,D,N,P,L,D,W,L,F,G,K,S,Q,E,Q,Q,T,E,R,R,D,L,P,N,G,T,S,-,S,S,D,H,W,G,M,H,R,Q,M,D,K,-,-,-,-,-,-,D,T,G,R,L,C,E,S,R,V,P,E,C,S,L,G,R,K,S,-,-,-,-,-,-,Q,A,L,A,S,V,S,G,S,R,P,S,G,I,L,S,T,L,Y,L,H,L,P,V,I,H,E,L
Callorhinus_ursinus,M,R,S,R,L,L,L,P,V,A,H,L,P,T,I,Q,E,T,L,E,E,M,L,P,G,G,P,G,Q,E,P,P,A,S,P,S,L,D,D,Y,V,K,S,I,C,Q,L,A,H,P,T,S,V,L,D,V,A,T,A,R,A,Q,P,S,R,S,P,R,P,A,R,T,F,Q,K,S,C,P,T,E,S,L,R,D,I,T,T,C,F,S,G,Q,Q,R,A,P,P,G,D,G,T,T,D,P,L,D,W,L,F,G,E,S,Q,E,K,R,P,S,R,R,D,P,P,R,R,T,G,F,S,A,D,S,W,G,L,H,R,Q,M,D,S,G,K,A,R,G,T,P,R,G,R,L,W,D,A,R,V,Q,G,H,S,L,V,R,P,S,R,D,W,H,Q,G,G,A,A,A,S,P,P,A,P,R,P,S,S,I,L,R,T,L,Y,L,H,L,P,V,I,H,E,L
Canis_lupus_dingo,M,R,S,R,L,L,L,P,V,A,H,L,P,T,I,Q,E,T,S,E,E,M,L,P,G,G,P,G,Q,E,P,P,A,S,P,S,L,D,D,Y,V,K,S,I,C,Q,L,A,Q,P,T,S,V,L,D,M,A,T,A,R,A,Q,P,S,R,T,L,R,P,A,Q,A,F,K,K,N,C,P,T,E,S,L,Q,D,I,T,T,H,F,S,G,Q,Q,P,A,P,T,R,D,C,T,A,D,P,L,D,W,L,F,G,D,S,Q,E,K,Q,P,S,R,R,D,P,P,R,T,T,G,S,S,A,D,P,W,G,P,H,R,Q,M,D,G,G,K,A,Q,G,T,S,R,G,R,F,C,D,A,S,V,Q,E,H,S,L,A,R,P,S,R,D,W,H,Q,C,G,A,A,A,S,P,P,A,P,R,P,S,S,T,L,R,T,L,Y,L,H,L,P,V,I,H,E,L
Carlito_syrichta,M,R,S,R,L,L,L,S,V,A,H,L,P,T,I,R,E,T,T,E,E,T,L,L,G,E,P,G,Q,E,P,P,A,S,P,S,L,D,D,Y,V,K,S,I,C,Q,L,A,Q,P,T,S,V,L,D,E,A,T,A,Q,G,R,L,R,Q,P,H,R,P,A,Q,A,C,E,K,S,H,P,A,A,S,L,Q,D,I,T,A,C,F,R,S,Q,Q,P,T,L,P,T,A,D,T,V,D,P,L,D,W,L,F,G,E,S,Q,E,K,R,P,S,R,R,D,L,P,R,R,T,G,S,S,A,G,P,W,G,L,H,R,Q,M,D,S,G,K,T,R,G,W,P,R,G,R,V,C,E,A,K,A,P,G,H,S,L,S,R,-,-,-,-,-,-,-,-,-,A,T,A,S,P,R,I,P,C,P,S,S,V,L,R,T,L,Y,S,H,L,P,V,I,Y,E,L
Castor_canadensis,M,R,S,Q,L,L,L,S,V,D,H,L,P,T,I,R,E,T,S,E,E,M,L,P,A,R,P,G,Q,E,P,P,A,S,P,S,L,D,D,Y,V,R,S,I,C,Q,L,A,Q,P,T,S,V,L,D,K,V,T,A,R,G,Q,P,N,R,S,P,W,I,A,R,A,S,G,K,S,H,Q,A,S,T,L,L,D,S,S,P,C,F,S,D,Q,Q,P,T,L,P,S,A,G,I,A,D,P,L,D,W,L,F,G,E,S,Q,E,K,Q,P,N,R,R,D,L,P,R,-,-,-,-,-,-,-,-,-,-,-,-,R,Q,I,N,S,S,K,A,R,G,A,P,R,E,R,L,C,E,A,R,V,P,G,R,S,L,A,R,P,S,Q,D,G,H,Q,S,R,A,T,I,V,P,C,H,S,R,P,S,S,I,L,R,S,L,Y,L,H,L,P,V,I,H,E,F
Cavia_porcellus,M,R,S,R,L,L,L,S,V,A,P,L,P,T,I,R,E,T,S,E,E,M,Q,P,T,D,P,G,Q,E,P,L,A,S,P,S,L,E,D,Y,V,R,S,I,C,Q,L,V,Q,P,T,A,I,V,D,K,V,T,-,-,-,-,-,-,-,-,-,-,-,-,-,-,-,-,-,-,-,-,-,-,-,-,Q,E,I,C,A,S,F,N,G,R,E,P,T,L,P,S,A,G,A,T,D,P,L,D,W,L,F,G,A,S,Q,E,K,Q,S,K,-,-,-,-,-,-,-,-,T,D,S,A,R,P,W,S,E,H,R,Q,A,D,S,I,K,A,-,-,-,-,-,-,-,-,-,-,-,R,T,P,E,G,S,L,-,-,-,-,-,-,-,-,-,-,-,-,-,-,S,H,C,R,P,R,P,S,S,I,L,H,T,V,Y,S,Q,L,P,V,I,H,E,L
Cervus_elaphus_hippelaphus,-,-,-,-,-,-,-,-,-,-,-,-,-,-,-,-,-,-,-,-,-,-,-,-,-,-,-,-,-,-,-,-,-,-,-,-,-,-,-,-,-,-,-,-,-,-,-,-,-,-,-,-,-,-,-,-,-,-,-,-,-,-,-,-,-,-,-,-,-,-,-,-,-,-,-,-,-,-,-,-,-,-,-,-,-,-,-,-,-,-,-,-,-,-,-,-,-,-,-,-,-,-,-,-,-,-,-,-,-,-,-,-,-,-,-,-,-,-,-,-,-,-,-,-,-,-,-,-,-,-,-,-,-,-,-,-,-,-,-,-,-,-,-,-,-,-,-,-,-,-,-,-,-,-,-,-,-,-,-,-,-,-,-,-,-,-,-,-,-,-,-,-,-,-,-,-,-,-,-,-,-,-,-,-,-,-,-,-,-,-,-,-,-,-,-,-,-,-,-,-
Chinchilla_lanigera,M,R,S,R,L,L,L,S,V,A,P,L,P,T,I,R,E,T,S,E,E,M,L,P,A,D,P,G,P,E,P,P,A,S,P,S,L,E,D,Y,V,K,S,I,C,Q,L,A,Q,P,T,T,V,L,D,K,A,T,T,Q,G,R,A,S,R,P,H,-,-,-,-,-,-,-,-,-,-,-,-,-,-,-,-,-,-,-,-,-,-,-,-,P,R,P,T,L,P,S,A,G,A,A,D,P,L,D,W,L,F,G,E,S,Q,K,K,Q,S,-,L,P,D,L,P,R,A,A,V,P,S,A,R,P,W,G,T,H,R,Q,A,D,R,S,K,A,-,-,-,-,-,-,-,-,-,-,-,R,T,P,E,R,S,L,V,T,P,S,Q,H,G,H,Q,-,-,S,A,S,S,R,C,S,P,R,P,S,S,I,L,R,S,V,Y,S,Q,L,P,V,I,H,E,L
Choloepus_didactylus,M,R,S,R,L,L,I,S,V,A,H,L,P,T,I,Q,E,T,S,E,E,R,L,S,G,G,P,V,L,E,P,P,P,S,P,S,L,D,D,Y,V,R,S,I,C,Q,L,A,Q,P,T,S,A,L,D,T,A,P,A,R,D,S,S,S,R,Q,H,R,P,S,R,A,C,G,K,S,H,P,A,A,S,L,Q,D,I,T,A,H,F,S,G,Q,Q,P,P,L,P,G,P,G,S,A,D,P,L,D,W,L,F,G,E,S,Q,E,K,Q,P,S,-,-,-,-,-,-,R,T,G,P,S,A,D,S,W,G,L,R,R,Q,T,D,A,G,K,S,R,G,G,P,R,G,R,L,C,E,A,R,A,P,G,H,T,L,A,R,P,-,-,-,-,-,-,-,-,-,-,-,-,-,-,-,-,-,-,-,S,T,L,R,T,L,N,P,H,L,P,V,I,L,E,L
Cricetulus_griseus,M,R,S,R,L,L,L,P,V,P,H,L,P,T,I,R,E,T,C,E,E,L,S,H,G,A,P,G,Q,E,P,P,N,S,P,S,L,D,D,Y,V,R,S,I,C,Q,L,A,Q,P,T,S,V,L,D,K,I,-,-,R,S,R,P,H,R,P,Y,R,P,A,W,T,R,E,K,R,C,Q,A,E,S,V,A,D,S,S,P,C,F,S,S,L,Q,P,P,L,P,S,P,G,T,D,N,P,L,D,W,L,F,G,K,S,Q,E,Q,Q,A,D,R,R,D,L,P,-,-,-,-,-,S,S,D,H,W,G,V,H,R,Q,M,E,E,-,-,-,-,-,-,N,R,G,R,L,C,E,A,R,L,P,E,N,S,-,-,-,-,-,-,-,-,-,-,-,Q,A,L,A,A,V,S,G,S,R,P,S,S,I,L,S,T,L,C,L,H,L,P,V,I,H,E,L
Dasypus_novemcinctus,M,R,S,R,L,L,I,S,V,A,H,L,P,T,I,Q,E,T,L,E,E,R,L,S,G,G,P,L,Q,E,P,P,P,S,P,S,L,D,D,Y,V,R,S,I,C,Q,L,A,Q,P,A,S,A,L,D,T,A,P,A,G,G,C,P,G,R,P,H,R,L,A,R,A,C,R,K,G,R,P,A,T,S,L,Q,D,I,T,A,H,F,S,G,Q,Q,P,P,P,P,G,P,G,S,A,D,P,L,D,W,L,F,G,E,S,Q,E,K,R,P,S,-,-,-,-,-,R,R,T,G,P,T,A,G,P,C,G,L,R,R,Q,M,D,P,G,K,A,-,-,-,-,-,-,-,-,-,-,-,R,T,A,G,R,P,P,A,R,P,P,R,D,G,P,P,S,R,A,S,A,F,P,H,R,A,R,P,H,S,L,L,R,T,L,H,P,H,L,P,A,I,Q,E,L
Dipodomys_ordii,M,R,S,R,L,L,L,S,V,A,Q,L,P,T,I,R,E,T,S,E,E,M,V,A,G,G,P,G,Q,E,P,A,A,S,P,S,L,D,D,Y,V,R,S,I,C,Q,L,A,Q,P,A,S,V,L,D,K,I,A,A,R,G,W,T,N,R,P,H,P,P,A,Q,A,S,E,K,S,-,-,-,-,-,-,-,-,-,-,-,-,F,S,G,Q,L,P,T,A,P,S,A,G,T,A,D,P,L,D,W,L,F,G,E,S,Q,V,K,Q,P,-,-,-,-,-,-,-,-,-,-,-,-,-,-,-,-,-,-,H,R,P,M,D,R,S,K,A,-,-,-,-,R,G,R,P,C,E,V,R,A,L,G,H,S,L,A,R,P,S,R,D,R,Q,Q,-,-,-,-,-,E,Q,P,S,P,R,P,S,S,I,L,R,S,L,Y,L,H,L,P,V,I,H,E,L
Dipodomys_spectabilis,M,R,S,R,L,L,L,S,V,A,Q,L,P,T,I,R,E,T,S,E,E,M,V,A,G,G,P,G,Q,E,P,T,A,S,P,S,L,D,D,Y,V,R,S,L,C,Q,L,A,Q,P,A,S,V,L,D,K,I,A,A,R,G,W,T,N,R,P,H,P,P,A,Q,A,N,E,K,S,-,-,-,-,-,-,-,-,-,-,-,-,F,S,G,Q,L,P,T,A,P,S,A,G,T,A,D,P,L,D,W,L,F,G,E,S,Q,V,K,Q,P,-,-,-,-,-,-,-,-,-,-,-,-,-,-,-,-,-,-,H,R,P,M,D,R,S,K,A,-,-,-,-,R,G,R,P,C,E,V,R,A,L,E,H,S,L,A,R,P,S,R,D,R,Q,Q,-,-,-,-,-,E,Q,P,S,P,R,P,S,S,I,L,R,S,L,Y,L,H,L,P,V,I,H,E,L
Dromiciops_gliroides,M,R,S,R,L,L,I,S,V,A,L,L,P,T,I,S,E,T,S,E,M,M,M,L,G,G,-,-,-,-,-,-,-,S,Q,S,L,D,D,Y,V,K,S,I,C,Q,L,A,Q,P,T,S,V,L,D,S,-,-,-,-,-,-,-,-,-,-,-,-,-,-,-,-,-,E,M,S,S,P,N,S,S,L,Q,D,I,T,A,C,F,S,G,Q,Q,P,A,L,-,-,-,-,-,-,D,P,L,D,W,L,F,G,E,S,Q,P,K,R,Q,S,R,K,D,S,L,R,R,T,G,L,S,T,D,P,S,S,L,H,K,Q,S,E,M,G,K,S,R,V,T,R,R,V,R,A,Y,E,A,K,V,P,G,S,P,L,-,-,-,-,-,-,-,-,-,-,-,-,-,-,-,-,-,-,-,-,-,-,-,-,-,-,-,-,-,-,-,L,P,I,I,Y,E,L
Elephantulus_edwardii,-,-,-,-,-,-,-,-,-,-,-,-,-,-,-,-,-,-,-,-,-,-,-,-,-,-,-,-,-,-,-,-,-,-,-,-,-,-,-,-,-,-,-,-,-,-,-,-,-,-,-,-,-,-,-,-,-,-,-,-,-,-,-,-,-,-,-,-,-,-,-,-,-,-,-,-,-,-,-,-,-,-,-,-,-,-,-,-,-,-,-,-,-,-,-,-,-,-,-,-,-,-,-,-,-,-,-,-,-,-,-,-,-,-,-,-,-,-,-,-,-,-,-,-,-,-,-,-,-,-,-,-,-,-,-,-,-,-,-,-,-,-,-,-,-,-,-,-,-,-,-,-,-,-,-,-,-,-,-,-,-,-,-,-,-,-,-,-,-,-,-,-,-,-,-,-,-,-,-,-,-,-,-,-,-,-,-,-,-,-,-,-,-,-,-,-,-,-,-,-
Equus_caballus,M,R,S,R,L,L,L,S,V,A,H,L,P,T,I,R,E,A,S,E,E,M,L,P,G,G,P,G,Q,E,L,P,A,S,P,S,L,D,D,Y,V,R,S,I,C,Q,L,A,Q,P,T,S,V,L,D,M,A,T,A,R,V,R,P,S,R,P,H,R,T,A,R,A,C,E,K,S,C,P,P,G,S,L,Q,D,I,T,T,H,F,S,T,Q,Q,P,A,A,P,R,P,G,T,A,D,P,L,D,W,L,F,G,E,S,Q,E,K,R,P,S,R,R,E,L,P,R,M,T,G,P,S,A,E,P,R,G,P,R,R,Q,M,D,S,S,K,A,W,R,A,P,K,G,R,L,G,D,A,R,M,P,R,H,S,L,A,R,P,L,R,D,G,H,Q,D,-,-,-,-,T,P,N,S,R,C,P,S,S,V,L,R,T,L,Y,L,Q,L,P,V,I,H,E,L
Erinaceus_europaeus,M,R,S,R,L,L,L,S,V,P,H,L,P,T,I,R,E,A,S,E,E,I,L,P,G,S,-,G,Q,E,P,P,A,S,P,S,L,D,D,Y,V,K,S,I,C,H,L,A,Q,P,T,S,I,L,-,-,-,-,-,-,-,-,-,-,-,-,-,-,P,A,R,S,C,E,K,S,C,P,T,A,S,L,R,D,I,-,-,-,-,-,-,-,-,-,-,-,-,-,-,-,-,-,D,P,L,D,W,L,F,G,A,S,Q,E,K,Q,T,S,Q,R,D,T,L,-,K,T,G,P,S,A,H,P,W,G,L,F,R,K,M,D,S,R,K,V,Q,G,T,P,K,G,K,L,S,D,G,R,V,P,R,N,S,L,E,S,P,S,R,N,W,N,Q,D,R,A,A,A,H,S,S,N,S,H,P,N,S,I,L,R,T,L,Y,L,H,L,P,V,I,H,E,L
Eumetopias_jubatus,M,R,S,R,L,L,L,P,V,A,H,L,P,T,I,Q,E,T,L,E,E,M,L,P,G,G,P,G,Q,E,P,P,A,S,P,S,L,D,D,Y,V,K,S,I,C,Q,L,A,H,P,T,S,V,L,D,V,A,T,A,R,A,Q,P,S,R,S,P,R,P,A,R,T,F,Q,K,S,C,P,T,E,S,L,R,D,I,T,T,C,F,S,G,Q,Q,R,A,P,P,G,D,G,T,T,D,P,L,D,W,L,F,G,E,S,Q,E,K,R,P,S,R,R,D,P,P,R,R,T,G,F,S,A,D,S,W,G,L,H,R,Q,M,D,S,G,K,A,R,G,T,P,R,G,R,L,W,D,A,R,V,Q,G,H,S,L,V,R,P,S,R,D,W,H,Q,G,G,A,A,A,S,P,P,A,P,R,P,S,S,I,L,R,T,L,Y,L,H,L,P,V,I,H,E,L
Felis_catus,M,R,S,R,L,L,V,P,V,A,H,L,P,T,I,R,E,T,S,E,E,M,P,P,G,G,P,G,Q,E,P,L,A,S,P,S,L,D,D,Y,V,K,S,I,C,Q,L,A,Q,P,T,S,V,L,D,A,A,T,A,R,A,Q,L,G,R,P,P,Q,P,A,Q,A,F,E,T,S,C,P,T,E,S,L,R,D,I,T,T,R,F,S,G,Q,Q,P,A,P,P,R,D,G,A,A,D,P,L,D,W,L,Y,G,E,S,Q,E,K,Q,P,S,R,R,D,P,P,R,Q,T,G,S,S,A,D,P,W,G,P,Q,R,Q,M,D,G,G,K,T,R,G,T,P,G,G,R,L,C,G,A,R,V,Q,G,H,S,L,A,R,P,S,R,D,W,H,Q,G,-,-,A,A,S,P,P,P,P,R,H,G,S,T,L,R,T,L,Y,L,H,L,P,V,I,H,E,L
Fukomys_damarensis,M,R,S,R,L,L,L,S,V,V,P,L,P,T,I,R,E,T,S,E,E,M,L,P,S,D,P,G,Q,E,P,P,A,S,P,S,L,E,D,Y,V,R,S,I,C,Q,L,A,Q,P,T,T,V,L,D,K,V,T,L,W,G,Q,P,S,R,A,H,Q,E,V,Q,V,R,E,R,S,-,-,-,-,-,-,-,-,-,-,-,-,-,P,A,S,S,P,T,L,P,S,A,G,A,A,D,P,L,N,W,L,F,R,E,S,Q,E,K,Q,P,-,-,-,-,-,-,-,-,-,-,-,S,A,R,P,W,S,V,H,R,P,T,D,S,G,K,A,-,-,-,-,-,-,-,-,-,-,-,R,M,P,G,W,S,L,-,-,-,-,-,-,-,-,-,-,-,-,-,-,S,R,C,S,P,R,S,S,S,I,L,R,T,L,C,S,Q,L,P,V,I,H,E,L
Galeopterus_variegatus,M,R,S,R,L,L,F,S,V,A,H,L,P,T,I,R,E,T,S,E,E,M,L,P,G,G,P,G,Q,E,P,P,A,S,P,S,L,D,D,Y,V,K,S,I,C,Q,L,A,Q,P,T,S,V,L,D,Q,A,-,-,-,-,R,P,R,R,P,H,R,P,A,Q,A,C,E,N,S,C,T,A,A,S,L,Q,D,I,T,A,H,V,S,G,Q,Q,P,T,L,P,A,P,G,T,A,D,P,L,G,W,L,F,G,E,S,Q,E,K,Q,P,S,R,R,D,M,P,R,R,T,S,P,A,A,G,P,W,G,P,H,R,Q,T,D,S,G,K,T,R,G,T,P,G,G,R,L,C,E,A,R,A,P,G,L,F,L,A,R,L,S,-,-,-,-,-,-,R,T,V,A,S,P,C,S,P,R,T,S,S,N,L,R,T,L,Y,S,H,L,P,V,I,H,E,L
Gracilinanus_agilis,M,R,S,R,L,L,I,S,V,A,L,L,P,T,I,S,E,T,S,E,M,M,M,L,G,G,-,-,-,-,-,-,-,S,Q,S,L,D,D,Y,V,K,S,I,C,Q,L,A,Q,P,T,S,V,L,D,S,-,-,-,-,-,-,-,-,-,-,-,-,-,-,-,-,-,E,K,S,C,P,T,S,S,L,Q,D,I,T,A,R,F,S,G,Q,N,P,T,L,P,L,G,N,N,T,D,P,L,D,W,L,F,G,E,S,Q,P,K,R,Q,S,W,K,D,A,L,R,R,T,G,S,A,T,D,P,S,P,L,H,K,Q,T,E,T,G,K,S,R,V,P,R,R,V,R,-,C,E,A,K,V,S,G,-,-,-,-,-,-,-,-,-,-,-,-,-,-,-,-,-,-,-,-,-,-,-,-,-,-,-,-,-,-,-,-,-,-,L,P,V,I,Y,E,L
Grammomys_surdaster,M,R,S,R,L,L,L,P,V,P,H,L,P,T,I,R,E,T,S,E,E,L,S,H,G,A,P,G,Q,E,P,P,A,S,P,S,L,D,D,Y,V,R,C,I,C,Q,L,A,Q,P,T,S,V,L,D,K,V,T,V,R,S,R,P,N,R,P,C,R,P,A,W,T,R,E,K,K,L,Q,A,E,S,L,-,-,-,-,-,-,-,-,-,-,-,P,T,L,P,T,P,G,T,D,N,P,L,D,W,L,F,G,K,S,Q,E,Q,Q,T,D,G,S,D,L,P,N,K,I,G,-,S,S,D,H,W,G,V,H,R,Q,M,G,K,-,-,-,-,-,-,D,T,G,R,L,C,E,A,R,V,P,E,H,S,L,-,-,-,-,-,-,-,-,-,-,Q,A,S,A,S,V,F,S,S,H,P,S,S,I,L,G,T,L,Y,L,H,L,P,V,I,H,E,L
Heterocephalus_glaber,-,-,-,-,-,-,-,-,-,-,-,-,-,-,-,-,-,-,-,-,-,-,-,-,-,-,-,-,-,-,-,-,-,-,-,-,-,-,-,-,-,-,-,-,-,-,-,-,-,-,-,-,-,-,-,-,-,-,-,-,-,-,-,-,-,-,-,-,-,-,-,-,-,-,-,-,-,-,-,-,-,-,-,-,-,-,-,-,-,-,-,-,-,-,-,-,-,-,-,-,-,-,-,-,-,-,-,-,-,-,-,-,-,-,-,-,-,-,-,-,-,-,-,-,-,-,-,-,-,-,-,-,-,-,-,-,-,-,-,-,-,-,-,-,-,-,-,-,-,-,-,-,-,-,-,-,-,-,-,-,-,-,-,-,-,-,-,-,-,-,-,-,-,-,-,-,-,-,-,-,-,-,-,-,-,-,-,-,-,-,-,-,-,-,-,-,-,-,-,-
Hyaena_hyaena,M,R,S,R,L,L,V,P,V,A,H,L,P,T,I,R,E,T,S,E,E,M,L,P,G,G,P,G,Q,E,P,L,G,S,P,S,L,D,D,Y,V,K,S,I,C,Q,L,A,Q,P,T,S,V,L,D,A,V,T,A,K,A,Q,L,S,R,M,P,Q,S,A,R,A,F,K,K,S,C,P,T,E,S,L,Q,D,I,T,P,R,F,S,G,Q,Q,P,A,A,P,R,D,G,T,A,D,P,L,D,W,L,Y,G,E,S,Q,E,K,R,P,S,R,R,D,P,A,R,R,T,G,S,S,A,D,P,Q,G,S,H,R,H,M,D,G,G,K,A,Q,G,T,P,R,G,R,P,C,D,A,R,V,Q,G,H,S,L,A,G,P,S,R,D,W,H,Q,G,-,-,A,A,S,P,P,P,P,R,H,S,S,T,L,R,T,L,Y,L,H,L,P,V,I,H,E,L
Jaculus_jaculus,M,R,S,R,L,L,L,S,V,A,H,L,P,T,I,R,E,T,S,E,E,I,L,P,G,G,A,G,Q,E,P,P,A,S,P,S,L,D,D,Y,V,R,S,I,C,Q,L,A,Q,P,T,S,V,L,D,K,V,T,V,R,G,R,P,N,R,A,H,R,P,A,Q,T,T,E,K,R,S,G,A,S,S,L,-,-,-,-,-,-,-,S,G,Q,Q,P,T,L,P,S,A,G,I,D,D,P,L,A,W,L,F,G,A,S,Q,E,Q,Q,-,-,-,-,-,-,-,-,R,S,G,P,S,G,G,H,C,G,A,H,R,Q,T,D,S,G,K,A,-,-,-,-,R,E,R,L,C,E,A,R,M,P,D,C,S,L,A,R,P,S,Q,D,-,-,-,-,-,-,-,-,-,-,-,-,P,R,P,S,S,I,L,R,S,L,Y,L,H,L,P,V,I,H,E,L
Lemur_catta,M,R,S,R,L,L,L,S,V,A,H,L,P,T,I,R,E,S,T,E,E,M,L,P,G,G,P,G,Q,E,P,P,A,S,P,S,L,D,D,Y,V,R,S,I,C,Q,L,A,Q,P,T,S,L,L,D,E,A,T,A,L,G,R,P,R,P,P,H,Q,L,G,Q,A,C,E,K,S,P,P,V,P,S,L,Q,D,I,T,A,R,C,S,G,Q,Q,P,T,L,P,E,A,N,I,V,D,P,L,D,W,L,F,G,E,S,Q,E,Q,L,P,S,R,R,E,L,P,R,R,T,G,L,-,-,-,-,W,G,L,H,R,Q,M,D,S,G,K,A,R,G,A,P,R,G,R,L,C,E,A,R,A,P,G,H,S,L,A,R,P,P,R,D,G,H,Q,S,Q,A,V,A,-,-,-,-,P,H,P,S,S,V,L,R,T,L,Y,S,L,L,P,V,I,H,E,L
Leptonychotes_weddellii,M,R,S,R,L,L,L,P,V,A,H,L,P,T,I,R,E,T,L,E,E,M,L,P,G,G,P,G,Q,E,P,L,A,S,P,S,L,N,D,Y,V,K,S,I,C,Q,L,A,Q,P,T,S,V,L,D,V,A,T,A,R,A,Q,P,S,R,S,P,R,P,A,R,T,F,Q,K,S,C,P,T,E,S,L,R,H,I,T,T,R,F,S,G,Q,Q,P,A,P,P,G,D,G,T,A,D,P,L,D,W,L,F,G,E,S,Q,E,K,R,P,S,R,R,D,P,P,R,R,T,G,F,S,A,D,S,W,G,L,H,R,Q,M,D,S,G,K,A,R,G,T,P,R,G,R,L,W,D,A,R,V,Q,G,H,S,P,V,R,P,S,R,D,W,H,Q,G,G,A,A,A,S,P,L,A,P,R,P,S,S,T,L,R,T,L,Y,L,H,L,P,V,I,H,E,L
Lontra_canadensis,M,R,S,R,L,L,L,P,V,A,H,L,P,T,I,Q,E,T,L,E,E,M,L,P,G,G,P,G,Q,E,P,P,A,S,P,S,L,D,D,Y,V,K,S,I,C,Q,L,A,Q,P,T,S,V,L,D,V,A,T,A,R,A,Q,P,G,R,T,P,R,P,A,R,A,F,K,K,S,P,P,P,E,S,L,Q,D,I,T,T,R,F,S,G,Q,Q,P,A,L,P,G,D,G,T,A,D,P,L,D,W,L,F,G,E,S,Q,E,K,K,S,S,R,R,D,Q,P,R,R,T,V,S,S,A,D,S,W,D,P,H,K,Q,M,D,C,G,K,A,R,G,T,P,R,G,R,P,W,D,A,R,V,Q,G,H,S,L,A,R,P,S,R,D,S,H,Q,G,M,D,T,A,S,P,P,A,P,R,P,S,S,T,L,R,T,L,Y,L,H,L,P,V,I,H,E,L
Lynx_canadensis,M,R,S,R,L,L,V,P,V,A,H,L,P,T,I,R,E,T,S,E,E,M,P,P,G,G,P,G,Q,E,P,L,A,S,P,S,L,D,D,Y,V,K,S,I,C,Q,L,A,Q,P,T,S,V,L,D,S,A,T,A,R,A,Q,L,G,R,P,P,Q,P,A,Q,A,F,E,T,S,C,P,T,E,S,L,R,D,I,T,T,R,F,S,G,Q,Q,P,A,P,P,R,D,G,A,A,D,P,L,D,W,L,Y,G,E,S,Q,E,N,Q,P,S,R,R,D,P,P,R,R,T,G,S,S,A,D,P,W,G,P,Q,R,Q,M,D,G,G,K,A,R,G,T,P,G,G,R,L,C,G,A,R,V,Q,G,H,S,L,A,R,P,S,R,D,R,H,Q,G,-,-,A,A,S,P,P,P,P,R,H,G,S,T,L,R,T,L,Y,L,H,L,P,V,I,H,E,L
Manis_javanica,-,-,-,-,-,-,-,-,-,-,-,-,-,-,-,-,-,-,-,-,-,-,-,-,-,-,-,-,-,-,-,-,-,-,-,-,-,-,-,-,-,-,-,-,-,-,-,-,-,-,-,-,-,-,-,-,-,-,-,-,-,-,-,-,-,-,-,-,-,-,-,-,-,-,-,-,-,-,-,-,-,-,-,-,-,-,-,-,-,-,-,-,-,-,-,-,-,-,-,-,-,-,-,-,-,-,-,-,-,-,-,-,-,-,-,-,-,-,-,-,-,-,-,-,-,-,-,-,-,-,-,-,-,-,-,-,-,-,-,-,-,-,-,-,-,-,-,-,-,-,-,-,-,-,-,-,-,-,-,-,-,-,-,-,-,-,-,-,-,-,-,-,-,-,-,-,-,-,-,-,-,-,-,-,-,-,-,-,-,-,-,-,-,-,-,-,-,-,-,-
Manis_pentadactyla,M,R,S,R,L,L,L,S,E,A,H,L,P,T,I,R,E,T,S,E,E,T,L,P,V,G,T,G,Q,E,P,P,A,S,P,S,L,D,D,Y,V,R,S,I,C,Q,L,A,Q,S,T,S,V,L,G,V,P,T,A,R,G,-,-,-,-,-,-,-,-,-,-,-,-,-,-,-,-,P,C,R,S,L,E,D,I,T,T,Y,L,R,G,Q,Q,P,A,L,H,G,A,G,T,S,D,P,L,H,C,L,F,G,E,S,Q,G,R,W,P,S,R,R,E,L,P,R,T,T,G,P,S,A,E,S,R,G,P,C,G,Q,M,D,S,S,K,A,G,E,A,S,R,G,R,L,C,D,A,R,S,S,R,H,F,L,A,R,P,S,R,E,W,H,Q,G,R,A,A,V,S,P,T,R,S,C,P,S,S,I,L,R,T,L,Y,L,H,L,P,V,I,H,E,L
Mastomys_coucha,M,R,S,R,L,L,L,P,V,P,H,L,P,T,I,R,E,T,S,E,E,L,S,H,G,T,P,G,Q,E,P,P,A,S,P,S,L,D,D,Y,V,R,C,I,C,Q,L,A,Q,P,T,S,V,L,D,K,V,T,A,Q,S,H,P,D,R,P,S,R,L,A,W,T,R,E,K,R,R,Q,T,E,S,L,E,D,S,S,P,C,F,S,G,L,Q,P,T,L,A,S,P,S,T,D,D,P,L,D,W,L,F,G,K,S,Q,E,Q,Q,T,D,G,R,D,R,P,N,R,T,S,-,S,S,D,P,W,G,V,P,R,Q,M,G,K,-,-,-,-,-,-,D,S,G,R,T,C,E,A,R,V,P,E,Y,S,L,-,-,-,-,-,-,-,-,-,-,R,A,L,A,S,V,S,S,S,R,P,S,S,I,L,G,T,L,Y,L,H,L,P,V,I,H,E,L
Meles_meles,M,R,S,R,L,L,L,P,V,A,H,L,P,T,I,Q,E,T,L,E,E,M,L,P,G,A,S,G,Q,D,P,P,A,S,P,S,L,D,D,Y,V,K,S,I,C,Q,L,A,Q,P,T,S,V,L,D,V,A,T,A,R,A,Q,P,G,R,T,P,R,P,A,R,A,F,K,K,S,P,P,T,E,S,L,Q,D,I,T,T,R,F,S,G,Q,Q,P,A,L,P,G,D,G,P,A,D,P,L,D,W,L,F,G,E,S,Q,E,K,R,S,S,R,R,D,Q,P,R,R,T,G,S,S,A,D,S,W,G,P,H,R,Q,M,D,C,G,K,A,R,G,T,P,R,G,R,P,W,D,A,R,V,Q,G,H,S,L,A,R,P,S,R,D,W,H,Q,G,T,D,A,T,S,P,P,A,P,R,P,S,S,T,L,R,T,L,Y,L,H,L,P,V,I,H,E,L
Meriones_unguiculatus,M,R,S,R,L,L,L,P,V,P,H,L,P,T,I,R,E,T,A,E,E,L,S,H,G,A,P,G,Q,E,P,P,S,S,P,S,L,E,D,Y,V,R,S,I,C,Q,L,A,Q,P,A,S,V,L,D,K,V,T,A,R,S,R,P,N,R,P,Y,R,P,A,W,T,R,E,K,R,P,Q,A,E,S,L,G,D,S,S,P,R,F,S,S,L,Q,P,T,L,P,S,P,G,T,D,N,P,L,D,W,L,F,G,K,S,Q,E,Q,Q,T,E,R,R,D,L,P,N,G,T,G,-,P,S,D,H,W,G,V,H,R,L,M,D,K,-,-,-,-,-,-,D,R,R,G,P,C,E,A,R,V,P,E,R,S,L,G,R,K,-,-,-,-,-,-,-,-,-,-,-,-,-,S,S,S,R,P,S,S,L,L,S,S,L,C,L,H,L,P,V,I,H,E,L
Mesocricetus_auratus,M,R,S,R,L,L,L,P,V,P,H,L,P,T,I,R,E,T,S,E,E,L,P,H,G,A,S,G,Q,E,P,P,T,S,P,S,L,D,D,Y,V,R,S,I,C,Q,L,A,Q,P,T,S,V,L,D,K,V,I,V,R,S,R,P,H,R,P,S,R,P,A,W,T,R,E,K,R,C,Q,A,E,S,L,-,-,-,-,-,-,-,-,-,-,-,P,L,L,P,S,P,G,T,D,N,P,L,D,W,L,F,G,K,S,Q,E,E,Q,A,D,R,R,D,P,P,N,G,P,G,-,S,S,H,H,S,G,V,H,R,Q,K,E,H,-,-,-,-,-,-,-,T,G,R,L,C,E,V,R,L,P,-,-,-,-,-,-,-,-,-,-,-,-,-,-,-,-,-,-,-,-,S,R,P,R,P,S,R,I,L,S,T,L,C,L,H,L,P,V,I,R,E,L
Microcebus_murinus,M,R,S,R,L,L,L,S,V,A,H,L,P,T,I,R,E,T,T,E,E,M,L,P,G,G,P,G,Q,E,P,P,A,S,P,S,L,D,D,Y,V,R,S,I,C,Q,L,A,Q,P,T,S,V,L,D,E,A,T,A,L,G,R,P,W,P,P,H,Q,L,A,Q,V,C,E,K,S,S,P,A,P,A,L,Q,D,I,T,A,R,F,S,G,Q,Q,P,T,L,P,E,A,N,T,V,D,P,L,D,W,L,F,G,E,S,Q,E,K,L,P,S,R,R,D,L,P,R,R,T,G,P,-,-,-,-,W,D,L,H,R,Q,M,D,G,G,K,A,R,G,V,P,R,G,R,L,C,E,A,R,V,P,G,Q,S,L,A,Q,P,P,R,D,G,H,Q,S,-,-,-,-,-,-,-,-,P,R,P,S,S,V,L,R,T,L,Y,S,L,L,P,V,I,H,E,L
Microtus_fortis,M,R,S,R,L,L,L,P,V,P,H,L,P,T,I,R,E,T,S,E,E,L,S,H,G,T,P,G,Q,E,P,P,T,S,P,S,L,D,D,Y,V,R,S,I,C,Q,L,A,Q,P,T,S,V,L,D,K,V,I,V,R,N,Q,P,Q,R,P,Y,R,T,A,W,T,R,E,K,-,-,-,-,-,-,-,-,-,-,-,-,-,-,-,-,-,-,P,P,L,P,S,P,G,N,D,N,P,L,D,W,L,F,G,K,S,Q,E,Q,Q,T,E,R,R,D,P,P,N,G,T,S,-,S,S,D,H,W,G,V,H,K,Q,M,D,K,-,-,-,-,-,-,D,M,G,R,L,C,E,A,R,V,P,E,C,S,L,G,R,K,S,-,-,-,-,-,-,-,-,-,-,S,V,S,G,S,R,P,R,G,I,L,S,T,L,Y,L,H,L,P,V,I,H,E,L
Microtus_ochrogaster,M,R,S,R,L,L,L,P,V,P,H,L,P,T,I,R,E,T,S,E,E,L,S,H,G,P,P,G,Q,E,P,P,A,S,P,S,L,D,D,Y,V,R,S,I,C,Q,L,A,Q,P,T,S,V,L,D,K,V,I,V,R,N,Q,P,Q,R,P,Y,R,-,-,-,-,-,-,-,-,-,-,-,-,-,-,-,-,-,-,-,-,-,-,-,-,-,P,P,L,S,S,P,G,N,D,N,P,L,D,W,L,F,G,K,S,Q,E,Q,Q,T,E,R,R,D,P,P,N,G,T,S,-,S,S,D,Y,W,G,V,H,K,Q,M,D,K,-,-,-,-,-,-,D,T,G,R,L,C,E,A,R,V,P,E,C,S,L,G,R,K,S,-,-,-,-,-,-,Q,A,L,A,S,V,S,G,S,R,P,S,G,I,L,S,T,L,Y,L,H,L,P,V,I,H,E,L
Microtus_oregoni,M,R,S,R,L,L,L,P,V,L,H,L,P,T,I,R,E,T,S,E,E,L,S,H,G,A,P,G,Q,E,P,P,T,S,P,S,L,D,D,Y,V,R,S,I,C,Q,L,A,Q,P,T,S,V,L,D,K,V,I,V,R,N,Q,P,Q,R,P,Y,R,P,A,W,T,R,E,K,-,-,-,-,-,-,-,-,-,-,-,-,-,-,-,-,-,-,P,P,L,S,S,P,G,N,D,N,P,L,D,W,L,F,G,K,S,Q,E,Q,Q,T,E,R,R,D,P,P,N,G,T,S,-,S,S,D,H,W,G,V,H,K,L,M,D,K,-,-,-,-,-,-,D,T,G,R,L,C,E,A,R,V,P,E,C,S,L,G,R,K,S,-,-,-,-,-,-,Q,A,L,A,S,A,S,G,S,R,P,R,G,I,L,S,T,L,Y,L,H,L,P,V,I,H,E,L
Mirounga_angustirostris,M,R,S,R,L,L,L,P,V,A,H,L,P,T,I,R,E,T,L,E,E,M,L,P,G,G,P,G,Q,E,P,L,A,S,P,S,L,N,D,Y,V,K,S,I,C,Q,L,A,Q,P,T,S,V,L,D,V,A,T,A,R,A,Q,P,S,R,S,P,R,P,A,R,T,F,Q,K,S,C,P,T,E,S,L,R,D,I,T,T,R,F,S,G,Q,Q,P,A,P,P,G,D,G,T,A,D,P,L,D,W,L,F,G,E,S,Q,E,K,R,P,S,R,R,D,P,P,R,R,T,S,F,S,A,D,S,W,G,L,H,R,Q,M,D,S,G,K,A,R,G,T,P,R,G,R,L,W,D,A,R,V,Q,G,H,S,P,V,R,P,S,R,D,W,H,Q,G,G,A,A,A,S,P,L,A,P,R,P,S,S,T,L,R,T,L,Y,L,H,L,P,V,I,H,E,L
Mirounga_leonina,M,R,S,R,L,L,L,P,V,A,H,L,P,T,I,R,E,T,L,E,E,M,L,P,G,G,P,G,Q,E,P,L,A,S,P,S,L,N,D,Y,V,K,S,I,C,Q,L,A,Q,P,T,S,V,L,D,V,A,T,A,R,A,Q,P,S,R,S,P,R,P,A,R,T,F,Q,K,S,C,P,T,E,S,L,R,D,I,T,T,R,F,S,G,Q,Q,P,A,P,P,G,D,G,T,A,D,P,L,D,W,L,F,G,E,S,Q,E,K,R,P,S,R,R,D,P,P,R,R,T,G,F,S,A,D,S,W,G,L,H,R,Q,M,D,S,G,K,A,R,G,T,P,R,G,R,L,W,D,T,R,V,Q,G,H,S,P,V,R,P,S,R,D,W,H,Q,G,G,A,A,A,S,P,L,A,P,R,P,S,S,T,L,R,T,L,Y,L,H,L,P,V,I,H,E,L
Monodelphis_domestica,M,R,S,R,L,L,I,S,V,A,L,L,P,T,I,S,E,A,S,E,M,L,L,L,-,G,-,-,-,-,-,-,-,S,Q,S,L,D,D,Y,V,K,S,I,C,Q,L,A,Q,P,T,S,V,L,D,S,-,-,-,-,-,-,-,-,-,-,-,-,-,-,-,-,-,E,K,S,C,P,T,S,S,L,Q,D,I,T,A,R,F,S,G,Q,N,L,T,L,P,L,G,N,N,T,D,P,L,D,W,L,F,G,E,S,Q,T,K,R,Q,S,W,K,D,A,L,R,R,T,G,S,A,T,D,P,S,P,L,H,K,Q,T,E,T,G,K,S,R,V,A,R,R,V,R,A,C,E,A,K,V,S,G,-,-,-,-,-,-,-,-,-,-,-,-,-,-,-,-,-,-,-,-,-,-,-,-,-,-,-,-,-,-,-,-,-,-,L,P,V,I,Y,E,L
Mus_caroli,M,R,S,R,L,L,L,P,V,P,H,L,P,T,I,R,E,M,S,E,E,L,S,H,G,A,A,G,Q,E,P,P,A,S,P,S,L,D,D,Y,V,R,Y,I,C,Q,L,A,Q,P,T,S,V,L,D,K,V,T,A,Q,S,R,P,N,R,P,C,R,P,A,W,T,R,E,K,R,R,Q,A,E,S,-,-,-,-,-,-,-,-,-,-,-,-,P,T,L,P,S,P,G,T,D,N,P,L,D,W,L,F,G,K,S,Q,-,-,-,-,-,-,-,-,-,P,N,R,T,G,-,S,S,D,P,W,D,V,P,R,Q,M,G,K,-,-,-,-,-,-,D,T,G,R,L,C,E,A,R,V,P,E,H,S,-,-,-,-,-,-,-,-,-,-,-,R,A,L,V,S,V,S,S,S,R,P,S,S,I,L,G,T,L,Y,L,H,L,P,V,I,H,E,L
Mus_musculus,M,R,S,R,L,L,L,P,V,P,H,L,P,T,I,R,E,M,S,E,E,L,S,H,G,A,A,G,Q,E,P,P,A,S,P,S,L,D,D,Y,V,R,C,I,C,Q,L,A,Q,P,T,S,V,L,D,K,V,T,A,Q,S,R,P,N,R,P,S,R,P,A,W,T,R,E,K,R,R,Q,A,E,S,-,-,-,-,-,-,-,-,-,-,-,-,P,T,L,P,S,P,G,T,D,N,P,L,D,W,L,F,G,K,S,Q,-,-,-,-,-,-,-,-,-,P,N,R,T,G,-,S,S,D,P,W,D,V,P,R,Q,M,G,K,-,-,-,-,-,-,D,T,G,R,L,C,E,A,R,V,P,E,H,S,L,-,-,-,-,-,-,-,-,-,-,R,A,L,A,S,V,S,S,S,R,P,S,S,I,L,G,T,L,Y,L,H,L,P,V,I,H,E,L
Mus_pahari,M,R,S,R,L,L,L,P,V,P,H,L,P,T,I,R,E,T,S,E,E,L,S,H,G,A,P,G,Q,E,P,P,A,S,P,S,L,D,D,Y,V,R,C,I,C,Q,L,A,Q,P,T,S,V,L,D,N,V,T,T,Q,S,R,P,N,R,P,C,R,P,A,W,T,R,E,K,R,R,Q,A,K,S,P,G,D,S,S,P,C,F,S,S,L,Q,P,T,L,P,F,P,G,T,E,N,P,L,D,W,L,F,G,K,S,Q,-,-,-,-,-,-,-,-,-,P,N,R,T,G,-,S,S,D,P,W,G,V,P,R,Q,K,G,K,-,-,-,-,-,-,D,T,G,R,L,C,E,A,R,V,P,E,H,S,L,-,-,-,-,-,-,-,-,-,-,R,A,L,A,S,V,S,S,S,R,P,S,S,I,L,G,T,L,Y,L,H,L,P,V,I,Q,E,L
Mustela_erminea,M,R,S,R,L,L,L,P,V,A,H,L,P,T,I,Q,E,T,L,E,E,M,L,P,G,G,P,G,Q,E,P,P,A,S,P,S,L,D,D,Y,V,K,S,I,C,Q,L,A,Q,P,T,S,V,L,D,V,A,T,V,R,A,Q,P,G,R,T,P,R,P,A,R,A,F,R,K,S,P,P,T,E,S,L,Q,D,I,T,T,R,F,S,G,Q,Q,P,A,L,P,G,D,G,T,A,D,P,L,D,W,L,F,G,E,S,Q,E,K,R,S,S,R,R,D,Q,P,R,R,T,G,S,S,A,D,S,W,G,P,H,K,Q,M,D,C,G,K,A,R,G,T,P,R,G,R,P,W,D,A,R,V,Q,G,H,S,L,A,R,P,S,R,D,W,H,Q,G,T,D,V,A,S,P,H,T,P,R,P,R,S,T,L,R,T,L,Y,L,H,L,P,V,I,H,E,L
Mustela_putorius_furo,M,R,S,R,L,L,L,P,V,A,H,L,P,T,I,Q,E,T,L,E,E,M,L,P,G,G,P,G,Q,E,P,P,A,S,P,S,L,D,D,Y,V,K,S,I,C,Q,L,A,Q,P,T,S,V,L,D,V,A,T,V,R,A,Q,P,G,R,T,P,R,P,A,R,A,F,R,K,S,P,P,T,E,S,L,Q,D,I,T,T,R,F,S,G,Q,Q,P,A,L,P,G,D,G,T,A,D,P,L,D,W,L,F,G,E,S,Q,E,K,R,S,S,R,R,D,Q,P,R,R,T,G,S,S,A,D,S,W,G,P,H,K,Q,M,D,C,G,K,A,R,G,T,P,R,G,R,P,W,D,A,R,V,Q,G,H,P,L,A,R,P,S,R,D,W,H,Q,G,T,D,V,A,S,P,P,A,P,R,P,R,S,T,L,R,T,L,Y,L,H,L,P,V,I,H,E,L
Myodes_glareolus,M,R,S,R,L,L,L,P,V,P,H,L,P,T,I,R,E,T,S,E,E,L,S,H,G,A,P,G,Q,E,P,P,T,S,P,S,L,D,D,Y,V,R,S,I,C,Q,L,A,Q,P,T,S,V,L,D,K,V,I,V,Q,N,Q,P,Q,R,P,Y,R,P,A,W,T,R,E,K,R,C,Q,A,E,S,Q,E,D,S,S,P,C,F,S,S,L,Q,P,P,L,P,S,P,G,N,D,N,P,L,D,W,L,F,G,K,S,Q,E,Q,Q,T,D,R,R,D,L,P,N,G,T,S,-,S,L,D,H,W,G,V,Y,K,Q,M,D,K,-,-,-,-,-,-,A,T,G,R,L,R,E,A,R,V,P,E,C,S,L,G,R,K,S,-,-,-,-,-,-,Q,A,L,A,S,V,S,G,S,R,P,S,G,I,L,S,S,L,Y,L,H,L,P,V,I,H,E,L
Neogale_vison,M,R,S,R,L,L,L,P,V,A,H,L,P,T,I,Q,E,T,L,E,E,M,L,P,G,G,P,G,Q,E,P,P,A,S,P,S,L,D,D,Y,V,K,S,I,C,Q,L,A,Q,P,T,S,V,L,D,V,A,T,V,R,A,Q,P,G,R,T,P,R,P,A,R,A,F,K,K,S,P,P,T,E,S,L,Q,D,I,T,T,R,F,S,G,Q,Q,P,A,L,P,G,D,G,T,A,D,P,L,D,W,L,F,G,E,S,Q,E,K,R,S,S,R,R,D,Q,P,R,R,T,G,S,S,A,D,S,W,G,P,H,K,Q,M,D,C,G,K,A,R,G,T,P,R,G,R,P,W,D,A,R,V,Q,G,H,S,L,A,R,P,S,R,D,W,H,Q,G,T,D,A,A,S,P,P,A,P,R,P,R,S,T,L,R,T,L,Y,L,H,L,P,V,I,H,E,L
Odobenus_rosmarus_divergens,M,R,S,R,L,L,L,P,V,A,H,L,P,T,I,Q,E,T,L,E,E,M,L,P,G,G,P,G,Q,E,P,P,A,S,P,S,L,D,D,Y,V,K,S,I,C,Q,L,A,H,P,T,S,V,L,D,V,A,T,A,R,A,Q,P,S,R,S,P,R,P,A,R,T,F,Q,K,S,C,P,T,E,S,L,R,D,I,T,T,C,F,R,G,Q,Q,R,T,P,P,G,D,G,T,T,D,P,L,D,W,L,F,G,E,S,Q,E,K,R,P,S,R,R,D,P,P,R,R,T,G,F,S,A,D,S,W,G,L,H,R,Q,M,D,S,G,K,A,R,G,T,P,R,G,R,L,W,D,A,R,V,Q,G,H,S,L,V,R,P,S,R,D,W,H,Q,G,G,A,M,A,S,P,P,A,P,R,P,S,S,T,L,R,T,L,Y,L,Q,L,P,V,I,H,E,L
Odocoileus_virginianus_texanus,M,R,S,R,L,L,L,S,V,A,L,L,P,T,I,R,E,T,S,E,E,M,L,P,G,G,A,G,E,E,P,P,A,S,P,S,L,D,D,Y,V,R,S,I,C,Q,L,A,Q,P,T,S,V,L,D,E,A,A,A,R,V,R,T,S,R,P,H,R,P,A,R,S,C,A,K,S,C,P,T,G,S,L,Q,D,I,T,T,R,F,T,G,Q,Q,P,S,L,P,G,T,G,T,V,D,P,L,D,W,L,F,G,E,S,Q,E,K,Q,P,S,R,R,D,V,P,R,R,T,G,P,S,A,D,P,W,A,S,R,R,Q,M,D,S,G,K,A,P,A,T,P,R,G,R,L,S,D,A,K,D,P,G,H,S,L,Q,R,T,S,R,D,W,H,R,C,Q,D,A,G,S,P,T,S,P,R,P,S,S,I,L,R,T,L,Y,L,H,L,P,V,I,H,E,L
Onychomys_torridus,M,R,S,R,L,L,L,P,V,P,H,L,P,T,I,R,E,T,S,E,E,L,P,H,G,A,P,G,Q,E,P,P,T,S,P,S,L,D,D,Y,V,R,S,I,C,Q,L,A,Q,P,T,S,V,L,D,K,V,I,V,Q,S,Q,P,H,R,P,S,R,P,A,W,T,R,E,K,-,-,-,-,-,-,-,-,-,-,-,-,-,-,-,-,-,-,P,A,L,P,S,P,G,T,D,N,P,L,D,W,L,F,G,K,S,Q,E,Q,Q,T,D,R,R,D,L,P,N,G,T,S,-,S,F,G,H,W,V,V,H,K,Q,M,D,K,-,-,-,-,-,-,D,M,G,R,L,C,E,A,-,-,-,-,-,-,-,-,-,-,-,-,-,-,-,-,-,Q,A,S,A,S,I,P,G,S,R,P,S,S,I,L,S,T,L,Y,Q,H,L,P,V,I,H,E,L
Ornithorhynchus_anatinus,-,-,-,-,-,-,-,-,-,-,-,-,-,-,-,-,-,-,-,-,-,-,-,-,-,-,-,-,-,-,-,-,-,-,-,-,-,-,-,-,-,-,-,-,-,-,-,-,-,-,-,-,-,-,-,-,-,-,-,-,-,-,-,-,-,-,-,-,-,-,-,-,-,-,-,-,-,-,-,-,-,-,-,-,-,-,-,-,-,-,-,-,-,-,-,-,-,-,-,-,-,-,-,-,-,-,-,-,-,-,-,-,-,-,-,-,-,-,-,-,-,-,-,-,-,-,-,-,-,-,-,-,-,-,-,-,-,-,-,-,-,-,-,-,-,-,-,-,-,-,-,-,-,-,-,-,-,-,-,-,-,-,-,-,-,-,-,-,-,-,-,-,-,-,-,-,-,-,-,-,-,-,-,-,-,-,-,-,-,-,-,-,-,-,-,-,-,-,-,-
Orycteropus_afer_afer,M,R,S,R,L,L,I,S,V,G,L,L,P,T,I,R,E,S,S,E,E,I,L,S,R,G,P,V,Q,E,P,P,P,S,P,S,L,D,D,Y,V,R,S,I,C,Q,L,A,Q,P,T,S,V,L,D,E,A,P,A,-,-,-,-,-,-,-,-,-,-,-,-,-,-,-,-,-,-,-,-,-,-,-,-,-,I,T,T,C,F,S,S,Q,W,P,Q,L,P,G,A,S,T,A,D,P,L,D,W,L,F,G,G,S,Q,E,K,Q,P,S,R,R,D,L,L,R,R,T,G,P,S,A,D,P,C,G,P,H,R,Q,M,D,M,G,K,P,R,S,G,P,R,I,R,F,C,D,I,R,A,P,G,H,S,L,V,E,P,S,Q,H,G,H,Q,-,-,-,-,-,-,-,-,-,-,-,-,-,A,A,L,R,T,L,H,S,H,L,P,V,I,H,E,L
Oryctolagus_cuniculus,M,R,S,R,L,L,L,S,V,A,P,L,P,T,I,R,E,T,S,E,E,M,L,P,G,G,L,G,Q,E,P,P,A,S,P,S,L,D,D,Y,V,R,S,I,C,Q,L,A,Q,P,T,C,V,L,D,K,A,T,-,-,-,-,-,-,-,-,-,-,P,A,W,G,L,E,E,T,C,P,T,A,T,L,Q,D,S,T,A,R,F,G,A,Q,Q,P,P,R,P,T,A,G,P,A,D,P,L,D,W,L,F,G,E,S,Q,E,K,Q,S,S,R,R,Q,P,A,R,R,T,G,A,S,A,G,L,G,G,L,H,R,Q,T,D,S,G,K,T,R,A,V,P,R,G,K,L,C,E,A,R,A,P,G,H,S,L,A,R,T,S,R,D,G,P,Q,S,-,-,-,-,-,-,-,S,P,R,P,S,S,I,L,R,T,F,Y,L,H,L,P,V,I,H,E,L
Oryx_dammah,M,R,S,R,L,L,L,S,V,A,L,L,P,T,I,R,E,T,S,E,E,M,L,P,G,G,A,G,E,E,P,P,A,S,P,S,L,E,D,Y,V,R,S,I,C,Q,L,A,Q,P,T,S,V,L,D,E,A,A,A,R,V,R,T,S,R,P,H,R,P,A,R,S,C,A,K,S,C,P,A,G,S,L,Q,D,I,T,T,P,F,T,G,Q,Q,P,S,L,S,G,T,G,T,V,D,P,L,D,W,L,F,G,E,S,Q,E,R,Q,P,S,R,R,D,V,P,R,R,T,G,P,S,A,D,P,W,A,S,R,R,Q,T,D,S,G,K,A,P,G,T,P,R,G,R,L,S,D,A,K,A,P,G,H,S,L,R,R,T,S,R,D,W,H,Q,C,Q,D,A,G,S,L,A,S,P,R,H,S,S,I,L,R,T,L,C,L,Y,L,P,V,I,H,E,L
Otolemur_garnettii,M,R,S,R,L,L,L,S,V,P,H,L,P,T,I,R,E,T,T,E,E,M,L,P,G,G,P,G,L,E,S,P,A,S,P,T,L,D,D,Y,V,R,S,I,C,Q,L,A,Q,P,T,S,V,L,D,E,A,T,V,L,G,R,P,R,T,P,H,Q,P,G,R,A,L,E,K,S,C,L,A,I,S,L,Q,D,I,T,A,R,F,S,G,Q,Q,P,T,L,P,E,A,D,T,V,D,P,L,D,Q,L,F,G,E,S,Q,E,E,W,S,S,R,R,N,L,S,R,R,T,R,P,C,A,G,S,W,G,L,H,G,Q,M,D,S,G,K,A,R,G,A,P,R,G,R,L,C,E,A,R,A,P,G,H,S,L,A,R,P,R,R,D,-,-,-,-,Q,A,V,A,S,R,H,N,P,R,P,S,S,A,L,R,T,L,Y,S,L,L,P,V,I,H,E,L
Panthera_leo,M,R,S,R,L,L,V,P,V,A,H,L,P,T,I,R,E,T,S,E,E,M,P,P,G,G,S,G,Q,E,P,L,A,S,P,S,L,D,D,Y,V,K,S,I,C,Q,L,A,Q,P,T,S,V,L,D,A,A,T,A,R,A,Q,L,G,R,P,P,Q,P,A,Q,A,F,E,T,S,C,P,T,E,S,L,R,D,I,T,T,R,F,S,G,Q,Q,P,A,P,P,R,D,G,A,A,D,P,L,D,W,L,Y,G,E,S,Q,E,K,Q,P,S,R,R,D,P,P,R,R,T,G,S,S,A,D,P,W,G,P,Q,R,Q,M,D,G,G,K,A,R,G,T,P,G,G,R,L,C,D,T,R,V,Q,G,H,S,L,A,R,P,S,R,D,R,H,Q,G,-,-,A,A,S,P,P,P,P,R,H,G,S,T,L,R,T,L,Y,L,H,L,P,V,I,H,E,L
Panthera_pardus,M,R,S,R,L,L,V,P,V,A,H,L,P,T,I,R,E,T,S,E,E,M,P,P,G,G,S,G,Q,E,P,L,A,S,P,S,L,D,D,Y,V,K,S,I,C,Q,L,A,Q,P,T,S,V,L,D,A,A,T,A,R,A,Q,L,G,R,P,P,Q,P,A,Q,A,F,E,T,S,C,P,T,E,S,L,R,D,I,T,T,R,F,S,G,Q,Q,P,A,P,P,R,D,G,A,A,D,P,L,D,W,L,Y,G,E,S,Q,E,K,Q,P,S,R,R,D,P,P,R,R,T,G,S,S,A,D,P,W,G,P,Q,R,Q,M,D,G,G,K,A,R,G,T,P,G,G,R,L,C,D,T,R,V,Q,G,H,S,L,A,R,P,S,R,D,R,H,Q,G,-,-,A,A,S,P,P,P,P,R,H,G,S,T,L,R,T,L,Y,L,H,L,P,V,I,H,E,L
Panthera_uncia,M,R,S,R,L,L,V,P,V,A,H,L,P,T,I,R,E,T,S,E,E,M,P,P,G,G,P,G,Q,E,P,L,A,S,P,S,L,D,D,Y,V,K,S,I,C,Q,L,A,Q,P,T,S,V,L,D,A,A,T,A,R,A,Q,L,G,R,P,P,Q,P,A,Q,A,F,E,T,S,C,P,T,E,S,L,R,D,I,T,T,R,F,S,G,Q,Q,P,A,P,P,R,D,G,A,A,D,P,L,D,W,L,Y,G,E,S,Q,E,K,Q,P,S,R,R,D,P,P,R,R,T,G,S,S,A,D,P,W,G,P,Q,R,Q,M,D,G,G,K,A,Q,G,T,P,G,G,R,L,C,D,A,R,V,Q,G,H,S,L,A,R,P,S,R,D,R,H,Q,G,-,-,A,A,S,P,P,P,P,R,H,G,S,T,L,R,T,L,Y,L,H,L,P,V,I,H,E,L
Perognathus_longimembris_pacificus,M,R,S,R,L,L,L,S,V,A,H,L,P,T,I,R,E,T,S,E,E,M,V,A,R,G,P,G,Q,E,L,L,A,S,H,S,L,D,D,Y,V,R,S,I,C,Q,L,A,Q,P,T,S,V,L,D,K,I,T,A,R,G,Q,P,N,R,-,-,-,-,-,-,-,-,-,-,-,-,-,-,-,-,-,-,-,-,-,-,-,-,-,-,-,-,-,T,V,P,S,A,G,T,A,D,P,L,D,W,L,F,G,E,S,Q,E,K,E,P,N,-,K,G,L,P,R,G,P,S,P,H,A,G,H,W,G,T,C,R,Q,M,D,R,S,K,A,-,-,-,-,R,G,R,P,C,E,A,R,A,L,A,H,S,L,A,K,P,S,Q,D,R,H,Q,-,W,A,L,T,T,S,C,S,P,H,P,S,S,I,L,R,S,L,Y,L,H,L,P,V,I,H,E,L
Peromyscus_californicus_insignis,M,R,S,R,L,L,L,P,V,P,H,L,P,T,I,R,E,T,S,E,E,L,S,H,G,A,P,G,Q,E,P,P,T,S,P,S,L,D,D,Y,V,R,S,I,C,Q,L,A,Q,P,T,S,V,M,D,K,V,I,V,Q,S,R,P,H,R,P,Y,R,P,A,W,T,R,E,K,R,R,Q,A,E,S,L,G,D,S,S,P,C,F,S,S,L,Q,P,T,L,P,S,P,G,T,D,N,P,L,D,W,L,F,G,K,S,Q,E,Q,Q,T,D,R,R,D,L,P,N,G,T,S,-,S,F,G,H,G,G,V,H,R,Q,M,D,K,-,-,-,-,-,-,D,M,G,R,L,C,E,A,R,V,P,E,Y,S,L,G,R,K,S,-,-,-,-,-,-,Q,A,S,A,S,G,S,G,S,R,P,S,S,L,L,S,T,L,Y,L,H,L,P,V,I,H,E,L
Peromyscus_leucopus,M,R,S,R,L,R,L,P,V,P,H,L,P,T,I,R,E,T,S,E,E,L,P,H,G,A,P,G,Q,E,P,P,T,S,P,S,L,D,D,Y,V,R,S,I,C,Q,L,A,Q,P,T,S,V,L,D,K,V,I,V,Q,S,R,P,H,R,P,Y,R,P,A,W,T,R,E,K,R,R,Q,A,E,S,L,E,D,S,S,P,C,F,S,S,P,Q,P,T,L,P,S,P,G,T,D,N,P,L,D,W,L,F,G,K,S,Q,E,Q,Q,T,D,R,R,D,L,P,N,G,T,S,-,S,F,G,H,G,G,V,H,K,Q,M,D,K,-,-,-,-,-,-,D,M,G,R,L,C,K,A,R,V,P,-,-,-,-,-,-,-,-,-,-,-,-,-,-,Q,A,S,A,S,V,S,G,S,C,P,G,S,L,L,S,T,L,Y,L,H,L,P,V,I,Q,E,L
Peromyscus_maniculatus_bairdii,M,R,S,R,L,R,L,P,V,P,H,L,P,T,I,R,E,T,S,E,E,L,P,H,G,A,P,G,Q,E,P,P,T,S,P,S,L,D,D,Y,V,R,S,I,C,Q,L,A,Q,P,T,S,V,L,D,K,V,I,V,Q,S,R,P,H,R,P,Y,R,P,A,W,T,R,E,K,R,R,Q,A,E,S,L,G,D,C,S,P,C,F,S,S,-,Q,P,T,L,P,S,P,G,T,D,N,P,L,D,W,L,F,G,K,S,Q,E,Q,H,T,D,R,R,D,L,P,N,G,T,S,-,S,F,G,H,G,G,V,H,K,Q,M,D,K,-,-,-,-,-,-,D,M,G,R,L,C,E,A,R,V,P,-,-,-,-,-,-,-,-,-,-,-,-,-,-,Q,A,S,A,S,V,S,G,S,R,P,S,S,L,L,S,T,L,Y,L,H,L,P,V,I,H,E,L
Phascolarctos_cinereus,M,R,S,R,L,L,I,S,V,A,L,L,P,T,I,S,E,T,S,E,V,M,M,L,G,G,-,-,-,-,-,-,-,S,Q,S,L,D,D,Y,V,K,S,I,C,Q,L,A,Q,P,T,S,V,L,D,S,-,-,-,-,-,-,-,-,-,-,-,-,-,-,-,-,-,E,K,S,S,P,T,S,S,L,Q,D,I,T,A,R,F,S,G,Q,H,P,T,L,-,-,-,-,-,-,D,P,L,D,W,L,F,G,E,S,Q,P,K,R,Q,S,W,K,D,A,L,R,R,T,G,L,S,T,D,P,S,P,L,H,K,Q,T,E,T,G,K,S,R,V,A,R,R,V,R,A,C,E,A,K,I,P,G,-,-,-,-,-,-,-,-,-,-,-,-,-,-,-,-,-,-,-,-,-,-,-,-,-,-,-,L,R,S,L,N,S,N,L,P,V,I,Y,E,L
Phoca_vitulina,M,R,S,R,L,L,L,P,V,A,H,L,P,T,I,R,E,T,L,E,E,M,L,P,G,G,P,G,Q,E,P,L,A,S,P,S,L,N,D,Y,V,K,S,I,C,Q,L,A,Q,P,T,S,V,L,D,V,A,T,A,R,A,Q,P,S,R,S,P,R,P,A,R,T,F,Q,K,S,C,P,A,E,S,L,R,D,I,T,T,R,F,S,G,Q,Q,P,A,P,P,G,D,G,T,A,D,P,L,A,W,L,F,G,E,S,Q,E,K,R,P,S,R,R,D,P,P,R,R,T,G,F,S,A,D,S,W,G,L,H,R,Q,M,D,S,G,K,A,R,G,T,P,R,G,R,L,W,D,A,R,V,Q,G,H,S,P,V,R,P,S,R,D,W,H,Q,G,G,A,A,A,S,P,L,A,P,R,P,S,S,T,L,R,T,L,Y,L,H,L,P,V,I,H,E,L
Phodopus_roborovskii,M,R,S,R,L,L,L,P,V,P,H,L,P,T,I,R,E,T,S,E,E,L,S,H,G,A,A,G,Q,E,P,P,T,S,P,S,L,D,D,Y,I,R,S,I,C,Q,L,A,Q,P,T,S,V,L,D,K,V,A,V,R,S,R,P,H,S,P,Y,R,P,A,W,T,R,E,K,R,C,Q,A,E,S,L,A,D,S,S,P,C,F,S,S,L,P,P,P,L,S,S,P,G,T,D,N,P,L,D,W,L,F,G,K,S,Q,E,Q,Q,-,-,-,-,-,-,-,-,-,-,-,-,-,-,-,-,-,-,-,H,R,Q,M,E,E,-,-,-,-,-,-,Y,T,G,R,L,C,E,T,R,L,P,E,-,-,-,-,-,-,-,-,-,-,-,-,-,-,-,-,-,-,-,-,N,S,R,P,S,G,I,L,S,T,L,C,L,H,L,P,V,I,H,E,L
Prionailurus_bengalensis_euptilurus,-,-,-,-,-,-,-,-,-,-,-,-,-,-,-,-,-,-,-,-,-,-,-,-,-,-,-,-,-,-,-,-,-,-,-,-,-,-,-,-,-,-,-,-,-,-,-,-,-,-,-,-,-,-,-,-,-,-,-,-,-,-,-,-,-,-,-,-,-,-,-,-,-,-,-,-,-,-,-,-,-,-,-,-,-,-,-,-,-,-,-,-,-,-,-,-,-,-,-,-,-,-,-,-,-,-,-,-,-,-,-,-,-,-,-,-,-,-,-,-,-,-,-,-,-,-,-,-,-,-,-,-,-,-,-,-,-,-,-,-,-,-,-,-,-,-,-,-,-,-,-,-,-,-,-,-,-,-,-,-,-,-,-,-,-,-,-,-,-,-,-,-,-,-,-,-,-,-,-,-,-,-,-,-,-,-,-,-,-,-,-,-,-,-,-,-,-,-,-,-
Puma_concolor,M,R,S,R,L,L,V,P,V,A,H,L,P,T,I,R,E,T,S,E,E,M,P,P,G,G,P,G,Q,E,P,L,A,S,P,S,L,D,D,Y,V,K,S,I,C,Q,L,A,Q,P,T,S,V,L,D,A,A,T,A,R,A,Q,L,G,R,P,P,Q,P,A,Q,A,F,E,T,N,C,P,T,E,S,L,R,D,I,T,T,R,F,I,G,Q,Q,P,A,P,P,R,D,G,A,A,D,P,L,D,W,L,Y,G,E,S,Q,E,K,Q,P,S,R,R,D,P,P,R,R,T,G,S,S,A,D,P,W,G,P,Q,R,Q,M,D,G,G,K,A,R,G,T,P,G,G,R,L,C,D,S,R,V,Q,G,H,S,L,A,R,P,S,R,D,R,H,Q,G,-,-,A,A,S,P,P,P,P,R,H,G,S,S,L,R,T,L,Y,L,H,L,P,V,I,H,E,L
Puma_yagouaroundi,M,R,S,R,L,L,V,P,V,A,H,L,P,T,I,R,E,T,S,E,E,M,P,P,G,G,P,G,Q,E,P,L,A,S,P,S,L,D,D,Y,V,K,S,I,C,Q,L,A,Q,P,T,S,V,L,D,A,A,T,A,R,A,Q,L,G,R,P,P,Q,P,A,Q,A,F,E,T,N,C,P,T,E,S,L,R,D,I,T,T,R,F,I,G,Q,Q,P,A,P,P,R,D,G,A,A,D,P,L,D,W,L,Y,G,E,S,Q,E,K,Q,P,S,R,R,D,P,P,R,R,T,G,S,S,A,D,P,W,G,P,Q,R,Q,M,D,G,G,K,A,R,G,T,P,G,G,R,L,C,D,S,R,V,Q,G,H,S,L,A,R,P,S,R,D,R,H,Q,G,-,-,A,A,S,P,P,P,P,R,H,G,S,T,L,R,T,L,Y,L,H,L,P,V,I,H,E,L
Rattus_norvegicus,M,R,S,R,L,L,L,P,V,P,H,L,P,T,I,R,E,T,S,E,E,L,S,H,G,A,P,G,Q,E,P,P,A,S,P,S,L,D,D,Y,V,R,C,I,C,Q,L,A,Q,P,T,S,V,V,D,K,A,T,A,W,S,P,P,N,R,S,C,R,P,A,W,P,R,E,K,R,H,Q,S,E,S,L,E,D,S,S,P,C,F,S,S,L,Q,P,T,L,P,A,P,G,T,D,N,P,L,D,W,L,F,G,K,S,Q,E,Q,Q,T,D,R,R,D,L,P,N,R,T,G,-,S,S,G,H,W,G,V,H,R,Q,M,G,K,-,-,-,-,-,-,D,S,G,R,P,S,E,A,R,V,P,E,Y,S,L,-,-,-,-,-,-,-,-,-,-,Q,A,L,A,S,V,S,S,S,R,P,S,S,I,L,G,T,L,Y,L,H,L,P,V,I,H,E,L
Rattus_rattus,M,R,S,R,L,L,L,P,V,P,H,L,P,T,I,R,E,T,S,E,E,L,S,H,G,A,P,G,Q,E,P,P,A,S,P,S,L,D,D,Y,V,R,C,I,C,Q,L,A,Q,P,T,S,V,L,D,K,A,T,A,W,S,P,P,N,R,S,C,R,P,A,W,P,R,E,K,R,H,Q,S,E,S,L,E,D,S,S,P,C,F,S,S,L,Q,T,T,L,P,A,P,G,T,D,N,P,L,D,W,L,F,G,K,S,Q,E,Q,Q,T,D,R,R,D,L,P,N,R,T,G,-,S,S,G,H,W,G,V,H,R,Q,M,G,K,-,-,-,-,-,-,D,S,G,R,P,S,E,A,R,V,P,E,Y,S,L,-,-,-,-,-,-,-,-,-,-,Q,A,L,A,S,V,S,S,S,R,P,S,S,I,L,G,T,L,Y,L,H,L,P,V,I,H,E,L
Sarcophilus_harrisii,M,R,S,R,L,L,I,S,V,A,L,L,P,T,I,S,E,N,S,E,M,M,M,L,-,G,-,-,-,-,-,-,-,S,Q,S,L,D,D,Y,V,K,S,I,C,Q,L,A,Q,P,T,S,V,L,D,S,-,-,-,-,-,-,-,-,-,-,-,-,-,-,-,-,-,E,K,S,S,P,A,S,P,M,Q,D,I,T,A,H,F,S,G,Q,H,S,T,L,P,L,G,N,N,I,D,P,L,D,W,L,F,G,E,S,Q,P,K,R,Q,S,W,K,D,T,L,R,R,T,G,L,S,T,D,P,S,C,L,H,K,Q,N,E,P,G,K,S,R,V,P,R,R,I,R,A,C,E,A,K,L,P,G,-,-,-,-,-,-,-,-,-,-,-,-,-,-,-,-,-,-,-,-,-,-,-,-,-,-,-,-,-,-,-,-,-,-,L,P,V,I,Y,E,L
Suncus_etruscus,-,-,-,-,-,-,-,-,-,-,-,-,-,-,-,-,-,-,-,-,-,-,-,-,-,-,-,-,-,-,-,-,-,-,-,-,-,-,-,-,-,-,-,-,-,-,-,-,-,-,-,-,-,-,-,-,-,-,-,-,-,-,-,-,-,-,-,-,-,-,-,-,-,-,-,-,-,-,-,-,-,-,-,-,-,-,-,-,-,-,-,-,-,-,-,-,-,-,-,-,-,-,-,-,-,-,-,-,-,-,-,-,-,-,-,-,-,-,-,-,-,-,-,-,-,-,-,-,-,-,-,-,-,-,-,-,-,-,-,-,-,-,-,-,-,-,-,-,-,-,-,-,-,-,-,-,-,-,-,-,-,-,-,-,-,-,-,-,-,-,-,-,-,-,-,-,-,-,-,-,-,-,-,-,-,-,-,-,-,-,-,-,-,-,-,-,-,-,-,-
Sus_scrofa,M,R,S,R,L,L,L,S,V,P,H,L,P,T,I,R,E,T,S,E,E,M,L,P,V,G,P,G,E,E,P,P,A,S,P,S,L,D,D,Y,V,R,S,I,C,Q,L,A,Q,P,T,S,V,L,D,E,A,A,A,W,A,R,P,R,R,P,H,R,P,G,R,S,C,E,K,S,R,S,D,G,S,L,Q,D,I,T,T,H,F,S,G,Q,Q,P,V,L,P,R,A,G,P,A,D,P,L,D,W,L,F,G,E,S,Q,E,K,R,P,S,R,R,D,L,P,R,R,T,G,L,P,A,D,P,Q,A,L,R,K,E,T,N,S,G,K,A,Q,G,G,P,K,G,R,L,C,E,A,R,A,P,E,H,S,L,E,R,P,L,R,N,W,H,Q,C,R,D,A,A,S,S,T,S,P,R,R,S,S,I,L,R,T,L,Y,L,H,L,P,V,I,H,E,L
Tachyglossus_aculeatus,-,-,-,-,-,-,-,-,-,-,-,-,-,-,-,-,-,-,-,-,-,-,-,-,-,-,-,-,-,-,-,-,-,-,-,-,-,-,-,-,-,-,-,-,-,-,-,-,-,-,-,-,-,-,-,-,-,-,-,-,-,-,-,-,-,-,-,-,-,-,-,-,-,-,-,-,-,-,-,-,-,-,-,-,-,-,-,-,-,-,-,-,-,-,-,-,-,-,-,-,-,-,-,-,-,-,-,-,-,-,-,-,-,-,-,-,-,-,-,-,-,-,-,-,-,-,-,-,-,-,-,-,-,-,-,-,-,-,-,-,-,-,-,-,-,-,-,-,-,-,-,-,-,-,-,-,-,-,-,-,-,-,-,-,-,-,-,-,-,-,-,-,-,-,-,-,-,-,-,-,-,-,-,-,-,-,-,-,-,-,-,-,-,-,-,-,-,-,-,-
Talpa_occidentalis,M,R,S,R,L,L,L,S,V,A,H,L,P,T,I,R,E,A,S,E,E,M,L,P,G,G,H,G,R,E,P,P,A,S,P,S,L,D,D,Y,V,K,S,I,C,Q,L,A,Q,P,T,S,L,L,E,E,A,A,A,S,V,R,P,C,R,P,H,R,P,V,K,A,C,Q,K,N,S,L,T,D,S,L,Q,D,I,T,T,R,F,S,G,Q,Q,P,T,L,P,G,A,G,T,A,D,P,L,D,W,L,F,G,E,S,Q,E,K,L,P,S,R,N,D,L,S,R,R,T,G,P,S,A,D,S,W,G,S,H,K,Q,T,D,S,S,K,A,Q,V,A,P,R,G,R,L,S,D,A,R,V,P,G,H,S,L,E,K,L,S,R,G,W,H,Q,G,Q,A,V,A,S,P,I,S,S,H,P,N,S,V,L,R,T,L,Y,L,H,L,P,V,I,H,E,L
Trichechus_manatus_latirostris,M,R,S,R,L,L,I,S,V,A,L,L,P,T,I,L,E,T,S,E,E,G,L,S,R,G,P,V,Q,E,S,P,P,S,P,S,L,D,D,Y,V,R,S,I,C,Q,L,A,Q,P,A,S,A,L,N,E,A,S,A,G,Q,R,P,S,R,L,H,R,S,A,R,A,C,E,R,R,H,T,A,M,S,P,Q,D,V,T,T,C,F,S,S,Q,G,P,L,L,P,G,A,G,T,A,D,P,L,D,W,L,F,G,E,S,Q,E,T,P,S,S,R,K,D,L,M,R,R,T,G,T,S,A,D,S,W,G,L,H,R,Q,M,D,T,G,E,A,R,S,G,P,R,A,R,F,C,D,A,R,G,P,G,H,S,L,L,R,L,S,Q,G,G,H,L,S,R,D,S,R,Q,P,C,P,-,-,N,D,S,I,L,R,A,L,H,S,D,L,P,V,I,H,E,L
Trichosurus_vulpecula,M,R,S,R,L,L,I,S,V,A,L,L,P,T,I,S,E,T,S,E,M,M,M,L,G,G,-,-,-,-,-,-,-,S,Q,S,L,D,D,Y,V,K,S,I,C,Q,L,A,Q,P,T,S,V,L,D,S,-,-,-,-,-,-,-,-,-,-,-,-,-,-,-,-,-,E,K,S,S,P,T,S,S,L,Q,D,I,T,A,R,F,S,G,Q,H,P,T,P,T,L,D,N,N,V,D,P,L,D,W,L,F,G,E,S,Q,P,K,R,Q,S,W,K,D,A,L,R,K,N,G,S,S,T,D,P,S,P,L,H,K,Q,T,E,T,G,K,S,R,V,T,R,R,V,R,A,C,E,A,K,I,P,G,-,-,-,-,-,-,-,-,-,-,-,-,-,-,-,-,-,-,-,-,-,-,-,-,-,-,-,-,-,-,-,-,-,-,L,P,V,I,Y,E,L
Ursus_arctos_horribilis,-,-,-,-,-,-,-,-,-,-,-,-,-,-,-,-,-,-,-,-,-,-,-,-,-,-,-,-,-,-,-,-,-,-,-,-,-,-,-,-,-,-,-,-,-,-,-,-,-,-,-,-,-,-,-,-,-,-,-,-,-,-,-,-,-,-,-,-,-,-,-,-,-,-,-,-,-,-,-,-,-,-,-,-,-,-,-,-,-,-,-,-,-,-,-,-,-,-,-,-,-,-,-,-,-,-,-,-,-,-,-,-,-,-,-,-,-,-,-,-,-,-,-,-,-,-,-,-,-,-,-,-,-,-,-,-,-,-,-,-,-,-,-,-,-,-,-,-,-,-,-,-,-,-,-,-,-,-,-,-,-,-,-,-,-,-,-,-,-,-,-,-,-,-,-,-,-,-,-,-,-,-,-,-,-,-,-,-,-,-,-,-,-,-,-,-,-,-,-,-
Vombatus_ursinus,M,R,S,R,L,L,I,S,V,A,L,L,P,T,I,S,E,T,S,E,M,M,M,L,G,G,-,-,-,-,-,-,-,S,Q,S,L,D,D,Y,V,K,S,I,C,Q,L,A,Q,P,T,S,V,L,D,S,-,-,-,-,-,-,-,-,-,-,-,-,-,-,-,-,-,E,K,S,S,P,T,S,S,L,Q,D,I,T,A,R,F,S,G,Q,H,P,T,L,-,-,-,-,-,-,D,P,L,D,W,L,F,G,E,S,Q,P,K,R,Q,S,W,K,D,A,L,R,R,T,G,L,S,T,D,P,S,P,L,H,K,Q,T,E,T,G,K,S,R,V,A,R,R,V,R,A,C,E,A,K,T,P,G,S,P,L,-,-,-,-,-,-,-,-,-,-,-,-,-,-,-,-,-,-,-,-,-,-,-,-,-,-,-,-,-,-,-,L,P,V,I,Y,E,L
Vulpes_lagopus,M,R,S,R,L,L,L,P,V,A,H,L,P,T,I,Q,E,T,S,E,E,M,L,P,G,G,P,G,Q,E,P,P,A,S,P,S,L,D,D,Y,V,K,S,I,C,Q,L,A,Q,P,T,S,V,L,D,M,A,T,A,R,A,Q,P,S,R,T,L,R,P,A,Q,A,F,K,K,N,C,P,T,E,S,L,Q,D,I,T,T,H,F,S,G,Q,Q,P,A,P,T,R,D,C,T,A,D,P,L,D,W,L,F,G,D,S,Q,E,K,Q,P,S,R,R,D,P,P,R,T,I,G,S,S,A,D,R,W,G,P,H,R,Q,M,D,G,G,K,A,Q,G,T,P,R,G,R,F,C,D,A,S,V,Q,E,H,S,L,V,R,P,S,R,D,W,H,Q,G,G,A,A,A,S,P,P,A,P,R,P,S,S,T,L,R,T,L,Y,L,H,L,P,V,I,H,E,L
Vulpes_vulpes,M,R,S,R,L,L,L,P,V,A,H,L,P,T,I,Q,E,T,S,E,E,M,L,P,G,G,P,G,Q,E,P,P,A,S,P,S,L,D,D,Y,V,K,S,I,C,Q,L,A,Q,P,T,S,V,L,D,M,A,T,A,R,A,Q,P,S,R,T,L,R,P,A,Q,A,F,K,K,N,C,P,T,E,S,L,Q,D,I,T,T,H,F,S,G,Q,Q,P,A,P,T,R,D,C,T,A,D,P,L,D,W,L,F,G,D,S,Q,E,K,Q,P,S,R,R,D,P,P,R,T,I,G,S,S,A,D,R,W,G,P,H,R,Q,M,D,G,G,K,A,Q,G,T,P,R,G,R,F,C,D,A,S,V,Q,E,H,S,L,V,R,P,S,R,D,W,H,Q,G,G,A,A,A,S,P,P,A,P,R,P,S,S,T,L,R,T,L,Y,L,H,L,P,V,I,H,E,L
Zalophus_californianus,M,R,S,R,L,L,L,P,V,A,H,L,P,T,I,Q,E,T,L,E,E,M,L,P,G,G,P,G,Q,E,P,P,A,S,P,S,L,D,D,Y,V,K,S,I,C,Q,L,A,H,P,T,S,V,L,D,V,A,T,A,R,A,Q,P,S,R,S,P,R,P,A,R,T,F,Q,K,S,C,P,T,E,S,L,R,D,I,T,T,C,F,S,G,Q,Q,R,A,P,P,G,D,G,T,T,D,P,L,D,W,L,F,G,E,S,Q,E,K,R,P,S,R,R,D,P,P,R,R,T,G,F,S,A,D,S,W,G,L,H,R,Q,M,D,S,G,K,A,R,G,T,P,R,G,R,L,W,D,A,R,V,Q,G,H,S,L,V,R,P,S,R,D,W,H,Q,G,G,A,A,A,S,P,P,A,P,R,P,S,S,I,L,R,T,L,Y,L,H,L,P,V,I,H,E,L
shrew_mole,-,-,-,-,-,-,-,-,-,-,-,-,-,-,-,-,-,-,-,-,-,-,-,-,-,-,-,-,-,-,-,-,-,-,-,-,-,-,-,-,-,-,-,-,-,-,-,-,-,-,-,-,-,-,-,-,-,-,-,-,-,-,-,-,-,-,-,-,-,-,-,-,-,-,-,-,-,-,-,-,-,-,-,-,-,-,-,-,-,-,-,-,-,-,-,-,-,-,-,-,-,-,-,-,-,-,-,-,-,-,-,-,-,-,-,-,-,-,-,-,-,-,-,-,-,-,-,-,-,-,-,-,-,-,-,-,-,-,-,-,-,-,-,-,-,-,-,-,-,-,-,-,-,-,-,-,-,-,-,-,-,-,-,-,-,-,-,-,-,-,-,-,-,-,-,-,-,-,-,-,-,-,-,-,-,-,-,-,-,-,-,-,-,-,-,-,-,-,-,-
ZWS,-,-,-,-,-,-,-,-,-,-,-,-,-,-,-,-,-,-,-,-,-,-,-,-,-,-,-,-,-,-,-,-,-,-,-,-,-,-,-,-,-,-,-,-,-,-,-,-,-,-,-,-,-,-,-,-,-,-,-,-,-,-,-,-,-,-,-,-,-,-,-,-,-,-,-,-,-,-,-,-,-,-,-,-,-,-,-,-,-,-,-,-,-,-,-,-,-,-,-,-,-,-,-,-,-,-,-,-,-,-,-,-,-,-,-,-,-,-,-,-,-,-,-,-,-,-,-,-,-,-,-,-,-,-,-,-,-,-,-,-,-,-,-,-,-,-,-,-,-,-,-,-,-,-,-,-,-,-,-,-,-,-,-,-,-,-,-,-,-,-,-,-,-,-,-,-,-,-,-,-,-,-,-,-,-,-,-,-,-,-,-,-,-,-,-,-,-,-,-,-
