,GHRL 0,GHRL 1,GHRL 2,GHRL 3,GHRL 4,GHRL 5,GHRL 6,GHRL 7,GHRL 8,GHRL 9,GHRL 10,GHRL 11,GHRL 12,GHRL 13,GHRL 14,GHRL 15,GHRL 16,GHRL 17,GHRL 18,GHRL 19,GHRL 20,GHRL 21,GHRL 22,GHRL 23,GHRL 24,GHRL 25,GHRL 26,GHRL 27,GHRL 28,GHRL 29,GHRL 30,GHRL 31,GHRL 32,GHRL 33,GHRL 34,GHRL 35,GHRL 36,GHRL 37,GHRL 38,GHRL 39,GHRL 40,GHRL 41,GHRL 42,GHRL 43,GHRL 44,GHRL 45,GHRL 46,GHRL 47,GHRL 48,GHRL 49,GHRL 50,GHRL 51,GHRL 52,GHRL 53,GHRL 54,GHRL 55,GHRL 56,GHRL 57,GHRL 58,GHRL 59,GHRL 60,GHRL 61,GHRL 62,GHRL 63,GHRL 64,GHRL 65,GHRL 66,GHRL 67,GHRL 68,GHRL 69,GHRL 70,GHRL 71,GHRL 72,GHRL 73,GHRL 74,GHRL 75,GHRL 76,GHRL 77,GHRL 78,GHRL 79,GHRL 80,GHRL 81,GHRL 82,GHRL 83,GHRL 84,GHRL 85,GHRL 86,GHRL 87,GHRL 88,GHRL 89,GHRL 90,GHRL 91,GHRL 92,GHRL 93,GHRL 94,GHRL 95,GHRL 96,GHRL 97,GHRL 98,GHRL 99,GHRL 100,GHRL 101,GHRL 102,GHRL 103,GHRL 104,GHRL 105,GHRL 106,GHRL 107,GHRL 108,GHRL 109,GHRL 110,GHRL 111
Chrysochloris_asiatica,M,F,S,S,G,T,I,Y,S,L,L,L,L,S,V,L,W,V,D,F,T,V,A,G,S,S,F,L,S,P,E,H,Q,K,V,Q,Q,R,K,E,S,K,K,P,P,V,K,L,Q,S,R,A,A,E,G,W,L,H,P,E,Y,G,S,L,E,E,G,A,E,D,E,L,E,I,R,F,N,A,P,F,D,V,G,I,K,L,S,G,A,Q,Y,K,Q,H,G,G,A,L,G,K,F,L,Q,D,I,L,W,E,-,-,-,-
Balaenoptera_acutorostrata_scammoni,M,P,S,P,G,T,I,C,S,L,L,L,L,S,V,L,W,V,D,L,A,M,A,G,S,S,F,L,S,P,E,H,Q,K,V,Q,Q,R,K,E,S,K,K,L,S,A,K,P,K,P,R,A,L,E,G,W,L,D,A,E,V,R,S,Q,A,E,G,A,G,D,E,L,E,I,Q,F,S,A,P,F,D,V,G,I,K,L,S,G,A,H,S,H,Q,H,G,Q,T,L,G,K,F,L,Q,D,V,L,W,E,D,A,S,E
Balaenoptera_musculus,M,P,S,P,G,T,V,C,S,L,L,L,L,S,V,L,W,V,D,L,A,M,A,G,S,S,F,L,S,P,E,H,Q,K,V,Q,Q,R,K,E,S,K,K,L,S,A,K,P,K,P,R,A,L,E,G,W,L,D,A,E,V,R,S,Q,A,E,G,A,G,D,E,L,E,I,Q,F,S,A,P,F,D,V,G,I,K,L,S,G,A,H,S,H,Q,H,G,Q,T,L,G,K,F,L,Q,D,V,L,W,E,D,A,S,E
Echinops_telfairi,M,L,S,R,G,T,I,C,V,L,L,L,L,S,V,L,W,V,D,L,T,R,A,G,S,S,F,L,S,P,G,H,P,K,V,Q,Q,R,K,E,S,K,T,P,A,G,K,L,Q,A,R,A,V,E,G,R,L,R,P,E,-,-,-,-,-,-,-,-,-,-,-,-,-,-,-,F,N,V,P,F,D,I,G,I,K,V,S,V,A,Q,Y,G,E,H,G,R,A,L,D,K,F,L,Q,D,I,L,W,E,G,N,Q,E
Delphinapterus_leucas,M,P,S,P,G,T,V,C,S,L,L,L,F,S,V,L,W,V,D,L,A,M,A,G,S,S,F,L,S,P,E,H,Q,K,V,Q,Q,R,K,E,S,K,K,P,S,A,K,P,K,P,R,A,L,E,D,W,L,D,A,D,V,R,S,Q,A,E,G,A,G,D,E,L,E,I,Q,F,S,A,P,F,D,V,G,I,K,L,S,G,A,Q,S,H,Q,H,G,Q,T,L,G,K,F,L,Q,D,V,L,W,E,D,A,S,E
Globicephala_melas,-,-,-,-,-,-,-,-,-,-,-,-,-,-,-,-,-,-,-,-,-,-,-,-,-,-,-,-,-,-,-,-,-,-,-,-,-,-,-,-,-,-,-,-,-,-,-,-,-,-,-,-,-,-,-,-,-,-,-,-,-,-,-,-,-,-,-,-,-,-,-,-,-,-,-,-,-,-,-,-,-,-,-,-,-,-,-,-,-,-,-,-,-,-,-,-,-,-,-,-,-,-,-,-,-,-,-,-,-,-,-,-
Lagenorhynchus_obliquidens,M,P,S,P,G,T,V,C,S,L,L,L,F,S,V,L,W,V,D,L,A,M,A,G,S,S,F,L,S,P,E,H,Q,K,V,Q,Q,R,K,E,S,K,K,P,S,A,K,P,K,P,R,A,L,E,G,W,L,D,A,D,V,R,S,Q,A,E,G,T,G,D,E,L,E,I,Q,F,S,A,P,F,D,V,G,I,K,L,S,G,A,Q,S,H,Q,H,G,Q,T,L,G,K,F,L,Q,D,V,L,W,E,D,A,S,E
Lipotes_vexillifer,M,P,S,P,G,T,V,C,S,L,L,L,V,S,V,L,W,V,D,L,A,M,A,G,S,S,F,L,S,P,E,H,Q,K,V,Q,Q,R,K,E,S,K,K,P,S,A,K,P,K,P,R,A,L,E,G,W,L,D,T,D,V,R,S,Q,A,Q,G,T,G,D,E,L,E,I,Q,F,S,A,P,F,D,V,G,I,K,L,S,G,A,Q,S,H,Q,H,G,Q,T,L,G,K,F,L,Q,D,V,L,W,E,D,A,S,E
Monodon_monoceros,M,P,S,P,G,T,V,C,S,L,L,L,F,S,V,L,W,V,D,L,A,M,A,G,S,S,F,L,S,P,E,H,Q,K,V,Q,Q,R,K,E,S,K,K,P,S,A,K,P,K,P,R,A,L,E,D,W,L,D,A,D,V,R,S,Q,A,E,G,A,G,D,E,L,E,I,Q,F,S,A,P,F,D,V,G,I,K,L,S,G,A,Q,S,H,Q,H,G,Q,T,L,G,K,F,L,Q,D,V,L,W,E,D,A,-,-
Neophocaena_asiaeorientalis_asiaeorientalis,M,P,S,P,G,A,V,C,S,L,L,L,F,S,V,L,W,V,D,L,A,M,A,G,S,S,F,L,S,P,E,H,Q,K,V,-,Q,R,K,E,S,K,K,P,S,A,K,P,K,P,R,A,L,E,G,W,L,D,A,D,V,R,S,Q,A,E,G,A,G,D,E,L,E,I,Q,F,S,A,P,F,D,V,G,I,K,L,S,G,A,Q,S,H,Q,H,G,Q,T,L,G,K,F,L,Q,D,V,L,W,E,D,A,S,E
Orcinus_orca,M,P,S,P,G,T,V,C,S,L,L,L,F,S,V,L,W,V,D,L,A,M,A,G,S,S,F,L,S,P,E,H,Q,K,V,Q,Q,R,K,E,S,K,K,P,S,A,K,P,K,P,R,A,L,E,G,W,L,D,A,D,V,R,S,Q,A,E,G,T,G,D,E,L,E,I,Q,F,S,A,P,F,D,V,G,I,K,L,S,G,A,Q,S,H,Q,H,G,Q,T,L,G,K,F,L,Q,D,V,L,W,E,D,A,-,-
Phocoena_sinus,M,P,S,P,G,A,V,C,S,L,L,L,F,S,V,L,W,V,D,L,A,M,A,G,S,S,F,L,S,P,E,H,Q,K,V,Q,Q,R,K,E,S,K,K,P,S,A,K,P,K,P,R,A,L,E,G,W,L,D,A,D,V,R,S,Q,A,E,G,A,G,D,E,L,E,I,Q,F,S,A,P,F,D,V,G,I,K,L,S,G,A,Q,S,H,Q,H,G,Q,T,L,G,K,F,L,Q,D,V,L,W,E,D,A,S,E
Physeter_catodon,-,-,-,-,-,-,-,-,-,-,-,-,L,S,V,L,C,V,D,L,A,R,A,G,S,G,F,L,S,P,E,H,R,E,E,Q,Q,R,K,E,S,K,K,P,S,A,K,P,K,P,R,A,L,E,G,W,L,D,T,E,V,R,S,Q,A,E,G,A,G,D,-,L,E,I,Q,L,S,A,P,F,D,V,G,I,K,L,A,G,A,Q,S,H,Q,H,G,Q,N,L,G,K,F,L,Q,N,V,L,W,E,D,A,-,-
Tursiops_truncatus,M,P,S,P,G,T,V,C,S,L,L,L,F,S,V,L,W,V,D,L,A,M,A,G,S,S,F,L,S,P,E,H,Q,K,V,Q,Q,R,K,E,S,K,K,P,S,A,K,P,K,P,R,A,L,E,G,W,L,D,A,D,V,R,S,Q,A,E,G,A,G,D,E,L,E,I,Q,F,S,A,P,F,D,V,G,I,K,L,S,G,A,Q,S,H,Q,H,G,Q,T,L,G,K,F,L,Q,D,V,L,W,E,D,A,-,-
Acinonyx_jubatus,M,P,S,P,G,T,V,C,S,L,L,L,F,S,V,L,W,A,D,L,A,M,A,G,S,S,F,L,S,P,E,H,Q,K,V,Q,Q,R,K,E,S,K,K,P,P,A,K,L,Q,P,R,A,L,E,G,L,I,H,P,E,D,T,S,Q,V,E,G,A,E,D,E,L,E,I,R,F,N,A,P,F,D,V,G,I,K,L,S,G,A,Q,Y,H,Q,H,G,Q,A,L,G,K,F,L,Q,D,V,L,W,E,E,A,-,-
Acomys_russatus,M,L,S,S,G,T,I,C,S,L,L,L,L,S,I,F,W,V,D,V,A,M,A,G,S,S,F,L,S,P,E,H,Q,K,A,Q,Q,K,K,E,S,K,K,P,P,A,K,L,Q,P,R,A,L,E,G,W,L,H,P,E,G,R,G,Q,A,E,G,A,E,D,E,L,E,I,R,F,N,A,P,F,D,V,G,I,K,L,S,G,A,Q,Y,Q,Q,H,G,Q,A,L,G,K,F,L,Q,D,I,L,W,E,E,V,K,E
Arvicanthis_niloticus,M,L,S,S,G,T,I,C,S,L,L,L,L,S,M,L,W,M,D,M,A,M,A,G,S,S,F,L,S,P,E,H,Q,K,A,Q,Q,R,K,E,S,K,K,P,P,A,K,L,K,P,R,A,L,E,G,W,L,H,P,E,D,R,G,Q,A,E,E,A,E,E,E,L,E,I,R,F,N,A,P,F,D,V,G,I,K,L,S,G,A,Q,Y,Q,Q,H,G,R,A,L,G,K,F,L,Q,D,I,L,W,E,E,V,K,E
Bison_bison_bison,M,P,A,P,W,T,I,C,S,L,L,L,L,S,V,L,C,M,D,L,A,M,A,G,S,S,F,L,S,P,E,H,Q,K,L,-,Q,R,K,E,P,K,K,P,S,G,R,L,K,P,R,A,L,E,G,Q,F,D,P,E,V,G,S,Q,A,E,G,A,E,D,E,L,E,I,R,F,N,A,P,F,N,I,G,I,K,L,S,G,A,Q,S,L,Q,H,G,Q,T,L,G,K,F,L,Q,D,I,L,W,E,E,A,-,-
Bos_indicus,M,P,A,P,W,T,I,C,S,L,L,L,L,S,V,L,C,M,D,L,A,M,A,G,S,S,F,L,S,P,E,H,Q,K,L,-,Q,R,K,E,A,K,K,P,S,G,R,L,K,P,R,T,L,E,G,Q,F,D,P,E,V,G,S,Q,A,E,G,A,E,D,E,L,E,I,R,F,N,A,P,F,N,I,G,I,K,L,A,G,A,Q,S,L,Q,H,G,Q,T,L,G,K,F,L,Q,D,I,L,W,E,E,A,E,E
Bos_mutus,M,P,A,L,W,T,I,C,S,L,L,L,L,S,V,L,C,M,D,L,A,M,A,G,S,S,F,L,S,P,E,H,Q,K,L,-,Q,R,K,E,P,K,K,P,S,G,R,L,K,P,R,A,L,E,G,Q,F,D,P,E,V,G,S,Q,A,E,G,A,E,D,E,L,E,I,R,F,N,A,P,F,N,V,G,I,K,L,S,G,A,Q,S,L,Q,H,G,Q,T,L,G,K,F,L,Q,D,I,L,W,E,E,A,-,-
Bos_taurus,M,P,A,P,W,T,I,C,S,L,L,L,L,S,V,L,C,M,D,L,A,M,A,G,S,S,F,L,S,P,E,H,Q,K,L,-,Q,R,K,E,A,K,K,P,S,G,R,L,K,P,R,T,L,E,G,Q,F,D,P,E,V,G,S,Q,A,E,G,A,E,D,E,L,E,I,R,F,N,A,P,F,N,I,G,I,K,L,A,G,A,Q,S,L,Q,H,G,Q,T,L,G,K,F,L,Q,D,I,L,W,E,E,A,-,-
Bubalus_bubalis,M,P,A,P,W,T,I,C,S,L,L,L,L,S,V,L,C,M,D,L,A,M,A,G,S,S,F,L,S,P,E,H,Q,K,L,-,Q,R,K,E,P,K,K,P,S,G,R,L,K,P,R,A,L,E,G,Q,F,D,P,E,V,G,S,Q,T,E,G,A,E,D,E,L,E,I,R,F,N,A,P,F,N,I,G,I,K,L,S,G,A,Q,S,L,Q,H,G,Q,T,L,G,K,F,L,Q,D,I,L,W,E,E,A,E,E
Budorcas_taxicolor,M,P,A,P,R,T,I,C,S,L,L,L,L,S,V,L,W,M,D,L,A,M,A,G,S,S,F,L,S,P,E,H,Q,K,L,-,Q,R,K,E,P,K,K,P,S,G,R,L,K,P,R,A,L,E,G,Q,F,D,P,D,V,G,S,Q,A,E,G,A,E,D,E,L,E,I,R,F,N,A,P,F,N,I,G,I,K,L,S,G,A,Q,S,L,Q,H,G,Q,T,L,G,K,F,L,Q,D,I,L,W,E,E,A,E,E
Callithrix_jacchus,M,P,S,P,K,T,I,C,G,L,L,L,L,S,V,L,S,L,D,L,A,M,A,G,S,S,F,L,S,P,E,H,Q,R,I,Q,Q,R,K,E,S,K,K,P,P,A,K,L,Q,T,R,A,L,E,S,W,L,R,P,E,D,G,D,Q,A,E,G,V,E,D,E,L,E,I,Q,F,N,A,P,F,D,V,G,I,K,L,S,G,V,Q,Y,Q,Q,H,S,Q,A,L,G,K,F,L,Q,D,I,L,W,K,E,A,K,-
Camelus_bactrianus,M,P,S,P,G,T,I,C,G,L,L,L,L,S,V,I,W,V,D,V,A,M,A,G,S,S,F,L,S,P,E,R,Q,R,A,Q,Q,R,K,E,S,K,K,P,S,A,K,L,Q,P,R,A,L,E,G,W,L,G,P,E,D,G,R,Q,A,G,G,G,E,D,E,L,E,T,R,F,N,A,P,S,D,V,G,I,K,L,S,G,A,H,S,H,Q,H,G,Q,T,L,G,K,F,L,Q,D,I,L,W,E,E,A,N,E
Camelus_dromedarius,M,P,S,P,G,T,I,C,G,L,L,L,L,S,V,I,W,V,D,V,A,M,A,G,S,S,F,L,S,P,E,R,Q,R,A,Q,Q,R,K,E,S,K,K,P,S,A,K,L,Q,P,R,A,L,E,G,W,L,G,P,E,D,G,R,Q,A,G,G,G,E,D,E,L,E,T,R,F,N,A,P,S,D,V,G,I,K,L,S,G,A,H,S,H,Q,H,G,Q,T,L,G,K,F,L,Q,D,I,L,W,E,E,A,N,E
Camelus_ferus,M,P,S,P,G,T,I,C,G,L,L,L,L,S,V,I,W,V,D,V,A,M,A,G,S,S,F,L,S,P,E,R,Q,R,A,Q,Q,R,K,E,S,K,K,P,S,A,K,L,Q,P,R,A,L,E,G,W,L,G,P,E,D,G,R,Q,A,G,G,G,E,D,E,L,E,T,R,F,N,A,P,S,D,V,G,I,K,L,S,G,A,H,S,H,Q,H,G,Q,T,L,G,K,F,L,Q,D,I,L,W,E,E,A,N,E
Capra_hircus,M,P,A,P,R,T,I,C,S,L,L,L,L,S,M,L,W,M,D,L,A,M,A,G,S,S,F,L,S,P,E,H,Q,K,L,-,Q,R,K,E,P,K,K,P,S,G,R,L,K,P,R,A,L,E,G,Q,F,D,P,D,V,G,S,Q,E,E,G,A,E,D,E,L,E,I,R,F,N,A,P,F,N,I,G,I,K,L,S,G,A,Q,S,L,Q,H,G,Q,T,L,G,K,F,L,Q,D,I,L,W,E,E,A,E,E
Cebus_imitator,M,P,S,P,K,T,I,C,S,L,L,L,L,S,V,L,W,L,D,L,A,M,A,G,S,S,F,L,S,P,E,H,Q,R,M,Q,Q,R,K,E,S,K,K,P,P,A,K,L,Q,S,R,A,L,E,S,W,L,H,P,E,D,G,G,Q,A,E,G,A,E,D,E,L,E,I,Q,F,N,V,P,F,D,V,G,I,K,L,S,G,V,Q,Y,Q,Q,H,S,Q,A,L,G,K,F,L,Q,D,I,L,W,E,E,A,K,E
Ceratotherium_simum_simum,M,P,S,L,G,T,I,R,S,L,L,L,L,S,V,L,W,V,D,L,T,M,A,G,S,S,F,L,S,P,E,H,Q,K,V,Q,H,R,K,E,S,K,K,P,P,A,K,L,K,P,R,A,L,E,G,W,L,P,S,E,D,G,S,Q,A,E,G,A,E,D,E,L,E,I,K,F,N,A,P,F,D,V,G,I,K,L,S,G,A,Q,Y,H,Q,H,S,Q,S,L,G,K,F,L,Q,D,I,L,W,E,E,A,N,E
Cercocebus_atys,M,P,S,P,G,N,V,C,S,L,L,L,L,G,M,L,W,L,D,L,A,M,A,G,S,S,F,L,S,P,E,H,Q,R,A,Q,Q,R,K,E,S,K,K,P,P,A,K,L,Q,P,R,A,L,G,G,W,L,R,P,E,D,G,D,Q,A,E,G,A,E,D,E,L,E,I,Q,F,N,A,P,F,D,V,G,I,K,L,S,G,V,Q,Y,Q,Q,H,S,Q,A,L,G,K,F,L,Q,D,I,L,W,E,E,A,K,G
Cervus_canadensis,M,P,A,P,W,T,V,C,S,L,L,L,L,S,V,L,W,L,D,L,A,M,A,G,S,S,F,L,S,P,E,H,Q,K,L,-,Q,R,K,E,P,K,K,P,S,G,R,L,K,P,R,A,L,E,G,Q,F,D,P,E,V,G,S,Q,A,E,G,A,E,D,E,L,E,I,R,F,N,A,P,F,D,I,G,I,K,L,S,G,A,Q,S,L,Q,H,G,Q,T,L,G,K,F,L,Q,D,I,L,W,E,E,A,D,E
Chlorocebus_sabaeus,M,P,S,P,G,N,I,C,S,L,L,L,L,G,M,L,W,L,D,L,T,M,A,G,S,S,F,L,S,P,E,H,Q,R,V,Q,Q,R,K,E,S,K,K,P,P,A,K,L,Q,P,R,A,L,G,G,W,L,R,P,E,D,G,D,Q,A,E,G,A,E,D,E,L,E,I,Q,F,N,A,P,F,D,V,G,I,K,L,S,G,V,Q,Y,Q,Q,H,S,Q,A,L,G,K,F,L,Q,D,I,L,W,E,E,A,K,E
Colobus_angolensis_palliatus,M,P,S,P,G,N,V,C,S,L,L,L,L,G,M,L,W,L,D,L,A,M,A,G,S,S,F,L,S,P,D,H,Q,R,V,Q,Q,R,K,E,S,K,K,P,P,A,K,L,Q,P,R,A,L,G,G,W,L,R,P,E,D,G,D,Q,A,E,G,A,E,D,E,L,E,I,Q,F,N,A,P,F,D,V,G,I,K,L,S,G,V,Q,Y,Q,Q,H,S,Q,A,L,G,K,F,L,Q,D,I,L,W,E,E,A,K,E
Condylura_cristata,M,L,S,P,A,P,L,C,C,L,L,L,L,S,V,L,C,A,D,L,T,W,G,G,S,S,F,L,S,P,E,H,Q,K,V,Q,Q,R,K,E,S,K,K,P,A,A,K,P,Q,P,R,A,L,E,G,W,L,R,P,G,A,G,S,R,A,G,G,A,D,D,E,L,E,V,R,-,-,-,-,-,-,-,-,-,-,-,-,-,-,-,-,-,-,-,-,-,-,-,-,-,-,-,-,-,-,-,-,-,-,-,-,-
Elephas_maximus_indicus,M,L,S,T,G,T,L,C,S,L,L,L,L,S,V,F,W,V,D,F,A,M,A,G,S,S,F,L,S,P,K,N,Q,K,L,Q,Q,R,K,E,S,K,K,P,P,A,K,L,Q,P,R,A,I,E,G,W,L,H,P,E,D,E,S,Q,A,E,G,T,E,D,E,L,K,I,R,F,N,A,P,F,D,I,G,I,K,L,S,G,A,Q,Y,Q,Q,H,G,W,A,L,G,K,F,L,Q,D,I,L,W,E,E,A,K,E
Enhydra_lutris_kenyoni,M,P,S,L,G,T,L,C,S,L,L,L,F,S,M,L,W,M,D,L,A,L,A,G,S,S,F,L,S,P,E,H,Q,K,V,Q,Q,R,K,E,S,K,K,P,P,A,K,L,Q,P,R,A,L,E,G,S,L,R,P,E,D,T,S,Q,V,E,G,A,E,D,E,L,E,I,R,F,N,T,P,F,D,V,G,I,K,L,S,G,A,Q,Y,H,Q,H,G,Q,A,L,G,K,F,L,Q,D,I,L,W,E,E,A,N,E
Equus_asinus,M,P,S,R,G,T,I,C,S,L,L,L,L,S,V,L,W,V,D,L,T,M,A,G,S,S,F,L,S,P,E,H,H,K,V,Q,H,R,K,E,S,K,K,P,P,A,K,L,K,P,R,A,L,E,D,W,L,P,S,E,D,G,G,Q,A,Q,G,A,E,E,E,L,E,I,R,F,N,A,P,F,D,V,G,I,K,L,S,G,A,Q,Y,H,Q,H,S,Q,A,L,G,T,F,L,Q,D,I,L,W,E,E,A,N,E
Equus_przewalskii,M,P,S,R,G,T,I,C,S,L,L,L,L,S,V,L,W,V,D,L,T,M,A,G,S,S,F,L,S,P,E,H,H,K,V,Q,H,R,K,E,S,K,K,P,P,A,K,L,K,P,R,A,L,E,D,W,L,P,S,E,D,G,G,Q,A,Q,G,A,E,E,E,L,E,I,R,F,N,A,P,F,D,V,G,I,K,L,S,G,A,Q,Y,H,Q,H,S,Q,A,L,G,T,F,L,Q,D,I,L,W,E,E,A,N,E
Equus_quagga,M,P,S,W,G,T,I,C,S,L,L,L,L,S,V,L,W,V,D,L,T,M,A,G,S,S,F,L,S,P,E,H,H,K,V,Q,H,R,K,E,S,K,K,P,P,A,K,L,K,P,R,A,L,E,D,W,L,P,S,E,D,G,G,Q,A,Q,G,A,E,E,E,L,E,I,R,F,N,T,P,F,D,V,G,I,K,L,S,G,A,Q,Y,H,Q,H,S,Q,A,L,G,T,F,L,Q,D,I,L,W,E,E,A,N,E
Gorilla_gorilla_gorilla,M,P,S,P,G,T,V,C,S,L,L,L,L,G,M,L,W,L,D,L,A,M,A,G,S,S,F,L,S,P,E,H,Q,R,V,Q,Q,R,K,E,S,K,K,P,P,A,K,L,Q,P,R,A,L,A,G,W,L,R,P,E,D,G,A,Q,A,E,G,A,E,D,E,L,E,I,R,F,N,A,P,F,D,V,G,I,K,L,S,G,V,Q,Y,Q,Q,H,S,Q,A,L,G,K,F,L,Q,N,I,L,W,E,E,A,K,E
Halichoerus_grypus,M,P,S,L,G,T,L,C,S,L,L,L,F,T,V,L,W,M,D,L,A,M,A,G,S,S,F,L,S,P,E,H,Q,K,A,-,Q,R,K,E,S,K,K,P,P,A,K,L,Q,P,R,A,L,E,G,S,L,R,P,E,D,R,S,Q,V,E,G,A,E,D,E,L,E,I,Q,F,N,V,P,S,D,V,G,I,K,L,S,G,A,Q,Y,C,Q,H,S,Q,A,L,G,E,L,L,Q,D,I,L,W,E,-,-,-,-
Homo_sapiens,M,P,S,P,G,T,V,C,S,L,L,L,L,G,M,L,W,L,D,L,A,M,A,G,S,S,F,L,S,P,E,H,Q,R,V,Q,Q,R,K,E,S,K,K,P,P,A,K,L,Q,P,R,A,L,A,G,W,L,R,P,E,D,G,G,Q,A,E,G,A,E,D,E,L,E,V,R,F,N,A,P,F,D,V,G,I,K,L,S,G,V,Q,Y,Q,Q,H,S,Q,A,L,G,K,F,L,Q,D,I,L,W,E,E,A,K,E
Hylobates_moloch,M,P,S,P,G,I,V,C,S,L,L,L,L,G,M,L,W,L,D,L,A,M,A,G,S,S,F,L,S,P,E,H,Q,R,V,Q,Q,R,K,E,S,K,K,P,P,A,K,L,Q,P,R,A,L,E,G,W,L,R,P,E,D,G,G,Q,A,E,G,A,E,D,E,L,E,I,R,F,N,A,P,F,D,V,G,I,K,L,S,G,V,Q,Y,Q,Q,H,S,Q,A,L,G,K,F,L,Q,D,I,L,W,E,E,A,K,E
Ictidomys_tridecemlineatus,M,F,S,A,G,T,I,C,S,L,L,L,L,S,V,L,W,V,D,V,A,M,A,G,S,S,F,L,S,P,E,H,Q,K,A,Q,Q,R,K,E,S,K,K,P,P,A,K,L,Q,P,R,A,I,D,G,W,L,H,Q,E,D,T,D,Q,A,D,G,A,E,D,E,L,E,I,R,F,N,A,P,F,D,M,A,I,K,L,F,G,A,Q,Y,Q,Q,H,S,R,A,L,R,K,F,L,Q,D,I,L,W,E,E,A,K,G
Leopardus_geoffroyi,M,P,S,P,G,T,V,C,S,L,L,L,F,S,V,L,W,A,D,L,A,M,A,G,S,S,F,L,S,P,E,H,Q,K,V,Q,Q,R,K,E,S,K,K,P,P,A,K,L,Q,P,R,A,L,E,G,L,I,H,P,E,D,T,S,Q,V,E,G,A,Q,D,E,L,E,I,R,F,N,A,P,F,D,V,G,I,K,L,S,G,A,Q,Y,H,Q,H,G,Q,A,L,G,K,F,L,Q,D,V,L,W,E,E,A,-,-
Loxodonta_africana,M,L,S,T,G,T,L,C,S,L,L,L,L,S,V,F,W,V,D,F,A,M,A,G,S,S,F,L,S,P,K,N,Q,K,L,Q,Q,R,K,E,S,K,K,P,P,A,K,L,Q,P,R,A,I,E,G,W,L,H,P,E,D,E,S,Q,A,E,G,T,E,D,E,L,K,I,W,F,N,A,P,F,D,I,G,I,K,L,S,G,A,Q,Y,Q,Q,H,G,W,A,L,G,K,F,L,Q,D,I,L,W,E,E,A,K,G
Macaca_fascicularis,M,P,S,P,G,N,V,C,S,L,L,L,L,G,M,L,W,L,D,L,A,M,A,G,S,S,F,L,S,P,E,H,Q,R,A,Q,Q,R,K,E,S,K,K,P,P,A,K,L,Q,P,R,A,L,G,G,W,L,R,P,E,D,G,D,Q,A,E,G,V,E,D,E,L,E,I,Q,F,N,D,P,F,D,V,G,I,K,L,S,G,V,Q,Y,Q,Q,H,S,Q,A,L,G,K,F,L,Q,D,I,L,W,E,E,A,K,E
Macaca_mulatta,M,P,S,P,G,T,V,C,S,L,L,L,L,G,M,L,W,L,D,L,A,M,A,G,S,S,F,L,S,P,E,H,Q,R,A,Q,Q,R,K,E,S,K,K,P,P,A,K,L,Q,P,R,A,L,G,G,W,L,R,P,E,D,G,D,Q,A,E,G,A,E,D,E,L,E,I,Q,F,N,A,P,F,D,V,G,I,K,L,S,G,V,Q,Y,Q,Q,H,S,Q,A,L,G,K,F,L,Q,D,I,L,W,E,E,A,K,E
Macaca_nemestrina,M,P,S,P,G,N,V,C,S,L,L,L,L,G,M,L,W,L,D,L,A,M,A,G,S,S,F,L,S,P,E,H,Q,R,A,Q,Q,R,K,E,S,K,K,P,P,A,K,L,Q,P,R,A,L,G,G,W,L,R,P,K,D,G,D,Q,A,E,G,A,E,D,E,L,E,I,Q,F,N,A,P,F,D,V,G,I,K,L,S,G,V,Q,Y,Q,Q,H,S,Q,A,L,G,K,F,L,Q,D,I,L,W,E,E,A,K,E
Macaca_thibetana_thibetana,M,P,S,P,G,N,V,C,S,L,L,L,L,G,M,L,W,L,D,L,A,M,A,G,S,S,F,L,S,P,E,H,Q,R,A,Q,Q,R,K,E,S,K,K,P,P,A,K,L,Q,P,R,A,L,G,G,W,L,R,P,E,D,G,D,Q,A,E,G,A,E,D,E,L,E,I,Q,F,N,A,P,F,D,V,G,I,K,L,S,G,V,Q,Y,Q,Q,H,S,Q,A,L,G,K,F,L,Q,D,I,L,W,E,E,A,K,E
Mandrillus_leucophaeus,M,P,S,P,G,N,V,C,S,L,L,L,L,G,M,L,W,L,D,L,A,M,A,G,S,S,F,L,S,P,E,H,Q,R,A,Q,Q,R,K,E,S,K,K,P,P,A,K,L,Q,P,R,A,L,G,G,W,L,R,P,E,D,G,N,Q,A,E,G,A,E,D,E,L,E,I,Q,F,N,A,P,F,D,V,G,I,K,L,S,G,V,Q,Y,Q,Q,H,S,Q,A,L,G,K,F,L,Q,D,I,L,W,E,E,A,K,E
Marmota_flaviventris,M,F,S,A,G,T,I,C,S,L,L,L,L,S,V,L,W,V,D,V,A,M,A,G,S,S,F,L,S,P,E,H,Q,K,A,Q,Q,R,K,E,S,K,K,P,P,A,K,L,Q,P,R,A,I,D,G,W,L,H,Q,E,D,T,D,Q,A,D,G,A,E,D,E,L,E,I,R,F,N,A,P,F,D,M,A,I,K,L,F,G,A,Q,Y,Q,Q,H,S,R,A,L,R,K,F,L,Q,D,I,L,W,E,E,A,K,E
Marmota_marmota_marmota,M,F,S,A,G,T,I,C,S,L,L,L,L,S,V,L,W,V,D,V,A,M,A,G,S,S,F,L,S,P,E,H,Q,K,A,Q,Q,R,K,E,S,K,K,P,P,A,K,L,Q,P,R,A,I,D,G,W,L,H,Q,E,D,T,D,Q,A,D,G,A,E,D,E,L,E,I,R,F,N,A,P,F,D,M,A,I,K,L,F,G,A,Q,Y,Q,Q,H,S,R,A,L,R,K,F,L,Q,D,I,L,W,E,E,A,K,E
Marmota_monax,M,F,S,A,G,T,I,C,S,L,L,L,L,S,V,L,W,V,D,V,A,M,A,G,S,S,F,L,S,P,E,H,Q,K,A,Q,Q,R,K,E,S,K,K,P,P,A,K,L,Q,P,R,A,I,D,G,W,L,H,Q,E,D,T,D,Q,A,D,G,A,E,D,E,L,E,I,R,F,N,A,P,F,D,M,A,I,K,L,F,G,A,Q,Y,Q,Q,H,S,R,A,L,R,K,F,L,Q,D,I,L,W,E,E,A,K,E
Nannospalax_galili,M,L,S,A,G,T,I,C,S,F,L,L,L,S,M,L,W,M,D,V,A,M,A,G,S,S,F,L,S,P,E,H,Q,K,A,Q,Q,R,K,E,S,K,K,P,P,A,K,L,Q,P,R,A,L,E,G,W,L,H,P,E,G,K,G,Q,A,E,E,A,E,E,E,L,E,I,R,F,N,T,P,F,D,T,G,I,K,L,S,G,A,Q,Y,Q,Q,H,G,Q,A,L,G,K,F,L,Q,D,I,L,W,E,E,T,K,E
Neomonachus_schauinslandi,M,P,S,L,G,T,L,C,S,L,L,L,F,T,V,L,W,M,D,L,A,M,A,G,S,S,F,L,S,P,D,H,Q,K,V,Q,Q,R,K,E,S,K,K,P,P,A,K,L,Q,P,R,A,L,E,G,S,L,R,P,E,D,R,S,Q,V,E,G,A,E,D,E,L,E,I,Q,F,N,V,P,F,D,V,G,I,K,L,S,G,A,Q,Y,H,Q,H,S,Q,A,L,G,K,F,L,Q,D,I,L,W,E,E,A,N,E
Nomascus_leucogenys,M,P,S,P,G,T,V,C,S,L,L,L,L,G,M,L,W,L,D,L,A,M,A,G,S,S,F,L,S,P,E,H,Q,R,V,Q,Q,R,K,E,S,K,K,P,P,A,K,L,Q,P,R,A,L,E,G,W,L,R,P,E,D,G,G,Q,A,E,G,A,E,D,E,L,E,I,R,F,N,A,P,F,D,V,G,I,K,L,S,G,V,Q,Y,Q,Q,H,S,Q,A,L,G,K,F,L,Q,D,I,L,W,E,E,A,K,E
Ochotona_curzoniae,M,L,S,A,R,T,T,C,S,L,L,L,L,S,L,L,W,V,D,V,A,M,A,G,S,S,F,L,S,P,E,H,Q,K,A,-,Q,R,K,E,A,K,K,P,P,A,K,L,Q,P,R,A,L,-,-,-,-,-,-,-,-,G,S,Q,D,D,G,A,E,D,E,L,Q,I,Q,F,S,A,P,F,D,V,G,I,Q,L,S,G,A,Q,Y,Q,Q,H,G,Q,A,L,S,K,I,L,Q,D,I,L,Q,E,E,T,K,G
Ochotona_princeps,M,L,S,A,R,T,T,C,S,L,L,L,L,S,L,L,W,V,D,M,A,M,A,G,S,S,F,L,S,P,E,H,Q,K,A,-,Q,R,K,E,A,K,K,P,P,A,K,L,Q,P,R,A,L,-,-,-,-,-,-,-,-,G,G,Q,D,D,G,A,E,D,E,L,Q,I,R,F,S,A,P,F,D,V,G,I,Q,L,S,G,A,Q,Y,Q,Q,H,G,Q,A,L,S,K,I,L,Q,D,I,L,-,-,-,-,-,-
Octodon_degus,M,I,S,A,G,T,L,C,S,L,L,L,L,G,V,L,W,V,D,L,A,M,A,G,S,S,F,L,S,P,E,H,Q,R,A,Q,Q,R,K,E,S,K,K,P,S,A,R,L,Q,P,R,A,L,E,D,W,L,H,P,E,G,R,G,Q,A,D,V,A,E,D,-,L,E,I,Q,F,N,A,P,F,D,V,G,I,K,L,S,G,P,Q,Y,Q,Q,H,G,Q,A,L,G,K,F,L,H,D,V,L,-,E,E,A,K,E
Ovis_aries,M,P,A,P,R,T,I,Y,S,L,L,L,L,S,L,L,W,M,D,L,A,M,A,G,S,S,F,L,S,P,E,H,Q,K,L,-,Q,R,K,E,P,K,K,P,S,G,R,L,K,P,R,A,L,E,G,Q,F,D,P,D,V,G,S,Q,A,E,G,A,E,D,E,L,E,I,R,F,N,A,P,F,N,I,G,I,K,L,S,G,A,Q,S,L,Q,H,G,Q,T,L,G,K,F,L,Q,D,I,L,W,E,E,A,E,E
Pan_paniscus,M,P,S,P,G,T,V,C,S,L,L,L,L,G,M,L,W,L,D,L,A,M,A,G,S,S,F,L,S,P,E,H,Q,R,V,Q,Q,R,K,E,S,K,K,P,P,A,K,L,Q,P,R,A,L,A,G,W,L,R,P,E,D,G,G,Q,A,E,G,A,E,D,E,L,E,I,R,F,N,A,P,F,D,V,G,I,K,L,S,G,V,Q,Y,Q,Q,H,S,Q,A,L,G,K,F,L,Q,D,I,L,W,E,E,A,K,E
Pan_troglodytes,M,P,S,P,G,T,V,C,S,L,L,L,L,G,M,L,W,L,D,L,A,M,A,G,S,S,F,L,S,P,E,H,Q,R,V,Q,Q,R,K,E,S,K,K,P,P,A,K,L,Q,P,R,A,L,A,G,W,L,R,P,E,D,G,G,Q,A,E,G,A,E,D,E,L,E,I,R,F,N,A,P,F,D,V,G,I,K,L,S,G,V,Q,Y,Q,Q,H,S,Q,A,L,G,K,F,L,Q,D,I,L,W,E,E,A,K,G
Panthera_tigris_altaica,-,-,-,-,-,-,-,-,-,-,-,-,-,-,-,-,-,-,-,-,-,-,-,-,-,-,-,-,-,-,-,-,-,-,-,-,-,-,-,-,-,-,-,-,-,-,-,-,-,-,-,-,-,-,-,-,-,-,-,-,-,-,-,-,-,-,-,-,-,-,-,-,-,-,-,-,-,-,-,-,-,-,-,-,-,-,-,-,-,-,-,-,-,-,-,-,-,-,-,-,-,-,-,-,-,-,-,-,-,-,-,-
Papio_anubis,M,P,S,P,G,N,V,C,S,L,L,L,L,G,M,L,W,L,D,L,A,M,A,G,S,S,F,L,S,P,E,H,Q,R,A,-,-,-,-,-,-,-,-,-,-,-,-,-,-,-,-,-,-,-,-,-,-,-,-,-,-,-,-,-,-,-,-,-,-,-,-,-,-,-,-,-,-,-,-,-,-,-,-,-,-,-,-,-,-,-,-,-,-,-,-,-,-,-,-,-,-,-,-,-,-,-,-,-,-,-,-,-
Piliocolobus_tephrosceles,M,P,S,P,G,N,V,C,S,L,L,L,L,G,L,L,W,L,D,L,A,M,A,G,S,S,F,L,S,P,D,H,Q,R,V,Q,Q,R,K,E,S,K,K,P,P,A,K,L,Q,P,R,A,L,G,G,W,L,R,P,E,D,G,D,Q,-,-,-,A,E,D,E,L,E,I,Q,F,N,A,P,F,D,V,G,I,K,L,S,G,V,Q,Y,Q,Q,H,S,Q,A,L,G,K,F,L,Q,D,I,L,W,E,E,A,K,E
Pongo_abelii,M,P,S,P,G,T,I,C,S,L,L,L,L,G,M,L,W,L,N,L,A,M,A,G,S,S,F,L,S,P,E,H,Q,R,V,Q,Q,R,K,E,S,K,K,P,P,A,K,L,Q,P,R,A,L,E,G,W,L,R,P,E,D,G,G,Q,A,E,G,A,E,D,E,L,E,I,R,F,N,A,P,F,D,V,G,I,K,L,S,G,V,Q,Y,Q,Q,H,S,Q,A,L,G,K,F,L,Q,D,I,L,W,E,K,A,K,E
Propithecus_coquereli,M,L,S,L,G,T,I,C,S,L,L,L,L,S,V,L,W,V,D,V,A,T,A,G,S,S,F,L,S,P,E,H,Q,K,I,Q,Q,R,K,E,S,K,K,P,P,A,K,L,-,P,R,A,L,E,G,W,L,R,P,E,D,G,S,Q,A,E,G,A,E,D,E,L,E,I,R,F,N,A,P,F,D,V,G,I,K,L,S,G,A,Q,Y,Q,Q,H,S,Q,A,L,G,K,F,L,E,D,I,L,W,E,E,A,K,E
Rhinopithecus_bieti,M,P,S,P,G,N,V,C,S,L,L,L,L,S,M,L,W,L,D,L,A,M,A,G,S,S,F,L,S,P,E,H,Q,R,V,Q,Q,R,K,E,S,K,K,P,P,A,K,L,Q,P,R,A,L,G,G,W,L,R,P,E,D,G,D,Q,A,E,G,A,E,D,E,L,E,I,Q,F,N,A,P,F,D,V,G,I,K,L,S,G,V,Q,Y,Q,Q,H,S,Q,A,L,G,K,F,L,Q,D,I,L,W,E,E,A,K,E
Rhinopithecus_roxellana,M,P,S,P,G,N,V,C,S,L,L,L,L,S,M,L,W,L,D,L,A,M,A,G,S,S,F,L,S,P,E,H,Q,R,V,Q,Q,R,K,E,S,K,K,P,P,A,K,L,Q,P,R,A,L,G,G,W,L,R,P,E,D,G,D,Q,A,E,G,A,E,D,E,L,E,I,Q,F,N,A,P,F,D,V,G,I,K,L,S,G,V,Q,Y,Q,Q,H,S,Q,A,L,G,K,F,L,Q,D,I,L,W,E,E,A,K,E
Saimiri_boliviensis_boliviensis,M,P,S,P,K,T,I,C,S,L,L,L,L,C,V,L,W,L,D,L,A,M,G,G,S,S,F,L,S,P,E,H,Q,R,I,Q,Q,R,K,E,S,K,K,P,P,A,K,L,Q,P,R,A,L,E,S,W,L,H,P,E,D,G,G,Q,A,E,G,A,E,D,E,L,E,I,Q,F,N,A,P,F,D,V,G,I,K,L,S,G,V,Q,Y,Q,Q,H,S,Q,A,L,G,K,F,L,Q,D,I,L,W,E,E,A,K,E
Sapajus_apella,M,P,S,P,K,T,I,C,S,L,L,L,L,S,V,L,W,L,D,L,A,M,A,G,S,S,F,L,S,P,E,H,Q,R,M,Q,Q,R,K,E,S,K,K,P,P,A,K,L,Q,S,R,A,L,E,S,W,L,H,P,E,D,G,G,Q,A,E,G,A,E,D,E,L,E,I,Q,F,N,V,P,F,D,V,G,I,K,L,S,G,V,Q,Y,Q,Q,H,S,Q,A,L,G,K,F,L,Q,D,I,L,W,E,E,A,K,E
Suricata_suricatta,-,-,-,-,-,-,-,-,-,-,-,-,-,-,-,-,-,-,-,-,-,-,-,-,-,-,-,-,-,-,-,-,-,-,-,-,-,-,-,-,-,-,-,-,-,-,-,-,-,-,-,-,-,-,-,-,-,-,-,-,-,-,-,-,-,-,-,-,-,-,-,-,-,-,-,-,-,-,-,-,-,-,-,-,-,-,-,-,-,-,-,-,-,-,-,-,-,-,-,-,-,-,-,-,-,-,-,-,-,-,-,-
Theropithecus_gelada,M,P,S,P,G,N,V,C,S,L,L,L,L,G,M,L,W,L,D,L,A,M,A,G,S,S,F,L,S,P,E,H,Q,R,A,Q,Q,R,K,E,S,K,K,P,P,A,K,L,Q,P,R,A,L,G,G,W,L,R,P,E,D,G,D,Q,A,E,G,A,E,D,E,L,E,I,Q,F,N,A,P,F,D,V,G,I,K,L,S,G,V,Q,Y,Q,Q,H,S,Q,A,L,G,K,F,L,Q,D,I,L,W,E,E,A,K,E
Trachypithecus_francoisi,M,P,S,P,G,N,V,C,S,L,L,L,L,G,M,L,W,L,D,L,A,M,A,G,S,S,F,L,S,P,E,H,Q,R,V,Q,Q,R,K,E,S,K,K,P,P,A,K,L,Q,P,R,A,L,G,G,W,L,R,P,E,D,G,D,Q,A,E,G,A,E,D,E,L,D,I,Q,F,N,A,P,F,D,V,G,I,K,L,S,G,V,Q,Y,Q,Q,H,S,Q,A,L,G,K,F,L,Q,D,I,L,W,E,E,A,K,E
Tupaia_chinensis,M,L,S,P,R,T,I,C,A,L,L,L,L,S,M,L,W,V,D,S,A,A,A,G,S,S,F,L,S,P,E,H,Q,K,A,Q,Q,K,K,E,S,K,K,P,P,A,K,L,Q,P,R,A,A,E,G,S,L,P,P,E,D,G,S,Q,A,E,G,A,E,E,E,L,E,I,Q,-,-,-,-,-,-,-,-,-,-,-,-,-,-,-,-,-,-,-,-,-,-,-,-,-,-,-,-,-,-,-,-,-,-,-,-,-
Urocitellus_parryii,M,F,S,A,G,T,I,C,S,L,L,L,L,S,V,L,W,V,D,V,A,M,A,G,S,S,F,L,S,P,E,H,Q,K,A,-,Q,R,K,E,S,K,K,P,P,A,K,L,Q,P,R,A,I,D,G,W,L,H,Q,E,D,T,D,Q,A,D,G,A,E,D,E,L,E,I,R,F,N,A,P,F,D,M,A,I,K,L,F,G,A,Q,Y,Q,Q,H,S,R,A,L,R,K,F,L,Q,D,I,L,W,E,E,A,K,-
Ursus_americanus,M,P,S,L,G,T,L,C,S,L,L,L,F,S,V,L,W,M,D,L,A,M,A,G,S,S,F,L,S,P,E,H,Q,K,V,-,Q,R,K,E,S,K,K,P,P,A,K,L,Q,P,R,A,L,E,G,S,P,R,P,E,D,T,S,Q,V,E,G,A,E,D,E,L,E,I,R,F,N,A,P,F,D,V,G,I,K,L,S,G,A,Q,Y,Q,E,H,G,Q,A,L,G,K,F,L,Q,D,I,L,W,E,E,A,-,-
Ursus_maritimus,M,P,S,L,G,T,L,C,S,L,L,L,F,S,V,L,W,M,D,L,A,M,A,G,S,S,F,L,S,P,E,H,Q,K,V,Q,Q,R,K,E,S,K,K,P,P,A,K,L,Q,P,R,A,L,E,G,S,P,R,P,E,D,T,S,Q,V,E,G,A,E,D,E,L,E,I,R,F,N,A,P,F,D,V,G,I,K,L,S,G,A,Q,Y,Q,E,H,G,Q,A,L,G,K,F,L,Q,D,I,L,W,E,E,A,-,-
Vicugna_pacos,M,P,S,P,G,T,I,C,G,L,L,L,L,S,V,T,W,V,D,V,A,M,A,G,S,S,F,L,S,P,E,R,Q,R,A,Q,Q,R,K,E,S,K,K,P,S,A,K,L,Q,P,R,A,L,E,G,W,L,G,P,E,D,G,R,Q,A,G,G,G,E,D,E,L,E,I,R,F,N,A,P,F,D,V,G,I,K,L,S,G,A,Q,S,H,Q,H,G,Q,T,L,G,N,F,L,Q,D,I,L,W,E,E,A,N,E
Artibeus_jamaicensis,M,P,S,P,G,A,I,R,S,L,L,L,L,S,V,L,C,M,D,L,A,V,A,G,T,S,F,L,S,P,E,H,Q,K,V,-,P,K,K,E,S,K,K,P,P,A,K,L,K,P,R,E,L,Q,G,W,L,R,P,E,D,G,T,Q,A,E,G,A,E,D,E,L,E,I,R,F,D,A,P,F,D,V,E,V,K,L,S,G,T,Q,D,H,Q,H,D,R,A,L,G,K,F,L,Q,D,M,F,W,E,E,A,N,E
Desmodus_rotundus,M,P,S,P,G,T,I,C,S,L,L,L,L,S,V,L,C,V,D,L,A,M,A,G,S,S,F,L,S,P,E,H,Q,K,V,-,Q,R,K,E,S,K,K,P,P,A,K,L,Q,P,R,E,L,E,G,W,L,R,P,E,D,R,T,Q,A,E,G,A,E,D,E,L,E,I,R,F,D,T,P,F,D,I,G,I,K,L,S,G,A,Q,D,H,Q,H,G,Q,A,L,G,K,F,L,Q,D,M,F,W,E,E,A,D,E
Eptesicus_fuscus,M,P,S,P,G,T,I,C,S,L,L,L,L,S,V,L,W,V,D,L,A,M,A,G,S,S,F,L,S,P,E,H,Q,K,V,Q,Q,R,K,E,S,K,K,P,P,A,K,L,Q,P,R,E,L,E,G,W,L,R,P,E,E,G,N,Q,E,E,G,A,E,D,E,L,E,I,R,F,N,A,P,F,D,V,G,I,K,L,S,G,A,Q,S,H,W,H,G,Q,A,L,G,K,F,L,Q,D,M,F,W,E,E,A,N,E
Hipposideros_armiger,M,P,S,L,G,T,L,C,S,L,L,L,F,S,V,L,W,V,D,L,A,M,A,G,S,S,F,L,S,P,E,H,Q,K,T,Q,Q,R,K,E,S,K,K,P,P,T,K,L,Q,P,R,E,L,E,G,W,L,R,P,E,D,G,S,L,V,E,E,A,E,D,E,L,E,I,R,F,N,T,P,F,D,V,G,I,K,L,S,G,A,Q,D,H,R,H,G,Q,A,L,G,K,F,L,Q,D,V,L,W,E,E,A,N,E
Miniopterus_natalensis,M,P,S,P,G,T,I,C,C,L,L,L,L,S,V,L,W,V,D,L,A,M,A,G,S,S,F,L,S,P,E,H,Q,K,V,Q,Q,R,K,E,S,K,K,P,P,A,K,L,Q,P,R,E,L,K,G,W,L,R,P,E,D,G,N,Q,A,E,G,A,E,D,E,L,E,I,R,F,N,T,P,F,D,V,G,I,K,L,S,G,A,Q,S,H,R,H,G,Q,A,L,G,K,F,L,Q,D,M,F,W,E,E,A,-,-
Molossus_molossus,M,P,S,P,G,T,V,C,S,L,L,L,L,S,V,L,W,V,D,L,A,M,A,G,S,S,F,L,S,P,E,H,Q,K,V,Q,Q,R,K,E,S,K,K,P,P,A,K,L,Q,P,R,E,L,E,G,W,L,R,P,E,D,G,N,Q,A,E,E,T,E,D,E,L,E,I,R,F,N,A,P,F,D,V,G,I,K,L,S,G,A,Q,S,H,Q,H,G,Q,V,L,G,K,F,L,Q,D,M,F,W,E,E,A,-,-
Myotis_brandtii,M,P,S,P,G,T,I,C,S,L,L,L,L,S,V,L,W,V,D,L,A,M,A,G,S,S,F,L,S,P,E,H,Q,K,A,Q,Q,R,K,E,S,K,K,P,P,A,K,L,Q,P,R,E,L,E,G,W,L,R,P,E,D,G,N,R,E,E,G,A,E,D,E,L,E,I,R,F,N,A,P,F,D,V,G,I,K,L,S,G,A,Q,S,H,W,H,G,Q,A,L,G,K,F,L,Q,D,M,F,W,E,E,A,-,-
Myotis_davidii,M,P,S,P,G,T,I,C,S,L,L,L,L,S,V,L,W,V,D,L,A,M,A,G,S,S,F,L,S,P,E,H,Q,K,A,Q,Q,R,K,E,S,K,K,P,P,A,K,L,Q,P,R,E,L,E,G,W,L,R,P,E,D,G,N,R,E,E,G,A,E,D,E,L,E,I,R,F,N,A,P,F,D,V,G,I,K,L,S,G,A,Q,S,H,W,H,G,Q,A,L,G,K,F,L,Q,D,M,F,W,E,E,A,-,-
Myotis_lucifugus,M,P,S,P,G,T,I,C,S,L,L,L,L,S,V,L,W,V,D,L,A,M,A,G,S,S,F,L,S,P,E,H,Q,K,A,Q,Q,R,K,E,S,K,K,P,P,A,K,L,Q,P,R,E,L,E,G,W,L,R,P,E,D,G,N,R,E,E,G,A,E,D,E,L,E,I,R,F,N,A,P,F,D,V,G,I,K,L,S,G,A,Q,S,H,W,H,G,Q,A,L,G,K,F,L,Q,D,M,F,W,E,E,A,-,-
Myotis_myotis,M,P,A,P,G,T,I,C,S,L,L,L,L,S,V,L,W,V,D,L,A,M,A,G,S,S,F,L,S,P,E,H,Q,K,A,Q,Q,R,K,E,S,K,K,P,P,A,K,L,Q,P,R,E,L,E,G,W,L,L,P,E,D,G,N,R,E,E,G,A,E,D,E,L,E,I,R,F,N,A,P,F,D,V,G,I,K,L,S,G,A,Q,S,H,W,H,G,Q,A,L,G,K,F,L,Q,D,M,F,W,E,E,A,N,E
Phyllostomus_discolor,-,-,-,-,-,-,-,-,-,-,-,-,-,-,-,-,-,-,-,-,-,-,-,-,-,-,-,-,-,-,-,-,-,-,-,K,Q,R,K,E,S,K,K,P,P,A,K,L,Q,P,R,G,L,E,A,W,L,R,P,E,D,G,T,P,A,E,G,A,E,D,E,L,E,I,R,F,D,T,P,F,D,V,G,I,K,L,S,G,A,Q,D,R,R,H,G,Q,A,L,G,K,F,L,Q,D,M,F,W,E,E,A,-,-
Phyllostomus_hastatus,M,P,S,P,G,T,T,C,S,L,L,L,L,S,V,L,C,M,D,L,A,M,A,G,A,S,F,R,S,P,E,H,Q,K,V,Q,Q,R,K,E,S,K,K,P,P,A,K,L,Q,P,R,G,L,E,G,W,L,R,P,E,D,G,T,P,A,E,G,A,E,D,E,L,E,I,R,F,D,A,P,F,D,V,G,I,K,L,S,G,A,Q,D,R,W,H,G,Q,A,L,G,K,F,L,Q,D,M,F,W,E,E,A,D,E
Pipistrellus_kuhlii,M,P,S,P,G,T,L,C,S,L,L,L,L,S,V,L,C,V,D,W,A,M,A,G,S,S,F,L,S,P,E,H,Q,K,V,Q,Q,R,K,E,S,K,K,P,P,A,K,L,Q,P,R,E,L,E,G,W,L,R,P,G,D,G,N,Q,E,E,G,A,E,D,E,L,E,I,R,F,N,A,P,F,D,V,G,I,K,L,S,G,A,Q,S,H,W,H,G,Q,A,L,G,K,F,L,Q,D,L,F,W,E,E,A,N,E
Rhinolophus_ferrumequinum,M,P,S,L,G,T,I,C,C,L,L,L,V,S,V,L,W,V,D,L,A,M,A,G,S,S,F,L,S,P,E,H,Q,K,A,-,Q,R,K,E,S,K,K,P,P,A,K,L,Q,P,R,E,L,E,G,W,L,H,P,E,D,G,S,L,V,E,E,A,E,D,E,L,E,I,R,F,N,A,P,F,D,V,G,I,K,L,S,G,A,Q,D,H,Q,H,G,Q,A,L,G,K,F,L,Q,D,V,L,W,E,E,A,N,E
Sorex_araneus,M,R,S,L,A,P,A,C,C,L,L,L,L,G,A,L,W,A,E,R,A,A,A,G,S,S,F,L,S,P,E,H,H,K,G,-,P,K,K,E,P,K,K,P,P,A,K,L,Q,P,R,A,L,D,G,Q,L,G,P,-,-,-,A,A,Q,E,G,P,E,D,E,L,E,I,R,F,N,A,P,F,D,V,G,I,K,L,S,G,V,Q,Y,H,Q,H,G,Q,A,L,S,Q,F,L,Q,D,V,L,W,E,-,-,-,-
Sturnira_hondurensis,M,P,S,L,R,T,I,C,S,L,L,L,L,S,V,L,C,M,D,L,A,M,A,G,S,S,F,L,S,P,E,H,Q,K,V,-,P,R,K,E,S,K,K,P,R,A,K,L,Q,P,R,E,L,Q,G,W,L,R,P,E,D,G,N,Q,A,E,G,A,E,D,E,L,E,I,R,F,D,A,P,F,D,V,E,I,K,L,S,G,A,Q,D,H,Q,H,G,Q,A,L,G,K,F,L,Q,D,M,F,W,E,E,A,N,E
Pteropus_alecto,M,P,S,L,G,T,I,C,S,L,L,L,L,S,V,L,W,V,D,L,A,M,A,G,S,S,F,L,S,P,E,H,Q,K,V,Q,Q,R,K,E,S,K,K,P,P,V,K,L,Q,P,R,E,L,K,G,W,L,R,P,E,D,G,S,Q,A,E,A,A,E,D,E,L,K,I,R,F,N,T,P,F,D,V,G,I,K,L,S,G,A,Q,D,R,R,P,G,Q,V,L,E,K,F,L,Q,D,V,L,W,E,E,A,-,-
Pteropus_giganteus,-,-,-,-,-,-,-,-,-,-,-,-,-,-,-,-,-,-,-,-,-,-,-,-,-,-,-,-,-,-,-,-,-,-,-,-,-,-,-,-,-,-,-,-,-,-,-,-,-,-,-,-,-,-,-,-,-,-,-,-,-,-,-,-,-,-,-,-,-,-,-,-,-,-,-,-,-,-,-,-,-,-,-,-,-,-,-,-,-,-,-,-,-,-,-,-,-,-,-,-,-,-,-,-,-,-,-,-,-,-,-,-
Pteropus_vampyrus,M,P,S,L,G,T,I,C,S,L,L,L,L,S,V,L,W,V,D,L,A,M,A,G,S,S,F,L,S,P,E,H,Q,K,V,Q,Q,R,K,E,S,K,K,P,P,V,K,L,Q,P,R,E,L,K,G,W,L,R,P,E,D,G,S,Q,A,E,A,A,E,D,E,L,K,I,R,F,N,T,P,F,D,V,G,I,K,L,S,G,A,Q,D,R,R,P,G,Q,V,L,E,K,F,L,Q,D,V,L,W,E,E,A,-,-
Rousettus_aegyptiacus,M,P,S,L,G,A,L,C,S,L,L,L,L,S,V,L,W,V,D,L,A,M,A,G,S,S,F,L,S,P,E,H,Q,K,V,Q,Q,R,K,G,S,K,K,P,P,V,K,L,Q,P,R,E,L,K,G,W,L,H,P,E,D,G,S,Q,A,E,G,A,E,D,E,L,K,I,R,F,N,T,P,F,D,V,G,I,K,L,S,G,A,Q,D,R,R,P,G,Q,V,L,E,K,F,L,Q,D,V,L,W,E,E,A,-,-
Ailuropoda_melanoleuca,M,P,S,L,G,T,L,C,S,L,L,L,F,S,V,L,W,M,D,L,A,M,A,G,S,S,F,L,S,P,E,H,Q,K,V,Q,Q,R,K,E,S,K,K,P,P,A,K,L,Q,P,R,A,L,E,G,S,P,R,P,E,D,T,S,Q,V,E,G,A,E,D,E,L,E,I,R,F,N,A,P,F,D,V,G,I,K,L,S,G,A,Q,Y,Q,E,H,G,Q,A,L,G,K,F,L,Q,D,I,L,W,E,E,A,N,G
Antechinus_flavipes,-,-,-,-,-,-,-,-,S,L,L,L,L,S,V,L,W,I,D,V,A,W,A,G,S,S,F,L,S,P,E,H,P,K,T,-,Q,R,K,E,S,K,K,P,S,A,K,L,Q,P,R,D,M,E,-,-,-,-,-,-,-,-,-,-,-,-,-,-,-,-,-,L,E,I,Q,F,N,A,P,F,D,I,G,I,K,V,A,E,A,Q,Y,R,Q,Y,G,H,A,L,E,K,V,L,Q,E,I,L,L,E,E,-,-,-
Aotus_nancymaae,M,P,S,L,K,T,I,C,S,F,L,L,L,S,V,L,W,L,D,L,A,M,A,G,S,S,F,L,S,P,E,H,Q,R,I,Q,Q,R,K,E,S,K,K,P,P,A,K,L,Q,P,R,A,L,E,S,W,L,H,S,E,D,G,G,Q,A,E,G,A,E,D,E,L,E,I,-,-,-,-,-,-,-,-,-,-,-,-,-,-,-,-,-,-,-,-,-,-,-,-,-,-,-,-,-,-,-,-,-,-,-,-,-,-
Apodemus_sylvaticus,M,L,S,S,W,T,I,C,S,L,L,L,L,S,M,L,W,M,D,M,A,M,A,G,S,S,F,L,S,P,E,H,Q,K,A,Q,Q,R,K,E,S,K,K,P,P,A,K,L,Q,P,R,A,L,E,G,W,Q,H,P,E,D,R,G,Q,A,E,E,A,E,E,E,L,E,I,R,F,N,A,P,F,D,V,G,I,K,L,S,G,A,Q,Y,Q,Q,H,G,R,A,L,G,K,F,L,Q,D,I,L,W,E,E,V,K,-
Arvicola_amphibius,M,P,S,S,G,T,I,C,S,L,L,L,L,S,V,L,W,M,D,V,A,M,A,G,S,S,F,L,S,P,E,H,Q,K,A,Q,Q,R,K,E,S,K,K,P,P,A,K,L,Q,P,R,S,L,E,S,W,L,Q,P,E,G,R,G,Q,A,D,G,T,E,E,E,L,E,I,R,F,N,A,P,F,D,V,G,I,K,L,S,G,A,Q,Y,Q,Q,H,G,R,A,L,G,K,F,L,Q,D,I,L,W,E,E,V,K,E
Callorhinus_ursinus,M,P,S,P,G,T,L,C,S,L,L,L,F,T,V,L,W,M,D,L,A,M,A,G,S,S,F,L,S,P,E,H,Q,K,A,Q,Q,R,K,E,S,K,K,P,P,A,K,L,Q,P,R,A,L,E,G,S,L,R,P,E,D,T,T,Q,V,E,G,A,E,D,D,L,E,I,Q,F,D,V,P,F,D,V,G,I,K,L,L,G,A,Q,Y,H,Q,H,S,Q,A,L,G,K,F,L,Q,D,I,L,W,E,E,A,N,E
Canis_lupus_dingo,M,P,S,L,G,T,M,C,S,L,L,L,F,S,V,L,W,V,D,L,A,M,A,G,S,S,F,L,S,P,E,H,Q,K,L,Q,Q,R,K,E,S,K,K,P,P,A,K,L,Q,P,R,A,L,E,G,S,L,G,P,E,D,T,S,Q,V,E,E,A,E,D,E,L,E,I,R,F,N,A,P,F,D,V,G,I,K,L,S,G,P,Q,Y,H,Q,H,G,Q,A,L,G,K,F,L,Q,E,V,L,W,E,D,T,N,E
Carlito_syrichta,M,L,S,L,G,T,V,C,S,L,L,L,L,S,M,L,W,M,D,V,A,M,A,G,S,S,F,L,S,P,E,H,Q,K,V,Q,Q,R,K,E,S,K,K,P,P,A,K,L,Q,P,R,A,L,E,G,W,L,R,P,E,E,G,R,Q,V,E,G,A,E,D,E,L,E,I,R,F,N,A,P,F,D,V,G,V,K,L,S,G,A,Q,Y,Q,Q,H,S,Q,A,L,G,K,F,L,Q,D,I,L,W,E,E,A,K,E
Castor_canadensis,M,L,S,A,G,T,I,C,S,L,L,L,L,S,V,F,W,V,D,L,A,M,A,G,S,S,F,L,S,P,K,H,Q,K,V,Q,Q,R,K,D,S,K,K,L,P,A,K,L,Q,P,R,A,L,E,G,W,L,R,P,E,D,R,G,Q,T,E,E,E,E,D,E,L,E,I,R,F,N,A,P,F,D,V,G,I,K,L,S,G,A,Q,Y,Q,Q,H,G,R,A,L,G,K,F,L,Q,D,I,L,W,E,E,A,K,G
Cavia_porcellus,M,T,L,A,G,T,I,C,S,L,L,L,L,S,V,L,W,M,E,L,A,M,A,G,A,S,F,R,S,P,E,H,H,S,A,Q,Q,R,K,E,S,R,K,L,P,A,K,I,Q,P,R,E,L,E,D,W,P,R,P,E,G,R,G,K,A,D,A,A,R,E,E,L,E,T,Q,F,N,V,P,L,D,I,G,V,K,L,S,G,A,Q,Y,Q,Q,H,S,Q,A,L,G,K,L,L,Q,A,V,L,G,E,E,A,E,E
Cervus_elaphus_hippelaphus,-,-,-,-,-,-,-,-,-,-,-,-,-,-,-,-,-,-,-,-,-,-,-,-,-,-,-,-,-,-,-,-,-,-,-,-,-,-,-,-,-,-,-,-,-,-,-,-,-,-,-,-,-,-,-,-,-,-,-,-,-,-,-,-,-,-,-,-,-,-,-,-,-,-,-,-,-,-,-,-,-,-,-,-,-,-,-,-,-,-,-,-,-,-,-,-,-,-,-,-,-,-,-,-,-,-,-,-,-,-,-,-
Chinchilla_lanigera,M,I,S,A,G,T,L,C,S,L,L,L,L,S,V,L,W,V,D,L,A,M,A,G,S,S,F,L,S,P,E,H,R,K,A,Q,Q,R,K,E,S,K,K,P,P,A,K,L,Q,P,R,A,L,E,D,W,L,H,P,K,G,R,G,Q,E,D,K,A,E,D,E,L,E,I,Q,F,N,A,P,F,D,V,G,I,K,L,S,G,A,Q,Y,Q,Q,H,G,Q,A,L,G,K,F,L,Q,D,I,L,G,E,E,A,K,E
Choloepus_didactylus,M,L,S,P,A,T,L,C,S,L,L,L,L,T,V,L,W,A,N,M,A,R,A,G,S,S,F,L,S,P,E,Y,Q,K,A,Q,Q,R,K,E,S,K,K,L,L,T,K,P,Q,P,R,A,I,E,G,W,P,H,P,E,D,E,R,Q,A,E,G,A,E,D,E,L,E,I,Q,F,N,A,P,L,D,V,G,I,K,L,S,G,A,Q,Y,Q,Q,H,G,R,A,L,G,K,F,L,Q,D,I,L,W,E,E,A,K,E
Cricetulus_griseus,M,L,S,S,G,T,I,C,S,L,L,L,L,S,V,L,W,M,D,V,A,M,T,G,S,S,F,L,S,P,E,H,Q,K,A,Q,Q,R,K,E,S,K,K,P,Q,A,K,L,Q,P,R,S,L,E,G,W,L,H,P,E,G,R,G,Q,A,E,G,T,E,E,E,L,E,I,R,F,N,A,P,F,D,V,G,I,K,L,S,G,A,Q,Y,Q,Q,H,G,Q,A,L,G,K,F,L,Q,D,I,L,W,E,E,V,K,-
Dasypus_novemcinctus,M,L,S,P,G,T,L,C,S,L,L,L,L,S,V,L,W,T,D,S,A,R,A,G,S,S,F,L,S,P,E,H,Q,K,T,Q,Q,R,K,E,S,K,K,P,A,T,K,L,Q,P,R,A,I,E,G,W,L,H,P,E,D,G,S,Q,G,E,G,A,E,D,E,L,E,I,Q,F,N,A,P,F,D,V,G,I,K,L,S,G,A,Q,Y,Q,Q,H,G,R,S,L,G,K,F,L,Q,D,I,L,W,E,E,D,K,E
Dipodomys_ordii,M,L,S,A,G,T,V,C,S,L,L,L,L,S,V,L,W,V,D,V,A,M,A,G,S,S,F,L,S,P,E,H,Q,K,A,Q,Q,R,K,D,S,K,K,P,P,S,K,L,Q,P,R,A,L,E,G,G,L,G,T,E,D,R,G,P,E,E,G,A,E,D,E,L,E,V,R,F,N,A,P,F,D,V,G,I,K,L,S,G,A,Q,Y,Q,Q,H,G,R,A,L,G,K,F,L,Q,D,I,L,W,E,E,A,R,E
Dipodomys_spectabilis,M,L,S,A,G,T,V,C,S,L,L,L,L,S,V,L,W,V,D,V,A,M,A,G,S,S,F,L,S,P,E,H,Q,K,A,-,Q,R,K,D,S,K,K,P,P,S,K,L,Q,P,R,A,L,E,G,G,L,G,T,E,D,R,G,P,E,E,G,A,E,D,E,L,E,V,R,F,N,A,P,F,D,V,G,I,K,L,S,G,A,Q,Y,Q,Q,H,G,R,A,L,G,K,F,L,Q,D,I,L,W,E,E,A,R,E
Dromiciops_gliroides,-,-,-,-,A,A,I,C,S,L,L,L,L,S,V,L,W,I,D,V,A,L,A,G,S,S,F,L,S,P,E,H,A,K,T,-,Q,R,K,E,S,K,K,P,P,V,K,L,V,P,R,D,M,E,-,-,-,-,-,D,A,S,S,Q,P,E,E,I,E,K,G,L,E,I,Q,F,N,A,P,F,D,I,G,I,K,V,A,E,A,Q,Y,Q,Q,Y,G,Q,A,L,E,K,V,L,K,E,I,L,S,E,E,-,-,-
Elephantulus_edwardii,M,L,S,Q,G,T,I,C,S,L,L,L,L,S,T,L,C,L,D,L,A,A,A,G,S,S,F,L,S,P,E,H,Q,K,V,Q,Q,R,K,E,S,K,K,P,P,A,K,L,E,P,R,G,L,E,-,-,-,-,-,-,D,G,S,Q,A,G,G,A,E,D,E,L,E,I,Q,F,N,V,P,F,D,V,R,I,K,L,S,G,A,Q,Y,Q,Q,H,G,H,A,L,G,K,F,L,Q,D,I,L,W,E,D,V,K,D
Equus_caballus,M,P,S,R,G,T,I,C,S,L,L,L,L,S,V,L,W,V,D,L,T,M,A,G,S,S,F,L,S,P,E,H,H,K,V,Q,H,R,K,E,S,K,K,P,P,A,K,L,K,P,R,A,L,E,D,W,L,P,S,E,D,G,G,Q,A,Q,G,A,E,E,E,L,E,I,R,F,N,A,P,F,D,V,G,I,K,L,S,G,A,Q,Y,H,Q,H,S,Q,A,L,G,T,F,L,Q,D,I,L,W,E,E,A,N,E
Erinaceus_europaeus,-,-,-,-,-,-,-,-,-,-,-,-,-,-,-,-,-,-,-,-,-,-,-,-,-,-,-,-,-,-,-,-,-,-,-,-,-,-,-,-,-,-,-,-,-,-,-,-,-,-,-,-,-,-,-,-,-,-,-,-,-,-,-,-,-,-,-,-,-,-,-,-,-,-,-,-,-,-,-,-,-,-,-,-,-,-,-,-,-,-,-,-,-,-,-,-,-,-,-,-,-,-,-,-,-,-,-,-,-,-,-,-
Eumetopias_jubatus,M,P,S,P,G,T,L,C,S,L,L,L,F,T,V,L,W,M,D,L,A,M,A,G,S,S,F,L,S,P,E,H,Q,K,A,Q,Q,R,K,E,S,K,K,P,P,A,K,L,Q,P,R,A,L,E,G,S,L,R,P,E,D,T,A,Q,V,E,G,A,E,D,E,L,E,I,Q,F,D,V,P,F,D,V,G,I,K,L,L,G,A,Q,Y,H,Q,H,S,Q,A,L,G,K,F,L,Q,D,I,L,W,E,E,A,N,E
Felis_catus,M,P,S,P,G,T,V,C,S,L,L,L,F,S,M,L,W,A,D,L,A,M,A,G,S,S,F,L,S,P,E,H,Q,K,V,-,Q,R,K,E,S,K,K,P,P,A,K,L,Q,P,R,A,L,E,G,L,I,H,P,E,D,T,S,Q,V,E,G,A,E,D,E,L,E,I,R,F,N,A,P,F,D,V,G,I,K,L,S,G,A,Q,Y,H,Q,H,G,Q,A,L,G,K,F,L,Q,D,V,L,W,E,E,A,D,E
Fukomys_damarensis,M,I,S,V,R,T,L,C,S,L,L,L,L,S,V,F,W,V,D,L,S,M,A,G,S,S,F,L,S,P,G,H,Q,K,A,Q,Q,R,K,E,S,K,Q,P,P,T,K,L,Q,P,R,A,L,E,D,W,L,R,P,E,G,R,G,Q,A,-,-,A,E,D,E,L,E,I,Q,F,N,A,P,F,D,V,G,I,K,L,S,G,T,Q,Y,Q,Q,H,G,Q,A,L,E,K,F,L,Q,D,I,F,G,E,E,E,K,E
Galeopterus_variegatus,M,L,S,P,G,T,I,C,S,L,L,L,L,S,V,L,W,V,D,L,A,M,G,G,S,S,F,L,S,P,E,H,Q,K,V,Q,Q,R,K,E,S,K,K,P,T,A,K,L,Q,P,R,A,L,E,G,W,L,H,P,E,D,R,S,Q,V,E,G,A,E,D,K,L,E,I,R,F,N,A,P,F,D,I,G,I,K,L,S,E,A,Q,Y,Q,Q,H,S,Q,A,L,G,K,F,L,Q,D,I,L,W,E,E,A,K,E
Gracilinanus_agilis,-,-,-,-,-,-,I,C,S,L,L,L,L,S,V,L,W,M,D,V,A,S,A,G,S,S,F,L,S,P,E,H,P,K,T,-,Q,R,K,E,T,K,K,P,S,V,K,F,Q,P,R,G,V,E,-,-,-,-,-,-,-,-,-,-,-,-,-,-,-,-,-,L,E,I,Q,F,N,A,P,F,D,I,G,I,K,V,A,E,A,Q,Y,Q,Q,Y,G,H,A,L,E,K,V,L,Q,E,I,L,L,E,E,-,-,-
Grammomys_surdaster,M,L,S,S,G,T,I,C,S,L,L,L,L,S,M,L,W,M,D,M,A,M,A,G,S,S,F,L,S,P,E,H,Q,K,A,Q,Q,R,K,E,S,K,K,P,P,A,K,L,K,P,R,A,L,E,G,W,L,H,P,E,D,R,G,Q,A,E,E,A,E,E,E,L,E,I,R,F,N,A,P,F,D,V,G,I,K,L,S,G,A,Q,Y,Q,Q,H,G,R,A,L,G,K,F,L,Q,D,I,L,W,E,E,V,K,E
Heterocephalus_glaber,M,I,S,A,R,T,L,C,S,L,L,L,L,S,V,L,W,V,D,L,A,M,A,G,S,S,F,L,S,P,G,H,Q,K,A,Q,Q,R,K,E,S,K,Q,P,S,A,K,V,Q,P,R,A,L,E,D,W,L,R,P,E,-,-,-,-,-,-,-,-,E,D,E,L,E,I,Q,F,N,A,P,F,D,V,S,I,K,L,S,G,A,Q,Y,Q,Q,H,C,Q,A,L,E,K,F,L,Q,D,I,L,G,E,E,A,K,G
Hyaena_hyaena,M,P,S,L,G,A,V,C,S,L,L,L,F,S,V,L,W,M,D,L,T,M,A,G,S,S,F,L,S,P,E,H,Q,K,V,Q,Q,R,K,E,S,K,K,P,P,P,K,L,Q,P,R,A,L,E,G,S,L,R,P,G,N,P,S,Q,V,E,G,E,E,D,E,L,E,I,R,F,N,A,P,F,D,V,G,I,K,L,S,G,A,Q,H,H,Q,H,G,Q,A,L,G,K,F,L,Q,D,V,L,W,E,-,-,-,-
Jaculus_jaculus,M,L,S,A,G,T,F,Y,S,L,L,L,L,S,V,L,W,V,D,L,A,M,A,G,S,S,F,L,S,P,E,H,Q,K,A,Q,Q,R,K,E,S,K,K,P,P,G,K,V,Q,P,R,A,L,E,G,R,L,H,T,E,D,H,G,Q,A,E,G,A,E,E,E,L,E,I,R,F,N,A,P,L,D,V,G,V,R,L,S,G,A,Q,Y,Q,Q,H,E,R,A,L,G,K,F,L,Q,D,I,L,W,E,E,V,K,E
Lemur_catta,M,L,S,L,G,T,I,C,S,L,L,L,L,S,V,L,W,V,D,I,A,T,A,G,S,S,F,L,S,P,E,H,Q,K,I,Q,Q,R,K,E,S,R,K,P,P,A,K,L,Q,P,R,A,L,E,G,W,L,R,P,E,D,G,S,Q,A,E,G,A,E,D,E,L,E,I,R,F,N,A,P,F,D,V,G,I,K,L,S,G,A,Q,Y,Q,Q,H,S,Q,A,L,G,K,F,L,Q,D,I,L,W,E,E,A,K,E
Leptonychotes_weddellii,M,P,S,L,G,T,L,C,S,L,M,L,F,T,V,L,W,M,D,L,A,M,A,G,S,S,F,L,S,P,E,H,Q,K,A,Q,Q,R,K,E,S,K,K,P,P,A,K,L,Q,P,R,A,L,E,G,S,L,R,P,E,D,R,S,Q,V,E,G,S,E,D,E,L,E,I,Q,F,N,V,P,F,D,V,G,I,K,L,L,G,A,Q,Y,H,Q,H,S,Q,A,L,G,K,F,L,Q,D,I,L,W,E,E,A,N,E
Lontra_canadensis,M,P,S,L,G,T,L,C,R,L,L,L,F,S,M,L,W,M,D,L,A,L,A,G,S,S,F,L,S,P,E,H,Q,K,V,Q,Q,R,K,E,S,K,K,P,P,A,K,V,Q,P,R,A,L,E,G,S,L,R,P,E,D,T,S,Q,V,E,G,A,E,D,E,L,E,I,R,F,N,T,P,F,D,V,G,I,K,L,S,G,A,Q,Y,H,Q,H,G,Q,A,L,G,K,F,L,Q,D,I,L,W,E,E,A,N,E
Lynx_canadensis,M,P,S,P,G,T,V,C,S,L,L,L,F,S,V,L,W,A,D,L,A,M,A,G,S,S,F,L,S,P,E,H,Q,K,V,Q,Q,R,K,E,S,K,K,P,P,A,K,L,Q,P,R,A,L,E,G,L,I,H,P,E,D,T,S,Q,V,E,G,A,E,D,E,L,E,I,R,F,N,A,P,F,D,V,G,I,K,L,S,G,A,Q,Y,H,Q,H,G,Q,A,L,G,K,F,L,Q,D,V,L,W,E,E,A,D,E
Manis_javanica,M,P,S,L,G,T,I,C,S,L,L,L,L,S,V,L,W,V,D,L,A,M,A,G,S,S,F,L,S,P,E,H,Q,K,V,Q,Q,R,K,E,S,K,K,P,P,A,K,L,Q,P,R,A,L,E,G,W,L,L,P,E,D,G,H,Q,A,D,G,A,E,D,E,L,E,M,R,F,N,V,P,F,D,V,G,I,K,L,S,G,A,Q,Y,H,Q,H,G,Q,A,L,G,K,V,L,R,D,S,L,W,E,E,V,D,E
Manis_pentadactyla,M,P,S,L,G,T,I,C,S,L,L,L,L,S,V,L,W,V,D,L,A,M,A,G,S,S,F,L,S,P,E,H,Q,K,V,Q,Q,R,K,E,S,K,K,P,P,A,K,L,Q,P,R,A,L,E,S,W,F,L,P,E,D,G,R,Q,A,D,G,A,E,D,E,L,E,M,R,F,N,T,P,F,D,V,G,I,K,L,S,G,A,Q,Y,H,Q,H,G,Q,A,L,G,K,V,L,R,D,S,L,W,E,E,V,D,E
Mastomys_coucha,M,L,S,S,G,S,I,C,S,L,L,L,L,S,M,L,W,T,D,M,A,M,A,G,S,S,F,L,S,P,E,H,Q,K,A,Q,Q,R,K,E,S,K,K,P,P,A,K,L,Q,P,R,A,L,E,G,W,L,H,P,E,D,R,G,Q,A,E,E,A,E,E,E,L,E,I,R,F,N,A,P,F,D,V,G,I,K,L,S,G,A,Q,Y,Q,Q,H,G,R,A,L,G,K,F,L,Q,D,I,L,W,E,E,V,K,E
Meles_meles,M,P,S,L,G,T,L,C,S,L,L,L,F,S,V,L,W,M,D,L,A,M,A,G,S,S,F,L,S,P,E,H,Q,K,V,Q,Q,R,K,E,S,K,K,P,P,A,K,L,Q,P,R,A,L,E,G,S,L,R,P,E,D,T,S,Q,V,E,G,A,E,D,E,L,E,I,R,F,N,T,P,F,D,V,G,V,K,L,S,G,A,Q,Y,H,Q,H,G,Q,A,L,G,K,F,L,Q,D,I,L,W,E,E,A,N,E
Meriones_unguiculatus,M,M,S,S,G,T,I,C,S,L,L,L,L,G,V,L,W,M,D,V,A,M,A,G,S,S,F,L,S,P,E,H,Q,K,T,Q,Q,R,K,E,S,K,K,P,P,A,K,L,Q,P,R,A,L,E,G,W,L,H,P,D,G,R,G,Q,A,E,G,A,E,D,E,L,E,I,R,F,N,A,P,F,D,V,G,I,K,L,S,G,A,Q,Y,Q,Q,H,G,R,A,L,G,K,F,L,Q,D,I,L,W,E,E,V,K,E
Mesocricetus_auratus,M,L,S,S,G,T,I,C,S,L,L,L,L,S,V,L,W,M,D,V,A,M,T,G,S,S,F,L,S,P,E,H,Q,K,A,Q,Q,R,K,E,S,K,K,P,Q,A,K,L,Q,P,R,S,L,E,G,W,L,H,P,E,G,R,G,Q,A,E,G,T,E,E,E,L,E,I,R,F,N,A,P,F,D,V,G,I,K,L,S,G,A,Q,Y,Q,Q,H,G,R,A,L,G,K,F,L,Q,D,I,L,W,E,E,V,K,E
Microcebus_murinus,M,L,S,L,G,T,I,C,S,L,L,L,L,S,M,L,W,A,D,M,A,T,A,G,S,S,F,L,S,P,E,H,Q,K,T,Q,Q,R,K,E,S,K,K,P,P,A,K,L,Q,P,R,A,L,E,G,W,L,R,P,E,D,G,S,Q,A,E,G,A,E,D,E,L,E,I,R,F,N,A,P,F,D,I,G,I,K,L,S,G,A,Q,Y,Q,Q,H,S,Q,V,L,G,K,F,L,Q,D,I,L,W,E,E,A,K,G
Microtus_fortis,M,P,S,S,G,T,I,C,S,L,L,L,L,S,V,L,W,M,D,V,A,M,A,G,S,S,F,L,S,P,E,H,Q,K,A,Q,Q,R,K,E,S,K,K,P,P,A,K,L,K,P,R,S,L,E,G,W,L,Q,P,E,G,R,G,Q,A,D,G,T,E,E,E,L,E,I,R,F,N,A,P,F,D,V,G,I,K,L,S,G,A,Q,Y,Q,Q,H,G,R,A,L,G,K,F,L,Q,D,I,L,W,E,E,V,K,E
Microtus_ochrogaster,M,P,S,S,G,T,I,C,S,L,L,L,L,S,V,L,W,M,D,V,A,M,A,G,S,S,F,L,S,P,E,H,Q,K,A,Q,Q,R,K,E,S,K,K,P,P,A,K,L,Q,P,R,S,L,E,G,W,L,Q,P,E,G,R,G,Q,A,D,G,T,E,E,E,L,E,I,R,F,N,A,P,F,D,V,G,I,K,L,S,G,A,Q,Y,Q,Q,H,G,R,A,L,G,K,F,L,Q,D,I,L,W,E,E,V,K,G
Microtus_oregoni,M,P,S,S,G,T,I,C,S,L,L,L,L,S,V,L,W,M,D,V,A,I,A,G,S,S,F,L,S,P,E,H,Q,K,A,Q,Q,R,K,E,S,K,K,P,P,A,K,L,Q,P,R,S,L,E,G,W,L,Q,P,E,G,R,-,Q,A,D,G,T,E,E,E,L,E,I,R,F,N,A,P,F,D,V,G,I,K,L,S,G,A,Q,Y,Q,Q,H,G,R,A,L,G,K,F,L,Q,D,I,L,W,E,E,V,K,E
Mirounga_angustirostris,M,P,S,L,G,T,L,C,S,L,L,L,F,T,V,L,W,M,D,L,A,M,A,G,S,S,F,L,S,P,E,Y,Q,K,A,Q,Q,R,K,E,S,K,K,P,P,A,K,L,Q,S,R,A,L,E,G,S,L,R,P,E,D,R,S,Q,V,E,G,A,E,D,E,L,E,I,Q,F,N,V,P,F,D,V,G,I,K,L,S,G,A,Q,Y,H,Q,H,S,Q,A,L,G,K,F,L,Q,D,I,L,W,E,E,A,-,-
Mirounga_leonina,M,P,S,L,G,T,L,C,S,L,L,L,F,T,V,L,W,M,D,L,A,M,A,G,S,S,F,L,S,P,E,Y,Q,K,A,Q,Q,R,K,E,S,K,K,P,P,A,K,L,Q,P,R,A,L,E,G,S,L,R,P,E,D,R,S,Q,V,E,G,A,E,D,E,L,E,I,Q,F,N,V,P,F,D,V,G,I,K,L,S,G,A,Q,Y,H,Q,H,S,Q,A,L,G,K,F,L,Q,D,I,L,W,E,E,A,N,E
Monodelphis_domestica,M,I,P,K,V,A,I,C,S,L,L,L,F,S,V,L,W,M,D,V,A,L,A,G,S,S,F,L,S,P,E,H,P,K,T,-,Q,R,K,E,T,K,K,P,S,V,K,L,Q,P,R,G,V,E,-,-,-,-,-,-,-,-,-,-,-,-,-,-,-,-,-,L,E,I,Q,F,N,A,P,F,D,I,G,I,K,V,A,E,A,Q,Y,Q,Q,Y,G,H,A,L,E,K,V,L,Q,E,I,L,L,E,E,-,-,-
Mus_caroli,M,L,S,S,G,T,I,C,S,L,L,L,L,S,M,L,W,M,D,M,A,M,A,G,S,S,F,L,S,P,E,H,Q,K,A,Q,Q,K,K,E,S,K,K,P,P,A,K,L,Q,P,R,A,L,E,G,W,L,H,P,E,D,R,G,Q,A,E,E,T,E,E,E,L,E,I,R,F,N,A,P,F,D,V,G,I,K,L,S,G,A,Q,Y,Q,Q,H,G,R,A,L,G,K,F,L,Q,D,I,L,W,E,E,V,K,E
Mus_musculus,M,L,S,S,G,T,I,C,S,L,L,L,L,S,M,L,W,M,D,M,A,M,A,G,S,S,F,L,S,P,E,H,Q,K,A,Q,Q,R,K,E,S,K,K,P,P,A,K,L,Q,P,R,A,L,E,G,W,L,H,P,E,D,R,G,Q,A,E,E,T,E,E,E,L,E,I,R,F,N,A,P,F,D,V,G,I,K,L,S,G,A,Q,Y,Q,Q,H,G,R,A,L,G,K,F,L,Q,D,I,L,W,E,E,V,K,E
Mus_pahari,M,L,S,S,G,T,I,C,S,L,L,L,L,S,M,L,W,M,D,M,A,M,A,G,S,S,F,L,S,P,E,H,Q,K,-,Q,Q,R,K,E,S,K,K,P,P,A,K,L,Q,P,R,A,L,E,G,W,L,H,P,E,D,R,G,Q,A,E,E,T,E,E,E,L,E,I,R,F,N,A,P,F,D,V,G,I,K,L,S,G,A,Q,Y,Q,Q,H,G,R,A,L,G,K,F,L,Q,D,I,L,W,E,E,V,K,-
Mustela_erminea,M,P,S,L,G,T,L,C,S,L,L,L,F,S,V,L,W,M,D,L,A,L,A,G,S,S,F,L,S,P,E,H,Q,K,V,Q,Q,R,K,E,S,K,K,P,P,A,K,L,Q,P,R,A,L,E,G,S,L,R,P,E,D,T,S,Q,V,E,G,A,E,D,E,L,E,I,W,F,N,T,P,F,D,V,G,I,K,L,S,G,A,Q,Y,H,Q,H,G,Q,A,L,G,K,F,L,Q,D,I,L,W,E,E,A,N,E
Mustela_putorius_furo,M,P,S,L,G,T,L,C,S,L,L,L,F,S,V,L,W,M,D,L,A,L,A,G,S,S,F,L,S,P,E,H,Q,K,V,Q,Q,R,K,E,S,K,K,P,P,A,K,L,Q,P,R,A,L,E,G,S,L,R,P,E,D,T,S,Q,V,E,G,A,E,D,E,L,E,I,R,F,N,T,P,F,D,V,G,I,K,L,S,G,A,Q,Y,H,Q,H,G,Q,A,L,G,K,F,L,Q,D,I,L,W,E,E,A,N,E
Myodes_glareolus,M,L,S,S,G,T,I,C,S,L,L,L,L,S,V,L,W,M,D,V,A,M,A,G,S,S,F,L,S,P,E,H,Q,K,A,Q,Q,R,K,E,S,K,K,P,P,A,K,L,Q,P,R,S,L,E,G,W,L,Q,P,E,G,R,G,Q,A,D,G,T,E,E,E,L,E,I,R,F,N,A,P,F,D,V,G,I,K,L,S,G,A,Q,Y,Q,Q,H,G,R,A,L,G,K,F,L,Q,D,I,L,W,E,E,V,K,E
Neogale_vison,M,P,S,L,G,T,L,C,S,L,L,L,F,S,V,L,W,M,D,L,A,L,A,G,S,S,F,L,S,P,E,H,Q,K,V,Q,Q,R,K,E,S,K,K,P,P,A,K,L,Q,P,R,A,L,E,G,S,L,R,P,E,D,T,N,E,V,E,G,A,E,D,E,L,E,I,R,F,D,T,P,F,D,V,G,I,K,L,S,G,A,Q,Y,H,Q,H,G,Q,A,L,G,K,F,L,Q,D,I,L,W,E,E,A,N,E
Odobenus_rosmarus_divergens,M,P,S,P,G,T,L,C,S,L,L,L,F,T,V,L,W,M,D,L,A,M,A,G,S,S,F,L,S,P,E,H,Q,K,A,Q,Q,R,K,E,S,K,K,P,P,A,K,L,Q,P,R,A,L,K,G,S,L,R,P,E,D,T,T,Q,V,E,G,A,E,D,E,L,E,I,Q,F,D,V,P,F,D,V,G,I,K,L,L,G,A,Q,Y,H,Q,H,S,Q,A,L,G,K,F,L,Q,D,I,L,W,E,E,A,N,E
Odocoileus_virginianus_texanus,M,P,A,P,W,T,I,C,S,L,L,L,L,S,V,L,W,L,D,L,A,M,A,G,S,S,F,L,S,P,E,H,Q,K,L,-,Q,R,K,E,P,K,K,P,S,G,R,L,K,P,R,A,L,E,G,Q,F,D,P,E,V,G,S,Q,A,E,G,A,E,D,E,L,E,I,R,F,N,A,P,F,D,I,G,I,K,L,S,G,A,Q,S,L,Q,H,G,Q,T,L,G,K,F,L,Q,D,I,L,W,E,E,A,-,-
Onychomys_torridus,M,P,S,S,G,T,I,C,S,L,L,L,L,S,V,L,W,M,D,V,A,M,T,G,S,S,F,L,S,P,E,H,Q,K,A,Q,Q,R,K,E,S,K,K,P,P,A,K,L,Q,P,R,S,L,E,G,W,L,H,P,E,G,R,G,Q,S,E,G,T,E,E,E,L,E,I,R,F,N,A,P,F,D,V,G,I,K,L,S,G,A,Q,Y,Q,Q,H,G,R,A,L,G,K,F,L,Q,D,I,L,W,E,E,V,K,E
Ornithorhynchus_anatinus,-,-,-,-,-,-,-,-,-,-,-,-,-,-,-,-,-,-,-,-,-,-,-,-,-,-,-,-,-,-,-,-,-,-,-,-,-,-,-,-,-,-,-,-,-,-,-,-,-,-,-,-,-,-,-,-,-,-,-,-,-,-,-,-,-,-,-,-,-,-,-,-,-,-,-,-,-,-,-,-,-,-,-,-,-,-,-,-,-,-,-,-,-,-,-,-,-,-,-,-,-,-,-,-,-,-,-,-,-,-,-,-
Orycteropus_afer_afer,M,L,S,L,G,T,I,C,S,L,L,L,F,S,V,L,W,A,D,L,A,M,A,G,S,S,F,L,S,P,E,H,Q,K,V,-,Q,R,K,E,S,K,K,P,S,A,K,L,Q,P,R,A,I,E,G,W,L,H,P,E,D,E,S,Q,A,K,G,A,E,D,E,L,E,I,R,F,N,V,P,F,D,I,G,I,K,L,S,G,P,Q,Y,R,H,H,G,Q,A,L,E,K,F,L,Q,D,I,L,W,E,D,A,K,E
Oryctolagus_cuniculus,M,L,S,A,G,T,A,C,S,L,L,L,L,S,V,L,W,V,D,V,A,M,A,G,S,S,F,L,S,P,E,H,Q,K,A,Q,Q,R,K,D,A,K,K,P,P,A,R,L,Q,P,R,A,-,-,-,-,-,-,-,E,D,N,G,Q,-,E,E,A,E,D,Q,L,Q,I,R,F,S,A,P,F,D,V,G,I,Q,L,S,G,A,Q,Y,Q,Q,H,G,R,A,L,G,K,I,L,Q,D,I,L,R,E,E,T,K,G
Oryx_dammah,M,R,T,L,R,T,I,C,S,L,L,L,L,S,V,L,W,M,D,L,A,M,A,G,S,S,F,L,S,P,E,H,Q,K,L,-,Q,R,K,E,P,K,K,P,S,G,R,L,K,P,R,A,L,E,G,Q,F,D,P,D,V,G,S,Q,A,E,G,A,E,D,E,L,E,I,R,F,N,A,P,F,N,I,G,I,K,L,S,G,A,Q,S,L,Q,H,G,Q,T,L,G,K,F,L,Q,D,I,L,W,E,E,A,E,E
Otolemur_garnettii,M,L,S,L,G,T,I,C,S,L,L,L,L,S,V,L,W,V,D,V,A,M,A,G,S,S,F,L,S,P,D,H,Q,K,I,Q,Q,R,K,E,S,K,K,P,P,A,K,L,Q,P,R,A,L,E,G,W,V,H,P,E,D,G,S,Q,G,N,A,A,E,D,E,L,E,I,R,F,N,S,P,L,D,V,G,I,K,L,S,G,A,Q,Y,Q,Q,H,S,Q,A,L,G,K,F,L,Q,D,I,L,W,E,E,A,K,E
Panthera_leo,M,P,S,P,G,T,V,C,S,L,L,L,F,S,V,L,W,A,D,L,A,M,A,G,S,S,F,L,S,P,E,H,Q,K,V,Q,Q,R,K,E,S,K,K,P,P,A,K,L,Q,P,R,A,L,E,G,L,I,H,P,E,D,T,S,Q,V,E,G,A,E,D,E,L,E,I,R,F,N,A,P,F,D,V,G,I,K,L,S,G,A,Q,Y,H,Q,H,G,Q,A,L,G,K,F,L,Q,D,I,L,W,Q,E,A,-,-
Panthera_pardus,M,P,S,P,G,T,V,C,S,L,L,L,F,S,V,L,W,A,D,L,A,M,A,G,S,S,F,L,S,P,E,H,Q,K,V,Q,Q,R,K,E,S,K,K,P,P,A,K,L,Q,P,R,A,L,E,G,L,I,H,P,E,D,T,S,Q,V,E,G,A,E,D,E,L,E,I,R,F,I,A,P,F,D,V,G,I,K,L,S,G,S,Q,Y,H,Q,H,G,Q,A,L,G,K,F,L,Q,D,V,L,W,E,E,A,-,-
Panthera_uncia,M,P,S,P,G,T,M,C,S,L,L,L,F,S,V,L,W,A,D,L,A,M,A,G,S,S,F,L,S,P,E,H,Q,K,V,Q,Q,R,K,E,S,K,K,P,P,A,K,L,Q,P,R,A,L,E,G,L,I,H,P,E,D,T,S,Q,V,E,G,A,E,D,E,L,E,I,R,F,N,A,P,F,D,V,G,I,K,L,S,G,A,Q,Y,H,Q,H,G,Q,A,L,G,K,F,L,Q,D,V,L,W,E,E,A,D,G
Perognathus_longimembris_pacificus,M,L,S,A,G,S,V,C,S,L,L,L,L,S,V,L,W,V,D,V,A,M,A,G,S,S,F,L,S,P,E,H,Q,K,A,-,Q,R,K,D,S,K,K,A,P,S,K,L,Q,P,R,A,L,E,G,W,L,W,Q,E,D,P,G,Q,E,D,G,A,E,D,Q,L,E,-,-,F,N,A,P,F,D,V,G,I,K,L,S,G,A,Q,Y,Q,Q,H,G,Q,A,L,G,K,F,L,Q,D,V,L,W,E,E,A,K,E
Peromyscus_californicus_insignis,-,-,-,-,-,-,-,-,-,-,-,-,-,-,-,-,-,-,-,-,-,-,-,-,-,-,-,-,-,-,-,-,-,-,-,-,-,-,-,-,-,-,-,-,-,-,-,-,-,-,-,-,-,-,-,-,-,-,-,-,-,-,-,-,-,-,-,-,-,-,-,-,-,-,-,-,-,-,-,-,-,-,-,-,-,-,-,-,-,-,-,-,-,-,-,-,-,-,-,-,-,-,-,-,-,-,-,-,-,-,-,-
Peromyscus_leucopus,M,L,S,S,G,T,I,C,S,L,L,L,L,S,V,L,W,M,D,V,A,M,T,G,S,S,F,L,S,P,E,H,Q,K,A,Q,Q,R,K,E,S,K,K,P,P,A,K,L,Q,P,R,S,L,E,G,W,L,H,P,E,G,R,G,Q,A,E,G,T,E,E,E,L,E,I,R,F,N,A,P,F,D,V,G,I,K,L,S,G,A,Q,Y,Q,Q,H,G,R,A,L,G,K,F,L,Q,D,I,L,W,E,E,V,K,E
Peromyscus_maniculatus_bairdii,M,L,S,S,G,T,I,C,S,L,L,L,L,S,V,L,W,M,D,V,A,M,T,G,S,S,F,L,S,P,E,H,Q,K,A,Q,Q,R,K,E,S,K,K,P,P,A,K,L,Q,P,R,S,L,E,G,W,L,H,P,E,G,R,G,Q,A,E,G,T,E,E,E,L,E,I,R,F,N,A,P,F,D,V,G,I,K,L,S,G,A,Q,Y,Q,Q,H,G,R,A,L,G,K,F,L,Q,D,I,L,W,E,E,V,K,E
Phascolarctos_cinereus,-,-,-,-,-,-,I,C,S,L,L,L,L,S,M,L,W,I,D,V,A,S,A,G,S,S,F,L,S,P,E,H,P,K,I,-,Q,R,K,E,S,R,K,P,P,V,K,L,Q,P,R,D,V,E,-,-,-,-,-,D,S,S,S,Q,P,E,G,L,E,K,G,L,E,I,Q,F,N,A,P,F,D,I,G,I,K,V,A,E,A,Q,Y,Q,Q,Y,G,R,T,L,E,K,V,L,Q,E,I,L,L,E,E,-,-,-
Phoca_vitulina,M,P,S,L,G,T,L,C,S,L,L,L,F,T,V,L,W,M,D,L,A,M,A,G,S,S,F,L,S,P,E,H,Q,K,A,Q,Q,R,K,E,S,K,K,P,P,A,K,L,Q,P,R,A,L,E,G,L,L,R,P,E,D,R,S,Q,V,E,G,A,E,D,E,L,E,I,Q,F,N,V,P,S,D,V,G,I,K,L,S,G,A,Q,Y,C,Q,H,S,Q,A,L,G,E,L,L,Q,D,I,L,W,E,-,-,-,-
Phodopus_roborovskii,M,L,S,S,G,T,I,C,S,L,L,L,L,S,V,L,W,M,D,V,A,M,T,G,S,S,F,L,S,P,E,H,Q,K,A,-,Q,R,K,E,S,K,K,P,Q,A,K,L,Q,P,R,S,L,E,G,W,L,H,P,E,G,R,E,Q,T,E,G,T,E,E,E,L,E,I,R,F,N,A,P,F,D,V,G,I,K,L,S,G,A,Q,Y,Q,Q,H,G,Q,A,L,G,K,F,L,Q,D,I,L,W,E,E,V,K,E
Prionailurus_bengalensis_euptilurus,-,-,-,-,-,-,-,-,-,-,-,-,-,-,-,-,-,-,-,-,-,-,-,-,-,-,-,-,-,-,-,-,-,-,-,-,-,-,-,-,-,-,-,-,-,-,-,-,-,-,-,-,-,-,-,-,-,-,-,-,-,-,-,-,-,-,-,-,-,-,-,-,-,-,-,-,-,-,-,-,-,-,-,-,-,-,-,-,-,-,-,-,-,-,-,-,-,-,-,-,-,-,-,-,-,-,-,-,-,-,-,-
Puma_concolor,M,P,S,P,G,T,V,C,S,L,L,L,F,S,V,L,W,A,D,L,A,M,A,G,S,S,F,L,S,P,E,H,Q,K,V,Q,Q,R,K,E,S,K,K,P,P,A,K,L,Q,P,R,A,L,E,G,L,I,H,P,E,D,T,S,Q,V,E,G,A,E,D,E,L,E,I,R,F,N,A,P,F,D,V,G,I,K,L,S,G,A,Q,Y,H,Q,H,G,Q,A,L,G,K,F,L,Q,D,V,L,W,E,E,A,E,E
Puma_yagouaroundi,M,P,S,P,G,T,V,C,S,L,L,L,F,S,V,L,W,A,D,L,A,M,A,G,S,S,F,L,S,P,E,H,Q,K,V,Q,Q,R,K,E,S,K,K,P,P,A,K,L,Q,P,R,A,L,E,G,L,I,H,P,E,D,T,S,Q,V,E,G,A,E,D,Q,L,E,I,R,F,N,A,P,F,D,V,G,I,K,L,S,G,A,Q,Y,H,Q,H,G,Q,A,L,G,K,F,L,Q,D,I,L,W,E,E,A,-,-
Rattus_norvegicus,M,V,S,S,A,T,I,C,S,L,L,L,L,S,M,L,W,M,D,M,A,M,A,G,S,S,F,L,S,P,E,H,Q,K,A,Q,Q,R,K,E,S,K,K,P,P,A,K,L,Q,P,R,A,L,E,G,W,L,H,P,E,D,R,G,Q,A,E,E,A,E,E,E,L,E,I,R,F,N,A,P,F,D,V,G,I,K,L,S,G,A,Q,Y,Q,Q,H,G,R,A,L,G,K,F,L,Q,D,I,L,W,E,E,V,K,E
Rattus_rattus,M,L,S,S,A,T,I,C,S,L,L,L,L,S,M,L,W,M,D,M,A,M,A,G,S,S,F,L,S,P,E,H,Q,K,A,Q,Q,R,K,E,S,K,K,P,P,A,K,L,Q,P,R,A,L,E,G,W,L,H,P,E,D,R,G,Q,A,E,E,A,E,E,E,L,E,I,R,F,N,A,P,F,D,V,G,I,K,L,S,G,A,Q,Y,Q,Q,H,G,R,A,L,G,K,F,L,Q,D,I,L,W,E,E,V,K,E
Sarcophilus_harrisii,-,-,-,-,-,-,-,-,S,L,L,L,L,S,V,L,W,M,D,V,A,W,A,G,S,S,F,L,S,P,E,H,P,K,T,-,Q,R,K,E,S,K,K,P,S,A,K,L,Q,P,R,D,M,E,-,-,-,-,-,-,-,-,-,-,-,-,-,-,-,-,-,L,E,I,Q,F,N,A,P,F,D,I,G,I,K,V,A,E,A,Q,Y,R,Q,Y,G,H,A,L,E,K,V,L,Q,E,I,L,L,E,E,-,-,-
Suncus_etruscus,M,R,S,L,V,P,I,C,C,L,L,L,L,G,A,L,L,T,D,L,A,M,A,G,S,S,F,L,S,P,E,H,Q,-,-,-,-,-,-,-,-,K,K,P,P,A,K,L,Q,P,R,A,L,-,-,-,-,-,-,-,-,-,-,-,-,-,-,-,-,D,E,L,Q,I,R,F,N,A,P,F,D,V,G,L,K,L,S,G,A,Q,Y,H,Q,Q,G,Q,A,L,G,Q,F,L,Q,D,I,L,W,E,-,-,-,-
Sus_scrofa,M,P,S,T,G,T,I,C,S,L,L,L,L,S,V,L,L,M,D,L,A,M,A,G,S,S,F,L,S,P,E,H,Q,K,V,Q,Q,R,K,E,S,K,K,P,A,A,K,L,K,P,R,A,L,E,G,W,L,G,P,E,D,S,G,E,V,E,G,T,E,D,K,L,E,I,R,F,N,A,P,C,D,V,G,I,K,L,S,G,A,Q,S,D,Q,H,G,Q,P,L,G,K,F,L,Q,D,I,L,W,E,E,V,T,E
Tachyglossus_aculeatus,-,-,-,-,-,-,-,-,-,-,-,-,-,-,-,-,-,-,-,-,-,-,-,-,-,-,-,-,-,-,-,-,-,-,-,-,-,-,-,-,-,-,-,-,-,-,-,-,-,-,-,-,-,-,-,-,-,-,-,-,-,-,-,-,-,-,-,-,-,-,-,-,-,-,-,-,-,-,-,-,-,-,-,-,-,-,-,-,-,-,-,-,-,-,-,-,-,-,-,-,-,-,-,-,-,-,-,-,-,-,-,-
Talpa_occidentalis,M,L,S,P,A,T,L,C,C,L,L,L,L,S,V,L,C,A,D,L,A,W,G,G,S,S,F,L,S,P,E,H,Q,K,V,Q,Q,R,K,E,S,K,K,P,P,A,K,L,Q,P,R,A,L,E,G,W,L,R,P,E,D,G,S,Q,A,E,G,A,E,D,E,L,E,I,R,L,T,A,P,L,D,A,G,I,K,L,S,G,A,Q,S,H,Q,H,G,R,A,L,R,K,C,L,Q,D,V,L,W,E,E,A,K,-
Trichechus_manatus_latirostris,M,L,S,T,G,T,I,C,S,L,L,L,L,S,V,L,W,V,D,L,A,M,A,G,S,S,F,L,S,P,K,H,Q,K,V,Q,Q,R,K,E,S,K,K,P,P,A,K,L,Q,P,R,A,T,E,G,W,L,H,P,E,D,G,S,Q,A,E,G,T,E,D,E,L,E,I,R,F,N,A,P,F,D,V,G,I,K,L,S,G,A,Q,Y,Q,Q,H,G,R,A,L,G,K,F,L,Q,D,I,L,W,E,E,A,K,E
Trichosurus_vulpecula,-,-,-,-,-,-,-,-,-,-,-,-,-,-,-,L,W,I,D,V,A,L,A,G,S,S,F,L,S,P,E,H,P,K,T,Q,Q,R,K,E,S,K,K,P,P,A,K,L,Q,P,R,D,V,E,-,-,-,-,-,D,T,F,S,Q,P,E,G,V,E,K,G,L,E,I,Q,F,N,A,P,F,D,I,G,I,K,V,A,E,A,Q,Y,Q,Q,Y,G,R,A,L,E,K,I,L,Q,E,I,L,L,E,E,-,-,-
Ursus_arctos_horribilis,-,-,-,-,-,-,-,-,-,-,-,-,-,-,-,-,-,-,-,-,-,-,-,-,-,-,-,-,-,-,-,-,-,-,-,-,-,-,-,-,-,-,-,-,-,-,-,-,-,-,-,-,-,-,-,-,-,-,-,-,-,-,-,-,-,-,-,-,-,-,-,-,-,-,-,-,-,-,-,-,-,-,-,-,-,-,-,-,-,-,-,-,-,-,-,-,-,-,-,-,-,-,-,-,-,-,-,-,-,-,-,-
Vombatus_ursinus,-,-,-,-,-,-,T,C,S,L,L,L,L,S,V,L,W,I,D,V,A,L,A,G,S,S,F,L,S,P,E,H,P,K,T,-,Q,R,K,E,S,K,K,P,P,A,K,L,Q,P,R,D,V,E,-,-,-,-,-,D,S,F,S,Q,P,E,G,V,E,K,G,L,E,I,Q,F,N,A,P,F,D,I,G,I,K,V,A,E,A,Q,Y,Q,Q,Y,G,R,T,L,E,K,V,L,Q,E,I,L,S,E,E,-,-,-
Vulpes_lagopus,M,P,S,L,G,T,M,C,S,L,L,L,F,S,V,L,W,V,D,L,A,M,A,G,S,S,F,L,S,P,E,H,Q,K,V,Q,Q,R,K,E,S,K,K,L,P,A,K,L,Q,P,R,A,L,E,G,S,L,G,P,E,D,T,S,H,V,E,E,S,E,D,E,L,E,I,Q,F,N,A,P,F,D,V,G,I,K,L,S,G,P,Q,Y,H,Q,H,G,Q,A,L,G,K,F,L,Q,E,V,L,W,E,D,T,N,G
Vulpes_vulpes,M,P,S,L,G,T,M,C,S,L,L,L,F,S,V,L,W,V,D,L,A,M,A,G,S,S,F,L,S,P,E,H,Q,K,V,Q,Q,R,K,E,S,K,K,L,P,A,K,L,Q,P,R,A,L,E,G,S,L,G,P,E,D,T,S,H,V,E,E,S,E,D,E,L,E,I,Q,F,N,A,P,F,D,V,G,I,K,L,S,G,P,Q,Y,H,Q,H,G,Q,A,L,G,K,F,L,Q,E,V,L,W,E,D,T,N,E
Zalophus_californianus,M,P,S,P,G,T,L,C,S,L,L,L,F,T,V,L,W,M,D,L,A,M,A,G,S,S,F,L,S,P,E,H,Q,K,A,Q,Q,R,K,E,S,K,K,P,P,A,K,L,Q,P,R,A,L,E,G,S,L,R,P,E,D,T,A,Q,V,E,G,A,E,D,E,L,E,I,Q,F,D,V,P,F,D,V,G,I,K,L,L,G,A,Q,Y,H,Q,H,S,Q,A,L,G,K,F,L,Q,D,I,L,W,E,E,A,N,E
shrew_mole,M,L,S,P,A,T,L,G,C,L,L,L,L,G,A,L,C,V,D,V,A,W,G,G,S,S,F,L,S,P,E,H,Q,K,A,Q,Q,R,K,E,P,K,K,P,P,A,K,P,Q,P,R,A,L,E,G,R,L,R,P,G,D,A,E,G,A,E,G,A,E,D,E,L,E,L,R,F,S,A,P,F,A,V,G,L,K,L,S,G,A,Q,Q,R,Q,R,G,Q,A,L,G,R,L,L,R,D,V,L,W,E,E,A,D,D
ZWS,-,-,-,-,-,-,-,-,-,-,-,-,-,-,-,-,-,-,-,-,-,-,-,-,-,-,-,-,-,-,-,-,-,-,-,-,-,-,-,-,-,-,-,-,-,-,-,-,-,-,-,-,-,-,-,-,-,-,-,-,-,-,-,-,-,-,-,-,-,-,-,-,-,-,-,-,-,-,-,-,-,-,-,-,-,-,-,-,-,-,-,-,-,-,-,-,-,-,-,-,-,-,-,-,-,-,-,-,-,-,-,-
