,IL15RA 0,IL15RA 1,IL15RA 2,IL15RA 3,IL15RA 4,IL15RA 5,IL15RA 6,IL15RA 7,IL15RA 8,IL15RA 9,IL15RA 10,IL15RA 11,IL15RA 12,IL15RA 13,IL15RA 14,IL15RA 15,IL15RA 16,IL15RA 17,IL15RA 18,IL15RA 19,IL15RA 20,IL15RA 21,IL15RA 22,IL15RA 23,IL15RA 24,IL15RA 25,IL15RA 26,IL15RA 27,IL15RA 28,IL15RA 29,IL15RA 30,IL15RA 31,IL15RA 32,IL15RA 33,IL15RA 34,IL15RA 35,IL15RA 36,IL15RA 37,IL15RA 38,IL15RA 39,IL15RA 40,IL15RA 41,IL15RA 42,IL15RA 43,IL15RA 44,IL15RA 45,IL15RA 46,IL15RA 47,IL15RA 48,IL15RA 49,IL15RA 50,IL15RA 51,IL15RA 52,IL15RA 53,IL15RA 54,IL15RA 55,IL15RA 56,IL15RA 57,IL15RA 58,IL15RA 59,IL15RA 60,IL15RA 61,IL15RA 62,IL15RA 63,IL15RA 64,IL15RA 65,IL15RA 66,IL15RA 67,IL15RA 68,IL15RA 69,IL15RA 70,IL15RA 71,IL15RA 72,IL15RA 73,IL15RA 74,IL15RA 75,IL15RA 76,IL15RA 77,IL15RA 78,IL15RA 79,IL15RA 80,IL15RA 81,IL15RA 82,IL15RA 83,IL15RA 84,IL15RA 85,IL15RA 86,IL15RA 87,IL15RA 88,IL15RA 89,IL15RA 90,IL15RA 91,IL15RA 92,IL15RA 93,IL15RA 94,IL15RA 95,IL15RA 96,IL15RA 97,IL15RA 98,IL15RA 99,IL15RA 100,IL15RA 101,IL15RA 102,IL15RA 103,IL15RA 104,IL15RA 105,IL15RA 106,IL15RA 107,IL15RA 108,IL15RA 109,IL15RA 110,IL15RA 111,IL15RA 112,IL15RA 113,IL15RA 114,IL15RA 115,IL15RA 116,IL15RA 117,IL15RA 118,IL15RA 119,IL15RA 120,IL15RA 121,IL15RA 122,IL15RA 123,IL15RA 124,IL15RA 125,IL15RA 126,IL15RA 127,IL15RA 128,IL15RA 129,IL15RA 130,IL15RA 131,IL15RA 132,IL15RA 133,IL15RA 134,IL15RA 135,IL15RA 136,IL15RA 137,IL15RA 138,IL15RA 139,IL15RA 140,IL15RA 141,IL15RA 142,IL15RA 143,IL15RA 144,IL15RA 145,IL15RA 146,IL15RA 147,IL15RA 148,IL15RA 149,IL15RA 150,IL15RA 151,IL15RA 152,IL15RA 153,IL15RA 154,IL15RA 155,IL15RA 156,IL15RA 157,IL15RA 158,IL15RA 159,IL15RA 160,IL15RA 161,IL15RA 162,IL15RA 163,IL15RA 164,IL15RA 165,IL15RA 166,IL15RA 167,IL15RA 168,IL15RA 169,IL15RA 170,IL15RA 171,IL15RA 172,IL15RA 173,IL15RA 174,IL15RA 175,IL15RA 176,IL15RA 177,IL15RA 178,IL15RA 179,IL15RA 180,IL15RA 181,IL15RA 182,IL15RA 183,IL15RA 184,IL15RA 185,IL15RA 186,IL15RA 187,IL15RA 188,IL15RA 189,IL15RA 190,IL15RA 191,IL15RA 192,IL15RA 193,IL15RA 194,IL15RA 195,IL15RA 196,IL15RA 197
Chrysochloris_asiatica,I,T,C,S,T,P,T,S,V,E,H,A,D,I,R,V,K,S,Y,S,L,S,S,R,E,R,Y,I,C,N,S,G,F,K,R,K,A,G,T,S,S,L,T,E,C,V,L,N,K,N,T,N,T,A,Q,W,T,T,P,N,L,K,C,I,D,P,S,L,-,-,-,-,-,-,-,P,S,T,M,A,P,A,R,V,T,P,Q,P,E,T,L,A,P,S,R,K,E,P,E,A,S,T,P,K,S,D,T,T,L,T,T,E,T,A,I,V,P,G,S,R,L,I,P,S,E,S,P,S,T,E,T,T,G,V,V,R,N,E,S,S,P,T,-,P,S,Q,T,A,T,K,T,L,E,Q,A,L,S,A,F,H,M,T,P,D,A,S,S,A,N,S,T,A,V,A,V,-,-,-,-,-,-,-,-,-,-,-,-,-,-,-,-,-,-,V,Y,C,K,R
Balaenoptera_acutorostrata_scammoni,I,T,C,P,A,P,T,S,V,K,H,A,D,I,R,V,K,S,Y,N,L,N,S,R,E,R,Y,V,C,N,S,G,F,K,R,K,A,G,T,S,S,L,T,E,C,M,F,N,K,T,V,N,I,A,H,W,T,T,P,N,L,K,C,I,D,P,T,L,T,H,Q,T,P,-,-,P,S,T,A,A,P,T,G,V,T,P,E,P,D,S,P,N,P,S,G,K,E,P,-,A,F,T,S,K,L,D,T,T,V,A,T,R,L,A,T,G,P,G,S,R,L,M,P,S,K,A,P,S,A,G,T,T,G,V,V,N,N,E,P,S,Q,V,-,P,A,Q,T,M,A,N,A,P,E,H,T,P,S,A,S,Q,D,P,P,G,A,Y,Q,Y,N,P,R,A,V,T,-,A,I,S,T,S,V,A,M,L,C,G,V,C,V,V,C,L,L,V,L,Y,I,R
Balaenoptera_musculus,I,T,C,P,A,P,T,S,V,K,H,A,D,I,Q,V,K,S,Y,N,L,N,S,R,E,R,Y,V,C,N,S,G,F,K,R,K,A,G,T,S,S,L,T,E,C,V,F,N,K,T,V,N,I,A,H,W,T,T,P,N,L,K,C,I,D,P,S,L,T,H,Q,T,P,-,-,P,S,T,A,A,P,T,G,V,T,P,E,P,D,S,P,N,P,S,G,K,E,P,-,A,F,T,S,K,L,D,T,T,V,A,T,R,L,A,T,R,P,G,S,R,L,M,P,S,K,A,P,S,A,G,T,T,G,V,V,N,N,E,P,S,Q,V,-,P,A,Q,T,T,A,N,A,P,E,H,T,P,S,A,S,Q,D,P,P,G,A,Y,Q,Y,N,P,R,A,V,T,A,A,I,S,T,S,V,A,M,L,C,G,V,C,V,V,C,L,L,V,L,Y,I,R
Echinops_telfairi,I,T,C,S,T,P,T,S,V,E,H,A,D,I,R,V,K,S,Y,N,L,S,S,R,E,R,Y,T,C,N,S,G,F,K,R,K,A,G,T,S,S,L,T,E,C,V,L,N,K,T,T,N,T,A,H,W,T,T,P,N,L,R,C,I,D,P,S,L,A,R,Q,-,-,-,-,P,S,T,V,A,P,A,R,V,T,P,Q,P,E,S,L,T,P,S,R,K,D,P,E,A,S,A,P,T,S,D,T,I,L,T,K,E,T,A,I,V,T,G,S,G,L,M,P,S,-,-,-,-,-,G,T,T,D,I,V,R,N,E,P,S,P,S,-,P,S,Q,T,A,A,K,T,L,E,Q,T,L,S,-,-,-,-,-,-,-,-,-,-,-,-,-,-,-,-,-,-,-,-,-,-,-,I,L,L,L,G,G,-,-,-,V,F,L,L,I,Y,W,K,R
Delphinapterus_leucas,I,T,C,P,T,P,T,S,V,K,H,A,D,I,W,V,K,S,Y,N,L,N,S,R,E,R,Y,V,C,N,S,G,F,K,R,K,A,G,T,S,S,L,T,E,C,V,F,N,K,T,V,N,I,A,H,W,T,T,P,N,L,K,C,I,-,-,-,-,-,-,-,-,-,-,-,-,-,-,-,-,-,-,-,-,-,-,-,-,-,-,-,-,-,-,-,-,-,P,-,A,F,T,S,R,S,D,T,T,V,A,T,R,L,A,T,G,P,G,S,R,L,M,P,S,K,A,P,S,A,G,T,T,A,V,V,N,N,E,P,S,Q,V,-,P,A,Q,T,T,A,K,A,P,E,H,T,P,S,A,S,Q,D,P,P,G,A,Y,Q,Y,N,P,R,A,V,T,A,A,I,S,T,S,V,A,V,L,C,G,V,C,V,V,C,L,L,V,R,Y,-,-
Globicephala_melas,I,T,C,P,T,P,T,S,V,K,H,A,D,I,W,V,K,S,Y,N,L,N,S,R,E,R,Y,V,C,N,S,G,F,K,R,K,A,G,T,S,S,L,T,E,C,V,F,N,K,T,V,N,I,A,H,W,T,T,P,N,L,K,C,I,D,P,S,L,T,H,Q,R,P,-,-,P,S,T,A,A,P,T,G,V,T,P,E,P,D,S,P,N,P,S,G,K,E,P,-,A,F,T,S,R,S,D,T,T,V,A,T,R,L,A,T,G,P,G,S,R,L,M,P,S,K,A,P,S,A,G,T,T,G,V,V,N,N,E,P,S,Q,V,-,P,A,Q,T,T,A,K,A,P,E,H,T,P,S,A,S,Q,D,P,P,G,A,Y,Q,Y,N,P,R,A,V,T,A,A,I,S,T,S,V,A,V,L,C,G,V,C,V,V,C,L,L,V,R,Y,-,-
Lagenorhynchus_obliquidens,I,T,C,P,T,P,T,S,V,K,H,A,D,I,W,V,K,S,Y,N,L,N,S,R,E,R,Y,V,C,N,S,G,F,K,R,K,A,G,T,S,S,L,T,K,C,V,F,N,K,T,V,N,I,A,H,W,T,T,P,N,L,K,C,I,D,P,S,L,T,H,Q,R,P,-,-,P,S,T,A,A,P,T,G,V,T,P,E,P,D,S,P,N,P,S,G,K,E,P,-,A,F,T,S,R,S,D,T,T,V,A,T,R,L,A,T,G,P,G,S,R,L,M,P,S,K,A,P,S,A,G,T,T,G,V,V,N,N,E,P,S,Q,V,-,P,A,Q,T,T,A,K,A,P,E,H,T,P,S,A,S,Q,D,P,P,G,A,Y,Q,Y,N,P,R,A,V,T,A,A,I,S,T,S,V,A,V,L,C,G,V,C,V,V,C,L,L,V,R,Y,-,-
Lipotes_vexillifer,I,T,C,P,T,P,T,P,V,K,H,A,D,I,W,V,K,S,Y,N,L,N,S,R,E,R,Y,V,C,N,S,G,F,K,R,K,A,G,T,S,S,L,T,E,C,M,F,N,K,T,V,N,I,A,H,W,T,T,P,N,L,K,C,I,D,P,S,L,T,H,Q,R,P,-,-,P,S,T,A,A,P,T,G,V,T,P,E,P,D,S,P,N,P,S,G,K,E,P,-,A,F,T,S,K,S,D,T,T,V,A,T,R,L,A,T,G,P,G,S,R,L,M,P,S,K,A,P,S,A,G,T,T,G,V,V,K,N,E,P,S,Q,V,-,P,A,Q,T,T,A,K,A,P,E,H,T,P,S,A,S,Q,D,P,P,-,-,-,-,-,-,-,-,-,-,-,-,-,-,-,-,-,-,-,-,-,-,-,-,-,-,-,-,-,-,-,-,-,-,-
Monodon_monoceros,I,T,C,P,T,P,T,S,V,K,H,A,D,I,W,V,K,S,Y,N,L,N,S,R,E,R,Y,V,C,N,S,G,F,K,R,K,A,G,T,S,S,L,T,E,C,V,F,N,K,T,V,N,I,A,H,W,T,T,P,N,L,K,C,I,D,P,S,L,T,H,Q,R,P,-,-,P,S,T,A,A,P,T,G,V,T,P,E,P,D,S,P,N,P,S,G,K,E,P,-,A,F,T,S,R,S,D,T,T,V,A,T,R,L,A,T,G,P,G,S,R,L,M,P,S,K,A,P,S,A,G,T,T,G,V,V,N,N,E,P,S,Q,V,-,P,A,Q,T,T,A,K,A,P,E,H,T,P,S,A,S,Q,D,P,P,G,A,Y,Q,Y,N,P,R,A,V,T,A,A,I,S,T,S,V,A,V,L,C,G,V,C,V,V,C,L,L,V,R,Y,-,-
Neophocaena_asiaeorientalis_asiaeorientalis,I,T,C,P,T,P,T,S,V,K,H,A,D,I,W,V,K,S,Y,K,L,N,S,R,E,R,Y,V,C,N,S,G,F,K,R,K,A,G,T,S,S,L,T,E,C,V,F,N,K,T,V,N,I,A,Q,W,T,T,P,N,L,K,C,I,D,P,S,L,T,H,Q,R,P,-,-,P,S,T,A,A,P,T,G,V,T,P,E,P,D,S,P,N,P,S,G,K,E,P,-,A,F,T,S,R,S,D,T,T,V,A,T,R,L,A,T,G,P,G,S,R,L,M,P,S,K,A,P,S,A,G,T,T,G,V,V,N,N,E,P,S,Q,V,-,P,A,Q,T,T,A,K,P,P,E,H,T,P,S,A,S,Q,D,P,P,G,A,Y,Q,Y,N,P,T,A,V,T,A,A,I,S,T,S,V,A,V,L,C,G,V,C,V,V,C,L,L,V,R,Y,-,-
Orcinus_orca,I,T,C,P,T,P,T,S,V,K,H,A,D,I,W,V,K,S,Y,N,L,N,S,R,E,R,Y,V,C,N,S,G,F,K,R,K,A,G,T,S,S,L,T,E,C,V,F,N,K,T,V,N,I,A,H,W,T,T,P,N,L,K,C,I,D,P,S,L,T,H,Q,R,P,-,-,P,S,T,A,A,P,T,G,V,T,P,E,P,D,S,P,N,P,S,G,K,E,P,-,A,F,T,S,R,S,D,T,T,V,A,T,R,L,A,T,G,P,G,S,R,L,M,P,S,K,A,P,S,A,G,T,T,G,V,V,N,N,E,P,S,Q,V,-,P,A,Q,T,T,A,K,A,P,E,H,T,P,S,A,S,Q,D,P,P,G,A,Y,Q,Y,N,P,R,A,V,T,A,A,I,S,T,S,V,A,V,L,C,G,V,C,V,V,C,L,L,V,R,Y,-,-
Phocoena_sinus,I,T,C,P,T,P,T,S,V,K,H,A,D,I,W,V,K,S,Y,K,L,N,S,R,E,R,Y,V,C,N,S,G,F,K,R,K,A,G,T,S,S,L,T,E,C,V,F,N,K,T,V,N,I,A,H,W,T,T,P,N,L,K,C,I,D,P,S,L,T,H,Q,R,P,-,-,P,S,T,A,A,P,T,G,V,T,P,E,P,D,S,P,N,P,S,G,K,E,P,-,A,F,T,S,R,S,D,T,T,V,A,T,R,L,A,T,G,P,G,S,R,L,M,P,S,K,A,P,S,A,G,T,T,G,V,V,N,N,E,P,S,Q,V,-,P,A,Q,T,T,A,K,A,P,E,H,T,P,S,A,S,Q,D,P,P,G,A,Y,Q,Y,N,P,R,A,V,T,A,A,I,S,T,S,V,A,V,L,C,G,V,C,V,V,C,L,L,V,R,Y,-,-
Physeter_catodon,-,-,-,-,-,-,-,-,-,-,-,-,-,-,-,-,-,-,-,-,-,-,-,-,-,-,-,-,-,-,-,-,-,-,-,-,-,-,-,-,-,-,-,-,-,-,-,-,-,-,-,-,-,-,-,-,-,-,-,-,-,-,-,-,-,-,-,-,-,-,-,-,-,-,-,-,-,-,-,-,-,-,-,-,-,-,-,-,-,-,-,-,-,-,-,-,-,-,-,-,-,-,-,-,-,-,-,-,-,-,-,-,-,-,-,-,-,-,-,-,-,-,-,-,-,-,-,-,-,-,-,-,-,-,-,-,-,-,-,-,-,-,-,-,-,-,-,-,-,-,-,-,-,-,-,-,-,-,-,-,-,-,-,-,-,-,-,-,-,-,-,-,-,-,-,-,-,-,-,-,-,-,-,-,-,-,-,-,-,-,-,-,-,-,-,-,-,-
Tursiops_truncatus,I,T,C,P,T,P,T,S,V,K,H,A,D,I,W,V,K,S,Y,N,L,N,S,R,E,R,Y,V,C,N,S,G,F,K,R,K,A,G,T,S,S,L,T,E,C,V,F,N,K,T,V,N,I,A,H,W,T,T,P,N,L,K,C,I,D,P,S,L,T,H,Q,R,P,-,-,P,S,T,A,A,P,T,G,V,T,P,E,P,D,S,P,N,P,S,G,K,E,P,-,A,F,T,S,R,S,D,T,T,V,A,T,R,L,A,T,G,P,G,S,R,L,M,P,S,K,A,P,S,A,G,T,T,G,V,V,N,N,E,P,S,Q,V,-,P,A,Q,T,T,A,K,A,P,E,H,T,P,S,A,S,Q,D,P,P,G,A,Y,Q,Y,N,P,R,A,V,T,A,A,I,S,T,S,V,A,V,L,C,G,V,C,V,V,C,L,L,V,R,Y,-,-
Acinonyx_jubatus,V,T,C,P,P,P,T,S,V,E,H,A,D,I,R,V,K,S,Y,T,L,N,S,T,E,R,Y,T,C,N,P,G,F,K,R,K,A,G,T,S,T,L,T,E,C,V,L,N,K,T,T,N,T,A,H,W,T,T,P,N,L,K,C,I,D,P,S,L,T,H,L,K,P,-,-,S,S,T,E,M,P,A,G,V,T,P,E,P,E,S,T,S,L,S,G,K,E,P,-,A,F,T,S,K,S,D,S,T,V,A,T,K,A,A,T,E,P,G,S,R,L,I,P,S,K,P,P,A,A,G,T,T,G,V,I,N,N,E,P,S,R,A,-,P,A,Q,T,T,A,K,A,L,E,H,T,P,S,A,S,Q,E,T,P,G,T,Y,S,Y,S,S,G,T,V,T,A,A,I,V,M,P,V,A,V,L,C,V,V,C,-,V,G,L,L,V,C,Y,K,R
Acomys_russatus,T,T,C,P,T,P,V,A,V,E,H,A,D,I,R,V,K,N,Y,N,L,N,S,R,E,R,Y,V,C,N,A,G,F,K,R,K,A,G,T,S,T,L,T,E,C,V,M,N,R,N,T,N,V,A,H,W,T,T,P,N,L,K,C,I,D,P,S,L,A,H,Q,S,P,V,P,P,S,T,V,V,M,T,K,V,T,P,Q,P,E,S,P,S,P,P,E,K,E,P,E,A,L,P,P,K,S,D,T,T,V,A,T,D,T,A,L,V,P,G,S,R,L,L,P,A,Q,P,T,S,A,G,T,T,G,T,G,S,H,G,S,S,R,A,-,P,S,Y,S,-,-,-,-,-,-,-,-,-,-,-,-,-,-,-,-,-,-,-,-,-,-,S,K,T,T,K,V,A,I,S,T,S,V,L,L,V,G,A,G,V,V,V,V,F,L,A,W,Y,I,R
Arvicanthis_niloticus,T,T,C,P,T,P,I,S,I,E,H,A,D,I,R,V,K,N,Y,S,V,N,S,R,E,R,Y,V,C,N,S,G,F,K,R,K,A,G,T,S,T,L,T,E,C,V,I,N,K,N,T,N,V,A,H,W,T,T,P,N,L,K,C,I,D,P,S,L,A,H,Y,S,P,V,-,-,P,T,V,V,T,P,K,V,T,S,Q,S,E,S,S,S,P,P,E,K,E,P,E,A,L,S,P,K,S,D,T,T,V,A,T,E,T,A,I,M,P,G,S,R,L,T,P,F,Q,P,T,S,A,G,T,T,E,T,G,S,H,K,S,S,R,A,-,P,S,-,-,-,-,-,-,-,-,-,-,-,-,-,-,-,-,-,-,-,-,-,-,-,-,-,-,-,-,-,V,A,V,S,T,S,V,L,L,V,G,A,G,V,V,V,V,F,L,A,W,Y,I,K
Bison_bison_bison,I,T,C,P,T,P,T,S,V,E,H,A,D,I,Q,V,K,S,Y,S,I,N,S,R,E,R,Y,V,C,N,S,G,F,K,R,K,A,G,T,S,S,L,T,Q,C,V,F,N,E,T,A,K,V,A,H,W,T,T,P,N,L,K,C,I,D,P,S,L,S,H,Q,R,P,-,-,P,S,T,A,A,P,T,G,L,T,P,E,P,E,S,P,T,P,S,G,K,E,P,-,D,L,T,S,K,S,D,T,K,V,A,T,R,P,A,T,G,P,G,S,R,L,-,P,S,T,A,P,P,V,G,T,T,G,V,V,S,K,E,T,T,Y,V,-,P,A,Q,T,A,A,K,A,P,E,H,T,Y,P,A,L,Q,D,T,P,G,A,Y,Q,N,N,P,R,V,V,T,A,A,V,S,T,-,V,T,V,L,F,V,V,C,L,V,F,L,L,-,-,-,-,-
Bos_indicus,I,T,C,P,T,P,T,S,V,E,H,A,D,I,Q,V,K,S,Y,S,I,N,S,R,E,R,Y,V,C,N,S,G,F,K,R,K,A,G,T,S,S,L,T,Q,C,V,F,N,E,T,A,K,V,A,H,W,T,T,P,N,L,K,C,I,D,P,S,L,S,H,Q,R,P,-,-,P,S,T,-,A,P,T,G,L,T,P,E,P,E,S,P,T,P,S,G,K,E,P,-,D,L,T,S,K,S,D,T,K,V,A,T,R,P,A,T,G,P,G,S,R,L,-,P,S,T,A,P,P,V,G,T,T,G,V,V,S,K,E,T,T,Y,V,-,P,A,Q,T,A,A,K,A,P,E,H,T,Y,P,A,L,Q,D,T,P,G,A,Y,Q,N,N,P,R,V,V,T,A,A,V,S,T,-,V,T,V,L,F,V,V,C,L,V,F,L,L,-,-,-,-,-
Bos_mutus,I,T,C,P,T,P,T,S,V,E,H,A,D,I,Q,V,K,S,Y,S,I,N,S,R,E,R,Y,V,C,N,S,G,F,K,R,K,A,G,T,S,S,L,T,Q,C,V,F,N,E,T,A,K,V,A,H,W,T,T,P,N,L,K,C,I,D,P,S,L,S,H,Q,R,P,-,-,P,S,T,A,A,P,T,G,L,T,P,E,P,E,S,P,T,P,S,G,K,E,P,-,D,L,T,S,K,S,D,T,K,V,A,T,R,P,A,T,G,P,G,S,R,L,-,P,S,T,A,P,P,V,G,T,T,G,V,V,S,K,E,T,T,Y,I,-,P,A,Q,T,A,A,K,A,P,E,H,T,Y,P,A,L,Q,D,T,P,G,A,Y,Q,N,N,P,R,V,V,T,-,A,V,S,T,-,V,T,V,L,F,V,V,C,L,V,F,L,L,-,-,-,-,-
Bos_taurus,I,T,C,P,T,P,T,S,V,E,H,A,D,I,Q,V,K,S,Y,S,I,N,S,R,E,R,Y,V,C,N,S,G,F,K,R,K,A,G,T,S,S,L,T,Q,C,V,F,N,E,T,A,K,V,A,H,W,T,T,P,N,L,K,C,I,D,P,S,L,S,H,Q,R,P,-,-,P,S,T,A,A,P,T,G,L,T,P,E,P,E,S,P,T,P,S,G,K,E,P,-,D,L,T,S,K,S,D,T,K,V,A,T,R,P,A,T,G,P,G,S,R,L,-,P,S,T,A,P,P,V,G,T,T,G,V,V,S,K,E,T,T,Y,V,-,P,A,Q,T,A,A,K,A,P,E,H,T,Y,P,A,L,Q,D,T,P,G,A,Y,Q,N,N,P,R,V,V,T,A,A,V,S,T,-,V,T,V,L,F,V,V,C,L,V,F,L,L,-,-,-,-,-
Bubalus_bubalis,I,T,C,P,T,P,T,S,V,E,H,A,D,I,Q,V,K,S,Y,S,I,N,S,R,E,R,Y,V,C,N,S,G,F,K,R,K,A,G,T,S,S,L,T,Q,C,V,F,N,E,T,A,K,V,A,H,W,T,T,P,N,L,K,C,I,D,P,S,L,S,H,Q,R,P,-,-,P,S,T,A,A,P,T,G,L,T,P,E,P,E,S,P,T,P,S,G,K,E,P,-,D,L,T,S,K,S,D,T,K,V,A,T,R,P,A,T,G,P,G,S,R,L,-,P,S,T,A,P,P,V,G,T,T,G,V,V,S,K,E,T,T,Y,V,-,P,A,Q,T,A,A,K,A,P,E,H,T,Y,P,A,L,Q,D,T,P,G,A,Y,Q,Y,N,P,R,V,V,T,A,A,V,S,T,T,V,T,V,L,F,V,V,C,L,V,F,L,L,-,-,-,-,-
Budorcas_taxicolor,I,T,C,P,T,P,T,S,V,E,H,A,D,I,Q,V,K,N,Y,S,I,N,S,R,E,R,Y,V,C,N,S,G,F,K,R,K,A,G,T,S,S,L,T,Q,C,V,F,N,E,T,A,K,V,A,H,W,T,T,P,N,L,K,C,I,D,P,S,L,S,H,Q,R,P,-,-,P,S,T,A,A,P,T,G,L,T,P,E,P,E,S,P,T,P,S,G,K,E,P,-,D,L,T,S,K,S,D,T,K,V,A,T,R,P,A,T,G,P,G,S,R,L,-,P,S,T,G,P,P,V,G,T,T,G,V,V,S,E,E,T,T,Y,V,-,P,A,Q,T,A,A,K,A,P,E,H,T,H,P,A,L,Q,D,M,P,G,A,Y,Q,H,N,P,S,V,V,T,A,A,V,S,I,P,V,A,V,V,F,A,V,C,L,V,F,L,L,V,R,C,L,M
Callithrix_jacchus,I,T,C,P,A,P,M,S,V,E,H,A,D,I,Q,V,K,S,Y,S,L,H,S,R,E,R,Y,I,C,N,S,G,F,K,R,K,A,G,T,S,S,L,T,E,C,V,L,N,K,A,T,N,I,A,Y,W,T,T,P,S,L,K,C,I,D,P,A,L,A,R,Q,R,P,A,P,P,S,T,V,T,T,A,G,V,T,P,Q,P,E,S,F,S,P,S,G,K,E,P,A,A,S,S,P,R,S,D,T,T,V,A,T,T,A,A,L,G,P,G,S,R,L,M,P,S,K,S,P,S,T,G,T,T,R,I,G,S,H,E,S,S,H,G,-,P,S,Q,M,T,A,R,T,W,E,L,T,A,H,-,-,-,-,-,-,-,-,-,-,-,-,-,-,-,-,-,V,A,V,S,T,S,T,I,L,L,C,G,L,S,A,V,S,L,L,A,C,Y,I,K
Camelus_bactrianus,I,T,C,P,T,P,T,S,V,E,H,A,N,I,R,V,K,S,Y,N,L,N,S,R,E,R,Y,V,C,N,S,G,F,K,R,K,A,G,T,S,S,L,T,E,C,V,F,N,K,T,M,N,I,T,H,W,T,T,P,N,L,K,C,I,D,P,S,L,T,H,Q,R,P,-,-,P,P,M,T,T,P,A,G,V,T,P,G,P,E,S,H,I,S,S,G,K,E,P,-,T,F,P,S,K,S,D,-,-,-,-,-,-,-,-,-,-,P,G,S,R,L,T,P,P,K,R,P,T,A,G,T,T,G,V,V,R,P,E,P,S,Q,V,-,P,P,Q,T,T,A,K,A,L,E,H,T,P,S,V,S,Q,D,P,P,G,A,V,Q,Y,R,A,R,A,V,T,A,A,V,S,V,L,V,A,V,L,G,A,V,C,V,G,L,L,L,V,C,Y,R,R
Camelus_dromedarius,I,T,C,P,T,P,T,S,V,E,H,A,N,I,R,V,K,S,Y,N,L,N,S,R,E,R,Y,V,C,N,S,G,F,K,R,K,A,G,T,S,S,L,T,E,C,V,F,N,K,T,M,N,I,A,H,W,T,T,P,N,L,K,C,I,D,P,S,L,T,H,Q,R,P,-,-,P,P,M,T,T,P,A,G,V,T,P,G,P,E,S,H,I,S,S,G,K,E,P,-,T,F,P,S,K,S,D,-,-,-,-,-,-,-,-,-,-,P,G,S,R,L,T,P,P,K,H,P,T,A,G,T,T,G,V,V,R,P,E,P,S,Q,V,-,P,P,Q,T,T,A,K,A,L,E,H,T,P,S,V,S,Q,D,P,P,G,A,G,Q,Y,R,A,R,A,V,T,A,A,V,S,V,L,V,A,V,L,G,A,V,C,V,G,L,L,L,V,C,Y,R,R
Camelus_ferus,I,T,C,P,T,P,T,S,V,E,H,A,N,I,R,V,K,S,Y,N,L,N,S,R,E,R,Y,V,C,N,S,G,F,K,R,K,A,G,T,S,S,L,T,E,C,V,F,N,K,T,M,N,I,T,H,W,T,T,P,N,L,K,C,I,D,P,S,L,T,H,Q,R,P,-,-,P,P,M,T,T,P,A,G,V,T,P,G,P,E,S,H,I,S,S,G,K,E,P,-,T,F,P,S,K,S,D,-,-,-,-,-,-,-,-,-,-,P,G,S,R,L,T,P,P,K,R,P,T,A,G,T,T,G,V,V,R,P,E,P,S,Q,V,-,P,P,Q,T,T,A,K,A,L,E,H,T,P,S,V,S,Q,D,P,P,G,A,V,Q,Y,R,A,R,A,V,T,A,A,V,S,V,L,V,A,V,L,G,A,V,C,V,G,L,L,L,V,C,Y,R,R
Capra_hircus,I,T,C,P,T,P,T,S,V,E,H,A,D,I,Q,V,K,N,Y,S,I,N,S,R,E,R,Y,V,C,N,S,G,F,K,R,K,A,G,T,S,S,L,T,Q,C,V,F,N,E,T,A,K,V,A,H,W,T,T,P,N,L,K,C,I,D,P,S,L,S,H,Q,R,P,-,-,P,S,T,A,A,P,T,G,L,T,P,E,P,E,S,P,T,P,S,G,K,E,P,-,D,L,T,S,K,S,D,T,K,V,A,T,R,P,T,T,G,P,G,S,R,L,-,P,S,T,A,P,P,V,G,T,T,G,V,V,S,K,E,T,T,Y,V,-,P,A,Q,T,A,A,K,A,P,E,H,T,H,P,A,L,Q,D,T,P,G,A,Y,Q,H,N,P,S,V,V,T,A,A,V,S,I,P,V,A,V,V,F,A,V,C,L,V,F,L,L,V,R,C,L,M
Cebus_imitator,I,T,C,P,D,P,V,S,V,E,H,A,D,I,R,V,K,S,Y,S,L,H,S,R,E,R,Y,I,C,N,S,G,F,K,R,K,A,G,T,S,S,L,T,E,C,V,L,N,K,A,T,N,V,A,Y,W,T,T,P,S,L,K,C,I,D,P,A,L,A,R,Q,R,P,A,P,P,S,T,V,T,T,A,G,V,T,L,Q,P,E,S,F,S,P,S,G,K,E,P,A,A,S,S,P,S,S,D,T,T,V,A,T,T,A,A,L,V,P,G,S,R,L,M,P,S,K,S,P,S,T,G,T,T,G,I,G,S,H,E,S,S,H,S,-,P,S,Q,T,T,A,R,T,W,K,L,T,A,P,-,-,-,-,-,-,-,-,-,-,-,-,-,-,-,-,-,V,A,I,S,T,S,T,V,L,L,C,G,L,S,A,V,S,L,L,A,C,Y,I,K
Ceratotherium_simum_simum,I,T,C,P,T,P,T,T,V,E,H,A,D,I,R,V,K,S,Y,N,L,S,S,K,E,R,Y,V,C,N,S,G,F,K,R,K,A,G,T,S,S,L,T,E,C,V,L,N,T,T,T,N,L,A,H,W,T,T,P,N,L,K,C,I,D,P,S,L,T,H,E,R,P,-,-,P,S,T,L,A,P,S,G,V,T,S,E,P,Q,S,P,T,P,S,G,K,E,P,-,A,F,T,S,K,S,D,T,T,V,A,T,K,P,A,I,I,P,G,S,R,L,M,P,S,K,P,P,S,A,G,T,T,G,V,V,S,H,E,P,S,Q,A,-,P,S,Q,T,T,A,-,-,L,E,H,T,P,S,A,S,Q,E,T,P,G,A,Y,Q,Y,N,S,R,V,V,T,V,A,V,S,I,P,V,T,L,L,F,G,V,C,V,V,L,L,L,V,Y,Y,-,-
Cercocebus_atys,-,-,-,-,-,-,-,-,-,-,-,-,-,-,-,-,-,-,-,-,-,-,-,-,-,-,-,-,-,-,-,-,-,-,-,-,-,-,-,-,-,-,-,-,-,-,-,-,-,-,-,-,-,-,-,-,-,-,-,-,-,-,-,-,D,P,L,L,A,R,Q,R,P,A,P,P,F,T,V,T,T,A,G,V,T,P,Q,P,E,S,L,S,P,S,G,K,E,P,A,A,S,S,P,S,S,N,T,T,A,A,T,T,A,A,I,V,P,S,S,R,L,T,P,S,T,S,P,S,T,G,T,T,E,I,G,S,H,E,S,S,H,G,-,P,S,Q,T,T,A,K,T,W,E,L,T,A,S,A,S,H,Q,P,P,G,V,Y,P,Q,G,H,S,D,T,T,V,A,I,S,A,S,T,V,L,L,C,G,L,S,A,V,S,L,L,A,C,Y,I,K
Cervus_canadensis,I,T,C,P,T,P,T,S,V,E,H,A,D,I,R,V,K,N,Y,S,I,N,S,R,E,R,Y,V,C,N,S,G,F,K,R,K,A,G,T,S,S,L,T,Q,C,V,F,N,E,T,A,K,V,A,H,W,T,T,P,N,L,K,C,I,D,P,S,L,S,H,Q,R,P,-,-,P,S,T,A,A,P,T,G,L,T,P,E,P,E,S,P,T,P,S,G,K,E,P,-,D,L,T,S,K,S,D,T,K,V,A,T,R,P,A,T,G,P,G,S,R,L,-,P,S,T,A,S,P,V,G,T,T,G,V,V,S,K,E,T,T,Y,V,-,P,A,Q,T,A,A,K,A,P,E,H,T,H,P,A,L,Q,D,T,P,G,A,Y,Q,Y,-,-,-,-,-,-,-,-,-,-,-,-,-,-,-,-,-,-,-,-,-,-,-,-,-,-,-,-,-,-
Chlorocebus_sabaeus,I,T,C,P,P,P,V,S,V,E,H,A,D,I,R,V,K,S,Y,S,L,Y,S,R,E,R,Y,I,C,N,S,G,F,K,R,K,A,G,T,S,S,L,T,E,C,V,L,N,K,A,T,N,I,A,H,W,T,T,P,S,L,K,C,I,D,P,L,L,A,R,Q,R,P,A,P,P,F,T,V,T,T,A,G,V,T,P,Q,P,E,S,L,S,P,S,G,K,E,P,A,A,S,S,P,S,S,N,T,T,A,A,T,T,A,A,I,V,P,S,S,R,L,T,P,S,T,S,P,S,T,G,T,T,E,I,G,S,H,E,S,S,H,G,-,P,S,Q,T,T,A,K,T,W,E,L,T,A,S,A,S,H,Q,P,P,G,V,Y,P,Q,G,H,S,D,T,T,V,A,I,S,T,S,T,V,L,L,C,G,L,S,A,V,S,L,L,A,C,Y,I,K
Colobus_angolensis_palliatus,I,T,C,P,P,P,V,S,V,E,H,A,D,I,R,V,K,S,Y,S,L,Y,S,R,E,R,Y,I,C,N,S,G,F,K,R,K,A,G,T,S,S,L,T,E,C,V,L,N,K,A,T,N,I,A,H,W,T,T,P,S,L,K,C,I,-,-,-,-,-,-,-,-,-,-,-,-,-,-,-,-,-,-,-,-,-,-,-,-,-,-,-,-,-,-,-,-,-,P,A,A,S,S,P,S,S,N,T,T,A,A,T,T,T,A,I,V,P,S,S,R,L,V,P,S,T,S,P,S,T,G,T,T,E,I,G,S,H,E,S,S,H,S,-,P,S,Q,T,T,A,K,T,W,E,L,T,A,S,A,S,H,Q,P,P,G,V,Y,P,Q,G,H,S,V,T,T,V,V,I,S,T,S,T,V,L,L,C,G,L,S,A,V,S,L,L,A,C,Y,I,K
Condylura_cristata,L,T,C,P,T,P,T,S,V,E,H,A,D,I,R,V,K,S,Y,S,L,N,S,R,E,R,Y,F,C,N,S,G,F,K,R,K,A,G,T,S,S,L,T,E,C,V,F,N,K,T,M,N,T,A,L,W,T,I,P,N,L,K,C,I,N,P,S,L,S,H,Q,K,S,-,-,P,S,T,V,A,P,A,R,V,T,P,E,P,E,S,P,S,P,S,G,T,E,P,-,A,F,T,S,K,S,D,S,T,V,A,T,K,P,A,T,I,S,G,S,Q,L,T,P,S,T,A,P,S,A,G,C,T,E,V,V,S,N,K,H,S,Q,A,-,A,P,Q,T,T,T,K,A,M,E,H,T,T,S,T,L,P,E,T,P,-,-,-,-,-,-,-,-,-,-,-,-,-,-,-,-,-,-,-,-,-,-,-,-,-,-,-,-,-,-,-,-,-,-,-
Elephas_maximus_indicus,I,T,C,P,T,P,V,S,V,E,H,A,D,I,R,V,K,S,Y,N,L,S,S,R,E,R,Y,A,C,N,S,G,F,K,R,K,A,G,T,S,S,L,T,E,C,V,L,N,K,I,T,N,T,A,Y,W,T,T,P,N,L,K,C,I,D,P,S,L,T,H,Q,M,P,V,S,P,S,T,V,A,P,A,R,V,T,P,Q,L,E,S,F,A,P,S,K,K,E,P,E,A,S,T,P,K,S,D,T,T,V,T,T,E,R,A,I,V,P,G,S,R,R,M,L,S,E,P,P,S,A,G,T,T,G,I,V,R,N,G,S,S,P,A,-,P,S,Q,T,A,S,K,N,L,E,Q,T,P,S,T,F,H,M,T,P,D,A,S,S,D,N,S,T,-,-,-,-,A,V,T,T,S,V,I,L,L,S,G,V,G,V,L,F,F,L,A,Y,Y,K,R
Enhydra_lutris_kenyoni,V,T,C,P,P,P,T,S,V,E,H,A,D,I,R,V,K,S,Y,S,L,K,S,R,E,R,Y,T,C,N,S,G,F,K,R,K,A,G,T,S,S,L,T,Q,C,V,F,N,K,T,T,N,I,A,H,W,T,I,P,N,L,K,C,I,D,P,S,L,T,H,L,R,P,-,-,S,S,T,E,V,P,A,G,V,T,P,E,P,E,S,T,S,L,S,G,K,E,P,-,N,F,T,S,K,S,D,T,T,V,A,T,K,S,T,M,V,P,G,S,G,L,T,P,S,K,P,P,A,A,G,T,M,G,P,I,S,P,E,P,S,Q,A,-,P,P,Q,T,T,A,E,A,L,E,H,T,P,S,A,S,Q,E,T,P,G,T,Y,S,Y,H,S,C,A,V,-,-,-,-,-,-,-,-,-,-,-,-,-,-,-,V,V,V,I,V,V,C,Y,R,K
Equus_asinus,I,T,C,P,T,P,T,S,V,E,H,A,D,I,R,V,K,S,Y,N,L,S,S,K,E,R,Y,I,C,N,S,G,F,K,R,K,A,G,T,S,S,L,T,E,C,V,L,N,K,T,T,N,L,A,H,W,T,T,P,N,L,K,C,I,D,P,S,L,T,R,Q,R,P,-,-,P,S,T,V,V,P,A,G,V,T,P,E,P,Q,S,P,S,P,S,G,K,E,P,-,A,S,T,S,K,S,D,T,T,V,A,T,K,P,A,I,T,P,G,S,R,L,M,P,S,K,S,P,S,A,A,T,T,G,V,V,S,H,E,P,S,Q,A,-,P,S,Q,T,T,A,-,-,L,E,H,T,P,S,A,S,R,E,T,P,G,V,H,Q,Y,S,S,R,V,V,T,A,A,V,S,I,P,V,A,L,L,F,G,-,C,A,V,F,L,L,V,R,C,R,I
Equus_przewalskii,-,-,-,-,-,-,-,-,-,-,-,-,-,-,-,-,-,-,-,-,-,-,-,-,-,-,-,-,-,-,-,-,-,-,-,-,-,-,-,-,-,-,-,-,-,-,-,-,-,-,-,-,-,-,-,-,-,-,-,-,-,-,-,-,-,-,-,-,-,-,-,-,-,-,-,-,-,-,-,-,-,-,-,-,-,-,-,-,-,-,-,-,-,-,-,-,-,-,-,-,-,-,-,-,-,-,-,-,-,-,-,-,-,-,-,-,-,-,-,-,-,-,-,-,-,-,-,-,-,-,-,-,-,-,-,-,-,-,-,-,-,-,-,-,-,-,-,-,-,-,-,-,-,-,-,-,-,-,-,-,-,-,-,-,-,-,-,-,-,-,-,-,-,-,-,-,-,-,-,-,-,-,-,-,-,-,-,-,-,-,-,-,-,-,-,-,-,-
Equus_quagga,I,T,C,P,T,P,T,S,V,E,H,A,D,I,R,V,K,S,Y,N,L,S,S,K,E,R,Y,I,C,N,S,G,F,K,R,K,A,G,T,S,S,L,T,E,C,V,L,N,K,T,T,N,L,A,H,W,T,T,P,N,L,K,C,I,D,P,S,L,T,R,Q,R,P,-,-,P,S,T,V,V,P,A,G,V,T,P,E,P,Q,S,P,S,P,S,G,K,E,P,-,A,S,T,S,K,S,D,T,T,V,A,T,K,P,A,I,T,P,G,S,R,L,M,P,S,K,S,P,S,A,A,T,T,G,V,V,S,H,E,P,S,Q,A,-,P,S,Q,T,T,A,-,-,L,E,H,T,P,S,A,S,R,E,T,P,G,V,H,Q,Y,S,S,R,V,V,T,A,A,V,S,I,P,V,A,L,L,F,G,-,C,A,V,F,L,L,V,R,C,R,I
Gorilla_gorilla_gorilla,I,T,C,P,P,P,M,S,V,E,H,A,D,I,W,V,K,S,Y,S,L,Y,S,R,E,R,Y,I,C,N,S,G,F,K,R,K,A,G,T,S,S,L,T,E,C,V,L,N,K,A,T,N,V,A,H,W,T,T,P,S,L,K,C,I,D,P,A,L,V,R,Q,R,P,A,P,P,S,T,V,T,T,A,G,V,T,P,Q,P,E,S,L,S,P,S,G,K,E,P,A,A,S,S,P,S,S,N,T,T,A,A,T,T,A,A,I,V,P,G,S,Q,L,M,P,S,K,S,P,S,T,G,T,T,E,I,G,S,H,E,S,S,P,G,T,P,S,Q,T,T,A,K,T,W,E,L,T,A,S,A,S,H,Q,P,P,G,V,Y,P,Q,G,H,S,D,T,T,V,A,I,S,T,S,T,V,L,L,C,G,L,S,A,V,S,L,L,A,C,Y,I,K
Halichoerus_grypus,I,T,C,P,P,P,T,S,V,E,H,A,D,I,R,V,K,S,Y,N,L,S,S,R,E,R,Y,T,C,N,S,G,F,K,R,K,A,G,T,S,S,L,T,E,C,V,F,N,K,T,M,N,V,A,H,W,T,I,P,N,L,K,C,I,D,P,S,L,T,H,L,R,P,-,-,S,S,T,E,V,P,A,G,V,T,P,E,P,Q,S,T,S,L,S,G,K,E,P,-,A,F,T,S,T,S,D,T,T,V,A,T,K,P,D,I,V,P,G,S,R,P,M,P,S,K,P,P,A,T,G,T,T,G,P,I,S,Q,E,P,S,Q,A,-,P,P,Q,T,T,A,K,A,L,E,R,T,P,S,A,S,Q,E,T,P,G,T,Y,S,Y,N,S,G,A,V,T,V,A,I,F,T,P,V,A,V,L,G,V,V,C,V,V,L,L,L,V,C,Y,R,K
Homo_sapiens,I,T,C,P,P,P,M,S,V,E,H,A,D,I,W,V,K,S,Y,S,L,Y,S,R,E,R,Y,I,C,N,S,G,F,K,R,K,A,G,T,S,S,L,T,E,C,V,L,N,K,A,T,N,V,A,H,W,T,T,P,S,L,K,C,I,D,P,A,L,V,H,Q,R,P,A,P,P,S,T,V,T,T,A,G,V,T,P,Q,P,E,S,L,S,P,S,G,K,E,P,A,A,S,S,P,S,S,N,N,T,A,A,T,T,A,A,I,V,P,G,S,Q,L,M,P,S,K,S,P,S,T,G,T,T,E,I,S,S,H,E,S,S,H,G,T,P,S,Q,T,T,A,K,N,W,E,L,T,A,S,A,S,H,Q,P,P,G,V,Y,P,Q,G,H,S,D,T,T,V,A,I,S,T,S,T,V,L,L,C,G,L,S,A,V,S,L,L,A,C,Y,L,K
Hylobates_moloch,I,T,C,P,P,P,T,S,V,E,H,A,D,I,R,V,K,S,Y,S,L,Y,S,R,E,R,Y,V,C,N,S,G,F,K,R,K,A,G,T,S,S,L,T,E,C,V,L,N,K,A,T,N,V,A,H,W,T,T,P,S,L,K,C,I,D,P,A,L,A,R,Q,R,L,A,P,P,S,T,V,T,T,A,G,V,T,P,Q,P,E,S,L,S,P,S,G,K,E,P,A,A,S,S,P,S,P,N,T,T,A,A,T,T,A,A,I,V,P,G,S,R,L,M,P,S,K,S,P,S,T,G,T,T,E,I,G,S,H,E,S,S,H,G,T,P,S,R,T,T,A,K,T,W,E,L,T,A,S,A,S,H,Q,P,P,G,V,Y,P,Q,G,H,S,D,T,T,V,A,I,S,T,S,T,V,L,L,C,G,L,S,A,M,S,F,L,A,C,Y,I,K
Ictidomys_tridecemlineatus,T,T,C,P,T,P,I,S,V,E,H,A,D,I,R,V,K,S,Y,T,L,N,S,R,E,R,Y,V,C,N,S,G,F,K,R,K,A,G,T,S,S,L,T,E,C,V,L,N,K,T,T,N,T,A,H,W,T,T,P,S,L,K,C,I,D,P,S,L,T,H,Q,R,P,-,-,H,S,T,V,V,T,A,R,V,T,P,Q,P,E,S,P,S,P,S,G,K,E,P,A,V,L,S,P,K,S,D,T,T,V,A,I,E,T,A,M,V,P,G,S,Q,S,M,P,S,Q,P,T,S,S,G,T,T,S,V,G,S,H,E,S,S,Q,A,-,P,I,Q,T,T,A,K,T,L,E,L,T,P,S,N,S,H,E,T,P,D,A,S,S,Y,S,S,R,E,T,T,V,I,I,S,T,S,V,T,L,-,-,-,-,-,-,-,-,-,-,-,-,-,-,-
Leopardus_geoffroyi,V,T,C,P,P,P,T,S,V,E,H,A,D,I,R,V,K,S,Y,K,L,N,S,T,E,R,Y,T,C,N,T,G,F,K,R,K,A,G,T,S,T,L,T,E,C,V,L,N,K,T,T,N,T,A,H,W,T,I,P,N,L,K,C,I,D,P,S,L,T,H,L,K,P,-,-,S,S,T,E,M,P,A,G,V,T,P,E,P,E,S,T,S,L,S,G,K,E,P,-,A,F,T,S,K,S,D,S,T,V,A,T,K,A,A,T,E,P,G,S,R,L,I,P,S,K,P,P,A,A,G,T,T,G,V,I,N,N,E,P,S,R,A,-,P,A,Q,T,T,A,N,A,L,E,H,T,P,S,A,S,Q,E,T,P,G,T,Y,S,Y,S,S,G,T,V,T,A,A,I,V,M,P,V,A,V,L,C,V,V,C,-,V,G,L,L,V,C,Y,K,R
Loxodonta_africana,I,T,C,P,T,P,V,S,V,E,H,A,D,I,R,V,K,S,Y,N,L,S,S,R,E,R,Y,A,C,N,S,G,F,K,R,K,A,G,T,S,S,L,T,E,C,V,L,N,K,I,T,N,T,A,Y,W,T,T,P,N,L,K,C,I,D,P,S,L,T,H,Q,M,P,V,S,P,S,T,V,A,P,A,R,V,T,P,Q,L,E,S,F,A,P,S,K,K,E,P,E,A,S,T,P,K,S,D,T,T,V,T,T,E,R,A,I,V,P,G,S,R,R,M,L,S,E,P,P,S,A,G,T,T,G,I,V,R,N,G,S,S,P,A,-,P,S,Q,T,A,S,K,N,L,E,Q,T,P,S,T,F,H,V,T,P,D,A,S,S,D,N,S,T,-,-,-,-,A,V,T,T,S,V,I,L,L,S,G,V,G,V,L,F,F,L,A,Y,Y,K,R
Macaca_fascicularis,I,T,C,P,P,P,V,S,V,E,H,A,D,I,R,V,K,S,Y,S,L,Y,S,R,E,R,Y,I,C,N,S,G,F,K,R,K,A,G,T,S,S,L,T,E,C,V,L,N,K,A,T,N,I,A,H,W,T,T,P,S,L,K,C,I,D,P,L,L,A,R,Q,R,P,A,P,P,F,T,V,T,T,A,G,V,T,P,Q,P,E,S,L,S,P,S,G,K,E,P,A,A,S,S,P,S,S,N,T,T,A,A,T,T,A,A,I,V,P,S,S,R,L,M,P,S,T,S,S,S,T,G,T,T,E,I,G,S,H,G,S,S,H,G,-,P,S,Q,T,T,A,K,T,W,E,L,T,A,S,A,S,H,Q,P,P,G,V,Y,P,Q,G,H,S,D,T,T,V,A,I,S,T,S,T,V,L,L,C,G,L,S,A,V,S,L,L,A,C,Y,I,K
Macaca_mulatta,I,T,C,P,P,P,V,S,V,E,H,A,D,I,R,V,K,S,Y,S,L,Y,S,R,E,R,Y,I,C,N,S,G,F,K,R,K,A,G,T,S,S,L,T,E,C,V,L,N,K,A,T,N,I,A,H,W,T,T,P,S,L,K,C,I,D,P,L,L,A,R,Q,R,P,A,P,P,F,T,V,T,T,A,G,V,T,P,Q,P,E,S,L,S,P,S,G,K,E,P,A,A,S,S,P,S,S,N,T,T,A,A,T,T,A,A,I,V,P,S,S,R,L,M,P,S,T,S,S,S,T,G,T,T,E,I,G,S,H,E,S,S,H,G,-,P,S,Q,T,T,A,K,T,W,E,L,T,A,S,A,S,H,Q,P,P,G,V,Y,P,Q,G,H,S,D,T,T,V,A,I,S,T,S,T,V,L,L,C,G,L,S,A,V,S,L,L,A,C,Y,I,K
Macaca_nemestrina,I,T,C,P,P,P,V,S,V,E,H,A,D,I,R,V,K,S,Y,S,L,Y,S,R,E,R,Y,I,C,N,S,G,F,K,R,K,A,G,T,S,S,L,T,E,C,V,L,N,K,A,T,N,I,A,H,W,T,T,P,S,L,K,C,I,D,P,L,L,A,R,Q,R,P,A,P,P,F,T,V,T,T,A,G,V,T,P,Q,P,E,S,L,S,P,S,G,K,E,P,A,A,S,S,P,S,S,N,T,T,A,A,T,T,A,A,I,V,P,S,S,R,L,M,P,S,T,S,P,S,T,G,T,T,E,I,G,S,H,E,S,S,H,G,-,P,S,Q,T,T,A,K,T,W,E,L,T,A,S,A,S,H,Q,P,P,-,-,-,-,-,-,-,-,-,-,-,V,A,I,S,T,S,T,V,L,L,C,G,L,S,A,V,S,L,L,A,C,Y,I,K
Macaca_thibetana_thibetana,I,T,C,P,P,P,V,S,V,E,H,A,D,I,R,V,K,S,Y,S,L,Y,S,R,E,R,Y,I,C,N,S,G,F,K,R,K,A,G,T,S,S,L,T,E,C,V,L,N,K,A,T,N,I,A,H,W,T,T,P,S,L,K,C,I,D,P,L,L,A,R,Q,R,P,A,P,P,F,T,V,T,T,A,G,V,T,P,Q,P,E,S,L,S,P,S,G,K,E,P,A,A,S,S,P,S,S,N,T,T,A,A,T,T,A,A,I,V,P,S,S,R,L,I,P,S,T,S,P,S,T,G,T,T,E,I,G,S,H,E,S,S,H,G,-,P,S,Q,T,T,A,K,T,W,E,L,T,A,S,A,S,H,Q,P,P,G,V,Y,P,Q,G,H,S,D,T,T,V,A,I,S,T,S,T,V,L,L,C,G,L,S,A,V,S,L,L,A,C,Y,I,K
Mandrillus_leucophaeus,I,T,C,P,P,P,V,S,V,E,H,A,D,I,R,V,K,S,Y,S,L,Y,S,R,E,R,Y,I,C,N,S,G,F,K,R,K,A,G,T,S,S,L,T,E,C,V,L,N,K,A,T,N,I,A,H,W,T,T,P,S,L,K,C,I,D,P,L,L,A,R,Q,R,P,A,P,P,F,T,V,T,T,A,G,V,T,P,Q,P,E,S,L,S,P,S,G,K,E,P,A,A,S,S,P,S,S,N,T,T,A,A,T,T,A,A,I,V,P,S,S,R,L,T,P,S,T,S,P,S,T,G,T,T,E,L,G,S,H,E,S,S,H,G,-,P,S,Q,T,T,A,K,T,W,E,L,T,A,S,A,S,Q,Q,P,P,G,V,Y,P,Q,G,H,S,D,T,T,V,A,I,S,T,S,T,V,L,L,C,G,L,S,A,V,S,L,L,A,C,Y,I,K
Marmota_flaviventris,T,T,C,P,T,P,M,S,V,E,H,A,D,I,R,V,K,S,Y,T,L,N,S,R,E,R,Y,V,C,N,S,G,F,K,R,K,A,G,T,S,S,L,T,E,C,V,L,N,K,T,T,N,T,A,H,W,T,T,P,S,L,K,C,I,D,P,S,L,T,H,Q,R,P,V,P,H,S,T,V,V,T,A,R,V,T,P,Q,P,E,S,P,S,P,S,G,K,D,-,-,-,-,-,-,-,-,-,-,-,-,-,-,-,-,-,-,-,-,-,-,-,-,-,-,-,-,-,-,-,-,-,-,-,-,-,-,-,-,-,-,-,-,-,-,-,-,-,-,-,-,-,-,-,-,-,-,-,-,-,-,-,-,-,-,-,A,S,S,Y,S,S,R,E,T,T,V,I,I,S,T,S,V,T,L,-,-,-,-,-,-,-,-,-,-,-,-,-,-,-
Marmota_marmota_marmota,T,T,C,P,T,P,M,S,V,E,H,A,D,I,R,V,K,S,Y,T,L,N,S,R,E,R,Y,V,C,N,S,G,F,K,R,K,A,G,T,S,S,L,T,E,C,V,L,N,K,T,T,H,T,A,H,W,T,T,P,S,L,K,C,I,D,P,S,L,T,H,Q,R,P,V,P,H,S,T,V,V,T,A,R,V,T,P,Q,P,E,S,P,S,P,S,G,K,E,P,A,V,L,S,P,K,S,D,T,T,V,A,T,E,T,A,M,V,P,G,S,Q,S,M,P,P,Q,P,T,S,S,G,T,T,S,V,G,S,H,E,S,S,Q,A,-,P,S,Q,T,T,A,K,T,L,E,L,T,P,S,N,S,H,E,T,P,D,A,S,S,Y,S,S,R,E,T,T,V,I,I,S,T,S,V,T,L,-,-,-,-,-,-,-,-,-,-,-,-,-,-,-
Marmota_monax,T,T,C,P,T,P,M,S,V,E,H,A,D,I,R,V,K,S,Y,T,L,N,S,R,E,R,Y,V,C,N,S,G,F,K,R,K,A,G,T,S,S,L,T,E,C,V,L,N,K,T,T,N,T,A,H,W,T,T,P,S,L,K,C,I,D,P,S,L,T,H,Q,R,P,V,P,H,S,T,V,V,T,A,R,V,T,P,Q,P,E,S,P,S,P,S,G,K,E,P,A,V,L,S,P,K,S,D,T,T,V,A,T,E,T,A,M,V,P,G,S,Q,S,M,P,P,Q,P,T,S,S,G,T,T,S,V,G,S,H,E,F,S,Q,A,-,P,S,Q,T,T,A,K,T,L,E,L,T,P,S,N,S,H,E,T,P,D,A,S,S,Y,S,S,R,E,T,T,V,I,I,S,T,S,V,T,L,-,-,-,-,-,-,-,-,-,-,-,-,-,-,-
Nannospalax_galili,T,T,C,P,T,P,T,S,V,E,H,A,D,I,R,V,K,N,Y,N,V,N,S,R,E,R,Y,V,C,N,S,G,F,K,R,K,A,G,T,S,T,L,T,E,C,V,L,N,K,T,T,N,V,A,H,W,T,T,P,N,L,K,C,I,D,P,T,L,A,R,Q,R,P,V,P,P,S,T,V,V,T,P,R,A,T,P,E,P,K,S,P,S,P,P,G,K,E,P,E,A,L,S,P,K,P,N,T,T,V,A,S,E,T,A,L,V,P,G,S,Q,L,A,P,S,Q,P,P,S,A,G,T,T,G,T,G,S,H,E,S,S,Q,A,-,P,S,P,T,T,A,K,T,L,E,P,S,S,S,T,S,L,R,T,P,G,V,S,P,H,S,S,K,T,I,A,V,A,V,S,T,S,-,-,-,-,-,-,-,-,-,-,-,L,L,A,C,Y,L,R
Neomonachus_schauinslandi,I,T,C,P,P,P,T,S,V,E,H,A,D,I,R,V,K,S,Y,N,V,S,S,R,E,R,Y,T,C,N,S,G,F,K,R,K,A,G,T,S,S,L,T,E,C,V,F,N,K,T,M,N,V,A,Q,W,T,I,P,N,L,K,C,I,D,P,S,L,T,H,L,R,P,-,-,S,S,T,E,V,P,A,G,V,T,P,E,P,Q,S,T,S,L,S,G,K,E,P,-,A,F,T,S,T,S,D,T,T,V,A,T,K,P,D,I,V,P,G,S,R,P,M,P,S,K,P,P,A,T,G,T,T,G,P,I,S,Q,E,P,S,Q,A,-,P,P,Q,T,T,A,K,A,L,E,R,T,P,S,A,S,Q,E,T,P,G,T,Y,S,Y,N,S,G,V,V,T,V,A,I,F,T,P,V,A,V,L,G,V,V,C,A,V,L,L,L,V,C,Y,R,K
Nomascus_leucogenys,I,T,C,P,P,P,T,S,V,E,H,A,D,I,R,V,K,S,Y,S,L,Y,S,R,E,R,Y,V,C,N,S,G,F,K,R,K,A,G,T,S,S,L,T,E,C,V,L,N,K,A,T,N,V,A,H,W,T,T,P,S,L,K,C,I,D,P,A,L,A,R,Q,R,P,A,P,P,S,T,V,T,T,A,G,V,T,P,Q,P,E,S,L,S,P,S,G,K,E,P,A,A,S,S,P,S,P,N,T,T,A,A,T,T,A,A,I,V,P,G,S,R,L,M,P,S,K,S,P,S,T,G,T,T,E,I,G,S,H,E,S,S,H,G,T,P,S,Q,T,T,A,K,T,W,E,L,T,A,S,A,S,H,Q,P,P,G,V,Y,P,Q,G,H,S,D,T,T,V,A,I,S,T,S,T,V,L,L,C,G,L,S,A,M,S,F,L,A,C,Y,I,K
Ochotona_curzoniae,-,T,C,P,T,P,T,S,V,E,H,A,V,I,R,V,K,S,Y,N,L,S,S,R,E,R,Y,V,C,N,S,G,F,K,R,K,A,G,T,S,S,L,T,E,C,V,F,N,K,T,T,K,I,A,Y,W,T,T,P,N,L,K,C,I,D,P,S,L,A,H,Q,R,P,V,P,P,S,T,V,V,T,A,R,V,T,P,Q,P,E,S,P,S,P,P,G,K,-,-,-,-,-,-,-,-,-,-,-,-,-,-,-,-,-,-,-,-,-,-,-,-,-,-,-,-,-,-,-,-,-,-,-,-,-,-,-,-,-,-,-,-,-,-,-,-,-,-,-,-,-,-,-,-,-,-,-,-,-,-,-,-,-,-,-,G,A,Y,P,H,S,S,K,E,A,T,V,A,I,S,T,S,V,S,L,V,C,V,V,C,A,V,L,L,L,-,-,-,-,-
Ochotona_princeps,V,T,C,P,T,P,T,S,V,E,H,A,V,I,R,V,K,S,Y,N,L,S,S,R,E,R,Y,V,C,N,S,G,F,K,R,K,A,G,T,S,S,L,T,E,C,V,F,N,K,T,T,K,I,A,Y,W,T,T,P,N,L,K,C,I,D,P,S,L,A,H,Q,R,P,V,P,P,S,T,V,V,T,A,R,V,T,P,Q,P,E,S,P,S,P,P,G,K,G,P,A,V,F,S,P,K,S,D,T,T,M,A,T,G,T,A,I,V,P,G,S,W,L,M,L,S,T,S,P,S,A,E,T,T,G,I,G,S,H,G,P,S,P,A,-,P,S,Q,T,T,S,K,F,L,E,P,T,P,S,I,S,H,E,T,T,G,A,Y,P,H,S,S,K,E,A,T,V,A,I,S,T,S,V,S,L,L,G,V,V,S,V,V,L,L,L,-,-,-,-,-
Octodon_degus,A,T,C,P,T,P,T,S,V,E,H,A,D,I,Q,V,K,S,Y,N,L,H,S,R,E,R,Y,V,C,N,S,G,F,K,R,K,A,G,T,S,S,L,T,E,C,V,F,N,K,T,T,N,I,T,H,W,T,T,P,N,L,K,C,I,H,P,S,L,P,H,Q,K,P,V,P,P,S,A,V,V,T,A,R,V,T,P,E,P,E,G,P,S,P,S,G,K,E,P,A,A,L,S,P,K,S,D,T,-,-,-,T,E,T,A,T,V,P,R,P,W,L,M,S,S,K,P,P,S,V,D,T,T,G,V,G,S,H,E,P,S,Q,T,-,P,S,Q,T,T,A,V,T,L,E,H,M,P,S,T,S,H,E,T,P,G,A,R,Q,H,S,S,-,-,-,-,-,-,-,-,-,-,-,-,-,-,-,-,-,-,-,-,-,-,-,-,-,-,-,-
Ovis_aries,I,T,C,P,T,P,T,S,V,E,H,A,D,I,Q,V,K,N,Y,S,I,N,S,R,E,R,Y,V,C,N,S,G,F,K,R,K,A,G,T,S,S,L,T,Q,C,V,F,N,E,T,A,K,V,A,H,W,T,T,P,N,L,K,C,I,D,P,S,L,S,H,Q,R,P,-,-,P,S,T,A,A,P,T,G,L,T,P,E,P,E,S,P,T,P,S,G,K,E,P,-,D,L,T,S,K,S,D,T,K,V,A,T,R,P,A,T,G,P,G,S,R,L,-,P,S,T,A,P,P,V,G,T,T,G,V,V,S,K,E,T,T,Y,V,-,P,A,Q,T,A,A,K,A,P,E,Y,T,H,P,A,L,Q,D,T,P,G,A,Y,Q,H,N,P,S,V,V,T,A,A,V,S,I,P,V,A,V,V,F,A,V,C,L,V,F,L,L,V,R,C,L,M
Pan_paniscus,I,T,C,P,P,P,M,S,V,E,H,A,D,I,W,V,K,S,Y,S,L,Y,S,R,E,R,Y,I,C,N,S,G,F,K,R,K,A,G,T,S,S,L,T,E,C,V,L,N,K,A,T,N,V,A,H,W,T,T,P,S,L,K,C,I,D,P,A,L,V,R,Q,R,P,A,P,P,S,T,V,T,T,A,G,M,T,P,Q,P,E,S,L,S,P,S,G,K,E,P,A,A,S,S,P,S,S,N,T,T,A,A,T,T,A,A,I,V,P,G,S,Q,L,M,P,S,K,S,P,S,T,G,T,T,E,I,G,S,H,E,S,S,H,G,T,P,S,Q,T,T,A,K,T,W,E,L,T,A,S,A,S,H,Q,P,P,G,V,Y,P,Q,G,H,S,D,T,T,V,A,I,S,T,S,T,V,L,L,C,G,L,S,A,V,S,L,L,A,C,Y,L,K
Pan_troglodytes,I,T,C,P,P,P,M,S,V,E,H,A,D,I,W,V,K,S,Y,S,L,Y,S,R,E,R,Y,I,C,N,S,G,F,K,R,K,A,G,T,S,S,L,T,E,C,V,L,N,K,A,T,N,V,A,H,W,T,T,P,S,L,K,C,I,D,P,A,L,V,R,Q,R,P,V,P,P,S,T,V,T,T,A,G,M,T,P,Q,P,E,S,L,S,P,S,G,K,E,P,A,A,S,S,P,S,S,N,T,T,A,A,T,T,A,A,I,V,P,G,S,Q,L,M,P,S,K,S,P,S,T,G,T,T,E,I,G,S,H,E,S,S,H,G,T,P,S,Q,T,T,A,K,T,W,E,L,T,A,S,A,S,H,Q,P,P,G,V,Y,P,Q,G,H,S,D,T,T,V,A,I,S,T,S,T,V,L,L,C,G,L,S,A,V,S,L,L,A,C,Y,L,K
Panthera_tigris_altaica,-,-,-,-,-,-,-,-,-,-,-,-,-,-,-,-,-,-,-,-,-,-,-,-,-,-,-,-,-,-,-,-,-,-,-,-,-,-,-,-,-,-,-,-,-,-,-,-,-,-,-,-,-,-,-,-,-,-,-,-,-,-,-,-,-,-,-,-,-,-,-,-,-,-,-,-,-,-,-,-,-,-,-,-,-,-,-,-,-,-,-,-,-,-,-,-,-,-,-,-,-,-,-,-,-,-,-,-,-,-,-,-,-,-,-,-,-,-,-,-,-,-,-,-,-,-,-,-,-,-,-,-,-,-,-,-,-,-,-,-,-,-,-,-,-,-,-,-,-,-,-,-,-,-,-,-,-,-,-,-,-,-,-,-,-,-,-,-,-,-,-,-,-,-,-,-,-,-,-,-,-,-,-,-,-,-,-,-,-,-,-,-,-,-,-,-,-,-
Papio_anubis,-,-,-,-,-,-,-,-,-,-,-,-,-,-,-,-,-,-,-,-,-,-,-,-,-,-,-,-,-,-,-,-,-,-,-,-,-,-,-,-,-,-,-,-,-,-,-,-,-,-,-,-,-,-,-,-,-,-,-,-,-,-,-,-,-,-,-,-,-,-,-,-,-,-,-,-,-,-,-,-,-,-,-,-,-,-,-,-,-,-,-,-,-,-,-,-,-,-,-,-,-,-,-,-,-,-,-,-,-,-,-,-,-,-,-,-,-,-,-,-,-,-,-,-,-,-,-,-,-,-,-,-,-,-,-,-,-,-,-,-,-,-,-,-,-,-,-,-,-,-,-,-,-,-,-,-,-,-,-,-,-,-,-,-,-,-,-,-,-,-,-,-,-,-,-,-,-,-,-,-,-,-,-,-,-,-,-,-,-,-,-,-,-,-,-,-,-,-
Piliocolobus_tephrosceles,I,T,C,P,P,P,V,S,V,E,H,A,D,I,R,V,K,S,Y,S,L,Y,S,R,E,R,Y,I,C,N,S,G,F,K,R,K,A,G,T,S,S,L,T,E,C,V,L,N,K,A,T,N,I,A,H,W,T,T,P,S,L,K,C,I,D,P,L,L,A,R,Q,R,P,A,P,P,F,T,V,T,T,A,G,V,T,P,Q,P,E,S,L,S,P,S,G,K,E,P,A,A,S,S,P,S,S,N,T,T,A,A,T,T,A,A,I,V,P,S,S,R,L,V,P,S,T,S,P,S,T,G,T,T,E,I,G,S,H,E,S,S,H,G,-,P,S,Q,T,T,A,K,T,W,E,L,T,A,S,A,S,H,Q,P,P,G,V,Y,P,Q,G,H,S,V,T,T,V,A,I,S,T,S,T,V,L,L,C,G,L,S,A,V,S,L,L,A,C,Y,I,K
Pongo_abelii,I,T,C,P,P,P,M,S,V,E,H,A,D,I,W,V,K,S,Y,S,L,Y,S,R,E,R,Y,V,C,N,S,G,F,K,R,K,A,G,T,S,S,L,T,E,C,V,L,N,K,A,T,N,V,A,H,W,T,T,P,S,L,K,C,I,D,P,A,L,A,R,Q,R,P,A,P,P,S,T,V,M,T,A,G,V,T,P,Q,P,E,S,L,S,P,S,G,K,E,P,A,A,S,S,P,S,S,N,T,T,A,A,T,T,A,A,I,V,P,G,S,R,L,T,P,S,K,S,P,S,T,G,T,T,E,I,G,S,H,E,S,S,H,G,T,P,S,Q,T,T,A,K,T,W,E,L,T,A,S,A,S,H,Q,P,P,G,V,Y,P,Q,G,H,S,D,T,A,V,A,I,S,T,S,T,V,L,L,C,G,L,S,A,V,S,L,L,A,C,Y,I,K
Propithecus_coquereli,I,T,C,P,T,P,T,S,V,E,H,A,D,I,R,V,K,S,Y,S,V,N,S,R,E,R,Y,V,C,N,S,G,F,K,R,K,A,G,T,S,S,L,T,E,C,V,L,N,K,T,T,N,T,A,H,W,T,T,P,N,L,E,C,I,D,P,S,L,T,H,Q,R,P,V,P,F,S,T,A,T,P,A,R,V,A,P,Q,P,E,S,P,S,P,S,G,K,-,-,-,A,S,S,P,R,S,D,T,T,V,A,T,E,T,A,I,-,-,-,-,-,-,A,P,S,K,A,P,S,A,G,P,T,G,P,G,R,R,E,S,S,R,A,-,P,S,Q,T,T,A,-,-,-,-,-,-,-,-,A,S,H,Q,P,P,G,A,N,P,F,S,S,R,E,A,T,V,T,I,S,T,A,A,V,L,L,C,V,L,S,-,G,A,L,L,A,C,C,L,K
Rhinopithecus_bieti,I,T,C,P,P,P,V,S,V,E,H,A,D,I,R,V,K,S,Y,S,L,Y,S,R,E,R,Y,I,C,N,S,G,F,K,R,K,A,G,T,S,S,L,T,E,C,V,L,N,K,A,T,N,I,A,H,W,T,T,P,S,L,K,C,I,D,P,L,L,A,R,Q,R,P,A,P,P,F,T,V,T,T,A,G,V,T,P,Q,P,E,S,L,S,S,S,G,K,E,P,T,A,S,S,P,S,S,N,T,T,A,A,T,T,A,A,I,V,P,S,S,R,L,V,P,S,T,S,P,S,T,G,T,T,E,I,G,S,H,E,S,S,H,G,-,P,S,Q,T,T,A,K,T,W,E,L,T,A,S,A,S,H,Q,P,P,G,V,Y,P,Q,G,H,S,D,T,T,V,A,I,S,T,S,T,V,L,L,C,G,L,S,A,V,S,L,L,A,C,Y,I,K
Rhinopithecus_roxellana,I,T,C,P,P,P,V,S,V,E,H,A,D,I,R,V,K,S,Y,S,L,Y,S,R,E,R,Y,I,C,N,S,G,F,K,R,K,A,G,T,S,S,L,T,E,C,V,L,N,K,A,T,N,I,A,H,W,T,T,P,S,L,K,C,I,D,P,L,L,A,R,Q,R,P,A,P,P,F,T,V,T,T,A,G,V,T,P,Q,P,E,S,L,S,S,S,G,K,E,P,T,A,S,S,P,S,S,N,T,T,A,A,T,T,A,A,I,V,P,S,S,R,L,V,P,S,T,S,P,S,T,G,T,T,E,I,G,S,H,E,S,S,H,G,-,P,S,Q,T,T,A,K,T,W,E,L,T,A,S,A,S,H,Q,P,P,G,V,Y,P,Q,G,H,S,D,L,S,V,A,I,S,T,S,T,V,L,L,C,G,L,S,A,V,S,L,L,A,C,Y,I,K
Saimiri_boliviensis_boliviensis,I,T,C,P,D,P,V,S,V,E,H,A,D,I,Q,V,K,S,Y,S,L,H,S,R,E,R,Y,I,C,N,S,G,F,K,R,K,A,G,T,S,S,L,T,E,C,V,L,N,K,A,T,N,V,A,Y,W,T,T,P,S,L,K,C,I,D,P,A,L,A,R,Q,R,P,A,P,P,S,T,V,T,T,A,G,V,T,L,Q,P,K,S,F,S,P,S,G,K,-,-,-,-,-,-,-,-,-,-,-,-,-,-,-,-,-,-,-,-,-,-,-,-,-,-,-,-,-,-,-,-,-,-,-,-,-,-,-,-,-,-,-,-,-,-,-,-,-,-,-,-,-,-,-,-,-,-,-,-,-,-,-,-,-,-,-,-,-,-,-,-,-,-,-,-,-,-,-,-,-,-,-,-,-,-,-,-,-,-,-,-,-,-,-,-,-,-,-,-,-,-
Sapajus_apella,I,T,C,P,D,P,V,S,V,E,H,A,D,I,R,V,K,S,Y,S,L,H,S,R,E,R,Y,I,C,N,S,G,F,K,R,K,A,G,T,S,S,L,T,E,C,V,L,N,K,A,T,N,V,A,Y,W,T,T,P,S,L,K,C,I,D,P,A,L,A,R,Q,R,P,A,P,P,S,T,V,T,T,A,G,V,T,P,Q,P,E,S,F,S,P,S,G,K,E,P,A,A,S,S,P,S,S,D,T,T,V,A,T,T,A,A,L,V,P,G,S,R,L,M,P,S,K,S,P,S,T,G,T,T,G,I,G,S,H,E,S,S,H,S,-,P,S,Q,T,T,A,R,T,W,E,L,T,A,S,-,-,-,-,-,-,-,-,-,-,-,-,-,-,-,-,-,V,V,I,S,T,S,T,V,L,L,C,G,L,S,A,V,S,L,L,A,C,Y,I,K
Suricata_suricatta,V,T,C,P,P,P,T,T,V,E,H,A,D,I,R,V,K,S,Y,D,V,D,S,T,E,R,Y,T,C,N,A,G,F,K,R,K,A,G,T,S,S,L,T,E,C,V,L,N,K,T,T,N,T,A,H,W,T,I,P,N,L,K,C,I,D,P,S,L,T,H,L,K,P,-,-,S,S,T,E,G,P,A,A,T,-,-,E,P,E,S,T,S,L,S,G,K,E,P,-,A,F,T,S,K,S,A,S,T,V,A,T,K,A,T,T,E,P,G,S,R,L,I,P,S,E,P,P,A,A,G,T,T,G,V,I,S,H,E,L,S,Q,A,-,P,A,Q,T,T,T,K,A,W,E,R,T,S,S,A,S,Q,E,T,P,G,T,S,S,Y,S,S,G,T,V,T,A,A,V,V,T,P,V,A,V,L,C,I,V,A,C,V,G,L,L,V,C,Y,S,R
Theropithecus_gelada,I,T,C,P,P,P,V,S,V,E,H,A,D,I,R,V,K,S,Y,S,L,Y,S,R,E,R,Y,I,C,N,S,G,F,K,R,K,A,G,T,S,S,L,T,E,C,V,L,N,K,A,T,N,I,A,H,W,T,T,P,S,L,K,C,I,D,P,L,L,A,R,Q,R,P,A,P,P,F,T,V,T,T,A,G,V,T,P,Q,P,E,S,L,S,P,S,G,K,E,P,A,A,S,S,P,S,S,N,T,T,A,A,T,T,A,A,I,V,L,S,S,R,L,T,P,S,T,S,P,S,T,G,T,T,E,I,G,S,H,E,S,S,H,G,-,P,S,Q,T,T,A,K,T,W,E,L,T,A,S,A,S,H,Q,P,P,G,V,Y,P,Q,G,H,S,D,T,T,V,A,I,S,A,S,T,V,L,L,C,G,L,S,A,V,S,L,L,A,C,Y,I,K
Trachypithecus_francoisi,I,T,C,P,P,P,V,S,V,E,H,A,D,I,R,V,K,S,Y,S,L,Y,S,R,E,R,Y,I,C,N,S,G,F,K,R,K,A,G,T,S,S,L,T,E,C,V,L,N,K,A,T,N,I,A,H,W,T,T,P,S,L,K,C,I,D,P,L,L,A,R,Q,R,P,A,P,P,F,T,V,T,T,A,G,V,T,P,Q,P,E,S,L,S,S,S,G,K,D,P,A,A,S,S,P,S,S,N,T,T,A,A,T,T,A,A,I,V,P,S,S,R,L,V,P,S,T,S,P,S,T,G,T,T,E,I,G,S,H,E,S,P,H,G,-,P,S,Q,T,T,A,K,T,W,E,L,T,A,S,A,S,C,Q,P,P,G,V,H,P,Q,G,H,S,H,T,T,V,A,I,S,T,S,T,V,L,L,C,G,L,S,A,M,S,L,L,A,C,Y,I,K
Tupaia_chinensis,V,T,C,P,T,P,A,S,V,E,H,A,D,I,R,V,K,S,Y,N,L,N,S,R,E,R,Y,V,C,N,S,G,F,K,R,K,A,G,T,S,S,L,T,E,C,V,L,N,K,T,T,N,I,T,H,W,T,T,P,N,L,K,C,I,D,P,S,L,S,H,Q,R,P,V,P,P,S,T,V,V,T,A,G,V,T,P,H,P,E,S,P,S,P,S,G,K,E,P,A,T,L,S,P,-,-,-,-,T,V,T,R,E,T,A,V,M,P,G,S,R,L,V,P,S,K,P,P,S,P,G,T,T,G,T,G,S,H,Q,L,-,-,-,-,-,S,Q,T,T,T,K,T,L,E,L,T,P,S,T,S,H,K,I,P,G,V,Y,S,Y,S,S,R,D,A,T,V,A,I,S,S,S,V,T,L,L,C,V,L,C,V,V,S,L,L,V,C,Y,I,K
Urocitellus_parryii,T,T,C,P,T,P,M,S,V,E,H,A,D,I,R,V,K,S,Y,T,L,N,S,R,E,R,Y,V,C,N,S,G,F,R,R,K,A,G,T,S,S,L,T,E,C,V,L,N,K,T,T,N,T,A,H,W,T,M,P,S,L,K,C,I,D,P,S,L,T,H,Q,R,P,-,-,H,S,T,V,V,T,A,R,V,T,P,Q,P,E,S,P,S,P,S,G,K,E,P,A,V,L,S,P,K,S,D,T,T,V,A,I,E,T,A,M,V,P,G,S,Q,S,M,P,S,Q,P,T,S,S,G,T,T,S,V,G,S,H,E,S,S,Q,A,-,P,S,Q,T,T,A,K,T,L,E,L,T,P,S,N,S,H,E,T,P,D,A,S,S,Y,S,S,R,E,T,T,V,I,I,S,T,S,V,T,L,-,-,-,-,-,-,-,-,-,-,-,-,-,-,-
Ursus_americanus,I,T,C,P,P,P,T,S,V,E,H,A,D,I,R,V,K,S,Y,K,V,S,S,R,E,R,Y,T,C,N,S,G,F,K,R,K,A,G,T,S,S,L,T,E,C,V,L,N,E,T,T,N,V,A,H,W,T,I,P,N,L,K,C,I,D,P,S,L,T,H,L,R,P,-,-,S,S,T,E,V,P,A,G,V,T,P,E,P,E,S,T,S,L,S,G,K,E,P,-,A,F,T,S,K,S,D,T,T,V,A,T,K,P,A,V,V,P,G,S,R,L,M,P,S,K,P,P,A,T,G,T,T,G,P,I,R,K,E,P,S,R,A,-,P,P,Q,A,T,A,K,A,S,E,H,T,P,S,A,S,Q,E,T,P,G,T,Y,S,Y,N,S,G,T,V,T,A,A,I,F,T,P,V,A,V,L,G,V,M,C,V,V,L,L,L,V,C,Y,Q,K
Ursus_maritimus,I,T,C,P,P,P,T,S,V,E,H,A,D,I,R,V,K,S,Y,K,V,S,S,R,E,R,Y,T,C,N,S,G,F,K,R,K,A,G,T,S,S,L,T,E,C,V,L,N,E,T,T,N,V,A,H,W,T,I,P,N,L,K,C,I,D,P,S,L,T,H,L,R,P,-,-,S,S,T,E,V,P,A,G,V,T,P,E,P,E,S,T,S,L,S,G,K,E,P,-,A,F,T,S,K,S,D,T,T,V,A,T,K,P,A,V,V,P,G,S,R,L,M,P,S,K,P,P,A,T,G,T,T,G,P,I,G,K,E,P,S,R,A,-,P,P,Q,A,T,A,K,A,S,E,H,T,P,S,A,S,Q,E,T,P,G,T,Y,S,Y,N,S,G,T,V,T,A,A,I,F,T,P,V,A,V,L,S,V,M,C,V,V,L,L,L,V,C,Y,Q,K
Vicugna_pacos,I,T,C,P,T,P,T,S,V,E,H,A,N,I,Q,V,K,S,Y,N,L,N,S,R,E,R,Y,V,C,N,S,G,F,K,R,K,A,G,T,S,S,L,T,E,C,V,F,N,K,T,M,N,I,T,H,W,T,T,P,N,L,K,C,I,D,P,S,L,T,H,Q,R,P,-,-,R,P,T,T,T,L,A,G,V,T,P,G,P,E,S,L,I,P,S,G,K,E,P,-,T,F,P,S,K,S,D,-,-,-,-,-,-,-,-,-,-,P,G,S,R,L,T,P,S,K,R,P,S,A,G,T,T,G,V,V,R,P,E,P,S,Q,V,-,P,P,Q,T,T,A,K,A,L,E,H,T,P,S,V,S,Q,D,P,P,-,-,-,-,-,-,-,-,-,-,-,A,A,V,S,V,L,V,A,V,L,G,A,V,C,V,G,L,L,L,V,C,Y,R,R
Artibeus_jamaicensis,A,T,C,S,T,P,I,S,V,E,H,A,N,I,Q,V,K,S,Y,N,E,N,S,R,E,R,Y,I,C,N,F,G,F,K,R,K,A,G,T,S,S,L,T,K,C,L,R,N,E,D,T,N,I,T,Q,W,T,I,P,S,L,K,C,I,D,P,S,L,T,R,P,R,P,-,-,P,S,T,V,A,P,A,G,V,T,P,E,P,D,S,P,S,P,S,G,K,E,P,-,A,F,T,M,-,-,-,-,-,-,A,T,K,P,G,T,T,P,G,S,R,L,M,T,P,K,P,P,S,A,E,T,T,E,I,T,G,N,E,P,S,Q,D,-,Q,S,Q,T,T,A,K,A,L,E,H,T,L,S,A,S,E,E,K,P,G,A,Y,A,Y,S,S,T,A,V,T,V,A,V,S,I,P,V,L,V,I,C,G,V,C,V,A,F,L,L,V,R,H,K,K
Desmodus_rotundus,A,T,C,S,T,P,T,S,I,E,H,A,N,I,Q,V,K,S,Y,N,E,N,S,R,E,R,Y,I,C,N,F,G,F,K,R,K,A,G,T,S,S,L,T,K,C,L,R,N,E,D,T,N,I,T,Q,W,T,I,P,S,L,K,C,I,D,P,S,L,T,R,P,R,P,-,-,P,S,T,V,A,P,A,G,V,T,P,E,P,N,S,P,S,P,S,G,K,E,P,-,A,F,T,F,K,S,D,T,T,T,A,T,K,P,T,T,T,Q,G,S,R,L,T,T,P,K,P,P,S,A,E,T,T,G,V,I,G,N,E,P,S,Q,D,-,Q,R,Q,T,T,A,K,A,L,G,H,T,L,S,-,-,-,-,-,-,-,-,-,-,Y,S,S,T,A,V,T,V,A,V,S,T,P,V,L,V,I,C,V,V,C,V,A,F,L,L,V,R,Y,K,K
Eptesicus_fuscus,T,T,C,A,T,P,T,S,I,E,H,A,N,I,Q,V,K,S,Y,N,E,N,S,R,E,R,Y,I,C,N,S,G,F,K,R,K,A,G,T,S,S,L,T,K,C,L,R,N,E,D,T,N,I,T,Q,W,T,I,P,T,L,I,C,I,D,P,S,L,T,H,Q,R,P,-,-,S,S,T,V,A,P,A,G,V,T,P,E,P,E,S,P,S,P,S,G,K,E,P,-,A,L,I,S,K,P,D,T,I,V,A,T,K,P,A,M,V,P,G,S,R,L,M,P,S,K,P,P,-,A,G,T,T,G,V,V,R,N,E,P,S,Q,A,-,P,P,Q,T,T,A,K,A,L,E,H,T,P,S,T,S,L,E,K,P,G,A,H,S,S,N,S,T,A,V,T,V,T,I,S,I,S,V,T,V,L,C,G,A,C,V,V,L,L,L,V,R,Y,K,K
Hipposideros_armiger,T,T,C,A,T,P,T,S,I,E,H,A,D,I,R,I,K,S,Y,N,E,N,S,R,E,R,Y,I,C,N,S,G,F,K,R,K,A,G,T,S,S,L,T,K,C,Q,R,D,E,A,T,N,I,T,R,W,T,I,P,S,L,K,C,I,-,-,-,-,-,-,-,-,-,-,-,-,-,-,-,-,-,-,-,-,-,-,-,-,-,-,-,-,-,-,-,-,-,P,-,A,F,T,S,K,S,D,T,T,V,A,T,K,P,A,I,V,P,G,S,R,L,T,P,S,Q,P,P,S,A,G,T,T,G,V,V,R,N,E,P,S,Q,V,-,P,S,Q,T,T,A,K,A,L,E,H,T,P,S,S,S,L,E,K,P,G,A,Y,S,H,D,S,R,T,V,A,V,A,I,S,V,P,V,A,V,L,C,G,V,C,L,V,F,L,V,V,C,Y,V,R
Miniopterus_natalensis,-,T,C,S,T,P,T,S,I,E,H,A,S,I,Q,V,K,S,Y,N,E,N,S,R,E,R,Y,I,C,N,S,G,F,K,R,K,A,G,T,S,S,L,T,K,C,L,H,N,E,D,T,N,I,T,Q,W,T,I,P,T,L,K,C,I,D,P,S,L,T,H,Q,R,P,-,-,S,S,T,V,V,P,A,G,V,T,P,E,P,E,S,P,S,P,S,G,K,E,P,-,A,F,T,S,K,S,D,T,T,V,A,T,K,P,A,T,I,P,G,S,R,L,M,P,S,K,P,P,S,A,G,T,T,G,V,V,R,N,-,-,P,Q,T,-,P,S,Q,A,T,A,K,A,S,E,H,T,P,T,A,S,L,E,K,P,G,A,H,S,Y,N,S,T,A,V,I,V,A,I,S,V,P,I,T,V,L,C,G,V,C,V,-,-,-,-,V,C,Y,K,K
Molossus_molossus,T,T,C,S,T,P,T,S,I,E,H,A,N,I,Q,V,K,S,Y,E,A,N,S,R,E,R,Y,I,C,N,S,G,F,K,R,K,A,G,T,S,S,L,T,K,C,L,H,N,E,D,T,N,V,T,Q,W,T,I,P,S,L,K,C,I,D,P,S,L,T,H,Q,R,P,-,-,P,S,T,V,A,P,A,G,V,T,P,E,P,E,S,P,S,P,S,E,K,E,P,-,A,F,T,S,K,S,D,T,T,V,P,T,E,P,A,V,V,P,G,S,R,L,M,P,S,K,P,P,S,P,G,T,T,G,V,V,R,N,E,H,P,Q,A,-,P,S,Q,T,T,A,K,A,L,E,H,S,P,S,T,S,L,E,K,P,G,T,H,S,Y,N,S,T,V,A,T,V,A,I,S,T,S,V,S,V,L,F,G,V,C,V,V,F,L,L,V,C,Y,K,K
Myotis_brandtii,T,T,C,S,T,P,T,S,I,E,H,A,N,I,Q,V,K,S,Y,N,E,N,S,R,E,R,Y,I,C,N,S,G,F,K,R,K,A,G,T,S,S,L,T,K,C,L,R,N,E,D,T,N,I,T,Q,W,T,I,P,T,L,I,C,I,D,P,S,L,T,R,Q,R,P,-,-,S,S,T,V,A,P,A,G,V,T,P,E,P,E,S,P,S,P,S,G,K,E,P,-,A,F,I,S,K,P,D,T,T,V,A,T,K,P,A,V,V,P,G,S,R,L,M,P,S,K,S,P,-,A,G,T,T,R,V,V,R,N,E,P,S,Q,A,-,P,P,Q,T,T,A,K,A,L,E,H,T,P,S,T,S,L,E,K,P,G,A,H,S,S,N,S,T,A,V,T,V,A,I,S,T,P,V,T,V,L,C,G,V,C,V,V,L,L,L,I,C,Y,K,K
Myotis_davidii,T,T,C,S,T,P,T,S,I,E,H,A,N,I,Q,V,K,S,Y,N,E,N,S,R,E,R,Y,I,C,N,S,G,F,K,R,K,A,G,T,S,S,L,T,K,C,L,R,N,E,D,T,N,I,T,Q,W,T,I,P,T,L,I,C,I,D,P,S,L,T,R,Q,R,P,-,-,S,S,T,V,A,P,A,G,V,T,P,E,P,E,T,P,S,P,S,G,K,E,P,-,A,F,I,S,K,P,D,T,T,V,A,T,K,P,A,V,V,P,G,S,R,L,T,-,S,K,S,P,-,A,G,T,T,G,V,V,R,S,E,P,S,Q,A,-,P,P,Q,T,T,A,K,S,L,E,H,T,P,S,T,S,L,E,K,P,G,A,H,S,S,N,F,T,A,V,T,V,T,I,S,T,P,V,T,V,L,C,G,A,C,V,V,L,L,L,I,C,Y,K,K
Myotis_lucifugus,T,T,C,S,T,P,T,S,I,E,H,A,N,I,Q,V,K,S,Y,N,E,N,S,R,E,R,Y,I,C,N,S,G,F,K,R,K,A,G,T,S,S,L,T,K,C,L,R,N,E,D,T,N,I,T,Q,W,T,I,P,T,L,I,C,I,D,P,S,L,T,R,Q,R,P,-,-,S,S,T,V,A,P,A,G,V,T,P,E,P,E,S,P,S,P,S,G,K,E,P,-,A,F,I,S,K,P,D,T,T,V,A,T,K,P,A,V,V,P,G,S,R,L,M,P,S,K,S,P,-,A,G,T,T,R,V,V,R,N,E,P,S,Q,A,-,P,P,Q,T,T,A,K,A,L,E,H,T,P,S,T,S,L,E,K,P,G,A,H,S,S,N,S,T,A,V,T,-,A,I,S,T,P,V,T,V,F,C,G,V,C,V,V,L,L,L,-,-,-,-,-
Myotis_myotis,-,T,C,S,T,P,T,S,I,E,H,A,N,I,Q,V,K,S,Y,N,E,N,S,R,E,R,Y,I,C,N,S,G,F,K,R,K,A,G,T,S,S,L,T,K,C,L,R,N,E,D,T,N,I,T,Q,W,T,I,P,T,L,I,C,I,D,P,S,L,T,R,Q,R,P,-,-,S,S,T,V,A,P,A,G,V,T,P,E,P,E,S,P,S,P,S,G,K,E,P,-,A,F,I,S,K,P,D,T,T,V,A,T,K,P,A,V,V,P,G,S,R,L,T,-,S,K,S,P,-,A,G,T,T,G,V,V,R,N,E,P,S,Q,A,-,P,P,Q,T,T,A,K,A,L,E,H,T,P,S,T,S,L,E,K,P,G,S,H,S,S,S,S,T,A,V,T,V,T,I,A,T,P,V,T,V,L,C,G,A,C,V,V,L,L,L,V,C,Y,K,K
Phyllostomus_discolor,A,T,C,S,T,P,T,Y,V,E,H,A,N,I,Q,V,K,S,Y,N,E,N,S,R,E,R,Y,T,C,N,F,G,F,K,R,K,A,G,T,S,S,L,T,K,C,L,R,N,E,D,T,N,I,T,Q,W,T,I,P,S,L,K,C,I,-,-,-,-,-,-,-,-,-,-,-,-,-,-,-,-,-,-,-,-,-,-,-,-,-,-,-,-,-,-,-,-,-,P,-,A,F,T,F,K,S,D,T,T,T,A,T,K,P,G,T,T,P,H,S,R,L,M,T,P,N,P,P,-,A,E,T,T,E,V,T,G,N,E,P,S,Q,D,-,Q,S,Q,T,T,A,K,A,L,E,H,T,V,S,A,S,L,E,K,P,G,A,H,A,Y,N,S,T,A,V,S,V,A,V,S,I,P,V,L,V,I,C,G,V,C,V,A,F,L,L,V,R,Y,K,K
Phyllostomus_hastatus,A,T,C,S,T,P,T,Y,V,E,H,A,N,I,Q,V,K,S,Y,N,E,N,S,R,E,R,Y,T,C,N,F,G,F,K,R,K,A,G,T,S,S,L,T,K,C,L,R,N,E,D,T,N,I,T,Q,W,T,I,P,S,L,K,C,I,D,P,S,L,T,R,P,R,P,-,-,H,S,T,V,A,P,T,G,V,T,P,E,P,D,S,P,S,P,S,G,K,E,P,-,A,F,T,F,K,S,D,T,T,T,A,T,K,P,G,T,T,P,H,S,R,L,M,T,P,N,P,P,S,A,E,T,T,E,V,T,G,N,E,P,S,Q,D,-,Q,S,Q,T,T,A,K,A,L,E,H,T,V,S,A,S,L,E,K,P,G,A,H,A,Y,N,S,T,A,V,S,-,-,V,S,I,P,V,L,V,I,C,G,V,C,V,A,F,L,L,V,R,Y,K,K
Pipistrellus_kuhlii,T,T,C,A,T,P,T,S,I,E,H,A,N,I,Q,V,K,S,Y,N,E,N,S,R,E,R,Y,I,C,N,S,G,F,K,R,K,A,G,T,S,S,L,T,K,C,L,H,N,K,D,T,N,I,T,Q,W,T,I,P,S,L,K,C,I,D,P,S,L,T,H,Q,R,P,-,-,S,S,T,V,A,P,A,R,V,T,P,E,P,E,S,P,Y,P,P,G,K,E,P,-,A,F,M,S,K,P,D,T,I,V,A,T,K,P,A,V,V,P,G,S,R,L,M,P,S,K,P,P,-,A,G,T,T,G,V,V,R,N,E,P,S,Q,A,-,P,P,P,T,T,A,K,A,L,E,H,T,P,S,T,S,L,E,K,L,G,T,H,S,S,N,S,T,V,V,T,V,T,L,S,-,S,V,T,V,L,C,G,A,-,-,-,L,L,L,V,C,Y,K,R
Rhinolophus_ferrumequinum,T,T,C,S,T,P,K,S,I,E,H,A,D,I,H,V,K,S,Y,N,E,N,S,R,E,R,Y,I,C,N,S,G,F,K,R,K,A,G,T,S,S,L,T,K,C,Q,R,D,E,V,T,N,I,T,Q,W,T,T,P,T,L,K,C,I,D,P,S,L,T,H,Q,T,T,-,-,P,S,T,V,A,T,A,G,V,T,P,E,P,E,S,P,S,P,P,G,K,E,P,-,A,F,T,S,M,S,D,A,T,V,A,T,K,P,A,I,V,P,G,S,W,L,V,P,S,K,P,P,S,A,G,T,T,G,V,V,R,D,E,P,S,Q,V,-,P,S,Q,T,T,A,N,A,M,E,H,T,P,A,A,S,P,E,K,P,G,T,Y,S,Y,D,S,R,T,V,A,V,S,V,S,I,P,V,A,V,L,C,G,V,C,V,V,F,L,V,A,H,Y,A,K
Sorex_araneus,V,T,C,P,P,P,T,A,I,E,H,A,D,I,R,V,R,S,H,R,Q,G,S,R,E,R,Y,A,C,Y,S,G,F,K,R,R,A,G,T,S,S,L,T,E,C,V,Y,N,E,T,T,G,T,A,R,W,T,R,P,T,L,Q,C,I,D,P,S,L,A,P,R,Q,P,P,S,T,S,T,A,A,P,A,A,V,T,T,E,P,Q,S,P,S,P,P,G,K,D,P,-,A,A,S,S,E,-,-,-,-,-,-,-,-,-,-,-,-,-,-,-,-,-,-,-,-,-,-,-,-,-,-,-,-,-,-,-,-,-,-,-,-,-,-,-,-,-,-,-,-,-,-,-,-,-,-,-,-,-,-,-,-,-,-,-,-,-,-,-,-,-,-,-,-,-,-,-,-,-,-,-,-,-,-,-,-,-,-,-,-,-,-,-,-,-,-,-,-,-,-
Sturnira_hondurensis,A,T,C,S,T,P,T,S,I,E,H,A,N,I,Q,V,K,S,Y,N,E,N,S,R,E,R,Y,I,C,N,F,G,F,K,R,K,A,G,T,S,S,L,T,K,C,L,R,N,E,D,T,N,I,T,Q,W,T,I,P,S,L,K,C,I,-,-,-,-,-,-,-,-,-,-,-,-,-,-,-,-,-,-,-,-,-,-,-,-,-,-,-,-,-,-,-,-,E,P,-,A,F,T,F,K,S,D,T,P,T,A,T,K,P,G,T,T,P,G,S,R,L,M,T,P,K,P,P,S,A,E,T,T,E,V,T,G,N,E,P,S,Q,D,-,Q,S,Q,T,T,A,K,A,L,E,H,T,L,S,A,S,L,E,K,P,G,A,Y,A,Y,N,S,T,A,I,T,V,A,V,S,I,P,V,L,V,I,C,A,V,C,V,V,F,L,L,A,R,Y,K,K
Pteropus_alecto,T,T,C,S,T,P,T,S,I,E,H,A,N,I,R,V,K,S,Y,N,E,N,S,R,E,R,Y,I,C,N,S,G,F,K,R,K,A,G,T,S,S,L,T,K,C,L,R,N,E,D,T,N,V,T,E,W,T,I,P,S,L,K,C,V,D,R,S,L,T,P,Q,R,P,-,-,P,S,T,V,A,P,A,R,V,T,P,E,P,D,S,P,S,P,S,G,K,E,P,-,A,F,S,S,K,S,D,V,A,V,A,T,K,Q,A,V,V,P,G,A,G,L,M,P,S,E,P,P,S,A,G,G,P,G,T,V,K,R,E,P,S,Q,A,-,T,P,Q,T,T,A,-,-,-,-,-,-,-,-,-,-,-,-,-,-,G,A,R,S,Y,S,F,T,D,V,T,-,-,-,-,-,-,-,-,-,-,-,-,-,-,-,-,-,-,-,-,-,-,-,-
Pteropus_giganteus,T,T,C,S,T,P,T,S,I,E,H,A,N,I,R,V,K,S,Y,N,E,N,S,R,E,R,Y,I,C,N,S,G,F,K,R,K,A,G,T,S,S,L,T,K,C,L,R,N,E,D,T,N,V,T,E,W,T,I,P,S,L,K,C,V,D,R,S,L,T,P,Q,R,P,-,-,P,S,T,V,A,P,A,R,V,T,P,E,P,D,S,P,S,P,S,G,K,E,P,-,A,F,T,S,K,S,D,V,A,V,A,T,K,Q,A,V,V,P,G,V,G,P,M,P,S,E,P,P,S,A,G,S,P,G,T,V,K,R,E,P,S,Q,A,-,P,P,Q,T,T,A,-,-,-,-,-,-,-,-,-,-,-,-,-,-,G,A,R,S,Y,S,F,T,D,V,T,-,-,-,-,-,-,-,-,-,-,-,-,-,-,-,-,-,-,-,-,-,-,-,-
Pteropus_vampyrus,T,T,C,S,T,P,T,S,I,E,H,A,N,I,R,V,K,S,Y,N,E,N,S,R,E,R,Y,I,C,N,S,G,F,K,R,K,A,G,T,S,S,L,T,K,C,-,-,-,-,-,-,-,-,-,-,-,-,-,-,-,-,-,-,-,D,R,S,L,T,P,Q,R,P,-,-,P,S,K,V,A,P,A,R,V,T,P,E,P,D,S,P,S,P,S,G,K,-,-,-,-,-,-,-,-,-,-,-,-,-,-,-,-,-,-,-,-,-,-,-,-,-,-,-,-,-,-,-,-,-,-,-,-,-,-,-,-,-,-,-,-,-,-,-,-,-,-,-,-,-,-,-,-,-,-,-,-,-,-,-,-,-,-,-,G,A,R,S,Y,S,F,T,D,V,T,-,-,-,-,-,-,-,-,-,-,-,-,-,-,-,-,-,-,-,-,-,-,-,-
Rousettus_aegyptiacus,T,T,C,S,T,P,T,S,I,E,H,A,N,I,R,V,K,S,Y,N,E,N,S,R,E,R,Y,V,C,N,S,G,F,K,R,K,A,G,T,S,S,L,T,K,C,L,R,N,E,D,T,N,V,T,E,W,T,I,P,S,L,K,C,V,D,R,S,L,T,P,Q,R,P,-,-,P,S,T,V,A,P,A,R,V,T,P,E,P,D,S,P,S,P,S,G,P,E,P,-,A,A,T,S,K,S,D,-,-,-,-,-,-,-,-,-,-,-,-,-,-,-,-,-,-,-,P,P,S,A,G,S,T,G,-,-,-,-,-,-,-,-,-,-,-,-,-,-,-,-,-,-,-,-,-,-,-,-,-,-,-,-,-,-,-,-,-,-,-,-,-,-,-,-,-,-,-,-,-,-,-,-,-,-,-,-,-,-,-,-,-,-,-,-,-,-,-,-,-
Ailuropoda_melanoleuca,I,T,C,P,P,P,K,S,V,E,H,A,D,I,R,V,K,S,Y,K,V,S,S,R,E,R,Y,T,C,N,S,G,F,K,R,K,A,G,T,S,S,L,T,E,C,V,L,N,E,T,T,N,I,A,H,W,T,I,P,N,L,K,C,I,D,P,S,L,T,H,L,R,P,-,-,S,S,T,E,V,P,A,G,V,T,P,E,P,E,S,T,S,L,S,G,K,E,P,-,A,F,T,S,K,S,D,T,T,V,A,T,K,P,A,V,V,P,G,S,R,L,M,P,S,K,P,P,A,T,G,T,T,G,P,I,R,K,E,P,S,P,A,-,P,P,Q,A,T,A,K,A,S,E,H,S,P,S,A,S,Q,E,T,P,G,T,Y,S,Y,N,S,G,T,V,T,A,A,I,F,T,P,V,A,V,L,G,V,M,C,A,V,L,L,L,V,C,Y,Q,K
Antechinus_flavipes,-,-,-,-,-,-,-,-,-,-,-,-,-,-,-,-,-,-,-,-,-,-,-,-,-,-,-,-,-,-,-,-,-,-,-,-,-,-,-,-,-,-,-,-,-,-,-,-,-,-,-,-,-,-,-,-,-,-,-,-,-,-,-,-,-,-,-,-,-,-,-,-,-,-,-,-,-,-,-,-,-,-,-,-,-,-,-,-,-,-,-,-,-,-,-,-,-,-,-,-,-,-,-,-,-,-,-,-,-,-,-,-,-,-,-,-,-,-,-,-,-,-,-,-,-,-,-,-,-,-,-,-,-,-,-,-,-,-,-,-,-,-,-,-,-,-,-,-,-,-,-,-,-,-,-,-,-,-,-,-,-,-,-,-,-,-,-,-,-,-,-,-,-,-,-,-,-,-,-,-,-,-,-,-,-,-,-,-,-,-,-,-,-,-,-,-,-,-
Aotus_nancymaae,I,T,C,P,A,P,V,S,V,E,H,A,D,I,W,V,K,S,Y,S,L,H,S,R,E,R,Y,I,C,N,S,G,F,K,R,K,A,G,T,S,S,L,T,E,C,V,L,N,K,A,T,N,I,A,Y,W,T,T,P,S,L,K,C,I,D,P,A,L,A,R,Q,R,P,A,P,P,S,T,V,T,T,A,G,V,T,P,Q,P,E,S,F,S,P,S,G,K,E,P,A,A,S,S,P,S,S,G,T,T,M,A,T,T,A,A,L,V,L,G,S,R,L,T,P,S,K,S,P,S,T,G,T,T,G,I,G,S,H,E,S,S,H,S,-,P,S,Q,T,A,A,R,T,W,E,L,T,A,S,A,S,H,Q,L,P,-,-,-,-,-,-,-,-,-,-,-,-,-,-,-,-,-,-,-,-,-,-,-,-,-,-,-,-,-,-,-,-,-,-,-
Apodemus_sylvaticus,T,T,C,P,T,P,I,M,I,E,H,A,D,I,Q,V,K,S,Y,S,V,S,S,R,E,R,Y,V,C,N,S,G,F,K,R,K,A,G,T,S,T,L,T,E,C,V,I,N,K,N,T,N,V,A,H,W,T,T,P,N,L,K,C,I,D,P,S,V,-,-,-,-,-,-,-,-,P,T,V,V,T,P,K,V,T,S,Q,P,E,S,P,S,P,P,D,K,E,P,E,A,F,S,P,K,S,D,T,T,V,A,T,E,T,A,I,M,T,G,S,R,L,T,A,S,Q,P,P,S,A,E,A,T,G,T,G,S,H,K,S,S,Q,A,-,P,S,-,-,-,-,-,-,-,-,-,-,-,-,-,-,-,-,-,-,-,-,-,-,-,-,-,-,-,-,-,-,-,-,-,-,-,-,-,-,-,-,-,-,-,-,-,-,-,-,-,-,-,-,-
Arvicola_amphibius,T,T,C,P,T,P,I,S,V,E,H,A,D,I,R,V,K,N,Y,S,V,N,S,R,E,R,Y,V,C,N,S,G,F,K,R,K,A,G,T,S,T,L,T,E,C,V,I,N,K,N,T,N,T,A,H,W,T,T,P,N,L,K,C,I,D,P,S,L,A,H,Q,-,-,-,-,P,S,T,V,V,T,P,K,V,T,P,Q,P,E,S,P,S,P,P,E,K,E,P,E,A,V,S,P,K,S,D,T,T,L,T,T,Q,T,A,I,V,P,G,S,R,L,T,A,S,Q,P,A,S,A,G,T,T,G,T,G,S,H,E,S,S,R,A,-,P,S,L,A,T,T,T,T,L,E,P,T,A,S,-,-,-,-,-,-,-,-,-,-,-,-,-,-,-,-,-,V,A,I,S,T,S,V,L,V,L,V,G,A,G,L,V,F,F,L,A,R,Y,I,R
Callorhinus_ursinus,I,T,C,P,P,P,T,S,V,E,H,A,D,I,Q,V,K,S,Y,K,V,S,S,R,E,R,Y,T,C,N,S,G,F,K,R,K,A,G,T,S,S,L,T,E,C,V,F,N,K,T,M,N,V,A,H,W,T,I,P,N,L,K,C,I,D,P,S,L,T,H,L,R,P,-,-,S,S,T,E,V,P,A,G,V,T,P,E,P,E,S,T,S,L,S,G,K,E,P,-,A,F,T,S,K,S,D,T,T,V,A,T,E,P,D,I,V,L,D,S,R,P,M,P,S,K,P,P,A,T,G,T,T,G,P,I,S,Q,E,P,S,Q,A,-,P,P,Q,T,T,A,K,A,L,E,R,T,P,S,A,S,Q,E,R,P,G,T,Y,S,Y,N,S,G,T,V,T,A,A,I,A,T,P,V,T,V,L,G,V,V,C,V,V,L,L,L,V,C,Y,R,K
Canis_lupus_dingo,I,T,C,P,P,P,T,S,V,K,H,A,D,I,Q,V,K,S,Y,S,V,S,S,K,E,R,Y,T,C,N,S,G,F,K,R,K,A,G,T,S,S,L,T,E,C,V,L,N,K,T,T,N,T,A,H,W,T,I,P,S,L,K,C,I,D,P,S,L,T,H,R,R,P,-,-,S,S,S,D,V,P,A,G,V,T,P,E,P,E,S,T,S,L,S,G,K,E,P,-,T,F,T,S,K,S,D,T,K,V,A,T,K,P,T,I,V,P,G,S,R,P,M,P,S,K,P,P,A,T,G,T,T,G,L,I,S,N,E,P,S,Q,A,-,P,S,Q,T,T,A,K,A,L,E,H,T,P,S,A,S,Q,E,T,P,G,T,Y,S,Y,N,S,G,A,V,T,A,A,I,F,T,P,V,T,V,L,C,V,V,C,V,V,F,L,L,V,C,Y,Q,K
Carlito_syrichta,I,T,C,P,T,P,T,S,V,E,H,A,N,I,W,V,R,S,Y,N,V,N,S,R,E,R,Y,V,C,N,S,G,F,K,R,R,A,G,T,S,S,L,T,E,C,V,W,N,E,T,T,K,A,A,H,W,T,T,P,N,L,K,C,I,D,P,S,L,P,H,Q,R,P,V,P,R,S,T,A,A,T,T,G,V,T,P,W,P,E,S,P,S,P,S,G,K,E,A,T,A,L,S,P,K,S,D,S,T,V,A,T,-,-,A,T,V,L,G,S,R,P,R,P,S,K,T,P,S,M,G,T,V,G,M,G,S,P,E,S,S,H,A,-,P,S,H,T,T,A,K,P,W,E,R,T,S,S,T,S,P,E,S,P,G,V,S,S,-,-,-,-,-,-,-,-,-,-,-,-,-,-,-,-,-,-,-,-,-,-,-,-,-,-,-,-,-,-,-
Castor_canadensis,-,-,-,-,-,-,-,-,-,-,-,-,-,-,-,-,-,-,-,-,-,-,-,-,-,-,-,-,-,-,-,-,-,-,-,-,-,-,-,-,-,-,-,-,-,-,-,-,-,-,-,-,-,-,-,-,-,-,-,-,-,-,-,-,-,-,-,-,-,-,-,-,-,-,-,-,-,-,-,-,-,-,-,-,-,-,-,-,-,-,-,-,-,-,-,-,-,-,-,-,-,-,-,-,-,-,-,-,-,-,-,-,-,-,-,-,-,-,-,-,-,-,-,-,-,-,-,-,-,-,-,-,-,-,-,-,-,-,-,-,-,-,-,-,-,-,-,-,-,-,-,-,-,-,-,-,-,-,-,-,-,-,-,-,-,-,-,-,-,-,-,-,-,-,-,-,-,-,-,-,-,-,-,-,-,-,-,-,-,-,-,-,-,-,-,-,-,-
Cavia_porcellus,T,T,C,P,T,P,T,S,V,E,H,A,D,I,Q,V,K,S,Y,N,L,H,S,R,E,R,Y,V,C,N,S,G,F,K,R,K,A,G,T,S,S,L,T,E,C,V,F,N,K,S,A,N,I,A,H,W,T,T,P,N,L,K,C,I,D,P,S,L,T,H,Q,K,P,V,P,P,S,T,I,V,T,A,R,V,T,P,E,P,E,S,P,S,P,A,G,K,E,P,A,A,L,S,P,K,S,A,T,T,L,A,T,E,T,A,T,V,P,G,P,W,L,M,A,S,T,L,P,S,V,N,T,T,G,L,G,S,H,E,P,S,Q,T,-,P,S,Q,T,T,A,M,T,L,E,H,M,P,S,T,S,H,E,T,P,G,A,P,S,H,S,S,R,G,G,T,V,A,I,S,T,S,V,A,V,I,F,A,V,I,A,V,L,V,L,V,W,Y,F,R
Cervus_elaphus_hippelaphus,-,-,-,-,-,-,-,-,-,-,-,-,-,-,-,-,-,-,-,-,-,-,-,-,-,-,-,-,-,-,-,-,-,-,-,-,-,-,-,-,-,-,-,-,-,-,-,-,-,-,-,-,-,-,-,-,-,-,-,-,-,-,-,-,-,-,-,-,-,-,-,-,-,-,-,-,-,-,-,-,-,-,-,-,-,-,-,-,-,-,-,-,-,-,-,-,-,-,-,-,-,-,-,-,-,-,-,-,-,-,-,-,-,-,-,-,-,-,-,-,-,-,-,-,-,-,-,-,-,-,-,-,-,-,-,-,-,-,-,-,-,-,-,-,-,-,-,-,-,-,-,-,-,-,-,-,-,-,-,-,-,-,-,-,-,-,-,-,-,-,-,-,-,-,-,-,-,-,-,-,-,-,-,-,-,-,-,-,-,-,-,-,-,-,-,-,-,-
Chinchilla_lanigera,-,T,C,P,T,P,T,S,V,E,H,A,D,I,Q,V,K,S,Y,N,L,H,S,R,E,R,Y,V,C,N,S,G,F,K,R,K,A,G,T,S,T,L,T,E,C,V,F,N,K,T,T,N,I,T,H,W,T,A,P,N,L,K,C,I,D,P,S,L,T,H,Q,K,P,V,P,P,S,T,V,V,T,T,R,V,T,P,E,P,E,S,P,S,P,S,G,K,E,P,A,A,L,F,P,K,S,D,T,P,L,A,T,E,T,A,T,V,P,G,P,W,L,M,S,S,K,P,P,S,V,D,T,T,G,I,G,S,H,E,P,S,Q,I,-,P,S,L,T,T,A,V,T,L,E,R,T,P,S,P,S,H,G,T,P,G,A,H,P,H,S,S,R,D,R,T,V,A,V,S,T,S,V,A,V,V,F,V,V,C,A,A,L,P,L,A,W,Y,I,R
Choloepus_didactylus,I,T,C,P,T,P,T,S,V,E,H,A,D,I,Q,V,K,S,Y,N,L,S,S,R,E,R,Y,T,C,H,S,G,F,K,R,K,A,G,T,S,S,L,T,E,C,V,F,N,T,T,T,N,A,A,H,W,T,T,P,S,L,R,C,I,D,P,S,L,A,H,Q,M,P,V,S,P,S,T,V,A,P,A,G,R,T,P,E,P,E,S,P,T,P,S,G,K,E,P,D,A,F,S,P,K,S,D,S,T,V,T,T,G,T,A,L,V,P,G,S,R,L,T,P,S,K,P,P,-,A,G,T,T,G,V,V,S,K,G,A,S,K,A,-,P,S,Q,T,T,A,K,T,L,E,Q,T,P,S,T,S,N,R,T,P,G,A,H,P,Y,N,S,R,V,V,A,V,A,V,P,T,S,-,-,-,-,-,-,-,-,-,-,-,-,-,-,-,-,-,-
Cricetulus_griseus,T,T,C,P,T,P,I,S,V,E,H,A,D,I,R,V,K,N,Y,S,V,N,S,R,E,R,Y,V,C,N,S,G,F,K,R,K,A,G,T,S,S,L,T,E,C,V,I,N,K,N,T,N,T,A,H,W,T,T,P,N,L,K,C,I,D,P,S,L,-,-,-,-,-,-,-,P,S,T,V,V,T,T,T,V,T,P,Q,P,E,S,P,S,P,P,E,K,E,P,E,T,V,S,P,K,S,D,T,T,L,A,T,E,T,A,I,V,P,G,F,R,L,T,P,S,Q,P,A,S,T,G,T,T,G,T,G,S,H,E,S,S,R,A,-,P,S,L,A,T,T,M,T,L,E,P,T,A,S,-,-,-,-,-,-,-,-,-,-,-,-,-,-,-,-,-,V,A,I,S,T,S,V,L,T,L,V,G,A,G,V,V,A,L,L,V,C,Y,I,R
Dasypus_novemcinctus,I,T,C,P,T,P,T,S,V,E,H,A,D,I,R,V,K,S,Y,N,V,N,S,R,E,R,Y,T,C,I,L,G,F,K,R,K,A,G,T,S,S,L,T,E,C,M,L,D,K,A,T,N,L,T,Y,W,T,T,P,N,L,K,C,I,D,P,S,L,T,H,Q,M,P,V,S,P,S,T,V,A,S,A,G,M,T,P,E,A,Q,S,P,T,P,S,G,K,E,P,E,A,F,T,P,K,S,D,T,T,V,T,T,E,T,A,I,V,P,G,S,R,L,M,P,P,Q,P,P,-,A,G,T,T,G,V,V,S,N,G,S,S,Q,G,-,P,P,Q,T,T,A,K,T,L,E,Q,T,P,S,A,S,Q,E,T,P,G,A,H,P,Y,N,S,R,A,V,A,V,A,I,P,T,S,V,I,L,L,S,G,I,C,A,A,L,F,L,A,R,C,K,K
Dipodomys_ordii,-,-,-,-,-,-,-,-,-,-,-,-,-,-,-,-,-,-,-,-,-,-,-,-,-,-,-,-,-,-,-,-,-,-,-,-,-,-,-,-,-,-,-,-,-,-,-,-,-,-,-,-,-,-,-,-,-,-,-,-,-,-,-,-,-,-,-,-,-,-,-,-,-,-,-,-,-,-,-,-,-,-,-,-,-,-,-,-,-,-,-,-,-,-,-,-,-,-,-,-,-,-,-,-,-,-,-,-,-,-,-,-,-,-,-,-,-,-,-,-,-,-,-,-,-,-,-,-,-,-,-,-,-,-,-,-,-,-,-,-,-,-,-,-,-,-,-,-,-,-,-,-,-,-,-,-,-,-,-,-,-,-,-,-,-,-,-,-,-,-,-,-,-,-,-,-,-,-,-,-,-,-,-,-,-,-,-,-,-,-,-,-,-,-,-,-,-,-
Dipodomys_spectabilis,-,M,C,P,S,P,M,S,V,E,H,A,D,I,N,I,K,S,Y,H,V,S,S,R,E,R,Y,V,C,N,S,G,F,K,R,K,A,G,T,S,S,L,I,E,C,V,F,N,E,T,T,N,T,A,Q,W,T,M,P,S,L,R,C,I,D,P,S,L,T,H,Q,R,L,V,P,P,S,T,V,V,T,T,K,V,T,P,H,P,E,S,P,S,R,P,G,Q,E,P,T,T,S,W,P,K,S,G,T,S,V,A,M,D,T,A,M,V,P,S,S,P,L,T,P,S,Q,T,P,S,P,G,T,R,G,L,G,S,Y,E,S,S,P,A,-,P,S,Q,T,T,A,K,A,-,-,-,-,-,-,-,-,-,-,-,-,-,-,-,-,-,-,-,-,-,-,-,V,A,I,S,T,S,V,T,L,T,C,G,V,C,V,L,L,V,M,V,W,C,I,R
Dromiciops_gliroides,-,-,-,-,-,-,-,-,-,-,-,-,-,-,-,-,-,-,-,-,-,-,-,-,-,-,-,-,-,-,-,-,-,-,-,-,-,-,-,-,-,-,-,-,-,-,-,-,-,-,-,-,-,-,-,-,-,-,-,-,-,-,-,-,-,-,-,-,-,-,-,-,-,-,-,-,-,-,-,-,-,-,-,-,-,-,-,-,-,-,-,-,-,-,-,-,-,-,-,-,-,-,-,-,-,-,-,-,-,-,-,-,-,-,-,-,-,-,-,-,-,-,-,-,-,-,-,-,-,-,-,-,-,-,-,-,-,-,-,-,-,-,-,-,-,-,-,-,-,-,-,-,-,-,-,-,-,-,-,-,-,-,-,-,-,-,-,-,-,-,-,-,-,-,-,-,-,-,-,-,-,-,-,-,-,-,-,-,-,-,-,-,-,-,-,-,-,-
Elephantulus_edwardii,I,T,C,P,R,P,V,S,V,E,H,A,D,I,R,V,K,N,Y,S,L,S,S,R,E,R,Y,T,C,N,S,G,F,K,R,K,A,G,T,S,S,L,T,E,C,V,L,D,E,T,T,N,T,A,H,W,T,T,P,N,L,K,C,I,D,P,S,L,T,H,Q,M,P,V,S,P,S,T,V,P,T,T,R,V,T,A,Q,P,E,S,L,T,P,S,R,K,E,P,E,A,S,T,P,K,S,D,T,T,V,T,T,E,T,A,I,G,P,G,S,R,L,L,P,S,E,P,P,S,A,G,T,T,G,I,V,R,N,G,S,S,P,A,-,P,P,Q,T,A,A,K,T,L,E,-,-,-,-,-,-,-,-,-,-,-,-,-,-,-,-,-,-,-,-,-,-,-,-,-,-,-,-,-,-,-,-,-,-,-,-,-,-,-,-,-,-,-,-,-
Equus_caballus,I,T,C,P,T,P,T,S,V,E,H,A,D,I,R,V,K,S,Y,N,L,S,S,K,E,R,Y,I,C,N,S,G,F,K,R,K,A,G,T,S,S,L,T,E,C,V,L,N,E,T,T,N,L,A,H,W,T,T,P,N,L,K,C,I,D,P,S,L,T,R,Q,R,P,-,-,P,S,T,V,V,P,A,G,V,T,P,E,P,Q,S,P,S,P,S,G,K,E,P,-,A,S,T,S,K,S,D,T,T,V,A,T,K,P,A,I,T,P,G,S,R,L,M,P,S,K,S,P,S,A,A,T,T,G,V,V,S,H,E,P,S,Q,A,-,P,S,Q,T,T,A,-,-,L,E,H,T,P,S,A,S,R,E,T,P,G,V,H,Q,Y,S,S,R,V,V,T,A,A,V,S,I,P,V,A,L,L,F,G,-,C,A,V,F,L,L,V,R,C,R,I
Erinaceus_europaeus,P,T,C,P,T,P,M,S,V,A,H,A,D,I,Q,V,K,N,Y,H,L,H,A,R,E,R,Y,T,C,K,S,G,F,K,R,K,A,G,T,S,S,L,T,Q,C,V,L,N,Q,T,T,N,M,A,H,W,T,P,P,N,L,Q,C,I,D,P,S,L,S,H,Q,R,P,-,-,P,S,T,V,-,-,-,-,-,-,-,-,-,-,-,P,S,P,S,G,K,E,P,-,A,S,T,S,K,T,G,N,T,A,A,T,R,P,T,-,-,-,-,-,-,-,-,-,-,-,-,P,P,A,G,T,-,-,-,-,-,-,-,-,-,-,-,-,-,S,Q,T,T,A,K,A,S,E,H,S,P,S,-,-,-,-,-,-,-,-,Y,S,T,T,S,R,N,V,T,V,A,I,T,I,P,-,-,-,-,-,-,-,-,-,-,-,-,-,-,C,Y,M,K
Eumetopias_jubatus,I,T,C,P,P,P,A,S,V,E,H,A,D,I,Q,V,K,S,Y,K,V,S,S,R,E,R,Y,T,C,T,S,G,F,K,R,K,A,G,T,S,S,L,T,E,C,V,F,N,K,T,M,N,V,A,H,W,T,T,P,N,L,K,C,I,D,P,S,L,T,H,L,R,P,-,-,S,S,T,E,A,P,A,G,V,T,P,E,P,E,S,T,S,L,S,G,K,E,P,-,A,F,T,S,T,S,D,T,T,V,A,T,K,P,D,I,V,L,D,S,R,P,M,P,S,K,P,P,A,T,G,T,T,G,P,I,S,Q,E,P,S,Q,A,-,P,P,Q,T,T,A,K,A,L,E,R,T,P,S,A,S,Q,E,M,P,G,T,Y,S,Y,N,S,G,A,V,T,A,A,I,A,T,P,V,T,V,L,G,V,V,C,V,V,L,L,L,V,C,Y,R,K
Felis_catus,V,T,C,P,P,P,T,S,V,E,H,A,D,I,R,V,K,S,Y,K,L,N,S,T,E,R,Y,T,C,N,T,G,F,K,R,K,A,G,T,S,T,L,T,E,C,V,L,N,K,T,T,N,T,A,H,W,T,I,P,N,L,K,C,I,D,P,S,L,T,H,L,K,P,-,-,S,S,T,E,M,P,A,G,V,T,P,E,P,E,S,T,S,L,S,G,K,E,P,-,A,F,T,S,K,S,D,S,T,V,A,T,K,A,A,T,E,P,G,S,R,L,I,P,S,K,P,P,A,A,G,T,T,G,V,I,N,N,E,P,S,R,A,-,P,A,Q,T,T,A,K,A,L,E,H,T,P,S,A,T,Q,E,M,P,G,T,Y,S,Y,S,S,G,T,V,T,A,A,I,V,M,P,V,A,V,L,C,V,V,C,-,V,G,L,L,V,C,Y,K,R
Fukomys_damarensis,-,T,C,P,T,P,A,S,V,E,H,A,D,I,Q,V,K,S,Y,H,L,H,S,R,E,R,Y,V,C,N,S,G,F,K,R,K,A,G,T,S,S,L,T,E,C,V,F,N,K,A,T,N,M,T,H,W,T,T,P,N,L,K,C,I,D,P,S,L,T,H,Q,K,P,M,P,P,S,T,V,V,T,A,R,V,T,P,E,P,E,S,P,S,L,S,G,K,E,P,A,A,L,S,P,K,S,D,T,T,L,A,T,E,T,A,T,V,P,G,P,W,M,M,S,S,K,P,P,S,V,G,T,T,G,I,G,S,H,E,P,S,Q,T,-,P,S,Q,T,T,S,V,T,L,E,H,T,P,S,T,S,H,E,T,P,-,-,-,-,-,-,-,-,-,-,-,-,-,-,-,-,-,-,-,-,-,-,-,-,-,-,-,-,-,-,-,-,-,-,-
Galeopterus_variegatus,V,T,C,P,T,P,T,S,V,E,H,A,D,I,H,V,R,S,Y,T,L,H,S,R,E,R,Y,V,C,S,S,G,F,K,R,K,A,G,T,S,S,L,I,E,C,V,H,N,K,T,T,N,A,A,H,W,T,A,P,N,L,K,C,I,D,P,S,L,T,R,Q,R,P,V,P,P,S,T,V,E,T,A,G,V,T,P,Q,P,E,S,L,S,P,S,G,K,E,P,A,A,A,S,P,R,S,D,I,T,V,T,T,E,T,A,A,A,P,G,S,Q,L,M,P,S,E,P,P,S,S,G,T,T,Q,I,G,G,R,E,S,S,K,G,-,P,P,Q,T,T,A,E,T,L,G,L,T,P,S,A,S,S,E,T,P,G,A,S,P,F,G,S,R,E,A,T,V,V,I,S,A,S,-,-,-,L,C,A,V,C,A,A,S,F,L,A,C,Y,-,-
Gracilinanus_agilis,-,-,-,-,-,-,-,-,-,-,-,-,-,-,-,-,-,-,-,-,-,-,-,-,-,-,-,-,-,-,-,-,-,-,-,-,-,-,-,-,-,-,-,-,-,-,-,-,-,-,-,-,-,-,-,-,-,-,-,-,-,-,-,-,-,-,-,-,-,-,-,-,-,-,-,-,-,-,-,-,-,-,-,-,-,-,-,-,-,-,-,-,-,-,-,-,-,-,-,-,-,-,-,-,-,-,-,-,-,-,-,-,-,-,-,-,-,-,-,-,-,-,-,-,-,-,-,-,-,-,-,-,-,-,-,-,-,-,-,-,-,-,-,-,-,-,-,-,-,-,-,-,-,-,-,-,-,-,-,-,-,-,-,-,-,-,-,-,-,-,-,-,-,-,-,-,-,-,-,-,-,-,-,-,-,-,-,-,-,-,-,-,-,-,-,-,-,-
Grammomys_surdaster,T,T,C,P,T,P,I,S,I,E,H,A,D,I,R,V,K,N,Y,S,V,N,S,R,E,R,Y,V,C,N,S,G,F,K,R,K,A,G,T,S,T,L,T,E,C,V,I,N,K,N,T,N,V,A,H,W,T,T,P,N,L,K,C,I,D,P,S,L,A,H,Y,S,P,V,-,-,P,T,V,V,T,P,K,V,T,S,Q,P,E,S,L,S,P,P,E,K,E,P,E,A,L,S,P,K,S,D,T,T,V,A,T,E,T,A,I,M,P,G,S,R,L,T,P,F,Q,P,T,S,A,G,T,T,E,T,G,S,H,K,S,S,R,A,-,P,S,-,-,-,-,-,-,-,-,-,-,-,-,-,-,-,-,-,-,-,-,-,-,-,-,-,-,-,-,-,V,A,I,S,T,S,V,L,L,V,G,A,G,V,V,V,V,F,L,A,W,Y,I,K
Heterocephalus_glaber,A,T,C,P,S,P,T,S,V,E,H,A,D,I,R,V,K,S,Y,N,L,H,S,R,E,R,Y,V,C,N,S,G,F,K,R,K,A,G,T,S,S,L,T,E,C,V,F,N,K,T,T,N,I,T,H,W,T,T,P,N,L,K,C,I,D,S,S,L,T,H,Q,K,-,-,-,P,S,T,V,V,T,A,R,V,T,P,E,L,E,S,P,S,L,S,G,K,E,P,A,A,L,S,P,K,S,D,T,T,L,A,T,E,T,A,T,V,P,G,P,W,L,M,S,S,K,P,P,S,V,G,T,T,G,I,G,S,H,E,P,S,Q,T,-,P,S,Q,K,T,A,V,T,L,E,H,T,P,S,T,S,K,E,T,P,G,A,H,P,D,S,S,R,Y,A,T,V,I,I,A,T,S,V,C,L,-,-,-,-,-,-,V,S,M,L,A,C,Y,I,K
Hyaena_hyaena,V,T,C,P,P,P,T,S,V,K,H,A,D,I,R,V,K,S,Y,D,L,N,S,T,E,R,Y,T,C,N,A,G,F,K,R,K,A,G,T,S,S,L,T,E,C,V,L,N,A,T,T,N,T,A,H,W,T,I,P,N,L,K,C,I,D,P,S,L,T,H,L,K,P,-,-,S,S,T,E,V,P,T,R,V,T,P,E,P,E,G,T,S,L,S,G,K,E,P,-,A,F,T,S,K,S,D,S,T,V,A,T,K,A,T,T,E,P,G,S,R,P,M,P,S,E,P,P,A,A,G,T,T,G,V,I,S,N,E,L,S,Q,A,-,P,A,Q,T,T,A,K,A,L,E,H,T,T,S,A,S,Q,E,T,P,D,T,Y,S,Y,S,S,R,T,V,T,A,A,I,F,T,P,V,A,V,L,C,I,V,G,-,V,G,L,L,V,C,H,K,R
Jaculus_jaculus,T,T,C,P,P,P,I,S,V,D,Y,A,D,I,Q,V,K,S,Y,E,E,N,S,R,E,R,Y,V,C,N,L,G,F,K,R,K,A,G,T,S,S,L,T,Q,C,V,L,N,K,T,T,N,T,A,H,W,T,T,P,N,L,K,C,I,D,P,S,L,A,H,Q,R,-,-,-,-,-,-,-,-,-,-,-,-,-,-,-,-,-,-,-,-,-,-,-,-,-,-,-,-,-,-,-,-,-,-,-,T,V,A,T,E,T,A,V,V,P,D,S,R,L,T,P,S,P,S,P,V,T,G,V,-,-,-,-,-,-,-,-,-,-,-,-,-,-,-,-,-,-,-,-,-,-,-,-,-,-,-,-,-,-,-,-,-,-,-,-,-,-,-,-,-,-,-,V,V,I,S,T,S,V,A,V,L,C,G,M,C,A,V,S,F,L,A,W,Y,L,K
Lemur_catta,I,T,C,P,T,P,T,S,V,Q,H,A,D,I,R,V,K,S,Y,S,V,N,S,R,E,R,Y,V,C,I,S,G,F,K,R,R,A,G,T,S,S,L,T,E,C,V,L,N,K,T,T,N,T,A,H,W,T,T,P,N,L,E,C,I,D,P,S,L,T,H,Q,R,P,V,P,F,S,T,A,T,T,A,R,V,T,P,Q,P,E,S,P,S,P,S,G,K,-,-,-,A,S,S,P,R,P,D,T,T,V,A,T,E,T,A,M,-,-,-,-,-,-,A,P,S,N,P,P,S,A,G,-,-,-,-,-,-,-,E,S,A,Q,A,-,P,S,R,T,T,A,R,T,W,E,G,T,S,S,A,S,L,Q,P,P,G,A,N,P,F,S,S,R,D,V,T,V,T,I,S,S,S,A,V,V,L,C,V,L,G,-,V,A,L,L,A,C,C,L,K
Leptonychotes_weddellii,-,-,-,-,-,-,M,S,V,E,H,A,D,I,R,V,K,S,Y,N,V,S,S,R,E,R,Y,T,C,N,S,G,F,K,R,K,A,G,T,S,S,L,T,E,C,V,F,N,K,T,M,N,V,A,Q,W,T,I,P,N,L,K,C,I,D,P,S,L,T,H,L,R,P,-,-,S,S,T,E,V,P,A,G,V,T,P,E,P,Q,S,T,S,L,S,G,K,E,P,-,A,F,T,S,T,S,D,T,T,V,A,T,K,P,D,T,V,P,G,S,R,P,M,P,S,K,P,P,A,T,G,T,T,G,P,I,S,Q,E,P,F,Q,A,-,P,P,Q,T,T,A,K,A,L,E,R,T,P,S,A,S,Q,E,T,P,G,T,Y,S,Y,N,S,G,A,V,T,-,-,-,-,-,-,-,-,-,-,-,-,V,C,A,V,L,L,L,V,C,Y,R,K
Lontra_canadensis,V,T,C,P,P,P,T,S,V,E,H,A,D,I,Q,V,K,S,Y,S,L,K,S,R,E,R,Y,T,C,N,S,G,F,K,R,K,A,G,T,S,S,L,T,Q,C,V,F,N,K,T,M,N,I,A,H,W,T,I,P,N,L,K,C,I,D,P,S,L,T,H,L,R,P,-,-,S,S,T,E,V,P,A,G,V,T,P,E,P,E,S,T,S,L,S,G,K,E,P,-,A,F,T,S,K,S,D,T,T,V,A,T,K,S,T,M,V,P,G,S,G,L,M,P,S,K,P,P,A,A,G,T,T,G,P,I,S,P,E,A,S,Q,A,-,P,P,Q,T,T,A,E,A,L,E,H,T,P,S,A,S,Q,E,T,P,G,T,Y,S,Y,H,S,C,A,V,-,-,-,-,-,-,-,-,-,-,-,-,-,-,-,V,V,V,I,V,V,C,Y,R,K
Lynx_canadensis,V,T,C,P,P,P,T,S,V,E,H,A,D,I,R,V,K,S,Y,K,L,N,S,T,E,R,Y,T,C,N,T,G,F,K,R,K,A,G,T,S,T,L,T,E,C,V,L,N,K,T,T,N,T,A,H,W,T,I,P,N,L,K,C,I,D,P,S,L,T,H,L,K,P,-,-,S,S,T,E,M,P,A,G,V,T,P,E,P,E,S,T,S,L,S,G,K,E,P,-,A,F,T,S,K,S,D,S,T,V,A,T,K,A,A,T,E,P,G,S,R,L,I,P,S,K,P,P,A,V,G,T,T,G,V,I,N,N,E,P,S,R,A,-,P,A,Q,T,T,A,K,A,L,E,H,T,P,S,A,S,Q,E,T,P,G,T,Y,S,Y,S,S,G,T,V,T,A,A,I,V,M,P,V,T,V,L,C,V,V,C,-,V,G,L,L,V,C,Y,K,R
Manis_javanica,I,M,C,P,T,P,T,S,V,E,H,A,N,I,R,I,K,S,Y,N,L,S,S,R,E,R,Y,I,C,N,S,G,F,K,R,K,A,G,T,S,S,L,I,E,C,V,F,N,E,T,T,N,V,A,H,W,T,I,P,N,L,K,C,I,D,P,S,L,T,H,Q,R,P,-,-,P,S,T,V,A,P,A,R,V,T,P,E,P,E,S,P,S,P,P,G,K,E,P,-,D,F,T,S,K,S,D,T,T,M,A,T,K,P,A,I,V,P,G,S,R,L,M,P,S,K,P,P,S,A,G,T,M,E,V,V,S,N,E,P,S,Q,V,-,P,P,Q,T,T,A,K,I,L,E,H,T,P,S,T,S,Q,E,M,P,G,T,Y,A,F,N,S,R,A,V,T,V,A,I,S,I,P,T,G,V,L,C,G,V,C,V,A,F,L,L,V,C,Y,K,K
Manis_pentadactyla,I,M,C,P,T,P,T,S,V,E,H,A,N,I,R,I,K,S,Y,N,L,S,S,R,E,R,Y,I,C,N,S,G,F,K,R,K,A,G,T,S,S,L,I,E,C,V,F,N,E,T,T,N,V,A,H,W,T,I,P,N,L,K,C,I,D,P,S,L,T,H,Q,R,P,-,-,P,S,T,V,V,P,A,R,V,T,P,E,P,E,S,P,S,P,T,G,K,E,P,-,D,F,T,S,K,S,D,T,T,M,A,T,K,P,T,I,V,P,G,S,R,L,M,P,S,K,P,P,S,A,G,T,M,E,V,V,S,N,E,P,S,Q,V,-,P,P,Q,T,T,A,K,I,L,E,H,T,P,S,T,S,Q,E,M,P,G,T,Y,A,F,N,S,R,A,V,T,V,A,I,S,I,P,T,G,V,L,C,G,V,C,V,A,I,L,L,V,C,Y,K,K
Mastomys_coucha,T,T,C,P,T,P,I,S,I,E,H,A,D,I,R,V,K,N,Y,S,V,N,S,R,E,R,Y,V,C,N,S,G,F,K,R,K,A,G,T,S,T,L,T,E,C,V,I,N,K,N,T,N,V,A,H,W,T,T,P,S,L,K,C,I,D,P,S,L,A,H,Y,S,P,V,-,-,P,T,V,V,T,P,K,V,T,S,Q,P,E,S,P,S,P,P,E,K,E,P,E,A,L,S,P,K,S,D,T,T,V,A,T,E,T,A,I,M,P,G,S,R,L,T,P,F,Q,S,T,S,A,G,T,T,G,T,G,S,H,K,S,S,R,A,-,P,S,-,-,-,-,-,-,-,-,-,-,-,-,-,-,-,-,-,-,-,-,-,-,-,-,-,-,-,-,-,V,A,I,S,T,S,-,-,-,-,-,-,-,-,-,-,-,-,-,-,-,-,-,-
Meles_meles,V,T,C,P,P,P,M,S,V,E,H,A,D,I,R,V,K,N,Y,S,L,K,S,R,E,R,Y,T,C,N,S,G,F,K,R,K,A,G,T,S,S,L,T,E,C,V,F,N,E,T,M,N,I,A,H,W,T,V,P,N,L,K,C,I,D,P,S,L,T,H,L,R,P,-,-,S,S,T,E,V,P,A,G,V,T,P,E,P,E,S,T,S,L,S,G,K,E,P,-,A,F,T,S,K,S,D,T,T,V,A,T,E,S,T,M,V,P,G,S,R,L,T,P,S,K,P,P,A,A,G,T,T,G,P,V,S,P,E,P,S,Q,A,-,P,P,Q,T,T,A,K,A,L,E,H,T,P,P,A,S,Q,E,P,P,G,T,Y,S,Y,H,S,G,A,M,T,-,-,-,-,-,-,-,-,-,L,C,V,V,-,L,V,V,I,L,V,C,Y,G,K
Meriones_unguiculatus,T,T,C,P,T,P,I,S,V,E,H,A,E,I,R,V,K,N,Y,S,V,N,S,R,E,R,Y,V,C,N,S,G,F,K,R,K,A,G,T,S,T,L,T,E,C,V,M,N,K,N,T,N,T,A,H,W,T,T,P,N,L,K,C,I,D,P,S,L,P,H,Q,S,P,V,S,P,S,T,V,V,T,P,K,A,T,P,Q,S,E,S,P,S,L,P,E,K,-,-,-,-,-,-,-,K,S,D,T,T,V,A,T,E,T,A,T,M,P,G,S,G,L,T,P,S,Q,P,A,S,A,E,T,A,E,T,G,S,H,E,S,S,R,A,-,P,S,-,-,-,-,-,-,-,-,-,-,-,-,-,-,-,-,-,-,-,-,-,-,-,-,-,-,-,-,-,V,V,I,S,T,S,V,L,L,-,-,-,-,-,-,-,-,-,-,-,-,-,-,-
Mesocricetus_auratus,T,T,C,P,T,P,I,S,V,E,H,A,N,I,Q,V,K,N,Y,S,V,N,S,R,E,R,Y,V,C,N,S,G,F,K,R,K,A,G,T,S,S,L,T,E,C,V,I,N,K,N,T,N,T,A,H,W,T,T,P,N,L,K,C,I,D,P,S,L,A,H,Q,-,-,-,-,P,S,T,V,V,T,T,K,V,T,P,Q,P,E,S,P,S,P,P,E,K,E,P,E,T,V,S,P,K,S,D,T,T,L,A,T,E,T,A,I,V,P,G,N,R,L,T,P,P,Q,S,T,S,A,G,T,T,G,T,G,S,H,E,F,S,R,G,-,P,S,-,-,-,-,-,-,-,-,-,-,-,-,-,-,-,-,-,-,-,-,-,-,-,-,-,-,-,-,-,V,A,I,S,T,S,V,L,A,L,V,G,A,G,V,V,S,L,L,A,W,Y,I,R
Microcebus_murinus,I,T,C,P,T,P,T,S,V,E,H,A,G,I,R,V,K,S,Y,S,V,H,S,R,E,R,Y,V,C,N,S,G,F,K,R,K,A,G,T,S,S,L,T,Q,C,M,F,N,E,T,T,Q,T,A,H,W,T,A,P,N,L,K,C,I,D,P,S,L,T,H,Q,R,P,V,P,F,S,T,A,T,T,A,R,V,T,L,Q,P,E,S,P,S,P,S,G,K,-,-,-,A,S,S,P,G,A,D,T,T,V,A,A,E,T,A,V,-,-,-,-,-,-,A,P,S,K,P,P,S,A,G,-,-,-,-,-,-,-,E,S,S,Q,A,-,P,S,Q,T,T,A,-,-,-,-,-,-,-,-,-,-,-,-,-,-,-,-,-,-,-,-,-,-,-,-,-,-,-,-,-,-,-,-,-,-,-,-,-,-,-,-,-,-,-,-,-,-,-,-,-
Microtus_fortis,T,T,C,P,T,P,I,S,V,E,H,A,D,I,R,V,K,N,Y,S,V,N,S,R,E,R,Y,V,C,N,S,G,F,K,R,K,A,G,T,S,T,L,T,E,C,V,I,N,K,N,T,N,T,A,H,W,T,T,P,N,L,K,C,I,D,P,S,L,A,H,Q,-,-,-,-,P,S,T,V,V,T,P,K,V,T,P,Q,P,E,S,P,S,P,P,E,K,E,P,E,A,V,S,P,K,S,D,T,T,L,T,T,Q,T,A,I,V,P,G,S,G,L,T,P,S,Q,P,A,S,A,G,T,T,G,T,G,S,H,E,S,S,R,A,-,P,S,L,A,T,T,T,T,L,E,P,T,A,S,-,-,-,-,-,-,-,-,-,-,-,-,-,-,-,-,-,V,A,V,S,T,L,V,L,V,L,V,G,A,G,L,V,V,F,L,A,R,Y,I,R
Microtus_ochrogaster,T,T,C,P,T,P,I,S,V,E,H,A,D,I,R,V,K,N,Y,S,V,N,S,R,E,R,Y,V,C,N,S,G,F,K,R,K,A,G,T,S,T,L,T,E,C,V,I,N,K,N,T,N,T,A,H,W,T,T,P,N,L,K,C,I,D,P,S,L,A,H,Q,-,-,-,-,P,S,T,V,V,T,P,K,V,T,P,Q,P,E,S,P,S,P,P,Q,K,E,P,E,A,V,S,P,K,S,D,T,T,L,T,T,Q,T,T,I,V,P,G,S,G,L,T,P,S,Q,P,A,S,A,G,T,T,G,T,G,S,H,E,S,S,R,A,-,P,S,L,A,T,T,T,I,L,E,P,T,A,S,-,-,-,-,-,-,-,-,-,-,-,-,-,-,-,-,-,V,A,V,S,T,S,V,L,V,-,-,-,-,-,-,-,-,-,-,-,-,-,-,-
Microtus_oregoni,T,T,C,P,T,P,I,S,V,E,H,A,D,I,R,V,K,N,Y,S,V,N,S,R,E,R,Y,V,C,N,S,G,F,K,R,K,A,G,T,S,T,L,T,E,C,V,I,N,K,N,T,N,T,A,H,W,T,T,P,N,L,K,C,I,D,P,S,L,A,H,Q,-,-,-,-,P,S,T,V,V,T,P,K,V,T,P,Q,P,E,S,P,S,P,P,E,K,E,P,D,A,V,S,P,K,S,D,T,T,L,T,T,Q,T,A,I,V,P,G,S,G,L,T,P,S,Q,P,A,S,A,G,T,T,G,T,G,S,H,E,S,S,R,A,-,P,S,L,A,T,T,T,T,L,E,P,T,A,S,-,-,-,-,-,-,-,-,-,-,-,-,-,-,-,-,-,V,A,V,S,T,S,V,L,V,L,V,G,A,G,L,V,V,F,L,A,R,Y,I,R
Mirounga_angustirostris,-,-,-,-,-,-,-,-,-,-,-,-,-,-,-,-,-,-,-,-,-,-,-,-,-,-,-,-,-,-,-,-,-,-,-,-,-,-,-,-,-,-,-,-,-,-,-,-,-,-,-,-,-,-,-,-,-,-,-,-,-,-,-,-,D,P,S,L,T,H,L,R,P,-,-,S,S,T,E,V,P,A,G,V,T,P,E,P,Q,S,T,S,L,S,G,K,E,P,-,A,F,T,S,T,S,D,T,T,V,A,T,K,P,D,I,V,P,G,S,R,P,M,P,S,K,P,P,A,T,G,T,T,G,P,I,S,Q,E,P,S,Q,A,-,L,P,Q,T,T,A,K,A,L,E,R,T,P,S,A,S,Q,E,T,P,G,T,Y,S,Y,S,S,G,A,V,T,V,A,I,F,T,P,V,A,V,L,G,V,V,C,A,V,L,L,L,V,C,Y,R,K
Mirounga_leonina,I,T,C,P,P,P,M,S,V,E,H,A,D,I,R,V,K,S,Y,N,V,S,S,R,E,R,Y,T,C,N,S,G,F,K,R,K,A,G,T,S,S,L,T,E,C,V,F,N,K,T,M,N,M,A,Q,W,T,I,P,N,L,K,C,I,D,P,S,L,T,H,L,R,P,-,-,S,S,T,E,V,P,A,G,V,T,P,E,P,Q,S,T,S,L,S,G,K,E,P,-,A,F,T,S,T,S,D,T,T,V,A,T,K,P,D,I,V,P,G,S,R,P,M,P,S,K,P,P,A,T,G,T,T,G,P,I,S,Q,E,P,S,Q,A,-,L,P,Q,T,T,A,K,A,L,E,R,T,P,S,A,S,Q,E,T,P,G,T,Y,S,Y,S,S,G,A,V,T,V,A,I,F,T,P,V,A,V,L,G,V,V,C,A,V,L,L,L,V,C,Y,R,K
Monodelphis_domestica,-,-,-,-,-,-,-,-,-,-,-,-,-,-,-,-,-,-,-,-,-,-,-,-,-,-,-,-,-,-,-,-,-,-,-,-,-,-,-,-,-,-,-,-,-,-,-,-,-,-,-,-,-,-,-,-,-,-,-,-,-,-,-,-,-,-,-,-,-,-,-,-,-,-,-,-,-,-,-,-,-,-,-,-,-,-,-,-,-,-,-,-,-,-,-,-,-,-,-,-,-,-,-,-,-,-,-,-,-,-,-,-,-,-,-,-,-,-,-,-,-,-,-,-,-,-,-,-,-,-,-,-,-,-,-,-,-,-,-,-,-,-,-,-,-,-,-,-,-,-,-,-,-,-,-,-,-,-,-,-,-,-,-,-,-,-,-,-,-,-,-,-,-,-,-,-,-,-,-,-,-,-,-,-,-,-,-,-,-,-,-,-,-,-,-,-,-,-
Mus_caroli,T,T,C,P,P,P,V,S,I,E,H,A,D,I,R,V,K,N,Y,S,V,N,S,R,E,R,Y,V,C,N,S,G,F,K,R,K,A,G,T,S,T,L,I,E,C,V,I,N,K,N,T,N,V,A,H,W,T,T,P,S,L,K,C,I,D,P,S,L,A,H,Y,S,P,V,-,-,P,T,V,V,T,P,K,V,T,S,Q,P,E,S,P,S,P,P,A,K,E,P,E,A,F,S,P,K,S,D,T,T,V,T,T,E,T,A,I,M,P,G,S,R,L,T,P,S,Q,T,T,S,A,G,T,T,R,T,G,S,H,K,S,S,R,A,-,P,S,-,-,-,-,-,-,-,-,-,-,-,-,-,-,-,-,-,-,-,-,-,-,-,-,-,-,-,-,-,V,A,I,S,T,S,V,L,L,-,-,-,-,-,-,-,-,-,-,-,-,-,-,-
Mus_musculus,T,T,C,P,P,P,V,S,I,E,H,A,D,I,R,V,K,N,Y,S,V,N,S,R,E,R,Y,V,C,N,S,G,F,K,R,K,A,G,T,S,T,L,I,E,C,V,I,N,K,N,T,N,V,A,H,W,T,T,P,S,L,K,C,I,D,P,S,L,A,H,Y,S,P,V,-,-,P,T,V,V,T,P,K,V,T,S,Q,P,E,S,P,S,P,S,A,K,E,P,E,A,F,S,P,K,S,D,T,A,M,T,T,E,T,A,I,M,P,G,S,R,L,T,P,S,Q,T,T,S,A,G,T,T,G,T,G,S,H,K,S,S,R,A,-,P,S,-,-,-,-,-,-,-,-,-,-,-,-,-,-,-,-,-,-,-,-,-,-,-,-,-,-,-,-,-,V,A,I,S,T,S,V,L,L,-,-,-,-,-,-,-,-,-,-,-,-,-,-,-
Mus_pahari,T,T,C,P,P,P,I,S,I,E,H,A,D,I,R,V,K,N,Y,S,V,N,S,R,E,R,Y,V,C,N,S,G,F,K,R,K,A,G,T,S,T,L,T,E,C,V,I,N,K,N,T,N,V,A,H,W,T,T,P,S,L,K,C,I,D,P,S,L,A,H,Y,S,P,V,-,-,P,T,V,A,T,P,K,V,T,S,Q,P,E,S,P,S,P,P,A,K,-,-,-,-,-,-,-,-,-,-,-,-,-,-,-,-,-,-,-,-,-,-,-,-,-,-,-,-,-,-,-,-,-,-,-,-,-,-,-,-,-,-,-,-,-,-,-,-,-,-,-,-,-,-,-,-,-,-,-,-,-,-,-,-,-,-,-,-,-,-,-,-,-,-,-,-,-,-,V,A,I,S,T,S,V,L,L,-,-,-,-,-,-,-,-,-,-,-,-,-,-,-
Mustela_erminea,V,T,C,P,P,P,K,S,V,E,H,A,D,I,R,V,R,S,Y,S,P,K,S,R,E,R,Y,T,C,N,S,G,F,K,R,K,A,G,T,S,S,L,T,E,C,V,L,N,E,T,T,N,I,A,H,W,T,I,P,N,L,K,C,I,D,P,S,L,T,H,L,R,P,-,-,S,S,T,E,V,P,A,G,V,T,P,E,P,E,S,T,S,L,S,G,K,E,P,-,A,F,T,S,K,S,D,T,T,V,A,T,K,S,T,M,V,P,G,S,R,L,T,P,S,E,P,P,A,A,G,T,T,G,P,I,S,Q,E,P,S,Q,A,-,P,P,Q,T,T,A,K,A,L,E,H,T,P,S,A,S,P,E,T,P,G,T,Y,S,Y,H,S,E,A,M,T,-,-,-,-,-,-,-,-,-,-,-,-,-,-,-,-,-,-,-,V,C,Y,R,K
Mustela_putorius_furo,V,T,C,P,P,P,K,S,V,E,H,A,D,I,R,V,R,S,Y,S,P,K,S,R,E,R,Y,T,C,N,S,G,F,K,R,K,A,G,T,S,S,L,T,E,C,V,L,N,E,T,T,N,I,A,H,W,T,I,P,N,L,K,C,I,D,P,S,L,T,H,L,R,P,-,-,S,S,T,E,V,P,A,G,V,T,P,E,P,E,S,T,S,L,S,G,K,E,P,-,A,F,T,S,K,S,D,T,T,V,A,T,K,S,T,M,V,P,G,S,R,L,T,P,S,K,P,P,A,A,G,T,T,G,P,I,S,Q,E,P,S,Q,A,-,P,P,Q,T,T,A,K,A,L,E,H,T,P,S,A,S,P,E,T,P,G,A,Y,S,Y,H,S,E,A,M,T,-,-,-,-,-,-,-,-,-,-,-,-,-,-,-,-,-,-,-,V,W,Y,R,K
Myodes_glareolus,T,T,C,P,T,P,I,S,V,E,H,A,D,I,R,V,K,N,Y,S,V,N,S,R,E,R,Y,V,C,N,S,G,F,K,R,K,A,G,T,S,T,L,T,E,C,V,I,N,K,N,T,N,T,A,H,W,T,T,P,N,L,K,C,I,D,P,S,L,A,H,Q,-,-,-,-,P,S,T,V,V,T,P,K,V,T,P,Q,P,E,S,P,S,P,P,E,K,E,P,E,A,V,S,P,K,S,N,T,T,L,T,T,Q,T,A,I,V,P,G,S,G,L,T,P,S,Q,P,A,S,A,G,T,T,V,T,G,S,H,E,S,S,R,A,-,P,S,P,A,T,T,T,T,L,E,P,T,A,S,-,-,-,-,-,-,-,-,-,-,-,-,-,-,-,-,-,-,A,I,S,T,S,V,L,V,L,V,G,A,G,L,V,L,F,L,V,R,C,I,R
Neogale_vison,-,-,-,-,-,-,M,S,V,E,H,A,D,I,R,V,K,S,Y,S,L,K,S,R,E,R,Y,T,C,N,S,G,F,K,R,K,A,G,T,S,S,L,T,E,C,V,L,N,E,T,T,N,I,A,H,W,T,I,P,N,L,K,C,I,D,P,S,L,T,H,L,R,P,-,-,S,S,T,E,V,P,A,G,V,T,P,E,P,K,S,T,S,L,S,G,K,E,P,-,A,F,T,S,K,S,D,T,T,V,A,T,K,S,T,M,V,P,G,S,R,P,T,P,S,K,P,P,A,A,G,T,T,G,P,I,S,Q,E,P,S,Q,A,-,P,P,Q,T,T,A,K,A,L,E,H,T,P,S,A,S,L,E,T,P,G,T,Y,S,Y,H,S,E,A,M,T,-,-,-,-,-,-,-,-,-,-,C,V,V,-,L,V,V,I,L,V,C,Y,R,K
Odobenus_rosmarus_divergens,I,T,C,P,P,P,T,S,V,E,H,A,D,I,Q,V,K,S,Y,K,V,S,S,R,E,R,Y,T,C,N,S,G,F,K,R,K,A,G,T,S,S,L,T,E,C,V,F,N,K,T,M,N,V,A,H,W,T,I,P,N,L,K,C,I,D,P,S,L,T,H,L,R,P,-,-,S,S,T,E,V,P,A,G,V,T,P,E,P,E,S,T,S,L,S,G,K,E,P,-,A,F,T,S,K,S,D,T,T,V,A,T,K,P,D,I,V,L,D,S,R,P,M,P,S,K,P,P,A,T,G,T,T,G,P,I,S,Q,E,P,S,Q,A,-,P,P,Q,T,T,A,K,A,L,E,R,T,P,S,A,S,Q,E,T,P,-,-,-,-,-,-,-,-,-,-,-,A,A,I,A,T,P,V,T,V,L,G,V,V,C,M,V,L,L,L,V,C,Y,R,K
Odocoileus_virginianus_texanus,I,T,C,P,T,P,T,S,V,E,H,A,D,I,R,V,K,N,Y,S,I,N,S,R,E,R,Y,V,C,N,S,G,F,K,R,K,A,G,T,S,S,L,T,Q,C,V,F,N,E,T,A,K,V,A,H,W,T,T,P,N,L,K,C,I,D,P,S,L,S,H,Q,R,P,-,-,P,S,T,A,A,P,T,G,L,T,P,E,P,E,S,P,T,P,S,G,K,E,P,-,D,L,T,S,K,S,D,T,K,V,A,T,R,P,A,T,G,P,G,S,R,L,-,P,S,T,A,P,P,V,G,T,T,G,V,V,S,K,E,T,T,Y,V,-,P,A,Q,T,A,A,K,A,P,E,H,T,H,P,A,L,Q,D,T,P,G,A,Y,Q,H,N,P,R,A,V,T,A,A,V,S,I,P,V,T,V,L,F,V,A,C,L,L,F,L,L,V,R,C,L,R
Onychomys_torridus,T,T,C,P,T,P,I,S,V,E,H,A,N,I,R,V,K,N,Y,S,V,N,S,R,E,R,Y,V,C,N,F,G,F,K,R,K,A,G,T,S,T,L,T,E,C,V,I,N,K,N,T,N,S,A,H,W,T,T,P,N,L,K,C,I,D,P,S,L,A,H,Q,-,-,-,-,-,-,-,-,-,-,-,-,-,T,P,Q,P,G,S,P,S,P,P,E,K,E,P,E,A,L,S,P,K,S,D,T,T,L,A,T,E,T,A,I,V,P,G,F,R,L,T,P,S,Q,P,A,S,A,G,T,T,G,T,G,S,H,E,S,S,Q,A,-,P,S,-,-,-,-,-,-,L,E,P,T,A,S,T,S,L,R,T,P,E,I,S,P,S,S,S,K,M,I,K,V,A,I,S,T,S,V,L,V,L,V,G,A,G,I,V,V,F,L,A,W,Y,I,R
Ornithorhynchus_anatinus,-,-,-,-,-,-,-,-,-,-,-,-,-,-,-,-,-,-,-,-,-,-,-,-,-,-,-,-,-,-,-,-,-,-,-,-,-,-,-,-,-,-,-,-,-,-,-,-,-,-,-,-,-,-,-,-,-,-,-,-,-,-,-,-,-,-,-,-,-,-,-,-,-,-,-,-,-,-,-,-,-,-,-,-,-,-,-,-,-,-,-,-,-,-,-,-,-,-,-,-,-,-,-,-,-,-,-,-,-,-,-,-,-,-,-,-,-,-,-,-,-,-,-,-,-,-,-,-,-,-,-,-,-,-,-,-,-,-,-,-,-,-,-,-,-,-,-,-,-,-,-,-,-,-,-,-,-,-,-,-,-,-,-,-,-,-,-,-,-,-,-,-,-,-,-,-,-,-,-,-,-,-,-,-,-,-,-,-,-,-,-,-,-,-,-,-,-,-
Orycteropus_afer_afer,I,T,C,P,L,P,T,S,I,E,H,A,D,I,R,I,K,S,Y,N,L,S,S,R,E,R,Y,T,C,N,S,G,F,K,R,K,A,G,T,S,S,L,T,E,C,V,L,N,K,T,T,N,T,A,H,W,T,T,P,N,L,K,C,I,D,P,S,L,T,H,Q,K,P,V,S,P,S,T,V,A,P,A,T,V,T,P,Q,P,E,S,F,T,P,S,R,K,E,P,E,I,S,T,P,K,S,D,T,T,V,T,T,E,T,A,L,V,P,G,S,R,Q,M,P,S,E,P,P,S,A,G,T,T,G,I,V,R,N,G,S,S,P,A,-,S,S,Q,T,T,A,K,T,L,E,Q,T,P,F,A,S,H,T,A,P,-,-,-,-,-,-,-,-,-,-,-,-,-,-,-,-,-,-,-,-,-,-,-,-,-,-,-,-,-,-,-,-,-,-,-
Oryctolagus_cuniculus,-,-,-,-,-,-,-,-,-,-,-,-,-,-,-,-,-,-,-,-,-,-,-,-,-,-,-,-,-,-,-,-,-,-,-,-,-,-,-,-,-,-,-,-,-,-,-,-,-,-,-,-,-,-,-,-,-,-,-,-,-,-,-,-,-,-,-,-,-,-,-,-,-,-,-,-,-,-,-,-,-,-,-,-,-,-,-,-,-,-,-,-,-,-,-,-,-,-,-,-,-,-,-,-,-,-,-,-,-,-,-,-,-,-,-,-,-,-,-,-,-,-,-,-,-,-,-,-,-,-,-,-,-,-,-,-,-,-,-,-,-,-,-,-,-,-,-,-,-,-,-,-,-,-,-,-,-,-,-,-,-,-,-,-,-,-,-,-,-,-,-,-,-,-,-,-,-,-,-,-,-,-,-,-,-,-,-,-,-,-,-,-,-,-,-,-,-,-
Oryx_dammah,I,T,C,P,T,P,T,S,V,E,H,A,D,I,Q,V,K,N,Y,N,I,N,S,R,E,R,Y,V,C,N,S,G,F,K,R,K,A,G,T,S,S,L,T,Q,C,V,F,N,E,T,A,K,V,A,H,W,T,T,P,N,L,K,C,I,D,P,S,L,S,H,Q,R,P,-,-,P,S,T,A,A,P,T,G,L,T,P,E,P,E,S,P,T,P,S,G,K,E,P,-,D,L,T,S,K,S,D,T,K,V,A,T,R,P,A,T,G,P,G,S,R,L,-,P,S,T,A,P,P,V,G,T,T,G,V,V,S,K,E,T,T,Y,V,-,P,A,Q,T,A,A,K,A,P,E,H,T,H,P,A,L,Q,D,T,P,G,A,Y,Q,Y,N,P,S,V,M,T,A,A,V,S,T,P,V,A,V,V,F,V,V,C,L,V,F,L,L,V,R,C,L,R
Otolemur_garnettii,M,T,C,P,A,P,I,S,V,E,H,A,D,I,R,V,K,S,Y,A,V,H,S,R,E,R,Y,V,C,N,T,G,F,K,R,K,A,G,T,S,S,L,T,E,C,V,F,N,N,A,T,N,T,T,H,W,T,T,P,N,L,K,C,I,D,P,S,L,A,H,K,K,P,-,-,P,P,S,T,A,T,A,G,V,T,P,Q,P,E,T,P,S,P,S,G,K,E,P,-,A,A,S,S,-,-,-,-,-,-,-,-,-,-,-,-,-,-,-,-,-,-,T,P,S,K,P,P,S,A,G,P,T,G,T,G,R,H,T,S,P,Q,P,-,P,S,Q,T,T,-,-,-,-,-,-,-,-,-,-,-,-,-,-,-,-,-,-,-,-,-,-,-,-,-,-,-,A,I,S,T,S,A,G,L,V,V,V,I,A,V,I,L,L,M,C,H,M,I,R
Panthera_leo,V,T,C,P,P,P,T,S,V,E,H,A,G,I,R,V,K,S,Y,K,L,N,S,T,E,R,Y,T,C,N,T,G,F,K,R,K,A,G,T,S,T,L,T,E,C,V,L,N,K,T,T,N,T,A,H,W,T,I,P,N,L,K,C,I,D,P,S,L,T,H,L,K,P,-,-,S,S,T,E,M,P,A,G,V,T,P,E,P,E,S,T,S,L,S,G,K,E,P,-,A,F,T,S,K,S,D,S,T,V,A,T,K,A,A,T,E,P,G,S,R,L,I,P,S,K,P,P,A,A,G,T,T,G,V,I,N,N,E,P,S,R,A,-,P,A,Q,T,T,A,K,A,L,E,H,T,P,S,A,S,Q,E,T,P,G,T,Y,S,Y,S,S,G,T,V,T,A,A,I,V,M,P,V,T,V,L,C,V,V,C,-,V,G,L,L,V,C,Y,K,R
Panthera_pardus,V,T,C,P,P,P,T,S,V,E,H,A,D,I,R,V,K,S,Y,K,L,N,S,T,E,R,Y,T,C,N,T,G,F,K,R,K,A,G,T,S,T,L,T,E,C,V,L,N,K,T,T,N,T,A,H,W,T,I,P,N,L,K,C,I,D,P,S,L,T,H,L,K,P,-,-,S,S,T,E,M,P,A,G,V,T,P,E,P,E,S,T,S,L,S,G,K,E,P,-,A,F,T,S,K,S,D,S,T,V,A,T,K,A,A,T,E,P,G,S,R,L,I,P,S,K,P,P,A,A,G,T,T,G,V,I,N,N,E,P,S,R,A,-,P,A,Q,T,T,A,K,A,L,E,H,T,P,S,A,S,Q,E,T,P,G,T,Y,S,Y,S,S,G,T,V,T,A,A,I,V,M,P,V,T,V,L,C,V,V,C,-,V,G,L,L,V,C,Y,K,R
Panthera_uncia,V,T,C,P,P,P,T,S,V,E,H,A,D,I,R,V,K,S,Y,K,L,N,S,T,E,R,Y,T,C,N,T,G,F,K,R,K,A,G,T,S,T,L,T,E,C,V,L,N,K,T,T,N,T,A,H,W,T,I,P,N,L,K,C,I,D,P,S,L,T,H,L,K,P,-,-,S,S,T,E,M,P,A,G,V,T,P,E,P,E,S,T,S,L,S,G,K,E,P,-,A,F,T,S,K,S,D,S,T,V,A,T,K,A,A,T,E,P,G,S,R,L,I,P,S,K,P,P,A,A,G,T,T,G,V,I,N,N,E,P,S,R,A,-,P,A,Q,T,T,A,K,A,L,E,H,T,P,S,A,S,Q,E,T,P,G,T,Y,S,Y,S,S,G,T,V,T,A,A,I,V,M,P,V,T,V,L,C,V,V,C,-,V,G,L,L,V,C,Y,K,R
Perognathus_longimembris_pacificus,A,L,C,P,S,P,V,S,V,E,H,A,D,I,H,V,K,S,Y,H,V,S,S,R,E,R,Y,V,C,N,S,G,F,K,R,K,A,G,T,S,S,L,I,E,C,V,L,N,E,A,T,N,T,A,Q,W,T,A,P,S,L,K,C,I,D,P,A,L,T,H,Q,R,P,E,P,P,S,I,V,V,T,T,K,V,T,P,R,P,E,R,P,S,P,T,G,R,E,A,T,T,L,P,P,K,S,D,P,T,V,A,M,D,T,A,I,V,P,G,S,R,L,P,P,P,P,P,P,S,P,G,T,T,G,P,G,R,E,E,P,S,P,A,-,P,P,Q,P,T,A,-,-,-,-,-,-,-,-,-,-,-,-,-,-,-,-,-,-,-,-,-,-,-,-,-,V,A,I,S,T,S,V,A,V,A,C,G,A,G,V,L,L,L,L,V,W,C,I,R
Peromyscus_californicus_insignis,T,T,C,P,T,P,I,S,V,E,H,A,N,I,R,V,K,N,Y,S,V,N,S,R,E,R,Y,V,C,N,F,G,F,K,R,K,A,G,T,S,T,L,T,E,C,V,I,N,K,N,T,N,S,A,H,W,T,T,P,N,L,K,C,I,D,P,S,L,A,H,Q,-,-,-,-,-,-,-,-,-,-,-,-,-,T,P,Q,P,G,S,P,S,P,P,E,K,E,P,E,A,L,S,P,K,S,D,T,T,L,A,T,E,T,A,I,V,P,G,S,R,L,T,A,S,Q,P,A,S,A,G,T,T,E,T,G,S,H,E,S,S,Q,A,-,P,S,-,-,-,-,-,-,-,-,-,-,-,-,-,-,-,-,-,-,-,-,-,-,-,-,-,-,-,-,-,V,A,I,S,T,S,V,L,V,L,V,G,A,G,V,V,V,F,L,A,W,Y,I,R
Peromyscus_leucopus,T,T,C,P,T,P,I,S,V,E,H,A,N,I,R,V,K,N,Y,S,V,N,S,R,E,R,Y,V,C,N,F,G,F,K,R,K,A,G,T,S,T,L,T,E,C,V,I,N,K,N,T,N,S,A,H,W,T,T,P,N,L,K,C,I,D,P,S,L,A,H,Q,-,-,-,-,-,-,-,-,-,-,-,-,-,T,P,Q,P,G,S,P,S,P,P,E,K,E,P,E,A,L,S,P,K,S,D,T,T,L,A,T,E,T,A,I,V,P,G,S,R,L,T,A,S,Q,P,A,S,A,G,T,T,G,T,G,S,H,E,S,S,Q,A,-,P,S,-,-,-,-,-,-,-,-,-,-,-,-,-,-,-,-,-,-,-,-,-,-,-,-,-,-,-,-,-,V,A,I,S,T,S,V,L,V,L,V,G,A,G,V,G,V,F,L,A,W,Y,I,R
Peromyscus_maniculatus_bairdii,T,T,C,P,T,P,I,S,V,E,H,A,N,I,R,V,K,N,Y,S,V,N,S,R,E,R,Y,V,C,N,F,G,F,K,R,K,A,G,T,S,T,L,T,E,C,V,I,N,K,N,T,N,S,A,H,W,T,T,P,N,L,K,C,I,D,P,S,L,A,H,Q,-,-,-,-,-,-,-,-,-,-,-,-,-,T,P,Q,P,G,S,P,S,P,P,E,K,E,P,E,A,L,S,P,K,S,D,T,T,L,A,T,E,T,A,V,G,P,G,S,R,L,T,A,S,Q,P,A,S,A,G,T,T,G,T,G,S,H,E,S,S,Q,A,-,P,S,-,-,-,-,-,-,-,-,-,-,-,-,-,-,-,-,-,-,-,-,-,-,-,-,-,-,-,-,-,V,A,I,S,T,S,V,L,V,L,V,G,A,G,V,G,V,F,L,A,W,Y,I,R
Phascolarctos_cinereus,-,-,-,-,-,-,-,-,-,-,-,-,-,-,-,-,-,-,-,-,-,-,-,-,-,-,-,-,-,-,-,-,-,-,-,-,-,-,-,-,-,-,-,-,-,-,-,-,-,-,-,-,-,-,-,-,-,-,-,-,-,-,-,-,-,-,-,-,-,-,-,-,-,-,-,-,-,-,-,-,-,-,-,-,-,-,-,-,-,-,-,-,-,-,-,-,-,-,-,-,-,-,-,-,-,-,-,-,-,-,-,-,-,-,-,-,-,-,-,-,-,-,-,-,-,-,-,-,-,-,-,-,-,-,-,-,-,-,-,-,-,-,-,-,-,-,-,-,-,-,-,-,-,-,-,-,-,-,-,-,-,-,-,-,-,-,-,-,-,-,-,-,-,-,-,-,-,-,-,-,-,-,-,-,-,-,-,-,-,-,-,-,-,-,-,-,-,-
Phoca_vitulina,I,T,C,P,P,P,T,S,V,E,H,A,D,I,R,V,K,S,Y,N,L,S,S,R,E,R,Y,T,C,N,S,G,F,K,R,K,A,G,T,S,S,L,T,E,C,V,F,N,K,T,M,N,V,A,H,W,T,I,P,N,L,K,C,I,D,P,S,L,T,H,L,R,P,-,-,S,S,T,E,V,P,A,G,V,T,P,E,P,Q,S,T,S,L,S,G,K,E,P,-,A,F,T,S,T,S,D,T,T,V,A,T,K,P,D,I,V,P,G,S,R,P,M,P,S,K,P,P,A,T,G,T,T,G,P,I,S,Q,E,P,S,Q,A,-,P,P,Q,T,T,A,K,A,L,E,R,T,P,S,A,S,Q,E,T,P,G,T,Y,S,Y,N,S,G,A,V,T,V,A,I,F,T,P,V,A,V,L,G,V,V,C,V,V,L,L,L,V,C,Y,R,K
Phodopus_roborovskii,T,T,C,P,T,P,I,S,V,E,H,A,D,I,R,V,K,N,Y,S,V,N,S,R,E,R,Y,V,C,N,S,G,F,K,R,K,A,G,T,S,T,L,T,E,C,V,I,N,K,N,T,N,I,A,H,W,T,T,P,N,L,K,C,I,D,P,S,L,A,H,Q,-,-,-,-,P,S,T,A,V,T,P,K,V,T,P,Q,P,E,S,S,S,P,P,E,K,E,P,E,T,V,S,P,K,S,D,T,T,L,A,T,E,I,V,T,V,P,G,S,R,L,T,P,S,Q,P,A,S,A,G,T,A,G,T,S,S,H,E,S,S,R,A,-,P,S,L,A,A,T,M,A,L,E,P,T,A,S,T,S,L,R,T,P,E,I,S,P,N,S,S,K,M,T,R,V,A,I,S,T,S,V,L,A,L,I,G,V,G,A,V,V,F,L,A,W,Y,I,R
Prionailurus_bengalensis_euptilurus,-,-,-,-,-,-,-,-,-,-,-,-,-,-,-,-,-,-,-,-,-,-,-,-,-,-,-,-,-,-,-,-,-,-,-,-,-,-,-,-,-,-,-,-,-,-,-,-,-,-,-,-,-,-,-,-,-,-,-,-,-,-,-,-,-,-,-,-,-,-,-,-,-,-,-,-,-,-,-,-,-,-,-,-,-,-,-,-,-,-,-,-,-,-,-,-,-,-,-,-,-,-,-,-,-,-,-,-,-,-,-,-,-,-,-,-,-,-,-,-,-,-,-,-,-,-,-,-,-,-,-,-,-,-,-,-,-,-,-,-,-,-,-,-,-,-,-,-,-,-,-,-,-,-,-,-,-,-,-,-,-,-,-,-,-,-,-,-,-,-,-,-,-,-,-,-,-,-,-,-,-,-,-,-,-,-,-,-,-,-,-,-,-,-,-,-,-,-
Puma_concolor,V,T,C,P,P,P,T,S,V,E,H,A,D,I,R,V,K,S,Y,K,L,N,S,T,E,R,Y,T,C,N,T,G,F,K,R,K,A,G,T,S,T,L,T,E,C,V,L,N,K,T,T,N,T,A,H,W,T,I,P,N,L,K,C,I,D,P,S,L,T,H,L,K,P,-,-,S,S,T,E,M,P,A,G,V,T,P,E,P,E,S,T,S,L,S,G,K,E,P,-,A,F,T,S,K,S,D,S,T,V,A,T,K,A,A,T,E,P,G,S,R,L,I,P,S,K,P,P,A,A,G,T,T,G,V,I,N,N,E,P,S,R,A,-,P,A,Q,T,T,A,K,A,L,E,H,T,P,S,A,S,Q,E,T,P,G,T,S,S,Y,S,S,G,T,V,T,A,A,I,V,M,P,V,A,V,L,C,V,V,C,-,V,G,L,L,V,C,Y,K,R
Puma_yagouaroundi,V,T,C,P,P,P,T,S,V,E,H,A,D,I,R,V,K,S,Y,K,L,N,S,T,E,R,Y,T,C,N,T,G,F,K,R,K,A,G,T,S,T,L,T,E,C,V,L,N,K,T,T,N,T,A,H,W,T,I,P,N,L,K,C,I,D,P,S,L,T,H,L,K,P,-,-,S,S,T,E,M,P,A,G,V,T,P,E,P,E,S,T,S,L,S,G,K,E,P,-,A,F,T,S,K,S,D,S,T,V,A,T,K,A,A,T,E,P,G,S,R,L,I,P,S,K,P,P,A,A,G,T,T,G,V,I,N,N,E,P,S,R,A,-,P,A,Q,T,T,A,K,A,L,E,H,T,P,S,A,S,Q,E,T,P,G,T,Y,S,Y,S,S,G,T,V,T,A,A,I,V,M,P,V,A,V,L,C,A,V,C,-,V,G,L,L,V,C,Y,K,R
Rattus_norvegicus,I,T,C,P,T,P,I,S,I,E,H,A,D,I,R,V,K,N,Y,S,V,N,S,R,E,R,Y,V,C,N,S,G,F,K,R,K,A,G,T,S,T,L,T,E,C,V,I,N,K,N,T,N,V,A,H,W,T,T,P,N,L,K,C,I,D,P,S,L,A,H,Y,S,P,V,-,-,P,T,V,V,T,P,K,V,T,S,Q,P,E,S,L,S,P,P,E,K,E,P,E,A,L,S,P,K,S,D,T,T,V,A,T,E,T,A,I,V,P,G,S,R,L,T,P,S,Q,A,A,S,A,G,T,T,G,T,G,R,H,K,S,S,P,A,-,P,S,L,A,T,T,M,T,L,E,P,T,A,S,-,-,-,-,-,-,-,-,-,-,-,-,-,-,-,-,-,V,A,I,P,T,S,V,L,L,-,-,-,-,-,-,-,-,-,-,-,-,-,-,-
Rattus_rattus,I,T,C,P,T,P,I,S,I,E,H,A,D,I,R,V,K,N,Y,S,V,N,S,R,E,R,Y,V,C,N,S,G,F,K,R,K,A,G,T,S,T,L,T,E,C,V,I,N,K,N,T,N,V,A,H,W,T,T,P,N,L,K,C,I,D,P,S,L,A,H,Y,S,P,V,-,-,P,T,V,V,T,P,K,V,T,S,Q,P,E,S,L,S,P,P,E,K,E,P,E,A,L,S,P,K,S,D,T,T,V,A,T,E,T,A,I,V,P,G,S,R,L,T,P,S,Q,A,A,S,A,G,T,T,G,T,D,R,H,K,S,S,P,A,-,P,S,L,A,T,T,M,T,L,E,P,T,A,S,-,-,-,-,-,-,-,-,-,-,-,-,-,-,-,-,-,V,A,I,P,T,S,V,L,L,V,A,A,V,I,G,L,V,F,L,T,R,Y,I,K
Sarcophilus_harrisii,-,-,-,-,-,-,-,-,-,-,-,-,-,-,-,-,-,-,-,-,-,-,-,-,-,-,-,-,-,-,-,-,-,-,-,-,-,-,-,-,-,-,-,-,-,-,-,-,-,-,-,-,-,-,-,-,-,-,-,-,-,-,-,-,-,-,-,-,-,-,-,-,-,-,-,-,-,-,-,-,-,-,-,-,-,-,-,-,-,-,-,-,-,-,-,-,-,-,-,-,-,-,-,-,-,-,-,-,-,-,-,-,-,-,-,-,-,-,-,-,-,-,-,-,-,-,-,-,-,-,-,-,-,-,-,-,-,-,-,-,-,-,-,-,-,-,-,-,-,-,-,-,-,-,-,-,-,-,-,-,-,-,-,-,-,-,-,-,-,-,-,-,-,-,-,-,-,-,-,-,-,-,-,-,-,-,-,-,-,-,-,-,-,-,-,-,-,-
Suncus_etruscus,-,-,-,-,-,-,-,-,-,-,-,-,-,-,-,-,-,-,-,-,-,-,-,-,-,-,-,-,-,-,-,-,-,-,-,-,-,-,-,-,-,-,-,-,-,-,-,-,-,-,-,-,-,-,-,-,-,-,-,-,-,-,-,-,-,-,-,-,-,-,-,-,-,-,-,-,-,-,-,-,-,-,-,-,-,-,-,-,-,-,-,-,-,-,-,-,-,-,-,-,-,-,-,-,-,-,-,-,-,-,-,-,-,-,-,-,-,-,-,-,-,-,-,-,-,-,-,-,-,-,-,-,-,-,-,-,-,-,-,-,-,-,-,-,-,-,-,-,-,-,-,-,-,-,-,-,-,-,-,-,-,-,-,-,-,-,-,-,-,-,-,-,-,-,-,-,-,-,-,-,-,-,-,-,-,-,-,-,-,-,-,-,-,-,-,-,-,-
Sus_scrofa,V,T,C,P,P,P,T,S,V,E,H,A,D,I,R,V,K,S,Y,T,L,N,S,R,E,R,Y,V,C,N,A,G,F,K,R,K,A,G,T,S,S,L,T,E,C,V,F,N,E,T,M,N,V,A,H,W,T,T,P,N,L,K,C,I,D,P,S,L,T,R,Q,R,-,-,-,-,-,-,-,-,-,A,G,V,A,P,E,P,E,S,P,T,P,S,G,K,E,P,-,A,L,T,S,K,S,D,P,T,V,S,-,-,-,A,P,G,P,G,S,R,L,M,P,S,K,P,P,P,T,G,T,T,G,V,V,S,N,V,P,P,Q,A,-,P,S,Q,T,T,A,M,A,P,E,H,A,-,-,-,-,-,-,-,-,-,-,-,-,-,-,-,-,-,-,-,V,A,V,S,T,P,C,L,L,L,C,G,A,C,V,L,L,L,V,V,H,F,R,R
Tachyglossus_aculeatus,-,-,-,-,-,-,-,-,-,-,-,-,-,-,-,-,-,-,-,-,-,-,-,-,-,-,-,-,-,-,-,-,-,-,-,-,-,-,-,-,-,-,-,-,-,-,-,-,-,-,-,-,-,-,-,-,-,-,-,-,-,-,-,-,-,-,-,-,-,-,-,-,-,-,-,-,-,-,-,-,-,-,-,-,-,-,-,-,-,-,-,-,-,-,-,-,-,-,-,-,-,-,-,-,-,-,-,-,-,-,-,-,-,-,-,-,-,-,-,-,-,-,-,-,-,-,-,-,-,-,-,-,-,-,-,-,-,-,-,-,-,-,-,-,-,-,-,-,-,-,-,-,-,-,-,-,-,-,-,-,-,-,-,-,-,-,-,-,-,-,-,-,-,-,-,-,-,-,-,-,-,-,-,-,-,-,-,-,-,-,-,-,-,-,-,-,-,-
Talpa_occidentalis,-,-,C,P,T,P,T,S,I,E,H,A,D,I,R,V,K,S,Y,S,L,N,S,R,E,R,Y,I,C,N,S,G,F,K,R,K,A,G,T,S,N,L,I,E,C,V,F,N,K,T,I,N,T,A,H,W,T,T,P,N,L,K,C,I,D,P,S,L,S,H,Q,K,S,-,-,P,T,I,V,A,P,P,R,V,T,P,E,Q,E,S,P,S,P,S,G,T,E,P,-,S,F,T,F,K,S,D,T,T,V,A,T,K,P,A,T,V,P,G,S,K,L,T,P,S,K,P,P,S,A,G,T,T,E,V,V,S,N,K,H,S,Q,A,-,P,S,Q,T,T,T,K,S,M,E,H,T,T,S,T,L,P,E,T,P,-,-,-,-,-,-,-,-,-,-,-,V,A,I,S,V,P,V,I,I,L,C,G,A,-,V,A,S,F,L,A,C,H,K,N
Trichechus_manatus_latirostris,-,-,-,-,-,-,M,S,V,E,H,A,D,I,R,V,K,N,Y,N,L,S,S,R,E,R,Y,T,C,N,S,G,F,K,R,K,A,G,T,S,S,L,T,E,C,V,L,N,K,T,T,N,T,A,H,W,T,T,P,N,L,K,C,I,D,P,S,L,T,H,Q,M,P,V,S,S,S,T,L,A,P,A,K,V,I,P,Q,P,E,S,F,T,P,S,R,K,A,-,-,-,-,-,-,-,-,-,-,-,-,-,-,-,-,-,-,-,-,-,-,-,-,-,-,-,-,-,-,-,-,-,-,-,-,-,-,-,-,-,-,-,-,-,-,-,-,-,-,-,-,-,-,-,-,-,-,-,-,-,-,-,-,-,-,-,-,-,-,-,-,-,-,-,V,T,V,A,V,S,T,S,V,L,L,L,T,A,V,G,V,L,L,F,C,L,C,Y,K,K
Trichosurus_vulpecula,-,-,-,-,-,-,-,-,-,-,-,-,-,-,-,-,-,-,-,-,-,-,-,-,-,-,-,-,-,-,-,-,-,-,-,-,-,-,-,-,-,-,-,-,-,-,-,-,-,-,-,-,-,-,-,-,-,-,-,-,-,-,-,-,-,-,-,-,-,-,-,-,-,-,-,-,-,-,-,-,-,-,-,-,-,-,-,-,-,-,-,-,-,-,-,-,-,-,-,-,-,-,-,-,-,-,-,-,-,-,-,-,-,-,-,-,-,-,-,-,-,-,-,-,-,-,-,-,-,-,-,-,-,-,-,-,-,-,-,-,-,-,-,-,-,-,-,-,-,-,-,-,-,-,-,-,-,-,-,-,-,-,-,-,-,-,-,-,-,-,-,-,-,-,-,-,-,-,-,-,-,-,-,-,-,-,-,-,-,-,-,-,-,-,-,-,-,-
Ursus_arctos_horribilis,-,-,-,-,-,-,-,-,-,-,-,-,-,-,-,-,-,-,-,-,-,-,-,-,-,-,-,-,-,-,-,-,-,-,-,-,-,-,-,-,-,-,-,-,-,-,-,-,-,-,-,-,-,-,-,-,-,-,-,-,-,-,-,-,-,-,-,-,-,-,-,-,-,-,-,-,-,-,-,-,-,-,-,-,-,-,-,-,-,-,-,-,-,-,-,-,-,-,-,-,-,-,-,-,-,-,-,-,-,-,-,-,-,-,-,-,-,-,-,-,-,-,-,-,-,-,-,-,-,-,-,-,-,-,-,-,-,-,-,-,-,-,-,-,-,-,-,-,-,-,-,-,-,-,-,-,-,-,-,-,-,-,-,-,-,-,-,-,-,-,-,-,-,-,-,-,-,-,-,-,-,-,-,-,-,-,-,-,-,-,-,-,-,-,-,-,-,-
Vombatus_ursinus,-,-,-,-,-,-,-,-,-,-,-,-,-,-,-,-,-,-,-,-,-,-,-,-,-,-,-,-,-,-,-,-,-,-,-,-,-,-,-,-,-,-,-,-,-,-,-,-,-,-,-,-,-,-,-,-,-,-,-,-,-,-,-,-,-,-,-,-,-,-,-,-,-,-,-,-,-,-,-,-,-,-,-,-,-,-,-,-,-,-,-,-,-,-,-,-,-,-,-,-,-,-,-,-,-,-,-,-,-,-,-,-,-,-,-,-,-,-,-,-,-,-,-,-,-,-,-,-,-,-,-,-,-,-,-,-,-,-,-,-,-,-,-,-,-,-,-,-,-,-,-,-,-,-,-,-,-,-,-,-,-,-,-,-,-,-,-,-,-,-,-,-,-,-,-,-,-,-,-,-,-,-,-,-,-,-,-,-,-,-,-,-,-,-,-,-,-,-
Vulpes_lagopus,I,T,C,P,P,P,T,S,V,E,H,A,D,I,Q,V,K,S,Y,S,V,S,S,K,E,R,Y,T,C,N,S,G,F,K,R,K,A,G,T,S,S,L,T,E,C,V,L,N,K,T,T,N,T,A,H,W,T,I,P,S,L,K,C,I,D,P,S,L,T,H,L,R,P,-,-,S,S,T,D,V,P,A,G,V,T,P,E,P,E,S,T,S,L,S,G,K,E,P,-,T,F,T,S,K,S,D,T,K,V,A,T,K,P,T,I,V,P,G,S,R,P,M,P,S,K,P,P,A,T,G,T,T,G,L,I,S,N,E,P,S,Q,A,-,P,S,Q,T,T,A,K,A,L,E,H,T,P,S,A,S,Q,E,T,P,G,T,Y,S,Y,N,S,G,A,V,T,A,A,I,F,T,P,V,T,V,L,C,V,V,C,V,V,F,L,L,V,C,Y,K,K
Vulpes_vulpes,I,T,C,P,P,P,T,S,V,E,H,A,D,I,Q,V,K,S,Y,S,V,S,S,K,E,R,Y,T,C,N,S,G,F,K,R,K,A,G,T,S,S,L,T,E,C,V,L,N,K,T,T,N,T,A,H,W,T,I,P,S,L,K,C,I,D,P,S,L,T,H,L,R,P,-,-,S,S,T,D,V,P,A,G,V,T,P,E,P,E,S,T,S,L,S,G,K,E,P,-,T,F,T,S,K,S,D,T,K,V,A,T,K,P,T,I,V,P,G,S,R,P,M,P,S,K,P,P,A,T,G,T,T,G,L,I,S,N,E,P,S,Q,A,-,P,S,Q,T,T,A,K,A,L,E,H,T,P,S,A,S,Q,E,T,P,G,T,Y,S,Y,N,S,G,A,V,T,A,A,I,F,T,P,V,T,V,L,C,V,V,C,V,V,F,L,L,V,C,Y,Q,K
Zalophus_californianus,I,T,C,P,P,P,T,S,V,E,H,A,D,I,Q,V,K,S,Y,K,V,S,S,R,E,R,Y,T,C,N,S,G,F,K,R,K,A,G,T,S,S,L,T,E,C,V,F,N,K,T,M,N,V,A,H,W,T,I,P,N,L,K,C,I,D,P,S,L,T,H,L,R,P,-,-,S,S,T,E,A,P,A,G,V,T,P,E,P,E,S,T,S,L,S,G,K,E,P,-,A,F,T,S,T,S,D,T,T,V,A,T,K,P,D,I,V,L,D,S,R,P,M,P,S,E,P,P,A,T,G,T,T,G,P,I,S,Q,E,P,S,Q,A,-,P,P,Q,T,T,A,K,A,L,E,R,T,P,S,A,S,Q,E,M,P,G,T,Y,S,Y,N,S,G,A,V,T,-,A,I,A,T,P,V,T,V,L,G,V,V,C,V,V,L,L,L,V,C,Y,R,K
shrew_mole,-,-,-,-,-,-,-,-,-,-,-,-,-,-,-,-,-,-,-,-,-,-,-,-,-,-,-,-,-,-,-,-,-,-,-,-,-,-,-,-,-,-,-,-,-,-,-,-,-,-,-,-,-,-,-,-,-,-,-,-,-,-,-,-,-,-,-,-,-,-,-,-,-,-,-,-,-,-,-,-,-,-,-,-,-,-,-,-,-,-,-,-,-,-,-,-,-,-,-,-,-,-,-,-,-,-,-,-,-,-,-,-,-,-,-,-,-,-,-,-,-,-,-,-,-,-,-,-,-,-,-,-,-,-,-,-,-,-,-,-,-,-,-,-,-,-,-,-,-,-,-,-,-,-,-,-,-,-,-,-,-,-,-,-,-,-,-,-,-,-,-,-,-,-,-,-,-,-,-,-,-,-,-,-,-,-,-,-,-,-,-,-,-,-,-,-,-,-
ZWS,T,T,C,P,T,P,P,S,V,E,H,A,D,I,H,V,N,S,Y,R,E,N,S,R,E,R,Y,V,C,K,S,G,F,K,R,K,A,G,T,S,T,L,T,E,C,L,F,N,K,I,T,N,T,T,Q,W,T,T,P,N,L,K,C,I,N,P,S,L,A,H,Q,R,P,-,-,-,-,-,V,V,K,T,E,A,T,P,Q,P,D,S,P,S,P,S,G,-,-,-,-,-,-,-,-,-,-,-,-,-,-,-,-,-,-,-,-,-,-,-,-,-,-,-,-,-,-,-,-,-,T,G,A,T,E,I,G,G,H,G,S,S,Q,A,-,P,S,P,T,T,A,K,-,-,-,-,T,A,S,T,P,L,G,T,P,G,V,H,P,Y,M,S,K,T,T,T,G,M,L,A,D,S,V,-,-,D,K,G,C,C,V,H,M,H,F,-,-,-,R,G
