,IZUMO3 0,IZUMO3 1,IZUMO3 2,IZUMO3 3,IZUMO3 4,IZUMO3 5,IZUMO3 6,IZUMO3 7,IZUMO3 8,IZUMO3 9,IZUMO3 10,IZUMO3 11,IZUMO3 12,IZUMO3 13,IZUMO3 14,IZUMO3 15,IZUMO3 16,IZUMO3 17,IZUMO3 18,IZUMO3 19,IZUMO3 20,IZUMO3 21,IZUMO3 22,IZUMO3 23,IZUMO3 24,IZUMO3 25,IZUMO3 26,IZUMO3 27,IZUMO3 28,IZUMO3 29,IZUMO3 30,IZUMO3 31,IZUMO3 32,IZUMO3 33,IZUMO3 34,IZUMO3 35,IZUMO3 36,IZUMO3 37,IZUMO3 38,IZUMO3 39,IZUMO3 40,IZUMO3 41,IZUMO3 42,IZUMO3 43,IZUMO3 44,IZUMO3 45,IZUMO3 46,IZUMO3 47,IZUMO3 48,IZUMO3 49,IZUMO3 50,IZUMO3 51,IZUMO3 52,IZUMO3 53,IZUMO3 54,IZUMO3 55,IZUMO3 56,IZUMO3 57,IZUMO3 58,IZUMO3 59,IZUMO3 60,IZUMO3 61,IZUMO3 62,IZUMO3 63,IZUMO3 64,IZUMO3 65,IZUMO3 66,IZUMO3 67,IZUMO3 68,IZUMO3 69,IZUMO3 70,IZUMO3 71,IZUMO3 72,IZUMO3 73,IZUMO3 74,IZUMO3 75,IZUMO3 76,IZUMO3 77,IZUMO3 78,IZUMO3 79,IZUMO3 80,IZUMO3 81,IZUMO3 82,IZUMO3 83,IZUMO3 84,IZUMO3 85,IZUMO3 86,IZUMO3 87,IZUMO3 88,IZUMO3 89,IZUMO3 90,IZUMO3 91,IZUMO3 92,IZUMO3 93,IZUMO3 94,IZUMO3 95,IZUMO3 96,IZUMO3 97,IZUMO3 98,IZUMO3 99,IZUMO3 100,IZUMO3 101,IZUMO3 102,IZUMO3 103,IZUMO3 104,IZUMO3 105,IZUMO3 106,IZUMO3 107,IZUMO3 108,IZUMO3 109,IZUMO3 110,IZUMO3 111,IZUMO3 112,IZUMO3 113,IZUMO3 114,IZUMO3 115,IZUMO3 116,IZUMO3 117,IZUMO3 118,IZUMO3 119,IZUMO3 120,IZUMO3 121,IZUMO3 122,IZUMO3 123,IZUMO3 124,IZUMO3 125,IZUMO3 126,IZUMO3 127,IZUMO3 128,IZUMO3 129,IZUMO3 130,IZUMO3 131,IZUMO3 132,IZUMO3 133,IZUMO3 134,IZUMO3 135,IZUMO3 136,IZUMO3 137,IZUMO3 138,IZUMO3 139,IZUMO3 140,IZUMO3 141,IZUMO3 142,IZUMO3 143,IZUMO3 144,IZUMO3 145,IZUMO3 146,IZUMO3 147,IZUMO3 148,IZUMO3 149,IZUMO3 150,IZUMO3 151,IZUMO3 152,IZUMO3 153,IZUMO3 154,IZUMO3 155,IZUMO3 156,IZUMO3 157,IZUMO3 158,IZUMO3 159,IZUMO3 160,IZUMO3 161,IZUMO3 162,IZUMO3 163,IZUMO3 164,IZUMO3 165,IZUMO3 166,IZUMO3 167,IZUMO3 168,IZUMO3 169,IZUMO3 170,IZUMO3 171,IZUMO3 172,IZUMO3 173,IZUMO3 174,IZUMO3 175,IZUMO3 176,IZUMO3 177,IZUMO3 178,IZUMO3 179,IZUMO3 180,IZUMO3 181,IZUMO3 182,IZUMO3 183,IZUMO3 184,IZUMO3 185,IZUMO3 186,IZUMO3 187,IZUMO3 188,IZUMO3 189,IZUMO3 190,IZUMO3 191,IZUMO3 192,IZUMO3 193,IZUMO3 194,IZUMO3 195,IZUMO3 196,IZUMO3 197,IZUMO3 198,IZUMO3 199,IZUMO3 200,IZUMO3 201,IZUMO3 202,IZUMO3 203,IZUMO3 204,IZUMO3 205,IZUMO3 206,IZUMO3 207,IZUMO3 208,IZUMO3 209,IZUMO3 210,IZUMO3 211,IZUMO3 212,IZUMO3 213,IZUMO3 214,IZUMO3 215,IZUMO3 216,IZUMO3 217,IZUMO3 218,IZUMO3 219,IZUMO3 220,IZUMO3 221
Chrysochloris_asiatica,-,-,-,-,-,-,-,-,-,-,-,-,-,-,-,-,-,-,-,-,-,-,-,-,-,-,-,-,-,-,-,-,-,-,-,-,-,-,-,-,-,-,-,-,-,-,-,-,-,-,-,-,-,-,-,-,-,-,-,-,-,-,-,-,-,-,-,-,-,-,-,-,-,-,-,-,-,-,-,-,-,-,-,-,-,-,-,-,-,-,-,-,-,-,-,-,-,-,-,-,-,-,-,-,-,-,-,-,-,-,-,-,-,-,-,-,-,-,-,-,-,-,-,-,-,-,-,-,-,-,-,-,-,-,-,-,-,-,-,-,-,-,-,-,-,-,-,-,-,-,-,-,-,-,-,-,-,-,-,-,-,-,-,-,-,-,-,-,-,-,-,-,-,-,-,-,-,-,-,-,-,-,-,-,-,-,-,-,-,-,-,-,-,-,-,-,-,-,-,-,-,-,-,-,-,-,-,-,-,-,-,-,-,-,-,-,-,-,-,-,-,-
Balaenoptera_acutorostrata_scammoni,L,L,L,L,L,P,L,S,A,F,H,G,V,K,G,C,L,E,C,D,P,K,F,I,E,D,I,K,S,L,L,V,K,L,V,P,S,E,V,P,G,R,T,H,L,L,E,R,Q,I,K,E,M,I,R,L,S,F,K,V,S,H,R,D,K,M,L,R,V,L,A,V,Q,K,V,V,N,L,R,T,W,L,K,N,E,L,Y,K,L,S,N,E,T,W,K,G,V,L,I,L,Q,V,K,L,L,D,V,R,Q,N,L,E,S,K,L,K,E,L,L,K,N,F,S,E,V,A,C,S,E,D,C,V,V,T,E,G,P,I,L,D,C,W,T,C,L,R,I,T,T,R,C,F,K,G,E,Y,C,A,E,D,D,P,K,K,A,E,N,Q,E,I,A,L,F,L,I,L,L,A,E,G,V,I,L,G,G,A,L,L,L,H,F,C,I,S,H,R,R,K,M,K,A,I,R,R,S,L,K,K,Y,L,E,K,K,L,E,E,L,M,G,I,M,D
Balaenoptera_musculus,L,L,L,L,L,P,L,S,A,F,H,G,V,K,G,C,L,E,C,D,P,K,F,I,E,D,I,K,S,L,L,V,K,L,V,P,S,E,V,P,G,R,T,H,L,L,E,R,Q,I,K,E,M,I,R,L,S,F,K,V,S,H,R,D,K,R,L,R,V,L,A,V,Q,K,V,V,N,L,R,T,W,L,K,N,E,L,Y,K,L,S,N,E,T,W,K,G,V,L,I,L,Q,V,K,L,L,D,V,R,Q,N,L,E,S,K,L,K,E,L,L,K,N,F,S,E,V,A,C,S,E,D,C,V,V,T,E,G,P,I,L,D,C,W,T,C,L,R,I,T,T,R,C,F,K,G,E,Y,C,A,E,D,D,P,K,K,A,E,N,Q,E,I,A,L,F,L,I,L,L,A,E,G,V,I,L,G,G,A,L,L,L,H,F,C,I,S,H,R,R,K,M,K,A,I,R,R,S,L,K,K,Y,L,E,K,K,L,E,E,L,M,G,I,M,D
Echinops_telfairi,L,L,F,L,L,S,L,S,A,F,R,E,V,K,G,C,L,E,C,D,P,K,F,T,E,D,I,K,T,L,I,E,K,L,I,P,S,E,V,P,G,R,N,F,L,V,Q,R,Q,I,K,E,I,I,H,T,S,S,T,V,P,H,R,N,K,M,L,R,V,L,D,V,H,N,V,V,N,L,R,K,W,L,K,T,E,I,E,K,L,E,K,E,T,W,K,G,A,F,I,L,Q,G,K,L,L,E,V,R,Q,N,L,E,S,K,M,K,E,S,L,K,T,F,S,D,V,A,C,S,E,D,C,I,V,T,E,G,P,V,L,D,C,W,S,C,L,R,I,T,T,H,C,F,K,G,E,Y,C,G,D,-,E,S,R,K,A,E,N,R,E,I,T,L,F,L,I,L,L,A,E,A,V,V,F,G,S,S,L,L,L,Y,V,C,V,S,H,R,R,K,M,K,E,I,R,K,S,L,N,S,Y,L,E,K,K,L,E,E,L,M,G,M,V,E
Delphinapterus_leucas,L,L,L,L,L,P,L,S,A,F,H,G,V,K,C,C,L,E,C,D,P,K,F,I,E,D,I,K,S,L,L,V,K,L,V,P,S,E,V,P,G,R,T,H,L,L,E,R,Q,I,K,K,M,I,R,L,S,F,K,V,S,H,S,D,K,M,L,R,V,L,A,V,Q,K,V,V,N,L,R,T,W,L,K,N,E,L,Y,K,L,S,N,E,T,W,K,G,A,L,I,L,Q,V,K,L,L,D,V,R,Q,N,L,E,S,K,L,K,E,L,L,K,N,F,S,E,V,A,C,S,E,D,Y,V,A,T,E,G,P,I,L,D,C,W,T,C,L,R,I,T,T,R,C,F,K,G,E,Y,C,A,E,D,D,P,K,K,A,E,N,Q,E,F,T,L,F,L,I,L,L,A,E,G,V,I,L,G,G,A,L,L,L,H,F,C,I,S,H,R,R,K,M,K,A,I,R,R,S,L,K,K,Y,L,E,K,K,L,E,E,-,-,-,-,-,-
Globicephala_melas,L,L,L,L,L,P,L,S,A,F,H,G,V,K,G,C,L,E,C,D,P,K,F,I,K,D,I,K,S,L,L,V,K,L,V,P,S,E,V,P,-,R,T,H,L,L,E,R,Q,I,K,K,M,I,H,L,S,F,K,V,S,H,S,D,K,M,L,W,V,L,A,V,Q,K,D,V,N,L,R,T,W,L,K,N,E,L,Y,K,L,S,N,E,T,W,K,G,A,L,I,L,Q,V,K,L,L,D,V,R,Q,N,L,E,S,K,L,K,E,L,L,K,N,F,S,E,V,A,C,S,E,D,C,V,V,T,E,G,P,I,L,D,C,W,T,C,L,R,I,T,T,W,C,F,K,G,E,Y,C,A,E,D,D,P,K,K,A,E,N,Q,E,V,T,L,F,L,I,L,L,A,E,G,V,I,L,G,G,A,L,L,L,H,F,C,I,S,H,R,R,K,M,K,A,I,R,R,S,L,K,K,Y,L,E,K,K,L,E,E,-,-,G,I,M,D
Lagenorhynchus_obliquidens,L,L,L,L,L,P,L,S,A,F,H,G,V,K,G,C,L,E,C,D,P,K,F,I,K,D,I,K,S,L,L,V,K,L,V,P,S,E,V,P,G,-,A,H,L,L,E,R,Q,I,K,K,M,I,C,L,S,F,K,I,S,H,S,D,K,M,L,R,V,L,A,V,Q,K,D,V,N,L,R,T,W,L,K,N,E,L,Y,K,L,S,N,E,T,W,K,G,A,L,I,L,Q,V,K,L,L,D,V,R,Q,N,L,E,S,K,L,K,E,L,L,K,N,F,S,E,V,A,C,S,E,D,C,V,V,T,E,G,P,I,L,D,C,W,T,C,L,R,I,T,T,R,C,F,K,G,E,Y,C,A,E,D,D,P,K,K,A,E,N,Q,E,I,T,L,F,L,I,L,L,A,E,G,V,I,L,G,G,A,L,L,L,H,F,C,I,S,H,R,R,K,M,K,A,I,R,R,S,L,K,K,Y,L,E,K,K,L,E,E,-,-,G,I,M,D
Lipotes_vexillifer,L,L,L,L,L,P,L,S,A,F,H,G,V,K,G,C,L,E,C,D,P,K,F,I,E,D,I,K,S,L,L,V,K,L,V,P,S,E,V,P,G,R,T,H,L,L,E,R,Q,I,K,E,M,I,R,L,S,F,K,V,S,H,R,D,K,M,L,R,V,L,A,V,Q,K,V,V,S,L,R,T,W,L,K,N,E,L,Y,K,L,S,N,E,T,W,K,G,A,L,I,F,Q,V,K,L,L,D,V,R,Q,N,L,E,S,K,L,K,E,L,L,K,N,F,S,E,V,A,C,S,E,D,C,V,M,T,E,G,P,I,L,D,C,W,T,C,L,R,I,T,T,R,Y,F,K,G,E,Y,C,A,E,D,D,P,K,K,A,E,N,Q,D,I,A,L,F,L,I,L,L,A,E,G,V,I,L,G,G,A,L,L,L,H,F,C,I,S,H,R,R,K,M,-,-,-,-,R,S,L,K,K,Y,L,E,K,K,L,E,E,L,I,G,I,M,D
Monodon_monoceros,L,L,L,L,L,S,L,S,A,F,H,G,V,K,C,C,L,E,C,D,P,K,F,I,E,D,I,K,S,L,L,V,K,L,V,P,S,D,V,P,G,R,T,H,L,L,E,R,Q,I,K,K,M,I,R,L,S,F,K,V,S,H,S,D,K,M,L,R,V,L,A,V,Q,K,V,V,S,L,R,T,W,L,K,N,E,L,Y,K,L,S,N,E,T,W,K,G,A,L,I,L,Q,V,K,L,L,D,V,R,Q,N,L,E,S,K,L,K,E,L,L,K,N,F,S,E,V,A,C,S,E,D,Y,V,V,T,E,G,P,I,L,D,C,W,T,C,L,R,I,T,T,R,C,F,K,G,E,Y,C,A,E,D,D,P,K,K,A,E,N,Q,E,F,T,L,F,L,K,L,L,A,E,G,V,I,L,G,G,A,L,L,L,H,F,C,I,S,H,R,R,K,M,K,A,I,R,R,S,L,K,K,Y,L,E,K,K,L,E,E,-,-,-,-,-,-
Neophocaena_asiaeorientalis_asiaeorientalis,L,L,L,L,L,P,L,S,A,F,H,G,V,K,C,C,L,E,C,D,P,K,F,I,E,D,T,K,S,L,L,V,K,L,V,P,S,E,V,P,G,R,T,H,L,L,E,R,Q,I,K,K,M,I,R,L,S,F,K,V,S,H,S,D,K,M,L,R,V,L,A,V,Q,K,V,V,N,L,R,T,W,L,K,N,E,L,Y,K,L,S,N,E,T,W,K,G,A,L,I,L,Q,V,K,L,L,D,V,R,Q,N,L,E,S,K,L,K,E,L,L,K,N,F,S,E,V,-,-,-,-,-,-,V,V,T,E,G,P,I,L,D,C,W,T,C,L,R,I,T,T,R,C,F,K,G,E,Y,C,A,E,D,D,P,K,K,A,E,N,Q,E,F,T,L,F,L,I,L,L,A,E,G,V,I,L,G,G,A,L,L,L,H,F,C,I,S,H,R,R,K,M,K,A,I,R,R,S,L,K,K,Y,L,E,K,K,L,E,E,-,-,-,-,-,-
Orcinus_orca,L,L,L,L,L,P,L,S,A,F,H,G,V,K,G,C,L,E,C,D,P,K,F,I,E,D,I,K,S,L,L,V,K,L,V,P,S,E,V,P,G,R,T,H,L,L,E,Q,Q,I,K,K,M,I,R,L,S,F,K,V,S,H,S,D,K,M,L,R,V,L,A,V,Q,K,D,V,N,L,R,T,W,L,K,N,E,L,Y,K,L,S,N,E,T,W,K,G,A,L,I,L,Q,V,K,L,L,D,V,R,Q,N,L,Q,S,K,L,K,E,L,L,K,N,F,S,E,V,A,C,S,E,D,Y,V,V,T,E,G,P,I,L,D,C,W,T,C,L,R,I,T,T,R,C,F,K,G,E,Y,C,A,E,D,D,P,K,K,A,E,N,Q,E,I,T,L,F,L,I,L,L,A,E,G,V,I,L,G,G,A,L,L,L,H,F,C,I,S,H,R,R,K,T,K,A,I,R,R,S,V,K,K,Y,L,E,K,K,L,E,E,-,-,-,-,-,-
Phocoena_sinus,L,L,L,L,L,P,L,S,A,F,H,G,V,K,C,C,L,E,C,D,P,K,F,I,E,D,T,K,S,L,L,V,K,L,V,P,S,E,V,P,G,R,T,H,L,L,E,R,Q,I,K,K,M,I,H,L,S,F,K,V,S,H,S,D,K,M,L,R,V,L,A,V,Q,K,V,V,N,L,R,T,W,L,K,N,E,L,Y,K,L,S,N,E,T,W,K,G,A,L,I,L,Q,V,N,L,L,D,V,H,Q,N,L,E,S,K,L,K,E,L,L,K,N,F,S,E,V,A,C,S,E,D,Y,V,V,T,E,G,P,I,L,D,C,W,T,C,L,R,I,T,T,R,C,F,K,G,E,Y,C,A,E,D,D,P,K,K,A,E,N,Q,E,F,T,L,F,L,I,L,L,A,E,G,V,I,L,G,G,A,L,L,L,H,F,C,I,S,H,R,R,K,M,K,A,I,R,R,S,L,K,K,Y,L,E,K,K,L,E,E,-,-,G,I,M,D
Physeter_catodon,L,L,L,L,L,P,L,S,A,F,H,G,V,K,G,C,L,E,C,D,-,K,F,I,E,D,I,K,S,L,L,V,K,L,V,P,S,E,V,P,G,Q,T,H,L,L,E,R,Q,I,K,E,M,I,C,L,S,F,K,V,S,H,R,D,K,M,L,W,V,L,A,V,Q,K,V,V,N,L,R,T,W,L,K,N,E,L,Y,K,L,S,N,E,T,W,K,G,A,L,I,L,Q,V,K,L,L,D,I,R,Q,N,L,E,S,K,L,K,E,L,L,K,N,F,S,E,V,A,C,S,E,D,C,V,M,T,E,G,P,I,L,D,C,W,T,C,L,R,I,T,T,R,C,F,K,G,E,Y,C,A,E,D,D,P,K,K,A,E,N,E,E,I,A,L,F,L,I,L,L,A,E,G,V,I,L,G,G,A,L,L,P,H,F,C,I,S,H,R,R,R,M,K,A,I,R,R,S,L,K,K,Y,L,E,K,K,L,E,E,L,M,G,I,M,D
Tursiops_truncatus,L,L,L,L,L,P,L,S,A,F,H,G,V,K,G,C,L,E,C,D,P,K,F,I,K,D,I,K,S,L,L,V,K,L,V,P,S,E,V,P,G,-,T,H,L,L,E,R,Q,I,K,K,M,I,C,L,S,F,K,V,S,H,S,D,K,M,L,R,V,L,A,V,Q,K,D,V,N,L,R,T,W,L,K,N,E,L,Y,K,L,S,N,E,T,W,K,G,A,L,I,L,Q,V,K,L,L,D,V,R,Q,N,L,E,S,K,L,K,E,L,L,K,N,F,S,E,V,A,C,S,E,D,C,V,V,T,E,G,P,I,L,D,C,W,T,C,L,R,I,T,T,W,C,F,K,G,E,Y,C,A,E,D,D,P,K,K,A,E,N,Q,E,I,T,L,F,L,I,L,L,A,E,G,V,I,L,G,G,A,L,L,L,H,F,C,I,S,H,R,R,K,M,K,A,I,R,R,S,L,K,K,Y,L,E,R,K,L,E,E,-,-,G,I,M,D
Acinonyx_jubatus,L,L,L,L,L,P,L,S,A,F,H,G,V,K,A,C,L,E,C,D,P,K,F,K,E,D,I,R,S,L,I,A,K,L,V,P,S,E,V,P,G,R,T,H,L,L,E,R,Q,I,K,E,M,I,H,L,S,F,K,V,S,H,G,D,K,M,L,R,V,L,A,V,H,N,A,V,K,L,R,I,W,L,K,N,E,L,Y,K,L,G,N,D,T,W,K,G,A,F,I,L,Q,G,K,L,L,D,V,R,Q,N,L,E,L,K,L,K,E,I,L,K,N,F,S,E,V,A,C,S,E,D,C,V,V,T,E,G,P,I,L,D,C,W,T,C,L,R,I,T,T,Q,C,F,R,G,E,Y,C,G,E,E,D,S,R,M,A,E,N,R,E,I,G,L,F,L,I,L,L,T,E,V,V,I,L,G,S,A,W,L,L,H,I,C,V,S,H,W,R,K,M,K,A,I,R,R,S,L,K,K,Y,L,E,K,K,L,E,E,L,I,G,M,T,D
Acomys_russatus,I,L,L,F,L,P,V,S,A,F,H,G,V,K,G,C,L,E,C,D,P,K,F,I,D,D,V,M,T,L,L,R,H,L,V,P,A,Q,V,P,G,R,A,H,L,L,A,R,Q,H,K,E,I,I,H,L,S,S,K,V,S,H,K,D,K,T,L,R,L,M,A,V,A,N,A,V,K,L,R,T,W,M,K,D,E,F,Y,R,L,G,N,E,T,W,K,G,V,F,I,I,Q,G,K,L,V,K,V,R,Q,N,L,E,I,K,V,K,D,M,L,R,N,F,S,E,V,A,C,S,E,D,C,I,V,T,E,G,P,V,L,D,C,W,T,C,F,R,M,T,T,R,C,F,R,G,D,Y,C,K,D,E,N,P,K,K,A,E,N,R,E,I,S,L,Y,L,M,L,M,A,E,A,V,I,L,A,S,A,V,L,L,H,I,C,V,L,H,R,R,K,M,K,V,I,R,R,T,L,K,T,Y,L,E,K,K,L,E,E,L,V,G,M,I,D
Arvicanthis_niloticus,I,L,I,F,L,P,L,S,A,F,H,G,V,K,G,C,L,E,C,D,P,K,F,T,E,D,V,R,T,L,L,G,K,L,V,P,L,E,V,P,E,R,N,Q,L,L,D,R,Q,H,K,E,M,T,H,I,S,S,K,V,S,H,K,D,K,M,L,R,L,L,A,V,R,N,V,V,K,L,R,V,W,L,K,D,E,F,Y,R,L,G,N,E,T,W,K,G,V,F,I,I,Q,G,K,L,L,E,I,R,Q,N,L,E,K,K,L,T,Q,I,L,K,S,F,S,E,V,A,C,S,E,D,C,I,V,I,E,G,P,V,L,D,C,W,T,C,L,R,M,T,T,R,C,F,K,G,D,Y,C,Q,D,E,D,P,K,K,A,E,N,Q,E,I,S,L,Y,L,I,F,L,A,E,A,V,I,L,A,S,A,V,L,L,H,V,C,I,S,H,R,R,K,M,K,V,I,R,R,T,L,K,T,F,L,D,K,K,L,E,E,L,V,E,K,I,Y
Bison_bison_bison,L,L,L,L,L,P,L,S,A,F,H,G,V,K,G,C,L,E,C,D,P,K,F,I,E,E,V,K,S,L,L,G,K,L,V,P,P,E,V,P,G,R,T,H,M,L,E,R,Q,M,K,E,M,I,R,L,S,F,K,V,S,H,R,D,K,M,L,R,V,L,A,V,Q,K,V,V,D,L,R,T,W,L,K,I,E,L,D,K,L,S,K,E,K,W,K,G,V,F,I,L,Q,G,R,L,L,D,I,R,K,N,L,D,S,K,L,E,K,L,L,K,K,F,S,E,V,A,C,S,E,D,C,V,V,T,E,G,P,I,L,D,C,W,T,C,L,R,I,T,S,R,C,F,R,G,E,Y,C,E,E,D,D,P,K,K,A,E,S,R,E,I,G,L,F,L,I,L,L,A,E,G,V,I,L,G,G,V,L,L,L,H,F,C,I,S,H,Q,R,K,M,K,A,I,R,R,S,L,K,T,Y,L,E,K,K,L,E,E,L,M,G,I,K,D
Bos_indicus,L,L,L,L,L,P,L,S,A,F,H,G,V,K,G,C,L,E,C,D,P,K,F,I,E,E,V,K,S,L,L,G,K,L,V,P,P,E,V,P,G,R,T,H,M,L,E,R,Q,M,K,E,M,I,R,L,S,F,K,V,S,H,R,D,K,M,L,R,V,L,A,V,Q,K,V,V,D,L,R,T,W,L,K,I,E,L,D,K,L,S,K,E,K,W,K,G,V,F,I,L,Q,G,R,L,L,D,I,R,K,N,L,D,S,K,L,E,K,L,L,K,K,F,S,E,V,A,C,S,E,D,C,V,V,T,E,G,P,I,L,D,C,W,T,C,L,R,I,T,S,R,C,F,R,G,E,Y,C,E,E,D,D,P,K,K,A,E,S,R,E,I,G,L,F,L,I,L,L,A,E,G,V,I,L,G,G,V,L,L,L,H,F,C,I,S,H,Q,R,K,M,K,A,I,R,R,S,L,K,T,Y,L,E,K,K,L,E,E,L,M,G,I,K,D
Bos_mutus,L,F,L,L,L,P,L,S,A,F,H,G,V,K,G,C,L,E,C,D,P,K,F,I,E,E,V,K,S,L,L,G,K,L,V,P,P,E,V,P,G,R,T,H,M,L,E,R,Q,M,K,E,M,I,R,L,S,F,K,V,S,H,R,D,K,M,L,R,V,L,A,V,Q,K,V,V,D,L,R,T,W,L,K,I,E,L,D,K,L,S,K,E,K,W,K,G,V,F,I,L,Q,G,R,L,L,D,I,R,K,N,L,D,S,K,L,E,K,L,L,K,K,F,S,E,V,A,C,S,E,D,C,V,V,T,E,G,P,I,L,D,C,W,T,C,L,R,I,T,S,R,C,F,R,G,E,Y,C,E,E,D,D,P,K,K,A,E,S,R,E,I,G,L,F,L,I,L,L,A,E,G,V,I,L,G,G,V,L,L,L,H,F,C,I,S,H,Q,R,K,M,K,A,I,R,R,S,L,K,T,Y,L,E,K,K,L,E,E,L,M,G,I,K,D
Bos_taurus,L,L,L,L,L,P,L,S,A,F,H,G,V,K,G,C,L,E,C,D,P,K,F,I,E,E,V,K,S,L,L,G,K,L,V,P,P,E,V,P,G,R,T,H,M,L,E,R,Q,M,K,E,M,I,R,L,S,F,K,V,S,H,R,D,K,M,L,R,V,L,A,V,Q,K,V,V,D,L,R,T,W,L,K,I,E,L,D,K,L,S,K,E,K,W,K,G,V,F,I,L,Q,G,R,L,L,D,I,R,K,N,L,D,S,K,L,E,K,L,L,K,K,F,S,E,V,A,C,S,E,D,C,V,V,T,E,G,P,I,L,D,C,W,T,C,L,R,I,T,S,R,C,F,R,G,E,Y,C,E,E,D,D,P,K,K,A,E,S,R,E,I,G,L,F,L,I,L,L,A,E,G,V,I,L,G,G,V,L,L,L,H,F,C,I,S,H,Q,R,K,M,K,A,I,R,R,S,L,K,T,Y,L,E,K,K,L,E,E,L,M,G,I,K,D
Bubalus_bubalis,L,L,L,L,L,P,L,S,A,F,H,G,V,K,G,C,L,E,C,D,P,K,F,I,E,E,V,K,S,L,L,G,K,L,V,P,P,E,V,P,G,R,T,H,M,L,E,R,Q,M,K,E,M,I,R,L,S,F,K,V,S,H,R,D,K,M,L,R,V,L,A,V,Q,K,V,V,N,L,R,T,W,L,K,I,E,L,D,K,L,S,K,E,T,W,K,G,V,F,I,L,Q,G,R,L,L,D,I,R,K,N,L,D,S,K,L,E,K,L,L,K,K,F,S,E,V,A,C,S,E,D,C,V,V,T,E,G,P,I,L,D,C,W,T,C,L,R,I,T,S,R,C,F,R,G,E,Y,C,E,E,D,D,P,K,K,A,E,N,R,E,I,G,L,F,L,I,L,L,A,E,G,V,I,L,G,G,V,L,L,L,H,F,C,I,S,H,R,R,K,M,K,A,I,R,R,S,L,K,T,Y,L,E,K,K,L,E,E,L,M,G,I,K,D
Budorcas_taxicolor,L,L,L,L,L,P,L,S,A,F,H,G,V,K,G,C,L,E,C,D,P,K,F,I,E,E,V,K,S,L,L,G,K,L,V,P,P,E,V,P,G,R,T,H,M,L,Q,R,Q,M,E,E,M,I,R,L,S,F,K,V,S,H,R,D,K,M,L,R,V,L,A,V,Q,K,V,V,D,L,R,T,W,L,K,I,E,L,D,K,L,S,K,E,T,W,K,G,V,F,I,L,Q,G,R,L,L,D,I,R,K,N,L,D,S,K,L,E,K,L,L,K,K,F,S,E,V,A,C,S,E,D,C,V,V,T,E,G,P,I,L,D,C,W,T,C,L,R,I,T,S,R,C,F,K,G,E,Y,C,E,E,D,D,P,K,K,A,E,N,R,E,I,G,L,F,L,I,L,L,A,E,G,V,I,L,G,G,V,L,L,L,H,F,C,I,S,H,R,R,K,M,K,A,I,R,R,S,L,K,K,Y,L,E,K,K,L,E,E,L,M,G,V,K,D
Callithrix_jacchus,L,F,L,L,L,P,L,S,A,F,H,G,V,K,G,C,L,E,C,D,P,K,F,I,E,D,I,G,S,L,L,A,N,L,I,P,S,E,V,P,G,Q,T,Q,L,L,E,Q,Q,V,Q,E,M,I,R,L,T,F,K,V,S,H,S,D,K,I,L,R,L,L,D,V,Q,T,V,I,K,L,R,T,W,L,K,N,E,F,H,K,L,G,N,E,T,W,K,G,D,F,I,F,Q,G,K,L,L,E,V,R,Q,S,L,E,A,K,L,K,E,L,L,K,N,F,S,E,V,A,C,S,E,D,C,I,V,V,E,G,P,I,L,D,C,W,T,C,L,R,M,T,S,R,C,F,K,G,E,Y,C,G,D,E,D,P,R,K,A,E,N,R,E,I,A,L,F,L,I,L,L,A,T,A,V,I,L,G,S,V,L,L,L,Y,F,C,I,F,H,R,R,K,M,K,A,I,R,R,S,L,K,E,Y,V,E,N,K,V,E,E,L,M,E,K,I,A
Camelus_bactrianus,L,L,L,L,L,P,L,C,A,F,H,G,V,K,G,C,L,E,C,D,P,K,F,I,E,D,I,K,S,L,L,V,K,L,V,P,S,E,V,P,G,Q,A,H,L,L,E,R,Q,I,K,E,M,I,R,L,S,F,K,V,S,H,R,D,K,M,L,R,V,L,A,V,Q,K,V,V,N,L,R,T,W,L,K,N,E,L,Y,K,L,G,N,E,P,W,K,G,A,F,I,L,Q,G,K,L,L,E,V,R,Q,T,L,E,S,K,L,E,E,M,L,K,N,F,S,E,V,A,C,S,E,D,C,V,V,T,E,G,P,I,L,D,C,W,T,C,L,R,I,T,T,R,C,F,K,G,E,Y,C,A,E,E,D,P,R,K,A,E,N,R,E,I,A,L,F,L,I,L,L,A,E,G,V,I,L,G,G,A,L,L,L,H,F,C,I,S,H,R,R,K,M,K,A,I,R,R,S,L,K,K,Y,L,E,K,K,L,E,E,L,M,G,R,I,N
Camelus_dromedarius,L,L,L,L,L,P,L,C,A,F,H,G,V,K,G,C,L,E,C,D,P,K,F,I,E,D,I,K,S,L,L,V,K,L,V,P,S,E,V,P,G,Q,A,H,L,L,E,R,Q,I,K,E,M,I,R,L,S,F,K,V,S,H,R,D,K,M,L,R,V,L,A,V,Q,K,V,V,N,L,R,T,W,L,K,N,E,L,Y,K,L,G,N,E,P,W,K,G,A,F,I,L,Q,G,K,L,L,E,V,R,Q,T,L,E,S,K,L,E,E,M,L,K,N,F,S,E,V,A,C,S,E,D,C,V,V,T,E,G,P,I,L,D,C,W,T,C,L,R,I,T,T,R,C,F,K,G,E,Y,C,A,E,E,D,P,R,K,A,E,N,R,E,I,A,L,F,L,I,L,L,A,E,G,V,I,L,G,G,A,L,L,L,H,F,C,I,S,H,R,R,K,M,K,A,I,R,R,S,L,K,K,Y,L,E,K,K,L,E,E,L,M,G,R,I,N
Camelus_ferus,L,L,L,L,L,P,L,C,A,F,H,G,V,K,G,C,L,E,C,D,P,K,F,I,E,D,I,K,S,L,L,V,K,L,V,P,S,E,V,P,G,Q,A,H,L,L,E,R,Q,I,K,E,M,I,R,L,S,F,K,V,S,H,R,D,K,M,L,R,V,L,A,V,Q,K,V,V,N,L,R,T,W,L,K,N,E,L,Y,K,L,G,N,E,P,W,K,G,-,-,-,-,-,G,K,L,L,E,V,R,Q,T,L,E,S,K,L,E,E,M,L,K,N,F,S,E,V,A,C,S,E,D,C,V,V,T,E,G,P,I,L,D,C,W,T,C,L,R,I,T,T,R,C,F,K,G,E,Y,C,A,E,E,D,P,R,K,A,E,N,R,E,I,A,L,F,L,I,L,L,A,E,G,V,I,L,G,G,A,L,L,L,H,F,C,I,S,H,R,R,K,M,K,A,I,R,R,S,L,K,K,Y,L,E,K,K,L,E,E,L,M,G,R,I,N
Capra_hircus,L,L,L,L,L,P,L,S,A,F,H,G,V,K,G,C,L,E,C,D,P,K,F,I,E,E,V,K,S,L,L,G,K,L,V,P,P,E,V,P,G,R,T,H,M,L,E,R,Q,M,E,E,M,I,R,L,S,F,K,V,S,H,R,D,K,M,L,R,V,L,A,V,Q,K,V,V,D,L,R,T,W,L,K,I,E,L,D,K,L,S,K,E,T,W,K,G,V,F,I,L,Q,G,R,L,L,D,I,R,K,N,L,D,S,R,L,E,K,L,L,K,K,F,S,E,V,A,C,S,E,D,C,V,V,T,E,G,P,I,L,D,C,W,T,C,L,R,I,T,S,R,C,F,K,G,E,Y,C,E,E,D,D,P,K,K,A,E,N,R,E,I,G,L,F,L,I,L,L,A,E,G,V,I,L,G,G,V,L,L,L,H,F,C,I,S,H,R,R,K,M,K,A,I,R,R,S,L,K,K,Y,L,E,K,K,L,E,E,L,M,G,V,K,D
Cebus_imitator,L,F,L,L,L,P,L,S,A,F,H,G,A,K,G,C,L,E,C,D,P,K,F,I,E,D,I,G,S,L,L,A,N,L,I,P,S,E,V,P,G,Q,T,Q,L,L,E,R,Q,V,Q,E,M,I,R,L,T,F,K,V,S,H,S,D,K,R,L,R,L,L,A,V,Q,T,V,I,K,L,R,T,W,L,K,N,E,F,Y,K,L,G,N,E,T,W,K,G,V,F,I,F,Q,G,K,L,L,E,V,R,Q,S,L,E,A,K,L,K,E,L,L,K,N,F,S,E,A,A,C,S,E,D,C,I,V,V,E,G,P,I,L,D,C,W,T,C,L,R,M,T,S,R,C,F,K,G,E,Y,C,G,D,E,D,P,R,K,A,E,S,Q,E,I,A,L,F,L,I,L,L,A,T,A,V,I,L,G,S,A,V,L,L,Y,F,C,I,F,H,R,R,K,M,K,A,I,R,R,S,L,N,E,Y,L,E,N,K,L,E,E,L,M,E,R,I,D
Ceratotherium_simum_simum,L,L,L,L,L,P,L,T,A,F,H,G,V,K,G,C,L,E,C,D,P,K,F,I,E,D,I,S,S,L,L,A,N,L,L,P,S,E,V,P,G,R,T,H,L,L,E,R,Q,I,K,E,M,T,R,L,S,F,K,V,S,H,R,D,K,M,L,R,V,L,A,V,Q,K,V,V,K,L,R,T,W,L,K,D,E,L,Y,K,L,G,N,E,T,W,K,G,A,F,I,L,Q,G,K,L,L,D,V,R,Q,N,L,E,S,T,L,K,E,I,L,K,N,F,S,E,V,A,C,S,E,D,C,V,V,T,E,G,P,I,L,D,C,W,T,C,L,R,L,T,T,R,C,F,R,G,E,Y,C,G,E,E,D,S,T,K,A,E,N,R,E,I,A,L,F,L,I,L,L,A,E,A,V,I,L,G,S,A,L,L,L,Y,I,C,V,S,H,Q,R,K,M,K,A,I,R,R,S,L,K,K,Y,L,E,K,K,L,E,E,L,M,G,M,I,D
Cercocebus_atys,L,F,L,L,L,P,L,S,A,F,H,G,V,K,G,C,L,E,C,D,P,K,F,I,E,D,V,G,S,L,L,A,N,L,I,P,S,E,V,P,G,Q,T,Q,L,L,E,W,Q,I,K,E,M,I,S,L,S,F,K,V,S,H,S,D,K,R,L,R,V,L,A,V,Q,Q,V,V,K,L,R,T,W,L,K,N,E,F,Y,K,L,G,N,E,T,W,K,G,V,F,I,F,Q,G,K,L,L,E,V,R,Q,N,L,E,S,K,L,K,E,L,L,K,N,F,S,E,V,-,-,-,-,-,-,V,V,V,E,G,P,I,L,D,C,W,M,C,L,R,M,T,N,R,C,F,K,G,E,Y,C,G,D,E,D,P,R,K,A,E,N,R,E,I,A,L,F,L,I,L,L,A,T,V,V,I,L,G,S,A,V,L,L,H,F,C,I,F,H,R,R,K,M,K,A,I,R,R,S,L,K,E,Y,L,E,K,K,L,E,E,L,M,G,N,I,D
Cervus_canadensis,L,L,L,L,L,P,L,S,A,F,H,G,V,K,G,C,L,E,C,D,P,K,F,I,E,E,V,K,S,L,L,G,K,L,V,P,P,E,V,P,G,R,T,H,L,L,E,R,Q,M,K,E,M,I,S,L,S,F,K,V,S,H,R,D,K,M,L,R,V,L,A,V,Q,K,V,V,D,L,R,T,W,L,K,N,E,L,D,K,L,S,K,E,T,W,K,G,V,F,I,L,Q,G,R,L,L,D,I,R,K,N,L,D,S,K,L,E,K,L,L,K,T,F,S,E,V,A,C,S,E,D,C,V,V,T,E,G,P,I,L,D,C,W,T,C,L,R,I,T,S,R,C,F,K,G,E,Y,C,E,E,D,D,P,K,K,A,E,N,R,E,I,G,L,F,L,I,L,L,A,E,V,V,I,L,G,G,V,L,L,L,H,F,C,I,T,H,R,R,K,M,K,A,I,R,R,S,L,K,K,Y,L,E,N,K,L,E,E,L,M,G,I,T,D
Chlorocebus_sabaeus,-,-,-,-,-,-,-,-,-,-,-,-,-,-,-,-,-,-,-,-,-,-,-,-,-,-,-,-,-,-,-,-,-,-,-,-,-,-,-,-,-,-,-,-,-,-,-,-,-,-,-,-,-,-,-,-,-,-,-,-,-,-,-,-,-,-,-,-,-,-,-,-,-,-,-,-,-,-,-,-,-,-,-,-,-,-,-,-,-,-,-,-,-,-,-,-,-,-,-,-,-,-,-,-,-,-,-,-,-,-,-,-,-,-,-,-,-,-,-,-,-,-,-,-,-,-,-,-,-,-,-,-,-,-,-,-,-,-,-,-,-,-,-,-,-,-,-,-,-,-,-,-,-,-,-,-,-,-,-,-,-,-,-,-,-,-,-,-,-,-,-,-,-,-,-,-,-,-,-,-,-,-,-,-,-,-,-,-,-,-,-,-,-,-,-,-,-,-,-,-,-,-,-,-,-,-,-,-,-,-,-,-,-,-,-,-,-,-,-,-,-,-
Colobus_angolensis_palliatus,F,F,L,L,L,P,L,S,A,F,H,G,V,K,G,C,L,E,C,D,P,K,F,I,E,D,V,G,S,L,L,A,N,L,I,P,S,E,V,P,G,Q,T,Q,L,L,E,W,Q,I,K,E,M,I,S,L,S,F,K,V,S,H,S,D,K,R,L,R,V,L,A,V,Q,Q,V,V,K,L,R,T,W,L,K,N,E,F,Y,T,L,G,N,E,T,W,K,G,V,F,I,F,Q,G,K,L,L,E,V,R,Q,N,L,E,S,K,L,K,E,L,L,K,N,F,S,E,V,-,-,-,-,-,-,V,V,V,E,G,P,I,L,D,C,W,M,C,L,R,M,T,N,R,C,F,K,G,E,Y,C,G,D,E,D,P,R,K,A,E,N,R,E,I,A,L,F,L,I,L,L,A,T,V,V,I,L,G,S,A,V,L,L,H,F,C,I,F,H,R,R,K,M,K,A,I,R,R,S,L,K,E,Y,L,E,K,K,L,E,E,L,M,G,K,I,D
Condylura_cristata,L,L,L,L,L,S,L,S,I,F,H,G,V,K,G,C,L,E,C,D,P,K,F,K,E,D,I,R,S,L,L,A,N,I,V,P,T,E,V,P,G,R,T,H,F,L,D,R,Q,S,N,K,L,I,H,L,S,S,K,V,S,H,R,R,K,M,L,R,V,L,A,V,Q,Q,V,V,N,L,R,I,F,L,K,N,E,L,S,R,L,S,N,E,T,W,K,G,T,F,I,L,Q,G,K,L,L,N,V,R,Q,N,L,E,S,N,L,K,E,V,L,K,N,F,S,D,I,A,C,S,E,D,C,V,V,T,E,G,P,I,L,D,C,W,T,C,L,R,I,T,T,K,C,F,K,G,D,Y,C,G,E,E,D,V,K,L,A,E,A,R,E,I,A,L,F,L,I,F,L,A,G,A,V,I,L,G,S,A,W,L,L,H,I,C,V,T,H,R,R,K,M,K,A,I,R,R,S,L,K,K,Y,L,E,K,K,L,E,E,L,M,G,I,T,D
Elephas_maximus_indicus,L,L,F,L,L,S,L,S,A,F,H,G,V,K,G,C,L,E,C,D,P,K,F,I,E,D,I,R,T,L,I,E,N,M,V,P,P,E,V,P,G,R,N,Y,L,L,E,R,Q,I,K,E,M,T,H,I,S,S,K,F,S,H,R,D,K,M,L,R,V,L,D,V,Q,N,V,V,N,L,R,S,W,L,-,-,-,-,-,-,-,-,-,-,T,W,K,G,A,F,I,L,Q,G,K,L,L,E,I,R,Q,N,L,E,S,K,M,K,E,T,L,K,T,F,S,E,V,A,C,S,E,D,C,I,V,T,E,G,P,V,L,D,C,W,T,C,L,R,I,T,T,H,C,F,R,G,E,Y,C,G,D,-,D,S,R,K,A,E,S,R,E,I,A,L,F,L,I,L,L,T,E,A,V,V,L,G,S,T,L,L,L,H,I,C,V,S,H,R,R,K,M,K,A,I,R,R,S,L,K,K,Y,L,E,K,K,L,E,E,L,M,G,M,A,E
Enhydra_lutris_kenyoni,L,L,L,L,L,P,L,S,G,F,H,G,V,K,G,C,L,E,C,D,P,K,F,A,E,D,I,G,F,L,L,A,E,M,V,P,S,E,V,P,G,R,V,H,L,L,E,R,Q,I,K,E,M,I,R,L,S,I,K,V,S,H,R,D,K,M,L,R,V,L,A,V,D,D,V,I,K,L,R,I,W,L,K,N,E,L,Y,K,L,G,N,E,T,W,K,G,A,F,I,L,Q,G,K,L,L,D,V,R,L,N,L,E,S,K,L,K,E,M,L,K,N,F,S,E,V,A,C,S,E,D,C,V,V,T,E,G,P,I,L,D,C,W,T,C,L,R,I,T,S,P,C,F,R,G,E,Y,C,G,E,E,D,S,K,K,A,E,N,R,E,I,V,L,F,L,I,L,L,T,E,V,V,I,L,G,S,A,L,I,L,H,I,C,V,F,H,R,R,K,M,K,A,I,R,R,S,L,K,K,Y,L,E,K,K,L,E,E,L,M,G,M,T,D
Equus_asinus,-,-,L,L,L,L,L,H,I,F,H,G,V,K,G,C,L,E,C,D,P,K,F,I,E,D,I,G,S,L,L,A,N,L,V,P,P,E,V,P,G,R,T,H,L,L,E,R,Q,I,K,E,M,I,R,L,S,F,K,V,S,H,G,D,K,M,L,R,V,L,A,V,Q,K,V,V,K,L,R,T,W,L,K,N,E,L,Y,K,V,G,N,E,T,W,K,G,G,F,I,L,Q,G,K,L,L,D,V,R,Q,N,L,E,S,K,L,T,E,I,L,K,N,F,S,E,V,A,C,S,E,D,C,V,V,T,E,G,P,I,L,D,C,W,T,C,L,R,L,T,T,R,C,F,K,G,E,Y,C,G,E,E,D,S,R,K,A,E,N,R,E,I,S,L,F,L,I,L,L,A,E,A,V,I,L,G,S,A,L,L,L,R,F,C,V,F,H,Q,R,K,M,K,A,I,R,R,S,L,K,K,Y,L,E,R,K,L,E,E,L,L,G,V,I,D
Equus_przewalskii,-,-,L,L,L,L,L,H,V,F,H,G,V,K,G,C,L,E,C,D,P,K,F,I,E,D,I,G,S,L,L,A,N,L,V,P,S,E,V,P,G,R,T,H,L,L,E,R,Q,I,K,E,M,I,R,L,S,F,K,V,S,H,G,D,K,M,L,R,V,L,A,V,Q,K,V,V,K,L,R,T,W,L,K,N,E,L,Y,K,V,G,N,E,T,W,K,G,G,F,I,L,Q,G,K,L,L,D,V,R,Q,N,L,E,S,K,L,T,E,I,L,K,N,F,S,E,V,A,C,S,E,D,C,V,V,T,E,G,P,I,L,D,C,W,T,C,L,R,L,T,T,R,C,F,K,G,E,Y,C,G,E,E,D,S,R,K,A,E,N,R,E,I,S,L,F,L,I,L,L,A,E,A,V,I,L,G,S,A,L,L,L,H,F,C,V,F,H,Q,R,K,M,K,A,I,R,R,S,L,K,K,Y,L,E,R,K,L,E,E,L,M,G,V,I,D
Equus_quagga,-,-,L,L,L,L,L,H,I,F,H,G,V,K,G,C,L,E,C,D,P,K,F,I,E,D,I,G,S,L,L,A,N,L,V,P,P,E,V,P,G,R,T,H,L,L,E,R,Q,I,K,E,M,I,R,L,S,F,K,V,S,H,G,D,K,M,L,R,V,L,A,V,Q,K,V,V,K,L,R,T,W,L,K,N,E,L,Y,K,V,G,N,E,T,W,K,G,G,F,I,L,Q,G,K,L,L,D,V,R,Q,N,L,E,S,K,L,T,E,I,L,K,N,F,S,E,V,A,C,S,E,D,C,V,V,T,E,G,P,I,L,D,C,W,T,C,L,R,L,T,T,R,C,F,K,G,E,Y,C,G,E,E,D,S,R,K,A,E,N,R,E,I,S,L,F,L,I,L,L,A,E,A,V,I,L,G,S,A,L,L,L,H,F,C,V,F,H,Q,R,K,M,K,A,I,R,R,S,L,K,K,Y,L,E,R,K,L,E,E,L,L,G,V,I,D
Gorilla_gorilla_gorilla,L,F,L,L,L,P,L,S,A,F,H,G,V,K,G,C,L,E,C,D,P,K,F,I,E,D,V,G,S,L,L,E,N,L,I,P,S,E,V,P,G,R,T,Q,L,L,E,R,Q,I,K,E,M,I,H,L,S,F,K,V,S,H,S,D,K,R,L,R,V,L,A,V,Q,Q,V,V,K,L,R,T,W,L,K,N,E,F,Y,K,L,G,N,E,T,W,K,G,V,F,I,Y,Q,G,K,L,L,E,V,C,Q,N,L,E,S,K,L,K,E,L,L,K,N,F,S,E,V,A,C,S,E,D,C,I,V,V,E,G,P,I,L,D,C,W,T,C,L,R,M,T,N,R,C,F,K,G,E,Y,C,G,D,E,D,P,R,K,A,E,N,R,E,I,A,L,F,L,I,L,L,A,T,A,V,I,L,G,S,A,V,L,L,H,F,C,I,F,H,R,R,K,M,K,A,I,R,R,S,L,K,E,Y,V,E,K,K,L,E,E,L,M,G,K,I,D
Halichoerus_grypus,L,L,L,L,L,P,L,S,A,F,H,G,V,K,G,C,L,E,C,D,P,K,F,T,E,D,I,R,S,L,L,A,K,M,V,P,S,E,V,P,G,R,V,H,L,L,E,R,Q,I,K,E,M,T,H,L,S,F,K,V,S,R,R,D,K,M,L,R,V,L,A,V,H,K,V,I,K,L,R,I,W,L,K,N,E,L,Y,K,L,G,N,E,T,W,K,G,A,F,I,L,Q,G,K,L,L,D,V,R,Q,N,L,E,S,K,L,K,E,I,L,K,N,F,S,E,V,A,C,S,E,D,C,V,V,T,E,G,P,I,L,D,C,W,T,C,L,R,I,T,S,R,C,F,R,G,E,Y,C,G,E,E,D,S,K,K,A,E,S,R,E,I,A,L,F,L,I,L,L,T,E,V,V,I,L,G,S,A,L,L,L,H,I,C,V,S,H,R,R,K,M,K,A,I,R,S,S,L,K,K,Y,L,E,K,K,L,E,E,L,M,R,M,T,D
Homo_sapiens,L,F,L,L,L,P,L,S,A,F,H,G,V,K,G,C,L,E,C,D,P,K,F,I,E,D,V,G,S,L,L,G,N,L,I,P,S,E,V,P,G,R,T,Q,L,L,E,R,Q,I,K,E,M,I,H,L,S,F,K,V,S,H,S,D,K,R,L,R,V,L,A,V,Q,Q,V,V,K,L,R,T,W,L,K,N,E,F,Y,K,L,G,N,E,T,W,K,G,V,F,I,Y,Q,G,K,L,L,D,V,C,Q,N,L,E,S,K,L,K,E,L,L,K,N,F,S,E,I,A,C,S,E,D,C,I,V,V,E,G,P,I,L,D,C,W,T,C,L,R,M,T,N,R,C,F,K,G,E,Y,C,G,D,E,D,P,R,K,A,E,N,R,E,I,A,L,F,L,I,L,L,A,T,A,V,I,L,G,S,A,V,L,L,H,F,C,I,F,H,R,R,K,M,K,A,I,R,R,S,L,K,E,Y,V,E,K,K,L,E,E,L,M,G,K,I,D
Hylobates_moloch,L,F,L,L,L,L,L,S,G,F,H,G,V,K,G,C,L,E,C,D,P,K,F,I,E,D,V,G,S,F,L,E,N,L,I,P,S,E,V,P,G,R,T,Q,L,L,E,R,H,I,K,E,L,I,D,L,S,F,K,V,S,H,S,D,K,R,L,R,V,L,A,V,Q,Q,V,V,K,L,R,T,W,L,K,N,E,F,Y,K,L,G,N,E,T,W,K,G,V,F,I,Y,Q,G,K,L,L,E,V,C,Q,N,L,E,S,K,L,K,E,L,L,K,N,F,S,E,V,A,C,S,E,D,C,I,V,V,E,G,P,I,L,D,C,W,T,C,L,R,M,T,N,R,C,F,K,G,E,Y,C,G,D,E,D,P,R,K,A,E,N,R,E,I,A,L,F,L,I,L,L,A,T,A,V,I,L,G,S,A,A,L,L,H,F,C,I,F,H,R,R,K,M,K,A,I,R,R,S,L,K,E,Y,M,V,K,K,L,E,E,L,M,G,K,I,D
Ictidomys_tridecemlineatus,L,L,L,L,L,P,L,S,A,L,H,G,V,K,G,C,L,E,C,D,P,K,F,I,E,D,I,R,T,L,L,T,N,L,V,P,S,E,V,P,G,R,N,Q,L,L,E,R,Q,F,K,E,T,I,H,L,S,S,K,V,S,H,G,N,K,M,L,R,V,L,A,V,Q,K,V,V,K,L,R,T,W,L,K,N,E,F,Y,R,L,G,N,E,T,W,K,G,V,F,I,F,Q,G,K,L,L,E,I,R,Q,K,L,E,P,K,V,K,E,T,L,T,A,F,S,E,V,A,C,S,E,D,C,-,V,T,E,G,P,V,L,D,C,W,T,C,L,R,I,T,T,R,C,F,R,G,E,Y,C,R,E,E,D,P,R,K,A,E,Q,R,E,I,T,L,F,L,V,L,L,A,E,A,G,I,L,A,S,A,V,L,L,Y,M,C,V,S,H,R,R,K,M,Q,T,I,R,K,T,L,K,K,Y,L,E,K,K,L,E,E,L,V,G,S,A,D
Leopardus_geoffroyi,L,L,L,L,L,P,L,S,A,F,H,G,V,K,A,C,L,E,C,D,P,K,F,K,E,D,I,R,S,L,I,T,K,L,V,P,S,E,V,P,G,R,T,H,L,L,E,R,Q,I,K,E,M,I,H,L,S,F,K,V,S,H,G,D,K,M,L,R,V,L,A,V,H,K,A,V,K,L,R,I,W,L,K,N,E,L,Y,K,L,G,N,E,T,W,K,G,A,F,I,L,Q,G,K,L,L,D,V,R,Q,N,L,E,S,K,L,K,E,I,L,K,N,F,S,E,V,A,C,S,E,D,C,V,V,T,E,G,P,I,L,D,C,W,T,C,L,R,I,T,T,Q,C,F,R,G,E,Y,C,G,E,E,D,S,R,M,A,E,N,R,E,I,G,L,F,L,I,L,L,T,E,V,V,I,L,G,S,A,W,L,L,H,I,C,V,S,H,W,R,K,M,K,A,I,R,R,S,L,K,K,Y,L,E,K,K,L,E,E,L,I,G,M,T,D
Loxodonta_africana,L,L,F,L,L,S,L,S,A,F,H,G,V,K,G,C,L,E,C,D,P,K,F,I,E,D,V,R,T,L,I,E,N,M,V,P,P,E,V,P,G,R,N,Y,L,L,E,R,Q,I,K,E,M,T,H,I,S,S,K,F,S,H,R,D,K,M,L,R,V,L,D,V,Q,N,V,V,N,L,R,S,W,L,-,-,-,-,-,-,-,-,-,-,T,W,K,G,A,F,I,L,Q,G,K,L,L,E,I,R,Q,N,L,E,S,K,M,K,E,T,L,K,T,F,S,E,V,-,-,-,-,-,-,V,V,T,E,G,P,V,L,D,C,W,T,C,L,R,I,T,T,H,C,F,R,G,E,Y,C,G,D,-,D,S,R,K,A,E,S,R,E,I,A,L,F,L,I,L,L,T,E,A,V,V,L,G,S,T,L,L,L,H,I,C,V,S,H,R,R,K,M,K,A,I,R,R,S,L,K,K,Y,L,E,K,K,L,E,E,L,M,G,M,A,E
Macaca_fascicularis,L,F,L,L,L,P,L,S,A,F,H,G,V,K,G,C,L,E,C,D,P,K,F,I,E,D,V,G,S,L,L,A,N,L,I,P,S,E,V,P,G,Q,T,Q,L,L,E,W,Q,I,K,E,M,I,S,L,S,F,K,V,S,H,S,D,K,R,L,R,V,L,A,V,Q,Q,V,I,K,L,R,T,W,L,K,N,E,F,Y,K,L,G,N,E,T,W,K,G,V,F,I,F,Q,G,K,L,L,E,V,R,Q,N,L,E,S,K,L,K,E,L,L,K,N,F,S,E,V,A,C,S,E,D,C,I,V,V,E,G,P,I,L,D,C,W,M,C,L,R,I,T,N,R,C,F,K,G,E,Y,C,G,D,E,D,P,R,K,A,E,N,R,E,I,A,L,F,L,I,L,L,A,T,V,V,I,L,G,S,A,V,L,L,H,F,C,I,F,H,R,R,K,M,K,A,I,R,R,S,L,K,E,Y,L,E,K,K,L,E,E,L,M,G,N,I,D
Macaca_mulatta,L,F,L,L,L,P,L,S,A,F,H,G,V,K,G,C,L,E,C,D,P,K,F,I,E,D,V,G,S,L,L,A,N,L,I,P,S,E,V,P,G,Q,T,Q,L,L,E,W,Q,I,K,E,M,I,S,L,S,F,K,V,S,H,S,D,K,R,L,R,V,L,A,V,Q,Q,V,V,K,L,R,T,W,L,K,N,E,F,Y,K,L,G,N,E,T,W,K,G,V,F,I,F,Q,G,K,L,L,E,V,R,Q,N,L,E,S,K,L,K,E,L,L,K,N,F,S,E,V,A,C,S,E,D,C,I,V,V,E,G,P,I,L,D,C,W,M,C,L,R,I,T,N,R,C,F,K,G,E,Y,C,G,D,E,D,P,R,K,A,E,N,R,E,I,A,L,F,L,I,L,L,A,T,V,V,I,L,G,S,A,V,L,L,H,F,C,I,F,H,R,R,K,M,K,A,I,R,R,S,L,K,E,Y,L,E,K,K,L,E,E,L,M,G,N,I,D
Macaca_nemestrina,L,F,L,L,L,P,L,S,A,F,H,G,V,K,G,C,L,E,C,D,P,K,F,I,E,D,V,G,S,L,L,A,N,L,I,P,S,E,V,P,G,Q,T,Q,L,L,E,W,Q,I,K,E,M,I,S,L,S,F,K,V,S,H,S,D,K,R,L,R,V,L,A,V,Q,Q,V,V,K,L,R,T,W,L,K,N,E,F,Y,K,L,G,N,E,T,W,K,G,V,F,I,F,Q,G,K,L,L,E,V,R,Q,N,L,E,S,K,L,K,E,L,L,K,N,F,S,E,V,A,C,S,E,D,C,I,V,V,E,G,P,I,L,D,C,W,M,C,L,R,M,T,N,R,C,F,K,G,E,Y,C,G,D,E,D,P,R,K,A,E,N,R,E,I,A,L,F,L,I,L,L,A,T,V,V,I,L,G,S,A,V,L,L,H,F,C,I,F,H,R,R,K,M,K,A,I,R,R,S,L,K,E,Y,L,E,K,K,L,E,E,L,M,G,N,I,D
Macaca_thibetana_thibetana,L,F,L,L,L,P,L,S,A,F,H,G,V,K,G,C,L,E,C,D,P,K,F,I,E,D,V,G,S,L,L,A,N,L,I,P,S,E,V,P,G,Q,T,Q,L,L,E,W,Q,I,K,E,M,I,S,L,S,F,K,V,S,H,S,D,K,R,L,R,V,L,A,V,Q,Q,V,V,K,L,R,T,W,L,K,N,E,F,Y,K,L,G,N,E,T,W,K,G,V,F,I,F,Q,G,K,L,L,E,V,R,Q,N,L,E,S,K,L,K,E,L,L,K,N,F,S,E,V,A,C,S,E,D,C,I,V,V,E,G,P,I,L,D,C,W,M,C,L,R,M,T,N,R,C,F,K,G,E,Y,C,G,D,E,D,P,R,K,A,E,N,R,E,I,A,L,F,L,I,L,L,A,T,V,V,I,L,G,S,A,V,L,L,H,F,C,I,F,H,R,R,K,M,K,A,I,R,R,S,L,K,E,Y,L,E,K,K,L,E,E,L,M,G,N,I,D
Mandrillus_leucophaeus,L,F,L,L,L,P,L,S,A,F,H,G,V,K,G,C,L,E,C,D,P,K,F,I,E,D,I,G,S,L,L,A,N,L,I,P,S,E,V,P,G,Q,T,Q,L,L,E,W,Q,I,K,E,M,I,S,L,S,F,K,V,S,H,S,D,K,R,L,R,V,L,A,V,Q,Q,V,V,K,L,R,T,W,L,K,N,E,F,Y,K,L,G,N,E,T,W,K,G,V,F,I,F,Q,G,K,L,L,E,V,R,Q,N,L,E,S,K,L,K,E,L,L,K,N,F,S,E,V,-,-,-,-,-,-,V,V,V,E,G,P,I,L,D,C,W,M,C,L,R,M,T,N,R,C,F,K,G,E,Y,C,G,D,E,D,P,R,K,A,E,N,R,Q,I,A,L,F,L,I,L,L,A,T,V,V,I,L,G,S,A,A,L,L,H,F,C,I,F,H,R,R,K,M,K,A,I,R,R,S,L,K,E,Y,L,E,K,K,L,E,E,L,M,G,N,T,D
Marmota_flaviventris,L,L,L,L,L,P,L,S,A,L,H,G,V,K,G,C,L,E,C,D,P,K,F,I,E,D,I,R,T,M,L,T,N,L,V,P,S,E,V,P,G,R,N,Q,L,L,E,R,Q,F,K,E,T,I,H,L,S,S,K,V,S,H,R,N,K,M,L,R,V,L,A,V,Q,K,V,V,K,L,R,T,W,L,K,N,E,F,Y,R,L,G,N,E,T,W,K,G,V,F,I,F,Q,G,K,L,L,E,I,R,Q,K,L,E,S,E,V,R,E,T,L,T,A,F,S,E,V,A,C,S,E,D,C,I,V,T,E,G,P,V,L,D,C,W,T,C,L,R,I,T,T,R,C,F,R,G,E,Y,C,R,E,E,D,P,R,K,A,E,Q,R,E,I,T,L,F,L,V,L,L,A,E,A,G,I,L,A,S,A,V,L,L,Y,M,C,V,S,H,R,R,K,M,Q,T,I,R,K,T,L,K,K,Y,L,E,K,K,L,E,E,L,V,G,S,A,D
Marmota_marmota_marmota,L,L,L,L,L,P,L,S,A,L,H,G,V,K,G,C,L,E,C,D,P,K,F,I,E,D,I,R,T,V,L,T,N,L,V,P,S,E,V,P,G,R,N,Q,L,L,E,R,Q,F,K,E,T,I,H,L,S,S,K,V,S,H,G,N,K,M,L,R,V,L,A,V,Q,K,V,V,K,L,R,T,W,L,K,N,E,F,Y,R,L,G,N,E,T,W,K,G,V,F,I,F,Q,G,K,L,L,E,I,R,Q,K,L,E,S,K,V,K,E,T,L,T,A,F,S,E,V,A,C,S,E,D,C,I,V,T,E,G,P,V,L,D,C,W,T,C,L,R,I,T,T,R,C,F,R,G,E,Y,C,R,E,E,D,P,R,K,A,E,Q,R,E,I,T,L,F,L,V,L,L,A,E,A,G,I,L,A,S,A,V,L,L,Y,M,C,V,S,H,R,R,K,M,Q,T,I,R,K,T,L,K,K,Y,L,E,K,K,L,E,E,L,V,G,S,A,D
Marmota_monax,L,L,L,L,L,P,L,S,A,L,H,G,V,K,G,C,L,E,C,D,P,K,F,I,E,D,I,R,T,V,L,T,N,L,V,P,S,E,V,P,G,R,N,Q,L,L,E,R,Q,F,K,E,T,I,H,L,S,S,K,V,S,H,G,N,K,M,L,R,V,L,A,V,Q,K,V,V,K,L,R,T,W,L,K,N,E,F,Y,R,L,G,N,E,T,W,K,G,V,F,I,F,Q,G,K,L,L,E,I,R,Q,K,L,E,S,E,V,K,E,T,L,T,A,F,S,E,V,A,C,S,E,D,C,I,V,T,E,G,P,V,L,D,C,W,T,C,L,R,I,T,T,R,C,F,R,G,E,Y,C,R,E,E,D,P,R,K,A,E,Q,R,E,I,T,L,F,L,V,L,L,A,E,A,G,I,L,A,S,A,V,L,L,Y,M,C,V,S,H,R,R,K,M,Q,T,I,R,K,T,L,K,K,Y,L,E,K,K,L,E,E,L,V,G,S,A,D
Nannospalax_galili,V,F,F,L,L,P,L,S,A,F,H,E,V,R,S,C,L,E,C,D,P,K,F,I,E,D,V,R,T,L,L,G,H,L,I,P,V,E,V,P,G,R,T,Q,L,L,E,R,Q,F,K,E,I,T,H,L,S,F,K,V,S,H,E,D,T,T,L,R,L,L,A,V,P,K,V,V,E,L,R,M,C,L,K,D,E,L,H,R,L,G,N,E,T,W,T,G,V,F,I,I,Q,G,K,L,L,E,V,R,G,N,L,E,S,K,L,K,E,T,I,K,S,F,S,E,V,A,C,S,E,D,C,I,T,I,E,G,P,V,L,D,C,W,T,C,L,R,M,T,T,G,C,F,R,G,D,Y,C,K,E,E,N,P,K,K,A,E,N,R,E,I,V,L,F,L,I,L,M,T,E,A,V,I,L,A,S,A,V,L,L,H,F,C,V,S,H,R,R,K,M,N,A,T,R,R,T,L,K,K,Y,L,E,K,K,L,E,E,L,V,G,-,-,-
Neomonachus_schauinslandi,L,L,L,L,L,P,L,S,T,F,H,G,V,K,G,C,L,E,C,D,P,K,F,T,E,D,I,R,S,L,L,A,K,M,V,P,S,E,V,P,G,Q,V,H,L,L,E,R,Q,I,K,E,M,T,H,L,S,F,K,V,S,R,R,D,K,M,L,R,V,L,A,V,H,K,V,I,K,L,R,I,W,L,K,N,E,L,Y,K,L,G,N,E,T,W,K,G,A,F,I,L,Q,G,K,L,L,D,V,R,Q,N,L,E,S,K,L,K,E,I,L,K,N,F,S,E,V,A,C,S,E,D,C,V,V,T,E,G,P,I,L,D,C,W,T,C,L,R,I,T,S,R,C,F,R,G,E,Y,C,G,E,E,D,S,K,K,A,E,S,R,E,I,A,L,F,L,I,L,L,T,E,V,V,I,L,G,S,A,L,L,L,H,I,C,V,S,H,R,R,K,M,K,A,I,R,S,S,L,K,K,Y,L,E,K,K,L,E,E,L,M,R,M,T,D
Nomascus_leucogenys,L,F,L,L,L,P,L,S,G,F,H,G,V,K,G,C,L,E,C,D,P,K,F,I,E,D,I,G,S,L,L,E,N,L,I,P,S,E,V,P,G,R,T,Q,L,L,E,R,Q,I,K,E,L,I,D,L,S,F,K,V,S,H,S,D,K,R,L,R,V,L,A,V,R,Q,V,V,K,L,R,T,W,L,K,N,E,F,Y,K,L,G,N,E,T,W,K,G,V,F,I,Y,Q,G,K,L,L,E,V,C,Q,N,L,E,S,K,L,K,E,L,L,K,N,F,S,E,V,A,C,S,E,D,C,I,V,V,E,G,P,I,L,D,C,W,T,C,L,R,M,T,N,R,C,F,K,G,E,Y,C,G,D,E,D,P,R,K,A,E,N,R,E,I,A,L,F,L,I,L,L,A,T,A,V,I,L,G,S,A,V,L,L,H,F,C,I,F,H,R,R,K,M,K,A,I,R,R,S,I,K,E,Y,M,V,K,K,V,E,E,L,M,G,K,I,D
Ochotona_curzoniae,V,L,L,L,L,P,L,S,A,F,Q,G,V,R,G,C,L,E,C,D,P,K,F,R,E,D,I,K,A,M,L,E,K,L,I,P,S,E,V,P,S,R,T,E,L,I,E,H,Q,F,K,E,M,T,R,L,S,F,K,V,S,H,E,N,K,M,L,R,V,L,A,I,E,T,V,V,K,L,R,T,W,L,K,N,E,F,S,K,L,S,K,E,T,W,K,G,V,F,I,L,Q,G,K,L,L,E,I,R,Q,T,L,E,S,K,L,Q,K,L,L,K,S,F,S,E,V,A,C,S,E,D,C,I,L,I,E,G,P,I,L,D,C,W,T,C,L,R,I,T,T,Q,C,F,K,G,E,Y,C,G,E,D,D,P,K,K,A,E,S,R,E,I,G,L,F,L,V,L,L,A,E,I,G,I,L,A,S,A,V,L,L,H,F,C,V,I,H,R,R,R,M,K,E,I,R,N,T,L,K,K,Y,L,E,K,K,L,E,Q,L,I,G,-,-,-
Ochotona_princeps,V,L,L,L,L,P,L,S,A,F,H,R,V,R,G,C,L,E,C,D,P,K,F,R,E,D,I,K,A,I,L,E,K,L,I,P,S,E,V,P,S,R,T,E,L,I,E,H,Q,F,K,E,M,T,R,I,S,F,K,V,S,H,K,N,K,M,L,R,V,L,A,I,E,T,V,I,K,L,R,T,W,L,K,N,E,F,S,K,L,S,K,E,T,W,K,G,V,F,I,L,Q,G,K,L,L,E,I,R,Q,T,L,E,S,K,L,Q,T,L,L,K,S,F,S,E,V,A,C,S,E,D,C,I,V,I,E,G,P,I,L,D,C,W,T,C,L,R,I,T,T,Q,C,F,K,G,E,Y,C,G,E,D,D,P,K,K,A,E,S,R,E,I,G,L,F,L,V,L,L,A,E,I,G,I,L,A,S,A,V,L,L,H,F,C,V,I,H,R,R,R,M,K,E,I,R,N,T,L,K,K,Y,L,E,K,K,L,E,Q,L,I,G,-,-,-
Octodon_degus,-,L,V,L,L,P,L,S,A,T,H,G,V,K,G,C,L,E,C,D,P,K,F,T,K,D,I,R,T,L,L,A,N,M,V,P,H,D,V,P,G,R,T,Q,L,L,E,R,H,I,K,L,M,V,R,L,S,F,Q,V,S,H,R,D,K,M,L,R,V,L,D,V,S,K,V,V,K,L,R,I,W,L,K,D,E,L,Y,R,L,G,N,K,T,W,K,G,A,F,I,F,Q,G,R,F,L,N,V,R,Q,N,L,E,S,K,V,K,E,A,L,K,D,F,S,E,V,A,C,S,E,D,C,T,V,I,E,G,P,I,L,D,C,W,T,C,L,R,I,F,T,Q,C,F,K,G,E,Y,C,G,D,D,D,P,R,K,A,E,N,R,E,I,I,L,F,L,I,F,L,T,E,A,V,I,L,A,S,V,V,L,L,H,I,C,I,S,H,R,R,K,M,K,Q,I,R,R,T,L,K,Q,Y,L,E,K,K,L,E,E,L,V,R,A,T,D
Ovis_aries,L,L,L,L,L,P,L,S,A,F,H,G,V,K,G,C,L,E,C,D,P,K,F,I,E,E,V,K,S,L,L,G,N,L,V,P,P,E,V,P,G,R,T,H,M,L,E,R,Q,M,E,E,M,I,R,L,S,F,K,V,S,H,R,D,K,M,L,R,V,L,A,V,Q,K,V,V,D,L,R,T,W,L,K,I,K,L,D,K,L,S,K,E,T,W,K,G,V,F,I,L,Q,G,R,L,L,D,I,R,K,N,L,D,S,K,L,E,K,L,L,K,K,F,S,E,V,A,C,S,E,D,C,V,V,T,E,G,P,I,L,D,C,W,T,C,L,R,I,T,S,R,C,F,K,G,E,Y,C,E,E,D,D,P,K,K,A,E,S,R,E,I,G,L,F,L,I,L,L,A,E,G,V,I,L,G,G,V,L,L,L,H,F,C,I,S,H,R,R,K,M,K,A,I,R,R,S,L,K,K,Y,L,E,K,K,L,E,E,L,M,G,V,K,D
Pan_paniscus,L,F,L,L,L,P,L,S,A,F,H,G,V,K,G,C,L,E,C,D,P,K,F,I,E,D,V,G,S,L,L,E,N,L,I,P,S,E,V,P,G,R,T,Q,L,L,E,R,Q,I,K,E,M,I,H,L,S,F,K,V,S,H,S,D,K,R,L,R,V,L,A,V,Q,Q,V,V,K,L,R,T,W,L,K,N,E,F,Y,K,L,G,N,E,T,W,K,G,V,F,I,Y,Q,G,K,L,L,E,V,C,Q,N,L,E,S,K,L,K,E,L,L,K,N,F,S,E,V,A,C,S,E,D,C,I,V,V,E,G,P,I,L,D,C,W,T,C,L,R,M,T,N,R,C,F,K,G,E,Y,C,G,D,E,D,P,R,K,A,E,N,R,E,I,A,L,F,L,I,L,L,A,T,A,V,I,L,G,S,A,V,L,L,H,F,C,I,F,H,R,R,K,M,K,A,I,R,R,S,L,K,E,Y,V,E,K,K,L,E,E,L,M,G,K,I,D
Pan_troglodytes,L,F,L,L,L,P,L,S,A,F,H,G,V,K,G,C,L,E,C,D,P,K,F,I,E,D,V,G,S,L,L,E,N,L,I,P,S,E,V,P,G,R,T,Q,L,L,E,R,Q,I,K,E,M,I,H,L,S,F,K,V,S,H,S,D,K,R,L,R,V,L,A,V,Q,Q,V,V,K,L,R,T,W,L,K,N,E,F,Y,K,L,G,N,E,T,W,K,G,V,F,I,Y,Q,G,K,L,L,E,V,C,Q,N,L,E,S,K,L,K,E,L,L,K,N,F,S,E,V,A,C,S,E,D,C,I,V,V,E,G,P,I,L,D,C,W,T,C,L,R,M,T,N,R,C,F,K,G,E,Y,C,G,D,E,D,P,R,K,A,E,N,R,E,I,A,L,F,L,I,L,L,A,T,A,V,I,L,G,S,A,V,L,L,H,F,C,I,F,H,R,R,K,M,K,A,I,R,R,S,L,K,E,Y,V,E,K,K,L,E,E,L,M,G,K,I,D
Panthera_tigris_altaica,-,-,-,-,-,-,-,-,-,-,-,-,-,-,-,-,-,-,-,-,-,-,-,-,-,-,-,-,-,-,-,-,-,-,-,-,-,-,-,-,-,-,-,-,-,-,-,-,-,-,-,-,-,-,-,-,-,-,-,-,-,-,-,-,-,-,-,-,-,-,-,-,-,-,-,-,-,-,-,-,-,-,-,-,-,-,-,-,-,-,-,-,-,-,-,-,-,-,-,-,-,-,-,-,-,-,-,-,-,-,-,-,-,-,-,-,-,-,-,-,-,-,-,-,-,-,-,-,-,-,-,-,-,-,-,-,-,-,-,-,-,-,-,-,-,-,-,-,-,-,-,-,-,-,-,-,-,-,-,-,-,-,-,-,-,-,-,-,-,-,-,-,-,-,-,-,-,-,-,-,-,-,-,-,-,-,-,-,-,-,-,-,-,-,-,-,-,-,-,-,-,-,-,-,-,-,-,-,-,-,-,-,-,-,-,-,-,-,-,-,-,-
Papio_anubis,L,F,L,L,L,P,L,S,A,F,H,G,V,K,G,C,L,E,C,D,P,K,F,I,E,D,V,G,S,L,L,A,N,L,I,P,S,E,V,P,G,Q,T,Q,L,L,E,W,Q,I,K,E,M,I,S,L,S,F,K,V,S,H,S,D,K,R,L,R,V,L,A,V,Q,Q,V,V,K,L,R,T,W,L,K,N,E,F,Y,K,L,G,N,E,T,W,K,G,V,F,I,F,Q,G,K,L,L,E,V,R,Q,N,L,E,S,K,L,K,E,L,L,K,N,F,S,E,V,A,C,S,E,D,C,I,V,V,E,G,P,I,L,D,C,W,M,C,L,R,M,T,N,R,C,F,K,G,E,Y,C,G,D,E,D,P,R,K,A,E,N,R,E,I,A,L,F,L,I,L,L,A,T,V,V,I,L,G,S,A,V,L,L,H,F,C,I,F,H,R,R,K,M,K,A,I,R,R,S,L,K,E,Y,L,E,K,K,L,E,E,L,M,G,N,I,D
Piliocolobus_tephrosceles,L,F,L,L,L,P,L,S,A,F,H,G,V,K,G,C,L,E,C,D,P,K,F,I,E,D,V,G,S,L,L,A,N,L,I,P,S,E,V,P,G,Q,T,Q,L,L,E,W,Q,I,K,E,M,I,S,L,S,F,K,V,S,H,S,D,K,R,L,R,V,L,A,V,Q,Q,V,V,K,L,R,T,W,L,K,N,E,F,Y,K,L,G,N,G,T,W,K,G,V,F,I,F,Q,G,K,L,L,E,V,R,Q,N,L,E,S,K,L,K,E,L,L,K,N,F,S,E,V,A,C,S,E,D,C,I,V,V,E,G,P,I,L,D,C,W,M,C,L,R,M,T,N,R,C,F,K,G,E,Y,C,G,D,E,D,P,R,K,A,E,N,R,E,I,A,L,F,L,I,L,L,A,T,V,V,I,L,G,S,A,V,L,L,H,F,C,I,F,H,R,R,K,M,K,A,T,R,R,S,L,K,E,Y,L,E,K,K,L,E,E,L,M,G,K,I,D
Pongo_abelii,L,F,L,L,L,P,L,S,A,F,H,G,V,K,G,C,L,E,C,D,P,K,F,I,E,D,V,G,S,L,L,E,N,L,I,P,S,E,V,P,G,R,T,Q,L,L,E,R,Q,I,K,E,M,I,H,L,S,F,K,V,S,H,S,D,K,R,L,R,V,L,A,V,Q,Q,V,V,K,L,R,T,W,L,K,N,E,F,Y,K,L,G,N,E,T,W,K,G,V,F,I,Y,Q,G,K,L,L,E,V,C,Q,N,L,E,S,K,L,K,E,L,L,K,N,F,S,E,V,-,-,-,-,-,-,V,V,V,E,G,P,I,L,D,C,W,T,C,L,R,M,T,D,R,C,F,K,G,E,Y,C,G,D,E,D,P,R,K,A,E,N,R,E,I,A,L,F,L,I,L,L,A,T,A,V,I,L,G,S,A,M,L,L,H,F,C,I,F,H,R,R,K,I,K,A,I,R,R,S,L,K,E,Y,M,E,K,K,L,E,E,L,M,G,K,I,D
Propithecus_coquereli,L,L,L,L,L,P,L,S,A,F,H,G,V,K,G,C,L,E,C,D,P,K,F,K,E,D,V,R,S,L,L,S,K,L,V,P,P,E,V,P,G,R,T,Q,L,L,E,R,Q,S,K,E,M,I,S,L,S,F,K,V,S,H,S,D,K,M,L,R,V,L,D,V,Q,K,V,V,K,L,R,T,W,L,K,N,E,F,Y,K,L,S,N,E,T,W,K,G,V,F,I,L,Q,G,K,L,L,E,I,R,Q,N,L,E,Y,K,L,K,E,L,L,K,N,F,S,E,V,-,-,-,-,-,-,V,V,V,E,G,P,I,L,D,C,W,T,C,L,R,M,T,T,R,C,F,K,G,E,Y,C,G,D,E,D,P,M,K,D,E,N,R,E,I,A,L,F,L,I,L,L,A,T,A,T,I,L,G,S,G,L,L,L,L,V,C,V,I,H,R,R,K,M,K,E,I,R,R,S,L,K,E,Y,L,K,N,K,L,E,E,L,L,G,M,V,E
Rhinopithecus_bieti,L,F,L,L,L,P,L,S,A,F,H,G,V,K,G,C,F,E,C,D,P,K,F,I,E,D,V,G,S,L,L,A,N,L,I,P,S,E,V,P,G,R,T,Q,L,L,E,W,Q,I,K,E,M,I,S,L,S,F,K,V,S,H,S,D,K,R,L,R,V,L,A,V,Q,Q,V,V,K,L,R,T,W,L,K,N,E,F,Y,K,L,G,N,E,T,W,K,G,V,F,I,F,Q,G,K,L,L,E,V,R,Q,N,L,E,S,K,L,K,E,L,L,K,N,F,S,E,V,A,C,S,E,D,C,I,V,V,E,G,P,I,L,D,C,W,M,C,L,R,M,T,N,R,C,F,K,G,E,Y,C,G,D,E,D,P,R,K,A,E,N,R,E,I,A,L,F,L,I,L,L,A,T,V,V,I,L,G,S,A,V,L,L,H,F,C,I,F,H,R,R,K,M,K,A,I,R,R,S,L,K,E,Y,V,E,D,K,L,E,E,L,M,G,K,I,D
Rhinopithecus_roxellana,L,F,L,L,L,P,L,S,A,F,H,G,V,K,G,C,F,E,C,D,P,K,F,I,E,D,V,G,S,L,L,A,N,L,I,P,S,E,V,P,G,R,T,Q,L,L,E,W,Q,I,K,E,M,I,S,L,S,F,K,V,S,H,S,D,K,R,L,R,V,L,A,V,Q,Q,V,V,K,L,R,T,W,L,K,N,E,F,Y,K,L,G,N,E,T,W,K,G,V,F,I,F,Q,G,K,L,L,E,V,R,Q,N,L,E,S,K,L,K,E,L,L,K,N,F,S,E,V,A,C,S,E,D,C,I,V,V,E,G,P,I,L,D,C,W,M,C,L,R,M,T,N,R,C,F,K,G,E,Y,C,G,D,E,D,P,R,K,A,E,N,R,E,I,A,L,F,L,I,L,L,A,T,V,V,I,L,G,S,A,V,L,L,H,F,C,I,F,H,R,R,K,M,K,A,I,R,R,S,L,K,E,Y,V,E,D,K,L,E,E,L,M,G,K,I,D
Saimiri_boliviensis_boliviensis,L,F,L,L,L,P,L,S,A,F,H,G,V,K,G,C,L,E,C,D,P,K,F,I,E,D,I,G,S,L,L,A,N,L,I,P,S,E,V,P,G,Q,T,Q,L,L,E,R,Q,V,Q,E,M,I,R,L,T,F,K,V,S,H,S,D,K,M,L,R,L,L,A,V,Q,T,V,I,K,L,R,T,W,L,K,N,E,F,Y,K,L,G,N,E,T,W,K,G,V,F,I,F,Q,G,K,L,L,E,V,R,Q,S,L,E,A,K,L,K,E,L,L,K,N,F,S,E,V,A,C,S,E,D,C,I,V,V,E,G,P,I,L,D,C,W,T,C,L,R,M,T,S,R,C,F,K,G,E,Y,C,G,D,E,D,P,R,K,A,E,S,R,E,I,A,L,F,L,I,L,L,A,T,A,V,I,L,G,S,A,V,L,L,Y,F,C,I,F,H,R,R,K,M,K,A,I,R,R,S,L,K,E,Y,L,E,N,K,L,E,E,L,M,E,K,I,D
Sapajus_apella,L,F,L,L,L,P,L,S,A,F,H,G,A,K,G,C,L,E,C,D,P,K,F,I,E,D,I,G,S,L,L,A,N,L,I,P,S,E,V,P,G,Q,T,Q,L,L,E,R,Q,V,Q,E,M,I,R,L,T,F,K,V,S,H,S,D,K,M,L,R,L,L,A,V,Q,T,V,I,K,L,R,T,W,L,K,N,E,F,Y,K,L,G,N,E,T,W,K,G,V,F,I,F,Q,G,K,L,L,E,V,R,Q,S,L,E,A,K,L,K,E,L,L,K,N,F,S,E,V,A,C,S,E,D,C,I,V,V,E,G,P,I,L,D,C,W,T,C,L,R,M,T,S,R,C,F,K,G,E,Y,C,G,D,E,D,P,R,K,A,E,S,R,D,I,A,L,F,L,I,L,L,A,T,A,V,I,L,G,S,A,V,L,L,Y,F,C,I,F,H,R,R,K,M,K,A,I,R,R,S,L,N,E,Y,L,E,N,K,L,E,E,L,M,E,R,I,D
Suricata_suricatta,L,L,L,L,L,P,L,S,A,F,H,E,V,K,A,C,L,E,C,D,P,K,F,T,D,D,I,R,P,M,L,E,K,L,V,P,L,E,V,P,G,R,T,H,L,L,E,R,Q,I,K,E,M,I,N,L,S,F,K,V,F,H,R,D,K,M,L,R,V,L,A,V,N,K,A,V,K,L,R,I,W,L,K,N,E,L,Y,K,L,G,N,E,T,W,K,G,A,F,I,L,Q,G,K,L,L,D,V,R,Q,N,L,E,S,K,L,K,E,I,L,K,N,F,S,E,V,A,C,S,E,D,C,V,V,T,E,G,P,V,L,D,C,W,T,C,L,R,I,T,T,Q,C,F,K,G,E,Y,C,G,E,E,D,S,R,M,A,E,N,R,E,I,G,L,F,L,I,L,L,T,E,V,V,I,L,G,S,A,L,L,L,H,I,C,V,S,H,R,R,K,M,K,A,I,R,R,S,L,K,K,Y,L,E,K,K,L,E,E,L,I,G,M,T,D
Theropithecus_gelada,L,F,L,L,L,P,L,S,A,F,H,G,V,K,G,C,L,E,C,D,P,K,F,I,E,D,V,G,S,L,L,A,N,L,I,P,S,E,V,P,G,Q,T,Q,L,L,E,W,Q,I,K,E,M,I,S,L,S,F,K,V,S,H,S,D,K,R,L,R,V,L,A,V,Q,Q,V,V,K,L,R,T,W,L,K,N,E,F,Y,K,L,G,N,E,T,W,K,G,V,F,I,F,Q,G,K,L,L,E,V,R,Q,N,L,E,S,K,L,K,E,L,L,K,N,F,S,E,V,-,-,-,-,-,-,V,V,V,E,G,P,I,L,D,C,W,M,C,L,R,M,T,N,R,C,F,K,G,E,Y,C,G,D,E,D,P,R,K,A,E,N,R,E,I,A,L,F,L,I,L,L,A,T,V,V,I,L,G,S,A,V,L,L,H,F,C,I,F,H,R,R,K,M,K,A,I,R,R,S,L,K,E,Y,L,E,K,K,L,E,E,L,M,G,N,I,D
Trachypithecus_francoisi,L,F,L,L,L,P,L,S,A,F,H,G,V,K,G,C,L,E,C,D,P,K,F,I,E,D,V,G,S,L,L,A,N,L,I,P,S,E,A,P,G,R,S,Q,L,L,E,W,Q,I,K,E,M,I,S,L,S,F,K,V,S,H,S,D,K,R,L,R,V,L,A,V,Q,Q,V,V,K,L,R,T,W,L,K,N,E,F,Y,K,L,G,N,E,T,W,K,G,V,F,I,F,Q,G,K,L,L,E,V,R,Q,N,L,E,S,K,L,K,E,L,L,K,N,F,S,E,V,A,C,S,E,D,C,I,V,V,E,G,P,I,L,D,C,W,M,C,L,R,M,T,N,R,C,F,K,G,E,Y,C,G,D,E,D,P,R,K,A,E,N,R,E,I,A,L,F,L,I,L,L,A,T,V,V,I,L,G,S,A,V,L,L,H,F,C,I,F,H,R,R,K,M,K,A,I,R,R,S,L,K,E,Y,V,E,K,K,L,E,E,L,M,G,K,I,D
Tupaia_chinensis,S,L,L,L,L,P,L,S,A,F,Y,G,V,T,G,C,L,E,C,D,L,K,F,T,E,D,V,K,S,L,L,A,N,L,L,P,S,E,V,P,G,R,T,H,L,F,Q,Q,H,I,K,D,V,I,H,L,S,F,K,V,S,H,S,D,K,R,L,W,V,L,D,V,A,K,V,V,K,L,R,T,W,L,K,E,E,F,Y,K,L,G,N,E,S,W,K,G,V,F,I,F,Q,G,K,L,L,K,V,R,R,D,L,E,S,K,L,T,E,T,L,K,T,F,S,D,V,A,C,S,E,D,C,I,V,T,E,G,P,I,L,D,C,W,T,C,L,R,I,T,P,R,C,F,K,G,E,Y,C,G,E,-,D,S,K,K,A,E,N,R,E,I,A,L,F,L,I,L,L,V,E,V,A,V,L,G,S,V,L,L,L,Y,I,R,V,S,H,R,R,K,I,Q,T,I,R,R,S,L,T,K,Y,L,K,K,K,L,E,E,L,V,-,-,-,-
Urocitellus_parryii,L,L,L,L,L,P,L,S,A,L,R,G,V,K,G,C,L,E,C,D,P,K,F,I,E,D,I,R,T,V,L,T,N,L,V,P,S,E,V,P,G,R,N,Q,L,L,E,R,Q,F,K,E,T,I,H,L,S,S,K,V,S,H,G,N,K,M,L,R,V,L,A,V,Q,K,V,V,K,L,R,T,W,L,K,N,E,F,Y,R,L,G,N,E,T,W,K,G,V,F,I,F,Q,G,K,L,L,E,I,R,Q,K,L,E,S,K,V,K,E,T,L,-,A,F,S,E,V,A,C,S,E,D,C,I,V,T,E,G,P,V,L,D,C,W,T,C,L,R,I,T,T,R,C,F,R,G,E,Y,C,R,E,E,D,P,R,K,A,E,L,R,E,I,T,L,F,L,V,L,L,A,E,A,G,I,L,A,S,A,V,L,L,Y,M,C,V,S,H,R,R,K,M,Q,T,I,R,K,T,L,K,K,Y,L,E,K,K,L,E,E,L,V,G,S,A,D
Ursus_americanus,L,L,L,L,L,P,L,S,D,F,H,G,V,K,G,C,L,E,C,D,P,K,F,T,E,D,I,R,S,L,L,A,K,L,I,P,S,E,V,P,G,R,V,H,L,L,E,R,Q,I,K,E,M,I,R,L,S,F,K,V,S,H,R,D,K,M,L,R,V,L,A,V,H,K,V,I,K,L,R,I,W,L,K,N,E,L,Y,K,L,G,N,E,T,W,K,G,A,F,I,L,Q,G,K,L,L,D,V,R,Q,N,L,E,S,K,L,K,E,I,L,K,N,F,S,E,V,A,C,S,E,D,C,V,V,T,E,G,P,I,L,D,C,W,T,C,L,R,I,T,S,R,C,F,R,G,E,Y,C,G,E,E,D,S,K,K,V,E,S,R,E,I,A,L,F,L,I,L,L,T,E,V,V,M,L,G,S,A,L,L,L,H,I,C,V,S,H,R,R,K,M,K,A,I,R,K,S,L,K,K,Y,L,E,K,K,L,E,E,L,M,E,R,T,D
Ursus_maritimus,L,L,L,L,L,P,L,S,D,F,H,G,V,K,G,C,L,E,C,D,P,K,F,T,E,D,I,R,S,L,L,A,K,L,I,P,S,E,V,P,G,R,V,H,L,L,E,R,Q,I,K,E,M,I,R,L,S,F,K,V,S,H,R,D,K,M,L,R,V,L,A,V,H,K,V,I,K,L,R,I,W,L,K,N,E,L,Y,K,L,G,N,E,T,W,K,G,A,F,I,L,Q,G,K,L,L,D,V,R,Q,N,L,E,S,K,L,K,E,I,L,K,N,F,S,E,V,A,C,S,E,D,C,V,V,T,E,G,P,I,L,D,C,W,T,C,L,R,I,T,S,R,C,F,R,G,E,Y,C,G,E,E,D,S,K,K,V,E,S,R,E,I,A,L,F,L,I,L,L,T,E,V,V,M,L,G,S,A,L,L,L,H,I,C,V,S,H,R,R,K,M,K,A,I,R,K,S,L,K,K,Y,L,E,K,K,L,E,E,L,M,E,R,T,D
Vicugna_pacos,L,L,L,L,L,P,L,C,A,F,H,G,V,K,G,C,L,E,C,D,P,K,F,I,E,D,I,K,S,L,L,V,K,L,V,P,S,E,V,P,G,Q,A,H,L,L,E,R,Q,I,K,E,M,I,R,L,S,F,K,V,S,H,R,D,K,M,L,R,V,L,A,V,Q,K,V,V,N,L,R,T,W,L,K,N,E,L,Y,K,L,G,N,E,P,W,K,G,A,F,I,L,Q,G,K,L,L,E,V,R,R,T,L,E,S,K,L,E,E,M,L,K,N,F,S,E,V,A,C,S,E,D,C,V,V,T,E,G,P,I,L,D,C,W,T,C,L,R,I,T,T,R,C,F,K,G,E,Y,C,A,E,E,D,P,R,K,A,E,N,R,E,I,A,L,F,L,I,L,L,A,E,G,V,I,L,G,G,A,L,L,L,H,F,C,I,S,H,R,R,K,M,K,A,I,R,R,S,L,K,K,Y,L,E,K,K,L,E,E,L,M,G,T,I,N
Artibeus_jamaicensis,L,F,L,L,L,P,L,S,A,F,H,G,V,K,G,C,L,Q,C,D,A,K,F,K,E,D,I,K,S,L,L,E,K,L,V,P,S,D,V,P,G,R,T,Q,L,L,E,L,Q,I,Q,E,M,T,N,L,S,V,N,V,T,H,G,N,K,M,L,R,V,L,A,V,Q,K,V,A,S,L,K,T,W,L,K,N,E,I,Y,K,V,G,N,N,T,W,K,G,V,F,I,F,Q,G,K,L,R,D,V,C,Q,N,L,E,S,K,L,K,E,T,L,K,H,F,S,E,L,A,C,S,E,D,C,T,V,T,E,G,A,I,L,D,C,W,S,C,V,H,I,T,T,R,C,F,K,G,E,Y,C,G,E,E,D,S,R,K,S,E,N,R,E,I,A,L,F,L,I,L,I,A,E,A,I,I,L,G,A,A,V,L,L,H,I,C,V,T,H,R,K,K,M,K,T,I,R,R,S,L,E,K,Y,S,E,K,K,I,E,K,L,-,-,-,-,-
Desmodus_rotundus,L,F,L,L,L,P,L,S,A,F,H,G,V,K,G,C,L,E,C,D,P,K,F,K,E,D,I,K,S,L,L,E,K,L,V,P,S,E,V,P,G,R,T,Q,L,L,E,W,Q,I,K,E,M,I,N,L,S,M,K,V,S,H,G,N,K,M,L,R,V,L,A,V,Q,K,V,V,S,L,K,T,W,L,K,N,E,L,Y,K,V,G,N,K,T,W,K,G,V,F,I,L,Q,G,K,L,L,D,V,R,Q,N,L,E,S,K,L,K,E,I,L,K,H,F,S,E,L,A,C,S,E,D,C,I,V,T,E,G,P,I,L,D,C,W,S,C,L,H,I,T,T,Q,C,F,K,G,E,Y,C,G,E,E,D,P,R,K,S,E,N,R,E,I,A,L,F,L,I,L,I,A,E,A,V,I,L,G,T,A,V,L,L,H,I,C,V,T,H,Q,K,K,M,K,T,I,R,R,S,L,E,K,Y,S,E,K,K,L,E,K,L,-,-,-,-,-
Eptesicus_fuscus,L,F,L,L,L,P,L,S,A,F,H,G,V,K,G,C,L,E,C,D,P,R,F,I,K,D,I,K,S,L,L,A,K,L,V,P,S,E,V,P,G,R,T,E,L,L,D,R,K,I,K,E,M,T,N,L,S,F,K,V,S,H,G,N,K,M,L,R,L,L,A,V,Q,R,V,V,Y,L,R,T,W,L,K,D,E,L,H,K,V,S,N,K,T,W,K,G,I,F,I,L,Q,G,K,L,L,D,V,R,Q,N,L,E,S,K,L,K,E,V,L,K,H,F,S,E,A,A,C,S,E,D,C,V,L,N,E,G,P,V,L,D,C,W,N,C,H,H,I,T,T,H,C,F,K,G,E,Y,C,G,E,E,D,S,R,K,H,E,N,R,E,I,G,L,F,L,I,L,I,T,E,A,V,I,L,G,S,A,L,L,L,H,V,C,V,T,H,Q,R,K,M,K,A,I,R,K,S,L,E,N,Y,L,E,K,K,L,E,E,L,M,G,R,T,D
Hipposideros_armiger,W,C,L,L,L,P,L,S,A,S,H,G,V,I,G,C,L,E,C,D,P,K,F,I,E,D,V,K,S,L,V,S,N,L,V,P,S,E,V,P,G,R,T,H,L,L,E,R,-,I,K,E,M,I,N,L,S,F,K,I,S,H,G,N,K,T,L,R,V,L,A,V,E,K,V,V,N,L,R,T,W,L,K,N,E,L,Y,K,L,G,N,E,T,W,K,G,A,L,I,L,Q,G,K,I,I,D,V,R,R,N,L,E,S,K,L,K,E,V,L,K,N,F,S,E,V,-,-,-,-,-,-,V,V,T,E,G,P,T,L,D,C,W,T,C,L,R,I,T,T,Q,C,F,K,G,E,Y,C,G,E,-,D,S,R,K,T,E,N,R,E,I,A,L,F,L,I,L,F,A,E,A,I,I,L,G,S,A,L,L,L,Y,I,C,V,I,H,R,K,E,M,K,-,I,R,R,S,L,K,K,Y,L,E,E,K,L,E,E,L,M,E,M,T,D
Miniopterus_natalensis,L,F,L,L,L,P,L,S,A,F,Y,G,V,K,G,C,L,E,C,N,P,K,F,T,E,D,I,K,S,L,L,A,K,L,V,P,S,E,V,P,G,R,T,Q,L,L,E,R,Q,I,K,E,M,T,N,L,S,F,K,V,S,H,G,N,K,R,L,R,V,L,A,V,Q,K,V,V,Y,L,R,T,W,L,K,D,E,L,S,K,M,S,S,K,T,W,K,G,A,F,I,L,Q,G,K,L,L,D,V,C,Q,G,L,E,S,K,L,K,E,T,L,N,N,F,S,E,V,-,-,-,-,-,-,V,T,I,E,G,P,I,L,D,C,W,S,C,H,H,L,T,T,Q,C,F,K,G,E,Y,C,G,D,E,D,S,R,K,S,E,N,Q,E,T,A,L,F,L,I,L,I,A,I,A,V,I,L,G,S,A,F,L,L,H,I,C,V,T,H,Q,R,K,M,K,A,I,-,-,-,-,-,-,-,-,-,-,-,-,-,-,-,-,-,-,-,-
Molossus_molossus,L,F,L,L,L,P,L,S,T,F,H,G,V,Q,G,C,L,E,C,D,P,E,F,I,K,D,I,K,S,L,L,E,K,L,V,P,S,E,V,P,G,R,T,Q,L,L,E,W,Q,L,K,K,M,V,N,I,S,F,K,V,S,H,G,N,K,M,L,R,V,L,A,V,Q,K,A,I,S,L,R,T,W,L,K,D,E,L,H,K,V,G,S,K,T,W,K,G,V,F,I,L,Q,G,D,L,L,D,I,R,Q,N,L,E,S,R,L,Q,E,T,L,K,H,F,S,E,V,A,C,S,E,D,C,V,T,T,E,G,P,V,L,D,C,W,R,C,H,R,I,T,A,Q,C,F,Q,G,E,Y,C,E,E,E,D,P,R,Q,P,E,N,Q,E,I,T,L,F,L,I,L,I,A,E,F,V,I,L,G,S,A,L,L,L,H,I,C,V,T,H,R,R,K,I,K,A,A,R,R,S,L,E,T,Y,L,D,M,K,L,E,K,L,M,E,I,T,D
Myotis_brandtii,L,F,L,L,L,P,L,P,A,F,L,G,V,R,G,C,L,E,C,D,P,R,F,I,K,D,I,K,S,L,L,A,K,L,V,P,S,E,V,P,G,R,T,E,L,L,D,R,Q,I,K,A,M,T,N,L,S,F,K,V,S,H,G,N,K,M,L,R,V,L,A,V,Q,R,V,V,Y,L,R,T,W,L,K,N,E,L,Y,K,V,S,N,K,T,W,K,G,V,F,I,L,Q,G,K,L,L,D,V,R,Q,N,L,E,S,K,L,K,E,V,L,K,H,F,S,E,A,-,-,-,-,-,-,V,L,N,E,G,P,I,L,D,C,W,S,C,H,Q,I,T,T,H,C,F,K,G,E,Y,C,G,E,E,D,S,R,K,H,E,N,R,E,I,G,L,F,L,I,L,I,T,E,A,V,I,L,G,S,A,L,L,L,H,V,C,V,T,H,Q,R,K,M,K,A,I,R,K,S,L,E,N,Y,V,E,K,K,L,E,E,L,M,G,R,T,D
Myotis_davidii,L,F,L,L,L,P,L,P,A,F,L,G,V,K,G,C,L,E,C,D,P,R,F,I,K,D,I,K,S,L,L,A,K,L,V,P,S,E,V,P,G,R,T,E,L,L,D,R,Q,I,K,A,M,T,N,L,S,F,K,I,S,H,G,N,K,M,L,R,V,L,A,V,Q,R,V,V,Y,L,R,T,W,L,K,N,E,L,D,K,M,S,N,K,T,W,K,G,V,F,I,L,Q,G,K,L,L,D,V,R,Q,N,L,E,S,K,L,K,E,V,L,K,H,F,S,E,A,-,-,-,-,-,-,V,L,N,E,G,P,I,L,D,C,W,S,C,H,Q,I,T,T,H,C,F,K,G,E,Y,C,G,E,E,D,S,K,K,H,E,N,R,E,I,G,L,F,L,I,L,I,T,E,A,V,I,L,G,S,A,L,L,L,H,V,C,V,T,H,Q,R,K,M,K,A,I,R,K,S,L,E,N,Y,V,E,K,K,L,E,E,L,M,G,R,T,D
Myotis_lucifugus,L,F,L,L,L,P,L,P,A,F,L,G,V,K,G,C,L,E,C,D,P,R,F,I,K,D,I,Q,S,L,L,A,K,L,V,P,S,E,V,P,G,R,T,E,L,L,D,R,Q,I,K,A,M,T,N,L,S,F,K,V,S,H,R,N,K,M,L,R,V,L,A,V,Q,R,V,V,Y,L,R,T,W,L,K,N,E,L,Y,K,M,S,N,K,T,W,K,G,V,F,I,L,Q,G,K,L,L,D,V,R,Q,S,L,E,S,K,L,K,E,V,L,K,H,F,S,E,A,-,-,-,-,-,-,V,L,N,E,G,P,I,L,D,C,W,S,C,H,Q,I,T,T,H,C,F,K,G,E,Y,C,G,E,E,D,S,R,K,H,E,N,R,E,I,G,L,F,L,I,L,I,T,E,A,V,I,L,G,S,A,L,L,L,H,V,C,V,T,H,Q,R,K,M,K,A,I,R,K,S,L,E,N,Y,V,E,K,K,L,E,D,L,M,G,R,T,D
Myotis_myotis,L,F,L,L,L,P,L,P,A,F,L,G,V,K,G,C,L,E,C,D,P,R,F,I,K,D,I,K,S,L,L,A,K,L,V,P,S,E,V,P,G,R,T,E,L,L,D,R,Q,I,K,A,M,T,N,L,S,F,R,V,S,H,G,N,K,M,L,R,V,L,A,V,Q,R,V,V,Y,L,R,T,W,L,K,N,E,L,Y,K,M,S,N,K,T,W,K,G,V,F,I,L,Q,G,K,L,L,D,V,R,Q,N,L,E,S,K,L,K,E,V,L,K,H,F,S,E,A,A,C,S,E,D,C,V,L,N,E,G,P,I,L,D,C,W,S,C,H,Q,S,T,T,H,C,F,K,G,E,Y,C,G,E,E,D,S,R,K,H,E,N,R,E,I,G,L,F,L,I,L,I,T,E,A,V,I,L,G,S,A,L,L,L,H,V,C,V,T,H,Q,R,K,M,K,A,I,R,K,S,L,E,N,Y,V,E,K,K,L,E,E,L,M,G,R,T,D
Phyllostomus_discolor,L,L,L,L,L,P,L,Y,A,F,H,G,V,K,G,C,L,E,C,D,P,K,F,K,E,D,I,K,S,L,L,E,K,L,V,P,S,D,V,P,G,R,T,Q,L,L,E,E,Q,I,K,E,M,I,N,L,S,V,K,V,T,H,E,N,K,M,F,R,V,L,A,V,Q,E,V,V,S,L,K,T,W,L,K,N,E,L,Y,K,V,G,N,K,T,W,K,G,V,F,I,L,Q,G,K,L,L,D,V,R,Q,N,L,E,S,K,L,K,E,I,L,K,H,F,S,E,L,A,C,S,E,D,C,M,V,T,E,G,P,I,L,D,C,W,N,C,L,R,I,N,T,P,C,F,K,G,E,Y,C,G,E,E,D,S,R,K,S,E,N,R,E,I,A,L,F,L,T,L,I,A,E,A,V,I,L,G,T,A,V,L,L,H,I,C,V,T,H,Q,K,K,M,K,T,I,R,R,S,L,E,K,Y,S,E,K,K,L,E,E,L,M,R,I,R,D
Phyllostomus_hastatus,L,L,L,L,L,P,L,Y,A,F,H,G,V,K,G,C,L,E,C,D,P,K,F,K,E,D,I,K,S,L,L,E,K,L,V,P,S,D,V,P,G,R,T,Q,L,L,E,G,Q,I,K,E,V,I,N,L,S,I,K,V,T,H,R,N,K,M,F,R,V,L,A,V,Q,K,V,V,S,F,K,T,W,L,K,N,E,L,Y,K,V,G,N,K,T,W,K,G,V,F,I,L,Q,G,K,L,L,N,V,C,Q,N,L,E,S,K,L,K,E,I,L,K,H,F,P,E,L,A,C,S,E,D,C,M,V,T,E,G,P,I,L,D,C,W,N,C,L,H,I,N,T,R,C,F,K,G,E,Y,C,G,E,K,D,S,R,K,S,E,N,R,E,I,A,L,F,L,I,L,I,A,E,A,I,I,L,G,T,A,V,F,L,H,I,C,V,T,H,Q,K,K,M,K,T,I,R,R,L,L,E,K,Y,S,E,K,K,L,E,K,L,M,R,I,R,D
Pipistrellus_kuhlii,L,F,L,L,L,P,L,S,A,F,H,G,V,K,G,C,L,E,C,D,P,R,F,I,K,D,I,K,S,L,L,A,K,L,V,P,S,E,V,P,G,Q,T,Q,L,L,R,R,Q,I,K,E,M,T,D,L,S,F,K,V,S,H,G,N,K,M,L,R,L,L,A,V,Q,R,V,V,Y,L,R,T,W,L,K,N,E,L,Y,K,M,S,N,K,T,W,K,G,V,F,I,L,Q,G,K,L,L,D,V,R,Q,N,L,E,S,K,L,K,E,V,L,K,H,F,S,K,A,A,C,S,E,D,C,V,L,N,E,G,P,V,L,D,C,W,N,C,H,R,I,T,T,H,C,F,K,G,E,Y,C,G,E,E,D,S,R,K,H,E,N,R,E,I,G,L,F,L,I,L,I,T,E,A,V,I,L,G,S,A,L,L,L,Y,V,C,V,T,H,Q,R,K,M,K,A,T,R,K,S,L,E,N,Y,L,E,K,K,L,E,E,L,M,G,E,T,D
Rhinolophus_ferrumequinum,L,C,L,L,L,P,L,S,A,F,R,G,V,T,A,C,L,E,C,D,P,K,F,V,E,H,I,K,S,L,L,A,N,L,V,P,S,E,V,P,G,R,T,H,L,L,E,R,Q,I,K,E,M,I,N,L,S,F,K,V,S,H,R,K,K,M,L,R,V,L,A,V,Q,K,V,V,S,L,R,T,W,L,K,N,E,L,Y,K,L,G,N,E,T,W,K,G,A,L,I,L,Q,G,K,L,L,D,V,R,Q,N,L,E,S,K,L,K,G,I,L,K,N,F,S,E,V,A,C,S,E,D,C,V,V,T,E,G,P,T,L,D,C,W,T,C,L,R,I,T,T,Q,C,F,K,G,E,Y,C,G,D,E,D,S,R,K,T,E,N,R,E,I,A,L,F,L,I,L,L,A,E,A,V,I,L,G,S,A,L,L,L,Y,I,C,V,T,H,R,K,K,M,K,A,I,-,-,-,-,-,-,-,-,-,-,-,-,-,-,-,-,-,-,-,-
Sorex_araneus,L,L,L,L,L,L,L,S,A,I,H,G,I,T,G,C,L,E,C,D,S,K,F,T,E,D,I,R,T,L,L,E,N,L,V,P,V,E,V,P,G,R,D,F,L,I,Q,R,H,M,K,E,T,I,R,L,S,F,K,V,T,H,R,D,K,M,L,R,V,L,A,V,K,N,V,I,K,L,R,V,W,L,K,N,E,L,Y,R,L,G,N,E,T,W,K,G,V,F,I,H,Q,G,K,L,L,S,V,R,Q,K,L,E,L,K,L,K,E,K,L,T,N,F,S,E,V,-,-,-,-,-,-,V,V,I,E,G,P,I,L,D,C,W,T,C,L,R,I,T,A,T,C,L,K,G,Q,Y,C,G,E,V,D,P,R,V,S,E,N,R,E,I,M,L,F,L,I,L,L,T,E,A,V,I,L,G,S,A,F,L,L,H,I,C,V,T,H,R,R,K,M,K,A,I,R,R,S,L,K,Q,Y,L,E,R,K,L,D,E,L,-,-,-,-,-
Sturnira_hondurensis,L,F,L,L,L,P,L,S,A,F,H,G,V,K,G,C,L,E,C,D,P,K,F,K,E,D,I,K,S,-,L,G,K,L,V,P,S,E,V,P,D,R,T,Q,L,L,Q,W,Q,I,K,E,M,I,S,I,S,V,K,V,T,H,G,N,K,M,L,R,I,L,A,V,-,K,V,A,S,L,K,I,W,L,K,N,E,L,Y,K,V,G,N,K,T,W,K,G,V,F,I,F,Q,A,Q,L,R,D,F,H,Q,N,L,E,S,K,L,K,E,T,L,K,H,F,S,E,L,A,C,S,E,D,C,T,V,T,E,G,A,I,L,D,C,W,S,C,V,H,I,T,T,Q,C,F,K,G,E,Y,C,G,E,E,D,S,R,K,S,E,N,R,E,I,A,L,F,L,I,L,I,A,E,A,V,T,L,G,A,A,V,L,L,H,I,C,V,T,R,R,K,K,M,K,T,I,R,R,S,L,E,K,Y,S,E,K,K,L,E,K,L,M,R,I,R,D
Pteropus_alecto,L,F,L,L,L,P,L,S,A,F,H,G,V,K,G,C,L,E,C,D,P,K,F,I,E,D,I,K,S,L,L,A,K,L,V,P,S,E,I,P,G,Q,T,H,L,L,E,R,Q,I,K,E,M,I,N,L,S,F,K,V,S,H,G,N,K,M,L,R,V,L,A,V,E,K,A,V,N,L,R,I,W,L,K,N,E,L,S,K,L,G,N,E,T,W,K,G,G,F,I,L,Q,G,K,L,L,D,V,R,Q,N,L,E,S,K,L,K,E,I,L,K,K,F,S,E,V,-,-,-,-,-,-,V,V,I,E,G,P,I,L,D,C,W,T,C,L,R,I,T,T,R,C,F,K,G,E,Y,C,G,E,E,D,S,R,K,L,E,N,Q,E,I,A,L,F,L,I,L,L,A,E,A,V,I,L,G,S,A,L,L,L,H,I,F,V,T,H,R,R,K,M,K,A,I,R,R,S,L,K,K,Y,L,E,K,K,L,E,E,L,M,G,M,T,D
Pteropus_giganteus,L,F,L,L,L,P,L,S,A,F,H,G,V,K,G,C,L,E,C,D,P,K,F,I,E,D,I,K,S,L,L,A,K,L,V,P,S,E,I,P,G,Q,T,H,L,L,E,R,Q,I,K,E,M,I,N,L,S,F,K,V,S,H,G,N,K,M,L,R,V,L,A,V,E,K,A,V,N,L,R,I,W,L,K,N,E,L,S,K,L,G,N,E,T,W,K,G,G,F,I,L,Q,G,K,L,L,D,V,R,Q,N,L,E,S,K,L,K,E,I,L,K,K,F,S,E,V,A,C,S,E,D,C,V,V,I,E,G,P,I,L,D,C,W,T,C,L,R,I,T,T,R,C,F,K,G,E,Y,C,G,E,E,D,S,R,K,L,E,N,Q,E,I,A,L,F,L,I,L,L,A,E,A,V,I,L,G,S,A,L,L,L,H,I,F,V,T,H,R,R,K,M,K,A,I,R,R,S,L,K,K,Y,L,E,K,K,L,E,E,L,M,G,M,T,D
Pteropus_vampyrus,L,F,L,L,L,P,L,S,A,F,H,G,V,K,G,C,L,E,C,D,P,K,F,I,E,D,I,K,S,L,L,A,K,L,V,P,S,E,I,P,G,Q,T,H,L,L,E,R,Q,I,K,E,M,I,N,L,S,F,K,V,S,H,G,N,K,M,L,R,V,L,A,V,E,K,A,V,N,L,R,I,W,L,K,N,E,L,S,K,L,G,N,E,T,W,K,G,G,F,I,L,Q,G,K,L,L,D,V,R,Q,N,L,E,S,K,L,K,E,I,L,K,K,F,S,E,V,-,-,-,-,-,-,V,V,I,E,G,P,I,L,D,C,W,T,C,L,R,I,T,T,R,C,F,K,G,E,Y,C,G,E,E,D,S,R,K,L,E,N,Q,E,I,A,L,F,L,I,L,L,A,E,A,V,I,L,G,S,A,L,L,L,H,I,F,V,T,H,R,R,K,M,K,A,I,R,R,S,L,K,R,Y,L,E,K,K,L,E,E,L,M,G,M,T,D
Rousettus_aegyptiacus,L,F,L,L,L,P,L,S,A,F,H,G,V,K,G,C,L,E,C,D,P,K,F,I,E,D,I,K,S,L,L,A,N,L,V,P,S,K,I,P,G,Q,T,H,L,L,E,R,Q,I,K,E,M,I,N,L,S,F,K,V,S,H,G,N,K,M,L,R,V,L,A,V,E,K,V,V,N,L,R,I,W,L,K,N,E,L,Y,K,L,G,N,E,T,W,K,G,A,F,I,L,Q,G,K,L,L,D,I,R,Q,N,L,E,S,K,L,K,E,I,L,K,K,F,S,E,V,A,C,S,E,D,C,V,V,I,E,G,P,I,L,D,C,W,T,C,F,H,I,T,A,W,C,F,K,G,E,Y,C,G,E,E,D,S,R,K,L,E,Y,Q,E,I,M,L,F,L,I,L,L,A,E,A,V,I,L,G,S,A,L,L,L,H,I,F,I,T,H,R,R,K,M,K,A,I,R,R,S,L,K,K,Y,L,E,K,K,L,E,E,L,M,G,M,T,D
Ailuropoda_melanoleuca,L,L,L,L,L,P,L,S,A,F,H,G,V,K,D,C,L,E,C,D,P,K,F,T,E,D,I,R,S,L,L,G,K,L,V,P,S,E,V,P,G,R,V,H,L,L,E,R,Q,I,K,E,M,I,H,L,S,F,K,V,S,H,R,D,K,M,L,R,V,L,A,V,H,K,V,I,K,L,R,I,W,L,K,N,E,L,Y,K,L,G,N,E,T,W,K,G,A,L,I,L,Q,G,K,L,L,D,V,R,Q,N,L,Q,S,K,L,K,E,I,L,K,N,F,S,E,I,A,C,S,E,D,C,V,V,T,E,G,P,I,L,D,C,W,T,C,L,R,I,T,S,Q,C,F,R,G,E,Y,C,G,E,E,D,S,K,K,V,E,S,R,E,I,A,L,F,L,I,L,L,T,E,V,V,M,L,G,S,A,L,L,L,H,I,C,V,S,H,R,R,K,M,K,A,I,R,K,S,L,K,K,Y,L,E,K,K,L,E,E,L,M,E,R,I,D
Antechinus_flavipes,-,-,-,-,-,L,L,L,-,-,-,-,-,-,-,C,L,E,C,D,P,K,Y,F,N,D,I,I,W,L,L,E,D,L,V,P,Q,N,T,P,S,R,T,A,F,L,D,R,Q,L,Q,E,M,R,D,V,S,T,K,V,H,Q,G,K,K,R,L,R,V,L,D,V,R,Q,A,F,K,V,R,E,W,L,K,E,K,L,K,N,L,K,Q,K,P,W,K,G,V,F,I,F,Q,G,Q,L,L,Q,L,R,Q,N,L,Q,S,Y,L,T,E,T,L,K,T,F,S,D,L,A,C,S,E,D,C,M,M,T,E,G,P,V,L,D,C,W,N,C,L,R,I,T,T,P,C,F,K,G,E,L,C,G,D,D,D,P,K,T,A,E,Q,R,E,I,A,L,F,L,T,L,M,V,E,A,V,G,L,G,S,I,A,F,L,Y,F,C,I,I,H,R,K,R,M,K,-,-,-,-,-,-,-,-,-,-,-,-,-,-,-,-,-,-,-,-,-,-
Aotus_nancymaae,L,F,L,L,L,P,L,S,A,F,H,E,V,K,G,C,L,E,C,D,P,K,F,I,E,D,I,G,S,L,L,A,N,L,I,P,S,E,I,P,G,Q,T,Q,L,L,E,R,Q,V,Q,E,M,I,R,L,T,F,K,V,S,H,S,D,K,M,L,R,L,L,A,V,Q,T,V,I,K,L,R,T,W,L,K,N,E,F,Y,K,L,G,N,E,T,W,K,G,V,F,I,F,Q,G,K,L,L,E,V,R,Q,S,L,E,S,K,L,K,E,S,L,K,N,F,S,E,V,A,-,-,-,-,-,-,V,I,E,G,P,I,L,D,C,W,T,C,L,H,M,T,S,R,C,F,K,G,E,Y,C,G,D,E,D,P,R,K,A,E,N,R,E,I,A,L,F,L,I,F,L,A,T,A,V,I,L,G,S,A,M,L,L,Y,F,C,I,F,H,R,R,K,M,K,A,I,R,R,S,L,Q,E,Y,L,E,N,E,V,E,E,I,M,E,K,I,D
Apodemus_sylvaticus,I,L,L,F,L,S,L,S,A,F,H,G,A,K,G,C,L,E,C,D,P,K,F,T,E,D,V,R,T,L,L,G,N,L,V,P,L,E,V,P,E,R,N,Q,L,L,D,R,Q,H,K,E,I,T,H,L,S,S,K,V,S,H,K,D,K,M,L,R,L,L,A,V,R,N,V,V,K,L,R,A,W,L,K,D,E,F,Y,R,L,G,N,E,T,W,K,G,V,F,I,I,Q,G,K,L,L,E,I,R,Q,N,L,E,K,K,L,T,Q,I,L,K,N,F,S,E,V,A,C,S,E,D,C,I,V,I,E,G,P,V,L,D,C,W,T,C,L,R,M,T,T,R,C,F,R,G,D,Y,C,Q,D,E,D,P,K,E,A,E,N,R,E,I,S,L,Y,L,I,L,I,V,E,A,V,I,L,A,S,A,V,L,L,H,V,C,V,S,H,R,R,K,M,K,V,I,R,R,T,L,K,I,F,L,E,K,K,L,E,E,L,V,-,-,-,-
Arvicola_amphibius,V,L,L,F,L,S,L,S,A,F,R,G,V,K,G,C,L,E,C,D,P,K,F,I,E,D,V,S,T,L,L,G,N,L,V,P,V,E,V,P,G,R,T,Q,L,L,D,R,Q,H,K,E,I,T,H,L,S,S,K,V,S,H,K,D,K,T,H,R,L,L,A,V,R,N,V,V,K,L,R,E,W,L,K,H,E,F,Y,K,L,G,N,E,T,W,K,G,I,F,I,I,Q,G,K,L,L,E,I,R,Q,N,L,E,S,K,L,K,E,T,L,E,N,F,S,E,V,A,C,S,E,D,C,I,V,T,E,G,P,V,L,D,C,W,T,C,L,R,I,T,T,R,C,F,R,G,D,Y,C,K,D,E,N,P,K,K,A,E,N,R,E,I,A,L,Y,L,I,L,I,A,E,A,V,L,L,A,S,A,V,L,L,H,F,C,I,S,H,Q,R,K,M,K,G,V,R,R,T,L,K,T,Y,L,E,N,K,I,E,E,I,L,G,-,-,-
Callorhinus_ursinus,L,L,L,L,L,P,L,S,A,F,H,G,V,K,G,C,L,E,C,D,P,K,F,T,E,D,I,R,S,L,L,A,K,M,V,P,S,E,V,P,G,R,F,H,L,L,E,R,Q,I,K,E,M,T,H,L,S,F,K,V,S,H,R,D,K,M,L,R,V,L,A,V,H,K,V,I,K,L,R,I,W,L,K,N,E,L,Y,K,L,G,N,E,T,W,K,G,A,F,I,L,Q,G,K,L,L,D,V,R,Q,N,L,E,S,K,L,K,E,I,L,K,N,F,S,E,V,A,C,S,E,D,C,V,V,T,E,G,P,V,L,D,C,W,T,C,L,R,I,T,S,R,C,F,R,G,E,Y,C,G,E,E,D,S,K,K,T,E,S,R,E,I,A,L,F,L,T,L,L,T,E,V,V,I,L,G,S,A,L,L,L,H,I,C,V,S,H,R,R,K,M,K,A,I,R,S,S,L,K,K,Y,L,E,K,K,L,E,E,L,M,R,M,T,D
Canis_lupus_dingo,L,L,L,F,L,P,L,S,A,F,H,G,V,K,G,C,L,E,C,D,P,K,F,T,E,D,I,R,S,L,L,A,K,L,I,P,S,E,V,P,G,R,I,H,L,L,E,R,Q,I,K,E,M,I,R,L,S,F,K,V,S,H,R,D,K,M,L,R,V,L,A,V,Q,K,V,T,K,L,R,T,W,L,K,N,E,L,Y,K,L,G,N,E,T,F,K,G,A,F,I,L,Q,G,K,L,L,D,V,R,Q,N,L,E,S,K,L,K,E,I,L,K,N,F,S,E,V,A,C,S,E,D,C,V,V,I,E,G,P,V,L,D,C,W,T,C,L,R,I,T,S,R,C,F,R,G,E,Y,C,G,E,E,D,S,R,K,A,E,N,R,E,I,A,L,F,L,I,L,L,A,E,V,V,I,L,G,S,A,L,L,L,Y,I,C,V,S,H,R,R,K,M,K,A,I,R,R,S,L,K,K,Y,L,E,K,K,L,E,E,L,M,G,M,T,D
Carlito_syrichta,L,L,L,L,L,P,L,S,A,F,H,G,V,K,G,C,L,E,C,D,P,K,F,I,E,D,V,Q,S,L,L,A,N,L,L,P,S,E,V,P,G,R,T,Q,L,L,E,R,Q,I,K,E,M,I,L,L,S,F,K,A,S,H,S,N,K,M,L,R,V,L,A,V,Q,K,V,V,K,L,R,I,W,L,K,N,E,F,Y,R,L,G,N,E,T,W,K,G,V,F,I,L,Q,G,K,L,L,E,V,R,Q,N,L,E,S,K,L,K,E,L,L,K,N,F,S,E,V,-,-,-,-,-,-,V,V,I,E,G,P,I,L,D,C,W,T,C,L,R,M,T,T,R,C,F,K,G,E,Y,C,G,D,E,D,V,R,K,A,E,N,R,E,I,V,L,F,L,T,L,L,A,T,A,S,I,L,G,S,A,L,L,L,H,F,C,V,S,H,R,R,K,M,K,A,I,R,R,S,L,K,D,Y,L,K,E,K,L,E,E,L,M,V,V,I,D
Castor_canadensis,V,L,L,L,L,P,L,S,A,L,H,G,V,K,G,C,L,D,C,D,P,K,F,I,E,D,I,R,T,L,L,A,R,L,M,P,S,E,V,P,G,R,N,Q,L,L,E,R,Q,L,K,E,M,V,Y,L,I,F,K,V,S,H,S,D,K,M,L,R,V,L,A,V,Q,K,V,V,K,L,R,I,W,L,K,D,E,L,Y,R,L,G,N,E,T,W,K,G,A,F,I,I,Q,G,K,L,L,M,V,R,Q,N,L,E,S,K,L,K,E,T,L,K,S,F,S,E,V,A,C,S,E,D,C,I,V,T,E,G,P,V,L,D,C,W,T,C,L,R,I,N,T,R,C,F,K,G,E,Y,C,G,E,D,D,P,Q,K,A,E,N,R,E,I,A,L,F,L,I,L,L,A,E,A,V,I,L,A,S,A,V,L,L,Y,F,C,V,T,H,R,R,K,M,K,T,I,R,R,T,L,K,K,Y,L,E,K,K,L,E,E,L,V,G,M,A,D
Cavia_porcellus,L,I,F,L,L,P,L,S,A,I,H,G,V,K,G,C,L,E,C,D,P,K,F,I,D,D,V,R,N,L,L,A,N,M,V,P,L,D,V,P,G,R,T,Q,L,L,E,R,H,F,K,L,M,I,R,L,S,F,K,V,S,H,K,D,K,M,L,R,V,L,A,V,S,K,V,V,K,L,R,T,W,L,K,N,E,F,Y,R,L,G,N,E,T,W,K,G,V,F,I,F,Q,G,K,L,L,D,I,R,Q,N,L,E,S,K,M,K,E,T,L,K,E,F,S,E,L,A,C,S,E,D,C,I,V,T,E,G,P,I,L,D,C,W,T,C,L,R,I,S,S,Q,C,F,R,G,E,Y,C,G,E,D,D,P,K,K,A,E,N,R,E,I,I,L,F,L,T,F,L,T,E,V,V,V,L,A,S,I,V,L,L,H,I,C,I,S,H,R,R,K,M,K,T,I,R,R,T,L,K,Q,Y,L,E,K,K,L,E,E,L,V,R,M,T,D
Cervus_elaphus_hippelaphus,-,-,-,-,-,-,-,-,-,-,-,-,-,-,-,-,-,-,-,-,-,-,-,-,-,-,-,-,-,-,-,-,-,-,-,-,-,-,-,-,-,-,-,-,-,-,-,-,-,-,-,-,-,-,-,-,-,-,-,-,-,-,-,-,-,-,-,-,-,-,-,-,-,-,-,-,-,-,-,-,-,-,-,-,-,-,-,-,-,-,-,-,-,-,-,-,-,-,-,-,-,-,-,-,-,-,-,-,-,-,-,-,-,-,-,-,-,-,-,-,-,-,-,-,-,-,-,-,-,-,-,-,-,-,-,-,-,-,-,-,-,-,-,-,-,-,-,-,-,-,-,-,-,-,-,-,-,-,-,-,-,-,-,-,-,-,-,-,-,-,-,-,-,-,-,-,-,-,-,-,-,-,-,-,-,-,-,-,-,-,-,-,-,-,-,-,-,-,-,-,-,-,-,-,-,-,-,-,-,-,-,-,-,-,-,-,-,-,-,-,-,-
Chinchilla_lanigera,-,L,V,L,L,L,L,P,V,I,H,G,V,E,G,Y,L,E,C,D,P,K,F,T,E,D,I,R,S,L,L,A,N,M,V,P,L,D,V,P,G,-,T,Q,L,L,E,R,H,F,K,L,M,V,H,L,S,F,K,V,S,H,K,D,K,M,L,R,V,L,A,V,S,K,V,V,K,L,R,L,W,L,K,D,E,F,Y,R,L,G,N,D,T,W,K,G,A,F,I,F,Q,G,K,L,L,D,V,H,Q,N,L,E,T,K,L,K,E,R,L,K,D,F,S,E,V,A,C,S,E,D,C,I,V,T,E,G,P,V,L,D,C,W,T,C,L,L,I,S,I,Q,C,F,K,G,E,Y,C,E,E,D,D,P,R,K,A,E,-,Q,E,I,I,V,F,L,T,V,L,T,E,A,V,L,L,T,S,A,V,L,L,Y,I,C,I,T,H,R,R,K,M,K,R,I,R,S,L,L,K,Q,Y,L,-,K,K,L,E,Y,L,V,R,M,T,D
Choloepus_didactylus,L,L,L,L,L,P,L,S,A,L,H,G,V,K,G,C,L,E,C,D,P,K,F,K,E,D,V,E,S,L,L,A,K,L,I,P,S,D,V,P,G,R,T,H,L,L,E,R,Q,I,K,E,I,L,R,I,S,S,K,V,S,H,G,N,K,M,L,R,V,L,A,V,Q,N,V,V,N,L,R,T,W,L,K,N,E,F,Y,K,L,G,N,E,P,W,K,G,A,I,I,L,Q,G,K,L,L,N,V,R,H,D,L,E,S,K,L,K,E,T,L,K,A,F,S,E,L,A,C,S,E,D,C,I,V,T,E,G,P,I,L,D,C,W,S,C,L,R,I,T,T,Q,C,F,K,G,E,Y,C,A,E,E,D,P,K,M,V,E,K,K,E,I,S,L,F,L,I,L,L,A,E,G,A,V,L,G,S,I,L,L,L,H,I,C,V,S,H,R,R,K,M,K,A,I,R,R,S,L,K,K,Y,L,E,K,K,L,E,E,L,M,D,K,T,E
Cricetulus_griseus,V,L,L,F,L,P,L,Y,A,F,R,G,V,K,G,C,L,E,C,D,P,R,F,I,E,D,V,R,T,L,L,A,M,L,I,P,V,E,V,P,G,R,I,Q,L,L,D,R,Q,H,K,E,I,I,Q,L,S,S,K,V,S,H,M,D,K,T,L,R,L,L,A,V,R,N,V,I,K,M,R,E,W,L,K,H,E,F,Y,R,L,G,N,E,T,W,K,G,A,F,I,M,Q,G,K,L,L,Q,V,R,Q,N,L,G,Y,Q,L,K,E,S,L,K,S,F,S,E,V,A,C,S,E,D,C,I,V,I,E,G,P,V,L,D,C,W,T,C,L,R,L,T,T,R,C,F,R,G,D,Y,C,K,D,E,N,P,K,K,A,D,N,R,E,I,A,L,Y,L,I,L,I,A,E,A,V,I,L,A,S,A,V,L,L,H,F,C,I,S,H,R,R,K,M,K,V,I,R,R,T,L,K,T,Y,L,E,K,K,L,E,E,L,V,G,I,V,D
Dasypus_novemcinctus,L,L,L,L,L,P,L,S,A,L,H,G,V,K,G,C,L,D,C,D,P,K,F,K,E,D,I,K,T,L,L,A,K,L,V,P,S,E,V,P,G,R,T,D,L,L,E,R,Q,I,K,E,I,L,H,I,S,S,K,V,S,H,G,S,K,M,L,R,V,L,A,V,Q,N,V,V,N,M,R,T,W,L,K,N,E,F,Y,K,L,G,N,E,T,W,K,G,A,I,I,L,Q,G,K,I,H,D,V,R,H,N,L,E,S,K,M,K,E,T,L,K,A,F,S,E,L,-,-,-,-,-,-,V,V,T,E,G,P,V,L,D,C,W,S,C,L,R,I,S,T,Q,C,F,R,G,E,Y,C,E,E,E,D,P,K,N,T,E,K,Q,E,I,S,L,F,L,I,L,L,A,E,G,T,V,L,G,S,I,L,L,L,H,I,C,V,S,H,R,R,K,M,K,A,I,R,R,S,L,R,K,Y,L,E,K,K,L,E,E,L,M,D,R,T,E
Dipodomys_ordii,L,F,L,F,L,P,L,S,A,F,H,G,V,K,G,C,L,D,C,D,P,K,F,I,E,D,I,R,V,I,L,T,T,M,V,P,T,E,V,P,D,R,T,Q,L,L,E,R,Q,F,K,E,I,T,H,L,S,F,K,V,V,H,R,N,K,M,L,R,V,L,A,V,Q,T,V,I,N,L,R,I,W,L,K,N,E,F,Y,K,I,G,N,E,T,W,K,G,V,F,I,Y,Q,G,Q,F,L,E,M,R,K,K,L,E,S,K,L,T,E,K,L,T,I,F,S,E,V,-,-,-,-,-,-,V,V,T,E,G,P,I,L,D,C,W,T,C,L,R,V,S,S,Q,C,F,R,G,E,Y,C,G,D,D,D,L,K,K,A,E,N,R,E,I,I,L,F,L,I,L,F,T,E,A,G,L,L,A,S,A,V,L,L,Y,F,C,V,S,H,R,R,K,M,K,N,I,R,R,T,L,K,K,Y,L,E,K,K,L,E,E,L,V,G,M,A,D
Dipodomys_spectabilis,L,F,L,F,L,P,L,S,A,F,H,E,V,K,G,C,L,D,C,D,P,K,F,I,E,D,I,R,V,I,L,T,T,M,V,P,T,E,V,P,D,R,T,Q,L,L,E,R,Q,F,K,E,I,T,H,L,S,F,K,V,V,H,R,N,K,M,L,R,V,L,A,V,Q,T,V,I,N,L,R,M,W,L,K,N,E,F,Y,K,I,G,N,E,T,W,K,G,V,F,I,Y,Q,G,Q,F,L,E,M,R,K,K,L,E,S,K,L,T,E,K,L,T,T,F,S,E,V,A,C,S,E,D,C,I,V,T,E,G,P,I,L,D,C,W,T,C,L,R,V,S,S,Q,C,F,R,G,E,Y,C,G,D,D,D,L,K,K,A,E,N,R,E,I,I,L,F,L,I,L,F,T,E,A,G,L,L,A,S,A,V,L,L,Y,F,C,V,S,H,R,R,K,M,K,N,I,R,R,T,L,K,K,Y,L,E,K,K,L,E,E,L,V,G,M,A,D
Dromiciops_gliroides,-,-,L,L,L,F,L,L,A,T,R,V,I,R,S,C,L,E,C,D,P,K,Y,F,K,D,V,I,W,L,L,E,D,L,V,P,Q,N,I,P,S,R,T,A,F,L,D,R,Q,F,Q,E,L,R,D,I,S,T,K,V,H,Q,G,K,K,R,L,R,V,L,D,V,R,Q,A,I,K,M,R,E,W,L,K,E,K,L,R,N,L,K,Q,K,P,W,K,G,V,F,I,F,Q,G,Q,L,L,Q,L,R,Q,N,L,E,S,H,L,T,E,T,L,K,A,F,S,D,L,A,C,S,E,D,C,M,M,T,E,G,P,V,L,D,C,W,N,C,L,R,I,T,T,P,C,F,K,G,E,L,C,G,D,D,D,P,K,T,A,E,Q,R,E,I,A,L,F,L,A,L,M,V,E,T,V,G,L,L,S,I,V,F,L,Y,F,C,I,T,H,R,K,K,M,K,-,-,-,-,-,-,-,-,-,-,-,-,-,-,-,-,-,-,-,-,-,-
Elephantulus_edwardii,L,F,F,L,L,S,L,S,A,F,H,E,V,K,G,C,L,E,C,D,P,K,F,I,E,D,I,-,-,-,-,-,-,-,-,P,S,E,V,P,G,R,E,V,L,I,K,R,Q,S,E,E,M,S,H,L,S,S,K,V,S,H,R,D,K,T,L,R,V,L,D,V,Q,N,V,A,N,L,R,S,W,L,T,K,E,F,E,K,L,A,G,E,T,W,R,G,V,F,I,L,Q,G,N,L,L,Q,V,R,K,T,L,E,S,R,I,N,E,I,L,K,T,F,S,D,V,A,C,S,E,D,C,I,I,T,E,G,P,V,L,D,C,W,T,C,L,R,I,T,A,H,C,F,R,G,E,Y,C,G,D,-,D,L,K,S,N,E,N,R,E,I,T,L,F,L,I,L,L,T,V,A,V,V,L,G,S,T,L,L,L,H,I,C,V,S,H,R,R,K,M,K,A,M,R,R,S,L,K,N,F,L,E,N,K,I,E,-,-,-,-,-,-,-
Equus_caballus,-,-,L,L,L,L,L,H,V,F,H,G,V,K,G,C,L,E,C,D,P,K,F,I,E,D,I,G,S,L,L,A,N,L,V,P,S,E,V,P,G,R,T,H,L,L,E,R,Q,I,K,E,M,I,R,L,S,F,K,V,S,H,G,D,K,M,L,R,V,L,A,V,Q,K,V,V,K,L,R,T,W,L,K,N,E,L,Y,K,V,G,N,E,T,W,K,G,G,F,I,L,Q,G,K,L,L,D,V,R,Q,N,L,E,S,K,L,T,E,I,L,K,N,F,S,E,V,A,C,S,E,D,C,V,V,T,E,G,P,I,L,D,C,W,T,C,L,R,L,T,T,R,C,F,K,G,E,Y,C,G,E,E,D,S,R,K,A,E,N,R,E,I,S,L,F,L,I,L,L,A,E,A,V,I,L,G,S,A,L,L,L,H,F,C,V,F,H,Q,R,K,M,K,A,I,R,R,S,L,K,K,Y,L,E,R,K,L,E,E,L,M,G,V,I,D
Erinaceus_europaeus,-,-,L,F,L,F,L,S,A,F,Q,G,S,K,G,C,L,E,C,D,P,K,F,T,D,D,I,R,F,S,L,G,N,L,V,P,T,E,V,P,G,R,T,D,L,L,E,R,Q,V,K,E,L,V,R,L,S,F,K,V,S,H,Q,K,K,M,L,R,V,L,G,V,K,K,V,V,N,M,R,L,W,L,K,N,E,I,Y,R,V,G,N,E,T,W,K,G,A,F,I,L,Q,G,K,L,L,N,I,R,H,K,L,E,S,Q,L,K,E,M,L,K,N,F,S,E,V,-,-,-,-,-,-,V,V,T,D,G,P,I,L,D,C,W,T,C,L,R,I,T,T,R,C,F,R,G,E,Y,C,G,E,E,E,S,I,K,A,E,N,R,E,I,A,L,F,L,I,L,V,T,E,A,V,I,A,G,S,A,L,L,L,H,I,C,I,S,H,R,R,K,M,K,S,I,R,R,S,L,K,K,Y,L,E,N,K,L,E,E,L,M,E,I,R,E
Eumetopias_jubatus,L,L,L,L,L,P,L,S,A,F,H,G,V,K,G,C,L,E,C,D,P,K,F,T,E,D,I,R,S,L,L,A,K,M,V,P,S,E,V,P,G,R,F,H,L,L,E,R,Q,I,K,E,M,T,H,L,S,F,K,V,S,H,R,D,K,M,L,R,V,L,A,V,H,K,V,I,K,L,R,I,W,L,K,N,E,L,Y,K,L,G,N,E,T,W,K,G,A,F,I,L,Q,G,K,L,L,D,V,R,Q,N,L,E,S,K,L,K,E,I,L,K,N,F,S,E,V,A,C,S,E,D,C,V,V,T,E,G,P,I,L,D,C,W,T,C,L,R,I,T,S,R,C,F,R,G,E,Y,C,G,E,E,D,S,K,K,T,E,S,R,E,I,A,L,F,L,I,L,L,T,E,V,V,I,L,G,S,A,L,L,L,H,I,C,V,S,H,R,R,K,M,K,A,I,R,S,S,L,K,K,Y,L,E,K,K,L,E,E,L,M,R,M,T,D
Felis_catus,L,L,L,L,L,P,L,S,A,F,H,G,V,K,A,C,L,E,C,D,P,K,F,K,E,D,I,R,S,L,T,A,K,L,V,P,S,E,V,P,G,R,T,H,L,L,E,R,Q,I,K,E,M,I,H,L,S,F,K,V,S,H,G,D,K,M,L,R,V,L,A,V,H,K,A,V,K,L,R,I,W,L,K,N,E,L,Y,K,L,G,N,E,T,W,K,G,A,F,I,L,Q,G,K,L,L,D,V,R,Q,N,L,E,L,K,L,K,E,I,L,K,N,F,S,E,V,A,C,S,E,D,C,V,V,T,E,G,P,I,L,D,C,W,T,C,L,R,I,T,T,Q,C,F,R,G,E,Y,C,G,E,E,D,S,R,M,A,E,N,R,E,I,G,L,F,L,I,L,L,T,E,V,V,I,L,G,S,A,W,L,L,H,I,C,V,S,H,W,R,K,M,K,A,I,R,R,S,L,K,K,Y,L,E,K,K,L,E,E,L,I,G,M,T,D
Fukomys_damarensis,L,V,L,L,L,T,L,S,T,F,H,G,-,K,G,C,L,E,C,D,P,K,F,I,E,D,I,R,A,L,L,A,S,V,V,P,Q,E,V,S,G,R,T,Q,L,L,E,R,H,F,K,S,Y,-,-,G,S,F,K,V,S,H,K,E,K,M,L,P,V,L,A,V,S,K,L,V,K,L,R,I,-,L,K,D,E,F,Y,R,-,G,N,E,A,W,K,G,A,D,S,F,Q,G,K,L,L,N,V,C,Q,N,L,E,L,K,V,K,E,T,L,K,D,F,S,E,V,A,F,S,E,D,R,N,V,I,E,V,P,I,L,D,C,-,N,C,L,L,I,S,T,Q,C,F,K,G,E,Y,C,G,E,D,D,P,R,E,A,E,S,Q,E,I,I,L,F,-,I,L,L,T,E,A,A,V,L,A,S,A,V,L,L,Y,I,C,I,S,H,Q,R,K,M,K,T,T,Q,R,T,L,K,Q,Y,L,E,K,K,L,E,E,L,V,R,K,T,D
Galeopterus_variegatus,L,L,L,F,L,P,L,S,A,F,H,G,V,K,G,C,L,E,C,D,P,K,F,M,K,D,V,K,S,L,L,E,K,L,L,P,S,E,V,P,G,R,V,Q,L,L,E,R,Q,I,K,E,T,I,R,L,S,F,R,V,S,H,G,N,K,R,L,R,V,L,A,V,R,K,V,V,K,L,R,M,W,V,K,N,E,L,N,K,L,G,S,E,T,W,K,G,V,F,I,L,Q,G,K,L,L,N,F,R,Q,N,L,E,S,K,L,K,E,V,L,K,S,F,S,E,V,A,C,S,E,D,C,I,V,T,E,G,P,V,L,D,C,W,T,C,L,R,I,N,A,Q,C,F,R,G,E,Y,C,G,D,K,D,S,K,K,A,E,N,Q,E,I,A,L,F,L,T,L,L,A,E,A,V,I,L,G,S,A,V,L,L,H,I,C,I,S,H,R,R,K,M,K,A,I,R,M,S,L,K,K,Y,L,E,K,K,L,E,E,L,M,G,I,I,D
Gracilinanus_agilis,-,-,-,-,-,-,-,-,E,I,K,G,I,K,S,C,L,E,C,D,P,K,Y,F,K,D,V,I,W,L,L,D,G,L,V,P,Q,N,T,P,S,R,K,F,F,L,D,R,Q,L,Q,E,-,-,-,-,-,-,-,-,-,-,-,-,-,-,-,-,-,-,-,-,-,-,-,-,-,L,R,E,W,L,K,E,K,L,S,N,L,K,Q,K,P,W,K,G,V,F,I,F,Q,G,Q,L,L,E,L,R,Q,E,L,E,F,H,L,T,E,T,L,K,T,F,S,D,L,A,C,S,E,D,C,M,M,T,E,G,P,V,L,D,C,W,N,C,L,R,I,T,T,P,C,F,K,G,E,L,C,G,D,D,D,P,M,V,A,Q,Q,R,E,I,S,L,F,L,A,L,M,M,E,A,V,G,L,G,S,I,A,-,-,-,-,-,-,-,-,-,-,-,-,-,-,-,-,-,-,-,-,-,-,-,-,-,-,-,-,-,-,-,-,-,-,-
Grammomys_surdaster,I,L,L,F,L,P,L,S,A,F,H,G,V,K,G,C,L,E,C,D,P,K,F,T,E,D,V,R,T,L,L,G,N,L,V,P,L,E,V,P,E,R,N,Q,L,L,D,R,Q,H,K,E,I,T,H,I,S,S,K,V,S,H,K,D,K,M,L,R,L,L,A,V,R,N,V,V,K,L,R,V,W,L,K,D,E,F,Y,R,L,G,N,E,T,W,K,G,V,F,I,I,Q,G,K,L,L,E,I,R,Q,N,L,E,H,K,L,T,Q,I,L,K,N,F,S,E,V,A,C,S,E,D,C,I,V,I,E,G,P,V,L,D,C,W,T,C,L,R,M,T,T,R,C,F,K,G,D,Y,C,Q,D,E,D,P,K,K,A,E,N,R,E,I,S,L,Y,L,I,F,L,A,E,A,V,I,L,A,S,A,V,L,L,H,V,C,V,S,H,R,R,K,M,K,A,I,R,R,T,L,K,T,Y,L,D,K,K,L,E,E,L,V,-,-,-,-
Heterocephalus_glaber,L,V,F,F,L,P,L,P,A,F,H,G,V,K,G,C,L,V,C,D,P,K,F,I,E,D,I,R,T,L,L,A,S,M,V,P,L,D,I,P,G,R,T,Q,L,L,E,R,H,F,K,L,M,V,R,L,S,F,N,V,S,H,G,D,K,I,L,R,V,L,A,V,S,K,V,V,K,L,R,I,W,L,K,D,E,F,Y,R,L,G,N,E,T,W,K,C,T,F,I,F,Q,G,K,L,L,D,V,C,Q,N,L,E,S,K,M,K,E,T,L,R,D,F,S,E,V,A,C,S,E,D,C,V,I,-,E,G,P,I,I,D,C,W,T,C,L,R,I,S,T,Q,C,F,K,G,E,Y,C,G,D,-,D,P,R,E,A,E,N,Q,E,I,I,L,F,L,L,L,L,T,E,A,V,V,F,S,S,A,I,L,L,Y,I,C,I,T,H,Q,R,K,M,K,-,-,-,-,-,L,K,Q,Y,L,E,K,K,L,E,E,L,V,K,K,T,D
Hyaena_hyaena,L,L,L,L,L,P,L,S,A,F,Y,E,V,K,A,C,L,E,C,D,P,K,F,T,D,D,I,R,S,M,L,A,K,L,V,P,S,E,V,P,S,R,T,H,L,L,E,R,Q,I,K,E,M,I,Y,L,S,F,K,V,S,H,G,D,K,M,L,R,V,L,A,V,N,K,A,V,K,L,R,I,W,L,K,N,E,L,Y,K,L,G,N,E,T,W,K,G,A,F,I,L,Q,G,K,L,L,D,V,R,Q,N,L,E,S,K,L,K,E,T,L,K,N,F,S,E,V,A,C,S,E,D,C,V,V,T,E,G,P,I,L,D,C,W,T,C,L,R,I,T,T,R,C,F,R,G,E,Y,C,G,E,E,D,S,R,T,A,E,N,R,E,I,G,L,F,L,I,M,L,T,E,V,V,V,L,G,S,A,L,L,L,H,I,C,V,S,H,R,R,K,M,K,A,I,R,R,S,L,K,K,Y,L,E,R,K,L,E,E,L,M,G,M,T,D
Jaculus_jaculus,G,L,L,L,L,L,L,C,T,F,H,G,V,K,S,C,L,E,C,D,P,K,F,I,E,D,I,K,A,I,L,G,G,L,V,P,T,E,V,P,G,R,I,Q,L,L,E,R,Q,Y,K,K,I,T,G,L,S,F,K,V,S,H,S,E,K,E,F,R,L,L,A,V,R,D,V,N,K,L,R,M,W,L,K,D,E,Y,Y,R,L,G,N,D,T,W,K,G,A,F,I,F,Q,G,R,L,I,E,V,R,H,N,L,E,S,K,M,K,E,A,L,K,S,F,S,E,V,A,C,S,E,D,C,I,T,S,E,G,P,I,L,D,C,W,S,C,L,R,I,S,R,K,C,F,K,G,D,Y,C,G,D,E,N,I,K,K,A,E,N,Q,E,T,A,L,F,L,I,L,L,A,E,V,V,I,L,A,S,A,V,L,L,H,F,C,I,S,H,R,R,K,M,K,V,I,R,R,T,L,K,K,Y,L,E,K,K,L,E,D,L,L,G,V,A,D
Lemur_catta,L,L,L,L,L,P,L,S,A,F,H,G,V,K,G,C,L,E,C,D,P,K,F,I,E,D,V,S,S,L,L,S,K,L,I,P,P,E,V,P,G,R,T,H,L,L,E,R,Q,S,K,E,M,I,H,L,S,F,K,V,S,H,S,D,K,M,L,R,V,L,A,V,Q,K,V,V,K,L,R,T,W,L,K,N,E,F,Y,K,L,S,N,E,T,W,K,G,V,F,I,L,Q,G,K,L,L,E,V,R,Q,I,L,E,S,K,L,K,E,L,L,K,N,F,S,E,V,A,C,S,E,D,C,I,V,V,E,G,P,I,L,D,C,W,T,C,L,R,V,T,T,R,C,F,K,G,E,Y,C,G,D,E,D,P,R,K,A,E,N,R,K,I,A,L,F,L,I,L,L,A,T,A,T,I,L,G,S,A,L,L,L,H,M,C,V,T,H,R,R,K,M,K,A,I,R,R,S,L,K,E,Y,L,K,N,K,L,D,E,L,L,G,M,T,E
Leptonychotes_weddellii,L,L,L,L,L,P,L,S,A,F,H,G,V,K,G,C,L,E,C,D,P,K,F,T,E,D,I,R,S,L,L,A,K,M,V,P,S,E,V,P,G,R,V,H,L,L,E,R,Q,I,K,E,M,T,H,L,S,F,K,V,S,R,R,D,K,M,L,R,V,L,A,V,H,K,V,I,K,L,R,I,W,L,K,N,E,L,Y,K,L,G,N,E,T,W,K,G,A,F,I,L,Q,G,K,L,L,D,V,R,Q,N,L,E,S,K,L,K,E,I,L,K,H,F,S,E,V,A,C,S,E,D,C,V,V,T,E,G,P,I,L,D,C,W,T,C,L,H,I,T,S,R,C,F,R,G,E,Y,C,G,E,E,D,S,K,K,A,E,S,R,E,I,A,L,F,L,I,L,L,T,E,V,V,I,L,G,S,A,L,L,L,H,I,C,V,S,H,R,R,K,M,K,A,I,R,S,S,L,K,K,Y,L,E,K,K,L,E,E,L,M,R,M,T,D
Lontra_canadensis,L,L,L,L,L,P,L,S,G,F,H,G,V,K,G,C,L,E,C,D,P,K,F,A,E,D,I,G,F,L,L,A,E,M,V,P,S,E,V,P,G,R,V,H,L,L,E,R,Q,I,K,E,M,I,R,L,S,I,K,V,S,H,R,D,K,M,L,R,V,L,A,V,D,D,V,I,K,L,R,I,W,L,K,N,E,L,Y,K,L,G,N,E,T,W,K,G,A,F,I,L,Q,G,K,L,L,D,V,R,L,N,L,E,S,K,L,R,E,M,L,K,N,F,S,E,V,A,C,S,E,D,C,V,V,T,E,G,P,I,L,D,C,W,T,C,L,R,I,T,S,P,C,F,R,G,E,Y,C,G,E,E,D,S,K,K,A,E,N,R,E,I,A,L,F,L,I,L,L,T,E,V,V,I,L,G,S,A,L,I,L,H,I,C,V,F,H,R,R,K,M,K,A,I,R,R,S,L,K,K,Y,L,E,K,K,L,E,E,L,M,G,M,T,D
Lynx_canadensis,L,L,L,L,L,P,L,S,A,F,H,G,V,K,A,C,L,E,C,D,P,K,F,N,E,D,I,R,S,L,I,A,K,L,V,P,S,E,V,P,G,R,T,H,L,L,E,R,Q,I,K,E,M,I,H,L,S,F,K,V,S,H,G,D,K,M,L,R,V,L,A,V,H,K,A,V,K,L,R,I,W,L,K,N,E,L,Y,K,L,G,N,E,T,W,K,G,A,F,I,L,Q,G,K,L,L,D,V,R,Q,N,L,E,L,K,L,K,E,I,L,K,N,F,S,E,V,A,C,S,E,D,C,V,V,T,E,G,P,I,L,D,C,W,T,C,L,R,I,T,T,Q,C,F,R,G,E,Y,C,G,E,E,D,S,R,M,A,E,N,R,E,I,G,L,F,L,I,L,L,T,E,V,V,I,L,G,S,A,W,L,L,H,I,C,V,S,H,W,R,K,M,K,A,I,R,R,S,L,K,K,Y,L,E,K,K,L,E,E,L,I,G,M,T,D
Manis_javanica,L,L,L,L,L,P,L,F,A,F,H,E,V,T,G,C,L,E,C,D,P,K,F,T,E,D,V,K,S,L,L,A,K,L,V,P,-,K,V,P,G,Q,T,H,L,L,E,R,Q,I,K,G,M,T,R,L,S,F,K,V,S,Q,S,N,K,M,L,W,V,L,D,V,Q,N,A,V,K,L,R,T,W,L,K,N,E,F,Y,K,L,G,K,E,T,W,E,G,A,F,I,L,Q,G,K,L,L,D,V,R,Q,N,L,E,S,-,-,-,-,-,-,K,N,F,S,E,I,A,C,S,E,D,C,V,V,T,E,G,P,V,L,D,C,W,T,C,L,C,I,N,T,Q,C,F,T,G,E,Y,C,R,E,E,D,S,R,K,I,E,I,R,E,I,A,L,F,L,I,L,L,A,V,A,I,I,L,G,S,A,L,L,L,H,I,C,V,S,H,Q,R,K,M,K,A,I,G,R,S,L,R,K,Y,L,E,M,K,L,E,D,L,M,G,M,T,D
Manis_pentadactyla,L,L,L,L,L,P,L,F,A,F,H,E,V,T,G,C,L,E,C,D,P,K,F,T,V,D,V,K,S,L,L,A,K,P,V,P,S,E,V,P,G,Q,T,H,L,L,E,R,Q,I,K,E,M,I,R,L,S,F,K,V,S,H,S,D,K,M,L,L,V,L,N,V,Q,N,A,V,K,L,R,T,W,L,K,N,E,F,Y,K,L,G,N,E,T,W,E,G,E,V,L,F,Q,C,K,L,L,D,V,R,Q,N,L,E,S,-,-,-,-,-,-,K,N,F,S,E,I,A,C,S,E,D,C,V,V,T,E,G,P,V,L,D,C,W,T,C,L,C,I,N,T,Q,C,F,R,G,E,Y,C,R,E,E,D,S,R,K,A,E,I,R,E,I,A,L,F,L,I,L,L,A,V,A,I,I,L,G,S,A,L,L,L,H,I,C,V,S,H,R,R,K,M,K,A,I,Q,R,S,L,R,K,Y,L,E,M,K,L,E,D,L,M,G,M,T,D
Mastomys_coucha,V,L,L,F,S,S,L,S,A,F,H,G,V,K,G,C,L,E,C,D,P,K,F,T,D,D,V,R,T,L,L,G,N,L,V,P,L,E,V,P,E,R,N,Q,L,L,D,R,Q,H,K,G,I,I,H,I,S,S,K,V,P,H,K,D,K,M,L,R,L,L,A,V,R,N,V,V,K,L,R,V,W,L,K,D,E,F,Y,R,L,G,N,E,T,W,K,G,V,F,I,I,Q,G,K,F,L,E,I,R,Q,N,L,E,K,K,M,T,Q,I,L,K,N,F,S,E,V,A,C,S,E,D,C,I,V,T,E,G,P,V,L,D,C,W,T,C,L,R,M,T,T,Q,C,F,K,G,D,Y,C,E,D,E,D,A,E,K,A,E,N,R,E,I,S,L,Y,L,I,F,I,A,E,A,V,I,L,A,S,A,V,L,L,H,V,C,I,S,H,R,R,K,M,K,E,I,R,G,T,L,M,I,Y,L,E,K,K,L,E,E,L,V,-,-,-,-
Meles_meles,L,L,L,L,L,P,L,S,V,F,H,G,V,K,G,C,L,E,C,D,P,K,F,A,E,D,I,R,F,L,L,A,E,M,V,P,S,E,V,P,G,R,V,H,L,L,E,W,Q,I,K,E,M,I,R,L,S,V,K,V,T,H,R,D,K,M,L,R,V,L,A,V,D,D,V,I,K,L,R,I,W,L,K,N,E,L,Y,K,L,G,N,E,T,W,K,G,A,F,I,L,Q,G,K,L,L,D,V,R,L,N,L,E,S,K,L,K,E,M,L,K,N,F,S,E,V,A,C,S,E,D,C,V,V,T,E,G,P,I,L,D,C,W,T,C,L,R,I,T,S,P,C,F,R,G,E,Y,C,G,E,E,D,S,K,K,A,E,N,R,E,I,A,L,F,L,I,L,L,T,E,V,V,I,L,G,S,A,L,I,L,Y,I,C,V,F,H,R,R,K,M,K,A,I,R,R,S,L,K,K,Y,L,E,K,K,L,E,E,L,M,G,I,T,D
Meriones_unguiculatus,V,L,L,F,L,P,L,S,A,L,H,G,V,K,G,C,L,E,C,D,P,K,F,T,E,D,V,M,F,L,L,E,N,L,V,P,T,D,I,P,E,R,D,Q,L,L,Q,R,Q,H,K,E,I,A,H,L,S,S,K,V,S,H,K,D,K,N,L,R,L,L,A,V,R,N,V,L,K,L,R,I,W,M,K,N,E,F,Y,R,L,G,N,E,T,W,K,G,V,F,I,F,Q,G,K,L,L,E,V,R,R,N,L,E,Y,K,L,K,E,L,L,K,I,F,S,E,V,A,C,S,E,D,C,I,I,T,E,G,P,V,L,D,C,W,T,C,L,R,M,T,T,R,C,F,S,G,D,Y,C,K,D,E,N,P,R,R,A,E,N,R,E,I,A,L,Y,L,I,L,L,A,E,A,V,I,L,A,S,A,V,L,L,Y,F,C,V,S,H,W,K,K,M,K,L,I,R,R,T,L,K,T,Y,L,E,K,K,L,E,E,L,V,G,M,T,D
Mesocricetus_auratus,I,L,L,F,L,P,L,S,A,F,H,G,V,K,G,C,L,D,C,D,P,K,F,I,E,D,V,R,T,L,L,G,K,L,I,P,V,E,V,P,G,R,A,Q,L,L,D,R,Q,H,K,E,I,T,H,L,S,S,K,V,S,H,K,D,K,T,L,R,L,L,A,V,R,N,V,V,K,L,R,E,W,L,K,H,E,F,Y,R,L,G,N,E,T,W,K,G,V,F,I,I,Q,G,K,L,L,H,V,R,Q,N,L,E,L,E,L,K,E,I,L,K,N,F,S,E,V,A,C,S,E,D,C,I,L,T,E,G,P,V,L,D,C,W,T,C,L,R,M,T,T,R,C,F,R,G,D,Y,C,K,D,E,N,P,K,K,A,E,N,R,E,I,A,L,Y,L,I,L,M,A,E,A,V,I,L,A,S,A,V,L,L,H,F,C,I,S,H,R,R,K,M,K,V,I,R,R,T,L,K,T,Y,L,E,K,K,L,E,E,L,V,G,M,V,D
Microcebus_murinus,L,L,L,L,L,P,L,S,A,F,H,G,V,K,G,C,L,E,C,D,P,K,F,I,E,D,V,R,H,L,L,S,K,L,V,P,P,E,V,P,G,R,T,Q,L,L,E,R,Q,S,K,E,M,I,G,L,S,H,K,V,S,H,R,E,K,M,L,R,V,L,A,V,Q,K,V,V,Q,L,R,T,W,L,K,N,E,F,Y,K,L,S,N,E,T,W,K,G,V,F,I,L,Q,G,K,L,L,E,I,R,Q,I,L,E,S,K,L,K,E,L,L,K,N,F,S,E,V,A,C,S,A,D,C,T,V,V,E,G,P,I,L,D,C,W,T,C,L,R,M,T,T,R,C,F,K,G,E,Y,C,G,G,E,I,P,R,K,A,E,N,R,E,I,A,L,F,L,I,L,L,T,T,A,T,I,L,G,S,A,L,L,L,Y,M,C,V,S,H,R,R,K,M,K,A,I,R,R,S,L,N,E,Y,L,E,N,K,L,E,E,L,L,G,R,-,-
Microtus_fortis,V,L,L,F,L,S,L,S,A,F,R,G,V,K,G,C,L,E,C,D,P,K,F,I,E,D,V,S,T,L,L,G,N,L,V,P,V,E,V,P,G,R,T,Q,L,L,D,R,Q,H,K,E,I,T,H,L,S,S,K,V,S,H,K,D,K,T,L,R,L,L,A,V,R,N,V,V,K,L,R,E,W,L,K,Q,E,F,Y,R,L,G,N,E,T,W,K,G,V,I,I,T,Q,G,K,L,L,E,V,R,Q,N,L,E,S,Q,L,K,E,T,L,E,N,F,S,E,V,A,C,S,E,D,C,V,V,T,E,G,P,V,L,D,C,W,T,C,L,R,M,T,T,R,C,F,R,G,D,Y,C,K,D,E,N,P,R,K,A,E,N,Q,E,I,A,L,Y,L,I,L,I,A,E,A,V,L,L,A,S,A,L,L,L,H,F,C,I,S,H,K,R,K,M,K,V,V,R,R,T,L,K,T,Y,L,E,N,K,I,E,E,I,L,G,I,V,D
Microtus_ochrogaster,V,L,L,F,L,S,L,S,A,F,R,G,V,K,G,C,L,E,C,D,P,K,F,I,E,D,I,S,T,L,L,G,N,L,V,P,V,E,V,P,G,R,T,Q,L,L,D,R,Q,H,K,E,I,T,H,L,S,S,K,V,S,H,K,D,K,T,L,R,L,L,A,V,R,N,V,V,K,L,R,E,W,L,K,Q,E,F,Y,R,L,G,N,E,T,W,K,G,V,F,I,I,Q,G,K,L,L,E,V,R,Q,N,L,E,S,Q,L,K,E,T,L,E,N,F,S,E,V,A,C,S,E,D,C,V,V,T,E,G,P,V,L,D,C,W,T,C,L,R,M,T,I,R,C,F,R,G,D,Y,C,K,D,E,N,P,R,K,A,E,N,R,E,I,A,L,Y,L,I,L,I,A,E,A,V,L,L,T,S,A,V,L,L,H,F,C,I,S,H,Q,R,R,M,K,V,V,R,R,T,L,K,T,Y,L,E,N,K,I,E,D,L,L,G,M,V,D
Microtus_oregoni,V,L,L,F,L,S,L,S,A,F,R,G,V,K,G,C,L,E,C,D,P,K,F,I,E,N,V,S,T,L,L,G,N,L,V,P,V,E,V,P,G,R,T,Q,L,L,E,R,Q,H,K,E,I,T,H,L,S,S,K,V,S,H,K,D,K,T,L,R,L,L,A,V,R,N,V,V,K,L,R,E,W,L,K,Q,E,F,Y,R,L,G,N,E,T,W,K,G,V,I,I,T,Q,G,K,L,L,E,V,R,Q,N,L,E,S,Q,L,K,E,T,L,E,N,F,S,E,V,A,C,S,E,D,C,V,V,T,E,G,P,V,L,D,C,W,T,C,L,R,M,T,T,R,C,F,R,G,D,Y,C,K,D,E,N,P,R,K,A,E,N,R,E,I,A,L,Y,L,I,L,I,A,E,A,V,L,L,T,S,A,V,L,L,H,F,C,I,S,H,Q,R,R,M,K,A,V,R,R,T,L,K,T,Y,L,E,N,K,I,E,D,L,L,G,M,V,D
Mirounga_angustirostris,L,L,L,L,L,P,L,S,V,F,H,G,V,K,G,C,L,E,C,D,P,K,F,T,E,D,I,R,S,L,L,A,K,M,V,P,S,E,V,P,G,Q,V,H,L,L,E,R,Q,I,K,E,M,T,H,L,S,F,K,V,S,R,R,D,K,M,L,R,L,L,A,V,H,K,V,I,K,L,R,I,W,L,K,N,E,L,Y,K,L,G,N,E,T,W,K,G,A,F,I,L,Q,G,K,L,L,D,V,R,Q,N,L,E,S,K,L,K,E,I,L,K,N,F,S,E,V,A,C,S,E,D,C,V,V,T,E,G,P,I,L,D,C,W,T,C,L,R,I,T,S,R,C,F,R,G,E,Y,C,G,E,E,D,S,K,K,A,E,S,R,E,I,A,L,F,L,I,L,L,T,E,V,V,I,L,G,S,A,L,L,L,H,I,C,V,S,H,R,R,K,M,K,A,I,R,S,S,L,K,K,Y,L,E,K,E,L,E,E,L,M,R,M,T,D
Mirounga_leonina,L,L,L,L,L,P,L,S,V,F,H,G,V,K,G,C,L,E,C,D,P,K,F,T,E,D,I,R,S,L,L,A,K,M,V,P,S,E,V,P,G,Q,V,H,L,L,E,R,Q,I,K,E,M,T,H,L,S,F,K,V,S,R,R,D,K,M,L,R,L,L,A,V,H,K,V,I,K,L,R,I,W,L,K,N,E,L,Y,K,L,G,N,E,T,W,K,G,A,F,I,L,Q,G,K,L,L,D,V,R,Q,N,L,E,S,K,L,K,E,I,L,K,N,F,S,E,V,A,C,S,E,D,C,V,V,T,E,G,P,I,L,D,C,W,T,C,L,R,I,T,S,R,C,F,R,G,E,Y,C,G,E,E,D,S,K,K,A,E,S,R,E,I,A,L,F,L,I,L,L,T,E,V,V,I,L,G,S,A,L,L,L,H,I,C,V,S,H,R,R,K,M,K,A,I,R,S,S,L,K,K,Y,L,E,K,E,L,E,E,L,M,R,M,T,D
Monodelphis_domestica,-,-,-,-,-,-,-,-,-,-,-,-,-,-,-,-,-,-,-,-,-,-,-,-,-,-,-,-,-,-,-,-,-,-,-,-,-,-,-,-,-,-,-,-,-,-,-,-,-,-,-,-,-,-,-,-,-,-,-,-,-,-,-,-,-,-,-,-,-,-,-,-,-,-,-,-,-,-,R,E,W,L,K,E,K,L,S,N,L,K,Q,K,P,W,K,G,V,F,I,F,Q,G,Q,L,L,E,L,R,Q,D,L,E,F,H,L,T,E,T,L,K,T,F,S,D,L,A,C,S,E,D,C,M,M,T,E,G,P,V,L,D,C,W,N,C,L,R,I,T,T,P,C,F,R,G,E,L,C,G,D,D,D,P,M,I,A,Q,Q,R,E,I,S,L,F,L,A,L,M,M,E,A,V,G,L,G,S,I,A,L,L,Y,F,C,I,I,H,R,K,K,M,K,-,-,-,-,-,-,-,-,-,-,-,-,-,-,-,-,-,-,-,-,-,-
Mus_caroli,I,L,L,F,S,S,L,Y,A,F,H,G,V,R,G,C,L,E,C,D,P,K,F,T,E,D,I,M,T,L,L,G,N,L,V,P,L,E,V,P,D,R,N,Q,L,L,D,R,Q,Y,K,E,I,T,H,I,S,S,K,V,S,H,K,D,K,M,L,R,L,L,A,V,Q,N,V,V,K,L,R,V,W,L,K,D,E,F,Y,R,L,G,N,E,T,W,K,G,V,F,I,I,Q,G,S,L,L,E,I,R,Q,N,L,E,K,K,L,T,Q,I,I,K,N,F,S,E,V,A,C,S,E,D,C,I,V,I,E,G,P,V,L,D,C,W,T,C,L,R,M,T,T,R,C,F,K,G,D,Y,C,Q,D,E,D,P,K,T,A,E,N,R,E,I,S,L,Y,L,I,F,I,A,E,A,V,I,L,A,S,A,V,L,L,H,V,C,I,S,H,R,R,K,M,K,A,I,R,R,T,L,K,T,Y,L,E,K,K,L,E,E,L,V,-,-,-,-
Mus_musculus,V,L,L,F,S,S,L,S,A,F,H,G,V,R,G,C,L,E,C,D,P,K,F,T,E,D,V,R,T,L,L,G,N,L,V,P,L,E,V,P,D,R,N,Q,L,L,D,R,Q,H,K,E,I,T,H,I,S,S,K,V,S,H,K,D,K,M,L,R,L,L,A,V,R,N,V,I,K,L,R,E,W,L,K,D,E,F,Y,R,L,G,N,E,T,W,K,G,V,F,I,I,Q,G,N,L,L,E,I,R,Q,N,L,E,K,K,L,T,Q,I,I,K,N,F,S,E,V,A,C,S,E,D,C,I,V,I,E,G,P,V,L,D,C,W,N,C,L,R,M,T,T,R,C,F,K,G,D,Y,C,Q,D,E,D,P,K,T,A,E,N,R,E,I,S,L,Y,L,I,F,I,A,E,A,V,I,L,A,S,A,V,L,L,H,V,C,I,S,H,R,R,K,M,K,A,I,R,R,T,L,K,T,Y,L,E,K,K,L,E,E,L,V,-,-,-,-
Mus_pahari,V,L,L,F,S,S,L,S,A,F,H,G,V,K,G,C,L,E,C,D,P,K,F,T,E,D,V,R,T,L,L,G,N,L,V,P,L,E,V,P,D,R,N,Q,L,L,D,R,Q,H,K,E,I,T,H,I,S,S,K,V,S,H,K,D,K,M,L,R,L,L,A,V,R,N,V,V,K,L,R,V,W,L,K,D,E,F,Y,R,L,G,N,E,T,W,K,G,V,F,I,I,Q,G,N,L,L,E,I,R,R,N,L,E,K,N,L,T,Q,I,I,K,N,F,S,K,V,A,C,S,E,D,C,I,V,I,E,G,P,I,L,D,C,W,T,C,L,R,M,T,T,R,C,F,K,G,D,Y,C,Q,D,E,D,P,Q,N,T,E,N,R,E,I,S,L,Y,L,I,F,I,A,E,A,V,I,L,A,S,A,V,L,L,H,V,C,I,S,H,R,R,K,M,K,A,I,R,R,T,L,K,T,Y,L,E,K,K,L,E,E,L,V,-,-,-,-
Mustela_erminea,L,L,L,L,L,P,L,S,A,Y,H,G,V,K,G,C,L,E,C,D,P,K,F,A,E,N,I,R,F,L,L,A,E,M,V,P,S,E,V,P,G,R,V,H,L,L,E,R,Q,I,K,E,M,I,R,L,S,I,K,V,S,H,R,D,K,T,L,R,V,L,A,V,D,D,V,I,K,L,R,I,W,L,K,N,E,L,Y,K,L,G,N,E,T,W,K,G,A,F,I,F,Q,G,K,L,L,N,V,R,L,N,L,E,S,K,L,K,E,M,L,K,N,F,S,D,V,A,C,S,E,D,C,V,V,T,E,S,P,I,L,D,C,W,T,C,L,R,I,S,S,P,C,F,R,G,E,Y,C,G,E,E,D,P,K,K,A,E,N,R,E,I,A,L,F,L,I,L,L,T,E,V,V,I,L,G,S,A,L,I,L,H,I,C,V,L,H,R,R,K,M,K,A,I,R,R,S,L,K,K,Y,L,E,K,K,L,E,E,L,M,G,M,T,D
Mustela_putorius_furo,L,L,L,L,L,P,L,S,A,Y,H,G,V,K,G,C,L,E,C,D,P,K,F,A,E,N,I,R,F,L,L,A,E,M,V,P,S,E,V,P,G,R,V,H,L,L,E,R,Q,I,K,E,M,I,R,L,S,I,K,V,S,H,R,D,K,T,L,R,V,L,A,V,D,D,V,I,K,L,R,I,W,L,K,N,E,L,Y,K,L,G,N,E,T,W,K,G,A,F,I,F,Q,G,K,L,L,N,V,R,L,N,L,E,S,K,L,K,E,M,L,K,N,F,S,D,V,A,C,S,E,D,C,V,V,T,E,S,P,I,L,D,C,W,T,C,L,R,I,N,S,P,C,F,R,G,E,Y,C,G,E,E,N,P,K,K,A,E,N,R,E,I,A,L,F,L,I,L,L,T,E,V,V,I,L,G,S,A,L,I,L,H,I,C,V,L,H,R,R,K,M,K,A,I,R,R,S,L,K,K,Y,L,E,K,K,L,E,E,L,M,G,M,T,D
Myodes_glareolus,E,L,L,F,L,S,L,S,A,F,R,G,V,K,G,C,L,E,C,D,P,K,F,I,E,D,V,S,T,F,L,G,N,L,V,P,V,E,V,P,G,R,T,Q,L,L,D,K,Q,H,K,D,I,T,H,L,S,Y,E,V,S,H,K,D,K,T,L,R,L,L,A,V,R,N,V,V,K,L,R,E,W,L,K,H,E,F,Y,T,L,G,N,E,T,W,K,G,F,F,I,I,Q,G,K,L,L,E,I,R,R,N,L,E,S,Q,L,K,G,T,L,T,N,F,A,E,V,A,C,S,E,D,C,I,V,T,E,G,P,I,L,D,C,W,T,C,L,R,L,T,T,R,C,F,R,G,D,Y,C,K,D,E,N,P,K,K,A,E,N,R,E,I,A,L,Y,L,I,L,I,A,E,V,V,I,L,A,S,A,L,L,L,H,F,C,I,T,H,Q,R,K,M,K,E,I,R,R,T,L,K,T,Y,L,E,K,K,I,E,E,I,V,G,T,V,D
Neogale_vison,L,L,L,L,L,P,L,S,A,Y,H,G,V,K,G,C,L,E,C,D,P,K,F,A,E,D,I,R,F,L,L,A,E,M,V,P,S,E,V,P,G,R,I,H,L,L,E,R,Q,I,K,E,M,I,R,L,S,V,K,V,S,H,R,D,K,T,L,R,V,L,A,V,D,D,V,I,K,L,R,I,W,L,K,N,E,L,Y,K,L,G,N,E,T,W,K,G,A,F,I,L,Q,G,K,L,L,N,V,R,L,N,L,E,S,K,L,K,E,M,L,K,N,F,S,E,V,A,C,S,E,D,C,V,V,T,E,G,P,I,L,D,C,W,T,C,L,R,I,N,S,P,C,F,R,G,E,Y,C,G,E,E,D,P,K,K,A,E,N,R,E,I,A,L,F,L,I,L,L,T,E,V,V,I,L,G,S,A,L,I,L,H,I,C,V,F,H,R,R,K,M,K,A,I,R,R,S,L,K,K,Y,L,E,K,K,L,E,E,L,M,G,M,T,D
Odobenus_rosmarus_divergens,L,L,L,L,L,P,L,S,A,F,H,G,V,K,G,C,L,E,C,D,S,K,F,T,E,D,I,R,S,L,L,A,K,M,V,P,S,E,V,P,G,R,V,H,L,L,E,R,Q,I,K,E,M,T,H,L,S,F,K,V,S,H,R,D,K,M,L,R,V,L,A,V,H,K,V,I,K,L,R,I,W,L,K,N,E,L,Y,K,L,G,N,E,T,W,K,G,A,F,I,L,Q,G,K,L,L,D,V,R,Q,N,L,G,S,K,L,K,E,I,L,K,N,F,S,E,V,-,-,-,-,-,-,V,V,T,E,G,P,I,L,D,C,W,T,C,L,R,I,T,S,R,C,F,R,G,E,Y,C,G,E,E,N,P,K,K,A,E,S,R,E,I,A,L,F,L,I,L,L,T,E,V,V,I,L,G,S,A,L,L,L,H,I,C,V,S,H,R,R,Q,M,K,A,I,R,S,S,L,K,K,Y,L,E,K,K,L,E,E,L,M,R,M,T,D
Odocoileus_virginianus_texanus,L,L,L,L,L,P,L,S,A,F,H,G,V,K,G,C,L,E,C,D,P,K,F,I,E,E,V,K,S,L,L,G,K,L,V,P,P,E,V,P,G,R,T,H,L,L,E,R,Q,M,K,E,M,I,R,L,S,F,K,V,S,H,R,D,K,M,L,R,V,L,A,V,Q,K,V,V,D,L,R,T,W,L,K,N,E,L,D,K,L,S,K,E,T,W,K,G,V,F,I,L,Q,G,R,L,L,D,I,R,K,N,L,D,S,K,L,E,K,L,L,K,T,F,S,E,V,A,C,S,E,D,C,V,V,T,E,G,P,I,L,D,C,W,T,C,L,R,I,T,S,R,C,F,K,G,E,Y,C,E,E,D,D,P,K,K,A,E,N,R,E,I,G,L,F,L,I,L,L,A,E,V,V,I,L,G,G,V,L,L,L,H,F,C,I,T,H,R,R,K,M,K,A,I,R,R,S,L,K,K,Y,L,E,K,K,L,E,E,L,M,G,I,M,D
Onychomys_torridus,V,L,L,L,L,P,L,S,A,F,H,G,V,K,G,C,L,E,C,D,P,K,F,I,E,D,V,R,T,L,L,G,N,L,V,P,V,E,V,P,G,R,T,Q,L,L,D,R,Q,H,K,E,I,T,Y,L,S,S,K,V,S,H,K,D,K,T,L,R,L,L,D,V,R,N,V,V,K,L,R,V,W,L,K,E,E,L,Y,K,L,G,N,E,T,W,K,G,V,F,I,T,Q,G,K,F,L,S,V,R,Q,H,L,E,S,Q,L,K,E,T,L,K,N,F,A,E,V,A,C,S,E,D,C,I,V,T,E,G,P,V,L,D,C,W,T,C,L,R,M,T,T,R,C,F,R,G,D,Y,C,K,D,E,N,P,R,K,A,E,N,R,E,I,A,L,Y,L,A,L,I,A,E,A,V,I,L,A,S,A,V,L,L,H,F,C,I,S,H,R,R,K,M,K,V,I,R,R,T,L,K,T,Y,L,E,K,K,L,E,E,L,V,G,V,V,D
Ornithorhynchus_anatinus,-,-,-,-,-,-,-,-,-,-,-,-,-,-,-,-,-,-,-,-,-,-,-,-,-,-,-,-,-,-,-,-,-,-,-,-,-,-,-,-,-,-,-,-,-,-,-,-,-,-,-,-,-,-,-,-,-,-,-,-,-,-,-,-,-,-,-,-,-,-,-,-,-,-,-,-,-,-,-,-,-,-,-,-,-,-,-,-,-,-,-,-,-,-,K,G,V,F,I,L,Q,G,Q,L,L,R,I,R,G,E,L,R,L,R,L,R,E,A,L,R,A,F,S,N,L,A,C,S,E,D,C,T,L,N,E,G,P,V,L,D,C,W,T,C,L,R,I,S,T,S,C,F,K,G,E,L,C,G,D,E,N,P,W,V,A,E,E,R,E,I,S,L,F,L,V,L,L,V,E,A,V,V,L,S,S,A,V,L,L,L,L,C,V,S,H,R,K,R,M,K,A,L,R,A,S,R,H,K,K,A,E,E,K,-,-,-,-,-,-,-,-,-
Orycteropus_afer_afer,L,L,F,L,L,P,L,S,T,F,H,G,V,K,G,C,L,E,C,D,P,K,F,I,E,D,I,R,T,S,I,E,K,L,L,P,L,E,V,P,G,R,N,Y,V,L,E,R,Q,L,K,E,M,I,H,I,N,S,K,V,S,H,G,D,K,M,L,R,I,L,D,V,H,N,V,V,H,L,R,S,W,L,K,Q,E,F,E,K,L,-,-,-,-,W,K,G,A,F,I,L,Q,G,K,L,L,E,V,R,Q,N,L,E,S,K,L,K,E,T,L,K,T,F,S,E,V,A,C,S,E,D,C,I,V,T,E,G,P,I,L,D,C,W,T,C,L,R,I,T,S,H,C,F,R,G,E,Y,C,G,E,-,D,S,R,K,A,E,R,R,E,I,A,L,F,L,I,L,L,T,E,V,V,V,F,G,S,T,L,L,L,H,V,C,V,S,H,R,R,K,M,K,A,I,R,R,S,L,K,K,Y,L,E,K,K,L,E,E,L,M,E,M,A,E
Oryctolagus_cuniculus,L,L,L,L,L,P,L,S,G,F,H,G,A,K,G,C,L,E,C,D,P,K,F,I,E,D,I,K,A,L,L,A,K,L,I,P,S,E,V,P,G,R,T,E,L,I,E,R,Q,F,K,E,M,M,H,L,S,F,K,V,S,H,K,N,K,I,L,R,V,L,A,V,Q,K,V,V,K,L,R,M,W,L,K,N,E,F,Y,K,L,G,N,E,T,W,K,G,V,F,I,I,Q,G,K,L,L,E,V,R,Q,N,L,D,S,K,L,N,E,I,L,K,S,F,S,E,V,A,C,S,E,D,C,I,V,T,E,G,P,I,L,D,C,W,T,C,L,R,I,T,T,R,C,F,K,G,E,Y,C,G,E,D,D,P,K,K,A,E,S,R,E,I,G,L,F,L,I,L,L,T,E,T,G,I,L,A,S,A,V,L,L,H,I,C,V,I,H,R,R,R,M,K,R,I,R,N,T,L,K,K,Y,L,E,K,K,L,E,E,L,I,G,M,E,D
Oryx_dammah,L,L,L,L,L,P,L,S,A,F,H,G,V,K,G,C,L,E,C,D,P,K,F,I,E,D,V,K,S,L,L,G,K,L,V,P,P,E,V,P,G,R,T,H,M,L,E,R,Q,M,E,E,M,I,R,L,S,F,K,V,S,H,R,D,K,M,L,R,V,L,A,V,Q,K,V,V,D,L,R,T,W,L,K,I,E,L,D,K,L,S,K,E,T,W,K,G,V,F,I,L,Q,S,R,L,L,D,I,R,K,N,L,D,S,K,L,E,K,L,L,K,K,F,S,E,V,A,C,S,E,D,C,V,V,T,E,G,P,I,L,D,C,W,T,C,L,R,I,T,S,R,C,F,K,G,E,Y,C,E,E,D,D,P,K,K,A,E,N,R,E,I,G,L,F,L,I,L,L,A,E,G,V,I,L,G,G,V,L,L,L,H,F,C,I,S,H,R,R,K,M,K,A,I,R,R,S,L,K,K,Y,L,E,K,K,L,E,E,L,M,G,V,K,D
Otolemur_garnettii,-,-,-,-,-,-,-,-,-,-,-,-,-,-,-,-,-,-,-,-,-,-,-,-,-,-,-,-,-,-,-,-,-,-,-,-,-,-,-,-,-,-,-,-,-,-,-,-,-,-,-,-,-,-,-,-,-,-,-,-,-,-,-,-,-,-,-,-,-,-,-,-,-,-,-,-,-,-,-,-,-,-,-,-,-,-,-,-,-,-,-,-,-,-,-,-,-,-,-,-,-,-,-,-,-,-,-,-,-,-,-,-,-,-,-,-,-,-,-,-,-,-,-,-,-,-,-,-,-,-,-,-,-,-,-,-,-,-,-,-,-,-,-,-,-,-,-,-,-,-,-,-,-,-,-,-,-,-,-,-,-,-,-,-,-,-,-,-,-,-,-,-,-,-,-,-,-,-,-,-,-,-,-,-,-,-,-,-,-,-,-,-,-,-,-,-,-,-,-,-,-,-,-,-,-,-,-,-,-,-,-,-,-,-,-,-,-,-,-,-,-,-
Panthera_leo,L,L,L,L,L,P,L,S,A,F,H,G,V,K,A,C,L,E,C,D,P,K,F,K,E,D,I,R,S,L,I,T,K,L,V,P,S,E,V,P,G,R,T,H,L,L,E,W,Q,I,K,E,M,I,H,L,S,F,K,V,S,H,G,D,K,M,L,R,V,L,A,V,H,K,A,V,K,L,R,I,W,L,K,N,E,L,Y,K,L,G,N,E,T,W,K,G,A,F,I,F,Q,G,K,L,L,D,V,R,Q,N,L,E,S,K,L,K,E,I,L,K,N,F,S,E,V,A,C,S,E,D,C,V,V,T,E,G,P,I,L,D,C,W,T,C,L,R,I,T,T,Q,C,F,R,G,E,Y,C,G,E,E,D,S,R,T,A,E,N,R,E,I,G,L,F,L,I,L,L,T,E,V,V,I,L,G,S,A,W,L,L,H,I,C,V,S,H,W,R,K,M,K,A,I,R,R,S,L,K,K,Y,L,E,K,K,L,E,E,L,I,G,M,T,D
Panthera_pardus,L,L,L,L,L,P,L,S,A,F,H,G,V,K,A,C,L,E,C,D,P,K,F,K,E,D,I,R,S,L,I,T,K,L,V,P,S,E,V,P,G,R,T,H,L,L,E,W,Q,I,K,E,M,I,H,L,S,F,K,V,S,H,G,D,K,M,L,R,V,L,A,V,H,K,A,V,K,L,R,I,W,L,K,N,E,L,Y,K,L,G,N,E,T,W,K,G,A,F,I,L,Q,G,K,L,L,D,V,R,Q,N,L,E,S,K,L,K,E,I,L,K,N,F,S,E,V,A,C,S,E,D,C,V,V,T,E,G,P,I,L,D,C,W,T,C,L,R,I,T,T,Q,C,F,R,G,E,Y,C,G,E,E,D,S,R,T,A,E,N,R,E,I,G,L,F,L,I,L,L,T,E,V,V,I,L,G,S,A,W,L,L,H,I,C,V,S,H,W,R,K,M,K,A,I,R,R,S,L,K,K,Y,L,E,K,K,L,E,E,L,I,G,M,T,D
Panthera_uncia,L,L,L,L,L,P,L,S,A,F,H,G,V,K,A,C,L,E,C,D,P,K,F,K,E,D,I,R,S,L,I,T,K,L,V,P,S,E,V,P,G,R,T,H,L,L,E,W,Q,I,K,E,M,I,H,L,S,F,K,V,S,H,G,D,K,M,L,R,V,L,A,V,H,K,A,V,K,L,R,I,W,L,K,N,E,L,Y,K,L,G,N,E,T,W,K,G,A,F,I,L,Q,G,K,L,L,D,V,R,Q,N,L,E,S,K,V,K,E,I,L,K,N,F,S,E,V,A,C,S,E,D,C,V,V,T,E,G,P,I,L,D,C,W,T,C,L,R,I,T,T,Q,C,F,R,G,E,Y,C,G,E,E,D,S,R,T,A,E,N,R,E,I,G,L,F,L,I,L,L,T,E,V,V,I,L,G,S,A,W,L,L,H,I,C,V,S,H,W,R,K,M,K,A,I,R,R,S,L,K,K,Y,L,E,K,K,L,E,E,L,I,G,M,T,D
Perognathus_longimembris_pacificus,L,F,L,F,L,P,L,S,A,F,H,G,V,K,G,C,L,D,C,D,P,K,F,I,E,D,I,R,I,T,L,T,K,M,V,P,T,E,V,P,D,R,T,Q,L,L,E,R,Q,F,K,E,I,T,R,L,S,F,K,T,V,H,R,N,K,M,L,R,V,L,A,V,Q,T,V,I,N,L,R,T,W,L,K,N,E,F,Y,I,I,G,N,Q,T,W,K,G,V,F,I,Y,Q,G,Q,F,L,K,M,R,K,R,L,E,S,K,L,T,E,K,L,T,T,F,S,E,V,A,C,S,E,D,C,I,V,T,E,G,P,I,L,D,C,W,T,C,L,R,V,S,S,Q,C,F,R,G,E,Y,C,G,D,D,D,L,K,K,A,E,N,R,E,I,I,L,F,L,I,L,F,T,E,A,G,L,L,A,S,A,V,L,L,Y,F,C,V,S,H,R,R,K,M,K,T,I,R,R,T,L,K,K,Y,L,E,K,K,L,E,E,L,V,G,M,A,D
Peromyscus_californicus_insignis,V,L,L,L,L,P,L,S,A,F,H,G,V,K,G,C,L,E,C,D,P,K,F,I,E,D,V,R,T,L,L,G,K,L,V,P,V,E,V,P,G,R,T,Q,L,L,D,R,Q,H,Q,E,I,T,H,L,S,S,K,V,S,H,K,D,K,T,L,R,L,L,D,V,R,N,V,V,K,W,R,V,W,L,K,G,E,L,Y,K,L,G,N,E,T,W,K,G,V,F,I,T,Q,G,K,F,L,S,V,R,Q,H,L,E,S,Q,L,K,E,T,L,K,N,F,A,A,I,A,C,S,E,D,C,I,V,T,E,G,P,V,L,D,C,W,T,C,L,R,M,T,T,R,C,F,R,G,D,Y,C,K,D,E,N,P,K,K,A,E,N,R,E,I,A,L,Y,L,V,L,I,A,E,A,V,I,L,A,S,A,V,L,L,H,F,C,I,S,H,R,R,K,M,K,V,I,R,R,T,L,K,T,Y,L,E,K,K,L,E,E,L,V,G,V,V,D
Peromyscus_leucopus,V,L,L,L,L,P,L,S,A,F,H,G,V,K,G,C,L,E,C,D,P,K,F,I,E,D,V,R,T,L,L,G,K,L,V,P,V,E,V,P,G,R,T,Q,L,L,D,R,Q,H,K,E,I,T,H,L,S,S,K,V,S,H,K,D,K,T,L,R,L,L,D,V,R,N,V,V,K,L,R,V,W,L,K,E,E,L,Y,K,L,G,N,E,T,W,K,G,V,F,I,T,Q,G,K,F,L,S,V,R,Q,H,L,E,S,Q,L,K,E,T,L,K,N,F,A,A,V,A,C,S,E,D,C,I,V,T,E,G,P,V,L,D,C,W,T,C,L,R,M,T,T,R,C,F,R,G,D,Y,C,K,D,E,N,P,K,K,A,E,N,R,E,I,A,L,Y,L,V,L,I,A,E,A,V,I,L,A,S,A,V,L,L,H,F,C,I,S,H,R,R,K,M,K,V,I,R,R,T,L,K,T,Y,L,E,K,K,L,E,E,L,V,G,V,V,D
Peromyscus_maniculatus_bairdii,V,L,L,L,L,P,L,S,A,F,H,G,V,K,G,C,L,E,C,D,P,K,F,I,E,D,V,R,T,L,L,G,K,L,V,P,V,E,V,P,G,R,T,Q,L,L,D,R,Q,H,K,E,I,T,H,L,S,S,K,V,S,H,K,D,K,M,L,R,L,L,D,V,R,N,V,V,K,L,R,V,W,L,K,E,E,L,Y,K,L,G,N,E,T,W,K,G,V,F,I,T,Q,G,K,F,L,S,V,R,Q,H,L,E,S,Q,L,K,E,T,L,K,N,F,A,A,V,A,C,S,E,D,C,I,V,T,E,G,P,V,L,D,C,W,T,C,L,R,M,T,T,R,C,F,R,G,D,Y,C,K,D,E,N,P,K,K,A,E,N,R,E,I,A,L,Y,L,V,L,I,A,E,A,V,I,L,A,S,A,V,L,L,H,F,C,I,S,H,R,R,K,M,K,V,I,R,R,T,L,K,T,Y,L,E,K,K,L,E,E,L,V,G,V,V,D
Phascolarctos_cinereus,-,-,-,-,-,-,-,-,-,-,-,-,-,-,-,-,-,-,-,-,-,-,-,-,-,-,-,-,-,-,-,-,-,-,-,-,-,-,-,-,-,-,-,-,-,-,-,-,-,-,-,-,-,-,-,-,-,-,-,-,-,-,-,-,-,-,-,-,-,-,-,-,-,-,-,-,-,-,-,-,-,-,-,-,-,-,-,-,-,-,-,-,-,-,-,-,-,-,-,-,-,-,-,-,-,-,-,-,-,-,-,-,-,-,-,-,-,-,-,-,-,-,-,-,-,-,-,-,-,-,-,-,-,-,-,-,-,-,-,-,-,-,-,-,-,-,-,-,-,-,-,-,-,-,-,-,-,-,-,-,-,-,-,-,-,-,-,-,-,-,-,-,-,-,-,-,-,-,-,-,-,-,-,-,-,-,-,-,-,-,-,-,-,-,-,-,-,-,-,-,-,-,-,-,-,-,-,-,-,-,-,-,-,-,-,-,-,-,-,-,-,-
Phoca_vitulina,L,L,L,L,L,P,L,S,A,F,H,G,V,K,G,C,L,E,C,D,P,K,F,T,E,D,I,R,S,L,L,A,K,M,V,P,S,E,V,P,G,R,V,H,L,L,E,R,Q,I,K,E,M,T,H,L,S,F,K,V,S,R,R,D,K,M,L,R,V,L,A,V,H,K,V,I,K,L,R,I,W,L,K,N,E,L,Y,K,L,G,N,E,T,W,K,G,A,F,I,L,Q,G,K,L,L,D,V,R,Q,N,L,E,S,K,L,K,E,I,L,K,N,F,S,E,V,A,C,S,E,D,C,V,V,T,E,G,P,I,L,D,C,W,T,C,L,R,I,T,S,R,C,F,R,G,E,Y,C,G,E,E,D,S,K,K,A,E,S,R,E,I,A,L,F,L,I,L,L,T,E,V,V,I,L,G,S,A,L,L,L,H,I,C,V,S,H,R,R,K,M,K,A,I,R,S,S,L,K,K,Y,L,E,K,K,L,E,E,L,M,R,M,T,D
Phodopus_roborovskii,V,L,L,F,L,P,L,S,A,F,H,G,V,K,G,C,L,E,C,D,P,K,F,I,E,D,V,R,T,L,L,G,K,L,I,P,V,E,V,P,G,R,T,Q,L,L,G,R,Q,H,K,E,I,T,H,L,S,S,K,V,S,H,K,D,K,T,L,R,L,L,A,V,R,N,V,V,N,L,R,E,W,L,K,H,E,F,Y,R,L,G,N,E,T,W,K,G,V,F,I,I,Q,G,K,L,L,K,V,R,Q,N,L,E,S,E,M,K,E,I,L,K,K,F,S,E,I,A,C,S,E,D,C,I,V,T,E,G,P,V,L,D,C,W,T,C,L,R,M,T,T,R,C,F,R,G,D,Y,C,K,D,E,N,P,K,K,A,E,N,R,E,I,A,L,Y,L,I,L,M,A,E,A,V,I,L,A,S,A,V,L,L,H,F,C,I,S,H,R,R,K,M,K,V,I,R,R,T,L,R,T,Y,L,E,K,K,L,E,E,L,V,G,I,V,D
Prionailurus_bengalensis_euptilurus,-,-,-,-,-,-,-,-,-,-,-,-,-,-,-,-,-,-,-,-,-,-,-,-,-,-,-,-,-,-,-,-,-,-,-,-,-,-,-,-,-,-,-,-,-,-,-,-,-,-,-,-,-,-,-,-,-,-,-,-,-,-,-,-,-,-,-,-,-,-,-,-,-,-,-,-,-,-,-,-,-,-,-,-,-,-,-,-,-,-,-,-,-,-,-,-,-,-,-,-,-,-,-,-,-,-,-,-,-,-,-,-,-,-,-,-,-,-,-,-,-,-,-,-,-,-,-,-,-,-,-,-,-,-,-,-,-,-,-,-,-,-,-,-,-,-,-,-,-,-,-,-,-,-,-,-,-,-,-,-,-,-,-,-,-,-,-,-,-,-,-,-,-,-,-,-,-,-,-,-,-,-,-,-,-,-,-,-,-,-,-,-,-,-,-,-,-,-,-,-,-,-,-,-,-,-,-,-,-,-,-,-,-,-,-,-,-,-,-,-,-,-
Puma_concolor,L,L,L,L,L,P,L,S,A,F,H,G,V,K,A,C,L,E,C,D,P,K,F,K,E,D,I,R,S,L,I,A,K,L,V,P,P,E,V,P,G,R,T,H,L,L,E,R,Q,I,K,E,M,I,H,L,S,F,K,V,S,H,G,D,K,M,L,R,V,L,A,V,H,K,A,V,K,L,R,I,W,L,K,N,E,L,Y,K,L,G,N,E,T,W,K,G,A,F,I,L,Q,G,K,L,L,D,V,R,Q,N,L,E,L,K,L,K,E,I,L,K,N,F,S,E,V,-,-,-,-,-,-,V,V,T,E,G,P,I,L,D,C,W,T,C,L,R,I,T,T,Q,C,F,R,G,E,Y,C,G,E,E,D,S,R,M,A,E,N,R,E,I,G,L,F,L,I,L,L,T,E,V,V,I,L,G,S,A,W,L,L,H,I,C,V,S,H,W,R,K,M,K,A,I,R,R,S,L,K,K,Y,L,E,K,K,L,E,E,L,I,G,M,T,D
Puma_yagouaroundi,L,L,L,L,L,P,L,S,A,F,H,G,V,K,A,C,L,E,C,D,P,K,F,K,E,D,I,R,S,L,I,A,K,L,V,P,P,E,V,P,G,R,T,H,L,L,E,R,Q,I,K,E,M,I,H,L,S,F,K,V,S,H,G,D,K,M,L,R,V,L,A,V,H,K,A,V,K,L,R,I,W,L,K,N,E,L,Y,K,L,G,N,E,T,W,K,G,A,F,I,L,Q,G,K,L,L,D,V,R,Q,N,L,E,L,K,L,K,E,I,L,K,N,F,S,E,V,A,C,S,E,D,C,V,V,T,E,G,P,I,L,D,C,W,T,C,L,R,I,T,T,Q,C,F,R,G,E,Y,C,G,E,E,D,S,R,M,A,E,N,R,E,I,G,L,F,L,I,L,L,T,E,V,V,I,L,G,S,A,W,L,L,H,I,C,V,S,H,W,R,K,M,K,A,I,R,R,S,L,K,K,Y,L,E,K,K,L,E,E,L,I,G,M,T,D
Rattus_norvegicus,I,L,L,F,L,P,L,F,A,F,H,G,V,K,G,C,L,E,C,D,P,K,F,T,E,D,V,R,I,L,L,E,N,L,V,P,L,E,V,P,E,R,N,Q,L,L,E,R,Q,H,K,E,I,T,H,I,S,S,K,V,S,H,K,D,K,M,L,R,L,L,A,V,R,N,V,V,K,L,R,V,W,L,K,D,E,F,Y,R,L,G,N,E,T,W,K,G,V,F,I,I,R,G,K,L,L,A,V,R,Q,N,L,E,N,K,L,T,Q,I,L,K,N,F,S,E,V,A,C,S,E,D,C,I,V,T,E,G,P,V,L,D,C,W,T,C,L,R,M,T,T,R,C,F,R,G,E,Y,C,Q,D,D,D,P,R,E,A,E,N,R,E,I,S,L,Y,L,I,F,T,A,E,A,V,I,L,A,S,A,V,L,L,H,V,C,V,T,H,R,R,K,M,R,Q,I,R,R,T,L,K,T,Y,L,E,K,K,L,E,E,L,V,-,-,-,-
Rattus_rattus,I,L,L,F,L,P,L,F,A,F,H,G,V,T,G,C,L,E,C,D,P,K,F,T,E,D,V,R,I,L,L,E,N,L,V,P,L,E,V,P,E,R,N,Q,L,L,E,R,Q,H,K,E,I,T,L,I,S,S,K,V,S,H,K,D,K,M,L,R,L,L,A,V,R,N,V,V,K,L,R,V,W,L,K,D,E,F,Y,R,L,G,N,E,T,W,K,G,V,F,I,I,R,G,K,L,L,A,V,R,Q,N,L,E,N,K,L,T,Q,I,L,K,N,F,S,E,V,A,C,S,E,D,C,I,V,T,E,G,P,V,L,D,C,W,T,C,L,R,M,T,T,R,C,F,R,G,E,Y,C,Q,D,D,D,P,R,E,A,E,N,R,E,I,S,L,Y,L,I,F,T,A,E,A,V,I,L,A,S,A,V,L,L,H,V,C,V,T,Q,R,R,K,M,K,L,I,R,R,T,L,K,T,Y,L,E,K,K,L,E,E,L,V,-,-,-,-
Sarcophilus_harrisii,-,-,-,-,-,L,L,L,-,-,-,-,-,-,-,C,L,E,C,D,P,K,Y,F,N,D,I,I,W,L,L,E,D,L,V,P,Q,N,T,P,S,R,T,A,F,L,D,R,Q,L,Q,E,M,R,D,V,S,T,K,V,H,Q,G,K,K,R,L,R,V,L,D,V,R,Q,T,F,K,V,R,E,W,L,K,E,K,L,K,N,L,K,Q,K,P,W,K,G,V,F,I,F,Q,G,Q,L,L,Q,L,R,Q,N,L,Q,S,Y,L,T,E,T,L,K,T,F,S,D,L,A,C,S,E,D,C,M,M,T,E,G,P,V,L,D,C,W,N,C,L,R,I,T,T,P,C,F,K,G,E,L,C,G,D,D,D,P,K,T,A,E,Q,R,E,I,A,L,F,L,T,L,M,V,E,A,V,G,L,G,S,I,A,F,L,Y,F,C,I,I,H,R,K,R,M,K,-,-,-,-,-,-,-,-,-,-,-,-,-,-,-,-,-,-,-,-,-,-
Suncus_etruscus,L,L,L,C,L,S,L,P,A,F,H,R,V,T,G,C,L,E,C,D,S,R,F,N,E,E,I,R,T,L,L,A,N,L,V,P,M,E,V,P,D,R,G,F,L,L,Q,R,Q,M,K,E,T,I,S,L,S,F,K,V,S,H,R,N,K,M,L,R,V,L,A,V,K,S,V,N,K,L,R,V,W,L,K,N,E,L,Y,R,L,G,N,E,T,W,K,G,V,F,I,L,Q,G,K,L,L,N,V,R,Q,N,L,E,S,K,L,K,E,I,L,K,N,Y,S,E,V,A,C,S,E,D,C,V,V,I,E,G,P,I,L,D,C,W,T,C,L,R,I,T,A,R,C,L,K,G,E,Y,C,G,E,V,D,S,R,I,S,E,N,Q,E,I,V,L,F,L,I,L,L,A,E,A,V,I,L,G,S,T,L,L,L,H,I,C,I,S,H,R,R,K,M,K,A,I,R,R,S,L,K,K,Y,L,Q,R,K,L,-,-,-,-,-,-,-,-
Sus_scrofa,L,L,L,L,L,P,L,S,A,F,H,G,V,K,G,C,L,E,C,D,P,K,F,I,E,D,I,K,S,L,L,A,K,L,V,P,S,E,V,P,G,R,T,H,L,L,E,R,Q,V,K,E,M,I,H,L,S,F,K,V,S,H,R,D,K,M,L,R,V,L,D,V,Q,K,V,V,N,L,R,T,W,L,K,T,Q,L,Y,K,L,S,N,E,T,W,K,G,A,F,I,L,Q,G,K,L,L,D,V,R,Q,N,L,E,S,K,L,N,E,I,L,K,N,F,S,E,V,-,-,-,-,-,-,V,V,T,E,G,P,I,L,D,C,W,T,C,L,R,I,N,A,R,C,F,K,G,E,Y,C,S,E,D,D,P,K,K,A,E,N,R,E,I,A,L,F,L,I,L,L,A,E,V,V,I,L,G,S,S,L,L,L,H,F,C,V,S,H,R,R,K,M,K,A,I,R,R,S,L,K,K,Y,L,E,K,K,L,E,E,L,M,G,I,M,D
Tachyglossus_aculeatus,-,-,-,-,-,-,-,-,-,-,-,-,-,-,-,-,-,-,-,-,-,-,-,-,-,-,-,-,-,-,-,-,-,-,-,-,-,-,-,-,-,-,-,-,-,-,-,-,-,-,-,-,-,-,-,-,-,-,-,-,-,-,-,-,K,R,L,R,V,L,-,-,-,-,-,-,-,-,-,-,-,-,-,-,-,-,-,-,-,-,-,-,-,-,K,G,V,F,I,L,Q,G,Q,L,L,R,I,R,G,E,L,R,L,R,L,R,E,A,L,R,A,F,S,N,L,A,C,S,E,D,C,T,L,N,E,G,P,V,L,D,C,W,T,C,L,R,I,S,T,S,C,F,R,G,E,L,C,G,D,E,N,P,W,V,A,E,Q,R,E,V,T,L,F,L,V,L,L,V,E,A,V,V,L,G,S,A,M,L,L,L,L,C,V,S,H,R,K,R,M,K,-,-,-,-,-,-,-,-,-,-,-,-,-,-,-,-,-,-,-,-,-,-
Talpa_occidentalis,F,L,L,L,L,S,L,S,I,F,H,G,V,K,G,C,L,E,C,D,P,K,F,K,E,D,I,K,S,L,L,A,K,M,V,P,S,E,V,P,G,R,A,H,L,L,E,R,Q,S,K,E,L,I,H,L,S,F,K,V,S,H,R,H,K,T,L,R,V,L,A,V,Q,K,V,V,K,L,R,I,L,L,K,N,E,L,Y,R,L,S,N,E,T,W,K,G,V,F,I,F,Q,G,K,L,L,N,V,R,Q,N,L,E,S,T,V,K,E,V,L,Q,N,F,S,D,I,A,C,S,E,D,C,V,V,T,E,G,P,I,L,D,C,W,T,C,F,R,I,T,A,R,C,F,K,G,E,Y,C,G,E,E,D,V,Q,L,A,E,A,R,E,I,A,L,F,L,I,L,L,A,E,A,V,I,L,G,S,A,L,L,L,H,I,C,V,T,H,R,R,K,M,K,A,I,R,R,A,L,K,K,Y,L,E,K,K,L,E,E,L,M,G,L,T,D
Trichechus_manatus_latirostris,L,L,F,L,L,P,L,S,A,F,H,E,V,K,G,C,L,E,C,D,P,K,F,I,E,D,V,R,T,F,I,E,N,I,V,P,S,E,V,P,G,R,D,Y,L,L,E,R,Q,I,K,E,M,T,H,I,S,S,K,L,S,H,R,D,K,M,L,R,V,L,D,V,Q,N,V,V,N,L,R,S,W,L,K,Q,Q,F,E,K,L,G,K,G,T,W,K,G,A,F,I,L,Q,G,K,L,L,E,I,R,Q,N,L,E,S,K,L,K,E,T,L,K,T,F,S,E,V,-,-,-,-,-,-,V,V,T,E,G,P,V,L,D,C,W,T,C,L,R,I,T,T,H,C,F,R,G,E,Y,C,G,D,-,D,S,R,E,A,E,S,R,E,I,V,L,F,L,I,L,L,T,E,A,V,V,L,G,S,T,L,L,L,H,I,C,V,S,H,R,R,K,M,K,A,I,R,R,S,L,K,K,Y,L,E,K,K,L,E,E,L,M,G,M,A,E
Trichosurus_vulpecula,-,-,-,-,-,-,-,-,-,-,-,-,-,-,-,C,L,E,C,D,P,K,Y,F,K,D,V,I,W,L,L,E,D,L,V,P,Q,N,I,P,A,R,T,A,F,L,D,R,Q,L,Q,E,L,R,D,V,S,T,K,V,H,Q,G,K,K,R,L,R,V,L,D,V,R,Q,A,I,N,V,R,E,W,L,K,E,K,L,K,N,L,K,Q,K,P,W,K,G,V,F,I,F,Q,G,Q,L,L,Q,L,R,Q,N,L,E,S,H,L,T,E,T,L,K,A,F,S,D,L,A,C,S,E,D,C,M,M,T,E,G,P,V,L,D,C,W,N,C,L,R,I,T,T,P,C,F,K,G,E,L,C,G,D,D,D,P,K,T,A,E,Q,R,G,I,A,L,F,L,T,L,M,V,E,A,V,G,L,G,S,-,-,-,-,-,-,-,-,-,-,-,-,-,-,-,-,-,-,-,-,-,-,-,-,-,-,-,-,-,-,-,-,-,-,-,-,-
Ursus_arctos_horribilis,-,-,-,-,-,-,-,-,-,-,-,-,-,-,-,-,-,-,-,-,-,-,-,-,-,-,-,-,-,-,-,-,-,-,-,-,-,-,-,-,-,-,-,-,-,-,-,-,-,-,-,-,-,-,-,-,-,-,-,-,-,-,-,-,-,-,-,-,-,-,-,-,-,-,-,-,-,-,-,-,-,-,-,-,-,-,-,-,-,-,-,-,-,-,-,-,-,-,-,-,-,-,-,-,-,-,-,-,-,-,-,-,-,-,-,-,-,-,-,-,-,-,-,-,-,-,-,-,-,-,-,-,-,-,-,-,-,-,-,-,-,-,-,-,-,-,-,-,-,-,-,-,-,-,-,-,-,-,-,-,-,-,-,-,-,-,-,-,-,-,-,-,-,-,-,-,-,-,-,-,-,-,-,-,-,-,-,-,-,-,-,-,-,-,-,-,-,-,-,-,-,-,-,-,-,-,-,-,-,-,-,-,-,-,-,-,-,-,-,-,-,-
Vombatus_ursinus,-,-,-,-,-,-,-,-,-,-,-,-,-,-,-,-,-,-,-,-,-,-,-,-,-,-,-,-,-,-,-,-,-,-,-,-,-,-,-,-,-,-,-,-,-,-,-,-,-,-,-,-,-,-,-,-,-,-,-,-,-,-,-,-,-,-,-,-,-,-,-,-,-,-,-,-,-,-,-,-,-,-,-,-,-,-,-,-,-,-,-,-,-,-,-,-,-,-,-,-,-,-,-,-,-,-,-,-,-,-,-,-,-,-,-,-,-,-,-,-,-,-,-,-,-,-,-,-,-,-,-,-,-,-,-,-,-,-,-,-,-,-,-,-,-,-,-,-,-,-,-,-,-,-,-,-,-,-,-,-,-,-,-,-,-,-,-,-,-,-,-,-,-,-,-,-,-,-,-,-,-,-,-,-,-,-,-,-,-,-,-,-,-,-,-,-,-,-,-,-,-,-,-,-,-,-,-,-,-,-,-,-,-,-,-,-,-,-,-,-,-,-
Vulpes_lagopus,L,L,L,F,L,P,L,S,A,F,H,G,V,K,G,C,L,E,C,D,P,K,F,T,E,D,I,R,S,L,L,A,K,L,I,P,S,E,V,P,G,R,I,H,L,L,E,R,Q,I,K,E,M,I,R,L,S,F,K,V,S,H,R,D,K,M,L,R,V,L,A,V,Q,K,V,T,K,L,R,A,W,L,K,N,E,L,Y,K,L,G,N,E,T,F,K,G,A,F,I,L,Q,G,K,L,L,D,V,R,Q,N,L,E,S,K,L,K,E,I,L,K,N,F,S,E,V,A,C,S,E,D,C,V,V,I,E,G,P,V,L,D,C,W,T,C,L,R,I,T,S,R,C,F,R,G,E,Y,C,G,E,E,D,S,R,K,A,E,N,R,E,I,A,L,F,L,I,L,L,A,E,V,V,I,L,G,S,A,L,L,L,H,I,C,V,S,H,R,R,K,M,K,A,I,R,T,S,L,K,K,Y,L,E,K,K,L,E,E,L,M,G,M,T,D
Vulpes_vulpes,L,L,L,F,L,P,L,S,A,F,H,G,V,K,G,C,L,E,C,D,P,K,F,T,E,D,I,R,S,L,L,A,K,L,I,P,S,E,V,P,G,R,I,H,L,L,E,R,Q,I,K,E,M,I,R,L,S,F,K,V,S,H,R,D,K,M,L,R,V,L,A,V,Q,K,V,T,K,L,R,A,W,L,K,N,E,L,Y,K,L,G,N,E,T,F,K,G,A,F,I,L,Q,G,K,L,L,D,V,R,Q,N,L,E,S,K,L,K,E,I,L,K,N,F,S,E,V,A,C,S,E,D,C,V,V,I,E,G,P,V,L,D,C,W,T,C,L,R,I,T,S,R,C,F,R,G,E,Y,C,G,E,E,D,S,R,K,A,E,N,R,E,I,A,L,F,L,I,L,L,A,E,V,V,I,L,G,S,A,L,L,L,H,I,C,V,S,H,R,R,K,M,K,A,I,R,T,S,L,K,K,Y,L,E,K,K,L,E,E,L,M,G,M,T,D
Zalophus_californianus,L,L,L,L,L,P,L,S,A,F,H,G,V,K,G,C,L,E,C,D,P,K,F,T,E,D,I,R,S,L,L,A,K,M,V,P,S,E,V,P,G,R,F,H,L,L,E,R,Q,T,K,E,M,T,H,L,S,F,K,V,S,H,R,D,K,M,L,R,V,L,A,V,H,K,V,I,K,L,R,I,W,L,K,N,E,L,Y,K,L,G,N,E,T,W,K,G,A,F,I,L,Q,G,K,L,L,D,V,R,Q,N,L,E,S,K,L,K,E,I,L,K,N,F,S,E,V,A,C,S,E,D,C,V,V,T,E,G,P,I,L,D,C,W,T,C,L,R,T,T,S,R,C,F,R,G,E,Y,C,G,E,E,D,S,K,K,T,E,S,R,E,I,A,L,F,L,I,L,L,T,E,V,V,I,L,G,S,A,L,L,L,H,I,C,V,S,H,R,R,K,M,K,A,I,R,S,S,L,K,K,Y,L,E,K,K,L,E,E,L,M,R,M,T,D
shrew_mole,L,L,L,L,L,S,L,S,V,F,H,G,V,T,G,C,L,G,C,D,P,K,F,K,E,D,V,R,F,L,L,S,N,M,I,P,S,E,V,P,G,R,S,H,L,L,E,R,H,S,K,E,M,I,R,L,S,F,K,V,S,H,E,H,K,M,L,R,V,L,A,V,P,K,V,L,K,L,R,L,F,L,T,D,E,L,Y,R,L,S,N,E,T,W,K,G,V,F,I,F,Q,G,K,L,L,K,I,R,Q,N,L,E,F,K,L,K,E,I,L,K,S,F,S,N,T,A,C,S,E,D,C,V,V,T,E,G,P,I,L,D,C,W,T,C,L,R,I,I,S,R,C,F,K,G,E,Y,C,G,D,E,D,I,T,I,A,E,G,R,E,I,G,L,F,V,I,L,I,A,E,A,V,I,L,G,S,A,L,L,L,H,M,C,I,S,H,R,R,K,M,K,A,I,R,Q,S,L,K,K,Y,L,E,K,K,L,E,E,L,M,G,I,T,N
ZWS,-,-,-,-,-,-,-,-,-,F,H,G,V,K,G,C,L,D,C,D,P,K,F,T,E,D,V,K,N,L,L,R,S,L,I,P,T,E,V,P,G,Q,S,P,L,L,E,R,H,F,K,E,I,I,S,L,S,S,K,V,S,H,R,E,K,M,L,R,L,L,S,V,Q,K,V,V,N,L,R,E,W,L,K,D,E,L,K,R,L,G,N,E,T,W,K,G,V,F,I,F,Q,G,K,L,L,E,I,R,Q,N,L,E,T,Q,L,N,K,M,L,K,K,F,S,N,V,A,C,S,E,D,C,I,V,T,E,G,P,V,L,D,C,W,T,C,L,R,T,T,T,Q,C,F,R,G,E,Y,C,G,E,E,N,P,K,K,A,E,N,R,E,I,I,L,L,L,I,V,L,A,E,A,V,V,L,T,S,A,V,L,L,Y,F,C,V,L,H,R,R,K,M,K,V,I,R,L,T,L,R,K,Y,L,E,K,K,L,E,E,L,L,G,M,S,D
