,LAT 0,LAT 1,LAT 2,LAT 3,LAT 4,LAT 5,LAT 6,LAT 7,LAT 8,LAT 9,LAT 10,LAT 11,LAT 12,LAT 13,LAT 14,LAT 15,LAT 16,LAT 17,LAT 18,LAT 19,LAT 20,LAT 21,LAT 22,LAT 23,LAT 24,LAT 25,LAT 26,LAT 27,LAT 28,LAT 29,LAT 30,LAT 31,LAT 32,LAT 33,LAT 34,LAT 35,LAT 36,LAT 37,LAT 38,LAT 39,LAT 40,LAT 41,LAT 42,LAT 43,LAT 44,LAT 45,LAT 46,LAT 47,LAT 48,LAT 49,LAT 50,LAT 51,LAT 52,LAT 53,LAT 54,LAT 55,LAT 56,LAT 57,LAT 58,LAT 59,LAT 60,LAT 61,LAT 62,LAT 63,LAT 64,LAT 65,LAT 66,LAT 67,LAT 68,LAT 69,LAT 70,LAT 71,LAT 72,LAT 73,LAT 74,LAT 75,LAT 76,LAT 77,LAT 78,LAT 79,LAT 80,LAT 81,LAT 82,LAT 83,LAT 84,LAT 85,LAT 86,LAT 87,LAT 88,LAT 89,LAT 90,LAT 91,LAT 92,LAT 93,LAT 94,LAT 95,LAT 96,LAT 97,LAT 98,LAT 99,LAT 100,LAT 101,LAT 102,LAT 103,LAT 104,LAT 105,LAT 106,LAT 107,LAT 108,LAT 109,LAT 110,LAT 111,LAT 112,LAT 113,LAT 114,LAT 115,LAT 116,LAT 117,LAT 118,LAT 119,LAT 120,LAT 121,LAT 122,LAT 123,LAT 124,LAT 125,LAT 126,LAT 127,LAT 128,LAT 129,LAT 130,LAT 131,LAT 132,LAT 133,LAT 134,LAT 135,LAT 136,LAT 137,LAT 138,LAT 139,LAT 140,LAT 141,LAT 142,LAT 143,LAT 144,LAT 145,LAT 146,LAT 147,LAT 148,LAT 149,LAT 150,LAT 151,LAT 152,LAT 153,LAT 154,LAT 155,LAT 156,LAT 157,LAT 158,LAT 159,LAT 160,LAT 161,LAT 162,LAT 163,LAT 164,LAT 165,LAT 166,LAT 167,LAT 168,LAT 169,LAT 170,LAT 171,LAT 172,LAT 173,LAT 174,LAT 175,LAT 176,LAT 177,LAT 178,LAT 179,LAT 180,LAT 181,LAT 182,LAT 183,LAT 184,LAT 185,LAT 186,LAT 187,LAT 188,LAT 189,LAT 190,LAT 191,LAT 192,LAT 193,LAT 194,LAT 195,LAT 196,LAT 197,LAT 198,LAT 199,LAT 200,LAT 201,LAT 202,LAT 203,LAT 204,LAT 205,LAT 206,LAT 207,LAT 208,LAT 209,LAT 210,LAT 211,LAT 212,LAT 213,LAT 214,LAT 215,LAT 216
Chrysochloris_asiatica,M,E,A,A,V,L,D,T,-,V,L,G,L,L,L,L,P,L,L,I,V,L,T,V,L,C,L,H,C,R,E,L,S,N,D,S,A,P,-,-,-,-,-,-,-,-,-,-,-,-,-,-,-,-,-,-,-,-,-,-,-,-,-,-,-,-,-,-,-,L,P,I,P,-,S,P,Q,P,S,V,V,A,H,Q,M,S,S,S,Q,Q,D,S,D,S,A,N,S,V,P,S,Y,E,N,E,G,P,V,C,E,D,I,D,E,D,E,D,-,-,-,H,D,R,Y,L,E,V,L,P,D,D,T,S,A,P,S,P,-,-,-,-,S,P,-,-,-,-,-,-,V,E,S,S,T,V,S,D,S,K,D,E,Y,V,N,V,D,E,N,K,E,S,A,E,A,S,L,D,G,S,R,E,Y,E,N,V,S,P,K,P,Q,S,-,S,D,R,T,E,P,A,T,L,S,S,Q,E,V,E,E,E,G,A,P,D,Y,E,N,-,-
Balaenoptera_acutorostrata_scammoni,M,E,A,V,S,L,G,L,F,V,L,G,L,L,L,L,P,L,L,A,V,L,M,A,L,C,V,R,C,R,E,L,S,Y,D,T,A,A,G,L,T,P,S,S,I,V,I,K,S,P,T,L,A,S,W,Y,P,P,V,T,-,Y,L,L,Q,S,Q,D,L,L,P,I,P,R,S,P,Q,P,P,G,G,S,H,R,M,P,S,S,Q,Q,D,S,D,G,A,N,S,V,A,S,Y,E,N,E,-,-,-,C,E,D,A,D,E,D,E,E,D,Y,P,N,E,G,Y,L,V,V,L,P,D,S,V,P,A,T,G,A,A,V,P,P,A,P,V,S,S,N,P,G,L,R,D,S,A,F,S,K,S,G,E,D,Y,V,N,V,P,E,S,E,E,S,A,D,A,S,L,D,G,S,R,E,Y,V,N,V,S,Q,E,L,P,P,-,V,A,R,T,K,P,A,S,R,S,S,Q,E,M,-,-,-,-,-,-,D,Y,E,N,L,Q
Balaenoptera_musculus,M,E,A,V,S,L,G,L,F,V,L,G,L,L,L,L,P,L,L,A,V,L,M,A,L,C,V,R,C,R,E,L,S,Y,D,T,A,A,G,L,T,P,S,S,I,V,I,K,S,P,T,L,A,S,W,Y,P,P,V,T,-,Y,L,L,Q,S,Q,D,L,L,P,I,P,R,S,P,Q,P,P,G,G,S,H,R,M,P,S,S,Q,Q,D,S,D,G,A,N,S,V,A,S,Y,E,N,E,-,-,-,C,E,D,A,D,E,D,E,E,D,Y,P,N,E,G,Y,L,V,V,L,P,D,S,I,P,A,T,G,A,A,V,P,P,A,P,V,S,S,N,P,G,L,R,D,S,A,F,S,K,S,G,E,D,Y,V,N,V,P,E,S,E,E,S,A,D,A,S,L,D,G,S,R,E,Y,V,N,V,S,Q,E,L,P,P,-,V,A,R,T,K,P,A,S,R,S,S,Q,E,M,-,-,-,-,-,-,D,Y,E,N,L,Q
Echinops_telfairi,M,E,A,V,V,V,A,S,A,G,L,G,-,L,L,L,P,F,L,A,V,L,L,A,L,C,L,R,C,R,E,L,S,Y,D,S,A,S,G,L,Y,P,G,N,L,Q,I,K,R,P,T,I,A,H,W,-,-,-,-,-,-,-,-,-,-,-,-,D,V,P,P,I,P,T,S,P,R,P,P,V,S,C,H,Q,M,L,S,S,R,Q,D,S,E,S,A,I,S,V,A,S,Y,E,N,E,E,P,A,C,E,D,T,D,E,D,E,E,D,Y,P,S,E,G,Y,L,E,V,L,P,D,S,A,P,-,-,-,-,-,-,-,-,-,-,-,-,-,-,-,-,-,-,-,-,-,-,-,-,-,-,-,-,-,-,-,-,-,-,-,-,-,-,-,-,-,-,-,-,-,-,-,-,-,-,-,-,-,-,-,-,-,-,-,-,-,-,-,-,-,-,-,-,-,-,-,-,-,-,-,-,-,-,-,-,-,-,-,-,-
Delphinapterus_leucas,M,E,A,V,S,L,V,L,F,V,L,G,L,L,L,L,P,L,L,A,V,L,M,A,L,C,V,R,C,R,E,L,S,Y,D,T,A,A,G,L,T,P,S,S,I,V,I,K,P,P,T,V,A,P,W,Y,P,P,V,T,-,Y,L,L,Q,S,Q,D,L,L,R,I,P,R,S,P,Q,P,P,G,G,S,P,R,M,P,S,S,Q,Q,D,S,D,G,A,N,S,V,A,S,Y,E,N,E,-,-,-,C,E,D,A,D,E,D,E,E,D,Y,P,-,E,G,Y,L,V,V,L,P,D,N,V,P,A,T,G,A,A,V,P,P,A,P,A,S,S,N,P,G,L,R,D,S,A,F,S,E,S,G,E,D,Y,V,N,V,P,E,S,E,G,S,A,D,A,S,L,-,-,-,-,-,-,-,-,-,-,-,-,-,-,-,-,-,-,-,-,-,-,-,-,-,-,-,-,-,-,-,-,-,-,-,-,-,-,-,-,-,-
Globicephala_melas,M,E,A,G,S,L,V,L,F,V,L,G,L,L,L,L,P,L,L,A,V,L,M,A,L,C,V,R,C,R,E,L,S,Y,N,T,A,A,G,L,T,P,S,S,I,V,I,K,P,P,T,A,A,S,W,Y,P,P,V,T,-,Y,L,L,Q,S,Q,D,L,L,R,I,P,R,S,P,Q,A,P,G,G,S,P,R,M,P,S,S,Q,Q,D,S,D,G,A,N,S,V,A,S,Y,E,N,E,-,-,-,C,E,D,A,D,E,D,E,E,D,Y,P,-,E,G,Y,L,V,V,L,P,D,N,V,P,A,T,G,A,A,V,P,P,A,P,A,S,S,N,P,G,L,R,D,S,A,F,S,E,S,G,E,D,Y,V,N,V,P,E,S,E,E,S,A,D,A,S,L,D,G,S,R,E,Y,V,N,V,S,Q,E,L,P,P,-,V,A,R,T,E,P,A,G,R,S,S,Q,E,V,-,-,-,-,-,-,D,Y,E,N,L,Q
Lagenorhynchus_obliquidens,M,E,A,V,S,P,V,L,F,V,L,G,L,L,L,L,S,L,L,A,V,L,M,A,L,C,V,R,C,R,E,L,S,Y,D,T,A,A,G,L,T,P,S,S,I,V,I,K,P,P,T,A,A,S,W,Y,P,P,V,T,-,Y,L,L,Q,S,Q,D,L,L,R,I,P,R,S,P,Q,A,P,G,G,S,P,R,M,P,S,S,Q,Q,D,S,D,G,A,N,S,V,A,S,Y,E,N,E,-,-,-,C,E,D,A,D,E,D,E,E,D,Y,P,-,E,G,Y,L,V,V,L,P,D,N,V,P,A,T,G,A,A,V,P,P,A,P,A,S,S,N,P,G,L,R,D,S,A,F,S,E,S,G,E,D,Y,V,N,V,P,E,S,E,E,S,A,D,A,S,L,D,G,S,R,E,Y,V,N,V,S,Q,E,L,P,P,-,V,A,R,T,E,P,A,G,R,S,S,Q,E,V,-,-,-,-,-,-,D,Y,E,N,L,Q
Lipotes_vexillifer,M,E,A,V,S,L,V,L,F,V,L,G,L,L,L,L,P,L,L,A,V,L,M,A,L,C,V,R,C,R,E,L,S,Y,D,T,A,A,G,L,T,P,S,S,I,V,I,K,P,P,T,L,A,P,W,Y,P,P,V,T,-,Y,L,L,Q,S,Q,D,L,L,P,I,P,R,S,P,Q,P,P,G,G,S,P,R,M,P,S,S,Q,Q,D,S,D,G,A,N,S,V,A,S,Y,E,N,E,-,-,-,C,E,D,A,D,E,D,E,E,D,Y,P,-,E,G,Y,L,I,V,L,P,D,N,V,P,A,T,G,A,T,V,P,P,A,P,A,S,S,N,P,G,L,R,D,S,A,F,S,E,S,G,E,D,Y,V,N,V,P,E,S,E,E,S,A,D,A,S,L,D,G,S,R,E,Y,V,N,V,S,Q,E,L,P,P,-,V,A,R,T,K,P,A,S,R,S,S,Q,E,V,-,-,-,-,-,-,D,Y,E,N,L,Q
Monodon_monoceros,M,E,A,V,S,L,V,L,F,V,L,G,L,L,L,L,P,L,L,A,V,L,M,A,L,C,V,R,C,R,E,L,S,Y,D,T,A,A,G,L,T,P,S,S,I,V,I,K,P,P,T,V,A,P,W,Y,P,P,V,T,-,Y,L,L,Q,S,Q,D,L,L,R,I,P,R,S,P,Q,P,P,G,G,S,P,R,M,P,S,S,Q,Q,D,S,D,G,A,N,S,V,A,S,Y,E,N,E,-,-,-,C,E,D,A,D,E,D,E,E,D,Y,P,-,E,G,Y,L,V,V,L,P,D,N,V,P,A,T,G,A,A,V,P,P,A,P,A,S,S,N,P,G,L,R,D,S,A,F,S,E,S,G,E,D,Y,V,N,V,P,E,S,E,E,S,A,D,A,S,L,-,-,-,-,-,-,-,-,-,-,-,-,-,-,-,-,-,-,-,-,-,-,-,-,-,-,-,-,-,-,-,-,-,-,-,-,-,-,-,-,-,-
Neophocaena_asiaeorientalis_asiaeorientalis,M,E,A,V,S,L,V,L,F,V,L,G,L,L,L,L,P,L,L,A,V,L,M,A,L,C,V,R,C,R,E,L,S,Y,G,T,A,A,G,L,T,P,S,S,I,V,I,K,P,P,T,V,A,P,W,Y,P,P,V,T,-,Y,L,L,Q,S,Q,D,L,L,R,I,P,R,S,P,Q,P,P,G,G,S,P,R,M,P,S,S,Q,Q,D,S,D,G,A,N,S,V,A,S,Y,E,N,E,-,-,-,C,E,D,A,D,E,D,E,E,D,Y,P,-,E,G,Y,L,V,V,L,P,D,N,V,P,A,T,G,A,A,V,P,P,A,P,A,S,S,N,P,G,L,R,D,S,A,F,S,E,S,G,E,D,Y,V,N,V,P,E,S,E,E,S,A,D,A,S,L,D,G,S,R,E,Y,V,N,V,S,Q,E,L,P,P,-,V,E,R,T,K,P,A,G,R,S,S,Q,E,V,-,-,-,-,-,-,D,Y,E,N,L,Q
Orcinus_orca,M,E,A,G,S,L,V,L,F,V,L,G,L,L,L,L,P,L,L,A,V,L,M,A,L,C,V,R,C,R,E,L,S,Y,D,T,A,A,G,L,T,P,S,S,I,V,I,K,P,P,T,A,A,S,W,Y,P,P,V,T,-,Y,L,L,Q,S,Q,D,L,L,R,I,P,R,S,P,Q,A,P,G,G,S,P,R,M,P,S,S,Q,Q,D,S,D,G,A,N,S,V,A,S,Y,E,N,E,-,-,-,C,E,D,A,D,E,D,E,E,D,Y,P,-,E,G,Y,L,V,V,L,P,D,N,V,P,A,T,G,A,A,V,P,P,A,P,A,S,S,N,P,G,L,R,D,S,A,F,S,E,S,G,E,D,Y,V,N,V,P,E,S,E,E,S,A,D,A,S,L,D,G,S,R,E,Y,V,N,V,S,Q,E,L,P,P,-,V,A,R,T,E,P,A,G,R,S,S,Q,E,V,-,-,-,-,-,-,D,Y,E,N,L,Q
Phocoena_sinus,M,E,A,V,S,L,V,L,F,V,L,G,L,L,L,L,P,L,L,A,V,L,M,A,L,C,V,R,C,R,E,L,S,Y,G,T,A,A,G,L,T,P,S,S,I,V,I,K,P,P,T,V,A,P,W,Y,P,P,V,T,-,Y,L,L,Q,S,Q,D,L,L,R,I,P,R,S,P,Q,P,P,G,G,S,P,R,M,P,S,S,Q,Q,D,S,D,G,A,N,S,V,A,S,Y,E,N,E,-,-,-,C,E,D,A,D,E,D,E,E,D,Y,P,-,E,G,Y,L,V,V,L,P,D,N,V,P,A,T,G,A,A,V,P,P,A,P,A,S,S,N,P,G,L,R,D,S,A,F,S,E,S,G,E,D,Y,V,N,V,P,E,S,E,E,S,A,D,A,S,L,D,G,S,R,E,Y,V,N,V,S,Q,E,L,P,P,-,V,E,R,T,K,P,A,G,R,S,S,Q,E,V,-,-,-,-,-,-,D,Y,E,N,L,Q
Physeter_catodon,M,E,A,V,S,L,V,L,L,V,L,G,L,L,P,L,P,L,L,A,V,L,M,A,L,C,V,R,C,R,E,L,S,Y,D,T,A,A,G,L,T,P,S,S,I,V,I,K,P,P,T,L,A,P,W,Y,P,P,V,T,Y,-,-,-,-,-,-,-,L,L,P,I,P,R,S,P,Q,P,P,G,G,S,H,R,M,P,S,S,Q,Q,D,S,D,G,A,S,S,V,A,S,Y,E,N,E,E,A,V,C,E,D,A,D,E,D,E,E,D,Y,N,N,E,G,Y,L,V,V,L,P,D,S,V,P,A,A,G,A,A,V,P,P,A,P,V,S,S,N,P,G,L,R,D,S,A,F,S,E,S,G,E,D,Y,V,N,V,P,E,S,E,D,S,A,E,A,S,L,-,-,-,-,-,-,-,-,-,-,-,-,-,-,-,-,-,-,-,-,-,-,-,-,-,-,-,-,-,-,-,-,-,-,-,-,-,-,-,-,-,-
Tursiops_truncatus,M,E,A,V,S,P,V,L,F,V,L,G,L,L,L,L,P,L,L,A,V,L,M,A,L,C,V,H,C,R,E,L,S,Y,D,T,A,A,G,L,T,P,S,S,I,V,I,K,P,P,T,A,A,S,W,Y,P,P,V,T,-,Y,L,L,Q,S,Q,D,L,L,R,I,P,R,S,P,Q,A,P,G,G,S,P,R,M,P,S,S,Q,Q,D,S,D,G,A,N,S,V,A,S,Y,E,N,E,-,-,-,C,E,D,A,D,E,D,E,E,D,Y,P,-,E,G,Y,L,V,V,L,P,D,N,V,P,A,T,G,A,A,V,P,P,A,P,A,S,S,N,P,G,L,R,D,S,A,F,S,E,S,G,E,D,Y,V,N,V,P,E,S,E,E,S,A,D,A,S,L,D,G,S,R,E,Y,V,N,V,S,Q,E,L,P,P,-,V,A,R,T,E,P,A,S,R,S,S,Q,E,V,-,-,-,-,-,-,D,Y,E,N,L,Q
Acinonyx_jubatus,M,E,A,V,V,L,I,P,Y,V,L,G,L,L,L,L,P,L,L,A,V,-,-,V,L,C,V,R,C,R,E,L,S,Y,D,N,T,A,S,L,A,P,S,S,I,V,I,K,R,P,T,L,A,T,W,Y,P,P,V,T,S,Y,P,P,L,S,Q,D,L,L,P,I,P,R,S,P,Q,P,P,G,G,S,H,R,M,P,S,S,R,Q,D,S,D,G,A,N,S,V,A,S,Y,E,N,E,E,P,A,C,E,D,D,D,E,-,E,E,D,Y,P,N,E,G,Y,L,E,V,L,P,D,S,T,P,A,T,G,T,A,V,P,P,A,P,A,P,S,N,P,G,L,R,D,S,A,F,S,E,S,G,E,D,Y,V,N,V,P,E,S,E,E,S,A,D,V,S,L,D,G,S,R,E,Y,V,N,V,S,Q,E,L,P,P,-,V,A,R,T,E,P,A,I,L,S,S,Q,-,-,E,E,E,G,A,P,D,Y,E,N,L,Q
Acomys_russatus,M,E,V,D,T,L,S,P,V,G,L,G,L,L,L,L,P,F,L,V,T,L,A,A,L,C,V,R,C,R,E,L,S,Y,D,S,T,S,S,G,N,P,S,S,I,L,F,K,P,P,T,T,V,P,H,Y,P,L,V,T,S,F,P,P,L,R,Q,D,L,L,P,I,P,R,S,P,Q,P,L,G,D,S,H,R,M,P,S,S,R,Q,D,S,E,D,A,N,S,V,A,S,Y,E,N,Q,E,P,V,C,E,T,A,D,E,D,E,D,D,Y,P,N,E,G,Y,L,E,V,L,P,D,S,S,P,A,A,I,P,V,V,S,S,A,P,V,P,S,N,P,G,F,R,D,S,A,F,S,E,S,G,E,D,Y,V,N,V,P,E,S,E,E,S,A,E,A,S,L,D,G,S,R,E,Y,V,N,V,S,Q,E,L,P,P,-,V,T,R,A,E,P,A,T,V,N,S,Q,E,V,-,-,E,E,A,P,D,Y,E,N,L,Q
Arvicanthis_niloticus,M,E,A,D,A,L,S,P,M,G,L,G,L,L,L,L,P,F,L,V,T,L,A,A,L,C,V,R,C,R,E,L,S,Y,D,S,A,S,S,L,Y,P,R,S,I,L,I,K,P,P,I,T,V,P,R,Y,P,L,V,T,S,F,P,P,L,R,Q,D,L,L,P,I,P,R,S,P,Q,P,L,G,G,S,H,R,M,P,S,S,R,Q,N,S,D,D,A,N,S,V,A,S,Y,E,N,Q,E,P,A,C,K,N,V,D,E,D,E,D,D,Y,P,N,E,G,Y,L,E,V,L,P,D,S,G,P,A,T,V,P,A,V,S,S,A,P,V,P,S,N,P,D,L,G,D,S,A,F,S,E,S,C,E,D,Y,V,N,V,P,E,S,E,E,S,A,E,A,S,L,D,G,S,R,E,Y,V,N,V,S,Q,E,L,Q,P,-,V,T,R,A,E,L,A,S,V,N,S,Q,E,A,-,-,E,E,T,P,D,Y,E,N,L,-
Bison_bison_bison,-,-,-,-,-,-,-,-,-,V,L,G,P,L,L,L,P,L,L,A,V,L,M,A,L,C,V,R,C,R,E,L,S,Y,D,T,A,V,S,L,T,P,S,S,I,M,I,K,L,P,T,L,V,P,R,-,-,-,-,T,P,Y,P,L,P,S,Q,D,L,L,P,I,P,R,S,P,Q,P,L,G,G,S,H,C,M,A,S,S,R,Q,D,S,D,S,A,N,S,V,A,S,Y,E,N,E,E,A,A,C,E,D,A,D,D,Y,E,E,D,Y,N,N,E,G,Y,L,V,V,L,P,D,R,D,P,A,T,S,T,A,V,S,P,A,P,A,S,S,K,P,G,L,R,D,S,A,F,S,E,S,G,E,D,Y,V,N,V,P,E,S,E,E,S,A,D,A,S,L,N,G,S,R,E,Y,V,N,V,S,Q,E,L,Q,P,-,G,A,K,T,K,P,D,T,Q,N,S,Q,E,V,-,-,-,-,-,-,D,Y,E,N,L,-
Bos_indicus,-,-,-,-,-,-,-,-,-,V,L,G,P,L,L,L,P,L,L,A,V,L,M,A,L,C,V,R,C,R,E,L,S,Y,D,T,A,V,S,L,T,P,S,S,I,M,I,K,L,P,T,L,V,P,R,-,-,-,-,T,P,Y,P,L,P,S,Q,D,L,L,P,I,P,R,S,P,Q,P,L,G,G,S,H,C,M,A,S,S,R,Q,D,S,D,S,A,N,S,V,A,S,Y,E,N,E,E,A,A,C,E,D,A,D,D,Y,E,E,D,Y,N,N,E,G,Y,L,V,V,L,P,D,R,D,P,A,T,S,T,A,V,S,P,A,P,A,S,S,K,P,G,L,R,D,S,A,F,S,E,S,G,E,D,Y,V,N,V,P,E,S,E,E,S,A,D,A,S,L,N,G,S,R,E,Y,V,N,V,S,Q,E,L,Q,P,-,G,A,K,T,K,P,D,T,Q,N,S,Q,E,V,-,-,-,-,-,-,D,Y,E,N,L,-
Bos_mutus,-,-,-,-,-,-,-,-,-,V,L,G,P,L,L,L,P,L,L,A,V,L,M,A,L,C,V,R,C,R,E,L,S,Y,D,T,A,V,S,L,T,P,S,S,I,M,I,K,L,P,T,L,V,P,R,-,-,-,-,T,P,Y,P,L,P,S,Q,D,L,L,P,I,P,R,S,P,Q,P,L,G,G,S,H,C,M,A,S,S,R,Q,D,S,D,S,A,N,S,V,A,S,Y,E,N,E,E,A,A,C,E,D,A,D,D,Y,E,E,D,Y,N,N,E,G,Y,L,V,V,L,P,D,R,D,P,A,T,S,T,A,V,S,P,A,P,A,S,S,K,P,G,L,R,D,S,A,F,S,E,S,G,E,D,Y,V,N,V,P,E,S,E,E,S,A,D,A,S,L,N,G,S,R,E,Y,V,N,V,S,Q,E,L,Q,P,-,G,A,K,T,K,P,D,T,Q,N,S,Q,E,V,-,-,-,-,-,-,D,Y,E,N,L,-
Bos_taurus,-,-,-,-,-,-,-,-,-,V,L,G,P,L,L,L,P,L,L,A,V,L,M,A,L,C,V,R,C,R,E,L,S,Y,D,T,A,V,S,L,T,P,S,S,I,M,I,K,L,P,T,L,V,P,R,-,-,-,-,T,P,Y,P,L,P,S,Q,D,L,L,P,I,P,R,S,P,Q,P,L,G,G,S,H,C,M,A,S,S,R,Q,D,S,D,S,A,N,S,V,A,S,Y,E,N,E,E,A,A,C,E,D,A,D,D,Y,E,E,D,Y,N,N,E,G,Y,L,V,V,L,P,D,R,D,P,A,T,S,T,A,V,S,P,A,P,A,S,S,K,P,G,L,R,D,S,A,F,S,E,S,G,E,D,Y,V,N,V,P,E,S,E,E,S,A,D,A,S,L,N,G,S,R,E,Y,V,N,V,S,Q,E,L,Q,P,-,G,A,K,T,K,P,D,T,Q,N,S,Q,E,V,-,-,-,-,-,-,D,Y,E,N,L,-
Bubalus_bubalis,-,-,-,-,-,-,-,-,-,V,L,G,P,L,L,L,P,L,L,A,V,L,M,A,L,C,V,R,C,R,E,L,S,Y,D,T,A,V,S,L,T,P,S,S,I,M,I,K,L,P,T,L,V,P,R,-,-,-,-,T,P,Y,P,L,P,S,Q,D,L,L,P,I,P,R,S,P,Q,P,L,G,G,S,H,R,M,T,S,S,R,Q,D,S,D,S,A,N,S,V,A,S,Y,E,N,E,E,A,A,C,E,D,A,D,D,Y,E,E,D,Y,N,N,E,G,Y,L,V,V,L,P,D,R,D,P,A,T,S,T,A,V,S,P,A,P,A,S,S,K,P,G,L,R,D,S,A,F,S,E,S,G,E,D,Y,V,N,V,P,E,S,E,E,S,A,D,A,S,L,N,G,S,R,E,Y,V,N,V,S,Q,E,L,Q,P,-,G,A,K,T,K,S,D,T,Q,N,S,Q,E,V,-,-,-,-,-,-,D,Y,E,N,L,-
Budorcas_taxicolor,M,E,A,V,S,L,P,V,Y,V,L,G,S,L,L,L,P,L,L,A,V,L,M,A,L,C,V,R,C,R,E,L,S,Y,D,T,A,V,S,L,T,P,S,S,I,M,I,K,L,P,T,L,V,P,R,-,-,-,-,T,P,Y,P,L,P,S,Q,D,L,L,P,I,P,R,S,P,Q,P,L,G,G,S,H,R,M,A,S,S,R,Q,D,S,D,S,A,N,S,V,A,S,Y,E,N,E,E,A,A,C,E,D,A,D,D,Y,D,E,D,Y,N,N,E,G,Y,L,V,V,L,P,D,R,D,P,A,T,S,T,A,V,S,P,A,P,V,S,S,K,P,G,L,R,D,S,A,F,S,E,S,G,E,D,Y,V,N,V,P,E,S,E,E,S,A,D,A,S,L,N,G,S,R,E,Y,V,N,V,S,Q,E,L,Q,P,-,G,A,K,T,K,P,D,T,Q,N,S,Q,E,V,-,-,-,-,-,-,D,Y,E,N,L,-
Callithrix_jacchus,M,E,E,T,I,L,V,P,C,V,L,G,L,L,L,L,P,I,L,A,V,L,M,A,L,C,V,H,C,H,R,L,S,Y,D,S,T,S,S,L,Y,P,R,G,I,Q,I,K,R,P,T,L,A,P,R,Y,P,P,V,T,S,Y,P,P,L,S,Q,D,L,L,P,I,P,R,S,P,Q,P,P,G,G,S,H,R,M,P,S,S,R,R,D,S,D,G,A,N,S,V,P,S,Y,E,N,E,E,P,A,C,E,D,A,D,E,D,E,D,D,Y,H,N,P,G,Y,L,V,V,L,P,D,S,A,P,A,A,S,T,A,A,P,P,A,P,A,L,S,T,S,G,L,R,D,S,A,F,S,E,S,V,D,D,Y,V,N,V,P,E,S,G,E,S,A,E,A,S,L,D,G,S,R,E,Y,V,N,V,S,Q,E,L,H,P,G,V,A,K,M,E,A,A,T,L,S,S,Q,E,A,E,E,E,G,A,P,D,Y,E,N,L,Q
Camelus_bactrianus,M,E,A,V,S,L,S,P,Y,V,L,G,L,L,L,L,P,L,L,A,V,L,M,A,L,C,V,R,C,R,E,L,S,Y,D,T,A,A,S,L,T,P,S,S,I,V,I,K,R,P,T,L,A,P,W,Y,P,P,V,T,S,Y,P,P,L,S,Q,D,L,L,P,I,P,R,S,P,Q,P,P,G,G,S,H,R,M,P,S,S,R,Q,A,S,D,G,A,N,S,V,A,S,Y,E,N,E,E,P,V,C,E,D,E,D,E,D,E,E,D,Y,H,N,E,G,Y,L,V,V,L,P,D,S,V,P,A,T,G,T,A,V,P,P,A,P,V,S,N,N,P,G,P,R,D,S,A,F,S,E,S,G,E,D,Y,V,N,V,P,E,S,E,E,S,A,D,A,S,L,D,G,S,R,E,Y,V,N,V,S,Q,E,L,Q,P,-,V,A,G,T,K,P,A,T,P,G,S,R,E,V,-,-,-,-,-,-,D,Y,E,N,L,Q
Camelus_dromedarius,M,E,A,V,S,L,S,P,Y,V,L,G,L,L,L,L,P,L,L,A,V,L,M,A,L,C,V,R,C,R,E,L,S,Y,D,T,A,A,S,L,T,P,S,S,I,V,I,K,R,P,T,L,A,P,W,Y,P,P,V,T,S,Y,P,P,L,S,Q,D,L,L,P,I,P,R,S,P,Q,P,P,G,G,S,H,R,M,P,S,S,R,Q,A,S,D,G,A,N,S,V,A,S,Y,E,N,E,E,P,V,C,E,D,E,D,E,D,E,E,D,Y,H,N,E,G,Y,L,V,V,L,P,D,S,V,P,A,T,G,T,A,V,P,P,A,P,V,S,N,N,P,G,P,R,D,S,A,F,S,E,S,G,E,D,Y,V,N,V,P,E,S,E,E,S,A,D,A,S,L,D,G,S,R,E,Y,V,N,V,S,Q,E,L,Q,P,-,V,A,G,T,K,P,A,T,P,G,S,R,E,V,-,-,-,-,-,-,D,Y,E,N,L,Q
Camelus_ferus,M,E,A,V,S,L,S,P,Y,V,L,G,L,L,L,L,P,L,L,A,V,L,M,A,L,C,V,R,C,R,E,L,S,Y,D,T,A,A,S,L,T,P,S,S,I,V,I,K,R,P,T,L,A,P,W,Y,P,P,V,T,S,Y,P,P,L,S,Q,D,L,L,P,I,P,R,S,P,Q,P,P,G,G,S,H,R,M,P,S,S,R,Q,A,S,D,G,A,N,S,V,A,S,Y,E,N,E,E,P,V,C,E,D,E,D,E,D,E,E,D,Y,H,N,E,G,Y,L,V,V,L,P,D,S,V,P,A,T,G,T,A,V,P,P,A,P,V,S,N,N,P,G,P,R,D,S,A,F,S,E,S,G,E,D,Y,V,N,V,P,E,S,E,E,S,A,D,A,S,L,D,G,S,R,E,Y,V,N,V,S,Q,E,L,Q,P,-,V,A,G,T,K,P,A,T,P,G,S,R,E,V,-,-,-,-,-,-,D,Y,E,N,L,Q
Capra_hircus,-,-,-,-,-,-,-,-,-,V,L,G,P,L,L,L,P,L,L,A,V,L,M,A,L,C,V,R,C,R,E,L,S,Y,D,T,A,V,S,L,T,P,S,S,I,M,I,K,L,P,T,L,V,P,R,-,-,-,-,T,P,Y,P,L,P,S,Q,D,L,L,P,I,P,R,S,P,Q,P,L,G,G,S,H,R,M,A,S,S,R,Q,D,S,D,S,A,N,S,V,A,S,Y,E,N,E,E,A,A,C,E,D,A,D,D,Y,D,E,D,Y,N,N,E,G,Y,L,V,V,L,P,D,R,D,P,A,T,S,T,A,V,S,P,A,P,A,S,S,K,P,G,L,R,D,S,A,F,S,E,S,G,E,D,Y,V,N,V,P,E,S,E,E,S,A,E,A,S,L,N,G,S,R,E,Y,V,N,V,S,Q,E,L,Q,P,-,G,A,K,T,K,P,D,T,Q,N,S,Q,E,V,-,-,-,-,-,-,D,Y,E,N,L,-
Cebus_imitator,M,E,E,T,I,L,V,P,C,V,L,G,L,L,L,L,P,I,L,A,V,L,M,V,L,C,V,H,C,H,R,L,S,Y,D,S,T,S,S,L,Y,P,R,G,I,Q,I,K,R,P,T,L,A,P,R,Y,P,P,V,T,S,Y,P,P,L,S,Q,D,L,L,P,I,P,R,S,P,Q,P,P,G,G,S,H,R,T,P,S,S,R,R,D,S,D,G,A,N,S,V,P,S,Y,E,N,E,E,P,A,C,E,D,A,D,E,D,E,D,D,Y,H,N,P,G,Y,L,V,V,L,P,D,S,A,P,A,T,S,T,A,A,P,P,A,P,A,L,S,T,P,G,L,R,D,S,A,F,S,E,S,I,D,D,Y,V,N,V,P,E,S,G,E,S,A,E,A,S,L,D,G,S,R,E,Y,V,N,V,S,Q,E,L,H,P,G,A,A,K,T,E,A,A,T,L,S,S,Q,E,A,E,E,E,G,A,P,D,Y,E,N,L,Q
Ceratotherium_simum_simum,M,E,A,A,I,L,I,P,S,V,L,G,P,L,L,L,P,L,L,A,V,L,M,A,L,C,V,R,C,R,E,L,S,Y,D,S,A,A,S,L,T,P,S,S,I,V,I,K,R,P,T,L,A,P,W,Y,P,P,V,T,S,F,P,P,L,S,Q,D,L,L,P,I,P,R,S,P,Q,P,P,G,G,S,H,R,M,P,S,S,R,Q,G,S,D,G,A,N,S,V,A,S,Y,E,N,E,E,P,A,C,E,G,A,D,E,D,E,E,D,C,H,N,E,G,Y,L,V,V,L,P,D,T,V,P,A,T,G,T,A,I,P,P,P,P,A,S,K,N,P,G,L,R,D,S,A,F,S,E,S,G,E,D,Y,V,N,V,P,E,S,E,E,S,A,E,A,S,L,D,G,S,R,E,Y,V,N,V,S,Q,E,L,Q,P,-,T,A,R,P,E,P,A,A,W,R,A,R,E,A,E,E,E,G,A,P,D,Y,E,N,L,-
Cercocebus_atys,M,E,E,A,I,L,V,P,C,V,L,G,L,L,L,L,P,I,L,A,V,L,M,A,L,C,V,H,C,H,R,L,S,Y,D,S,A,S,S,L,Y,P,R,G,I,Q,I,K,R,P,T,V,A,P,W,Y,P,P,V,T,S,Y,P,P,L,N,Q,D,L,L,P,I,P,R,S,P,Q,P,L,G,G,S,H,R,T,P,S,S,R,R,D,S,D,G,A,N,S,V,A,S,Y,E,N,E,E,P,A,C,E,D,A,D,E,D,E,D,D,Y,H,N,P,G,Y,L,V,V,L,P,D,S,T,P,A,A,S,T,A,A,P,S,A,P,A,L,S,T,P,G,L,R,D,S,A,F,S,E,S,I,D,D,Y,V,N,V,P,E,S,G,E,S,A,E,A,S,L,D,G,S,R,E,Y,V,N,V,S,Q,E,L,H,P,G,A,A,K,T,E,P,A,A,L,S,S,Q,K,A,E,E,E,G,A,P,D,Y,E,N,L,Q
Cervus_canadensis,M,E,A,V,S,L,A,I,Y,V,L,G,P,L,L,L,P,L,L,A,V,L,M,A,L,C,V,R,C,R,E,L,S,Y,D,T,A,V,S,L,T,P,S,S,I,M,I,K,L,P,T,L,V,P,R,-,-,-,-,T,P,Y,P,L,Q,S,Q,D,L,L,P,I,P,R,S,P,Q,P,L,G,G,S,H,R,M,A,S,S,R,Q,D,S,D,S,A,N,S,V,A,S,Y,E,N,E,E,A,A,C,E,D,A,D,-,-,D,D,D,Y,N,N,E,G,Y,L,V,V,L,P,D,R,D,P,A,T,S,T,A,V,S,P,A,P,A,S,S,K,P,G,L,R,D,S,A,F,S,E,S,G,E,D,Y,V,N,V,P,E,S,E,E,S,A,N,A,S,L,N,G,S,R,E,Y,V,N,V,S,Q,E,L,Q,P,-,G,A,K,T,K,P,D,T,Q,N,S,Q,E,V,-,-,-,-,-,-,D,Y,E,N,L,-
Chlorocebus_sabaeus,M,E,E,A,I,L,V,P,C,V,L,G,L,L,L,L,P,I,L,A,V,L,M,A,L,C,V,H,C,H,R,L,S,Y,D,S,A,S,S,L,Y,P,R,G,I,Q,I,K,R,P,T,V,A,P,W,Y,P,P,V,T,S,Y,P,P,L,N,Q,D,L,L,P,I,P,R,S,P,Q,P,L,G,A,S,H,R,T,P,S,S,R,R,D,S,D,G,A,N,S,V,A,S,Y,E,N,E,E,P,A,C,E,D,A,D,E,D,E,D,D,Y,H,N,P,G,Y,L,V,V,L,P,D,S,T,P,A,A,S,T,A,A,P,S,A,P,A,L,S,T,P,G,L,R,D,S,A,F,S,E,S,I,D,D,Y,V,N,V,P,E,S,G,E,S,A,E,A,S,L,D,G,S,R,E,Y,V,N,V,S,Q,E,L,H,P,G,A,A,K,T,E,P,A,A,L,S,S,Q,K,A,E,E,E,G,A,P,D,Y,E,N,L,Q
Colobus_angolensis_palliatus,M,E,E,A,I,L,V,P,C,V,L,G,L,L,L,L,P,I,L,A,V,L,M,A,L,C,V,H,C,H,R,L,S,Y,D,S,A,S,S,L,Y,P,R,G,I,Q,I,K,R,P,T,V,A,P,W,Y,P,P,V,T,S,Y,P,P,L,N,Q,D,L,L,P,I,P,R,S,P,Q,P,L,G,G,S,H,R,M,P,S,S,R,R,D,S,E,G,A,N,S,V,A,S,Y,E,N,E,E,P,A,C,E,D,A,D,E,D,E,D,D,Y,H,N,P,G,Y,L,V,V,L,P,D,S,T,P,A,A,S,T,A,A,P,S,A,P,A,L,S,T,R,G,L,R,D,S,A,F,S,E,S,I,D,D,Y,V,N,V,P,E,S,G,E,S,A,E,A,S,L,D,G,S,R,E,Y,V,N,V,S,Q,E,L,H,P,G,A,A,K,T,E,P,A,A,L,S,S,Q,K,A,E,E,E,G,A,P,D,Y,E,N,L,Q
Condylura_cristata,M,E,A,A,T,L,L,S,H,E,L,G,L,L,L,L,P,L,L,A,V,L,M,A,L,C,V,R,C,R,D,L,S,Y,D,S,S,A,S,V,T,T,G,G,-,L,I,K,P,S,P,L,A,P,W,Y,L,P,V,T,S,Y,P,P,L,S,Q,D,L,L,P,I,P,R,S,P,Q,P,S,G,S,S,H,R,M,P,P,P,R,Q,D,S,D,G,A,N,S,V,A,S,Y,E,N,Q,E,P,V,C,E,D,K,D,-,-,E,E,D,P,H,N,E,G,Y,L,V,V,L,P,D,N,I,P,A,T,T,T,T,V,Q,P,A,P,G,P,S,N,T,G,H,R,D,S,N,F,S,E,S,G,E,D,Y,V,N,V,H,E,S,E,E,S,G,D,A,S,L,D,G,S,R,E,Y,V,N,V,S,Q,E,L,Q,P,-,A,A,R,T,E,P,A,T,R,A,S,Q,E,L,E,E,E,E,L,P,D,Y,E,N,L,Q
Elephas_maximus_indicus,M,E,T,A,V,V,V,S,T,V,L,E,L,L,L,L,P,L,L,A,V,L,L,A,L,C,L,R,C,R,E,L,S,Y,D,S,A,S,S,L,Y,P,S,N,I,V,V,K,R,P,T,L,A,P,W,Y,P,P,V,T,S,Y,P,P,L,S,Q,D,L,L,P,I,P,R,S,P,Q,P,P,G,G,S,H,R,M,P,S,S,R,Q,D,S,D,G,A,N,S,V,A,S,Y,E,N,E,E,P,A,C,E,D,T,D,E,D,E,E,D,Y,H,N,E,G,Y,L,V,V,L,P,D,S,T,P,A,T,S,T,A,V,P,P,A,P,V,P,N,N,S,G,L,R,D,S,A,F,S,E,S,G,E,D,Y,V,N,V,P,E,S,E,E,S,A,E,A,S,L,D,G,S,R,E,Y,V,N,V,S,Q,E,L,Q,P,-,T,A,K,T,E,P,A,T,A,S,S,Q,E,A,E,E,E,G,A,P,D,Y,E,N,L,-
Enhydra_lutris_kenyoni,M,E,A,V,V,L,I,P,Y,V,L,G,L,V,L,L,P,L,L,A,V,-,-,A,L,C,V,R,C,R,E,L,S,Y,D,T,A,A,S,L,T,P,S,S,I,V,L,K,R,P,T,V,V,P,W,Y,G,P,V,T,S,Y,P,P,L,S,Q,D,L,L,P,I,P,R,S,P,Q,P,-,-,-,-,P,R,M,P,S,S,R,Q,D,S,D,G,A,N,S,V,A,S,Y,E,N,E,-,P,V,C,E,D,D,D,E,-,E,E,D,Y,P,N,E,G,Y,L,E,V,L,P,D,S,T,P,A,T,S,T,A,V,P,P,A,P,V,P,S,N,P,G,L,R,D,S,A,F,S,E,S,G,E,D,Y,V,N,V,P,E,S,E,E,S,A,D,A,S,L,D,G,S,R,E,Y,V,N,V,S,Q,E,L,P,P,-,M,A,R,T,E,P,A,V,L,S,S,Q,K,V,E,E,E,G,A,P,D,Y,E,N,L,Q
Equus_asinus,M,E,A,A,I,L,I,P,S,V,L,G,P,L,L,L,P,L,L,A,V,L,M,A,L,C,V,R,C,R,E,L,S,Y,D,S,A,A,S,L,T,P,S,S,I,V,I,K,R,P,T,L,V,P,W,Y,P,P,V,T,S,F,P,P,L,S,Q,D,L,L,P,I,P,R,S,P,Q,P,P,G,G,S,H,H,M,P,S,S,R,Q,G,S,D,G,A,N,S,V,A,S,Y,E,N,E,E,P,V,C,E,D,A,D,E,D,E,E,D,Y,H,N,E,G,Y,L,V,V,L,P,D,P,A,P,T,T,S,T,V,V,P,P,A,P,V,S,N,N,P,G,L,R,D,S,A,F,S,E,S,G,E,D,Y,V,N,V,P,E,S,E,E,S,A,D,A,S,L,D,G,S,R,E,Y,V,N,V,S,Q,E,L,Q,P,-,T,A,R,T,E,P,A,T,R,K,A,Q,R,V,E,E,E,G,A,P,D,Y,E,N,L,Q
Equus_przewalskii,M,E,A,A,I,L,I,P,S,V,L,G,P,L,L,L,P,L,L,A,V,L,M,A,L,C,V,R,C,R,E,L,S,Y,D,S,A,A,S,L,T,P,S,S,I,V,I,K,R,P,T,L,V,P,W,Y,P,P,V,T,S,F,P,P,L,S,Q,D,L,L,P,I,P,R,S,P,Q,P,P,G,G,S,H,H,M,P,S,S,R,Q,G,S,D,G,A,N,S,V,A,S,Y,E,N,E,E,P,V,C,E,D,A,D,E,D,E,E,D,Y,H,N,E,G,Y,L,-,-,-,-,-,-,-,-,-,-,-,-,-,-,-,-,-,-,-,-,-,-,-,-,-,-,-,-,-,-,-,-,-,-,-,-,-,-,-,-,-,-,-,-,-,-,-,-,-,-,-,-,-,-,-,-,-,-,-,-,-,-,-,-,-,-,-,-,-,-,-,-,-,-,-,-,-,-,-,-,-,-,-,-,-,-,-,-,-,-,-,-,-
Equus_quagga,M,E,A,A,I,L,I,P,S,V,L,G,P,L,L,L,P,L,L,A,V,L,M,A,L,C,V,R,C,R,E,L,S,Y,D,S,A,A,S,L,T,P,S,S,I,V,I,K,R,P,T,L,V,P,W,Y,P,P,V,T,S,F,P,P,L,S,Q,D,L,L,P,I,P,R,S,P,Q,P,P,G,G,S,H,H,M,P,S,S,R,Q,G,S,D,G,A,N,S,V,A,S,Y,E,N,E,E,P,V,C,E,D,A,D,E,D,E,E,D,Y,H,N,E,G,Y,L,V,V,L,P,D,P,A,P,T,T,S,T,I,V,P,P,A,P,V,S,N,K,P,G,L,R,D,S,A,F,S,E,S,G,E,D,Y,V,N,V,P,E,S,E,E,S,A,D,A,S,L,D,G,S,R,E,Y,V,N,V,S,Q,E,L,Q,P,-,T,A,R,T,E,P,A,T,R,K,A,Q,R,V,E,E,E,G,A,P,D,Y,E,N,L,Q
Gorilla_gorilla_gorilla,M,E,E,A,I,L,V,P,C,V,L,G,L,L,L,L,P,I,L,A,M,L,M,A,L,C,V,H,C,H,R,L,S,Y,D,S,T,S,S,L,Y,P,R,G,I,Q,F,K,R,P,T,V,A,P,W,Y,P,P,V,T,S,Y,P,P,L,S,Q,D,L,L,P,I,P,R,S,P,Q,P,L,G,G,S,H,R,T,P,S,S,R,R,D,S,D,G,A,N,S,V,A,S,Y,E,N,E,E,P,A,C,E,D,A,D,E,D,E,D,D,Y,H,N,P,G,Y,L,V,V,L,P,D,S,T,P,A,T,S,T,A,A,P,S,A,P,A,L,S,T,P,G,I,R,D,S,A,F,S,E,S,I,D,D,Y,V,N,V,P,E,S,G,E,S,A,E,A,S,L,D,G,S,R,E,Y,V,N,V,S,Q,E,L,H,P,G,A,A,K,T,E,P,A,A,L,S,S,Q,E,A,E,E,E,G,A,P,D,Y,E,N,L,Q
Halichoerus_grypus,M,E,A,V,V,L,I,P,C,V,L,G,L,L,L,L,P,L,L,A,V,-,-,A,L,C,V,R,C,R,E,L,S,Y,D,T,A,A,S,L,T,P,S,S,I,M,L,K,R,P,T,V,V,P,W,Y,A,P,V,T,S,Y,P,P,L,S,Q,D,L,L,P,I,P,R,S,P,Q,P,-,-,-,-,H,R,M,P,S,S,R,P,D,S,D,G,A,N,S,V,A,S,Y,E,N,E,E,P,A,C,E,D,-,D,E,-,E,E,D,Y,H,N,E,G,Y,L,V,V,L,P,D,S,T,P,A,S,S,S,A,V,P,P,T,P,V,P,S,N,P,G,L,R,D,S,A,F,S,E,S,G,E,D,Y,V,N,V,L,E,S,E,E,S,A,D,V,S,L,D,G,S,R,E,Y,V,N,V,S,Q,E,L,P,P,-,M,A,R,T,E,P,A,I,L,S,S,Q,K,V,E,E,E,G,A,P,D,Y,E,N,L,-
Homo_sapiens,M,E,E,A,I,L,V,P,C,V,L,G,L,L,L,L,P,I,L,A,M,L,M,A,L,C,V,H,C,H,R,L,S,Y,D,S,T,S,S,L,Y,P,R,G,I,Q,F,K,R,P,T,V,A,P,W,Y,P,P,V,T,S,Y,P,P,L,S,Q,D,L,L,P,I,P,R,S,P,Q,P,L,G,G,S,H,R,T,P,S,S,R,R,D,S,D,G,A,N,S,V,A,S,Y,E,N,E,E,P,A,C,E,D,A,D,E,D,E,D,D,Y,H,N,P,G,Y,L,V,V,L,P,D,S,T,P,A,T,S,T,A,A,P,S,A,P,A,L,S,T,P,G,I,R,D,S,A,F,S,E,S,I,D,D,Y,V,N,V,P,E,S,G,E,S,A,E,A,S,L,D,G,S,R,E,Y,V,N,V,S,Q,E,L,H,P,G,A,A,K,T,E,P,A,A,L,S,S,Q,E,A,E,E,E,G,A,P,D,Y,E,N,L,Q
Hylobates_moloch,M,E,E,A,I,L,V,P,C,V,L,G,L,L,L,L,P,I,L,A,M,L,M,A,L,C,V,H,C,H,R,L,S,Y,D,S,A,S,S,L,Y,P,R,G,I,Q,I,K,R,P,T,V,A,P,W,Y,P,P,A,T,S,Y,L,P,L,S,Q,D,L,L,P,I,P,R,S,P,Q,P,L,G,G,S,H,R,T,P,S,S,R,R,D,S,D,G,A,N,S,V,A,S,Y,E,N,E,E,P,A,C,E,D,A,D,E,D,E,D,D,Y,H,N,P,G,Y,L,V,V,L,P,D,S,T,P,A,A,S,T,A,A,P,S,A,P,A,L,S,T,P,G,I,R,D,S,A,F,S,E,S,I,D,D,Y,V,N,V,P,E,S,G,E,S,A,E,A,S,L,D,G,S,R,E,Y,V,N,V,S,Q,E,L,H,P,G,A,A,K,T,E,P,A,A,L,S,S,Q,E,A,E,E,E,G,A,P,D,Y,E,N,L,Q
Ictidomys_tridecemlineatus,M,E,V,A,G,L,T,P,Y,P,L,G,L,L,L,L,P,L,L,A,M,L,I,A,L,C,V,R,C,H,E,-,-,-,-,-,-,-,-,-,-,P,T,S,I,L,I,K,P,P,T,P,V,P,W,Y,P,P,V,I,S,Y,P,P,P,S,Q,D,L,L,P,I,P,R,S,P,Q,P,P,V,G,S,H,R,M,P,P,S,Q,Q,D,S,D,G,A,N,S,M,A,S,Y,E,N,-,E,P,A,C,E,D,A,D,D,E,E,D,D,Y,H,N,S,G,Y,L,V,V,L,P,D,S,T,P,A,T,G,T,A,V,P,S,A,P,V,P,S,D,P,G,L,R,D,S,T,F,S,-,-,-,E,D,Y,V,N,V,P,E,S,G,E,S,A,E,A,S,L,D,G,S,R,E,Y,V,N,V,S,Q,E,L,E,S,-,E,A,P,A,K,P,A,P,L,S,S,Q,E,E,E,E,E,G,L,P,D,Y,E,N,L,Q
Leopardus_geoffroyi,M,E,A,V,V,L,I,P,Y,V,L,G,L,L,L,L,P,L,L,A,V,-,-,V,L,C,V,R,C,R,E,L,S,Y,D,N,T,A,S,L,A,P,S,S,I,V,I,K,R,P,T,L,A,T,W,Y,P,P,V,T,S,Y,P,P,L,S,Q,D,L,L,P,I,P,R,S,P,Q,P,P,G,G,S,H,R,M,P,S,S,R,Q,D,S,D,G,A,N,S,V,A,S,Y,E,N,E,E,P,A,C,E,D,D,D,E,-,E,E,D,Y,P,N,E,G,Y,L,E,V,L,P,D,S,T,P,T,T,G,T,A,V,P,P,A,P,A,P,S,N,P,G,L,R,D,S,A,F,S,E,S,G,E,D,Y,V,N,V,P,E,S,E,E,S,A,D,V,S,L,D,G,S,R,E,Y,V,N,V,S,Q,E,L,P,P,-,V,A,R,T,E,P,A,I,L,S,S,Q,-,-,E,E,E,G,A,P,D,Y,E,N,L,Q
Loxodonta_africana,M,E,T,A,V,V,V,S,T,V,L,E,L,L,L,L,P,L,L,A,V,L,L,A,L,C,L,R,C,R,E,L,S,Y,D,S,A,S,S,L,Y,P,S,N,I,V,V,K,R,P,T,L,A,P,W,Y,P,P,V,T,S,Y,P,P,L,S,Q,D,L,L,P,I,P,R,S,P,Q,P,P,G,G,S,H,R,M,P,S,S,R,Q,D,S,D,G,A,N,S,V,A,S,Y,E,N,E,E,P,A,C,E,D,T,D,E,D,E,E,D,Y,H,N,E,G,Y,L,V,V,L,P,D,S,T,P,A,T,S,T,A,V,P,P,A,P,V,P,N,N,S,G,L,R,D,S,A,F,S,E,S,G,E,D,Y,V,N,-,-,-,-,-,-,-,-,-,-,-,-,D,G,S,R,E,Y,V,N,V,S,Q,E,L,Q,P,-,T,A,K,T,E,P,A,T,A,S,S,Q,E,V,E,E,E,G,A,P,D,Y,E,N,L,-
Macaca_fascicularis,-,-,-,-,-,-,-,-,-,-,-,-,-,-,-,-,-,-,-,-,-,-,-,-,-,-,-,-,-,-,-,-,-,-,-,-,-,-,-,-,-,-,-,-,-,-,-,-,-,-,-,-,-,-,-,-,-,-,-,-,-,-,-,-,-,-,-,-,-,-,-,-,-,R,S,P,Q,P,L,G,G,S,H,R,T,P,S,S,R,R,D,S,D,G,A,N,S,V,A,S,Y,E,N,E,E,P,A,C,E,D,A,D,E,D,E,D,D,Y,H,N,P,G,Y,L,V,V,L,P,D,S,T,P,A,A,S,T,A,A,P,S,A,T,A,L,S,T,P,G,L,R,D,S,A,F,S,E,S,I,D,D,Y,V,N,V,P,E,S,G,E,S,A,E,A,S,L,D,G,S,R,E,Y,V,N,V,S,Q,E,L,H,P,G,A,A,K,T,E,P,A,A,L,S,S,Q,K,A,E,E,E,G,A,P,D,Y,E,N,L,Q
Macaca_mulatta,-,-,-,-,-,-,-,-,-,-,-,-,-,-,-,-,-,-,-,-,-,-,-,-,-,-,-,-,-,-,-,-,-,-,-,-,-,-,-,-,-,-,-,-,-,-,-,-,-,-,-,-,-,-,-,-,-,-,-,-,-,-,-,-,-,-,-,-,-,-,-,-,-,R,S,P,Q,P,L,G,G,S,H,R,T,P,S,S,R,R,D,S,D,G,A,N,S,V,A,S,Y,E,N,E,E,P,A,C,E,D,A,D,E,D,E,D,D,Y,H,N,P,G,Y,L,V,V,L,P,D,S,T,P,A,A,S,T,A,A,P,S,A,T,A,L,S,T,P,G,L,R,D,S,A,F,S,E,S,I,D,D,Y,V,N,V,P,E,S,G,E,S,A,E,A,S,L,D,G,S,R,E,Y,V,N,V,S,Q,E,L,H,P,G,A,A,K,T,E,P,A,A,L,S,S,Q,K,A,E,E,E,G,A,P,D,Y,E,N,L,Q
Macaca_nemestrina,-,-,-,-,-,-,-,-,-,-,-,-,-,-,-,-,-,-,-,-,-,-,-,-,-,-,-,-,-,-,-,-,-,-,-,-,-,-,-,-,-,-,-,-,-,-,-,-,-,-,-,-,-,-,-,-,-,-,-,-,-,-,-,-,-,-,-,-,-,-,-,-,-,R,S,P,Q,P,L,G,G,S,H,R,T,P,S,S,R,R,D,S,D,G,A,N,S,V,A,S,Y,E,N,E,E,P,A,C,E,D,A,D,E,D,E,D,D,Y,H,N,P,G,Y,L,V,V,L,P,D,S,T,P,A,A,S,T,A,A,P,S,A,T,A,L,S,T,P,G,L,R,D,S,A,F,S,E,S,I,D,D,Y,V,N,V,P,E,S,G,E,S,A,E,A,S,L,D,G,S,R,E,Y,V,N,V,S,Q,E,L,H,P,G,A,A,K,T,E,P,A,A,L,S,S,Q,K,A,E,E,E,G,A,P,D,Y,E,N,L,Q
Macaca_thibetana_thibetana,M,E,E,A,I,L,V,P,C,V,L,G,L,L,L,L,P,I,L,A,V,L,M,A,L,C,V,H,C,H,R,L,S,Y,D,S,A,S,S,L,Y,P,R,G,I,Q,I,K,R,P,T,V,A,P,W,Y,P,P,V,T,S,Y,P,P,L,N,Q,D,L,L,P,I,P,R,S,P,Q,P,L,G,G,S,H,R,T,P,S,S,R,R,D,S,D,G,A,N,S,V,A,S,Y,E,N,E,E,P,A,C,E,D,A,D,E,D,E,D,D,Y,H,N,P,G,Y,L,V,V,L,P,D,S,T,P,A,A,S,T,A,A,P,S,A,T,A,L,S,T,P,G,L,R,D,S,A,F,S,E,S,I,D,D,Y,V,N,V,P,E,S,G,E,S,A,E,A,S,L,D,G,S,R,E,Y,V,N,V,S,Q,E,L,H,P,G,A,A,K,T,E,P,A,A,L,S,S,Q,K,A,E,E,E,G,A,P,D,Y,E,N,L,Q
Mandrillus_leucophaeus,M,E,E,A,I,L,V,P,C,V,L,G,L,L,L,L,P,I,L,A,V,L,M,A,L,C,V,H,C,H,R,L,S,Y,D,S,A,S,S,L,Y,P,R,G,I,Q,I,K,R,P,T,V,A,P,W,Y,P,P,V,T,S,Y,P,P,L,N,Q,D,L,L,P,I,P,R,S,P,Q,P,L,G,G,S,H,R,T,P,S,S,R,R,D,S,D,G,A,N,S,V,A,S,Y,E,N,E,E,P,A,C,E,D,A,D,E,D,E,D,D,Y,H,N,P,G,Y,L,V,V,L,P,D,S,T,P,A,A,S,T,A,A,P,S,A,P,A,L,S,T,P,G,L,R,D,S,A,F,S,E,S,I,D,D,Y,V,N,V,P,E,S,G,E,S,A,E,A,S,L,D,G,S,R,E,Y,V,N,V,S,Q,E,L,H,P,G,A,A,K,T,E,P,A,A,L,S,S,Q,K,A,E,E,E,G,A,P,D,Y,E,N,L,Q
Marmota_flaviventris,-,-,-,-,-,-,-,-,-,-,L,G,L,L,L,L,P,L,L,A,M,L,I,A,L,C,V,R,C,H,E,P,S,Y,D,S,A,P,S,S,N,P,T,S,I,L,I,K,P,P,T,P,V,P,W,Y,P,P,V,I,S,C,P,P,P,S,Q,D,L,L,P,I,P,R,S,P,Q,P,P,V,G,S,H,R,M,P,P,S,Q,Q,D,S,D,G,A,N,S,M,A,S,Y,E,N,-,E,P,A,C,E,D,A,D,D,D,E,D,D,Y,H,N,P,G,Y,L,M,V,L,P,D,S,T,P,A,T,S,T,A,A,P,S,A,P,V,P,S,D,P,G,L,R,D,S,T,F,S,-,-,-,E,D,Y,V,N,V,P,E,S,G,E,S,A,E,A,S,L,D,G,S,R,E,Y,V,N,V,S,Q,E,L,A,P,-,-,-,-,-,-,-,-,-,L,S,S,Q,E,V,E,E,E,G,L,P,D,Y,E,N,L,Q
Marmota_marmota_marmota,M,E,V,D,G,L,T,P,Y,P,L,G,L,L,L,L,P,L,L,A,M,L,I,A,L,C,V,R,C,H,E,P,S,Y,D,S,A,P,S,S,N,P,S,S,I,L,I,K,P,P,T,P,V,P,W,Y,P,P,V,I,S,Y,P,P,P,S,Q,D,L,L,P,I,P,R,S,P,Q,P,P,V,G,S,H,R,M,P,P,S,Q,Q,D,S,D,G,A,N,S,M,A,S,Y,E,N,-,E,P,A,C,E,D,A,D,D,D,E,D,D,Y,H,N,P,G,Y,L,M,V,L,P,D,S,T,P,A,T,S,T,A,A,P,S,A,P,V,P,S,D,P,G,L,R,D,S,T,F,S,-,-,-,-,-,-,-,-,-,-,-,-,-,-,-,-,-,-,-,-,-,-,-,-,-,-,-,-,-,-,-,-,-,-,-,-,-,-,-,-,-,-,-,-,-,-,-,-,-,-,-,-,-,-,-,-,-,-,-,-,-,-
Marmota_monax,M,E,V,D,G,L,T,P,Y,P,L,G,L,L,L,L,P,L,L,A,M,L,I,A,L,C,V,R,C,H,E,P,S,Y,D,S,A,P,S,S,N,P,T,S,I,L,I,K,P,P,T,P,V,P,W,Y,P,P,V,I,S,Y,P,P,P,S,Q,D,L,L,P,I,P,R,S,P,Q,P,P,V,G,S,H,R,M,P,P,S,Q,Q,D,S,D,G,A,N,S,M,A,S,Y,E,N,-,E,P,A,C,E,D,A,D,D,D,E,D,D,Y,H,N,P,G,Y,L,M,V,L,P,D,S,T,P,A,T,S,P,A,A,P,S,A,P,V,P,S,D,P,G,L,R,D,S,T,F,S,-,-,-,-,-,-,-,-,-,-,-,-,-,-,-,-,-,-,-,-,-,-,-,-,-,-,-,-,-,-,-,-,-,-,-,-,-,-,-,-,-,-,-,-,-,-,-,-,-,-,-,-,-,-,-,-,-,-,-,-,-,-
Nannospalax_galili,M,E,A,D,T,L,S,P,L,T,L,G,L,L,L,L,P,L,L,A,T,L,V,A,L,C,V,R,C,R,E,L,S,Y,D,S,V,S,S,L,S,P,R,S,I,L,I,K,P,P,I,T,V,P,R,Y,P,P,V,I,S,F,P,P,L,R,Q,D,L,L,P,I,P,R,S,P,Q,P,P,G,G,T,H,R,M,P,S,S,R,Q,D,S,D,D,A,N,S,V,A,S,Y,E,N,Q,E,P,A,C,E,N,V,D,E,D,E,E,D,Y,P,N,E,G,Y,L,E,V,L,P,D,S,T,P,A,T,S,P,V,V,P,S,A,P,V,P,S,N,P,G,L,R,D,S,A,F,S,E,S,V,E,D,Y,V,N,V,P,E,S,E,E,S,A,E,A,S,L,D,G,S,R,E,Y,V,N,V,S,Q,E,L,Q,Q,-,E,T,R,A,E,L,V,T,L,D,S,Q,E,V,E,E,E,E,T,P,D,Y,E,N,L,Q
Neomonachus_schauinslandi,M,E,A,V,V,L,I,P,C,V,L,G,L,L,L,L,P,L,L,A,V,-,-,A,L,C,V,R,C,R,E,L,S,Y,D,T,A,A,S,L,T,P,S,S,I,V,L,K,R,P,T,V,V,P,W,Y,A,P,V,T,S,Y,P,P,L,S,Q,D,L,L,P,I,P,R,S,P,Q,P,-,-,-,-,H,R,M,L,S,S,R,P,D,S,A,S,A,N,S,V,A,S,Y,E,N,E,E,P,A,C,E,D,E,D,E,-,E,E,D,Y,H,N,E,G,Y,L,E,V,L,P,D,S,T,P,A,T,S,S,A,V,P,P,A,S,V,P,S,N,P,G,L,R,D,S,A,F,S,E,S,G,E,D,Y,V,N,V,L,E,S,E,E,S,A,D,V,S,L,D,G,S,R,E,Y,V,N,V,S,Q,E,L,P,P,-,M,A,R,T,E,P,A,I,L,S,S,Q,K,V,E,E,E,G,A,P,D,Y,E,N,L,-
Nomascus_leucogenys,M,E,E,A,I,L,V,P,C,V,L,G,L,L,L,L,P,I,L,A,M,L,M,A,L,C,V,H,C,H,R,L,S,Y,D,S,A,S,S,L,Y,P,R,G,I,Q,I,K,R,P,T,V,A,P,W,Y,P,P,A,T,S,Y,L,P,L,S,Q,D,L,L,P,I,P,R,S,P,Q,P,L,G,G,S,H,R,T,P,S,S,R,R,D,S,D,G,A,N,S,V,A,S,Y,E,N,E,E,P,A,C,E,D,A,D,E,D,E,D,D,Y,H,N,P,G,Y,L,V,V,L,P,D,S,T,P,A,A,S,T,A,A,P,S,A,P,A,L,S,T,P,G,I,R,D,S,A,F,S,E,S,I,D,D,Y,V,N,V,P,E,S,G,E,S,T,E,A,S,L,D,G,S,R,E,Y,V,N,V,S,Q,E,L,H,P,G,A,A,K,T,E,P,A,A,L,S,S,Q,E,A,E,E,E,G,A,P,D,Y,E,N,L,Q
Ochotona_curzoniae,-,-,-,-,-,-,-,-,-,-,L,G,L,L,L,G,P,L,L,A,M,L,M,A,L,C,V,R,C,R,R,L,S,Y,N,S,A,S,G,V,Y,P,R,S,I,L,V,K,P,P,-,-,-,-,-,Y,P,S,M,T,S,D,P,P,L,S,Q,D,L,L,R,I,P,R,S,P,Q,P,P,E,S,S,H,R,M,P,S,S,R,R,D,S,S,D,A,Q,S,V,A,S,Y,E,N,E,E,P,A,C,K,G,A,D,E,D,E,D,Q,-,-,N,E,G,Y,L,E,V,L,P,D,S,-,-,-,-,-,-,-,-,-,-,A,P,V,P,S,N,P,G,L,R,D,S,A,F,S,E,S,G,D,D,Y,V,N,V,P,E,S,G,G,S,A,D,A,S,L,D,G,S,R,E,Y,V,N,V,L,Q,E,L,P,V,-,E,S,R,S,Q,P,A,K,L,H,V,Q,E,V,E,E,E,E,P,P,D,Y,E,N,L,Q
Ochotona_princeps,-,-,-,-,-,-,-,-,-,-,L,G,L,L,L,G,P,L,L,A,M,L,M,A,L,C,V,R,C,R,R,L,-,-,-,-,-,-,-,-,-,-,-,-,-,-,-,-,-,-,-,-,-,-,-,Y,P,S,M,T,S,D,P,P,L,S,Q,D,L,L,R,I,P,R,S,P,Q,P,P,E,S,S,H,R,M,P,S,S,R,R,D,S,S,D,A,Q,S,V,A,S,Y,E,N,E,E,P,A,C,K,G,A,D,E,D,E,D,Q,-,-,N,E,G,Y,L,E,V,L,P,D,S,-,-,-,-,-,-,-,-,-,-,A,P,V,P,S,N,P,G,L,R,D,S,A,F,S,E,S,G,D,D,Y,V,N,V,P,E,S,G,G,S,A,D,A,S,L,D,G,S,R,E,Y,V,N,V,L,Q,E,L,P,V,-,E,S,R,S,Q,P,A,T,L,R,V,Q,E,V,E,E,E,E,P,P,D,Y,E,N,L,Q
Octodon_degus,-,-,-,-,-,-,-,-,-,-,L,G,L,L,L,L,P,L,V,A,G,L,M,V,L,C,V,R,C,R,E,L,S,Y,G,S,A,S,R,S,Q,T,E,S,I,L,F,K,P,P,T,L,A,P,W,Y,P,S,V,-,S,Y,P,P,P,S,Q,D,L,Q,H,I,P,R,F,H,Q,P,P,G,S,S,H,R,M,R,S,S,R,Q,D,S,D,G,A,N,S,V,A,S,Y,E,N,Q,E,L,A,C,E,D,P,E,-,D,K,D,D,Y,P,N,E,G,Y,V,V,V,L,P,D,G,A,P,A,T,S,T,G,D,P,A,A,P,V,P,S,N,P,G,L,R,D,S,A,F,S,E,S,-,K,H,Y,V,N,V,S,E,S,E,E,S,T,E,A,S,M,D,G,S,L,E,Y,V,N,V,S,Q,E,L,Q,-,-,-,-,-,-,-,-,A,T,L,S,A,R,E,V,E,D,E,E,A,P,D,Y,E,N,V,Q
Ovis_aries,M,E,A,V,S,L,P,V,Y,V,L,G,P,L,L,L,P,L,L,A,V,L,M,A,L,C,V,R,C,R,E,L,S,Y,D,T,A,V,S,L,T,P,S,S,I,M,I,K,L,P,T,L,V,P,R,-,-,-,-,T,P,Y,P,L,P,S,Q,D,L,L,P,I,P,R,S,P,Q,P,L,G,G,S,H,R,M,A,S,S,R,Q,D,S,D,S,A,N,S,V,A,S,Y,E,N,E,E,A,A,C,E,D,A,D,D,Y,D,E,D,Y,N,N,E,G,Y,L,V,V,L,P,D,R,D,P,A,T,S,T,A,V,S,Q,A,P,A,P,S,K,P,G,L,R,D,S,A,F,S,E,S,G,E,D,Y,V,N,V,P,E,S,E,E,S,A,D,A,S,L,N,G,S,R,E,Y,V,N,V,S,Q,E,L,Q,P,-,G,A,K,T,K,P,D,T,Q,N,S,Q,E,V,-,-,-,-,-,-,D,Y,E,N,L,-
Pan_paniscus,M,E,E,A,I,L,V,P,C,M,L,G,L,L,L,L,P,I,L,A,M,L,M,A,L,C,V,H,C,H,R,L,S,Y,D,S,T,S,S,L,Y,P,R,G,I,Q,F,K,R,P,T,V,A,P,W,Y,P,P,V,T,S,Y,P,P,L,S,Q,D,L,L,P,I,P,R,S,P,Q,P,L,G,G,S,H,R,T,P,S,S,R,Q,D,S,D,G,A,N,S,V,A,S,Y,E,N,E,E,P,A,C,E,D,A,D,E,D,E,D,D,Y,H,N,P,G,Y,L,V,V,L,P,D,S,T,P,A,T,S,T,A,A,P,S,A,P,A,L,S,T,P,G,I,R,D,S,A,F,S,E,S,I,D,D,Y,V,N,V,P,E,S,G,E,S,A,E,A,S,L,D,G,S,R,E,Y,V,N,V,S,Q,E,L,H,P,G,A,A,K,T,E,P,A,A,L,S,S,Q,E,A,E,E,E,G,A,P,D,Y,E,N,L,Q
Pan_troglodytes,M,E,E,A,I,L,V,P,C,M,L,G,L,L,L,L,P,I,L,A,M,L,M,A,L,C,V,H,C,H,R,L,S,Y,D,S,T,S,S,L,Y,P,R,G,I,Q,F,K,R,P,T,V,A,P,W,Y,P,P,V,T,S,Y,P,P,L,S,Q,D,L,L,P,I,P,R,S,P,Q,P,L,G,G,S,H,R,T,P,S,S,R,R,D,S,D,G,A,N,S,V,A,S,Y,E,N,E,E,P,A,C,E,D,A,D,E,D,E,D,D,Y,H,N,P,G,Y,L,V,V,L,P,D,S,T,P,A,T,S,T,A,A,P,S,A,P,A,L,S,T,P,G,I,R,D,S,A,F,S,E,S,I,D,D,Y,V,N,V,P,E,S,G,E,S,A,E,A,S,L,D,G,S,R,E,Y,V,N,V,S,Q,E,L,H,P,G,A,A,K,T,E,P,A,A,L,S,S,Q,E,A,E,E,E,G,A,P,D,Y,E,N,L,Q
Panthera_tigris_altaica,-,-,-,-,-,-,-,-,-,-,-,-,-,-,-,-,-,-,-,-,-,-,-,-,-,-,-,-,-,-,-,-,-,-,-,-,-,-,-,-,-,-,-,-,-,-,-,-,-,-,-,-,-,-,-,-,-,-,-,-,-,-,-,-,-,-,-,-,-,-,-,-,-,-,-,-,-,-,-,-,-,-,-,-,-,-,-,-,-,-,-,-,-,-,-,-,-,-,-,-,-,-,-,-,-,-,-,-,-,-,-,-,-,-,-,-,-,-,-,-,-,-,-,-,-,-,-,-,-,-,-,-,-,-,-,-,-,-,-,-,-,-,-,-,-,-,-,-,-,-,-,-,-,-,-,-,-,-,-,-,-,-,-,-,-,-,-,-,-,-,-,-,-,-,-,-,-,-,-,-,-,-,-,-,-,-,-,-,-,-,-,-,-,-,-,-,-,-,-,-,-,-,-,-,-,-,-,-,-,-,-,-,-,-,-,-,-
Papio_anubis,M,E,E,A,I,L,V,P,C,V,L,G,L,L,L,L,P,I,L,A,V,L,M,A,L,C,V,H,C,H,R,L,S,Y,D,S,A,S,S,L,Y,P,R,G,I,Q,I,K,R,P,T,V,A,P,W,Y,P,P,V,T,S,Y,P,P,L,N,Q,D,L,L,P,I,P,R,S,P,Q,P,L,G,G,S,H,R,T,P,S,S,R,R,D,S,D,G,A,N,S,V,A,S,Y,E,N,E,E,P,A,C,E,D,A,D,E,D,E,D,D,Y,H,N,P,G,Y,L,V,V,L,P,D,S,T,P,A,A,S,T,A,A,P,S,A,P,A,L,S,T,P,G,L,R,D,S,A,F,S,E,S,I,D,D,Y,V,N,V,P,E,S,G,E,S,A,E,A,S,L,D,G,S,R,E,Y,V,N,V,S,Q,E,L,H,P,G,A,A,K,T,E,P,A,A,L,S,S,Q,K,A,E,E,E,G,A,P,D,Y,E,N,L,Q
Piliocolobus_tephrosceles,M,E,E,A,I,L,V,P,C,V,L,G,L,L,L,L,P,I,L,A,M,L,M,A,L,C,V,H,C,H,R,L,S,Y,D,S,A,S,S,L,Y,P,R,G,I,Q,I,K,R,P,T,V,A,P,W,Y,P,P,V,T,S,Y,P,P,L,N,Q,D,L,L,P,I,P,R,S,P,Q,P,L,G,G,S,H,R,T,P,S,S,R,R,D,S,D,G,A,N,S,V,A,S,Y,E,N,E,E,P,A,C,E,D,A,D,E,D,E,D,D,Y,H,N,P,G,Y,L,V,V,L,P,D,S,T,P,A,A,S,T,A,A,P,S,A,P,A,L,S,T,P,G,L,R,D,S,A,F,S,E,S,I,D,D,Y,V,N,V,P,E,S,G,E,S,A,E,A,S,L,D,G,S,R,E,Y,V,N,V,S,Q,E,L,H,P,G,A,A,K,T,E,P,A,A,L,S,S,Q,K,A,E,E,E,G,A,P,D,Y,E,N,L,Q
Pongo_abelii,M,E,E,A,I,L,V,P,C,V,L,G,L,L,L,L,P,I,L,A,V,L,M,A,L,C,V,H,C,H,R,L,S,Y,D,S,T,S,S,L,Y,P,R,G,I,Q,F,K,R,P,T,V,A,P,W,Y,P,L,V,T,S,Y,P,P,L,S,P,D,L,L,P,I,P,R,S,P,Q,P,L,G,G,S,H,R,T,P,S,S,R,R,D,S,D,G,V,N,S,V,A,S,Y,E,N,E,E,P,A,C,E,D,A,D,E,D,E,D,D,Y,H,N,P,G,Y,L,V,V,L,P,D,S,T,P,A,A,S,T,A,A,P,S,A,P,A,L,S,T,P,G,I,R,D,S,A,F,S,E,S,I,D,D,Y,V,N,V,P,E,S,G,E,S,A,E,A,S,L,D,G,S,R,E,Y,V,N,V,S,Q,E,L,H,P,G,A,A,K,T,E,P,A,A,L,S,S,Q,E,A,E,E,E,G,A,P,D,Y,E,N,L,Q
Propithecus_coquereli,M,E,G,A,V,L,V,P,Y,V,L,G,L,L,L,L,P,L,L,A,V,L,L,A,L,C,V,R,C,R,K,L,S,Y,D,S,A,S,G,L,Y,P,R,S,I,L,I,K,P,S,T,P,A,P,W,Y,P,P,G,T,S,Y,L,P,P,S,Q,D,L,V,P,I,P,R,S,P,Q,P,P,G,G,S,H,R,M,P,S,S,R,Q,D,S,D,G,A,N,S,V,A,S,Y,E,N,E,E,P,P,R,E,D,A,N,E,D,E,D,D,Y,H,N,E,G,Y,L,V,V,L,P,D,S,T,P,A,A,S,T,A,A,-,-,A,P,A,P,S,K,P,G,L,R,D,S,A,F,S,E,S,S,E,D,Y,V,N,V,P,E,S,E,E,S,G,E,A,S,L,D,G,S,R,E,Y,V,N,V,S,Q,E,L,P,P,-,V,A,R,T,E,P,A,I,L,N,S,Q,E,M,E,E,E,G,A,P,D,Y,E,N,L,Q
Rhinopithecus_bieti,M,E,E,A,I,L,V,P,C,V,L,G,L,L,L,L,P,I,L,A,V,L,M,A,L,C,V,H,C,H,R,L,S,Y,D,S,A,S,S,L,Y,P,R,G,I,Q,I,K,R,P,T,V,A,P,W,Y,P,P,V,T,S,Y,P,P,L,N,Q,D,L,L,P,I,P,R,S,P,Q,P,L,G,G,S,H,R,T,P,S,S,R,Q,D,S,D,G,A,N,S,V,A,S,Y,E,N,E,E,P,A,C,E,D,A,D,E,D,E,D,D,Y,H,N,P,G,Y,L,V,V,L,P,D,S,T,P,A,A,S,T,A,A,P,S,A,P,A,L,S,T,P,G,L,R,D,S,A,F,S,E,S,I,D,D,Y,V,N,V,P,E,S,G,E,S,A,E,A,S,L,D,G,S,R,E,Y,V,N,V,S,Q,E,L,H,P,G,A,A,K,T,E,P,A,A,L,S,S,Q,K,A,E,E,E,G,A,P,D,Y,E,N,L,Q
Rhinopithecus_roxellana,M,E,E,A,I,L,V,P,C,V,L,G,L,L,L,L,P,I,L,A,V,L,M,A,L,C,V,H,C,H,R,L,S,Y,D,S,A,S,S,L,Y,P,R,G,I,Q,I,K,R,P,T,V,A,P,W,Y,P,P,V,T,S,Y,P,P,L,N,Q,D,L,L,P,I,P,R,S,P,Q,P,L,G,G,S,H,R,T,P,S,S,R,Q,D,S,D,G,A,N,S,V,A,S,Y,E,N,E,E,P,A,C,E,D,A,D,E,D,E,D,D,Y,H,N,P,G,Y,L,V,V,L,P,D,S,T,P,A,A,S,T,A,A,P,S,A,P,A,L,S,T,P,G,L,R,D,S,A,C,S,E,S,I,D,D,Y,V,N,V,P,E,S,G,E,S,A,E,A,S,L,D,G,S,R,E,Y,V,N,V,S,Q,E,L,H,P,G,A,A,K,T,E,P,A,A,L,S,S,Q,K,A,E,E,E,G,A,P,D,Y,E,N,L,Q
Saimiri_boliviensis_boliviensis,M,E,G,T,V,L,V,P,C,V,L,G,L,L,L,L,P,I,L,A,V,L,M,A,L,C,V,H,C,H,R,L,S,Y,D,S,T,S,S,L,Y,P,R,G,I,Q,I,K,R,P,T,L,A,P,R,Y,P,P,V,T,S,Y,P,P,L,S,Q,D,L,L,P,I,P,R,S,P,Q,P,P,G,G,S,H,R,T,P,S,S,R,R,D,S,D,G,A,N,S,V,P,S,Y,E,N,E,E,P,A,C,E,D,E,D,E,D,E,D,D,Y,H,N,P,G,Y,L,E,V,L,P,D,S,A,P,A,A,S,T,A,A,P,P,A,P,V,L,S,T,P,G,L,R,D,S,A,F,S,E,S,I,D,D,Y,V,N,V,P,E,S,G,E,S,A,E,A,S,L,D,G,S,R,E,Y,V,N,V,S,Q,E,L,H,P,G,G,A,K,T,E,A,A,T,L,S,S,Q,E,A,E,E,E,G,A,P,D,Y,E,N,L,Q
Sapajus_apella,M,E,E,T,I,L,V,P,C,V,L,G,L,L,L,L,P,I,L,A,V,L,M,V,L,C,V,H,C,H,R,L,S,Y,D,S,T,S,S,L,Y,P,R,G,I,Q,I,K,R,P,T,L,A,P,R,Y,P,P,V,T,S,Y,P,P,L,S,Q,D,L,L,P,I,P,R,S,P,Q,P,P,G,G,S,H,R,T,P,S,S,R,R,D,S,D,G,A,N,S,V,P,S,Y,E,N,E,E,P,A,C,E,D,A,D,E,D,E,D,D,Y,H,N,P,G,Y,L,V,V,L,P,D,S,A,P,A,T,S,T,A,A,P,P,A,P,A,L,S,T,P,G,L,R,D,S,A,F,S,E,S,I,D,D,Y,V,N,V,P,E,S,G,E,S,A,E,A,S,L,D,G,S,R,E,Y,V,N,V,S,Q,E,L,H,P,G,A,A,K,T,E,A,A,T,L,S,S,Q,E,A,E,E,E,G,A,P,D,Y,E,N,L,Q
Suricata_suricatta,M,E,A,V,V,L,M,P,Y,V,L,G,L,L,L,L,P,L,L,A,V,-,-,V,L,C,V,R,C,R,E,L,P,Y,D,S,T,D,S,A,T,P,-,S,I,V,I,K,R,P,M,L,A,T,W,Y,P,S,V,T,S,Y,P,S,L,S,Q,D,L,L,P,I,P,R,S,P,Q,P,P,G,G,S,H,R,M,P,S,C,R,Q,D,S,D,G,A,N,S,V,A,S,Y,E,N,E,E,P,P,C,E,D,D,D,E,-,E,E,D,Y,P,N,E,G,Y,L,E,V,L,P,D,G,A,P,A,T,S,T,A,V,P,P,A,P,A,P,S,N,P,G,L,R,D,S,A,F,S,E,S,G,E,D,Y,V,N,V,P,D,S,E,E,S,A,D,V,S,L,D,G,S,R,E,Y,V,N,V,S,Q,E,L,P,P,-,M,A,R,T,E,T,A,I,L,-,-,-,-,-,-,-,-,-,-,-,D,Y,E,N,L,Q
Theropithecus_gelada,M,E,E,A,I,L,V,P,C,V,L,G,L,L,L,L,P,I,L,A,V,L,M,A,L,C,V,H,C,H,R,L,S,Y,D,S,A,S,S,L,Y,P,R,G,I,Q,I,K,R,P,T,V,A,P,W,Y,P,P,V,T,S,Y,P,P,L,N,Q,D,L,L,P,I,P,R,S,P,Q,P,L,G,G,S,H,R,T,P,S,S,R,R,D,S,D,G,A,N,S,V,A,S,Y,E,N,E,E,P,A,C,E,D,A,D,E,D,E,D,D,Y,H,N,P,G,Y,L,V,V,L,P,D,S,T,P,A,A,S,T,A,A,P,S,A,P,A,L,S,T,P,G,L,R,D,S,A,F,S,E,S,I,D,D,Y,V,N,V,P,E,S,G,E,S,A,E,A,S,L,D,G,S,R,E,Y,V,N,V,S,Q,E,L,H,P,G,A,A,K,T,E,P,A,A,L,S,S,Q,K,A,E,E,E,G,A,P,D,Y,E,N,L,Q
Trachypithecus_francoisi,M,E,E,A,I,L,V,P,S,V,L,G,L,L,L,L,P,I,L,A,V,L,M,A,L,C,V,H,C,H,R,L,S,Y,D,S,A,S,S,L,Y,P,R,G,I,Q,I,K,R,P,T,V,A,P,W,Y,P,P,V,T,S,Y,P,P,L,N,Q,D,L,L,P,I,P,R,S,P,Q,P,L,G,G,S,H,R,T,P,S,S,R,Q,D,S,D,G,A,N,S,V,A,S,Y,E,N,E,E,P,A,C,E,D,A,D,E,D,E,D,D,Y,H,N,P,G,Y,L,V,V,L,P,D,S,T,P,A,A,S,T,A,A,P,S,A,P,A,L,S,T,P,G,L,R,D,S,A,F,S,E,S,I,D,D,Y,V,N,V,P,E,S,G,E,S,A,E,A,S,L,D,G,S,R,E,Y,V,N,V,S,Q,E,L,H,P,G,A,A,K,T,E,P,A,A,L,S,S,Q,K,A,E,E,E,G,A,P,D,Y,E,N,L,Q
Tupaia_chinensis,M,D,V,A,V,L,L,S,Y,L,L,G,L,L,L,L,P,L,L,V,V,L,M,A,L,C,A,R,C,R,D,L,S,Y,D,S,A,S,S,S,C,P,R,S,M,Q,I,K,P,S,T,L,A,P,W,Y,P,P,V,T,S,C,P,P,L,M,Q,D,L,L,S,I,P,R,S,P,Q,P,P,G,G,S,H,R,M,P,S,S,R,Q,D,S,D,G,A,N,S,V,A,S,Y,E,N,E,E,P,A,C,E,D,A,D,D,D,D,E,D,Y,H,N,E,G,Y,L,V,V,L,P,D,S,T,P,A,T,S,A,T,A,A,S,A,P,G,P,S,N,P,G,L,R,H,S,A,F,S,E,S,G,E,D,Y,V,N,V,P,E,S,E,E,S,A,E,A,S,L,D,G,S,R,E,Y,V,N,V,S,E,E,L,Q,P,-,A,V,R,T,E,P,A,T,P,S,S,Q,D,V,E,E,E,G,A,P,D,Y,E,N,L,Q
Urocitellus_parryii,M,E,V,A,G,L,T,P,Y,P,L,G,L,L,L,L,P,L,L,A,M,L,I,A,L,C,V,R,C,H,E,P,S,Y,D,S,A,P,S,S,N,P,T,S,I,L,I,K,P,P,T,P,V,P,W,Y,P,P,V,I,S,Y,P,P,P,S,Q,D,L,L,P,I,P,R,S,P,Q,P,P,V,G,S,H,R,M,P,P,S,Q,Q,D,S,D,G,A,N,S,T,A,S,Y,E,N,-,E,P,A,C,E,D,A,D,D,E,E,D,D,Y,H,N,P,G,Y,L,V,V,L,P,D,S,T,P,A,T,S,T,A,V,P,S,A,P,V,P,S,D,P,G,L,R,D,S,T,F,S,-,-,-,E,D,Y,V,N,V,P,E,S,G,E,S,A,E,A,S,L,D,G,S,R,E,Y,V,N,V,S,Q,E,L,E,S,-,E,A,P,A,E,P,A,P,L,S,S,Q,E,V,E,E,E,G,L,P,D,Y,E,N,L,Q
Ursus_americanus,M,E,V,V,V,L,I,P,Y,V,L,G,L,L,L,L,P,L,L,A,V,-,-,A,L,C,V,R,C,R,E,M,S,Y,D,T,G,A,S,L,T,P,-,S,I,M,L,K,R,P,T,V,V,P,W,Y,A,P,V,T,S,Y,P,P,L,S,Q,D,L,L,P,I,L,R,S,P,Q,P,-,-,-,-,H,R,M,P,S,S,R,Q,D,S,D,G,A,N,S,V,A,S,Y,E,N,E,E,P,A,C,E,D,D,D,-,-,E,E,D,Y,H,N,E,G,Y,L,E,V,L,P,D,S,T,P,A,T,S,T,A,V,A,P,A,P,V,P,S,N,P,G,L,R,D,S,A,F,S,E,S,G,E,D,Y,V,N,V,A,E,S,E,E,S,A,D,V,S,L,D,G,S,R,E,Y,V,N,V,S,Q,E,L,P,P,-,M,A,R,T,E,A,A,I,L,N,S,Q,K,V,E,E,E,G,A,P,D,Y,E,N,L,Q
Ursus_maritimus,M,E,V,I,V,L,I,P,Y,V,L,G,L,L,L,L,P,L,L,A,V,-,-,A,L,C,V,R,C,R,E,M,S,Y,D,T,G,A,S,L,T,P,-,S,I,M,L,K,R,P,T,V,V,P,W,Y,A,P,V,T,S,Y,P,P,L,S,Q,D,L,L,P,I,P,R,S,P,Q,P,-,-,-,-,H,R,M,P,S,S,R,Q,D,S,D,G,A,N,S,V,A,S,Y,E,N,E,E,P,A,C,E,D,D,D,-,-,E,E,D,Y,H,N,E,G,Y,L,E,V,L,P,D,S,T,P,A,T,S,T,A,V,A,P,A,P,V,P,S,N,P,G,L,R,D,S,A,F,S,E,S,G,E,D,Y,V,N,V,A,E,S,E,E,S,A,D,V,S,L,D,G,S,R,E,Y,V,N,V,S,Q,E,L,P,P,-,M,A,R,T,E,A,A,I,L,N,S,Q,K,V,E,E,E,G,A,P,D,Y,E,N,L,Q
Vicugna_pacos,M,E,A,V,S,L,S,P,Y,V,L,G,L,L,L,L,P,L,L,A,V,L,M,A,L,C,V,R,C,R,E,L,S,Y,D,T,A,A,S,L,T,P,S,S,I,V,I,K,R,P,T,L,A,P,W,Y,P,P,V,T,S,Y,P,P,L,N,Q,D,L,L,P,I,P,R,S,P,Q,P,P,G,G,S,H,R,M,P,S,S,R,Q,A,S,D,G,A,N,S,V,A,S,Y,E,N,E,E,P,V,C,E,D,E,D,E,D,E,E,D,Y,H,N,E,G,Y,L,V,V,L,P,D,S,V,P,A,T,G,T,T,V,P,P,A,P,V,S,N,N,P,G,P,R,D,S,A,F,S,E,S,G,E,D,Y,V,N,V,P,E,S,E,E,S,A,D,A,S,L,D,G,S,R,E,Y,V,N,V,S,Q,E,L,Q,P,-,V,A,G,T,K,P,A,T,P,G,S,R,E,V,-,-,-,-,-,-,D,Y,E,N,L,Q
Artibeus_jamaicensis,M,E,V,A,I,L,L,S,L,V,L,G,L,L,L,L,P,L,L,A,V,L,T,A,L,C,V,R,C,R,E,L,S,H,G,S,A,-,-,-,-,P,R,S,I,V,I,K,R,P,M,I,A,P,W,Y,P,P,V,T,S,C,L,S,L,S,Q,D,L,L,P,I,P,R,S,P,Q,P,P,G,G,S,H,Q,V,P,S,S,R,Q,D,S,D,G,A,N,S,V,A,S,Y,E,N,E,E,P,V,C,E,D,E,D,E,D,E,E,D,Y,H,T,E,G,Y,L,E,V,L,P,D,T,V,P,A,A,C,S,A,V,P,A,A,P,M,P,S,G,A,G,L,R,D,S,A,F,S,E,S,G,E,D,Y,V,N,I,P,E,S,E,E,S,A,D,A,S,L,-,-,-,-,-,-,-,-,-,-,-,-,-,-,-,-,-,-,-,-,-,-,-,-,-,-,-,-,-,-,-,-,-,-,-,-,-,-,-,-,-,-
Desmodus_rotundus,M,E,V,A,T,L,L,P,L,V,P,G,L,L,L,L,P,L,L,A,V,L,M,A,L,C,V,H,C,R,E,L,S,Y,D,S,A,A,-,-,-,-,-,S,I,T,I,K,P,P,T,I,A,T,W,Y,P,P,V,T,S,Y,P,S,L,S,Q,D,L,L,P,I,P,R,S,P,Q,P,P,G,G,S,H,Q,V,P,S,S,R,Q,D,S,D,G,A,N,S,V,A,S,Y,E,N,E,E,P,V,C,E,D,E,D,E,D,E,E,D,Y,H,N,E,G,Y,L,V,V,L,P,D,T,V,P,A,T,C,S,A,V,P,A,A,P,V,P,S,N,P,G,L,R,D,S,A,F,S,E,S,G,E,D,Y,V,N,V,P,E,S,E,E,S,A,D,A,S,L,D,G,S,R,E,Y,V,N,V,S,Q,E,L,Q,P,-,M,A,R,T,E,P,A,I,L,S,S,Q,E,A,E,E,E,G,A,P,D,Y,E,N,L,Q
Eptesicus_fuscus,M,E,A,A,I,L,L,P,L,V,L,G,L,L,L,L,P,L,L,A,V,L,M,A,L,C,V,R,C,R,E,L,A,Y,D,S,A,V,S,L,-,P,S,S,I,V,I,K,R,P,A,L,A,S,W,-,-,-,V,T,S,C,P,P,L,S,Q,D,L,L,P,I,P,R,S,P,Q,P,P,G,G,S,H,R,M,P,S,A,R,Q,D,S,D,G,T,N,S,V,A,S,Y,E,N,E,E,P,A,C,E,D,E,D,-,E,E,E,D,Y,H,N,E,G,Y,L,E,V,L,P,D,T,V,P,A,T,A,T,A,V,P,A,A,A,A,P,S,N,P,G,L,R,D,S,A,F,S,E,S,R,E,D,Y,V,N,V,P,E,S,E,E,S,A,D,A,S,L,D,G,S,R,E,Y,V,N,V,S,Q,D,L,Q,P,-,T,V,R,T,E,P,A,T,L,S,S,Q,E,A,E,E,E,G,A,P,D,Y,E,N,L,Q
Hipposideros_armiger,M,E,A,A,I,L,L,P,L,V,L,G,P,L,L,L,P,L,L,A,V,L,M,A,L,C,A,R,C,R,E,L,S,Y,D,S,V,A,S,L,T,P,S,S,I,M,I,K,R,P,T,F,T,P,W,Y,P,P,V,T,S,Y,P,P,L,S,H,D,L,L,P,I,P,R,S,P,Q,P,Q,V,G,S,H,R,T,P,S,S,R,Q,D,S,D,G,N,K,S,V,A,S,Y,E,N,E,E,P,G,Y,E,D,T,D,D,D,D,D,D,Y,H,N,P,G,Y,L,E,V,L,P,D,T,A,P,A,I,S,T,A,V,P,A,A,P,A,P,S,N,P,G,L,R,D,S,T,L,S,T,S,G,E,D,Y,V,N,V,-,E,S,E,G,N,A,D,A,S,L,D,G,S,R,E,Y,V,N,V,S,Q,E,L,Q,P,-,T,A,-,-,E,P,A,T,L,S,S,Q,E,A,E,E,E,G,A,P,D,Y,E,N,-,-
Miniopterus_natalensis,M,E,V,A,V,P,P,P,L,V,L,G,V,L,L,L,P,L,L,A,V,L,M,A,L,C,V,R,C,R,E,L,S,Y,D,S,A,V,S,L,-,P,S,S,I,M,I,K,R,P,T,L,A,P,W,Y,P,P,V,T,S,Y,P,P,L,S,Q,D,L,L,P,I,P,R,S,P,Q,P,P,G,G,S,H,R,M,P,S,S,R,Q,D,S,D,G,N,N,S,V,A,S,Y,E,N,-,E,P,A,C,E,D,E,D,E,D,E,E,D,Y,H,N,E,G,Y,L,E,V,L,P,D,T,V,P,A,P,C,T,T,V,P,A,A,A,V,P,S,N,P,G,L,R,D,S,A,F,S,E,S,G,E,D,Y,V,N,V,P,E,S,E,E,S,A,D,A,S,L,D,G,S,R,E,Y,V,N,V,S,Q,E,L,Q,P,-,T,A,R,T,E,P,A,S,S,S,S,Q,E,A,E,E,E,G,A,P,D,Y,E,N,L,Q
Molossus_molossus,M,E,L,A,I,P,L,P,L,V,L,G,L,L,L,L,P,L,L,A,V,L,M,A,L,C,V,R,C,R,E,L,-,-,D,S,A,A,S,L,-,P,S,S,I,V,I,K,R,P,T,L,A,P,W,Y,S,P,V,T,S,Y,P,P,L,S,Q,D,L,L,P,I,P,R,S,P,Q,P,P,G,G,S,H,R,M,P,S,S,R,Q,D,S,D,G,T,N,S,V,A,S,Y,E,N,E,E,P,A,C,E,D,E,D,E,D,-,E,D,C,H,N,E,G,Y,L,V,V,L,P,D,T,V,P,A,T,C,T,A,V,P,A,A,A,V,P,S,K,P,G,L,R,D,S,A,F,S,E,S,R,E,D,Y,V,N,V,P,E,S,E,E,S,A,D,A,S,L,D,G,S,R,E,Y,V,N,V,S,E,E,L,Q,P,-,T,A,R,T,E,P,A,T,L,S,S,Q,E,T,E,E,E,G,A,P,D,Y,E,N,L,-
Myotis_brandtii,M,E,A,A,I,L,L,P,L,A,L,G,L,L,L,L,P,L,L,A,V,L,M,A,L,C,V,R,C,R,E,L,T,Y,D,S,A,V,S,L,-,P,R,S,I,V,I,K,R,P,T,L,A,P,W,-,-,-,V,T,S,C,P,P,L,S,Q,D,L,L,P,I,P,R,S,P,Q,P,P,G,G,S,H,R,M,P,S,A,R,Q,D,S,D,G,T,N,S,V,A,S,Y,E,N,E,E,P,A,C,E,D,E,-,D,E,E,E,D,Y,H,N,E,G,Y,L,V,V,L,P,D,T,V,P,A,T,A,T,A,V,P,A,A,A,A,P,S,S,P,G,P,R,D,S,A,F,S,E,S,G,E,D,Y,V,N,V,P,E,S,E,E,S,A,D,A,S,L,-,-,-,-,-,-,-,-,-,-,-,-,-,-,-,-,-,-,-,-,-,-,-,-,-,-,-,-,-,-,-,-,-,-,-,-,-,-,-,-,-,-
Myotis_davidii,M,E,A,A,V,L,L,P,A,V,L,G,L,L,L,L,P,L,L,A,V,L,T,A,L,C,V,R,C,R,E,L,A,Y,D,S,A,V,S,L,-,P,R,S,I,M,I,K,R,P,T,L,A,P,W,-,-,-,V,T,S,C,P,P,L,S,Q,D,L,L,P,I,P,R,S,P,Q,P,P,G,G,S,H,R,M,P,S,A,R,Q,D,S,D,G,T,N,S,V,A,S,Y,E,N,E,E,P,A,C,E,D,E,-,-,D,E,E,D,Y,H,N,E,G,Y,L,V,V,L,P,D,T,V,P,A,T,A,T,A,V,P,A,A,A,A,P,S,N,P,G,P,R,D,S,A,F,S,E,S,G,E,D,Y,V,N,V,P,E,S,E,E,S,A,D,A,S,L,-,-,-,-,-,-,-,-,-,-,-,-,-,-,-,-,-,-,-,-,-,-,-,-,-,-,-,-,-,-,-,-,-,-,-,-,-,-,-,-,-,-
Myotis_lucifugus,M,E,A,A,I,L,L,P,L,A,L,G,L,L,L,L,P,L,L,A,V,L,M,A,L,C,V,R,C,R,E,L,T,Y,D,S,A,V,S,L,-,P,R,S,I,V,I,K,R,P,T,L,A,P,W,-,-,-,V,T,S,C,P,P,L,S,P,D,L,L,P,I,P,R,S,P,Q,P,P,G,G,S,H,R,M,P,S,A,R,Q,D,S,D,G,T,N,S,V,A,S,Y,E,N,E,E,P,A,C,E,D,E,-,D,E,E,E,D,Y,H,N,E,G,Y,L,V,V,L,P,D,T,V,P,A,T,A,T,A,V,P,A,A,A,A,P,S,S,P,G,P,R,D,S,A,F,S,E,S,G,E,D,Y,V,N,V,P,E,S,E,E,S,A,D,A,S,L,D,G,S,R,E,Y,V,N,V,S,Q,E,L,Q,P,-,T,V,R,T,E,P,A,T,L,A,S,Q,E,A,E,E,E,G,A,P,D,Y,E,N,L,Q
Myotis_myotis,M,E,A,A,V,L,L,P,M,V,L,G,L,L,L,L,P,L,L,A,V,L,M,A,L,C,V,R,C,R,E,L,A,Y,D,S,A,V,S,L,-,P,R,S,I,M,I,K,R,P,T,L,A,P,W,-,-,-,V,T,S,C,P,P,L,S,Q,D,L,L,P,I,P,R,S,P,Q,P,P,G,G,S,H,R,M,P,S,A,R,Q,D,S,D,G,T,N,S,V,A,S,Y,E,N,E,E,P,A,C,E,D,E,-,-,D,E,E,D,Y,H,N,E,G,Y,L,V,V,L,P,D,T,V,P,A,T,A,T,A,V,P,A,A,A,A,P,S,N,P,G,S,R,D,S,A,F,S,E,S,G,E,D,Y,V,N,V,P,E,S,E,E,S,A,D,A,S,L,D,G,S,R,E,Y,V,N,V,S,Q,D,L,Q,P,-,A,V,R,T,E,P,A,T,L,A,S,Q,E,A,E,E,E,G,A,P,D,Y,E,N,L,Q
Phyllostomus_discolor,M,E,V,A,I,L,L,P,L,V,L,G,L,L,L,L,P,L,L,A,V,L,T,A,L,C,V,R,C,R,E,L,S,D,D,S,G,A,S,G,T,L,H,R,I,V,I,K,R,P,M,I,T,S,W,Y,P,S,F,T,S,H,P,S,L,S,Q,D,L,L,P,M,P,R,S,P,Q,P,P,G,G,S,H,Q,V,S,S,S,R,Q,D,S,D,G,A,N,S,V,A,S,Y,E,N,E,E,P,V,C,E,D,E,D,E,D,E,E,D,Y,H,N,E,G,Y,L,V,V,L,P,D,T,V,P,A,T,C,S,A,A,K,A,A,P,M,P,S,N,P,G,L,R,D,S,A,F,S,E,L,G,E,D,Y,V,N,V,P,E,S,E,E,S,A,D,A,S,L,D,G,S,R,E,Y,V,N,V,S,Q,E,L,Q,P,-,A,A,R,T,E,P,A,I,L,S,S,Q,E,A,E,E,E,G,A,P,D,Y,E,N,L,-
Phyllostomus_hastatus,M,E,V,A,I,L,L,P,L,V,L,G,L,L,L,L,P,L,L,A,V,L,T,A,L,C,V,R,C,R,E,L,S,D,D,P,A,T,S,G,T,L,H,R,I,V,I,K,R,P,-,-,-,-,-,Y,P,S,V,T,S,H,P,S,L,S,Q,D,L,L,P,M,P,R,S,P,Q,P,P,G,G,S,H,Q,V,S,S,S,R,Q,D,S,D,G,A,N,S,V,A,S,Y,E,N,E,E,P,V,C,E,D,E,D,E,D,E,E,D,Y,H,N,E,G,Y,L,V,V,L,P,D,T,V,P,A,A,C,S,A,A,K,A,A,P,V,P,S,N,P,G,L,R,D,S,A,F,S,E,S,G,E,D,Y,V,N,V,P,E,S,E,E,S,A,D,A,S,L,D,G,S,R,E,Y,V,N,V,S,Q,E,L,Q,P,-,T,A,R,T,E,P,A,I,L,S,S,Q,E,A,E,E,E,G,A,P,D,Y,E,N,L,Q
Pipistrellus_kuhlii,M,E,A,A,I,L,L,P,P,V,L,G,L,L,L,L,P,L,L,A,V,L,L,A,L,C,V,R,C,R,E,L,A,Y,D,S,A,V,S,L,-,P,S,S,I,V,I,K,R,P,T,L,A,P,W,-,-,-,V,T,S,C,P,P,L,S,Q,D,L,L,P,I,P,R,S,P,R,P,P,G,G,S,H,R,M,P,S,A,R,Q,D,S,D,G,T,N,S,V,A,S,Y,E,N,E,E,P,A,C,E,D,D,D,-,D,E,E,D,Y,H,N,E,G,Y,L,E,V,L,P,D,T,V,P,A,T,A,T,A,V,P,A,A,A,A,P,S,N,P,G,L,R,D,S,A,F,S,E,S,G,E,D,Y,V,N,V,P,E,S,E,E,S,A,D,L,S,L,D,G,S,R,E,Y,V,N,V,S,E,D,L,Q,P,-,T,E,R,T,E,A,A,T,L,S,S,Q,E,A,E,E,E,G,A,P,D,Y,E,N,L,Q
Rhinolophus_ferrumequinum,M,E,A,A,V,L,L,S,L,V,L,G,P,L,L,L,P,L,L,A,V,L,M,A,L,C,V,R,C,R,E,L,S,Y,D,S,V,P,S,L,T,P,S,S,I,M,I,K,R,P,T,L,A,P,W,Y,P,P,V,T,S,Y,P,P,L,S,Q,D,L,L,P,I,P,R,S,P,Q,P,P,G,G,S,H,R,M,P,S,S,R,Q,D,S,D,G,A,N,S,V,A,S,Y,E,N,E,E,P,V,C,E,D,D,D,E,D,E,E,D,Y,H,N,E,G,Y,L,E,V,L,P,D,T,A,P,A,T,G,T,A,V,P,A,A,P,V,P,S,N,P,G,L,R,D,S,A,F,S,E,S,G,E,D,Y,V,N,Y,P,E,S,E,G,S,A,Q,A,S,L,D,G,S,R,E,Y,V,N,V,S,Q,E,L,Q,P,-,T,S,R,T,K,T,A,A,L,S,S,Q,E,A,E,E,E,A,A,P,D,Y,E,N,L,-
Sorex_araneus,M,D,A,A,V,L,G,P,Y,A,L,G,L,A,L,L,P,L,L,L,L,L,L,A,L,C,L,R,C,R,-,-,-,-,-,-,-,-,-,-,-,-,S,S,L,V,L,K,P,P,T,F,V,P,-,-,P,P,V,T,V,-,-,-,L,S,H,D,L,-,-,-,-,R,S,P,Q,P,L,G,G,S,R,C,A,P,S,S,R,Q,D,S,D,G,A,D,S,V,A,S,Y,E,N,-,-,-,-,-,-,-,-,D,E,D,E,E,D,H,-,N,G,G,Y,L,V,V,L,P,D,D,V,P,A,A,G,T,A,V,Q,P,A,P,K,A,S,K,P,G,F,R,D,S,A,V,S,E,S,G,E,D,Y,V,N,I,Q,E,S,E,E,S,A,D,A,S,L,D,G,S,R,E,Y,V,N,V,S,Q,E,L,P,-,-,-,-,-,-,-,-,-,-,-,-,-,-,-,-,-,-,-,-,-,-,-,-,-,-,-,-
Sturnira_hondurensis,-,-,-,-,-,-,-,-,-,-,-,-,-,-,-,-,-,-,-,-,-,-,-,-,-,-,-,-,-,-,-,-,-,-,-,-,-,-,-,-,-,-,-,-,-,-,-,-,-,-,-,-,-,-,-,-,-,-,-,-,-,-,-,-,-,-,-,-,-,-,-,-,-,-,-,-,-,-,-,-,-,-,-,-,-,-,-,-,-,-,-,-,-,-,-,-,-,-,-,-,-,-,-,-,-,-,-,-,-,-,-,-,-,-,-,-,-,-,-,-,-,-,-,-,-,-,-,-,-,-,-,-,-,-,-,-,-,-,-,-,-,-,-,-,-,-,-,-,-,-,-,-,-,-,-,-,-,-,-,-,-,-,-,-,-,-,-,-,-,-,-,-,-,-,-,-,-,-,-,-,-,-,-,-,-,-,-,-,-,-,-,-,-,-,-,-,-,-,-,-,-,-,-,-,-,-,-,-,-,-,-,-,-,-,-,-,-
Pteropus_alecto,M,E,A,V,I,L,L,P,L,V,L,G,F,L,L,L,P,L,L,A,V,L,M,A,L,C,V,H,C,R,E,L,S,Y,D,S,A,A,S,S,I,P,H,S,I,I,I,K,R,P,T,L,A,P,W,Y,P,P,V,T,S,Y,P,P,L,S,Q,D,L,L,P,I,P,R,S,P,Q,P,P,G,G,S,H,R,M,P,S,S,R,Q,D,S,D,G,A,N,S,V,A,S,Y,E,N,D,E,P,A,C,E,D,E,D,E,D,-,E,D,Y,H,N,E,G,Y,L,V,V,L,P,D,T,A,P,A,T,G,T,T,V,S,S,A,P,A,P,S,N,P,G,L,R,D,S,A,F,S,E,S,G,E,D,Y,V,N,I,P,E,S,E,E,S,A,D,A,S,L,D,G,S,R,E,Y,V,N,V,S,Q,E,L,Q,P,-,T,A,R,T,K,P,A,T,P,S,S,Q,K,V,E,E,E,G,A,P,D,Y,E,N,L,-
Pteropus_giganteus,M,E,A,V,I,L,L,P,L,V,L,G,F,L,L,L,P,L,L,A,V,L,M,A,L,C,V,H,C,R,E,L,S,Y,D,S,A,A,S,S,I,P,H,S,I,I,I,K,R,P,T,L,A,P,W,Y,P,P,V,T,S,Y,P,P,L,S,Q,D,L,L,P,I,P,R,S,P,Q,P,P,G,G,S,H,R,M,P,S,S,R,Q,D,S,D,G,A,N,S,V,A,S,Y,E,N,D,E,P,A,C,E,D,E,D,E,D,-,E,D,Y,H,N,E,G,Y,L,V,V,L,P,D,T,A,P,A,T,G,T,T,V,S,S,A,P,A,P,S,N,P,G,L,R,D,S,A,F,S,E,S,G,E,D,Y,V,N,I,P,E,S,E,E,S,A,D,A,S,L,D,G,S,R,E,Y,V,N,V,S,Q,E,L,Q,P,-,T,A,R,T,K,P,A,T,P,S,S,Q,K,V,E,E,E,G,A,P,D,Y,E,N,L,-
Pteropus_vampyrus,M,E,A,V,I,L,L,P,L,V,L,G,F,L,L,L,P,L,L,A,V,L,M,A,L,C,V,H,C,R,E,L,S,Y,D,S,A,A,S,S,I,P,H,S,I,I,I,K,R,P,T,L,A,P,W,Y,P,P,V,T,S,Y,P,P,L,S,Q,D,L,L,P,I,P,R,S,P,Q,P,P,G,G,S,H,R,M,P,S,S,R,Q,D,S,D,G,A,N,S,V,A,S,Y,E,N,D,E,P,A,C,E,D,E,D,E,D,-,E,D,Y,H,N,E,G,Y,L,V,V,L,P,D,T,A,P,A,T,G,T,T,V,S,S,A,P,A,P,S,N,P,G,L,R,D,S,A,F,S,E,S,G,E,D,Y,V,N,I,P,E,S,E,E,S,A,D,A,S,L,D,G,S,R,E,Y,V,N,V,S,Q,E,L,Q,P,-,T,A,R,T,K,P,A,T,P,S,S,Q,K,V,E,E,E,G,A,P,D,Y,E,N,L,-
Rousettus_aegyptiacus,M,E,A,A,I,L,L,P,L,V,L,G,L,L,L,L,P,L,L,A,V,L,M,A,L,C,V,H,C,R,E,L,S,Y,D,S,A,A,S,S,I,P,H,S,I,I,I,K,R,P,T,L,N,P,W,-,-,-,-,T,S,Y,P,P,L,S,Q,D,L,L,P,I,P,R,S,P,Q,P,P,G,V,S,H,R,M,P,S,S,R,Q,D,S,D,G,A,N,S,V,A,S,Y,E,N,D,E,P,A,C,E,D,E,D,K,D,E,D,D,H,-,-,-,G,Y,L,V,V,L,P,D,T,A,P,A,T,-,-,-,V,P,S,P,P,V,P,S,S,L,G,L,R,D,S,A,F,S,E,S,G,E,D,Y,V,N,V,P,E,S,E,E,S,A,D,A,S,L,D,G,S,R,E,Y,V,N,V,S,Q,E,L,Q,P,-,T,A,R,T,K,P,A,T,P,S,S,Q,E,V,E,E,E,G,A,P,D,Y,E,N,L,Q
Ailuropoda_melanoleuca,M,E,V,V,V,L,I,P,Y,V,L,G,L,L,L,L,P,L,L,A,V,-,-,A,L,C,V,R,C,R,E,M,S,Y,D,T,G,A,S,L,T,P,-,S,I,V,L,K,R,P,T,V,V,P,W,Y,A,P,V,T,S,Y,P,P,L,S,Q,D,L,L,P,I,P,R,S,P,Q,P,-,-,-,-,H,R,M,P,S,S,R,Q,D,S,D,G,A,N,S,V,A,S,Y,E,N,E,E,P,V,C,E,D,D,D,-,-,E,E,D,Y,H,N,E,G,Y,L,E,V,L,P,D,S,T,P,T,T,S,T,A,V,A,P,A,P,V,P,S,N,P,G,L,R,D,S,A,F,S,E,S,G,E,D,Y,V,N,V,A,E,S,E,E,S,A,N,V,S,L,D,G,S,R,E,Y,V,N,V,S,Q,E,L,P,P,-,M,A,R,T,Q,P,A,I,L,N,S,Q,K,V,E,E,E,G,A,P,D,Y,E,N,L,Q
Antechinus_flavipes,M,E,T,T,S,L,G,P,S,L,L,W,L,L,V,L,L,F,P,A,L,V,T,A,L,C,L,C,C,R,D,F,-,-,-,-,-,-,-,-,-,-,-,-,-,-,-,-,-,-,-,-,-,-,-,-,-,-,-,-,-,-,-,-,-,-,-,D,L,L,P,I,P,R,S,P,Q,P,P,E,P,S,R,R,I,P,S,S,R,R,D,V,D,-,T,R,S,E,P,S,Y,E,N,E,E,P,-,-,E,D,A,-,-,E,E,D,D,Y,H,N,E,G,Y,L,I,V,L,P,D,-,-,-,-,-,-,-,-,-,-,-,-,-,-,-,-,-,P,G,L,R,E,S,P,S,S,L,C,G,E,D,Y,V,N,V,S,A,-,S,E,S,T,E,V,S,L,G,G,S,C,E,Y,V,N,V,-,-,-,-,-,-,-,-,-,-,-,-,-,-,-,-,-,-,-,-,-,-,E,E,E,G,P,D,Y,E,N,V,Q
Aotus_nancymaae,M,E,E,T,I,L,V,P,C,V,L,G,L,L,L,L,P,I,L,A,V,L,M,A,L,C,V,H,C,H,R,L,S,Y,D,S,T,S,S,L,Y,P,R,G,I,Q,I,K,R,P,T,L,A,P,R,Y,P,P,V,T,S,Y,P,A,L,S,Q,D,L,L,P,I,P,R,S,P,Q,P,P,G,G,S,H,R,T,P,S,S,R,R,D,S,D,G,A,N,S,V,P,S,Y,E,N,E,E,P,A,C,E,D,A,D,E,D,E,D,D,Y,R,N,P,G,Y,L,V,V,L,P,-,S,A,P,A,A,S,T,A,A,P,P,A,P,W,L,S,-,P,G,L,R,D,S,A,F,S,E,S,I,D,D,Y,V,N,V,P,E,S,G,E,S,A,E,A,S,L,D,G,S,R,E,Y,V,N,V,S,Q,E,L,H,P,G,V,A,K,M,E,A,A,T,L,S,S,Q,E,V,E,E,E,G,A,P,D,Y,E,N,L,Q
Apodemus_sylvaticus,M,E,A,D,S,L,S,P,V,G,L,G,L,L,L,L,P,F,L,V,T,L,A,A,L,C,V,R,C,R,E,L,S,Y,D,S,A,S,S,L,Y,P,R,S,I,L,I,K,P,P,I,T,V,P,R,Y,P,L,V,T,S,F,P,P,L,R,Q,D,L,L,P,I,P,R,S,P,Q,P,L,A,G,S,H,R,M,P,S,S,R,Q,N,S,D,D,V,N,S,V,A,S,Y,E,N,Q,E,P,A,C,K,N,V,D,-,-,-,-,-,-,-,-,-,G,Y,L,E,V,L,P,D,S,S,P,A,A,G,P,V,V,S,S,A,P,V,P,S,N,P,D,L,G,D,S,A,F,S,E,L,C,E,D,Y,V,N,V,P,E,S,E,E,S,A,E,A,S,L,D,G,S,R,E,Y,V,N,V,S,Q,E,P,Q,P,-,V,T,R,V,E,L,A,S,V,N,S,Q,E,V,-,-,E,E,A,P,D,Y,E,N,L,Q
Arvicola_amphibius,-,-,-,-,-,-,-,-,-,-,-,-,-,-,-,-,-,-,-,-,-,-,-,-,-,-,-,-,-,-,-,-,-,-,-,-,-,-,-,-,-,-,-,-,-,-,-,-,-,-,-,-,-,-,-,Y,P,P,V,A,S,F,P,P,L,M,Q,D,L,-,-,-,-,R,S,P,Q,P,-,-,-,-,-,-,-,-,-,-,-,Q,D,S,N,D,A,N,S,V,A,S,Y,E,N,Q,E,P,A,S,K,N,E,D,E,E,D,-,-,-,-,-,-,-,-,-,-,-,-,-,-,-,-,-,-,-,-,-,-,-,-,-,-,-,-,-,-,-,-,-,-,-,-,-,-,-,-,-,-,-,-,-,-,-,-,-,-,-,-,-,-,-,-,-,-,-,-,-,-,-,-,-,-,-,-,-,-,-,-,-,-,-,-,-,-,-,-,-,-,-,-,-,-,-,-,-,-,-,-,-,-,-,-,-,-,-,-,-,-
Callorhinus_ursinus,-,-,-,-,-,-,-,-,-,-,-,-,-,-,-,-,-,-,-,-,-,-,-,-,-,-,-,-,-,-,-,-,-,-,-,-,-,-,-,-,-,-,-,-,-,-,-,-,-,-,-,-,-,-,-,-,-,-,-,-,-,-,-,-,-,-,-,-,-,-,-,-,-,-,-,-,-,-,-,-,-,-,-,-,-,-,-,-,-,-,-,-,-,-,-,-,-,-,-,-,-,-,-,-,-,-,-,-,-,-,-,-,-,-,-,-,-,-,-,-,-,-,-,-,-,-,-,-,-,-,-,-,-,-,-,-,-,-,-,-,-,-,-,-,-,-,-,-,-,-,-,-,-,-,-,-,-,-,-,-,-,-,-,-,-,-,-,-,-,-,-,-,-,-,-,-,-,-,-,-,-,-,-,-,-,-,-,-,-,-,-,-,-,-,-,-,-,-,-,-,-,-,-,-,-,-,-,-,-,-,-,-,-,-,-,-,-
Canis_lupus_dingo,M,E,A,V,V,L,I,P,Y,M,L,G,L,L,L,L,P,L,L,A,V,-,-,V,L,C,V,R,C,R,E,L,S,Y,D,S,T,A,S,L,T,P,S,S,I,V,I,K,R,P,T,V,V,P,W,Y,G,P,V,T,S,Y,P,P,L,S,Q,D,L,L,P,I,P,R,S,P,Q,P,P,G,G,S,H,R,M,P,S,S,R,Q,D,S,D,G,A,N,S,V,A,S,Y,E,N,E,-,-,-,C,E,D,N,D,E,-,E,E,E,Y,H,N,E,G,Y,L,E,V,L,P,D,S,T,P,A,T,G,T,A,V,P,P,A,P,V,P,S,N,P,S,L,R,D,S,A,F,S,E,S,G,E,D,Y,V,N,V,P,E,S,K,E,S,A,N,A,S,L,D,G,S,R,E,Y,V,N,V,S,Q,E,L,P,S,-,L,A,G,T,D,P,A,I,L,S,S,Q,E,V,E,E,E,G,A,P,D,Y,E,N,L,Q
Carlito_syrichta,-,-,-,-,-,-,-,-,-,V,L,G,L,L,L,L,P,L,L,T,V,L,M,V,L,C,V,R,C,R,R,L,-,-,-,-,-,-,-,-,-,-,-,-,-,-,-,-,-,-,T,V,V,P,W,Y,-,-,-,-,-,-,P,P,V,S,P,D,L,L,P,I,P,R,S,P,Q,P,P,G,G,S,H,Q,M,P,S,S,R,Q,D,S,D,G,A,N,S,V,A,S,Y,E,N,E,A,P,A,C,E,D,A,D,E,D,E,E,D,Y,P,N,E,G,Y,L,E,V,L,P,D,S,T,P,A,I,S,T,A,T,P,L,A,S,V,P,S,K,A,G,L,R,D,S,A,F,S,E,S,S,E,D,Y,V,N,V,P,E,S,E,E,S,A,E,A,S,L,D,G,S,R,E,Y,V,N,V,S,Q,E,L,Q,P,-,A,A,R,T,E,P,A,T,L,S,S,Q,E,V,E,E,D,G,A,P,D,Y,E,N,L,Q
Castor_canadensis,M,E,A,N,S,L,T,P,F,A,L,G,L,L,L,L,P,V,L,A,T,L,A,A,L,C,V,R,C,R,E,L,S,Y,D,T,D,S,S,L,Y,P,R,S,I,L,I,K,P,P,T,L,A,P,W,H,P,P,V,S,S,C,L,P,L,S,Q,D,L,L,P,I,P,R,S,P,Q,P,L,G,G,S,H,R,L,P,S,S,Q,Q,D,S,D,G,A,N,S,V,A,S,Y,E,N,Q,E,P,A,C,E,D,A,D,E,D,E,D,D,Y,P,-,E,G,Y,L,V,V,L,P,D,S,T,P,A,T,S,T,S,V,P,S,A,P,V,T,S,N,P,G,L,R,D,S,A,F,S,E,F,G,E,D,Y,V,N,V,L,E,S,E,E,S,A,E,A,S,L,D,G,S,R,E,Y,V,N,V,S,Q,E,L,H,P,-,G,T,R,T,E,A,A,A,L,S,S,Q,E,V,-,-,E,G,A,P,D,Y,E,N,V,-
Cavia_porcellus,-,-,-,-,-,-,-,-,-,-,L,G,L,L,L,L,P,L,I,A,M,L,M,V,L,C,V,R,C,R,E,L,S,Y,G,S,A,S,-,-,-,-,-,-,-,-,-,-,-,-,-,-,-,-,-,-,-,-,-,-,-,-,P,H,L,S,Q,D,L,L,H,I,P,R,S,P,Q,L,L,L,G,S,H,R,M,P,S,S,Q,Q,D,S,D,G,A,N,S,V,A,S,Y,E,N,-,-,-,A,C,E,D,A,D,E,D,E,E,D,Y,P,N,E,G,Y,V,E,V,L,P,D,S,T,P,A,T,S,T,G,V,P,S,A,P,V,P,S,N,P,G,L,R,D,S,A,F,S,E,S,-,R,D,Y,V,N,V,P,E,S,E,E,S,A,E,A,S,L,D,G,S,L,E,Y,V,N,V,S,Q,E,L,Q,P,-,L,P,G,T,E,P,A,T,L,S,S,Q,E,V,E,D,E,E,A,P,D,Y,E,N,V,Q
Cervus_elaphus_hippelaphus,-,-,-,-,-,-,-,-,-,-,-,-,-,-,-,-,-,-,-,-,-,-,-,-,-,-,-,-,-,-,-,-,-,-,-,-,-,-,-,-,-,-,-,-,-,-,-,-,-,-,-,-,-,-,-,-,-,-,-,-,-,-,-,-,-,-,-,-,-,-,-,-,-,-,-,-,-,-,-,-,-,-,-,-,-,-,-,-,-,-,-,-,-,-,-,-,-,-,-,-,-,-,-,-,-,-,-,-,-,-,-,-,-,-,-,-,-,-,-,-,-,-,-,-,-,-,-,-,-,-,-,-,-,-,-,-,-,-,-,-,-,-,-,-,-,-,-,-,-,-,-,-,-,-,-,-,-,-,-,-,-,-,-,-,-,-,-,-,-,-,-,-,-,-,-,-,-,-,-,-,-,-,-,-,-,-,-,-,-,-,-,-,-,-,-,-,-,-,-,-,-,-,-,-,-,-,-,-,-,-,-,-,-,-,-,-,-
Chinchilla_lanigera,-,-,-,-,-,-,-,-,-,-,L,G,L,L,L,L,P,L,V,A,M,L,T,V,L,C,V,R,C,R,E,L,S,Q,T,E,S,S,-,-,-,-,-,-,I,L,F,K,P,-,T,L,A,P,W,-,-,-,-,-,-,Y,P,P,P,S,Q,D,L,L,H,I,Q,R,S,P,Q,P,P,G,G,S,H,R,M,P,S,S,R,Q,D,S,D,G,A,N,S,V,A,S,Y,E,N,Q,E,P,P,C,E,D,A,D,D,E,E,D,D,Y,R,N,E,G,Y,V,E,V,L,P,D,S,T,P,A,T,G,A,G,V,P,S,A,P,V,P,S,N,P,G,L,R,D,S,A,F,S,E,S,-,R,E,Y,V,N,V,S,E,S,E,E,S,T,E,A,S,L,D,G,S,L,E,Y,V,N,V,S,Q,E,L,H,P,-,V,A,G,T,E,P,A,S,L,S,S,P,E,V,E,E,E,E,V,P,D,Y,E,N,V,Q
Choloepus_didactylus,M,E,A,A,I,L,G,P,T,V,L,G,L,L,L,L,P,I,L,A,V,L,M,A,L,C,L,H,C,R,E,L,S,Y,D,S,A,S,S,L,Y,P,G,N,M,L,I,K,R,P,T,L,A,P,W,-,P,P,V,T,S,Y,P,P,L,S,Q,D,L,L,P,I,P,R,S,P,Q,P,P,G,G,S,H,Q,V,S,S,T,Q,Q,D,T,N,S,A,N,S,V,V,S,Y,E,N,E,-,-,A,C,E,D,A,D,D,D,E,D,D,Y,H,N,E,G,Y,L,E,V,L,P,D,S,T,P,A,P,S,A,A,V,P,P,A,P,A,P,S,N,P,G,L,R,D,S,A,F,S,E,L,G,E,D,Y,V,N,V,P,E,S,E,D,S,A,E,A,S,L,G,G,S,R,E,Y,V,N,V,P,E,E,L,Q,P,-,T,A,R,T,K,T,A,T,L,S,S,Q,E,V,E,E,E,G,A,P,D,Y,E,N,L,Q
Cricetulus_griseus,M,E,A,D,T,L,S,P,M,G,L,G,L,L,L,L,P,V,L,V,T,L,A,A,L,C,V,R,C,R,E,L,S,Y,D,S,A,S,S,L,Y,P,R,S,I,L,I,K,P,S,T,G,F,P,R,Y,P,L,V,T,S,F,P,P,L,R,Q,D,L,L,P,I,P,R,S,P,Q,P,L,G,G,S,H,Q,M,P,S,S,R,Q,D,S,D,D,A,N,S,V,A,S,Y,E,N,Q,E,P,A,C,E,N,A,D,E,D,E,D,D,Y,P,N,E,G,Y,L,E,V,L,P,D,S,T,P,A,A,I,P,V,V,S,S,A,P,V,P,S,N,P,G,L,R,D,S,A,F,S,E,S,G,E,D,Y,V,N,V,P,E,S,E,E,S,A,E,A,S,L,D,G,S,R,E,Y,V,N,V,S,Q,E,L,Q,P,-,V,T,G,A,E,L,D,T,M,K,S,Q,V,V,-,-,E,E,A,P,D,Y,E,N,L,Q
Dasypus_novemcinctus,-,-,-,-,-,-,-,-,-,-,-,-,-,-,-,-,-,-,-,-,-,-,-,-,-,-,-,-,-,-,-,-,S,Y,D,S,A,S,S,L,Y,P,S,N,M,L,I,K,R,P,T,L,A,P,W,-,P,P,V,T,S,Y,P,P,L,S,Q,D,L,L,P,I,P,R,S,P,Q,P,P,G,G,A,H,R,V,P,S,S,Q,Q,D,T,N,S,A,N,S,V,A,S,Y,E,N,E,E,L,A,C,E,D,A,D,E,E,E,E,D,Y,H,N,E,G,Y,L,E,V,L,P,D,S,T,P,A,P,G,T,A,L,P,P,P,S,A,P,V,N,P,G,L,R,D,S,T,F,S,E,L,G,E,D,Y,V,N,V,P,E,S,E,E,S,A,E,A,S,L,D,G,S,R,E,Y,V,N,V,S,E,E,L,Q,P,-,T,N,R,T,K,T,A,T,P,S,A,R,E,A,-,-,-,-,-,-,D,Y,E,N,L,N
Dipodomys_ordii,M,E,T,N,G,L,T,P,F,A,L,G,L,L,L,L,P,V,L,T,T,L,A,A,L,C,A,R,C,R,E,L,S,N,D,M,D,S,S,L,Y,P,R,S,I,L,I,K,P,P,-,-,-,-,-,Y,P,P,V,I,S,Y,P,P,L,T,R,D,Q,L,P,I,P,R,S,P,Q,P,F,G,A,S,H,R,L,P,S,P,Q,Q,D,S,D,G,A,N,S,V,A,S,Y,E,N,Q,E,P,V,C,E,D,E,D,E,D,E,N,D,Y,P,N,E,G,Y,L,V,V,L,P,D,S,T,P,A,T,N,P,A,G,P,S,A,P,G,P,S,S,S,G,L,R,D,S,A,F,S,E,F,G,E,D,Y,V,N,V,P,E,S,-,-,-,S,E,A,S,L,D,G,S,R,E,Y,V,N,V,S,E,D,L,P,P,-,E,S,R,T,E,P,A,A,L,R,P,L,E,M,E,E,G,E,A,P,D,Y,E,N,V,-
Dipodomys_spectabilis,M,E,T,N,G,L,T,P,F,A,L,G,L,L,L,L,P,V,L,T,T,L,A,A,L,C,A,R,C,R,E,L,S,N,D,M,D,S,S,L,Y,P,R,S,I,L,I,K,P,P,-,-,-,-,-,Y,P,P,V,I,S,Y,P,P,L,T,R,D,Q,L,P,I,P,R,S,P,Q,P,F,G,A,S,H,R,L,P,S,P,Q,Q,D,S,D,G,A,N,S,V,A,S,Y,E,N,Q,E,P,V,C,E,D,E,D,E,D,E,N,D,Y,P,N,E,G,Y,L,V,V,L,P,D,S,T,P,A,T,N,P,A,T,P,S,A,P,G,P,S,S,S,G,L,R,D,S,A,F,S,E,F,G,E,D,Y,V,N,V,P,E,S,-,-,-,T,E,A,S,L,D,G,S,R,E,Y,V,N,V,S,E,D,L,P,P,-,E,S,Q,T,E,P,A,A,L,S,P,L,E,M,E,E,G,E,A,P,D,Y,E,N,V,-
Dromiciops_gliroides,M,E,T,T,P,L,G,P,S,L,L,W,L,L,V,L,L,F,P,A,L,V,T,V,L,C,L,C,C,R,D,L,A,-,-,-,-,-,-,-,-,-,-,-,-,-,-,-,-,-,-,-,-,-,-,-,-,-,-,-,-,-,-,-,P,C,Q,D,-,L,P,I,P,R,S,P,Q,H,P,G,L,S,H,R,I,P,S,S,Q,P,E,P,D,-,S,R,S,E,P,S,Y,E,N,E,-,-,-,-,-,-,-,-,-,E,E,D,D,Y,H,N,E,G,Y,L,V,V,L,P,D,-,-,-,-,-,-,-,-,-,-,-,-,-,-,-,-,-,P,G,L,R,D,S,P,S,S,A,G,G,E,D,Y,V,N,I,-,-,-,P,D,S,K,E,A,S,L,G,G,S,C,E,Y,V,N,V,-,-,-,-,-,-,-,-,-,-,-,-,-,-,-,-,-,-,-,-,-,-,E,E,E,G,P,D,Y,E,N,V,Q
Elephantulus_edwardii,M,E,T,T,V,P,V,S,T,A,F,G,L,L,L,L,P,V,L,A,V,V,T,A,L,C,L,R,C,R,E,L,S,Y,N,S,A,S,G,M,Y,P,S,S,M,Q,I,K,R,P,T,L,A,P,W,-,P,P,V,S,S,Y,L,P,L,S,Q,D,L,L,P,V,P,R,S,P,Q,P,P,G,A,S,H,R,T,P,S,S,R,Q,D,S,D,G,A,N,S,I,A,S,Y,E,N,E,E,L,L,C,E,D,T,D,-,-,E,D,D,Y,P,-,E,R,Y,L,V,V,L,P,D,S,V,P,A,A,T,P,N,V,P,P,A,P,V,P,S,E,P,G,L,R,D,S,A,F,S,E,S,G,E,D,Y,V,N,V,P,E,S,G,E,S,A,E,A,S,L,D,G,S,R,E,Y,V,N,V,S,Q,E,L,H,P,-,V,T,R,T,K,P,A,T,P,S,P,E,D,-,E,E,D,G,A,P,D,Y,E,N,I,Q
Equus_caballus,M,E,A,A,I,L,I,P,S,V,L,G,P,L,L,L,P,L,L,A,V,L,M,A,L,C,V,R,C,R,E,L,S,Y,D,S,A,A,S,L,T,P,S,S,I,V,I,K,R,P,T,L,V,P,W,Y,P,P,V,T,S,F,P,P,L,S,Q,D,L,L,P,I,P,R,S,P,Q,P,P,G,G,S,H,H,M,P,S,S,R,Q,G,S,D,G,A,N,S,V,A,S,Y,E,N,E,E,P,V,C,E,D,A,D,E,D,E,E,D,Y,H,N,E,G,Y,L,V,V,L,P,D,P,A,P,T,T,S,T,V,V,P,P,A,P,V,S,K,N,P,G,L,R,D,S,A,F,S,E,S,G,E,D,Y,V,N,V,P,E,S,E,E,S,A,D,A,S,L,D,G,S,R,E,Y,V,N,V,S,Q,E,L,Q,P,-,T,A,R,T,E,P,A,T,R,K,A,Q,R,V,E,E,E,G,A,P,D,Y,E,N,L,Q
Erinaceus_europaeus,M,E,A,S,T,L,T,P,S,E,L,G,L,L,L,L,P,V,L,A,V,L,L,A,L,C,A,R,C,R,D,L,S,Y,E,S,-,-,-,-,-,-,-,-,-,-,I,K,S,P,T,M,A,P,W,Y,P,P,M,V,C,C,P,P,L,S,Q,D,L,L,P,I,S,R,S,P,R,L,S,G,G,S,H,R,M,Q,P,P,R,Q,D,S,A,S,A,N,S,V,A,S,Y,E,N,Q,E,A,A,C,E,D,E,E,D,D,E,D,-,-,H,N,E,G,Y,L,E,V,L,P,D,S,V,P,A,T,G,T,S,A,P,P,V,P,R,P,N,N,P,S,F,R,D,S,A,F,S,E,S,G,E,D,Y,V,N,V,P,E,S,E,E,S,A,D,A,S,L,D,G,S,R,E,Y,V,N,V,S,Q,E,L,P,P,-,P,P,E,T,E,P,A,T,P,S,S,Q,E,V,E,E,E,G,A,P,D,Y,E,N,V,Q
Eumetopias_jubatus,M,E,A,V,V,L,I,P,C,V,L,G,L,L,L,L,P,L,L,A,G,-,-,A,L,C,V,R,C,R,E,L,S,Y,D,R,A,A,S,L,T,P,S,S,I,V,L,K,R,P,T,V,V,P,W,Y,A,P,V,T,S,Y,P,S,L,S,Q,D,L,L,P,I,P,R,S,P,Q,P,-,-,-,-,H,H,M,P,S,S,R,Q,D,S,E,G,A,N,S,V,A,S,Y,E,N,E,E,P,V,C,E,D,E,E,E,-,E,E,D,Y,H,N,E,G,Y,L,E,V,L,P,D,S,T,P,A,P,S,S,A,V,P,P,A,S,V,P,S,N,P,G,L,R,D,S,A,F,S,E,S,G,E,D,Y,V,N,V,L,E,S,E,E,S,A,D,V,S,L,D,G,S,R,E,Y,V,N,V,S,Q,E,L,P,P,-,M,A,K,T,E,P,A,I,L,S,S,Q,K,V,E,E,E,G,A,P,D,Y,E,N,L,-
Felis_catus,M,E,A,V,V,L,I,P,Y,V,L,G,L,L,L,L,P,L,L,A,V,-,-,V,L,C,V,R,C,R,E,L,S,Y,D,N,T,A,S,L,A,P,S,S,I,V,I,K,R,P,T,L,A,T,W,Y,P,P,V,T,S,Y,P,P,L,S,Q,D,L,L,P,I,P,R,S,P,Q,P,P,G,G,S,H,R,M,P,S,S,R,Q,D,S,D,G,A,N,S,V,A,S,Y,E,N,E,E,P,A,C,E,D,D,D,E,-,E,E,D,Y,P,N,E,G,Y,L,E,V,L,P,D,S,T,P,A,T,G,T,A,V,P,P,A,P,A,P,S,N,P,G,L,R,D,S,A,F,S,E,S,G,E,D,Y,V,N,V,P,E,S,E,E,S,A,D,V,S,L,D,G,S,R,E,Y,V,N,V,S,Q,E,L,P,P,-,V,A,R,T,E,P,A,I,L,S,S,Q,-,-,E,E,E,G,A,P,D,Y,E,N,L,Q
Fukomys_damarensis,-,-,-,-,-,-,-,-,-,-,L,G,L,L,L,L,P,L,V,A,M,L,M,A,L,C,V,R,C,R,E,L,S,C,G,G,A,G,R,L,H,T,E,S,I,L,F,K,P,P,A,L,A,P,W,-,-,-,-,I,P,Y,P,L,P,S,Q,D,L,L,H,I,P,R,S,P,Q,P,L,G,G,A,H,Q,M,P,S,S,R,Q,D,S,D,G,A,N,S,V,A,S,Y,E,N,Q,E,P,A,C,E,D,A,D,E,D,E,E,D,Y,P,N,-,G,Y,V,E,V,L,P,D,G,A,P,A,P,S,S,-,-,-,-,-,-,-,-,-,-,-,-,-,-,-,-,-,-,-,-,-,R,E,D,Y,V,N,V,P,E,S,E,E,S,A,E,A,S,L,D,G,S,R,E,Y,V,N,V,S,Q,E,L,Q,P,-,A,A,G,A,V,P,A,A,L,S,T,Q,E,-,-,-,-,-,-,D,D,Y,E,N,L,Q
Galeopterus_variegatus,M,E,V,A,V,L,V,P,C,V,L,G,L,L,L,L,P,L,L,T,V,L,M,A,L,C,V,R,C,R,K,L,S,Y,D,S,A,S,S,T,Y,P,R,S,I,L,I,K,P,P,T,L,A,P,W,Y,P,P,V,I,S,C,P,P,L,S,Q,D,L,L,P,I,P,R,S,P,Q,P,P,G,G,S,H,R,M,P,P,S,R,R,D,S,D,G,T,N,S,V,A,S,Y,E,N,E,E,P,A,C,E,D,A,D,D,D,E,E,D,Y,H,N,E,S,Y,L,V,V,L,P,D,N,T,P,A,T,S,T,T,V,P,S,A,P,G,P,S,N,P,G,L,R,D,S,A,F,S,E,S,G,E,D,Y,V,N,V,P,E,S,E,D,S,A,E,A,S,L,D,G,S,R,E,Y,V,N,V,S,Q,E,L,Q,P,-,A,A,R,T,K,P,A,T,P,S,S,Q,E,V,E,E,G,G,A,P,D,Y,E,N,M,Q
Gracilinanus_agilis,-,-,-,-,-,-,-,-,-,-,L,W,L,L,I,L,L,F,P,A,L,V,T,A,L,C,L,C,C,R,D,L,-,-,-,-,-,-,-,-,-,-,-,-,-,-,-,-,-,-,-,-,-,-,-,-,-,-,-,-,-,-,-,-,-,-,-,D,-,L,P,I,P,R,S,P,Q,H,P,G,L,S,H,R,I,P,S,S,R,R,D,P,D,-,T,R,S,E,P,S,Y,E,N,E,E,S,-,-,E,D,A,-,-,E,E,E,D,Y,P,N,E,G,Y,L,E,V,L,P,D,N,-,-,-,-,-,-,-,-,-,-,-,-,-,-,-,-,P,G,L,R,D,S,P,S,S,V,S,G,E,D,Y,V,N,V,-,-,-,L,E,S,T,E,V,S,L,G,G,S,C,E,Y,V,N,V,-,-,-,-,-,-,-,-,-,-,-,-,-,-,-,-,-,-,-,-,-,-,E,E,E,G,P,D,Y,E,N,V,Q
Grammomys_surdaster,M,E,A,D,A,L,S,P,V,G,L,G,L,L,L,L,P,F,L,V,T,L,A,A,L,C,V,R,C,R,E,F,S,Y,D,S,A,S,S,L,Y,P,R,S,I,L,I,K,P,P,I,T,V,P,R,Y,P,L,-,T,S,S,P,P,L,R,Q,D,L,L,P,I,P,R,S,P,Q,P,L,G,S,S,H,R,M,P,S,S,R,Q,N,S,D,D,A,N,S,V,A,S,Y,E,N,Q,E,P,A,C,K,N,V,D,E,D,E,E,D,Y,P,E,-,G,Y,L,V,V,L,P,D,S,S,P,A,T,V,P,V,V,S,S,A,P,V,P,S,N,P,D,L,G,D,S,A,F,S,E,S,C,E,D,Y,V,N,V,P,E,S,E,E,S,A,E,A,S,L,D,G,S,R,E,Y,V,N,V,S,Q,E,T,Q,P,-,V,T,R,D,E,L,A,S,V,N,S,Q,E,V,-,-,E,E,A,P,D,Y,E,N,L,-
Heterocephalus_glaber,M,E,V,S,S,L,-,-,-,V,L,G,L,L,L,L,P,L,V,A,M,L,M,A,L,C,V,R,C,R,E,L,S,-,-,-,-,-,-,-,-,-,-,-,I,L,F,K,P,P,A,P,A,P,W,-,-,-,-,A,A,Y,P,P,P,S,Q,D,L,L,H,I,P,R,S,P,Q,P,L,G,G,S,H,R,M,L,S,S,R,Q,D,S,E,G,A,N,S,V,A,S,Y,E,N,-,E,P,A,C,E,D,A,D,D,E,E,E,D,Y,P,N,E,G,Y,V,E,V,L,P,D,S,A,P,A,S,G,A,A,D,P,A,A,P,V,P,S,N,P,G,A,R,G,S,A,F,S,E,F,R,E,D,Y,V,N,V,P,E,S,E,E,S,A,E,V,S,L,D,G,S,R,E,Y,V,N,V,S,Q,E,L,Q,P,-,G,A,R,T,E,P,A,A,L,S,S,R,D,V,E,D,E,E,T,P,D,Y,E,N,L,Q
Hyaena_hyaena,M,E,A,V,V,L,I,P,Y,V,L,G,L,L,L,L,P,L,L,A,V,-,-,V,L,C,V,R,C,R,E,L,P,Y,D,S,T,A,S,L,T,P,S,S,I,V,I,K,R,P,T,L,A,T,W,Y,P,P,V,T,S,Y,P,P,L,S,Q,D,L,L,P,I,P,R,S,P,Q,P,P,G,G,S,H,R,M,P,S,C,R,Q,D,S,D,G,A,N,S,V,A,S,Y,E,N,E,-,-,-,C,E,D,D,D,E,-,E,E,D,Y,P,N,E,G,Y,L,E,V,L,P,D,S,T,P,A,T,S,T,A,V,P,P,A,P,A,P,G,N,P,G,L,R,D,S,A,F,S,E,S,A,E,D,Y,V,N,V,P,D,S,E,E,S,A,D,V,S,L,D,G,S,R,E,Y,V,N,V,S,Q,E,L,P,P,-,V,A,R,T,E,T,A,I,L,S,S,P,E,V,E,E,E,G,L,P,D,Y,E,N,L,Q
Jaculus_jaculus,M,E,A,D,T,L,P,P,L,A,L,G,L,L,L,L,P,-,L,A,T,L,V,A,L,C,V,R,C,R,E,L,S,Y,D,S,A,S,S,S,Y,P,R,S,I,L,F,K,P,P,-,-,-,-,-,Y,L,P,V,T,S,F,L,P,L,S,Q,D,L,L,P,I,P,R,S,P,Q,P,P,R,G,S,H,R,M,P,S,S,R,Q,D,S,D,S,A,N,S,V,A,S,Y,E,N,Q,E,P,A,C,K,N,M,E,E,D,E,D,D,Y,S,N,E,G,Y,L,E,V,L,P,D,S,T,P,A,T,S,P,A,V,P,S,G,P,V,S,S,S,P,G,F,R,G,S,A,F,S,E,S,G,E,D,Y,V,N,V,P,E,S,E,E,S,A,E,A,S,L,D,G,S,R,E,Y,V,N,V,S,Q,E,L,-,P,-,A,P,R,A,E,P,G,T,L,S,S,Q,E,V,E,G,E,G,A,P,D,Y,E,N,L,Q
Lemur_catta,M,E,G,A,V,L,V,P,Y,V,L,G,L,L,L,V,P,L,L,A,V,L,L,A,L,C,V,R,C,R,K,L,S,Y,D,S,A,S,S,L,N,P,R,S,I,L,L,K,Q,P,T,P,A,P,W,Y,P,P,V,S,S,Y,L,P,P,S,Q,D,L,V,P,I,P,R,S,P,Q,P,P,G,G,S,H,R,M,P,S,S,R,Q,D,S,D,G,A,N,S,V,A,S,Y,E,N,E,E,P,P,C,E,D,A,D,-,-,E,D,D,Y,H,S,E,G,Y,L,V,V,L,P,D,S,T,S,A,A,S,T,A,A,V,S,A,P,A,P,S,K,P,G,L,R,D,S,A,F,S,E,S,S,E,D,Y,V,N,V,P,E,S,E,E,S,A,E,A,S,L,D,G,S,R,E,Y,V,N,V,S,Q,E,L,P,P,-,A,A,R,T,D,-,A,T,L,K,S,Q,E,V,E,E,E,G,A,P,D,Y,E,N,L,Q
Leptonychotes_weddellii,M,E,A,V,V,L,I,P,C,V,L,G,L,L,L,L,P,L,L,A,V,-,-,A,L,C,V,R,C,R,E,L,S,Y,D,T,A,A,S,L,T,P,S,S,I,V,L,K,R,P,T,V,V,P,W,Y,A,P,V,T,S,Y,P,P,L,S,Q,D,L,L,P,I,P,R,S,P,Q,P,-,-,-,-,H,R,M,L,S,S,R,R,D,S,A,G,A,N,S,V,A,S,Y,E,N,E,E,P,A,C,E,D,E,D,E,-,E,E,D,Y,H,N,E,G,Y,L,E,V,L,P,D,S,T,P,A,T,S,S,A,V,P,P,A,S,V,P,S,N,P,G,L,R,D,S,A,F,S,E,S,G,E,D,Y,V,N,V,L,E,S,E,E,S,A,D,V,S,L,D,G,S,R,E,Y,V,N,V,S,Q,E,L,P,P,-,M,A,R,T,E,P,A,I,L,S,S,Q,K,V,E,E,E,G,A,P,D,Y,E,N,L,-
Lontra_canadensis,M,E,A,V,V,L,I,P,Y,V,L,G,L,V,L,L,P,L,L,A,V,-,-,A,L,C,V,R,C,R,E,L,S,Y,D,T,A,A,S,L,T,P,S,S,I,V,L,K,R,P,T,V,V,P,W,Y,G,P,V,T,S,Y,P,P,L,S,Q,D,L,L,P,I,P,R,S,P,Q,P,-,-,-,-,P,R,M,P,S,S,R,Q,D,S,D,G,A,N,S,V,A,S,Y,E,N,E,-,P,V,C,E,D,D,D,-,-,E,E,D,Y,P,N,A,G,Y,L,E,V,L,P,D,S,T,P,A,T,S,T,A,V,P,P,A,P,V,P,S,K,P,G,L,R,D,S,A,F,S,E,S,G,E,D,Y,V,N,V,P,E,S,E,E,S,A,D,A,S,L,D,G,S,R,E,Y,V,N,V,S,Q,E,L,P,P,-,M,A,R,T,E,P,A,V,L,S,S,Q,K,V,E,E,E,G,A,P,D,Y,E,N,L,Q
Lynx_canadensis,M,E,A,V,V,L,I,P,Y,V,L,G,L,L,L,L,P,L,L,A,V,-,-,V,L,C,V,R,C,R,E,L,S,Y,D,N,T,A,S,L,A,P,S,S,I,V,I,K,R,P,T,L,A,T,W,Y,P,P,V,T,S,Y,P,P,L,S,Q,D,L,L,P,I,P,R,S,P,Q,P,P,G,G,S,H,R,M,P,S,S,R,Q,D,S,D,G,A,N,S,V,A,S,Y,E,N,E,E,P,A,C,E,D,D,D,E,-,E,E,D,Y,P,N,E,G,Y,L,E,V,L,P,D,S,T,P,A,T,G,T,A,V,P,P,A,P,A,P,S,N,P,G,L,R,D,S,A,F,S,E,S,G,E,D,Y,V,N,V,P,E,S,E,E,S,A,D,V,S,L,D,G,S,R,E,Y,V,N,V,S,Q,E,L,P,P,-,V,A,R,T,E,P,A,I,L,S,S,Q,-,-,E,E,E,G,A,P,D,Y,E,N,L,Q
Manis_javanica,M,E,V,A,I,L,I,P,Y,M,L,G,L,L,L,L,P,L,L,A,V,L,M,A,L,C,V,R,C,R,E,L,S,Y,D,S,A,A,S,L,A,P,S,S,I,L,I,K,Q,P,T,L,A,P,W,Y,P,P,V,T,S,Y,P,P,L,S,Q,D,L,L,P,I,L,R,S,P,Q,P,P,G,S,S,Y,R,M,P,S,S,R,Q,D,S,D,C,A,N,S,V,A,S,Y,E,N,E,E,P,A,C,E,D,E,D,E,E,E,E,D,Y,P,N,E,G,Y,L,E,V,L,P,D,S,A,P,A,T,G,T,V,V,P,V,A,P,V,P,S,N,P,G,L,R,D,S,A,F,S,E,S,G,E,D,Y,V,N,V,P,E,S,E,E,N,A,D,A,S,L,D,G,S,R,E,Y,V,N,V,S,Q,E,L,Q,P,-,V,A,R,T,K,P,A,T,P,S,S,Q,E,A,-,E,E,G,A,P,D,Y,E,N,L,Q
Manis_pentadactyla,M,E,A,A,I,L,I,P,Y,V,L,G,L,L,L,L,P,L,L,A,V,L,M,A,L,C,V,R,C,R,E,L,S,Y,D,S,A,A,S,L,T,P,S,S,I,L,I,K,Q,P,T,L,A,P,W,Y,P,P,V,T,S,Y,P,P,L,S,Q,D,L,L,P,I,L,R,S,P,Q,P,P,G,S,S,Y,R,M,P,S,S,R,Q,D,S,D,R,A,N,S,V,A,S,Y,E,N,E,E,P,A,C,E,D,E,D,E,E,E,E,D,Y,P,N,E,G,Y,L,E,V,L,P,D,I,A,P,A,T,G,T,V,V,P,V,A,P,V,P,S,N,P,G,L,R,D,S,A,F,S,E,S,G,E,D,Y,V,N,V,P,E,S,E,E,N,A,D,A,S,L,D,G,S,R,E,Y,V,N,V,S,Q,E,L,Q,P,-,V,A,R,T,K,P,A,T,P,S,S,Q,E,M,-,E,E,G,A,P,D,Y,E,N,L,Q
Mastomys_coucha,M,E,A,D,A,L,S,P,V,G,L,G,L,L,L,L,P,F,L,V,T,L,A,A,L,C,V,R,C,R,E,L,S,Y,D,S,A,S,S,L,Y,P,G,S,I,L,I,K,P,P,I,T,V,P,R,Y,P,P,V,T,S,F,P,P,L,R,Q,D,L,L,P,I,P,R,S,P,Q,P,L,G,G,S,H,R,M,P,S,S,R,Q,N,S,D,D,A,N,S,V,A,S,Y,E,N,Q,E,P,A,C,K,N,V,D,E,D,E,D,D,Y,P,E,-,G,Y,L,V,V,L,P,D,S,S,P,A,A,G,P,V,V,S,S,A,P,V,P,S,N,P,D,L,G,D,S,A,F,S,E,S,C,E,D,Y,V,N,V,P,E,S,E,E,S,A,E,A,S,L,D,G,S,Q,E,Y,V,N,V,S,Q,E,Q,Q,P,-,V,T,R,A,E,L,A,S,V,N,S,Q,E,V,-,-,E,E,A,P,D,Y,E,N,L,Q
Meles_meles,M,E,A,V,V,L,I,P,Y,V,L,G,L,V,L,L,P,L,L,A,V,-,-,A,L,C,V,R,C,R,D,L,S,Y,D,T,A,A,S,L,T,P,S,S,I,V,L,K,R,P,T,V,V,P,W,Y,G,P,V,T,S,Y,P,P,L,S,Q,D,L,L,P,I,P,R,S,P,Q,P,-,-,-,-,R,R,V,P,S,S,R,Q,D,S,D,G,A,N,S,V,A,S,Y,E,N,E,A,P,V,C,E,D,D,D,E,-,E,E,D,Y,P,N,E,G,Y,L,E,V,L,P,D,S,T,P,A,T,S,T,A,V,P,P,A,P,V,P,S,N,P,G,L,R,D,S,A,F,S,E,S,G,E,D,Y,V,N,V,P,E,S,E,E,S,A,D,A,S,L,D,G,S,R,E,Y,V,N,V,S,Q,E,L,P,P,-,M,A,R,T,E,P,A,V,L,S,S,Q,K,V,E,E,E,G,A,P,D,Y,E,N,L,Q
Meriones_unguiculatus,M,E,A,D,T,L,S,P,V,E,L,G,L,L,L,L,P,F,L,V,T,L,A,A,L,C,V,R,C,R,E,L,S,Y,D,S,A,S,S,L,S,P,R,S,I,L,M,K,P,P,-,-,-,-,-,Y,P,H,V,T,S,F,P,P,L,R,Q,D,L,L,P,I,P,R,S,P,Q,P,L,G,G,C,H,R,M,P,S,S,R,Q,D,S,D,D,A,N,S,V,A,S,Y,E,N,-,-,P,A,C,E,N,V,D,E,D,E,E,D,C,P,N,E,G,Y,L,E,V,L,P,D,S,T,P,A,T,I,P,E,A,P,S,A,P,V,P,S,N,P,G,F,R,D,S,A,F,S,E,S,G,E,D,Y,V,N,V,P,E,S,E,E,S,A,D,A,S,L,D,G,S,R,E,Y,V,N,V,S,E,E,L,Q,P,-,V,T,R,A,E,L,D,T,V,N,S,Q,E,V,-,-,E,E,A,P,D,Y,E,N,L,-
Mesocricetus_auratus,M,E,A,D,T,L,S,P,V,G,L,G,L,L,L,L,P,V,L,V,T,L,A,A,L,C,V,R,C,R,E,L,S,Y,D,S,T,S,S,L,S,P,R,S,I,L,I,K,-,-,-,-,-,-,-,Y,P,P,V,T,S,F,P,P,L,R,Q,D,L,L,P,I,P,R,S,P,Q,P,L,G,G,S,H,Q,M,P,S,S,R,Q,D,S,D,D,A,N,S,V,A,S,Y,E,N,Q,E,P,A,C,E,S,V,D,E,D,E,D,D,Y,P,N,E,G,Y,L,E,V,L,P,D,S,T,P,A,-,-,-,-,V,S,S,A,P,V,P,S,K,P,G,L,R,D,S,A,F,S,E,S,G,E,D,Y,V,N,V,P,E,S,E,E,S,G,E,A,S,L,D,G,S,R,E,Y,V,N,V,S,Q,E,L,Q,P,-,V,T,R,A,E,L,D,T,T,K,S,Q,E,L,-,-,D,E,G,E,E,E,-,-,-,-
Microcebus_murinus,M,E,G,A,V,L,V,P,C,V,L,G,L,L,L,L,P,L,L,A,V,L,L,A,L,C,V,R,C,R,E,L,S,Y,D,S,A,T,G,L,Y,P,R,S,I,L,L,K,Q,P,M,P,A,P,R,Y,P,P,V,T,S,Y,P,P,L,S,Q,D,L,V,P,I,P,R,S,P,Q,P,P,G,G,S,H,R,M,P,S,S,R,Q,D,S,D,G,A,N,S,V,A,S,Y,E,N,E,-,-,-,-,-,-,-,N,E,D,E,D,D,Y,H,N,E,G,Y,L,V,V,L,P,D,S,T,P,A,A,S,T,A,A,V,S,A,P,T,P,S,K,P,G,L,R,D,S,A,F,S,E,S,S,E,D,Y,V,N,V,P,E,S,E,E,S,A,E,A,S,L,D,G,S,R,E,Y,V,N,V,S,Q,E,L,P,P,-,A,T,R,T,-,-,-,-,-,-,-,-,-,-,-,-,-,-,-,-,-,-,-,-,-,-
Microtus_fortis,M,E,A,D,T,L,S,P,V,G,L,G,L,L,L,L,P,F,L,V,T,L,A,A,L,C,V,R,C,R,E,L,S,Y,D,S,V,S,R,L,Y,P,S,S,I,F,I,K,-,-,-,-,-,-,-,Y,P,F,V,A,S,F,P,P,L,V,Q,D,L,-,-,-,-,R,S,P,Q,P,F,G,G,-,-,-,-,-,-,C,Q,Q,D,S,N,D,V,N,S,V,A,S,Y,E,N,Q,E,P,T,S,E,N,E,D,E,D,E,E,D,Y,P,N,E,G,Y,L,E,V,L,P,D,S,T,P,A,T,I,P,V,V,S,S,A,P,V,P,S,N,P,G,L,R,D,S,A,F,S,E,S,G,E,D,Y,V,N,V,L,E,S,E,D,S,A,E,A,S,L,D,G,S,R,E,Y,V,N,V,S,Q,E,L,Q,P,-,V,S,G,A,E,Q,A,T,V,T,S,Q,E,V,-,-,E,E,A,P,D,Y,E,N,L,Q
Microtus_ochrogaster,-,-,-,-,-,-,-,-,-,-,-,-,-,-,-,-,-,-,-,-,-,-,-,-,-,-,-,-,-,-,-,-,-,-,-,-,-,-,-,-,-,-,-,-,-,-,-,-,-,-,-,-,-,-,-,-,-,-,-,-,-,-,-,-,-,-,-,-,-,-,-,-,-,-,-,-,-,-,-,-,-,-,-,-,-,-,-,-,-,-,-,-,-,-,-,-,-,-,-,-,-,-,-,-,-,-,-,-,-,-,-,-,-,-,-,-,-,-,-,-,-,-,-,-,-,-,-,-,-,-,-,-,-,-,-,-,-,-,-,-,-,-,-,-,-,-,-,-,-,-,-,-,-,-,-,E,S,G,E,D,Y,V,N,V,P,E,S,E,D,S,A,E,A,S,L,D,G,S,R,E,Y,V,N,V,S,Q,E,L,Q,P,-,V,S,G,A,E,Q,A,T,V,T,S,Q,E,V,-,-,E,E,A,P,D,Y,E,N,L,Q
Microtus_oregoni,M,E,A,D,T,L,S,P,M,G,L,G,L,L,L,L,P,F,L,V,T,L,A,A,L,C,V,R,C,R,E,L,S,Y,D,S,V,S,R,L,Y,P,S,S,I,F,I,K,-,-,-,-,-,-,-,Y,P,F,V,A,S,V,P,P,L,V,Q,D,L,-,-,-,-,R,S,P,Q,P,F,G,G,-,-,-,-,-,-,C,Q,Q,D,S,N,D,V,N,S,V,A,S,Y,E,N,Q,-,-,-,-,-,-,-,-,E,D,E,E,D,Y,P,N,E,G,Y,L,E,V,L,P,D,S,T,P,A,T,I,P,V,V,S,S,A,P,V,P,G,N,P,G,L,R,D,S,A,Y,S,E,S,G,E,D,Y,V,N,V,P,E,S,E,D,S,A,E,A,S,L,D,G,S,R,E,Y,V,N,V,S,Q,E,L,Q,P,-,V,S,G,A,E,Q,A,T,V,T,S,Q,E,V,E,G,E,E,A,P,D,Y,E,N,L,Q
Mirounga_angustirostris,M,E,A,V,V,L,I,P,C,V,L,G,L,L,L,L,P,L,L,A,V,-,-,A,L,C,V,R,C,R,E,L,S,Y,D,T,A,A,S,L,T,P,S,S,I,V,L,K,R,P,T,V,V,P,W,Y,A,P,V,T,S,Y,P,P,L,S,Q,D,L,L,P,I,P,R,S,P,Q,P,-,-,-,-,H,R,M,L,S,S,R,P,D,S,A,G,A,N,S,V,A,S,Y,E,N,E,E,P,A,C,E,D,E,D,E,-,E,E,D,Y,H,N,E,G,Y,L,E,V,L,P,D,S,T,P,A,T,S,S,A,V,P,L,A,P,V,P,S,N,P,G,L,R,D,S,A,F,S,-,-,-,-,-,-,-,-,-,-,-,-,-,-,-,-,-,-,-,-,-,-,-,-,-,-,-,-,-,-,-,-,-,-,-,-,-,-,-,-,-,-,-,-,-,-,-,-,-,-,-,-,-,-,-,-,-,-,-,-,-,-
Mirounga_leonina,M,E,A,V,V,L,I,P,C,V,L,G,L,L,L,L,P,L,L,A,V,-,-,A,L,C,V,R,C,R,E,L,S,Y,D,T,A,A,S,L,T,P,S,S,I,V,L,K,R,P,T,V,V,P,W,Y,A,P,V,T,S,Y,P,P,L,S,Q,D,L,L,P,I,P,R,S,P,Q,P,-,-,-,-,H,R,M,L,S,S,R,P,D,S,A,G,A,N,S,V,A,S,Y,E,N,E,E,P,A,C,E,D,E,D,E,-,E,E,D,Y,H,N,E,G,Y,L,E,V,L,P,D,S,T,P,A,T,S,S,A,V,P,L,A,P,V,P,S,N,P,G,L,R,D,S,A,F,S,-,-,-,-,-,-,-,-,-,-,-,-,-,-,-,-,-,-,-,-,-,-,-,-,-,-,-,-,-,-,-,-,-,-,-,-,-,-,-,-,-,-,-,-,-,-,-,-,-,-,-,-,-,-,-,-,-,-,-,-,-,-
Monodelphis_domestica,-,-,-,-,-,-,-,-,-,-,L,W,L,L,I,L,L,F,P,A,L,V,T,A,L,C,L,C,C,R,D,L,-,-,-,-,-,-,-,-,-,-,-,-,-,-,-,-,-,-,-,-,-,-,-,-,-,-,-,-,-,-,-,-,-,-,-,D,-,L,P,I,P,R,S,P,Q,H,P,G,L,S,H,R,I,P,S,S,R,R,D,P,D,-,N,R,S,E,P,S,Y,E,N,E,E,P,-,-,E,D,A,-,-,E,E,E,D,Y,P,N,E,G,Y,L,E,V,L,P,D,N,-,-,-,-,-,-,-,-,-,-,-,-,-,-,-,-,P,G,L,R,D,S,P,S,S,V,S,G,E,D,Y,V,N,V,-,-,-,P,D,S,T,E,V,S,L,G,G,S,C,E,Y,V,N,V,-,-,-,-,-,-,-,-,-,-,-,-,-,-,-,-,-,-,-,-,-,-,E,E,E,G,P,D,Y,E,N,V,Q
Mus_caroli,M,E,A,D,A,L,S,P,V,G,L,G,L,L,L,L,P,F,L,V,T,L,A,A,L,C,V,R,C,R,E,L,S,Y,D,S,A,S,S,L,Y,P,R,S,I,L,I,K,P,P,I,T,V,P,R,Y,P,L,V,T,S,Y,P,P,L,R,Q,D,L,L,P,I,P,R,S,P,Q,P,L,G,G,S,H,R,M,P,S,S,Q,Q,N,S,D,D,A,N,S,V,A,S,Y,E,N,Q,E,P,A,C,K,N,V,D,E,D,E,D,D,Y,P,N,-,G,Y,L,V,V,L,P,D,S,S,P,A,A,V,P,V,V,S,S,A,P,V,P,S,N,P,D,L,G,D,S,A,V,S,E,S,C,E,D,Y,V,N,V,P,E,S,E,E,S,A,E,A,S,L,D,G,S,R,E,Y,V,N,V,S,P,E,Q,Q,P,-,V,T,R,A,E,L,A,S,V,N,S,Q,E,V,-,-,E,E,A,P,D,Y,E,N,L,Q
Mus_musculus,M,E,A,D,A,L,S,P,V,G,L,G,L,L,L,L,P,F,L,V,T,L,A,A,L,C,V,R,C,R,E,L,S,Y,D,S,T,S,S,L,Y,P,R,S,I,L,I,K,P,P,I,T,V,P,R,Y,P,L,V,T,S,F,P,P,L,R,Q,D,L,L,P,I,P,R,S,P,Q,P,L,G,G,S,H,R,M,P,S,S,Q,Q,N,S,D,D,-,-,-,-,-,-,-,-,-,-,E,P,A,C,K,N,V,D,E,D,E,D,D,Y,P,N,-,G,Y,L,V,V,L,P,D,S,S,P,A,A,V,P,V,V,S,S,A,P,V,P,S,N,P,D,L,G,D,S,A,F,S,E,S,C,E,D,Y,V,N,V,P,E,S,E,E,S,A,E,A,S,L,D,G,S,R,E,Y,V,N,V,S,P,E,Q,Q,P,-,V,T,R,A,E,L,A,S,V,N,S,Q,E,V,-,-,E,E,A,P,D,Y,E,N,L,Q
Mus_pahari,M,E,A,D,A,L,S,P,V,G,L,G,L,L,L,M,P,F,L,I,T,L,A,A,L,C,V,R,C,R,E,L,S,Y,D,S,A,S,S,L,Y,P,R,S,I,L,I,K,P,P,L,T,V,P,R,Y,P,L,V,T,S,F,P,P,L,R,Q,D,L,L,P,I,P,R,S,P,Q,P,L,G,G,S,N,R,M,P,S,S,R,Q,N,S,D,D,A,N,S,V,A,S,Y,E,N,Q,E,P,A,C,K,N,V,D,E,D,E,D,D,Y,P,N,-,G,Y,L,V,V,L,P,D,S,S,P,A,T,V,P,V,V,S,S,A,P,V,P,S,N,P,D,L,G,D,S,A,V,S,E,S,C,E,D,Y,V,N,V,P,E,S,E,E,S,A,E,A,S,L,D,G,S,R,E,Y,V,N,V,S,P,E,Q,Q,P,-,V,T,R,A,E,L,A,S,V,N,S,Q,D,E,-,-,E,E,A,P,D,Y,E,N,L,Q
Mustela_erminea,M,E,A,V,V,L,I,P,Y,V,L,G,L,V,L,L,P,L,L,V,V,-,-,A,L,C,V,R,C,R,E,L,S,Y,D,T,A,A,S,L,T,P,S,S,I,V,L,K,R,P,T,V,V,P,W,Y,G,P,V,T,S,Y,P,P,L,S,Q,D,L,L,P,I,P,R,S,P,Q,P,-,-,-,-,P,R,M,P,S,S,R,Q,D,S,D,G,A,N,S,V,A,S,Y,E,N,E,A,P,V,C,E,D,D,-,E,-,E,E,D,Y,P,N,E,G,Y,L,E,V,L,P,D,S,T,P,A,T,S,T,T,V,P,L,A,P,V,T,S,N,P,G,L,R,D,S,A,F,S,E,S,G,E,D,Y,V,N,V,P,E,S,E,E,S,A,D,A,S,L,D,G,S,R,E,Y,V,N,V,S,Q,E,L,P,P,-,M,A,R,T,E,P,A,V,L,S,S,Q,K,V,E,E,E,G,A,P,D,Y,E,N,L,Q
Mustela_putorius_furo,M,E,A,V,V,L,I,P,Y,V,L,G,L,V,L,L,P,L,L,V,V,-,-,A,L,C,V,R,C,R,E,L,S,Y,D,T,A,A,S,L,T,P,S,S,I,V,L,K,R,P,T,V,V,P,W,Y,G,P,V,T,S,Y,P,P,L,S,Q,D,L,L,P,I,P,R,S,P,Q,P,-,-,-,-,P,R,V,P,S,S,R,Q,D,S,D,G,A,N,S,V,A,S,Y,E,N,E,-,P,V,C,E,D,D,E,E,-,E,E,D,Y,P,N,E,G,Y,L,E,V,L,P,D,S,T,P,A,T,S,T,T,V,P,L,A,P,V,T,S,N,P,G,L,R,D,S,A,F,S,E,S,G,E,D,Y,V,N,V,P,E,S,E,E,S,A,D,A,S,L,D,G,S,R,E,Y,V,N,V,S,Q,E,L,P,P,-,M,A,R,T,E,P,A,V,L,S,S,Q,K,V,E,E,E,G,A,P,D,Y,E,N,L,Q
Myodes_glareolus,M,E,A,D,T,L,S,P,M,G,L,G,L,L,L,L,P,F,L,V,T,L,A,A,L,C,V,R,C,R,E,L,S,Y,D,S,V,S,-,-,-,-,-,-,-,-,-,-,-,-,-,-,-,-,-,-,-,-,V,A,S,F,P,P,V,I,Q,D,L,-,-,-,-,R,S,P,Q,P,F,G,G,S,H,R,M,P,P,C,P,Q,D,S,G,D,V,N,S,V,A,S,Y,E,N,Q,E,P,A,S,K,N,E,D,E,D,E,E,D,Y,P,N,E,G,Y,L,E,V,L,P,D,S,T,P,A,T,I,P,V,V,S,S,A,P,V,P,S,N,P,G,L,R,D,S,A,F,S,E,S,G,E,D,Y,V,N,V,P,E,S,E,D,S,A,E,A,S,L,D,G,S,R,E,Y,V,N,V,L,Q,E,L,Q,P,-,V,S,G,A,E,Q,A,T,V,T,S,Q,E,V,-,-,E,E,A,P,D,Y,E,N,L,Q
Neogale_vison,M,E,A,V,V,L,I,P,Y,V,L,G,L,V,L,L,P,L,L,V,V,-,-,A,L,C,V,R,C,R,E,L,S,Y,D,T,A,A,S,L,T,P,S,S,I,V,L,K,R,P,T,V,V,P,W,Y,G,P,V,T,S,Y,P,P,L,S,Q,D,L,L,P,I,P,R,S,P,Q,P,-,-,-,-,P,R,M,P,S,S,R,Q,D,S,D,G,A,N,S,V,A,S,Y,E,N,E,A,P,V,C,E,D,E,D,E,-,E,E,D,S,P,N,E,G,Y,L,E,V,L,P,D,S,M,P,A,T,S,T,T,V,P,L,A,P,V,T,S,N,P,G,L,R,D,S,A,F,S,E,S,G,E,D,Y,V,N,V,P,E,S,E,E,S,A,D,A,S,L,D,G,S,R,E,Y,V,N,V,S,Q,E,L,P,P,-,M,A,R,T,E,P,A,V,L,S,S,Q,K,V,E,E,E,G,A,P,D,Y,E,N,L,Q
Odobenus_rosmarus_divergens,M,E,A,V,V,L,I,P,C,V,L,G,L,L,L,L,P,L,L,A,G,-,-,A,L,C,V,R,C,R,E,L,S,Y,D,T,T,A,S,L,T,P,S,S,I,V,L,K,R,P,-,-,-,-,-,Y,A,P,V,T,S,Y,P,S,L,S,Q,D,L,L,P,I,P,R,S,P,Q,P,-,-,-,-,H,H,V,P,S,S,R,Q,D,S,E,G,A,N,S,V,A,S,Y,E,N,E,E,P,V,C,E,D,E,E,E,-,D,E,D,Y,H,N,E,G,Y,L,E,V,L,P,D,S,T,P,A,P,S,S,A,V,P,P,A,P,V,L,S,N,P,G,L,R,D,S,A,F,S,E,S,G,E,D,Y,V,N,V,L,E,S,E,E,S,A,D,V,S,L,D,G,S,R,E,Y,V,N,V,S,Q,E,L,P,P,-,M,A,K,T,E,P,A,I,L,S,S,Q,K,V,E,E,E,G,A,P,D,Y,E,N,L,-
Odocoileus_virginianus_texanus,M,E,A,V,S,L,A,V,Y,V,L,G,P,L,L,L,P,L,L,A,V,L,M,A,L,C,V,R,C,R,E,L,S,Y,D,T,A,V,S,L,T,P,S,S,I,M,I,K,L,P,T,L,V,P,R,-,-,-,-,T,P,Y,P,L,Q,S,Q,D,L,L,P,I,P,R,S,P,Q,P,L,G,G,S,H,R,M,A,S,S,R,Q,D,S,D,S,A,N,S,V,A,S,Y,E,N,E,E,A,A,C,E,D,A,D,-,-,D,D,D,Y,N,N,E,G,Y,L,V,V,L,P,D,R,D,P,A,T,N,T,-,-,-,-,A,P,A,S,S,K,P,G,L,R,D,S,A,F,S,E,S,G,E,D,Y,V,N,V,P,E,S,E,E,S,A,D,A,S,L,N,G,S,R,E,Y,V,N,V,S,Q,E,L,Q,P,-,A,V,K,T,K,P,D,T,Q,N,S,Q,E,V,-,-,-,-,-,-,D,Y,E,N,L,-
Onychomys_torridus,M,E,A,D,T,L,S,P,L,E,L,G,L,L,L,L,P,L,L,V,T,L,A,A,L,C,V,R,C,R,E,L,S,Y,E,S,A,S,S,L,Y,P,R,S,I,L,I,K,P,P,I,T,V,P,R,Y,P,L,V,T,S,F,P,P,L,R,Q,D,L,L,P,I,P,R,S,P,Q,P,L,G,G,S,H,R,M,P,S,S,R,Q,D,S,D,D,A,N,S,V,A,S,Y,E,N,-,E,P,A,C,E,N,V,D,E,D,E,D,D,Y,P,N,E,G,Y,L,E,V,L,P,D,S,T,P,A,A,V,P,V,V,S,S,A,P,V,P,S,N,P,G,L,R,D,S,A,F,S,E,S,G,E,D,Y,V,N,V,P,E,S,E,E,S,A,E,A,S,L,D,G,S,R,E,Y,V,N,V,S,Q,E,L,Q,P,-,V,T,R,A,E,L,A,A,L,K,S,Q,E,V,-,-,E,E,A,P,D,Y,E,N,L,Q
Ornithorhynchus_anatinus,-,-,-,-,-,-,-,-,-,-,-,-,-,-,-,-,P,-,-,T,V,V,T,A,L,C,L,C,C,R,D,L,S,-,-,-,-,-,-,-,-,-,-,-,-,-,-,-,-,-,-,-,-,-,-,-,-,-,V,V,S,H,P,P,V,S,H,D,L,L,P,V,P,R,S,P,Q,N,L,V,G,S,H,-,-,-,-,-,-,-,-,-,-,-,-,-,S,V,P,S,Y,E,N,E,S,P,L,T,E,-,A,N,K,D,E,D,-,-,-,-,-,G,Y,L,E,V,L,P,E,S,-,-,-,-,-,-,-,-,-,-,-,-,-,-,-,-,-,-,-,-,-,-,-,-,-,-,-,-,-,-,-,-,-,-,-,-,-,-,-,-,-,-,-,-,-,-,-,-,-,-,-,-,-,-,-,-,-,-,-,-,-,-,-,-,-,-,-,-,-,-,-,-,-,-,-,-,E,E,E,R,P,D,Y,E,N,L,Q
Orycteropus_afer_afer,M,E,A,A,V,L,V,S,T,V,L,G,L,L,L,M,P,L,L,A,V,L,T,V,L,C,A,R,C,R,E,M,S,Y,D,S,A,S,G,L,Y,P,S,N,I,L,I,K,R,P,T,V,A,H,C,Y,P,P,V,A,C,H,P,P,L,S,Q,D,L,L,P,I,P,R,S,P,Q,P,P,G,S,S,H,R,I,P,P,S,Q,Q,D,S,D,G,A,N,S,V,A,S,Y,E,N,Q,E,P,A,C,E,D,T,D,E,D,E,E,D,Y,H,N,G,R,Y,L,V,V,L,P,D,S,S,P,A,S,S,T,A,V,P,S,A,P,A,P,S,K,S,G,L,R,D,S,A,F,S,E,S,G,D,E,Y,V,N,V,P,E,S,E,E,S,A,E,A,S,L,D,G,S,R,E,Y,V,N,V,S,Q,E,L,Q,P,-,V,A,R,T,E,T,A,T,P,S,S,Q,E,V,E,E,E,G,A,P,D,Y,E,N,L,Q
Oryctolagus_cuniculus,M,E,V,N,V,L,G,H,S,A,L,G,L,L,L,G,P,L,L,A,V,L,M,A,L,C,V,R,C,R,R,L,S,Y,N,S,A,S,G,L,Y,P,R,S,I,L,I,K,P,P,T,P,A,P,W,-,P,A,V,T,S,V,P,P,L,S,Q,D,L,L,P,I,P,R,S,P,Q,P,P,G,D,S,H,R,M,P,S,S,R,R,D,S,G,G,A,Q,S,V,A,S,Y,E,N,E,-,-,A,C,E,D,A,D,E,D,E,E,D,S,H,N,E,G,Y,L,E,V,L,P,D,D,S,P,A,T,S,G,P,G,P,S,A,P,A,P,G,N,P,G,L,R,D,S,A,F,S,E,S,G,D,D,Y,V,N,V,P,E,S,G,G,S,A,D,A,S,L,D,G,S,R,E,Y,V,N,V,S,Q,E,L,P,L,-,E,A,R,I,Q,P,A,T,L,S,A,P,E,A,E,D,E,E,A,P,D,Y,E,N,L,Q
Oryx_dammah,M,E,A,V,S,L,P,V,Y,V,L,G,P,L,L,L,P,L,L,A,V,L,M,A,L,C,V,R,C,R,E,L,S,Y,D,T,A,V,S,L,T,P,S,S,I,M,I,K,L,P,T,L,V,P,R,-,-,-,-,T,P,Y,P,L,P,S,Q,D,L,L,P,I,P,R,S,P,Q,P,L,G,G,S,H,R,M,A,S,S,R,Q,D,S,D,S,A,N,S,V,A,S,Y,E,N,E,E,A,A,C,E,D,A,D,D,Y,E,E,D,Y,N,N,E,G,Y,L,V,V,L,P,D,R,D,P,A,T,S,T,A,V,S,P,A,P,A,S,S,K,P,G,L,R,D,S,A,F,S,E,S,G,E,D,Y,V,N,V,P,E,S,E,E,S,A,D,A,S,L,N,G,S,R,E,Y,V,N,V,S,Q,E,L,Q,P,-,G,V,K,T,K,P,D,T,Q,N,S,Q,E,V,-,-,-,-,-,-,D,Y,E,N,L,-
Otolemur_garnettii,M,E,G,A,G,L,V,P,Y,V,L,G,L,L,L,L,P,F,L,A,V,L,L,A,L,C,V,R,C,R,E,L,S,Y,D,S,A,T,S,L,Y,P,R,S,I,L,I,K,P,A,T,L,A,P,W,Y,P,P,V,T,S,Y,P,P,L,S,Q,D,L,L,P,I,P,-,S,P,Q,P,P,G,G,S,H,R,M,P,S,S,R,Q,D,S,D,S,A,N,S,V,G,N,Y,E,N,E,D,H,R,C,E,D,E,N,D,D,E,D,D,Y,-,-,-,G,Y,L,K,V,L,P,D,S,T,S,A,A,S,P,A,A,L,S,A,P,V,S,S,N,P,G,L,R,D,S,A,F,S,E,S,S,K,D,Y,V,N,V,P,E,S,E,E,S,A,E,A,S,L,D,G,S,L,E,Y,V,N,V,S,Q,E,Q,Q,P,-,G,A,R,T,E,P,A,T,L,S,S,Q,E,V,E,E,E,G,A,P,D,Y,E,N,L,Q
Panthera_leo,M,E,A,V,V,L,I,P,Y,V,L,G,L,L,L,L,P,L,L,A,V,-,-,V,L,C,V,R,C,R,E,L,S,Y,D,N,T,A,S,L,A,P,S,S,I,V,I,K,R,P,T,L,A,T,W,Y,P,P,V,T,S,Y,P,P,L,S,Q,D,L,L,P,I,P,R,S,P,Q,P,P,G,G,S,H,R,M,P,S,S,R,Q,D,S,D,G,A,N,S,V,A,S,Y,E,N,E,E,P,A,C,E,D,D,D,E,-,E,E,D,Y,P,N,E,G,Y,L,E,V,L,P,D,S,T,P,A,T,G,T,A,V,P,P,A,P,A,P,S,N,P,G,L,R,D,S,A,F,S,E,S,G,E,D,Y,V,N,V,P,E,S,E,E,S,A,D,V,S,L,D,G,S,R,E,Y,V,N,V,S,Q,E,L,P,P,-,V,A,R,T,E,P,A,I,L,S,S,Q,-,-,E,E,E,G,A,P,D,Y,E,N,L,Q
Panthera_pardus,M,E,A,V,V,L,I,P,Y,V,L,G,L,L,L,L,P,L,L,A,V,-,-,V,L,C,V,R,C,R,E,L,S,Y,D,N,T,A,S,L,A,P,S,S,I,V,I,K,R,P,T,L,A,T,W,Y,P,P,V,T,S,Y,P,P,L,S,Q,D,L,L,P,I,P,R,S,P,Q,P,P,G,G,S,H,R,M,P,S,S,R,Q,D,S,D,G,A,N,S,V,A,S,Y,E,N,E,E,P,A,C,E,D,D,D,E,-,E,E,D,Y,P,N,E,G,Y,L,E,V,L,P,D,S,T,P,A,T,G,T,A,V,P,P,A,P,A,P,S,N,P,G,L,R,D,S,A,F,S,E,S,G,E,D,Y,V,N,V,P,E,S,E,E,S,A,D,V,S,L,D,G,S,R,E,Y,V,N,V,S,Q,E,L,P,P,-,V,A,R,T,E,P,A,I,L,S,S,Q,-,-,E,E,E,G,A,P,D,Y,E,N,L,Q
Panthera_uncia,M,E,A,V,V,L,I,P,Y,V,L,G,L,L,L,L,P,L,L,A,V,-,-,V,L,C,V,R,C,R,E,L,S,Y,D,N,T,A,S,L,A,P,S,S,I,V,I,K,R,P,T,L,A,T,W,Y,P,P,V,T,S,Y,P,P,L,S,Q,D,L,L,P,I,P,R,S,P,Q,P,P,G,G,S,H,R,M,P,S,S,R,Q,D,S,D,G,A,N,S,V,A,S,Y,E,N,E,E,P,A,C,E,D,D,D,E,-,E,E,D,Y,P,N,E,G,Y,L,E,V,L,P,D,S,T,P,A,T,G,T,A,V,P,P,A,P,A,P,S,N,P,G,L,R,D,S,A,F,S,E,S,G,E,D,Y,V,N,V,P,E,S,E,E,S,A,D,V,S,L,D,G,S,R,E,Y,V,N,V,S,Q,E,L,P,P,-,V,A,R,T,E,P,A,I,L,S,S,Q,-,-,E,E,E,G,A,P,D,Y,E,N,L,Q
Perognathus_longimembris_pacificus,M,E,T,S,G,L,T,P,F,A,L,G,L,L,L,L,P,V,L,A,T,L,A,A,L,C,A,R,C,R,E,L,S,T,N,M,D,S,S,L,Y,P,R,S,I,L,I,K,P,P,T,P,A,H,W,-,P,P,V,T,S,Y,P,P,L,T,R,D,L,L,P,I,P,R,S,P,Q,P,L,V,G,S,H,Q,L,P,S,S,Q,Q,D,S,D,G,A,N,S,V,A,S,Y,E,N,Q,E,P,V,C,E,D,E,E,E,D,E,D,D,Y,P,N,E,G,Y,L,V,V,L,P,D,S,T,P,A,T,S,P,A,V,A,S,A,P,V,P,S,N,P,G,L,R,D,S,A,F,S,E,S,G,E,D,Y,V,N,V,P,E,S,G,E,S,A,D,A,S,L,D,G,S,R,E,Y,V,N,V,-,-,-,-,-,-,-,-,-,-,-,-,-,-,-,-,-,-,-,-,-,-,-,-,-,-,-,-,-,-,-,-,-
Peromyscus_californicus_insignis,M,A,A,D,T,L,S,P,L,E,L,G,L,L,L,L,P,L,L,V,T,L,A,A,L,C,V,R,C,R,E,L,S,Y,E,S,A,S,S,L,Y,P,R,S,I,L,I,K,P,P,I,T,V,P,R,Y,P,L,V,T,S,F,P,P,L,R,Q,D,L,L,P,I,P,R,S,P,Q,P,L,G,G,S,H,R,V,P,S,S,R,Q,D,S,E,D,A,N,S,V,A,S,Y,E,N,Q,E,P,A,C,E,N,V,D,E,D,E,D,D,Y,P,N,E,G,Y,L,E,V,L,P,D,S,T,P,A,A,V,P,V,V,S,S,A,P,V,P,S,N,P,G,L,R,D,S,A,F,S,E,S,G,E,D,Y,V,N,V,P,E,S,E,E,S,A,E,A,S,L,D,G,S,R,E,Y,V,N,V,S,Q,E,L,Q,P,-,V,T,G,A,E,L,A,T,L,K,S,Q,E,V,-,-,E,E,A,P,D,Y,E,N,L,Q
Peromyscus_leucopus,M,E,A,D,A,L,S,P,L,E,L,G,L,L,L,L,P,L,L,V,T,L,A,A,L,C,V,R,C,R,E,L,S,Y,E,S,A,S,S,L,Y,P,R,S,I,L,I,K,P,P,I,T,V,P,R,Y,P,L,V,T,S,F,P,P,L,R,Q,D,L,L,P,I,P,R,S,P,Q,P,L,G,G,S,H,R,M,P,S,S,R,Q,D,S,E,D,A,N,S,V,A,S,Y,E,N,-,E,P,A,C,E,N,V,D,E,D,E,D,D,Y,P,N,E,G,Y,L,E,V,L,P,D,S,T,P,A,A,V,P,V,V,S,S,A,P,V,P,S,N,P,G,L,R,D,S,A,F,S,E,S,G,E,D,Y,V,N,V,P,E,S,E,E,S,A,E,A,S,L,D,G,S,R,E,Y,V,N,V,S,Q,E,L,Q,P,-,V,T,G,A,E,L,A,T,L,K,S,Q,E,V,-,-,E,E,A,P,D,Y,E,N,L,Q
Peromyscus_maniculatus_bairdii,M,E,A,D,A,L,S,P,L,E,L,G,L,L,L,L,P,L,L,V,T,L,A,A,L,C,V,R,C,R,E,L,S,Y,E,S,A,S,S,L,Y,P,R,S,I,L,I,K,P,P,I,T,V,P,R,Y,P,L,V,T,S,F,P,P,L,R,Q,D,L,L,P,I,P,R,S,P,Q,P,L,G,G,S,H,R,M,P,S,S,R,Q,D,S,E,D,A,N,S,V,A,S,Y,E,N,-,E,P,A,C,E,N,V,D,E,D,E,D,D,Y,P,N,E,G,Y,L,E,V,L,P,D,S,T,P,A,A,V,P,V,A,S,S,A,P,V,P,S,N,P,G,L,R,D,S,A,F,S,E,S,G,E,D,Y,V,N,V,P,E,S,E,E,S,A,E,A,S,L,D,G,S,R,E,Y,V,N,V,S,Q,E,L,Q,P,-,G,T,G,A,E,L,A,T,L,K,S,Q,E,V,-,-,E,E,A,P,D,Y,E,N,L,Q
Phascolarctos_cinereus,M,E,T,T,S,L,G,P,S,L,L,W,L,L,I,L,L,F,P,A,L,V,T,A,L,C,L,C,C,R,D,F,T,N,T,S,W,V,-,-,-,-,-,-,-,-,-,-,-,-,-,-,-,-,-,-,-,-,-,-,-,-,-,-,S,C,Q,D,L,L,P,I,P,R,S,P,Q,H,P,G,L,S,H,R,I,-,T,S,R,R,D,A,D,-,T,R,S,E,P,S,Y,E,N,E,E,P,-,-,E,D,A,-,-,E,E,D,D,Y,H,N,E,G,Y,L,E,V,L,P,D,D,C,P,N,S,-,-,-,-,-,-,-,-,-,-,S,S,P,G,L,R,D,S,P,S,S,V,W,G,E,D,Y,V,N,V,-,-,-,L,E,S,T,E,V,S,L,G,G,S,C,E,Y,V,N,G,-,-,-,-,-,-,-,-,-,-,-,-,-,-,-,-,-,-,-,-,-,-,E,E,E,G,P,D,Y,E,N,V,Q
Phoca_vitulina,M,E,A,V,V,L,I,P,C,V,L,G,L,L,L,L,P,L,L,A,V,-,-,A,L,C,V,R,C,R,E,L,S,Y,D,T,A,A,S,L,T,P,S,S,I,M,L,K,R,P,T,V,V,P,W,Y,A,P,V,T,S,Y,P,P,L,S,Q,D,L,L,P,I,P,R,S,P,Q,P,-,-,-,-,H,R,M,P,S,S,R,P,D,S,D,G,A,N,S,V,A,S,Y,E,N,E,E,P,A,C,E,D,-,D,E,-,E,E,D,Y,H,N,E,G,Y,L,V,V,L,P,D,S,T,P,A,S,S,S,A,V,P,P,A,P,V,P,S,N,P,G,L,R,D,S,A,F,S,E,S,G,E,D,Y,V,N,V,L,E,S,E,E,S,A,D,V,S,L,D,G,S,R,E,Y,V,N,V,S,Q,E,L,P,P,-,M,A,R,T,E,P,A,I,L,S,S,Q,K,V,E,E,E,G,A,P,D,Y,E,N,L,-
Phodopus_roborovskii,M,E,A,D,T,L,S,P,V,G,L,G,L,L,L,L,P,V,L,V,T,L,A,A,L,C,V,R,C,R,E,M,S,Y,D,S,V,S,S,L,Y,P,R,S,I,L,I,K,P,S,T,T,F,S,R,Y,P,L,V,T,S,F,P,P,L,R,Q,D,L,L,P,I,P,R,S,P,Q,P,L,G,G,S,H,Q,T,P,S,S,R,Q,D,S,D,D,A,N,S,V,A,S,Y,E,N,-,E,P,A,C,E,N,V,D,E,D,D,D,D,Y,P,N,E,G,Y,L,V,V,L,P,D,S,T,P,A,N,I,P,V,V,S,S,A,P,V,P,S,N,P,D,L,R,D,S,A,F,S,E,S,G,E,D,Y,V,N,V,P,E,G,E,G,S,A,Q,A,S,L,D,G,S,R,E,Y,V,N,V,S,Q,E,L,Q,P,-,V,A,R,A,E,L,D,T,M,K,S,Q,E,V,-,-,E,E,A,P,D,Y,E,N,L,Q
Prionailurus_bengalensis_euptilurus,-,-,-,-,-,-,-,-,-,-,-,-,-,-,-,-,-,-,-,-,-,-,-,-,-,-,-,-,-,-,-,-,-,-,-,-,-,-,-,-,-,-,-,-,-,-,-,-,-,-,-,-,-,-,-,-,-,-,-,-,-,-,-,-,-,-,-,-,-,-,-,-,-,-,-,-,-,-,-,-,-,-,-,-,-,-,-,-,-,-,-,-,-,-,-,-,-,-,-,-,-,-,-,-,-,-,-,-,-,-,-,-,-,-,-,-,-,-,-,-,-,-,-,-,-,-,-,-,-,-,-,-,-,-,-,-,-,-,-,-,-,-,-,-,-,-,-,-,-,-,-,-,-,-,-,-,-,-,-,-,-,-,-,-,-,-,-,-,-,-,-,-,-,-,-,-,-,-,-,-,-,-,-,-,-,-,-,-,-,-,-,-,-,-,-,-,-,-,-,-,-,-,-,-,-,-,-,-,-,-,-,-,-,-,-,-,-
Puma_concolor,M,E,A,V,V,L,I,P,Y,V,L,G,L,L,L,L,P,L,L,A,V,-,-,V,L,C,V,R,C,R,E,L,S,Y,D,N,T,A,S,L,A,P,S,S,I,V,I,K,R,P,T,L,A,T,W,Y,P,P,V,T,S,Y,P,P,L,S,Q,D,L,L,P,I,P,R,S,P,Q,P,P,G,G,S,H,R,M,P,S,S,R,Q,D,S,D,G,A,N,S,V,A,S,Y,E,N,E,E,P,A,C,E,D,D,D,E,-,E,E,D,Y,P,N,E,G,Y,L,E,V,L,P,D,S,T,P,T,T,G,T,A,V,P,P,A,P,A,P,S,N,P,G,L,R,D,S,A,F,S,E,S,G,E,D,Y,V,N,V,P,E,S,E,E,S,A,D,V,S,L,D,G,S,R,E,Y,V,N,V,S,Q,E,L,P,P,-,V,A,R,T,E,P,A,I,L,S,S,Q,-,-,E,E,E,G,A,P,D,Y,E,N,L,Q
Puma_yagouaroundi,M,E,A,V,F,L,I,P,Y,V,L,G,L,L,L,L,P,L,L,A,V,-,-,V,L,C,V,R,C,R,E,L,S,Y,D,N,T,A,S,L,A,P,S,S,I,V,I,K,R,P,T,L,A,T,W,Y,P,P,V,T,S,Y,P,P,L,S,Q,D,L,L,P,I,P,R,S,P,Q,P,P,G,G,S,H,R,M,P,S,S,R,Q,D,S,D,G,A,N,S,V,A,S,Y,E,N,E,E,P,A,C,E,D,D,D,E,-,E,E,D,Y,P,N,E,G,Y,L,E,V,L,P,D,S,T,P,A,T,G,T,A,V,P,P,A,P,A,P,S,N,P,G,L,R,D,S,A,F,S,E,S,G,E,D,Y,V,N,V,P,E,S,E,E,S,A,D,V,S,L,D,G,S,R,E,Y,V,N,V,S,Q,E,L,P,P,-,V,A,R,T,E,P,A,I,L,S,S,Q,-,-,E,E,E,G,A,P,D,Y,E,N,L,Q
Rattus_norvegicus,M,E,A,D,A,L,S,P,V,E,L,G,L,L,L,L,P,F,V,V,M,L,A,A,L,C,V,R,C,R,E,L,S,Y,D,S,A,S,S,L,Y,P,R,S,I,L,I,K,P,P,I,T,V,P,R,Y,P,L,V,T,S,F,P,P,L,R,Q,D,L,L,P,I,P,R,S,P,Q,P,L,G,G,S,H,R,M,P,S,S,R,Q,N,S,D,D,A,N,S,V,A,S,Y,E,N,Q,E,P,A,R,K,N,V,D,E,D,E,D,D,Y,P,E,-,G,Y,L,V,V,L,P,D,S,S,P,A,A,V,P,V,V,S,S,A,P,V,P,S,N,P,D,L,G,D,S,A,F,S,E,S,C,E,D,Y,V,N,V,P,E,S,E,E,S,A,E,A,S,L,D,G,S,R,E,Y,V,N,V,S,Q,D,A,Q,P,-,V,I,R,A,E,L,A,S,V,T,S,Q,E,V,-,-,E,E,A,P,D,Y,E,N,L,Q
Rattus_rattus,M,E,V,D,A,L,S,P,V,E,L,G,L,L,L,L,P,F,L,V,M,L,A,A,L,C,V,R,C,R,E,L,S,Y,D,S,A,S,S,L,Y,P,R,S,I,L,I,K,P,P,I,T,V,P,R,Y,P,L,V,T,S,F,P,P,L,R,Q,D,L,L,P,I,P,R,S,P,Q,P,L,G,G,S,H,R,M,P,S,S,R,Q,N,S,D,D,A,N,S,V,A,S,Y,E,N,Q,E,P,A,R,K,N,V,D,E,D,E,D,D,Y,P,E,-,G,Y,L,-,-,-,-,-,-,-,-,-,-,-,-,-,-,-,-,-,-,-,-,-,-,-,-,-,-,-,-,-,-,-,-,-,-,-,-,-,-,-,-,-,-,-,-,-,-,-,-,-,-,-,-,-,-,-,-,-,-,-,-,-,-,-,-,-,-,-,-,-,-,-,-,-,-,-,-,-,-,-,-,-,-,-,-,-,-,-,-,-,-,-,-,-
Sarcophilus_harrisii,-,-,-,-,-,-,-,-,-,-,-,-,-,-,-,-,-,-,-,-,-,-,-,A,L,C,L,C,C,R,D,L,A,-,-,-,-,-,-,-,-,-,-,-,-,-,-,-,-,-,-,-,-,-,-,-,-,-,-,-,-,-,-,-,P,C,P,D,L,L,P,I,P,R,S,P,Q,P,P,E,P,S,R,R,I,P,S,S,R,R,D,P,D,-,T,R,S,E,P,S,Y,E,N,E,E,P,-,-,E,D,A,-,-,E,E,D,D,Y,H,N,E,G,Y,L,L,V,L,P,D,N,-,-,-,-,-,-,-,-,-,-,-,-,-,-,-,-,P,G,L,R,E,S,P,S,S,M,C,G,D,D,Y,V,N,V,S,A,-,S,E,S,T,E,V,S,L,G,G,S,C,E,Y,V,N,V,-,-,-,-,-,-,-,-,-,-,-,-,-,-,-,-,-,-,-,-,-,-,E,E,E,G,P,D,Y,E,N,V,Q
Suncus_etruscus,M,D,T,A,V,P,G,S,Y,E,L,G,L,V,L,L,P,L,L,A,V,L,-,A,L,C,L,R,C,R,D,L,-,-,-,-,-,-,-,-,-,-,-,-,-,-,-,-,-,-,-,-,-,-,-,-,-,-,-,-,-,-,-,-,-,-,-,-,-,-,-,-,-,-,-,-,-,P,L,G,G,S,H,E,A,P,S,S,L,Q,D,S,D,G,A,D,S,V,P,S,Y,E,N,E,-,-,-,-,-,-,R,D,E,E,E,D,N,-,-,N,G,G,Y,L,M,V,L,P,D,D,V,P,A,S,G,T,V,A,-,-,Q,P,A,P,S,K,P,G,L,R,D,S,A,F,S,E,S,G,D,D,Y,V,N,V,P,D,S,G,E,S,A,D,A,S,L,D,G,S,Q,E,Y,V,N,V,S,Q,E,L,H,P,-,A,P,S,T,E,P,A,T,-,-,-,-,-,-,E,E,E,E,G,P,D,Y,E,N,L,Q
Sus_scrofa,M,E,A,V,S,L,I,P,Y,A,L,G,L,L,L,L,P,L,L,A,V,L,M,A,L,C,V,R,C,R,E,L,S,Y,D,T,A,A,S,L,T,P,S,S,I,V,I,K,R,P,T,L,A,P,W,Y,P,P,M,T,S,Y,P,P,L,S,Q,D,L,L,P,I,P,R,S,P,Q,P,P,G,G,S,H,R,M,P,S,S,R,Q,D,S,D,G,A,N,S,V,A,S,Y,E,N,E,E,P,V,C,E,D,A,D,E,D,E,E,D,Y,H,N,E,G,Y,L,V,V,L,P,D,S,V,P,A,T,G,A,T,V,P,A,A,P,A,S,N,K,P,G,L,R,D,S,A,F,S,E,S,G,E,D,Y,V,N,V,P,E,S,E,E,S,A,D,A,S,L,N,G,S,R,E,Y,V,N,V,S,Q,E,L,Q,P,-,V,A,K,T,K,P,A,T,V,R,S,Q,E,V,-,-,-,-,-,-,D,Y,E,N,L,Q
Tachyglossus_aculeatus,-,-,-,-,-,-,-,-,-,-,-,-,-,-,L,L,P,-,-,T,V,V,T,A,L,C,L,C,C,R,D,L,-,-,-,-,-,-,-,-,-,-,-,-,-,-,-,-,-,-,-,-,-,-,-,-,-,-,-,-,S,H,P,P,V,S,H,D,L,L,P,V,P,R,S,P,Q,N,L,V,G,S,-,-,-,-,-,-,-,-,-,-,-,-,-,-,S,V,P,S,Y,E,N,E,S,P,L,T,E,-,A,N,K,D,E,D,-,-,-,-,-,G,Y,L,E,V,L,P,-,-,-,-,-,-,-,-,-,-,-,-,-,-,-,-,-,-,-,-,-,R,D,S,A,S,S,-,-,-,-,-,-,-,-,-,-,-,-,-,-,-,-,-,-,-,-,-,-,-,-,-,-,-,-,-,-,-,-,-,-,-,-,-,-,-,-,-,-,-,-,-,-,-,-,-,-,S,E,E,E,R,P,D,Y,E,N,L,Q
Talpa_occidentalis,M,E,A,A,T,L,L,S,Y,E,L,G,L,L,L,L,P,L,L,A,V,L,M,A,L,C,V,R,C,R,D,L,S,Y,D,S,A,T,S,L,T,T,G,G,-,L,I,K,P,S,T,L,S,P,W,Y,P,P,V,T,S,Y,P,P,L,S,Q,D,L,L,P,I,P,R,S,P,Q,P,S,G,S,S,H,R,M,P,A,P,R,Q,D,S,D,G,A,N,S,V,A,S,Y,E,N,-,-,P,V,C,E,D,K,D,-,-,E,E,D,E,H,N,E,G,Y,L,V,V,L,P,D,N,T,P,A,T,V,S,A,V,P,P,A,P,G,P,N,N,T,G,L,R,D,S,N,F,S,E,S,G,E,D,Y,V,N,V,Q,E,S,E,E,S,G,N,A,S,L,D,G,S,R,E,Y,V,N,V,S,E,E,L,Q,P,-,P,A,R,T,E,R,A,T,K,N,S,Q,E,L,E,E,E,E,L,P,D,Y,E,N,L,Q
Trichechus_manatus_latirostris,M,E,T,A,V,V,V,S,T,V,L,G,L,L,L,L,P,L,L,I,V,L,A,V,L,C,L,R,C,R,E,L,S,Y,E,T,A,S,S,L,Y,P,S,N,I,L,I,K,R,P,T,L,A,P,W,Y,P,P,V,T,S,Y,P,P,L,S,E,D,L,L,P,I,P,R,S,P,Q,P,P,G,G,T,H,R,M,P,S,S,R,K,D,S,D,A,A,N,S,V,A,S,Y,E,N,E,E,A,A,C,E,D,M,D,E,D,E,E,D,Y,H,N,E,G,Y,L,E,V,L,P,D,S,T,P,A,T,S,T,A,V,P,P,A,P,V,L,S,N,P,G,L,R,D,S,A,F,S,E,S,G,E,D,Y,V,N,V,P,E,S,E,E,S,A,E,A,S,L,D,G,S,R,E,Y,V,N,V,S,Q,E,L,Q,P,-,A,A,R,T,E,P,A,T,S,S,S,Q,D,V,E,E,E,G,A,P,D,Y,E,N,L,-
Trichosurus_vulpecula,-,-,-,-,-,-,-,-,-,-,L,W,L,L,I,L,L,F,P,A,L,V,T,A,L,C,L,C,C,R,D,L,I,N,T,T,Y,G,-,-,-,-,-,-,-,-,-,-,-,-,-,-,-,-,-,-,-,-,-,-,-,-,-,-,P,S,Q,E,R,L,P,I,P,N,S,P,R,P,P,G,V,-,-,-,-,-,-,-,-,R,D,L,D,-,T,R,S,E,P,S,Y,E,N,E,E,P,-,-,E,D,A,-,-,E,D,E,D,Y,P,N,E,G,Y,L,E,V,L,P,D,S,C,P,-,-,-,-,-,-,-,-,-,-,-,-,-,-,P,G,L,R,D,S,P,S,S,M,H,G,D,D,Y,V,N,V,-,-,-,P,E,S,T,E,V,S,L,G,G,S,C,E,Y,V,N,V,-,-,-,-,-,-,-,-,-,-,-,-,-,-,-,-,-,-,-,-,-,-,E,E,E,G,P,D,Y,E,N,V,Q
Ursus_arctos_horribilis,-,-,-,-,-,-,-,-,-,-,-,-,-,-,-,-,-,-,-,-,-,-,-,-,-,-,-,-,-,-,-,-,-,-,-,-,-,-,-,-,-,-,-,-,-,-,-,-,-,-,-,-,-,-,-,-,-,-,-,-,-,-,-,-,-,-,-,-,-,-,-,-,-,-,-,-,-,-,-,-,-,-,-,-,-,-,-,-,-,-,-,-,-,-,-,-,-,-,-,-,-,-,-,-,-,-,-,-,-,-,-,-,-,-,-,-,-,-,-,-,-,-,-,-,-,-,-,-,-,-,-,-,-,-,-,-,-,-,-,-,-,-,-,-,-,-,-,-,-,-,-,-,-,-,-,-,-,-,-,-,-,-,-,-,-,-,-,-,-,-,-,-,-,-,-,-,-,-,-,-,-,-,-,-,-,-,-,-,-,-,-,-,-,-,-,-,-,-,-,-,-,-,-,-,-,-,-,-,-,-,-,-,-,-,-,-,-
Vombatus_ursinus,M,E,T,T,S,L,G,P,S,L,L,W,L,L,I,L,L,F,P,A,L,V,T,A,L,C,L,C,C,R,D,L,-,-,-,-,-,-,-,-,-,-,-,-,-,-,-,-,-,-,-,-,-,-,-,-,-,-,-,-,-,-,-,-,-,-,-,D,L,L,P,I,P,R,S,P,Q,H,P,G,L,S,N,R,I,-,T,S,R,R,D,A,D,-,T,R,S,E,P,S,Y,E,N,E,E,P,-,-,E,D,A,-,-,E,E,D,D,Y,H,N,E,G,Y,L,E,V,L,P,D,D,C,P,-,-,-,-,-,-,-,-,-,-,-,-,-,-,P,G,L,R,D,S,P,S,S,V,W,G,E,D,Y,V,N,V,-,-,-,S,E,S,T,E,V,S,L,G,G,S,C,E,Y,V,N,V,-,-,-,-,-,-,-,-,-,-,-,-,-,-,-,-,-,-,-,-,-,-,E,E,E,G,P,D,Y,E,N,V,Q
Vulpes_lagopus,M,E,A,V,V,L,I,P,Y,M,L,G,L,L,L,L,P,L,L,A,V,-,-,V,L,C,V,R,C,R,E,L,S,Y,D,S,T,A,S,L,T,P,S,S,I,V,L,K,R,P,T,V,V,P,W,Y,G,P,V,T,S,Y,L,P,L,S,Q,D,L,L,P,I,P,R,S,P,Q,P,P,G,G,S,H,R,M,P,S,S,R,Q,D,S,D,G,A,N,S,V,A,S,Y,E,N,E,-,-,-,C,E,D,N,D,E,-,E,E,E,Y,H,N,E,G,Y,L,E,V,L,P,D,S,T,P,A,T,G,T,A,V,P,P,A,P,V,P,S,N,P,S,L,R,D,S,A,F,S,E,S,G,E,D,Y,V,N,V,P,E,S,K,E,S,A,N,A,S,L,D,G,S,R,E,Y,V,N,V,S,Q,E,L,P,S,-,L,A,G,T,D,P,A,I,L,S,S,Q,E,V,E,E,E,G,A,P,D,Y,E,N,L,Q
Vulpes_vulpes,M,E,A,V,V,L,I,P,Y,M,L,G,L,L,L,L,P,L,L,A,V,-,-,V,L,C,V,R,C,R,E,L,S,Y,D,S,T,A,S,L,T,P,S,S,I,V,L,K,R,P,T,V,V,P,W,Y,G,P,V,T,S,Y,L,P,L,S,Q,D,L,L,P,I,P,R,S,P,Q,P,P,G,G,S,H,R,M,P,S,S,R,Q,D,S,D,G,A,N,S,V,A,S,Y,E,N,E,-,-,-,C,E,D,N,D,E,-,E,E,E,Y,H,N,E,G,Y,L,E,V,L,P,D,S,T,P,A,T,G,T,A,V,P,P,A,P,V,P,S,N,P,S,L,R,D,S,A,F,S,E,S,G,E,D,Y,V,N,V,P,E,S,K,E,S,A,N,A,S,L,D,G,S,R,E,Y,V,N,V,S,Q,E,L,P,T,-,L,A,G,T,D,P,A,I,L,S,S,Q,E,V,E,E,E,G,A,P,D,Y,E,N,L,Q
Zalophus_californianus,M,E,A,V,V,L,I,P,C,V,L,G,L,L,L,L,P,L,L,A,G,-,-,A,L,C,V,R,C,R,E,L,S,Y,D,T,A,A,S,L,T,P,S,S,I,V,L,K,R,P,T,V,V,P,W,Y,A,P,V,T,S,Y,P,S,L,S,Q,D,L,L,P,I,P,R,S,P,Q,P,-,-,-,-,H,H,M,P,S,S,R,Q,D,S,E,G,A,N,S,V,A,S,Y,E,N,E,E,P,V,C,E,D,E,E,E,-,E,E,D,Y,H,N,E,G,Y,L,E,V,L,P,D,S,T,P,A,P,S,S,A,V,P,P,A,S,V,P,S,N,P,G,L,R,D,S,A,F,S,E,S,G,E,D,Y,V,N,V,L,E,S,E,E,S,A,D,V,S,L,D,G,S,R,E,Y,V,N,V,S,Q,E,L,P,P,-,M,A,K,T,E,P,A,I,L,S,S,Q,K,V,E,E,E,G,A,P,D,Y,E,N,L,-
shrew_mole,M,E,A,A,S,L,I,S,Y,E,L,G,L,L,V,L,P,L,L,A,V,L,M,A,L,C,V,R,C,R,D,Q,S,Y,D,S,A,T,G,V,N,T,G,G,F,M,L,K,P,S,T,S,L,P,V,Y,P,P,V,T,S,N,P,S,L,N,P,D,V,L,P,I,L,R,S,T,Q,S,S,G,G,S,H,C,M,T,S,P,R,Q,D,S,D,G,A,N,S,V,A,S,Y,E,N,Q,G,P,V,C,E,D,E,E,-,E,E,E,D,Y,T,N,G,R,Y,L,V,V,L,P,D,S,N,A,G,T,S,T,T,A,G,P,A,P,G,P,S,A,P,S,L,R,D,S,N,F,S,E,S,G,E,D,Y,V,N,V,P,E,S,K,E,S,G,N,A,S,L,N,G,S,R,E,Y,V,N,V,C,E,E,L,Q,P,-,A,A,E,T,E,S,A,T,R,S,S,Q,E,L,E,E,E,G,P,P,D,Y,E,N,L,Q
ZWS,M,E,T,D,A,L,T,S,L,T,L,G,L,L,L,L,P,L,L,A,T,L,A,A,L,C,V,R,C,R,E,L,S,Y,D,S,A,S,S,S,Y,P,T,S,I,L,I,K,P,P,Q,K,L,P,V,Y,P,P,V,T,S,F,P,P,L,S,Q,D,L,L,P,I,P,R,S,P,Q,P,P,G,S,T,H,R,M,P,P,P,R,Q,D,S,D,G,A,S,S,A,A,S,Y,E,N,Q,E,P,G,C,E,N,K,D,E,D,E,E,D,Y,P,N,E,G,Y,L,E,V,L,P,D,S,T,P,A,T,S,P,A,V,V,P,G,P,A,G,G,N,P,G,L,R,D,S,A,F,S,E,S,G,E,D,Y,V,N,V,P,E,S,E,E,S,A,E,A,S,L,D,G,S,R,E,Y,V,N,V,S,Q,E,L,Q,P,-,A,A,R,A,E,P,A,A,L,S,S,Q,G,V,E,E,E,E,V,P,D,Y,E,N,V,Q
