,LTB 0,LTB 1,LTB 2,LTB 3,LTB 4,LTB 5,LTB 6,LTB 7,LTB 8,LTB 9,LTB 10,LTB 11,LTB 12,LTB 13,LTB 14,LTB 15,LTB 16,LTB 17,LTB 18,LTB 19,LTB 20,LTB 21,LTB 22,LTB 23,LTB 24,LTB 25,LTB 26,LTB 27,LTB 28,LTB 29,LTB 30,LTB 31,LTB 32,LTB 33,LTB 34,LTB 35,LTB 36,LTB 37,LTB 38,LTB 39,LTB 40,LTB 41,LTB 42,LTB 43,LTB 44,LTB 45,LTB 46,LTB 47,LTB 48,LTB 49,LTB 50,LTB 51,LTB 52,LTB 53,LTB 54,LTB 55,LTB 56,LTB 57,LTB 58,LTB 59,LTB 60,LTB 61,LTB 62,LTB 63,LTB 64,LTB 65,LTB 66,LTB 67,LTB 68,LTB 69,LTB 70,LTB 71,LTB 72,LTB 73,LTB 74,LTB 75,LTB 76,LTB 77,LTB 78,LTB 79,LTB 80,LTB 81,LTB 82,LTB 83,LTB 84,LTB 85,LTB 86,LTB 87,LTB 88,LTB 89,LTB 90,LTB 91,LTB 92,LTB 93,LTB 94,LTB 95,LTB 96,LTB 97,LTB 98,LTB 99,LTB 100,LTB 101,LTB 102,LTB 103,LTB 104,LTB 105,LTB 106,LTB 107,LTB 108,LTB 109,LTB 110,LTB 111,LTB 112,LTB 113,LTB 114,LTB 115,LTB 116,LTB 117,LTB 118,LTB 119,LTB 120,LTB 121,LTB 122,LTB 123,LTB 124,LTB 125,LTB 126,LTB 127,LTB 128,LTB 129,LTB 130,LTB 131,LTB 132,LTB 133,LTB 134,LTB 135,LTB 136,LTB 137,LTB 138,LTB 139,LTB 140,LTB 141,LTB 142,LTB 143,LTB 144,LTB 145,LTB 146,LTB 147,LTB 148,LTB 149,LTB 150,LTB 151,LTB 152,LTB 153,LTB 154,LTB 155,LTB 156,LTB 157,LTB 158,LTB 159,LTB 160,LTB 161,LTB 162,LTB 163,LTB 164,LTB 165,LTB 166,LTB 167,LTB 168,LTB 169,LTB 170,LTB 171,LTB 172,LTB 173,LTB 174,LTB 175,LTB 176,LTB 177,LTB 178,LTB 179,LTB 180,LTB 181,LTB 182,LTB 183,LTB 184,LTB 185,LTB 186,LTB 187,LTB 188,LTB 189,LTB 190,LTB 191,LTB 192,LTB 193,LTB 194,LTB 195,LTB 196,LTB 197,LTB 198,LTB 199,LTB 200,LTB 201,LTB 202,LTB 203,LTB 204,LTB 205,LTB 206,LTB 207,LTB 208,LTB 209,LTB 210,LTB 211,LTB 212,LTB 213,LTB 214,LTB 215,LTB 216,LTB 217,LTB 218,LTB 219,LTB 220,LTB 221,LTB 222,LTB 223,LTB 224,LTB 225,LTB 226,LTB 227,LTB 228,LTB 229,LTB 230,LTB 231,LTB 232,LTB 233,LTB 234,LTB 235,LTB 236,LTB 237,LTB 238,LTB 239,LTB 240,LTB 241,LTB 242,LTB 243
Chrysochloris_asiatica,M,E,A,Q,G,L,E,G,R,G,K,R,P,Q,G,R,G,C,L,L,L,A,V,A,G,A,I,V,L,G,S,V,V,L,S,V,P,I,T,V,L,T,V,L,A,L,V,P,Q,E,R,G,G,L,V,T,E,T,A,D,L,G,R,Q,A,Q,Q,Q,L,E,F,Q,K,L,P,E,E,T,E,E,T,D,P,S,L,R,L,P,A,A,H,L,I,G,S,W,K,D,G,Q,R,L,D,W,E,T,K,N,E,E,A,F,L,R,S,G,T,Q,F,S,D,A,E,G,L,A,L,P,Q,D,G,L,Y,Y,L,Y,C,Y,I,G,Y,R,G,R,A,P,P,A,G,R,G,F,L,G,R,S,V,T,L,R,S,S,L,Y,R,T,G,G,A,Y,G,P,G,I,P,Q,L,L,L,E,G,A,E,T,V,T,S,V,L,D,L,P,R,M,Q,G,Y,G,P,L,W,F,T,S,V,G,F,G,G,L,V,Q,L,R,R,G,E,R,V,Y,V,N,I,S,H,P,D,M,V,D,Y,R,R,G,K,T,F,F,G,A,V,M,V,G
Balaenoptera_acutorostrata_scammoni,M,G,A,L,G,L,E,C,R,G,R,R,P,Q,G,K,G,C,L,L,L,A,V,A,G,A,T,S,L,V,T,L,L,L,A,V,P,I,T,A,L,A,V,L,A,L,V,P,Q,E,Q,G,G,L,V,T,G,T,A,D,P,G,A,Q,A,H,Q,R,F,E,S,G,E,L,P,E,E,E,A,E,T,D,L,S,P,R,L,P,A,A,H,L,I,G,A,W,T,R,G,Q,G,L,G,W,E,A,K,K,E,E,A,F,L,R,S,G,T,Q,F,S,G,A,E,G,L,A,L,P,Q,D,G,L,Y,Y,L,Y,C,H,V,G,Y,R,G,R,A,P,P,P,G,G,D,P,L,D,R,S,V,T,L,L,S,R,L,Y,R,A,G,G,A,Y,G,S,G,S,P,E,L,L,L,E,G,A,E,T,V,T,P,V,L,D,P,A,R,R,H,E,Y,G,P,L,W,Y,T,S,V,G,F,G,G,L,V,Q,L,R,R,G,E,R,V,Y,V,N,I,S,H,P,D,M,V,D,Y,R,R,G,K,T,F,F,G,A,V,M,V,G
Balaenoptera_musculus,M,G,A,L,G,L,E,C,R,G,R,R,P,Q,G,K,G,C,L,L,L,A,V,A,G,A,T,S,L,V,T,L,L,L,A,V,P,I,T,V,L,A,V,L,A,L,V,P,Q,E,Q,G,G,L,V,T,G,T,A,D,P,G,A,Q,A,H,Q,R,F,E,S,G,E,L,P,E,E,E,A,E,T,D,L,S,P,R,L,P,A,A,H,L,I,G,A,W,T,R,G,Q,G,L,G,W,E,A,K,K,E,E,A,F,L,R,S,G,T,Q,F,S,G,A,E,G,L,A,L,P,Q,D,G,L,Y,Y,L,Y,C,H,V,G,Y,R,G,R,A,P,P,P,G,G,D,P,L,D,R,S,V,T,L,L,S,R,L,Y,R,A,G,G,A,Y,G,S,G,S,P,E,L,L,L,E,G,A,E,T,V,T,P,V,L,D,P,A,R,R,H,E,Y,G,P,L,W,Y,T,S,V,G,F,G,G,L,V,Q,L,R,R,G,E,R,V,Y,V,N,I,S,H,P,D,M,V,D,Y,R,R,G,K,T,F,F,G,A,V,M,V,G
Echinops_telfairi,M,E,A,L,G,L,E,G,Q,G,G,R,S,Q,G,R,G,C,L,L,L,A,V,A,G,A,I,V,L,G,S,V,V,L,S,V,P,I,T,V,L,T,V,L,A,L,V,P,Q,E,R,G,G,L,-,-,-,-,-,-,-,-,-,-,-,-,-,-,-,-,-,-,-,-,-,-,-,-,-,-,-,-,-,-,-,-,-,-,-,-,-,-,-,-,-,-,-,-,-,-,-,-,-,-,-,-,-,-,-,-,-,-,-,-,-,-,-,-,-,-,-,-,-,-,-,-,-,-,-,-,-,-,-,-,-,-,-,-,-,-,-,-,-,-,-,-,-,-,-,-,-,-,-,-,-,-,-,-,-,-,-,-,-,-,-,-,-,-,-,-,-,-,-,-,-,-,-,-,-,-,-,-,-,-,-,-,-,-,-,-,-,-,-,-,-,-,-,-,-,-,-,-,-,-,-,-,-,-,-,-,-,-,-,-,-,-,-,-,-,-,-,-,-,-,-,-,-,-,-,-,-,-,-,-,-,-,-,-,-,-,-,-,-,-
Delphinapterus_leucas,M,G,A,L,G,L,E,C,R,G,R,R,P,Q,A,K,G,C,L,L,L,A,V,A,G,A,T,S,L,V,T,L,L,L,A,V,P,I,T,V,L,A,V,L,A,L,V,P,Q,E,Q,G,G,L,V,T,G,T,A,D,P,G,A,Q,A,H,Q,R,F,E,S,R,E,L,P,E,E,E,A,E,T,D,L,S,P,R,L,P,A,A,H,L,I,G,A,W,T,T,G,Q,G,L,G,W,E,A,K,K,E,E,A,F,L,R,S,G,T,Q,F,S,G,A,E,G,L,A,L,P,Q,D,G,L,Y,Y,L,Y,C,H,V,G,Y,R,G,R,A,P,P,P,G,G,D,P,L,D,R,S,V,T,L,L,S,R,L,Y,R,A,G,G,A,Y,G,S,G,S,P,E,L,L,L,E,G,A,E,T,V,S,P,V,L,D,P,A,Q,R,H,E,Y,G,P,L,W,Y,T,S,V,G,F,G,G,L,V,Q,L,R,R,G,E,R,V,Y,V,N,I,S,H,P,D,M,V,D,Y,R,R,G,K,T,F,F,G,A,V,M,V,G
Globicephala_melas,M,G,A,L,G,L,E,C,R,G,R,R,P,Q,G,K,G,C,L,L,L,A,V,A,G,A,A,S,L,V,T,L,L,L,A,V,P,I,T,V,L,A,V,L,A,L,V,P,Q,E,Q,G,G,L,V,T,G,T,A,D,P,G,A,Q,-,-,-,-,-,-,-,-,E,L,P,E,E,E,A,E,T,D,L,S,P,R,L,P,A,A,H,L,I,G,A,W,T,T,G,Q,G,L,G,W,E,A,K,K,E,E,A,F,L,R,S,G,T,Q,F,S,G,A,E,G,L,A,L,P,Q,D,G,L,Y,Y,L,Y,C,H,V,G,Y,R,G,R,A,P,P,P,G,G,D,P,L,D,R,S,V,T,L,L,S,R,L,Y,R,A,G,G,A,Y,G,S,G,S,P,E,L,L,L,E,G,A,E,T,V,S,P,V,L,D,P,A,Q,R,H,E,Y,G,P,L,W,Y,T,S,V,G,F,G,G,L,V,Q,L,R,R,G,E,R,V,Y,V,N,I,S,H,P,D,M,V,D,Y,R,R,G,K,T,F,F,G,A,V,M,V,G
Lagenorhynchus_obliquidens,M,G,A,L,G,L,E,C,R,G,R,R,P,Q,G,K,G,C,L,L,L,A,V,A,G,A,A,S,L,V,T,L,L,L,A,V,P,I,T,V,L,A,V,L,A,L,V,P,Q,E,Q,G,G,L,V,T,G,T,A,D,P,G,A,Q,-,-,-,-,-,-,-,-,E,L,P,E,E,E,A,E,T,D,L,S,P,R,L,P,A,A,H,L,I,G,A,W,T,T,G,Q,G,L,G,W,E,A,K,K,E,E,A,F,L,R,S,G,T,Q,F,S,G,A,E,G,L,A,L,P,Q,D,G,L,Y,Y,L,Y,C,H,V,G,Y,R,G,R,A,P,P,P,G,G,D,P,L,D,R,S,V,T,L,L,S,R,L,Y,R,A,G,G,A,Y,G,S,G,S,P,E,L,L,L,E,G,A,E,T,V,S,P,V,L,D,P,A,Q,R,H,E,Y,G,P,L,W,Y,T,S,V,G,F,G,G,L,V,Q,L,R,R,G,E,R,V,Y,V,N,I,S,H,P,D,M,V,D,Y,R,R,G,K,T,F,F,G,A,V,M,V,G
Lipotes_vexillifer,M,G,A,L,G,L,E,C,R,G,R,R,P,Q,G,K,G,C,L,L,L,A,V,A,G,A,T,S,L,V,T,L,L,L,A,V,P,I,T,V,L,A,V,L,A,L,V,P,Q,E,Q,G,G,L,V,T,G,T,A,D,P,G,A,Q,A,H,Q,R,F,E,S,R,E,L,P,E,K,E,A,E,T,D,L,S,P,R,L,P,A,A,H,L,I,G,A,W,T,T,G,Q,G,L,G,W,E,A,K,K,E,E,A,F,L,R,S,G,T,Q,F,S,G,A,E,G,L,A,L,P,Q,D,G,L,Y,Y,L,Y,C,H,V,G,Y,R,G,R,A,P,P,P,G,G,D,P,L,D,R,S,V,T,L,L,S,R,L,Y,R,A,G,G,A,Y,G,S,G,S,P,E,L,L,L,E,G,A,E,T,V,S,P,V,L,D,P,A,Q,R,H,E,Y,G,P,L,W,Y,T,S,V,G,F,G,G,L,V,Q,L,R,R,G,E,R,V,Y,V,N,I,S,H,P,D,M,V,D,Y,R,R,G,K,T,F,F,G,A,V,M,V,G
Monodon_monoceros,M,G,A,L,G,L,E,C,R,G,R,R,P,Q,A,K,G,C,L,L,L,A,V,A,G,A,T,S,L,V,T,L,L,L,A,V,P,I,T,V,L,A,V,L,A,L,V,P,Q,E,Q,G,G,L,V,T,G,T,A,D,P,G,A,Q,A,H,Q,R,F,E,S,R,E,L,P,E,E,E,A,E,T,D,L,S,P,R,L,P,A,A,H,L,I,G,A,W,T,T,G,Q,G,L,G,W,E,A,K,K,E,E,A,F,L,R,S,G,T,Q,F,S,G,A,E,G,L,A,L,P,Q,D,G,L,Y,Y,L,Y,C,H,V,G,Y,R,G,R,A,P,P,P,G,G,D,P,L,D,R,S,V,T,L,L,S,R,L,Y,R,A,G,G,A,Y,G,S,G,S,P,E,L,L,L,E,G,A,E,T,V,S,P,V,L,D,P,A,Q,R,H,E,Y,G,P,L,W,Y,T,S,V,G,F,G,G,L,V,Q,L,R,R,G,E,R,V,Y,V,N,I,S,H,P,D,M,V,D,Y,R,R,G,K,T,F,F,G,A,V,M,V,G
Neophocaena_asiaeorientalis_asiaeorientalis,M,G,A,L,G,L,E,C,R,G,R,R,P,Q,G,K,G,C,L,L,L,A,V,A,G,A,T,S,L,V,T,L,L,L,A,V,P,I,T,V,L,A,V,L,A,L,V,P,Q,E,Q,G,G,L,V,T,G,T,A,D,P,G,A,Q,A,H,Q,R,F,E,S,R,E,L,P,E,E,E,A,E,T,D,L,S,P,R,L,P,A,A,H,L,I,G,A,W,T,T,G,Q,G,L,G,W,E,A,K,K,E,E,A,F,L,R,S,G,T,Q,F,S,G,A,E,G,L,A,L,P,Q,D,G,L,Y,Y,L,Y,C,H,V,G,Y,R,G,R,A,P,P,P,G,G,D,P,L,D,R,S,V,T,L,L,S,R,L,Y,R,A,G,G,A,Y,G,S,G,S,P,E,L,L,L,E,G,A,E,T,V,S,P,V,L,D,P,A,Q,R,H,E,Y,G,P,L,W,Y,T,S,V,G,F,G,G,L,V,Q,L,R,R,G,E,R,V,Y,V,N,I,S,H,P,D,M,V,D,Y,R,R,G,K,T,F,F,G,A,V,M,V,G
Orcinus_orca,M,G,A,L,G,L,E,C,R,G,R,R,P,Q,G,K,G,C,L,L,L,A,V,A,G,A,A,S,L,V,T,L,L,L,A,V,P,I,T,V,L,A,V,L,A,L,V,P,Q,E,Q,G,G,L,V,T,G,T,A,D,P,G,A,Q,-,-,-,-,-,-,-,-,E,L,P,E,E,E,A,E,T,D,L,S,P,R,L,P,A,A,H,L,I,G,A,W,T,T,G,Q,G,L,G,W,E,A,K,K,E,E,A,F,L,R,S,G,T,Q,F,S,G,A,E,G,L,A,L,P,Q,D,G,L,Y,Y,L,Y,C,H,V,G,Y,R,G,R,A,P,P,P,G,G,D,P,L,D,R,S,V,T,L,L,S,R,L,Y,R,A,G,G,A,Y,G,S,G,S,P,E,L,L,L,E,G,A,E,T,V,S,P,V,L,D,P,A,Q,R,H,E,Y,G,P,L,W,Y,T,S,V,G,F,G,G,L,V,Q,L,R,R,G,E,R,V,Y,V,N,I,S,H,P,D,M,V,D,Y,R,R,G,K,T,F,F,G,A,V,M,V,G
Phocoena_sinus,M,G,A,L,G,L,E,C,R,G,R,R,P,Q,G,K,G,C,L,L,L,A,V,A,G,A,T,S,L,V,T,L,L,L,A,V,P,I,T,V,L,A,V,L,A,L,V,P,Q,E,Q,G,G,L,V,T,G,T,A,D,P,G,A,Q,A,H,Q,R,F,E,S,R,E,L,P,E,E,E,A,E,T,D,L,S,P,R,L,P,A,A,H,L,I,G,A,W,T,T,G,Q,G,L,G,W,E,A,K,K,E,E,A,F,L,R,S,G,T,Q,F,S,G,A,E,G,L,A,L,P,Q,D,G,L,Y,Y,L,Y,C,H,V,G,Y,R,G,R,A,P,P,P,G,G,D,P,L,D,R,S,V,T,L,L,S,R,L,Y,R,A,G,G,A,Y,G,S,G,S,P,E,L,L,L,E,G,A,E,T,V,S,P,V,L,D,P,A,Q,R,H,E,Y,G,P,L,W,Y,T,S,V,G,F,G,G,L,V,Q,L,R,R,G,E,R,V,Y,V,N,I,S,H,P,D,M,V,D,Y,R,R,G,K,T,F,F,G,A,V,M,V,G
Physeter_catodon,M,G,A,L,G,L,E,C,W,G,R,R,P,Q,G,K,R,C,L,L,L,A,V,A,G,A,T,S,L,V,T,L,L,L,A,V,P,I,T,V,L,A,V,L,A,L,V,P,Q,E,Q,G,G,L,V,T,G,T,A,D,P,G,A,Q,A,H,Q,R,F,E,S,R,E,L,P,E,E,E,A,E,T,D,L,S,P,R,L,P,A,A,H,L,I,G,A,W,T,T,G,Q,G,L,G,W,E,A,K,K,E,E,A,F,L,R,S,G,T,Q,F,S,G,A,E,G,L,A,L,P,Q,D,G,L,Y,Y,L,Y,C,H,V,G,Y,R,G,R,A,P,P,P,G,G,D,P,L,D,R,S,V,T,L,L,S,R,L,Y,R,A,G,G,A,Y,G,S,G,S,P,E,L,L,L,E,G,A,E,T,V,S,P,V,L,D,P,A,R,R,H,E,Y,G,P,L,W,Y,T,S,V,G,F,G,G,L,V,Q,L,R,R,G,E,R,V,Y,V,N,I,S,H,P,D,M,V,D,Y,R,R,G,K,T,F,F,G,A,V,M,V,G
Tursiops_truncatus,M,G,A,L,G,L,E,C,R,G,R,R,P,Q,G,K,G,C,L,L,L,A,V,A,G,A,A,S,L,V,T,L,L,L,A,V,P,I,T,V,L,A,V,L,A,L,V,P,Q,E,Q,G,G,L,V,T,G,T,A,D,P,G,A,Q,A,H,Q,R,F,E,S,R,E,L,P,E,E,E,A,E,T,D,L,S,P,R,L,P,A,A,H,L,I,G,A,W,T,T,G,Q,G,L,G,W,E,A,K,K,E,E,A,F,L,R,S,G,T,Q,F,S,G,A,E,G,L,A,L,P,Q,D,G,L,Y,Y,L,Y,C,H,V,G,Y,R,G,R,A,P,P,P,G,G,D,P,L,D,R,S,V,T,L,L,S,R,L,Y,R,A,G,G,A,Y,G,S,G,S,P,E,L,L,L,E,G,A,E,T,V,S,P,V,L,D,P,A,Q,R,H,E,Y,G,P,L,W,Y,T,S,V,G,F,G,G,L,V,Q,L,R,R,G,E,R,V,Y,V,N,I,S,H,P,D,M,V,D,Y,R,R,G,K,T,F,F,G,A,V,M,V,G
Acinonyx_jubatus,M,G,T,L,G,L,E,G,R,G,R,R,P,Q,G,K,G,C,L,L,L,A,V,A,G,A,T,S,L,V,T,L,L,L,A,V,P,I,T,V,L,A,V,L,A,L,V,P,Q,E,Q,G,G,Q,V,T,G,T,A,D,P,G,A,Q,A,Q,Q,R,L,G,T,Q,V,L,P,E,E,E,A,G,R,D,F,S,S,R,L,P,A,A,H,L,I,G,A,W,T,K,G,Q,G,L,G,W,E,A,K,K,E,E,A,F,L,R,S,G,T,Q,F,S,G,A,E,G,L,A,L,P,Q,D,G,L,Y,Y,L,Y,C,H,V,G,Y,R,G,R,A,P,P,A,G,G,G,L,L,D,H,S,V,T,L,R,S,R,L,Y,R,T,G,G,A,Y,G,P,G,T,P,E,L,L,L,E,G,A,E,T,V,T,P,V,L,D,P,S,R,T,H,E,Y,G,P,L,W,Y,T,S,V,G,F,G,G,L,V,Q,L,R,R,G,E,R,V,Y,V,N,I,S,H,P,D,M,V,D,Y,R,R,G,K,T,F,F,G,A,V,M,V,G
Acomys_russatus,M,G,T,Q,G,R,Q,G,L,G,G,R,P,Q,G,R,G,C,L,L,L,A,V,A,G,A,T,S,V,V,T,L,L,L,A,V,P,I,T,V,L,A,V,L,A,L,V,P,Q,D,Q,G,H,Q,V,E,K,I,T,G,S,G,A,Q,A,-,-,-,-,G,V,Q,Q,L,P,K,G,E,P,E,T,D,L,S,P,E,L,P,A,A,H,L,I,G,S,W,R,T,G,Q,G,L,G,W,E,A,S,Q,E,E,A,F,L,R,S,G,A,Q,F,S,G,T,H,G,L,S,L,P,Q,G,G,V,Y,Y,L,Y,C,H,V,G,Y,R,G,R,A,T,P,A,G,G,S,-,R,A,G,T,L,T,L,R,S,A,L,Y,R,A,G,G,A,Y,G,R,G,S,P,E,L,L,L,E,G,A,E,T,V,A,P,V,V,D,R,I,G,-,-,-,Y,G,P,L,W,Y,T,S,V,G,F,G,G,L,V,Q,L,R,S,G,E,R,V,Y,V,N,I,S,H,P,D,M,V,D,Y,R,R,G,K,T,F,F,G,A,V,M,V,G
Arvicanthis_niloticus,M,G,T,Q,G,L,H,R,L,G,G,R,P,Q,G,R,G,C,L,L,L,A,V,A,G,A,T,S,L,V,T,L,L,L,A,V,P,I,T,V,L,A,V,L,A,L,V,P,Q,D,Q,G,R,W,V,E,K,I,I,G,S,G,A,Q,A,Q,K,R,L,G,V,Q,Q,L,P,K,Q,E,P,E,T,D,L,S,P,E,L,P,A,A,H,L,I,G,A,W,M,S,G,Q,G,L,S,W,E,A,S,Q,E,E,A,F,L,R,S,G,A,Q,F,S,R,T,H,G,L,A,L,P,Q,D,G,V,Y,Y,L,Y,C,H,V,G,Y,R,G,R,A,P,P,A,G,R,S,-,R,A,R,S,L,T,L,R,S,A,L,Y,R,A,G,G,A,Y,G,R,G,S,P,E,L,L,L,E,G,A,E,T,V,T,P,I,V,D,P,I,G,-,-,-,Y,G,S,L,W,Y,T,S,V,G,F,G,G,L,A,Q,L,R,S,G,E,R,V,Y,V,N,I,S,H,P,D,M,V,D,Y,R,R,G,K,T,F,F,G,A,V,M,V,G
Bison_bison_bison,M,G,E,R,G,L,E,G,R,G,R,R,P,Q,R,K,G,C,L,L,L,A,V,A,G,V,S,S,L,V,T,L,L,L,A,V,P,I,T,V,V,A,V,L,A,L,V,P,Q,E,Q,G,G,L,V,T,G,T,A,D,P,G,T,Q,A,H,Q,R,F,E,S,G,E,L,P,E,E,D,S,E,T,D,L,S,P,R,L,P,A,A,H,L,I,G,A,W,T,T,G,Q,G,L,G,W,E,A,K,K,E,E,A,F,L,S,S,G,T,Q,F,S,G,A,E,G,L,A,L,P,Q,D,G,L,Y,Y,L,Y,C,H,I,G,Y,R,G,R,A,P,P,P,A,V,E,P,L,D,G,S,V,T,L,L,S,R,L,Y,R,A,G,G,A,Y,G,S,G,T,P,E,L,L,L,E,G,A,E,T,V,T,P,V,S,D,P,A,R,R,H,D,Y,G,P,L,W,Y,T,S,V,G,F,G,G,L,V,Q,L,R,R,G,E,R,V,Y,V,N,I,S,H,P,D,M,V,D,Y,R,R,G,K,T,F,F,G,A,V,M,V,G
Bos_indicus,M,G,E,R,G,L,E,G,R,G,-,R,P,Q,R,K,G,C,L,L,L,A,V,A,G,V,S,S,L,V,T,L,L,L,A,V,P,I,T,V,V,A,V,L,A,L,V,P,Q,E,Q,G,G,L,V,T,G,T,A,D,P,G,T,Q,A,H,Q,R,F,E,S,G,E,L,P,E,E,D,S,E,T,D,L,S,P,R,L,P,A,A,H,L,I,G,A,W,T,T,G,Q,G,L,G,W,E,A,K,K,E,E,A,F,L,S,S,G,T,Q,F,S,G,A,E,G,L,A,L,P,Q,D,G,L,Y,Y,L,Y,C,H,I,G,Y,R,G,R,A,P,P,P,A,V,E,P,L,D,G,S,V,T,L,L,S,R,L,Y,R,A,G,G,A,Y,G,S,G,T,P,E,L,L,L,E,G,A,E,T,V,T,P,V,S,D,P,A,R,R,H,D,Y,G,P,L,W,Y,T,S,V,G,F,G,G,L,V,Q,L,R,R,G,E,R,V,Y,V,N,I,S,H,P,D,M,V,D,Y,R,R,G,K,T,F,F,G,A,V,M,V,G
Bos_mutus,M,G,E,R,G,L,E,G,R,G,R,R,P,Q,R,K,G,C,L,L,L,A,V,A,G,V,S,S,L,V,T,L,L,L,A,V,P,I,T,V,V,A,V,L,A,L,V,P,Q,E,Q,G,G,L,V,T,G,T,A,D,P,G,T,Q,A,H,Q,R,F,E,S,G,E,L,P,E,E,D,S,E,T,D,F,S,P,R,L,P,A,A,H,L,I,G,A,W,T,T,G,Q,G,L,G,W,E,A,K,K,E,E,A,F,L,S,S,G,T,Q,F,S,G,A,E,G,L,A,L,P,Q,D,G,L,Y,Y,L,Y,C,H,I,G,-,R,G,R,A,P,P,P,A,V,E,P,L,D,G,S,V,T,L,L,S,R,L,Y,R,A,G,G,A,Y,G,S,G,T,P,E,L,L,L,E,G,A,E,T,V,T,P,V,S,D,P,A,R,R,H,D,Y,G,P,L,W,Y,T,S,V,G,F,G,G,L,V,Q,L,R,R,G,E,R,V,Y,V,N,I,S,H,P,D,M,V,D,Y,R,R,G,K,T,F,F,G,A,V,M,V,G
Bos_taurus,M,G,E,R,G,L,E,G,R,G,R,R,P,Q,R,K,G,W,L,L,L,A,V,A,G,V,S,S,L,V,T,L,L,L,A,V,P,I,T,V,V,A,V,L,A,L,V,P,Q,E,Q,G,G,L,V,T,G,T,A,D,P,G,T,Q,A,H,Q,R,F,E,S,G,E,L,P,E,E,D,S,E,T,D,L,S,P,R,L,P,A,A,H,L,I,G,A,W,T,T,G,Q,G,L,G,W,E,A,K,K,E,E,A,F,L,S,S,G,T,Q,F,S,G,A,E,G,L,A,L,P,Q,D,G,L,Y,Y,L,Y,C,H,I,G,Y,R,G,R,A,P,P,P,A,V,E,P,L,D,G,S,V,T,L,L,S,R,L,Y,R,A,G,G,A,Y,G,S,G,T,P,E,L,L,L,E,G,A,E,T,V,T,P,V,S,D,P,A,R,R,H,D,Y,G,P,L,W,Y,T,S,V,G,F,G,G,L,V,Q,L,R,R,G,E,R,V,Y,V,N,I,S,H,P,D,M,V,D,Y,R,R,G,K,T,F,F,G,A,V,M,V,G
Bubalus_bubalis,M,G,E,R,G,L,E,G,R,G,R,R,P,Q,R,K,G,C,L,L,L,A,V,A,G,V,T,S,L,V,T,L,L,L,A,V,P,I,T,V,V,A,V,L,A,L,V,P,Q,E,Q,G,G,L,V,T,G,T,A,D,P,G,T,Q,A,H,Q,R,F,E,S,G,E,L,P,E,E,D,S,E,T,D,L,S,P,R,L,P,A,A,H,L,I,G,A,W,T,T,G,Q,G,L,G,W,E,A,K,K,E,E,A,F,L,S,S,G,T,Q,F,S,G,A,E,G,L,A,L,P,Q,D,G,L,Y,Y,L,Y,C,H,V,G,Y,R,G,R,A,P,P,P,A,V,E,P,L,D,G,S,V,T,L,L,S,R,L,Y,R,A,G,G,A,Y,G,S,G,T,P,E,L,L,L,E,G,A,E,T,V,T,P,V,S,D,P,A,R,R,H,D,Y,G,P,L,W,Y,T,S,V,G,F,G,G,L,V,Q,L,R,R,G,E,R,V,Y,V,N,I,S,H,P,D,M,V,D,Y,R,R,G,K,T,F,F,G,A,V,M,V,G
Budorcas_taxicolor,M,G,E,R,G,L,E,G,R,G,R,R,P,Q,R,K,G,C,L,L,L,A,V,A,G,V,T,S,L,V,T,L,L,L,A,V,P,I,T,V,V,A,V,L,A,L,V,P,Q,E,Q,G,G,L,V,T,G,T,A,D,P,G,A,Q,A,H,Q,R,F,E,S,G,E,L,P,E,E,D,S,E,T,D,L,S,P,R,L,P,A,A,H,L,I,G,A,W,T,T,G,Q,G,L,G,W,E,A,K,K,E,E,A,F,L,S,S,G,T,L,F,S,G,A,E,G,L,A,L,P,Q,D,G,L,Y,Y,L,Y,C,H,V,G,Y,R,G,R,A,P,P,P,A,V,E,P,L,D,R,S,V,T,L,L,S,R,L,Y,R,A,G,G,A,Y,G,S,G,T,P,E,L,L,L,E,G,A,E,T,V,T,P,V,S,D,P,A,R,R,H,D,Y,G,P,L,W,Y,T,S,V,G,F,G,G,L,V,Q,L,R,R,G,E,R,V,Y,V,N,I,S,H,P,D,M,V,D,Y,R,R,G,K,T,F,F,G,A,V,M,V,G
Callithrix_jacchus,M,G,A,M,G,L,E,G,R,G,G,R,L,Q,G,K,G,T,L,L,L,A,V,A,G,A,T,F,L,V,T,L,L,L,V,V,P,I,T,V,L,A,V,L,A,L,V,P,Q,D,Q,G,G,L,V,T,E,T,A,D,P,G,A,Q,A,Q,Q,G,L,G,F,Q,K,L,P,E,E,E,P,E,T,D,L,G,P,E,L,P,A,A,H,L,I,G,A,P,L,K,G,Q,G,L,A,W,E,A,T,K,E,Q,A,F,L,S,S,G,T,Q,F,S,D,A,E,G,L,A,L,P,Q,D,G,L,Y,Y,L,Y,C,F,V,G,Y,R,G,R,A,P,P,G,G,E,G,P,R,G,R,S,V,T,L,R,S,S,L,Y,R,E,G,G,A,Y,G,P,G,T,P,E,L,L,L,E,G,A,E,T,V,T,I,V,L,D,P,A,G,R,Q,G,Y,G,P,L,W,Y,T,S,V,G,F,G,G,L,V,Q,L,R,R,G,E,K,V,Y,V,N,I,S,H,P,D,M,V,D,F,A,R,G,K,T,F,F,G,A,V,M,V,G
Camelus_bactrianus,M,G,A,L,G,L,E,G,R,G,R,R,P,Q,G,K,G,C,L,L,L,A,V,A,G,A,T,S,L,V,T,L,L,L,A,V,P,I,T,V,L,A,M,L,A,L,V,P,Q,E,Q,G,G,L,V,T,G,T,A,D,P,G,A,Q,A,R,Q,Q,L,E,S,Q,E,Q,P,E,E,E,V,E,T,D,L,S,P,R,L,P,A,A,H,L,I,G,A,W,T,T,G,Q,G,L,G,W,E,T,K,K,E,E,A,F,L,R,S,G,T,Q,F,S,G,A,E,G,L,A,L,P,Q,D,G,L,Y,Y,L,Y,C,H,I,G,Y,R,G,R,A,P,P,P,G,G,D,P,L,D,R,S,V,T,L,L,S,R,L,Y,R,A,G,G,A,Y,G,S,G,T,P,E,L,L,L,E,G,A,E,T,V,T,P,V,L,D,P,S,R,R,H,E,Y,G,P,L,W,Y,T,S,V,G,F,G,G,L,V,Q,L,R,R,G,E,R,V,Y,V,N,I,S,H,P,D,M,V,D,Y,R,R,G,K,T,F,F,G,A,V,M,V,G
Camelus_dromedarius,M,G,A,L,G,L,E,G,R,G,R,R,P,Q,G,K,G,C,L,L,L,A,V,A,G,A,T,S,L,V,T,L,L,L,A,V,P,I,T,V,L,A,M,L,A,L,V,P,Q,E,Q,G,G,L,V,T,G,T,A,D,P,G,A,Q,A,R,Q,Q,L,E,S,Q,E,Q,P,E,E,E,V,E,T,D,L,S,P,R,L,P,A,A,H,L,I,G,A,W,T,T,G,Q,G,L,G,W,E,T,K,K,E,E,A,F,L,R,S,G,T,Q,F,S,G,A,E,G,L,A,L,P,Q,D,G,L,Y,Y,L,Y,C,H,I,G,Y,R,G,R,A,P,P,P,G,G,D,P,L,D,H,S,V,T,L,L,S,R,L,Y,R,A,G,G,A,Y,G,S,G,T,P,E,L,L,L,E,G,A,E,T,V,T,P,V,L,D,P,S,R,R,H,E,Y,G,P,L,W,Y,T,S,V,G,F,G,G,L,V,Q,L,R,R,G,E,R,V,Y,V,N,I,S,H,P,D,M,V,D,Y,R,R,G,K,T,F,F,G,A,V,M,V,G
Camelus_ferus,M,G,A,L,G,L,E,G,R,G,R,R,P,Q,G,K,G,C,L,L,L,A,V,A,G,A,T,S,L,V,T,L,L,L,A,V,P,I,T,V,L,A,M,L,A,L,V,P,Q,E,Q,G,G,L,V,T,G,T,A,D,P,G,A,Q,A,R,Q,Q,L,E,S,Q,E,Q,P,E,E,E,V,E,T,D,L,S,P,R,L,P,A,A,H,L,I,G,A,W,T,T,G,Q,G,L,G,W,E,T,K,K,E,E,A,F,L,R,S,G,T,Q,F,S,G,A,E,G,L,A,L,P,Q,D,G,L,Y,Y,L,Y,C,H,I,G,Y,R,G,R,A,P,P,P,G,G,D,P,L,D,H,S,V,T,L,L,S,R,L,Y,R,A,G,G,A,Y,G,S,G,T,P,E,L,L,L,E,G,A,E,T,V,T,P,V,L,D,P,S,R,R,H,E,Y,G,P,L,W,Y,T,S,V,G,F,G,G,L,V,Q,L,R,R,G,E,R,V,Y,V,N,I,S,H,P,D,M,V,D,Y,R,R,G,K,T,F,F,G,A,V,M,V,G
Capra_hircus,M,G,E,R,G,L,E,G,R,G,R,R,P,Q,R,K,G,C,L,L,L,A,V,A,G,V,T,S,L,V,T,L,L,L,A,V,P,I,T,V,V,A,V,L,A,L,V,P,Q,E,Q,G,G,L,V,T,G,T,A,D,P,G,A,Q,A,H,Q,R,F,E,S,G,E,L,P,E,E,D,S,E,T,D,L,S,P,R,L,P,A,A,H,L,I,G,A,W,T,T,G,Q,G,L,G,W,E,A,K,K,E,E,A,F,L,S,S,G,T,L,F,S,G,A,E,G,L,A,L,P,Q,D,G,L,Y,Y,L,Y,C,H,V,G,Y,R,G,R,A,P,P,P,A,V,E,P,P,D,R,S,V,T,L,L,S,R,L,Y,R,A,G,G,A,Y,G,S,G,T,P,E,L,L,L,E,G,A,E,T,V,T,P,V,S,D,P,A,R,R,H,D,Y,G,P,L,W,Y,T,S,V,G,F,G,G,L,V,Q,L,R,R,G,E,R,V,Y,V,N,I,S,H,P,D,M,V,D,Y,R,R,G,K,T,F,F,G,A,V,M,V,G
Cebus_imitator,M,G,A,M,G,L,E,G,R,G,G,R,L,Q,G,R,G,S,L,L,L,A,V,A,G,A,T,F,L,V,T,L,L,L,V,V,P,I,T,V,L,A,V,L,A,L,V,P,Q,D,Q,G,G,L,V,T,E,T,A,D,P,G,A,Q,A,Q,Q,G,L,G,F,Q,K,L,P,E,E,E,P,E,T,D,L,S,P,E,L,P,A,A,H,L,I,G,A,P,L,K,G,H,G,L,A,W,E,A,A,K,E,Q,A,F,L,S,S,G,T,Q,F,S,D,A,E,G,L,A,L,P,Q,D,G,L,Y,Y,L,Y,C,F,V,G,Y,R,G,R,A,P,P,G,G,E,G,P,R,G,R,S,V,T,L,R,S,S,L,Y,R,E,G,G,A,Y,G,P,G,T,P,E,L,L,L,E,G,A,E,T,V,T,L,V,L,D,P,A,G,R,Q,G,Y,G,P,L,W,Y,T,S,V,G,F,G,G,L,V,Q,L,R,R,G,E,R,V,Y,V,N,I,S,H,P,D,M,V,D,F,A,R,G,K,T,F,F,G,A,V,M,V,G
Ceratotherium_simum_simum,M,G,T,L,G,L,E,G,R,G,R,R,P,Q,G,K,G,C,L,L,L,A,V,A,G,A,T,S,L,V,T,L,L,L,A,V,P,I,T,V,L,A,V,L,A,L,V,P,Q,E,Q,G,G,L,V,T,G,T,A,D,P,G,A,Q,A,Q,L,R,L,G,S,Q,E,L,P,E,E,E,A,E,T,D,V,S,P,R,L,P,A,A,H,L,I,G,A,W,T,K,G,Q,G,L,G,W,E,A,K,K,E,E,A,F,L,R,S,G,T,Q,F,S,G,S,E,G,L,A,L,P,Q,D,G,L,Y,Y,L,Y,C,H,V,G,Y,R,G,R,A,P,P,A,G,G,G,P,L,D,H,S,V,T,L,H,S,R,L,Y,R,A,G,G,A,Y,G,P,G,A,P,E,L,L,L,E,G,A,E,T,V,T,P,V,V,D,P,A,R,R,R,E,Y,G,P,L,W,Y,T,S,V,G,F,G,G,L,V,Q,L,R,R,G,E,R,V,F,V,N,I,S,H,P,D,M,V,D,Y,R,R,G,K,T,F,F,G,A,V,M,V,G
Cercocebus_atys,M,G,A,L,G,L,E,G,R,G,G,R,L,Q,G,R,G,S,L,L,L,A,V,A,G,A,T,S,L,V,T,L,L,L,A,V,P,I,T,V,L,A,V,L,A,L,V,P,Q,D,Q,G,G,L,V,T,D,T,A,D,P,G,A,Q,A,Q,Q,G,L,G,F,Q,K,L,P,E,E,E,P,E,A,D,L,S,P,G,L,P,A,A,H,L,I,G,A,P,L,K,G,Q,G,L,G,W,E,A,T,K,E,Q,A,F,L,T,S,G,T,Q,F,S,D,A,E,G,L,A,L,P,Q,D,G,L,Y,Y,L,Y,C,L,V,G,Y,R,G,R,A,P,P,G,G,A,E,P,R,G,R,S,V,T,L,R,S,S,V,Y,R,A,G,G,A,Y,G,P,G,T,P,E,L,L,L,E,G,A,E,T,V,T,P,V,L,D,P,A,G,R,Q,G,Y,G,P,L,W,Y,T,S,V,G,F,G,G,L,V,Q,L,R,R,G,E,R,V,Y,V,N,I,S,H,P,D,M,V,D,F,A,R,G,K,T,F,F,G,A,V,M,V,G
Cervus_canadensis,M,G,E,R,G,L,E,G,R,G,R,R,P,Q,R,K,G,C,L,L,L,A,V,A,G,V,T,S,L,V,T,L,L,L,A,V,P,I,T,V,V,A,V,L,A,L,V,P,Q,E,Q,G,G,L,V,T,G,T,A,D,P,G,I,Q,A,H,Q,R,F,E,S,G,E,L,P,E,E,D,S,E,T,D,L,S,P,R,L,P,A,A,H,L,I,G,A,W,T,T,G,Q,G,L,G,W,E,A,K,K,E,E,A,F,L,R,S,G,T,Q,F,S,G,A,E,G,L,A,L,P,Q,D,G,L,Y,Y,L,Y,C,H,V,G,Y,R,G,R,A,P,P,P,G,V,D,P,L,D,R,S,V,T,L,L,S,R,L,Y,R,A,G,G,A,Y,G,S,G,T,P,E,L,L,L,E,G,A,E,T,V,T,P,V,S,D,P,A,R,R,H,E,Y,G,P,L,W,Y,T,S,V,G,F,G,G,L,V,Q,L,R,R,G,E,R,V,Y,V,N,I,S,H,P,D,M,V,D,Y,R,R,G,K,T,F,F,G,A,V,M,V,G
Chlorocebus_sabaeus,M,G,A,L,R,L,E,G,R,G,G,R,L,Q,G,R,G,S,L,L,L,V,V,A,G,A,T,S,L,V,T,L,L,L,A,V,P,I,T,V,L,A,V,L,A,L,V,P,Q,D,Q,G,G,L,V,T,D,T,A,D,P,G,A,Q,A,Q,Q,G,L,G,F,Q,K,L,P,E,E,E,P,E,A,D,L,S,P,G,L,P,A,A,H,L,I,G,A,P,L,K,G,Q,G,L,G,W,E,A,T,K,E,Q,A,F,L,T,S,G,T,Q,F,S,D,A,E,G,L,A,L,P,Q,D,G,L,Y,Y,L,Y,C,L,V,G,Y,R,G,R,A,P,P,G,G,A,E,P,R,G,R,S,V,T,L,R,S,S,L,Y,R,A,G,G,A,Y,G,P,D,A,P,E,L,L,L,E,G,A,E,T,V,T,P,V,L,D,P,A,G,R,Q,G,Y,G,P,L,W,Y,T,S,V,G,F,G,G,L,V,Q,L,R,R,G,E,R,V,Y,V,N,I,S,H,P,D,M,V,D,F,A,R,G,K,T,F,F,G,A,V,M,V,G
Colobus_angolensis_palliatus,M,G,A,L,G,L,E,G,R,G,G,R,L,Q,G,R,G,S,L,L,L,A,V,A,G,A,T,S,L,V,T,L,L,L,A,V,P,I,T,V,L,A,V,L,A,L,V,P,Q,D,Q,G,G,L,V,T,D,T,A,D,P,G,A,Q,A,Q,Q,G,L,G,F,Q,K,L,P,E,E,E,P,E,A,D,L,S,P,G,L,P,A,A,H,L,I,G,A,P,L,K,G,Q,G,L,G,W,E,A,T,K,E,Q,A,F,L,M,S,G,T,Q,F,S,D,A,E,G,L,-,-,-,-,-,-,-,-,-,-,-,-,-,-,-,-,-,-,-,-,-,-,-,-,-,-,-,-,-,-,-,-,-,-,-,-,-,-,-,-,A,G,G,A,Y,G,P,G,T,P,E,L,L,L,E,G,A,E,T,V,T,P,V,L,D,P,A,G,R,Q,G,Y,G,P,L,W,Y,T,S,V,G,F,G,G,L,V,Q,L,R,R,G,E,R,V,Y,V,N,I,S,H,P,D,M,V,D,F,A,R,G,K,T,F,F,G,A,V,M,V,G
Condylura_cristata,M,E,A,L,G,L,E,G,G,G,R,R,P,Q,G,K,G,C,L,L,L,A,V,A,G,A,T,S,L,V,T,L,L,L,A,V,P,I,T,V,L,A,V,L,V,L,L,P,Q,E,H,R,G,L,V,T,G,T,A,D,P,-,-,-,-,-,-,-,-,-,-,Q,E,L,P,E,K,G,T,E,S,D,P,S,S,S,L,P,A,A,H,L,I,G,A,W,T,A,G,Q,G,L,G,W,E,A,K,K,E,E,A,F,L,R,S,G,T,Q,F,S,V,P,E,G,L,T,L,P,Q,D,G,L,Y,Y,L,Y,C,H,V,G,Y,R,G,R,A,P,P,A,G,G,A,P,R,D,S,S,V,T,L,R,S,R,L,Y,R,S,G,G,A,Y,G,S,G,A,A,E,L,L,F,E,G,A,E,S,V,T,S,V,L,D,P,T,R,R,H,D,Y,G,S,L,W,Y,T,S,V,G,V,G,G,L,V,Q,L,R,K,G,E,R,V,Y,V,N,I,S,H,P,N,M,V,D,Y,R,R,G,K,T,Y,F,G,A,V,M,V,G
Elephas_maximus_indicus,M,E,A,S,G,P,E,G,R,G,G,R,P,Q,G,R,G,C,L,L,L,A,V,V,G,A,I,V,L,G,S,V,V,L,S,V,P,I,T,V,L,T,V,L,V,L,V,P,Q,D,Q,G,G,V,V,T,E,T,A,D,P,G,R,Q,S,Q,Q,Q,L,E,F,Q,K,L,P,E,E,K,A,E,T,D,L,S,P,R,L,P,A,A,H,L,I,G,S,W,K,S,G,Q,G,L,G,W,E,T,K,K,E,E,A,F,L,R,S,G,T,Q,F,S,G,A,E,G,L,A,L,P,Q,D,G,L,Y,Y,L,Y,C,Y,V,G,Y,R,G,R,A,P,P,A,G,R,G,P,L,G,R,S,V,T,L,R,S,S,L,Y,R,A,G,G,A,Y,G,P,G,I,P,Q,L,L,L,E,G,A,E,T,V,T,S,V,L,D,P,A,R,R,H,E,Y,G,P,L,W,F,T,S,V,G,F,G,G,L,V,Q,L,R,R,G,E,R,V,Y,V,N,I,S,H,P,D,M,V,D,Y,R,R,G,K,T,F,F,G,A,V,M,V,G
Enhydra_lutris_kenyoni,M,G,S,L,G,L,E,G,R,G,R,R,P,Q,G,K,G,C,L,L,L,A,V,A,G,A,T,S,L,V,T,L,L,L,A,V,P,I,T,V,L,A,V,L,A,L,V,P,Q,E,Q,G,G,L,V,T,G,T,A,D,P,G,A,Q,A,Q,Q,R,L,G,S,Q,E,L,P,E,E,E,A,E,T,D,F,S,S,R,L,P,A,A,H,L,I,G,A,W,T,K,G,Q,G,L,G,W,E,A,K,K,E,E,A,F,L,R,S,G,T,Q,F,S,G,A,E,G,L,A,L,P,Q,D,G,L,Y,Y,L,Y,C,H,V,G,Y,R,G,R,A,P,P,A,G,G,G,L,L,D,H,S,V,T,L,R,S,R,L,F,R,A,G,G,A,Y,G,P,G,T,P,E,L,L,L,E,G,A,E,T,V,T,P,V,L,D,P,T,R,T,R,E,Y,G,P,L,W,Y,T,S,V,G,F,G,G,L,V,Q,L,R,R,G,E,R,V,Y,V,N,I,S,H,P,D,M,V,D,Y,R,R,G,K,T,F,F,G,A,V,M,V,G
Equus_asinus,M,G,A,L,G,L,E,G,R,A,R,R,P,Q,G,M,D,C,L,L,L,A,V,A,G,A,T,S,L,V,T,L,L,L,A,V,P,I,T,V,L,A,V,L,A,F,V,P,Q,E,Q,G,G,L,V,T,G,T,A,D,P,G,A,Q,A,Q,L,Q,L,G,S,Q,E,Q,S,E,E,E,A,E,T,D,L,S,P,R,L,P,A,A,H,I,I,G,A,W,T,K,G,Q,G,L,G,W,E,A,K,K,E,E,A,F,L,R,S,G,T,Q,F,S,G,A,E,G,L,A,L,P,Q,D,G,L,Y,Y,L,Y,C,H,V,G,Y,R,G,R,A,P,P,A,G,G,G,P,L,D,Y,S,V,T,L,R,S,R,L,Y,R,A,G,G,A,Y,G,P,G,T,P,E,L,L,L,E,G,A,E,T,V,T,P,V,L,D,P,T,R,R,R,E,Y,G,P,L,W,Y,T,S,V,G,F,G,G,L,V,Q,L,R,R,G,E,R,V,F,V,N,I,S,H,P,D,M,V,D,Y,R,R,G,K,T,F,F,G,A,V,M,V,G
Equus_przewalskii,M,G,A,L,G,L,E,G,R,A,R,R,P,Q,G,M,D,C,L,L,L,A,V,A,G,A,T,S,L,V,T,L,L,L,A,V,P,I,T,V,L,A,V,L,A,F,V,P,Q,E,Q,G,G,L,V,T,G,T,A,D,P,G,A,Q,A,Q,L,Q,L,G,S,Q,E,Q,S,E,E,E,A,E,T,D,L,S,P,R,L,P,A,A,H,I,I,G,A,W,T,K,G,Q,G,L,G,W,E,A,K,K,E,E,A,F,L,R,S,G,T,Q,F,S,G,A,E,G,L,A,L,P,Q,D,G,L,Y,Y,-,-,-,-,-,-,-,-,-,-,-,-,-,-,-,-,-,-,L,D,Y,S,V,T,L,R,S,R,L,Y,R,A,G,G,A,Y,G,P,G,T,P,E,L,L,L,E,G,A,E,T,V,T,P,V,L,D,P,T,R,R,R,E,Y,G,P,L,W,Y,T,S,V,G,F,G,G,L,V,Q,L,R,R,G,E,R,V,F,V,N,I,S,H,P,D,M,V,D,Y,R,R,G,K,T,F,F,G,A,V,M,V,G
Equus_quagga,M,G,A,L,G,L,E,G,R,A,R,R,P,Q,G,M,D,C,L,L,L,A,V,A,G,A,T,S,L,V,T,L,L,L,A,V,P,I,T,V,L,A,V,L,A,F,V,P,Q,E,Q,G,G,L,V,T,G,T,A,D,P,G,A,Q,A,Q,L,Q,L,G,S,Q,E,Q,S,E,E,E,A,E,T,D,L,S,P,R,L,P,A,A,H,I,I,G,A,W,T,K,G,Q,G,L,G,W,E,A,K,K,E,E,A,F,L,R,S,G,T,Q,F,S,G,A,E,G,L,A,L,P,Q,D,G,L,Y,Y,L,Y,C,H,V,G,Y,R,G,R,A,P,P,A,G,G,G,P,L,D,Y,S,V,T,L,R,S,R,L,Y,R,A,G,G,A,Y,G,P,G,T,P,E,L,L,L,E,G,A,E,T,V,T,P,V,L,D,P,T,R,R,R,E,Y,G,P,L,W,Y,T,S,V,G,F,G,G,L,V,Q,L,R,R,G,E,R,V,F,V,N,I,S,H,P,D,M,V,D,Y,R,R,G,K,T,F,F,G,A,V,M,V,G
Gorilla_gorilla_gorilla,-,-,-,-,-,-,-,-,-,-,-,-,-,-,-,-,-,-,-,-,-,-,-,-,-,-,-,-,-,-,-,-,-,-,-,-,-,-,-,-,-,-,-,-,-,-,-,-,-,-,-,-,-,-,-,-,-,-,-,-,-,-,-,-,-,-,-,-,-,-,-,-,-,-,-,-,-,-,-,-,-,-,-,-,-,-,-,-,-,-,-,-,-,-,-,-,-,-,-,-,-,-,-,-,-,-,-,-,-,-,-,-,-,-,-,-,-,-,-,-,-,-,-,-,-,-,-,-,-,-,-,-,-,-,-,-,-,-,-,-,-,-,-,-,-,-,-,-,-,-,-,-,-,-,-,-,-,-,-,-,-,-,-,-,-,-,-,-,-,-,-,-,-,-,-,-,-,-,-,-,-,-,-,-,-,-,-,-,-,-,-,-,-,-,-,-,-,-,-,-,-,-,-,-,-,-,-,-,-,-,-,-,-,-,-,-,-,-,-,-,-,-,-,-,-,-,-,-,-,-,-,-,-,-,-,-,-,-,-,-,-,-,-,-
Halichoerus_grypus,M,G,A,L,G,L,E,G,R,G,R,R,P,Q,G,K,G,C,L,L,L,A,V,A,G,A,T,S,L,V,T,L,L,L,A,V,P,I,T,V,L,A,V,L,A,L,V,P,Q,E,Q,G,G,L,V,T,G,T,S,D,P,G,A,Q,A,Q,Q,R,L,G,S,Q,E,L,P,E,E,E,A,E,T,D,F,S,S,R,L,P,A,A,H,L,I,G,A,W,T,K,G,Q,G,L,G,W,E,A,K,K,E,E,A,F,L,R,S,G,T,Q,F,S,G,A,E,G,L,A,L,P,Q,D,G,L,Y,Y,L,Y,C,H,V,G,Y,R,G,R,A,P,P,A,G,G,A,L,S,D,R,S,V,T,L,R,S,R,L,Y,R,A,G,G,A,Y,G,P,G,T,P,E,L,L,L,E,G,A,E,T,V,T,P,V,L,D,P,A,R,T,R,E,Y,G,P,L,W,Y,T,S,V,G,F,G,G,L,V,Q,L,R,R,G,E,R,V,Y,V,N,I,S,H,P,D,M,V,D,Y,R,R,G,K,T,F,F,G,A,V,M,V,G
Homo_sapiens,M,G,A,L,G,L,E,G,R,G,G,R,L,Q,G,R,G,S,L,L,L,A,V,A,G,A,T,S,L,V,T,L,L,L,A,V,P,I,T,V,L,A,V,L,A,L,V,P,Q,D,Q,G,G,L,V,T,E,T,A,D,P,G,A,Q,A,Q,Q,G,L,G,F,Q,K,L,P,E,E,E,P,E,T,D,L,S,P,G,L,P,A,A,H,L,I,G,A,P,L,K,G,Q,G,L,G,W,E,T,T,K,E,Q,A,F,L,T,S,G,T,Q,F,S,D,A,E,G,L,A,L,P,Q,D,G,L,Y,Y,L,Y,C,L,V,G,Y,R,G,R,A,P,P,G,G,G,D,P,Q,G,R,S,V,T,L,R,S,S,L,Y,R,A,G,G,A,Y,G,P,G,T,P,E,L,L,L,E,G,A,E,T,V,T,P,V,L,D,P,A,R,R,Q,G,Y,G,P,L,W,Y,T,S,V,G,F,G,G,L,V,Q,L,R,R,G,E,R,V,Y,V,N,I,S,H,P,D,M,V,D,F,A,R,G,K,T,F,F,G,A,V,M,V,G
Hylobates_moloch,M,G,A,L,G,L,E,G,R,G,G,R,L,Q,G,R,G,S,L,L,L,A,V,A,G,A,T,S,L,V,T,L,L,L,A,V,P,I,T,V,L,A,V,L,A,L,V,P,Q,D,Q,G,G,L,V,T,E,T,A,D,P,G,A,Q,A,Q,Q,G,L,G,F,Q,K,L,P,E,E,E,P,E,T,D,L,S,P,G,L,P,A,A,H,L,I,G,A,P,L,K,G,Q,G,L,G,W,E,A,T,K,E,Q,A,F,L,T,S,G,T,Q,F,S,D,A,E,G,L,A,L,P,Q,D,G,L,Y,Y,L,Y,C,L,V,G,Y,R,G,R,A,P,P,G,G,G,D,P,Q,G,R,S,V,T,L,R,S,S,L,Y,R,A,G,G,A,Y,G,P,G,T,P,E,L,L,L,E,G,A,E,T,V,T,P,V,L,D,P,A,R,R,Q,G,Y,G,P,L,W,Y,T,S,V,G,F,G,G,L,V,Q,L,R,R,G,E,R,V,Y,V,N,I,S,H,P,D,M,V,D,F,A,R,G,K,T,F,F,G,A,V,M,V,G
Ictidomys_tridecemlineatus,M,G,A,L,G,L,Q,G,R,G,G,R,P,Q,G,T,G,C,L,L,L,A,V,A,G,A,T,S,L,V,T,L,L,L,A,V,P,I,T,V,L,A,V,L,A,L,V,P,Q,E,Q,G,G,L,V,M,E,S,A,G,L,G,A,Q,A,Q,Q,G,L,G,F,Q,Q,L,Q,E,E,K,P,E,T,D,L,S,S,R,L,P,A,A,H,L,I,G,A,W,M,K,G,Q,G,L,S,W,E,A,K,K,E,E,A,F,L,R,S,G,T,Q,F,S,G,A,E,G,L,A,L,P,Q,D,G,L,Y,Y,L,Y,C,N,V,G,Y,R,G,R,A,P,P,S,G,G,G,P,Q,D,R,S,V,T,L,R,S,S,L,Y,R,A,G,G,A,Y,G,R,G,A,P,E,L,L,L,E,G,A,E,T,V,T,P,V,L,E,R,A,G,R,P,Q,Y,R,P,L,W,Y,T,S,V,G,F,G,G,L,V,Q,L,R,R,G,E,R,V,Y,V,N,I,S,H,P,D,M,V,D,Y,R,R,G,K,T,F,F,G,A,V,M,V,G
Leopardus_geoffroyi,M,G,T,L,G,L,E,G,R,G,R,R,P,Q,G,K,G,C,L,L,L,A,V,A,G,A,T,S,L,V,T,L,L,L,A,V,P,I,T,V,L,A,V,L,A,L,V,P,Q,E,Q,G,G,Q,V,T,G,T,A,D,P,G,A,Q,A,Q,Q,R,L,G,T,Q,V,L,P,E,E,E,A,G,T,G,F,S,S,R,L,P,A,A,H,L,I,G,A,W,T,K,G,Q,G,L,G,W,E,A,K,K,E,E,A,F,L,R,S,G,T,Q,F,S,G,A,E,G,L,A,L,P,Q,D,G,L,Y,Y,L,Y,C,H,V,G,Y,R,G,R,A,P,P,A,G,G,G,L,L,D,H,S,V,T,L,R,S,R,L,Y,R,T,G,G,A,Y,G,P,G,T,P,E,L,L,L,E,G,A,E,T,V,T,P,V,L,D,P,S,R,T,H,E,Y,G,P,L,W,Y,T,S,V,G,F,G,G,L,V,Q,L,R,R,G,E,R,V,Y,V,N,I,S,H,P,D,M,V,D,Y,R,R,G,K,T,F,F,G,A,V,M,V,G
Loxodonta_africana,M,E,A,S,G,P,E,G,R,V,G,R,P,Q,G,R,G,C,L,L,L,A,V,V,G,A,I,V,L,G,S,V,V,L,S,V,P,I,T,V,L,T,V,L,V,L,V,P,Q,D,Q,G,G,V,V,T,E,T,A,D,P,G,R,Q,S,Q,Q,Q,L,E,F,Q,K,L,P,E,E,K,A,E,T,D,L,S,P,R,L,P,A,A,H,L,I,G,S,W,K,S,G,Q,G,L,G,W,E,T,K,K,E,E,A,F,L,R,S,G,T,Q,F,S,G,A,E,G,L,A,L,P,Q,D,G,L,Y,Y,L,Y,C,Y,V,G,Y,R,G,R,A,P,P,A,G,R,G,P,L,G,R,S,V,T,L,R,S,S,L,Y,R,A,G,G,A,Y,G,P,G,I,P,Q,L,L,L,E,G,A,E,T,V,T,S,V,L,D,P,A,R,R,H,E,Y,G,P,L,W,F,T,S,V,G,F,G,G,L,V,Q,L,R,R,G,E,R,V,Y,V,N,I,S,H,P,D,L,V,D,Y,R,R,G,K,T,F,F,G,A,V,M,V,G
Macaca_fascicularis,M,G,A,L,G,L,E,G,R,G,G,R,L,Q,G,R,G,S,L,L,L,A,V,A,G,A,T,S,L,V,T,L,L,L,A,V,P,I,T,V,L,A,V,L,A,L,V,P,Q,D,Q,G,G,L,V,T,D,T,A,D,P,G,A,Q,A,Q,Q,G,L,G,F,Q,K,L,P,E,E,E,P,E,A,D,L,S,P,G,L,P,A,A,H,L,I,G,A,P,L,K,G,Q,G,L,G,W,E,A,T,K,E,Q,A,F,L,T,S,G,T,Q,F,S,D,A,E,G,L,A,L,P,Q,D,G,L,Y,Y,L,Y,C,L,V,G,Y,R,G,R,A,P,P,G,G,A,E,P,R,G,R,S,V,T,L,R,S,S,L,Y,R,A,G,G,A,Y,G,P,G,T,P,E,L,L,L,E,G,A,E,T,V,T,P,V,L,D,P,A,G,R,Q,G,Y,G,P,L,W,Y,T,S,V,G,F,G,G,L,V,Q,L,R,R,G,E,R,V,Y,V,N,I,S,H,P,D,M,V,D,F,A,R,G,K,T,F,F,G,A,V,M,V,G
Macaca_mulatta,M,G,A,L,G,L,E,G,R,G,G,R,L,Q,G,R,G,S,L,L,L,A,V,A,G,A,T,S,L,V,T,L,L,L,A,V,P,I,T,V,L,A,V,L,A,L,V,P,Q,D,Q,G,G,L,V,T,D,T,A,D,P,G,A,Q,A,Q,Q,G,L,G,F,Q,K,L,P,E,E,E,P,E,A,D,L,S,P,G,L,P,A,A,H,L,I,G,A,P,L,K,G,Q,G,L,G,W,E,A,T,K,E,Q,A,F,L,T,S,G,T,Q,F,S,D,A,D,G,L,A,L,P,Q,D,G,L,Y,Y,L,Y,C,L,V,G,Y,R,G,R,A,P,P,G,G,A,E,P,R,G,R,S,V,T,L,R,S,S,L,Y,R,A,G,G,A,Y,G,P,G,T,P,E,L,L,L,E,G,A,E,T,V,T,P,V,L,D,P,A,G,R,Q,G,Y,G,P,L,W,Y,T,S,V,G,F,G,G,L,V,Q,L,R,R,G,E,R,V,Y,V,N,I,S,H,P,D,M,V,D,F,A,R,G,K,T,F,F,G,A,V,M,V,G
Macaca_nemestrina,M,G,A,L,G,L,E,G,R,G,G,R,L,Q,G,R,G,S,L,L,L,A,V,A,G,A,T,S,L,V,T,L,L,L,A,V,P,I,T,V,L,A,V,L,A,L,V,P,Q,D,Q,G,G,L,V,T,D,T,A,D,P,G,A,Q,A,Q,Q,G,L,G,F,Q,K,L,P,E,E,E,P,E,A,D,L,S,P,G,L,P,A,A,H,L,I,G,A,P,L,K,G,Q,G,L,G,W,E,A,T,K,E,Q,A,F,L,T,S,G,T,Q,F,S,D,A,E,G,L,A,L,P,Q,D,G,L,Y,Y,L,Y,C,L,V,G,Y,R,G,R,A,P,P,G,G,A,E,L,R,G,R,S,V,T,L,R,S,S,L,Y,R,A,G,G,A,Y,G,P,G,T,P,E,L,L,L,E,G,A,E,T,V,T,P,V,L,D,P,A,G,R,Q,G,Y,G,P,L,W,Y,T,S,V,G,F,G,G,L,V,Q,L,R,R,G,E,R,V,Y,V,N,I,S,H,P,D,M,V,D,F,A,R,G,K,T,F,F,G,A,V,M,V,G
Macaca_thibetana_thibetana,M,G,A,L,G,L,E,G,R,G,G,R,L,Q,G,R,G,S,L,L,L,A,V,A,G,A,T,S,L,V,T,L,L,L,A,V,P,I,T,V,L,A,V,L,A,L,V,P,Q,D,Q,G,G,L,V,T,D,T,A,D,P,G,A,Q,A,Q,Q,G,L,G,F,Q,K,L,P,E,E,E,P,E,A,D,L,S,P,G,L,P,A,A,H,L,I,G,A,P,L,K,G,Q,G,L,G,W,E,A,T,K,E,Q,A,F,L,T,S,G,T,Q,F,S,D,A,E,G,L,A,L,P,Q,D,G,L,Y,Y,L,Y,C,L,V,G,Y,R,G,R,A,P,P,G,G,A,E,P,R,G,R,S,V,T,L,R,S,S,L,Y,R,A,G,G,A,Y,G,P,G,T,P,E,L,L,L,E,G,A,E,T,V,T,P,V,L,D,P,A,G,R,Q,G,Y,G,P,L,W,Y,T,S,V,G,F,G,G,L,V,Q,L,R,R,G,E,R,V,Y,V,N,I,S,H,P,D,M,V,D,F,A,R,G,K,T,F,F,G,A,V,M,V,G
Mandrillus_leucophaeus,M,G,A,L,G,L,E,G,R,G,G,R,L,Q,G,R,G,S,L,L,L,A,V,A,G,A,T,S,L,V,T,L,L,L,A,V,P,I,T,V,L,A,V,L,A,L,V,P,Q,D,Q,G,G,L,V,T,D,T,A,D,P,G,A,Q,A,Q,Q,G,L,G,F,Q,K,L,P,E,E,E,P,E,A,D,L,S,P,G,L,P,A,A,H,L,I,G,A,P,L,K,G,Q,G,L,G,W,E,A,T,K,E,Q,A,F,L,T,R,G,T,Q,F,S,D,A,E,G,L,A,L,P,Q,D,G,L,Y,Y,L,Y,C,L,V,G,Y,R,G,R,A,P,P,G,G,A,E,P,R,G,R,S,V,T,L,R,S,S,L,Y,R,A,G,G,A,Y,G,P,G,T,P,E,L,L,L,E,G,A,E,T,V,T,P,V,L,D,P,A,G,R,Q,G,Y,G,P,L,W,Y,T,S,V,G,F,G,G,L,V,Q,L,R,R,G,E,R,V,Y,V,N,I,S,H,P,D,M,V,D,F,A,R,G,K,T,F,F,G,A,V,M,V,G
Marmota_flaviventris,M,G,A,L,G,L,Q,G,R,G,G,R,P,Q,G,T,G,C,L,L,L,A,V,A,G,A,T,S,L,V,T,L,L,L,A,V,P,I,T,V,L,A,V,L,A,L,V,P,Q,E,Q,G,G,L,V,M,E,S,A,G,L,G,A,Q,A,Q,Q,G,L,G,F,Q,Q,L,Q,E,E,K,P,E,T,D,L,S,S,R,L,P,A,A,H,L,I,G,A,W,M,K,G,Q,G,L,S,W,E,A,K,K,E,E,A,F,L,R,S,G,T,Q,F,S,G,A,E,G,L,A,L,P,Q,D,G,L,Y,Y,L,Y,C,N,V,G,Y,R,G,R,A,P,P,S,G,A,G,P,Q,D,R,S,V,T,L,R,S,S,L,Y,R,A,G,G,A,Y,G,R,G,A,P,E,L,L,L,E,G,A,E,T,V,T,P,V,L,D,R,A,G,R,P,Q,Y,R,P,L,W,Y,T,S,V,G,F,G,G,L,V,Q,L,R,R,G,E,R,V,Y,V,N,I,S,H,P,D,M,V,D,Y,R,R,G,K,T,F,F,G,A,V,M,V,G
Marmota_marmota_marmota,M,G,A,L,G,L,Q,G,R,G,G,R,P,Q,G,T,G,C,L,L,L,A,V,A,G,A,T,S,L,V,T,L,L,L,A,V,P,I,T,V,L,A,V,L,A,L,V,P,Q,E,Q,G,G,L,V,M,E,S,A,G,L,G,A,Q,A,Q,Q,G,L,G,F,Q,Q,L,Q,E,E,K,P,E,T,D,L,S,S,R,L,P,A,A,H,L,I,G,A,W,M,K,G,Q,G,L,S,W,E,A,K,K,E,E,A,F,L,R,S,G,T,Q,F,S,G,A,E,G,L,A,L,P,Q,D,G,L,Y,Y,L,Y,C,N,V,G,Y,R,G,R,A,P,P,S,G,A,G,P,Q,D,R,S,V,T,L,R,S,S,L,Y,R,A,G,G,A,Y,G,R,G,A,P,E,L,L,L,E,G,A,E,T,V,T,P,V,L,D,R,A,G,R,P,Q,Y,R,P,L,W,Y,T,S,V,G,F,G,G,L,V,Q,L,R,R,G,E,R,V,Y,V,N,I,S,H,P,D,M,V,D,Y,R,R,G,K,T,F,F,G,A,V,M,V,G
Marmota_monax,M,G,A,L,G,L,Q,G,R,G,G,R,P,Q,G,T,G,C,L,L,L,A,V,A,G,A,T,S,L,V,T,L,L,L,A,V,P,I,T,V,L,A,V,L,A,L,V,P,Q,E,Q,G,G,L,V,M,E,S,A,G,L,G,A,Q,A,Q,Q,G,L,G,F,Q,Q,L,Q,E,E,K,P,E,T,D,L,S,S,R,L,P,A,A,H,L,I,G,A,W,M,K,G,Q,G,L,S,W,E,A,K,K,E,E,A,F,L,R,S,G,T,Q,F,S,G,A,E,G,L,A,L,P,Q,D,G,L,Y,Y,L,Y,C,N,V,G,Y,R,G,R,A,P,P,S,G,A,G,P,Q,D,R,S,V,T,L,R,S,S,L,Y,R,A,G,G,A,Y,G,R,G,A,P,E,L,L,L,E,G,A,E,T,V,T,P,V,L,D,R,A,G,R,P,Q,Y,R,P,L,W,Y,T,S,V,G,F,G,G,L,V,Q,L,R,R,G,E,R,V,Y,V,N,I,S,H,P,D,M,V,D,Y,R,R,G,K,T,F,F,G,A,V,M,V,G
Nannospalax_galili,M,G,T,R,G,L,Q,S,P,G,G,R,P,L,G,R,G,C,L,L,L,A,V,A,G,T,S,S,L,L,T,L,L,L,A,V,P,I,T,V,L,A,V,L,A,L,V,P,Q,D,Q,G,G,W,V,E,K,T,A,S,S,G,P,Q,A,Q,K,G,L,G,F,Q,Q,L,Q,K,E,K,P,R,T,D,L,S,P,E,L,P,A,A,H,L,I,G,A,W,M,S,G,Q,G,L,S,W,E,A,S,K,E,E,A,F,L,R,S,G,V,Q,F,S,G,T,A,G,L,A,L,P,Q,D,G,I,Y,Y,L,Y,C,H,V,G,Y,R,G,R,A,P,P,A,G,R,G,-,R,T,A,S,L,T,L,S,S,S,L,Y,R,I,G,G,A,Y,G,P,G,F,P,E,L,L,L,E,G,A,E,T,V,M,P,A,M,D,R,S,-,-,-,-,-,-,-,L,W,F,S,S,V,G,F,G,G,L,V,Q,L,R,S,G,E,R,V,Y,V,N,I,S,H,P,D,L,V,D,Y,R,R,G,K,T,F,F,G,A,V,M,V,G
Neomonachus_schauinslandi,M,G,A,L,G,L,E,G,R,G,R,R,P,Q,G,K,G,C,L,L,L,A,V,A,G,A,T,S,L,V,T,L,L,L,A,V,P,I,T,V,L,A,V,L,A,L,V,P,Q,E,Q,G,G,L,V,T,G,T,T,D,P,G,A,Q,A,Q,Q,R,L,G,S,Q,E,L,P,E,E,E,A,E,T,D,F,S,S,R,L,P,A,A,H,L,I,G,A,W,T,K,G,Q,G,L,G,W,E,A,K,K,E,E,A,F,L,R,S,G,T,Q,F,S,G,A,E,G,L,A,L,P,Q,D,G,L,Y,Y,L,Y,C,H,V,G,Y,R,G,R,A,P,P,A,G,G,G,L,P,D,R,S,V,T,L,R,S,R,L,Y,R,A,G,G,A,Y,G,P,G,T,P,E,L,L,L,E,G,A,E,T,V,T,P,V,L,D,P,A,R,T,R,E,Y,G,P,L,W,Y,T,S,V,G,F,G,G,L,V,Q,L,R,R,G,E,R,V,Y,V,N,I,S,H,P,D,M,V,D,Y,R,R,G,K,T,F,F,G,A,V,M,V,G
Nomascus_leucogenys,M,G,A,L,G,L,E,G,R,G,G,R,L,Q,G,R,G,C,L,L,L,A,V,A,G,A,T,S,L,V,T,L,L,L,A,V,P,I,T,V,L,A,V,L,A,L,V,P,Q,D,Q,G,G,L,V,T,E,T,A,D,P,G,A,Q,A,Q,Q,G,L,G,F,Q,K,L,P,E,E,E,P,E,T,D,L,S,P,G,L,P,A,A,H,L,I,G,A,P,L,K,G,Q,G,L,G,W,E,A,T,K,E,Q,A,F,L,T,S,G,T,Q,F,S,D,A,E,G,L,A,L,P,Q,D,G,L,Y,Y,L,Y,C,L,V,G,Y,R,G,R,A,P,P,G,G,G,D,P,Q,G,R,S,V,T,L,R,S,S,L,Y,R,A,G,G,A,Y,G,P,G,T,P,E,L,L,L,E,G,A,E,T,V,T,P,V,L,D,P,A,R,R,Q,G,Y,G,P,L,W,Y,T,S,V,G,F,G,G,L,V,Q,L,R,R,G,E,R,V,Y,V,N,I,S,H,P,D,M,V,D,F,A,R,G,K,T,F,F,G,A,V,M,V,G
Ochotona_curzoniae,M,G,A,L,E,L,E,G,R,G,R,R,P,Q,G,R,G,C,F,L,L,A,V,A,G,A,T,S,L,V,T,L,L,L,A,V,P,I,T,I,L,A,V,L,A,L,V,P,Q,E,Q,G,G,L,-,-,E,A,A,D,P,G,A,Q,A,Q,Q,G,V,G,F,Q,Q,L,P,-,-,-,-,-,-,D,L,S,T,R,L,P,A,A,H,I,I,G,S,W,M,K,G,Q,G,L,G,W,E,A,N,K,E,E,A,F,L,R,S,G,T,Q,F,S,G,A,A,G,L,A,L,P,Q,D,G,L,Y,Y,L,Y,C,H,V,G,Y,R,G,R,A,P,P,A,G,G,D,P,R,G,R,S,V,V,L,R,S,S,L,Y,R,A,G,G,A,Y,G,P,G,A,P,Q,L,L,L,E,G,A,E,T,V,T,S,V,V,D,W,D,G,R,R,E,Y,G,P,L,W,Y,T,S,V,G,F,G,G,L,V,Q,L,R,R,G,E,R,V,Y,V,N,I,S,H,P,D,M,V,D,Y,R,R,G,K,T,S,F,G,A,V,M,V,G
Ochotona_princeps,M,G,A,L,E,L,E,G,R,G,R,R,P,Q,G,R,G,C,F,L,L,A,V,A,G,A,T,S,L,V,T,L,L,L,A,V,P,I,T,I,L,A,V,L,A,L,V,P,Q,E,Q,G,G,L,V,S,E,A,A,D,P,G,A,Q,A,Q,Q,G,L,G,F,Q,Q,L,P,-,-,-,-,E,A,D,L,S,T,R,L,P,A,A,H,I,I,G,S,W,M,K,G,Q,G,L,G,W,E,A,N,K,E,E,A,F,L,R,S,G,T,Q,F,S,G,A,A,G,L,A,L,P,Q,D,G,L,Y,Y,L,Y,C,H,V,G,Y,R,G,R,A,P,P,A,G,G,D,P,R,G,R,S,V,V,L,R,S,S,L,Y,R,A,G,G,A,Y,G,P,G,A,P,Q,L,L,L,E,G,A,E,T,V,T,S,V,V,D,W,D,G,R,R,E,Y,G,P,L,W,Y,T,S,V,G,F,G,G,L,V,Q,L,R,R,G,E,R,V,Y,V,N,I,S,H,P,D,M,V,D,Y,R,R,G,K,T,S,F,G,A,V,M,V,G
Octodon_degus,M,G,D,V,G,M,Q,G,P,G,G,R,P,R,G,R,G,C,L,L,L,A,V,A,G,A,T,A,L,L,T,L,L,L,A,V,P,I,T,V,L,A,V,L,A,L,M,P,Q,E,R,G,G,Q,V,T,E,P,P,G,P,G,A,Q,A,Q,E,G,L,-,-,-,-,-,-,-,-,-,-,-,-,-,-,-,-,-,L,P,A,A,H,L,I,G,A,W,T,Q,G,L,G,L,G,W,E,A,H,K,E,E,A,F,L,R,S,G,A,Q,F,S,G,A,R,G,L,A,L,P,R,D,G,L,Y,F,L,Y,C,H,V,G,F,R,G,R,A,-,-,-,-,-,-,-,-,-,-,-,-,T,L,R,S,V,L,L,R,A,G,G,A,Y,G,P,G,A,A,E,P,L,L,E,G,A,E,T,V,K,P,-,-,-,-,-,-,-,-,-,-,-,P,L,W,F,T,S,V,G,F,G,G,L,A,Q,L,R,R,G,E,R,V,F,V,N,I,S,H,P,D,L,V,D,Y,R,R,G,K,T,F,F,G,A,V,M,L,R
Ovis_aries,M,G,E,R,G,L,E,G,R,G,R,R,P,Q,R,K,G,C,L,L,L,A,V,A,G,V,T,S,L,V,T,L,L,L,A,V,P,I,T,V,V,A,V,L,A,L,V,P,Q,E,Q,G,G,L,V,T,G,T,A,D,P,G,A,Q,A,H,Q,R,F,E,S,G,E,L,P,E,E,D,S,E,T,D,L,S,P,R,L,P,A,A,H,L,I,G,A,W,T,T,G,Q,G,L,G,W,E,A,K,K,E,E,A,F,L,S,S,G,T,L,F,S,G,A,E,G,L,A,L,P,Q,D,G,L,Y,Y,L,Y,C,H,V,G,Y,R,G,R,A,P,P,P,A,V,E,P,L,D,R,S,V,T,L,L,S,R,L,Y,R,A,G,G,A,Y,G,S,G,T,P,E,L,L,L,E,G,A,E,T,V,T,P,V,S,D,P,A,R,R,H,D,Y,G,P,L,W,Y,T,S,V,G,F,G,G,L,V,Q,L,R,R,G,E,R,V,Y,V,N,I,S,H,P,D,M,V,D,Y,R,R,G,K,T,F,F,G,A,V,M,V,G
Pan_paniscus,M,G,A,L,G,L,E,G,R,G,G,R,L,Q,G,R,G,S,L,L,L,A,V,A,G,A,T,S,L,V,T,L,L,L,A,V,P,I,T,V,L,A,V,L,A,L,V,P,Q,D,Q,G,G,L,V,T,E,T,A,D,P,G,A,Q,A,Q,Q,G,L,G,F,Q,K,L,P,E,E,E,P,E,T,D,L,S,P,G,L,P,A,A,H,L,I,G,A,P,L,K,G,Q,G,L,G,W,E,T,T,K,E,Q,A,F,L,T,S,G,T,Q,F,S,D,A,E,G,L,A,L,P,Q,D,G,L,Y,Y,L,Y,C,L,V,G,Y,R,G,R,A,P,P,G,G,G,D,P,Q,G,R,S,V,T,L,R,S,S,L,Y,R,A,G,G,A,Y,G,P,G,T,P,E,L,L,L,E,G,A,E,T,V,T,P,V,L,D,P,A,R,R,Q,G,Y,G,P,L,W,Y,T,S,V,G,F,G,G,L,V,Q,L,R,R,G,E,R,V,Y,V,N,I,S,H,P,D,M,V,D,F,A,R,G,K,T,F,F,G,A,V,M,V,G
Pan_troglodytes,M,G,A,L,G,L,E,G,R,G,G,R,L,Q,G,R,G,S,L,L,L,A,V,A,G,A,T,S,L,V,T,L,L,L,A,V,P,I,T,V,L,A,V,L,A,L,V,P,Q,D,Q,G,G,L,V,T,E,T,A,D,P,G,A,Q,A,Q,Q,G,L,G,F,Q,K,L,P,E,E,E,P,E,T,D,L,S,P,G,L,P,A,A,H,L,I,G,A,P,L,K,G,Q,G,L,G,W,E,T,T,K,E,Q,A,F,L,T,S,G,T,Q,F,S,D,A,E,G,L,A,L,P,Q,D,G,L,Y,Y,L,Y,C,L,V,G,Y,R,G,R,T,P,P,G,G,G,D,P,Q,G,R,S,V,T,L,R,S,S,L,Y,R,A,G,G,A,Y,G,P,G,T,P,E,L,L,L,E,G,A,E,T,V,T,P,V,L,D,P,A,R,R,Q,G,Y,G,P,L,W,Y,T,S,V,G,F,G,G,L,V,Q,L,R,R,G,E,R,V,Y,V,N,I,S,H,P,D,M,V,D,F,A,R,G,K,T,F,F,G,A,V,M,V,G
Panthera_tigris_altaica,-,-,-,-,-,-,-,-,-,-,-,-,-,-,-,-,-,-,-,-,-,-,-,-,-,-,-,-,-,-,-,-,-,-,-,-,-,-,-,-,-,-,-,-,-,-,-,-,-,-,-,-,-,-,-,-,-,-,-,-,-,-,-,-,-,-,-,-,-,-,-,-,-,-,-,-,-,-,-,-,-,-,-,-,-,-,-,-,-,-,-,-,-,-,-,-,-,-,-,-,-,-,-,-,-,-,-,-,-,-,-,-,-,-,-,-,-,-,-,-,-,-,-,-,-,-,-,-,-,-,-,-,-,-,-,-,-,-,-,-,-,-,-,-,-,-,-,-,-,-,-,-,-,-,-,-,-,-,-,-,-,-,-,-,-,-,-,-,-,-,-,-,-,-,-,-,-,-,-,-,-,-,-,-,-,-,-,-,-,-,-,-,-,-,-,-,-,-,-,-,-,-,-,-,-,-,-,-,-,-,-,-,-,-,-,-,-,-,-,-,-,-,-,-,-,-,-,-,-,-,-,-,-,-,-,-,-,-,-,-,-,-,-,-
Papio_anubis,-,-,-,-,-,-,-,-,-,-,-,-,-,-,-,-,-,-,-,-,-,-,-,-,-,-,-,-,-,-,-,-,-,-,-,-,-,-,-,-,-,-,-,-,-,-,-,-,-,-,-,-,-,-,-,-,-,-,-,-,-,-,-,-,-,-,-,-,-,-,-,-,-,-,-,-,-,-,-,-,-,-,-,-,-,-,-,-,-,-,-,-,-,-,-,-,-,-,-,-,-,-,-,-,-,-,-,-,-,-,-,-,-,-,-,-,-,-,-,-,-,-,-,-,-,-,-,-,-,-,-,-,-,-,-,-,-,-,-,-,-,-,-,-,-,-,-,-,-,-,-,-,-,-,-,-,-,-,-,-,-,-,-,-,-,-,-,-,-,-,-,-,-,-,-,-,-,-,-,-,-,-,-,-,-,-,-,-,-,-,-,-,-,-,-,-,-,-,-,-,-,-,-,-,-,-,-,-,-,-,-,-,-,-,-,-,-,-,-,-,-,-,-,-,-,-,-,-,-,-,-,-,-,-,-,-,-,-,-,-,-,-,-,-
Piliocolobus_tephrosceles,M,G,A,L,G,L,E,G,R,G,G,R,L,Q,G,R,G,S,L,L,L,A,V,A,G,A,T,S,L,V,T,L,L,L,A,V,P,I,T,V,L,A,V,L,A,L,V,P,Q,D,Q,R,G,L,V,T,D,T,A,D,P,G,A,Q,A,Q,Q,G,L,G,F,Q,K,L,P,E,E,E,P,E,A,D,L,S,P,G,L,P,A,A,H,L,I,G,A,P,L,K,G,Q,G,L,G,W,E,A,T,K,E,Q,A,F,L,T,S,G,T,Q,F,S,D,A,E,G,L,A,L,P,Q,D,G,L,Y,Y,L,Y,C,L,V,G,Y,R,G,R,A,P,P,G,G,G,E,P,R,G,R,S,V,T,L,R,S,S,L,Y,R,A,G,G,A,Y,G,P,G,T,P,E,L,L,L,E,G,A,E,T,V,T,P,V,L,D,P,A,G,R,Q,G,Y,G,P,L,W,Y,T,S,V,G,F,G,G,L,V,Q,L,R,R,G,E,R,V,Y,V,N,I,S,H,P,D,M,V,D,F,A,R,G,K,T,F,F,G,A,V,M,V,G
Pongo_abelii,M,G,A,L,G,L,E,G,R,G,G,R,L,Q,G,R,G,S,L,L,L,A,V,A,G,A,T,S,L,V,T,L,L,L,A,V,P,I,T,V,L,A,V,L,A,L,V,P,Q,D,Q,G,G,L,V,M,E,T,A,D,P,G,A,Q,A,Q,Q,E,L,G,F,Q,K,L,P,E,E,E,P,E,T,D,L,S,P,G,L,P,A,A,H,L,I,G,A,P,L,K,G,Q,G,L,G,W,E,A,T,K,E,Q,A,F,L,T,S,G,T,Q,F,S,D,A,E,G,L,A,L,P,Q,D,G,L,Y,Y,L,Y,C,L,V,G,Y,R,G,R,A,P,P,G,G,G,D,P,Q,G,R,S,V,T,L,R,S,S,L,Y,R,A,G,G,A,Y,G,P,G,T,P,E,L,L,L,E,G,A,E,T,V,T,P,V,L,D,P,A,R,R,Q,G,Y,G,P,L,W,Y,T,S,V,G,F,G,G,L,V,Q,L,R,R,G,E,R,V,Y,V,N,I,S,H,P,D,M,V,D,F,A,R,G,K,T,F,F,G,A,V,M,V,G
Propithecus_coquereli,M,G,A,L,G,L,E,G,R,G,G,R,P,Q,G,R,G,S,L,L,L,A,V,A,G,A,T,S,L,V,T,L,L,L,A,V,P,I,T,V,L,A,V,L,A,L,V,P,K,D,Q,G,G,P,V,T,E,T,A,D,P,G,A,Q,A,Q,-,-,-,-,-,Q,E,L,P,E,E,E,P,E,T,D,L,S,P,R,L,P,A,A,H,L,I,G,A,W,M,K,G,Q,G,L,G,W,E,A,T,K,E,E,A,F,L,R,S,G,T,R,F,S,D,A,E,G,L,A,L,P,Q,D,G,L,Y,Y,L,Y,C,H,V,G,Y,R,G,R,A,P,P,A,G,G,G,P,Q,G,R,S,V,T,L,R,S,S,L,Y,R,A,G,G,A,Y,G,P,G,A,A,E,L,L,L,E,G,A,E,T,V,T,P,V,P,D,P,A,G,R,Q,G,Y,G,P,L,W,Y,T,S,V,G,F,G,G,L,V,R,L,R,R,G,E,R,V,Y,V,N,I,S,R,P,D,M,V,D,Y,G,R,G,K,T,F,F,G,A,V,M,V,G
Rhinopithecus_bieti,M,G,A,L,G,L,E,G,R,G,G,R,L,Q,G,R,G,S,L,L,L,A,V,A,G,A,T,S,L,V,T,L,L,L,A,V,P,I,T,V,L,A,V,L,A,L,V,P,Q,D,Q,G,G,L,V,T,D,T,A,D,P,G,A,Q,A,Q,Q,G,L,G,F,Q,K,L,P,E,E,E,P,E,A,D,L,S,P,G,L,P,A,A,H,L,I,G,A,P,L,K,G,Q,G,L,G,W,E,A,T,K,E,Q,A,F,L,T,S,G,T,Q,F,S,D,A,E,G,L,A,L,P,Q,D,G,L,Y,Y,L,Y,C,L,V,G,Y,R,G,R,A,P,P,G,G,A,E,P,R,G,H,S,V,T,L,R,S,S,L,Y,R,A,G,G,A,Y,G,P,G,T,P,E,L,L,L,E,G,A,E,T,V,T,P,V,L,D,P,A,G,R,Q,G,Y,G,P,L,W,Y,T,S,V,G,F,G,G,L,V,Q,L,R,R,G,E,R,V,Y,V,N,I,S,H,P,D,M,V,D,F,A,R,G,K,T,F,F,G,A,V,M,V,G
Rhinopithecus_roxellana,M,G,A,L,G,L,E,G,R,G,G,R,L,Q,G,R,G,S,L,L,L,A,V,A,G,A,T,S,L,V,T,L,L,L,A,V,P,I,T,V,L,A,V,L,A,L,V,P,Q,D,Q,G,G,L,V,T,D,T,A,D,P,G,A,Q,A,Q,Q,G,L,G,F,Q,K,L,P,E,E,E,P,E,A,D,L,S,P,G,L,P,A,A,H,L,I,G,A,P,L,K,G,Q,G,L,G,W,E,A,T,K,E,Q,A,F,L,T,S,G,T,Q,F,S,D,A,E,G,L,A,L,P,Q,D,G,L,Y,Y,L,Y,C,L,V,G,Y,R,G,R,A,P,P,G,G,A,E,P,R,G,H,S,V,T,L,R,S,S,L,Y,R,A,G,G,A,Y,G,P,G,T,P,E,L,L,L,E,G,A,E,T,V,T,P,V,L,D,P,A,G,R,Q,G,Y,G,P,L,W,Y,T,S,V,G,F,G,G,L,V,Q,L,R,R,G,E,R,V,Y,V,N,I,S,H,P,D,M,V,D,F,A,R,G,K,T,F,F,G,A,V,M,V,G
Saimiri_boliviensis_boliviensis,M,G,A,M,G,L,E,G,R,G,G,R,L,Q,G,R,G,S,L,L,L,A,V,A,G,A,T,F,L,V,T,L,L,L,V,V,P,I,T,V,L,A,V,L,A,L,V,P,Q,D,Q,G,G,L,V,T,E,T,A,D,P,G,A,Q,A,Q,Q,G,L,G,F,Q,K,L,P,E,E,E,P,E,T,D,L,S,P,E,L,P,A,A,H,L,I,G,A,P,L,K,G,Q,R,L,A,W,E,A,T,K,E,Q,A,F,L,S,P,G,T,R,F,S,D,A,E,G,L,A,L,P,Q,D,G,L,Y,Y,L,Y,C,F,V,G,Y,R,G,R,A,P,P,G,G,E,G,P,R,G,R,S,V,T,L,R,S,S,L,Y,R,E,G,G,A,Y,G,P,G,T,P,E,L,L,L,E,G,A,E,T,V,T,L,V,V,D,P,A,G,R,Q,G,Y,G,P,L,W,Y,T,S,V,G,F,G,G,L,V,Q,L,R,R,G,E,R,V,Y,V,N,I,S,H,P,D,M,V,D,F,A,R,G,K,T,F,F,G,A,V,M,V,G
Sapajus_apella,M,G,A,M,G,L,E,G,R,G,G,R,L,Q,G,R,G,S,L,L,L,A,V,A,G,A,T,F,L,V,T,L,L,L,V,V,P,I,T,V,L,A,V,L,A,L,V,P,Q,D,Q,G,G,L,V,T,E,T,A,D,P,G,A,Q,A,Q,Q,G,L,G,F,Q,K,L,P,E,E,E,P,E,T,D,L,S,S,E,L,P,A,A,H,L,I,G,A,P,L,K,G,H,G,L,A,W,E,A,A,K,E,Q,A,F,L,S,S,G,T,Q,F,S,D,A,E,G,L,A,L,P,Q,D,G,L,Y,Y,L,Y,C,F,V,G,Y,R,G,R,A,P,P,G,G,E,G,P,R,G,R,S,V,T,L,R,S,S,L,Y,R,E,G,G,A,Y,G,P,G,T,P,E,L,L,L,E,G,A,E,T,V,T,L,V,L,D,P,A,G,R,Q,G,Y,G,P,L,W,Y,T,S,V,G,F,G,G,L,V,Q,L,R,R,G,E,R,V,Y,V,N,I,S,H,P,D,M,V,D,F,A,R,G,K,T,F,F,G,A,V,M,V,G
Suricata_suricatta,M,G,A,L,G,L,E,G,R,G,R,R,P,H,G,K,G,C,L,L,L,A,V,A,G,A,T,S,L,V,T,L,L,L,A,V,P,I,T,V,L,A,V,L,A,L,V,P,Q,E,Q,G,G,P,V,T,G,T,A,D,P,G,A,Q,A,Q,Q,R,S,G,S,Q,K,L,P,E,E,E,A,G,T,D,F,S,S,R,L,P,A,A,H,L,I,G,A,W,T,K,G,Q,G,L,G,W,E,A,K,K,E,E,A,F,L,R,S,G,T,Q,F,S,G,A,E,G,L,A,L,P,Q,D,G,L,Y,Y,L,Y,C,H,V,G,Y,R,G,R,A,P,P,A,G,G,G,L,L,D,H,S,V,T,L,H,S,R,L,Y,R,T,G,G,A,Y,G,P,G,T,P,E,L,L,L,E,G,A,E,T,V,T,P,V,L,D,P,A,R,T,H,E,Y,G,P,L,W,Y,T,S,V,G,F,G,G,L,V,Q,L,R,R,G,E,R,V,Y,V,N,I,S,H,P,D,L,V,D,Y,R,R,G,K,T,F,F,G,A,V,M,V,G
Theropithecus_gelada,M,G,A,L,G,L,E,G,R,G,G,R,L,Q,G,R,G,S,L,L,L,A,V,A,G,A,T,S,L,V,T,L,L,L,A,V,P,I,T,V,L,A,V,L,A,L,V,P,Q,D,Q,G,G,L,V,T,D,T,A,D,P,G,A,Q,A,Q,Q,G,L,G,F,Q,K,L,P,E,E,E,P,E,A,D,L,S,P,G,L,P,A,A,H,L,I,G,A,P,L,K,G,Q,G,L,G,W,E,A,T,K,E,Q,A,F,L,T,S,G,T,Q,F,S,D,A,E,G,L,A,L,P,Q,D,G,L,Y,Y,L,Y,C,L,V,G,Y,R,G,R,A,P,P,G,G,A,E,P,R,G,R,S,V,T,L,R,S,S,L,Y,R,A,G,G,A,Y,G,P,G,T,P,E,L,L,L,E,G,A,E,T,V,T,P,V,L,D,P,A,G,R,Q,G,Y,G,P,L,W,Y,T,S,V,G,F,G,G,L,V,Q,L,R,R,G,E,R,V,Y,V,N,I,S,H,P,D,M,V,D,F,A,R,G,K,T,F,F,G,A,V,M,V,G
Trachypithecus_francoisi,M,G,A,L,G,L,E,G,R,G,G,R,L,Q,G,R,G,S,L,L,L,A,V,A,G,A,T,S,L,V,T,L,L,L,A,V,P,I,T,V,L,A,V,L,A,L,V,P,Q,D,Q,G,G,L,V,T,D,T,A,D,P,G,A,Q,A,Q,Q,G,L,G,F,Q,K,L,P,E,E,E,P,E,A,D,L,S,P,G,L,P,A,A,H,L,I,G,A,P,L,K,G,Q,G,L,G,W,E,A,T,K,E,Q,A,F,L,T,S,G,T,Q,F,S,D,A,E,G,L,A,L,P,Q,D,G,L,Y,Y,L,Y,C,L,V,G,Y,R,G,R,A,P,P,G,G,A,E,P,R,G,H,S,V,T,L,R,S,S,L,Y,R,A,G,G,A,Y,G,P,G,T,P,E,L,L,L,E,G,A,E,T,V,T,P,V,L,D,P,A,G,R,Q,G,Y,G,P,L,W,Y,T,S,V,G,F,G,G,L,V,Q,L,R,R,G,E,R,V,Y,V,N,I,S,H,P,D,M,V,D,F,A,R,G,K,T,F,F,G,A,V,M,V,G
Tupaia_chinensis,M,G,A,L,G,L,E,G,R,G,G,R,P,Q,G,R,G,C,L,L,L,A,V,A,G,A,T,S,P,V,T,L,L,L,A,V,P,I,T,V,L,A,V,L,A,L,V,P,R,E,Q,A,G,L,V,T,E,T,S,D,P,G,A,Q,A,Q,K,G,P,G,I,Q,E,L,P,E,E,E,P,E,A,S,V,S,P,-,-,P,A,A,H,L,I,G,A,W,R,K,G,Q,G,L,G,W,E,A,Q,K,E,E,A,F,L,R,S,G,V,Q,L,S,G,A,A,G,L,A,F,P,Q,D,G,L,Y,Y,L,Y,C,H,V,G,Y,R,G,R,A,-,-,-,-,-,-,-,-,A,R,S,L,T,L,R,S,S,L,Y,R,A,G,G,A,Y,G,P,G,V,P,E,L,L,L,E,G,A,E,T,V,S,S,V,L,E,R,P,G,S,H,G,Y,G,L,L,W,Y,T,S,V,G,F,G,G,L,V,Q,L,R,R,G,E,M,V,Y,V,N,I,S,H,P,D,M,V,D,Y,A,R,G,K,T,F,F,G,A,V,M,V,G
Urocitellus_parryii,M,G,A,L,G,L,Q,G,R,G,G,R,P,Q,G,T,G,C,L,L,L,A,V,A,G,A,T,S,L,V,T,L,L,L,A,V,P,I,T,V,L,A,V,L,A,L,V,P,Q,E,Q,G,G,L,V,M,E,S,A,G,L,G,A,Q,A,-,-,-,-,G,F,Q,Q,L,Q,E,E,K,P,E,T,D,L,S,S,R,L,P,A,A,H,L,I,G,A,W,M,K,G,Q,G,L,S,W,E,A,K,K,E,E,A,F,L,R,S,G,T,Q,F,S,G,A,E,G,L,A,L,P,Q,D,G,L,Y,Y,L,Y,C,N,V,G,Y,R,G,R,A,P,P,S,G,G,G,P,H,D,R,S,V,T,L,R,S,S,L,Y,R,A,G,G,A,Y,G,R,G,A,P,E,L,L,L,E,G,A,E,T,V,T,P,V,L,D,R,A,G,R,P,Q,Y,R,P,L,W,Y,T,S,V,G,F,G,G,L,V,Q,L,R,R,G,E,R,V,Y,V,N,I,S,H,P,D,M,V,D,Y,R,R,G,K,T,F,F,G,A,V,M,V,G
Ursus_americanus,M,G,A,L,G,L,E,G,R,G,R,R,P,Q,G,K,G,C,L,L,L,A,V,A,G,A,T,S,L,V,T,L,L,L,A,V,P,V,T,V,L,A,V,L,A,L,G,P,Q,D,R,G,G,L,V,T,G,T,A,D,P,G,T,Q,A,Q,Q,R,L,G,S,Q,E,L,P,E,E,E,A,E,T,D,F,S,S,R,L,P,A,A,H,L,I,G,A,W,T,K,G,Q,G,L,G,W,E,A,K,K,E,E,A,F,L,R,S,G,T,Q,F,S,G,A,E,G,L,A,L,P,Q,D,G,L,Y,Y,L,Y,C,H,V,G,Y,R,G,R,A,P,P,A,G,G,G,P,L,D,P,S,V,T,L,R,S,R,L,Y,R,A,G,G,A,Y,G,P,G,T,P,E,L,L,L,E,G,A,E,T,V,T,P,V,S,D,P,A,R,T,R,E,Y,G,P,L,W,Y,T,S,V,G,F,G,G,L,V,Q,L,R,R,G,E,R,V,Y,V,N,I,S,H,P,D,M,V,D,Y,R,R,G,K,T,F,F,G,A,V,M,V,G
Ursus_maritimus,M,G,A,L,G,L,E,G,R,G,R,R,P,Q,G,K,G,C,L,L,L,A,V,A,G,A,T,S,L,V,T,L,L,L,A,V,P,V,T,V,L,A,V,L,A,L,G,P,Q,D,R,G,G,L,V,T,G,T,A,D,P,G,T,Q,A,Q,Q,R,L,G,S,Q,E,L,P,E,E,E,A,E,T,D,F,S,S,R,L,P,A,A,H,L,I,G,A,W,T,K,G,Q,G,L,G,W,E,A,K,K,E,E,A,F,L,R,S,G,T,Q,F,S,G,A,E,G,L,A,L,P,Q,D,G,L,Y,Y,L,Y,C,H,V,G,Y,R,G,R,A,P,P,A,G,G,G,P,L,D,P,S,V,T,L,R,S,R,L,Y,R,A,G,G,A,Y,G,P,G,T,P,E,L,L,L,E,G,A,E,T,V,T,P,V,S,D,P,A,R,T,R,E,Y,G,P,L,W,Y,T,S,V,G,F,G,G,L,V,Q,L,R,R,G,E,R,V,Y,V,N,I,S,H,P,D,M,V,D,Y,R,R,G,K,T,F,F,G,A,V,M,V,G
Vicugna_pacos,M,G,A,L,G,L,E,G,R,G,R,R,P,Q,G,K,G,C,L,L,L,A,V,A,G,A,T,S,L,V,T,L,L,L,A,V,P,I,T,V,L,A,M,L,A,L,V,P,Q,E,Q,G,G,L,V,T,G,T,A,D,P,G,S,Q,A,R,Q,Q,L,E,S,Q,E,Q,P,E,E,E,V,E,T,D,L,S,P,R,L,P,A,A,H,L,I,G,A,W,T,T,G,Q,G,L,G,W,E,T,K,K,E,E,A,F,L,R,S,G,T,Q,F,S,G,A,E,G,L,A,L,P,Q,D,G,L,Y,Y,L,Y,C,H,I,G,Y,R,G,R,A,P,P,P,G,G,D,P,L,D,R,S,V,T,L,L,S,R,L,Y,R,A,G,S,A,Y,G,P,G,T,P,E,L,L,L,E,G,A,E,T,V,T,P,V,L,D,P,A,R,R,H,E,Y,G,P,L,W,Y,T,S,V,G,F,G,G,L,V,Q,L,R,R,G,E,R,V,Y,V,N,I,S,H,P,D,M,V,D,Y,R,R,G,K,T,F,F,G,A,V,M,V,G
Artibeus_jamaicensis,M,G,A,L,G,L,E,G,W,G,R,R,P,R,G,K,G,C,L,L,L,A,V,A,G,T,T,S,L,V,T,L,L,L,A,V,P,I,T,V,L,A,V,L,A,V,V,S,Q,K,Q,G,G,L,V,T,E,T,T,D,P,G,A,R,A,Q,Q,R,L,G,S,Q,E,L,S,E,Q,D,A,E,T,D,P,S,L,R,L,P,A,A,H,L,I,G,A,W,T,Q,G,Q,G,L,G,W,E,T,E,K,E,E,A,F,L,R,S,G,A,Q,F,S,S,T,D,G,L,A,L,P,R,D,G,L,Y,Y,L,Y,C,Q,V,G,Y,R,G,R,A,P,P,A,D,R,D,P,V,D,R,S,V,T,L,R,S,R,L,Y,R,A,R,G,A,Y,G,P,H,T,P,E,L,L,L,E,G,V,E,T,V,S,P,A,L,D,R,T,R,K,-,-,-,-,-,L,W,Y,T,S,V,G,V,G,G,L,V,Q,L,Q,R,G,E,R,V,Y,V,N,I,S,H,P,D,M,V,D,Y,R,R,G,K,T,F,F,G,A,V,M,V,G
Desmodus_rotundus,-,-,-,-,-,-,-,-,-,-,-,-,-,-,-,-,-,-,-,-,-,-,-,-,-,-,-,-,-,-,-,-,-,-,-,-,-,-,-,-,-,-,-,-,-,-,-,-,-,-,-,-,-,-,-,-,-,-,-,-,-,-,-,-,-,-,-,-,-,-,-,-,-,-,-,-,-,-,-,-,-,-,-,-,-,-,-,-,-,-,-,-,-,-,-,-,-,-,-,-,-,-,-,-,-,-,-,-,-,-,-,-,-,-,-,-,-,-,-,-,-,-,-,-,-,-,-,-,-,-,-,-,-,-,-,-,-,-,-,-,-,-,-,-,-,-,-,-,-,-,-,-,-,-,-,-,-,-,-,-,-,-,-,-,-,-,-,-,-,-,-,-,-,-,-,-,-,-,-,-,-,-,-,-,-,-,-,-,-,-,-,-,-,-,-,-,-,-,-,-,-,-,-,-,-,-,-,-,-,-,-,-,-,-,-,-,-,-,-,-,-,-,-,-,-,-,-,-,-,-,-,-,-,-,-,-,-,-,-,-,-,-,-,-
Eptesicus_fuscus,-,-,-,-,-,-,-,-,-,-,-,-,-,-,-,-,-,-,-,-,-,-,-,-,-,-,-,-,-,-,-,-,-,-,-,-,-,-,-,-,-,-,-,-,-,-,-,-,-,-,-,-,-,-,-,-,-,-,-,-,-,-,-,-,-,-,-,-,-,G,S,Q,E,L,P,E,Q,D,A,E,T,D,P,S,P,G,P,P,A,A,H,L,I,G,A,W,T,Q,G,G,G,L,G,W,E,A,A,K,E,E,A,F,V,R,S,G,A,Q,F,-,G,A,A,G,L,A,L,P,R,D,G,L,Y,Y,L,Y,C,H,V,G,Y,R,G,R,A,P,P,A,D,R,G,P,L,A,R,G,L,T,L,Q,S,R,L,Y,R,A,G,G,A,Y,G,R,G,A,P,E,L,L,L,E,G,A,E,T,V,R,P,A,L,D,A,A,G,R,-,-,-,-,-,L,W,Y,A,S,V,G,F,G,G,L,A,R,L,R,R,G,E,R,V,F,V,N,I,S,H,P,D,L,V,D,S,R,R,G,K,T,F,F,G,A,V,M,V,G
Hipposideros_armiger,M,G,A,L,G,L,E,G,W,G,R,R,P,Q,G,K,G,C,L,L,L,A,V,A,G,A,T,S,L,V,T,L,L,L,A,V,P,I,T,V,L,A,V,L,V,V,V,P,Q,E,Q,G,G,L,V,T,G,T,T,E,P,G,A,Q,A,Q,Q,R,L,G,S,Q,E,L,P,E,Q,D,A,E,T,D,L,S,P,K,I,P,A,A,H,L,I,G,A,W,T,Q,G,Q,G,L,G,W,E,A,K,K,E,E,A,F,L,R,S,G,T,Q,F,S,R,A,E,G,L,A,L,P,R,D,G,L,Y,Y,L,Y,C,H,V,G,Y,R,G,R,A,P,P,A,D,G,D,P,L,G,R,S,V,T,L,R,S,R,L,Y,R,A,G,G,A,Y,G,P,G,T,P,Q,L,L,L,E,G,A,E,T,V,N,P,A,L,D,P,T,R,R,-,-,-,-,-,L,W,Y,T,S,V,G,F,G,G,L,V,Q,L,R,R,G,E,R,V,Y,V,N,I,S,H,P,D,M,V,D,Y,R,R,G,K,T,F,F,G,A,V,M,V,G
Miniopterus_natalensis,M,G,A,L,G,L,E,G,W,G,R,R,P,Q,G,K,G,C,L,L,L,A,V,A,G,T,T,S,L,V,T,L,L,L,A,V,P,I,T,V,L,A,V,L,V,V,V,P,Q,K,Q,G,-,-,-,-,-,-,-,-,-,-,-,-,-,-,-,-,-,-,-,-,-,-,-,-,-,-,-,-,-,-,-,-,-,-,-,-,-,-,-,-,-,-,-,-,-,-,-,-,-,-,-,-,-,-,-,-,-,-,-,-,-,-,-,-,-,-,-,-,-,-,-,-,-,-,-,-,-,-,-,-,-,-,-,-,-,-,-,-,-,-,-,-,-,-,-,-,-,-,-,-,-,-,-,-,-,-,-,-,-,-,-,-,-,-,-,-,-,-,-,-,-,-,-,-,-,-,-,-,-,-,-,-,-,-,-,-,-,-,-,-,-,-,-,-,-,-,-,-,-,-,-,-,-,-,-,-,-,-,-,-,-,-,-,-,-,-,-,-,-,-,-,-,-,-,-,-,-,-,-,-,-,-,-,-,-,-,-,-,-,-,-,-
Molossus_molossus,M,G,A,L,G,L,E,G,W,R,R,R,P,Q,G,K,G,C,L,L,L,A,V,A,G,A,T,S,L,V,T,L,L,L,A,V,P,I,T,V,L,A,V,L,V,V,V,P,Q,K,Q,-,G,L,V,T,E,T,T,D,P,G,A,Q,A,Q,Q,R,L,G,S,Q,E,L,P,G,Q,D,A,E,T,D,P,G,P,R,L,P,A,A,H,L,I,G,A,W,T,Q,G,Q,G,L,G,W,E,A,K,K,E,E,A,F,L,R,S,G,A,Q,F,S,G,A,D,G,L,A,L,P,R,D,G,L,Y,Y,L,Y,C,H,V,G,F,R,G,R,A,P,P,A,D,R,D,P,L,D,R,W,V,T,L,H,S,R,L,Y,R,A,G,G,A,Y,G,P,G,T,L,E,L,L,L,E,G,A,E,T,V,S,-,-,L,E,P,A,R,R,-,-,-,-,-,L,W,Y,T,S,V,G,F,G,G,L,V,Q,L,R,R,G,E,R,V,Y,V,N,I,S,H,P,D,M,V,D,Y,R,R,G,K,T,F,F,G,A,V,M,V,G
Myotis_brandtii,M,G,A,L,G,L,E,G,W,G,R,R,P,Q,G,K,G,C,L,L,L,A,V,A,G,T,T,S,L,V,T,L,L,L,A,V,P,L,T,V,L,A,V,L,V,V,A,P,Q,K,Q,G,-,-,-,-,-,-,-,-,-,-,-,-,-,-,-,-,-,-,-,-,-,-,-,-,-,-,-,-,-,-,-,-,-,-,-,-,-,-,-,-,-,-,-,-,-,-,-,-,-,-,-,-,-,-,-,-,-,-,-,-,-,-,-,-,-,-,-,-,-,-,-,-,-,-,-,-,-,-,-,-,-,-,-,-,-,-,-,-,-,-,-,-,-,-,-,-,-,-,-,-,-,-,-,-,-,-,-,-,-,-,-,-,-,-,-,-,-,-,-,-,-,-,-,-,-,-,-,-,-,-,-,-,-,-,-,-,-,-,-,-,-,-,-,-,-,-,-,-,-,-,-,-,-,-,-,-,-,-,-,-,-,-,-,-,-,-,-,-,-,-,-,-,-,-,-,-,-,-,-,-,-,-,-,-,-,-,-,-,-,-,-,-
Myotis_davidii,M,G,S,L,G,L,E,G,W,G,R,R,P,Q,G,K,G,C,L,L,L,A,V,A,G,T,T,S,L,V,T,L,L,L,A,V,P,L,T,V,L,A,V,L,V,V,A,P,Q,K,Q,G,-,-,V,A,E,T,T,D,P,R,G,P,A,Q,Q,R,L,G,P,Q,E,L,P,E,Q,D,T,E,T,-,-,-,-,-,-,-,-,-,-,-,-,-,-,-,-,-,-,-,-,-,-,-,-,-,-,-,-,-,-,-,-,-,-,-,-,-,-,-,-,-,-,-,-,-,-,-,-,-,-,-,-,-,-,-,-,-,-,-,-,-,-,-,-,-,-,-,-,-,-,-,-,-,-,-,-,-,-,-,-,-,-,-,-,-,-,-,-,-,-,-,-,-,-,-,-,-,-,-,-,-,-,-,-,-,-,-,-,-,-,-,-,-,-,-,-,-,-,-,-,-,-,-,-,-,-,-,-,-,-,-,-,-,-,-,-,-,-,-,-,-,-,-,-,-,-,-,-,-,-,-,-,-,-,-,-,-,-,-,-,-,-,-
Myotis_lucifugus,M,G,A,L,G,L,E,G,W,G,R,R,R,Q,G,K,G,C,L,L,L,A,V,A,G,T,T,S,L,V,T,L,L,L,A,V,P,L,T,V,L,A,V,L,V,V,A,P,Q,K,Q,-,G,L,V,A,E,T,T,D,P,G,A,Q,A,Q,Q,R,L,G,K,S,R,L,-,-,-,-,-,-,-,-,-,-,-,-,-,-,-,-,-,-,-,-,-,-,-,-,-,-,-,-,-,-,-,-,-,-,-,-,-,-,-,-,-,-,-,-,-,-,-,-,-,-,-,-,-,-,-,-,-,-,-,-,-,-,-,-,-,-,-,-,-,-,-,-,-,-,-,-,-,-,-,-,-,-,-,-,-,-,-,-,-,-,R,A,G,G,A,Y,G,R,G,A,P,E,L,L,L,E,G,A,E,T,V,R,P,A,L,D,A,P,G,R,-,-,-,-,-,L,W,Y,A,S,V,G,F,G,G,L,A,R,L,R,R,G,E,R,V,F,V,N,I,S,H,P,A,L,V,D,S,R,R,G,K,T,F,F,G,A,V,M,V,G
Myotis_myotis,M,G,A,L,G,L,E,G,W,R,R,R,P,Q,G,K,G,C,L,L,L,A,V,A,G,T,T,S,L,V,T,L,L,L,A,V,P,L,T,V,L,A,V,L,V,V,A,P,Q,K,Q,-,G,L,V,A,E,T,T,D,P,G,A,Q,A,Q,Q,R,L,G,P,Q,E,L,P,E,Q,D,T,E,S,D,P,S,P,G,L,P,A,A,H,L,I,G,A,W,T,P,G,G,G,L,G,W,E,A,A,K,E,E,A,F,L,R,S,G,A,H,F,-,G,A,A,G,L,A,L,P,R,D,G,L,Y,Y,L,Y,C,H,V,G,Y,R,G,R,A,P,A,A,D,R,D,P,L,A,R,G,L,T,L,Q,S,R,L,Y,R,A,G,G,A,Y,G,R,G,A,P,E,L,L,L,E,G,A,E,T,V,R,P,A,L,D,A,P,G,R,-,-,-,-,-,L,W,Y,A,S,V,G,F,G,G,L,A,R,L,R,R,G,E,R,V,F,V,N,I,S,H,P,A,L,V,D,S,R,R,G,K,T,F,F,G,A,V,M,V,G
Phyllostomus_discolor,M,G,A,L,G,L,E,G,W,G,R,R,P,R,G,K,G,C,L,L,L,A,V,A,G,T,T,S,L,V,T,L,L,L,A,V,P,I,T,V,L,A,V,L,A,V,V,P,Q,K,Q,G,G,P,V,T,E,T,T,D,P,G,A,Q,A,Q,Q,Q,L,G,S,Q,E,L,P,E,Q,D,S,E,T,D,P,S,P,R,L,P,A,A,H,L,I,G,A,W,T,L,G,Q,G,L,A,W,E,A,E,K,E,E,A,F,L,R,S,G,A,Q,F,S,S,A,D,G,L,A,L,P,R,D,G,L,Y,Y,L,Y,C,Q,V,G,Y,R,G,R,A,P,P,A,D,G,D,P,L,D,R,S,F,T,L,R,S,R,L,Y,R,A,G,G,A,Y,G,P,R,T,P,D,L,L,L,E,G,V,E,T,V,S,P,A,L,D,R,T,R,K,-,-,-,-,-,L,W,Y,T,S,V,G,V,G,G,L,V,Q,L,Q,R,G,E,R,V,Y,V,N,I,S,H,P,D,M,V,D,Y,R,R,G,K,T,F,F,G,A,V,M,V,G
Phyllostomus_hastatus,M,G,A,L,G,L,E,G,W,G,R,R,P,R,G,K,G,C,L,L,L,A,V,A,G,T,T,S,L,V,T,L,L,L,A,V,P,I,T,V,L,A,V,L,A,V,V,P,Q,K,Q,G,G,P,V,T,E,T,T,D,P,G,A,Q,A,Q,Q,Q,L,G,S,Q,E,L,P,E,Q,D,S,E,T,D,P,S,P,R,L,P,A,A,H,L,I,G,A,W,T,Q,G,Q,G,L,G,W,E,A,E,K,E,E,A,F,L,R,S,G,A,Q,F,S,S,A,D,G,L,A,L,P,R,D,G,L,Y,Y,L,Y,C,Q,V,G,Y,R,G,R,A,P,P,A,D,G,D,P,L,D,R,S,F,T,L,R,S,R,L,Y,R,A,G,G,A,Y,G,P,R,T,P,D,L,L,L,E,G,V,E,T,V,S,P,A,L,D,R,T,R,K,-,-,-,-,-,L,W,Y,T,S,V,G,V,G,G,L,V,Q,L,Q,R,G,E,R,V,Y,V,N,I,S,H,P,D,M,V,D,Y,R,R,G,K,T,F,F,G,A,V,M,V,G
Pipistrellus_kuhlii,M,G,A,L,G,L,E,G,W,G,R,R,P,Q,G,K,G,C,L,L,L,A,V,A,G,A,A,S,L,V,T,L,L,L,A,V,P,I,T,V,L,A,V,L,-,-,-,-,-,-,-,-,-,-,-,-,-,-,-,-,-,-,-,-,-,-,-,-,-,-,-,Q,E,L,L,E,Q,D,A,E,T,D,P,S,P,G,P,P,A,A,H,L,I,G,A,W,T,R,G,G,G,L,G,W,E,A,A,Q,E,E,A,F,V,R,S,G,A,R,F,-,G,A,A,G,L,A,L,P,R,D,G,L,Y,F,L,Y,C,H,V,G,Y,R,G,R,A,P,A,G,-,-,P,P,P,A,R,A,L,T,L,H,S,R,L,F,R,A,G,G,A,Y,G,R,G,A,P,E,L,L,L,E,A,A,E,T,V,R,P,G,-,-,-,D,R,A,D,A,A,G,R,L,W,Y,A,S,V,G,V,G,G,L,A,R,L,R,R,G,E,R,V,F,V,N,V,S,H,P,E,L,V,D,A,R,R,G,K,T,G,F,G,A,V,L,V,G
Rhinolophus_ferrumequinum,M,G,A,L,G,L,E,G,W,G,R,R,H,Q,G,K,G,C,L,L,L,A,V,A,G,A,T,S,L,V,T,L,L,L,A,V,P,I,T,V,L,A,V,L,A,V,V,P,Q,E,Q,G,G,L,V,T,G,T,T,E,P,G,A,Q,A,Q,Q,R,L,G,F,Q,E,L,P,E,Q,D,A,E,T,D,P,S,P,K,L,P,A,A,H,L,I,G,A,W,T,Q,G,Q,G,L,G,W,E,T,K,K,E,E,A,F,L,R,S,G,T,Q,F,S,R,A,E,G,L,A,L,P,R,D,G,L,Y,Y,L,Y,C,H,V,G,Y,R,G,R,A,P,P,A,D,G,D,P,L,G,R,S,V,T,L,R,S,R,L,Y,R,A,G,G,A,Y,G,P,G,T,P,E,L,L,L,E,G,A,E,T,V,S,P,A,L,D,P,A,R,R,-,-,-,-,-,L,W,Y,T,S,V,G,F,G,G,L,V,Q,L,R,R,G,E,R,V,Y,V,N,I,S,H,P,D,M,V,D,Y,R,R,G,K,T,F,F,G,A,V,M,V,G
Sorex_araneus,-,-,-,-,-,-,-,-,-,-,-,-,-,-,-,-,-,-,-,L,L,A,V,A,G,A,T,S,L,V,T,L,L,L,A,V,P,I,T,V,L,A,V,L,L,V,A,P,Q,E,Q,G,G,L,V,M,W,T,A,D,Q,G,A,Q,A,Q,K,Q,L,G,T,Q,Q,L,P,E,E,A,A,E,P,D,L,G,R,T,V,P,A,A,H,L,I,G,A,W,S,T,E,Q,R,V,G,W,E,A,D,R,E,E,A,F,V,R,S,G,A,R,F,A,A,A,D,G,L,A,L,P,R,D,G,L,Y,F,L,Y,C,H,V,G,Y,R,G,R,A,P,P,A,G,R,P,-,-,R,R,A,L,T,L,R,S,R,L,Y,R,V,G,G,A,Y,G,A,G,A,P,E,L,L,L,D,G,A,E,S,V,V,A,A,-,E,P,G,Q,R,H,E,Y,G,P,L,W,Y,T,S,V,G,F,G,G,L,V,Q,L,R,R,G,E,R,V,Y,V,N,I,S,H,P,G,M,V,D,Y,R,R,G,K,T,F,F,G,A,V,M,V,G
Sturnira_hondurensis,M,G,A,P,G,L,E,G,W,G,R,R,P,R,G,K,G,C,L,L,L,A,V,A,G,T,T,S,L,V,T,L,L,L,A,V,P,I,T,V,L,A,V,L,A,V,V,S,Q,K,Q,G,G,P,V,T,E,T,T,D,P,G,A,Q,A,Q,Q,R,L,G,S,Q,E,L,S,K,Q,D,A,E,T,D,P,S,L,R,L,P,A,A,H,L,I,G,A,W,T,Q,G,Q,G,L,G,W,E,A,E,K,E,E,A,F,L,R,S,G,A,Q,F,S,S,A,D,G,L,A,L,P,R,D,G,L,Y,Y,L,Y,C,Q,V,G,Y,R,G,R,A,P,P,A,D,G,D,P,V,D,R,S,V,T,L,R,S,R,L,Y,R,A,R,G,A,Y,G,P,H,T,P,E,L,L,L,E,G,V,E,T,V,S,P,A,L,D,R,T,R,K,-,-,-,-,-,L,W,Y,T,S,V,G,V,G,G,L,V,Q,L,Q,R,G,E,R,V,Y,V,N,I,S,H,P,D,M,V,D,Y,R,R,G,K,T,F,F,G,A,V,M,V,G
Pteropus_alecto,M,G,A,L,G,L,E,G,W,G,R,R,P,Q,G,K,G,C,L,L,L,A,V,A,G,A,T,S,L,V,T,L,L,L,A,V,P,I,T,V,L,A,V,L,A,V,V,P,Q,E,Q,G,G,L,V,T,G,S,T,D,S,G,A,Q,A,Q,Q,R,L,G,S,Q,E,L,P,E,Q,D,I,E,T,D,P,S,P,R,L,P,A,A,H,L,I,G,A,W,T,Q,G,Q,G,L,G,W,E,A,K,K,E,E,A,F,L,R,S,G,T,Q,F,S,S,A,E,G,L,A,L,P,R,D,G,L,Y,Y,L,Y,C,H,V,G,Y,R,G,R,A,P,S,A,D,R,D,P,L,G,P,S,V,T,L,Q,S,R,L,Y,R,A,G,G,A,Y,G,P,G,T,P,E,L,L,L,E,G,A,E,T,V,S,V,V,L,D,P,A,R,R,-,-,-,-,-,L,W,Y,T,S,V,G,F,G,G,L,V,Q,L,R,R,G,E,R,V,Y,V,N,I,S,H,P,D,M,V,D,Y,R,R,G,K,T,F,F,G,A,V,M,V,G
Pteropus_giganteus,M,G,A,L,G,L,E,G,W,G,R,R,P,Q,G,K,G,C,L,L,L,A,V,A,G,A,T,S,L,V,T,L,L,L,A,V,P,I,T,V,L,A,V,L,A,V,V,P,Q,E,Q,G,G,L,V,T,G,S,T,D,S,G,A,Q,A,Q,Q,R,L,G,S,Q,E,L,P,E,Q,D,I,E,T,D,P,S,P,R,L,P,A,A,H,L,I,G,A,W,T,Q,G,Q,G,L,G,W,E,A,K,K,E,E,A,F,L,R,S,G,T,Q,F,S,S,A,E,G,L,A,L,P,R,D,G,L,Y,Y,L,Y,C,H,V,G,Y,R,G,R,A,P,S,A,D,R,D,P,L,G,P,S,V,T,L,Q,S,R,L,Y,R,A,G,G,A,Y,G,P,G,T,P,E,L,L,L,E,G,A,E,T,V,S,V,V,L,D,P,A,G,R,-,-,-,-,-,L,W,Y,T,S,V,G,F,G,G,L,V,Q,L,R,R,G,E,R,V,Y,V,N,I,S,H,P,D,M,V,D,Y,R,R,G,K,T,F,F,G,A,V,M,V,G
Pteropus_vampyrus,M,G,A,L,G,L,E,G,W,G,R,R,P,Q,G,K,G,C,L,L,L,A,V,A,G,A,T,S,L,V,T,L,L,L,A,V,P,I,T,V,L,A,V,L,A,V,V,P,Q,E,Q,G,G,L,V,T,G,S,T,D,S,G,A,Q,A,Q,-,-,-,G,S,Q,E,L,P,E,Q,D,I,E,T,D,P,S,P,R,L,P,A,A,H,L,I,G,A,W,T,Q,G,Q,G,L,G,W,E,A,K,K,E,E,A,F,L,R,S,G,T,Q,F,S,S,A,E,G,L,A,L,P,R,D,G,L,Y,Y,L,Y,C,H,V,G,Y,R,G,R,A,P,S,A,D,R,D,P,L,G,P,S,V,T,L,Q,S,R,L,Y,R,A,G,G,A,Y,G,P,G,T,P,E,L,L,L,E,G,A,E,T,V,S,V,V,L,D,P,A,G,R,-,-,-,-,-,L,W,Y,T,S,V,G,F,G,G,L,V,Q,L,R,R,G,E,R,V,Y,V,N,I,S,H,P,D,M,V,D,Y,R,R,G,K,T,F,F,G,A,V,M,V,G
Rousettus_aegyptiacus,M,G,A,L,G,L,E,G,W,G,R,R,P,Q,G,K,G,C,L,L,L,A,V,A,G,A,T,S,L,V,T,L,L,L,A,V,P,I,T,V,L,A,V,L,A,V,V,P,Q,E,Q,G,G,L,V,T,E,T,T,D,P,G,T,Q,A,Q,Q,R,L,G,S,Q,E,-,-,-,-,-,-,-,-,-,-,S,P,R,L,P,A,A,H,L,I,G,A,W,T,Q,G,Q,G,L,G,W,E,A,K,K,E,E,A,F,L,R,S,G,T,Q,F,S,S,A,E,G,L,A,L,P,R,D,G,L,Y,Y,L,Y,C,H,V,G,Y,R,G,R,A,P,S,A,D,R,N,S,L,G,R,S,V,T,L,Q,S,R,L,Y,R,A,G,G,A,Y,G,A,G,T,P,E,L,L,L,E,G,A,E,T,V,S,V,V,L,D,P,A,G,R,-,-,-,-,-,L,W,Y,T,S,V,G,F,G,G,L,V,Q,L,R,R,G,E,R,V,Y,V,N,I,S,H,P,D,M,V,D,Y,R,R,G,K,T,F,F,G,A,V,M,V,G
Ailuropoda_melanoleuca,M,G,A,L,G,L,E,G,R,G,R,R,P,Q,G,K,G,C,L,L,L,A,V,A,G,A,T,S,L,V,T,L,L,L,A,V,P,V,T,V,L,A,V,L,A,L,G,P,Q,D,Q,G,G,L,V,T,G,T,A,D,P,G,T,Q,A,Q,Q,R,L,G,S,Q,E,L,P,E,E,E,A,E,T,D,S,S,S,R,L,P,A,A,H,L,I,G,A,W,T,K,G,Q,G,L,G,W,E,A,K,K,E,E,A,F,L,R,S,G,T,Q,F,S,G,A,E,G,L,A,L,P,Q,D,G,L,Y,Y,L,Y,C,H,V,G,Y,R,G,R,A,P,P,A,G,G,G,P,L,D,P,S,V,T,L,R,S,R,L,Y,R,A,G,G,A,Y,G,P,G,T,P,E,L,L,L,E,G,A,E,T,V,T,P,V,S,D,P,A,R,T,R,E,Y,G,P,L,W,Y,T,S,V,G,F,G,G,L,V,Q,L,R,R,G,E,R,V,Y,V,N,I,S,H,P,D,M,V,D,Y,R,R,G,K,T,F,F,G,A,V,M,V,G
Antechinus_flavipes,M,G,T,S,G,L,E,A,R,V,D,G,P,N,R,K,G,C,L,L,L,A,S,V,G,A,T,V,L,G,T,L,L,L,S,V,P,L,T,V,L,A,V,L,A,L,M,P,Q,E,Q,G,G,K,-,-,-,-,-,-,-,-,-,-,-,-,-,-,-,-,-,-,-,-,-,-,-,-,-,-,-,-,-,-,-,-,-,P,A,A,H,L,I,G,V,S,K,S,G,H,G,L,H,W,V,S,G,H,E,E,A,F,L,K,S,G,I,Q,F,L,G,D,E,G,L,A,L,P,Q,D,G,I,Y,F,L,Y,C,H,I,G,Y,R,G,R,A,P,S,G,G,E,Q,P,-,-,-,-,V,I,L,S,S,W,L,Y,R,A,G,G,A,Y,G,S,G,E,P,E,L,L,L,Q,G,A,E,T,V,T,E,-,-,-,-,-,-,-,-,-,Q,G,T,L,W,Y,A,S,V,G,F,G,G,L,V,Q,L,R,G,G,E,R,I,Y,V,N,V,S,H,L,D,M,V,D,F,R,R,G,K,T,F,F,G,A,V,M,V,G
Aotus_nancymaae,M,G,A,M,G,L,E,G,R,G,G,R,L,Q,G,R,G,S,L,L,L,A,V,A,G,A,T,F,L,V,T,L,L,L,V,V,P,I,T,I,L,A,V,L,A,L,V,P,Q,D,Q,G,G,L,V,T,E,T,A,D,P,G,A,Q,A,Q,Q,G,L,G,F,Q,K,L,P,E,E,E,P,E,T,D,L,S,P,E,L,P,A,A,H,L,I,G,A,P,L,K,G,Q,G,L,A,W,E,A,T,K,E,Q,A,F,L,S,S,G,T,Q,F,S,D,A,E,G,L,A,L,P,Q,D,G,L,Y,Y,L,Y,C,F,V,G,Y,R,G,R,A,P,P,G,G,E,G,P,R,G,R,S,V,T,L,R,S,S,L,Y,R,E,G,G,A,Y,G,P,G,T,P,E,L,L,L,E,G,A,E,T,V,T,L,V,L,D,P,A,G,R,Q,G,Y,G,P,L,W,Y,T,S,V,G,F,G,G,L,V,Q,L,R,R,G,E,R,V,Y,V,N,I,S,H,P,D,M,V,D,F,A,R,G,K,T,F,F,G,A,V,M,V,G
Apodemus_sylvaticus,-,-,-,-,-,-,-,-,-,-,-,-,-,-,-,-,-,-,-,-,-,-,-,-,-,-,-,-,-,-,-,-,-,-,-,-,-,-,-,-,-,-,-,-,-,-,-,-,-,-,-,-,-,-,-,-,-,-,-,-,-,-,-,-,-,Q,K,R,L,G,V,Q,Q,L,P,K,R,E,P,E,T,D,L,S,P,E,L,P,A,A,H,L,I,G,A,W,M,S,G,Q,G,L,S,W,E,A,S,Q,E,E,A,F,L,K,S,G,A,Q,F,S,P,T,H,G,L,A,L,P,Q,D,G,V,Y,Y,L,Y,C,H,V,G,Y,R,G,R,A,P,P,A,G,R,S,-,R,A,R,S,L,T,L,R,S,A,L,Y,R,A,G,G,A,Y,G,R,G,S,P,E,L,L,L,E,G,V,E,T,V,T,P,V,V,D,P,I,G,-,-,-,Y,G,S,L,W,Y,T,S,V,G,F,G,G,L,A,Q,L,R,S,G,E,R,V,Y,V,N,I,S,H,P,D,M,V,D,Y,R,R,G,K,T,F,F,G,A,V,M,V,G
Arvicola_amphibius,M,G,T,R,G,L,Q,G,P,G,G,R,P,Q,G,R,G,C,L,L,L,A,V,A,G,A,T,S,L,V,T,L,L,L,A,V,P,I,T,V,L,A,V,L,A,L,V,P,Q,D,Q,G,R,P,V,E,E,I,A,G,S,G,A,Q,A,-,-,-,-,G,V,Q,R,L,P,K,R,E,P,E,T,D,L,S,P,K,L,P,A,A,H,L,I,G,A,R,M,S,G,Q,G,L,G,W,E,A,S,Q,E,E,A,F,L,R,S,G,A,Q,F,S,R,T,D,G,L,A,L,P,Q,D,G,I,Y,Y,L,Y,C,H,V,G,Y,R,G,R,A,T,P,A,D,R,G,-,G,A,R,S,L,T,L,R,S,A,L,Y,R,A,G,G,A,Y,G,R,G,S,P,E,L,L,L,E,A,A,E,T,V,T,P,V,V,N,S,G,G,-,-,-,Y,S,S,L,W,Y,T,S,V,G,F,G,G,L,V,Q,L,R,S,G,E,R,V,Y,V,N,I,S,H,P,D,K,V,D,C,R,R,G,K,T,F,F,G,A,V,M,V,G
Callorhinus_ursinus,M,G,A,L,G,L,E,G,R,G,R,R,P,Q,G,K,G,C,L,L,L,A,V,A,G,A,T,S,L,V,T,L,L,L,A,V,P,I,T,V,L,A,V,L,A,L,V,P,Q,E,Q,G,G,L,V,T,G,T,T,D,P,G,A,R,A,Q,Q,R,L,G,S,Q,E,L,P,E,E,E,A,E,T,D,F,S,S,R,L,P,A,A,H,L,I,G,A,W,T,K,G,Q,G,L,G,W,E,A,K,K,E,E,A,F,L,R,S,G,T,Q,F,S,G,A,E,G,L,A,L,P,Q,D,G,L,Y,Y,L,Y,C,H,V,G,Y,R,G,R,A,P,P,A,G,G,G,L,P,D,R,S,V,T,L,R,S,R,L,Y,R,A,G,G,A,Y,G,P,G,T,P,E,L,L,L,E,G,A,E,T,V,T,P,V,L,D,P,A,R,T,R,E,Y,G,P,L,W,Y,T,S,V,G,F,G,G,L,V,Q,L,R,R,G,E,R,V,Y,V,N,I,S,H,P,D,M,V,D,Y,R,R,G,K,T,F,F,G,A,V,M,V,G
Canis_lupus_dingo,M,G,A,L,W,L,E,G,W,G,R,R,P,Q,G,K,G,C,L,L,L,A,V,A,G,A,T,S,L,V,T,L,L,L,A,V,P,I,T,V,L,A,V,R,A,L,V,P,Q,E,P,G,G,L,V,T,R,T,A,D,P,G,M,Q,A,Q,Q,R,L,G,S,Q,E,L,P,E,E,E,A,E,A,D,F,S,S,R,L,P,A,A,H,L,I,G,A,W,T,K,G,Q,G,L,G,W,E,A,K,K,E,E,A,F,L,R,S,G,T,L,F,S,G,A,E,G,L,A,L,P,R,D,G,L,Y,Y,L,Y,C,H,V,G,Y,R,G,R,A,P,P,A,G,R,G,P,P,D,P,P,V,T,L,R,S,R,L,F,R,A,G,G,A,Y,G,P,G,S,P,E,L,L,L,E,G,A,E,T,V,T,P,A,P,G,P,A,R,P,R,E,Y,G,P,L,W,Y,T,S,V,G,F,G,G,L,V,Q,L,R,R,G,E,R,V,Y,V,N,I,S,H,P,D,M,V,D,Y,R,R,G,K,T,F,F,G,A,V,M,V,G
Carlito_syrichta,M,G,T,L,G,L,E,G,R,G,R,R,P,Q,G,R,G,S,L,L,L,T,V,A,G,A,T,S,L,V,T,L,L,V,A,V,P,I,T,V,L,A,V,L,A,L,T,P,K,N,Q,G,G,L,V,M,E,T,S,D,P,G,A,Q,A,Q,Q,G,L,G,F,Q,E,L,L,E,E,E,P,E,T,D,L,S,P,R,L,P,A,A,H,L,I,G,A,W,M,K,G,Q,R,L,G,W,E,A,T,K,E,E,A,F,L,R,S,G,T,Q,F,S,D,A,E,G,L,A,L,P,L,D,G,L,Y,Y,L,Y,C,H,V,G,Y,R,G,R,A,P,P,A,D,R,G,P,Q,R,R,S,V,T,L,R,S,S,L,Y,R,A,G,G,A,Y,G,P,G,T,H,E,L,L,L,E,G,A,E,T,V,T,P,V,L,D,P,N,G,R,Q,-,-,G,P,L,W,Y,T,S,V,G,F,G,G,L,V,Q,L,R,R,G,E,R,V,Y,V,N,I,S,H,P,D,M,V,D,Y,A,R,G,K,T,F,F,G,A,V,M,V,G
Castor_canadensis,M,G,A,S,G,L,Q,G,R,G,G,R,P,Q,G,R,S,C,L,L,L,A,V,A,G,A,T,S,L,V,T,L,L,L,A,V,P,I,T,V,L,A,V,L,A,L,V,H,Q,E,Q,G,G,P,V,M,E,I,-,-,-,-,-,-,-,-,-,-,-,-,-,Q,E,L,S,E,K,E,T,E,T,H,L,S,P,K,L,P,A,A,H,L,I,G,A,W,M,K,G,Q,G,L,S,W,E,A,K,K,E,E,A,F,L,R,S,G,T,Q,F,S,G,A,E,G,L,A,L,P,Q,D,G,L,Y,Y,L,Y,C,N,V,G,Y,R,G,R,A,P,P,D,G,R,G,P,L,G,R,S,V,T,L,R,S,S,L,Y,R,T,G,G,A,Y,G,P,G,T,P,E,L,L,L,E,G,A,E,T,V,T,P,V,L,D,G,A,G,R,P,E,Y,A,P,L,W,Y,T,S,V,G,F,G,G,L,V,Q,L,R,S,S,E,R,V,Y,V,N,I,S,H,P,D,M,V,D,Y,R,R,G,K,P,S,L,G,-,-,-,-,-
Cavia_porcellus,M,G,D,L,G,L,Q,G,R,D,R,R,P,R,G,R,G,C,L,L,L,A,V,A,G,A,T,A,L,V,T,L,L,L,A,V,P,V,T,V,L,A,V,L,A,L,V,P,Q,E,Q,G,G,P,V,T,E,T,P,G,P,G,A,Q,A,Q,R,G,L,G,F,Q,E,R,Q,E,E,A,P,D,A,D,S,S,P,V,L,P,A,A,H,L,I,G,A,W,T,Q,G,R,G,L,G,W,E,A,H,K,E,E,A,F,L,R,S,G,A,Q,F,S,G,A,R,G,L,A,L,P,R,D,G,L,Y,F,L,Y,C,H,V,G,F,R,G,R,A,L,P,A,G,-,-,-,-,-,-,-,-,T,L,R,S,A,L,L,R,A,G,G,A,Y,G,P,G,A,A,E,P,L,L,E,G,A,E,T,V,R,P,A,A,G,R,A,A,-,-,-,-,A,P,L,W,F,T,S,V,G,F,G,G,L,V,R,L,R,R,G,E,R,V,Y,V,N,I,S,H,P,D,L,V,D,Y,R,R,G,K,T,F,F,G,A,V,M,L,G
Cervus_elaphus_hippelaphus,-,-,-,-,-,-,-,-,-,-,-,-,-,-,-,-,-,-,-,-,-,-,-,-,-,-,-,-,-,-,-,-,-,-,-,-,-,-,-,-,-,-,-,-,-,-,-,-,-,-,-,-,-,-,-,-,-,-,-,-,-,-,-,-,-,-,-,-,-,-,-,-,-,-,-,-,-,-,-,-,-,-,-,-,-,-,-,-,-,-,-,-,-,-,-,-,-,-,-,-,-,-,-,-,-,-,-,-,-,-,-,-,-,-,-,-,-,-,-,-,-,-,-,-,-,-,-,-,-,-,-,-,-,-,-,-,-,-,-,-,-,-,-,-,-,-,-,-,-,-,-,-,-,-,-,-,-,-,-,-,-,-,-,-,-,-,-,-,-,-,-,-,-,-,-,-,-,-,-,-,-,-,-,-,-,-,-,-,-,-,-,-,-,-,-,-,-,-,-,-,-,-,-,-,-,-,-,-,-,-,-,-,-,-,-,-,-,-,-,-,-,-,-,-,-,-,-,-,-,-,-,-,-,-,-,-,-,-,-,-,-,-,-,-
Chinchilla_lanigera,-,-,-,-,-,-,Q,G,P,G,G,R,P,R,G,R,G,C,L,L,L,A,V,A,G,A,T,A,L,V,T,L,L,L,A,V,P,I,T,V,L,A,V,L,A,L,V,P,Q,E,Q,G,G,P,V,T,E,T,P,G,P,G,A,Q,A,Q,Q,G,L,-,-,-,-,-,-,-,-,-,-,-,-,D,L,G,P,M,L,P,A,A,H,L,I,G,A,W,T,Q,G,L,G,L,G,W,E,A,H,K,E,E,A,F,L,R,S,G,A,Q,F,S,G,A,R,G,L,A,L,P,R,D,G,L,Y,F,L,Y,C,H,V,G,F,R,G,R,A,P,P,A,G,R,-,-,-,-,-,-,-,T,L,R,S,A,L,F,R,A,G,G,A,Y,G,P,G,A,A,E,P,L,L,E,G,A,E,T,V,R,P,-,-,-,-,-,-,-,-,-,-,-,P,L,W,F,T,S,V,G,F,G,G,L,V,Q,L,R,R,G,E,R,V,F,V,N,I,S,H,P,D,L,V,D,Y,R,R,G,K,T,F,F,G,A,V,M,L,R
Choloepus_didactylus,M,G,A,L,G,L,E,G,R,G,G,R,T,Q,G,R,G,C,L,L,L,A,V,A,G,A,T,A,L,G,T,L,V,L,A,V,P,T,T,V,L,A,V,L,A,L,V,P,Q,E,Q,G,G,L,V,T,E,T,T,D,R,G,G,H,T,Q,Q,Q,L,G,S,Q,E,L,P,E,E,-,-,-,T,D,L,S,P,R,F,P,A,A,H,L,I,G,A,P,M,K,G,Q,E,L,G,W,E,A,K,K,E,E,A,F,L,R,N,G,A,Q,F,S,G,A,E,G,L,A,L,P,Q,G,G,L,Y,Y,L,Y,C,Q,V,G,Y,R,G,R,A,P,P,A,G,Q,S,P,L,S,H,S,V,T,L,R,S,S,L,Y,R,A,G,G,A,Y,G,P,G,T,P,E,L,L,L,E,G,A,E,T,V,T,P,V,L,-,-,-,-,R,H,E,Y,G,P,I,W,Y,T,S,V,G,F,G,G,L,V,Q,L,R,G,G,E,R,V,Y,V,N,I,S,H,P,H,M,V,D,Y,R,R,G,K,T,F,F,G,A,V,M,V,G
Cricetulus_griseus,M,G,T,R,G,L,Q,G,Q,G,G,R,P,Q,G,R,G,C,L,L,L,A,V,A,G,A,T,S,L,V,T,L,L,L,A,V,P,I,T,V,L,A,V,L,A,L,V,P,Q,D,Q,G,R,R,V,E,K,I,S,G,S,A,A,Q,A,Q,K,R,-,-,-,-,-,-,-,-,-,-,-,-,-,-,L,S,P,E,L,P,A,A,H,L,I,G,A,W,V,S,G,R,G,L,G,W,E,A,S,Q,E,E,A,F,L,R,S,G,A,Q,F,S,G,T,D,G,L,A,L,P,L,D,G,V,Y,Y,L,Y,C,H,V,G,Y,R,G,R,A,P,P,A,G,R,G,-,R,A,R,T,L,T,L,R,S,A,L,Y,R,A,G,G,A,Y,G,R,G,S,P,E,L,L,L,E,G,A,E,T,V,T,P,A,V,D,P,V,G,-,-,-,Y,R,S,L,W,Y,T,S,V,G,F,G,G,L,V,Q,L,R,S,G,E,R,V,Y,V,N,I,S,H,P,D,M,V,D,S,R,R,G,K,T,F,F,G,A,V,M,V,G
Dasypus_novemcinctus,M,G,A,L,G,L,E,A,R,G,G,R,P,Q,G,R,G,C,L,L,L,A,V,A,A,A,T,A,L,G,T,L,V,L,A,V,P,T,T,V,L,A,V,L,A,L,A,P,Q,E,Q,R,G,Q,V,P,E,T,A,D,P,G,A,Q,S,Q,P,R,L,G,S,Q,E,P,P,E,E,E,E,E,-,-,-,-,-,-,L,P,A,A,H,L,I,G,A,W,T,K,G,Q,G,L,G,W,E,A,R,N,E,E,A,F,L,R,S,G,A,R,F,S,G,P,E,G,L,A,L,P,R,A,G,L,Y,Y,L,Y,C,H,V,G,Y,R,G,R,A,A,P,A,G,-,-,-,-,-,-,-,-,T,L,R,S,A,L,Y,R,A,G,G,A,Y,G,P,G,A,P,E,L,L,L,E,G,A,E,T,V,A,P,-,-,-,-,-,-,-,-,-,-,G,P,L,W,Y,T,S,V,G,F,G,G,L,V,Q,L,R,G,G,E,R,V,F,V,N,V,S,T,P,D,L,V,D,Y,R,R,G,K,T,F,F,G,A,V,M,V,G
Dipodomys_ordii,M,G,A,S,E,L,Q,G,R,G,E,T,P,Q,G,R,G,C,L,L,L,A,V,A,G,A,T,F,L,V,T,L,L,L,A,V,P,I,T,I,L,A,V,L,T,L,V,P,Q,E,Q,E,S,R,V,M,E,T,T,G,L,R,A,Q,R,Q,Q,G,L,-,-,Q,E,V,S,E,K,E,P,E,T,D,L,S,S,R,P,P,A,A,H,L,I,G,A,P,M,N,G,Q,G,L,G,W,E,A,K,K,E,E,A,F,L,S,S,G,A,Q,F,S,G,S,G,G,L,A,L,P,L,D,G,L,Y,Y,L,Y,C,Q,V,G,Y,R,G,R,A,P,P,A,G,G,D,P,R,G,R,S,F,T,L,R,S,S,L,Y,R,I,G,G,A,Y,G,P,G,S,P,E,L,L,L,E,S,A,E,T,V,-,-,-,-,-,-,-,-,-,-,-,-,-,P,F,W,F,T,S,V,G,F,G,G,L,V,Q,L,R,S,G,E,R,V,Y,V,N,I,S,H,P,H,M,V,D,Y,S,R,G,K,T,F,F,G,A,V,M,V,G
Dipodomys_spectabilis,M,G,A,S,E,L,Q,G,R,G,E,T,P,Q,G,R,G,C,L,L,L,A,V,A,G,A,T,F,L,V,T,L,L,L,A,V,P,I,T,I,L,A,V,L,T,L,V,P,Q,E,Q,E,S,R,V,M,E,T,T,G,L,R,A,Q,R,Q,Q,G,L,-,-,Q,E,V,S,E,K,E,P,E,T,D,L,S,S,R,P,P,A,A,H,L,I,G,A,P,M,N,G,Q,G,L,G,W,E,A,K,K,E,E,A,F,L,S,S,G,A,Q,F,S,G,S,G,G,L,A,L,P,L,D,G,L,Y,Y,L,Y,C,Q,V,G,Y,R,G,R,A,P,P,A,G,G,D,P,R,G,R,S,F,T,L,R,S,S,L,Y,R,I,G,G,A,Y,G,P,G,S,P,E,L,L,L,E,S,A,E,T,V,-,-,-,-,-,-,-,-,-,-,-,-,-,P,F,W,F,T,S,V,G,F,G,G,L,V,Q,L,R,S,G,E,R,V,Y,V,N,I,S,H,P,H,M,V,D,Y,S,R,G,K,T,F,F,G,A,V,M,V,G
Dromiciops_gliroides,-,-,-,-,-,-,-,-,-,-,-,-,-,-,-,-,-,-,-,-,-,-,-,-,-,-,-,-,-,-,-,-,-,-,-,-,-,-,-,-,-,-,-,-,-,-,-,-,-,-,-,-,-,-,-,-,-,-,-,-,-,-,-,-,-,-,-,-,-,-,-,-,-,-,-,-,-,-,-,-,-,-,-,-,-,-,-,-,-,-,-,-,-,-,-,-,-,-,-,-,-,-,-,-,-,-,-,-,-,-,-,-,-,-,-,-,-,-,-,-,-,-,-,-,-,-,-,-,-,-,-,-,-,-,-,-,-,-,-,-,-,-,-,-,-,-,-,-,-,-,-,-,-,-,-,-,-,-,-,-,-,-,-,-,-,-,-,-,-,-,-,-,-,-,-,-,-,-,-,-,-,-,-,-,-,-,-,-,-,-,-,-,-,-,-,-,-,-,-,-,-,-,-,-,-,-,-,-,-,-,-,-,-,-,-,-,-,-,-,-,-,-,-,-,-,-,-,-,-,-,-,-,-,-,-,-,-,-,-,-,-,-,-,-
Elephantulus_edwardii,M,E,A,L,G,L,E,G,R,G,E,R,P,Q,G,R,G,C,L,L,L,A,V,A,G,A,I,V,L,G,S,V,V,L,S,V,P,I,T,V,L,T,V,L,A,L,M,P,Q,E,R,G,A,L,V,T,E,I,A,D,-,-,-,-,-,-,-,-,-,-,-,-,-,-,-,-,E,E,E,E,A,D,L,S,S,R,L,P,A,A,H,L,I,G,S,W,K,I,G,Q,G,L,G,W,E,T,K,K,E,E,A,F,L,R,S,G,T,Q,F,S,G,A,E,G,L,A,L,P,Q,D,G,L,Y,Y,L,Y,C,S,I,G,Y,R,G,R,A,P,P,A,G,R,A,L,L,G,H,S,V,T,L,R,S,S,L,Y,R,A,G,G,A,Y,G,P,G,L,P,Q,L,L,L,E,G,A,E,T,V,T,S,V,L,D,S,T,R,R,Q,E,Y,G,P,L,W,F,T,S,V,G,F,G,G,L,V,Q,L,R,R,G,E,R,V,Y,V,N,I,S,H,P,D,M,V,D,Y,R,R,G,K,T,F,F,G,A,V,M,V,G
Equus_caballus,M,G,A,L,G,L,E,G,R,A,R,R,P,Q,G,M,D,C,L,L,L,A,V,A,G,A,T,S,L,V,T,L,L,L,A,V,P,I,T,V,L,A,V,L,A,F,V,P,Q,E,Q,G,G,L,V,T,G,T,A,D,P,G,A,Q,A,Q,L,Q,L,G,S,Q,E,Q,S,E,E,E,A,E,T,D,L,S,P,R,L,P,A,A,H,I,I,G,A,W,T,K,G,Q,G,L,G,W,E,A,K,K,E,E,A,F,L,R,S,G,T,Q,F,S,G,A,E,G,L,A,L,P,Q,D,G,L,Y,Y,L,Y,C,H,V,G,Y,R,G,R,A,P,P,A,G,G,G,P,L,D,Y,S,V,T,L,R,S,R,L,Y,R,A,G,G,A,Y,G,P,G,T,P,E,L,L,L,E,G,A,E,T,V,T,P,V,L,D,P,T,R,R,R,E,Y,G,P,L,W,Y,T,S,V,G,F,G,G,L,V,Q,L,R,R,G,E,R,V,F,V,N,I,S,H,P,D,M,V,D,Y,R,R,G,K,T,F,F,G,A,V,M,V,G
Erinaceus_europaeus,-,-,-,-,-,-,-,-,-,-,-,-,-,-,-,-,-,C,L,L,L,A,V,A,G,A,T,S,L,V,T,L,L,L,A,V,P,I,T,V,L,A,V,L,I,L,V,P,Q,E,Q,E,G,L,V,T,R,I,A,D,P,G,A,Q,A,Q,Q,Q,L,G,S,Q,E,L,P,E,K,T,A,E,P,D,L,S,P,G,L,P,A,A,H,L,I,G,A,W,I,T,E,Q,G,L,G,W,E,T,E,N,E,E,A,F,L,R,S,G,T,E,F,S,G,A,Q,R,L,A,L,P,Q,N,G,L,Y,Y,L,Y,C,H,I,G,Y,R,G,R,A,P,P,A,G,R,S,S,A,H,R,S,V,T,L,S,S,R,L,Y,R,E,G,G,A,Y,G,P,G,T,D,E,L,L,M,E,G,A,E,S,V,T,A,V,L,D,P,A,Q,R,Q,D,Y,G,P,L,W,Y,T,S,V,G,F,G,G,L,V,Q,L,R,K,G,E,R,V,Y,V,N,I,S,H,P,N,M,V,D,Y,R,R,G,K,T,F,F,G,A,V,M,V,G
Eumetopias_jubatus,M,G,A,L,G,L,E,G,R,G,R,R,P,Q,G,K,G,C,L,L,L,A,V,A,G,A,T,S,L,V,T,L,L,L,A,V,P,I,T,V,L,A,V,L,A,L,V,P,Q,E,Q,G,G,L,V,T,G,T,T,D,P,G,A,R,A,Q,Q,R,L,G,S,Q,E,L,P,E,E,E,A,E,T,D,F,S,S,R,L,P,A,A,H,L,I,G,A,W,T,K,G,Q,G,L,G,W,E,A,K,K,E,E,A,F,L,R,S,G,T,Q,F,S,G,A,E,G,L,A,L,P,Q,D,G,L,Y,Y,L,Y,C,H,V,G,Y,R,G,R,A,P,P,A,G,G,G,L,P,D,R,S,V,T,L,R,S,R,L,Y,R,A,G,G,A,Y,G,P,G,T,P,E,L,L,L,E,G,A,E,T,V,T,P,V,L,D,P,A,R,T,R,E,Y,G,P,L,W,Y,T,S,V,G,F,G,G,L,V,Q,L,R,R,G,E,R,V,Y,V,N,I,S,H,P,D,M,V,D,Y,R,R,G,K,T,F,F,G,A,V,M,V,G
Felis_catus,M,G,T,L,G,L,E,G,R,G,R,R,P,Q,G,K,G,C,L,L,L,A,V,A,G,A,T,S,L,V,T,L,L,L,A,V,P,I,T,V,L,A,V,L,A,L,V,P,Q,E,Q,G,G,Q,V,T,G,T,A,D,P,G,A,Q,A,Q,Q,R,L,G,T,Q,V,L,P,E,E,E,A,G,K,D,F,S,S,R,L,P,A,A,H,L,I,G,A,W,T,K,G,Q,G,L,G,W,E,A,K,K,E,E,A,F,L,R,S,G,T,Q,F,S,G,A,E,G,L,A,L,P,Q,D,G,L,Y,Y,L,Y,C,H,V,G,Y,R,G,R,A,P,P,A,G,G,G,L,L,D,H,S,V,T,L,R,S,R,L,Y,R,T,G,G,A,Y,G,P,G,T,P,E,L,L,L,E,G,A,E,T,V,T,P,V,L,D,P,S,R,T,H,E,Y,G,P,L,W,Y,T,S,V,G,F,G,G,L,V,Q,L,R,R,G,E,R,V,Y,V,N,I,S,H,P,D,M,V,D,Y,R,R,G,K,T,F,F,G,A,V,M,V,G
Fukomys_damarensis,M,G,A,L,G,L,Q,A,P,G,G,R,P,Q,G,R,G,C,F,L,L,A,V,A,G,A,T,S,L,V,T,L,L,L,A,V,P,V,T,V,L,A,V,L,A,L,V,P,Q,E,Q,G,G,-,-,-,-,-,-,-,-,-,-,-,-,-,-,-,-,-,-,-,-,-,-,-,-,-,-,-,-,-,-,-,-,-,-,-,-,-,-,-,-,-,-,-,-,-,-,-,-,-,-,-,-,-,-,-,-,-,-,-,-,-,-,-,-,-,-,-,-,-,-,-,-,-,-,-,-,-,-,-,-,-,-,-,-,-,-,-,-,-,-,-,-,-,-,-,-,-,-,-,-,-,-,-,-,-,-,-,-,-,-,-,-,-,-,-,-,-,-,-,-,-,-,-,-,-,-,-,-,-,-,-,-,-,-,-,-,-,-,-,-,-,-,-,-,-,-,-,-,-,-,-,-,-,-,-,-,-,-,-,-,-,-,-,-,-,-,-,-,-,-,-,-,-,-,-,-,-,-,-,-,-,-,-,-,-,-,-,-,-,-,-
Galeopterus_variegatus,M,G,A,L,E,L,A,G,R,G,G,R,P,Q,G,R,G,S,L,L,V,A,V,A,G,A,T,S,L,V,T,L,L,L,A,V,P,I,T,V,L,A,V,L,A,L,V,P,Q,E,Q,G,G,L,V,T,E,N,T,D,S,G,S,Q,A,Q,Q,G,L,G,F,Q,E,V,Q,K,A,E,P,E,T,D,L,S,P,R,L,P,A,A,H,L,I,G,A,R,T,K,A,Q,G,L,S,W,E,A,T,K,E,E,A,F,L,R,S,G,T,Q,F,S,D,A,E,G,L,A,L,P,Q,D,G,L,Y,Y,L,Y,C,Q,V,G,Y,R,G,R,T,P,P,A,G,R,G,P,P,G,R,S,V,T,L,R,S,S,L,Y,R,A,G,G,A,Y,G,P,G,S,P,E,L,L,L,E,G,A,E,T,V,T,P,A,L,D,P,A,G,G,H,D,Y,G,P,L,W,Y,T,S,V,G,F,G,G,L,V,Q,L,R,R,G,E,R,V,Y,V,N,I,S,H,P,D,M,V,D,Y,R,R,G,K,T,F,F,G,A,V,M,V,G
Gracilinanus_agilis,M,G,V,P,G,L,G,T,R,A,G,G,P,N,E,K,G,C,L,L,V,A,S,I,G,A,A,I,L,G,T,L,L,L,S,I,P,L,T,I,L,T,M,L,A,L,M,P,Q,E,Q,R,G,Q,V,A,D,P,S,G,P,G,G,Q,L,Q,Q,Q,L,G,F,H,H,L,P,E,E,-,S,R,S,D,L,-,-,-,-,P,A,A,H,L,I,G,V,P,K,Q,C,H,G,L,C,W,E,S,E,N,E,E,A,F,L,Q,S,G,T,Q,F,L,G,D,E,G,L,A,L,P,Q,D,G,V,Y,F,L,Y,C,H,I,G,Y,R,G,R,A,P,S,A,G,E,Q,P,-,-,-,S,V,I,L,S,S,W,L,Y,R,T,G,G,A,Y,G,S,G,E,P,E,L,L,L,Q,G,A,D,T,V,N,P,-,-,-,-,-,-,-,-,-,-,G,T,L,W,Y,A,S,V,G,F,G,G,L,A,Q,L,R,G,G,E,R,I,Y,V,N,V,S,H,P,G,M,V,D,F,R,R,G,K,T,F,F,G,A,V,M,V,G
Grammomys_surdaster,-,-,-,-,-,-,-,-,-,G,G,R,P,Q,G,R,G,C,L,L,L,A,V,A,G,A,T,S,L,V,T,V,L,L,A,V,P,I,T,V,L,T,V,L,A,L,V,P,Q,D,Q,G,-,-,-,-,-,-,-,-,-,-,-,-,-,Q,K,R,L,G,V,Q,Q,L,P,K,Q,E,P,E,T,D,L,S,P,E,L,P,A,A,H,L,I,G,A,W,M,S,G,Q,G,L,S,W,E,E,S,Q,E,E,A,F,L,R,S,G,A,Q,F,S,R,T,H,G,L,A,L,P,Q,D,G,V,Y,Y,L,Y,C,H,V,G,Y,R,G,R,A,T,P,A,G,R,S,-,R,A,S,S,L,T,L,R,S,A,L,Y,R,A,G,G,A,Y,G,R,G,S,P,E,L,L,L,E,G,A,E,T,V,T,P,I,V,D,P,I,G,-,-,-,Y,G,S,L,W,Y,T,S,V,G,F,G,G,L,A,Q,L,R,S,G,E,R,I,Y,V,N,I,S,H,P,D,M,V,D,Y,R,R,G,K,T,F,F,G,A,V,M,V,G
Heterocephalus_glaber,-,-,-,-,-,-,-,-,-,-,-,-,-,-,-,R,G,C,F,L,L,A,V,A,G,A,T,S,L,V,T,L,L,L,A,V,P,L,T,V,L,A,V,L,A,L,V,P,Q,D,R,G,G,S,V,T,E,T,P,G,P,G,A,Q,P,Q,Q,G,L,G,F,R,E,L,P,G,E,A,P,E,T,D,L,S,R,P,L,P,A,A,H,L,I,G,A,W,T,K,G,Q,G,L,G,W,E,A,H,Q,E,E,A,F,L,R,S,G,T,R,F,S,R,A,E,G,L,A,P,P,R,D,G,L,Y,F,L,Y,C,H,V,G,Y,R,G,R,A,P,P,A,G,R,A,A,P,S,R,A,L,T,L,R,S,A,L,L,R,A,G,G,A,Y,G,P,G,A,P,E,L,L,L,E,A,A,E,T,V,S,P,G,A,E,R,A,G,R,P,E,P,G,P,L,W,Y,A,S,V,G,L,G,G,L,V,Q,L,R,R,G,E,R,V,Y,V,N,I,S,H,P,E,L,V,D,Y,R,R,G,K,T,F,F,G,A,V,M,M,G
Hyaena_hyaena,M,G,A,L,G,L,E,G,R,G,G,R,P,H,G,K,G,C,L,L,L,A,V,A,G,A,T,S,L,V,T,L,L,L,A,V,P,I,T,V,L,V,V,L,A,L,V,P,Q,E,Q,G,G,P,V,T,G,T,A,D,P,G,A,Q,A,Q,Q,R,L,G,S,Q,E,L,P,E,E,E,A,G,T,D,F,S,S,R,L,P,A,A,H,L,I,G,A,W,T,K,E,Q,G,L,G,W,E,A,K,K,E,E,A,F,L,R,S,G,T,Q,F,S,G,A,E,G,L,A,L,P,Q,D,G,L,Y,Y,L,Y,C,H,V,G,Y,R,G,R,A,P,P,A,G,D,G,F,L,D,H,S,V,T,L,R,S,R,L,Y,R,T,G,G,A,Y,G,P,G,T,P,E,L,L,L,E,G,A,E,T,V,T,P,V,L,D,P,A,R,T,H,E,Y,G,P,L,W,Y,T,S,V,G,F,G,G,L,V,Q,L,R,R,G,E,R,V,Y,V,N,I,S,H,P,D,M,V,D,Y,R,R,G,K,T,F,F,G,A,V,M,V,G
Jaculus_jaculus,M,G,T,P,G,L,Q,D,L,G,G,R,P,Q,G,R,G,C,L,L,L,V,V,A,G,V,T,S,L,V,T,L,L,L,T,V,P,I,T,V,L,A,V,L,A,L,V,P,Q,E,Q,G,G,R,V,T,E,T,T,G,H,G,A,Q,A,-,-,-,-,-,-,-,-,-,-,E,E,E,P,E,T,H,V,S,P,T,L,P,A,A,H,L,I,G,A,R,M,Q,G,L,G,L,G,W,E,A,Q,E,E,E,A,F,L,R,S,G,A,R,F,S,E,A,A,G,L,A,L,P,R,D,G,L,Y,Y,L,Y,C,H,V,G,Y,R,G,R,A,P,P,A,G,R,G,-,-,-,R,S,V,T,L,R,S,S,L,Y,R,A,G,G,A,Y,G,P,G,S,A,Q,L,L,L,E,G,A,E,T,V,T,P,L,L,D,-,-,-,R,A,G,H,G,R,L,W,Y,T,S,V,G,F,G,G,L,V,Q,L,R,R,G,E,R,L,H,V,N,V,S,H,P,D,L,V,D,C,R,R,G,K,T,F,F,G,A,V,M,V,G
Lemur_catta,M,G,A,L,R,L,E,G,R,G,G,R,P,Q,G,R,G,S,L,L,L,A,V,A,G,A,T,F,L,V,T,L,L,L,A,V,P,I,T,V,L,A,V,L,A,L,V,P,Q,D,Q,G,G,P,V,T,E,T,A,D,P,G,A,Q,A,-,-,-,-,-,-,Q,E,L,P,E,E,E,P,E,T,D,L,S,P,R,L,P,A,A,H,L,I,G,A,R,M,T,G,Q,G,P,G,W,E,A,T,K,E,E,A,F,L,R,S,G,T,R,F,S,D,A,E,G,L,A,L,P,R,D,G,L,Y,Y,L,Y,C,H,V,G,Y,R,G,R,A,P,P,A,G,G,G,P,R,G,R,P,V,T,L,R,S,S,L,Y,R,A,G,G,A,Y,G,P,G,A,A,E,L,L,L,E,G,A,E,T,V,T,P,V,P,A,P,A,G,R,Q,G,Y,G,P,L,W,Y,A,S,V,G,F,G,G,L,V,R,L,R,G,G,E,R,V,Y,V,N,I,S,R,P,D,M,V,D,Y,G,R,G,K,T,F,F,G,A,V,M,V,G
Leptonychotes_weddellii,M,G,A,L,G,L,E,G,R,G,R,R,P,Q,G,K,G,C,L,L,L,A,V,A,G,A,T,S,L,V,T,L,L,L,A,V,P,I,T,V,L,A,V,L,A,L,V,P,Q,E,Q,G,G,L,V,T,G,T,T,D,R,V,A,Q,A,Q,Q,R,L,G,S,Q,E,L,P,E,E,E,A,E,T,D,F,S,S,R,L,P,A,A,H,L,I,G,A,W,T,K,G,Q,G,L,G,W,E,A,K,K,E,E,A,F,L,R,S,G,T,Q,F,S,G,A,E,G,L,A,L,P,Q,D,G,L,Y,Y,L,Y,C,H,V,G,Y,R,G,R,A,P,P,A,G,G,G,L,P,D,R,S,V,T,L,R,S,R,L,Y,R,A,G,G,A,Y,G,P,G,T,P,E,L,L,L,E,G,A,E,T,V,T,P,V,S,D,P,A,R,A,R,E,Y,G,P,L,W,Y,T,S,V,G,F,G,G,L,V,Q,L,R,R,G,E,R,V,Y,V,N,I,S,H,P,D,M,V,D,Y,R,R,G,K,T,F,F,G,A,V,M,V,G
Lontra_canadensis,M,G,S,L,G,L,E,G,R,G,R,R,P,Q,G,K,G,C,L,L,L,A,V,A,G,A,T,S,L,V,T,L,L,L,A,V,P,I,T,V,L,A,V,L,A,L,V,P,Q,E,Q,G,G,L,V,T,G,T,A,D,P,G,A,Q,A,Q,Q,R,L,G,S,Q,E,L,P,E,E,E,A,E,T,D,F,S,S,R,L,P,A,A,H,L,I,G,A,W,T,K,G,Q,G,L,G,W,E,A,K,K,E,E,A,F,L,R,S,G,T,Q,F,S,V,A,E,G,L,A,L,P,Q,D,G,L,Y,Y,L,Y,C,H,V,G,Y,R,G,R,A,P,P,A,G,G,G,L,L,D,H,S,V,T,L,R,S,R,L,F,R,A,G,G,A,Y,G,P,G,T,P,E,L,L,L,E,G,A,E,T,V,T,P,V,L,D,P,A,R,T,R,E,Y,G,P,L,W,Y,T,S,V,G,F,G,G,L,V,Q,L,R,R,G,E,R,V,Y,V,N,I,S,H,P,D,M,V,D,Y,R,R,G,K,T,F,F,G,A,V,M,V,G
Lynx_canadensis,M,G,T,L,G,L,E,G,R,G,R,R,P,Q,G,K,G,C,L,L,L,A,V,A,G,A,T,S,L,V,T,L,L,L,A,V,P,I,T,V,L,A,V,L,A,L,V,P,Q,E,Q,G,G,Q,V,T,G,T,A,D,P,G,A,Q,A,Q,Q,R,L,-,-,-,-,-,-,-,E,E,A,G,T,D,F,S,S,R,L,P,A,A,H,L,I,G,A,W,T,K,G,Q,G,L,G,W,E,A,K,K,E,E,A,F,L,R,S,G,T,Q,F,S,G,A,E,G,L,A,L,P,Q,D,G,L,Y,Y,L,Y,C,H,V,G,Y,R,G,R,A,P,P,A,G,G,G,L,L,D,H,S,V,T,L,R,S,R,L,Y,R,T,G,G,A,Y,G,P,G,T,P,E,L,L,L,E,G,A,E,T,V,T,P,V,L,D,P,S,R,T,H,E,Y,G,P,L,W,Y,T,S,V,G,F,G,G,L,V,Q,L,R,R,G,E,R,V,Y,V,N,I,S,H,P,D,M,V,D,Y,R,R,G,K,T,F,F,G,A,V,M,V,G
Manis_javanica,M,G,A,L,G,L,E,G,R,G,R,R,P,Q,G,K,G,C,L,L,L,A,V,A,G,A,T,S,L,V,T,L,L,L,A,V,P,I,T,V,L,A,V,L,V,L,V,P,Q,E,Q,G,R,L,A,A,G,T,A,D,P,G,V,Q,A,Q,Q,R,S,G,S,Q,E,L,P,E,N,E,A,E,T,D,L,S,P,R,L,P,A,A,H,I,I,S,A,W,T,N,R,Q,G,I,G,W,E,A,K,K,E,E,A,F,L,R,G,G,T,Q,F,L,G,A,E,G,L,A,L,P,L,D,G,L,Y,Y,L,Y,C,H,I,G,Y,R,G,R,A,P,S,A,G,G,G,P,P,D,H,S,V,T,L,R,S,R,L,Y,R,A,G,G,A,Y,G,P,G,T,P,E,L,L,L,E,G,A,E,T,V,T,P,V,L,D,P,A,G,R,H,E,Y,G,P,L,W,Y,T,S,V,G,F,G,G,L,V,Q,L,R,R,D,E,R,V,Y,V,N,I,S,H,P,D,M,V,D,Y,R,R,G,K,T,F,F,G,A,V,M,V,G
Manis_pentadactyla,M,G,A,L,G,L,E,G,R,G,R,R,P,Q,G,K,G,C,L,L,L,A,V,A,G,A,T,S,L,V,T,L,L,L,A,V,P,I,T,V,L,A,V,L,A,L,V,P,Q,E,Q,G,R,L,V,A,G,T,A,D,P,G,V,Q,A,Q,Q,R,S,G,S,Q,E,L,P,E,N,E,A,E,T,D,L,S,P,R,L,P,A,A,H,I,I,S,A,W,T,N,R,Q,G,I,G,W,E,A,K,K,E,E,A,F,L,R,G,G,T,Q,F,S,G,A,E,G,L,A,L,P,L,D,G,L,Y,Y,L,Y,C,H,I,G,Y,R,G,R,A,P,S,A,G,G,G,P,P,D,H,S,V,T,L,R,S,R,L,Y,R,A,G,G,A,Y,G,P,G,T,P,E,L,L,L,E,G,A,E,T,V,T,P,V,L,D,P,A,G,R,H,E,Y,G,P,L,W,Y,T,S,V,G,F,G,G,L,V,Q,L,R,R,D,E,R,V,Y,V,N,I,S,H,P,D,M,V,D,Y,R,R,G,K,T,F,F,G,A,V,M,V,G
Mastomys_coucha,M,G,T,R,G,L,Q,G,L,G,G,R,P,Q,G,R,G,C,L,L,L,A,V,A,G,A,T,S,L,V,T,L,L,L,A,V,P,I,T,V,L,G,V,L,A,L,V,P,Q,D,Q,G,R,R,V,E,K,A,I,G,S,G,A,Q,A,Q,K,R,L,G,V,Q,H,L,P,K,G,V,P,E,S,D,F,S,P,E,L,P,A,A,H,L,I,G,A,W,M,S,G,Q,G,L,S,W,E,A,S,Q,E,E,A,F,L,K,S,G,A,Q,F,S,R,T,Q,G,L,A,L,P,Q,D,G,V,Y,Y,L,Y,C,H,V,G,Y,R,G,R,A,P,P,A,G,R,S,-,R,A,R,S,L,T,L,R,S,A,L,Y,R,S,G,G,A,Y,G,R,G,S,P,E,L,L,L,E,G,A,E,T,V,T,P,V,V,D,P,V,G,-,-,-,Y,G,S,L,W,Y,T,N,V,G,F,G,G,L,A,Q,L,R,S,G,E,R,V,Y,V,N,I,S,H,P,D,M,V,D,Y,R,R,G,K,T,F,F,G,A,V,M,V,G
Meles_meles,M,G,S,L,G,L,E,G,R,G,R,R,P,Q,G,K,G,C,L,L,L,A,V,A,G,A,T,S,L,V,T,L,L,L,A,V,P,I,T,V,L,A,V,L,A,L,V,P,Q,E,Q,G,G,L,V,T,G,T,A,E,P,G,A,Q,A,Q,Q,R,L,G,S,Q,K,L,P,E,E,E,A,E,T,D,F,S,S,R,L,P,A,A,H,L,I,G,A,W,T,K,G,Q,G,L,G,W,E,A,K,K,E,E,A,F,L,R,S,G,T,Q,F,S,G,A,E,G,L,A,L,P,Q,D,G,L,Y,Y,L,Y,C,H,V,G,Y,R,G,R,A,P,P,A,G,G,A,L,L,D,H,S,V,T,L,R,S,R,L,F,R,A,G,G,A,Y,G,P,G,T,P,E,L,L,L,E,G,A,E,T,V,T,P,V,L,D,P,A,R,T,R,E,Y,G,P,L,W,Y,T,S,V,G,F,G,G,L,V,Q,L,R,R,G,E,R,V,Y,V,N,I,S,H,P,D,M,V,D,Y,R,R,G,K,T,F,F,G,A,V,M,V,G
Meriones_unguiculatus,M,G,T,R,A,L,Q,G,L,G,G,G,P,R,G,R,G,C,L,L,L,A,V,A,G,A,S,S,L,A,T,L,L,L,A,V,P,I,T,V,L,A,V,L,A,L,V,P,Q,D,Q,G,R,R,V,E,K,V,S,G,S,G,A,Q,A,Q,R,-,-,-,-,-,-,-,-,-,-,-,-,-,-,-,-,-,-,R,L,P,A,A,H,L,I,G,A,W,R,S,G,P,G,L,G,W,E,A,S,Q,E,E,A,F,L,R,S,G,A,R,F,S,R,A,G,G,L,A,L,P,R,D,G,V,Y,F,V,Y,C,H,V,G,Y,R,G,R,A,P,P,G,G,G,P,-,-,-,-,-,L,T,L,R,S,A,L,Y,R,A,G,G,A,S,G,R,G,G,P,E,L,L,L,E,G,A,E,T,V,S,P,A,A,E,P,A,R,R,R,-,-,-,A,L,W,Y,T,G,V,G,F,G,G,L,V,Q,L,R,A,G,Q,R,L,Y,A,N,I,S,H,P,D,M,V,D,Y,R,R,G,K,T,F,F,G,A,V,M,V,A
Mesocricetus_auratus,M,G,T,R,G,L,Q,G,Q,G,G,R,P,Q,G,R,G,C,L,L,L,A,V,A,G,A,A,S,L,V,T,L,L,L,A,V,P,I,T,V,L,A,V,L,A,L,V,P,Q,D,Q,G,R,R,V,E,K,I,T,G,S,G,A,Q,A,Q,K,R,L,-,-,-,-,-,-,-,-,E,P,E,T,E,L,S,P,E,L,P,A,A,H,L,I,G,A,W,M,S,G,Q,E,L,G,W,E,A,S,Q,E,E,A,F,L,R,S,G,A,R,F,S,R,T,D,G,L,A,L,P,L,D,G,V,Y,Y,L,Y,C,H,V,G,Y,R,G,R,A,P,P,A,S,R,G,-,R,A,R,S,L,T,L,R,S,A,L,Y,R,A,G,G,A,Y,G,R,G,S,P,E,L,L,L,E,G,A,E,T,V,T,P,V,V,D,P,V,G,-,-,-,Y,R,S,L,W,Y,T,S,V,G,F,G,G,L,V,Q,L,R,S,G,E,R,V,Y,V,N,I,S,H,P,D,M,V,D,C,R,R,G,K,T,F,F,G,A,V,M,V,G
Microcebus_murinus,M,G,P,L,G,L,E,G,R,G,G,R,P,L,G,K,G,S,L,L,L,A,V,A,G,A,T,S,L,V,T,L,L,L,V,V,P,V,T,V,L,A,V,L,A,L,V,P,Q,D,Q,G,G,L,V,P,K,T,A,D,P,G,A,Q,A,-,-,-,-,-,-,Q,E,L,P,E,E,E,P,E,T,D,L,S,P,R,L,P,A,A,H,L,I,G,A,W,T,K,G,Q,G,L,G,W,E,A,T,Q,E,E,A,F,L,S,S,G,T,R,F,S,D,A,E,G,L,A,L,P,Q,D,G,L,Y,Y,L,Y,C,H,V,G,Y,R,G,R,A,P,P,A,G,G,-,-,-,A,R,A,L,T,L,R,S,S,L,Y,R,A,G,G,A,Y,G,P,G,A,A,E,L,L,L,E,G,A,E,T,V,S,P,V,P,G,P,A,G,R,P,G,Y,G,P,L,W,Y,A,S,V,G,F,G,G,L,V,Q,L,R,R,G,E,R,V,Y,V,N,I,S,R,P,D,M,V,D,Y,G,R,G,K,T,F,F,G,A,V,M,V,G
Microtus_fortis,M,G,T,R,G,L,Q,G,P,G,G,R,P,Q,G,R,G,C,L,L,L,A,V,A,G,A,T,S,L,V,T,L,L,L,A,V,P,I,T,V,L,A,V,L,A,L,V,P,Q,D,Q,G,R,P,V,E,K,I,A,G,S,E,A,Q,A,-,-,-,-,G,V,Q,R,L,P,K,R,E,P,E,T,D,F,S,H,S,L,P,A,A,H,L,I,G,A,G,M,S,G,Q,G,L,G,W,E,A,S,Q,E,E,A,F,L,R,S,G,A,Q,F,S,R,T,D,G,L,A,L,P,Q,D,G,I,Y,Y,L,Y,C,H,V,G,Y,R,G,R,A,T,P,A,D,R,G,-,S,A,R,S,L,T,L,R,S,A,L,Y,R,A,G,G,A,Y,G,R,G,S,P,E,L,L,L,E,G,A,E,T,V,T,P,V,V,N,S,D,G,-,-,-,Y,S,S,L,W,Y,T,S,V,G,F,G,G,L,V,Q,L,R,S,G,E,R,V,Y,V,N,I,S,H,P,E,K,V,D,Y,R,R,G,K,T,F,F,G,A,V,M,V,G
Microtus_ochrogaster,M,G,T,R,G,L,Q,G,P,G,G,R,P,Q,G,R,G,C,L,L,L,A,V,A,G,A,T,S,L,V,T,L,L,L,A,V,P,I,T,V,L,A,V,L,A,L,V,P,Q,D,Q,G,R,P,V,E,K,I,S,G,S,G,A,Q,A,-,-,-,-,G,V,Q,R,L,P,K,R,E,P,D,T,D,L,S,H,N,L,P,A,A,H,L,I,G,A,R,M,S,G,Q,G,L,G,W,E,A,S,Q,E,E,A,F,L,R,S,G,A,Q,F,S,R,T,D,G,L,A,L,P,Q,D,G,I,Y,Y,L,Y,C,H,I,G,Y,R,G,R,A,T,P,A,D,R,G,-,G,A,R,S,L,T,L,R,S,A,L,Y,R,A,G,G,A,Y,G,R,G,S,P,E,L,L,L,E,G,A,E,T,V,T,P,V,L,-,-,-,-,-,-,-,-,-,-,L,W,Y,T,S,V,G,F,G,G,L,V,Q,L,R,S,G,E,R,V,Y,V,N,I,S,H,P,D,K,V,D,Y,R,R,G,K,T,F,F,G,A,V,M,V,G
Microtus_oregoni,M,G,T,R,G,L,Q,G,P,G,G,R,P,Q,G,R,G,C,L,L,L,A,V,A,G,A,T,S,L,V,T,L,L,L,A,V,P,I,T,V,L,A,V,L,A,L,V,P,Q,D,Q,G,R,P,V,E,K,I,A,G,S,G,A,Q,A,-,-,-,-,G,V,Q,R,L,P,K,R,E,P,E,T,D,L,S,H,N,L,P,A,A,H,L,I,G,A,W,M,S,G,Q,G,L,G,W,E,A,S,Q,E,E,A,F,L,R,S,G,A,Q,F,S,R,T,D,G,L,A,L,P,Q,D,G,I,Y,Y,L,Y,C,H,V,G,Y,R,G,R,A,T,P,A,D,R,S,-,S,A,R,S,L,T,L,R,S,A,L,Y,R,A,G,G,A,Y,G,R,G,S,P,E,L,L,L,E,G,A,E,T,V,N,-,-,-,-,S,G,G,-,-,-,Y,S,S,L,W,Y,T,S,V,G,F,G,G,L,V,Q,L,R,S,G,E,R,V,Y,V,N,I,S,H,P,D,K,V,D,Y,R,R,G,K,T,F,F,G,A,V,M,V,G
Mirounga_angustirostris,M,G,A,L,G,L,E,G,R,G,R,R,P,Q,G,K,G,C,L,L,L,A,V,A,G,A,T,S,L,V,T,L,L,L,A,V,P,I,T,V,L,A,V,L,A,L,V,P,Q,E,Q,G,G,L,V,T,G,T,T,D,P,G,A,Q,A,Q,Q,R,L,G,S,Q,E,L,P,E,E,E,A,E,T,D,F,S,S,R,L,P,A,A,H,L,I,G,A,W,T,K,G,Q,G,L,G,W,E,A,K,K,E,E,A,F,L,R,S,G,T,Q,F,S,G,A,E,G,L,A,L,P,Q,D,G,L,Y,Y,L,Y,C,H,V,G,Y,R,G,R,A,P,P,A,G,G,G,L,P,D,R,S,V,T,L,R,S,R,L,Y,R,A,G,G,A,Y,G,P,G,T,P,E,L,L,L,E,G,A,E,T,V,T,P,V,L,D,P,A,R,T,R,E,Y,G,P,L,W,Y,T,S,V,G,F,G,G,L,V,Q,L,R,R,G,E,R,V,Y,V,N,I,S,H,P,D,M,V,D,Y,R,R,G,K,T,F,F,G,A,V,M,V,G
Mirounga_leonina,M,G,A,L,G,L,E,G,R,G,R,R,P,Q,G,K,G,C,L,L,L,A,V,A,G,A,T,S,L,V,T,L,L,L,A,V,P,I,T,V,L,A,V,L,A,L,V,P,Q,E,Q,G,G,L,V,T,G,T,T,D,P,G,A,Q,A,Q,Q,R,L,G,S,Q,E,L,P,E,E,E,A,E,T,D,F,S,S,R,L,P,A,A,H,L,I,G,A,W,T,K,G,Q,G,L,G,W,E,A,K,K,E,E,A,F,L,R,S,G,T,Q,F,S,G,A,E,G,L,A,L,P,Q,D,G,L,Y,Y,L,Y,C,H,V,G,Y,R,G,R,A,P,P,A,G,G,G,L,P,D,R,S,V,T,L,R,S,R,L,Y,R,A,G,G,A,Y,G,P,G,T,P,E,L,L,L,E,G,A,E,T,V,T,P,V,L,D,P,A,R,T,R,E,Y,G,P,L,W,Y,T,S,V,G,F,G,G,L,V,Q,L,R,R,G,E,R,V,Y,V,N,I,S,H,P,D,M,V,D,Y,R,R,G,K,T,F,F,G,A,V,M,V,G
Monodelphis_domestica,M,G,V,P,G,L,G,T,R,A,G,G,P,N,E,K,G,Y,L,L,L,A,S,I,G,A,A,I,L,G,T,L,L,L,S,I,P,L,T,V,L,T,M,L,A,L,M,P,Q,E,Q,R,G,Q,V,A,D,P,S,G,P,G,G,Q,L,Q,Q,Q,L,G,L,H,H,L,P,E,E,-,S,R,S,D,L,R,P,I,P,P,A,A,H,L,I,G,V,P,K,Q,C,H,G,L,C,W,E,S,E,N,E,E,A,F,L,Q,S,G,T,Q,F,L,G,D,E,G,L,A,L,P,Q,D,G,V,Y,F,L,Y,C,H,I,G,Y,R,G,R,A,P,S,A,G,E,Q,P,-,-,-,-,-,-,L,S,S,W,L,Y,R,A,G,G,A,Y,G,S,G,E,P,E,L,L,L,Q,G,A,D,T,V,N,P,-,-,-,-,-,-,-,-,-,-,G,T,L,W,Y,A,S,V,G,F,G,G,L,A,Q,L,R,G,G,E,R,I,Y,V,N,V,S,H,P,G,M,V,D,F,R,R,G,K,T,F,F,G,A,V,M,V,G
Mus_caroli,M,G,T,R,G,L,Q,G,L,G,G,R,P,Q,G,R,G,C,L,L,L,A,V,A,G,A,T,S,L,V,T,L,L,L,A,V,P,I,T,V,L,A,V,L,A,L,V,P,Q,D,Q,G,R,R,V,E,K,I,I,G,S,G,A,Q,A,Q,K,R,L,G,V,Q,Q,L,P,K,G,E,P,E,T,D,L,N,P,E,L,P,A,A,H,L,I,G,A,W,M,S,G,Q,G,L,S,W,E,A,S,Q,E,E,A,F,L,R,S,G,A,Q,F,S,P,T,H,G,L,A,L,P,Q,D,G,V,Y,Y,L,Y,C,H,V,G,Y,R,G,R,T,P,P,A,G,R,S,-,R,A,R,S,L,T,L,R,S,A,L,Y,R,A,G,G,A,Y,G,R,G,S,P,E,L,L,L,E,G,A,E,T,V,T,P,V,V,D,P,I,G,-,-,-,Y,G,S,L,W,Y,T,S,V,G,F,G,G,L,A,Q,L,R,S,G,E,R,V,Y,V,N,I,S,H,P,D,M,V,D,Y,R,R,G,K,T,F,F,G,A,V,M,V,G
Mus_musculus,M,G,T,R,G,L,Q,G,L,G,G,R,P,Q,G,R,G,C,L,L,L,A,V,A,G,A,T,S,L,V,T,L,L,L,A,V,P,I,T,V,L,A,V,L,A,L,V,P,Q,D,Q,G,R,R,V,E,K,I,I,G,S,G,A,Q,A,Q,K,R,L,G,V,Q,Q,L,P,K,G,E,P,E,T,D,L,N,P,E,L,P,A,A,H,L,I,G,A,W,M,S,G,Q,G,L,S,W,E,A,S,Q,E,E,A,F,L,R,S,G,A,Q,F,S,P,T,H,G,L,A,L,P,Q,D,G,V,Y,Y,L,Y,C,H,V,G,Y,R,G,R,T,P,P,A,G,R,S,-,R,A,R,S,L,T,L,R,S,A,L,Y,R,A,G,G,A,Y,G,R,G,S,P,E,L,L,L,E,G,A,E,T,V,T,P,V,V,D,P,I,G,-,-,-,Y,G,S,L,W,Y,T,S,V,G,F,G,G,L,A,Q,L,R,S,G,E,R,V,Y,V,N,I,S,H,P,D,M,V,D,Y,R,R,G,K,T,F,F,G,A,V,M,V,G
Mus_pahari,M,G,T,R,G,L,K,G,L,G,G,R,P,Q,G,R,G,C,L,L,L,A,V,A,G,A,T,S,L,V,T,L,L,L,A,V,P,I,T,V,L,A,V,L,A,L,V,P,Q,D,Q,G,R,R,V,E,-,I,I,G,S,G,A,Q,A,Q,K,R,L,G,V,Q,Q,L,P,K,G,K,P,E,T,D,L,N,P,E,L,P,A,A,H,L,I,G,A,R,M,N,G,Q,G,L,S,W,E,A,S,Q,E,E,A,F,L,K,S,G,A,Q,F,S,P,T,H,G,L,A,L,P,Q,D,G,V,Y,Y,L,Y,C,H,V,G,Y,R,G,R,A,P,P,A,G,R,S,-,R,A,R,S,L,T,L,R,S,A,L,Y,R,A,G,G,A,Y,G,R,G,S,P,E,L,L,L,E,G,A,E,T,V,T,P,V,V,D,P,I,G,-,-,-,Y,G,S,L,W,Y,T,S,V,G,F,G,G,L,A,Q,L,R,S,G,E,R,V,Y,V,N,I,S,H,P,D,M,V,D,Y,R,R,G,K,T,F,F,G,A,V,M,V,G
Mustela_erminea,M,G,S,L,G,L,E,G,R,G,R,R,P,Q,G,K,G,C,L,L,L,A,V,A,G,A,T,S,L,V,T,L,L,L,A,V,P,I,T,V,L,A,V,L,A,L,V,P,Q,E,Q,G,G,L,V,T,G,T,A,D,P,G,A,Q,A,Q,Q,R,L,G,S,Q,E,L,P,E,E,E,A,E,T,D,F,S,S,R,L,P,A,A,H,L,I,G,A,W,T,K,G,Q,G,L,G,W,E,A,K,K,E,E,A,F,L,R,S,G,T,Q,F,S,G,V,E,G,L,A,L,P,Q,D,G,L,Y,Y,L,Y,C,H,V,G,Y,R,G,R,A,P,P,A,G,G,G,L,L,D,H,S,V,T,L,R,S,R,L,F,R,A,G,G,A,Y,G,P,G,T,P,E,L,L,L,E,G,A,E,T,V,T,P,V,L,D,P,A,R,T,R,E,Y,G,P,L,W,Y,T,S,V,G,F,G,G,L,V,Q,L,R,R,G,E,R,V,Y,V,N,I,S,H,P,D,M,V,D,Y,R,R,G,K,T,F,F,G,A,V,M,V,G
Mustela_putorius_furo,M,G,S,L,G,L,E,G,W,G,R,R,P,Q,G,K,G,C,L,L,L,A,V,A,G,A,T,S,L,V,T,L,L,L,A,V,P,I,T,V,L,A,V,L,A,L,V,P,Q,E,Q,G,G,L,V,T,G,T,A,D,P,G,A,Q,A,Q,Q,R,L,G,S,Q,E,L,P,E,E,E,A,E,T,D,F,S,S,R,L,P,A,A,H,L,I,G,A,W,T,K,G,Q,G,L,G,W,E,A,K,K,E,E,A,F,L,R,S,G,T,Q,F,S,G,A,E,G,L,A,L,P,Q,D,G,L,Y,Y,L,Y,C,H,V,G,Y,R,G,R,A,P,P,A,G,G,G,L,L,D,H,S,V,T,L,R,S,R,L,F,R,A,G,G,A,Y,G,P,G,T,P,E,L,L,L,E,G,A,E,T,V,I,P,V,L,D,P,A,R,T,R,E,Y,G,P,L,W,Y,T,S,V,G,F,G,G,L,V,Q,L,R,R,G,E,R,V,Y,V,N,I,S,H,P,D,M,V,D,Y,R,R,G,K,T,F,F,G,A,V,M,V,G
Myodes_glareolus,M,G,T,R,G,L,Q,G,L,G,G,R,P,Q,G,R,G,C,L,L,L,A,V,A,G,A,S,S,L,V,T,L,L,L,A,V,P,I,T,V,L,A,V,L,A,L,M,P,L,D,Q,G,R,P,V,E,K,I,T,G,S,G,A,Q,A,-,-,-,-,G,V,Q,R,L,P,K,Q,E,P,E,T,D,L,S,P,K,L,P,A,A,H,L,I,G,A,R,M,S,G,Q,G,L,G,W,E,A,S,Q,E,E,A,F,L,R,S,G,A,Q,F,S,R,T,D,G,L,A,L,P,Q,D,G,I,Y,Y,L,Y,C,H,V,G,Y,R,G,R,A,T,P,A,D,R,G,-,G,A,R,S,L,T,L,R,S,A,L,Y,R,A,G,G,A,Y,G,R,G,S,P,E,L,L,L,E,G,A,E,T,V,T,P,V,V,S,S,G,G,-,-,-,Y,S,S,L,W,Y,T,S,V,G,F,G,G,L,V,Q,L,R,S,G,E,R,V,Y,V,N,I,S,H,P,D,K,V,D,C,R,R,G,K,T,F,F,G,A,V,M,V,G
Neogale_vison,M,G,S,L,G,L,E,G,R,G,R,R,P,Q,G,K,G,C,L,L,L,A,V,A,G,A,T,S,L,V,T,L,L,L,A,V,P,I,T,V,L,A,V,L,A,V,V,P,Q,E,Q,G,G,L,V,T,G,T,A,D,P,G,A,Q,A,Q,Q,H,L,G,S,Q,E,L,P,E,E,E,A,E,T,D,F,S,S,R,L,P,A,A,H,L,I,G,A,W,T,K,G,Q,G,L,G,W,E,A,K,K,E,E,A,F,L,R,S,G,T,Q,F,S,G,A,E,G,L,A,L,P,Q,D,G,L,Y,Y,L,Y,C,H,V,G,Y,R,G,R,A,P,P,A,G,G,G,L,L,D,H,S,V,T,L,R,S,R,L,F,R,A,G,G,A,Y,G,P,G,T,P,E,L,L,L,E,G,A,E,T,V,T,P,V,L,D,P,A,R,T,R,E,Y,G,P,L,W,Y,T,S,V,G,F,G,G,L,V,Q,L,R,R,G,E,R,V,Y,V,N,I,S,H,P,D,M,V,D,Y,R,R,G,K,T,F,F,G,A,V,M,V,G
Odobenus_rosmarus_divergens,M,G,A,L,G,L,E,G,R,G,R,R,P,Q,G,K,G,C,L,L,L,A,V,A,G,A,T,S,L,V,T,L,L,L,A,V,P,I,T,V,L,A,V,L,A,L,V,P,Q,E,Q,G,G,L,V,T,G,T,T,D,P,G,A,Q,A,Q,Q,R,L,E,S,Q,E,L,P,E,E,E,A,E,T,D,F,N,S,R,L,P,A,A,H,L,I,G,A,W,T,K,G,Q,G,L,G,W,E,A,K,K,E,E,A,F,L,R,S,G,T,Q,F,S,G,A,E,G,L,A,L,P,Q,D,G,L,Y,Y,L,Y,C,H,V,G,Y,R,G,R,A,P,P,A,G,G,G,L,P,D,R,S,V,T,L,R,S,R,L,Y,R,A,G,G,A,Y,G,P,G,T,P,E,L,L,L,E,G,A,E,T,V,T,P,V,L,D,P,A,R,T,R,E,Y,G,P,L,W,Y,T,S,V,G,F,G,G,L,V,Q,L,R,R,G,E,R,V,Y,V,N,I,S,H,P,D,M,V,D,Y,R,R,G,K,T,F,F,G,A,V,M,V,G
Odocoileus_virginianus_texanus,M,G,E,R,G,L,E,G,R,G,R,R,P,Q,R,K,G,C,L,L,L,A,V,A,G,V,T,S,L,V,T,L,L,L,A,V,P,I,T,V,V,A,V,L,A,L,V,P,Q,E,Q,E,G,L,V,T,G,T,A,D,P,G,V,Q,A,H,Q,R,F,E,S,G,E,L,P,E,E,D,S,E,T,D,L,S,P,R,L,P,A,A,H,L,I,G,A,W,T,T,G,Q,G,L,G,W,E,A,K,K,E,E,A,F,L,R,S,G,T,R,F,S,G,A,E,G,L,A,L,P,Q,D,G,L,Y,Y,L,Y,C,H,V,G,Y,R,G,R,A,P,P,P,G,V,D,P,L,D,R,S,V,T,L,L,S,R,L,Y,R,A,G,G,A,Y,G,S,G,T,P,E,L,L,L,E,G,A,E,T,V,T,P,V,S,D,P,A,R,R,H,E,Y,G,P,L,W,Y,T,S,V,G,F,G,G,L,V,Q,L,R,R,G,E,R,V,Y,V,N,I,S,H,P,D,M,V,D,Y,R,R,G,K,T,F,F,G,A,V,M,V,G
Onychomys_torridus,M,G,A,R,G,L,Q,G,P,G,G,R,P,R,G,K,G,C,L,L,L,A,V,A,G,A,T,S,L,V,T,L,L,L,A,V,P,I,T,V,L,A,V,L,A,L,V,P,Q,D,Q,G,R,R,V,E,K,L,T,G,S,G,A,Q,A,R,K,R,L,G,V,Q,Q,L,P,K,G,G,P,E,T,D,L,S,P,E,F,P,A,A,H,L,I,G,A,W,M,S,G,Q,R,L,G,W,E,A,S,Q,E,E,A,F,L,R,S,G,V,Q,F,S,R,T,D,G,L,A,L,P,Q,D,G,V,Y,Y,L,Y,C,Q,V,G,Y,R,G,R,A,P,P,A,G,R,G,-,R,A,R,S,L,T,L,R,S,A,L,Y,R,A,G,G,A,Y,G,R,G,S,P,E,L,L,L,E,G,A,E,T,V,T,P,A,V,D,P,V,G,-,-,-,Y,R,S,L,W,Y,T,S,V,G,F,G,G,L,V,Q,I,R,S,G,E,R,V,Y,V,N,I,S,H,P,D,M,V,D,S,R,R,G,K,T,F,F,G,A,V,M,V,G
Ornithorhynchus_anatinus,-,-,-,-,-,-,-,-,-,-,-,-,-,-,-,-,-,-,-,L,L,A,V,V,G,A,A,V,L,G,T,L,L,V,C,V,P,L,T,-,-,-,-,-,-,-,-,-,-,-,-,-,-,-,-,-,-,-,-,-,-,-,-,-,-,-,-,-,-,-,-,-,-,-,-,-,-,-,-,-,-,-,-,-,-,-,-,-,-,-,-,-,-,-,-,-,-,-,-,-,-,-,-,-,-,-,-,-,E,E,A,F,L,K,S,G,A,R,L,L,G,T,A,R,L,A,L,P,R,E,G,V,Y,Y,L,Y,C,H,V,G,F,R,G,-,-,-,-,-,-,-,-,-,-,-,-,-,-,-,-,R,S,R,L,Y,R,V,G,G,G,Y,G,A,G,E,V,E,L,M,L,Q,G,A,E,T,V,T,-,-,-,-,-,-,-,-,-,-,-,-,P,L,W,H,T,S,V,G,F,G,G,L,A,R,L,G,G,E,E,R,I,F,V,N,V,S,H,P,N,M,V,D,Y,R,R,G,K,T,Y,F,G,A,V,R,V,G
Orycteropus_afer_afer,M,E,A,L,G,L,E,S,R,G,E,R,P,Q,R,R,G,C,L,L,L,A,M,V,G,A,I,V,L,G,S,V,V,L,S,V,P,I,T,V,L,T,V,L,A,L,V,P,Q,E,Q,G,G,L,V,T,E,T,A,D,L,R,R,Q,T,Q,Q,Q,L,E,S,Q,K,L,H,E,E,T,A,D,T,D,F,S,P,R,L,P,A,A,H,L,I,G,S,W,K,T,G,Q,G,L,G,W,E,T,K,K,E,E,A,F,L,T,S,G,T,Q,F,L,G,T,E,G,L,A,L,P,Q,D,G,L,Y,Y,L,Y,C,Y,V,G,Y,R,G,R,A,P,P,A,G,R,G,P,L,G,R,S,I,T,L,R,S,S,L,Y,R,A,G,G,A,Y,G,P,G,I,P,Q,L,L,L,E,G,A,E,T,V,T,S,V,L,D,P,T,A,T,H,E,Y,G,P,L,W,F,T,S,V,G,F,G,G,L,V,Q,L,R,R,G,E,R,V,Y,I,N,I,S,H,P,D,M,V,D,Y,R,R,G,K,T,F,F,G,A,V,M,V,G
Oryctolagus_cuniculus,M,G,A,L,E,L,E,G,R,G,K,R,P,Q,G,R,G,C,F,L,L,A,V,A,G,A,T,S,L,V,T,L,L,L,A,V,P,I,T,V,L,A,V,L,A,L,V,P,Q,E,Q,G,G,L,V,P,E,T,A,D,P,G,A,Q,A,Q,Q,G,P,G,F,Q,Q,L,P,K,E,E,P,E,A,D,L,S,S,R,L,P,A,A,H,L,I,G,A,W,M,K,G,Q,G,L,G,W,E,A,K,K,E,E,A,F,L,R,S,G,T,Q,F,S,G,T,D,G,L,A,L,P,Q,D,G,L,Y,Y,L,Y,C,H,V,G,Y,R,G,R,A,P,P,A,G,G,A,P,R,G,R,A,V,V,L,R,S,S,L,Y,R,A,G,G,A,Y,G,P,G,A,P,Q,L,L,L,E,G,A,E,T,V,T,S,V,V,D,W,D,G,R,R,E,Y,G,P,L,W,Y,T,S,V,G,F,G,G,L,V,Q,L,R,R,G,E,R,V,Y,V,N,I,S,H,P,D,M,V,D,Y,R,R,G,K,T,S,F,G,A,V,M,V,G
Oryx_dammah,M,G,E,R,G,L,E,G,R,G,R,R,P,Q,R,K,G,C,L,L,L,A,V,A,G,V,T,S,L,V,T,L,L,L,A,V,P,I,T,V,V,A,V,L,A,L,V,P,Q,E,Q,G,G,L,V,T,G,T,A,D,P,G,A,Q,A,H,Q,R,F,E,S,R,E,L,P,E,E,D,S,E,T,D,L,S,P,R,L,P,A,A,H,L,I,G,A,W,T,T,G,Q,G,L,G,W,E,A,K,K,E,E,A,F,L,S,S,G,T,L,F,S,G,A,E,G,L,A,L,P,Q,D,G,L,Y,Y,L,Y,C,H,V,G,Y,R,G,R,A,P,P,P,A,V,E,P,L,D,R,S,V,T,L,L,S,R,L,Y,R,A,G,G,A,Y,G,S,G,T,P,E,L,L,L,E,G,A,E,T,V,T,P,A,S,D,P,A,R,R,H,D,Y,G,P,L,W,Y,T,S,V,G,F,G,G,L,V,Q,L,R,R,G,E,R,V,Y,V,N,I,S,H,P,D,M,V,D,Y,R,R,G,K,T,F,F,G,A,V,M,V,G
Otolemur_garnettii,M,G,A,L,C,L,E,G,R,G,G,R,P,Q,G,R,G,S,L,L,L,A,V,A,G,A,T,S,L,V,T,L,L,L,A,V,P,I,T,V,L,A,V,L,T,L,V,P,Q,D,Q,G,G,P,V,T,E,T,A,D,L,G,A,Q,A,Q,Q,G,Q,G,F,R,E,L,Q,E,E,E,P,E,T,D,L,S,P,R,R,P,A,A,H,L,I,G,A,W,M,K,G,Q,G,L,G,W,E,A,T,K,E,E,A,F,L,R,S,G,T,Q,F,S,D,A,E,G,L,A,L,P,Q,D,G,L,Y,Y,L,Y,C,H,V,G,Y,R,G,R,A,P,P,A,G,G,D,A,R,G,R,S,V,T,L,R,S,S,L,H,R,V,G,G,A,Y,G,P,G,A,P,E,L,L,L,E,G,A,E,T,V,T,P,V,L,D,P,A,G,R,Q,G,Y,G,P,L,W,Y,T,S,V,G,F,G,G,L,V,R,L,R,R,G,E,R,V,Y,V,N,I,S,R,P,D,M,V,D,Y,R,R,G,K,T,F,F,G,A,V,M,V,G
Panthera_leo,M,G,A,L,G,L,E,G,R,G,R,R,P,Q,G,K,G,C,L,L,L,A,V,A,G,A,T,S,L,V,T,L,L,L,A,V,P,I,T,V,L,A,V,L,A,L,V,P,Q,E,Q,G,G,Q,V,T,G,T,A,D,P,E,A,Q,A,Q,Q,R,L,G,T,Q,V,L,P,E,E,E,A,G,T,D,F,S,S,R,L,P,A,A,H,L,I,G,A,W,T,K,G,Q,G,L,G,W,E,A,K,K,E,E,A,F,L,R,S,G,T,Q,F,S,G,A,E,G,L,A,L,P,Q,D,G,L,Y,Y,L,Y,C,H,V,G,Y,R,G,R,A,P,P,A,G,G,G,P,L,D,H,S,V,T,L,R,S,R,L,Y,R,T,G,G,A,Y,G,P,G,T,P,E,L,L,L,E,G,A,E,T,V,T,P,V,L,D,P,S,R,T,H,E,Y,G,P,L,W,Y,T,S,V,G,F,G,G,L,V,Q,L,R,R,G,E,R,V,Y,V,N,I,S,H,P,D,M,V,D,Y,R,R,G,K,T,F,F,G,A,V,M,V,G
Panthera_pardus,M,G,A,L,G,L,E,G,R,G,R,R,P,Q,G,K,G,C,L,L,L,A,V,A,G,A,T,S,L,V,T,L,L,L,A,V,P,I,T,V,L,A,V,L,A,L,V,P,Q,E,Q,G,G,Q,V,T,G,T,A,D,P,E,A,Q,A,Q,Q,R,L,-,-,-,-,-,-,-,E,E,A,G,T,D,F,S,S,R,L,P,A,A,H,L,I,G,A,W,T,K,G,Q,G,L,G,W,E,A,K,K,E,E,A,F,L,R,S,G,T,Q,F,S,G,A,E,G,L,A,L,P,Q,D,G,L,Y,Y,L,Y,C,H,V,G,Y,R,G,R,A,P,P,A,G,G,G,P,L,D,H,S,V,T,L,R,S,R,L,Y,R,T,G,G,A,Y,G,P,G,T,P,E,L,L,L,E,G,A,E,T,V,T,P,V,L,D,P,S,R,T,H,E,Y,G,P,L,W,Y,T,S,V,G,F,G,G,L,V,Q,L,R,R,G,E,R,V,Y,V,N,I,S,H,P,D,M,V,D,Y,R,R,G,K,T,F,F,G,A,V,M,V,G
Panthera_uncia,M,G,A,L,G,L,E,G,R,G,R,R,P,Q,G,K,G,C,L,L,L,A,V,A,G,A,T,S,L,V,T,L,L,L,A,V,P,I,T,V,L,A,V,L,A,L,V,P,Q,E,Q,G,G,Q,V,T,G,T,A,D,P,G,A,Q,A,Q,Q,R,L,-,-,-,-,-,-,-,E,E,A,G,T,D,F,S,S,R,L,P,A,A,H,L,I,G,A,W,T,K,G,Q,G,L,G,W,E,A,K,K,E,E,A,F,L,R,S,G,T,Q,F,S,G,A,E,G,L,A,L,P,Q,D,G,L,Y,Y,L,Y,C,H,V,G,Y,R,G,R,A,P,P,A,G,G,G,P,L,D,H,S,V,T,L,R,S,R,L,Y,R,T,G,G,A,Y,G,P,G,T,P,E,L,L,L,E,G,A,E,T,V,T,P,V,L,D,P,S,R,T,H,E,Y,G,P,L,W,Y,T,S,V,G,F,G,G,L,V,Q,L,R,R,G,E,R,V,Y,V,N,I,S,H,P,D,M,V,D,Y,R,R,G,K,T,F,F,G,A,V,M,V,G
Perognathus_longimembris_pacificus,M,G,A,S,E,L,Q,S,R,G,E,T,L,Q,R,R,G,C,L,L,L,A,V,A,G,A,T,F,L,V,T,L,L,L,A,V,P,I,T,V,L,A,M,L,T,L,V,P,Q,E,Q,E,S,R,V,M,E,T,A,G,L,G,A,Q,R,Q,Q,G,L,G,V,Q,E,A,S,E,K,E,P,E,T,D,L,S,P,R,P,P,A,A,H,L,I,G,A,P,A,K,G,Q,G,L,G,W,E,A,E,K,E,E,A,F,L,S,S,G,A,R,F,S,G,A,G,G,L,A,L,P,L,D,G,L,Y,Y,L,Y,C,Q,V,G,Y,R,G,R,A,-,P,A,G,R,A,P,R,G,G,A,F,T,L,R,S,S,L,Y,R,T,G,G,A,Y,G,P,G,S,P,E,L,L,L,E,S,A,E,T,V,-,-,-,-,-,-,-,-,-,-,-,-,-,P,F,W,F,T,S,V,G,F,G,G,L,V,R,L,R,G,G,E,R,V,H,V,N,I,S,H,P,Q,M,V,D,Y,R,R,G,K,T,F,F,G,A,V,M,V,G
Peromyscus_californicus_insignis,M,G,A,R,G,L,Q,G,P,G,G,R,P,Q,G,R,G,C,L,L,L,A,V,A,G,A,T,S,L,V,T,L,L,L,A,V,P,I,T,V,L,A,V,L,A,L,V,P,Q,D,Q,-,-,-,-,-,-,-,-,-,-,-,-,-,-,R,K,R,L,G,V,Q,Q,L,P,K,G,E,P,E,T,D,L,S,P,E,L,P,A,A,H,L,I,G,A,W,M,S,G,Q,R,L,G,W,E,A,S,Q,E,E,A,F,L,R,S,G,V,Q,F,S,G,T,D,G,L,A,L,P,R,D,G,V,Y,Y,L,Y,C,H,V,G,Y,R,G,R,A,P,P,A,G,R,G,-,R,A,R,S,L,T,L,R,S,A,L,Y,R,T,G,G,A,Y,G,R,G,S,P,E,L,L,L,E,G,A,E,T,V,T,P,A,V,D,P,V,G,-,-,-,Y,R,S,L,W,Y,T,S,V,G,F,G,G,L,V,Q,I,R,S,G,E,R,V,Y,V,N,I,S,H,P,D,M,V,D,S,R,R,G,K,T,F,F,G,A,V,M,V,G
Peromyscus_leucopus,-,-,-,-,-,-,-,-,-,-,-,-,-,-,-,-,-,-,-,-,-,-,-,-,-,-,-,-,-,-,-,-,-,-,-,-,-,-,-,-,-,-,-,-,-,-,-,-,-,-,-,-,-,-,-,-,-,-,-,-,-,-,-,-,-,-,-,-,-,G,V,Q,Q,L,P,K,G,E,P,E,T,D,L,S,P,E,L,P,A,A,H,L,I,G,A,W,M,S,G,Q,R,L,G,W,E,A,S,Q,E,E,A,F,L,R,S,G,V,Q,F,S,G,T,D,G,L,A,L,P,R,D,G,V,Y,Y,L,Y,C,H,V,G,Y,R,G,R,A,P,P,A,G,R,G,-,R,A,R,S,L,T,L,R,S,A,L,Y,R,A,G,G,A,Y,G,R,G,S,P,E,L,L,L,E,G,A,E,T,V,T,P,A,V,D,P,V,G,-,-,-,Y,R,S,L,W,Y,T,S,V,G,F,G,G,L,V,Q,I,R,S,G,E,R,V,Y,V,N,I,S,H,P,D,M,V,D,S,R,R,G,K,T,F,F,G,A,V,M,V,G
Peromyscus_maniculatus_bairdii,M,G,A,R,G,L,Q,G,P,G,G,R,P,Q,G,R,G,C,L,L,L,A,V,A,G,A,T,S,L,V,T,L,L,L,A,V,P,I,T,V,L,A,V,L,A,L,V,P,Q,D,Q,-,-,-,-,-,-,-,-,-,-,-,-,-,-,R,K,R,L,G,V,Q,Q,L,P,K,G,E,P,E,T,D,L,S,P,E,L,P,A,A,H,L,I,G,A,W,M,S,G,Q,R,L,G,W,E,A,S,Q,E,E,A,F,L,R,S,G,V,Q,F,S,S,T,D,G,L,A,L,P,R,D,G,V,Y,Y,L,Y,C,H,V,G,Y,R,G,R,A,P,P,A,G,R,G,-,R,A,R,S,L,T,L,R,S,A,L,Y,R,A,G,G,A,Y,G,R,G,S,P,E,L,L,L,E,G,A,E,T,V,T,P,A,V,D,S,V,G,-,-,-,Y,R,S,L,W,Y,T,S,V,G,F,G,G,L,V,Q,I,R,S,G,E,R,V,Y,V,N,I,S,H,P,D,M,V,D,S,R,R,G,K,T,F,F,G,A,V,M,V,G
Phascolarctos_cinereus,M,G,A,P,G,L,E,A,R,A,A,G,P,N,K,K,G,C,L,L,L,A,S,V,G,A,A,V,L,G,T,L,L,L,S,V,P,L,T,V,L,T,M,L,A,L,M,P,Q,E,Q,G,E,Q,-,-,-,-,-,-,-,-,-,-,-,-,-,-,-,G,F,H,K,L,P,V,E,-,S,R,S,D,L,S,S,I,P,P,A,A,H,L,I,G,V,S,K,S,G,H,G,L,R,W,V,S,G,H,E,E,A,F,L,K,S,G,T,Q,F,L,G,D,E,G,L,A,L,P,Q,D,G,I,Y,F,L,Y,C,H,I,G,Y,R,G,R,A,P,S,G,G,-,-,-,-,-,-,-,V,T,L,R,S,W,L,F,R,T,G,G,A,S,G,S,G,E,P,E,L,L,L,Q,G,S,E,T,V,T,P,-,-,-,-,-,-,-,-,-,-,G,T,L,W,Y,A,S,V,G,F,G,G,L,A,Q,L,R,G,G,E,R,I,Y,V,N,V,S,H,L,D,M,V,D,F,R,R,G,K,T,F,F,G,A,V,M,V,G
Phoca_vitulina,M,G,A,L,G,L,E,G,R,G,R,R,P,Q,G,K,G,C,L,L,L,A,V,A,G,A,T,S,L,V,T,L,L,L,A,V,P,I,T,V,L,A,V,L,A,L,V,P,Q,E,Q,G,G,L,V,T,G,T,T,D,P,G,A,Q,A,Q,Q,R,L,G,S,Q,E,L,P,E,E,E,A,E,T,D,F,S,S,R,L,P,A,A,H,L,I,G,A,W,T,K,G,Q,G,L,G,W,E,A,K,K,E,E,A,F,L,R,S,G,T,Q,F,S,G,A,E,G,L,A,L,P,Q,D,G,L,Y,Y,L,Y,C,H,V,G,Y,R,G,R,A,P,P,A,G,G,A,L,S,D,R,S,V,T,L,R,S,R,L,Y,R,A,G,G,A,Y,G,P,G,T,P,E,L,L,L,E,G,A,E,T,V,T,P,V,L,D,P,A,R,T,R,E,Y,G,P,L,W,Y,T,S,V,G,F,G,G,L,V,Q,L,R,R,G,E,R,V,Y,V,N,I,S,H,P,D,M,V,D,Y,R,R,G,K,T,F,F,G,A,V,M,V,G
Phodopus_roborovskii,M,G,T,R,G,L,Q,G,Q,G,G,R,P,Q,G,R,G,C,L,L,L,S,V,A,G,A,T,S,L,V,T,L,L,L,A,V,P,I,T,V,L,A,V,L,A,F,V,P,Q,D,Q,G,-,-,-,-,-,-,-,-,-,-,-,-,-,Q,R,R,L,G,V,Q,R,L,P,K,G,G,P,E,T,D,L,G,L,E,L,P,A,A,H,L,I,G,A,W,M,S,G,Q,G,L,G,W,E,A,S,Q,E,E,A,F,L,R,S,G,T,Q,F,S,R,T,D,G,L,V,L,P,L,D,G,V,Y,Y,L,Y,C,H,V,G,Y,R,G,R,A,P,P,V,G,R,G,-,R,A,R,S,L,T,L,R,S,A,L,Y,R,A,G,G,A,Y,G,R,G,S,P,E,L,L,L,E,G,S,E,T,V,I,P,V,V,D,P,V,G,-,-,-,Y,R,S,L,W,Y,T,S,V,G,F,G,G,L,V,Q,L,R,S,G,E,R,V,Y,V,N,I,S,H,P,D,M,V,D,Y,R,R,G,K,T,F,F,G,A,V,M,V,G
Prionailurus_bengalensis_euptilurus,-,-,-,-,-,-,-,-,-,-,-,-,-,-,-,-,-,-,-,-,-,-,-,-,-,-,-,-,-,-,-,-,-,-,-,-,-,-,-,-,-,-,-,-,-,-,-,-,-,-,-,-,-,-,-,-,-,-,-,-,-,-,-,-,-,-,-,-,-,-,-,-,-,-,-,-,-,-,-,-,-,-,-,-,-,-,-,-,-,-,-,-,-,-,-,-,-,-,-,-,-,-,-,-,-,-,-,-,-,-,-,-,-,-,-,-,-,-,-,-,-,-,-,-,-,-,-,-,-,-,-,-,-,-,-,-,-,-,-,-,-,-,-,-,-,-,-,-,-,-,-,-,-,-,-,-,-,-,-,-,-,-,-,-,-,-,-,-,-,-,-,-,-,-,-,-,-,-,-,-,-,-,-,-,-,-,-,-,-,-,-,-,-,-,-,-,-,-,-,-,-,-,-,-,-,-,-,-,-,-,-,-,-,-,-,-,-,-,-,-,-,-,-,-,-,-,-,-,-,-,-,-,-,-,-,-,-,-,-,-,-,-,-,-
Puma_concolor,M,G,T,L,G,L,E,G,R,G,R,R,P,Q,G,K,G,C,L,L,L,A,V,A,G,A,T,S,L,V,T,L,L,L,A,V,P,I,T,V,L,A,V,L,A,L,V,P,Q,E,Q,G,G,Q,A,T,G,T,A,D,P,G,A,Q,A,Q,Q,R,L,G,T,Q,V,L,P,E,E,E,A,G,T,D,F,S,S,R,L,P,A,A,H,L,I,G,A,W,T,K,G,Q,G,L,G,W,E,A,K,K,E,E,A,F,L,R,S,G,T,Q,F,S,G,A,E,G,L,A,L,P,Q,D,G,L,Y,Y,L,Y,C,H,V,G,Y,R,G,R,A,P,P,A,G,G,G,L,L,D,H,S,V,T,L,R,S,R,L,Y,R,T,G,G,A,Y,G,P,G,T,P,E,L,L,L,E,G,A,E,T,V,T,P,V,L,D,P,S,R,T,H,E,Y,G,P,L,W,Y,T,S,V,G,F,G,G,L,V,Q,L,R,R,G,E,R,V,Y,V,N,I,S,H,P,D,M,V,D,Y,R,R,G,K,T,F,F,G,A,V,M,V,G
Puma_yagouaroundi,M,G,T,L,G,L,E,G,R,G,R,R,P,Q,G,K,G,C,L,L,L,A,V,A,G,A,T,S,L,V,T,L,L,L,A,V,P,I,T,V,L,A,V,L,A,L,V,P,Q,E,Q,G,G,Q,V,T,G,T,A,D,P,G,A,Q,A,Q,Q,R,L,G,T,Q,V,L,P,E,E,E,A,G,T,D,F,S,S,R,L,P,A,A,H,L,I,G,A,W,T,K,G,Q,G,L,G,W,E,A,K,K,E,E,A,F,L,R,S,G,T,Q,F,S,G,A,E,G,L,A,L,P,Q,D,G,L,Y,Y,L,Y,C,H,V,G,Y,R,G,R,A,P,P,A,G,G,G,L,L,D,H,S,V,T,L,R,S,R,L,Y,R,T,G,G,A,Y,G,P,G,T,P,E,L,L,L,E,G,A,E,T,V,T,P,V,L,D,P,S,R,T,H,E,Y,G,P,L,W,Y,T,S,V,G,F,G,G,L,V,Q,L,R,R,G,E,R,V,Y,V,N,I,S,H,P,D,M,V,D,Y,R,R,G,K,T,F,F,G,A,V,M,V,G
Rattus_norvegicus,M,G,T,R,G,L,Q,G,L,G,G,R,P,Q,G,R,G,C,L,L,L,A,V,A,G,A,T,S,L,V,T,L,L,L,A,V,P,I,T,V,L,A,V,L,A,L,V,P,Q,D,Q,G,R,Q,V,E,K,I,I,G,S,G,A,Q,A,Q,K,G,L,G,V,Q,Q,L,P,L,G,E,P,E,T,D,F,S,P,E,L,P,A,A,H,L,I,G,A,W,M,S,G,Q,G,L,S,W,E,A,S,Q,E,E,A,F,L,R,S,G,A,Q,F,S,R,T,H,G,L,A,L,P,Q,D,G,V,Y,Y,L,Y,C,H,V,G,Y,R,G,R,T,P,P,A,G,R,S,-,R,A,R,L,F,T,L,R,S,A,L,Y,R,A,G,G,A,Y,G,R,G,S,P,E,L,L,L,E,G,A,E,T,V,T,P,V,V,D,P,I,G,-,-,-,Y,G,S,L,W,Y,T,S,V,G,F,G,G,L,A,Q,L,R,S,G,E,R,I,Y,V,N,I,S,H,P,D,M,V,D,Y,R,R,G,K,T,F,F,G,A,V,M,V,G
Rattus_rattus,M,G,T,R,G,L,Q,G,L,G,G,R,P,Q,G,R,G,C,L,L,L,A,V,A,G,A,T,S,L,V,T,L,L,L,A,V,P,I,T,V,L,A,V,L,A,L,V,P,Q,D,Q,G,R,Q,V,E,K,I,I,G,S,G,A,Q,A,Q,K,G,L,G,V,Q,Q,L,P,L,G,E,P,E,T,D,F,S,P,E,L,P,A,A,H,L,I,G,A,W,M,S,G,Q,G,L,S,W,E,A,S,Q,E,E,A,F,L,R,S,G,A,Q,F,S,R,T,H,G,L,A,L,P,Q,D,G,I,Y,Y,L,Y,C,H,V,G,Y,R,G,R,T,P,P,A,G,R,S,-,R,A,R,L,F,T,L,R,S,A,L,Y,R,A,G,G,A,Y,G,R,G,S,P,E,L,L,L,E,G,A,E,T,V,T,P,V,V,D,P,I,G,-,-,-,Y,G,S,L,W,Y,T,S,V,G,F,G,G,L,A,Q,L,R,S,G,E,R,I,Y,V,N,I,S,H,P,D,M,V,D,Y,R,R,G,K,T,F,F,G,A,V,M,V,G
Sarcophilus_harrisii,M,G,A,S,G,L,E,A,R,V,D,G,P,N,R,K,G,C,L,L,L,A,S,V,G,A,A,V,L,G,T,L,L,L,S,V,P,L,T,V,L,A,V,L,A,L,M,P,Q,E,Q,G,G,-,-,-,-,-,-,-,-,-,-,-,-,-,-,-,-,-,-,-,-,-,-,-,-,-,-,-,-,-,-,-,-,-,-,P,A,A,H,L,I,G,V,S,K,S,G,H,G,L,H,W,V,S,G,H,E,E,A,F,L,K,S,G,T,Q,F,L,G,D,E,G,L,A,L,P,Q,D,G,I,Y,F,L,Y,C,H,I,G,Y,R,G,R,A,P,S,G,G,E,Q,P,-,-,-,-,V,I,L,S,S,W,L,Y,R,A,G,G,A,Y,G,S,G,E,P,E,L,L,L,Q,G,A,E,T,V,T,E,-,-,-,-,-,-,-,-,-,Q,G,T,L,W,Y,A,S,V,G,F,G,G,L,V,Q,L,R,G,G,E,R,I,Y,V,N,V,S,H,L,D,M,V,D,F,R,R,G,K,T,F,F,G,A,V,M,V,G
Suncus_etruscus,M,G,A,L,G,P,E,G,W,R,R,Q,P,Q,G,K,G,C,L,L,L,V,V,A,G,V,T,S,L,V,T,L,L,V,A,V,P,I,T,V,L,A,V,L,L,V,V,P,P,Q,Q,G,G,L,V,T,D,T,D,D,H,G,G,Q,T,Q,K,Q,L,G,T,Q,Q,L,S,E,K,-,-,-,-,-,-,-,-,-,-,-,-,-,-,-,-,-,-,-,-,-,-,-,R,V,G,W,E,A,E,R,E,A,A,F,V,R,S,G,A,R,F,S,G,A,D,G,L,V,L,P,R,D,G,L,Y,Y,L,Y,C,H,V,G,Y,R,G,R,A,P,P,A,G,Q,D,R,Q,R,R,P,L,T,L,F,S,R,L,Y,R,A,G,R,A,Y,G,D,G,S,P,E,L,L,L,Q,G,A,E,S,V,V,S,A,-,-,-,-,-,-,-,-,-,D,P,A,W,Y,T,S,V,G,F,G,G,L,V,H,L,R,R,G,E,R,V,Y,V,N,I,S,H,P,G,M,V,D,Y,R,R,G,K,T,F,F,G,A,V,M,V,G
Sus_scrofa,M,G,A,P,G,L,E,G,R,G,R,R,P,Q,G,K,G,C,L,L,L,A,V,A,G,A,T,S,L,V,T,L,L,L,A,V,P,I,T,V,L,A,V,L,A,L,V,P,Q,E,Q,G,E,L,V,T,G,T,A,D,P,G,T,Q,A,Q,Q,R,L,-,-,-,-,-,-,-,E,E,A,E,T,D,L,S,P,R,L,P,A,A,H,L,I,G,A,W,I,T,G,Q,G,L,G,W,E,A,K,K,E,E,A,F,L,R,S,G,T,Q,F,S,G,A,E,G,L,A,L,P,Q,D,G,L,Y,Y,L,Y,C,H,V,G,Y,R,G,R,A,P,P,P,G,G,D,P,L,D,R,S,V,T,L,L,S,R,L,Y,R,A,G,G,A,Y,G,P,G,T,P,E,L,L,L,E,G,A,E,T,V,T,P,V,L,D,P,S,R,R,H,E,Y,G,P,L,W,Y,T,S,V,G,F,G,G,L,V,Q,L,R,R,G,E,R,V,Y,V,-,-,-,-,-,-,-,-,-,-,-,-,-,-,-,-,-,-,-,-,-,-,-
Tachyglossus_aculeatus,-,-,-,-,-,-,-,-,-,-,-,-,-,-,-,-,-,-,-,L,L,A,V,V,G,A,S,V,L,G,T,L,L,V,C,V,P,L,T,-,-,-,-,-,-,-,-,-,-,-,-,-,-,-,-,-,-,-,-,-,-,-,-,-,-,-,-,-,-,-,-,-,-,-,-,-,-,-,-,-,-,-,-,-,-,-,-,-,-,-,-,-,-,-,-,-,-,-,-,-,-,-,-,-,-,-,-,-,E,E,A,F,L,K,S,G,A,R,L,L,G,T,A,R,L,A,L,P,R,E,G,V,Y,Y,L,Y,C,H,V,G,F,R,G,-,-,-,-,-,-,-,-,-,-,-,-,-,-,-,-,R,S,R,L,Y,R,V,G,G,G,Y,G,A,G,E,V,E,L,M,L,Q,G,A,E,T,V,-,-,-,-,-,-,-,-,-,-,-,-,-,-,L,W,H,T,S,V,G,F,G,G,L,T,R,L,G,G,D,E,R,I,F,V,N,V,S,H,P,N,M,V,D,Y,R,R,G,K,T,Y,F,G,A,V,R,V,G
Talpa_occidentalis,M,G,A,L,G,M,E,G,G,S,R,R,P,Q,G,K,G,C,H,L,L,A,V,A,G,A,T,S,L,V,T,L,L,L,A,V,P,I,T,V,L,A,V,L,V,L,L,P,Q,E,Q,R,G,L,V,T,G,T,A,D,P,-,-,-,-,-,-,-,-,-,-,Q,E,L,P,E,E,E,A,E,P,D,H,S,S,I,L,P,A,A,H,L,I,G,A,W,T,S,G,Q,G,L,G,W,E,A,K,K,E,E,A,F,L,R,S,G,T,Q,F,S,A,A,E,G,L,A,L,P,Q,D,G,L,Y,Y,L,Y,C,H,V,G,Y,R,G,R,A,P,P,A,G,G,A,P,L,D,S,S,V,T,L,R,S,R,L,Y,R,A,G,G,A,Y,G,R,G,A,P,E,L,L,F,E,G,A,E,S,V,T,S,V,L,D,P,A,R,R,H,E,F,G,S,L,W,Y,T,S,V,G,V,G,G,L,V,Q,L,R,K,G,E,R,V,Y,V,N,I,S,H,P,N,M,V,D,Y,R,R,G,K,T,F,F,G,A,V,M,V,G
Trichechus_manatus_latirostris,M,E,A,L,G,L,E,G,R,G,G,R,P,Q,G,R,G,C,L,L,L,A,V,A,G,A,I,V,L,G,S,V,V,L,S,V,P,I,T,V,L,T,V,L,A,L,V,P,Q,E,R,G,G,L,V,T,E,T,A,D,L,G,G,Q,T,Q,Q,Q,L,E,F,Q,K,L,P,E,E,K,A,E,T,D,L,S,P,R,L,P,A,A,H,L,I,G,S,W,K,T,G,Q,G,L,G,W,E,T,K,K,E,E,A,F,L,R,S,G,T,Q,F,L,G,A,E,G,L,A,L,P,Q,D,G,L,Y,Y,L,Y,C,Y,V,G,Y,R,G,R,A,P,P,A,G,R,G,P,L,G,R,S,V,T,L,R,S,S,L,Y,R,A,G,G,A,Y,G,P,G,I,P,Q,L,L,L,E,G,A,E,T,V,T,S,V,L,D,P,A,R,R,H,E,Y,G,P,L,W,F,T,S,V,G,F,G,G,L,V,Q,L,R,R,G,E,R,V,Y,V,N,I,S,H,P,D,M,V,D,Y,R,R,G,K,T,F,F,G,A,V,M,V,G
Trichosurus_vulpecula,M,G,A,P,G,L,E,T,C,A,G,G,P,N,R,K,G,C,L,L,L,A,S,V,G,A,A,V,L,G,T,L,L,L,S,V,P,L,T,V,L,T,V,L,A,L,M,P,Q,E,E,G,G,Q,V,A,D,A,S,G,P,G,G,Q,L,L,Q,Q,L,G,L,H,K,L,P,L,E,-,S,R,S,D,F,S,P,I,P,P,A,A,H,L,I,G,I,S,T,P,G,H,G,L,R,W,V,S,G,H,E,E,A,F,L,K,S,G,T,Q,F,L,G,D,E,G,L,A,L,P,Q,D,G,I,Y,F,L,Y,C,H,I,G,Y,R,G,R,A,P,S,G,G,-,-,-,-,-,-,-,V,T,L,S,S,Q,L,F,R,A,R,G,A,S,G,S,G,E,P,E,L,L,L,Q,G,F,E,T,V,T,P,-,-,-,-,-,-,-,P,G,Q,G,T,L,W,Y,A,T,V,G,F,G,G,L,V,Q,L,R,G,G,E,R,I,Y,V,N,V,S,H,L,D,L,V,D,F,R,R,G,K,T,F,F,G,A,V,M,V,G
Ursus_arctos_horribilis,-,-,-,-,-,-,-,-,-,-,-,-,-,-,-,-,-,-,-,-,-,-,-,-,-,-,-,-,-,-,-,-,-,-,-,-,-,-,-,-,-,-,-,-,-,-,-,-,-,-,-,-,-,-,-,-,-,-,-,-,-,-,-,-,-,-,-,-,-,-,-,-,-,-,-,-,-,-,-,-,-,-,-,-,-,-,-,-,-,-,-,-,-,-,-,-,-,-,-,-,-,-,-,-,-,-,-,-,-,-,-,-,-,-,-,-,-,-,-,-,-,-,-,-,-,-,-,-,-,-,-,-,-,-,-,-,-,-,-,-,-,-,-,-,-,-,-,-,-,-,-,-,-,-,-,-,-,-,-,-,-,-,-,-,-,-,-,-,-,-,-,-,-,-,-,-,-,-,-,-,-,-,-,-,-,-,-,-,-,-,-,-,-,-,-,-,-,-,-,-,-,-,-,-,-,-,-,-,-,-,-,-,-,-,-,-,-,-,-,-,-,-,-,-,-,-,-,-,-,-,-,-,-,-,-,-,-,-,-,-,-,-,-,-
Vombatus_ursinus,M,G,A,P,G,L,E,A,C,A,G,G,P,N,K,K,G,C,L,L,L,A,S,V,G,A,A,V,L,G,T,L,L,L,S,V,P,L,T,V,L,T,M,L,A,L,M,P,Q,E,Q,G,G,Q,-,-,-,-,-,-,-,-,-,-,-,-,-,-,-,G,F,H,K,L,P,V,E,-,S,R,S,D,L,S,P,I,P,P,A,A,H,L,I,-,-,-,-,-,-,-,-,-,-,-,-,-,-,-,E,E,A,F,L,K,S,G,T,Q,F,L,G,D,E,G,L,A,L,P,Q,D,G,I,Y,F,L,Y,C,H,I,G,Y,R,G,R,A,P,S,G,G,-,-,-,-,-,-,-,V,T,L,R,S,W,L,F,R,A,G,G,A,S,G,S,G,E,P,E,L,L,L,Q,G,S,E,T,V,T,P,-,-,-,-,-,-,-,-,-,-,G,T,L,W,Y,A,S,V,G,F,G,G,L,A,Q,L,R,G,G,E,R,I,Y,V,N,V,S,H,L,D,M,V,D,F,R,R,G,K,T,F,F,G,A,V,M,V,G
Vulpes_lagopus,M,G,A,L,W,L,E,G,W,G,R,R,P,Q,G,K,G,C,L,L,L,A,V,A,G,A,T,S,L,V,T,L,L,L,A,V,P,I,T,V,L,A,V,R,A,L,V,P,Q,E,P,G,G,L,V,T,R,T,A,D,P,G,M,Q,A,Q,Q,R,L,G,S,Q,E,L,P,D,E,E,A,E,A,D,F,S,S,R,L,P,A,A,H,L,I,G,A,W,T,K,G,Q,G,L,G,W,E,A,K,K,E,E,A,F,L,R,S,G,A,L,F,S,G,A,E,G,L,A,L,P,R,D,G,L,Y,Y,L,Y,C,H,V,G,Y,R,G,R,A,P,P,A,G,R,G,-,-,-,-,P,V,T,L,R,S,R,L,F,R,A,G,G,A,Y,G,P,G,S,P,E,L,L,L,E,G,A,E,T,V,S,P,A,P,D,P,A,R,A,R,E,Y,G,P,L,W,Y,T,S,V,G,F,G,G,L,V,Q,L,R,R,G,E,R,V,Y,V,N,I,S,H,P,D,L,V,D,Y,R,R,G,K,T,F,F,G,A,V,M,V,G
Vulpes_vulpes,M,G,A,L,W,L,E,G,W,G,R,R,P,Q,G,K,G,C,L,L,L,A,V,A,G,A,T,S,L,V,T,L,L,L,A,V,P,I,T,V,L,A,V,R,A,L,V,P,Q,E,P,G,G,L,V,T,R,T,A,D,P,G,M,Q,A,Q,Q,R,L,G,S,Q,E,L,P,D,E,E,A,E,A,D,F,S,S,R,L,P,A,A,H,L,I,G,A,W,T,K,G,Q,G,L,G,W,E,A,K,K,E,E,A,F,L,R,S,G,A,L,F,S,G,A,E,G,L,A,L,P,R,D,G,L,Y,Y,L,Y,C,H,V,G,Y,R,G,R,A,P,P,A,G,R,G,-,-,-,-,P,V,T,L,R,S,R,L,F,R,A,G,G,A,Y,G,P,G,S,P,E,L,L,L,E,G,A,E,T,V,S,P,A,P,D,P,A,R,A,R,E,Y,G,P,L,W,Y,T,S,V,G,F,G,G,L,V,Q,L,R,R,G,E,R,V,Y,V,N,I,S,H,P,D,L,V,D,Y,R,R,G,K,T,F,F,G,A,V,M,V,G
Zalophus_californianus,M,G,A,L,G,L,E,G,R,G,R,R,P,Q,G,K,G,C,L,L,L,A,V,A,G,A,T,S,L,V,T,L,L,L,A,V,P,I,T,V,L,A,V,L,A,L,V,P,Q,E,Q,G,G,L,V,T,G,T,T,D,P,G,A,R,A,Q,Q,R,L,G,S,Q,E,L,P,E,E,E,A,E,T,D,F,S,S,R,L,P,A,A,H,L,I,G,A,W,T,K,G,Q,G,L,G,W,E,A,K,K,E,E,A,F,L,R,S,G,T,Q,F,S,G,A,E,G,L,A,L,P,Q,D,G,L,Y,Y,L,Y,C,H,V,G,Y,R,G,R,A,P,P,A,G,G,G,L,P,D,R,S,V,T,L,R,S,R,L,Y,R,A,G,G,A,Y,G,P,G,T,P,E,L,L,L,E,G,A,E,T,V,T,P,V,L,D,P,A,R,T,R,E,Y,G,P,L,W,Y,T,S,V,G,F,G,G,L,V,Q,L,R,R,G,E,R,V,Y,V,N,I,S,H,P,D,M,V,D,Y,R,R,G,K,T,F,F,G,A,V,M,V,G
shrew_mole,M,E,A,L,G,L,E,G,G,G,R,R,P,Q,G,K,G,C,L,L,L,A,V,A,G,A,T,S,L,V,T,L,L,L,A,V,P,I,T,V,L,A,V,L,I,L,L,P,Q,E,Q,R,E,L,V,T,G,S,A,N,L,R,A,E,A,H,Y,Q,K,G,P,Q,E,L,P,E,E,E,A,E,P,G,Q,S,T,S,L,P,A,A,H,V,I,G,A,W,V,K,E,H,G,L,G,W,E,T,K,K,E,E,A,F,L,N,G,G,T,Q,F,S,V,A,E,G,L,A,L,P,Q,D,G,L,Y,Y,L,Y,C,Q,V,G,Y,R,G,R,A,P,P,A,G,G,G,L,T,D,R,S,V,T,L,R,S,R,L,Y,R,A,G,G,A,Y,G,P,G,T,P,E,L,L,F,E,G,A,E,S,V,T,S,V,L,D,P,A,R,R,H,E,Y,G,S,L,W,Y,T,S,V,G,V,G,G,L,V,Q,L,R,K,G,E,R,V,Y,V,N,I,S,H,P,N,M,V,D,Y,R,R,G,K,T,F,F,G,A,V,M,V,G
ZWS,-,-,-,-,-,-,-,-,-,-,-,-,-,-,-,-,-,-,-,-,-,-,-,-,-,-,-,-,-,-,-,-,-,-,-,-,-,-,-,-,-,-,-,-,-,-,-,-,-,-,-,-,-,-,-,-,-,-,-,-,-,-,-,-,-,-,-,-,-,-,-,-,-,-,-,-,-,-,-,-,-,-,-,-,-,-,-,-,-,-,-,-,-,-,-,-,-,-,-,-,-,-,-,-,-,-,-,-,-,-,-,-,-,-,-,-,-,-,-,-,-,-,-,-,-,-,-,-,-,-,-,-,-,-,-,-,-,-,-,-,-,-,-,-,-,-,-,-,-,-,-,-,-,-,-,-,-,-,-,-,-,-,-,-,-,-,-,-,-,-,-,-,-,-,-,-,-,-,-,-,-,-,-,-,-,-,-,-,-,-,-,-,-,-,-,-,-,-,-,-,-,-,-,-,-,-,-,-,-,-,-,-,-,-,-,-,-,-,-,-,-,-,-,-,-,-,-,-,-,-,-,-,-,-,-,-,-,-,-,-,-,-,-,-
