,LTO1 0,LTO1 1,LTO1 2,LTO1 3,LTO1 4,LTO1 5,LTO1 6,LTO1 7,LTO1 8,LTO1 9,LTO1 10,LTO1 11,LTO1 12,LTO1 13,LTO1 14,LTO1 15,LTO1 16,LTO1 17,LTO1 18,LTO1 19,LTO1 20,LTO1 21,LTO1 22,LTO1 23,LTO1 24,LTO1 25,LTO1 26,LTO1 27,LTO1 28,LTO1 29,LTO1 30,LTO1 31,LTO1 32,LTO1 33,LTO1 34,LTO1 35,LTO1 36,LTO1 37,LTO1 38,LTO1 39,LTO1 40,LTO1 41,LTO1 42,LTO1 43,LTO1 44,LTO1 45,LTO1 46,LTO1 47,LTO1 48,LTO1 49,LTO1 50,LTO1 51,LTO1 52,LTO1 53,LTO1 54,LTO1 55,LTO1 56,LTO1 57,LTO1 58,LTO1 59,LTO1 60,LTO1 61,LTO1 62,LTO1 63,LTO1 64,LTO1 65,LTO1 66,LTO1 67,LTO1 68,LTO1 69,LTO1 70,LTO1 71,LTO1 72,LTO1 73,LTO1 74,LTO1 75,LTO1 76,LTO1 77,LTO1 78,LTO1 79,LTO1 80,LTO1 81,LTO1 82,LTO1 83,LTO1 84,LTO1 85,LTO1 86,LTO1 87,LTO1 88,LTO1 89,LTO1 90,LTO1 91,LTO1 92,LTO1 93,LTO1 94,LTO1 95,LTO1 96,LTO1 97,LTO1 98,LTO1 99,LTO1 100,LTO1 101,LTO1 102,LTO1 103,LTO1 104,LTO1 105,LTO1 106,LTO1 107,LTO1 108,LTO1 109,LTO1 110,LTO1 111,LTO1 112,LTO1 113,LTO1 114,LTO1 115,LTO1 116,LTO1 117,LTO1 118,LTO1 119,LTO1 120,LTO1 121,LTO1 122,LTO1 123,LTO1 124,LTO1 125,LTO1 126,LTO1 127,LTO1 128,LTO1 129,LTO1 130,LTO1 131,LTO1 132,LTO1 133,LTO1 134,LTO1 135,LTO1 136
Chrysochloris_asiatica,M,A,R,S,Q,D,M,F,D,A,I,V,M,A,E,E,R,F,H,G,E,G,Y,R,E,G,Y,E,E,G,S,S,M,G,V,V,E,G,R,R,Y,G,T,L,H,G,A,K,I,G,S,E,I,G,C,Y,R,G,F,A,L,V,W,K,C,L,L,H,R,C,P,A,E,K,D,S,K,K,V,K,V,L,D,S,L,L,G,M,I,Q,K,F,P,Y,D,D,P,T,Y,D,K,L,H,E,D,L,D,R,I,R,G,K,F,K,Q,L,C,S,L,L,N,V,Q,P,D,F,K,I,P,A,E,G,S,V,L,S,F
Balaenoptera_acutorostrata_scammoni,M,A,G,S,Q,D,M,F,E,A,I,V,M,A,D,E,R,F,H,G,E,G,Y,Q,E,G,Y,E,K,G,S,S,L,G,M,I,E,G,R,Q,Y,G,T,L,H,G,A,K,I,G,S,E,I,G,C,Y,Q,G,F,A,F,A,W,R,C,L,L,H,G,C,T,T,E,K,D,S,K,K,M,K,V,L,E,S,L,I,G,M,I,Q,K,F,P,Y,D,D,P,T,Y,D,K,L,H,E,D,L,D,R,I,R,G,K,F,K,Q,L,C,S,L,L,N,V,H,P,D,F,K,V,S,A,E,G,S,G,L,S,F
Balaenoptera_musculus,M,A,G,S,Q,D,M,F,E,A,I,V,M,A,D,E,R,F,H,G,E,G,Y,Q,E,G,Y,E,K,G,S,S,L,G,M,I,E,G,R,Q,Y,G,T,L,H,G,A,K,I,G,S,E,I,G,C,Y,Q,G,F,A,F,A,W,R,C,L,L,H,G,C,T,T,E,K,D,S,K,K,M,K,V,L,E,S,L,I,G,M,I,Q,K,F,P,Y,D,D,P,T,Y,D,K,L,H,E,D,L,D,R,I,R,G,K,F,K,Q,L,C,S,L,L,N,V,H,P,D,F,K,V,S,A,E,G,S,G,L,S,F
Echinops_telfairi,V,E,G,R,Q,A,V,Y,G,A,K,V,G,S,E,R,R,F,H,G,E,G,Y,R,E,G,Y,E,E,G,S,S,L,G,V,V,E,G,R,Q,H,G,A,V,Y,G,A,K,V,G,S,E,I,G,C,Y,H,G,F,A,L,A,W,K,C,L,L,H,S,R,A,A,E,K,D,S,K,K,M,K,A,L,D,S,L,V,G,M,I,Q,K,F,P,Y,Q,D,P,A,Y,E,R,L,H,E,D,L,D,R,I,R,G,K,F,K,Q,L,C,S,L,L,N,V,Q,P,D,F,R,V,P,T,D,G,P,G,L,S,F
Delphinapterus_leucas,M,A,G,S,Q,D,M,F,D,A,I,V,M,A,D,D,R,F,H,G,E,G,Y,Q,E,G,Y,E,E,G,S,S,L,G,M,I,E,G,R,R,Y,G,T,L,H,G,A,K,I,G,S,E,I,G,C,Y,Q,G,F,A,F,A,W,R,C,L,L,H,G,C,T,T,E,K,D,S,R,K,M,K,V,L,E,S,L,L,G,M,I,Q,K,F,P,Y,D,D,P,T,Y,D,K,L,H,E,D,L,D,R,I,R,G,K,F,K,Q,L,C,S,L,L,N,V,Q,P,D,F,K,I,S,A,E,G,S,G,L,S,F
Globicephala_melas,M,A,G,S,Q,D,M,F,D,A,V,V,M,A,D,D,R,F,H,G,E,G,Y,Q,E,G,Y,E,E,G,S,S,L,G,M,I,E,G,R,R,H,G,T,L,H,G,A,K,I,G,S,E,I,G,C,Y,Q,G,F,A,L,A,W,R,C,L,L,H,G,C,T,T,E,K,D,S,K,K,M,K,V,L,E,S,L,L,G,M,I,Q,K,F,P,Y,D,D,P,T,Y,D,K,L,H,E,D,L,D,R,I,R,G,K,F,K,Q,L,C,S,L,L,N,V,Q,P,D,F,K,I,S,A,E,G,S,G,L,S,F
Lagenorhynchus_obliquidens,M,A,G,S,Q,D,M,F,D,A,V,V,M,A,D,D,R,F,H,G,E,G,Y,Q,E,G,Y,E,E,G,S,S,L,G,M,I,E,G,R,R,Y,G,T,L,H,G,A,K,I,G,S,E,I,G,C,Y,Q,G,F,A,L,A,W,R,C,L,L,H,G,C,S,T,E,K,D,S,K,K,M,K,V,L,E,S,L,L,G,M,I,Q,K,F,P,Y,D,D,P,T,Y,D,K,L,H,E,D,L,D,R,I,R,G,K,F,K,Q,L,C,S,L,L,N,V,Q,P,D,F,K,I,S,A,E,G,S,G,L,S,F
Lipotes_vexillifer,M,A,G,S,Q,D,M,F,D,A,I,V,M,A,D,E,R,F,H,G,E,G,Y,Q,E,G,Y,E,E,G,I,S,L,G,L,I,E,G,R,R,Y,G,T,L,H,G,A,K,I,G,S,E,I,G,C,Y,Q,G,F,A,F,A,W,R,C,L,L,H,G,C,A,T,E,K,D,S,K,K,M,K,V,L,E,S,L,I,G,M,I,Q,K,F,P,Y,D,D,P,T,Y,D,K,L,H,E,D,L,D,R,I,R,G,K,F,K,Q,L,C,S,L,L,N,V,R,P,D,F,K,I,S,A,E,G,S,G,L,S,F
Monodon_monoceros,M,A,G,S,Q,D,M,F,D,A,I,V,M,A,D,D,R,F,H,G,E,G,Y,Q,E,G,Y,E,E,G,S,S,L,G,M,I,E,G,R,R,Y,G,T,L,H,G,A,K,I,G,S,E,I,G,C,Y,Q,G,F,A,F,A,W,R,C,L,L,H,G,C,T,T,E,K,D,S,R,K,M,K,V,L,E,S,L,L,G,M,I,Q,K,F,P,Y,D,D,P,T,Y,D,K,L,H,E,D,L,D,R,I,R,G,K,F,K,Q,L,C,S,L,L,N,V,Q,P,D,F,K,I,S,A,E,G,S,G,L,S,F
Neophocaena_asiaeorientalis_asiaeorientalis,M,A,G,S,Q,D,M,F,D,A,I,V,M,A,D,D,R,F,H,G,E,G,Y,Q,E,G,Y,E,E,G,S,S,L,G,M,I,E,G,R,R,Y,G,T,L,H,G,A,K,I,G,S,E,I,G,C,Y,Q,G,F,A,F,A,W,R,C,L,L,H,G,C,T,T,E,K,D,S,K,K,M,K,V,L,E,S,L,L,G,M,I,Q,K,F,P,Y,D,D,P,T,Y,D,K,L,H,E,D,L,D,R,I,R,G,K,F,K,Q,L,C,S,V,L,N,V,Q,P,D,F,K,I,S,A,E,G,S,G,L,S,F
Orcinus_orca,M,A,G,S,Q,D,M,F,D,A,V,V,M,A,D,D,R,F,H,G,E,G,Y,Q,E,G,Y,E,E,G,S,S,L,G,M,I,E,G,R,R,Y,G,T,L,H,G,A,K,I,G,S,E,I,G,C,Y,Q,G,F,A,L,A,W,R,C,L,L,H,G,C,T,T,E,K,D,S,K,K,M,K,V,L,E,S,L,L,G,M,I,Q,K,F,P,Y,D,D,P,T,Y,D,K,L,H,E,D,L,D,R,I,R,G,K,F,R,Q,L,C,S,L,L,N,V,Q,P,D,F,K,I,S,A,E,G,S,G,L,S,F
Phocoena_sinus,M,A,G,S,Q,D,M,F,D,A,I,V,M,A,D,D,R,F,H,G,E,G,Y,Q,E,G,Y,E,E,G,S,S,L,G,M,I,E,G,R,R,Y,G,T,L,H,G,A,K,I,G,S,E,I,G,C,Y,Q,G,F,A,F,A,W,R,C,L,L,H,G,C,S,T,E,K,D,S,K,K,M,K,V,L,E,S,L,L,G,M,I,Q,K,F,P,Y,D,D,P,T,Y,D,K,L,H,E,D,L,D,R,I,R,G,K,F,K,Q,L,C,S,V,L,N,V,Q,P,D,F,K,I,S,A,E,G,S,G,L,S,F
Physeter_catodon,-,-,-,-,-,-,-,-,-,-,-,-,-,-,-,-,-,F,H,G,E,G,Y,Q,K,G,Y,E,E,G,S,S,L,G,M,I,E,G,R,Q,Y,G,T,L,H,G,A,K,I,G,S,E,I,G,C,Y,Q,G,F,A,F,A,W,R,C,L,L,H,G,C,A,T,E,K,D,-,-,-,-,-,-,-,-,-,-,-,-,-,-,-,-,-,-,-,-,-,-,-,-,-,-,-,-,-,-,-,-,-,-,-,-,-,-,-,-,-,-,-,-,-,-,-,-,-,-,-,-,-,-,-,-,-,-,-,-,-,-
Tursiops_truncatus,M,A,G,S,Q,D,M,F,D,A,V,V,M,A,D,D,R,F,H,G,E,G,Y,Q,E,G,Y,E,E,G,S,S,L,G,M,I,E,G,R,R,Y,G,T,L,H,G,A,K,I,G,S,E,L,G,C,Y,Q,G,F,A,L,A,W,R,C,L,L,H,G,C,T,T,E,K,D,S,K,K,M,K,V,L,E,S,L,L,G,M,I,Q,K,F,P,Y,D,D,P,T,Y,D,K,L,H,E,D,L,D,R,I,R,G,K,F,K,Q,L,C,S,L,L,N,V,Q,P,D,F,K,I,S,A,E,G,S,G,L,S,F
Acinonyx_jubatus,M,A,G,S,Q,D,V,F,D,A,I,V,M,A,D,E,R,F,H,G,E,G,Y,Q,E,G,Y,E,E,G,S,S,L,G,I,I,E,G,R,R,Y,G,T,L,H,G,A,K,I,G,S,E,I,G,C,Y,Q,G,F,A,F,A,W,R,C,L,L,H,S,C,A,T,E,K,D,S,K,K,M,K,A,L,E,S,L,I,G,M,I,Q,K,F,P,Y,D,D,P,T,Y,D,K,L,H,E,D,L,D,R,I,R,G,K,F,K,Q,L,C,S,L,L,N,V,Q,P,D,F,K,I,S,A,E,G,S,G,L,S,F
Acomys_russatus,-,-,-,-,Q,D,M,F,D,A,V,V,M,A,D,E,R,F,H,G,E,G,Y,Q,E,G,Y,E,E,G,S,S,L,G,I,I,E,G,R,Q,Y,G,M,L,H,G,A,K,I,G,S,E,I,G,C,Y,R,G,F,A,L,A,W,K,C,L,L,H,G,G,A,G,D,K,D,S,R,K,M,K,V,V,E,A,L,I,A,L,L,Q,R,F,P,Y,D,D,P,T,Y,E,K,L,Q,E,D,L,D,R,I,R,G,K,F,R,Q,L,C,S,L,L,N,V,Q,P,D,F,K,M,S,A,G,G,S,G,L,T,F
Arvicanthis_niloticus,-,-,-,-,Q,D,I,F,D,A,V,V,M,A,D,E,R,F,H,G,E,G,Y,Q,E,G,Y,E,E,G,S,S,L,G,I,A,E,G,K,Q,Y,G,M,L,H,G,A,K,I,G,S,E,I,G,C,Y,R,G,F,A,L,A,W,K,C,L,L,L,S,G,T,G,E,K,D,S,R,K,M,K,V,V,E,A,L,I,T,L,L,Q,D,F,P,Y,D,D,P,T,Y,E,K,F,H,E,D,L,D,R,I,R,G,K,F,R,Q,L,C,S,L,L,N,V,Q,P,D,F,K,V,A,A,A,G,S,G,L,A,F
Bison_bison_bison,M,A,G,D,Q,D,M,F,D,A,V,V,M,A,D,E,R,F,H,G,E,G,Y,R,E,G,Y,E,E,G,S,S,L,G,M,I,E,G,R,Q,H,G,T,L,H,G,A,K,I,G,S,E,I,G,C,Y,Q,G,F,A,F,A,W,R,G,L,L,H,S,C,A,T,E,R,D,S,K,K,M,K,V,L,E,A,L,I,G,M,I,Q,K,F,P,Y,D,D,P,T,Y,D,K,L,H,E,D,L,D,R,I,R,G,K,F,K,Q,L,C,S,L,L,N,V,Q,P,D,F,K,I,S,T,E,G,S,G,L,S,F
Bos_indicus,-,-,-,-,-,-,M,F,D,A,V,V,M,A,D,E,R,F,H,G,E,G,Y,R,E,G,Y,E,E,G,S,S,L,G,M,I,E,G,R,Q,H,G,T,L,H,G,A,K,I,G,S,E,I,G,C,Y,Q,G,F,A,F,A,W,R,G,L,L,H,S,C,A,T,E,R,D,S,K,K,M,K,V,L,E,A,L,I,G,M,I,Q,K,F,P,Y,D,D,P,T,Y,D,K,L,H,E,D,L,D,R,I,R,G,K,F,K,Q,L,C,S,L,L,N,V,Q,P,D,F,K,I,S,T,E,G,S,G,L,S,F
Bos_mutus,M,A,G,D,Q,D,M,F,D,A,V,V,M,A,D,E,R,F,H,G,E,G,Y,R,E,G,Y,E,E,G,S,S,L,G,M,I,E,G,R,Q,H,G,T,L,H,G,A,K,I,G,S,E,I,G,C,Y,Q,G,F,A,F,A,W,R,G,L,L,H,S,C,A,T,E,R,D,S,K,K,M,K,V,L,E,A,L,I,G,M,I,Q,K,F,P,Y,D,D,P,T,Y,D,K,L,H,E,D,L,D,R,I,R,G,K,F,K,Q,L,C,S,L,L,N,V,Q,P,D,F,K,I,S,T,E,G,S,G,L,S,F
Bos_taurus,M,A,G,D,Q,D,M,F,D,A,V,V,M,A,D,E,R,F,H,G,E,G,Y,R,E,G,Y,E,E,G,S,S,L,G,M,I,E,G,R,Q,H,G,T,L,H,G,A,K,I,G,S,E,I,G,C,Y,Q,G,F,A,F,A,W,R,G,L,L,H,S,C,A,T,E,R,D,-,-,-,-,-,-,-,-,-,-,-,-,-,-,-,-,-,-,-,-,-,-,-,-,-,-,-,-,-,-,-,-,-,-,-,-,-,-,-,-,-,-,-,-,-,-,-,-,-,-,-,-,-,-,-,-,-,-,-,-,-,-
Bubalus_bubalis,M,A,G,D,Q,D,M,F,D,A,V,V,M,A,D,E,R,F,H,G,E,G,Y,R,E,G,Y,E,E,G,S,S,L,G,M,I,E,G,R,Q,H,G,T,L,H,G,A,K,I,G,S,E,I,G,C,Y,Q,G,F,A,F,A,W,R,G,L,L,H,S,C,A,T,E,R,D,S,K,K,M,K,V,L,E,A,L,I,G,M,I,Q,K,F,P,Y,D,D,P,T,Y,D,K,L,H,E,D,L,D,R,I,R,G,K,F,K,Q,L,C,S,L,L,N,V,Q,P,D,F,K,I,S,T,E,G,S,G,L,S,F
Budorcas_taxicolor,M,A,G,D,Q,D,M,F,D,A,V,V,M,A,D,E,R,F,H,G,E,G,Y,R,E,G,Y,E,A,G,S,S,L,G,M,I,E,G,R,R,H,G,T,L,H,G,A,K,V,G,S,E,I,G,C,Y,Q,G,F,A,F,A,W,R,G,L,L,H,G,C,A,T,E,R,D,S,K,K,M,K,V,L,E,A,L,I,G,M,I,Q,K,F,P,Y,D,D,P,T,Y,D,K,L,H,E,D,L,D,R,I,R,G,K,F,K,Q,L,C,S,L,L,N,V,Q,P,D,F,K,I,S,A,E,G,S,G,L,S,F
Callithrix_jacchus,M,A,G,S,Q,D,I,F,D,A,I,V,M,A,D,E,R,F,H,G,E,G,Y,R,E,G,Y,E,E,G,S,S,L,G,V,V,E,G,R,Q,H,G,T,L,H,G,A,K,I,G,S,E,I,G,C,Y,Q,G,F,A,F,A,W,K,C,L,L,H,S,C,A,A,E,K,D,R,-,-,-,-,-,-,-,-,-,-,-,-,-,-,-,-,-,-,-,-,-,-,-,-,-,-,-,-,-,-,-,-,-,-,-,-,-,-,-,-,-,-,-,-,-,-,-,-,-,-,-,-,-,-,-,-,-,-,-,-,-
Camelus_bactrianus,M,A,G,T,Q,D,M,F,D,A,I,V,M,A,D,E,R,F,H,G,E,G,Y,Q,E,G,Y,E,E,G,S,S,L,G,I,I,E,G,R,Q,H,G,T,L,H,G,A,K,I,G,S,E,I,G,C,Y,Q,G,F,A,F,A,W,R,G,L,L,H,S,C,A,T,E,K,D,S,K,K,L,K,V,L,E,S,L,I,G,M,I,Q,K,F,P,Y,D,D,P,T,Y,D,K,L,H,E,D,L,D,K,I,R,G,K,F,K,Q,L,C,S,L,L,N,V,Q,P,D,F,K,I,S,A,E,G,S,G,L,S,F
Camelus_dromedarius,M,A,G,T,Q,D,M,F,D,A,I,V,M,A,D,E,R,F,H,G,E,G,Y,Q,E,G,Y,E,E,G,S,S,L,G,I,I,E,G,R,Q,H,G,T,L,H,G,A,K,I,G,S,E,I,G,C,Y,Q,G,F,A,F,A,W,R,G,L,L,H,S,C,A,T,E,K,D,S,K,K,L,K,V,L,E,S,L,I,G,M,I,Q,K,F,P,Y,D,D,P,T,Y,D,K,L,H,E,D,L,D,K,I,R,G,K,F,K,Q,L,C,S,L,L,N,V,Q,P,D,F,K,I,S,A,E,G,S,G,L,S,F
Camelus_ferus,M,A,G,T,Q,D,M,F,D,A,I,V,M,A,D,E,R,F,H,G,E,G,Y,Q,E,G,Y,E,E,G,S,S,L,G,I,I,E,G,R,Q,H,G,T,L,H,G,A,K,I,G,S,E,I,G,C,Y,Q,G,F,A,F,A,W,R,G,L,L,H,S,C,A,T,E,K,D,S,K,K,L,K,V,L,E,S,L,I,G,M,I,Q,K,F,P,Y,D,D,P,T,Y,D,K,L,H,E,D,L,D,K,I,R,G,K,F,K,Q,L,C,S,L,L,N,V,Q,P,D,F,K,I,S,A,E,G,S,G,L,S,F
Capra_hircus,M,A,G,D,Q,D,M,F,D,A,V,V,M,A,D,E,R,F,H,G,E,G,Y,L,E,G,Y,E,E,G,S,S,L,G,I,I,E,G,R,R,H,G,T,L,H,G,A,K,V,G,S,E,I,G,C,Y,Q,G,F,A,F,A,W,R,G,L,L,H,G,C,T,T,E,R,D,S,K,K,M,K,V,L,E,A,L,I,G,M,I,Q,K,F,P,Y,D,D,P,T,Y,D,K,L,H,E,D,L,D,R,I,R,G,K,F,K,Q,L,C,S,L,L,N,V,Q,P,D,F,K,I,S,A,E,G,S,G,L,S,F
Cebus_imitator,M,A,G,S,Q,D,M,F,D,A,I,V,M,A,D,E,R,F,H,G,E,G,Y,R,E,G,Y,E,E,G,S,S,L,G,V,M,E,G,R,Q,H,G,T,L,H,G,A,K,I,G,S,E,I,G,C,Y,Q,G,F,A,F,A,W,K,C,L,L,H,S,C,T,A,E,K,D,S,R,K,M,K,V,L,E,S,L,I,G,M,I,Q,K,F,P,Y,D,D,P,T,Y,D,K,L,H,E,D,L,D,K,I,R,G,K,F,K,Q,F,C,S,L,L,N,V,Q,P,D,F,K,V,S,A,K,G,S,G,L,S,F
Ceratotherium_simum_simum,M,A,G,S,Q,D,M,F,D,A,I,V,M,A,D,E,R,F,H,E,E,G,Y,Q,E,G,Y,E,E,G,S,N,L,G,I,I,E,G,R,Q,H,G,T,L,H,G,A,K,I,G,S,E,I,G,C,Y,Q,G,F,A,F,A,W,R,C,L,L,H,S,S,A,T,E,R,D,S,K,K,M,K,V,V,E,S,L,I,G,M,I,Q,K,F,P,Y,D,D,P,T,Y,D,K,L,H,E,D,L,D,R,I,R,G,K,F,K,Q,L,C,S,L,L,N,V,Q,P,D,F,K,I,S,A,Q,G,S,G,L,S,F
Cercocebus_atys,M,A,G,S,Q,D,I,F,D,S,I,V,M,A,D,E,R,F,H,G,E,G,Y,R,E,G,Y,E,E,G,S,S,L,G,V,M,E,G,R,Q,H,G,T,L,H,G,A,K,I,G,S,E,I,G,C,Y,Q,G,F,A,F,A,W,K,C,L,L,H,S,C,T,T,E,K,D,S,R,K,M,K,V,L,E,S,L,I,G,M,I,Q,K,F,P,Y,D,D,P,T,Y,D,K,L,H,E,D,L,D,K,I,R,G,K,F,K,Q,-,-,-,-,-,-,-,-,-,-,-,-,-,-,-,-,-,-,-,-,-,-
Cervus_canadensis,M,A,G,E,Q,D,M,L,D,A,V,V,M,A,D,E,R,F,H,R,E,G,Y,R,E,G,Y,E,E,G,S,S,L,G,M,I,E,G,R,Q,H,G,T,L,H,G,A,K,V,G,S,E,I,G,C,Y,R,G,F,A,L,A,W,R,G,L,L,H,G,C,A,T,E,R,D,S,K,K,M,K,V,L,E,A,L,I,G,M,I,Q,K,F,P,Y,D,D,P,T,Y,D,R,L,H,E,D,L,D,R,I,R,G,K,F,K,Q,F,C,S,L,L,N,V,Q,P,D,F,K,V,S,T,E,G,S,G,L,S,F
Chlorocebus_sabaeus,M,A,G,T,Q,D,I,F,D,S,I,V,M,A,D,E,R,F,H,G,E,G,Y,R,E,G,Y,E,E,G,S,S,L,G,V,M,E,G,R,Q,H,G,T,L,H,G,A,K,I,G,S,E,I,G,C,Y,Q,G,F,A,F,A,W,K,C,L,L,H,S,C,T,T,E,K,D,-,-,-,-,-,-,-,-,-,-,-,-,-,-,-,-,-,-,-,-,-,-,-,-,-,-,-,-,-,-,-,-,-,-,-,-,-,-,-,-,-,-,-,-,-,-,-,-,-,-,-,-,-,-,-,-,-,-,-,-,-,-
Colobus_angolensis_palliatus,-,-,-,-,-,-,-,-,-,-,-,-,-,-,-,-,-,-,-,-,-,-,-,-,-,-,-,-,-,-,-,-,-,-,-,-,-,-,-,-,-,-,-,-,-,-,-,-,-,-,-,-,-,-,-,-,-,-,-,-,-,-,-,-,-,-,-,-,-,-,-,-,-,-,-,-,-,-,-,-,-,-,-,-,-,-,-,-,-,-,-,-,-,-,-,-,-,-,-,-,-,-,-,-,-,-,-,-,-,-,-,-,-,-,-,-,-,-,-,-,-,-,-,-,-,-,-,-,-,-,-,-,-,-,-,-,-
Condylura_cristata,M,A,G,S,R,D,M,F,D,S,I,V,M,A,D,E,R,F,H,G,D,G,F,R,E,G,Y,E,E,G,S,S,L,G,L,T,E,G,R,R,H,G,A,L,H,G,A,K,V,G,S,E,-,-,-,-,-,-,-,-,-,-,-,-,-,-,-,-,-,-,-,-,-,-,-,-,-,-,-,-,-,-,-,-,-,-,-,-,-,-,-,-,-,-,-,-,-,-,-,-,-,-,-,-,-,-,-,-,-,-,-,-,-,-,-,-,-,-,-,-,-,-,-,-,-,-,-,-,-,-,-,-,-,-,-,-,-
Elephas_maximus_indicus,M,A,G,S,Q,D,M,F,D,A,I,V,M,A,D,E,R,F,H,G,E,G,Y,Q,E,G,Y,E,E,G,S,S,L,G,I,I,E,G,R,Q,Y,G,A,L,H,G,A,K,I,G,S,E,I,G,C,Y,Q,G,F,A,F,A,W,K,Y,L,L,H,S,C,A,T,K,K,D,S,K,K,M,K,V,L,E,S,L,I,G,M,I,Q,K,F,P,Y,D,D,P,A,Y,D,K,L,H,E,D,L,D,K,I,R,G,K,F,K,Q,-,-,-,-,-,-,-,-,-,-,-,-,-,-,-,-,-,-,-,-,-,-
Enhydra_lutris_kenyoni,M,A,G,S,Q,D,M,F,D,A,I,V,M,A,D,E,R,F,H,G,E,G,Y,Q,E,G,Y,E,E,G,N,S,L,G,I,I,E,G,R,Q,Y,G,T,L,H,G,A,R,I,G,S,E,I,G,C,Y,Q,G,F,A,F,A,W,R,C,L,L,H,G,C,A,A,E,K,D,S,K,K,M,K,A,L,E,S,L,L,G,M,I,Q,K,F,P,Y,D,D,P,T,Y,D,K,L,H,E,D,L,D,K,I,R,G,K,F,K,Q,-,-,-,-,-,-,-,-,-,-,-,-,-,-,-,-,-,-,-,-,-,-
Equus_asinus,M,A,G,S,Q,D,M,F,D,A,I,V,M,A,D,E,R,F,H,G,E,G,Y,Q,E,G,Y,E,E,G,S,T,L,G,I,I,E,G,R,Q,H,G,T,L,H,G,A,K,I,G,S,E,I,G,C,Y,Q,G,F,A,F,A,W,R,C,L,L,H,N,C,A,A,E,K,D,S,K,K,M,K,V,L,E,S,L,I,G,L,I,E,K,F,P,Y,D,D,P,T,Y,D,K,L,H,E,D,L,D,R,I,R,G,K,F,K,Q,L,C,S,L,L,N,V,Q,P,D,F,K,I,S,V,E,R,S,G,L,S,F
Equus_przewalskii,M,A,G,S,Q,D,M,F,D,A,I,V,M,A,D,E,R,F,H,G,E,G,Y,Q,E,G,Y,E,E,G,S,T,L,G,I,I,E,G,R,Q,H,G,T,L,H,G,A,K,I,G,S,E,I,G,C,Y,Q,G,F,A,F,A,W,R,C,L,L,H,T,C,A,A,E,K,D,-,-,-,-,-,-,-,-,-,-,-,-,-,-,-,-,-,-,-,-,-,-,-,Y,D,K,L,H,E,D,L,D,R,I,R,G,K,F,K,Q,L,C,S,L,L,N,V,Q,P,D,F,K,I,S,V,E,G,S,G,L,S,F
Equus_quagga,M,A,G,S,Q,D,M,F,D,A,I,V,M,V,D,E,R,F,H,G,E,G,Y,Q,E,G,Y,E,E,G,S,T,L,G,I,I,E,G,R,Q,H,G,T,L,H,G,A,K,I,G,S,E,I,G,C,Y,Q,G,F,A,F,A,W,R,C,L,L,H,N,C,A,A,E,K,D,-,-,-,-,-,-,-,-,-,-,-,-,-,-,-,-,-,-,-,-,-,-,-,-,-,-,-,-,-,-,-,-,-,-,-,-,-,-,-,-,-,-,-,-,-,-,-,-,-,-,-,-,-,-,-,-,-,-,-,-,-,-
Gorilla_gorilla_gorilla,M,A,G,S,Q,D,I,F,D,A,I,V,M,A,D,E,R,F,H,G,E,G,Y,R,E,G,Y,E,E,G,S,S,L,G,V,M,E,G,R,Q,H,G,K,L,H,G,A,K,I,G,S,E,I,G,C,Y,Q,G,F,A,F,A,W,K,C,L,L,H,S,C,T,T,E,K,D,S,R,K,M,K,V,L,E,S,L,I,G,M,I,Q,K,F,P,Y,D,D,P,T,Y,D,K,L,H,E,D,L,D,K,I,R,G,K,F,K,Q,F,C,S,L,L,N,V,Q,P,D,F,K,I,S,A,E,G,S,G,L,S,F
Halichoerus_grypus,M,A,G,S,Q,D,M,F,D,A,I,V,M,A,D,E,R,F,H,G,E,G,Y,Q,E,G,Y,E,E,G,N,S,L,G,I,I,E,G,R,Q,Y,G,T,L,H,G,A,K,I,G,S,E,I,G,C,Y,Q,G,F,A,F,A,W,R,C,L,L,H,S,C,T,T,E,K,D,S,K,K,M,K,A,L,E,S,L,I,G,M,I,E,K,F,P,Y,D,D,P,T,Y,D,K,L,H,E,D,L,D,K,I,R,G,K,F,K,Q,L,C,S,L,L,N,V,Q,P,D,F,K,I,S,A,E,G,S,G,L,S,F
Homo_sapiens,M,A,G,S,Q,D,I,F,D,A,I,V,M,A,D,E,R,F,H,G,E,G,Y,R,E,G,Y,E,E,G,S,S,L,G,V,M,E,G,R,Q,H,G,T,L,H,G,A,K,I,G,S,E,I,G,C,Y,Q,G,F,A,F,A,W,K,C,L,L,H,S,C,T,T,E,K,D,S,R,K,M,K,V,L,E,S,L,I,G,M,I,Q,K,F,P,Y,D,D,P,T,Y,D,K,L,H,E,D,L,D,K,I,R,G,K,F,K,Q,F,C,S,L,L,N,V,Q,P,D,F,K,I,S,A,E,G,S,G,L,S,F
Hylobates_moloch,M,A,G,S,Q,D,I,F,D,A,I,V,M,A,D,E,R,F,H,G,E,G,Y,R,E,G,Y,E,E,G,S,S,L,G,V,M,E,G,R,Q,H,G,T,L,H,G,A,K,I,G,S,E,I,G,C,Y,Q,G,F,A,F,A,W,K,C,L,L,H,S,C,T,T,E,K,D,S,R,K,M,K,V,L,E,S,L,I,G,M,I,Q,K,F,P,Y,D,D,P,T,Y,D,K,L,H,E,D,L,D,K,I,R,G,K,F,K,Q,F,C,S,L,L,N,V,Q,P,D,F,K,I,S,A,E,G,S,G,L,S,F
Ictidomys_tridecemlineatus,-,-,-,-,-,-,-,-,-,-,-,-,-,-,-,-,-,-,-,-,-,-,-,-,-,-,-,-,-,-,-,-,-,-,-,-,-,-,-,-,-,-,-,-,-,-,-,-,-,-,-,-,-,-,-,-,-,-,-,-,-,-,-,-,-,-,-,-,-,-,-,-,-,-,-,-,-,-,-,-,-,-,-,-,-,-,-,-,-,-,-,-,-,-,-,-,-,-,-,-,-,-,-,-,-,-,-,-,-,-,-,-,-,-,-,-,-,-,-,-,-,-,-,-,-,-,-,-,-,-,-,-,-,-,-,-,-
Leopardus_geoffroyi,M,A,G,S,Q,D,V,F,D,A,I,V,M,A,D,E,R,F,H,G,E,G,Y,Q,E,G,Y,E,E,G,S,S,L,G,I,I,E,G,R,R,Y,G,T,L,R,G,A,E,I,G,S,E,I,G,C,Y,Q,G,F,A,F,A,W,R,C,L,L,H,S,C,A,T,E,K,D,S,K,K,M,K,A,L,E,S,L,I,G,M,I,Q,K,F,P,Y,D,D,P,T,Y,D,K,L,H,E,D,L,D,R,I,R,G,K,F,K,Q,L,C,S,L,L,N,V,Q,P,D,F,K,I,S,A,E,G,S,G,L,S,F
Loxodonta_africana,M,A,G,S,Q,D,M,F,D,A,I,V,M,A,D,E,R,F,H,G,E,G,Y,Q,E,G,Y,E,E,G,S,S,L,G,I,I,E,G,R,Q,Y,G,A,L,H,G,A,K,I,G,S,E,I,G,C,Y,Q,G,F,A,F,A,W,K,Y,L,L,H,S,C,A,T,K,K,D,S,K,K,M,K,V,L,E,S,L,I,G,M,I,Q,K,F,P,Y,D,D,P,A,Y,D,K,L,H,E,D,L,D,K,I,R,G,K,F,K,Q,L,C,S,L,L,N,V,Q,P,D,F,K,I,S,A,E,D,S,G,L,S,F
Macaca_fascicularis,M,A,G,S,Q,D,I,F,D,S,I,V,M,A,D,E,R,F,H,G,E,G,Y,R,E,G,Y,E,E,G,S,S,L,G,V,M,E,G,R,Q,H,G,T,L,H,G,A,K,I,G,S,E,I,G,C,Y,Q,G,F,A,F,A,W,K,C,L,L,H,S,C,T,T,E,K,D,S,R,K,M,K,V,L,E,S,L,I,G,M,I,Q,K,F,P,Y,D,D,P,T,Y,D,K,L,H,E,D,L,D,K,I,R,G,K,F,K,Q,-,-,-,-,-,-,-,-,-,-,-,-,-,-,-,-,-,-,-,-,-,-
Macaca_mulatta,M,A,G,S,Q,D,I,F,D,S,I,V,M,A,D,E,R,F,H,G,E,G,Y,R,E,G,Y,E,E,G,S,S,L,G,V,M,E,G,R,Q,H,G,T,L,H,G,A,K,I,G,S,E,I,G,C,Y,Q,G,F,A,F,A,W,K,C,L,L,H,S,C,T,T,E,K,D,S,R,K,M,K,V,L,E,S,L,I,G,M,I,Q,K,F,P,Y,D,D,P,T,Y,D,K,L,H,E,D,L,D,K,I,R,G,K,F,K,Q,M,C,-,-,-,-,-,-,-,-,-,-,-,-,-,-,-,-,-,-,-,-
Macaca_nemestrina,M,A,G,S,Q,D,I,F,D,S,I,V,M,A,D,E,R,F,H,G,E,G,Y,R,E,G,Y,E,E,G,S,S,L,G,V,M,E,G,R,Q,H,G,T,L,H,G,A,K,I,G,S,E,I,G,C,Y,Q,G,F,A,F,A,W,K,C,L,L,H,S,C,T,T,E,K,D,S,R,K,M,K,V,L,E,S,L,I,G,M,I,Q,K,F,P,Y,D,D,P,T,Y,D,K,L,H,E,D,L,D,K,I,R,G,K,F,K,Q,-,-,-,-,-,-,-,-,-,-,-,-,-,-,-,-,-,-,-,-,-,-
Macaca_thibetana_thibetana,M,A,G,S,Q,D,I,F,D,S,I,V,M,A,D,E,R,F,H,G,E,G,Y,R,E,G,Y,E,E,G,S,S,L,G,V,M,E,G,R,Q,H,G,T,L,H,G,A,K,I,G,S,E,I,G,C,Y,Q,G,F,A,F,A,W,K,C,L,L,H,S,C,T,T,E,K,D,S,R,K,M,K,V,L,E,S,L,I,G,M,I,Q,K,F,P,Y,D,D,P,T,Y,D,K,L,H,E,D,L,D,K,I,R,G,K,F,K,Q,-,-,-,-,-,-,-,-,-,-,-,-,-,-,-,-,-,-,-,-,-,-
Mandrillus_leucophaeus,-,-,-,-,-,-,-,-,-,-,-,-,-,-,-,-,-,-,-,-,-,-,-,-,-,-,-,-,-,-,-,-,-,-,-,-,-,-,-,-,-,-,-,-,-,-,-,-,-,-,-,-,-,-,-,-,-,-,-,-,-,-,-,-,-,-,-,-,-,-,-,-,-,-,-,-,-,-,-,-,-,-,-,-,-,-,-,-,-,-,-,-,-,-,-,-,-,-,-,-,-,-,-,-,-,-,-,-,-,-,-,-,-,-,-,-,-,-,-,-,-,-,-,-,-,-,-,-,-,-,-,-,-,-,-,-,-
Marmota_flaviventris,M,A,G,R,Q,D,M,F,D,A,I,V,M,A,D,E,R,F,H,G,E,G,Y,Q,E,G,Y,E,D,G,S,S,L,G,R,I,E,G,R,Q,H,G,A,L,R,G,A,K,I,G,S,E,I,G,C,Y,Q,G,F,A,F,A,W,K,H,L,L,H,S,D,A,S,E,R,D,S,R,K,M,K,V,L,E,S,L,M,G,M,I,E,K,F,P,Y,D,D,P,A,Y,D,K,L,H,E,D,L,D,R,I,R,G,K,F,R,Q,L,C,S,L,L,N,V,Q,P,D,F,K,M,S,A,E,G,S,G,L,S,F
Marmota_marmota_marmota,M,A,G,R,Q,D,M,F,D,A,I,V,M,A,D,E,R,F,R,G,E,G,Y,Q,E,G,Y,E,D,G,S,S,L,G,R,I,E,G,R,Q,H,G,A,L,R,G,A,K,I,G,S,E,I,G,C,Y,Q,G,F,A,F,A,W,K,H,L,L,H,S,D,A,S,E,R,D,S,R,K,M,K,V,L,E,S,L,M,G,M,I,E,K,F,P,Y,D,D,P,A,Y,D,K,L,H,E,D,L,D,R,I,R,G,K,F,R,Q,L,C,S,L,L,N,V,Q,P,D,F,K,M,S,A,E,G,S,G,L,S,F
Marmota_monax,M,A,G,R,Q,D,M,F,D,A,I,V,M,A,D,E,R,F,H,G,E,G,Y,Q,E,G,Y,E,D,G,S,S,L,G,R,I,E,G,R,Q,H,G,A,L,R,G,A,K,I,G,S,E,I,G,C,Y,Q,G,F,A,F,A,W,K,H,L,L,H,S,D,A,S,E,R,D,S,R,K,M,K,V,L,E,S,L,M,G,M,I,E,K,F,P,Y,D,D,P,A,Y,D,K,L,H,E,D,L,D,R,I,R,G,K,F,R,Q,L,C,S,L,L,N,V,Q,P,D,F,K,M,S,A,E,G,S,G,L,S,F
Nannospalax_galili,-,-,-,-,-,-,-,-,-,-,-,-,-,-,-,-,-,F,H,G,E,G,Y,R,E,G,Y,E,E,G,S,N,L,G,I,S,E,G,R,H,C,G,T,L,H,G,A,K,I,G,S,E,I,G,C,Y,R,G,F,A,L,A,W,K,C,L,L,H,S,G,T,E,E,K,D,S,R,K,M,K,V,L,E,T,L,I,G,L,L,Q,D,F,P,Y,D,D,P,T,Y,K,G,L,H,E,D,L,D,R,I,R,G,K,F,R,Q,L,C,S,L,L,N,V,Q,P,D,F,K,I,A,A,A,G,P,A,I,S,F
Neomonachus_schauinslandi,M,A,G,S,Q,D,M,F,D,A,I,V,M,A,D,E,R,F,H,G,E,G,Y,Q,E,G,Y,E,E,G,N,S,L,G,I,I,E,G,R,Q,Y,G,T,L,H,G,A,K,I,G,S,E,I,G,C,Y,Q,G,F,A,F,A,W,R,C,L,L,H,S,C,T,T,E,K,D,S,K,K,M,K,A,L,E,S,L,I,G,M,I,E,K,F,P,Y,D,D,P,T,Y,D,K,L,H,E,D,L,D,K,I,R,G,K,F,K,Q,L,C,S,L,L,N,V,Q,P,D,F,K,I,S,V,E,G,S,G,L,S,F
Nomascus_leucogenys,M,A,G,S,Q,D,I,F,D,A,I,V,M,A,D,E,R,F,H,G,E,G,Y,R,E,G,Y,E,E,G,S,S,L,G,V,M,E,G,R,Q,H,G,T,L,H,G,A,K,I,G,S,E,I,G,C,Y,Q,G,F,A,F,A,W,K,C,L,L,H,S,C,T,T,E,K,D,S,R,K,M,K,V,L,E,S,L,I,G,M,I,Q,K,F,P,Y,D,D,P,T,Y,D,K,L,H,E,D,L,D,K,I,R,G,K,F,K,Q,F,C,S,L,L,N,V,Q,P,D,F,K,I,S,A,E,G,S,G,L,S,F
Ochotona_curzoniae,M,A,A,S,E,D,L,L,D,A,V,V,M,A,D,D,R,F,H,G,E,G,Y,R,E,G,Y,Q,E,G,S,I,L,G,V,A,E,G,R,W,H,G,A,V,Q,G,A,R,I,G,A,E,V,A,Y,Y,Q,G,F,A,F,T,W,K,N,L,L,-,-,-,-,-,-,-,-,S,R,K,V,K,V,L,E,S,L,I,G,L,I,R,S,F,P,Y,D,D,P,T,Y,E,R,L,H,E,D,L,N,R,I,R,G,K,F,R,Q,L,C,S,L,L,N,V,Q,P,D,F,K,M,P,T,E,G,S,G,L,S,F
Ochotona_princeps,-,-,-,-,-,-,-,-,-,-,-,-,-,-,-,-,-,-,-,-,-,-,-,-,-,-,-,-,-,-,-,-,-,-,-,-,-,-,-,-,-,-,-,-,-,-,-,-,-,-,-,-,-,-,-,-,-,-,-,-,-,-,-,-,-,-,-,-,-,-,-,-,-,-,-,-,-,-,-,-,-,-,-,-,-,-,-,-,-,-,-,-,-,-,-,-,-,-,-,-,-,-,-,-,-,-,-,-,-,-,-,-,-,-,-,-,-,-,-,-,-,-,-,-,-,-,-,-,-,-,-,-,-,-,-,-,-
Octodon_degus,M,A,E,S,L,D,I,F,D,A,I,V,M,A,D,E,R,F,H,G,E,G,Y,Q,E,G,Y,E,E,G,S,S,L,G,I,I,E,G,R,Q,H,G,T,L,H,G,A,K,I,G,S,E,I,G,C,Y,Q,G,F,A,L,V,W,K,C,L,L,H,S,C,A,S,E,K,D,S,R,K,M,K,V,L,E,S,L,I,G,M,I,Q,K,F,P,Y,D,D,P,T,Y,D,K,L,H,E,D,L,D,K,I,R,G,K,F,K,Q,F,C,S,L,L,N,V,Q,P,D,F,K,I,S,A,E,G,P,G,L,S,F
Ovis_aries,M,A,G,D,Q,D,M,F,D,A,V,V,M,A,D,E,R,F,H,G,E,G,Y,R,E,G,Y,E,E,G,S,S,L,G,M,I,E,G,R,R,H,G,T,L,H,G,A,K,V,G,S,E,I,G,C,Y,Q,G,F,A,F,A,W,R,G,L,L,H,S,C,A,T,E,R,D,S,K,K,M,K,V,L,E,A,L,I,G,M,I,Q,K,F,P,Y,D,D,P,T,Y,D,K,L,H,E,D,L,D,R,I,R,G,K,F,K,Q,L,C,S,L,L,N,V,Q,P,D,F,K,I,S,A,E,G,S,G,L,S,F
Pan_paniscus,M,A,G,S,Q,D,I,F,D,A,I,V,M,A,D,E,R,F,H,G,E,G,Y,R,E,G,Y,E,E,G,S,S,L,G,V,M,E,G,R,Q,H,G,T,L,H,G,A,K,I,G,S,E,I,G,C,Y,Q,G,F,A,F,A,W,K,C,L,L,H,S,C,T,T,E,K,D,S,R,K,M,K,V,L,E,S,L,I,G,M,I,Q,K,F,P,Y,D,D,P,T,Y,D,K,L,H,E,D,L,D,K,I,R,G,K,F,K,Q,F,C,S,L,L,N,V,Q,P,D,F,K,I,S,A,E,G,S,G,L,S,F
Pan_troglodytes,M,A,G,S,Q,D,I,F,D,A,I,V,M,A,D,E,R,F,H,G,E,G,Y,R,E,G,Y,E,E,G,S,S,L,G,V,M,E,G,R,Q,H,G,T,L,H,G,A,K,I,G,S,E,I,G,C,Y,Q,G,F,A,F,A,W,K,C,L,L,H,S,C,T,T,E,K,D,S,R,K,M,K,V,L,E,S,L,I,G,M,I,Q,K,F,P,Y,D,D,P,T,Y,D,K,L,H,E,D,L,D,K,I,R,G,K,F,K,Q,-,-,-,-,-,-,-,-,-,-,-,-,-,-,-,-,-,-,-,-,-,-
Panthera_tigris_altaica,-,-,-,-,-,-,-,-,-,-,-,-,-,-,-,-,-,-,-,-,-,-,-,-,-,-,-,-,-,-,-,-,-,-,-,-,-,-,-,-,-,-,-,-,-,-,-,-,-,-,-,-,-,-,-,-,-,-,-,-,-,-,-,-,-,-,-,-,-,-,-,-,-,-,-,-,-,-,-,-,-,-,-,-,-,-,-,-,-,-,-,-,-,-,-,-,-,-,-,-,-,-,-,-,-,-,-,-,-,-,-,-,-,-,-,-,-,-,-,-,-,-,-,-,-,-,-,-,-,-,-,-,-,-,-,-,-
Papio_anubis,M,A,G,S,Q,D,I,F,D,S,I,V,M,A,D,E,R,F,H,G,E,G,Y,R,E,G,Y,E,E,G,S,S,L,G,V,M,E,G,R,Q,H,G,T,L,H,G,A,K,I,G,S,E,I,G,C,Y,Q,G,F,A,F,A,W,K,C,L,L,H,S,C,T,T,E,K,D,S,R,K,M,K,V,L,E,S,L,I,G,M,I,Q,K,F,P,Y,D,D,P,T,Y,D,K,L,H,E,D,L,D,K,I,R,G,K,F,K,Q,F,C,S,L,L,N,I,Q,P,D,F,K,I,S,A,E,G,S,G,L,S,F
Piliocolobus_tephrosceles,M,A,G,S,Q,D,I,F,D,S,I,V,M,A,D,E,R,F,H,A,E,G,Y,R,E,G,Y,E,E,G,S,S,L,G,V,T,E,G,R,Q,H,G,T,L,H,G,A,K,I,G,S,E,I,G,C,Y,Q,G,F,A,F,A,W,K,C,L,L,H,S,C,T,T,E,K,D,S,R,K,M,K,V,L,E,S,L,I,G,M,I,Q,K,F,P,Y,D,D,P,T,Y,D,K,L,H,E,D,L,D,K,I,R,G,K,F,K,Q,-,-,-,-,-,-,-,-,-,-,-,-,-,-,-,-,-,-,-,-,-,-
Pongo_abelii,M,A,G,S,Q,D,I,F,D,A,I,V,M,A,D,E,R,F,H,G,E,G,Y,R,E,G,Y,E,E,G,S,S,L,G,V,M,E,G,R,Q,H,G,T,L,H,G,A,K,I,G,S,E,I,G,C,Y,Q,G,F,A,F,A,W,K,C,L,L,H,S,C,T,T,E,K,D,S,R,K,M,K,V,L,E,S,L,I,G,M,I,Q,K,F,P,Y,D,D,P,T,Y,D,K,L,H,E,D,L,D,K,I,R,G,K,F,K,Q,-,-,-,-,-,-,-,-,-,-,-,-,-,-,-,-,-,-,-,-,-,-
Propithecus_coquereli,M,A,G,S,Q,D,M,F,D,A,I,V,M,A,D,E,R,F,H,G,E,G,Y,Q,E,G,Y,E,E,G,S,S,L,G,I,I,E,G,R,Q,Y,G,T,F,H,G,A,K,I,G,S,E,I,G,C,Y,Q,G,F,A,I,A,W,K,C,L,L,H,S,C,A,T,E,K,D,S,R,K,M,K,V,L,E,S,L,I,E,M,I,Q,K,F,P,Y,D,D,P,T,Y,D,K,L,H,E,D,L,D,R,I,R,G,K,F,K,Q,L,C,S,L,L,N,V,Q,P,D,F,K,I,S,A,E,G,S,G,L,S,F
Rhinopithecus_bieti,M,A,G,S,Q,D,I,F,D,S,I,V,M,A,D,E,R,F,H,A,E,G,Y,R,E,G,Y,E,E,G,S,S,L,G,V,T,E,G,R,Q,H,G,T,L,H,G,A,K,I,G,S,E,I,G,C,Y,Q,G,F,A,F,A,W,K,C,L,L,H,S,C,T,T,E,K,D,S,R,K,M,K,V,L,E,S,L,I,G,M,I,Q,R,F,P,Y,D,D,P,T,Y,D,K,L,H,E,D,L,D,K,I,R,G,K,F,K,Q,-,-,-,-,-,-,-,-,-,-,-,-,-,-,-,-,-,-,-,-,-,-
Rhinopithecus_roxellana,M,A,G,S,Q,D,I,F,D,S,I,V,M,A,D,E,R,F,H,A,E,G,Y,R,E,G,Y,E,E,G,S,S,L,G,V,T,E,G,R,Q,H,G,T,L,H,G,A,K,I,G,S,E,I,G,C,Y,Q,G,F,A,F,A,W,K,C,L,L,H,S,C,T,T,E,K,D,S,R,K,M,K,V,L,E,S,L,I,G,M,I,Q,R,F,P,Y,D,D,P,T,Y,D,K,L,H,E,D,L,D,K,I,R,G,K,F,K,Q,-,-,-,-,-,-,-,-,-,-,-,-,-,-,-,-,-,-,-,-,-,-
Saimiri_boliviensis_boliviensis,M,A,G,S,Q,D,M,F,D,A,I,V,M,A,D,E,R,F,H,G,E,G,Y,R,E,G,Y,E,E,G,S,S,L,G,V,M,E,G,R,Q,H,G,S,L,Q,G,A,R,I,G,S,E,I,G,C,Y,Q,G,F,A,F,A,W,K,C,L,L,H,S,C,T,A,E,K,D,S,R,K,M,K,V,L,E,S,L,I,G,M,I,Q,K,F,P,Y,D,D,P,T,Y,D,K,L,H,E,D,L,D,K,I,R,G,K,F,K,Q,F,C,S,L,L,N,V,Q,P,D,F,K,I,S,A,E,G,S,G,L,S,F
Sapajus_apella,M,A,G,S,Q,D,M,F,D,A,I,V,M,A,D,E,R,F,H,G,E,G,Y,R,E,G,Y,E,E,G,S,S,L,G,V,M,E,G,R,Q,H,G,T,L,H,G,A,K,I,G,S,E,I,G,C,Y,Q,G,F,A,F,A,W,K,C,L,L,H,S,C,T,A,E,K,D,S,R,K,M,K,V,L,E,S,L,I,G,M,I,Q,K,F,P,Y,D,D,P,T,Y,D,K,L,H,E,D,L,D,K,I,R,G,K,F,K,Q,F,C,S,L,L,N,V,Q,P,D,F,K,I,S,A,K,G,S,G,L,S,F
Suricata_suricatta,-,-,-,-,-,-,-,-,-,-,-,-,-,-,-,-,-,-,-,-,-,-,-,-,-,-,-,-,-,-,-,-,-,-,-,-,-,-,-,-,-,-,-,-,-,-,-,-,-,-,-,-,-,-,-,-,-,-,-,-,-,-,-,-,-,-,-,-,-,-,-,-,-,-,-,-,-,-,-,-,-,-,-,-,-,-,-,-,-,-,-,-,-,-,-,-,-,-,-,-,-,-,-,-,-,-,-,-,-,-,-,-,-,-,-,-,-,-,-,-,-,-,-,-,-,-,-,-,-,-,-,-,-,-,-,-,-
Theropithecus_gelada,M,A,G,S,Q,D,I,F,D,S,I,V,M,A,D,E,R,F,H,G,E,G,Y,R,E,G,Y,E,E,G,S,S,L,G,V,M,E,G,R,Q,H,G,T,L,H,G,A,K,I,G,S,E,I,G,C,Y,Q,G,F,A,F,A,W,K,C,L,L,H,S,C,T,T,E,K,D,S,R,K,M,K,V,L,E,S,L,I,G,M,I,Q,K,F,P,Y,D,D,P,T,Y,D,K,L,H,E,D,L,D,K,I,R,G,K,F,K,Q,-,-,-,-,-,-,-,-,-,-,-,-,-,-,-,-,-,-,-,-,-,-
Trachypithecus_francoisi,M,A,G,S,Q,D,I,F,D,S,I,V,M,A,D,E,R,F,H,A,E,G,Y,R,E,G,Y,E,E,G,S,S,L,G,V,T,E,G,R,Q,H,G,T,L,H,G,A,K,I,G,S,E,I,G,C,Y,Q,G,F,A,F,A,W,K,C,L,L,H,S,C,T,T,E,K,D,-,-,-,-,-,-,-,-,-,-,-,-,-,-,-,-,-,-,-,-,-,-,-,-,-,-,-,-,-,-,-,-,-,-,-,-,-,-,-,-,-,-,-,-,-,-,-,-,-,-,-,-,-,-,-,-,-,-,-,-,-,-
Tupaia_chinensis,M,A,G,S,Q,D,M,F,D,A,I,V,M,A,D,D,R,F,H,G,E,G,Y,Q,E,G,Y,E,E,G,S,S,L,G,I,I,E,G,R,Q,Y,G,T,L,H,G,A,K,I,G,S,E,I,G,C,Y,R,G,F,A,F,A,W,K,C,L,L,H,N,C,T,T,E,K,D,S,K,K,M,K,V,L,E,S,L,I,G,M,I,Q,K,F,P,Y,D,D,P,T,Y,D,K,L,H,E,D,L,D,K,I,R,G,K,F,K,Q,L,C,S,L,L,N,V,Q,P,D,F,K,I,S,A,E,G,S,G,L,S,F
Urocitellus_parryii,M,A,G,R,Q,D,M,F,D,A,I,V,M,A,D,E,R,F,H,G,E,G,Y,Q,E,G,Y,E,D,G,S,S,L,G,R,I,E,G,R,Q,H,G,A,L,R,G,A,K,I,G,S,E,I,G,C,Y,Q,G,F,A,F,A,W,K,H,L,L,H,S,D,A,S,E,R,D,S,R,K,M,K,V,L,E,S,L,M,G,M,I,E,K,F,P,Y,D,D,P,A,Y,D,K,L,H,E,D,L,D,R,I,R,G,K,F,R,Q,L,C,S,L,L,N,V,Q,P,D,F,K,M,S,A,E,G,S,G,L,S,F
Ursus_americanus,M,A,G,S,Q,D,M,F,D,A,I,V,M,A,D,E,R,F,H,G,E,G,Y,Q,E,G,Y,E,E,G,N,S,L,G,I,I,E,G,R,Q,Y,G,T,L,H,G,A,K,I,G,S,E,I,G,C,Y,Q,G,F,A,S,A,W,R,C,L,L,H,S,C,A,T,E,K,D,S,K,K,M,K,A,L,E,S,L,I,G,M,I,Q,K,F,P,Y,D,D,P,T,Y,D,K,L,H,E,D,L,D,K,I,R,G,K,F,K,Q,V,C,-,-,-,-,-,-,-,-,-,-,-,-,-,-,-,-,-,-,-,-
Ursus_maritimus,M,A,G,S,Q,D,M,F,D,A,I,V,M,A,D,E,R,F,H,G,E,G,Y,Q,E,G,Y,E,E,G,N,S,L,G,I,I,E,G,R,Q,Y,G,T,L,H,G,A,K,I,G,S,E,I,G,C,Y,Q,G,F,A,S,A,W,R,C,L,L,H,S,C,A,T,E,K,D,S,K,K,M,K,A,L,E,S,L,I,G,M,I,Q,K,F,P,Y,D,D,P,T,Y,D,K,L,H,E,D,L,D,K,I,R,G,K,F,K,Q,V,C,-,-,-,-,-,-,-,-,-,-,-,-,-,-,-,-,-,-,-,-
Vicugna_pacos,M,A,G,S,Q,D,M,F,D,A,I,V,M,A,D,E,R,F,H,G,E,G,Y,Q,E,G,Y,E,E,G,S,S,L,G,I,I,E,G,R,Q,H,G,T,L,H,G,A,K,I,G,S,E,I,G,C,Y,Q,G,F,A,F,A,W,R,G,L,L,H,S,C,A,T,E,K,D,S,K,K,L,K,V,L,E,S,L,I,G,M,I,Q,K,F,P,Y,D,D,P,T,Y,D,K,L,H,E,D,L,D,R,I,R,G,K,F,K,Q,L,C,S,L,L,N,V,Q,P,D,F,K,I,S,A,E,G,S,G,L,S,F
Artibeus_jamaicensis,M,A,G,S,E,D,L,F,D,A,I,V,M,A,D,D,R,F,R,G,E,G,Y,R,E,G,Y,E,E,G,S,S,L,G,I,I,E,G,R,Q,Q,G,T,V,Y,G,A,K,I,G,S,E,I,G,C,Y,Q,G,F,A,F,A,W,R,G,L,L,H,S,C,A,T,E,K,D,S,K,K,V,K,V,L,E,S,L,I,G,M,I,E,K,F,P,Y,D,D,P,T,Y,A,R,L,H,E,D,L,D,R,I,R,G,K,F,K,Q,L,C,S,L,L,N,V,Q,P,D,F,K,I,S,A,E,R,S,G,L,S,F
Desmodus_rotundus,M,A,G,S,E,D,L,F,D,A,I,V,M,A,D,D,R,F,R,R,E,G,Y,Q,E,G,Y,E,E,G,S,S,L,G,I,I,E,G,R,Q,H,G,T,L,Y,G,A,K,I,G,S,E,I,G,C,Y,Q,G,F,A,F,A,W,R,C,L,L,H,G,C,A,T,E,K,D,S,K,K,M,K,V,L,E,S,L,I,R,M,I,E,K,F,P,Y,A,D,P,A,Y,A,R,L,H,E,D,L,D,R,I,R,G,K,F,K,Q,L,C,S,L,L,N,V,Q,P,D,F,K,I,S,G,E,R,S,G,L,S,F
Eptesicus_fuscus,M,A,E,G,Q,D,L,F,D,A,I,V,M,A,D,D,R,F,R,G,E,G,Y,Q,E,G,Y,E,E,G,S,G,L,G,I,I,E,G,R,Q,H,G,T,V,Y,G,A,K,I,G,S,E,I,G,C,Y,Q,G,F,A,F,A,W,R,C,L,L,H,S,C,A,T,E,K,D,S,K,K,M,K,V,L,E,S,L,I,S,M,I,Q,K,F,P,Y,G,D,P,T,Y,A,N,L,H,E,D,L,D,R,I,R,G,K,F,K,Q,L,C,S,L,L,N,V,Q,P,D,F,K,I,S,A,E,G,S,G,L,S,F
Hipposideros_armiger,-,-,-,-,-,-,-,-,-,-,-,-,-,-,-,-,-,-,-,-,-,-,-,-,-,-,-,-,-,-,-,-,-,-,-,-,-,-,-,-,-,-,-,-,-,-,-,-,-,-,-,-,-,-,-,-,-,-,-,-,-,-,-,-,-,-,-,-,-,-,-,-,-,-,-,-,-,-,-,-,-,-,-,-,-,-,-,-,-,-,-,-,-,-,-,-,-,-,-,-,-,-,-,-,-,-,-,-,-,-,-,-,-,-,-,-,-,-,-,-,-,-,-,-,-,-,-,-,-,-,-,-,-,-,-,-,-
Miniopterus_natalensis,M,A,G,S,Q,D,L,F,D,A,I,V,M,A,D,D,R,F,H,G,E,G,Y,Q,E,G,Y,E,E,G,S,S,L,G,I,M,E,G,R,Q,H,G,T,I,H,G,A,K,I,G,S,E,I,G,C,Y,Q,G,F,A,F,A,W,R,G,L,L,H,G,C,A,T,E,K,D,S,K,K,M,K,V,L,E,A,L,I,G,M,I,Q,K,F,P,Y,D,D,P,T,Y,A,K,L,H,E,D,L,D,R,I,R,G,K,F,K,Q,L,C,S,L,L,N,V,Q,P,D,F,K,I,S,A,E,G,S,G,L,S,F
Molossus_molossus,M,A,G,A,Q,D,L,F,D,P,I,V,M,A,D,D,R,F,H,G,E,G,Y,Q,E,G,Y,E,E,G,S,S,L,G,I,I,E,G,R,Q,H,G,T,L,H,G,A,K,I,G,S,E,I,G,C,Y,Q,G,F,A,F,A,W,R,Y,L,L,N,G,C,A,A,E,R,D,S,R,K,M,K,V,L,E,S,L,I,G,M,I,Q,K,F,P,Y,D,D,P,T,Y,A,A,L,H,E,D,L,D,R,I,R,G,K,F,K,Q,L,C,S,L,L,N,V,Q,P,D,F,K,I,S,T,E,G,S,G,L,S,F
Myotis_brandtii,M,A,G,G,Q,D,L,F,D,A,I,V,M,A,D,N,R,F,H,G,E,G,Y,Q,E,G,Y,E,E,G,S,S,L,G,I,I,E,G,R,Q,H,G,T,V,Y,G,A,K,I,G,S,E,I,G,C,Y,Q,G,F,A,F,A,W,R,C,L,L,H,S,R,A,T,E,K,D,S,R,K,M,K,V,L,E,S,L,I,S,M,I,Q,K,F,P,Y,G,D,P,T,Y,A,N,L,H,E,D,L,D,R,I,R,C,K,F,K,Q,L,C,S,L,L,N,V,Q,P,D,F,K,I,S,A,E,G,S,G,L,S,F
Myotis_davidii,-,-,-,-,-,-,-,-,-,-,-,-,-,-,-,-,-,F,H,G,E,G,Y,Q,E,G,Y,E,E,G,S,S,L,G,V,I,E,G,R,Q,H,G,A,V,Y,G,A,K,I,G,S,E,I,G,C,Y,Q,G,F,A,F,A,W,R,C,L,L,H,S,R,A,T,E,K,D,S,K,K,M,K,V,L,E,S,L,I,S,M,I,Q,K,F,P,Y,G,D,P,T,Y,A,N,L,H,E,D,L,D,R,I,R,G,K,F,K,Q,L,C,S,L,L,N,V,Q,P,D,F,K,I,S,A,E,G,S,G,L,S,F
Myotis_lucifugus,M,A,G,G,Q,D,L,F,D,A,I,V,M,A,D,N,R,F,H,G,E,G,Y,Q,E,G,Y,E,E,G,S,S,L,G,I,I,E,G,R,Q,H,G,T,V,Y,G,A,K,I,G,S,E,I,G,C,Y,Q,G,F,A,F,A,W,R,C,L,L,H,S,R,A,T,E,K,D,-,-,-,-,-,-,-,-,-,-,-,-,-,-,-,-,-,-,-,-,-,-,-,-,-,-,-,-,-,-,-,-,-,-,-,-,-,-,-,-,-,-,-,-,-,-,-,-,-,-,-,-,-,-,-,-,-,-,-,-,-,-
Myotis_myotis,M,A,G,G,Q,D,L,F,D,A,I,V,M,A,D,N,R,F,H,G,E,G,Y,Q,E,G,Y,E,E,G,S,S,L,G,V,I,E,G,R,Q,H,G,T,V,Y,G,A,K,I,G,S,E,I,G,C,Y,Q,G,F,A,F,A,W,R,C,L,L,H,S,R,A,T,E,E,D,S,K,K,M,K,V,L,E,S,L,I,S,M,I,Q,K,F,P,Y,G,D,P,T,Y,A,N,L,H,E,D,L,G,R,I,R,G,K,F,K,Q,L,C,S,L,L,N,V,Q,P,D,F,K,I,S,A,E,G,S,G,L,S,F
Phyllostomus_discolor,M,A,G,S,E,D,P,F,D,A,I,V,M,A,D,D,R,F,R,G,E,G,Y,Q,E,G,Y,E,E,G,S,S,L,G,I,I,E,G,K,R,H,G,T,L,Y,G,A,K,V,G,S,E,V,G,C,Y,Q,G,F,A,L,A,W,R,C,L,L,H,S,H,A,V,E,K,D,S,R,K,M,R,V,L,E,S,L,I,G,M,I,E,K,F,P,Y,H,D,P,T,Y,A,R,L,H,E,D,L,D,R,I,R,G,K,F,K,Q,L,C,S,L,L,N,V,Q,P,D,F,R,V,G,A,E,R,P,G,L,S,F
Phyllostomus_hastatus,M,A,G,S,E,D,P,F,D,A,I,V,M,A,D,D,R,F,R,G,E,G,Y,Q,E,G,Y,E,E,G,S,S,L,G,I,I,E,G,R,R,H,G,T,L,Y,G,A,K,V,G,S,E,V,G,C,Y,Q,G,F,A,L,A,W,R,C,L,L,H,S,C,A,A,E,K,D,S,R,K,M,K,V,L,E,S,L,I,G,M,I,E,K,F,P,Y,D,D,P,T,Y,A,R,L,H,E,D,L,D,R,I,R,G,K,F,K,Q,L,C,S,L,L,N,V,Q,P,D,F,R,V,S,A,E,R,S,G,L,S,F
Pipistrellus_kuhlii,-,-,-,-,Q,D,L,F,D,A,I,V,M,A,D,D,R,F,R,G,E,G,Y,Q,E,G,Y,E,E,G,S,G,L,G,I,I,E,G,R,Q,H,G,T,V,Y,G,A,K,I,G,S,E,I,G,C,Y,Q,G,F,A,F,A,W,R,Y,L,L,H,S,C,A,T,E,K,D,-,-,-,-,-,-,-,-,-,-,-,-,-,-,-,-,-,-,-,-,-,-,-,-,-,-,-,-,-,-,-,-,-,-,-,-,-,-,-,-,-,-,-,-,-,-,-,-,-,-,-,-,-,-,-,-,-,-,-,-,-,-
Rhinolophus_ferrumequinum,M,A,G,D,Q,D,P,F,D,A,I,V,M,A,D,D,R,F,H,G,E,G,Y,Q,E,G,Y,E,E,G,S,S,L,G,I,I,E,G,R,Q,H,G,T,L,H,G,A,K,I,G,S,E,I,G,C,Y,Q,G,F,A,F,A,W,R,C,L,L,H,G,R,A,T,E,K,D,S,K,K,M,K,V,L,E,S,L,I,G,M,I,Q,K,F,P,Y,D,D,P,T,Y,A,K,L,H,D,D,L,D,R,I,R,G,R,F,K,Q,L,C,S,L,L,N,V,Q,P,D,F,K,I,S,V,E,G,S,G,L,S,F
Sorex_araneus,-,-,-,-,-,-,-,-,-,-,-,-,-,-,-,-,-,-,-,-,-,G,Y,R,E,G,F,E,D,G,S,S,L,G,L,T,E,G,R,R,H,G,A,M,Q,G,A,R,I,G,S,E,I,G,C,Y,R,G,F,A,C,A,W,R,H,L,L,D,S,G,S,P,E,K,D,S,R,K,R,K,A,L,E,A,L,V,A,L,T,Q,S,F,P,C,G,D,P,M,H,E,S,L,Q,E,D,L,D,R,I,R,G,K,F,R,Q,L,C,S,L,L,N,V,Q,P,D,F,S,V,A,T,E,G,S,G,L,S,F
Sturnira_hondurensis,M,A,G,S,E,D,L,F,D,A,I,V,M,A,D,D,R,F,R,G,E,G,Y,R,E,G,Y,E,E,G,G,S,L,G,I,I,E,G,R,Q,Q,G,T,L,Y,G,A,K,I,G,S,E,I,G,C,Y,Q,G,F,A,L,A,W,R,G,L,L,H,S,C,A,A,E,K,D,S,R,K,M,K,V,L,E,S,L,I,G,M,I,E,K,F,P,Y,D,D,P,T,H,A,R,L,H,E,D,L,D,R,I,R,G,K,F,K,Q,L,C,S,L,L,N,V,Q,P,D,F,K,I,S,A,E,H,S,G,L,S,F
Pteropus_alecto,-,-,-,-,-,-,-,-,-,-,-,-,-,-,-,-,-,-,-,-,-,-,-,-,-,-,-,-,-,-,-,-,-,-,-,-,-,-,-,-,-,-,-,-,-,-,-,-,-,-,-,-,-,-,-,-,-,-,-,-,-,-,-,-,-,-,-,-,-,-,-,-,-,-,-,-,-,-,-,-,-,-,-,-,-,-,-,-,-,-,-,-,-,-,-,-,-,-,-,-,-,-,-,-,-,-,-,-,-,-,-,-,-,-,-,-,-,-,-,-,-,-,-,-,-,-,-,-,-,-,-,-,-,-,-,-,-
Pteropus_giganteus,M,A,G,G,Q,D,L,F,D,A,I,V,M,A,D,D,R,F,H,G,Q,G,Y,Q,E,G,Y,E,E,G,S,S,L,G,I,I,E,G,R,Q,H,G,T,L,H,G,A,K,I,G,S,E,V,G,C,Y,Q,G,F,A,F,A,W,R,G,L,L,R,S,H,A,T,G,K,D,-,-,-,-,-,-,-,-,-,-,-,-,-,-,-,-,-,-,-,-,-,-,-,-,-,-,-,-,-,-,-,-,-,-,-,-,-,-,-,-,-,-,-,-,-,-,-,-,-,-,-,-,-,-,-,-,-,-,-,-,-,-
Pteropus_vampyrus,M,A,G,G,Q,D,L,F,D,A,I,V,M,A,D,D,R,F,H,G,Q,G,Y,Q,E,G,Y,E,E,G,S,S,L,G,I,I,E,G,R,Q,H,G,T,L,H,G,A,K,I,G,S,E,V,G,C,Y,Q,G,F,A,F,A,W,R,G,L,L,R,S,H,A,T,G,K,D,S,K,K,M,K,V,L,E,S,L,L,G,M,I,E,N,F,P,Y,D,D,P,T,Y,A,K,L,H,E,D,L,D,R,I,R,G,K,F,K,Q,L,C,S,L,L,N,V,Q,P,D,F,K,I,S,V,E,G,S,G,L,S,F
Rousettus_aegyptiacus,M,A,G,G,Q,D,L,F,D,A,I,V,M,A,D,D,R,F,H,G,E,G,Y,Q,E,G,Y,E,E,G,S,S,L,G,I,I,E,G,R,Q,H,G,T,L,H,G,A,K,I,G,S,E,V,G,C,Y,Q,G,F,A,V,A,W,R,G,L,L,C,S,H,A,T,G,K,D,S,K,K,M,K,V,L,E,S,L,L,G,M,I,E,N,F,P,Y,D,D,P,T,Y,A,K,L,H,E,D,L,D,R,I,R,G,K,F,K,Q,L,C,S,L,L,N,V,Q,P,D,F,K,I,S,V,E,G,S,G,L,S,F
Ailuropoda_melanoleuca,M,A,G,S,Q,D,M,F,D,A,I,V,M,A,D,E,R,F,H,G,E,G,Y,Q,E,G,Y,E,E,G,N,S,L,G,I,I,E,G,R,Q,Y,G,T,L,H,G,A,K,I,G,S,E,M,-,-,-,-,-,-,-,-,-,-,-,-,-,-,-,-,-,-,-,-,-,-,-,-,-,-,-,-,-,-,-,-,-,-,-,-,-,-,-,-,-,-,-,-,-,-,-,-,-,-,-,-,-,-,-,-,-,-,-,-,-,-,-,-,-,-,-,-,-,-,-,-,-,-,-,-,-,-,-,-,-,-,-,-
Antechinus_flavipes,-,-,-,-,-,-,-,-,-,-,-,-,-,-,-,-,-,-,-,-,-,-,-,-,-,-,-,-,-,-,-,-,-,-,-,-,-,-,-,-,-,-,-,-,-,-,-,-,-,-,-,E,I,G,S,Y,R,G,F,A,L,T,W,K,C,L,L,S,E,S,T,T,D,K,D,R,K,K,A,K,M,L,D,S,L,L,G,M,V,Q,R,F,P,Y,A,D,P,T,H,G,Q,L,H,E,D,L,D,R,I,R,G,K,F,K,Q,V,C,S,L,L,S,V,Q,P,D,F,H,V,S,P,G,G,S,A,L,S,F
Aotus_nancymaae,M,A,G,S,Q,D,M,F,D,A,I,V,M,A,D,E,R,F,H,G,E,G,Y,R,E,G,Y,E,E,G,S,S,L,G,V,T,E,G,R,Q,H,G,R,L,H,G,A,K,I,G,S,E,I,G,C,Y,Q,G,F,A,F,A,W,K,C,L,L,H,S,C,T,T,E,K,D,S,R,K,M,K,V,L,E,S,L,I,G,M,I,Q,K,F,P,Y,D,D,P,T,Y,D,K,L,H,E,D,L,D,K,I,R,G,K,F,K,Q,F,C,S,L,L,N,V,Q,P,D,F,K,I,S,A,E,G,S,G,L,S,F
Apodemus_sylvaticus,M,A,M,E,Q,D,I,F,D,A,V,V,M,A,D,E,R,F,H,G,E,G,Y,Q,E,G,Y,E,E,G,S,S,L,G,L,A,E,G,K,Q,Y,G,V,L,H,G,A,K,I,G,S,E,I,G,C,Y,R,G,F,A,L,A,W,K,C,L,L,H,S,G,A,G,E,K,D,S,R,K,L,K,V,V,E,A,L,I,T,L,L,Q,D,F,P,Y,D,D,P,T,Y,E,T,L,H,E,D,L,D,R,I,R,G,K,F,R,Q,L,C,S,L,L,N,V,Q,P,D,F,K,V,T,S,G,G,S,A,L,A,F
Arvicola_amphibius,-,-,-,-,Q,D,M,F,D,A,V,V,M,A,D,E,R,F,H,G,E,G,Y,Q,E,G,Y,E,E,G,S,S,L,G,I,V,E,G,R,Q,Y,G,T,L,H,G,A,K,I,G,S,E,I,G,C,Y,R,G,F,A,L,A,W,K,C,L,L,H,S,G,A,G,E,K,D,S,R,K,M,K,V,V,E,A,L,I,A,L,L,Q,H,F,P,Y,D,D,P,T,Y,E,R,L,H,E,D,L,D,R,I,R,G,K,F,R,Q,L,C,S,L,L,N,V,Q,P,D,F,R,V,T,A,G,G,S,R,L,A,F
Callorhinus_ursinus,M,A,G,S,Q,D,M,F,D,A,I,V,M,A,D,E,R,F,H,G,E,G,Y,Q,E,G,Y,E,E,G,N,S,L,G,I,I,E,G,R,Q,Y,G,T,L,H,G,A,K,I,G,S,E,I,G,C,Y,Q,G,F,A,F,A,W,R,C,L,L,H,S,C,T,T,E,K,D,S,K,K,M,K,A,L,E,S,L,I,G,M,I,E,K,F,P,Y,D,D,P,T,Y,D,K,L,H,E,D,L,D,K,I,R,G,K,F,K,Q,L,C,S,L,L,N,V,Q,P,D,F,K,I,S,A,E,G,S,G,L,S,F
Canis_lupus_dingo,M,A,G,S,Q,D,M,F,D,A,I,V,M,A,D,E,R,F,H,G,E,G,Y,Q,E,G,Y,E,E,G,N,S,L,G,I,I,E,G,R,Q,Y,G,T,L,H,G,A,K,I,G,S,E,I,G,C,Y,Q,G,F,A,S,A,W,R,C,L,L,H,T,C,T,T,E,K,D,S,K,K,M,K,A,L,E,S,L,I,E,M,I,Q,K,F,P,Y,D,D,P,T,Y,D,K,L,H,E,D,L,D,K,I,R,G,K,F,K,Q,L,C,S,L,L,N,V,Q,P,D,F,K,I,S,A,E,G,S,G,L,S,F
Carlito_syrichta,-,-,-,-,-,-,-,-,-,-,-,-,-,-,-,-,-,F,H,G,E,G,Y,Q,E,G,F,E,E,G,S,S,L,G,M,I,E,G,R,R,Y,G,T,V,H,G,A,R,V,A,S,E,I,G,C,Y,Q,G,F,A,L,A,W,K,C,L,L,H,G,-,A,S,E,K,D,-,R,R,V,R,V,L,E,S,L,L,G,M,I,Q,R,F,P,Y,D,D,P,T,Y,D,K,L,Q,E,D,L,D,R,I,R,G,K,F,K,Q,-,-,-,-,-,-,-,-,-,-,-,-,-,-,-,-,-,-,-,-,-,-
Castor_canadensis,M,A,G,S,Q,D,M,F,D,A,I,V,M,A,D,E,R,F,H,G,E,G,Y,Q,E,G,Y,E,E,G,S,S,L,G,R,I,E,G,R,Q,Y,G,A,L,H,G,A,K,I,G,S,E,I,G,C,Y,Q,G,F,A,L,A,W,K,S,L,L,H,G,S,A,G,E,K,D,S,R,K,M,K,V,L,E,S,L,I,G,M,I,E,K,F,P,Y,D,D,P,T,Y,D,R,L,H,E,D,L,D,S,I,R,G,K,F,K,Q,L,C,S,L,L,N,V,Q,P,D,F,K,V,T,A,E,G,A,G,L,S,F
Cavia_porcellus,M,A,E,S,Q,D,I,F,D,A,I,V,M,A,D,E,R,F,H,G,E,G,Y,Q,E,G,Y,E,E,G,S,S,L,G,I,I,E,G,R,Q,Y,G,T,L,H,G,A,K,I,G,S,E,I,G,C,Y,Q,G,F,A,L,V,W,K,C,L,L,H,S,C,A,S,E,K,D,S,R,K,M,K,V,L,E,S,L,I,G,M,I,Q,R,F,P,Y,D,D,P,T,Y,D,K,L,H,E,D,L,D,R,I,R,G,K,F,R,Q,F,C,S,L,L,N,V,Q,P,D,F,K,I,S,A,E,G,P,G,L,S,F
Cervus_elaphus_hippelaphus,-,-,-,-,-,-,-,-,-,-,-,-,-,-,-,-,-,-,-,-,-,-,-,-,-,-,-,-,-,-,-,-,-,-,-,-,-,-,-,-,-,-,-,-,-,-,-,-,-,-,-,-,-,-,-,-,-,-,-,-,-,-,-,-,-,-,-,-,-,-,-,-,-,-,-,-,-,-,-,-,-,-,-,-,-,-,-,-,-,-,-,-,-,-,-,-,-,-,-,-,-,-,-,-,-,-,-,-,-,-,-,-,-,-,-,-,-,-,-,-,-,-,-,-,-,-,-,-,-,-,-,-,-,-,-,-,-
Chinchilla_lanigera,M,A,E,S,Q,D,M,F,D,A,I,V,M,A,D,E,R,F,H,G,E,G,Y,Q,E,G,Y,E,E,G,S,S,L,G,I,I,E,G,R,Q,Y,G,T,L,H,G,A,R,I,G,S,E,I,G,C,Y,Q,G,F,A,L,V,W,K,C,L,L,H,S,C,A,S,D,K,D,S,R,K,M,K,V,L,E,S,L,I,G,M,I,Q,K,F,P,Y,D,D,P,T,Y,D,K,L,H,E,D,L,D,K,I,R,G,K,F,K,Q,F,C,S,L,L,N,V,Q,P,D,F,K,I,S,A,E,D,P,G,L,S,F
Choloepus_didactylus,M,A,G,S,Q,D,M,F,D,A,I,V,M,A,D,E,R,F,H,G,E,G,Y,Q,E,G,Y,E,E,G,S,S,L,G,I,T,E,G,R,Q,Y,G,T,L,H,G,A,K,I,G,S,E,I,G,C,Y,Q,G,F,A,S,A,W,K,C,L,L,C,T,C,A,T,E,K,D,S,K,K,M,K,V,L,E,S,L,I,G,M,I,Q,K,F,P,Y,G,D,P,T,Y,D,K,L,H,E,D,L,D,K,I,R,G,K,F,K,Q,-,-,-,-,-,-,-,-,-,-,-,-,-,-,-,-,-,-,-,-,-,-
Cricetulus_griseus,-,-,-,-,Q,D,M,F,D,A,V,V,M,A,D,E,R,F,H,G,E,G,Y,Q,E,G,Y,E,E,G,S,S,L,G,I,V,E,G,R,Q,Y,G,T,L,H,G,A,K,I,G,S,E,I,G,C,Y,R,G,F,A,L,A,W,K,C,L,L,H,S,S,T,G,E,K,D,S,R,K,M,K,V,V,E,A,L,I,A,L,L,Q,H,F,P,Y,G,D,P,T,Y,E,R,L,H,E,D,L,D,R,I,R,G,K,F,R,Q,-,-,-,-,-,-,-,-,-,-,-,-,-,-,-,-,-,-,-,-,-,-
Dasypus_novemcinctus,M,A,G,S,Q,D,M,F,D,A,I,V,M,A,D,E,R,F,H,G,E,G,Y,Q,E,G,Y,E,E,G,S,S,L,G,I,I,E,G,R,Q,Y,G,T,L,H,G,A,K,I,G,S,E,I,G,C,Y,Q,G,F,A,F,A,W,K,C,L,L,C,S,C,A,T,E,K,D,S,R,K,M,K,A,L,E,S,L,I,G,M,L,E,K,F,P,Y,G,D,P,T,Y,H,K,L,L,E,D,L,D,R,I,R,G,K,F,K,Q,L,C,S,L,L,N,V,Q,P,D,F,K,M,S,T,E,G,S,G,L,T,F
Dipodomys_ordii,M,A,E,R,Q,D,M,F,D,A,I,V,M,A,D,E,R,F,H,G,K,G,Y,R,E,G,Y,E,E,G,S,T,L,G,R,I,E,G,R,Q,Y,G,T,V,H,G,A,R,V,G,S,E,I,G,C,Y,Q,G,F,A,L,A,W,K,C,L,L,H,S,G,S,A,G,R,D,S,R,K,V,K,V,A,E,A,L,I,G,M,I,E,N,F,P,Y,E,D,A,T,Y,D,K,L,H,E,D,L,D,S,I,R,G,K,F,K,Q,L,C,S,L,L,N,V,Q,P,D,F,K,I,T,T,E,G,S,G,L,S,F
Dipodomys_spectabilis,M,A,E,R,Q,D,M,F,D,A,I,V,M,A,D,E,R,F,H,G,E,G,F,R,E,G,Y,E,E,G,S,T,L,G,R,I,E,G,R,R,Y,G,T,V,H,G,A,R,V,G,S,E,I,G,C,Y,Q,G,F,A,L,A,W,K,C,L,L,H,S,-,-,-,-,-,-,S,R,K,V,K,V,A,E,A,L,I,G,M,I,E,N,F,P,Y,E,D,A,T,Y,D,K,L,H,E,D,L,D,C,I,R,G,K,F,K,Q,L,C,S,L,L,N,V,Q,P,D,F,K,I,T,T,E,G,S,G,L,S,F
Dromiciops_gliroides,M,E,G,P,P,D,L,F,D,T,I,V,M,A,E,E,R,Y,R,G,E,G,F,R,D,G,F,A,E,G,S,C,L,G,L,A,E,G,R,C,C,G,A,S,R,G,A,C,V,G,S,E,I,G,C,Y,R,G,F,A,L,T,W,Q,R,L,L,P,E,P,A,T,E,R,D,S,K,K,R,K,M,L,D,S,L,L,G,M,M,Q,K,F,P,Y,A,D,P,T,Y,A,Q,L,H,E,D,L,D,K,I,R,G,K,F,K,Q,V,C,S,L,L,S,V,Q,P,D,F,R,V,S,P,G,G,S,T,L,S,F
Elephantulus_edwardii,M,A,G,S,P,D,M,F,D,D,I,V,M,A,D,E,R,F,H,G,E,G,Y,Q,E,G,Y,A,E,G,S,S,L,G,M,I,E,G,R,Q,H,G,T,L,H,G,A,K,I,G,S,E,I,G,C,Y,Q,G,F,A,F,A,W,K,Y,L,L,H,S,C,T,S,E,K,D,S,K,K,M,K,V,L,E,S,L,I,G,M,I,Q,K,F,P,Y,D,D,P,T,Y,D,K,L,H,E,D,L,D,R,I,R,G,K,F,K,Q,L,C,S,L,L,N,V,Q,P,D,F,K,V,H,L,E,G,S,G,L,S,F
Equus_caballus,M,A,G,S,Q,D,M,F,D,A,I,V,M,A,D,E,R,F,H,G,E,G,Y,Q,E,G,Y,E,E,G,S,T,L,G,I,I,E,G,R,Q,H,G,T,L,H,G,A,K,I,G,S,E,I,G,C,Y,Q,G,F,A,F,A,W,R,C,L,L,H,T,C,A,A,E,K,D,S,K,K,M,K,V,L,E,S,L,I,G,L,I,E,K,F,P,Y,D,D,P,T,Y,D,K,L,H,E,D,L,D,R,I,R,G,K,F,K,Q,L,C,S,L,L,N,V,Q,P,D,F,K,I,S,V,E,G,S,G,L,S,F
Erinaceus_europaeus,-,-,-,-,-,-,-,-,-,-,-,-,-,-,-,-,-,-,-,-,-,-,-,-,-,-,-,-,-,-,-,-,-,-,-,-,-,-,-,-,-,-,-,-,-,-,-,-,-,-,-,-,-,-,-,-,-,-,-,-,-,-,-,-,-,-,-,-,-,-,-,-,-,-,-,-,-,-,-,-,-,-,-,-,-,-,-,-,-,-,-,-,-,-,-,-,-,-,-,-,-,-,-,-,-,-,-,-,-,-,-,-,-,-,-,-,-,-,-,-,-,-,-,-,-,-,-,-,-,-,-,-,-,-,-,-,-
Eumetopias_jubatus,M,A,G,S,Q,D,M,F,D,A,I,V,M,A,D,E,R,F,H,G,E,G,Y,Q,E,G,Y,E,E,G,N,S,L,G,M,I,E,G,R,Q,Y,G,T,L,H,G,A,K,I,G,S,E,I,G,C,Y,Q,G,F,A,F,A,W,R,C,L,L,H,S,C,T,T,E,K,D,S,K,K,M,K,A,L,E,S,L,I,G,M,I,E,K,F,P,Y,D,D,P,T,Y,D,K,L,H,E,D,L,D,K,I,R,G,K,F,K,Q,L,C,S,L,L,N,V,Q,P,D,F,K,I,S,A,E,G,S,G,L,S,F
Felis_catus,M,A,G,S,Q,D,V,F,D,A,I,V,M,A,D,E,R,F,H,G,E,G,Y,Q,E,G,Y,E,E,G,S,S,L,G,I,I,E,G,R,R,Y,G,T,L,H,G,A,K,I,G,S,E,I,G,C,Y,Q,G,F,A,F,A,W,R,C,L,L,H,S,C,A,T,E,K,D,S,K,K,M,K,A,L,E,S,L,I,G,M,I,Q,K,F,P,Y,D,D,P,T,Y,D,K,L,H,E,D,L,D,R,I,R,G,K,F,K,Q,L,C,S,L,L,N,V,Q,P,D,F,K,I,S,A,E,G,S,G,L,S,F
Fukomys_damarensis,M,A,D,S,Q,D,M,F,D,A,I,V,M,A,D,E,R,F,H,G,E,G,Y,Q,E,G,Y,E,E,G,S,S,L,G,M,I,E,G,R,Q,Y,G,T,L,H,G,A,K,I,G,S,E,I,G,C,Y,Q,G,F,A,L,V,W,K,C,L,L,R,S,C,A,S,E,K,D,S,R,K,M,K,V,L,E,S,L,I,G,M,I,Q,K,F,P,Y,D,D,P,T,Y,N,K,L,H,E,D,L,D,K,I,R,G,K,F,K,Q,-,-,-,-,-,-,-,-,-,-,-,-,-,-,-,-,-,-,-,-,-,-
Galeopterus_variegatus,M,A,G,S,Q,D,I,F,D,A,I,V,M,A,D,E,R,F,H,G,E,G,Y,Q,E,G,Y,E,E,G,S,S,L,G,V,I,E,G,R,Q,Y,G,T,L,H,G,A,K,I,A,S,E,-,-,-,-,-,-,-,-,-,-,-,-,-,-,-,-,-,-,-,-,-,-,-,-,Q,K,D,K,V,L,E,S,L,I,G,M,I,Q,K,F,P,Y,-,-,-,-,-,-,-,-,-,-,-,-,-,-,-,-,-,-,-,-,-,-,-,-,-,-,-,-,-,-,-,-,-,-,-,-,-,-,-,-,-,-,-
Gracilinanus_agilis,M,E,Q,P,L,D,L,F,D,S,I,V,M,A,E,E,R,Y,H,G,E,G,Y,Q,E,G,Y,V,E,G,S,C,L,G,M,T,E,G,R,Q,Y,G,V,S,H,G,A,K,I,G,S,E,I,G,C,Y,Q,G,F,A,F,T,W,K,C,L,L,A,Q,R,P,T,E,K,D,S,K,K,R,K,M,L,D,S,L,L,G,M,V,Q,K,F,P,Y,A,D,P,T,Y,A,Q,L,H,E,D,L,D,R,I,R,G,K,F,K,Q,V,C,S,L,L,S,I,Q,P,N,F,K,V,N,S,G,G,S,A,L,S,F
Grammomys_surdaster,-,-,-,-,Q,D,I,F,D,A,V,V,M,A,D,E,R,F,H,G,E,G,Y,Q,E,G,Y,E,E,G,S,S,L,G,I,V,E,G,K,Q,Y,G,M,L,H,G,A,K,I,G,S,E,I,G,C,Y,R,G,F,A,L,A,W,K,C,L,L,H,S,G,T,G,E,K,D,S,R,K,L,K,V,V,E,A,L,I,T,L,L,Q,D,F,P,Y,D,D,P,T,Y,E,K,L,H,E,D,L,D,R,I,R,G,K,F,R,Q,L,C,S,L,L,N,V,Q,P,D,F,K,V,A,A,G,G,S,G,L,A,F
Heterocephalus_glaber,M,A,D,S,Q,D,M,F,D,A,I,V,M,A,D,E,R,F,H,G,E,G,Y,Q,E,G,Y,E,E,G,S,S,L,G,I,I,E,G,R,Q,Y,G,T,L,H,G,A,K,I,G,S,E,I,G,C,Y,Q,G,F,A,L,V,W,K,C,L,L,C,S,C,A,S,E,K,D,S,R,K,M,K,V,L,E,S,L,I,E,M,I,Q,K,F,P,Y,D,D,P,T,Y,N,K,L,H,E,D,L,D,K,I,R,G,K,F,K,Q,F,C,S,L,L,N,V,Q,P,D,F,K,I,S,V,E,G,P,G,L,S,F
Hyaena_hyaena,M,A,G,S,H,D,M,F,D,A,I,V,M,A,D,E,R,F,H,G,E,G,Y,Q,E,G,Y,E,D,G,S,G,L,G,M,I,E,G,R,Q,Y,G,T,L,H,G,A,K,I,G,S,E,I,G,C,Y,Q,G,F,A,F,A,W,R,C,L,L,R,G,C,A,T,E,K,D,S,K,K,M,K,A,L,E,S,L,I,G,M,I,Q,K,F,P,Y,D,D,P,T,Y,D,R,L,H,E,D,L,D,R,I,R,A,K,F,R,Q,L,C,S,L,L,N,V,Q,P,D,F,K,I,S,V,E,G,S,G,L,S,F
Jaculus_jaculus,M,A,G,S,Q,D,M,F,D,A,I,V,M,A,D,E,R,F,H,G,E,G,F,Q,E,G,Y,E,E,G,S,S,L,G,I,L,E,G,R,Q,Y,G,T,E,H,G,A,R,I,A,S,E,I,G,C,Y,Q,G,F,A,L,A,W,K,C,L,L,H,S,S,A,G,E,K,D,S,R,K,M,K,V,V,E,A,L,I,G,M,I,E,K,F,P,Y,D,D,P,T,Y,D,K,L,H,E,D,L,D,K,I,R,G,K,F,K,Q,-,-,-,-,-,-,-,-,-,-,-,-,-,-,-,-,-,-,-,-,-,-
Lemur_catta,M,A,G,S,Q,D,M,F,D,A,I,V,M,A,D,E,R,F,H,G,E,G,Y,Q,E,G,Y,E,E,G,S,S,L,G,V,I,E,G,R,Q,Y,G,T,L,H,G,A,K,I,G,S,E,I,G,C,Y,Q,G,F,A,I,A,W,K,C,L,L,H,S,C,A,T,E,K,D,S,R,K,M,K,V,L,E,S,L,I,G,M,I,Q,K,F,P,Y,D,D,P,T,Y,D,K,L,H,E,D,L,D,K,I,R,G,K,F,K,Q,L,C,S,L,L,N,V,Q,P,D,F,K,I,S,A,E,G,S,G,L,S,F
Leptonychotes_weddellii,M,A,G,S,Q,D,M,F,D,A,I,V,M,A,D,E,R,F,H,G,E,G,Y,Q,E,G,Y,E,E,G,N,S,L,G,I,I,E,G,R,Q,Y,G,T,L,H,G,A,K,I,G,S,E,I,G,C,Y,Q,G,F,A,F,A,W,R,C,L,L,H,S,C,T,T,E,K,D,S,K,K,M,K,A,L,E,S,L,I,G,M,I,E,K,F,P,Y,D,D,P,T,Y,D,K,L,H,E,D,L,D,K,I,R,G,K,F,K,Q,L,C,S,L,L,N,V,Q,P,D,F,K,I,S,A,E,G,S,G,L,S,F
Lontra_canadensis,M,A,G,S,Q,D,M,F,D,P,I,V,M,A,D,E,R,F,H,G,E,G,Y,Q,E,G,Y,E,E,G,N,S,L,G,I,I,E,G,R,Q,Y,G,T,L,H,G,A,R,I,G,S,E,I,G,C,Y,Q,G,F,A,F,A,W,R,C,L,L,H,G,C,A,A,E,K,D,S,K,K,M,K,A,L,E,S,L,L,G,M,I,Q,K,F,P,Y,D,D,P,T,Y,D,K,L,H,E,D,L,D,K,I,R,G,K,F,K,Q,L,C,S,L,L,N,V,Q,P,D,F,K,I,S,A,E,G,S,G,L,S,F
Lynx_canadensis,M,A,G,S,Q,D,V,F,D,A,I,V,M,A,D,E,R,F,H,G,E,G,Y,Q,E,G,Y,E,E,G,S,S,L,G,I,I,E,G,R,R,H,G,T,L,H,G,A,K,I,G,S,E,I,G,C,Y,Q,G,F,A,F,A,W,R,C,L,L,H,S,C,A,T,E,K,D,S,K,K,M,K,A,L,E,S,L,I,G,M,I,Q,K,F,P,Y,D,D,P,T,Y,D,K,L,H,E,D,L,D,R,I,R,G,K,F,K,Q,L,C,S,L,L,N,V,Q,P,D,F,K,I,S,A,E,G,S,G,L,S,F
Manis_javanica,M,A,G,G,Q,D,M,F,D,A,I,L,M,A,D,E,R,F,H,G,E,G,Y,Q,E,G,Y,E,E,G,S,S,L,G,I,I,E,G,R,Q,Y,G,T,L,H,G,A,K,I,G,S,E,I,G,C,Y,R,G,F,A,F,A,W,R,C,L,L,H,S,C,A,T,E,K,D,S,K,K,M,K,V,L,E,S,L,I,G,M,I,Q,K,F,P,Y,D,D,P,T,Y,D,K,L,H,E,D,L,D,K,I,R,G,K,F,K,Q,L,C,S,L,L,N,V,Q,P,D,F,R,I,S,A,E,G,S,G,L,S,F
Manis_pentadactyla,M,A,G,G,Q,D,M,F,D,A,I,L,M,A,D,E,R,F,H,G,E,G,Y,Q,E,G,Y,E,E,G,S,S,L,G,I,I,E,G,R,Q,Y,G,T,F,H,G,A,K,I,G,S,E,I,G,C,Y,R,G,F,A,F,A,W,R,C,L,L,H,S,R,A,T,E,K,D,S,K,K,M,K,V,L,E,S,L,I,G,M,I,Q,K,F,P,Y,D,D,P,T,Y,D,K,L,H,E,D,L,D,K,I,R,G,K,F,K,Q,L,C,S,L,L,N,V,Q,P,D,F,R,I,S,A,E,G,S,G,L,S,F
Mastomys_coucha,-,-,-,-,Q,D,M,F,D,A,V,V,M,A,D,E,R,F,H,G,E,G,Y,Q,E,G,Y,E,E,G,S,S,L,G,I,I,E,G,K,Q,Y,G,M,L,H,G,A,K,I,G,S,E,I,G,C,Y,R,G,F,A,L,A,W,K,C,L,L,H,N,G,A,S,E,K,D,S,R,K,M,K,V,V,E,A,L,I,E,L,L,Q,G,F,P,Y,D,D,P,T,Y,E,K,L,H,E,D,L,D,R,I,R,-,-,-,-,-,L,C,S,L,L,N,V,H,P,D,F,K,V,T,A,G,G,S,G,L,T,F
Meles_meles,M,A,G,S,Q,D,M,F,D,A,I,V,M,A,D,E,R,F,H,G,E,G,Y,Q,E,G,Y,E,E,G,S,S,L,G,V,I,E,G,R,Q,Y,G,T,L,H,G,A,K,I,G,S,E,I,G,C,Y,Q,G,F,A,F,A,W,R,C,L,L,H,G,C,A,T,E,K,D,S,K,K,M,K,A,L,E,S,L,I,G,M,I,Q,K,F,P,Y,D,D,P,T,Y,D,K,L,H,E,D,L,D,K,I,R,G,K,F,K,Q,L,C,S,L,L,N,V,Q,P,D,F,K,I,S,A,E,G,S,G,L,S,F
Meriones_unguiculatus,-,-,-,-,Q,D,M,F,D,A,V,V,M,A,D,E,R,F,H,G,E,G,F,Q,E,G,Y,E,E,G,S,S,L,G,I,L,E,G,R,Q,Y,G,T,V,H,G,A,Q,I,G,S,E,I,G,C,Y,W,G,F,A,L,A,W,K,C,L,L,H,-,-,-,-,-,-,-,-,-,-,-,-,-,-,-,-,-,-,-,-,-,-,-,-,-,-,-,-,-,-,-,-,-,-,-,-,-,-,-,-,-,-,-,-,-,-,-,-,-,-,-,-,-,-,-,-,-,-,-,-,-,-,-,-,-,-,-,-,-
Mesocricetus_auratus,M,A,V,E,Q,D,M,F,D,T,V,V,M,A,D,E,R,F,H,G,E,G,Y,Q,E,G,Y,E,E,G,S,N,L,G,I,V,E,G,R,R,Y,G,T,L,H,G,A,K,I,G,S,E,I,G,C,Y,R,G,F,A,L,A,W,K,C,L,L,H,S,S,A,V,E,K,D,S,R,K,M,K,V,V,E,A,L,I,A,L,L,Q,H,F,P,Y,D,D,P,T,Y,E,R,L,H,E,D,L,D,R,I,R,G,K,F,R,Q,L,C,S,L,L,N,V,Q,P,D,F,K,V,T,A,G,D,S,G,L,A,F
Microcebus_murinus,M,A,G,S,Q,D,M,F,D,A,I,V,M,A,D,E,R,F,H,G,E,G,Y,Q,E,G,Y,E,E,G,S,S,L,G,I,I,E,G,R,Q,Y,G,T,L,H,G,A,K,I,G,S,E,I,G,C,Y,Q,G,F,A,I,A,W,K,C,L,L,H,S,C,A,T,E,K,D,S,R,K,M,K,V,L,E,S,L,I,G,M,I,Q,R,F,P,Y,D,D,P,T,Y,D,K,L,H,E,D,L,D,R,I,R,G,K,F,K,Q,L,C,S,L,L,N,V,Q,P,D,F,K,I,S,A,E,G,S,G,L,S,F
Microtus_fortis,-,-,-,-,Q,D,M,F,D,A,V,V,M,A,D,E,R,F,H,G,E,G,Y,Q,E,G,Y,E,E,G,S,S,L,G,I,V,E,G,R,Q,Y,G,T,L,H,G,A,K,I,G,S,E,I,G,C,Y,R,G,F,A,L,A,W,K,Y,L,L,H,S,G,A,C,E,K,D,S,R,K,M,K,V,V,E,A,L,I,T,L,L,Q,H,F,P,F,D,D,P,T,Y,E,R,L,H,E,D,L,D,I,I,R,G,K,F,R,Q,L,C,S,L,L,N,V,Q,P,D,F,R,V,T,A,G,T,S,R,L,A,F
Microtus_ochrogaster,-,-,-,-,Q,D,M,F,D,A,V,V,M,A,D,E,R,F,H,G,E,G,Y,Q,E,G,Y,E,E,G,S,S,L,G,I,V,E,G,R,Q,Y,G,T,L,H,G,A,K,I,G,S,E,I,G,C,Y,R,G,F,A,L,A,W,K,C,L,L,H,S,G,A,C,E,K,D,S,R,K,M,K,V,V,E,A,L,I,T,L,L,Q,H,F,P,Y,D,D,P,T,Y,E,R,L,H,E,D,L,D,I,I,R,G,K,F,R,Q,L,C,S,L,L,N,V,Q,P,D,F,R,V,T,A,G,A,S,R,L,A,F
Microtus_oregoni,-,-,-,-,Q,D,M,F,D,A,V,V,M,A,D,E,R,F,H,G,E,G,Y,Q,E,G,Y,E,E,G,S,S,L,G,I,V,E,G,R,Q,Y,G,T,L,H,G,A,K,I,G,S,E,I,G,C,Y,R,G,F,A,L,A,W,K,C,L,L,H,S,G,A,C,E,K,D,S,R,K,M,K,V,V,E,A,L,I,T,L,L,Q,H,F,P,Y,D,D,P,T,Y,E,R,L,H,E,D,L,D,I,I,R,G,K,F,R,Q,L,C,S,L,L,N,V,Q,P,D,F,R,V,T,A,G,A,S,R,L,A,F
Mirounga_angustirostris,M,A,G,S,Q,D,M,F,D,A,V,V,M,A,D,E,R,F,H,G,E,G,Y,Q,E,G,Y,E,A,G,N,S,L,G,I,I,E,G,R,Q,Y,G,T,L,H,G,A,K,I,G,S,E,I,G,C,Y,Q,G,F,A,F,A,W,R,G,L,L,H,S,C,T,T,K,K,D,S,K,K,M,K,A,L,E,S,L,I,G,M,I,E,K,F,P,Y,D,D,P,T,Y,D,K,L,H,E,D,L,D,R,I,R,G,K,F,K,Q,L,C,S,L,L,N,V,Q,P,D,F,K,I,S,A,E,G,S,G,L,S,F
Mirounga_leonina,M,A,G,S,Q,D,M,F,D,A,V,V,M,A,D,E,R,F,H,G,E,G,Y,Q,E,G,Y,E,A,G,N,S,L,G,I,I,E,G,R,Q,Y,G,T,L,H,G,A,K,I,G,S,E,I,G,C,Y,Q,G,F,A,F,A,W,R,G,L,L,H,S,C,T,T,K,K,D,S,K,K,M,K,A,L,E,S,L,I,G,M,I,E,K,F,P,Y,D,D,P,T,Y,D,K,L,H,E,D,L,D,R,I,R,G,K,F,K,Q,L,C,S,L,L,N,V,Q,P,D,F,K,I,S,A,E,G,S,G,L,S,F
Monodelphis_domestica,M,E,Q,P,L,D,L,F,D,S,I,V,M,A,E,E,R,Y,H,G,E,G,Y,Q,E,G,Y,V,E,G,S,C,L,G,M,T,E,G,R,Q,Y,G,V,S,H,G,A,K,I,G,S,E,V,G,C,Y,Q,G,F,A,F,T,W,K,C,L,L,A,Q,C,P,T,E,K,D,S,K,K,R,K,M,L,D,S,F,L,G,M,V,Q,K,F,P,Y,A,D,P,T,C,A,Q,L,H,E,D,L,D,R,I,R,G,K,F,K,Q,V,C,S,L,L,S,I,Q,P,N,F,K,V,N,S,G,G,S,A,L,S,F
Mus_caroli,-,-,-,-,Q,D,I,F,D,A,V,V,M,A,D,E,R,F,H,G,E,G,Y,Q,E,G,Y,E,E,G,S,S,L,G,I,V,E,G,K,Q,Y,G,M,V,H,G,A,K,I,G,S,E,I,G,C,Y,R,G,F,A,L,A,W,K,C,L,L,H,S,G,T,G,E,K,D,S,R,K,M,K,V,V,E,A,L,I,A,L,L,Q,D,F,P,Y,D,D,P,T,Y,E,K,L,H,E,D,L,D,R,I,R,G,K,F,R,Q,V,C,-,-,-,-,-,-,-,-,-,-,-,-,-,-,-,-,-,-,-,-
Mus_musculus,-,-,-,-,Q,D,I,F,D,A,V,V,M,A,D,E,R,F,H,G,E,G,Y,Q,E,G,Y,E,E,G,S,S,L,G,I,V,E,G,K,R,Y,G,M,V,H,G,A,K,I,G,S,E,I,G,C,Y,R,G,F,A,L,A,W,K,C,L,L,H,S,G,A,G,E,K,D,S,R,K,M,K,V,V,E,A,L,I,A,L,L,Q,D,F,P,Y,D,D,P,T,Y,E,K,L,H,E,D,L,D,R,I,R,G,K,F,R,Q,-,-,-,-,-,-,-,-,-,-,-,-,-,-,-,-,-,-,-,-,-,-
Mus_pahari,-,-,-,-,Q,D,I,F,D,A,V,V,M,A,D,E,R,F,H,G,E,G,Y,Q,E,G,Y,E,E,G,S,S,L,G,I,V,E,G,K,Q,Y,G,M,V,H,G,A,K,I,G,S,E,I,G,C,Y,R,G,F,A,L,A,W,K,C,L,L,H,S,G,A,G,E,K,D,S,R,K,M,K,V,V,E,A,L,I,T,L,L,Q,D,F,P,Y,D,D,P,T,Y,E,K,L,H,E,D,L,D,R,I,R,G,K,F,R,Q,L,C,S,L,L,N,V,Q,P,D,F,K,V,T,P,G,G,S,G,L,A,F
Mustela_erminea,M,A,G,S,Q,D,M,F,D,A,I,V,M,A,D,E,R,F,H,G,E,G,Y,Q,E,G,Y,E,E,G,S,S,L,G,L,I,E,G,R,Q,H,G,T,L,H,G,A,R,I,G,S,E,I,G,C,Y,Q,G,F,A,F,A,W,R,C,L,L,H,G,S,A,T,E,K,D,S,K,K,M,K,A,L,E,S,L,I,G,M,I,Q,K,F,P,Y,D,D,P,T,Y,D,K,L,H,E,D,L,D,K,I,R,G,K,F,K,Q,V,C,-,-,-,-,-,-,-,-,-,-,-,-,-,-,-,-,-,-,-,-
Mustela_putorius_furo,-,-,-,-,-,-,-,-,-,-,-,-,-,-,-,-,-,-,-,-,-,-,-,-,-,-,-,-,-,-,-,-,-,-,-,-,-,-,-,-,-,-,-,-,-,-,-,-,-,-,-,-,-,-,-,-,-,-,-,-,-,-,-,-,-,-,-,-,-,-,-,-,-,-,-,-,-,-,-,-,-,-,-,-,-,-,-,-,-,-,-,-,-,-,-,-,-,-,-,-,-,-,-,-,-,-,-,-,-,-,-,-,-,-,-,-,-,-,-,-,-,-,-,-,-,-,-,-,-,-,-,-,-,-,-,-,-
Myodes_glareolus,-,-,V,E,Q,D,M,F,D,A,V,V,M,A,D,E,R,F,H,G,E,G,Y,Q,E,G,Y,E,E,G,S,S,L,G,I,V,E,G,R,Q,Y,G,T,L,H,G,A,K,I,G,S,E,I,G,C,Y,R,G,F,A,L,A,W,K,C,L,L,H,S,G,T,G,E,K,D,S,R,K,M,K,V,V,E,A,L,I,T,L,L,Q,H,F,P,Y,D,D,P,T,Y,E,R,L,H,E,D,L,D,R,I,R,G,K,F,R,Q,L,C,S,L,L,N,V,Q,P,D,F,R,V,T,A,G,G,S,R,L,A,F
Neogale_vison,M,A,G,S,Q,D,M,F,D,A,I,V,M,A,D,E,R,F,H,G,E,G,Y,Q,E,G,Y,E,E,G,N,S,L,G,I,I,E,G,R,Q,Y,G,T,L,H,G,A,R,I,G,S,E,I,G,C,Y,Q,G,F,A,L,A,W,R,C,L,L,H,G,C,A,T,E,K,D,S,K,K,M,K,A,L,E,S,L,I,G,M,I,Q,K,F,P,Y,D,D,P,T,Y,D,H,L,H,E,D,L,D,K,I,R,A,K,F,K,Q,L,C,S,L,L,N,V,Q,P,D,F,K,I,S,A,E,G,S,G,L,S,F
Odobenus_rosmarus_divergens,M,A,G,S,Q,D,M,F,D,A,I,V,M,A,D,E,R,F,H,G,E,G,Y,Q,E,G,Y,E,E,G,N,S,L,G,I,I,E,G,R,Q,Y,G,T,L,H,G,A,K,I,G,S,E,I,G,C,Y,Q,G,F,A,F,A,W,R,C,L,L,H,S,C,T,T,E,K,D,S,K,K,M,K,A,L,E,S,L,I,G,M,I,E,K,F,P,Y,D,D,P,T,Y,A,K,L,H,E,D,L,D,K,I,R,G,K,F,K,Q,L,C,S,L,L,N,V,Q,P,D,F,K,I,S,A,E,G,S,G,L,S,F
Odocoileus_virginianus_texanus,M,A,G,E,Q,D,L,L,D,A,V,V,M,A,D,E,R,F,H,R,E,G,Y,R,E,G,Y,E,E,G,S,S,L,G,M,I,E,G,R,Q,H,G,T,L,H,G,A,K,V,G,S,E,I,G,C,Y,R,G,F,A,L,A,W,R,G,L,L,H,G,R,A,T,E,R,D,S,K,K,M,K,V,L,E,A,L,I,G,M,I,Q,K,F,P,Y,D,D,P,T,Y,D,R,L,H,E,D,L,D,R,I,R,G,K,F,K,Q,F,C,S,L,L,N,V,Q,P,D,F,K,I,S,T,E,G,S,G,L,S,F
Onychomys_torridus,-,-,-,-,Q,D,M,L,D,A,V,V,M,A,D,E,R,F,H,G,E,G,Y,Q,E,G,Y,E,E,G,S,S,L,G,I,V,E,G,R,Q,Y,G,T,L,H,G,A,K,I,G,S,E,I,G,C,Y,R,G,F,A,L,A,W,K,C,L,L,H,S,G,A,G,E,K,D,S,R,K,M,K,V,V,E,A,L,I,S,L,L,Q,H,F,P,Y,D,D,P,T,Y,E,K,L,H,E,D,L,D,R,I,R,G,K,F,R,Q,L,C,S,L,L,N,V,Q,P,D,F,K,V,T,A,G,G,S,G,L,A,F
Ornithorhynchus_anatinus,M,S,G,E,R,D,L,F,D,A,I,T,T,A,E,E,R,Y,H,D,E,G,Y,H,E,G,Y,T,E,G,S,C,F,G,I,T,E,G,R,H,Y,G,V,I,H,G,A,K,I,A,L,E,I,G,N,Y,Q,G,F,A,L,T,W,K,F,L,L,S,K,G,T,T,D,K,D,S,K,R,M,K,I,L,E,T,L,I,G,M,I,Q,K,F,P,L,D,D,P,T,Y,D,K,L,Q,E,D,L,E,K,I,R,G,K,F,K,Q,V,C,S,L,L,N,V,Q,P,-,-,-,-,-,-,-,-,-,-,-,-,-
Orycteropus_afer_afer,M,A,G,S,Q,D,M,F,D,A,I,V,M,A,D,E,R,F,H,G,E,G,F,Q,E,G,Y,V,E,G,S,R,L,G,V,T,E,G,R,Q,H,G,T,L,H,G,A,K,I,G,S,E,I,G,C,Y,Q,G,F,A,F,A,W,K,Y,L,L,H,S,C,T,T,E,K,D,S,K,K,M,K,V,L,E,A,L,I,G,M,I,E,K,F,P,Y,D,D,P,T,Y,D,R,L,H,E,D,L,D,R,I,R,G,K,F,K,Q,L,C,S,L,L,N,V,Q,P,D,F,K,I,R,A,E,G,S,G,L,S,F
Oryctolagus_cuniculus,-,-,-,-,-,-,-,-,-,-,-,-,-,-,-,-,-,-,-,-,-,-,-,-,-,-,-,-,-,-,-,-,-,-,-,-,-,-,-,-,-,-,-,-,-,-,-,-,-,-,-,-,-,-,-,-,-,-,-,-,-,-,-,-,-,-,-,-,-,-,-,-,-,-,-,-,-,-,-,-,-,-,-,-,-,-,-,-,-,-,-,-,-,-,-,-,-,-,-,-,-,-,-,-,-,-,-,-,-,-,-,-,-,-,-,-,-,-,-,-,-,-,-,-,-,-,-,-,-,-,-,-,-,-,-,-,-
Oryx_dammah,M,A,G,D,Q,D,M,F,D,A,V,V,M,A,D,E,R,F,H,G,E,G,Y,R,E,G,Y,E,E,G,S,S,L,G,M,I,E,G,R,W,H,G,T,L,H,G,A,K,V,G,S,E,I,G,C,Y,Q,G,F,A,F,A,W,R,G,L,L,H,G,C,A,T,E,R,D,S,K,K,M,K,V,L,E,A,L,I,R,M,I,Q,K,F,P,Y,D,D,P,T,Y,D,K,L,H,E,D,L,D,R,I,R,G,K,F,K,Q,L,C,S,L,L,N,V,Q,P,D,F,K,I,S,A,E,G,S,G,F,S,F
Otolemur_garnettii,M,A,G,S,Q,D,M,F,D,A,I,V,M,A,D,E,R,F,R,G,E,G,Y,Q,E,G,Y,E,E,G,S,S,L,G,I,I,E,G,R,Q,Y,G,T,L,H,G,A,K,I,G,S,E,I,G,C,Y,Q,G,F,A,F,A,W,K,C,L,L,H,S,C,A,T,E,K,D,S,R,K,M,K,V,L,D,S,L,I,G,M,I,Q,K,F,P,Y,D,D,P,T,Y,D,K,L,H,E,D,L,D,K,I,R,G,K,F,K,Q,F,C,S,L,L,N,V,Q,P,D,F,K,I,S,A,E,G,S,G,L,S,F
Panthera_leo,M,A,G,S,Q,D,V,F,D,A,I,V,M,A,D,E,R,F,H,G,E,G,Y,Q,E,G,Y,E,E,G,S,S,L,G,I,I,E,G,R,R,Y,G,T,L,H,G,A,K,I,G,S,E,I,G,C,Y,Q,G,F,A,F,A,W,R,C,L,L,H,G,C,A,T,E,K,D,S,K,K,M,K,A,L,E,S,L,I,G,M,I,Q,K,F,P,Y,D,D,P,T,Y,D,K,L,H,E,D,L,D,R,I,R,G,K,F,K,Q,L,C,S,L,L,N,V,Q,P,D,F,K,I,S,A,E,G,S,G,L,S,F
Panthera_pardus,M,A,G,S,Q,D,V,F,D,A,I,V,M,A,D,E,R,F,H,G,E,G,Y,Q,E,G,Y,E,E,G,S,S,L,G,I,I,E,G,R,R,Y,G,T,L,H,G,A,K,I,G,S,E,I,G,C,Y,Q,G,F,A,F,A,W,R,C,L,L,H,D,C,A,T,E,K,D,S,K,K,M,K,A,L,E,S,L,I,G,M,I,Q,K,F,P,Y,D,D,P,T,Y,D,K,L,H,E,D,L,D,R,I,R,G,K,F,K,Q,L,C,S,L,L,N,V,Q,P,D,F,K,I,S,A,E,G,S,G,L,S,F
Panthera_uncia,M,A,G,S,Q,D,V,F,D,A,I,V,M,A,D,E,R,F,H,G,E,G,Y,Q,E,G,Y,E,E,G,S,S,L,G,I,I,E,G,R,R,Y,G,T,L,H,G,A,K,I,G,S,E,I,G,C,Y,Q,G,F,A,F,A,W,R,C,L,L,H,G,C,A,T,E,K,D,S,K,K,M,K,A,L,E,S,L,I,G,M,I,Q,K,F,P,Y,D,D,P,T,Y,D,K,L,H,E,D,L,D,R,I,R,G,K,F,K,Q,L,C,S,L,L,N,V,Q,P,D,F,K,I,S,A,E,G,S,G,L,S,F
Perognathus_longimembris_pacificus,-,-,-,-,-,-,-,-,-,-,-,-,-,-,-,-,-,-,-,-,-,-,-,-,-,-,-,-,-,-,-,-,-,-,-,-,-,-,-,-,-,-,-,-,-,-,-,-,-,-,-,-,-,-,-,-,-,-,-,-,-,-,-,-,-,-,-,-,-,-,-,-,-,-,-,-,-,-,-,-,-,-,-,-,-,-,-,-,-,-,-,-,-,-,-,-,-,-,-,-,-,-,-,-,-,-,-,-,-,-,-,-,-,-,-,-,-,-,-,-,-,-,-,-,-,-,-,-,-,-,-,-,-,-,-,-,-
Peromyscus_californicus_insignis,-,-,-,-,Q,D,M,F,D,A,V,V,M,A,D,E,R,F,H,G,E,G,Y,Q,E,G,Y,E,E,G,S,S,L,G,I,V,E,G,R,Q,Y,G,T,L,H,G,A,K,I,G,S,E,I,G,C,Y,R,G,F,A,L,A,W,K,C,L,L,H,S,G,A,G,E,K,D,S,R,K,M,K,V,V,E,T,L,I,A,L,L,Q,H,F,P,Y,D,D,P,T,Y,E,K,L,H,E,D,L,D,R,I,R,G,K,F,R,Q,L,C,S,L,L,N,V,Q,P,D,F,K,V,T,A,G,G,S,G,L,A,F
Peromyscus_leucopus,-,-,-,-,Q,D,M,F,D,A,V,V,M,A,D,E,R,F,H,G,E,G,Y,Q,E,G,Y,E,E,G,S,S,L,G,I,V,E,G,R,Q,C,G,T,L,H,G,A,K,I,G,A,E,I,G,C,Y,H,G,F,A,L,A,W,K,C,L,L,H,S,G,A,G,E,K,D,S,R,K,M,K,V,V,E,A,L,I,T,L,L,Q,H,F,P,Y,D,D,P,T,Y,E,K,L,H,E,D,L,D,R,I,R,G,K,F,R,Q,L,C,S,L,L,N,V,Q,P,D,F,K,V,T,A,R,G,S,G,L,A,F
Peromyscus_maniculatus_bairdii,-,-,-,-,Q,D,M,F,D,A,V,V,M,A,D,E,R,F,H,G,E,G,Y,Q,E,G,Y,E,E,G,S,S,L,G,I,V,E,G,R,Q,Y,G,T,L,H,G,A,K,I,G,S,E,I,G,C,Y,H,G,F,A,L,A,W,K,C,L,L,H,S,G,A,G,E,K,D,S,R,K,M,K,V,V,E,A,L,I,T,L,L,Q,H,F,P,Y,D,D,P,T,Y,E,K,L,H,E,D,L,D,R,I,R,G,K,F,R,Q,L,C,S,L,L,N,V,Q,P,D,F,K,V,T,A,R,G,S,G,L,A,F
Phascolarctos_cinereus,M,N,R,S,P,D,L,F,D,A,I,V,M,A,E,E,R,Y,H,G,E,A,Y,Q,E,G,Y,A,E,G,S,S,L,G,L,T,E,G,R,R,Y,G,V,S,Q,G,A,N,V,G,S,E,I,G,C,Y,Q,G,F,A,F,T,W,K,C,L,L,S,E,C,T,T,E,K,D,S,K,K,R,R,M,L,D,S,L,L,G,M,M,Q,K,F,P,Y,A,D,P,T,Y,A,Q,L,H,E,D,L,D,R,I,R,G,K,F,K,Q,V,C,S,L,L,S,V,Q,P,N,F,R,V,G,P,G,G,S,A,L,S,F
Phoca_vitulina,M,A,G,S,Q,D,M,F,D,A,I,V,M,A,D,E,R,F,H,G,E,G,Y,Q,E,G,Y,E,E,G,N,S,L,G,I,I,E,G,R,Q,Y,G,T,L,H,G,A,K,I,G,S,E,I,G,C,Y,Q,G,F,A,F,A,W,R,C,L,L,H,S,C,T,T,E,K,D,S,K,K,M,K,A,L,E,S,L,I,G,M,I,E,K,F,P,Y,D,D,P,T,Y,D,K,L,H,E,D,L,D,K,I,R,G,K,F,K,Q,L,C,S,L,L,N,V,Q,P,D,F,K,I,S,A,E,G,S,G,L,S,F
Phodopus_roborovskii,-,-,-,-,Q,D,M,F,D,A,V,V,M,A,D,E,R,F,H,G,E,G,Y,Q,E,G,Y,E,E,G,S,S,L,G,I,V,E,G,R,Q,Y,G,T,L,H,G,A,K,I,G,S,E,I,G,C,Y,R,G,F,A,L,A,W,K,C,L,L,H,S,G,A,G,E,K,D,S,R,K,M,K,V,V,E,A,L,I,A,L,L,Q,H,F,P,Y,D,D,P,T,Y,E,R,L,H,E,D,L,D,R,I,R,G,K,F,R,Q,L,C,S,L,L,N,V,Q,P,D,F,K,V,T,A,E,G,S,G,L,A,F
Prionailurus_bengalensis_euptilurus,-,-,-,-,-,-,-,-,-,-,-,-,-,-,-,-,-,-,-,-,-,-,-,-,-,-,-,-,-,-,-,-,-,-,-,-,-,-,-,-,-,-,-,-,-,-,-,-,-,-,-,-,-,-,-,-,-,-,-,-,-,-,-,-,-,-,-,-,-,-,-,-,-,-,-,-,-,-,-,-,-,-,-,-,-,-,-,-,-,-,-,-,-,-,-,-,-,-,-,-,-,-,-,-,-,-,-,-,-,-,-,-,-,-,-,-,-,-,-,-,-,-,-,-,-,-,-,-,-,-,-,-,-,-,-,-,-
Puma_concolor,-,-,-,-,-,-,-,-,-,-,-,-,-,-,-,-,-,F,H,G,E,G,Y,Q,E,G,Y,E,E,G,S,S,L,G,I,I,E,G,R,R,Y,G,T,L,H,G,A,K,I,G,S,E,-,-,-,-,-,-,-,-,-,-,-,-,-,-,-,-,-,-,-,-,-,-,-,-,K,K,M,K,A,L,E,S,L,I,G,M,I,Q,K,F,P,Y,D,D,P,T,Y,D,K,L,H,E,D,L,D,R,I,R,G,K,F,K,Q,L,C,S,L,L,N,V,Q,P,D,F,K,I,S,A,E,G,S,G,L,S,F
Puma_yagouaroundi,-,-,-,-,-,-,-,-,-,-,-,-,-,-,-,-,-,F,H,G,E,G,Y,Q,E,G,Y,E,E,G,S,S,L,G,I,I,E,G,R,R,Y,G,T,L,H,G,A,K,I,G,S,E,I,G,C,Y,Q,G,F,A,F,A,W,R,C,L,L,H,S,C,A,T,E,K,D,S,K,K,M,K,A,L,E,S,L,I,G,M,I,Q,K,F,P,Y,D,D,P,T,Y,E,K,L,H,E,D,L,D,R,I,R,G,K,F,K,Q,L,C,S,L,L,N,V,Q,P,D,F,K,I,S,A,E,G,S,G,L,S,F
Rattus_norvegicus,M,A,M,E,Q,D,I,F,D,A,V,V,M,A,D,E,R,F,H,G,E,G,Y,Q,E,G,Y,E,E,G,S,S,L,G,I,V,E,G,K,Q,Y,G,V,L,H,G,A,K,I,G,S,E,I,G,C,Y,R,G,F,A,L,A,W,K,C,L,L,H,S,G,A,G,E,K,E,S,R,K,M,K,V,V,E,A,L,I,T,L,L,Q,D,F,P,Y,D,D,P,T,Y,E,K,L,H,E,D,L,E,R,I,R,G,K,F,R,Q,L,C,S,L,L,N,V,Q,P,D,F,K,V,T,A,G,G,S,G,L,A,F
Rattus_rattus,M,A,M,E,Q,D,I,F,D,A,V,V,M,A,D,E,R,F,H,G,E,G,Y,Q,E,G,Y,E,E,G,S,S,L,G,I,V,E,G,K,Q,Y,G,V,L,H,G,A,K,I,G,S,E,I,G,C,Y,R,G,F,A,L,A,W,K,C,L,L,H,S,G,A,G,E,K,E,S,R,K,M,K,V,V,E,A,L,I,T,L,L,Q,D,F,P,Y,D,D,P,T,Y,E,K,L,H,E,D,L,E,R,I,R,G,K,F,R,Q,L,C,S,L,L,N,V,Q,P,D,F,K,V,T,A,G,G,S,G,L,A,F
Sarcophilus_harrisii,-,-,-,-,-,D,L,F,D,A,I,V,M,A,E,E,R,Y,R,G,E,G,F,Q,E,G,Y,A,E,G,R,C,L,G,L,A,E,G,R,R,A,G,V,V,R,G,A,S,I,G,S,E,I,G,S,Y,R,G,F,A,L,T,W,K,C,L,L,S,G,S,T,S,D,K,D,R,K,K,A,K,M,L,D,S,L,L,G,M,V,Q,R,F,P,Y,A,D,P,T,H,G,E,L,H,E,D,L,D,R,I,R,G,K,F,K,Q,V,C,S,L,L,S,V,Q,P,D,F,H,V,S,P,G,G,S,A,L,S,F
Suncus_etruscus,-,-,-,-,-,-,-,-,-,-,-,-,-,-,-,-,-,-,-,-,-,-,-,-,-,-,-,-,-,-,-,-,-,-,-,-,-,-,-,-,-,-,-,-,-,-,-,-,-,-,-,-,-,-,-,-,-,-,-,-,-,-,-,-,-,-,-,-,-,-,-,-,-,-,-,-,-,-,-,-,-,-,-,-,-,-,-,-,-,-,-,-,-,-,-,-,-,-,-,-,-,-,-,-,-,-,-,-,-,-,-,-,-,-,-,-,-,-,-,-,-,-,-,-,-,-,-,-,-,-,-,-,-,-,-,-,-
Sus_scrofa,M,A,G,T,Q,D,M,F,D,A,I,V,M,A,D,E,R,F,H,G,E,G,Y,Q,E,G,Y,E,E,G,S,G,L,G,L,I,E,G,R,Q,H,G,T,F,H,G,A,K,I,G,S,E,I,G,C,Y,Q,G,F,A,F,A,W,R,C,L,L,H,S,C,A,T,E,K,D,S,K,K,M,K,V,L,E,S,L,I,G,M,I,Q,K,F,P,Y,D,D,P,T,Y,D,K,L,H,E,D,L,D,R,I,R,G,K,F,K,Q,L,C,S,L,L,N,V,Q,P,D,F,K,I,S,A,E,G,S,G,L,A,F
Tachyglossus_aculeatus,M,T,A,G,R,D,M,F,D,A,I,T,T,A,E,E,R,Y,H,D,E,G,Y,H,E,G,Y,K,E,G,S,C,Y,G,I,T,E,G,R,Q,Y,G,V,I,H,G,A,K,I,A,V,E,I,G,N,Y,Q,G,F,A,L,T,W,K,F,L,L,N,K,C,T,T,D,K,D,S,K,R,I,K,I,L,E,A,L,I,G,M,I,Q,K,F,P,F,D,D,P,T,Y,D,K,L,Q,E,D,L,E,K,I,R,G,K,F,K,Q,-,-,-,-,-,-,-,-,-,-,-,-,-,-,-,-,-,-,-,-,-,-
Talpa_occidentalis,M,A,E,S,R,D,M,F,D,S,I,V,M,A,E,E,R,F,H,G,E,G,F,Q,E,G,Y,E,E,G,S,S,L,G,I,I,E,G,R,Q,H,G,T,L,H,G,A,K,I,G,S,E,I,G,C,Y,Q,G,F,A,F,A,W,R,C,L,L,H,G,C,A,T,E,K,D,S,K,K,M,K,V,L,E,S,L,I,G,M,I,E,K,F,P,Y,D,D,P,T,Y,E,K,L,H,E,D,L,D,Q,I,R,G,K,F,K,Q,L,C,S,L,L,N,V,Q,P,D,F,K,V,S,A,G,G,A,G,L,S,F
Trichechus_manatus_latirostris,M,A,G,S,Q,D,M,F,D,A,I,V,M,A,D,E,R,F,H,G,Q,G,Y,Q,E,G,Y,E,E,G,S,S,L,G,I,I,E,G,R,Q,H,G,A,L,H,G,A,K,I,G,S,E,I,G,C,Y,Q,G,F,A,F,A,W,K,Y,L,L,L,S,Y,T,T,K,K,D,S,K,K,M,K,V,L,E,S,L,I,G,M,I,Q,K,F,P,Y,D,D,P,T,Y,D,K,L,H,E,D,L,D,K,I,R,G,K,F,K,Q,L,C,S,L,L,N,V,Q,P,D,F,K,I,S,T,E,G,S,G,L,S,F
Trichosurus_vulpecula,-,-,-,-,-,D,L,F,D,A,I,V,M,A,E,E,R,Y,H,G,E,G,Y,Q,E,G,Y,A,E,G,S,C,L,G,L,T,E,G,R,R,Y,G,V,S,H,G,A,N,I,G,S,E,I,G,C,Y,Q,G,F,A,F,T,W,K,C,L,L,S,E,C,S,T,E,K,D,S,K,K,R,R,M,L,D,S,L,L,G,L,M,Q,K,F,P,Y,A,D,A,T,Y,A,Q,L,H,E,D,L,D,R,I,R,G,K,F,K,Q,V,C,S,L,L,S,V,Q,P,N,F,R,V,G,P,A,G,S,A,L,S,F
Ursus_arctos_horribilis,-,-,-,-,-,-,-,-,-,-,-,-,-,-,-,-,-,-,-,-,-,-,-,-,-,-,-,-,-,-,-,-,-,-,-,-,-,-,-,-,-,-,-,-,-,-,-,-,-,-,-,-,-,-,-,-,-,-,-,-,-,-,-,-,-,-,-,-,-,-,-,-,-,-,-,-,-,-,-,-,-,-,-,-,-,-,-,-,-,-,-,-,-,-,-,-,-,-,-,-,-,-,-,-,-,-,-,-,-,-,-,-,-,-,-,-,-,-,-,-,-,-,-,-,-,-,-,-,-,-,-,-,-,-,-,-,-
Vombatus_ursinus,M,D,Q,P,P,D,L,F,D,A,I,V,M,A,E,E,R,Y,H,G,E,G,Y,Q,E,G,Y,A,E,G,S,C,L,G,L,T,E,G,R,R,H,G,V,S,H,G,A,N,V,G,S,E,I,G,C,Y,Q,G,F,A,F,T,W,K,C,L,L,S,E,C,T,T,E,K,D,S,K,K,R,R,M,L,D,S,L,L,G,M,M,Q,K,F,P,Y,A,D,P,T,Y,A,Q,L,H,E,D,L,D,R,I,R,G,K,F,K,Q,V,C,S,L,L,S,V,Q,P,N,F,R,V,-,-,-,-,-,-,-,-,-
Vulpes_lagopus,M,A,G,G,Q,D,M,F,D,A,I,V,M,A,D,E,R,F,H,G,E,G,Y,Q,E,G,Y,E,E,G,N,S,L,G,I,I,E,G,R,Q,Y,G,T,L,H,G,A,K,I,G,S,E,I,G,C,Y,Q,G,F,A,F,A,W,R,C,L,L,H,T,C,T,T,E,K,D,S,K,K,M,K,A,L,E,S,L,I,E,M,I,Q,K,F,P,Y,D,D,P,T,Y,D,K,L,H,E,D,L,D,K,I,R,G,K,F,K,Q,L,C,S,L,L,N,V,Q,P,D,F,K,I,S,A,E,G,S,G,L,S,F
Vulpes_vulpes,-,-,-,-,-,-,-,-,-,-,-,-,-,-,-,-,-,F,H,G,E,G,Y,Q,E,G,Y,E,E,G,N,S,L,G,I,I,E,G,R,Q,Y,G,T,L,H,G,A,K,I,G,S,E,I,G,C,Y,Q,G,F,A,F,A,W,R,C,L,L,H,T,C,T,T,E,K,D,S,K,K,T,K,A,L,E,S,L,I,E,M,I,Q,K,F,P,Y,D,D,P,T,Y,D,K,L,H,E,D,L,D,K,I,R,G,K,F,K,Q,L,C,S,L,L,N,V,Q,P,D,F,K,I,S,A,E,G,S,G,L,S,F
Zalophus_californianus,M,A,G,S,Q,D,M,F,D,A,I,V,M,A,D,E,R,F,H,G,E,G,Y,Q,E,G,Y,E,E,G,N,S,L,G,M,I,E,G,R,Q,Y,G,T,L,H,G,A,K,I,G,S,E,I,G,C,Y,Q,G,F,A,F,A,W,R,C,L,L,H,S,C,T,T,E,K,D,S,K,K,M,K,A,L,E,S,L,I,G,M,I,E,K,F,P,Y,D,D,P,T,Y,D,K,L,H,E,D,L,D,K,I,R,G,K,F,K,Q,-,-,-,-,-,-,-,-,-,-,-,-,-,-,-,-,-,-,-,-,-,-
shrew_mole,M,A,G,H,R,D,L,F,D,S,I,V,M,A,D,E,R,F,H,R,E,G,F,R,D,G,F,A,E,G,S,G,L,G,V,V,E,G,R,Q,Q,G,A,W,H,G,A,R,V,G,C,E,I,G,C,Y,R,G,F,A,C,A,W,R,C,L,L,H,G,A,A,S,E,R,D,S,R,R,L,R,V,L,E,S,L,L,G,M,I,Q,R,F,P,Y,D,D,P,A,Y,E,R,L,H,E,D,L,E,R,I,R,G,K,F,K,Q,L,C,S,L,L,S,V,Q,P,D,F,R,L,R,A,G,S,A,G,L,S,F
ZWS,M,A,G,S,R,D,M,F,D,A,I,V,M,A,D,E,R,F,H,G,E,G,Y,Q,E,G,F,E,E,G,S,S,L,G,I,I,E,G,R,Q,H,G,T,I,H,G,A,R,I,G,S,E,I,G,C,Y,Q,G,F,A,L,A,W,K,S,L,L,H,G,G,T,S,E,K,D,S,R,K,A,K,V,L,E,T,L,I,A,L,I,Q,E,F,P,Y,D,D,P,T,Y,R,K,L,Q,E,D,L,D,R,I,R,G,K,F,K,Q,L,C,S,L,L,N,V,Q,P,D,F,K,V,P,G,E,G,S,G,L,V,F
