,MBLAC1 0,MBLAC1 1,MBLAC1 2,MBLAC1 3,MBLAC1 4,MBLAC1 5,MBLAC1 6,MBLAC1 7,MBLAC1 8,MBLAC1 9,MBLAC1 10,MBLAC1 11,MBLAC1 12,MBLAC1 13,MBLAC1 14,MBLAC1 15,MBLAC1 16,MBLAC1 17,MBLAC1 18,MBLAC1 19,MBLAC1 20,MBLAC1 21,MBLAC1 22,MBLAC1 23,MBLAC1 24,MBLAC1 25,MBLAC1 26,MBLAC1 27,MBLAC1 28,MBLAC1 29,MBLAC1 30,MBLAC1 31,MBLAC1 32,MBLAC1 33,MBLAC1 34,MBLAC1 35,MBLAC1 36,MBLAC1 37,MBLAC1 38,MBLAC1 39,MBLAC1 40,MBLAC1 41,MBLAC1 42,MBLAC1 43,MBLAC1 44,MBLAC1 45,MBLAC1 46,MBLAC1 47,MBLAC1 48,MBLAC1 49,MBLAC1 50,MBLAC1 51,MBLAC1 52,MBLAC1 53,MBLAC1 54,MBLAC1 55,MBLAC1 56,MBLAC1 57,MBLAC1 58,MBLAC1 59,MBLAC1 60,MBLAC1 61,MBLAC1 62,MBLAC1 63,MBLAC1 64,MBLAC1 65,MBLAC1 66,MBLAC1 67,MBLAC1 68,MBLAC1 69,MBLAC1 70,MBLAC1 71,MBLAC1 72,MBLAC1 73,MBLAC1 74,MBLAC1 75,MBLAC1 76,MBLAC1 77,MBLAC1 78,MBLAC1 79,MBLAC1 80,MBLAC1 81,MBLAC1 82,MBLAC1 83,MBLAC1 84,MBLAC1 85,MBLAC1 86,MBLAC1 87,MBLAC1 88,MBLAC1 89,MBLAC1 90,MBLAC1 91,MBLAC1 92,MBLAC1 93,MBLAC1 94,MBLAC1 95,MBLAC1 96,MBLAC1 97,MBLAC1 98,MBLAC1 99,MBLAC1 100,MBLAC1 101,MBLAC1 102,MBLAC1 103,MBLAC1 104,MBLAC1 105,MBLAC1 106,MBLAC1 107,MBLAC1 108,MBLAC1 109,MBLAC1 110,MBLAC1 111,MBLAC1 112,MBLAC1 113,MBLAC1 114,MBLAC1 115,MBLAC1 116,MBLAC1 117,MBLAC1 118,MBLAC1 119,MBLAC1 120,MBLAC1 121,MBLAC1 122,MBLAC1 123,MBLAC1 124,MBLAC1 125,MBLAC1 126,MBLAC1 127,MBLAC1 128,MBLAC1 129,MBLAC1 130,MBLAC1 131,MBLAC1 132,MBLAC1 133,MBLAC1 134,MBLAC1 135,MBLAC1 136,MBLAC1 137,MBLAC1 138,MBLAC1 139,MBLAC1 140,MBLAC1 141,MBLAC1 142,MBLAC1 143,MBLAC1 144,MBLAC1 145,MBLAC1 146,MBLAC1 147,MBLAC1 148,MBLAC1 149,MBLAC1 150,MBLAC1 151,MBLAC1 152,MBLAC1 153,MBLAC1 154,MBLAC1 155,MBLAC1 156,MBLAC1 157,MBLAC1 158,MBLAC1 159,MBLAC1 160,MBLAC1 161,MBLAC1 162,MBLAC1 163,MBLAC1 164,MBLAC1 165,MBLAC1 166,MBLAC1 167,MBLAC1 168,MBLAC1 169,MBLAC1 170,MBLAC1 171,MBLAC1 172,MBLAC1 173,MBLAC1 174,MBLAC1 175,MBLAC1 176,MBLAC1 177,MBLAC1 178,MBLAC1 179,MBLAC1 180,MBLAC1 181,MBLAC1 182,MBLAC1 183,MBLAC1 184,MBLAC1 185,MBLAC1 186,MBLAC1 187,MBLAC1 188,MBLAC1 189,MBLAC1 190,MBLAC1 191,MBLAC1 192,MBLAC1 193,MBLAC1 194,MBLAC1 195,MBLAC1 196,MBLAC1 197,MBLAC1 198,MBLAC1 199,MBLAC1 200,MBLAC1 201,MBLAC1 202,MBLAC1 203,MBLAC1 204,MBLAC1 205,MBLAC1 206,MBLAC1 207,MBLAC1 208,MBLAC1 209,MBLAC1 210,MBLAC1 211,MBLAC1 212,MBLAC1 213,MBLAC1 214,MBLAC1 215,MBLAC1 216,MBLAC1 217,MBLAC1 218,MBLAC1 219,MBLAC1 220,MBLAC1 221,MBLAC1 222,MBLAC1 223,MBLAC1 224,MBLAC1 225,MBLAC1 226,MBLAC1 227,MBLAC1 228,MBLAC1 229,MBLAC1 230,MBLAC1 231,MBLAC1 232,MBLAC1 233,MBLAC1 234,MBLAC1 235,MBLAC1 236,MBLAC1 237,MBLAC1 238,MBLAC1 239,MBLAC1 240
Chrysochloris_asiatica,V,R,T,E,L,L,H,G,K,P,P,L,L,M,P,G,G,P,Y,S,V,I,I,L,L,Q,G,Y,A,E,P,E,R,L,G,D,A,V,R,A,D,G,S,V,T,L,V,L,P,Q,N,W,-,-,-,-,-,-,-,-,-,-,-,-,-,-,E,A,K,T,A,L,E,E,A,A,R,G,P,M,V,V,D,T,G,G,P,W,A,R,E,A,L,L,E,A,L,A,G,Q,G,V,T,P,R,D,V,T,L,V,V,G,T,H,G,H,S,D,H,I,G,N,L,G,L,F,P,G,A,A,L,L,V,S,H,D,F,C,L,P,G,G,R,Y,L,P,H,G,L,S,E,E,Q,P,L,Q,L,G,P,G,L,E,V,W,A,T,P,G,H,G,G,Q,R,D,V,S,V,V,V,A,G,T,A,L,G,T,I,M,V,V,G,D,V,F,E,R,D,G,D,E,D,S,W,Q,A,L,S,E,D,P,V,A,Q,E,R,S,R,K,R,V,L,D,A,A,D,V,V,V,P,G,H,G,A,P,F,R,V,I,R,E,T
Balaenoptera_acutorostrata_scammoni,V,R,T,E,P,L,R,G,E,P,P,L,R,M,P,G,D,A,F,S,V,V,V,L,L,Q,G,Y,A,E,P,E,G,V,G,D,A,V,R,A,D,G,S,V,T,L,V,L,P,Q,A,W,G,T,A,S,G,H,R,E,P,P,P,E,G,Y,E,A,K,T,A,L,E,E,A,A,R,G,P,I,L,V,D,T,A,G,P,W,A,P,E,G,L,L,G,A,L,A,G,Q,G,V,A,P,G,D,V,T,L,V,V,G,T,H,G,H,S,D,H,I,G,N,L,G,L,F,P,G,A,A,L,L,V,S,H,D,F,C,L,P,G,G,R,Y,L,P,H,G,L,A,E,E,Q,P,L,R,L,G,P,G,L,E,V,W,A,T,P,G,H,G,G,Q,R,D,V,S,V,V,V,T,G,T,A,L,G,T,V,M,V,V,G,D,V,F,E,R,D,G,D,E,D,S,W,Q,A,L,S,E,D,P,V,S,Q,E,H,S,R,K,R,V,L,G,T,A,D,V,V,V,P,G,H,G,A,P,F,R,V,I,R,E,V
Balaenoptera_musculus,V,R,T,E,P,L,R,G,E,P,P,L,R,M,P,G,D,A,F,S,V,V,V,L,L,Q,G,Y,A,E,P,E,G,V,G,D,A,V,R,A,D,G,S,V,T,L,V,L,P,Q,A,W,G,T,A,S,G,H,R,E,P,P,P,E,G,Y,E,A,K,T,A,L,E,E,A,A,R,G,P,I,L,V,D,T,A,G,P,W,A,R,E,A,L,L,G,A,L,A,G,Q,G,V,A,P,G,D,V,T,L,V,V,G,T,H,G,H,S,D,H,I,G,N,L,G,L,F,P,G,A,A,L,L,V,S,H,D,F,C,L,P,G,G,R,Y,L,P,H,G,L,A,E,E,Q,P,L,Q,L,G,P,G,L,E,V,W,A,T,P,G,H,G,G,Q,R,D,V,S,V,V,V,A,G,T,A,L,G,T,V,M,V,V,G,D,V,F,E,R,D,G,D,E,D,S,W,Q,A,L,S,E,D,P,V,S,Q,E,H,S,R,K,R,V,L,G,T,A,D,V,V,V,P,G,H,G,A,P,F,R,V,I,R,E,A
Echinops_telfairi,V,R,T,E,P,L,R,G,K,P,P,L,L,M,P,G,G,P,Y,S,V,V,V,L,L,Q,G,Y,A,E,P,E,G,A,N,G,A,V,H,A,D,G,S,V,T,L,V,L,P,-,-,-,-,-,-,-,-,-,-,-,-,-,-,-,-,-,-,A,K,T,A,L,E,E,A,A,R,G,P,I,V,V,D,T,G,G,P,W,A,R,E,A,L,L,G,A,L,A,G,Q,G,V,A,P,G,D,V,T,L,V,V,G,T,H,G,H,S,D,H,I,G,N,L,G,L,F,P,G,A,A,L,L,V,S,H,D,L,C,L,P,G,G,R,Y,L,P,H,E,L,N,E,E,R,P,L,R,L,G,P,G,L,E,V,W,A,T,P,G,H,G,G,Q,R,D,V,S,L,V,V,A,G,T,T,L,G,T,V,I,V,A,G,D,V,F,E,R,S,G,D,E,D,S,W,Q,A,L,S,E,D,P,V,A,Q,E,R,S,R,K,R,V,L,S,L,A,D,V,V,V,P,G,H,G,A,P,F,S,V,A,R,E,V
Delphinapterus_leucas,V,R,T,E,P,L,R,G,E,-,P,L,R,V,P,G,D,A,F,S,V,V,V,L,L,Q,G,Y,A,E,P,E,G,V,G,D,A,V,R,A,D,G,S,V,T,L,V,L,P,Q,A,W,G,P,A,S,G,H,R,E,P,P,P,E,V,Y,E,A,K,T,A,L,E,E,A,A,R,G,P,I,L,V,D,T,A,G,P,W,A,R,E,A,L,L,G,A,L,A,G,Q,G,V,A,P,G,D,V,T,L,V,V,G,T,H,G,H,S,D,H,I,G,N,L,G,L,F,P,A,A,A,L,L,V,S,H,D,F,C,L,P,G,G,H,Y,L,P,H,G,L,A,E,E,Q,P,L,R,L,G,P,G,L,E,V,W,A,T,P,G,H,G,G,Q,R,D,V,S,V,V,V,A,G,T,A,L,G,T,V,M,V,V,G,D,V,F,E,R,D,G,D,E,D,S,W,Q,A,L,S,E,N,P,V,S,Q,E,H,S,R,K,R,V,L,A,T,A,D,V,V,V,P,G,H,G,A,P,F,R,V,I,R,E,A
Globicephala_melas,V,R,T,E,P,L,R,G,E,P,P,L,R,V,P,G,D,A,F,S,V,V,V,L,L,Q,G,Y,A,E,P,E,G,V,G,D,A,V,R,A,D,G,S,V,T,L,V,L,P,Q,A,W,G,P,A,S,G,H,R,E,P,P,P,E,G,Y,E,A,K,T,A,L,E,E,A,A,R,G,P,I,L,V,D,T,A,G,P,W,A,R,E,A,L,L,G,A,L,A,G,Q,G,V,A,P,G,D,V,T,L,V,V,G,T,H,G,H,S,D,H,I,G,N,L,G,L,F,P,A,A,A,L,L,V,S,H,D,F,C,L,P,G,G,R,Y,L,P,H,G,L,A,E,E,Q,P,L,R,L,G,P,G,L,E,V,W,A,T,P,G,H,G,G,Q,R,D,V,S,V,V,V,A,G,T,A,L,G,T,V,M,V,V,G,D,V,F,E,R,D,G,D,E,D,S,W,Q,A,L,S,E,D,P,V,S,Q,E,H,S,R,K,R,V,L,A,T,A,D,V,V,V,P,G,H,G,A,P,F,R,V,I,R,E,A
Lagenorhynchus_obliquidens,V,R,T,E,P,L,R,G,E,P,P,L,R,V,P,G,D,A,F,S,V,V,V,L,L,Q,G,Y,A,E,P,E,G,V,G,D,A,V,R,A,D,G,S,V,T,L,V,L,P,Q,A,W,G,P,A,S,G,H,R,E,P,P,P,E,D,Y,E,A,K,T,A,L,E,E,A,A,R,G,P,I,L,V,D,T,A,G,P,W,A,R,E,A,L,L,G,A,L,A,G,Q,G,V,A,P,G,D,V,T,L,V,V,G,T,H,G,H,S,D,H,I,G,N,L,G,L,F,P,A,A,A,L,L,V,S,H,D,F,C,L,P,G,G,R,Y,L,P,H,G,L,A,E,E,Q,P,L,R,L,G,P,G,L,E,V,W,A,T,P,G,H,G,G,Q,R,D,V,S,V,V,V,A,G,T,A,L,G,T,V,M,V,V,G,D,V,F,E,R,D,G,D,E,D,S,W,Q,A,L,S,E,D,P,V,S,Q,E,H,S,R,K,R,V,L,A,T,A,D,V,V,V,P,G,H,G,A,P,F,R,V,I,R,E,T
Lipotes_vexillifer,V,R,T,E,P,L,R,G,E,P,P,L,R,V,P,G,D,A,F,S,V,V,F,L,L,Q,G,Y,A,E,P,E,G,V,G,D,A,V,R,A,D,G,S,V,T,L,V,L,P,Q,A,W,G,P,A,S,G,H,R,E,P,P,P,E,G,Y,E,A,K,T,A,L,E,E,A,A,R,G,P,I,L,V,D,T,A,G,P,W,A,R,E,A,L,L,G,A,L,A,G,Q,G,V,A,P,G,D,V,T,L,V,V,G,T,H,G,H,S,D,H,I,G,N,L,G,L,F,P,A,A,A,L,L,V,S,H,D,F,C,L,P,G,G,R,Y,L,P,H,G,L,A,E,E,Q,P,L,R,L,G,P,G,L,E,V,W,A,T,P,G,H,G,G,Q,R,D,V,S,V,V,V,A,G,T,A,L,G,T,V,M,V,V,G,D,V,F,E,R,E,G,D,E,D,S,W,Q,A,L,S,E,D,P,V,S,Q,E,H,S,R,K,R,V,L,G,T,A,D,V,V,V,P,G,H,G,A,P,F,R,V,I,R,E,A
Monodon_monoceros,V,R,T,E,P,L,R,G,E,P,P,L,R,V,P,G,D,A,F,S,V,V,V,L,L,Q,G,Y,A,E,P,E,G,V,G,D,A,V,R,A,D,G,S,V,T,L,V,L,P,Q,A,W,G,P,A,S,G,H,R,E,P,P,P,E,V,Y,E,A,K,T,A,L,E,E,A,A,R,G,P,I,L,V,D,T,A,G,P,W,A,R,E,A,L,L,G,A,L,A,G,Q,G,V,A,P,G,D,V,T,L,V,V,G,T,H,G,H,S,D,H,I,G,N,L,G,L,F,P,A,A,A,L,L,V,S,H,D,F,C,L,P,G,G,H,Y,L,P,H,G,L,A,E,E,Q,P,L,R,L,G,P,G,L,E,V,W,A,T,P,G,H,G,G,Q,R,D,V,S,V,V,V,A,G,T,A,L,G,T,V,M,V,V,G,D,V,F,E,R,D,G,D,E,D,S,W,R,A,L,S,E,D,P,V,S,Q,E,H,S,R,K,R,V,L,A,T,A,D,V,V,V,P,G,H,G,A,P,F,R,V,I,R,E,A
Neophocaena_asiaeorientalis_asiaeorientalis,V,R,T,E,P,L,R,G,E,P,P,L,R,V,P,G,D,A,F,S,V,V,V,L,L,Q,G,Y,A,E,P,E,G,V,G,D,A,V,R,A,D,G,S,V,T,L,V,L,P,Q,A,W,G,P,A,S,G,H,R,E,P,P,P,E,V,Y,E,A,K,T,A,L,E,E,A,A,R,G,P,M,L,V,D,T,A,G,P,W,A,R,E,A,L,L,G,A,L,A,G,Q,G,V,A,P,G,D,V,T,L,V,V,G,T,H,G,H,S,D,H,I,G,N,L,G,L,F,P,A,A,A,L,L,V,S,H,D,F,C,L,P,G,G,R,Y,L,P,H,G,L,A,E,E,Q,P,L,R,L,G,P,G,L,E,V,W,A,T,P,G,H,G,G,Q,R,D,V,S,V,V,V,A,G,T,A,L,G,T,V,M,V,V,G,D,V,F,E,R,D,G,D,E,D,S,W,R,A,L,S,E,D,P,V,S,Q,E,H,S,R,K,R,V,L,A,T,A,D,V,V,V,P,G,H,G,A,P,F,R,V,I,R,E,A
Orcinus_orca,V,R,T,E,P,L,R,G,E,P,P,L,R,V,P,G,D,A,F,S,V,V,V,L,L,Q,G,Y,A,E,P,E,G,V,G,D,A,V,R,A,D,G,S,V,T,L,V,L,P,Q,A,W,G,P,A,S,G,H,R,E,P,P,P,E,G,Y,E,A,K,T,A,L,E,E,A,A,R,G,P,I,L,V,D,T,A,G,P,W,A,R,E,A,L,L,G,A,L,A,G,Q,G,V,A,P,G,D,V,T,L,V,V,G,T,H,G,H,S,D,H,I,G,N,L,G,L,F,P,A,A,A,L,L,V,S,H,D,F,C,L,P,G,G,R,Y,L,P,H,G,L,A,E,E,Q,P,L,R,L,G,P,G,L,E,V,W,A,T,P,G,H,G,G,Q,R,D,V,S,V,V,V,A,G,T,A,L,G,T,V,M,V,V,G,D,V,F,E,R,D,G,D,E,D,S,W,Q,A,L,S,E,D,P,V,S,Q,E,H,S,R,K,R,V,L,A,T,A,D,V,V,V,P,G,H,G,A,P,F,R,V,I,R,E,A
Phocoena_sinus,V,R,T,E,P,L,R,G,E,P,P,L,R,V,P,G,D,A,F,S,V,V,V,L,L,Q,G,Y,A,E,P,E,G,V,G,D,A,V,R,A,D,G,S,V,T,L,V,L,P,Q,A,W,G,P,A,S,G,H,R,E,P,P,P,E,V,Y,E,A,K,T,A,L,E,E,A,A,R,G,P,I,L,V,D,T,A,G,P,W,A,R,E,A,L,L,G,A,L,A,G,Q,G,V,A,P,G,D,V,T,L,V,V,G,T,H,G,H,S,D,H,I,G,N,L,G,L,F,P,A,A,A,L,L,V,S,H,D,F,C,L,P,G,G,R,Y,L,P,H,G,L,A,E,E,Q,P,L,R,L,G,P,G,L,E,V,W,A,T,P,G,H,G,G,Q,R,D,V,S,V,V,V,A,G,T,A,L,G,T,V,M,V,V,G,D,V,F,E,R,D,G,D,E,D,S,W,R,A,L,S,E,D,P,V,S,Q,E,H,S,R,K,R,V,L,A,T,A,D,V,V,V,P,G,H,G,A,P,F,R,V,I,R,E,A
Physeter_catodon,V,R,T,E,P,L,R,G,E,P,P,L,R,V,P,G,D,A,F,S,V,V,V,L,L,Q,G,Y,A,E,P,E,G,V,G,D,A,V,R,A,D,G,S,V,T,L,L,L,P,Q,A,W,G,P,A,S,G,R,R,E,P,P,P,E,G,Y,E,A,K,T,A,L,E,E,A,A,R,G,P,I,L,V,D,T,A,G,P,W,A,R,E,A,L,L,G,A,L,A,G,Q,G,V,A,P,G,D,V,T,L,V,V,G,T,H,G,H,S,D,H,I,G,N,L,G,L,F,P,A,A,A,L,L,V,S,H,D,F,C,L,P,G,G,R,Y,L,P,H,G,L,A,E,E,Q,P,L,R,L,G,P,G,L,E,V,W,A,T,P,G,H,G,G,Q,R,D,V,S,V,V,V,A,G,T,A,L,G,T,V,M,I,V,G,D,V,F,E,R,D,G,D,E,D,S,W,Q,A,L,S,E,D,P,V,S,Q,E,H,S,R,K,R,V,L,G,T,A,D,V,V,V,P,G,H,G,A,P,F,R,V,I,R,E,A
Tursiops_truncatus,V,R,T,E,P,L,R,G,E,P,P,L,R,V,P,G,D,A,F,S,V,V,V,L,L,Q,G,Y,A,E,P,E,G,V,G,D,A,V,R,A,D,G,S,V,T,L,V,L,P,Q,A,W,G,P,A,S,G,H,R,E,P,P,P,E,G,Y,E,A,K,T,A,L,E,E,A,A,R,G,P,I,L,V,D,T,A,G,P,W,A,R,E,A,L,L,G,A,L,A,G,Q,G,V,A,P,G,D,V,T,L,V,V,G,T,H,G,H,S,D,H,I,G,N,L,G,L,F,P,A,A,A,L,L,V,S,H,D,F,C,L,P,G,G,R,Y,L,P,H,G,L,A,E,E,Q,P,L,R,L,G,P,G,L,E,V,W,A,T,P,G,H,G,G,Q,R,D,V,S,V,V,V,A,G,T,A,L,G,T,V,M,V,V,G,D,V,F,E,R,D,G,D,E,D,S,W,Q,A,L,S,E,D,P,V,S,Q,E,H,S,R,K,R,V,L,A,T,A,D,V,V,V,P,G,H,G,A,P,F,R,V,I,R,E,A
Acinonyx_jubatus,V,Q,T,E,P,L,L,G,E,P,P,L,L,V,R,G,D,P,Y,S,V,V,V,L,L,Q,G,Y,A,E,P,E,G,V,G,D,A,V,R,A,D,G,S,V,T,L,V,L,P,Q,A,W,G,P,A,S,S,H,R,Q,S,P,P,E,G,G,G,A,K,T,A,L,E,E,A,A,R,G,P,I,L,V,D,T,G,G,P,W,A,R,D,T,L,L,G,A,L,A,R,Q,G,V,A,P,G,D,V,T,L,V,V,G,T,H,G,H,S,D,H,I,G,N,L,G,L,F,P,G,A,A,L,L,V,S,H,D,F,C,L,P,G,G,R,Y,F,P,H,G,L,G,E,E,R,P,L,R,L,G,P,G,L,E,V,W,A,T,P,G,H,G,G,Q,R,D,V,S,V,V,V,A,G,T,V,L,G,T,V,V,V,A,G,D,V,F,E,R,S,G,D,E,D,S,W,Q,A,L,S,E,D,P,V,A,Q,E,R,S,R,K,R,V,L,G,T,A,D,V,V,V,P,G,H,G,A,P,F,R,V,V,R,E,A
Acomys_russatus,V,R,T,E,P,L,H,G,E,T,P,L,L,A,R,S,D,S,Y,S,V,A,V,L,L,R,G,Y,T,E,P,Q,G,A,G,D,A,V,R,A,D,G,T,V,T,L,V,L,P,R,A,W,T,S,D,S,I,P,R,V,A,L,S,A,D,S,D,A,K,T,A,L,E,E,A,V,R,G,P,I,L,V,D,T,G,G,P,W,A,R,D,A,L,L,E,A,L,A,R,Q,S,V,A,P,G,D,V,T,L,V,V,G,T,H,G,H,S,D,H,I,G,N,L,G,L,F,P,R,A,A,L,F,V,S,H,D,F,C,L,P,G,G,L,Y,L,P,H,G,L,C,E,M,Q,P,L,T,L,G,S,G,L,Q,V,W,A,T,P,G,H,G,G,Q,R,D,V,S,V,V,V,E,G,T,N,L,G,T,V,V,V,A,G,D,V,F,E,R,L,G,D,E,D,S,W,Q,A,L,S,E,D,P,V,A,Q,Q,R,S,R,E,R,I,L,G,V,A,D,V,V,V,P,G,H,G,S,P,F,R,V,V,R,E,A
Arvicanthis_niloticus,V,R,T,E,P,L,H,D,E,T,P,L,L,A,P,S,G,S,Y,S,V,A,V,L,L,R,G,Y,A,E,P,Q,G,A,G,D,A,V,R,A,D,G,T,V,T,L,V,L,P,R,G,W,A,S,D,S,S,H,R,L,A,P,P,A,D,R,G,A,K,T,A,L,E,E,A,V,R,G,P,I,L,V,D,T,G,G,P,W,A,R,D,A,L,L,E,A,L,A,A,Q,G,V,A,P,G,D,V,T,L,V,V,G,T,H,G,H,S,D,H,I,G,N,L,G,L,F,P,E,A,A,L,L,I,S,H,D,F,C,L,P,G,G,L,Y,L,P,H,G,L,C,E,T,Q,P,L,I,L,G,S,G,L,Q,V,W,A,T,P,G,H,G,G,Q,R,D,V,S,V,V,V,E,G,T,S,L,G,T,V,V,V,A,G,D,V,F,E,R,L,G,D,E,D,S,W,Q,A,L,S,E,D,P,V,A,Q,Q,R,S,R,E,R,I,L,S,V,A,D,V,V,V,P,G,H,G,A,P,F,R,V,V,R,E,A
Bison_bison_bison,V,R,T,E,P,L,P,G,E,T,P,L,L,V,P,G,D,P,Y,S,V,V,V,L,L,Q,G,Y,A,E,P,E,G,V,G,D,A,V,R,A,D,G,S,V,T,L,V,L,P,Q,A,W,G,P,A,S,S,H,R,E,P,Q,P,Y,-,-,E,A,K,T,A,L,E,E,A,A,R,G,P,I,L,V,D,T,A,G,P,W,A,R,E,A,L,L,G,A,L,A,G,Q,G,V,A,P,G,D,V,T,L,V,V,G,T,H,G,H,S,D,H,I,G,N,L,G,L,F,P,G,A,A,L,L,V,S,H,D,F,C,L,P,G,G,R,Y,L,P,H,G,L,G,E,E,R,P,L,R,L,G,P,G,L,E,V,W,A,T,P,G,H,G,G,Q,R,D,V,S,V,L,V,A,G,T,A,L,G,T,V,M,V,V,G,D,V,F,E,R,D,G,D,E,G,S,W,Q,A,L,S,E,D,P,V,A,Q,K,H,S,R,K,R,V,L,G,T,A,D,V,V,V,P,G,H,G,A,P,F,R,V,I,R,E,A
Bos_indicus,V,R,T,E,P,L,P,G,E,T,P,L,L,V,P,G,D,P,Y,S,V,V,V,L,L,Q,G,Y,A,E,P,E,G,V,G,D,A,V,R,A,D,G,S,V,T,L,V,L,P,Q,A,W,G,P,A,S,S,H,R,E,P,Q,P,Y,-,-,E,A,K,T,A,L,E,E,A,A,R,G,P,I,L,V,D,T,A,G,P,W,A,R,E,A,L,L,G,A,L,A,G,Q,G,V,A,P,G,D,V,T,L,V,V,G,T,H,G,H,S,D,H,I,G,N,L,G,L,F,P,G,A,A,L,L,V,S,H,D,F,C,L,P,G,G,R,Y,L,P,H,G,L,G,E,E,R,P,L,R,L,G,P,G,L,E,V,W,A,T,P,G,H,G,G,Q,R,D,V,S,V,L,V,A,G,T,A,L,G,T,V,M,V,V,G,D,V,F,E,R,D,G,D,E,G,S,W,Q,A,L,S,E,D,P,V,A,Q,K,H,S,R,K,R,-,L,G,T,A,D,V,V,V,P,G,H,G,A,P,F,R,V,I,R,E,A
Bos_mutus,V,R,T,E,P,L,P,G,K,T,P,L,L,V,P,G,D,P,Y,S,V,V,V,L,L,Q,G,Y,A,E,P,E,G,V,G,D,A,V,R,A,D,G,S,V,T,L,V,L,P,R,A,W,G,P,A,S,S,H,R,E,P,Q,P,Y,-,-,E,A,K,T,A,L,E,E,A,A,R,G,P,I,L,V,D,T,A,G,P,W,A,R,E,A,L,L,G,A,L,A,G,Q,G,V,A,P,G,D,V,T,L,V,V,G,T,H,G,H,S,D,H,I,G,N,L,G,L,F,P,G,A,A,L,L,V,S,H,D,F,C,L,P,G,G,R,Y,L,P,H,G,L,G,E,E,R,P,L,R,L,G,P,G,L,E,V,W,A,T,P,G,H,G,G,Q,R,D,V,S,V,L,V,A,G,T,A,L,G,T,V,M,V,V,G,D,V,F,E,R,D,G,D,E,G,S,W,Q,A,L,S,E,D,P,V,A,Q,K,H,S,R,K,R,V,L,G,T,A,D,V,V,V,P,G,H,G,A,P,F,R,V,I,R,E,A
Bos_taurus,V,R,T,E,P,L,P,G,E,T,P,L,L,V,P,G,D,P,Y,S,V,V,V,L,L,Q,G,Y,A,E,P,E,G,V,G,D,A,V,R,A,D,G,S,V,T,L,V,L,P,Q,A,W,G,P,A,S,S,H,R,E,P,Q,P,Y,-,-,E,A,K,T,A,L,E,E,A,A,R,G,P,I,L,V,D,T,A,G,P,W,A,R,E,A,L,L,G,A,L,A,G,Q,G,V,A,P,G,D,V,T,L,V,V,G,T,H,G,H,S,D,H,I,G,N,L,G,L,F,P,G,A,A,L,L,V,S,H,D,F,C,L,P,G,G,R,Y,L,P,H,G,L,G,E,E,R,P,L,R,L,G,P,G,L,E,V,W,A,T,P,G,H,G,G,Q,R,D,V,S,V,L,V,A,G,T,A,L,G,T,V,M,V,V,G,D,V,F,E,R,D,G,D,E,G,S,W,Q,A,L,S,E,D,P,V,A,Q,K,H,S,R,K,R,I,L,G,T,A,D,V,V,V,P,G,H,G,A,P,F,R,V,I,R,E,A
Bubalus_bubalis,V,R,T,E,P,L,P,G,E,T,P,L,L,V,P,G,D,P,Y,S,V,V,V,L,L,Q,G,Y,A,E,P,E,G,V,G,D,A,V,R,A,D,G,S,V,T,L,V,L,P,Q,A,W,G,R,A,S,S,H,R,E,P,Q,P,Y,-,-,E,A,K,T,A,L,E,E,A,A,R,G,P,I,L,V,D,T,A,G,P,W,A,R,E,A,L,L,G,A,L,A,G,Q,G,V,A,P,G,D,V,T,L,V,V,G,T,H,G,H,S,D,H,I,G,N,L,G,L,F,P,G,A,A,L,L,V,S,H,D,F,C,L,P,G,G,R,Y,L,P,H,G,L,G,E,E,R,P,L,R,L,G,P,G,L,E,V,W,A,T,P,G,H,G,G,Q,R,D,V,S,V,L,V,A,G,T,A,L,G,T,V,M,V,V,G,D,V,F,E,R,D,G,D,E,G,S,W,Q,A,L,S,E,D,P,V,A,Q,K,H,S,R,K,R,V,L,G,A,A,D,V,V,V,P,G,H,G,A,P,F,R,V,I,R,E,A
Budorcas_taxicolor,V,R,T,E,P,L,P,G,E,T,P,L,L,V,P,G,D,P,Y,S,V,V,V,L,L,Q,G,Y,A,E,P,E,G,V,G,D,A,V,R,A,D,G,S,V,T,L,V,L,P,R,A,W,G,P,A,S,S,H,R,E,P,Q,P,Y,-,-,E,A,K,T,A,L,E,E,A,A,R,G,P,I,L,V,D,T,A,G,P,W,A,R,E,A,L,L,G,A,L,A,G,Q,G,V,A,P,G,D,V,T,L,V,V,G,T,H,G,H,S,D,H,I,G,N,L,G,L,F,P,G,A,A,L,L,V,S,H,D,F,C,L,P,G,G,R,Y,L,P,H,G,L,G,E,E,R,P,L,R,L,G,P,G,L,E,V,W,A,T,P,G,H,G,G,Q,R,D,V,S,V,L,V,A,G,T,A,L,G,T,V,M,V,V,G,D,V,F,E,R,D,G,D,E,G,S,W,Q,A,L,S,E,D,P,V,A,Q,K,H,S,R,K,R,V,L,G,T,A,D,V,I,V,P,G,H,G,A,P,F,R,V,I,K,E,A
Callithrix_jacchus,M,R,T,E,P,L,R,G,A,S,P,L,L,V,P,G,D,P,Y,S,V,V,V,L,L,Q,G,Y,A,E,P,E,G,V,D,D,A,V,R,A,N,G,S,V,T,L,V,L,P,Q,T,W,G,P,A,S,-,-,-,-,-,-,-,-,-,G,G,A,E,A,A,L,E,E,A,A,R,G,P,I,L,V,D,T,G,G,P,W,A,R,E,A,L,L,G,A,L,A,G,Q,G,V,A,P,G,D,V,T,L,V,V,G,T,H,G,H,S,D,H,I,G,N,L,G,L,F,P,G,A,A,L,L,V,S,H,D,F,C,L,P,G,G,R,Y,L,P,H,G,L,G,E,G,R,P,L,S,L,G,P,G,L,E,V,W,A,T,P,G,H,G,G,Q,R,D,V,S,V,V,V,A,G,T,A,L,G,T,V,V,V,A,G,D,V,F,E,R,D,G,D,E,D,S,W,Q,A,L,S,E,D,P,A,A,Q,E,R,T,R,K,R,V,L,V,A,A,D,V,V,V,P,G,H,G,P,P,F,R,V,L,R,E,G
Camelus_bactrianus,V,R,T,E,P,L,R,G,E,S,P,V,L,V,P,G,D,P,Y,S,V,V,V,L,L,Q,G,Y,A,E,P,E,G,V,G,D,A,V,R,A,D,G,S,V,T,L,V,L,P,Q,A,W,G,L,A,S,S,H,R,E,P,P,P,E,G,C,E,A,K,T,A,L,E,E,A,A,R,G,P,I,L,V,D,T,A,G,P,W,A,R,E,A,L,L,R,A,L,A,G,Q,G,V,A,P,G,D,V,T,L,V,V,G,T,H,G,H,S,D,H,I,G,N,L,G,L,F,P,G,A,A,L,L,V,S,H,D,F,C,L,P,G,G,R,Y,L,P,H,G,L,R,E,E,H,P,L,R,L,G,P,G,L,E,V,W,A,T,P,G,H,G,G,Q,R,D,V,S,V,V,V,A,G,T,A,L,G,T,V,M,I,V,G,D,V,F,E,R,D,G,D,E,D,S,W,Q,A,L,S,E,D,P,V,T,Q,E,H,S,R,K,R,V,L,G,A,A,D,V,I,V,P,G,H,G,A,P,F,R,V,I,R,E,A
Camelus_dromedarius,V,R,T,E,P,L,R,G,E,S,P,V,L,V,P,G,D,P,Y,S,V,V,V,L,L,Q,G,Y,A,E,P,E,G,V,G,D,A,V,R,A,D,G,S,V,T,L,V,L,P,Q,A,W,G,L,A,S,S,H,R,E,P,P,P,E,G,C,E,A,K,T,A,L,E,E,A,A,R,G,P,I,L,V,D,T,A,G,P,W,A,R,E,A,L,L,R,A,L,A,G,Q,G,V,A,P,G,D,V,T,L,V,V,G,T,H,G,H,S,D,H,I,G,N,L,G,L,F,P,G,A,A,L,L,V,S,H,D,F,C,L,P,G,G,R,Y,L,P,H,G,L,R,E,E,H,P,L,R,L,G,P,G,L,E,V,W,A,T,P,G,H,G,G,Q,R,D,V,S,V,V,V,A,G,T,A,L,G,T,V,M,I,V,G,D,V,F,E,R,D,G,D,E,D,S,W,Q,A,L,S,E,D,P,V,T,Q,E,H,S,R,K,R,V,L,G,A,A,D,V,I,V,P,G,H,G,A,P,F,R,V,I,R,E,A
Camelus_ferus,V,R,T,E,P,L,R,G,E,S,P,V,L,V,P,G,D,P,Y,S,V,V,V,L,L,Q,G,Y,A,E,P,E,G,V,G,D,A,V,R,A,D,G,S,V,T,L,V,L,P,Q,A,W,G,L,A,S,S,H,R,E,P,P,P,E,G,C,E,A,K,T,A,L,E,E,A,A,R,G,P,I,L,V,D,T,A,G,P,W,A,R,E,A,L,L,R,A,L,A,G,Q,G,V,A,P,G,D,V,T,L,V,V,G,T,H,G,H,S,D,H,I,G,N,L,G,L,F,P,G,A,A,L,L,V,S,H,D,F,C,L,P,G,G,R,Y,L,P,H,G,L,R,E,E,H,P,L,R,L,G,P,G,L,E,V,W,A,T,P,G,H,G,G,Q,R,D,V,S,V,V,V,A,G,T,A,L,G,T,V,M,I,V,G,D,V,F,E,R,D,G,D,E,D,S,W,Q,A,L,S,E,D,P,V,T,Q,E,H,S,R,K,R,V,L,G,A,A,D,V,I,V,P,G,H,G,A,P,F,R,V,I,R,E,A
Capra_hircus,V,R,S,E,P,L,P,G,E,T,P,L,L,V,P,G,D,P,Y,S,V,V,V,L,L,Q,G,Y,A,E,P,E,G,V,G,D,A,V,R,A,D,G,S,V,T,L,V,L,P,R,A,W,G,P,A,S,S,H,R,E,P,Q,P,Y,-,-,E,A,K,T,A,L,E,E,A,A,R,G,P,I,L,V,D,T,A,G,P,W,A,R,E,A,L,L,G,A,L,A,G,Q,G,V,A,P,G,D,V,T,L,V,V,G,T,H,G,H,S,D,H,I,G,N,L,G,L,F,P,G,A,A,L,L,V,S,H,D,F,C,L,P,G,G,R,Y,L,P,H,G,L,C,E,E,R,P,L,R,L,G,P,G,L,E,V,W,A,T,P,G,H,G,G,Q,R,D,V,S,V,L,V,A,G,T,A,L,G,T,V,M,V,V,G,D,V,F,E,R,D,G,D,E,G,S,W,Q,A,L,S,E,D,P,V,A,Q,K,H,S,R,K,R,V,L,G,T,A,D,V,I,V,P,G,H,G,A,P,F,R,L,I,K,E,A
Cebus_imitator,M,R,T,E,P,L,R,G,A,S,P,L,L,V,P,G,D,P,Y,S,V,V,V,L,L,Q,G,Y,A,E,P,E,G,V,D,D,A,V,R,A,D,G,S,V,T,L,V,L,P,Q,T,W,G,P,A,N,S,H,G,E,S,P,R,G,G,G,G,A,E,A,A,L,E,E,A,A,R,G,P,I,L,V,D,T,G,G,P,W,A,R,E,A,L,L,G,A,L,A,G,Q,G,V,A,P,E,D,V,T,L,V,V,G,T,H,G,H,S,D,H,I,G,N,L,G,L,F,P,G,A,A,L,L,V,S,H,D,F,C,L,P,G,G,R,Y,L,P,H,G,L,G,E,G,R,P,L,R,L,G,P,G,L,E,V,W,A,T,P,G,H,G,G,H,R,D,V,S,V,V,V,A,G,T,A,L,G,T,V,V,V,A,G,D,V,F,E,R,D,G,D,E,D,S,W,Q,A,L,S,E,D,P,A,A,Q,E,R,S,R,K,R,V,L,V,A,A,D,V,V,V,P,G,H,G,P,P,F,R,V,L,R,E,A
Ceratotherium_simum_simum,V,R,T,E,R,L,R,G,E,P,P,L,L,V,P,G,D,P,Y,S,V,V,V,L,L,Q,G,Y,A,E,P,E,G,-,G,D,A,V,R,A,D,G,S,V,T,L,V,L,P,Q,A,W,G,P,A,S,S,H,R,E,S,L,S,E,D,G,E,A,K,T,S,L,E,E,A,A,R,G,P,I,L,V,D,T,G,G,P,W,A,R,E,A,L,L,G,A,L,A,G,Q,G,V,A,P,G,D,V,T,L,V,V,G,T,H,G,H,S,D,H,I,G,N,L,G,L,F,P,A,A,A,L,L,V,S,H,D,F,C,L,P,G,G,R,Y,L,L,H,G,L,G,E,E,R,P,L,R,L,G,P,G,L,E,V,W,A,T,P,G,H,G,G,Q,R,D,V,S,V,V,V,A,G,T,A,L,G,T,V,V,V,V,G,D,V,F,E,H,E,G,D,E,D,S,W,Q,A,L,S,E,D,P,V,A,Q,E,R,S,R,K,R,V,L,G,T,A,D,V,V,V,P,G,H,G,A,P,F,R,V,V,R,E,A
Cercocebus_atys,M,R,T,E,P,L,R,G,A,S,P,L,L,V,P,G,D,P,Y,S,V,V,V,L,L,Q,G,Y,A,E,P,E,G,V,G,D,A,V,R,A,D,G,S,V,T,L,V,L,P,Q,T,R,G,P,A,S,S,H,R,K,S,P,C,R,S,G,G,A,E,A,A,L,E,E,A,A,C,G,P,I,L,V,D,T,G,G,P,W,A,R,E,A,L,L,R,A,L,A,G,Q,G,V,A,P,G,D,V,T,L,V,V,G,T,H,G,H,S,D,H,I,G,N,L,G,L,F,P,G,A,A,L,L,V,S,H,D,F,C,L,P,G,G,R,Y,L,P,H,G,L,G,E,G,Q,P,L,R,L,G,P,G,L,E,V,W,A,T,P,G,H,G,G,Q,R,D,V,S,V,V,V,A,G,T,A,L,G,T,V,V,V,A,G,D,V,F,E,R,D,G,D,E,D,S,W,Q,A,L,S,E,D,P,A,A,Q,E,R,S,R,K,R,V,L,V,V,A,D,V,V,V,P,G,H,G,P,P,F,R,V,L,R,E,A
Cervus_canadensis,V,R,T,E,P,L,P,G,E,T,P,L,L,V,P,G,D,P,Y,S,V,V,V,L,L,Q,G,Y,A,E,P,E,G,V,G,D,A,V,R,A,D,G,S,V,T,L,V,L,P,Q,A,W,A,P,P,S,T,H,R,E,P,L,P,Y,-,-,E,A,K,A,A,L,E,E,A,A,R,G,P,I,L,V,D,T,A,G,P,W,A,R,E,A,L,L,G,A,L,E,G,Q,G,V,A,P,G,D,V,T,L,V,V,G,T,H,G,H,S,D,H,I,G,N,L,G,L,F,P,G,A,A,L,L,V,S,H,D,F,C,L,P,G,G,R,Y,L,P,H,G,L,G,E,E,R,P,L,R,L,G,P,G,L,E,V,W,A,T,P,G,H,G,G,Q,R,D,V,S,V,L,V,A,G,T,A,L,G,T,I,M,V,V,G,D,V,F,E,R,D,G,D,E,G,S,W,Q,A,L,S,E,D,P,V,A,Q,K,H,S,R,K,R,V,L,G,T,A,D,V,V,V,P,G,H,G,A,P,F,R,V,I,R,E,A
Chlorocebus_sabaeus,M,R,T,E,P,L,R,G,A,S,P,L,L,V,P,G,D,P,Y,S,V,V,V,L,L,Q,G,Y,A,E,P,E,G,V,G,D,A,V,R,A,D,G,S,V,T,L,V,L,P,Q,T,R,G,P,A,S,S,H,R,K,S,P,R,G,S,G,G,A,E,A,A,L,E,E,A,A,R,G,P,I,L,V,D,T,G,G,P,W,A,R,E,A,L,L,R,A,L,A,G,Q,G,V,A,P,G,D,V,K,L,V,V,G,T,H,G,H,S,D,H,I,G,N,L,G,L,F,P,G,A,A,L,L,V,S,H,D,F,C,L,P,G,G,R,Y,L,P,H,G,L,G,E,G,Q,P,L,R,L,G,P,G,L,E,V,W,A,T,P,G,H,G,G,Q,R,D,V,S,V,V,V,A,G,T,A,L,G,T,V,V,V,A,G,D,V,F,E,R,D,G,D,E,D,S,W,Q,A,L,S,E,D,P,A,A,Q,E,R,S,R,K,R,V,L,V,V,A,D,V,V,V,P,G,H,G,P,P,F,R,V,L,R,E,A
Colobus_angolensis_palliatus,M,R,T,E,P,L,R,G,A,S,P,L,L,V,P,G,N,P,Y,S,V,V,V,L,L,Q,G,Y,A,E,P,E,G,V,G,D,T,V,R,A,D,G,S,V,T,L,V,L,P,Q,T,R,G,P,A,S,S,H,R,K,S,P,R,G,S,G,G,A,E,A,A,L,E,E,A,A,R,G,P,I,L,V,D,T,G,G,P,W,A,R,E,A,L,L,R,A,L,A,G,Q,G,V,A,P,G,D,V,T,L,V,V,G,T,H,G,H,S,D,H,I,G,N,L,G,L,F,P,G,A,A,L,L,V,S,H,D,F,C,L,P,G,G,R,Y,L,P,H,G,L,G,E,G,Q,P,L,R,L,G,P,G,L,Q,V,W,A,T,P,G,H,G,G,Q,R,D,V,S,V,V,V,A,G,T,A,L,G,T,V,V,V,A,G,D,V,F,E,R,D,G,D,E,D,S,W,Q,A,L,S,E,D,P,A,A,Q,E,R,S,R,K,R,V,L,V,V,A,D,V,V,V,P,G,H,G,P,P,F,R,V,L,R,E,A
Condylura_cristata,V,R,T,E,P,L,R,G,E,A,P,L,L,L,P,G,D,P,Y,S,V,V,V,L,L,Q,G,Y,A,E,P,E,G,I,G,D,A,V,R,A,D,G,S,V,T,L,V,L,P,R,A,W,V,R,T,P,S,S,R,E,P,P,P,W,G,G,E,G,K,T,A,L,E,E,A,A,R,G,P,I,L,V,D,T,G,G,P,W,A,R,E,A,L,L,G,A,L,A,A,Q,G,L,A,P,G,D,V,T,L,V,V,G,T,H,G,H,S,D,H,I,G,N,L,G,L,F,P,A,A,A,L,L,V,S,H,D,F,C,L,P,G,G,L,Y,L,P,L,G,L,G,E,E,Q,P,L,K,L,G,P,G,L,E,V,W,A,T,P,G,H,G,G,Q,R,D,V,S,V,V,V,P,G,T,A,L,G,T,V,V,V,V,G,D,V,F,E,S,D,G,D,E,D,S,W,Q,A,L,S,E,D,P,V,A,Q,E,R,S,R,K,K,I,L,G,T,A,D,V,V,V,P,G,H,G,A,P,F,R,L,V,R,E,A
Elephas_maximus_indicus,V,R,T,E,P,L,R,G,E,P,P,L,L,V,P,G,G,P,Y,S,V,V,V,L,L,Q,G,Y,A,E,P,E,G,V,S,D,A,V,R,A,D,G,S,V,T,L,V,L,P,Q,D,W,A,L,G,S,S,H,R,E,P,P,S,G,D,G,G,S,K,S,A,L,K,E,A,A,R,G,P,I,V,V,D,T,G,G,P,W,A,R,E,A,L,L,G,A,L,A,G,Q,G,V,A,P,G,D,V,T,L,V,V,G,T,H,G,H,S,D,H,I,G,N,L,G,L,F,P,G,A,A,L,L,V,S,H,D,F,C,L,P,G,G,R,Y,L,P,H,G,L,S,E,E,R,P,L,R,L,G,P,G,L,E,V,W,A,T,P,G,H,G,G,Q,K,D,V,S,V,V,V,A,G,T,A,L,G,T,V,V,V,V,G,D,V,F,E,R,D,G,D,E,D,S,W,Q,A,L,S,E,D,P,V,A,Q,E,R,S,R,K,R,I,L,S,A,A,D,V,V,V,P,G,H,G,A,P,F,K,V,V,R,E,D
Enhydra_lutris_kenyoni,V,R,T,E,P,L,R,G,E,P,P,L,L,V,R,G,H,P,Y,S,V,V,V,L,L,Q,G,Y,A,E,P,E,G,V,D,D,A,V,R,A,D,G,S,V,T,L,V,L,P,Q,A,W,G,S,A,S,S,H,Q,E,S,P,P,H,S,G,G,A,K,T,A,L,E,E,A,A,R,G,P,I,L,V,D,T,G,G,P,W,A,R,E,A,L,L,G,A,L,A,G,Q,G,V,A,P,G,D,V,T,L,V,V,G,T,H,G,H,S,D,H,I,G,N,L,G,L,F,P,G,A,A,L,L,V,S,H,D,F,C,L,P,G,G,R,Y,L,P,H,G,L,G,E,E,R,P,L,Q,L,G,P,G,L,E,V,W,A,T,P,G,H,G,G,Q,R,D,V,S,V,V,V,A,G,T,A,L,G,T,V,V,V,A,G,D,V,F,E,R,S,G,D,E,D,S,W,Q,A,L,S,E,D,R,V,A,Q,E,R,S,R,K,R,V,L,G,T,A,D,V,V,V,P,G,H,G,A,P,F,R,V,V,R,E,A
Equus_asinus,V,Q,T,K,P,L,R,G,E,T,P,L,L,V,P,G,G,P,Y,S,V,V,V,L,L,Q,G,Y,A,E,P,E,E,-,G,D,A,V,R,A,D,G,S,V,T,L,V,L,P,Q,A,W,G,P,A,S,S,H,E,E,P,P,P,K,G,G,E,A,K,S,A,L,E,E,A,A,R,G,P,I,L,V,D,T,G,G,P,W,A,R,E,A,L,L,G,A,L,A,G,Q,G,V,A,P,G,D,V,T,L,V,V,G,T,H,G,H,S,D,H,I,G,N,L,G,L,F,P,A,A,S,L,L,V,S,H,D,F,C,L,P,G,G,R,Y,L,L,H,G,L,G,E,E,R,P,L,R,L,G,P,G,L,E,V,W,A,T,P,G,H,G,G,Q,R,D,V,S,V,V,V,A,D,T,A,L,G,T,V,M,V,V,G,D,V,F,E,R,E,G,D,E,D,S,W,Q,A,L,S,E,D,P,V,A,Q,E,R,S,R,K,R,V,L,D,T,A,D,V,V,V,P,G,H,G,A,P,F,R,V,V,R,E,A
Equus_przewalskii,V,Q,T,K,P,L,R,G,E,T,P,L,L,V,P,G,G,P,Y,S,V,V,V,L,L,Q,G,Y,A,E,P,E,E,-,G,D,A,V,R,A,D,G,S,V,T,L,V,L,P,Q,A,W,G,P,A,S,S,H,E,E,P,P,P,T,G,G,E,A,K,S,A,L,E,E,A,A,R,G,P,I,L,V,D,T,G,G,P,W,A,R,E,A,L,L,G,A,L,A,G,Q,G,V,A,P,G,D,V,T,L,V,V,G,T,H,G,H,S,D,H,I,G,N,L,G,L,F,P,A,A,S,L,L,V,S,H,D,F,C,L,P,G,G,R,Y,L,L,H,G,L,G,E,E,R,P,L,R,L,G,P,G,L,E,V,W,A,T,P,G,H,G,G,Q,R,D,V,S,V,V,V,A,G,T,A,L,G,T,V,M,V,V,G,D,V,F,E,R,E,G,D,E,D,S,W,Q,A,L,S,E,D,P,V,A,Q,E,R,S,R,K,R,V,L,D,T,A,D,V,V,V,P,G,H,G,A,P,F,R,V,V,R,E,A
Equus_quagga,V,Q,T,K,P,L,R,G,E,T,P,L,L,V,P,G,G,P,Y,S,V,V,V,L,L,Q,G,Y,A,E,P,E,E,-,G,D,A,V,R,A,D,G,S,V,T,L,V,L,P,Q,A,W,G,P,A,S,S,H,E,E,P,P,P,K,G,G,E,A,K,S,A,L,E,E,A,A,R,G,P,I,L,V,D,T,G,G,P,W,A,R,E,A,L,L,G,A,L,A,E,Q,G,V,A,P,G,D,V,T,L,V,V,G,T,H,G,H,S,D,H,I,G,N,L,G,L,F,P,A,A,S,L,L,V,S,H,D,F,C,L,P,G,G,R,Y,L,L,H,G,L,G,E,E,R,P,L,R,L,G,P,G,L,E,V,W,A,T,P,G,H,G,G,Q,R,D,V,S,V,V,V,A,D,T,A,L,G,T,V,M,V,V,G,D,V,F,E,R,E,G,D,E,D,S,W,Q,A,L,S,E,D,P,V,A,Q,E,R,S,R,K,R,V,L,D,T,A,D,V,V,V,P,G,H,G,A,P,F,R,V,V,R,E,A
Gorilla_gorilla_gorilla,M,R,T,E,P,L,C,G,A,S,P,L,L,V,P,G,D,P,Y,S,V,V,V,L,L,Q,G,Y,A,E,P,E,G,V,G,D,A,V,R,A,D,G,S,V,T,L,V,L,P,Q,T,R,G,P,A,S,S,H,R,E,S,P,R,G,S,G,G,A,E,A,A,L,E,E,A,A,R,G,P,I,L,V,D,T,G,G,P,W,A,R,E,A,L,L,G,A,L,A,G,Q,G,V,A,P,G,D,V,T,L,V,V,G,T,H,G,H,S,D,H,I,G,N,L,G,L,F,P,G,A,A,L,L,V,S,H,D,F,C,L,P,G,G,R,Y,L,P,H,G,L,G,E,G,Q,P,L,R,L,G,P,G,L,E,V,W,A,T,P,G,H,G,G,Q,R,D,V,S,V,V,V,A,G,T,A,L,G,T,V,V,V,A,G,D,V,F,E,R,D,G,D,E,D,S,W,Q,A,L,S,E,D,P,A,A,Q,E,R,S,R,K,R,V,L,V,V,A,D,V,V,V,P,G,H,G,P,P,F,R,V,L,R,E,A
Halichoerus_grypus,V,R,T,E,P,L,P,G,E,P,P,L,L,V,S,G,D,P,Y,S,V,V,V,L,L,Q,G,Y,A,E,P,E,G,V,D,D,A,V,R,A,D,G,S,V,T,L,V,L,P,Q,A,W,G,S,A,S,G,T,R,E,S,P,P,E,G,G,G,A,K,T,A,L,E,E,V,A,R,G,P,I,L,V,D,T,G,G,P,W,A,R,E,A,L,L,G,A,L,A,A,Q,G,V,A,P,G,D,V,T,L,V,V,G,T,H,G,H,S,D,H,I,G,N,L,G,L,F,P,G,A,A,L,L,V,S,H,D,F,C,L,P,G,G,R,Y,L,P,H,G,L,G,E,E,R,P,L,Q,L,G,P,G,L,E,V,W,A,T,P,G,H,G,G,Q,R,D,V,S,V,V,V,A,G,T,A,L,G,T,V,V,V,V,G,D,V,F,E,R,N,G,D,E,D,S,W,Q,A,L,S,E,D,P,V,A,Q,E,R,S,R,K,R,V,L,A,T,A,D,V,V,V,P,G,H,G,A,P,F,R,V,V,R,E,A
Homo_sapiens,M,R,T,E,P,L,C,G,A,S,P,L,L,V,P,G,D,P,Y,S,V,V,V,L,L,Q,G,Y,A,E,P,E,G,V,G,D,A,V,R,A,D,G,S,V,T,L,V,L,P,Q,T,R,G,P,A,S,S,H,R,E,S,P,R,G,S,G,G,A,E,A,A,L,E,E,A,A,R,G,P,I,L,V,D,T,G,G,P,W,A,R,E,A,L,L,G,A,L,A,G,Q,G,V,A,P,G,D,V,T,L,V,V,G,T,H,G,H,S,D,H,I,G,N,L,G,L,F,P,G,A,A,L,L,V,S,H,D,F,C,L,P,G,G,R,Y,L,P,H,G,L,G,E,G,Q,P,L,R,L,G,P,G,L,E,V,W,A,T,P,G,H,G,G,Q,R,D,V,S,V,V,V,A,G,T,A,L,G,T,V,V,V,A,G,D,V,F,E,R,D,G,D,E,D,S,W,Q,A,L,S,E,D,P,A,A,Q,E,R,S,R,K,R,V,L,V,V,A,D,V,V,V,P,G,H,G,P,P,F,R,V,L,R,E,A
Hylobates_moloch,M,R,T,E,L,L,R,G,A,S,P,L,L,V,P,G,D,P,Y,S,V,V,V,L,L,Q,G,Y,A,E,P,E,G,V,G,D,A,V,R,A,D,G,S,V,T,L,V,L,P,Q,T,R,G,P,A,S,S,H,R,E,S,P,R,G,S,G,G,A,E,A,A,L,E,E,A,A,R,G,P,I,L,V,D,T,G,G,P,W,A,R,E,A,L,L,G,A,L,A,G,Q,G,V,A,P,G,D,V,T,L,V,V,G,T,H,G,H,S,D,H,I,G,N,L,G,L,F,P,G,A,A,L,L,V,S,H,D,F,C,L,P,G,G,R,Y,L,P,H,G,L,S,E,G,Q,P,L,R,L,G,P,G,L,E,V,W,A,T,P,G,H,G,G,Q,R,D,V,S,V,V,V,A,G,T,A,L,G,T,V,V,V,A,G,D,V,F,E,R,D,G,D,E,D,S,W,Q,A,L,S,E,D,P,A,A,Q,E,R,S,R,K,R,V,L,V,V,A,D,V,V,V,P,G,H,G,P,P,F,R,V,L,R,E,A
Ictidomys_tridecemlineatus,V,R,T,E,P,L,H,G,A,P,P,L,L,V,P,G,D,L,Y,S,V,V,V,L,L,R,G,Y,A,E,P,E,E,V,G,D,A,V,R,A,D,G,S,V,T,L,V,L,P,Q,A,W,G,R,G,S,S,H,Q,E,S,P,P,A,A,G,S,A,E,T,A,L,E,E,A,A,R,G,P,I,L,V,D,T,G,G,P,W,A,R,E,A,L,L,G,V,L,A,G,Q,G,V,D,P,G,D,V,T,L,V,V,G,T,H,G,H,S,D,H,I,G,N,L,G,L,F,P,G,A,A,L,L,V,S,H,D,F,C,L,P,G,G,R,Y,L,P,H,G,L,T,E,G,R,P,L,R,L,G,P,G,L,E,V,W,A,T,P,G,H,G,G,Q,R,D,V,S,V,V,V,K,G,T,A,L,G,T,V,V,V,A,G,D,V,F,E,R,D,G,D,E,D,S,W,Q,A,L,S,E,D,P,V,A,Q,E,R,S,R,K,R,V,L,G,T,A,D,V,V,V,P,G,H,G,A,P,F,R,V,V,R,E,A
Leopardus_geoffroyi,V,Q,T,E,P,L,L,G,E,P,P,L,L,V,R,G,D,P,Y,S,V,V,V,L,L,Q,G,Y,A,E,P,E,G,V,G,D,A,V,R,A,D,G,S,V,T,L,V,L,P,Q,A,W,G,P,A,S,S,H,R,E,S,P,P,E,G,G,G,A,K,T,A,L,E,E,A,A,R,G,P,I,L,V,D,T,G,G,P,W,A,R,D,T,L,L,G,A,L,A,R,Q,G,V,A,P,G,D,V,T,L,V,V,G,T,H,G,H,S,D,H,I,G,N,L,G,L,F,P,G,A,A,L,L,V,S,H,D,F,C,L,P,G,G,R,Y,F,P,H,G,L,G,E,E,R,P,L,R,L,G,P,G,L,E,V,W,A,T,P,G,H,G,G,Q,R,D,V,S,V,V,V,A,G,T,V,L,G,T,V,V,V,A,G,D,V,F,E,R,S,G,D,E,D,S,W,Q,A,L,S,E,D,P,M,A,Q,E,R,S,R,K,R,V,L,G,T,A,D,V,V,V,P,G,H,G,A,P,F,R,V,V,R,E,A
Loxodonta_africana,V,R,T,E,P,L,R,G,E,P,P,L,L,V,P,G,G,T,Y,S,V,V,D,L,L,A,G,-,-,-,-,-,-,-,-,D,A,V,R,A,D,G,S,V,T,L,V,L,P,Q,D,W,A,L,G,S,S,H,R,E,P,P,S,G,D,G,G,S,K,S,A,L,K,E,A,A,R,G,P,I,V,V,D,T,G,G,P,W,A,R,E,A,L,L,G,A,L,A,G,Q,G,-,-,-,-,-,V,T,L,V,V,G,T,H,G,H,S,D,H,I,G,N,L,G,L,F,P,G,A,A,L,L,V,S,H,D,F,C,L,P,G,G,R,Y,L,P,H,G,L,S,E,E,R,P,L,R,L,G,P,G,L,E,V,W,A,T,P,G,H,G,G,Q,K,D,V,S,V,V,V,A,G,T,A,L,G,T,V,V,V,V,G,D,V,F,E,R,D,G,D,E,D,S,W,Q,A,L,S,E,D,P,V,A,Q,E,R,S,R,K,R,I,L,S,A,A,D,V,V,V,P,G,H,G,A,P,F,K,V,V,R,E,D
Macaca_fascicularis,M,R,T,E,P,L,R,G,A,S,P,L,L,V,P,G,D,P,Y,S,V,V,V,L,L,Q,G,Y,A,E,P,E,G,V,G,D,A,V,R,A,D,G,S,V,T,L,V,L,P,Q,T,R,G,P,A,S,S,H,R,K,S,P,R,G,S,G,G,A,E,A,A,L,E,E,A,A,C,G,P,I,L,V,D,T,G,G,P,W,A,R,E,A,L,L,R,A,L,A,G,Q,G,V,A,P,G,D,V,T,L,V,V,G,T,H,G,H,S,D,H,I,G,N,L,G,L,F,P,G,A,A,L,L,V,S,H,D,F,C,L,P,G,G,R,Y,L,P,H,G,L,G,E,G,Q,P,L,R,L,G,P,G,L,E,V,W,A,T,P,G,H,G,G,Q,R,D,V,S,V,V,V,A,G,T,A,L,G,T,V,V,V,A,G,D,V,F,E,R,D,G,D,E,D,S,W,Q,A,L,S,E,D,P,A,A,Q,E,R,S,R,K,R,V,L,V,V,A,D,V,V,V,P,G,H,G,P,P,F,R,V,L,R,E,A
Macaca_mulatta,M,R,T,E,P,L,R,G,A,S,P,L,L,V,P,G,D,P,Y,S,V,V,V,L,L,Q,G,Y,A,E,P,E,G,V,G,D,A,V,R,A,D,G,S,V,T,L,V,L,P,Q,T,R,G,P,A,S,S,H,R,K,S,P,R,G,S,G,G,A,E,A,A,L,E,D,A,A,C,G,P,I,L,V,D,T,G,G,P,W,A,R,E,A,L,L,R,A,L,A,G,Q,G,V,A,P,G,D,V,T,L,V,V,G,T,H,G,H,S,D,H,I,G,N,L,G,L,F,P,G,A,A,L,L,V,S,H,D,F,C,L,P,G,G,R,Y,L,P,H,G,L,G,E,G,Q,P,L,R,L,G,P,G,L,E,V,W,A,T,P,G,H,G,G,Q,R,D,V,S,V,V,V,A,G,T,A,L,G,T,V,V,V,A,G,D,V,F,E,R,D,G,D,E,D,S,W,Q,A,L,S,E,D,P,A,A,Q,E,R,S,R,K,R,V,L,V,V,A,D,V,V,V,P,G,H,G,P,P,F,R,V,L,R,E,A
Macaca_nemestrina,M,R,T,E,P,L,R,G,A,S,P,L,L,V,P,G,Y,P,Y,S,V,V,V,L,L,Q,G,Y,A,E,P,E,G,V,G,D,A,V,R,A,D,G,S,V,T,L,V,L,P,Q,T,R,G,P,A,S,S,H,R,K,S,P,R,G,S,G,G,A,E,A,A,L,E,E,A,A,C,G,P,I,L,V,D,T,G,G,P,W,A,R,E,A,L,L,R,A,L,A,G,Q,G,V,A,P,G,D,V,T,L,V,V,G,T,H,G,H,S,D,H,I,G,N,L,G,L,F,P,G,A,A,L,L,V,S,H,D,F,C,L,P,G,G,R,Y,L,P,H,G,L,G,E,G,Q,P,L,R,L,G,P,G,L,E,V,W,A,T,P,G,H,G,G,Q,R,D,V,S,V,V,V,A,G,T,A,L,G,T,V,V,V,A,G,D,V,F,E,R,D,G,D,E,D,S,W,Q,A,L,S,E,D,P,A,A,Q,E,R,S,R,K,R,V,L,V,V,A,D,V,V,V,P,G,H,G,P,P,F,R,V,L,R,E,A
Macaca_thibetana_thibetana,M,R,T,E,P,L,R,G,A,S,P,L,L,V,P,G,D,P,Y,S,V,V,V,L,L,Q,G,Y,A,E,P,E,G,V,G,D,A,V,R,A,D,G,S,V,T,L,V,L,P,Q,T,R,G,P,A,S,S,H,R,K,S,P,R,G,S,G,G,A,E,A,A,L,E,E,A,A,C,G,P,I,L,V,D,T,G,G,P,W,A,R,E,A,L,L,R,A,L,A,G,Q,G,V,A,P,G,D,V,T,L,V,V,G,T,H,G,H,S,D,H,I,G,N,L,G,L,F,P,G,A,A,L,L,V,S,H,D,F,C,L,P,G,G,R,Y,L,P,H,G,L,G,E,G,Q,P,L,R,L,G,P,G,L,E,V,W,A,T,P,G,H,G,G,Q,R,D,V,S,V,V,V,A,G,T,A,L,G,T,V,V,V,A,G,D,V,F,E,R,D,G,D,E,D,S,W,Q,A,L,S,E,D,P,A,A,Q,E,R,S,R,K,R,V,L,V,V,A,D,V,V,V,P,G,H,G,P,P,F,R,V,L,R,E,A
Mandrillus_leucophaeus,M,R,T,E,P,L,R,G,A,S,P,L,L,V,P,G,D,P,Y,S,V,V,V,L,L,Q,G,Y,A,E,P,E,G,V,G,D,A,V,R,A,D,G,S,V,T,L,V,L,P,Q,T,R,G,P,A,S,S,H,R,K,S,P,R,G,S,G,G,A,E,A,A,L,E,E,A,A,C,G,P,I,L,V,D,T,G,G,P,W,A,R,E,A,L,L,R,A,L,A,G,Q,G,V,A,P,G,D,V,T,L,V,V,G,T,H,G,H,S,D,H,I,G,N,L,G,L,F,P,G,A,A,L,L,V,S,H,D,F,C,L,P,G,G,R,Y,L,P,H,G,L,G,E,G,Q,P,L,R,L,G,P,G,L,E,V,W,A,T,P,G,H,G,G,Q,R,D,V,S,V,V,V,A,G,T,A,L,G,T,V,V,V,A,G,D,V,F,E,R,D,G,D,E,D,S,W,Q,A,L,S,E,D,P,A,A,Q,E,R,S,R,K,R,V,L,V,V,A,D,V,V,V,P,G,H,G,P,P,F,R,V,L,R,E,A
Marmota_flaviventris,V,R,T,E,P,L,R,G,A,P,P,L,L,V,P,G,D,L,Y,S,V,V,V,L,L,R,G,Y,A,E,P,E,E,V,G,D,A,V,R,A,D,G,S,V,T,L,V,L,P,Q,A,W,G,R,G,S,S,H,Q,E,S,S,P,E,A,G,S,A,E,T,A,L,E,E,A,A,R,G,P,I,L,V,D,T,G,G,P,W,A,R,E,E,L,L,G,A,L,A,G,Q,G,V,G,P,G,D,V,T,L,V,V,G,T,H,G,H,S,D,H,I,G,N,L,G,L,F,P,G,A,A,L,L,V,S,H,D,F,C,L,P,G,G,R,Y,L,P,H,G,L,T,E,G,R,P,L,R,L,G,P,G,L,E,V,W,A,T,P,G,H,G,G,Q,R,D,V,S,V,V,V,K,G,T,A,L,G,T,V,V,V,A,G,D,V,F,E,R,D,G,D,E,D,S,W,Q,A,L,S,E,D,P,V,A,Q,E,R,S,R,K,R,V,L,G,T,A,D,V,V,V,P,G,H,G,A,P,F,R,V,V,R,E,A
Marmota_marmota_marmota,V,R,T,E,P,L,R,G,A,P,P,L,L,V,P,G,D,L,Y,S,V,V,V,L,L,R,G,Y,A,E,P,E,E,V,G,D,A,V,R,A,D,G,S,V,T,L,V,L,P,Q,P,W,G,R,G,S,S,H,Q,E,S,S,P,V,A,G,S,A,E,T,A,L,E,E,A,A,R,G,P,I,L,V,D,T,G,G,P,W,A,R,E,E,L,L,G,A,L,A,G,Q,G,V,G,P,G,D,V,T,L,V,V,G,T,H,G,H,S,D,H,I,G,N,L,G,L,F,P,G,A,A,L,L,V,S,H,D,F,C,L,P,G,G,R,Y,L,P,H,G,L,T,E,G,R,P,L,R,L,G,P,G,L,E,V,W,A,T,P,G,H,G,G,Q,R,D,V,S,V,V,V,K,G,T,A,L,G,T,V,V,V,A,G,D,V,F,E,R,D,G,D,E,D,S,W,Q,A,L,S,E,D,P,V,A,Q,E,R,S,R,K,R,V,L,G,T,A,D,V,V,V,P,G,H,G,A,P,F,R,V,V,R,E,A
Marmota_monax,V,R,T,E,Q,L,R,G,A,P,P,L,L,V,P,G,D,L,Y,S,V,V,V,L,L,R,G,Y,A,E,P,E,E,V,G,D,A,V,R,A,D,G,S,V,T,L,V,L,P,Q,A,W,G,R,G,S,S,H,Q,E,S,S,P,E,A,G,S,A,E,T,A,L,E,E,A,A,R,G,P,I,L,V,D,T,G,G,P,W,A,R,E,E,L,L,G,A,L,A,G,Q,G,V,G,P,G,D,V,T,L,V,V,G,T,H,G,H,S,D,H,I,G,N,L,G,L,F,P,G,A,A,L,L,V,S,H,D,F,C,L,P,G,G,R,Y,L,P,H,G,L,T,E,G,R,P,L,R,L,G,P,G,L,E,V,W,A,T,P,G,H,G,G,Q,R,D,V,S,V,V,V,K,G,T,A,L,G,T,V,V,V,A,G,D,V,F,E,R,D,G,D,E,D,S,W,Q,A,L,S,E,D,P,V,A,Q,E,R,S,R,K,R,V,L,G,T,A,D,V,V,V,P,G,H,G,A,P,F,L,V,V,R,E,A
Nannospalax_galili,V,R,T,E,P,L,P,G,E,A,P,L,L,V,P,G,D,P,Y,S,V,A,V,L,L,R,G,Y,A,E,P,E,G,A,G,E,A,V,R,A,D,G,T,V,T,L,V,L,P,R,T,W,A,S,-,-,-,-,-,-,-,-,-,-,-,-,-,A,K,A,A,L,E,E,A,A,R,G,P,V,L,V,D,T,G,G,P,W,V,R,G,A,L,L,G,A,L,A,G,Q,G,V,A,P,G,D,V,T,L,V,V,G,T,H,G,H,S,D,H,I,G,N,L,G,L,F,P,G,A,A,L,L,V,S,H,D,F,C,L,P,G,G,L,Y,L,P,H,G,L,C,E,E,Q,P,L,V,L,G,P,G,L,Q,V,W,A,T,P,G,H,G,G,Q,R,D,V,S,V,V,V,E,G,T,T,L,G,T,V,V,V,A,G,D,V,F,E,R,H,G,D,E,D,S,W,Q,A,L,S,E,D,P,G,V,Q,Q,R,S,R,K,R,I,L,G,I,A,D,V,V,V,P,G,H,G,A,P,F,R,V,V,R,E,A
Neomonachus_schauinslandi,V,R,T,E,P,L,P,G,E,P,P,L,L,V,S,G,D,P,Y,S,V,V,V,L,L,Q,G,Y,A,E,P,E,G,V,D,D,A,V,R,A,D,G,S,V,T,L,V,L,P,Q,A,W,S,S,A,S,G,T,R,E,S,P,P,E,G,G,G,A,K,T,V,L,E,E,V,A,R,G,P,I,L,V,D,T,G,G,P,W,A,R,E,A,L,L,G,A,L,A,A,Q,G,V,A,P,G,D,V,T,L,V,V,G,T,H,G,H,S,D,H,I,G,N,L,G,L,F,P,G,A,A,L,L,V,S,H,D,F,C,L,P,G,G,R,Y,L,P,H,G,L,G,E,E,R,P,L,Q,L,G,P,G,L,E,V,W,A,T,P,G,H,G,G,Q,R,D,V,S,V,V,V,A,G,T,A,L,G,T,V,V,V,V,G,D,V,F,E,R,N,G,D,E,D,S,W,Q,A,L,S,E,D,P,V,A,Q,E,R,S,R,K,R,V,L,A,T,A,D,V,V,V,P,G,H,G,A,P,F,R,V,V,R,E,A
Nomascus_leucogenys,M,R,T,E,L,L,R,G,A,S,P,L,L,V,P,G,D,P,Y,S,V,V,V,L,L,Q,G,Y,A,E,P,E,G,V,G,D,A,V,R,A,D,G,S,V,T,L,V,L,P,Q,T,R,G,P,A,S,S,H,R,E,S,P,R,G,S,G,G,A,E,A,A,L,E,E,A,A,R,G,P,I,L,V,D,T,G,G,P,W,A,R,E,A,L,L,G,A,L,A,G,Q,G,V,A,P,G,D,V,T,L,V,V,G,T,H,G,H,S,D,H,I,G,N,L,G,L,F,P,G,A,A,L,L,V,S,H,D,F,C,L,P,G,G,R,Y,L,P,H,G,L,G,E,G,Q,P,L,R,L,G,P,G,L,E,V,W,A,T,P,G,H,G,G,Q,R,D,V,S,V,V,V,A,G,T,A,L,G,T,V,V,V,A,G,D,V,F,E,R,D,G,D,E,D,S,W,Q,A,L,S,E,D,P,A,A,Q,E,R,S,R,K,R,V,L,V,V,A,D,V,V,V,P,G,H,G,P,P,F,R,V,L,R,E,A
Ochotona_curzoniae,V,R,T,E,P,L,S,G,P,P,P,L,L,V,P,G,D,P,Y,S,V,V,V,L,L,R,G,Y,A,E,P,E,G,V,D,G,A,M,R,A,D,G,S,V,T,L,I,V,P,Q,A,R,G,S,S,S,G,H,R,E,A,G,P,E,H,R,S,A,K,T,A,L,A,E,A,A,R,G,P,I,L,V,D,T,G,G,P,W,T,R,E,A,L,L,D,A,L,A,G,Q,D,V,A,P,R,D,V,T,L,V,V,G,T,H,G,H,S,D,H,I,G,N,L,G,L,F,P,D,A,A,L,L,V,S,H,D,F,C,L,P,G,G,L,Y,L,P,H,G,L,G,E,G,R,P,L,Q,L,G,P,G,L,E,V,W,A,T,P,G,H,A,G,Q,R,D,V,S,V,V,V,A,G,T,A,L,G,T,V,V,M,A,G,D,V,F,E,H,D,G,D,E,D,S,W,Q,A,L,S,E,D,P,V,A,Q,E,R,S,R,R,T,I,L,G,M,A,D,L,V,V,P,G,H,G,P,P,F,R,V,M,R,E,T
Ochotona_princeps,V,R,T,E,P,L,S,G,P,P,P,L,L,V,P,G,D,P,Y,S,V,V,V,L,L,R,G,Y,A,E,P,E,G,V,D,G,A,V,R,A,D,G,S,V,T,L,I,V,P,Q,T,R,G,P,S,S,G,H,R,E,A,G,P,E,R,R,S,A,K,T,A,L,A,E,A,A,R,G,P,I,L,V,D,T,G,G,P,W,T,R,E,A,L,L,D,A,L,A,G,Q,D,V,A,P,R,D,V,T,L,V,V,G,T,H,G,H,S,D,H,I,G,N,L,G,L,F,P,D,A,A,L,L,V,S,H,D,F,C,L,P,G,G,L,Y,L,P,H,G,L,G,E,G,R,P,L,Q,L,G,P,G,L,E,V,W,A,T,P,G,H,A,G,Q,R,D,V,S,V,V,V,A,G,T,A,L,G,T,V,V,M,A,G,D,V,F,E,H,D,G,D,E,D,S,W,Q,A,L,S,E,D,P,V,A,Q,E,R,S,R,R,T,I,L,G,M,A,D,L,V,V,P,G,H,G,P,P,F,R,V,M,R,E,T
Octodon_degus,V,R,T,E,V,L,S,G,-,A,P,L,R,V,P,G,D,P,Y,S,V,V,V,L,L,Q,G,Y,S,E,P,E,T,V,G,D,A,V,R,A,D,G,S,V,T,L,V,L,P,Q,A,W,G,P,A,C,S,R,R,A,S,R,P,A,D,R,E,A,S,T,A,L,E,E,A,A,R,G,P,I,L,V,D,T,G,G,P,W,T,R,E,A,L,L,G,A,L,A,G,Q,G,L,S,P,G,D,V,T,L,V,V,G,T,H,G,H,S,D,H,I,G,N,L,G,L,F,P,G,A,A,L,L,V,S,H,D,F,C,L,P,G,G,L,Y,L,P,H,G,L,S,E,E,R,P,L,R,L,G,P,G,L,E,V,W,A,T,P,G,H,G,G,Q,R,D,V,S,V,V,V,A,S,T,V,L,G,T,V,V,V,A,G,D,V,F,E,R,D,G,D,E,G,S,W,Q,A,L,S,E,D,P,V,A,Q,E,R,S,R,K,R,I,L,G,T,A,N,V,V,V,P,G,H,G,A,P,F,R,V,I,R,E,-
Ovis_aries,V,R,T,E,P,L,P,G,E,T,P,L,L,V,P,G,D,P,Y,S,V,V,V,L,L,Q,G,Y,A,E,P,E,G,V,G,D,A,V,R,A,D,G,S,V,T,L,V,L,P,R,A,W,G,P,A,S,S,H,R,E,P,Q,P,Y,-,-,E,A,K,T,A,L,E,E,A,A,R,G,P,I,L,V,D,T,A,G,P,W,A,R,E,A,L,L,G,A,L,A,G,Q,G,V,A,P,G,D,V,T,L,V,V,G,T,H,G,H,S,D,H,I,G,N,L,G,L,F,P,G,A,A,L,L,V,S,H,D,F,C,L,P,G,G,R,Y,L,P,H,G,L,G,E,E,R,P,L,R,L,G,P,G,L,E,V,W,A,T,P,G,H,G,G,Q,R,D,V,S,V,L,V,A,G,T,A,L,G,T,V,M,V,V,G,D,V,F,E,R,D,G,D,E,G,S,W,Q,A,L,S,E,D,P,V,A,Q,K,H,S,R,K,R,V,L,G,T,A,D,V,I,V,P,G,H,G,A,P,F,R,V,I,R,E,A
Pan_paniscus,M,R,T,E,P,L,C,G,A,S,P,L,L,V,P,G,D,P,Y,S,V,M,V,L,L,Q,G,Y,A,E,P,E,G,V,G,D,A,V,R,A,D,G,S,V,T,L,V,L,P,Q,T,R,G,P,A,S,S,H,R,E,S,P,R,G,S,G,G,A,E,A,A,L,E,E,A,A,R,G,P,I,L,V,D,T,G,G,P,W,A,R,E,A,L,L,G,A,L,A,G,Q,G,V,A,P,G,D,V,T,L,V,V,G,T,H,G,H,S,D,H,I,G,N,L,G,L,F,P,G,A,A,L,L,V,S,H,D,F,C,L,P,G,G,R,Y,L,P,H,G,L,G,E,G,Q,P,L,R,L,G,P,G,L,E,V,W,A,T,P,G,H,G,G,Q,R,D,V,S,V,V,V,A,G,T,A,L,G,T,V,V,V,A,G,D,V,F,E,R,D,G,D,E,D,S,W,Q,A,L,S,E,D,P,A,A,Q,E,R,S,R,K,R,V,L,V,V,A,D,V,V,V,P,G,H,G,P,P,F,R,V,L,R,E,A
Pan_troglodytes,M,R,T,E,P,L,C,G,A,S,P,L,L,V,P,G,D,P,Y,S,V,M,V,L,L,Q,G,Y,A,E,P,E,G,V,G,D,A,V,R,A,D,G,S,V,T,L,V,L,P,Q,T,R,G,P,A,S,S,H,R,E,S,P,R,G,S,G,G,A,E,A,A,L,E,E,A,A,R,G,P,I,L,V,D,T,G,G,P,W,A,R,E,A,L,L,G,A,L,A,G,Q,G,V,A,P,G,D,V,T,L,V,V,G,T,H,G,H,S,D,H,I,G,N,L,G,L,F,P,G,A,A,L,L,V,S,H,D,F,C,L,P,G,G,R,Y,L,P,H,G,L,G,E,G,Q,P,L,R,L,G,P,G,L,E,V,W,A,T,P,G,H,G,G,Q,R,D,V,S,V,V,V,A,G,T,A,L,G,T,V,V,V,A,G,D,V,F,E,R,D,G,D,E,D,S,W,Q,A,L,S,E,D,P,A,A,Q,E,R,S,R,K,R,V,L,V,V,A,D,V,V,V,P,G,H,G,P,P,F,R,V,L,R,E,A
Panthera_tigris_altaica,-,-,-,-,-,-,-,-,-,-,-,-,-,-,-,-,-,-,-,-,-,-,-,-,-,-,-,-,-,-,-,-,-,-,-,-,-,-,-,-,-,-,-,-,-,-,-,-,-,-,-,-,-,-,-,-,-,-,-,-,-,-,-,-,-,-,-,-,-,-,-,-,-,-,-,-,-,-,-,-,-,-,-,-,-,-,-,-,-,-,-,-,-,-,-,-,-,-,-,-,-,-,-,-,-,-,-,-,-,-,-,-,-,-,-,-,-,-,-,-,-,-,-,-,-,-,-,-,-,-,-,-,-,-,-,-,-,-,-,-,-,-,-,-,-,-,-,-,-,-,-,-,-,-,-,-,-,-,-,-,-,-,-,-,-,-,-,-,-,-,-,-,-,-,-,-,-,-,-,-,-,-,-,-,-,-,-,-,-,-,-,-,-,-,-,-,-,-,-,-,-,-,-,-,-,-,-,-,-,-,-,-,-,-,-,-,-,-,-,-,-,-,-,-,-,-,-,-,-,-,-,-,-,-,-,-,-,-,-,-,-
Papio_anubis,M,R,T,E,P,L,R,G,A,S,P,L,L,V,P,G,D,P,Y,S,V,V,V,L,L,Q,G,Y,A,E,P,E,G,V,G,D,A,V,R,A,D,G,S,V,T,L,V,L,P,Q,T,R,G,P,A,S,S,H,R,K,S,Q,R,G,S,G,G,A,E,A,A,L,E,E,A,A,C,G,P,I,L,V,D,T,G,G,P,W,A,R,E,A,L,L,R,A,L,A,G,Q,G,V,A,P,G,D,V,T,L,V,V,G,T,H,G,H,S,D,H,I,G,N,L,G,L,F,P,G,A,A,L,L,V,S,H,D,F,C,L,P,G,G,R,Y,L,P,H,G,L,G,E,G,Q,P,L,R,L,G,P,G,L,E,V,W,A,T,P,G,H,G,G,Q,R,D,V,S,V,V,V,A,G,T,A,L,G,T,V,V,V,A,G,D,V,F,E,R,D,G,D,E,D,S,W,Q,A,L,S,E,D,P,A,A,Q,E,R,S,R,K,R,V,L,V,V,A,D,V,V,V,P,G,H,G,P,P,F,R,V,L,R,E,A
Piliocolobus_tephrosceles,M,R,T,E,P,L,R,G,A,S,P,L,L,V,P,G,N,P,Y,S,V,V,V,L,L,Q,G,Y,A,E,P,E,R,V,G,D,T,V,R,A,D,G,S,V,T,L,V,L,P,Q,T,R,G,P,A,S,S,H,R,K,S,P,R,G,S,G,G,A,E,A,A,L,E,E,A,A,R,G,P,I,L,V,D,T,G,G,P,W,A,R,E,A,L,L,R,A,L,A,G,Q,G,V,A,P,G,D,V,T,L,V,V,G,T,H,G,H,S,D,H,I,G,N,L,G,L,F,P,G,A,A,L,L,V,S,H,D,F,C,L,P,G,G,R,Y,L,P,H,G,L,G,E,G,Q,P,L,R,L,G,P,G,L,E,V,W,A,T,P,G,H,G,G,Q,R,D,V,S,V,V,V,A,G,T,A,L,G,T,V,V,V,A,G,D,V,F,E,R,D,G,D,E,D,S,W,Q,A,L,S,E,D,P,A,A,Q,E,R,S,R,K,R,V,L,V,V,A,D,V,V,V,P,G,H,G,P,P,F,R,V,L,R,E,A
Pongo_abelii,-,-,-,-,-,-,-,-,-,-,-,-,-,-,-,-,-,-,-,-,-,-,-,-,-,-,-,-,-,-,-,-,-,-,-,-,-,-,-,-,-,-,-,-,-,-,-,-,-,-,-,-,-,-,-,-,-,-,-,-,-,-,-,-,-,-,-,-,-,-,-,-,-,-,-,-,-,-,-,-,-,-,-,-,-,-,-,-,-,-,-,-,-,-,-,-,-,-,-,-,-,-,-,-,-,-,-,-,-,-,-,-,-,-,-,-,-,-,-,-,-,-,-,-,-,-,-,-,-,-,-,-,-,-,-,-,-,-,-,-,-,-,-,-,-,-,-,-,-,-,-,-,-,-,-,-,-,-,-,-,-,-,-,-,-,-,-,-,-,-,-,-,-,-,-,-,-,-,-,-,-,-,-,-,-,-,-,-,-,-,-,-,-,-,-,-,-,-,-,-,-,-,-,-,-,-,-,-,-,-,-,-,-,-,-,-,-,-,-,-,-,-,-,-,-,-,-,-,-,-,-,-,-,-,-,-,-,-,-,-,-
Propithecus_coquereli,V,R,T,E,P,L,R,G,G,A,P,L,L,V,P,G,D,S,Y,S,V,V,V,L,L,Q,G,Y,A,E,P,E,G,V,D,D,A,V,R,A,D,G,S,V,T,L,V,L,P,Q,A,W,G,L,A,S,D,H,Q,E,S,P,R,G,G,G,G,A,K,T,A,L,E,E,A,A,R,G,P,I,L,V,D,T,G,G,P,W,A,R,E,A,L,L,G,A,L,A,G,Q,G,V,S,P,G,D,V,T,L,V,V,G,T,H,G,H,S,D,H,V,G,N,L,G,L,F,P,G,A,A,L,L,V,S,H,D,F,C,L,P,G,G,R,Y,L,P,H,G,L,G,E,E,R,P,L,Q,L,G,P,G,L,E,V,W,A,T,P,G,H,G,G,Q,R,D,V,S,V,V,V,A,G,T,A,L,G,T,V,V,V,A,G,D,V,F,E,R,D,G,D,E,D,S,W,R,A,L,S,E,D,P,V,A,Q,E,R,S,R,K,R,V,L,D,T,A,D,V,V,V,P,G,H,G,A,P,F,L,V,F,R,E,A
Rhinopithecus_bieti,M,R,T,E,P,L,R,G,A,S,P,L,L,V,P,G,N,P,Y,S,V,V,V,L,L,Q,G,Y,A,E,P,E,G,V,G,D,A,V,R,A,D,G,S,V,T,L,V,L,P,Q,T,R,G,P,A,S,S,H,R,K,S,P,R,G,S,G,G,A,E,A,A,L,E,E,A,A,R,G,P,I,L,V,D,T,G,G,P,W,A,R,E,A,L,L,R,A,L,A,G,Q,G,V,A,P,G,D,V,T,L,V,V,G,T,H,G,H,S,D,H,I,G,N,L,G,L,F,P,G,A,A,L,L,V,S,H,D,F,C,L,P,G,G,R,Y,L,P,H,G,L,G,E,G,Q,P,L,R,L,G,P,G,L,E,V,W,A,T,P,G,H,G,G,Q,R,D,V,S,V,V,V,A,G,T,A,L,G,T,V,V,V,A,G,D,V,F,E,R,D,G,D,E,D,S,W,Q,A,L,S,E,D,P,A,A,Q,E,R,S,R,K,R,V,L,V,V,A,D,V,V,V,P,G,H,G,P,P,F,R,V,L,R,E,A
Rhinopithecus_roxellana,M,R,T,E,P,L,R,G,A,S,P,L,L,V,P,G,N,P,Y,S,V,V,V,L,L,Q,G,Y,A,E,P,E,G,V,G,D,A,V,R,A,D,G,S,V,T,L,V,L,P,Q,T,R,G,P,A,S,S,H,R,K,S,P,R,G,S,G,G,A,E,A,A,L,E,E,A,A,R,G,P,I,L,V,D,T,G,G,P,W,A,R,E,A,L,L,R,A,L,A,G,Q,G,V,A,P,G,D,V,T,L,V,V,G,T,H,G,H,S,D,H,I,G,N,L,G,L,F,P,G,A,A,L,L,V,S,H,D,F,C,L,P,G,G,R,Y,L,P,H,G,L,G,E,G,Q,P,L,R,L,G,P,G,L,E,V,W,A,T,P,G,H,G,G,Q,R,D,V,S,V,V,V,A,G,T,A,L,G,T,V,V,V,A,G,D,V,F,E,R,D,G,D,E,D,S,W,Q,A,L,S,E,D,P,A,A,Q,E,R,S,R,K,R,V,L,V,V,A,D,V,V,V,P,G,H,G,P,P,F,R,V,L,R,E,A
Saimiri_boliviensis_boliviensis,M,R,T,E,P,L,R,G,A,S,P,L,L,V,P,G,D,P,Y,S,V,V,V,L,L,Q,G,Y,A,E,P,E,G,V,D,D,A,V,R,A,D,G,S,V,T,L,V,L,P,Q,T,W,G,S,A,S,S,H,G,E,S,P,R,E,G,G,G,A,E,A,A,L,E,E,A,A,R,G,P,I,L,V,D,T,G,G,P,W,A,R,E,A,L,L,G,A,L,A,G,Q,G,V,A,P,E,D,V,T,L,V,V,G,T,H,G,H,S,D,H,I,G,N,L,G,L,F,P,G,A,A,L,L,V,S,H,D,F,C,L,P,G,G,R,Y,L,P,H,G,L,G,E,G,R,P,L,R,L,G,P,G,L,E,V,W,A,T,P,G,H,G,G,H,R,D,V,S,V,V,V,A,G,T,A,L,G,T,V,V,V,A,G,D,V,F,E,R,D,G,D,E,D,S,W,Q,A,L,S,E,D,P,A,A,Q,E,R,S,R,K,R,V,L,V,A,A,D,V,V,V,P,G,H,G,P,P,F,R,V,L,R,E,A
Sapajus_apella,M,R,T,E,P,L,R,G,A,S,P,L,L,V,P,G,D,P,Y,S,V,V,V,L,L,Q,G,Y,A,E,P,E,G,V,D,D,A,V,R,A,D,G,S,V,T,L,V,L,P,Q,T,W,G,P,A,S,S,H,G,E,S,P,R,G,G,G,G,A,E,A,A,L,E,E,A,A,R,G,P,I,L,V,D,T,G,G,P,W,A,R,E,A,L,L,G,A,L,A,G,Q,G,V,A,P,E,D,V,T,L,V,V,G,T,H,G,H,S,D,H,I,G,N,L,G,L,F,P,G,A,A,L,L,V,S,H,D,F,C,L,P,G,G,R,Y,L,P,H,G,L,G,E,G,R,P,L,R,L,G,P,G,L,E,V,W,A,T,P,G,H,G,G,H,R,D,V,S,V,V,V,A,G,T,A,L,G,T,V,V,V,A,G,D,V,F,E,R,D,G,D,E,D,S,W,Q,A,L,S,E,D,P,A,A,Q,E,R,S,R,K,R,V,L,V,A,A,D,V,V,V,P,G,H,G,P,P,F,R,V,L,R,E,A
Suricata_suricatta,V,R,T,E,P,L,L,W,E,P,P,L,L,V,R,G,D,P,Y,S,V,V,V,L,M,Q,G,Y,S,E,P,E,G,V,G,D,A,V,R,A,D,G,T,V,T,L,I,L,P,H,A,W,G,S,A,S,S,H,R,E,S,Q,P,E,G,G,W,A,K,T,P,L,E,E,A,A,R,G,P,I,L,V,D,T,G,G,P,W,A,R,E,T,L,L,G,A,L,A,R,Q,G,V,A,A,G,D,V,T,L,V,V,G,T,H,G,H,S,D,H,I,G,N,L,G,L,F,P,G,A,A,L,L,V,S,H,D,F,C,L,P,G,G,R,Y,L,P,H,G,L,G,E,E,R,P,L,R,L,G,P,G,L,E,V,W,A,T,P,G,H,G,G,Q,R,D,V,S,V,V,V,A,G,T,A,L,G,T,V,V,V,A,G,D,V,F,E,R,N,G,D,E,D,S,W,Q,A,L,S,E,D,P,V,A,Q,E,R,S,R,K,R,V,L,G,T,A,D,V,V,V,P,G,H,G,A,P,F,R,V,V,R,E,A
Theropithecus_gelada,M,R,T,E,P,L,R,G,A,S,P,L,L,V,P,G,D,P,Y,S,V,V,V,L,L,Q,G,Y,A,E,P,E,G,V,G,D,A,V,R,A,D,G,S,V,T,L,V,L,P,Q,T,R,G,P,A,S,S,H,R,K,S,Q,R,G,S,G,G,A,E,A,A,L,E,E,A,A,C,G,P,I,L,V,D,T,G,G,P,W,A,R,E,A,L,L,R,A,L,A,G,Q,G,V,A,P,G,D,V,T,L,V,V,G,T,H,G,H,S,D,H,I,G,N,L,G,L,F,P,G,A,A,L,L,V,S,H,D,F,C,L,P,G,G,R,Y,L,P,H,G,L,G,E,G,Q,P,L,R,L,G,P,G,L,E,V,W,A,T,P,G,H,G,G,Q,R,D,V,S,V,V,V,A,G,T,A,L,G,T,V,V,V,A,G,D,V,F,E,R,D,G,D,E,D,S,W,Q,A,L,S,E,D,P,A,A,Q,E,R,S,R,K,R,V,L,V,V,A,D,V,V,V,P,G,H,G,P,P,F,R,V,L,R,E,A
Trachypithecus_francoisi,M,R,T,E,P,L,R,G,A,S,P,L,L,V,P,G,N,P,Y,S,V,V,V,L,L,Q,G,Y,A,E,P,E,G,V,G,D,A,V,R,A,D,G,S,V,T,L,V,L,P,Q,T,R,G,P,A,S,S,H,R,K,S,P,R,C,S,G,G,A,E,A,A,L,E,E,A,A,R,G,P,I,L,V,D,T,G,G,P,W,A,R,E,A,L,L,R,A,L,A,G,Q,G,V,A,P,G,D,V,T,L,V,V,G,T,H,G,H,S,D,H,I,G,N,L,G,L,F,P,G,A,A,L,L,V,S,H,D,F,C,L,P,G,G,R,Y,L,P,H,G,L,G,E,G,Q,P,L,R,L,G,P,G,L,E,V,W,A,T,P,G,H,G,G,Q,R,D,V,S,V,V,V,A,G,T,A,L,G,I,V,V,V,A,G,D,V,F,E,R,D,G,D,E,D,S,W,Q,A,L,S,E,D,P,A,A,Q,E,R,S,R,K,R,V,L,V,V,A,D,V,V,V,P,G,H,G,P,P,F,R,V,L,R,E,A
Tupaia_chinensis,V,Q,T,E,L,L,S,G,A,P,P,L,L,I,P,G,D,P,Y,S,V,V,V,L,L,Q,G,Y,A,K,P,E,E,I,G,D,A,V,R,A,D,G,S,V,T,L,V,L,P,Q,A,W,G,S,S,S,S,H,R,E,S,R,L,R,D,G,S,A,K,T,A,L,E,E,V,A,R,G,P,I,L,V,D,T,G,G,P,W,A,R,E,A,L,L,E,A,L,T,E,Q,N,I,T,P,E,D,V,T,L,V,V,G,T,H,G,H,S,D,H,I,G,N,L,G,L,F,P,G,A,A,L,L,V,S,H,D,F,C,L,P,G,G,R,Y,L,P,H,G,L,S,E,E,Q,P,L,S,L,G,L,G,L,E,V,W,A,T,P,G,H,G,G,Q,R,D,V,S,V,V,V,A,G,T,A,L,G,T,V,V,V,A,G,D,V,F,E,R,D,G,D,E,D,S,W,Q,A,L,S,E,D,P,V,A,Q,E,R,S,R,K,R,V,L,G,T,A,D,V,V,V,P,G,H,G,A,P,F,R,V,I,R,E,T
Urocitellus_parryii,V,R,T,E,P,L,R,G,A,P,P,L,L,V,P,G,D,L,Y,S,V,V,V,L,L,R,G,Y,A,E,P,E,E,V,G,D,A,V,R,A,D,G,S,V,T,L,V,L,P,Q,A,W,G,R,G,S,S,H,Q,E,S,P,P,A,A,G,S,A,E,T,A,L,E,E,A,A,R,G,P,I,L,V,D,T,G,G,P,W,A,R,E,A,L,L,G,V,L,A,G,Q,G,V,D,P,G,D,V,T,L,V,V,G,T,H,G,H,S,D,H,I,G,N,L,G,L,F,P,G,A,A,L,L,V,S,H,D,F,C,L,P,G,G,R,Y,L,P,H,G,L,T,E,G,R,P,L,R,L,G,P,G,L,E,V,W,A,T,P,G,H,G,G,Q,R,D,V,S,V,V,V,K,G,T,A,L,G,T,V,V,V,A,G,D,V,F,E,R,D,G,D,E,D,S,W,Q,A,L,S,E,D,P,V,A,Q,E,R,S,R,K,R,V,L,G,T,A,D,V,V,V,P,G,H,G,A,P,F,R,V,V,R,E,A
Ursus_americanus,V,R,T,E,P,L,R,G,E,L,P,L,L,V,C,G,D,P,Y,S,V,V,V,L,L,Q,G,Y,A,E,P,E,G,V,D,D,A,V,R,A,D,G,S,V,T,L,V,L,P,R,T,W,G,S,A,S,S,H,R,E,S,L,P,E,G,G,G,V,K,T,A,L,E,E,A,A,R,G,P,I,L,V,D,T,G,G,P,W,A,R,E,A,L,L,G,A,L,A,G,Q,G,V,A,P,G,D,V,T,L,V,V,G,T,H,G,H,S,D,H,I,G,N,L,G,L,F,P,G,A,A,L,L,V,S,H,D,F,C,L,P,G,G,R,Y,L,P,H,G,L,G,E,E,R,P,L,Q,L,G,P,G,L,E,V,W,A,T,P,G,H,G,G,Q,R,D,V,S,V,V,V,A,G,T,V,L,G,T,V,V,V,A,G,D,V,F,E,R,N,G,D,E,D,S,W,Q,A,L,S,E,D,P,V,A,Q,E,R,S,R,K,R,I,L,G,T,A,D,V,V,V,P,G,H,G,A,A,F,R,V,V,R,E,A
Ursus_maritimus,V,R,T,E,P,L,R,G,E,L,P,L,L,V,C,G,D,P,Y,S,V,V,V,L,L,Q,G,Y,A,E,P,E,G,V,D,D,A,V,R,A,D,G,S,V,T,L,V,L,P,R,T,W,G,S,D,S,S,H,R,E,S,L,P,E,G,G,G,V,K,T,A,L,E,E,A,A,R,G,P,I,L,V,D,T,G,G,P,W,A,R,E,A,L,L,G,A,L,A,G,Q,G,V,A,P,G,D,V,T,L,V,V,G,T,H,G,H,S,D,H,I,G,N,L,G,L,F,P,G,A,A,L,L,V,S,H,D,F,C,L,P,G,G,R,Y,L,P,H,G,L,G,E,E,R,P,L,Q,L,G,P,G,L,E,V,W,A,T,P,G,H,G,G,Q,R,D,V,S,V,V,V,A,G,T,V,L,G,T,V,V,V,A,G,D,V,F,E,R,N,G,D,E,D,S,W,Q,A,L,S,E,D,P,V,A,Q,E,R,S,R,K,R,I,L,G,T,A,D,V,V,V,P,G,H,G,A,A,F,R,V,V,R,E,A
Vicugna_pacos,V,R,T,E,P,L,R,G,E,S,P,L,L,V,P,G,D,P,Y,S,V,V,V,L,L,Q,G,Y,A,E,P,E,G,V,G,D,A,V,R,A,D,G,S,V,T,L,V,L,P,Q,A,W,G,S,A,S,S,H,R,E,P,P,P,E,G,C,E,A,K,T,A,L,E,E,A,A,R,G,P,I,L,V,D,T,A,G,P,W,A,R,E,A,L,L,G,A,L,A,G,Q,G,V,A,P,G,D,V,T,L,V,V,G,T,H,G,H,S,D,H,I,G,N,L,G,L,F,P,G,A,A,L,L,V,S,H,D,F,C,L,P,G,G,R,Y,L,P,H,G,L,R,E,E,H,P,L,R,L,G,P,G,L,E,V,W,A,T,P,G,H,G,G,Q,R,D,V,S,V,V,V,A,G,T,A,L,G,T,V,M,I,V,G,D,V,F,E,R,D,G,D,E,D,S,W,Q,A,L,S,E,D,P,V,T,Q,E,Y,S,R,K,R,V,L,G,S,A,D,V,I,V,P,G,H,G,A,P,F,R,V,I,R,E,A
Artibeus_jamaicensis,V,R,T,E,P,L,H,G,N,P,P,L,R,V,P,G,D,P,Y,S,V,V,V,L,L,Q,G,Y,A,E,P,E,G,V,G,D,A,V,C,A,D,G,S,V,T,L,V,L,P,Q,A,W,G,Q,A,-,S,H,Q,E,P,P,P,E,G,G,K,A,K,T,M,L,E,E,V,A,R,G,P,I,L,V,D,T,G,G,P,W,S,R,E,A,L,L,G,A,L,A,G,Q,G,V,A,P,A,D,V,T,L,V,V,G,T,H,G,H,S,D,H,I,G,N,L,G,L,F,P,G,A,A,L,L,V,S,H,D,F,C,L,P,G,G,R,Y,L,P,H,G,L,G,E,E,Q,P,L,R,L,G,P,G,L,E,V,W,A,T,P,G,H,G,G,Q,R,D,V,S,V,V,V,A,G,T,T,L,G,T,V,A,V,V,G,D,V,F,E,R,D,G,D,E,N,S,W,Q,A,M,S,E,D,P,V,A,Q,E,R,S,R,K,R,V,L,G,T,A,D,V,V,V,P,G,H,G,A,P,F,K,V,V,R,E,A
Desmodus_rotundus,V,R,T,E,L,L,R,G,E,P,P,L,R,V,P,G,D,P,Y,S,V,V,V,L,L,Q,G,Y,A,E,P,E,G,V,G,D,A,V,R,A,D,G,S,V,T,L,V,L,P,R,A,W,G,Q,A,-,S,H,R,E,P,P,P,E,G,G,Q,A,K,T,T,L,E,E,A,A,R,G,P,I,L,V,D,T,G,G,P,W,S,R,E,A,L,L,G,A,L,A,G,Q,G,V,A,P,A,D,V,T,L,V,V,G,T,H,G,H,S,D,H,I,G,N,L,G,L,F,P,G,A,A,L,L,V,S,H,D,F,C,L,P,G,G,R,Y,L,P,H,G,L,G,E,E,Q,P,L,R,L,G,P,G,L,D,V,W,A,T,P,G,H,G,G,Q,R,D,V,S,V,V,V,A,G,T,T,L,G,T,I,A,V,V,G,D,V,F,E,R,D,G,D,E,D,S,W,Q,A,L,S,E,D,P,V,A,Q,E,R,S,R,K,R,V,L,G,T,A,D,V,V,V,P,G,H,G,A,P,F,K,V,V,R,E,A
Eptesicus_fuscus,V,R,T,E,P,L,R,G,E,P,P,L,R,L,P,G,D,P,F,S,V,V,V,L,L,R,G,Y,A,E,P,E,G,V,G,G,A,V,R,A,D,G,S,V,T,L,I,L,P,P,G,-,-,-,A,F,S,R,R,L,P,R,P,E,S,G,E,A,K,T,A,L,E,E,A,A,R,G,P,I,L,V,D,T,G,G,P,W,A,R,E,M,L,L,G,A,L,A,G,Q,G,V,A,P,A,D,V,T,L,V,V,G,T,H,G,H,S,D,H,I,G,N,L,G,L,F,P,G,A,A,L,L,V,S,H,D,F,C,L,P,G,G,R,Y,L,P,H,G,L,G,E,E,R,P,L,R,L,G,P,G,L,E,V,W,A,T,P,G,H,G,G,Q,R,D,V,S,V,M,V,A,G,T,A,L,G,T,V,A,V,V,G,D,V,F,E,R,D,G,D,E,D,L,W,Q,A,L,S,E,D,P,V,A,Q,E,R,S,R,K,R,V,L,G,T,A,D,V,V,V,P,G,H,G,A,P,F,R,V,V,R,E,A
Hipposideros_armiger,L,R,T,E,P,L,R,G,E,L,P,L,R,V,P,G,D,S,Y,S,V,V,V,L,L,Q,G,Y,A,E,P,E,G,V,G,D,A,V,R,A,D,G,S,V,T,L,I,L,P,G,T,W,S,S,D,S,S,H,R,E,A,L,S,K,G,G,E,A,K,T,A,L,E,E,A,A,R,G,P,I,L,V,D,T,G,G,P,W,A,R,E,A,L,L,K,A,L,D,G,Q,G,V,S,P,A,D,L,T,L,V,V,G,T,H,G,H,S,D,H,I,G,N,L,G,L,F,P,G,A,A,V,L,V,S,H,D,F,C,L,P,G,G,Y,Y,L,P,H,G,L,G,E,E,R,P,L,R,L,G,P,G,L,E,V,W,A,T,P,G,H,G,G,Q,R,D,V,S,V,V,V,A,G,T,A,L,G,T,V,A,V,V,G,D,V,F,E,R,D,R,D,E,D,S,W,K,A,L,S,E,D,P,V,A,Q,E,R,S,R,K,R,V,L,G,T,A,D,V,V,V,P,G,H,G,A,P,F,R,V,V,R,E,-
Miniopterus_natalensis,V,R,T,E,P,L,P,G,E,P,P,L,R,V,P,G,D,P,Y,S,V,V,V,L,L,Q,G,Y,A,E,P,E,G,V,G,G,A,V,R,A,D,G,S,V,T,L,I,L,P,R,A,W,G,P,A,S,S,P,R,E,P,P,P,E,G,G,E,A,K,T,A,L,E,E,A,A,R,G,P,I,L,V,D,T,G,G,P,W,A,R,E,M,L,L,G,A,L,A,G,Q,G,V,A,P,V,D,V,T,L,V,V,G,T,H,G,H,S,D,H,I,G,N,L,G,L,F,P,G,A,A,L,L,V,S,H,D,F,C,L,P,G,G,L,Y,L,S,H,G,L,G,E,E,R,P,L,W,L,G,P,G,L,E,V,W,A,T,P,G,H,G,G,Q,R,D,V,S,V,V,V,A,G,T,A,M,G,T,V,M,V,V,G,D,V,F,E,R,D,G,D,G,D,S,W,Q,A,L,S,E,D,P,V,A,Q,E,R,S,R,K,R,V,L,G,T,A,D,V,V,V,P,G,H,G,A,P,F,R,V,V,R,E,-
Molossus_molossus,V,R,T,E,A,L,R,G,E,P,P,L,R,V,P,G,D,P,Y,S,V,V,V,L,L,Q,G,Y,A,E,S,E,G,V,G,D,A,V,R,A,D,G,S,V,T,L,I,L,P,R,A,W,G,Q,A,S,S,H,R,A,P,L,P,E,G,G,E,A,K,T,A,L,E,E,A,A,C,G,P,I,L,V,D,T,G,G,P,W,A,R,E,V,L,L,V,A,L,A,G,Q,G,V,A,P,A,D,V,T,L,V,V,G,T,H,G,H,S,D,H,I,G,N,L,G,L,F,P,G,A,A,L,L,V,S,H,D,F,C,L,P,G,G,R,Y,L,P,H,G,L,G,E,E,R,P,L,R,L,G,P,G,L,E,V,W,A,T,P,G,H,G,G,Q,R,D,V,S,L,V,V,A,G,T,A,M,G,T,V,V,V,A,G,D,V,F,E,R,E,G,D,E,D,S,W,Q,A,L,S,E,D,T,V,A,Q,E,R,S,R,K,R,V,L,G,T,A,D,V,V,V,P,G,H,G,A,P,F,R,V,F,R,E,A
Myotis_brandtii,-,-,-,-,-,-,-,-,-,-,-,-,-,-,-,-,-,-,-,-,-,-,-,-,-,-,-,-,-,-,-,-,-,-,-,-,-,-,-,-,-,-,-,-,-,-,-,-,-,-,-,-,-,-,-,-,-,-,-,-,-,-,-,-,-,-,-,-,-,-,-,-,-,-,-,-,-,-,-,-,-,-,-,-,-,-,-,-,-,-,-,-,-,-,-,-,-,-,-,-,-,-,-,-,-,-,-,-,-,-,-,-,-,-,-,-,-,-,-,-,-,-,-,-,-,-,-,-,-,-,-,-,-,-,-,-,-,-,-,-,-,-,-,-,-,-,-,-,-,-,-,-,-,-,-,-,-,-,-,-,-,-,-,-,-,-,-,-,-,-,-,-,-,-,-,-,-,-,-,-,-,-,-,-,-,-,-,-,-,-,-,-,-,-,-,-,-,-,-,-,-,-,-,-,-,-,-,-,-,-,-,-,-,-,-,-,-,-,-,-,-,-,-,-,-,-,-,-,-,-,-,-,-,-,-,-,-,-,-,-,-
Myotis_davidii,V,R,T,E,P,L,R,G,E,P,P,V,R,L,P,G,D,P,F,S,V,V,V,L,L,R,G,-,-,-,-,-,-,-,-,-,-,-,-,-,-,-,-,-,-,-,-,-,-,-,-,-,-,-,-,-,-,-,-,-,-,-,-,-,-,-,-,-,-,-,-,-,-,E,A,A,R,G,P,I,L,V,D,T,G,G,P,W,A,R,E,R,L,L,E,A,L,A,G,Q,G,V,A,P,V,D,V,T,L,V,V,G,T,H,G,H,S,D,H,I,G,N,L,G,L,F,P,R,A,A,L,L,V,S,H,D,F,C,L,P,G,G,C,F,L,P,H,G,L,G,E,E,R,P,L,R,L,G,P,G,L,E,V,W,A,T,P,G,H,G,G,Q,R,D,V,S,V,V,V,A,G,T,A,L,G,T,V,A,V,V,G,D,V,F,E,R,D,G,D,E,G,F,W,Q,A,L,S,E,D,P,V,A,Q,E,R,S,R,K,R,V,L,G,T,A,D,V,V,V,P,G,H,G,A,P,F,L,V,V,R,E,A
Myotis_lucifugus,V,R,T,E,P,L,R,G,E,P,P,V,R,L,P,G,D,P,F,S,V,V,V,L,L,R,G,Y,A,E,P,E,G,V,G,G,A,V,R,A,D,G,S,V,T,L,I,L,P,R,-,-,-,-,A,S,R,H,R,E,P,P,S,E,G,G,E,A,K,T,A,L,E,D,A,A,R,G,P,I,L,V,D,T,G,G,P,W,A,R,E,R,L,L,E,A,L,A,G,Q,G,V,A,P,A,D,V,T,L,V,V,G,T,H,G,H,S,D,H,I,G,N,L,G,L,F,P,R,A,A,L,L,V,S,H,D,F,C,L,P,G,G,C,F,L,P,H,G,L,G,E,E,R,P,L,R,L,G,P,G,L,E,V,W,A,T,P,G,H,G,G,Q,R,D,V,S,V,V,V,A,G,T,A,L,G,T,V,A,V,V,G,D,V,F,E,R,D,G,D,E,G,F,W,Q,A,L,S,E,D,P,V,A,Q,E,R,S,R,R,R,V,L,G,T,A,D,V,V,V,P,G,H,G,A,P,F,L,V,V,R,E,A
Myotis_myotis,V,R,T,E,P,L,R,G,E,P,P,V,R,L,P,G,D,P,F,S,V,V,V,L,L,R,G,Y,A,E,P,E,G,A,G,G,A,V,R,A,D,G,S,V,T,L,I,L,P,R,-,-,-,-,A,S,R,H,R,E,P,P,S,E,G,G,E,A,K,T,A,L,E,E,A,A,R,G,P,I,L,V,D,T,G,G,P,W,A,R,E,R,L,L,E,A,L,A,G,Q,G,V,A,P,V,D,V,T,L,V,V,G,T,H,G,H,S,D,H,I,G,N,L,G,L,F,P,R,A,A,L,L,V,S,H,D,F,C,L,P,G,G,C,F,L,P,H,E,L,G,E,E,R,P,L,R,L,G,P,G,L,E,V,W,A,T,P,G,H,G,G,Q,R,D,V,S,V,V,V,A,G,T,A,L,G,T,V,A,V,V,G,D,V,F,E,R,D,G,D,E,G,F,W,Q,A,L,S,E,D,P,V,A,Q,E,R,S,R,K,R,V,L,G,T,A,D,V,V,V,P,G,H,G,A,P,F,L,V,V,R,E,A
Phyllostomus_discolor,V,R,T,E,L,L,H,G,E,P,P,L,R,V,P,G,D,P,Y,S,V,V,V,L,L,Q,G,Y,A,E,P,E,G,V,G,D,T,V,R,A,D,G,S,V,T,L,V,L,P,R,A,G,G,Q,V,-,S,H,R,Q,P,P,P,E,G,G,K,A,K,T,T,L,E,E,A,A,R,G,P,I,L,V,D,T,G,G,P,W,S,R,E,A,L,L,G,A,L,A,G,Q,G,V,A,P,A,D,V,T,L,V,V,G,T,H,G,H,S,D,H,I,G,N,L,G,L,F,P,G,A,A,L,L,V,S,H,D,F,C,L,P,R,G,R,Y,L,P,H,G,L,S,E,E,Q,P,L,R,L,G,P,G,L,E,V,W,A,T,P,G,H,G,G,Q,R,D,V,S,V,V,V,A,G,T,T,L,G,T,V,A,V,V,G,D,V,F,E,R,D,G,D,G,D,S,W,Q,A,L,S,E,D,P,V,A,Q,E,R,S,R,K,R,V,L,G,T,A,D,V,V,V,P,G,H,G,A,P,F,K,V,V,R,E,A
Phyllostomus_hastatus,V,R,T,E,P,L,H,G,E,P,P,L,R,V,P,G,D,P,Y,S,V,V,V,L,L,Q,G,Y,A,E,P,E,G,V,G,D,T,V,R,A,D,G,S,V,T,L,V,L,P,R,A,R,G,Q,V,-,S,H,R,Q,P,P,P,E,G,G,K,A,K,T,T,L,E,E,A,A,R,G,P,I,L,V,D,T,G,G,P,W,S,R,E,A,L,L,G,A,L,A,G,Q,G,V,A,P,A,D,V,T,L,V,V,G,T,H,G,H,S,D,H,I,G,N,L,G,L,F,P,G,A,A,L,L,V,S,H,D,F,C,L,P,G,G,R,Y,L,P,H,G,L,S,E,E,Q,P,L,R,L,G,P,G,L,E,V,W,A,T,P,G,H,G,G,Q,R,D,V,S,V,V,V,A,G,T,T,L,G,T,V,A,V,V,G,D,V,F,E,R,D,G,D,G,D,S,W,Q,A,L,S,E,D,P,V,A,Q,E,R,S,R,K,R,I,L,G,T,A,D,V,V,V,P,G,H,G,A,P,F,R,V,V,R,E,A
Pipistrellus_kuhlii,V,R,T,E,R,L,R,G,E,A,P,L,R,L,P,G,D,P,F,S,V,V,V,L,L,R,G,Y,V,E,P,E,G,V,G,G,A,V,R,A,D,G,S,V,T,L,I,L,P,C,-,-,-,-,A,S,S,R,L,Q,P,R,P,E,S,G,E,A,K,T,A,L,E,E,A,A,R,G,P,I,L,V,D,T,G,G,P,W,A,R,E,R,L,L,K,A,L,A,E,Q,G,V,A,P,A,N,V,T,L,V,V,G,T,H,G,H,S,D,H,I,G,N,L,G,L,F,P,G,A,A,L,L,V,S,H,D,F,C,L,P,G,G,R,Y,L,P,H,G,L,G,E,E,R,P,L,R,L,G,P,G,L,E,V,W,A,T,P,G,H,G,G,Q,R,D,V,S,V,M,V,A,G,T,V,M,G,T,V,A,V,V,G,D,V,F,E,S,D,G,D,E,D,F,W,Q,A,L,S,E,D,P,V,A,Q,E,R,S,R,K,R,V,L,G,T,A,D,V,V,V,P,G,H,G,A,P,F,R,V,V,R,E,A
Rhinolophus_ferrumequinum,L,R,T,E,P,L,R,G,E,L,P,L,R,V,S,G,D,P,Y,S,V,V,V,L,L,Q,G,Y,A,E,P,E,G,V,G,D,A,V,H,A,D,G,S,V,T,L,I,L,P,G,T,W,G,S,D,S,S,H,R,E,A,R,S,T,G,G,E,A,K,T,A,L,E,E,A,A,R,G,P,I,L,V,D,T,G,G,P,W,A,R,E,A,L,L,G,A,L,A,G,Q,G,V,T,P,A,D,V,T,L,V,V,G,T,H,G,H,S,D,H,I,G,N,L,G,L,F,P,G,A,A,L,L,V,S,H,D,F,C,L,P,G,G,H,Y,L,P,H,G,L,G,E,E,R,P,L,L,L,G,P,G,L,E,V,W,A,T,P,G,H,G,G,Q,R,D,V,S,V,V,V,A,G,T,A,L,G,T,V,M,V,V,G,D,V,F,E,R,D,S,D,E,D,S,W,Q,A,L,S,E,D,P,V,A,Q,E,R,S,R,K,R,V,L,G,T,A,D,V,V,V,P,G,H,G,A,P,F,R,V,V,R,E,A
Sorex_araneus,-,-,-,-,-,-,-,-,-,-,-,-,-,-,-,-,-,-,-,-,-,-,-,-,-,-,-,-,-,-,-,-,-,-,-,-,-,-,-,-,-,-,-,-,-,-,-,-,-,-,-,-,-,-,-,-,-,-,-,-,-,-,-,-,-,-,-,-,-,-,-,-,-,-,-,-,-,-,-,-,-,-,-,-,-,-,-,-,-,-,-,-,-,-,-,-,-,-,-,-,-,-,-,-,-,-,-,-,-,-,-,-,-,-,-,-,-,-,-,-,-,-,-,-,-,-,-,-,-,-,-,-,-,-,-,-,-,-,-,-,-,-,-,-,-,-,-,-,-,-,-,-,-,-,-,-,-,-,-,-,-,-,-,-,-,-,-,-,-,-,-,-,-,-,-,-,-,-,-,-,-,-,-,-,-,-,-,-,-,-,-,-,-,-,-,-,-,-,-,-,-,-,-,-,-,-,-,-,-,-,-,-,-,-,-,-,-,-,-,-,-,-,-,-,-,-,-,-,-,-,-,-,-,-,-,-,-,-,-,-,-
Sturnira_hondurensis,V,R,T,E,R,L,R,G,N,P,P,L,R,V,P,G,D,P,Y,S,V,V,V,L,L,Q,G,Y,A,E,P,E,G,V,G,D,A,V,C,A,D,G,S,V,T,L,V,L,P,Q,A,W,G,Q,A,-,S,H,R,E,P,P,P,E,G,G,K,A,K,T,M,L,E,E,A,A,R,G,P,I,L,V,D,T,G,G,P,W,S,R,E,A,L,L,G,A,L,A,G,Q,G,V,A,P,A,D,V,T,L,V,V,G,T,H,G,H,S,D,H,I,G,N,L,G,L,F,P,G,A,A,L,L,V,S,H,D,F,C,L,P,G,G,R,Y,L,P,H,G,L,G,E,E,Q,P,L,Q,L,G,P,G,L,E,V,W,A,T,P,G,H,G,G,Q,R,D,V,S,V,V,V,A,G,T,T,L,G,T,V,A,V,V,G,D,V,F,E,R,D,G,D,E,D,S,W,Q,A,M,S,E,D,P,V,A,Q,E,R,S,R,K,R,V,L,G,T,A,D,V,V,V,P,G,H,G,A,P,F,K,V,V,R,E,A
Pteropus_alecto,L,R,T,E,P,L,R,G,E,L,P,M,R,M,P,G,N,P,Y,S,V,V,V,L,L,K,G,Y,A,E,P,E,R,V,G,D,A,V,R,A,D,G,S,V,T,L,V,L,P,Q,A,W,G,Q,A,G,S,H,G,E,L,P,P,E,G,G,E,A,K,T,A,L,E,A,A,A,G,G,P,I,L,V,D,T,G,G,P,W,A,Q,E,A,L,L,R,A,L,A,G,Q,G,V,A,P,A,D,V,T,L,V,V,G,T,H,G,H,S,D,H,I,G,N,L,G,L,F,P,G,A,A,L,L,V,S,H,D,F,C,L,P,G,G,R,Y,L,P,H,G,L,G,E,E,R,P,L,K,L,G,P,G,L,E,V,W,A,T,P,G,H,G,G,Q,R,D,V,S,V,V,V,A,G,T,A,L,G,T,V,V,V,A,G,D,V,F,E,R,D,G,D,K,D,S,W,Q,T,L,S,E,D,P,V,A,Q,E,R,S,R,K,R,V,L,G,T,A,D,V,V,I,P,G,H,G,A,P,F,R,V,I,R,E,-
Pteropus_giganteus,L,R,T,E,P,L,R,G,E,L,P,M,R,M,P,G,N,P,Y,S,V,V,V,L,L,K,G,Y,A,E,P,E,R,V,G,D,A,V,R,A,D,G,S,V,T,L,V,L,P,Q,A,W,G,Q,A,C,S,H,G,E,L,P,P,E,G,G,E,A,K,T,A,L,E,A,A,A,S,G,P,I,L,V,D,T,G,G,P,W,A,Q,E,A,L,L,R,A,L,A,G,Q,G,V,A,P,A,D,V,T,L,V,V,G,T,H,G,H,S,D,H,I,G,N,L,G,L,F,P,G,A,A,L,L,V,S,H,D,F,C,L,P,G,G,R,Y,L,P,H,G,L,G,E,E,R,P,L,N,L,G,P,G,L,E,V,W,A,T,P,G,H,G,G,Q,R,D,V,S,V,V,V,A,G,T,A,L,G,T,V,V,V,A,G,D,V,F,E,R,D,G,D,K,D,S,W,Q,T,L,S,E,D,P,V,A,Q,E,R,S,R,K,R,V,L,G,T,A,D,V,V,I,P,G,H,G,A,P,F,R,V,I,R,E,-
Pteropus_vampyrus,L,R,T,E,P,L,R,G,E,L,P,M,R,M,P,G,N,P,Y,S,V,V,V,L,L,K,G,Y,A,E,P,E,R,V,G,D,A,V,R,A,D,G,S,V,T,L,V,L,P,Q,A,W,G,Q,A,C,S,H,G,E,L,P,P,E,G,G,E,A,K,T,A,L,E,A,A,A,S,G,P,I,L,V,D,T,G,G,P,W,A,Q,E,A,L,L,R,A,L,A,G,Q,G,V,A,P,A,D,V,T,L,V,V,G,T,H,G,H,S,D,H,I,G,N,L,G,L,F,P,G,A,A,L,L,V,S,H,D,F,C,L,P,G,G,R,Y,L,P,H,G,L,G,E,E,R,P,L,K,L,G,P,G,L,E,V,W,A,T,P,G,H,G,G,Q,R,D,V,S,V,V,V,A,G,T,A,L,G,T,V,V,V,A,G,D,V,F,E,R,D,G,D,K,D,S,W,Q,T,L,S,E,D,P,V,A,Q,E,R,S,R,K,R,V,L,G,T,A,D,V,V,I,P,G,H,G,A,P,F,R,V,I,R,E,-
Rousettus_aegyptiacus,L,R,T,E,P,L,R,G,E,P,P,M,R,L,P,G,N,P,Y,S,V,V,V,L,L,K,G,Y,A,E,P,E,R,V,G,D,A,V,R,A,D,S,S,V,T,L,V,L,P,Q,A,W,G,Q,A,S,-,-,-,-,-,L,P,E,G,G,E,A,K,T,A,L,E,A,A,A,R,G,P,I,L,V,D,T,G,G,P,W,T,R,E,A,L,L,R,A,L,A,G,E,G,V,A,P,A,D,V,T,L,V,V,G,T,H,G,H,S,D,H,I,G,N,L,G,L,F,P,G,A,A,L,L,V,S,H,D,F,C,L,P,G,G,R,Y,L,P,H,G,L,G,E,E,R,P,L,K,L,G,P,G,L,E,V,W,A,T,P,G,H,G,G,Q,R,D,V,S,V,V,V,G,G,T,T,L,G,T,V,V,V,A,G,D,V,F,E,C,D,G,D,K,D,S,W,Q,V,L,S,E,D,P,V,A,Q,E,R,S,R,K,R,V,L,D,T,A,D,I,V,V,P,G,H,G,A,P,F,R,V,I,R,E,-
Ailuropoda_melanoleuca,V,R,T,E,P,L,R,E,E,L,P,L,L,V,C,G,D,P,Y,S,V,V,V,L,L,Q,G,Y,A,E,P,E,G,V,D,D,A,V,R,A,D,G,S,V,T,L,V,L,P,R,T,W,G,S,A,S,S,H,R,E,S,P,P,E,G,G,G,A,K,T,A,L,E,E,A,A,R,G,P,I,L,V,D,T,G,G,P,W,A,R,E,A,L,L,G,A,L,A,R,Q,G,V,A,P,G,D,V,T,L,V,V,G,T,H,G,H,S,D,H,I,G,N,L,G,L,F,P,G,A,A,L,L,V,S,H,D,F,C,L,P,G,G,R,Y,L,P,H,G,L,G,E,E,R,P,L,Q,L,G,P,G,L,E,V,W,A,T,P,G,H,G,G,Q,R,D,V,S,V,V,V,A,G,T,V,L,G,T,V,V,V,A,G,D,V,F,E,R,N,G,D,E,D,S,W,Q,A,L,S,E,D,P,V,A,Q,E,R,S,R,K,R,I,L,G,T,A,D,V,V,V,P,G,H,G,A,A,F,R,V,V,R,E,A
Antechinus_flavipes,V,R,T,E,P,L,L,G,N,F,P,L,S,I,P,G,D,P,Y,S,V,V,V,L,L,Q,G,Y,S,E,P,Q,G,T,E,G,A,Q,R,A,D,G,S,V,T,L,L,L,P,T,T,W,K,-,-,-,-,-,-,-,-,-,-,-,-,-,-,-,S,T,A,L,E,Q,A,G,S,G,P,V,L,V,D,T,G,G,P,W,A,R,D,A,L,L,A,A,L,A,A,H,G,V,A,P,D,A,V,T,L,V,V,G,T,H,G,H,S,D,H,V,G,S,L,G,L,F,P,R,A,A,L,L,V,S,H,D,F,C,L,P,G,G,L,Y,L,P,H,G,L,S,E,T,C,P,L,R,L,G,P,G,L,E,I,W,A,T,P,G,H,A,G,L,S,D,V,S,V,V,V,A,G,T,S,V,G,T,V,V,V,A,G,D,V,F,E,R,E,H,D,G,D,T,W,R,Q,L,S,E,D,P,A,A,Q,E,R,S,R,Q,R,V,L,A,A,A,D,V,I,V,P,G,H,G,G,P,F,R,V,F,R,E,-
Aotus_nancymaae,M,R,T,E,P,L,R,G,A,S,P,L,L,V,P,G,D,P,Y,S,V,V,V,L,L,Q,G,Y,A,E,P,E,G,M,D,D,A,V,R,A,D,G,S,V,T,L,V,L,P,Q,T,W,G,P,A,S,S,H,G,E,S,P,R,G,G,G,G,A,E,A,A,L,E,E,A,A,R,G,P,I,L,V,D,T,G,G,P,W,A,Q,E,A,L,L,G,A,L,A,G,Q,G,V,A,P,G,D,V,T,L,V,V,G,T,H,G,H,S,D,H,I,G,N,L,G,L,F,P,G,A,A,L,L,V,S,H,D,F,C,L,P,G,G,R,Y,L,P,H,G,L,G,E,G,R,P,L,R,L,G,P,G,L,E,V,W,A,T,P,G,H,G,G,Q,R,D,V,S,V,V,V,A,G,T,A,L,G,T,V,V,V,A,G,D,V,F,E,R,D,G,D,E,D,S,W,Q,A,L,S,E,D,P,A,A,Q,E,R,S,R,K,R,V,L,V,A,A,D,V,V,V,P,G,H,G,P,P,F,R,V,L,R,E,A
Apodemus_sylvaticus,V,R,T,E,P,L,H,G,E,T,P,L,L,A,P,S,G,S,Y,S,V,V,V,L,L,R,G,Y,A,E,P,L,G,A,G,D,A,V,R,A,D,G,T,V,T,L,V,L,P,R,G,W,A,S,D,S,S,R,R,S,T,P,S,A,D,G,G,T,K,T,A,L,E,E,A,V,R,G,P,I,L,V,D,T,G,G,P,W,A,R,D,A,L,L,E,S,L,A,T,Q,G,V,A,P,G,D,V,T,L,V,V,G,T,H,G,H,S,D,H,I,G,N,L,G,L,F,P,E,A,A,L,L,V,S,H,D,F,C,L,P,G,G,L,Y,L,P,H,G,L,C,E,T,Q,P,L,R,L,G,S,G,L,Q,V,W,A,T,P,G,H,G,G,Q,R,D,V,S,V,V,V,E,G,T,S,L,G,T,V,V,V,A,G,D,V,F,E,R,L,G,D,E,D,S,W,Q,A,L,S,E,D,P,V,A,Q,Q,R,S,R,E,R,I,L,S,V,A,D,V,V,V,P,G,H,G,A,P,F,R,V,V,R,E,A
Arvicola_amphibius,V,R,T,E,P,L,L,G,E,T,P,L,L,A,T,S,D,S,Y,S,V,M,V,L,Q,R,G,F,A,E,P,H,G,A,G,D,A,V,R,A,D,G,T,V,T,L,V,L,P,R,A,W,T,S,G,S,S,R,S,M,A,P,S,A,D,G,G,T,K,T,A,L,E,E,A,V,R,G,P,I,L,V,D,T,G,G,P,W,A,R,E,A,L,L,E,A,L,A,R,Q,G,V,A,P,G,D,V,T,L,V,V,G,T,H,G,H,S,D,H,I,G,N,L,G,L,F,L,R,A,A,L,L,V,S,H,D,F,C,L,P,G,G,L,Y,L,P,H,G,L,C,E,M,Q,P,L,I,L,G,S,G,L,Q,V,W,A,T,P,G,H,G,G,Q,R,D,V,S,V,V,V,E,G,T,S,L,G,T,V,V,V,A,G,D,V,F,E,R,L,G,D,E,D,S,W,Q,A,L,S,E,D,P,V,A,Q,Q,R,S,R,E,R,I,L,G,V,A,D,V,V,V,P,G,H,G,A,P,F,R,V,V,R,E,A
Callorhinus_ursinus,V,R,T,E,P,L,P,G,E,P,P,L,L,V,S,G,D,P,Y,S,V,V,V,L,L,Q,G,Y,A,E,P,E,G,V,D,D,A,V,R,A,D,G,S,V,T,L,V,L,P,Q,A,W,G,L,A,S,S,T,R,E,S,P,P,E,G,G,G,A,K,T,A,L,E,E,V,A,R,G,P,I,L,V,D,T,G,G,P,W,A,R,E,A,L,L,V,A,L,A,G,Q,G,V,A,P,G,D,V,T,L,V,V,G,T,H,G,H,S,D,H,I,G,N,L,G,L,F,P,G,A,A,L,L,V,S,H,D,F,C,L,P,G,G,R,Y,L,P,H,G,L,G,E,E,R,P,L,Q,L,G,P,G,L,E,V,W,A,T,P,G,H,G,G,Q,R,D,V,S,V,V,V,A,G,T,A,L,G,T,V,V,V,A,G,D,V,F,E,R,N,G,D,E,D,S,W,Q,A,L,S,E,D,P,V,A,Q,E,R,S,R,K,R,V,L,A,T,A,D,V,V,V,P,G,H,G,A,P,F,R,V,V,R,E,A
Canis_lupus_dingo,V,R,T,E,P,L,R,G,E,P,P,L,L,V,R,G,D,P,Y,S,V,V,V,L,L,Q,G,Y,A,E,P,D,G,V,D,D,A,V,R,A,D,G,S,V,T,L,V,L,P,Q,A,W,G,S,A,S,S,H,R,E,A,P,P,E,G,G,G,A,K,T,A,L,E,E,A,A,R,G,P,I,L,V,D,T,G,G,P,W,A,R,E,A,L,L,G,A,L,A,G,Q,G,V,A,P,G,D,V,T,L,V,V,G,T,H,G,H,S,D,H,I,G,N,L,G,L,F,P,T,A,A,L,L,V,S,H,D,F,C,L,P,G,G,R,Y,L,P,H,G,L,G,E,E,L,P,L,R,L,G,P,G,L,E,V,W,A,T,P,G,H,G,G,Q,R,D,V,S,V,V,V,A,G,T,A,L,G,T,V,V,V,A,G,D,V,F,E,R,S,G,D,E,D,S,W,Q,A,L,S,E,D,P,V,A,Q,D,R,S,R,K,R,V,L,G,I,A,D,V,V,V,P,G,H,G,A,P,F,R,V,I,R,E,A
Carlito_syrichta,-,-,-,-,-,-,-,-,-,-,-,-,-,-,-,-,-,-,-,-,-,-,-,-,-,-,-,-,-,-,-,-,-,-,-,-,-,-,-,-,-,-,-,-,-,-,-,-,-,-,-,-,-,-,-,-,-,-,-,-,-,-,-,-,-,-,-,-,-,-,-,-,-,-,-,-,-,-,-,-,-,-,-,-,-,-,-,-,-,-,-,-,-,-,-,-,-,-,-,-,-,-,-,-,-,-,-,-,-,-,-,-,-,-,-,-,-,-,-,-,-,-,-,-,-,-,-,-,-,-,-,-,-,-,-,-,-,-,-,-,-,-,-,-,-,-,-,-,-,-,-,-,-,-,-,-,-,-,-,-,-,-,-,-,-,-,-,-,-,-,-,-,-,-,-,-,-,-,-,-,-,-,-,-,-,-,-,-,-,-,-,-,-,-,-,-,-,-,-,-,-,-,-,-,-,-,-,-,-,-,-,-,-,-,-,-,-,-,-,-,-,-,-,-,-,-,-,-,-,-,-,-,-,-,-,-,-,-,-,-,-
Castor_canadensis,V,R,T,E,P,L,L,R,E,P,P,L,L,M,P,G,D,P,Y,S,V,V,V,L,L,R,G,Y,A,E,P,E,G,M,G,D,A,V,R,A,D,G,S,V,T,L,V,L,P,Q,A,W,G,P,A,S,S,H,Q,E,S,P,P,A,D,G,G,A,K,T,A,L,E,E,A,S,R,G,P,I,L,V,D,S,G,G,P,W,A,R,E,A,L,V,E,A,L,A,G,Q,G,V,A,P,G,D,V,T,L,V,V,G,T,H,G,H,S,D,H,I,G,N,L,G,L,F,P,G,A,A,L,L,V,S,H,D,F,C,L,P,G,G,H,Y,L,P,H,G,L,S,E,E,R,P,L,R,L,G,P,G,L,E,V,W,A,T,P,G,H,G,G,Q,R,D,V,S,L,V,V,A,G,T,A,L,G,T,V,V,V,A,G,D,V,F,E,R,V,G,D,E,D,S,W,R,A,L,S,E,D,P,V,A,Q,E,R,S,R,K,R,V,L,G,T,A,D,V,I,V,P,G,H,G,A,P,F,R,V,I,R,E,T
Cavia_porcellus,V,R,T,E,P,L,S,G,-,A,P,L,L,M,P,G,D,P,Y,S,V,V,V,L,L,Q,G,Y,S,E,P,E,G,V,G,D,A,V,R,A,D,G,S,V,T,L,V,L,P,Q,A,W,D,P,E,S,S,H,R,E,S,L,S,A,G,G,E,A,E,T,A,L,E,K,A,A,R,G,P,I,L,V,D,T,G,G,P,W,T,R,E,V,L,L,G,A,L,A,G,Q,G,L,S,P,G,D,V,T,L,V,V,G,T,H,G,H,S,D,H,I,G,N,L,G,L,F,P,G,A,A,L,L,V,S,H,D,F,C,L,P,G,G,L,Y,L,P,H,G,L,S,E,E,R,P,L,R,L,G,L,G,L,E,V,W,A,T,P,G,H,G,G,Q,R,D,V,S,V,V,V,A,S,T,A,L,G,T,V,V,V,A,G,D,V,F,E,R,D,G,D,E,D,S,W,Q,A,L,S,E,D,P,V,A,Q,E,R,S,R,R,R,I,L,G,T,A,N,V,V,V,P,G,H,G,A,P,F,R,V,I,R,E,A
Cervus_elaphus_hippelaphus,-,-,-,-,-,-,-,-,-,-,-,-,-,-,-,-,-,-,-,-,-,-,-,-,-,-,-,-,-,-,-,-,-,-,-,-,-,-,-,-,-,-,-,-,-,-,-,-,-,-,-,-,-,-,-,-,-,-,-,-,-,-,-,-,-,-,-,-,-,-,-,-,-,-,-,-,-,-,-,-,-,-,-,-,-,-,-,-,-,-,-,-,-,-,-,-,-,-,-,-,-,-,-,-,-,-,-,-,-,-,-,-,-,-,-,-,-,-,-,-,-,-,-,-,-,-,-,-,-,-,-,-,-,-,-,-,-,-,-,-,-,-,-,-,-,-,-,-,-,-,-,-,-,-,-,-,-,-,-,-,-,-,-,-,-,-,-,-,-,-,-,-,-,-,-,-,-,-,-,-,-,-,-,-,-,-,-,-,-,-,-,-,-,-,-,-,-,-,-,-,-,-,-,-,-,-,-,-,-,-,-,-,-,-,-,-,-,-,-,-,-,-,-,-,-,-,-,-,-,-,-,-,-,-,-,-,-,-,-,-,-
Chinchilla_lanigera,V,R,T,E,A,L,S,G,-,A,P,L,R,V,P,G,D,P,Y,S,V,V,V,L,L,Q,G,Y,S,E,P,E,T,G,G,D,A,V,R,A,D,G,S,V,T,L,L,L,P,R,A,W,D,P,A,S,S,R,R,E,A,L,P,A,G,R,D,A,K,A,A,L,E,A,A,A,R,G,P,I,L,V,D,T,G,G,P,W,T,R,E,A,L,L,G,A,L,A,R,Q,G,V,S,P,G,D,V,T,L,V,V,G,T,H,G,H,S,D,H,I,G,N,L,G,L,F,P,G,A,A,L,L,V,S,H,D,F,C,L,P,G,G,L,Y,L,P,H,G,L,S,E,E,R,P,L,R,L,G,P,G,L,E,V,W,A,T,P,G,H,G,G,Q,R,D,V,S,V,V,V,A,S,T,A,L,G,T,V,V,V,A,G,D,V,F,E,R,D,G,D,E,G,S,W,Q,E,L,S,E,D,P,V,A,Q,E,R,S,R,K,R,I,L,G,A,A,N,V,I,V,P,G,H,G,A,P,F,R,V,V,R,E,A
Choloepus_didactylus,V,R,T,E,P,L,R,G,E,P,P,L,M,V,P,G,D,P,Y,S,V,V,V,L,L,R,G,Y,A,E,P,E,G,G,D,G,A,V,R,A,D,G,S,V,T,L,V,L,P,H,A,W,D,A,A,S,N,H,R,E,P,L,P,G,D,G,G,A,K,T,S,L,E,E,A,A,C,G,P,I,L,V,D,T,G,G,P,W,A,R,E,A,L,L,G,A,L,A,G,Q,G,V,S,P,R,D,V,T,L,V,V,G,T,H,G,H,S,D,H,I,G,N,L,G,L,F,P,E,A,A,L,L,V,S,H,D,F,C,L,P,G,G,L,Y,L,P,H,R,L,D,E,E,C,P,L,R,L,G,P,G,L,E,V,W,A,T,P,G,H,G,G,Q,R,D,V,S,L,V,V,A,G,T,A,L,G,T,V,V,V,A,G,D,V,F,E,R,V,G,D,E,D,S,W,Q,A,L,S,E,D,P,V,A,Q,E,R,S,R,K,R,V,L,G,A,A,D,V,V,V,P,G,H,G,A,P,F,R,V,V,R,E,A
Cricetulus_griseus,-,-,-,-,-,-,-,-,-,-,-,-,-,-,-,-,-,-,-,-,-,-,-,-,-,-,-,-,-,-,-,-,-,-,-,-,-,-,-,-,-,-,-,-,-,-,-,-,-,-,-,-,-,-,-,-,-,-,-,-,-,-,-,-,-,-,-,-,-,-,-,-,-,-,-,-,-,-,-,-,-,-,-,-,-,-,-,-,-,-,-,-,-,-,-,-,-,-,-,-,-,-,-,-,-,-,-,-,-,-,-,-,-,-,-,-,-,-,-,-,-,-,-,-,-,-,-,-,-,-,-,-,-,-,-,-,-,-,-,-,-,-,-,-,-,-,-,-,-,-,-,-,-,-,-,-,-,-,-,-,-,-,-,-,-,-,-,-,-,-,-,-,-,-,-,-,-,-,-,-,-,-,-,-,-,-,-,-,-,-,-,-,-,-,-,-,-,-,-,-,-,-,-,-,-,-,-,-,-,-,-,-,-,-,-,-,-,-,-,-,-,-,-,-,-,-,-,-,-,-,-,-,-,-,-,-,-,-,-,-,-
Dasypus_novemcinctus,V,W,T,E,P,L,R,G,E,P,P,L,L,V,P,G,D,P,Y,S,V,V,V,L,L,R,G,Y,A,E,P,E,G,G,D,N,A,V,R,A,D,G,S,V,T,L,V,L,P,Q,A,W,G,P,T,S,G,H,R,H,P,P,P,S,G,G,G,A,K,T,S,L,E,E,A,A,R,G,P,I,L,V,D,T,G,G,P,W,A,Q,E,A,L,L,G,A,L,A,G,Q,G,V,A,P,G,D,V,T,L,V,V,G,T,H,G,H,S,D,H,I,G,N,L,G,L,F,P,G,A,A,L,L,V,S,H,D,F,C,L,P,G,G,H,Y,L,P,H,G,L,N,E,E,C,P,L,R,L,G,P,G,L,E,V,W,A,T,P,G,H,G,G,Q,R,D,V,S,L,V,V,A,G,T,A,L,G,T,V,V,V,A,G,D,V,F,E,R,D,G,D,E,D,S,W,Q,A,L,S,E,D,P,V,A,Q,E,R,S,R,K,R,V,L,G,A,A,D,L,V,V,P,G,H,G,A,P,F,R,V,L,R,E,-
Dipodomys_ordii,V,R,T,E,P,L,R,G,E,P,P,W,L,V,P,G,A,S,Y,S,V,V,V,L,L,R,G,Y,A,E,P,E,G,A,G,G,V,V,R,A,D,G,S,V,T,L,V,L,P,R,S,W,P,P,A,S,G,H,R,A,A,L,S,A,D,G,G,A,E,A,A,L,Q,E,A,A,R,G,P,I,L,V,D,T,G,G,P,W,A,R,E,A,L,L,G,A,L,A,G,Q,G,V,A,P,G,D,V,A,L,V,V,G,T,H,G,H,S,D,H,I,G,N,L,G,L,F,P,E,A,A,L,L,V,S,H,D,F,C,L,P,G,G,R,Y,L,P,H,D,L,R,E,E,R,P,L,R,L,G,P,G,L,E,V,W,A,T,P,G,H,A,G,R,R,D,V,S,V,A,V,A,G,T,E,L,G,T,V,V,L,A,G,D,V,F,E,R,D,G,D,E,D,T,W,Q,A,L,S,E,D,P,V,A,Q,E,Q,S,R,K,R,V,L,G,A,A,D,V,V,V,P,G,H,G,A,P,F,R,V,V,R,E,A
Dipodomys_spectabilis,V,R,T,E,P,L,R,G,E,P,P,W,L,V,P,G,D,S,Y,S,V,V,V,L,L,R,G,Y,A,E,P,E,G,A,G,A,V,V,R,A,D,G,S,V,T,L,V,L,P,R,S,W,P,P,A,P,G,H,R,A,A,L,S,A,D,G,G,A,E,A,A,L,Q,A,A,A,R,G,P,I,L,V,D,T,G,G,P,W,A,R,E,A,L,L,G,A,L,A,G,Q,G,V,A,P,G,D,V,A,L,V,V,G,T,H,G,H,S,D,H,V,G,N,L,G,L,F,P,E,A,A,L,L,V,S,H,D,F,C,L,P,G,G,R,Y,L,P,H,D,L,R,E,E,R,P,L,R,L,G,P,G,L,E,V,W,A,T,P,G,H,A,G,R,R,D,V,S,V,A,V,A,G,T,E,L,G,T,V,V,L,A,G,D,V,F,E,R,D,G,D,E,D,T,W,Q,A,L,S,E,D,P,V,A,Q,E,Q,S,R,K,R,V,L,G,A,A,D,V,V,V,P,G,H,G,A,P,F,R,V,V,R,E,A
Dromiciops_gliroides,V,Q,T,Q,P,L,R,G,G,P,P,L,S,I,P,G,D,P,Y,S,V,V,V,L,L,R,G,Y,S,E,P,Q,G,T,G,G,A,Q,K,A,D,G,S,V,T,L,V,L,P,T,-,-,-,-,-,-,-,-,-,-,-,-,-,-,-,-,-,-,-,-,A,L,E,Q,A,G,S,G,P,V,L,V,D,T,G,G,P,W,A,R,D,A,L,L,A,A,L,A,A,H,G,V,T,P,D,A,V,T,L,V,V,G,T,H,G,H,S,D,H,V,G,S,L,G,L,F,P,R,A,A,L,L,V,S,H,D,F,C,L,P,G,G,L,Y,L,P,H,A,L,S,E,S,C,P,L,R,L,G,P,G,L,E,V,W,A,T,P,G,H,A,G,L,G,D,V,S,V,V,V,S,G,T,A,S,G,T,V,V,V,A,G,D,V,F,E,R,E,D,D,G,D,T,W,R,Q,L,S,E,N,P,A,A,Q,E,R,S,R,Q,R,V,L,A,A,A,D,V,V,V,P,G,H,G,G,P,F,R,V,L,R,E,-
Elephantulus_edwardii,L,H,T,E,P,L,C,G,E,I,P,L,L,V,P,G,S,P,Y,S,V,V,V,L,L,Q,G,F,A,D,P,Q,G,F,G,G,A,V,R,A,D,G,S,V,T,L,I,L,P,-,-,-,-,-,-,-,-,-,-,-,-,-,-,-,-,-,-,-,K,T,A,L,E,R,A,A,L,G,P,M,I,V,D,T,G,G,P,W,A,R,E,A,L,L,G,A,L,A,R,Q,N,V,A,P,G,D,V,T,L,V,V,G,T,H,G,H,S,D,H,I,G,N,L,G,L,F,P,G,A,A,L,L,V,S,H,D,F,C,L,P,G,G,L,Y,L,P,H,R,L,S,E,E,Q,P,L,Q,L,G,P,G,L,E,V,W,A,T,P,G,H,G,G,Q,K,D,V,S,V,V,V,A,G,T,S,L,G,T,V,A,V,V,G,D,V,F,E,C,N,G,D,E,D,S,W,Q,A,L,S,E,D,P,V,A,Q,E,R,S,R,K,R,V,L,S,A,A,D,V,V,V,P,G,H,G,A,P,F,R,I,V,R,E,A
Equus_caballus,V,Q,T,K,P,L,R,G,E,T,P,L,L,V,P,G,G,P,Y,S,V,V,V,L,L,Q,G,Y,A,E,P,E,E,-,G,D,A,V,R,A,D,G,S,V,T,L,V,L,P,Q,A,W,G,P,A,S,S,H,E,E,P,P,P,T,G,G,E,A,K,S,A,L,E,E,A,A,R,G,P,I,L,V,D,T,G,G,P,W,A,R,E,A,L,L,G,A,L,A,G,Q,G,V,A,P,G,D,V,T,L,V,V,G,T,H,G,H,S,D,H,I,G,N,L,G,L,F,P,A,A,S,L,L,V,S,H,D,F,C,L,P,G,G,R,Y,L,L,H,G,L,G,E,E,R,P,L,R,L,G,P,G,L,E,V,W,A,T,P,G,H,G,G,Q,R,D,V,S,V,V,V,A,G,T,A,L,G,T,V,M,V,V,G,D,V,F,E,R,E,G,D,E,D,S,W,Q,A,L,S,E,D,P,V,A,Q,E,R,S,R,K,R,V,L,D,T,A,D,V,V,V,P,G,H,G,A,L,F,R,V,V,R,E,A
Erinaceus_europaeus,V,R,T,E,P,L,R,G,D,R,P,L,R,I,P,G,A,R,H,S,V,M,V,L,L,Q,G,Y,A,E,P,E,G,P,G,E,V,V,R,A,D,G,S,V,T,L,V,L,P,Q,A,W,S,P,A,S,D,T,R,E,P,L,P,E,S,G,D,A,E,T,A,L,E,A,A,A,R,G,P,I,L,V,D,T,G,G,P,W,A,R,E,A,L,V,G,A,L,A,E,Q,G,V,V,P,G,H,V,T,L,V,V,G,T,H,G,H,S,D,H,I,G,N,L,G,L,F,P,G,A,A,L,L,V,S,H,D,L,C,L,P,G,G,R,Y,L,P,H,G,L,G,E,G,R,P,L,R,L,A,P,G,L,E,V,W,A,T,P,G,H,G,G,Q,R,D,V,S,L,V,V,A,G,T,G,M,G,T,V,V,V,A,G,D,V,F,E,R,H,G,D,E,G,S,W,Q,A,L,S,E,D,P,V,A,Q,E,R,S,R,R,R,V,L,G,I,A,D,V,V,I,P,G,H,G,A,P,F,-,-,-,-,-,-
Eumetopias_jubatus,V,R,T,E,P,L,P,G,E,P,P,L,L,V,S,G,D,P,Y,S,V,V,V,L,L,R,G,Y,A,E,P,E,G,V,D,D,A,V,R,A,D,G,S,V,T,L,V,L,P,Q,A,W,G,S,A,S,S,T,R,E,S,P,P,E,G,G,G,A,K,T,A,L,E,E,V,A,R,G,P,I,L,V,D,T,G,G,P,W,A,R,E,A,L,L,V,A,L,A,G,Q,G,V,A,P,G,D,V,T,L,V,V,G,T,H,G,H,S,D,H,I,G,N,L,G,L,F,P,G,A,A,L,L,V,S,H,D,F,C,L,P,G,G,R,Y,L,P,H,G,L,G,E,E,R,P,L,Q,L,G,P,G,L,E,V,W,A,T,P,G,H,G,G,Q,R,D,V,S,V,V,V,A,G,T,A,L,G,T,V,V,V,A,G,D,V,F,E,R,N,G,D,E,D,S,W,Q,A,L,S,E,D,P,V,A,Q,E,R,S,R,K,R,V,L,A,T,A,D,V,V,V,P,G,H,G,A,P,F,R,V,V,R,E,A
Felis_catus,V,Q,T,E,P,L,L,G,E,P,P,L,L,V,R,G,D,P,Y,S,V,V,V,L,L,Q,G,Y,A,E,P,E,G,V,G,D,A,V,R,A,D,G,S,V,T,L,V,L,P,Q,A,W,G,P,A,S,S,H,R,E,S,P,P,E,G,G,G,A,K,T,A,L,E,E,A,A,R,G,P,I,L,V,D,T,G,G,P,W,A,R,D,T,L,L,G,A,L,A,R,Q,G,V,A,P,G,D,V,T,L,V,V,G,T,H,G,H,S,D,H,I,G,N,L,G,L,F,P,G,A,A,L,L,V,S,H,D,F,C,L,P,G,G,R,Y,F,P,H,G,L,G,E,E,R,P,L,R,L,G,P,G,L,E,V,W,A,T,P,G,H,G,G,Q,R,D,V,S,V,V,V,A,G,T,V,L,G,T,V,V,V,A,G,D,V,F,E,R,S,G,D,E,D,S,W,Q,A,L,S,E,D,P,V,A,Q,E,R,S,R,K,R,V,L,G,T,A,D,V,V,V,P,G,H,G,A,P,F,R,V,V,R,E,A
Fukomys_damarensis,V,R,T,E,P,L,S,G,-,V,P,L,L,V,S,G,D,T,Y,S,V,V,V,L,L,Q,G,Y,S,E,P,E,K,V,G,D,A,V,R,A,D,C,S,V,T,L,V,L,P,R,A,W,D,P,E,S,S,P,R,K,S,L,P,A,G,G,D,A,K,T,A,L,E,R,A,S,H,G,P,I,L,V,D,T,R,G,P,W,A,R,E,A,L,L,G,A,L,A,R,Q,G,L,S,P,G,D,V,N,L,V,V,G,T,H,G,H,S,D,H,I,G,N,L,G,L,F,P,G,A,A,L,L,V,S,H,D,F,C,L,P,G,G,L,Y,L,P,H,G,L,S,E,E,Q,P,L,R,L,G,P,G,L,E,V,W,A,T,P,G,H,G,G,Q,R,D,V,S,V,V,V,T,G,T,A,L,G,T,V,V,V,A,G,D,V,F,E,C,D,G,D,E,D,S,W,Q,A,L,S,E,D,P,V,A,Q,E,R,S,R,K,R,I,L,G,T,A,D,A,I,V,P,G,H,G,A,P,F,R,V,I,R,E,A
Galeopterus_variegatus,V,R,T,E,R,L,R,G,T,P,P,L,L,V,P,G,E,P,Y,S,V,V,V,L,R,Q,G,Y,A,E,P,E,G,V,G,G,A,V,R,A,D,G,S,V,T,L,V,L,P,Q,A,W,S,P,T,S,S,H,R,E,S,P,P,G,G,D,D,A,K,T,A,L,E,E,A,A,R,G,P,I,L,V,D,T,G,G,P,W,A,R,E,A,L,L,E,A,L,A,G,Q,G,V,A,P,G,D,V,T,L,V,V,G,T,H,G,H,S,D,H,I,G,N,L,G,L,F,P,G,A,A,L,L,V,S,H,D,F,C,L,P,G,G,R,Y,L,P,H,G,M,S,E,E,R,P,L,R,L,G,S,G,L,E,V,W,A,T,P,G,H,G,S,Q,R,D,V,S,V,V,V,A,G,T,A,L,G,T,V,V,V,A,G,D,V,F,E,H,D,G,D,E,D,S,W,Q,A,L,S,E,D,P,V,A,Q,E,R,S,R,K,K,V,L,G,T,A,D,L,V,V,P,G,H,G,A,P,F,R,V,V,R,E,-
Gracilinanus_agilis,V,R,T,E,P,L,H,G,D,L,P,L,S,I,P,G,D,P,Y,S,V,V,V,L,L,Q,G,Y,S,E,P,E,G,V,G,G,A,Q,R,A,D,G,S,V,T,L,V,L,P,K,A,W,K,P,R,S,T,R,W,E,A,-,P,A,E,L,D,T,Q,V,A,L,E,Q,A,G,S,G,P,V,L,V,D,T,G,G,P,W,A,R,N,S,L,L,A,A,L,A,T,H,G,V,A,Q,D,A,V,T,L,V,V,G,T,H,G,H,S,D,H,V,G,S,L,G,L,F,P,C,S,S,L,L,V,S,H,D,F,C,L,P,G,G,L,Y,L,P,H,G,L,S,E,T,N,P,L,R,L,G,P,G,L,E,I,W,A,T,P,G,H,A,G,L,G,D,V,S,V,V,V,T,G,T,A,L,G,T,V,I,V,A,G,D,V,F,E,R,E,G,D,G,D,S,W,R,Q,L,S,E,D,P,T,A,Q,E,R,S,R,Q,R,V,L,A,A,A,D,V,V,V,P,G,H,G,G,P,F,R,V,F,R,-,-
Grammomys_surdaster,V,C,T,E,P,L,H,G,E,T,P,L,L,A,P,S,G,S,Y,S,V,A,V,L,L,R,G,Y,A,E,P,Q,G,A,G,D,A,V,R,A,D,G,T,V,T,L,V,L,P,R,G,W,A,S,D,S,S,R,R,L,A,P,S,A,D,D,G,A,K,T,A,L,E,E,A,V,R,G,P,I,L,V,D,T,G,G,P,W,A,R,D,A,L,L,K,A,L,A,T,Q,G,V,A,P,G,D,V,T,L,V,V,G,T,H,G,H,S,D,H,I,G,N,L,G,L,F,P,E,A,A,L,L,V,S,H,D,F,C,L,P,G,G,L,Y,L,P,H,G,L,C,E,T,Q,P,L,I,L,G,S,G,L,Q,V,W,A,T,P,G,H,G,G,Q,R,D,V,S,V,V,V,E,G,T,S,L,G,T,V,V,V,A,G,D,V,F,E,R,L,G,D,E,D,S,W,Q,A,L,S,E,D,P,V,A,Q,Q,R,S,R,E,R,I,L,S,V,A,D,V,V,V,P,G,H,G,A,P,F,R,V,V,R,E,A
Heterocephalus_glaber,V,R,A,E,P,L,S,G,-,A,P,L,L,V,P,G,D,S,Y,S,V,V,V,L,L,Q,G,Y,S,E,P,E,T,V,G,D,A,V,R,A,D,G,S,V,T,L,I,L,S,Q,A,W,D,S,E,S,S,P,R,E,S,L,P,A,G,G,D,A,K,T,P,L,E,M,A,A,C,G,P,I,L,V,D,T,G,G,P,W,T,R,E,A,L,L,G,A,L,A,R,Q,G,L,S,P,G,D,V,T,L,V,V,G,T,H,G,H,S,D,H,I,G,N,L,G,L,F,P,G,A,A,L,L,V,S,H,D,F,C,L,P,G,G,L,Y,L,P,H,G,L,S,E,E,Q,P,L,R,L,G,P,G,L,E,V,W,A,T,P,G,H,G,G,Q,R,D,V,S,V,V,V,A,G,T,A,L,G,T,V,V,V,A,G,D,V,F,E,R,D,G,D,E,D,S,W,Q,A,L,S,E,D,P,V,A,Q,E,R,S,R,K,R,I,L,G,I,A,D,V,I,V,P,G,H,G,A,P,F,R,V,I,R,E,A
Hyaena_hyaena,V,R,T,E,P,L,L,G,E,P,P,L,L,V,R,G,D,P,Y,S,V,V,V,L,L,Q,G,Y,A,E,P,E,G,V,G,D,V,V,R,A,D,G,S,V,T,L,V,L,P,H,A,W,G,S,V,S,G,H,Q,E,S,P,P,E,G,G,G,A,N,T,A,L,E,E,A,A,R,G,P,I,L,V,D,T,G,G,P,W,A,R,E,T,L,L,A,A,L,A,R,Q,G,V,A,P,G,D,V,T,L,V,V,G,T,H,G,H,S,D,H,I,G,N,L,G,L,F,P,G,A,A,L,L,V,S,H,D,F,C,L,P,G,G,R,Y,L,T,H,G,L,G,E,E,R,P,L,R,L,G,P,G,L,E,V,W,A,T,P,G,H,G,G,Q,R,D,V,S,V,V,V,A,G,T,A,L,G,T,V,V,V,A,G,D,V,F,E,R,S,G,D,E,D,S,W,Q,A,L,S,E,D,P,V,A,Q,E,R,S,R,K,R,V,L,G,T,A,D,V,V,V,P,G,H,G,A,P,F,R,V,V,R,E,A
Jaculus_jaculus,-,-,-,-,-,-,-,-,-,-,-,-,-,-,-,-,-,A,Y,S,V,V,V,L,L,R,G,Y,S,G,P,A,G,L,G,D,A,V,R,A,D,G,S,V,T,L,V,L,P,R,A,W,A,P,A,S,R,G,P,R,S,L,P,A,D,G,G,A,Q,K,A,L,E,E,A,A,R,G,P,I,L,V,D,T,G,G,P,W,A,R,E,A,L,L,E,A,L,A,G,Q,G,V,R,P,D,D,V,T,L,V,V,G,T,H,G,H,S,D,H,I,G,N,L,G,L,F,P,E,A,A,L,L,V,S,H,D,F,C,L,P,G,G,L,Y,L,S,H,G,L,C,E,E,Q,P,L,V,L,G,A,G,L,Q,V,W,A,T,P,G,H,G,G,Q,R,D,V,S,V,V,V,E,G,T,S,L,G,T,V,V,V,A,G,D,V,F,E,R,Q,G,D,E,D,S,W,Q,S,L,S,E,D,T,V,A,Q,Q,R,S,R,M,R,I,L,G,I,A,D,V,I,V,P,G,H,G,A,P,F,L,V,I,R,E,-
Lemur_catta,V,R,T,E,P,L,R,G,G,A,P,L,L,V,P,G,D,S,Y,S,V,V,V,L,L,Q,G,Y,A,E,P,E,G,V,D,D,A,V,R,A,D,G,S,V,T,L,V,L,P,Q,A,W,G,P,A,S,-,-,-,-,-,-,-,-,-,G,G,A,K,T,T,L,E,E,A,A,R,G,P,I,L,V,D,T,G,G,P,W,A,R,E,A,L,L,G,A,L,A,G,Q,G,V,S,P,G,D,V,T,L,V,V,G,T,H,G,H,S,D,H,I,G,N,L,G,L,F,P,G,A,A,L,L,V,S,H,D,F,C,L,P,G,G,L,Y,L,P,H,G,L,G,E,E,R,P,L,Q,L,G,P,G,L,E,V,W,A,T,P,G,H,G,G,Q,R,D,V,S,V,V,V,A,G,T,A,L,G,T,V,V,V,A,G,D,V,F,E,R,D,G,D,E,D,S,W,Q,A,L,S,E,D,P,V,A,Q,E,R,S,R,K,R,V,L,D,T,A,D,V,V,V,P,G,H,G,A,P,F,L,V,F,R,E,A
Leptonychotes_weddellii,V,R,T,E,P,L,P,G,E,P,P,L,L,V,S,G,D,P,Y,S,V,V,V,L,L,Q,G,Y,A,E,P,E,G,V,D,D,A,V,R,A,D,G,S,V,T,L,V,L,P,Q,A,W,S,S,A,S,G,T,R,E,S,P,P,E,G,G,G,A,K,T,A,L,E,E,V,A,R,G,P,I,L,V,D,T,G,G,P,W,A,R,E,A,L,L,G,A,L,A,A,Q,G,V,A,P,G,D,V,T,L,V,V,G,T,H,G,H,S,D,H,I,G,N,L,G,L,F,P,G,A,A,L,L,V,S,H,D,F,C,L,P,G,G,R,Y,L,P,H,R,L,G,E,E,R,P,L,Q,L,G,P,G,L,E,V,W,A,T,P,G,H,G,G,Q,R,D,V,S,V,V,V,A,G,T,A,L,G,T,V,V,V,V,G,D,V,F,E,R,N,G,D,E,D,S,W,Q,A,L,S,E,D,P,V,A,Q,E,R,S,R,K,R,V,L,A,T,A,D,V,V,V,P,G,H,G,A,P,F,R,V,V,R,E,A
Lontra_canadensis,V,R,T,E,P,L,R,G,E,P,P,L,L,V,R,G,H,P,Y,S,V,V,V,L,L,Q,G,Y,A,E,P,E,G,V,D,N,A,V,R,A,D,G,S,V,T,L,V,L,P,Q,A,W,G,S,A,S,S,H,Q,E,S,P,P,H,S,G,G,A,K,T,A,L,E,E,A,A,R,G,P,I,L,V,D,T,G,G,P,W,A,R,E,A,L,L,G,A,L,A,G,Q,G,V,A,P,G,D,V,T,L,V,V,G,T,H,G,H,S,D,H,I,G,N,L,G,L,F,P,G,A,A,L,L,V,S,H,D,F,C,L,P,G,G,R,Y,L,S,H,G,L,G,E,E,R,P,L,Q,L,G,P,G,L,E,V,W,A,T,P,G,H,G,G,Q,R,D,V,S,V,V,V,A,G,T,A,L,G,T,V,V,V,A,G,D,V,F,E,R,S,G,D,E,D,S,W,Q,A,L,S,E,D,P,V,A,Q,E,R,S,R,K,R,V,L,D,T,A,D,V,V,V,P,G,H,G,A,P,F,R,V,V,R,E,A
Lynx_canadensis,V,Q,T,E,P,L,L,G,E,P,P,L,L,V,R,G,D,P,Y,S,V,V,V,L,L,Q,G,Y,A,E,P,E,G,V,G,D,A,V,R,A,D,G,S,V,T,L,V,L,P,Q,A,W,G,P,A,S,R,H,R,E,S,P,P,E,G,G,G,A,K,T,A,L,E,E,A,A,R,G,P,I,L,V,D,T,G,G,P,W,A,R,D,T,L,L,G,A,L,A,R,Q,G,V,A,P,G,D,V,T,L,V,V,G,T,H,G,H,S,D,H,I,G,N,L,G,L,F,P,G,A,A,L,L,V,S,H,D,F,C,L,P,G,G,R,Y,F,P,H,G,L,G,E,E,R,P,L,R,L,G,P,G,L,E,V,W,A,T,P,G,H,G,G,Q,R,D,V,S,V,V,V,A,G,T,V,L,G,T,V,V,V,A,G,D,V,F,E,R,S,G,D,E,D,S,W,Q,A,L,S,E,D,P,V,A,Q,E,R,S,R,K,R,V,L,G,T,A,D,V,V,V,P,G,H,G,A,P,F,R,V,V,R,E,A
Manis_javanica,V,R,T,E,A,L,P,G,E,P,P,L,L,V,T,G,D,P,Y,S,V,V,V,L,L,R,G,Y,A,E,P,D,G,V,A,G,A,V,Y,A,D,G,S,V,T,L,I,L,P,Q,L,G,A,P,A,S,S,H,R,A,P,L,S,V,G,G,E,A,K,T,A,L,E,E,A,A,R,G,P,I,L,V,D,T,G,G,P,W,A,R,E,A,L,L,G,A,L,A,G,Q,G,V,D,P,G,D,V,T,L,V,V,G,T,H,G,H,S,D,H,I,G,N,L,G,L,F,P,G,A,A,L,L,V,S,H,D,F,C,L,P,G,G,R,Y,L,P,H,G,L,S,E,E,R,P,L,R,L,G,P,G,L,E,V,W,A,T,P,G,H,G,G,Q,R,D,V,S,V,V,V,A,G,T,A,L,G,T,V,V,V,V,G,D,V,F,E,R,D,G,D,E,D,S,W,Q,V,L,S,E,D,P,V,A,Q,E,R,S,R,E,R,V,L,G,T,A,D,V,V,V,P,G,H,G,G,P,F,R,V,V,R,-,-
Manis_pentadactyla,V,R,T,E,A,L,P,G,E,P,P,L,L,V,T,G,D,P,Y,S,V,V,V,L,L,R,G,Y,A,E,P,D,G,V,A,G,A,V,Y,A,D,G,S,V,T,L,I,L,P,Q,-,-,-,-,A,S,S,H,R,A,P,L,Y,E,G,D,E,A,K,T,A,L,E,E,A,A,R,G,P,I,L,V,D,T,G,G,P,W,A,R,E,A,L,L,G,A,L,A,G,Q,G,V,D,P,G,D,V,T,L,V,V,G,T,H,G,H,S,D,H,I,G,N,L,G,L,F,P,G,A,A,L,L,V,S,H,D,F,C,L,P,G,G,R,Y,L,P,H,G,L,S,E,E,R,P,L,R,L,G,P,G,L,E,V,W,A,T,P,G,H,G,G,Q,H,D,V,S,V,V,V,A,G,T,A,L,G,T,V,V,V,V,G,D,V,F,E,R,D,G,D,E,D,S,W,Q,V,L,S,E,D,P,V,A,Q,E,R,S,R,E,R,V,L,G,M,A,D,V,V,V,P,G,H,G,G,P,F,R,V,V,R,-,-
Mastomys_coucha,V,R,T,E,P,L,H,G,E,T,P,L,L,A,P,G,G,S,Y,S,V,V,V,L,L,C,G,Y,A,E,P,Q,G,A,G,D,A,V,R,A,D,G,T,V,T,L,V,L,P,R,G,W,A,S,D,S,S,G,R,L,A,T,S,A,D,G,G,A,K,T,A,L,E,E,A,V,R,G,P,I,V,V,D,T,G,G,P,W,A,R,D,A,L,L,E,A,L,A,T,Q,G,V,A,P,G,D,V,T,L,V,V,G,T,H,G,H,S,D,H,I,G,N,L,G,L,F,P,E,A,A,L,L,V,S,H,D,F,C,L,P,G,G,L,Y,L,P,H,G,L,C,E,T,Q,P,L,I,L,G,S,G,L,Q,V,W,A,T,P,G,H,G,G,Q,R,D,V,S,V,V,V,E,G,T,S,M,G,T,V,V,V,A,G,D,V,F,E,R,L,G,D,E,D,S,W,Q,A,L,S,E,D,P,V,A,Q,Q,R,S,R,E,R,I,L,S,V,A,D,V,V,V,P,G,H,G,A,P,F,R,V,V,R,E,A
Meles_meles,V,R,T,E,P,L,R,G,E,P,P,L,L,V,R,G,D,R,Y,S,V,V,V,L,L,Q,G,Y,A,E,P,E,G,V,D,D,A,V,R,A,D,G,S,V,T,L,V,L,P,Q,A,W,G,S,A,S,S,-,R,E,S,P,P,E,S,G,G,A,K,T,A,L,E,E,A,A,R,G,P,I,L,V,D,T,G,G,P,W,A,R,E,A,L,L,G,A,L,A,G,Q,G,V,A,P,G,D,V,T,L,V,V,G,T,H,G,H,S,D,H,I,G,N,L,G,L,F,P,R,A,A,L,L,V,S,H,D,F,C,L,P,G,G,R,Y,L,P,H,G,L,G,E,E,R,P,L,Q,L,G,P,G,L,E,V,W,A,T,P,G,H,G,G,Q,R,D,V,S,V,V,V,A,G,T,A,L,G,T,V,V,V,A,G,D,V,F,E,R,S,G,D,E,D,S,W,Q,A,L,S,E,D,P,V,A,Q,E,R,S,R,K,R,V,L,G,T,A,D,V,V,V,P,G,H,G,A,P,F,R,V,V,R,-,-
Meriones_unguiculatus,G,R,P,E,P,L,P,A,E,T,P,L,L,-,-,-,-,-,-,S,V,L,V,L,Q,R,G,Y,A,E,P,Q,G,P,G,G,A,V,R,A,D,G,S,V,T,L,V,L,P,R,A,W,A,S,D,P,S,R,R,V,A,A,P,A,H,G,D,A,E,T,A,L,E,G,A,A,R,G,P,I,L,V,D,T,G,G,P,W,A,R,D,A,L,L,E,A,L,A,G,Q,G,V,T,P,G,D,V,T,L,V,V,G,T,H,G,H,S,D,H,I,G,N,L,G,L,F,P,R,A,A,L,L,V,S,H,D,F,C,L,P,G,G,L,Y,L,P,H,G,L,S,E,T,Q,P,L,V,L,G,S,G,L,Q,V,W,A,T,P,G,H,G,G,Q,R,D,V,S,V,V,V,E,G,T,S,L,G,T,V,V,V,A,G,D,V,F,E,R,L,G,D,E,D,S,W,Q,A,L,S,E,D,P,L,A,Q,Q,R,S,R,E,K,V,L,S,V,A,D,V,V,V,P,G,H,G,A,P,F,R,V,V,R,-,-
Mesocricetus_auratus,A,R,T,E,P,L,L,G,D,P,A,F,L,A,S,S,D,S,H,S,V,T,V,L,L,R,G,Y,A,E,P,Q,G,A,G,D,A,V,R,A,D,G,T,A,T,L,V,L,P,R,A,W,A,S,G,P,G,R,R,A,A,P,A,A,D,G,G,A,E,A,A,L,E,E,A,V,R,G,P,I,L,V,D,T,G,G,P,W,A,R,E,A,L,L,E,A,L,A,R,Q,G,V,A,P,G,D,V,T,L,V,V,G,T,H,G,H,S,D,H,I,G,N,L,G,L,F,P,R,A,A,L,L,V,S,H,D,F,C,L,P,G,G,L,Y,L,P,H,G,L,A,E,T,R,P,L,T,P,S,S,G,L,Q,V,W,A,T,P,G,H,G,G,Q,R,D,V,S,V,V,V,Q,G,T,S,L,G,T,V,V,V,A,G,D,V,F,E,R,L,G,D,E,D,S,W,Q,A,L,S,E,D,P,V,A,Q,Q,R,S,R,E,R,I,L,A,V,A,D,V,V,V,P,G,H,G,A,P,F,R,V,V,R,E,-
Microcebus_murinus,V,R,T,E,P,L,R,G,G,A,P,L,L,V,P,G,D,S,Y,S,V,V,V,L,L,Q,G,Y,A,E,P,E,G,V,D,D,A,V,R,S,D,G,S,V,T,L,V,L,P,Q,G,-,-,-,-,S,G,Q,Q,E,S,P,P,R,-,-,G,A,K,T,A,L,E,E,A,A,R,G,P,I,L,V,D,T,G,G,P,W,A,R,E,A,L,L,G,A,L,A,R,Q,G,V,S,P,E,D,V,T,L,V,V,G,T,H,G,H,S,D,H,I,G,N,L,G,L,F,P,G,A,A,L,L,V,S,H,D,F,C,L,P,G,G,R,Y,L,P,H,G,L,G,E,E,R,P,L,Q,L,G,P,G,L,E,V,W,A,T,P,G,H,G,G,Q,R,D,V,S,V,V,V,A,G,T,A,L,G,T,V,V,V,A,G,D,V,F,E,R,D,G,D,E,N,S,W,Q,A,L,S,E,D,P,V,A,Q,E,R,S,R,K,R,V,L,D,T,A,D,V,I,V,P,G,H,G,A,P,F,L,V,F,R,E,A
Microtus_fortis,V,R,T,E,P,L,H,G,E,T,P,L,L,A,T,S,D,S,H,S,V,M,V,L,Q,R,G,F,A,E,P,Q,G,T,G,D,A,V,R,A,D,G,T,V,T,L,V,L,P,R,A,W,A,S,G,S,S,R,P,M,A,P,S,A,D,G,G,T,K,T,A,L,E,E,A,V,R,G,P,I,L,V,D,T,G,G,P,W,A,R,E,A,L,L,E,A,L,A,R,H,G,V,A,P,G,D,V,T,L,V,V,G,T,H,G,H,S,D,H,I,G,N,L,G,L,F,L,Q,A,A,L,L,V,S,H,D,F,C,L,P,G,G,L,Y,L,P,H,G,L,C,E,T,Q,P,L,I,L,G,S,G,L,Q,V,W,A,T,P,G,H,G,G,Q,R,D,V,S,V,V,V,E,G,T,S,L,G,T,V,V,V,A,G,D,V,F,E,R,L,G,D,E,D,S,W,Q,A,L,S,E,D,P,V,A,Q,Q,R,S,R,E,R,I,L,G,V,A,D,V,V,V,P,G,H,G,A,P,F,R,V,V,R,E,A
Microtus_ochrogaster,V,R,T,E,P,L,H,G,E,T,P,L,L,A,T,S,D,S,Y,S,V,L,V,L,Q,R,G,Y,A,E,P,Q,G,T,G,N,A,V,R,A,D,G,T,V,T,L,V,L,P,R,A,W,A,S,G,S,S,R,-,-,-,-,-,-,-,-,-,-,K,T,A,L,E,E,A,V,R,G,P,I,L,V,D,T,G,G,P,W,A,R,E,A,L,L,E,A,L,G,R,Q,G,V,A,P,G,D,V,T,L,V,V,G,T,H,G,H,S,D,H,I,G,N,L,G,L,F,L,Q,A,A,L,L,V,S,H,D,F,C,L,P,G,G,L,Y,L,P,H,G,L,C,E,T,Q,P,L,L,L,G,S,G,L,Q,V,W,A,T,P,G,H,G,G,Q,R,D,V,S,V,V,V,E,G,T,S,L,G,T,V,V,V,A,G,D,V,F,E,R,L,G,D,E,D,S,W,Q,A,L,S,E,D,P,V,A,Q,Q,R,S,R,E,R,I,L,G,V,A,D,V,V,V,P,G,H,G,A,P,F,R,V,V,R,E,A
Microtus_oregoni,V,R,T,E,P,L,H,G,E,T,S,L,L,A,T,S,D,S,Y,S,V,M,V,L,Q,R,G,Y,A,E,P,Q,G,T,G,N,A,V,R,A,D,G,T,V,T,L,V,L,P,R,A,W,A,S,G,S,S,R,P,M,A,P,S,A,D,G,S,T,K,T,A,L,E,E,A,V,R,G,P,I,L,V,D,T,G,G,P,W,A,R,E,A,L,L,E,A,L,A,R,Q,G,V,A,P,G,D,V,T,L,V,V,G,T,H,G,H,S,D,H,I,G,N,L,G,L,F,L,Q,A,A,L,L,V,S,H,D,F,C,L,P,G,G,L,Y,L,P,H,G,L,C,E,T,Q,P,L,I,L,G,S,G,L,Q,V,W,A,T,A,G,H,G,G,Q,R,D,V,S,V,V,V,E,G,T,S,L,G,T,V,V,V,A,G,D,V,F,E,R,L,G,D,E,D,S,W,Q,A,L,S,E,D,P,V,A,Q,Q,R,S,R,E,R,I,L,G,V,A,D,V,V,V,P,G,H,G,P,P,F,R,V,V,R,E,A
Mirounga_angustirostris,V,R,T,E,P,L,P,G,E,P,P,L,L,V,S,G,D,P,Y,S,V,V,V,L,L,Q,G,Y,A,E,P,E,G,V,D,G,A,V,R,A,D,G,S,V,T,L,V,L,P,Q,A,W,S,S,A,S,G,T,R,E,S,P,P,E,G,G,G,A,K,T,A,L,E,E,V,A,R,G,P,I,L,V,D,T,G,G,P,W,A,R,E,A,L,L,G,A,L,A,A,Q,G,V,A,P,G,D,V,T,L,V,V,G,T,H,G,H,S,D,H,I,G,N,L,G,L,F,P,G,A,A,L,L,V,S,H,D,F,C,L,P,G,G,R,Y,L,P,H,G,L,G,E,E,R,P,L,Q,L,G,P,G,L,E,V,W,A,T,P,G,H,G,G,Q,R,D,V,S,V,V,V,A,G,T,A,L,G,T,V,V,V,V,G,D,V,F,E,R,N,G,D,E,D,S,W,Q,A,L,S,E,D,P,V,A,Q,E,R,S,R,K,R,V,L,A,T,A,D,V,V,V,P,G,H,G,A,P,F,R,V,V,R,E,A
Mirounga_leonina,V,R,T,E,P,L,P,G,E,P,P,L,L,V,S,G,D,P,Y,S,V,V,V,L,L,Q,G,Y,A,E,P,E,G,V,D,G,A,V,R,A,D,G,S,V,T,L,V,L,P,Q,A,W,S,S,A,S,G,T,R,E,S,P,P,E,G,G,G,A,K,T,A,L,E,E,V,A,R,G,P,I,L,V,D,T,G,G,P,W,A,R,E,A,L,L,G,A,L,A,A,Q,G,V,A,P,G,D,V,T,L,V,V,G,T,H,G,H,S,D,H,I,G,N,L,G,L,F,P,G,A,A,L,L,V,S,H,D,F,C,L,P,G,G,R,Y,L,P,H,G,L,G,E,E,R,P,L,Q,L,G,P,G,L,E,V,W,A,T,P,G,H,G,G,Q,R,D,V,S,V,V,V,A,G,T,A,L,G,T,V,V,V,V,G,D,V,F,E,R,N,G,D,E,D,S,W,Q,A,L,S,E,D,P,V,A,Q,E,R,S,R,K,R,V,L,A,T,A,D,V,V,V,P,G,H,G,A,P,F,R,V,V,R,E,A
Monodelphis_domestica,A,R,T,E,P,L,H,G,D,P,P,L,S,I,P,G,D,P,Y,S,V,V,V,L,L,R,G,Y,S,E,P,E,G,V,G,G,A,Q,K,A,D,G,S,V,T,L,V,L,P,T,A,W,K,P,R,S,T,R,W,E,A,-,P,V,E,L,D,T,Q,A,A,L,K,Q,A,G,S,G,P,V,L,V,D,T,G,G,P,W,A,R,D,A,L,L,A,A,L,A,T,H,G,V,T,Q,D,A,V,T,L,V,V,G,T,H,G,H,S,D,H,V,G,S,L,G,L,F,P,R,S,S,L,L,V,S,H,D,F,C,L,P,G,G,L,Y,L,P,H,G,L,S,E,T,N,P,L,H,L,G,P,G,L,E,V,W,A,T,P,G,H,A,G,L,G,D,V,S,V,V,V,A,G,T,A,L,G,T,V,V,V,A,G,D,V,F,E,R,E,G,D,G,D,S,W,R,Q,L,S,E,D,P,T,A,Q,E,R,S,R,Q,R,V,L,A,V,A,D,V,V,V,P,G,H,G,G,P,F,R,V,F,R,-,-
Mus_caroli,V,R,T,E,P,L,H,G,E,I,P,L,L,A,T,S,G,S,Y,S,V,V,V,L,L,R,G,Y,A,E,P,Q,G,A,G,D,A,V,R,A,D,G,T,V,T,L,V,L,P,R,G,W,A,S,D,S,S,R,R,-,-,-,-,-,-,-,-,-,K,T,A,L,K,E,A,V,R,G,P,I,L,V,D,T,G,G,P,W,A,R,G,A,L,L,E,A,L,A,T,Q,G,V,A,P,E,D,V,T,L,V,V,G,T,H,G,H,S,D,H,I,G,N,L,G,L,F,P,E,A,A,L,L,V,S,H,D,F,C,L,P,E,G,L,Y,L,P,H,G,L,C,E,T,Q,P,L,I,L,G,S,G,L,Q,V,W,A,T,P,G,H,G,G,Q,R,D,V,S,V,V,V,E,G,T,S,L,G,T,V,V,V,A,G,D,V,F,E,R,L,G,D,E,D,S,W,Q,A,L,S,E,D,P,V,A,Q,Q,R,S,R,E,R,I,L,S,V,A,D,V,V,V,P,G,H,G,A,P,F,R,V,V,R,E,T
Mus_musculus,V,R,T,E,P,L,H,G,E,I,P,L,L,A,S,S,G,S,Y,S,V,V,V,L,L,R,G,Y,A,E,P,Q,G,A,G,D,A,V,R,A,D,G,T,V,T,L,V,L,P,R,G,W,A,S,D,S,S,R,G,L,A,P,S,A,D,G,G,S,K,T,A,L,E,E,A,V,R,G,P,I,L,V,D,T,G,G,P,W,A,R,G,A,L,L,E,A,L,A,T,Q,G,V,A,P,E,D,V,T,L,V,V,G,T,H,G,H,S,D,H,I,G,N,L,G,L,F,P,E,A,A,L,L,V,S,H,D,F,C,L,P,E,G,L,Y,L,P,H,G,L,C,E,T,Q,P,L,I,L,G,S,G,L,Q,V,W,A,T,P,G,H,G,G,Q,R,D,V,S,V,V,V,E,G,T,S,L,G,T,V,V,V,A,G,D,V,F,E,R,L,G,D,E,D,S,W,Q,A,L,S,E,D,P,V,A,Q,Q,R,S,R,E,R,I,L,S,V,A,D,V,V,V,P,G,H,G,A,P,F,R,V,V,R,E,T
Mus_pahari,V,R,T,E,P,L,H,G,E,T,P,L,L,A,P,S,D,S,Y,S,V,A,V,L,L,R,G,Y,A,E,P,Q,G,A,G,D,A,V,R,A,D,G,T,V,T,L,V,L,P,R,G,W,A,S,D,S,S,R,G,W,A,P,S,A,D,G,G,S,K,T,A,L,E,E,A,V,R,G,P,I,L,V,D,T,G,G,P,W,A,R,G,A,L,L,E,A,L,A,T,Q,G,V,A,P,G,D,V,T,L,V,V,G,T,H,G,H,S,D,H,I,G,N,L,G,L,F,P,E,A,A,L,L,V,S,H,D,F,C,L,P,G,G,L,Y,L,P,H,G,L,C,E,T,Q,P,L,I,L,G,S,G,L,Q,V,W,A,T,P,G,H,G,G,Q,R,D,V,S,V,V,V,E,G,T,S,L,G,T,V,V,V,A,G,D,V,F,E,R,L,G,D,E,D,S,W,Q,A,L,S,E,D,P,V,A,Q,Q,R,S,R,A,R,I,L,S,V,A,D,V,V,V,P,G,H,G,A,P,F,R,V,V,R,E,T
Mustela_erminea,V,R,T,E,P,L,R,G,E,P,P,L,L,V,R,G,D,P,Y,S,V,V,V,L,L,Q,G,Y,A,E,P,E,G,V,D,D,A,V,R,A,D,G,S,V,T,L,V,L,P,Q,A,W,G,S,A,T,G,H,Q,E,S,P,P,H,S,G,G,A,K,T,A,L,E,E,A,A,R,G,P,I,L,V,D,T,G,G,P,W,A,R,E,A,L,L,G,A,L,A,G,Q,G,V,A,P,G,D,V,T,L,V,V,G,T,H,G,H,S,D,H,I,G,N,L,G,L,F,P,G,A,A,L,L,V,S,H,D,F,C,L,P,G,G,R,Y,L,P,H,G,L,G,E,E,R,P,L,Q,L,G,P,G,L,E,V,W,A,T,P,G,H,G,G,Q,R,D,V,S,V,V,V,A,G,T,A,L,G,T,V,V,V,A,G,D,V,F,E,R,S,G,D,E,D,S,W,Q,A,L,S,E,D,P,V,A,Q,E,R,S,R,K,R,V,L,G,T,A,D,V,V,V,P,G,H,G,A,P,F,R,V,V,R,E,A
Mustela_putorius_furo,V,R,T,E,P,L,R,G,E,P,P,L,L,V,R,G,D,P,Y,S,V,V,V,L,L,Q,G,Y,A,E,P,E,G,V,D,E,A,V,R,A,D,G,S,V,T,L,V,L,P,Q,A,W,G,S,A,T,G,H,Q,E,S,P,P,H,S,G,G,A,K,T,A,L,E,E,A,A,R,G,P,I,L,V,D,T,G,G,P,W,A,R,E,A,L,L,G,A,L,A,G,Q,G,V,A,P,G,D,V,T,L,V,V,G,T,H,G,H,S,D,H,I,G,N,L,G,L,F,P,G,A,A,L,L,V,S,H,D,F,C,L,P,G,G,R,Y,L,P,H,G,L,G,E,E,R,P,L,Q,L,G,P,G,L,E,V,W,A,T,P,G,H,G,G,Q,R,D,V,S,V,V,V,A,G,T,A,L,G,T,V,V,V,A,G,D,V,F,E,Q,S,G,D,E,D,S,W,Q,A,L,S,E,D,P,V,A,Q,E,R,S,R,K,R,V,L,G,T,A,D,V,V,V,P,G,H,G,A,P,F,R,V,V,R,E,A
Myodes_glareolus,V,R,T,E,P,L,H,D,E,T,P,L,L,A,T,S,D,S,Y,S,V,M,V,L,Q,R,G,Y,A,E,P,Q,G,A,G,D,V,V,R,A,D,G,T,V,T,L,V,L,P,R,A,W,T,S,G,S,S,R,-,-,-,-,-,-,-,-,-,-,-,T,A,L,E,E,A,V,R,G,P,I,L,V,D,T,G,G,P,W,A,R,E,A,L,L,E,A,L,A,R,Q,G,V,V,P,G,D,V,T,L,V,V,G,T,H,G,H,S,D,H,I,G,N,L,G,L,F,L,R,A,A,L,L,V,S,H,D,F,C,L,P,G,G,L,Y,L,P,H,G,L,C,E,M,Q,P,L,I,L,G,S,G,L,Q,V,W,A,T,P,G,H,G,G,Q,R,D,V,S,V,V,V,E,G,T,S,L,G,T,V,V,V,A,G,D,V,F,E,R,L,G,D,E,D,S,W,Q,A,L,S,E,D,P,V,A,Q,Q,R,S,R,E,R,I,L,G,V,A,D,V,V,V,P,G,H,G,A,P,F,R,V,V,R,E,A
Neogale_vison,V,R,T,E,P,L,R,G,E,P,P,L,L,V,R,G,D,P,Y,S,V,V,V,L,L,Q,G,Y,A,E,P,E,G,V,D,D,A,V,R,A,D,G,S,V,T,L,V,L,P,Q,A,W,G,S,A,T,S,L,Q,E,S,P,P,H,S,G,G,A,K,T,A,L,E,E,A,A,R,G,P,I,L,V,D,T,G,G,P,W,A,R,E,A,L,L,G,A,L,A,G,Q,G,V,A,P,G,D,V,T,L,V,V,G,T,H,G,H,S,D,H,I,G,N,L,G,L,F,P,G,A,A,L,L,V,S,H,D,F,C,L,P,G,G,R,Y,L,P,H,G,L,G,E,E,R,P,L,Q,L,G,P,G,L,E,V,W,A,T,P,G,H,G,G,Q,R,D,V,S,V,V,V,A,G,T,A,L,G,T,V,V,V,A,G,D,V,F,E,R,S,G,D,E,D,S,W,Q,A,L,S,E,D,P,V,A,Q,E,R,S,R,K,R,V,L,D,T,A,D,V,V,V,P,G,H,G,A,P,F,R,V,V,R,E,A
Odobenus_rosmarus_divergens,V,R,T,E,P,L,P,G,E,P,P,L,L,V,S,G,D,P,Y,S,V,V,V,L,L,Q,G,Y,A,E,P,E,G,V,D,D,A,V,R,A,D,G,S,V,T,L,V,L,P,Q,A,W,A,S,A,S,S,T,R,E,S,P,P,E,G,G,G,A,K,T,A,L,E,E,V,A,R,G,P,I,L,V,D,T,G,G,P,W,A,R,E,A,L,L,V,A,L,A,G,Q,G,V,A,P,G,D,V,T,L,V,V,G,T,H,G,H,S,D,H,I,G,N,L,G,L,F,P,G,A,A,L,L,V,S,H,D,F,C,L,P,G,G,R,Y,L,P,H,G,L,G,E,E,R,P,L,Q,L,G,P,G,L,E,V,W,A,T,P,G,H,G,G,Q,R,D,V,S,V,V,V,A,G,T,A,L,G,T,V,V,V,A,G,D,V,F,E,R,N,G,D,E,D,S,W,Q,A,L,S,E,D,P,V,A,Q,E,R,S,R,K,R,V,L,A,T,A,D,V,V,V,P,G,H,G,A,P,F,R,V,V,R,E,A
Odocoileus_virginianus_texanus,V,R,T,E,P,L,P,G,E,T,P,L,L,V,P,G,D,P,Y,S,V,V,L,L,L,Q,G,Y,A,E,P,E,G,V,G,D,A,V,R,A,D,G,S,V,T,L,V,L,P,Q,A,W,G,P,P,S,T,H,R,E,P,L,P,Y,-,-,E,A,K,T,A,L,E,E,A,A,R,G,P,I,L,V,D,T,A,G,P,W,A,R,E,A,L,L,G,A,L,A,G,Q,G,V,A,P,G,D,V,T,L,V,V,G,T,H,G,H,S,D,H,I,G,N,L,G,L,F,P,G,A,A,L,L,V,S,H,D,F,C,L,P,G,G,R,Y,L,P,H,G,L,G,E,E,R,P,L,R,L,G,P,G,L,E,V,W,A,T,P,G,H,G,G,Q,R,D,V,S,V,L,V,A,G,T,A,L,G,T,V,M,V,V,G,D,V,F,E,R,D,G,D,E,G,S,W,Q,A,L,S,E,D,P,V,A,Q,K,H,S,R,K,R,V,L,A,T,A,D,V,V,V,P,G,H,G,A,P,F,R,V,I,R,E,A
Onychomys_torridus,V,R,T,E,P,L,H,R,E,T,P,L,L,A,S,S,D,S,C,S,V,A,V,L,L,R,G,Y,A,E,P,Q,G,T,G,D,A,V,R,A,D,G,T,V,T,L,V,L,P,R,A,W,A,S,D,S,S,R,R,R,S,P,S,A,D,G,G,A,K,T,A,L,E,E,A,V,R,G,P,I,L,V,D,T,G,G,P,W,A,R,E,A,L,L,E,A,L,A,R,Q,G,V,A,P,R,D,V,T,L,V,V,G,T,H,G,H,S,D,H,I,G,N,L,G,L,F,P,R,A,A,L,L,V,S,H,D,F,C,L,P,G,G,L,Y,L,P,L,G,L,C,E,R,Q,P,L,T,L,G,S,G,L,Q,V,W,A,T,P,G,H,G,G,Q,R,D,V,S,V,V,V,E,G,T,S,L,G,T,V,V,V,A,G,D,V,F,E,R,L,G,D,E,D,S,W,Q,A,L,S,E,D,P,V,A,Q,Q,R,S,R,E,R,I,L,G,V,A,D,V,V,V,P,G,H,G,A,P,F,R,V,V,R,G,A
Ornithorhynchus_anatinus,V,R,T,E,P,L,P,G,T,P,P,L,L,I,P,G,D,P,Y,S,V,C,V,L,L,R,G,Y,A,E,P,E,G,D,R,G,A,V,R,A,D,G,S,V,T,L,I,V,P,E,-,-,-,-,-,-,-,-,-,-,-,-,-,-,-,-,-,A,R,A,A,L,E,R,A,A,A,G,P,V,L,V,D,T,A,G,P,W,S,R,G,A,L,L,E,A,L,S,G,Q,G,L,A,P,G,D,V,G,L,V,V,A,T,H,G,H,S,D,H,V,G,N,L,G,L,F,P,D,A,C,L,L,V,S,R,D,L,C,L,P,G,G,T,Y,L,P,H,G,L,A,E,G,R,P,L,R,L,G,P,G,L,E,V,W,A,T,P,G,H,G,G,A,G,D,V,S,V,A,V,A,G,T,A,L,G,T,V,L,V,A,G,D,V,F,E,R,E,G,D,G,D,G,W,R,E,L,S,E,D,P,A,A,Q,E,R,S,R,R,R,V,L,A,A,A,D,V,V,V,P,G,H,G,G,P,F,R,V,V,R,-,-
Orycteropus_afer_afer,V,R,T,E,P,L,P,G,E,P,P,L,L,V,P,G,G,P,Y,S,V,V,V,L,L,Q,G,Y,V,E,P,E,G,V,G,D,V,V,R,A,D,G,S,V,T,L,V,L,P,Q,D,W,A,L,G,S,S,H,R,E,P,L,S,G,S,G,E,T,K,T,A,L,E,E,A,A,R,G,P,I,V,V,D,T,G,G,P,W,A,R,E,A,V,L,G,A,L,A,E,Q,G,V,A,P,E,D,V,T,L,V,V,G,T,H,G,H,S,D,H,I,G,N,L,G,L,F,P,G,A,A,L,L,V,S,H,D,F,C,L,P,G,G,R,Y,L,P,H,G,L,S,E,E,R,P,L,Q,L,G,P,S,L,E,V,W,A,T,P,G,H,G,G,Q,R,D,V,S,V,M,V,G,D,T,A,L,G,T,V,V,V,V,G,D,V,F,E,R,D,G,D,E,D,S,W,Q,A,L,S,E,D,P,V,A,Q,E,R,S,R,K,K,V,L,S,A,A,D,V,I,V,P,G,H,G,A,P,F,R,V,V,R,E,A
Oryctolagus_cuniculus,V,R,T,E,P,L,S,G,A,P,P,L,R,I,P,G,D,P,Y,S,V,V,A,L,L,Q,G,Y,A,E,P,R,G,V,D,A,A,V,R,A,D,G,S,V,T,L,I,L,P,Q,A,W,G,P,P,F,S,R,R,Q,P,L,P,E,R,G,G,A,N,T,A,L,E,E,A,A,R,G,P,I,L,V,D,T,G,G,P,W,T,R,E,A,L,L,G,A,L,A,G,Q,G,V,G,P,G,D,V,T,L,V,V,G,T,H,G,H,S,D,H,I,G,N,L,G,L,F,P,G,A,A,L,L,V,S,H,D,F,C,L,P,G,G,L,Y,L,P,H,G,L,G,E,G,R,P,L,Q,L,G,P,G,L,E,V,W,A,T,P,G,H,G,G,Q,R,D,V,S,V,V,V,A,G,T,A,L,G,T,V,V,V,A,G,D,V,F,E,R,S,G,D,E,G,S,W,Q,A,L,S,E,D,P,V,A,Q,E,R,S,R,R,R,V,L,V,T,A,D,V,V,V,P,G,H,G,A,P,F,R,V,V,R,E,T
Oryx_dammah,V,R,T,E,P,L,P,G,E,A,P,L,L,V,P,G,D,P,Y,S,V,V,V,L,L,Q,G,Y,A,E,P,E,G,V,G,D,A,V,R,A,D,G,S,V,T,L,V,L,P,R,A,W,G,P,A,S,S,H,R,E,P,Q,P,Y,-,-,E,A,K,T,A,L,E,E,A,A,R,G,P,I,L,V,D,T,A,G,P,W,A,R,E,A,L,L,G,A,L,A,G,Q,G,V,A,P,G,D,V,T,L,V,V,G,T,H,G,H,S,D,H,I,G,N,L,G,L,F,P,G,A,A,L,L,V,S,H,D,F,C,L,P,G,G,R,Y,L,P,H,G,L,G,E,E,R,P,L,R,L,G,P,G,L,E,V,W,A,T,P,G,H,G,G,Q,R,D,V,S,V,L,V,A,G,T,A,L,G,T,V,M,V,V,G,D,V,F,E,R,D,G,D,E,G,S,W,Q,A,L,S,E,D,P,V,A,Q,K,H,S,R,K,R,V,L,G,T,A,D,V,I,V,P,G,H,G,A,P,F,R,V,I,R,E,A
Otolemur_garnettii,V,R,T,-,-,-,-,-,-,P,P,V,L,V,P,G,D,S,Y,S,V,V,V,L,L,Q,G,Y,A,E,P,K,G,L,D,G,A,V,R,A,D,G,S,V,T,L,V,L,P,Q,A,W,D,P,A,C,S,Q,R,E,P,Q,R,G,G,G,G,A,K,I,A,L,E,E,V,A,R,G,P,I,L,V,D,T,G,G,P,W,A,R,E,A,L,L,G,A,L,A,R,Q,G,V,S,P,G,D,V,T,L,V,V,G,T,H,G,H,S,D,H,I,G,N,L,G,L,F,P,G,A,A,L,L,V,S,H,D,F,C,L,P,G,G,L,Y,L,P,H,A,L,D,E,E,R,P,L,Q,L,G,P,G,L,E,V,W,A,T,P,G,H,G,G,Q,R,D,V,S,V,V,V,A,G,T,T,R,G,T,V,V,I,A,G,D,V,F,E,R,D,G,D,E,D,S,W,Q,A,L,S,E,D,P,V,A,Q,E,R,S,R,K,R,V,L,D,T,A,D,I,V,V,P,G,H,G,A,P,F,L,V,L,R,E,V
Panthera_leo,V,Q,T,E,P,L,L,G,E,P,P,L,L,V,R,G,D,P,Y,S,V,V,V,L,L,Q,G,Y,A,E,P,E,G,V,G,D,A,V,R,A,D,G,S,V,T,L,V,L,P,Q,A,W,G,P,A,S,S,H,R,E,S,P,P,E,G,G,G,A,K,T,A,L,E,E,A,A,R,G,P,I,L,V,D,T,G,G,P,W,A,R,D,T,L,L,G,A,L,A,R,Q,G,V,A,P,G,D,V,T,L,V,V,G,T,H,G,H,S,D,H,I,G,N,L,G,L,F,P,G,A,A,L,L,V,S,H,D,F,C,L,P,G,G,R,Y,F,P,H,G,L,G,E,E,R,P,L,R,L,G,P,G,L,E,V,W,A,T,P,G,H,G,G,Q,R,D,V,S,V,V,V,A,G,T,V,L,G,T,V,V,V,A,G,D,V,F,E,R,S,G,D,E,D,S,W,Q,A,L,S,E,D,P,V,A,Q,E,R,S,R,K,R,V,L,G,T,A,D,V,V,V,P,G,H,G,A,P,F,R,V,V,R,E,A
Panthera_pardus,V,Q,T,E,P,L,L,G,E,P,P,L,L,V,R,G,D,P,Y,S,V,V,V,L,L,Q,G,Y,A,E,P,E,G,V,G,D,A,V,R,A,D,G,S,V,T,L,V,L,P,Q,A,W,G,P,A,S,S,H,R,E,S,P,P,E,G,G,G,A,K,T,A,L,E,E,A,A,R,G,P,I,L,V,D,T,G,G,P,W,A,R,D,T,L,L,G,A,L,A,R,Q,G,V,A,P,G,D,V,T,L,V,V,G,T,H,G,H,S,D,H,I,G,N,L,G,L,F,P,G,A,A,L,L,V,S,H,D,F,C,L,P,G,G,R,Y,F,P,H,G,L,G,E,E,R,P,L,R,L,G,P,G,L,E,V,W,A,T,P,G,H,G,G,Q,R,D,V,S,V,V,V,A,G,T,V,L,G,T,V,V,V,A,G,D,V,F,E,R,S,G,D,E,D,S,W,Q,A,L,S,E,D,P,V,A,Q,E,R,S,R,K,R,V,L,G,T,A,D,V,V,V,P,G,H,G,A,P,F,R,V,V,R,E,A
Panthera_uncia,V,Q,T,E,P,L,L,G,E,P,P,L,L,V,R,G,D,P,Y,S,V,V,V,L,L,Q,G,Y,A,E,P,E,G,V,G,D,A,V,R,A,D,G,S,V,T,L,V,L,P,Q,A,W,G,P,A,S,S,H,R,E,S,P,P,E,G,G,G,A,K,T,A,L,E,E,A,A,R,G,P,I,L,V,D,T,G,G,P,W,A,R,D,T,L,L,G,A,L,A,R,Q,G,V,A,P,G,D,V,T,L,V,V,G,T,H,G,H,S,D,H,I,G,N,L,G,L,F,P,G,A,A,L,L,V,S,H,D,F,C,L,P,G,G,R,Y,F,P,H,G,L,G,E,E,R,P,L,R,L,G,P,G,L,E,V,W,A,T,P,G,H,G,G,Q,R,D,V,S,V,V,V,A,G,T,V,L,G,T,V,V,V,A,G,D,V,F,E,R,S,G,D,E,D,S,W,Q,A,L,S,E,D,P,V,A,Q,E,R,S,R,K,R,V,L,G,T,A,D,V,V,V,P,G,H,G,A,P,F,R,V,V,R,E,A
Perognathus_longimembris_pacificus,V,R,T,E,P,L,R,G,E,P,P,W,L,V,L,G,D,P,Y,S,V,V,V,L,L,Q,G,Y,T,E,P,E,G,P,G,P,A,V,R,A,D,G,S,V,T,L,V,L,P,R,S,W,A,P,A,S,G,R,R,A,A,L,S,T,A,D,C,A,E,A,A,L,E,E,A,A,R,G,P,V,L,V,D,T,G,G,P,W,A,R,E,A,L,L,G,A,L,A,G,Q,G,V,A,P,A,D,V,A,L,V,V,G,T,H,G,H,S,D,H,I,G,N,L,G,L,F,P,G,A,A,L,L,V,S,H,D,F,C,L,P,G,G,R,Y,L,P,H,G,L,R,E,E,R,P,L,R,L,G,P,G,L,E,V,W,A,T,P,G,H,A,G,R,R,D,V,S,V,A,V,A,G,T,E,R,G,T,V,V,L,A,G,D,V,F,E,R,E,G,D,E,D,A,W,R,A,L,S,E,D,P,V,A,Q,E,R,S,R,R,R,V,L,S,T,A,D,V,V,V,P,G,H,G,A,P,F,K,V,V,R,E,A
Peromyscus_californicus_insignis,V,R,T,E,P,L,H,G,E,T,P,L,L,A,S,S,D,S,Y,S,V,V,V,L,L,R,G,Y,A,E,P,Q,G,T,G,D,A,V,R,A,D,G,T,V,T,L,V,L,P,R,A,W,A,S,D,S,S,R,R,R,S,Q,S,A,D,G,G,A,K,T,A,L,E,E,A,V,R,G,P,I,L,V,D,T,G,G,P,W,A,R,E,A,L,L,E,A,L,A,R,Q,G,V,A,P,G,D,V,T,L,V,V,G,T,H,G,H,S,D,H,I,G,N,L,G,L,F,P,R,A,A,L,L,V,S,H,D,F,C,L,P,G,G,L,Y,L,P,H,G,L,C,E,M,Q,P,L,I,L,G,S,G,L,Q,V,W,A,T,P,G,H,G,G,Q,R,D,V,S,V,V,V,E,G,T,S,L,G,T,V,V,V,A,G,D,V,F,E,R,L,G,D,E,D,S,W,Q,A,L,S,E,D,P,V,V,Q,Q,R,S,R,E,R,I,L,C,V,A,D,V,V,V,P,G,H,G,A,P,F,R,V,V,R,G,A
Peromyscus_leucopus,V,R,T,E,P,L,H,G,E,T,P,L,L,A,S,S,D,S,Y,S,V,V,V,L,L,R,G,Y,A,E,P,Q,G,T,G,D,A,V,R,A,D,G,T,V,T,L,V,L,P,R,A,W,A,S,D,S,S,R,R,R,S,P,S,A,D,G,G,A,K,T,A,L,E,E,A,V,R,G,P,I,L,V,D,T,G,G,P,W,A,R,E,A,L,L,E,A,L,A,R,Q,G,V,A,P,G,D,V,T,L,V,V,G,T,H,G,H,S,D,H,I,G,N,L,G,L,F,S,R,A,A,L,L,V,S,H,D,F,C,L,P,G,G,L,Y,L,P,H,G,L,C,E,M,Q,P,L,K,L,G,S,G,L,Q,V,W,A,T,P,G,H,G,G,Q,R,D,V,S,V,V,V,E,G,T,S,L,G,T,V,V,V,A,G,D,V,F,E,R,L,G,D,E,D,S,W,Q,A,L,S,E,D,P,V,A,Q,Q,R,S,R,E,R,I,L,G,V,A,D,V,V,V,P,G,H,G,A,P,F,R,V,V,R,R,A
Peromyscus_maniculatus_bairdii,V,R,T,E,P,L,H,G,E,T,P,L,L,A,S,S,D,S,Y,S,V,V,V,L,L,R,G,Y,A,E,P,Q,G,T,G,D,A,V,R,A,D,G,T,V,T,L,V,L,P,R,A,W,A,S,D,S,S,R,R,R,S,P,S,A,D,G,G,A,K,T,A,L,E,E,A,V,R,G,P,I,L,V,D,T,G,G,P,W,A,R,E,A,L,L,E,A,L,A,R,Q,G,V,A,P,G,D,V,T,L,V,V,G,T,H,G,H,S,D,H,I,G,N,L,G,L,F,S,R,A,A,L,L,V,S,H,D,F,C,L,P,G,G,L,Y,L,P,H,G,L,C,E,L,Q,P,L,K,L,G,S,G,L,Q,V,W,A,T,P,G,H,G,G,Q,R,D,V,S,V,V,V,E,G,T,S,L,G,T,V,V,V,A,G,D,V,F,E,R,L,G,D,E,D,S,W,Q,A,L,S,E,D,P,V,A,Q,Q,R,S,R,E,R,I,L,G,V,A,D,V,V,V,P,G,H,G,A,P,F,R,V,V,R,G,A
Phascolarctos_cinereus,V,R,T,E,P,L,R,G,D,P,P,L,S,I,P,G,D,P,Y,S,V,I,V,L,L,R,G,Y,S,E,P,Q,G,T,G,G,A,Q,R,A,D,G,S,V,T,L,V,L,P,T,A,W,-,-,-,-,-,-,-,-,-,-,-,-,-,-,-,-,-,-,A,L,E,Q,A,G,S,G,P,V,L,V,D,T,G,G,P,W,A,R,D,A,L,L,A,A,L,A,A,H,G,V,A,P,D,A,V,T,L,V,V,G,T,H,G,H,S,D,H,V,G,S,L,G,L,F,P,R,A,A,L,L,V,S,H,D,F,C,L,P,G,G,L,Y,M,P,H,G,L,S,E,A,C,P,L,R,L,G,P,G,L,E,V,W,A,T,P,G,H,A,G,L,G,D,V,S,V,A,V,A,G,T,S,L,G,T,V,V,A,A,G,D,V,F,E,R,E,D,D,G,D,T,W,R,Q,L,S,E,D,P,R,A,Q,E,R,S,R,Q,R,V,L,A,A,A,D,V,V,V,P,G,H,G,G,P,F,K,V,F,R,E,-
Phoca_vitulina,V,R,T,E,P,L,P,G,E,P,P,L,L,V,S,G,D,P,Y,S,V,V,V,L,L,Q,G,Y,A,E,P,E,G,V,D,D,A,V,R,A,D,G,S,V,T,L,V,L,P,Q,A,W,G,S,A,S,G,T,R,E,S,P,P,E,G,G,G,A,K,T,A,L,E,E,V,A,R,G,P,I,L,V,D,T,G,G,P,W,A,R,E,A,L,L,G,A,L,A,A,Q,G,V,A,P,G,D,V,T,L,V,V,G,T,H,G,H,S,D,H,I,G,N,L,G,L,F,P,G,A,A,L,L,V,S,H,D,F,C,L,P,G,G,R,Y,L,P,H,G,L,G,E,E,R,P,L,Q,L,G,P,G,L,E,V,W,A,T,P,G,H,G,G,Q,R,D,V,S,V,V,V,A,G,T,A,L,G,T,V,V,V,V,G,D,V,F,E,R,N,G,D,E,D,S,W,Q,A,L,S,E,D,P,V,A,Q,E,R,S,R,K,R,V,L,A,T,A,D,V,V,V,P,G,H,G,A,P,F,R,V,V,R,E,A
Phodopus_roborovskii,V,R,T,E,P,L,L,G,E,N,P,L,L,A,S,S,D,S,Y,S,V,M,V,L,L,R,G,Y,A,E,P,Q,G,A,G,D,A,V,R,A,D,G,T,V,T,L,V,L,P,R,A,W,A,S,D,S,S,R,R,V,A,P,S,A,D,G,G,A,K,T,A,L,E,E,A,V,R,G,P,V,L,V,D,T,G,G,P,W,A,R,E,A,L,L,E,A,L,A,G,Q,G,V,S,P,G,D,V,T,L,V,V,G,T,H,G,H,S,D,H,I,G,N,L,G,L,F,P,R,A,A,L,L,V,S,H,D,F,C,L,P,G,G,L,Y,L,P,H,G,L,C,E,M,Q,P,L,I,L,S,S,G,L,Q,V,W,A,T,P,G,H,G,G,Q,R,D,V,S,V,V,V,E,G,T,G,L,G,T,V,V,V,A,G,D,V,F,E,R,L,G,D,E,D,S,W,Q,A,L,S,E,D,P,I,A,Q,Q,R,S,R,E,R,I,L,A,V,A,D,V,V,V,P,G,H,G,A,P,F,R,V,V,R,E,I
Prionailurus_bengalensis_euptilurus,-,-,-,-,-,-,-,-,-,-,-,-,-,-,-,-,-,-,-,-,-,-,-,-,-,-,-,-,-,-,-,-,-,-,-,-,-,-,-,-,-,-,-,-,-,-,-,-,-,-,-,-,-,-,-,-,-,-,-,-,-,-,-,-,-,-,-,-,-,-,-,-,-,-,-,-,-,-,-,-,-,-,-,-,-,-,-,-,-,-,-,-,-,-,-,-,-,-,-,-,-,-,-,-,-,-,-,-,-,-,-,-,-,-,-,-,-,-,-,-,-,-,-,-,-,-,-,-,-,-,-,-,-,-,-,-,-,-,-,-,-,-,-,-,-,-,-,-,-,-,-,-,-,-,-,-,-,-,-,-,-,-,-,-,-,-,-,-,-,-,-,-,-,-,-,-,-,-,-,-,-,-,-,-,-,-,-,-,-,-,-,-,-,-,-,-,-,-,-,-,-,-,-,-,-,-,-,-,-,-,-,-,-,-,-,-,-,-,-,-,-,-,-,-,-,-,-,-,-,-,-,-,-,-,-,-,-,-,-,-,-
Puma_concolor,V,Q,T,E,P,L,L,G,E,P,P,L,L,V,R,G,D,P,Y,S,V,V,V,L,L,Q,G,Y,A,E,P,E,G,V,G,E,A,V,R,A,D,G,S,V,T,L,V,L,P,Q,A,W,G,P,A,S,S,H,R,E,S,L,P,E,G,G,G,A,K,T,A,L,E,E,A,A,R,G,P,I,L,V,D,T,G,G,P,W,A,R,D,T,L,L,G,A,L,A,R,Q,G,V,A,P,R,D,V,T,L,V,V,G,T,H,G,H,S,D,H,I,G,N,L,G,L,F,P,G,A,A,L,L,V,S,H,D,F,C,L,P,G,G,R,Y,F,P,H,G,L,G,E,E,R,P,L,R,L,G,P,G,L,E,V,W,A,T,P,G,H,G,G,Q,R,D,V,S,V,V,V,A,G,T,V,L,G,T,V,V,V,A,G,D,V,F,E,R,S,G,D,E,D,S,W,Q,A,L,S,E,D,P,V,A,Q,E,R,S,R,K,R,V,L,G,T,A,D,V,V,V,P,G,H,G,A,P,F,R,V,V,R,E,A
Puma_yagouaroundi,V,Q,T,E,P,L,L,G,E,P,P,L,L,V,R,G,D,P,Y,S,V,V,V,L,L,Q,G,Y,A,E,P,E,G,V,G,D,A,V,R,A,D,G,S,V,T,L,V,L,P,Q,A,W,G,P,A,S,S,H,R,E,S,P,P,E,G,G,G,A,K,T,A,L,E,E,A,A,R,G,P,I,L,V,D,T,G,G,P,W,A,R,D,T,L,L,G,A,L,A,R,Q,G,V,A,P,G,D,V,T,L,V,V,G,T,H,G,H,S,D,H,I,G,N,L,G,L,F,P,G,A,A,L,L,V,S,H,D,F,C,L,P,G,G,R,Y,F,P,H,G,L,G,E,E,R,P,L,R,L,G,P,G,L,E,V,W,A,T,P,G,H,G,G,Q,R,D,V,S,V,V,V,A,G,T,V,L,G,T,V,V,V,A,G,D,V,F,E,R,S,G,D,E,D,S,W,Q,A,L,S,E,D,P,V,A,Q,E,R,S,R,K,R,V,L,G,T,A,D,V,V,V,P,G,H,G,A,P,F,R,V,V,R,E,A
Rattus_norvegicus,V,R,T,E,P,L,H,G,E,T,P,L,L,A,S,S,G,S,Y,S,V,V,V,L,L,R,G,Y,A,E,P,Q,G,V,G,D,A,V,R,A,D,G,T,V,T,L,V,L,P,R,G,W,V,S,D,T,S,R,R,L,A,P,S,A,D,G,G,A,K,T,A,L,E,E,A,V,R,G,P,I,L,V,D,T,G,G,P,W,T,R,D,A,L,L,E,A,L,A,T,Q,G,V,A,P,G,D,V,T,L,V,V,G,T,H,G,H,S,D,H,I,G,N,L,G,L,F,P,Q,A,A,L,L,V,S,H,D,F,C,L,P,G,G,L,Y,L,P,H,G,L,C,E,T,Q,P,L,I,L,G,S,G,L,Q,V,W,A,T,P,G,H,G,G,Q,R,D,V,S,V,V,V,E,G,T,S,L,G,T,V,V,V,V,G,D,V,F,E,R,L,G,D,E,D,S,W,Q,D,L,S,E,D,P,V,A,Q,Q,R,S,R,E,R,I,L,S,V,A,D,V,V,V,P,G,H,G,A,P,F,R,V,V,R,E,A
Rattus_rattus,V,R,T,E,P,L,H,G,E,T,P,L,L,A,S,S,G,S,Y,S,V,V,V,L,L,R,G,Y,A,E,P,Q,G,V,G,D,A,V,R,A,D,G,T,V,T,L,V,L,P,R,G,W,A,S,D,T,S,R,R,L,A,P,S,A,D,R,G,A,K,T,A,L,E,E,A,V,R,G,P,I,L,V,D,T,G,G,P,W,T,R,D,A,L,L,E,A,L,A,T,Q,G,V,A,P,G,D,V,T,L,V,V,G,T,H,G,H,S,D,H,I,G,N,L,G,L,F,P,Q,A,A,L,L,V,S,H,D,F,C,L,P,G,G,L,Y,L,P,H,G,L,C,E,T,Q,P,L,I,L,G,S,G,L,Q,V,W,A,T,P,G,H,G,G,Q,R,D,V,S,V,V,V,E,G,T,S,L,G,T,V,V,V,A,G,D,V,F,E,R,L,G,D,E,D,S,W,Q,D,L,S,E,D,P,V,A,Q,Q,R,S,R,E,R,I,L,S,V,A,D,V,V,V,P,G,H,G,A,P,F,R,V,V,R,E,A
Sarcophilus_harrisii,V,R,T,E,P,L,L,G,D,F,P,L,S,I,P,G,D,S,Y,S,V,V,V,L,L,Q,G,Y,S,E,P,Q,G,T,E,G,A,Q,R,A,D,G,S,V,T,L,L,L,P,T,T,W,-,-,-,-,-,-,-,-,-,-,-,-,-,-,-,-,K,S,A,L,E,Q,A,A,S,G,P,V,L,V,D,T,G,G,P,W,A,R,D,A,L,L,A,A,L,A,A,H,G,V,T,P,D,A,V,T,L,V,V,G,T,H,G,H,S,D,H,V,G,S,L,G,A,F,P,R,A,A,L,L,V,S,H,D,F,C,L,P,G,G,L,Y,L,P,H,G,L,S,E,A,R,P,L,R,L,G,P,G,L,E,I,W,A,T,P,G,H,A,G,L,G,D,V,S,V,V,L,A,G,T,S,V,G,T,V,V,V,A,G,D,V,F,E,R,E,H,D,G,D,T,W,R,Q,L,S,E,D,P,E,A,Q,E,R,S,R,Q,R,V,L,A,A,A,D,V,I,V,P,G,H,G,G,P,F,R,V,F,R,-,-
Suncus_etruscus,V,R,T,D,P,L,P,G,D,P,P,L,L,M,P,G,A,P,Y,S,V,V,V,L,L,R,G,Y,A,E,P,E,K,L,G,G,A,V,R,A,D,G,S,V,S,L,V,L,P,Q,D,W,D,P,A,S,-,-,-,-,-,-,-,-,-,-,E,A,E,T,A,L,Q,E,A,A,R,G,P,I,L,V,D,T,G,G,P,W,A,S,E,A,L,L,R,A,L,A,G,Q,G,V,A,P,G,D,V,R,L,V,V,G,T,H,G,H,S,D,H,I,G,N,L,G,L,F,P,G,A,A,L,L,V,S,H,D,L,C,L,P,G,G,R,Y,L,P,H,A,L,S,E,E,R,P,L,R,L,G,A,G,L,E,V,W,A,T,P,G,H,G,G,Q,R,D,V,S,V,A,V,A,G,T,A,L,G,T,V,V,V,A,G,D,V,F,E,R,H,G,D,E,E,S,W,Q,A,L,S,E,D,P,A,A,Q,E,R,S,R,R,R,V,L,A,A,A,D,V,V,V,P,G,H,G,A,P,F,R,V,I,R,E,A
Sus_scrofa,V,R,T,E,P,L,R,G,D,T,P,L,L,V,P,G,D,P,Y,S,V,V,V,L,L,Q,G,Y,A,E,P,E,G,V,G,E,A,L,R,A,D,G,S,V,T,L,V,L,P,Q,A,W,G,P,A,S,S,H,R,E,P,S,P,E,S,H,E,V,K,T,A,L,E,E,A,A,R,G,P,I,L,V,D,T,A,G,P,W,A,R,E,A,L,L,G,A,L,A,G,Q,G,L,S,P,G,D,V,T,L,V,V,G,T,H,G,H,S,D,H,I,G,N,L,G,L,F,P,R,A,A,L,L,V,S,H,D,F,C,L,P,G,G,L,Y,L,P,H,G,L,A,E,E,R,P,L,R,L,G,P,G,L,E,V,W,A,T,P,G,H,G,G,Q,R,D,V,S,V,V,V,A,G,T,T,L,G,T,V,M,V,V,G,D,V,F,E,R,D,G,D,E,D,S,W,Q,A,L,S,E,D,P,V,A,Q,K,R,S,R,K,R,I,L,G,T,A,D,V,I,V,P,G,H,G,A,P,F,R,V,I,R,E,A
Tachyglossus_aculeatus,V,R,M,E,P,L,P,G,T,P,P,L,L,I,P,G,D,P,Y,S,V,C,V,L,L,R,G,Y,A,E,P,V,G,D,R,G,A,V,R,A,D,G,S,V,T,L,I,V,P,E,-,-,-,-,-,-,-,-,-,-,-,-,-,-,-,-,-,A,Q,A,A,L,E,R,A,A,A,G,P,I,L,V,D,T,A,G,P,W,A,R,G,A,L,L,E,A,L,A,G,Q,G,L,A,P,G,D,V,G,L,V,V,A,T,H,G,H,S,D,H,V,G,N,L,G,L,F,P,A,A,C,L,L,V,S,R,D,L,C,L,P,G,G,T,Y,L,P,H,G,L,A,E,G,R,P,L,R,L,G,P,G,L,E,V,W,A,T,P,G,H,G,G,A,G,D,V,S,V,A,V,A,G,T,A,R,G,T,V,L,V,A,G,D,V,F,E,R,E,G,D,G,D,G,W,R,E,L,S,E,D,P,A,A,Q,E,R,S,R,R,R,V,L,A,A,A,D,V,V,V,P,G,H,G,G,P,F,R,V,V,R,G,A
Talpa_occidentalis,V,R,T,E,P,L,R,G,E,P,P,L,L,V,P,G,D,P,Y,S,V,V,V,L,L,R,G,Y,A,E,P,E,G,V,G,D,A,V,R,A,D,G,S,V,T,L,V,L,P,Q,A,W,-,-,-,-,-,-,-,-,-,-,-,-,G,G,D,A,K,T,A,L,E,E,A,A,R,G,P,I,L,V,D,T,G,G,P,W,A,R,E,A,L,L,G,A,L,A,G,Q,G,V,A,P,G,D,V,T,L,V,V,G,T,H,G,H,S,D,H,I,G,N,L,G,L,F,P,G,A,A,L,L,V,S,H,D,F,C,L,P,G,G,R,Y,L,P,H,G,L,G,E,E,R,P,L,S,L,G,P,G,L,E,V,W,A,T,P,G,H,G,G,Q,R,D,V,S,V,V,V,T,G,T,A,L,G,T,V,V,V,V,G,D,V,F,E,S,D,G,D,E,D,S,W,Q,A,L,S,E,D,P,V,A,Q,E,R,S,R,K,K,I,L,G,T,A,D,V,V,V,P,G,H,G,A,P,F,R,L,V,R,K,A
Trichechus_manatus_latirostris,V,R,T,E,Q,L,R,G,E,F,P,L,L,V,S,G,G,P,Y,S,V,V,V,L,L,Q,G,Y,A,E,P,E,G,V,S,D,A,V,R,A,D,G,S,V,T,L,V,L,P,Q,-,-,-,-,-,-,-,-,-,-,-,-,-,-,-,G,G,A,N,T,A,L,E,E,A,A,R,G,P,M,V,V,D,T,G,G,P,W,A,R,E,A,L,L,G,A,L,A,G,Q,G,V,A,P,G,D,V,T,L,V,V,G,T,H,G,H,S,D,H,I,G,N,L,G,L,F,P,G,A,A,L,L,V,S,H,D,F,C,L,P,G,G,R,Y,L,P,H,G,L,S,E,E,R,P,L,R,L,G,P,G,L,E,V,W,A,T,P,G,H,A,G,Q,K,D,V,S,V,V,V,A,G,T,A,L,G,T,V,V,V,V,G,D,V,F,E,R,D,G,D,E,D,S,W,Q,A,L,S,E,D,P,V,A,Q,E,R,S,R,K,R,I,L,S,A,A,D,V,V,V,P,G,H,G,A,P,F,R,V,V,R,E,A
Trichosurus_vulpecula,V,R,T,E,P,L,P,G,D,P,P,V,S,I,P,G,G,P,Y,S,V,I,V,L,L,R,G,Y,S,V,P,Q,G,A,G,G,A,Q,R,A,D,G,S,V,T,L,V,L,P,T,A,W,-,-,-,-,-,-,-,-,-,-,-,-,-,-,-,-,-,-,A,L,E,Q,A,G,S,G,P,V,L,V,D,T,G,G,P,W,A,R,D,A,L,L,A,A,L,A,A,H,G,V,A,P,D,S,V,T,L,V,V,G,T,H,G,H,S,D,H,V,G,S,L,G,L,F,P,R,A,A,L,L,V,S,H,D,F,C,L,P,G,G,L,Y,L,A,H,G,L,S,E,T,R,P,L,R,L,G,P,G,L,E,V,W,A,T,P,G,H,A,G,R,G,D,V,S,V,A,V,A,G,T,A,L,G,T,V,V,V,A,G,D,V,F,E,R,E,H,D,G,N,T,W,W,Q,L,S,E,D,P,V,A,Q,E,R,S,R,Q,R,V,L,A,A,A,D,V,V,V,P,G,H,G,G,P,F,R,V,L,K,E,-
Ursus_arctos_horribilis,-,-,-,-,-,-,-,-,-,-,-,-,-,-,-,-,-,-,-,-,-,-,-,-,-,-,-,-,-,-,-,-,-,-,-,-,-,-,-,-,-,-,-,-,-,-,-,-,-,-,-,-,-,-,-,-,-,-,-,-,-,-,-,-,-,-,-,-,-,-,-,-,-,-,-,-,-,-,-,-,-,-,-,-,-,-,-,-,-,-,-,-,-,-,-,-,-,-,-,-,-,-,-,-,-,-,-,-,-,-,-,-,-,-,-,-,-,-,-,-,-,-,-,-,-,-,-,-,-,-,-,-,-,-,-,-,-,-,-,-,-,-,-,-,-,-,-,-,-,-,-,-,-,-,-,-,-,-,-,-,-,-,-,-,-,-,-,-,-,-,-,-,-,-,-,-,-,-,-,-,-,-,-,-,-,-,-,-,-,-,-,-,-,-,-,-,-,-,-,-,-,-,-,-,-,-,-,-,-,-,-,-,-,-,-,-,-,-,-,-,-,-,-,-,-,-,-,-,-,-,-,-,-,-,-,-,-,-,-,-,-
Vombatus_ursinus,V,R,T,E,P,L,R,G,D,P,P,L,S,I,P,G,D,P,Y,S,V,I,V,L,L,R,G,Y,S,E,P,Q,G,A,G,G,A,Q,R,A,D,G,S,V,T,L,V,L,P,T,A,W,-,-,-,-,-,-,-,-,-,-,-,-,-,-,-,-,-,-,A,L,E,Q,A,G,S,G,P,V,L,V,D,T,G,G,P,W,A,R,D,A,L,L,T,A,L,A,A,H,G,V,D,P,D,A,V,T,L,V,V,G,T,H,G,H,S,D,H,V,G,S,L,A,L,F,P,R,A,A,L,L,V,S,H,D,F,C,L,P,G,G,L,Y,L,P,H,G,L,S,E,A,C,P,L,R,L,G,P,G,L,E,V,W,A,T,P,G,H,A,G,L,G,D,V,S,V,A,V,A,G,T,S,L,G,T,V,V,A,A,G,D,V,F,E,R,E,D,D,G,D,T,W,R,Q,L,S,E,D,P,P,A,Q,E,R,S,R,R,R,V,L,A,A,A,D,V,V,V,P,G,H,G,G,P,F,R,V,F,R,E,-
Vulpes_lagopus,-,-,-,-,-,-,-,-,-,-,-,-,-,-,-,-,-,-,-,-,-,-,-,-,-,-,-,-,-,-,-,-,-,-,-,-,-,-,-,-,-,-,-,-,-,-,-,-,-,-,-,-,-,-,-,-,-,-,-,-,-,-,-,-,-,-,-,-,-,-,-,-,-,-,-,-,-,-,-,-,-,-,-,-,-,-,-,-,-,-,-,-,-,-,-,-,-,-,-,-,-,-,-,-,-,-,-,-,-,-,-,-,-,-,-,-,-,-,-,-,-,-,-,-,-,-,-,-,-,-,-,-,-,-,-,-,-,-,-,-,-,-,-,-,-,-,-,-,-,-,-,-,-,-,-,-,-,-,-,-,-,-,-,-,-,-,-,-,-,-,-,-,-,-,-,-,-,-,-,-,-,-,-,-,-,-,-,-,-,-,-,-,-,-,-,-,-,-,-,-,-,-,-,-,-,-,-,-,-,-,-,-,-,-,-,-,-,-,-,-,-,-,-,-,-,-,-,-,-,-,-,-,-,-,-,-,-,-,-,-,-
Vulpes_vulpes,V,R,T,E,P,L,R,G,E,P,P,V,L,V,R,G,D,R,Y,S,V,V,V,L,L,Q,G,Y,A,E,P,E,G,V,D,D,A,V,R,A,D,G,S,V,T,L,V,L,P,Q,A,W,S,S,A,S,S,H,R,E,A,P,P,E,G,G,G,A,K,T,A,L,E,E,A,A,R,G,P,I,L,V,D,T,G,G,P,W,A,Q,E,A,L,L,G,A,L,A,G,Q,G,V,A,P,G,D,V,T,L,V,V,G,T,H,G,H,S,D,H,I,G,N,L,G,L,F,P,T,A,A,L,L,V,S,H,D,F,C,L,P,G,G,R,Y,L,P,H,G,L,G,E,E,L,P,L,R,L,G,P,G,L,E,V,W,A,T,P,G,H,G,G,Q,R,D,V,S,V,V,V,A,G,T,A,L,G,T,V,V,V,A,G,D,V,F,E,R,S,G,D,E,D,S,W,Q,A,L,S,E,D,P,V,A,Q,D,R,S,R,K,R,V,L,G,I,A,D,V,V,V,P,G,H,G,A,P,F,R,V,I,R,E,A
Zalophus_californianus,V,R,T,E,P,L,P,G,E,P,P,L,L,V,S,G,D,P,Y,S,V,V,V,L,L,Q,G,Y,A,E,P,E,G,V,D,D,A,V,R,A,D,G,S,V,T,L,V,L,P,Q,A,W,G,S,A,S,S,T,R,E,S,P,P,E,G,G,G,A,K,T,A,L,E,E,V,A,R,G,P,I,L,V,D,T,G,G,P,W,A,R,E,A,L,L,V,A,L,A,G,Q,G,V,A,P,G,D,V,T,L,V,V,G,T,H,G,H,S,D,H,I,G,N,L,G,L,F,P,G,A,A,L,L,V,S,H,D,F,C,L,P,G,G,R,Y,L,P,H,G,L,G,E,E,R,P,L,Q,L,G,P,G,L,E,V,W,A,T,P,G,H,G,G,Q,R,D,V,S,V,V,V,A,G,T,A,L,G,T,V,V,V,A,G,D,V,F,E,R,N,G,D,E,D,S,W,Q,A,L,S,E,D,P,V,A,Q,E,R,S,R,K,R,V,L,A,T,A,D,V,V,V,P,G,H,G,A,P,F,R,V,V,R,E,A
shrew_mole,V,R,T,E,P,L,P,R,E,A,P,L,L,I,P,G,D,P,Y,S,V,V,V,L,L,Q,G,Y,A,E,P,E,G,I,G,D,A,I,R,A,D,G,S,V,T,L,V,L,P,Q,A,W,S,R,T,P,N,S,R,E,Q,P,P,R,S,G,G,A,K,T,A,L,E,E,A,A,R,G,P,I,L,V,D,T,A,G,P,W,A,R,E,A,L,L,G,A,L,A,G,Q,G,L,A,P,G,D,V,T,L,V,V,G,T,H,G,H,S,D,H,I,G,N,L,G,L,F,P,E,A,A,L,L,V,S,H,D,F,C,L,P,G,G,R,Y,L,T,H,D,L,G,E,E,R,P,L,R,L,G,P,G,L,E,V,W,A,T,P,G,H,G,G,Q,R,D,V,S,V,V,V,M,G,T,A,L,G,T,V,V,V,V,G,D,V,F,E,S,A,G,D,K,N,S,W,Q,A,L,S,E,D,P,V,A,Q,E,R,S,R,K,K,I,L,S,T,A,D,V,V,V,P,G,H,G,A,P,F,R,L,I,R,E,A
ZWS,L,R,T,E,P,L,Q,G,D,T,P,L,L,I,S,G,D,S,Y,S,V,V,V,L,R,R,G,Y,A,E,P,E,G,A,G,D,A,V,R,A,D,G,T,V,T,L,I,L,P,Q,A,W,T,S,A,S,S,H,Q,A,A,P,P,A,A,G,N,A,K,T,A,L,E,Q,A,V,C,G,P,I,L,V,D,T,G,G,P,W,A,G,E,M,L,L,E,A,L,A,G,Q,G,V,A,P,G,D,V,T,L,V,V,G,T,H,G,H,S,D,H,I,G,N,L,G,L,F,P,G,A,A,L,L,V,S,H,D,F,C,L,P,G,G,L,Y,L,P,H,G,L,C,E,E,Q,P,L,I,L,G,A,G,L,Q,V,W,A,T,P,G,H,G,G,Q,R,D,V,S,V,V,V,A,G,T,T,L,G,T,V,V,V,A,G,D,V,F,E,R,D,G,D,E,D,S,W,Q,A,L,S,E,D,P,V,A,Q,Q,R,S,R,K,R,I,L,A,I,A,D,V,V,V,P,G,H,G,A,P,F,R,V,V,R,E,E
