,MIEN1 0,MIEN1 1,MIEN1 2,MIEN1 3,MIEN1 4,MIEN1 5,MIEN1 6,MIEN1 7,MIEN1 8,MIEN1 9,MIEN1 10,MIEN1 11,MIEN1 12,MIEN1 13,MIEN1 14,MIEN1 15,MIEN1 16,MIEN1 17,MIEN1 18,MIEN1 19,MIEN1 20,MIEN1 21,MIEN1 22,MIEN1 23,MIEN1 24,MIEN1 25,MIEN1 26,MIEN1 27,MIEN1 28,MIEN1 29,MIEN1 30,MIEN1 31,MIEN1 32,MIEN1 33,MIEN1 34,MIEN1 35,MIEN1 36,MIEN1 37,MIEN1 38,MIEN1 39,MIEN1 40,MIEN1 41,MIEN1 42,MIEN1 43,MIEN1 44,MIEN1 45,MIEN1 46,MIEN1 47,MIEN1 48,MIEN1 49,MIEN1 50,MIEN1 51,MIEN1 52,MIEN1 53,MIEN1 54,MIEN1 55,MIEN1 56,MIEN1 57,MIEN1 58,MIEN1 59,MIEN1 60,MIEN1 61,MIEN1 62,MIEN1 63,MIEN1 64,MIEN1 65,MIEN1 66,MIEN1 67,MIEN1 68,MIEN1 69,MIEN1 70,MIEN1 71,MIEN1 72,MIEN1 73,MIEN1 74,MIEN1 75,MIEN1 76,MIEN1 77,MIEN1 78,MIEN1 79,MIEN1 80,MIEN1 81,MIEN1 82,MIEN1 83,MIEN1 84,MIEN1 85,MIEN1 86,MIEN1 87
Chrysochloris_asiatica,M,N,G,E,R,G,P,I,S,L,A,P,P,P,G,E,V,E,P,G,S,G,V,R,I,V,V,E,Y,C,E,P,C,G,F,E,A,T,Y,L,E,L,A,S,A,V,K,E,Q,Y,P,G,I,E,I,E,S,R,L,G,G,T,G,A,F,E,I,E,I,N,G,Q,L,I,F,S,K,L,E,N,G,G,F,P,Y,E,K,D
Balaenoptera_acutorostrata_scammoni,M,S,G,E,T,G,P,A,S,V,A,P,P,P,G,E,V,E,P,G,S,G,V,R,I,V,V,E,Y,C,E,P,C,G,F,E,A,T,Y,L,E,L,A,S,A,V,K,E,Q,Y,P,G,I,E,I,E,S,R,L,G,G,T,G,A,F,E,I,E,I,N,G,Q,L,V,F,S,K,L,E,N,G,G,F,P,Y,E,K,D
Balaenoptera_musculus,M,S,G,E,T,G,P,A,S,V,A,P,P,P,G,E,V,E,P,G,S,G,V,R,I,V,V,E,Y,C,E,P,C,G,F,E,A,T,Y,L,E,L,A,S,A,V,K,E,Q,Y,P,G,I,E,I,E,S,R,L,G,G,T,G,A,F,E,I,E,I,N,G,Q,L,V,F,S,K,L,E,N,G,G,F,P,Y,E,K,D
Echinops_telfairi,-,-,-,-,-,-,-,-,-,-,-,-,-,-,-,-,-,-,-,-,-,-,-,-,-,-,-,-,-,-,-,-,-,-,-,-,-,-,-,-,-,-,-,-,-,-,-,-,-,-,-,-,-,-,-,-,-,-,-,-,-,-,-,-,-,-,-,-,-,-,-,-,-,-,-,-,-,-,-,-,-,-,-,-,-,-,-,-
Delphinapterus_leucas,M,S,G,E,T,G,P,A,S,A,A,P,P,P,G,E,V,E,P,G,S,G,V,R,I,V,V,E,Y,C,E,P,C,G,F,E,A,T,Y,L,E,L,A,S,A,V,K,E,Q,Y,P,G,I,E,I,E,S,R,L,G,G,T,G,A,F,E,I,E,I,N,G,Q,L,V,F,S,K,L,E,N,G,G,F,P,Y,E,K,D
Globicephala_melas,M,S,G,E,T,G,P,A,S,S,A,P,P,P,G,E,V,E,P,G,S,G,V,R,I,V,V,E,Y,C,E,P,C,G,F,E,A,T,Y,L,E,L,A,S,A,V,K,E,Q,Y,P,G,I,E,I,E,S,R,L,G,G,T,G,A,F,E,I,E,I,N,G,Q,L,V,F,S,K,L,E,N,G,G,F,P,Y,E,K,D
Lagenorhynchus_obliquidens,M,S,G,E,T,G,P,A,S,S,A,P,P,P,G,E,V,E,P,G,S,G,V,R,I,V,V,E,Y,C,E,P,C,G,F,E,A,T,Y,L,E,L,A,S,A,V,K,E,Q,Y,P,G,I,E,I,E,S,R,L,G,G,T,G,A,F,E,I,E,I,N,G,Q,L,V,F,S,K,L,E,N,G,G,F,P,Y,E,K,D
Lipotes_vexillifer,M,S,G,E,T,G,P,A,S,A,A,P,P,P,G,E,V,E,P,G,S,G,V,R,I,V,V,E,Y,C,E,P,C,G,F,E,A,T,Y,L,E,L,A,S,A,V,K,E,Q,Y,P,G,I,E,I,E,S,R,L,G,G,T,G,A,F,E,I,E,I,N,G,Q,L,V,F,S,K,L,E,N,G,G,F,P,Y,E,K,D
Monodon_monoceros,M,S,G,E,T,G,P,A,S,A,A,P,P,P,G,E,V,E,P,G,S,G,V,R,I,V,V,E,Y,C,E,P,C,G,F,E,A,T,Y,L,E,L,A,S,A,V,K,E,Q,Y,P,G,I,E,I,E,S,R,L,G,G,T,G,A,F,E,I,E,I,N,G,Q,L,V,F,S,K,L,E,N,G,G,F,P,Y,E,K,D
Neophocaena_asiaeorientalis_asiaeorientalis,M,S,G,E,T,G,P,A,S,A,A,P,P,P,G,E,V,E,P,G,S,G,V,R,I,V,V,E,Y,C,E,P,C,G,F,E,A,T,Y,L,E,L,A,S,A,V,K,E,Q,Y,P,G,I,E,I,E,S,R,L,G,S,T,G,A,F,E,I,E,I,N,G,Q,L,V,F,S,K,L,E,N,G,G,F,P,Y,E,K,D
Orcinus_orca,M,S,G,E,T,G,P,A,S,A,A,P,P,P,G,E,V,E,P,G,S,G,V,R,I,V,V,E,Y,C,E,P,C,G,F,E,A,T,Y,L,E,L,A,S,A,V,K,E,Q,Y,P,G,I,E,I,E,S,R,L,G,G,T,G,A,F,E,I,E,I,N,G,Q,L,V,F,S,K,L,E,N,G,G,F,P,Y,E,K,D
Phocoena_sinus,M,S,G,E,T,G,P,A,S,A,A,P,P,P,G,E,V,E,P,G,S,G,V,R,I,V,V,E,Y,C,E,P,C,G,F,E,A,T,Y,L,E,L,A,S,A,V,K,E,Q,Y,P,G,I,E,I,E,S,R,L,G,S,T,G,A,F,E,I,E,I,N,G,Q,L,V,F,S,K,L,E,N,G,G,F,P,Y,E,K,D
Physeter_catodon,-,-,-,-,-,-,-,-,-,-,-,-,-,-,-,-,-,-,-,-,-,-,-,-,-,-,-,-,-,-,-,-,-,-,-,-,-,-,-,-,-,-,-,-,-,-,-,-,-,-,-,-,-,-,-,-,-,-,-,-,-,-,-,-,-,-,-,-,-,-,-,-,-,-,-,-,-,-,-,-,-,-,-,-,-,-,-,-
Tursiops_truncatus,M,S,G,E,T,G,P,A,S,S,A,P,P,P,G,E,V,E,P,G,S,G,V,R,I,V,V,E,Y,C,E,P,C,G,F,E,A,T,Y,L,E,L,A,S,A,V,K,E,Q,Y,P,G,I,E,I,E,S,R,L,G,G,T,G,A,F,E,I,E,I,N,G,Q,L,V,F,S,K,L,E,N,G,G,F,P,Y,E,K,D
Acinonyx_jubatus,M,S,G,E,P,G,P,T,C,E,A,P,P,P,G,E,T,E,P,G,S,G,V,R,I,V,V,E,Y,C,E,P,C,G,F,E,A,T,Y,L,E,L,A,S,A,V,K,E,Q,Y,P,G,I,E,I,E,S,R,L,G,G,T,G,A,F,E,I,E,I,N,G,Q,L,V,F,S,K,L,E,N,G,G,F,P,Y,E,K,D
Acomys_russatus,M,S,E,E,P,G,Q,V,S,V,V,P,P,P,G,E,V,E,A,G,S,G,V,H,I,V,V,E,Y,C,E,P,C,G,F,E,A,T,Y,L,E,L,A,S,A,V,K,E,E,Y,P,G,I,E,I,E,S,R,H,G,G,T,G,A,F,E,I,E,I,N,G,H,L,V,F,S,K,L,E,S,G,G,F,P,Y,E,K,D
Arvicanthis_niloticus,M,S,G,E,L,G,Q,V,S,V,V,P,P,P,G,E,V,E,A,G,S,G,V,H,I,V,V,E,Y,C,K,P,C,G,F,E,A,T,Y,L,E,L,A,S,A,V,K,E,E,Y,P,G,I,E,I,E,S,R,L,G,G,T,G,A,F,E,I,E,I,N,G,Q,L,V,F,S,K,L,E,N,G,G,F,P,Y,E,K,D
Bison_bison_bison,M,S,G,D,T,G,T,T,S,V,A,P,P,P,G,E,T,E,P,G,H,G,V,R,I,V,V,E,Y,C,E,P,C,G,F,E,A,T,Y,L,E,L,A,S,A,V,K,E,Q,Y,P,G,I,E,I,E,S,R,L,G,G,T,G,A,F,E,I,E,I,N,G,Q,L,V,F,S,K,L,E,N,G,G,F,P,Y,E,K,D
Bos_indicus,M,S,G,D,T,G,T,T,S,V,A,P,P,P,G,E,T,E,P,G,H,G,V,R,I,V,V,E,Y,C,E,P,C,G,F,E,A,T,Y,L,E,L,A,S,A,V,K,E,Q,Y,P,G,I,E,I,E,S,R,L,G,G,T,G,A,F,E,I,E,I,N,G,Q,L,V,F,S,K,L,E,N,G,G,F,P,Y,E,K,D
Bos_mutus,M,S,G,D,T,G,T,T,S,V,A,P,P,P,G,E,T,E,P,G,H,G,V,R,I,V,V,E,Y,C,E,P,C,G,F,E,A,T,Y,L,E,L,A,S,A,V,K,E,Q,Y,P,G,I,E,I,E,S,R,L,G,G,T,G,A,F,E,I,E,I,N,G,Q,L,V,F,S,K,L,E,N,G,G,F,P,Y,E,K,D
Bos_taurus,M,S,G,D,T,G,T,T,S,V,A,P,P,P,G,E,T,E,P,G,H,G,V,R,I,V,V,E,Y,C,E,P,C,G,F,E,A,T,Y,L,E,L,A,S,A,V,K,E,Q,Y,P,G,I,E,I,E,S,R,L,G,G,T,G,A,F,E,I,E,I,N,G,Q,L,V,F,S,K,L,E,N,G,G,F,P,Y,E,K,D
Bubalus_bubalis,M,S,G,D,T,G,T,T,S,V,A,P,P,P,G,E,T,E,P,G,H,G,V,R,I,V,V,E,Y,C,E,P,C,G,F,E,A,T,Y,L,E,L,A,S,A,V,K,E,Q,Y,P,G,I,E,I,E,S,R,L,G,G,T,G,A,F,E,I,E,I,N,G,Q,L,V,F,S,K,L,E,N,G,G,F,P,Y,E,K,D
Budorcas_taxicolor,M,S,G,D,T,G,T,T,A,V,A,P,P,P,G,E,T,E,P,G,H,G,V,R,I,V,V,E,Y,C,E,P,C,G,F,E,A,T,Y,L,E,L,A,S,A,V,K,E,Q,Y,P,G,I,E,I,E,S,R,L,G,G,T,G,A,F,E,I,E,I,N,G,Q,L,V,F,S,K,L,E,N,G,G,F,P,Y,E,K,D
Callithrix_jacchus,-,-,-,-,-,-,-,-,-,-,-,-,-,-,-,-,-,-,-,-,-,-,-,-,-,-,-,-,-,-,E,P,C,G,F,E,A,T,Y,L,E,L,A,S,A,V,K,E,Q,Y,P,G,I,E,I,E,S,R,L,G,G,T,G,A,F,E,I,E,I,N,G,Q,L,V,F,S,K,L,E,N,G,G,F,P,Y,E,K,D
Camelus_bactrianus,M,S,G,E,T,G,P,T,S,L,A,P,P,P,G,E,I,E,P,G,S,G,V,R,I,V,V,E,Y,C,E,P,C,G,F,E,A,T,Y,L,E,L,A,S,A,V,K,E,Q,Y,P,G,I,E,I,E,S,R,L,G,G,T,G,A,F,E,I,E,I,N,G,Q,L,V,F,S,K,L,E,N,G,G,F,P,Y,E,K,D
Camelus_dromedarius,M,S,G,E,T,G,P,T,S,L,A,P,P,P,G,E,I,E,P,G,S,G,V,R,I,V,V,E,Y,C,E,P,C,G,F,E,A,T,Y,L,E,L,A,S,A,V,K,E,Q,Y,P,G,I,E,I,E,S,R,L,G,G,T,G,A,F,E,I,E,I,N,G,Q,L,V,F,S,K,L,E,N,G,G,F,P,Y,E,K,D
Camelus_ferus,M,S,G,E,T,G,P,T,S,L,A,P,P,P,G,E,I,E,P,G,S,G,V,R,I,V,V,E,Y,C,E,P,C,G,F,E,A,T,Y,L,E,L,A,S,A,V,K,E,Q,Y,P,G,I,E,I,E,S,R,L,G,G,T,G,A,F,E,I,E,I,N,G,Q,L,V,F,S,K,L,E,N,G,G,F,P,Y,E,K,D
Capra_hircus,M,S,G,D,T,G,T,T,A,V,A,P,P,P,G,E,T,E,P,G,H,G,V,R,I,V,V,E,Y,C,E,P,C,G,F,E,A,T,Y,L,E,L,A,S,A,V,K,E,Q,Y,P,G,I,E,I,E,S,R,L,G,G,T,G,A,F,E,I,E,I,N,G,Q,L,V,F,S,K,L,E,N,G,G,F,P,Y,E,K,D
Cebus_imitator,M,S,G,E,P,A,Q,T,S,V,A,P,L,P,G,E,V,E,P,G,S,G,V,H,I,V,V,E,Y,C,E,P,C,G,F,E,A,T,Y,L,E,L,A,S,A,V,K,E,Q,Y,P,G,I,E,I,E,S,R,L,G,G,T,G,T,F,E,I,E,I,N,G,Q,L,V,F,S,K,L,E,N,G,G,F,P,Y,E,K,D
Ceratotherium_simum_simum,M,S,G,E,P,G,P,P,S,V,A,P,P,P,G,E,I,E,P,G,S,G,V,R,I,M,V,E,Y,C,E,P,C,G,F,E,A,T,Y,L,E,L,A,S,A,V,K,E,Q,Y,P,G,I,E,I,E,S,R,L,G,G,T,G,A,F,E,I,E,I,N,G,Q,L,V,F,S,K,L,E,N,G,G,F,P,Y,E,K,D
Cercocebus_atys,M,S,G,E,P,G,Q,T,S,V,A,P,P,P,E,E,V,E,P,G,S,G,V,R,I,M,V,E,Y,C,E,P,C,G,F,E,A,T,Y,L,E,L,A,S,A,V,K,E,Q,Y,P,G,I,E,I,E,S,R,L,G,G,T,G,A,F,E,I,E,I,N,G,Q,L,V,F,S,K,L,E,N,G,G,F,P,Y,E,K,D
Cervus_canadensis,-,-,-,-,-,-,-,-,-,-,-,-,-,-,-,-,-,-,-,-,-,-,-,-,-,-,-,-,-,-,-,-,-,-,-,-,-,-,-,-,-,-,-,-,-,-,-,-,-,-,-,-,-,-,-,-,-,-,-,-,-,-,-,-,-,-,-,-,-,-,-,-,-,-,-,-,-,-,-,-,-,-,-,-,-,-,-,-
Chlorocebus_sabaeus,-,-,-,-,-,-,-,-,-,-,-,-,-,-,-,-,-,-,-,-,-,-,-,-,-,-,-,-,-,-,E,P,C,G,F,E,A,T,Y,L,E,L,A,S,A,V,K,E,Q,Y,P,G,I,E,I,E,S,R,L,G,G,T,G,A,F,E,I,E,I,N,G,Q,L,V,F,S,K,L,E,N,G,G,F,P,Y,E,K,D
Colobus_angolensis_palliatus,M,S,G,E,P,G,Q,T,S,V,A,P,P,P,E,E,V,E,P,G,S,G,V,R,I,M,V,E,Y,C,E,P,C,G,F,E,A,T,Y,L,E,L,A,S,A,V,K,E,Q,Y,P,G,I,E,I,E,S,R,L,G,G,T,G,A,F,E,I,E,I,N,G,Q,L,V,F,S,K,L,E,N,G,G,F,P,Y,E,K,D
Condylura_cristata,M,S,G,E,L,G,P,T,S,V,A,P,P,P,G,E,V,E,P,G,S,G,V,R,I,V,V,E,Y,C,E,P,C,G,F,E,A,T,Y,L,E,L,A,S,A,V,K,E,Q,Y,P,G,I,E,I,E,S,R,L,G,G,T,G,A,F,E,I,E,I,N,G,Q,L,V,F,S,K,L,E,N,G,G,F,P,Y,E,K,D
Elephas_maximus_indicus,M,N,G,E,P,G,P,I,S,L,A,P,P,P,G,E,V,E,P,G,S,G,V,R,I,V,V,E,Y,C,E,P,C,G,F,E,A,T,Y,L,E,L,A,S,A,V,K,E,Q,Y,P,G,I,E,I,E,S,R,L,G,G,T,G,A,F,E,I,E,I,N,G,Q,L,V,F,S,K,L,E,N,G,G,F,P,Y,E,K,D
Enhydra_lutris_kenyoni,M,S,G,E,P,G,P,T,S,E,A,P,P,P,G,E,I,E,P,G,S,G,V,R,I,V,V,E,Y,C,E,P,C,G,F,E,A,T,Y,L,E,L,A,S,A,V,K,E,Q,Y,P,G,I,E,I,E,S,R,L,G,G,T,G,A,F,E,I,E,I,N,G,Q,L,V,F,S,K,L,E,N,G,G,F,P,Y,E,K,D
Equus_asinus,M,S,G,E,P,G,L,T,S,V,A,P,P,P,G,E,I,E,P,G,S,G,V,R,I,V,V,E,Y,C,E,P,C,G,F,E,A,T,Y,L,E,L,A,S,A,V,K,E,Q,Y,P,G,I,E,I,E,S,R,L,G,G,T,G,A,F,E,I,E,I,N,G,Q,L,V,F,S,K,L,E,N,G,G,F,P,Y,E,K,D
Equus_przewalskii,M,S,G,E,P,G,L,T,S,V,A,P,P,P,G,E,I,E,P,G,S,G,V,R,I,V,V,E,Y,C,E,P,C,G,F,E,A,T,Y,L,E,L,A,S,A,V,K,E,Q,Y,P,G,I,E,I,Q,S,R,L,G,G,T,G,A,F,E,I,E,I,N,G,Q,L,V,F,S,K,L,E,N,G,G,F,P,Y,E,K,D
Equus_quagga,M,S,G,E,P,G,L,T,S,V,A,P,P,P,G,E,I,E,P,G,S,G,V,R,I,V,V,E,Y,C,E,P,C,G,F,E,A,T,Y,L,E,L,A,S,A,V,K,E,Q,Y,P,G,I,E,I,E,S,R,L,G,G,T,G,A,F,E,I,E,I,N,G,Q,L,V,F,S,K,L,E,N,G,G,F,P,Y,E,K,D
Gorilla_gorilla_gorilla,M,S,G,E,P,G,Q,T,S,V,A,P,P,P,E,E,V,E,P,G,S,G,V,R,I,V,V,E,Y,C,E,P,C,G,F,E,A,T,Y,L,E,L,A,S,A,V,K,E,Q,Y,P,G,I,E,I,E,S,R,L,G,G,T,G,A,F,E,I,E,I,N,G,Q,L,V,F,S,K,L,E,N,G,G,F,P,Y,E,K,D
Halichoerus_grypus,M,S,G,E,P,G,P,T,S,E,A,P,P,P,G,E,I,E,P,G,S,G,V,R,I,V,V,E,Y,C,E,P,C,G,F,E,A,T,Y,L,E,L,A,S,A,V,K,E,Q,Y,P,G,I,E,I,E,S,R,L,G,G,T,G,A,F,E,I,E,I,N,G,Q,L,V,F,S,K,L,E,N,G,G,F,P,Y,E,K,D
Homo_sapiens,M,S,G,E,P,G,Q,T,S,V,A,P,P,P,E,E,V,E,P,G,S,G,V,R,I,V,V,E,Y,C,E,P,C,G,F,E,A,T,Y,L,E,L,A,S,A,V,K,E,Q,Y,P,G,I,E,I,E,S,R,L,G,G,T,G,A,F,E,I,E,I,N,G,Q,L,V,F,S,K,L,E,N,G,G,F,P,Y,E,K,D
Hylobates_moloch,M,S,G,E,P,G,Q,T,S,V,A,P,P,H,E,E,V,E,P,G,S,G,V,R,I,V,V,E,Y,C,E,P,C,G,F,E,A,T,Y,L,E,L,A,S,A,V,K,E,Q,Y,P,G,I,E,I,E,S,R,L,G,G,T,G,A,F,E,I,E,I,N,G,Q,L,V,F,S,K,L,E,N,G,G,F,P,Y,E,K,D
Ictidomys_tridecemlineatus,M,S,G,D,S,G,Q,V,S,V,A,P,P,P,G,E,V,E,P,G,S,G,V,R,I,V,V,E,Y,C,E,P,C,G,F,E,A,T,Y,L,E,L,A,S,A,V,K,E,E,Y,P,G,I,E,I,E,S,R,L,G,G,T,G,A,F,E,I,E,I,N,G,Q,L,V,F,S,K,L,E,N,G,G,F,P,Y,E,K,D
Leopardus_geoffroyi,M,S,G,E,P,G,P,T,C,E,A,P,P,P,G,E,I,E,P,G,S,G,V,R,I,V,V,E,Y,C,E,P,C,G,F,E,A,T,Y,L,E,L,A,S,A,V,K,E,Q,Y,P,G,I,E,I,E,S,R,L,G,G,T,G,A,F,E,I,E,I,N,G,Q,L,V,F,S,K,L,E,N,G,G,F,P,Y,E,K,D
Loxodonta_africana,M,N,G,E,P,G,P,I,S,L,A,P,P,P,G,E,V,E,P,G,S,G,V,R,I,V,V,E,Y,C,E,P,C,G,F,E,A,T,Y,L,E,L,A,S,A,V,K,E,Q,Y,P,G,I,E,I,E,S,R,L,G,G,T,G,A,F,E,I,E,I,N,G,Q,L,V,F,S,K,L,E,N,G,G,F,P,Y,E,K,D
Macaca_fascicularis,M,S,G,E,P,G,Q,T,S,V,A,S,P,P,E,E,V,E,P,G,S,G,V,R,I,M,V,E,Y,C,E,P,C,G,F,E,A,T,Y,L,E,L,A,S,A,V,K,E,Q,Y,P,G,I,E,I,E,S,R,L,G,G,T,G,A,F,E,I,E,I,N,G,Q,L,V,F,S,K,L,E,N,G,G,F,P,Y,E,K,D
Macaca_mulatta,M,S,G,E,P,G,Q,T,S,V,A,P,P,P,E,E,V,E,P,G,S,G,V,R,I,M,V,E,Y,C,E,P,C,G,F,E,A,T,Y,L,E,L,A,S,A,V,K,E,Q,Y,P,G,I,E,I,E,S,R,L,G,G,T,G,A,F,E,I,E,I,N,G,Q,L,V,F,S,K,L,E,N,G,G,F,P,Y,E,K,D
Macaca_nemestrina,M,S,G,E,P,G,Q,T,S,V,A,P,P,P,E,E,V,E,L,G,S,G,V,R,I,M,V,E,Y,C,E,P,C,G,F,E,A,T,Y,L,E,L,A,S,A,V,K,E,Q,Y,P,G,I,E,I,E,S,R,L,G,G,T,G,A,F,E,I,E,I,N,G,Q,L,V,F,S,K,L,E,N,G,G,F,P,Y,E,K,D
Macaca_thibetana_thibetana,M,S,G,E,P,G,Q,T,S,V,A,P,P,P,E,E,V,E,P,G,S,G,V,R,I,M,V,E,Y,C,E,P,C,G,F,E,A,T,Y,L,E,L,A,S,A,V,K,E,Q,Y,P,G,I,E,I,E,S,R,L,G,G,T,G,A,F,E,I,E,I,N,G,Q,L,V,F,S,K,L,E,N,G,G,F,P,Y,E,K,D
Mandrillus_leucophaeus,M,S,G,D,P,G,Q,T,S,V,V,P,P,P,E,E,V,E,P,G,S,G,V,R,I,M,V,E,Y,C,E,P,C,G,F,E,A,T,Y,L,E,L,A,S,A,V,K,E,Q,Y,P,G,I,E,I,E,S,R,L,G,G,T,G,A,F,E,I,E,I,N,G,Q,L,V,F,S,K,L,E,N,G,G,F,P,Y,E,K,D
Marmota_flaviventris,M,S,G,D,S,G,Q,V,S,V,A,P,P,P,G,E,G,E,P,G,S,G,V,R,I,V,V,E,Y,C,E,P,C,G,F,E,A,T,Y,L,E,L,A,S,A,V,K,E,E,Y,P,G,I,E,I,E,S,R,L,G,G,T,G,A,F,E,I,E,I,N,G,Q,L,V,F,S,K,L,E,N,G,G,F,P,Y,E,K,D
Marmota_marmota_marmota,M,S,G,D,S,G,Q,V,S,V,A,P,P,P,G,E,V,E,P,G,S,G,V,R,I,V,V,E,Y,C,E,P,C,G,F,E,A,T,Y,L,E,L,A,S,A,V,K,E,E,Y,P,G,I,E,I,E,S,R,L,G,G,T,G,A,F,E,I,E,I,N,G,Q,L,V,F,S,K,L,E,N,G,G,F,P,Y,E,K,D
Marmota_monax,M,S,G,D,S,G,Q,V,S,V,A,P,P,P,G,E,V,E,P,G,S,G,V,R,I,V,V,E,Y,C,E,P,C,G,F,E,A,T,Y,L,E,L,A,S,A,V,K,E,E,Y,P,G,I,E,I,E,S,R,L,G,G,T,G,A,F,E,I,E,I,N,G,Q,L,V,F,S,K,L,E,N,G,G,F,P,Y,E,K,D
Nannospalax_galili,M,S,G,E,P,G,Q,V,S,V,A,P,P,P,G,E,V,E,A,G,S,G,V,H,I,V,V,E,Y,C,E,P,C,G,F,E,A,T,Y,L,E,L,A,S,A,V,K,E,E,Y,P,G,I,E,I,E,S,R,L,G,G,T,G,A,F,E,I,E,I,N,G,Q,L,V,F,S,K,L,E,N,G,G,F,P,Y,E,K,D
Neomonachus_schauinslandi,M,S,G,E,P,G,P,T,S,E,A,P,P,P,G,E,S,E,P,G,S,G,V,R,I,V,V,E,Y,C,E,P,C,G,F,E,A,T,Y,L,E,L,A,S,A,V,K,E,Q,Y,P,G,I,E,I,E,S,R,L,G,G,T,G,A,F,E,I,E,I,N,G,Q,L,V,F,S,K,L,E,N,G,G,F,P,Y,E,K,D
Nomascus_leucogenys,M,S,G,E,P,G,Q,T,S,V,A,P,P,H,E,E,V,E,P,G,S,G,V,R,I,V,V,E,Y,C,E,P,C,G,F,E,A,T,Y,L,E,L,A,S,A,V,K,E,Q,Y,P,G,I,E,I,E,S,R,L,G,G,T,G,A,F,E,I,E,I,N,G,Q,L,V,F,S,K,L,E,N,G,G,F,P,Y,E,K,D
Ochotona_curzoniae,M,S,G,E,P,G,P,T,S,A,A,P,P,P,G,E,V,E,P,G,S,G,V,R,I,V,V,E,Y,C,E,P,C,G,F,E,A,T,Y,L,E,L,A,N,A,V,K,E,E,Y,P,G,I,E,I,E,S,R,L,G,G,T,G,A,F,E,I,E,I,N,G,Q,L,V,F,S,K,L,E,N,G,G,F,P,Y,E,K,D
Ochotona_princeps,M,S,G,E,P,G,P,T,S,A,A,P,P,P,G,E,V,E,P,G,S,G,V,R,I,M,V,E,Y,C,E,P,C,G,F,E,A,T,Y,L,E,L,A,N,A,V,K,E,E,Y,P,G,I,E,I,E,S,R,L,G,G,T,G,A,F,E,I,E,I,N,G,Q,L,V,F,S,K,L,E,N,G,G,F,P,Y,E,K,D
Octodon_degus,M,S,G,E,P,E,E,L,S,V,A,P,P,P,G,E,V,E,P,G,S,G,V,R,I,V,V,E,Y,C,E,P,C,G,F,E,A,T,Y,L,E,L,A,S,A,V,K,E,Q,Y,P,G,I,E,I,E,S,R,L,G,G,T,G,A,F,E,I,E,I,N,G,Q,L,V,F,S,K,L,E,N,G,G,F,P,Y,E,K,D
Ovis_aries,M,S,G,D,T,G,T,T,A,V,A,P,P,P,G,E,T,E,P,G,H,G,V,R,I,V,V,E,Y,C,E,P,C,G,F,E,A,T,Y,L,E,L,A,S,A,V,K,E,Q,Y,P,G,I,E,I,E,S,R,L,G,G,T,G,A,F,E,I,E,I,N,G,Q,L,V,F,S,K,L,E,N,G,G,F,P,Y,E,K,D
Pan_paniscus,M,S,G,E,P,G,Q,T,S,V,A,P,P,P,E,E,V,E,P,G,S,G,V,R,I,V,V,E,Y,C,E,P,C,G,F,E,A,T,Y,L,E,L,A,S,A,V,K,E,Q,Y,P,G,I,E,I,E,S,R,L,G,G,T,G,A,F,E,I,E,I,N,G,Q,L,V,F,S,K,L,E,N,G,G,F,P,Y,E,K,D
Pan_troglodytes,M,S,G,E,P,G,Q,T,S,V,A,P,P,P,E,E,V,E,P,G,S,G,V,R,I,V,V,E,Y,C,E,P,C,G,F,E,A,T,Y,L,E,L,A,S,A,V,K,E,Q,Y,P,G,I,E,I,E,S,R,L,G,G,T,G,A,F,E,I,E,I,N,G,Q,L,V,F,S,K,L,E,N,G,G,F,P,Y,E,K,D
Panthera_tigris_altaica,-,-,-,-,-,-,-,-,-,-,-,-,-,-,-,-,-,-,-,-,-,-,-,-,-,-,-,-,-,-,-,-,-,-,-,-,-,-,-,-,-,-,-,-,-,-,-,-,-,-,-,-,-,-,-,-,-,-,-,-,-,-,-,-,-,-,-,-,-,-,-,-,-,-,-,-,-,-,-,-,-,-,-,-,-,-,-,-
Papio_anubis,M,S,G,E,P,G,Q,T,S,V,A,P,P,P,E,E,V,E,P,G,S,G,V,R,I,M,V,E,Y,C,E,P,C,G,F,E,A,T,Y,L,E,L,A,S,A,V,K,E,Q,Y,P,G,I,E,I,E,S,R,L,G,G,T,G,A,F,E,I,E,I,N,G,Q,L,V,F,S,K,L,E,N,G,G,F,P,Y,E,K,D
Piliocolobus_tephrosceles,M,S,G,E,P,G,Q,T,S,V,A,P,P,P,E,E,V,E,P,G,S,G,V,R,I,M,V,E,Y,C,E,P,C,G,F,E,A,T,Y,L,E,L,A,S,A,V,K,E,Q,Y,P,G,I,E,I,E,S,R,L,G,G,T,G,A,F,E,I,E,I,N,G,Q,L,V,F,S,K,L,E,N,G,G,F,P,Y,E,K,D
Pongo_abelii,M,S,G,E,S,G,Q,T,F,V,A,P,P,P,E,E,V,E,P,G,S,G,V,R,I,V,V,E,Y,C,E,P,C,G,F,E,A,T,Y,L,E,L,A,S,A,V,K,E,Q,Y,P,G,I,E,I,E,S,R,L,G,G,T,G,A,F,E,I,E,I,N,G,Q,L,V,F,S,K,L,E,N,G,G,F,P,Y,E,K,D
Propithecus_coquereli,M,S,G,E,P,G,Q,A,S,V,A,P,P,P,G,E,V,E,P,G,S,G,V,R,I,V,V,E,Y,C,E,P,C,G,F,E,A,T,Y,L,E,L,A,S,A,V,K,E,E,Y,P,G,I,E,I,E,S,R,L,G,G,T,G,A,F,E,I,E,I,N,G,Q,L,V,F,S,K,L,E,N,G,G,F,P,Y,E,K,D
Rhinopithecus_bieti,M,S,G,E,P,G,Q,T,S,V,A,P,P,P,G,E,V,E,P,G,S,G,V,R,I,M,V,E,Y,C,E,P,C,G,F,E,A,T,Y,L,E,L,A,S,A,V,K,E,Q,Y,P,G,I,E,I,E,S,R,L,G,G,T,G,A,F,E,I,E,I,N,G,Q,L,V,F,S,K,L,E,N,G,G,F,P,Y,E,K,D
Rhinopithecus_roxellana,M,S,G,E,P,G,Q,T,S,V,A,P,P,P,G,E,V,E,P,G,S,G,V,R,I,M,V,E,Y,C,E,P,C,G,F,E,A,T,Y,L,E,L,A,S,A,V,K,E,Q,Y,P,G,I,E,I,E,S,R,L,G,G,T,G,A,F,E,I,E,I,N,G,Q,L,V,F,S,K,L,E,N,G,G,F,P,Y,E,K,D
Saimiri_boliviensis_boliviensis,M,N,G,E,P,G,Q,T,S,V,A,P,L,P,G,K,V,E,P,G,S,G,V,R,I,V,V,E,Y,C,E,P,C,G,F,E,A,T,Y,L,E,L,A,S,A,V,K,E,Q,Y,P,G,I,E,I,E,S,R,L,G,G,T,G,A,F,E,I,E,I,N,G,Q,L,V,F,S,K,L,E,N,G,G,F,P,Y,E,K,D
Sapajus_apella,M,S,G,E,P,A,Q,T,S,V,A,P,L,P,G,E,V,E,P,G,S,G,V,H,I,V,V,E,Y,C,E,P,C,G,F,E,A,T,Y,L,E,L,A,S,A,V,K,E,Q,Y,P,G,I,E,I,E,S,R,L,G,G,T,G,T,F,E,I,E,I,N,G,Q,L,V,F,S,K,L,E,N,G,G,F,P,Y,E,K,D
Suricata_suricatta,M,S,G,E,P,G,P,T,C,E,A,P,P,P,G,E,I,E,P,G,S,G,V,R,I,V,V,E,Y,C,E,P,C,G,F,E,A,T,Y,L,E,L,A,S,A,V,K,E,Q,Y,P,G,I,E,I,E,S,R,L,G,G,T,G,A,F,E,I,E,I,N,G,Q,L,V,F,S,K,L,E,N,G,G,F,P,Y,E,K,D
Theropithecus_gelada,M,S,G,E,P,G,Q,T,S,V,A,P,P,P,E,E,V,E,P,G,S,G,V,R,I,M,V,E,Y,C,E,P,C,G,F,E,A,T,Y,L,E,L,A,S,A,V,K,E,Q,Y,P,G,I,E,I,E,S,R,L,G,G,T,G,A,F,E,I,E,I,N,G,Q,L,V,F,S,K,L,E,N,G,G,F,P,Y,E,K,D
Trachypithecus_francoisi,M,S,G,D,P,G,Q,T,S,V,A,P,P,P,G,E,V,E,P,G,S,G,V,R,I,M,V,E,Y,C,E,P,C,G,F,E,A,T,Y,L,E,L,A,S,A,V,K,E,Q,Y,P,G,I,E,I,E,S,R,L,G,G,T,G,A,F,E,I,E,I,N,G,Q,L,V,F,S,K,L,E,N,G,G,F,P,Y,E,K,D
Tupaia_chinensis,M,S,G,E,S,G,E,T,S,V,A,P,P,P,G,E,V,E,P,G,S,G,V,R,I,V,V,E,Y,C,E,P,C,G,F,E,A,T,Y,L,E,L,A,S,A,V,K,E,Q,Y,P,G,I,E,I,E,S,R,L,G,G,T,G,A,F,E,I,E,I,N,G,Q,L,V,F,S,K,L,E,N,G,G,F,P,Y,E,K,D
Urocitellus_parryii,M,S,G,D,S,G,Q,V,S,V,A,P,P,P,G,E,V,E,P,G,S,G,V,R,I,V,V,E,Y,C,E,P,C,G,F,E,A,T,Y,L,E,L,A,S,A,V,K,E,E,Y,P,G,I,E,I,E,S,R,L,G,G,T,G,A,F,E,I,E,I,N,G,Q,L,V,F,S,K,L,E,N,G,G,F,P,Y,E,K,D
Ursus_americanus,M,S,G,E,P,G,P,T,S,E,A,P,P,P,G,E,I,E,P,G,S,G,V,R,I,V,V,E,Y,C,E,P,C,G,F,E,A,T,Y,L,E,L,A,S,A,V,K,E,Q,Y,P,G,I,E,I,E,S,R,L,G,G,T,G,A,F,E,I,E,I,N,G,Q,L,V,F,S,K,L,E,N,G,G,F,P,Y,E,K,D
Ursus_maritimus,M,S,G,E,P,G,P,T,S,E,A,P,P,P,G,E,I,E,P,G,S,G,V,R,I,V,V,E,Y,C,E,P,C,G,F,E,A,T,Y,L,E,L,A,S,A,V,K,E,Q,Y,P,G,I,E,I,E,S,R,L,G,G,T,G,A,F,E,I,E,I,N,G,Q,L,V,F,S,K,L,E,N,G,G,F,P,Y,E,K,D
Vicugna_pacos,M,S,G,E,T,G,P,T,S,V,A,P,P,P,G,E,I,E,P,G,S,G,V,R,I,V,V,E,Y,C,E,P,C,G,F,E,A,T,Y,L,E,L,A,S,A,V,K,E,Q,Y,P,G,I,E,I,E,S,R,L,G,G,T,G,A,F,E,I,E,I,N,G,Q,L,V,F,S,K,L,E,N,G,G,F,P,Y,E,K,D
Artibeus_jamaicensis,M,S,G,D,V,G,S,P,S,A,D,P,H,P,E,E,V,Q,P,G,S,G,V,H,L,V,V,E,F,C,E,P,C,G,F,E,A,A,Y,L,E,L,E,S,A,V,K,E,Q,Y,P,G,I,E,V,E,S,R,T,G,G,P,G,A,F,E,I,Q,I,N,G,Q,L,V,F,S,K,L,E,N,G,G,F,P,Y,E,K,D
Desmodus_rotundus,M,S,G,D,L,G,S,T,S,A,A,P,H,P,E,E,V,Q,P,G,S,G,V,H,L,V,V,E,F,C,E,P,C,G,F,E,A,A,Y,L,E,L,E,S,A,V,K,E,Q,Y,P,G,I,E,I,E,S,R,T,G,G,P,G,A,F,E,I,Q,I,N,G,Q,L,V,F,S,K,L,E,N,G,G,F,P,Y,E,K,D
Eptesicus_fuscus,M,S,G,D,V,G,P,M,S,A,A,P,H,R,G,E,I,E,P,G,S,G,V,R,I,V,V,E,Y,C,E,P,C,G,F,E,A,T,Y,L,E,L,A,S,A,V,K,E,Q,Y,P,G,I,E,I,E,S,R,L,G,G,T,G,A,F,E,I,E,I,N,G,Q,L,V,F,S,K,L,E,N,G,G,F,P,Y,E,K,D
Hipposideros_armiger,M,S,G,D,L,G,P,T,S,A,A,P,H,P,R,E,I,E,P,G,S,G,V,R,I,V,V,E,Y,C,E,P,C,G,F,E,S,T,Y,L,E,L,A,S,A,V,K,E,Q,Y,P,G,I,E,I,E,S,R,L,G,G,T,G,A,F,E,I,E,I,N,G,Q,L,V,F,S,K,L,E,N,G,G,F,P,Y,E,K,D
Miniopterus_natalensis,M,S,G,D,L,G,P,T,S,A,A,P,H,P,G,E,I,E,P,G,S,G,V,R,I,V,V,E,Y,C,E,P,C,G,F,E,A,T,Y,L,E,L,A,S,A,V,K,E,Q,Y,P,G,I,E,I,E,S,R,L,G,G,T,G,A,F,E,I,E,I,N,G,Q,L,V,F,S,K,L,E,N,G,G,F,P,Y,E,K,D
Molossus_molossus,M,S,G,D,L,G,P,T,S,A,A,P,R,A,G,E,I,E,P,G,S,G,V,R,I,V,V,E,Y,C,E,P,C,G,F,E,A,T,Y,L,E,L,A,S,A,V,K,E,Q,Y,P,G,I,E,I,E,S,R,L,G,G,T,G,A,F,E,I,E,I,N,G,Q,L,V,F,S,K,L,E,N,G,G,F,P,Y,E,K,D
Myotis_brandtii,-,-,-,-,-,-,-,-,-,-,-,-,-,-,-,-,-,-,-,-,-,-,-,-,-,-,-,-,-,-,-,-,-,-,-,-,-,-,-,-,-,-,-,-,-,-,-,-,-,-,-,-,-,-,-,-,-,-,-,-,-,-,-,-,-,-,-,-,-,-,-,-,-,-,-,-,-,-,-,-,-,-,-,-,-,-,-,-
Myotis_davidii,M,S,G,D,A,G,P,A,S,A,A,P,H,P,G,E,L,E,P,G,S,G,V,R,I,V,V,E,Y,C,E,P,C,G,F,E,A,T,Y,L,E,L,A,S,A,V,K,E,Q,Y,P,G,I,E,I,E,S,R,L,G,G,T,G,A,F,E,I,E,I,N,G,Q,L,V,F,S,K,L,E,N,G,G,F,P,Y,E,K,D
Myotis_lucifugus,M,S,G,D,A,G,P,V,S,A,A,P,H,P,G,E,L,E,P,G,S,G,V,R,I,V,V,E,Y,C,E,P,C,G,F,E,A,T,Y,L,E,L,A,S,A,V,K,E,Q,Y,P,G,I,E,I,E,S,R,L,G,G,T,G,A,F,E,I,E,I,N,G,Q,L,V,F,S,K,L,E,N,G,G,F,P,Y,E,K,D
Myotis_myotis,-,-,-,-,-,-,-,-,-,-,-,-,-,-,-,-,-,-,-,-,-,-,-,-,-,-,-,-,-,-,-,-,-,-,-,-,-,-,-,-,-,-,-,-,-,-,-,-,-,-,-,-,-,-,-,-,-,-,-,-,-,-,-,-,-,-,-,-,-,-,-,-,-,-,-,-,-,-,-,-,-,-,-,-,-,-,-,-
Phyllostomus_discolor,M,S,G,D,A,G,S,T,S,A,D,P,N,P,E,E,V,Q,P,G,S,G,V,H,L,V,V,E,F,C,E,P,C,G,F,E,A,A,Y,L,E,L,E,S,A,V,K,E,Q,Y,P,G,I,E,I,E,S,R,T,G,G,P,G,A,F,E,I,L,I,N,G,Q,L,V,F,S,K,L,E,N,G,G,F,P,Y,E,K,D
Phyllostomus_hastatus,M,S,G,D,A,G,S,T,S,A,D,P,N,P,G,E,V,Q,P,G,S,G,V,H,L,V,V,E,F,C,E,P,C,G,F,E,A,A,Y,L,E,L,E,S,A,V,K,E,Q,Y,P,G,I,E,I,E,S,R,T,G,G,P,G,A,F,E,I,L,I,N,G,Q,L,V,F,S,K,L,E,N,G,G,F,P,Y,E,K,D
Pipistrellus_kuhlii,M,S,G,D,V,G,P,V,S,A,A,P,H,R,G,E,I,E,P,G,S,G,V,R,I,V,V,E,Y,C,E,P,C,G,F,E,A,T,Y,L,E,L,A,S,A,V,K,E,Q,Y,P,G,I,E,I,E,S,R,L,G,G,T,G,A,F,E,I,E,I,N,G,Q,L,V,F,S,K,L,E,N,G,G,F,P,Y,E,K,D
Rhinolophus_ferrumequinum,M,S,G,D,L,G,P,T,S,A,A,P,H,P,R,E,L,E,P,G,S,G,V,R,I,V,V,E,Y,C,E,P,C,G,F,E,S,T,Y,L,E,L,A,S,A,V,K,E,Q,Y,P,G,I,E,I,E,S,R,L,G,G,T,G,A,F,E,I,E,I,N,G,Q,L,V,F,S,K,L,E,N,G,G,F,P,Y,E,K,D
Sorex_araneus,M,S,-,-,-,G,D,L,A,V,A,P,P,P,G,E,G,E,P,G,S,G,V,R,I,V,V,E,Y,C,E,P,C,G,F,E,A,T,Y,L,E,L,A,S,A,V,K,E,Q,Y,P,G,I,E,I,E,S,R,L,G,G,T,G,A,F,E,I,E,I,N,G,Q,L,V,F,S,K,L,E,N,G,G,F,P,Y,E,K,D
Sturnira_hondurensis,M,S,G,D,V,G,S,T,A,A,D,P,H,P,G,E,V,Q,P,G,S,G,V,H,L,I,V,E,F,C,E,P,C,G,F,E,A,A,Y,L,E,L,E,S,A,V,K,E,Q,Y,P,G,I,E,I,E,S,R,T,G,G,P,-,-,-,-,-,-,-,-,-,-,-,-,-,-,-,-,-,-,-,-,-,-,-,-,-,-
Pteropus_alecto,M,S,G,D,L,G,P,T,S,A,A,P,H,P,R,E,I,E,P,G,S,G,V,R,I,V,V,E,Y,C,E,P,C,G,F,E,A,T,Y,L,E,L,A,S,A,V,K,E,Q,Y,P,G,I,E,I,E,S,R,L,G,G,T,G,A,F,E,I,E,I,N,G,Q,L,V,F,S,K,L,E,N,G,G,F,P,Y,E,K,D
Pteropus_giganteus,M,S,G,D,L,G,P,T,S,A,A,P,H,P,R,E,I,E,P,G,S,G,V,R,I,V,V,E,Y,C,E,P,C,G,F,E,A,T,Y,L,E,L,A,S,A,V,K,E,Q,Y,P,G,I,E,I,E,S,R,L,G,G,T,G,A,F,E,I,E,I,N,G,Q,L,V,F,S,K,L,E,N,G,G,F,P,Y,E,K,D
Pteropus_vampyrus,M,S,G,D,L,G,P,T,S,A,A,P,H,P,R,E,I,E,P,G,S,G,V,R,I,V,V,E,Y,C,E,P,C,G,F,E,A,T,Y,L,E,L,A,S,A,V,K,E,Q,Y,P,G,I,E,I,E,S,R,L,G,G,T,G,A,F,E,I,E,I,N,G,Q,L,V,F,S,K,L,E,N,G,G,F,P,Y,E,K,D
Rousettus_aegyptiacus,M,S,G,D,L,G,P,T,S,A,A,P,H,P,R,E,I,E,P,G,S,G,V,R,I,V,V,E,Y,C,E,P,C,G,F,E,A,T,Y,L,E,L,A,S,A,V,K,E,Q,Y,P,G,I,E,I,E,S,R,L,G,G,T,G,A,F,E,I,E,I,N,G,Q,L,V,F,S,K,L,E,N,G,G,F,P,Y,E,K,D
Ailuropoda_melanoleuca,M,S,G,E,P,G,P,T,S,E,A,P,P,P,G,E,I,E,P,G,S,G,V,R,I,V,V,E,Y,C,E,P,C,G,F,E,A,T,Y,L,E,L,A,S,A,V,K,E,Q,Y,P,G,I,E,I,E,S,R,L,G,G,T,G,A,F,E,I,E,I,N,G,Q,L,V,F,S,K,L,E,N,G,G,F,P,Y,E,K,D
Antechinus_flavipes,M,S,G,E,P,G,D,E,L,V,V,P,T,P,G,E,P,L,P,G,S,G,V,R,I,V,V,E,Y,C,E,P,C,G,F,E,S,T,Y,L,E,L,A,S,A,V,K,E,E,Y,P,G,I,E,I,E,S,R,L,G,G,T,G,A,F,E,I,E,I,N,G,Q,L,V,F,S,K,L,E,N,G,G,F,P,Y,E,K,D
Aotus_nancymaae,M,S,G,E,P,G,Q,T,S,V,A,P,L,P,G,E,I,E,P,G,S,G,V,R,I,V,V,E,Y,C,E,P,C,G,F,E,A,T,Y,L,E,L,A,S,A,V,K,E,Q,Y,P,G,I,E,I,E,S,R,L,G,G,T,G,A,F,E,I,E,I,N,G,Q,L,V,F,S,K,L,E,N,G,G,F,P,Y,E,K,D
Apodemus_sylvaticus,M,S,G,E,P,G,Q,L,S,V,V,P,P,P,G,E,V,E,A,G,S,G,V,H,I,V,V,E,Y,C,K,P,C,G,F,E,A,T,Y,L,E,L,A,S,A,V,K,E,E,Y,P,G,I,E,I,E,S,R,L,G,G,T,G,A,F,E,I,E,I,N,G,Q,L,V,F,S,K,L,E,N,G,G,F,P,Y,E,K,D
Arvicola_amphibius,M,S,G,E,P,G,Q,V,S,V,V,P,P,P,G,E,V,E,A,G,S,G,V,H,I,V,V,E,Y,C,E,P,C,G,F,E,A,T,Y,L,E,L,A,S,A,V,K,E,E,Y,P,G,I,E,I,E,S,R,H,G,G,T,G,A,F,E,I,E,I,N,G,Q,L,V,F,S,K,L,E,N,G,G,F,P,Y,E,K,D
Callorhinus_ursinus,M,S,R,E,P,G,P,T,S,E,A,P,P,P,G,E,I,E,P,G,S,G,V,R,I,V,V,E,Y,C,E,P,C,G,F,E,A,T,Y,L,E,L,A,S,A,V,K,E,Q,Y,P,G,I,E,I,E,S,R,L,G,G,T,G,A,F,E,I,E,I,N,G,Q,L,V,F,S,K,L,E,N,G,G,F,P,Y,E,K,D
Canis_lupus_dingo,M,S,G,E,P,G,P,T,S,E,A,P,P,P,G,E,I,E,P,G,S,G,V,R,I,V,V,E,Y,C,E,P,C,G,F,E,A,T,Y,L,E,L,A,S,A,V,K,E,Q,Y,P,G,I,E,I,E,S,R,L,G,G,T,G,A,F,E,I,E,I,N,G,Q,L,V,F,S,K,L,E,N,G,G,F,P,Y,E,K,D
Carlito_syrichta,M,S,G,E,P,G,Q,V,S,V,A,P,P,P,G,E,A,E,P,G,S,G,V,R,I,V,V,E,Y,C,E,P,C,G,F,E,A,T,Y,L,E,L,A,S,A,V,K,E,Q,Y,P,G,I,E,I,E,S,R,L,G,G,T,G,A,F,E,I,E,I,N,G,Q,L,V,F,S,K,L,E,N,G,G,F,P,Y,E,K,D
Castor_canadensis,M,S,G,E,P,G,Q,V,S,L,A,P,P,L,G,E,V,E,P,G,S,G,V,R,I,V,V,E,Y,C,E,P,C,G,F,E,A,T,Y,L,E,L,A,S,A,V,K,E,Q,Y,P,G,I,E,I,E,S,R,L,G,G,T,G,A,F,E,I,E,I,N,G,Q,L,V,F,S,K,L,E,N,G,G,F,P,Y,E,K,D
Cavia_porcellus,M,S,G,E,P,G,E,L,S,V,A,R,P,P,G,E,V,E,P,G,S,G,V,R,I,V,V,E,Y,C,E,P,C,G,F,E,A,T,Y,L,E,L,A,S,A,V,K,E,Q,Y,P,G,I,Q,I,E,S,R,L,G,G,T,G,A,F,E,I,E,I,N,G,Q,L,V,F,S,K,L,E,N,G,G,F,P,Y,E,K,D
Cervus_elaphus_hippelaphus,-,-,-,-,-,-,-,-,-,-,-,-,-,-,-,-,-,-,-,-,-,-,-,-,-,-,-,-,-,-,-,-,-,-,-,-,-,-,-,-,-,-,-,-,-,-,-,-,-,-,-,-,-,-,-,-,-,-,-,-,-,-,-,-,-,-,-,-,-,-,-,-,-,-,-,-,-,-,-,-,-,-,-,-,-,-,-,-
Chinchilla_lanigera,M,S,G,E,P,G,E,L,S,V,A,P,P,P,G,E,L,E,A,G,S,G,V,R,I,V,V,E,Y,C,E,P,C,G,F,E,A,T,Y,L,E,L,A,S,A,V,K,E,Q,Y,P,G,I,E,I,E,S,R,L,G,G,T,G,A,F,E,I,E,I,N,G,Q,L,V,F,S,K,L,E,N,G,G,F,P,Y,E,K,D
Choloepus_didactylus,M,S,G,E,P,G,P,M,S,V,A,P,P,P,G,E,V,E,P,G,S,G,V,R,I,V,V,E,Y,C,E,P,C,G,F,E,A,T,Y,L,E,L,A,S,A,V,K,E,Q,Y,P,G,I,E,I,E,S,R,L,G,G,T,G,A,F,E,I,E,I,N,G,Q,L,V,F,S,K,L,E,N,G,G,F,P,Y,E,K,D
Cricetulus_griseus,-,-,-,-,-,-,-,-,-,-,-,-,-,-,-,-,-,-,-,-,-,-,-,-,-,-,-,-,-,-,-,-,-,-,-,-,-,-,-,-,-,-,-,-,-,-,-,-,-,-,-,-,-,-,-,-,-,-,-,-,-,-,-,-,-,-,-,-,-,-,-,-,-,-,-,-,-,-,-,-,-,-,-,-,-,-,-,-
Dasypus_novemcinctus,M,S,G,E,P,G,P,T,S,V,A,S,P,P,G,E,G,E,P,G,S,G,V,R,I,V,V,E,Y,C,E,P,C,G,F,E,A,T,Y,L,E,L,A,S,A,V,K,E,Q,Y,P,G,I,E,I,E,S,R,L,G,G,T,G,A,F,E,I,E,I,N,G,Q,L,V,F,S,K,L,E,N,G,G,F,P,Y,E,K,D
Dipodomys_ordii,M,S,G,E,P,G,E,V,S,L,A,P,P,P,G,E,A,E,P,G,S,G,V,R,I,V,V,E,Y,C,E,P,C,G,F,E,A,T,Y,L,E,L,A,S,A,V,K,E,Q,Y,P,G,I,E,I,E,S,R,L,G,G,T,G,A,F,E,I,E,I,N,G,Q,L,V,F,S,K,L,E,N,G,G,F,P,Y,E,K,D
Dipodomys_spectabilis,M,S,G,E,P,G,Q,A,S,L,A,P,P,P,G,E,A,E,P,G,S,G,V,R,I,V,V,E,Y,C,E,P,C,G,F,E,A,T,Y,L,E,L,A,S,A,V,K,E,Q,Y,P,G,I,E,I,E,S,R,L,G,G,T,G,A,F,E,I,E,I,N,G,Q,L,V,F,S,K,L,E,N,G,G,F,P,Y,E,K,D
Dromiciops_gliroides,M,S,G,E,P,G,-,-,-,-,A,P,P,P,G,E,P,L,P,G,S,G,V,R,I,V,V,E,Y,C,E,P,C,G,F,E,S,T,Y,L,E,L,A,S,A,V,K,E,E,Y,P,G,I,E,I,E,S,R,L,G,G,T,G,A,F,E,I,E,I,N,G,Q,L,V,F,S,K,L,E,N,G,G,F,P,Y,E,K,D
Elephantulus_edwardii,M,S,G,E,P,G,P,I,S,L,A,P,P,P,G,E,V,E,P,G,S,G,V,R,I,V,V,E,Y,C,E,P,C,G,F,E,A,T,Y,L,E,L,A,S,A,V,K,E,Q,Y,P,G,I,E,I,E,S,R,L,G,G,T,G,A,F,E,I,E,I,N,G,Q,L,V,F,S,K,L,E,N,G,G,F,P,Y,E,K,D
Equus_caballus,M,S,G,E,P,G,L,T,S,V,A,P,P,P,G,E,I,E,P,G,S,G,V,R,I,V,V,E,Y,C,E,P,C,G,F,E,A,T,Y,L,E,L,A,S,A,V,K,E,Q,Y,P,G,I,E,I,E,S,R,L,G,G,T,G,A,F,E,I,E,I,N,G,Q,L,V,F,S,K,L,E,N,G,G,F,P,Y,E,K,D
Erinaceus_europaeus,M,S,G,E,P,G,P,T,A,V,A,P,P,P,G,E,V,E,P,G,S,G,V,R,I,V,V,E,Y,C,E,P,C,G,F,E,A,T,Y,Q,E,L,A,S,A,V,K,E,Q,Y,P,G,I,E,I,E,S,R,L,G,G,T,G,A,F,E,I,E,I,N,G,Q,L,V,F,S,K,L,E,N,G,G,F,P,Y,E,K,D
Eumetopias_jubatus,M,S,R,E,P,G,P,T,S,E,A,P,P,P,G,E,I,E,P,G,S,G,V,R,I,V,V,E,Y,C,E,P,C,G,F,E,A,T,Y,L,E,L,A,S,A,V,K,E,Q,Y,P,G,I,E,I,E,S,R,L,G,G,T,G,A,F,E,I,E,I,N,G,Q,L,V,F,S,K,L,E,N,G,G,F,P,Y,E,K,D
Felis_catus,M,S,G,E,P,G,P,T,C,E,A,P,P,P,G,E,I,E,P,G,S,G,V,R,I,V,V,E,Y,C,E,P,C,G,F,E,A,T,Y,L,E,L,A,S,A,V,K,E,Q,Y,P,G,I,E,I,E,S,R,L,G,G,T,G,A,F,E,I,E,I,N,G,Q,L,V,F,S,K,L,E,N,G,G,F,P,Y,E,K,D
Fukomys_damarensis,M,S,G,G,S,G,E,L,S,V,A,P,P,P,G,E,V,E,P,G,S,G,V,R,I,V,V,E,Y,C,E,P,C,G,F,E,A,T,Y,L,E,L,A,S,A,V,K,E,Q,Y,P,G,I,E,V,E,S,R,L,G,G,T,G,A,F,E,I,E,I,N,G,Q,L,V,F,S,K,L,E,N,G,G,F,P,Y,E,K,D
Galeopterus_variegatus,M,S,G,E,S,G,P,M,S,V,A,P,P,P,G,E,V,E,P,G,S,G,V,R,I,V,V,E,Y,C,E,P,C,G,F,E,A,T,Y,L,E,L,A,S,A,V,K,E,Q,Y,P,G,I,E,I,E,S,R,L,G,G,T,G,A,F,E,I,E,I,N,G,Q,L,V,F,S,K,L,E,N,G,G,F,P,Y,E,K,D
Gracilinanus_agilis,M,S,G,E,S,G,D,E,L,A,A,P,P,P,G,E,A,L,P,G,S,G,V,R,I,V,V,E,Y,C,E,P,C,G,F,E,S,T,Y,L,E,L,A,S,A,V,K,E,E,Y,P,G,I,K,I,E,S,R,L,G,G,T,G,A,F,E,I,E,I,N,G,Q,L,V,F,S,K,L,E,N,G,G,F,P,Y,E,K,D
Grammomys_surdaster,M,S,G,E,P,G,Q,V,S,V,V,P,P,P,G,E,V,E,A,G,S,G,V,H,I,V,V,E,Y,C,K,P,C,G,F,E,A,T,Y,L,E,L,A,S,A,V,K,E,E,Y,P,G,I,E,I,E,S,R,L,G,G,T,G,A,F,E,I,E,I,N,G,Q,L,V,F,S,K,L,E,N,G,G,F,P,Y,E,K,D
Heterocephalus_glaber,-,-,G,E,P,G,K,L,S,V,A,P,P,P,G,E,V,E,P,G,S,G,V,R,I,V,V,E,Y,C,E,P,C,G,F,E,A,T,Y,L,E,L,A,S,A,V,K,E,Q,Y,P,G,I,E,I,E,S,R,L,G,G,T,G,A,F,E,I,E,I,N,G,Q,L,V,F,S,K,L,E,N,G,G,F,P,Y,E,K,D
Hyaena_hyaena,M,S,G,E,P,G,P,T,C,E,A,P,P,P,G,E,I,E,P,G,S,G,V,R,I,V,V,E,Y,C,E,P,C,G,F,E,A,T,Y,L,E,L,A,S,A,V,K,E,Q,Y,P,G,I,E,I,E,S,R,L,G,G,T,G,A,F,E,I,E,I,N,G,Q,L,V,F,S,K,L,E,N,G,G,F,P,Y,E,K,D
Jaculus_jaculus,M,S,G,E,P,G,Q,V,S,V,A,P,P,P,G,E,V,E,P,G,S,G,V,R,I,V,V,E,Y,C,E,P,C,G,F,E,A,T,Y,L,E,L,A,S,A,V,K,E,E,Y,P,G,I,E,I,E,S,R,L,G,G,T,G,A,F,E,I,E,I,N,G,Q,L,V,F,S,K,L,E,N,G,G,F,P,Y,E,K,D
Lemur_catta,M,S,G,E,P,G,Q,A,S,V,A,P,P,P,G,E,V,E,P,G,S,G,V,R,I,V,V,E,Y,C,E,P,C,G,F,E,A,T,Y,L,E,L,A,S,A,V,K,E,Q,Y,P,G,I,E,I,E,S,R,L,G,G,T,G,A,F,E,I,E,I,N,G,Q,L,V,F,S,K,L,E,N,G,G,F,P,Y,E,K,D
Leptonychotes_weddellii,M,S,G,E,P,G,P,T,S,E,A,P,P,P,G,E,I,E,P,G,S,G,V,R,I,V,V,E,Y,C,E,P,C,G,F,E,A,T,Y,L,E,L,A,S,A,V,K,E,Q,Y,P,G,I,E,I,E,S,R,L,G,G,T,G,A,F,E,I,E,I,N,G,Q,L,V,F,S,K,L,E,N,G,G,F,P,Y,E,K,D
Lontra_canadensis,M,S,G,E,P,G,P,T,S,E,A,P,P,P,G,E,I,E,P,G,S,G,V,R,I,V,V,E,Y,C,E,P,C,G,F,E,A,T,Y,L,E,L,A,S,A,V,K,E,Q,Y,P,G,I,E,I,E,S,R,L,G,G,T,G,A,F,E,I,E,I,N,G,Q,L,V,F,S,K,L,E,N,G,G,F,P,Y,E,K,D
Lynx_canadensis,M,S,G,E,P,G,P,T,C,E,A,P,P,P,G,E,I,E,P,G,S,G,V,R,I,V,V,E,Y,C,E,P,C,G,F,E,A,T,Y,L,E,L,A,S,A,V,K,E,Q,Y,P,G,I,E,I,E,S,R,L,G,G,T,G,A,F,E,I,E,I,N,G,Q,L,V,F,S,K,L,E,N,G,G,F,P,Y,E,K,D
Manis_javanica,M,S,G,E,Q,G,P,A,S,V,A,P,P,P,G,E,I,E,L,G,R,G,V,R,I,V,V,E,Y,C,E,P,C,G,F,E,A,T,Y,L,E,L,A,S,A,V,K,E,Q,Y,P,G,I,E,I,E,S,R,L,G,G,T,G,A,F,E,I,E,I,N,G,Q,L,V,F,S,K,L,E,N,G,G,F,P,Y,E,K,D
Manis_pentadactyla,M,S,G,E,Q,G,P,A,S,V,A,P,P,P,G,E,I,E,P,G,S,G,V,R,I,V,V,E,Y,C,E,P,C,G,F,E,A,T,Y,L,E,L,A,S,A,V,K,E,Q,Y,P,G,I,E,I,E,S,R,L,G,G,T,G,A,F,E,I,E,I,N,G,Q,L,V,F,S,K,L,E,N,G,G,F,P,Y,E,K,D
Mastomys_coucha,M,S,G,E,P,G,Q,V,S,V,V,P,P,P,G,E,V,E,A,G,S,G,V,H,I,V,V,E,Y,C,K,P,C,G,F,E,A,T,Y,L,E,L,A,S,A,V,K,E,E,Y,P,G,I,E,I,E,S,R,L,G,G,T,G,A,F,E,I,E,I,N,G,Q,L,V,F,S,K,L,E,N,G,G,F,P,Y,E,K,D
Meles_meles,M,S,G,E,P,G,P,T,S,E,A,P,P,P,G,E,I,E,P,G,S,G,V,R,I,V,V,E,Y,C,E,P,C,G,F,E,A,T,Y,L,E,L,A,S,A,V,K,E,Q,Y,P,G,I,E,I,E,S,R,L,G,G,T,G,A,F,E,I,E,I,N,G,Q,L,V,F,S,K,L,E,N,G,G,F,P,Y,E,K,D
Meriones_unguiculatus,M,S,G,E,P,G,Q,V,S,V,V,P,R,P,G,E,V,E,A,G,S,G,V,R,I,V,V,E,Y,C,E,P,C,G,F,E,S,T,Y,L,E,L,A,S,A,V,K,E,E,Y,P,G,I,E,I,E,S,R,H,G,G,T,G,A,F,E,I,E,I,N,G,Q,L,V,F,S,K,L,E,N,G,G,F,P,Y,E,K,D
Mesocricetus_auratus,M,S,G,E,P,G,Q,V,S,V,V,P,P,P,G,E,V,E,A,G,S,G,V,H,I,V,V,E,Y,C,E,P,C,G,F,E,A,T,Y,L,E,L,A,S,A,V,K,E,E,Y,P,G,I,E,I,E,S,R,H,G,G,T,G,A,F,E,I,E,I,N,G,Q,L,V,F,S,K,L,E,N,G,G,F,P,Y,E,K,D
Microcebus_murinus,M,S,G,E,P,G,Q,L,S,V,A,P,P,P,G,E,V,E,P,G,S,G,V,R,I,V,V,E,Y,C,E,P,C,G,F,E,A,T,Y,L,E,L,A,S,A,V,K,E,Q,Y,P,G,I,E,I,E,S,R,L,G,G,T,G,A,F,E,I,E,I,N,G,Q,L,V,F,S,K,L,E,N,G,G,F,P,Y,E,K,D
Microtus_fortis,M,S,G,E,P,G,Q,V,S,V,V,P,P,P,G,E,V,E,A,G,S,G,V,H,I,V,V,E,Y,C,E,P,C,G,F,E,A,T,Y,L,E,L,A,S,A,V,K,E,E,Y,P,G,I,E,I,E,S,R,H,G,G,T,G,A,F,E,I,E,I,N,G,Q,L,V,F,S,K,L,E,N,G,G,F,P,Y,E,K,D
Microtus_ochrogaster,M,S,G,E,P,G,Q,V,S,V,V,P,P,P,G,E,V,E,A,G,S,G,V,H,I,V,V,E,Y,C,E,P,C,G,F,E,A,T,Y,L,E,L,A,S,A,V,K,E,E,Y,P,G,I,E,I,E,S,R,H,G,G,T,G,A,F,E,I,E,I,N,G,Q,L,V,F,S,K,L,E,N,G,G,F,P,Y,E,K,D
Microtus_oregoni,-,-,-,-,-,-,-,-,-,-,-,-,-,-,-,-,-,-,-,-,-,-,-,-,-,-,-,-,-,-,-,-,-,-,-,-,-,-,-,-,-,-,-,-,-,-,-,-,-,-,-,-,-,-,-,-,-,-,-,-,-,-,-,-,-,-,-,-,-,-,-,-,-,-,-,-,-,-,-,-,-,-,-,-,-,-,-,-
Mirounga_angustirostris,M,S,G,E,P,G,P,T,S,E,A,P,P,P,G,E,I,E,P,G,S,G,V,R,I,V,V,E,Y,C,E,P,C,G,F,E,A,T,Y,L,E,L,A,S,A,V,K,E,Q,Y,P,G,I,E,I,E,S,R,L,G,G,T,G,A,F,E,I,E,I,N,G,Q,L,V,F,S,K,L,E,N,G,G,F,P,Y,E,K,D
Mirounga_leonina,M,S,G,E,P,G,P,T,S,E,A,P,P,P,G,E,I,E,P,G,S,G,V,R,I,V,V,E,Y,C,E,P,C,G,F,E,A,T,Y,L,E,L,A,S,A,V,K,E,Q,Y,P,G,I,E,I,E,S,R,L,G,G,T,G,A,F,E,I,E,I,N,G,Q,L,V,F,S,K,L,E,N,G,G,F,P,Y,E,K,D
Monodelphis_domestica,M,S,G,E,S,G,A,E,L,V,A,P,L,P,G,E,A,L,P,G,S,G,V,R,I,V,V,E,Y,C,E,P,C,G,F,E,S,T,Y,L,E,L,A,S,A,V,K,E,E,Y,P,G,I,K,I,E,S,R,L,G,G,T,G,A,F,E,I,E,I,N,G,Q,L,V,F,S,K,L,E,N,G,G,F,P,Y,E,K,D
Mus_caroli,M,S,G,E,P,A,P,V,S,V,V,P,P,P,G,E,V,E,A,G,S,G,V,H,I,V,V,E,Y,C,K,P,C,G,F,E,A,T,Y,L,E,L,A,S,A,V,K,E,E,Y,P,G,I,E,I,E,S,R,L,G,G,T,G,A,F,E,I,E,I,N,G,Q,L,V,F,S,K,L,E,N,G,G,F,P,Y,E,K,D
Mus_musculus,M,S,G,E,P,A,P,V,S,V,V,P,P,P,G,E,V,E,A,G,S,G,V,H,I,V,V,E,Y,C,K,P,C,G,F,E,A,T,Y,L,E,L,A,S,A,V,K,E,E,Y,P,G,I,E,I,E,S,R,L,G,G,T,G,A,F,E,I,E,I,N,G,Q,L,V,F,S,K,L,E,N,G,G,F,P,Y,E,K,D
Mus_pahari,M,S,G,E,P,G,P,V,S,V,V,P,P,P,G,E,V,E,A,G,S,G,V,H,I,V,V,E,Y,C,K,P,C,G,F,E,A,T,Y,L,E,L,A,S,A,V,K,E,E,Y,P,G,I,E,I,E,S,R,L,G,G,T,G,A,F,E,I,E,I,N,G,Q,L,V,F,S,K,L,E,N,G,G,F,P,Y,E,K,D
Mustela_erminea,M,S,G,E,P,G,P,T,S,E,A,P,P,P,G,E,I,E,P,G,S,G,V,R,I,V,V,E,Y,C,E,P,C,G,F,E,A,T,Y,L,E,L,A,S,A,V,K,E,Q,Y,P,G,I,E,I,E,S,R,L,G,G,T,G,A,F,E,I,E,I,N,G,Q,L,V,F,S,K,L,E,N,G,G,F,P,Y,E,K,D
Mustela_putorius_furo,M,S,G,E,P,G,P,T,S,E,A,P,P,P,G,E,I,E,P,G,S,G,V,R,I,V,V,E,Y,C,E,P,C,G,F,E,A,T,Y,L,E,L,A,S,A,V,K,E,Q,Y,P,G,I,E,I,E,S,R,L,G,G,T,G,A,F,E,I,E,I,N,G,Q,L,V,F,S,K,L,E,N,G,G,F,P,Y,E,K,D
Myodes_glareolus,M,S,G,E,P,G,Q,V,S,V,V,P,P,P,G,E,V,E,A,G,S,G,V,H,I,V,V,E,Y,C,E,P,C,G,F,E,A,T,Y,L,E,L,A,S,A,V,K,E,E,Y,P,G,I,E,I,E,S,R,L,G,G,T,G,A,F,E,I,E,I,N,G,Q,L,V,F,S,K,L,E,N,G,G,F,P,Y,E,K,D
Neogale_vison,M,S,G,E,P,G,P,T,S,E,A,P,P,P,G,E,I,E,P,G,S,G,V,R,I,V,V,E,Y,C,E,P,C,G,F,E,A,T,Y,L,E,L,A,S,A,V,K,E,Q,Y,P,G,I,E,I,E,S,R,L,G,G,T,G,A,F,E,I,E,I,N,G,Q,L,V,F,S,K,L,E,N,G,G,F,P,Y,E,K,D
Odobenus_rosmarus_divergens,M,S,R,E,P,G,P,T,S,E,A,P,P,P,G,E,I,E,P,G,S,G,V,R,I,V,V,E,Y,C,E,P,C,G,F,E,A,T,Y,L,E,L,A,S,A,V,K,E,Q,Y,P,G,I,E,I,E,S,R,L,G,G,T,G,A,F,E,I,E,I,N,G,Q,L,V,F,S,K,L,E,N,G,G,F,P,Y,E,K,D
Odocoileus_virginianus_texanus,M,S,G,D,T,G,T,T,S,V,A,P,S,P,G,E,T,E,P,G,R,G,V,R,I,V,V,E,Y,C,E,P,C,G,F,E,A,T,Y,L,E,L,A,S,A,V,K,E,Q,Y,P,G,I,E,I,E,S,R,L,G,G,T,G,A,F,E,I,E,I,N,G,Q,L,V,F,S,K,L,E,N,G,G,F,P,Y,E,K,D
Onychomys_torridus,M,S,G,E,P,G,Q,V,S,V,V,P,P,P,G,E,V,E,A,G,S,G,V,H,I,V,V,E,Y,C,E,P,C,G,F,E,A,T,Y,L,E,L,A,S,A,V,K,E,E,Y,P,G,I,E,I,E,S,R,H,G,G,T,G,A,F,E,I,E,I,N,G,Q,L,V,F,S,K,L,E,N,G,G,F,P,Y,E,K,D
Ornithorhynchus_anatinus,-,-,-,-,-,-,-,-,-,-,-,-,-,-,-,-,-,-,-,G,S,G,V,R,L,V,V,E,Y,C,E,P,C,G,F,E,A,T,Y,L,E,L,A,S,A,V,K,E,E,Y,P,D,I,D,I,Q,P,R,P,G,G,T,G,A,F,E,I,E,I,N,G,Q,L,V,F,S,K,L,E,N,G,G,F,P,Y,E,K,D
Orycteropus_afer_afer,M,S,G,E,P,E,P,I,S,L,A,P,P,P,G,E,V,E,P,G,S,G,V,R,I,V,V,E,Y,C,E,P,C,G,F,E,A,T,Y,L,E,L,A,S,A,V,K,E,Q,Y,P,G,I,E,I,E,S,R,L,G,G,T,G,A,F,E,I,E,I,N,G,Q,L,V,F,S,K,L,E,N,G,G,F,P,Y,E,K,D
Oryctolagus_cuniculus,M,S,G,E,P,G,P,T,S,A,A,P,S,P,G,E,V,E,P,G,S,G,V,R,I,V,V,E,Y,C,E,P,C,G,F,E,A,T,Y,L,E,L,A,S,A,V,K,E,Q,Y,P,G,I,E,I,E,S,R,L,G,G,T,G,A,F,E,I,E,I,N,G,Q,L,V,F,S,K,L,E,N,G,G,F,P,Y,E,K,D
Oryx_dammah,M,S,G,D,T,G,T,T,S,V,A,P,P,P,G,E,T,E,P,G,H,G,V,R,I,V,V,E,Y,C,E,P,C,G,F,E,A,T,Y,L,E,L,A,S,A,V,K,E,Q,Y,P,G,I,E,I,E,S,R,L,G,G,T,G,A,F,E,I,E,I,N,G,Q,L,V,F,S,K,L,E,N,G,G,F,P,Y,E,K,D
Otolemur_garnettii,M,S,G,E,P,G,H,S,S,V,A,P,P,P,G,D,V,E,P,G,S,G,V,R,I,M,V,E,Y,C,E,P,C,G,F,E,A,T,Y,L,E,L,A,S,A,V,K,E,Q,Y,P,G,I,E,I,E,S,R,L,G,G,T,G,A,F,E,I,E,I,N,G,Q,L,V,F,S,K,L,E,N,G,G,F,P,Y,E,K,D
Panthera_leo,M,S,G,E,P,G,P,T,C,E,A,P,P,P,G,E,I,E,P,G,S,G,V,R,I,V,V,E,Y,C,E,P,C,G,F,E,A,T,Y,L,E,L,A,S,A,V,K,E,Q,Y,P,G,I,E,I,E,S,R,L,G,G,T,G,A,F,E,I,E,I,N,G,Q,L,V,F,S,K,L,E,N,G,G,F,P,Y,E,K,D
Panthera_pardus,M,S,G,E,P,G,P,T,C,E,A,P,P,P,G,E,I,E,P,G,S,G,V,R,I,V,V,E,Y,C,E,P,C,G,F,E,A,T,Y,L,E,L,A,S,A,V,K,E,Q,Y,P,G,I,E,I,E,S,R,L,G,G,T,G,A,F,E,I,E,I,N,G,Q,L,V,F,S,K,L,E,N,G,G,F,P,Y,E,K,D
Panthera_uncia,M,S,G,E,P,G,P,T,C,E,A,P,P,P,G,E,I,E,P,G,S,G,V,R,I,V,V,E,Y,C,E,P,C,G,F,E,A,T,Y,L,E,L,A,S,A,V,K,E,Q,Y,P,G,I,E,I,E,S,R,L,G,G,T,G,A,F,E,I,E,I,N,G,Q,L,V,F,S,K,L,E,N,G,G,F,P,Y,E,K,D
Perognathus_longimembris_pacificus,M,S,R,E,S,G,E,V,S,L,A,P,P,P,G,E,A,E,P,G,S,G,V,R,I,V,V,E,Y,C,E,P,C,G,F,E,A,T,Y,L,E,L,A,S,A,V,K,E,Q,Y,P,G,I,E,I,E,S,R,L,G,G,T,G,A,F,E,I,E,I,N,G,Q,L,V,F,S,K,L,E,N,G,G,F,P,Y,E,K,D
Peromyscus_californicus_insignis,M,S,G,E,P,G,Q,V,S,V,V,P,P,P,G,E,V,E,A,G,S,G,V,H,I,V,V,E,Y,C,E,P,C,G,F,E,A,T,Y,L,E,L,A,S,A,V,K,E,E,Y,P,G,I,E,I,E,S,R,H,G,G,T,G,A,F,E,I,E,I,N,G,Q,L,V,F,S,K,L,E,N,G,G,F,P,Y,E,K,D
Peromyscus_leucopus,M,S,G,E,P,G,Q,V,S,V,V,P,P,P,G,E,V,E,A,G,S,G,V,H,I,V,V,E,Y,C,E,P,C,G,F,E,A,T,Y,L,E,L,A,S,A,V,K,E,E,Y,P,G,I,E,I,E,S,R,H,G,G,T,G,A,F,E,I,E,I,N,G,Q,L,V,F,S,K,L,E,N,G,G,F,P,Y,E,K,D
Peromyscus_maniculatus_bairdii,M,S,G,E,P,G,Q,V,S,V,V,P,P,P,G,E,V,E,A,G,S,G,V,H,I,V,V,E,Y,C,E,P,C,G,F,E,A,T,Y,L,E,L,A,S,A,V,K,E,E,Y,P,G,I,E,I,E,S,R,H,G,G,T,G,A,F,E,I,E,I,N,G,Q,L,V,F,S,K,L,E,N,G,G,F,P,Y,E,K,D
Phascolarctos_cinereus,M,S,G,E,P,-,-,-,-,-,-,-,-,-,-,-,-,-,P,G,S,G,V,R,I,V,V,E,Y,C,E,P,C,G,F,E,S,T,Y,L,E,L,A,S,A,V,K,E,E,Y,P,G,I,Q,I,E,S,R,L,G,G,T,G,A,F,E,I,E,I,N,G,Q,L,V,F,S,K,L,E,N,G,G,F,P,Y,E,K,D
Phoca_vitulina,M,S,G,E,P,G,P,T,S,E,A,P,P,P,G,E,I,E,P,G,S,G,V,R,I,V,V,E,Y,C,E,P,C,G,F,E,A,T,Y,L,E,L,A,S,A,V,K,E,Q,Y,P,G,I,E,I,E,S,R,L,G,G,T,G,A,F,E,I,E,I,N,G,Q,L,V,F,S,K,L,E,N,G,G,F,P,Y,E,K,D
Phodopus_roborovskii,M,S,G,E,P,G,Q,V,S,V,V,P,P,P,G,E,V,E,A,G,S,G,V,H,I,V,V,E,Y,C,E,P,C,G,F,E,A,T,Y,L,E,L,A,S,A,V,K,E,E,Y,P,G,I,E,I,E,S,R,H,G,G,T,G,A,F,E,I,E,I,N,G,Q,L,V,F,S,K,L,E,N,G,G,F,P,Y,E,K,D
Prionailurus_bengalensis_euptilurus,-,-,-,-,-,-,-,-,-,-,-,-,-,-,-,-,-,-,-,-,-,-,-,-,-,-,-,-,-,-,-,-,-,-,-,-,-,-,-,-,-,-,-,-,-,-,-,-,-,-,-,-,-,-,-,-,-,-,-,-,-,-,-,-,-,-,-,-,-,-,-,-,-,-,-,-,-,-,-,-,-,-,-,-,-,-,-,-
Puma_concolor,M,S,G,E,P,G,P,T,C,E,A,P,P,P,G,E,I,E,P,G,S,G,V,R,I,V,V,E,Y,C,E,P,C,G,F,E,A,T,Y,L,E,L,A,S,A,V,K,E,Q,Y,P,G,I,E,I,E,S,R,L,G,G,T,G,A,F,E,I,E,I,N,G,Q,L,V,F,S,K,L,E,N,G,G,F,P,Y,E,K,D
Puma_yagouaroundi,M,S,G,E,P,G,P,T,C,E,A,P,P,P,G,E,I,E,P,G,S,G,V,R,I,V,V,E,Y,C,E,P,C,G,F,E,A,T,Y,L,E,L,A,S,A,V,K,E,Q,Y,P,G,I,E,I,E,S,R,L,G,G,T,G,A,F,E,I,E,I,N,G,Q,L,V,F,S,K,L,E,N,G,G,F,P,Y,E,K,D
Rattus_norvegicus,M,S,G,E,P,G,Q,V,S,V,V,P,P,P,G,E,V,E,A,G,S,G,V,H,I,V,V,E,Y,C,K,P,C,G,F,E,A,T,Y,L,E,L,A,S,A,V,K,E,E,Y,P,G,I,E,I,E,S,R,L,G,G,T,G,A,F,E,I,E,I,N,G,Q,L,V,F,S,K,L,E,N,G,G,F,P,Y,E,K,D
Rattus_rattus,M,S,G,E,P,G,Q,V,S,V,V,P,P,P,G,E,V,E,A,G,S,G,V,H,I,V,V,E,Y,C,K,P,C,G,F,E,A,T,Y,L,E,L,A,S,A,V,K,E,E,Y,P,G,I,E,I,E,S,R,L,G,G,T,G,A,F,E,I,E,I,N,G,Q,L,V,F,S,K,L,E,N,G,G,F,P,Y,E,K,D
Sarcophilus_harrisii,M,S,G,E,P,G,D,E,L,V,V,P,T,P,G,E,P,L,P,G,S,G,V,R,I,V,V,E,Y,C,K,P,C,G,F,E,S,T,Y,L,E,L,A,S,A,V,K,E,E,Y,P,G,I,E,I,E,S,R,L,G,G,T,G,A,F,E,I,E,I,N,G,Q,L,V,F,S,K,L,E,N,G,G,F,P,Y,E,K,D
Suncus_etruscus,M,S,-,-,-,G,E,L,A,V,A,P,P,L,G,E,V,E,P,G,S,G,V,R,I,V,V,E,Y,C,K,P,C,G,F,E,A,T,Y,L,E,L,A,S,A,V,K,E,Q,Y,P,G,I,E,I,E,S,R,L,G,G,T,G,A,F,E,I,E,I,N,G,Q,L,V,F,S,K,L,E,N,G,G,F,P,Y,E,K,D
Sus_scrofa,M,S,G,E,T,G,P,T,S,V,A,P,P,P,G,E,I,E,P,G,S,G,V,R,I,V,V,E,Y,-,E,P,C,G,F,E,A,T,Y,L,E,L,A,S,A,V,K,E,Q,Y,P,G,I,E,I,E,S,R,L,G,G,T,G,A,F,E,I,E,I,N,G,Q,L,V,F,S,K,L,E,N,G,G,F,P,Y,E,K,D
Tachyglossus_aculeatus,-,-,-,-,-,-,-,-,-,-,-,-,-,-,-,-,-,-,-,G,S,G,V,R,L,V,V,E,Y,C,E,P,C,G,F,E,A,T,Y,L,E,L,A,S,A,V,K,E,E,N,P,D,I,D,I,Q,P,R,P,G,G,T,G,A,F,E,I,E,I,N,G,Q,L,V,F,S,K,L,E,N,G,G,F,P,Y,E,K,D
Talpa_occidentalis,M,S,G,E,L,G,P,T,S,V,A,P,P,P,G,E,V,E,P,G,S,G,V,R,I,V,V,E,Y,C,E,P,C,G,F,E,A,T,Y,L,E,L,A,S,A,V,K,E,Q,Y,P,G,I,E,I,E,S,R,L,G,G,T,G,A,F,E,I,E,I,N,G,Q,L,V,F,S,K,L,E,N,G,G,F,P,Y,E,K,D
Trichechus_manatus_latirostris,M,N,G,E,P,G,E,I,S,L,A,P,P,P,G,E,V,E,P,G,S,G,V,R,I,V,V,E,Y,C,E,P,C,G,F,E,A,T,Y,L,E,L,A,S,A,V,K,E,Q,Y,P,G,I,E,I,E,S,R,L,G,G,T,G,A,F,E,I,E,I,N,G,Q,L,V,F,S,K,L,E,N,G,G,F,P,Y,E,K,D
Trichosurus_vulpecula,-,-,-,-,-,-,-,-,-,-,-,-,-,-,-,-,P,L,P,G,S,G,V,R,I,V,V,E,Y,C,E,P,C,G,F,E,S,T,Y,L,E,L,A,S,A,V,K,E,E,Y,P,G,I,Q,I,E,S,R,L,G,G,T,G,A,F,E,I,E,I,N,G,Q,L,V,F,S,K,L,E,N,G,G,F,P,Y,E,K,D
Ursus_arctos_horribilis,-,-,-,-,-,-,-,-,-,-,-,-,-,-,-,-,-,-,-,-,-,-,-,-,-,-,-,-,-,-,-,-,-,-,-,-,-,-,-,-,-,-,-,-,-,-,-,-,-,-,-,-,-,-,-,-,-,-,-,-,-,-,-,-,-,-,-,-,-,-,-,-,-,-,-,-,-,-,-,-,-,-,-,-,-,-,-,-
Vombatus_ursinus,M,S,A,E,P,G,-,-,-,-,-,-,P,P,G,E,P,L,P,G,S,G,V,R,I,V,V,E,Y,C,E,P,C,G,F,E,S,T,Y,L,E,L,A,S,A,V,K,E,E,Y,P,G,I,Q,I,E,S,R,L,G,S,T,G,A,F,E,I,E,I,N,G,Q,L,V,F,S,K,L,E,N,G,G,F,P,Y,E,K,D
Vulpes_lagopus,M,S,G,E,P,G,P,T,S,E,A,P,P,P,G,E,I,E,P,G,S,G,V,R,I,V,V,E,Y,C,E,P,C,G,F,E,A,T,Y,L,E,L,A,S,A,V,K,E,Q,Y,P,G,I,E,I,E,S,R,L,G,G,T,G,A,F,E,I,E,I,N,G,Q,L,V,F,S,K,L,E,N,G,G,F,P,Y,E,K,D
Vulpes_vulpes,M,S,G,E,P,G,P,T,S,E,A,P,P,P,G,E,I,E,P,G,S,G,V,R,I,V,V,E,Y,C,E,P,C,G,F,E,A,T,Y,L,E,L,A,S,A,V,K,E,Q,Y,P,G,I,E,I,E,S,R,L,G,G,T,G,A,F,E,I,E,I,N,G,Q,L,V,F,S,K,L,E,N,G,G,F,P,Y,E,K,D
Zalophus_californianus,M,S,R,E,P,G,P,T,S,E,A,P,P,P,G,E,I,E,P,G,S,G,V,R,I,V,V,E,Y,C,E,P,C,G,F,E,A,T,Y,L,E,L,A,S,A,V,K,E,Q,Y,P,G,I,E,I,E,S,R,L,G,G,T,G,A,F,E,I,E,I,N,G,Q,L,V,F,S,K,L,E,N,G,G,F,P,Y,E,K,D
shrew_mole,M,S,G,E,L,G,P,A,S,V,A,P,P,P,G,E,V,E,P,G,S,G,V,H,I,V,V,E,Y,C,E,P,C,G,F,E,A,T,Y,L,E,L,A,S,A,V,K,E,Q,Y,P,G,I,E,I,E,S,R,L,G,G,T,G,A,F,E,I,E,I,N,G,Q,L,V,F,S,K,L,E,N,G,G,F,P,Y,E,K,D
ZWS,M,S,G,E,P,G,Q,V,S,V,A,P,P,P,G,E,V,E,P,G,S,G,V,R,I,V,V,E,Y,C,E,P,C,G,F,E,A,T,Y,L,E,L,A,S,A,V,K,E,E,Y,P,G,I,E,I,E,S,R,L,G,G,T,G,A,F,E,I,E,I,N,G,Q,L,V,F,S,K,L,E,N,G,G,F,P,Y,E,K,D
