,MINAR2 0,MINAR2 1,MINAR2 2,MINAR2 3,MINAR2 4,MINAR2 5,MINAR2 6,MINAR2 7,MINAR2 8,MINAR2 9,MINAR2 10,MINAR2 11,MINAR2 12,MINAR2 13,MINAR2 14,MINAR2 15,MINAR2 16,MINAR2 17,MINAR2 18,MINAR2 19,MINAR2 20,MINAR2 21,MINAR2 22,MINAR2 23,MINAR2 24,MINAR2 25,MINAR2 26,MINAR2 27,MINAR2 28,MINAR2 29,MINAR2 30,MINAR2 31,MINAR2 32,MINAR2 33,MINAR2 34,MINAR2 35,MINAR2 36,MINAR2 37,MINAR2 38,MINAR2 39,MINAR2 40,MINAR2 41,MINAR2 42,MINAR2 43,MINAR2 44,MINAR2 45,MINAR2 46,MINAR2 47,MINAR2 48,MINAR2 49,MINAR2 50,MINAR2 51,MINAR2 52,MINAR2 53,MINAR2 54,MINAR2 55,MINAR2 56,MINAR2 57,MINAR2 58,MINAR2 59,MINAR2 60,MINAR2 61,MINAR2 62,MINAR2 63,MINAR2 64,MINAR2 65,MINAR2 66,MINAR2 67,MINAR2 68,MINAR2 69,MINAR2 70,MINAR2 71,MINAR2 72,MINAR2 73,MINAR2 74,MINAR2 75,MINAR2 76,MINAR2 77,MINAR2 78,MINAR2 79,MINAR2 80,MINAR2 81,MINAR2 82,MINAR2 83,MINAR2 84,MINAR2 85,MINAR2 86,MINAR2 87,MINAR2 88,MINAR2 89,MINAR2 90,MINAR2 91,MINAR2 92,MINAR2 93,MINAR2 94,MINAR2 95,MINAR2 96,MINAR2 97,MINAR2 98,MINAR2 99,MINAR2 100,MINAR2 101,MINAR2 102,MINAR2 103,MINAR2 104,MINAR2 105,MINAR2 106,MINAR2 107,MINAR2 108,MINAR2 109,MINAR2 110,MINAR2 111,MINAR2 112,MINAR2 113,MINAR2 114,MINAR2 115,MINAR2 116,MINAR2 117,MINAR2 118,MINAR2 119,MINAR2 120,MINAR2 121,MINAR2 122,MINAR2 123,MINAR2 124,MINAR2 125,MINAR2 126,MINAR2 127,MINAR2 128,MINAR2 129,MINAR2 130,MINAR2 131,MINAR2 132,MINAR2 133,MINAR2 134,MINAR2 135,MINAR2 136,MINAR2 137,MINAR2 138,MINAR2 139,MINAR2 140,MINAR2 141,MINAR2 142,MINAR2 143,MINAR2 144,MINAR2 145,MINAR2 146,MINAR2 147,MINAR2 148,MINAR2 149,MINAR2 150,MINAR2 151,MINAR2 152,MINAR2 153,MINAR2 154,MINAR2 155,MINAR2 156,MINAR2 157,MINAR2 158,MINAR2 159,MINAR2 160,MINAR2 161,MINAR2 162,MINAR2 163,MINAR2 164,MINAR2 165,MINAR2 166,MINAR2 167,MINAR2 168,MINAR2 169,MINAR2 170,MINAR2 171,MINAR2 172,MINAR2 173,MINAR2 174,MINAR2 175,MINAR2 176,MINAR2 177,MINAR2 178,MINAR2 179,MINAR2 180,MINAR2 181,MINAR2 182,MINAR2 183,MINAR2 184,MINAR2 185,MINAR2 186,MINAR2 187,MINAR2 188,MINAR2 189
Chrysochloris_asiatica,M,D,L,S,V,L,P,N,N,N,H,P,D,K,F,L,Q,L,E,V,K,S,L,M,R,T,S,A,H,L,P,D,S,L,V,R,F,A,G,G,S,F,P,T,S,Q,H,W,Q,N,L,V,Y,S,Q,R,E,-,K,N,I,T,V,Q,H,V,R,G,S,T,V,E,A,P,V,A,T,D,I,P,P,P,S,L,S,S,V,L,K,N,N,P,L,Y,S,D,V,S,L,E,E,A,I,E,D,R,K,K,N,P,S,W,T,I,E,D,Y,D,R,R,S,L,H,T,N,L,S,D,H,L,K,E,N,P,N,D,L,R,F,W,L,G,D,M,Y,T,P,G,F,D,T,L,L,K,K,E,E,K,Q,E,K,Q,S,K,Y,C,R,I,G,L,I,L,L,L,A,A,C,I,L,V,S,I,V,T,I,S,A,F,F,T
Balaenoptera_acutorostrata_scammoni,M,D,L,S,V,L,P,N,N,N,H,P,D,K,F,L,Q,L,D,V,R,S,L,M,R,N,S,A,L,L,Q,A,G,L,V,R,F,P,G,G,N,Y,P,A,A,Q,H,W,Q,N,L,I,Y,S,Q,R,E,K,K,N,I,T,A,Q,R,M,R,R,S,S,A,E,G,A,V,T,T,E,S,P,P,P,S,L,S,S,V,L,K,N,N,P,L,Y,S,D,V,S,L,E,E,A,M,E,E,R,K,K,N,P,S,W,T,V,E,E,Y,D,K,H,S,L,H,A,N,L,S,G,H,L,K,E,N,P,N,D,L,R,F,W,L,G,D,M,Y,T,P,G,F,D,T,L,L,K,K,E,E,E,Q,E,K,H,S,K,Y,C,R,I,G,L,I,L,L,L,I,A,C,I,L,V,S,I,V,T,V,S,T,F,F,T
Balaenoptera_musculus,M,D,L,S,V,L,P,N,N,N,H,P,D,K,F,L,Q,L,D,V,R,S,L,M,R,N,S,A,L,L,Q,A,G,L,V,R,F,P,G,G,N,Y,P,A,A,Q,H,W,Q,N,L,I,Y,S,Q,R,E,K,K,N,I,T,A,Q,R,M,R,R,S,S,A,E,G,A,V,T,T,E,S,P,P,P,S,L,S,S,V,L,K,N,N,P,L,Y,S,D,V,S,L,E,E,A,M,E,E,R,K,K,N,P,S,W,T,V,E,E,Y,D,K,H,S,L,H,T,N,L,S,G,H,L,K,E,N,P,N,D,L,R,F,W,L,G,D,M,Y,T,P,G,F,D,T,L,L,K,K,E,E,E,Q,E,K,H,S,K,Y,C,R,I,G,L,I,L,L,L,I,A,C,I,F,V,S,I,V,T,I,S,T,F,F,T
Echinops_telfairi,M,D,L,S,V,L,P,N,N,N,H,P,D,K,F,L,Q,L,E,V,K,S,L,P,R,S,S,-,-,-,-,A,A,L,R,R,V,P,G,S,S,Y,P,D,A,Q,Q,W,Q,N,L,V,Y,S,Q,K,E,-,-,-,-,A,A,Q,R,V,R,G,Y,N,V,E,V,P,V,-,A,D,I,P,P,P,S,L,S,S,A,L,K,N,N,P,L,Y,G,D,V,S,L,E,E,A,M,E,D,R,K,N,N,P,S,W,T,V,E,D,Y,D,R,R,S,L,H,T,N,L,S,G,H,L,K,E,N,P,N,D,L,R,F,W,L,G,D,M,Y,T,P,G,F,D,A,L,L,K,K,E,E,K,Q,E,K,H,S,K,Y,L,R,I,G,L,L,L,L,L,A,A,C,I,L,V,S,I,V,T,I,S,T,F,F,T
Delphinapterus_leucas,M,D,L,S,V,L,P,N,N,N,H,P,D,K,F,L,Q,L,D,V,R,S,L,M,R,N,S,A,L,L,Q,A,S,L,V,K,F,P,G,G,N,Y,P,A,A,Q,H,W,Q,N,L,I,Y,S,Q,R,E,K,K,N,I,T,A,Q,R,M,R,R,P,S,V,E,S,A,V,S,T,E,S,P,P,P,S,L,S,S,V,L,K,N,N,P,L,Y,G,D,V,S,L,E,D,A,V,E,E,R,K,K,K,P,S,W,T,V,E,E,Y,D,K,H,S,L,H,T,N,L,S,G,H,L,K,E,N,P,N,D,L,R,F,W,L,G,D,M,Y,T,P,G,F,D,T,L,L,K,K,E,E,E,Q,E,K,H,S,K,Y,C,R,I,G,L,I,L,L,L,V,A,C,V,L,V,S,I,V,T,V,S,T,F,F,T
Globicephala_melas,M,D,L,S,V,L,P,N,N,N,H,P,D,K,F,L,Q,L,D,V,R,S,L,M,R,N,S,A,L,L,Q,A,S,L,V,K,F,P,G,G,N,Y,P,A,A,Q,H,W,Q,N,L,I,Y,S,Q,R,E,K,K,N,I,T,A,Q,R,M,R,R,S,S,L,E,S,A,V,S,T,E,S,P,P,P,S,L,S,S,V,L,K,N,N,P,L,Y,G,D,E,S,L,E,D,G,M,E,E,R,K,K,N,P,S,W,T,V,E,E,Y,D,K,H,S,L,H,T,N,L,S,G,H,L,K,E,S,P,N,D,L,R,F,W,L,G,D,M,Y,T,P,G,F,D,T,L,L,K,K,E,E,E,Q,E,K,H,S,K,Y,C,R,I,G,L,I,L,L,L,I,A,C,V,L,V,S,I,V,T,V,S,T,F,F,T
Lagenorhynchus_obliquidens,M,D,L,S,V,L,P,N,N,N,H,P,D,K,F,L,Q,L,D,V,R,S,L,M,R,N,S,A,L,L,Q,A,S,L,V,K,F,P,G,G,N,Y,P,A,A,Q,H,W,Q,N,L,I,Y,S,Q,R,E,K,K,N,I,T,A,Q,R,M,R,R,S,S,L,E,S,A,V,S,T,E,S,P,P,P,S,L,S,S,V,L,K,N,N,P,L,Y,G,D,E,S,L,E,D,G,M,E,E,R,K,K,N,P,S,W,T,V,E,E,Y,D,K,H,S,L,H,T,N,L,S,G,H,L,K,E,S,P,N,D,L,R,F,W,L,G,D,M,Y,T,P,G,F,D,T,L,L,K,K,E,E,E,Q,E,K,H,S,K,Y,C,R,I,G,L,I,L,L,L,I,A,C,V,L,V,S,I,V,T,V,S,T,F,F,T
Lipotes_vexillifer,M,D,L,S,V,L,P,N,N,N,H,P,D,K,F,L,Q,L,D,V,R,S,L,M,R,N,S,A,L,L,Q,A,S,L,V,K,F,P,G,G,N,Y,P,A,A,Q,H,W,Q,N,L,I,Y,S,Q,R,E,K,K,N,I,T,A,Q,R,M,R,R,S,S,A,E,S,A,V,S,T,E,S,P,P,P,S,L,S,S,V,L,K,N,N,P,L,Y,G,D,V,S,L,E,D,A,M,E,E,R,K,K,N,P,S,W,T,V,E,E,Y,D,K,H,S,L,H,T,N,L,S,G,H,L,K,E,N,P,N,D,L,R,F,W,L,G,D,M,Y,T,P,G,F,D,T,L,L,K,K,E,E,E,Q,E,K,H,S,K,Y,C,R,I,G,L,I,L,L,L,I,A,C,V,L,V,S,I,V,T,V,S,T,F,F,T
Monodon_monoceros,M,D,L,S,V,L,P,N,N,N,H,P,D,K,F,L,Q,L,D,V,R,S,L,M,R,N,S,A,L,L,Q,A,S,L,V,K,F,P,G,G,N,Y,P,A,A,Q,H,W,Q,N,L,I,Y,S,Q,R,E,K,K,N,I,T,A,Q,R,M,R,R,S,S,V,E,S,A,V,S,T,E,S,P,P,P,S,L,S,S,V,L,K,N,N,P,L,Y,G,D,V,S,L,E,D,A,M,E,E,R,K,K,K,P,S,W,T,V,E,E,Y,D,K,H,S,L,H,T,N,L,S,G,H,L,K,E,N,P,N,D,L,R,F,W,L,G,D,M,Y,T,P,G,F,D,T,L,L,K,K,E,E,E,Q,E,K,H,S,K,Y,C,R,I,G,L,I,L,L,L,V,A,C,V,L,V,S,I,V,T,V,S,T,F,F,T
Neophocaena_asiaeorientalis_asiaeorientalis,M,D,L,S,V,L,P,N,N,N,H,P,D,K,F,L,Q,L,D,V,R,S,L,M,R,N,S,A,L,L,Q,A,S,L,V,K,F,P,G,G,N,Y,P,A,A,Q,H,W,Q,N,L,I,Y,S,Q,R,E,K,K,N,I,T,A,Q,R,M,R,R,S,S,V,E,S,A,V,S,T,E,S,P,P,P,S,L,S,S,V,L,K,N,N,P,L,Y,G,D,V,S,L,E,D,A,M,E,E,R,K,K,K,P,S,W,T,V,E,E,Y,D,K,H,S,L,H,T,N,L,S,G,H,L,K,E,N,P,N,D,L,R,F,W,L,G,D,M,Y,T,P,G,F,D,T,L,L,K,K,E,E,E,Q,E,K,H,S,K,Y,C,R,I,G,L,I,L,L,L,I,A,C,V,L,V,S,I,V,T,V,S,T,F,F,T
Orcinus_orca,M,D,L,S,V,L,P,N,N,N,H,P,D,K,F,L,Q,L,D,V,R,S,L,M,R,N,S,A,L,L,Q,A,S,L,V,K,F,P,G,G,N,Y,P,A,A,Q,P,W,Q,N,L,I,Y,S,Q,R,E,K,K,N,I,T,A,Q,R,M,R,R,S,S,L,E,S,A,V,S,T,E,S,P,P,P,S,L,S,S,V,L,K,N,N,P,L,Y,G,D,E,S,L,E,D,A,M,E,G,R,R,K,N,P,S,W,T,V,E,E,Y,D,K,H,S,L,H,T,N,L,S,G,H,L,K,E,S,P,N,D,L,R,F,W,L,G,D,M,Y,T,P,G,F,D,T,L,L,K,K,E,E,E,Q,E,K,H,S,K,Y,C,R,I,G,L,I,L,L,L,I,A,C,V,L,V,S,I,V,T,V,S,T,F,F,T
Phocoena_sinus,M,D,L,S,V,L,P,N,N,N,H,P,D,K,F,L,Q,L,D,V,R,S,L,M,R,N,S,A,L,L,Q,A,S,L,V,K,F,P,G,G,N,Y,P,A,A,Q,H,W,Q,N,L,I,Y,S,Q,R,E,K,K,N,I,T,A,Q,R,M,R,R,S,S,V,E,S,A,V,S,T,E,S,P,P,P,S,L,S,S,V,L,K,N,N,P,L,Y,G,D,V,S,L,E,D,A,M,E,E,R,K,K,K,P,S,W,T,V,E,E,Y,D,K,H,S,L,H,T,N,L,S,G,H,L,K,E,N,P,N,D,L,R,F,W,L,G,D,M,Y,T,P,G,F,D,T,L,L,K,K,E,E,E,Q,E,K,H,S,K,Y,C,R,I,G,L,I,L,L,L,I,A,C,V,L,V,S,I,V,T,V,S,T,F,F,T
Physeter_catodon,M,D,L,S,V,L,P,N,N,N,H,P,D,K,F,L,Q,L,D,V,R,S,L,M,R,N,S,A,L,L,Q,A,S,L,V,R,F,P,G,G,N,Y,P,A,A,Q,H,W,Q,N,L,I,Y,S,Q,R,E,K,K,N,I,T,A,Q,R,M,R,R,S,S,A,E,G,A,V,T,T,E,S,P,P,P,S,L,S,S,V,L,K,N,N,P,L,Y,G,D,V,S,L,E,E,A,M,E,E,R,K,K,N,P,S,W,T,I,E,E,Y,D,K,H,S,L,H,T,N,L,S,G,H,L,K,E,N,P,N,D,L,R,F,W,L,G,D,M,Y,T,P,G,F,D,T,L,L,K,K,E,E,E,Q,E,K,H,S,K,Y,C,R,I,G,L,I,L,L,L,I,A,C,V,L,V,S,I,V,T,V,S,T,F,F,T
Tursiops_truncatus,M,D,L,S,V,L,P,N,N,N,H,P,D,K,F,L,Q,L,D,V,R,S,L,M,R,N,S,A,L,L,Q,A,S,L,V,K,F,P,G,G,N,Y,P,A,A,Q,H,W,Q,N,L,I,Y,S,Q,R,E,K,K,N,I,T,A,Q,R,M,R,R,S,S,L,E,S,A,V,S,T,E,S,P,P,P,S,L,S,S,V,L,K,N,N,P,L,Y,G,D,E,S,L,E,D,G,M,E,E,R,K,K,N,P,S,W,T,V,E,E,Y,D,K,H,S,L,H,T,N,L,S,G,H,L,K,E,S,P,N,D,L,R,F,W,L,G,D,M,Y,T,P,G,F,D,T,L,L,K,K,E,E,E,Q,E,K,H,S,K,Y,C,R,I,G,L,I,L,L,L,I,A,C,V,L,V,S,I,V,T,V,S,T,F,F,T
Acinonyx_jubatus,M,D,L,S,V,L,P,N,N,N,H,P,D,K,F,L,R,L,D,V,K,S,F,M,R,N,S,A,L,L,Q,A,S,L,V,R,F,P,G,G,N,H,P,A,A,Q,H,W,Q,N,L,V,Y,S,Q,R,E,K,K,T,I,T,A,Q,R,T,R,G,P,S,A,Q,R,A,V,A,T,D,H,P,P,P,S,L,S,S,V,L,K,N,N,P,L,Y,G,D,I,S,L,E,E,A,M,E,E,R,K,K,N,P,S,W,T,V,E,E,Y,D,R,H,S,L,H,T,N,L,S,G,H,L,K,E,N,P,N,D,L,R,F,W,L,G,D,M,Y,T,P,G,F,D,T,L,L,K,K,E,E,E,Q,E,K,H,S,K,Y,C,R,I,G,L,I,L,L,L,V,A,C,I,L,V,F,I,V,T,V,C,M,F,F,T
Acomys_russatus,M,D,L,S,V,L,P,N,N,N,H,P,D,K,F,L,Q,L,D,V,K,S,L,M,R,S,S,T,L,L,P,A,S,L,A,R,F,P,G,G,N,Y,P,A,T,Q,H,W,Q,N,L,V,Y,S,Q,-,-,-,-,-,-,-,-,-,-,-,-,-,-,-,-,-,-,-,V,L,P,D,N,P,P,P,S,M,S,S,V,M,K,N,N,P,L,Y,G,D,I,S,L,E,E,A,M,E,E,R,K,K,N,P,S,W,T,I,E,D,Y,D,K,H,S,V,H,T,N,L,S,G,H,L,K,E,N,P,N,D,L,R,F,W,L,G,D,I,Y,T,P,G,F,D,T,L,L,K,K,K,K,K,R,N,K,R,S,K,L,C,H,M,G,L,I,L,L,L,V,S,S,I,L,V,T,I,V,T,L,S,T,L,F,T
Arvicanthis_niloticus,M,D,L,S,V,L,P,N,N,N,H,P,D,K,F,L,Q,L,D,V,K,S,L,M,R,S,S,T,L,L,Q,A,S,L,A,R,F,P,G,G,H,Y,P,A,T,Q,H,W,Q,N,L,V,Y,S,Q,-,-,-,K,N,I,A,T,Q,R,I,K,G,F,G,G,E,N,P,V,L,P,E,S,P,P,A,S,M,S,S,V,M,K,N,N,P,L,Y,G,D,V,S,L,E,D,A,M,E,E,R,K,K,N,P,S,W,T,I,E,E,Y,D,K,H,S,V,R,T,N,L,S,G,H,L,K,E,N,P,N,D,L,R,F,W,L,G,D,M,Y,T,P,G,F,D,T,L,L,K,K,K,K,K,R,N,K,R,S,K,L,C,H,M,G,L,I,L,L,L,V,S,C,I,L,V,T,I,V,T,L,S,T,I,F,S
Bison_bison_bison,M,D,L,S,V,L,P,N,N,N,H,P,D,K,F,L,Q,L,D,V,K,S,L,M,R,N,S,A,L,L,Q,A,S,L,V,R,F,P,G,G,N,Y,P,A,A,Q,H,W,Q,N,L,V,Y,S,Q,R,E,K,K,N,I,T,A,Q,H,V,R,G,S,S,V,K,G,T,I,T,V,E,S,P,P,P,S,L,S,S,V,L,K,N,N,P,L,Y,G,D,V,S,F,E,E,A,M,E,E,R,K,K,N,P,S,W,T,A,E,E,Y,D,K,R,S,L,H,T,N,L,S,G,H,L,K,E,N,P,N,D,L,R,F,W,L,G,E,M,Y,T,P,G,F,D,T,L,L,K,K,E,E,E,Q,E,K,H,S,K,Y,R,R,I,G,L,I,L,L,L,I,A,C,V,L,V,S,I,V,T,V,S,T,F,F,I
Bos_indicus,M,D,L,S,V,L,P,N,N,N,H,P,D,K,F,L,Q,L,D,V,K,S,L,M,R,N,S,A,L,L,Q,A,S,L,V,R,F,P,G,G,N,Y,P,A,A,Q,H,W,Q,N,L,V,Y,S,Q,R,E,K,K,N,I,T,A,Q,H,V,R,G,S,S,V,K,G,T,I,T,V,E,S,P,P,P,S,L,S,S,V,L,K,N,N,P,L,Y,G,D,V,S,F,E,E,A,M,E,E,R,K,K,N,P,S,W,T,A,E,E,Y,D,K,R,S,L,H,T,N,L,S,G,H,L,K,E,N,P,N,D,L,R,F,W,L,G,E,M,Y,T,P,G,F,D,T,L,L,K,K,E,E,E,Q,E,K,H,S,K,Y,R,R,-,G,L,I,L,L,L,V,A,C,V,L,V,S,I,V,T,V,S,T,F,F,I
Bos_mutus,M,D,L,S,V,L,P,N,N,N,H,P,D,K,F,L,Q,L,D,V,K,S,L,M,R,N,S,A,L,L,Q,A,S,L,V,R,F,P,G,G,N,Y,P,A,A,Q,H,W,Q,N,L,V,Y,S,Q,R,E,K,K,N,I,T,A,Q,H,V,R,G,S,S,V,K,G,T,I,T,V,E,S,P,P,P,S,L,S,S,V,L,K,N,N,P,L,Y,G,D,V,S,F,E,E,A,M,E,E,R,K,K,N,P,S,W,T,A,E,E,Y,D,K,R,S,L,H,T,N,L,S,G,H,L,K,E,N,P,N,D,L,R,F,W,L,G,E,M,Y,T,P,G,F,D,T,L,L,K,K,E,E,E,Q,E,K,H,S,K,Y,R,R,I,G,L,I,L,L,L,V,A,C,I,L,V,S,I,V,T,V,S,T,F,F,I
Bos_taurus,M,D,L,S,V,L,P,N,N,N,H,P,D,K,F,L,Q,L,D,V,K,S,L,M,R,N,S,A,L,L,Q,A,S,L,V,R,F,P,G,G,N,Y,P,A,A,Q,H,W,Q,N,L,V,Y,S,Q,R,E,K,K,N,I,T,A,Q,H,V,R,G,S,S,V,K,G,T,I,T,V,E,S,P,P,P,S,L,S,S,V,L,K,N,N,P,L,Y,G,D,V,S,F,E,E,A,M,E,E,R,K,K,N,P,S,W,T,A,E,E,Y,D,K,R,S,L,H,T,N,L,S,G,H,L,K,E,N,P,N,D,L,R,F,W,L,G,E,M,Y,T,P,G,F,D,T,L,L,K,K,E,E,E,Q,E,K,H,S,K,Y,R,R,V,G,L,I,L,L,L,V,A,C,V,L,V,S,I,V,T,V,S,T,F,F,I
Bubalus_bubalis,M,D,L,S,V,L,P,N,N,N,H,P,D,K,F,L,Q,L,D,V,K,S,L,M,R,N,S,A,L,L,Q,A,S,L,V,R,F,P,G,E,N,Y,P,A,A,Q,H,W,Q,N,L,V,Y,S,Q,R,E,-,K,N,I,T,A,R,H,V,R,G,-,-,-,-,-,-,-,-,-,-,S,P,P,P,S,L,S,S,V,L,K,N,N,P,L,Y,G,D,V,S,F,E,E,A,T,E,E,R,K,K,N,P,S,W,T,A,E,E,Y,D,K,R,S,L,H,T,N,L,S,G,H,L,K,E,N,P,N,D,L,R,F,W,L,G,E,M,Y,T,P,G,F,D,T,L,L,K,K,E,E,E,Q,E,K,H,S,K,Y,R,R,I,G,L,I,L,F,L,V,A,C,I,L,V,S,I,V,T,V,S,T,F,F,I
Budorcas_taxicolor,M,D,L,S,V,L,P,N,N,N,H,P,D,K,F,L,Q,L,D,V,K,S,L,M,R,N,S,A,L,L,Q,A,S,L,V,R,F,P,G,G,N,Y,P,A,A,Q,H,W,Q,N,L,V,Y,S,Q,R,E,K,K,N,I,T,A,Q,H,M,R,G,S,S,M,K,G,T,I,T,V,E,S,P,P,P,S,L,S,S,V,L,K,N,N,P,L,Y,G,D,V,S,F,E,E,A,M,E,E,R,K,K,N,P,S,W,T,A,E,E,Y,D,K,R,S,L,H,T,N,L,S,G,H,L,K,E,N,P,N,D,L,R,F,W,L,G,E,M,Y,T,P,G,F,D,T,L,L,K,K,E,E,E,Q,E,K,H,S,K,Y,R,R,I,G,L,I,L,F,L,V,A,C,I,L,V,S,L,V,T,V,S,T,F,F,I
Callithrix_jacchus,M,D,L,S,V,L,P,N,N,N,H,P,D,K,F,L,Q,L,D,V,K,S,L,T,R,S,S,A,L,L,Q,A,S,L,A,R,Y,P,C,G,N,Y,P,A,A,Q,H,W,Q,N,L,V,Y,S,Q,R,E,K,N,N,I,A,A,Q,R,I,R,G,S,S,A,E,S,L,V,T,A,D,S,P,P,P,S,M,S,S,I,M,K,N,N,P,L,Y,G,D,L,S,L,E,E,A,M,E,E,R,K,K,N,P,S,W,T,I,E,E,Y,D,K,R,S,L,H,T,N,L,S,G,H,L,K,E,N,P,N,D,L,R,F,W,L,G,D,M,Y,T,P,G,F,D,T,L,L,K,K,E,E,K,Q,E,K,Q,S,K,F,C,R,M,G,L,I,L,L,V,V,T,S,I,L,V,T,I,V,T,I,I,T,F,F,T
Camelus_bactrianus,M,D,L,S,V,L,P,N,N,N,H,P,D,K,F,L,Q,L,D,V,K,S,L,M,R,S,S,A,P,G,Q,A,G,L,V,R,F,P,G,G,N,Y,P,A,A,Q,H,W,R,N,L,I,Y,S,Q,R,E,K,K,N,I,T,A,Q,R,T,R,G,S,H,S,R,G,A,V,A,T,E,G,P,P,P,S,L,S,S,V,L,K,N,N,P,L,Y,D,D,V,S,L,E,E,A,M,E,E,R,K,K,N,P,S,W,T,I,E,E,Y,D,K,H,S,L,H,T,N,L,S,G,H,L,K,E,N,P,N,D,L,R,F,W,L,G,D,M,Y,T,P,G,F,D,T,L,L,K,K,E,E,E,Q,E,K,H,S,R,C,C,R,V,A,L,I,L,L,L,V,A,C,I,L,V,S,I,V,T,V,S,A,F,F,T
Camelus_dromedarius,M,D,L,S,V,L,P,N,N,N,H,P,D,K,F,L,Q,L,D,V,K,S,L,M,R,S,S,A,P,G,Q,A,G,L,V,R,F,P,G,G,N,Y,P,A,A,Q,H,W,R,N,L,I,Y,S,Q,R,E,K,K,N,I,T,A,Q,R,T,R,G,S,H,S,R,G,A,V,A,T,E,G,P,P,P,S,L,S,S,V,L,K,N,N,P,L,Y,D,D,V,S,L,E,E,A,M,E,E,R,K,K,N,P,S,W,T,I,E,E,Y,D,K,H,S,L,H,T,N,L,S,G,H,L,K,E,N,P,N,D,L,R,F,W,L,G,D,M,Y,T,P,G,F,D,T,L,L,K,K,E,E,E,Q,E,K,H,S,R,C,C,R,V,A,L,I,L,L,L,V,A,C,I,L,V,S,I,V,T,V,S,A,F,F,T
Camelus_ferus,M,D,L,S,V,L,P,N,N,N,H,P,D,K,F,L,Q,L,D,V,K,S,L,M,R,S,S,A,P,G,Q,A,G,L,V,R,F,P,G,G,N,Y,P,A,A,Q,H,W,R,N,L,I,Y,S,Q,R,E,K,K,N,I,T,A,Q,R,T,R,G,S,H,S,R,G,A,V,A,T,E,G,P,P,P,S,L,S,S,V,L,K,N,N,P,L,Y,D,D,V,S,L,E,E,A,M,E,E,R,K,K,N,P,S,W,T,I,E,E,Y,D,K,H,S,L,H,T,N,L,S,G,H,L,K,E,N,P,N,D,L,R,F,W,L,G,D,M,Y,T,P,G,F,D,T,L,L,K,K,E,E,E,Q,E,K,H,S,R,C,C,R,V,A,L,I,L,L,L,V,A,C,I,L,V,S,I,V,T,V,S,A,F,F,T
Capra_hircus,M,D,L,S,V,L,P,N,N,N,H,P,D,K,F,L,Q,L,D,V,K,S,L,M,R,N,S,A,L,L,Q,A,S,L,V,R,F,P,G,G,N,Y,P,A,A,Q,H,W,Q,N,L,V,Y,S,Q,R,E,K,K,N,I,T,A,Q,H,M,R,G,S,S,M,K,G,T,I,T,V,E,S,P,P,P,S,L,S,S,V,L,K,N,N,P,L,Y,G,D,V,S,F,E,E,A,M,E,E,R,K,K,N,P,S,W,T,A,E,E,Y,D,R,H,S,L,H,T,N,L,S,G,H,L,K,E,N,P,N,D,L,R,F,W,L,G,E,M,Y,T,P,G,F,D,T,L,L,K,K,E,E,E,Q,E,K,H,S,K,Y,R,R,I,G,L,I,L,F,L,V,A,C,I,L,V,S,I,V,T,V,S,T,F,F,I
Cebus_imitator,M,D,L,S,V,L,P,N,N,N,H,P,D,K,F,L,Q,L,D,V,K,S,L,M,R,S,S,A,L,L,H,A,S,L,A,R,F,P,G,G,N,Y,P,A,A,Q,H,W,Q,N,L,V,Y,S,Q,R,E,K,N,N,I,A,A,Q,R,I,R,G,S,N,A,A,S,L,V,T,A,D,S,P,P,P,S,M,S,S,T,M,K,N,N,P,L,C,G,D,L,S,L,E,E,A,M,E,E,R,K,K,S,P,S,W,T,I,E,E,Y,D,K,R,S,L,H,T,N,L,S,G,H,L,K,E,N,P,N,D,L,R,F,W,L,G,D,M,Y,T,P,G,F,D,T,L,L,K,K,E,E,K,Q,E,K,Q,S,K,F,C,R,M,G,L,I,L,L,V,I,T,S,I,L,V,T,I,V,T,I,I,T,F,F,T
Ceratotherium_simum_simum,M,D,L,S,V,L,P,N,N,N,H,P,D,K,F,L,Q,L,D,V,K,S,L,M,R,N,S,A,L,L,Q,A,S,L,A,R,F,P,G,G,N,Y,P,A,A,Q,H,W,Q,N,L,I,Y,S,Q,R,E,K,K,N,I,T,A,Q,R,M,R,G,P,S,A,E,C,A,V,A,A,D,R,P,P,A,S,L,S,S,V,L,K,N,N,P,L,Y,G,D,G,S,L,E,E,A,M,E,E,R,K,K,S,P,S,W,T,I,E,E,Y,D,R,R,S,L,H,T,N,L,S,G,H,L,K,E,N,P,N,D,L,R,F,W,L,G,D,M,Y,T,P,G,F,D,T,L,L,K,K,E,E,E,Q,E,K,H,S,K,Y,C,R,I,G,L,I,L,L,L,V,A,C,I,L,V,S,I,V,T,V,S,A,F,F,I
Cercocebus_atys,M,D,L,S,V,L,P,N,N,N,H,P,D,K,F,L,Q,L,D,V,K,S,L,M,R,S,S,A,L,L,Q,A,S,L,A,R,F,P,G,G,N,Y,P,A,A,Q,H,W,Q,N,L,V,Y,S,Q,R,E,K,K,N,I,A,A,Q,R,I,R,G,S,S,A,E,S,L,V,T,A,D,S,P,P,P,S,M,S,S,V,M,K,N,N,P,L,Y,G,D,L,S,L,E,E,A,M,E,E,R,K,K,N,P,S,W,T,I,E,E,Y,D,K,R,S,L,H,T,N,L,S,G,H,L,K,E,N,P,N,D,L,R,F,W,L,G,D,M,Y,T,P,G,F,D,T,L,L,K,K,E,E,K,Q,E,K,H,S,K,F,C,C,M,G,L,I,L,L,A,I,I,S,I,L,V,A,I,V,T,I,I,T,F,F,T
Cervus_canadensis,M,D,L,S,V,L,P,N,N,N,H,P,D,K,F,L,Q,L,D,V,K,S,L,M,R,N,S,A,L,L,Q,A,S,L,V,R,F,P,G,G,N,Y,P,A,A,Q,H,W,Q,N,L,V,Y,S,Q,R,E,K,K,N,I,T,V,Q,R,L,R,G,S,S,A,K,G,T,I,T,V,E,R,P,P,P,S,L,S,S,V,L,K,N,N,P,L,Y,G,D,V,S,F,E,E,A,M,E,E,R,K,K,N,P,S,W,T,V,E,E,Y,D,K,R,S,L,H,T,N,L,S,G,H,L,K,E,N,P,N,D,L,R,F,W,L,G,E,M,Y,T,P,G,F,D,T,L,L,K,K,E,E,E,Q,E,K,H,S,K,Y,R,R,I,G,L,T,L,F,L,V,A,C,I,L,V,S,I,V,T,V,S,T,F,F,I
Chlorocebus_sabaeus,M,D,L,S,V,L,P,N,N,N,H,P,D,K,F,L,Q,L,D,V,K,S,L,T,R,S,S,A,L,L,Q,A,S,L,A,R,F,P,G,G,N,Y,P,A,A,Q,H,W,Q,N,L,V,Y,S,Q,R,E,K,K,N,I,A,A,Q,R,I,R,G,S,S,A,E,S,L,V,T,A,E,S,P,P,P,S,M,S,S,V,M,K,N,N,P,L,Y,G,D,L,S,L,E,E,A,M,E,E,R,K,K,N,P,S,W,T,I,E,E,Y,E,K,R,S,R,H,T,N,L,S,G,H,L,K,E,N,P,N,D,L,R,F,W,L,G,D,M,Y,T,P,G,F,D,T,L,L,K,K,E,E,K,Q,E,K,H,S,K,F,C,R,M,G,L,I,L,L,A,I,I,S,I,L,V,A,I,V,T,I,I,T,F,F,T
Colobus_angolensis_palliatus,M,D,L,S,V,L,P,N,N,N,H,P,D,K,F,L,Q,L,D,V,K,S,L,T,R,S,S,A,L,L,Q,A,S,L,A,R,F,P,G,G,N,Y,P,A,A,Q,H,W,Q,N,L,V,Y,S,Q,R,E,K,K,N,I,A,A,Q,R,I,R,G,S,S,A,E,S,L,V,T,A,D,N,P,P,P,S,M,S,S,V,M,K,N,N,P,L,Y,G,D,L,S,L,E,E,A,M,E,E,R,K,K,N,P,S,W,T,I,E,E,Y,D,K,R,S,L,H,T,N,L,S,G,H,L,K,E,N,P,N,D,L,R,F,W,L,G,D,M,Y,T,P,G,F,D,T,L,L,K,K,E,E,K,Q,E,K,H,S,K,F,C,R,M,G,L,I,L,L,A,I,I,S,I,L,V,A,I,V,T,I,I,T,F,F,T
Condylura_cristata,M,D,L,S,V,L,P,N,N,N,H,P,D,K,F,L,Q,L,D,V,K,S,L,T,R,N,S,E,L,L,Q,A,S,L,V,R,F,P,G,G,N,Y,P,A,A,Q,H,W,Q,N,L,V,Y,S,Q,R,E,K,K,N,I,T,A,Q,R,R,R,G,S,S,A,E,-,T,T,A,A,D,S,P,P,P,S,L,S,S,V,L,K,N,N,P,L,Y,G,D,I,S,L,E,E,A,M,K,E,R,K,K,N,P,S,W,T,I,E,E,Y,D,K,H,S,L,H,T,N,L,A,G,H,L,K,E,N,P,N,D,L,R,F,W,L,G,D,M,Y,T,P,G,F,D,T,L,L,K,K,E,E,E,Q,E,K,H,S,K,Y,C,R,V,A,L,I,L,I,L,V,A,C,I,L,V,S,I,V,T,V,S,S,F,F,T
Elephas_maximus_indicus,M,D,L,S,V,L,P,N,N,N,H,P,D,K,F,L,Q,L,E,V,K,T,L,M,R,S,S,A,L,V,Q,A,S,L,V,R,F,P,G,G,S,Y,P,A,A,Q,H,W,Q,N,L,V,Y,S,Q,R,E,K,K,N,I,A,V,Q,R,V,R,G,S,S,E,E,D,P,V,T,A,D,I,A,P,P,S,L,S,S,V,L,K,N,N,P,L,Y,G,D,I,S,L,E,E,A,M,E,D,R,K,K,N,P,S,W,T,I,E,D,Y,D,R,R,S,L,H,T,N,L,S,G,H,L,K,E,N,P,N,D,L,R,F,W,L,G,D,M,Y,T,P,G,F,D,T,L,L,K,K,E,E,K,Q,E,K,Q,S,K,Y,C,R,V,G,L,I,L,L,L,A,A,C,I,L,V,S,I,V,T,I,S,A,F,F,I
Enhydra_lutris_kenyoni,-,D,L,S,V,L,P,N,N,N,H,P,D,K,F,L,Q,L,D,V,K,S,F,T,R,S,S,A,L,L,Q,A,S,L,A,R,F,P,G,G,N,Y,P,T,V,Q,H,W,Q,N,L,V,Y,S,Q,R,E,K,K,T,I,P,A,Q,R,M,R,R,S,G,P,E,G,V,A,A,V,D,H,P,P,P,S,L,S,S,V,L,K,N,N,P,L,Y,G,D,L,S,L,E,E,S,M,E,E,R,K,K,H,P,S,W,T,V,E,E,Y,D,R,H,S,L,H,T,N,L,S,G,H,L,K,E,N,P,N,D,L,R,F,W,L,G,D,M,Y,T,P,G,F,D,T,L,L,K,K,E,E,E,Q,E,K,H,S,K,Y,C,R,I,G,L,I,L,L,L,V,A,C,I,L,V,F,I,V,T,V,C,T,F,F,T
Equus_asinus,M,E,L,S,V,L,P,N,N,N,H,P,D,K,F,L,Q,L,D,V,K,S,L,M,R,N,S,A,L,L,Q,A,S,L,V,R,F,P,G,G,N,Y,P,A,A,Q,Q,W,Q,N,L,V,Y,S,Q,R,E,K,R,I,I,T,A,Q,R,M,R,G,S,R,V,E,G,A,I,A,A,D,R,P,P,P,-,L,S,S,V,L,K,N,N,P,L,Y,G,D,M,S,L,E,E,A,M,E,E,R,K,K,N,P,S,W,T,I,E,E,Y,D,K,R,S,L,H,T,N,L,S,G,H,L,K,E,N,P,H,D,L,R,F,W,L,G,D,M,Y,T,P,G,F,D,T,L,L,R,K,E,E,E,Q,E,K,H,S,K,Y,C,R,I,G,L,I,L,L,L,V,V,C,I,L,V,S,I,V,T,I,S,T,F,F,I
Equus_przewalskii,M,D,L,S,V,L,P,N,N,N,H,P,D,K,F,L,Q,L,D,V,K,S,L,M,R,N,S,A,L,L,Q,A,S,L,V,R,F,P,G,G,N,Y,P,A,A,Q,Q,W,Q,N,L,V,Y,S,Q,R,E,K,R,I,I,T,A,Q,R,M,R,G,S,R,V,E,G,A,I,A,A,D,R,P,P,P,-,L,S,S,V,L,K,N,N,P,L,Y,G,D,M,S,L,E,E,A,M,E,E,R,K,K,N,P,S,W,T,I,E,D,Y,D,K,R,S,L,H,T,N,L,S,G,H,L,K,E,N,P,H,D,L,R,F,W,L,G,D,M,Y,T,P,G,F,D,T,L,L,R,K,E,E,E,Q,E,K,H,S,K,Y,C,R,I,G,L,I,L,L,L,V,V,C,I,L,V,S,I,V,T,I,S,T,F,F,I
Equus_quagga,M,E,L,S,V,L,P,N,N,N,H,P,D,K,F,L,Q,L,D,V,K,S,L,M,R,N,S,A,L,L,Q,A,S,L,V,R,F,P,G,G,N,Y,P,A,A,Q,Q,W,Q,N,L,V,Y,S,Q,R,E,K,R,I,I,T,A,Q,Q,M,R,G,S,R,V,E,G,A,I,A,A,D,R,P,P,P,-,L,S,S,V,L,K,N,N,P,L,Y,G,D,M,S,L,E,E,A,M,E,E,R,K,K,N,P,S,W,T,I,E,E,Y,D,K,R,S,L,H,T,N,L,S,G,H,L,K,E,N,P,H,D,L,R,F,W,L,G,D,M,Y,T,P,G,F,D,T,L,L,R,K,E,E,E,Q,E,K,H,S,K,Y,C,R,I,G,L,I,L,L,L,V,V,C,I,L,V,S,I,V,T,I,S,T,F,F,I
Gorilla_gorilla_gorilla,M,D,L,S,V,L,P,N,N,N,H,P,D,K,F,L,Q,L,D,V,K,S,L,T,R,S,S,A,L,L,Q,A,S,L,A,R,F,P,G,G,N,Y,P,A,A,Q,H,W,Q,N,L,V,Y,S,Q,K,E,K,K,N,I,A,A,Q,R,I,R,G,S,S,A,D,S,L,V,T,A,D,S,P,P,P,S,M,S,S,V,M,K,N,N,P,L,Y,G,D,L,S,L,E,E,A,M,E,E,R,K,K,N,P,S,W,T,I,E,E,Y,D,K,R,S,L,H,T,N,L,S,G,H,L,K,E,N,P,N,D,L,R,F,W,L,G,D,M,Y,T,P,G,F,D,T,L,L,K,K,E,E,K,Q,E,K,H,S,K,F,C,R,M,G,L,I,L,L,V,V,I,S,I,L,V,T,I,V,T,I,I,T,F,F,T
Halichoerus_grypus,M,D,L,S,V,L,P,N,N,N,H,P,D,K,F,L,Q,L,D,V,K,S,F,M,R,S,S,A,L,L,Q,A,S,L,A,R,F,P,G,G,S,Y,P,A,E,Q,H,W,Q,N,L,V,Y,T,Q,R,E,K,K,T,I,T,D,Q,R,M,R,L,S,G,A,E,S,A,V,-,-,D,H,P,P,P,S,L,S,S,V,L,K,N,N,P,L,Y,G,D,L,S,L,E,E,A,M,E,E,R,K,K,H,P,S,W,T,V,E,E,Y,D,R,H,S,L,H,T,N,L,S,G,H,L,K,E,N,P,N,D,L,R,F,W,L,G,D,M,Y,T,P,G,F,D,T,L,L,K,K,E,E,E,Q,E,K,H,S,K,Y,R,R,I,G,L,I,L,L,L,V,A,C,V,L,V,F,I,V,T,V,S,T,F,F,T
Homo_sapiens,M,D,L,S,V,L,P,N,N,N,H,P,D,K,F,L,Q,L,D,V,K,S,L,T,R,S,S,A,L,L,Q,A,S,L,V,R,F,P,G,G,N,Y,P,A,A,Q,H,W,Q,N,L,V,Y,S,Q,R,E,K,K,N,I,A,A,Q,R,I,R,G,S,S,A,D,S,L,V,T,A,D,S,P,P,P,S,M,S,S,V,M,K,N,N,P,L,Y,G,D,L,S,L,E,E,A,M,E,E,R,K,K,N,P,S,W,T,I,E,E,Y,D,K,H,S,L,H,T,N,L,S,G,H,L,K,E,N,P,N,D,L,R,F,W,L,G,D,M,Y,T,P,G,F,D,T,L,L,K,K,E,E,K,Q,E,K,H,S,K,F,C,R,M,G,L,I,L,L,V,V,I,S,I,L,V,T,I,V,T,I,I,T,F,F,T
Hylobates_moloch,M,D,L,S,V,L,P,N,N,N,H,P,D,K,F,L,Q,L,D,V,K,S,L,T,R,S,S,A,V,L,Q,A,S,L,A,R,F,P,G,G,N,Y,P,A,A,Q,H,W,Q,N,L,V,Y,S,Q,R,E,K,K,N,I,A,A,R,R,I,R,G,S,S,A,D,S,L,L,T,A,D,S,P,P,P,S,M,S,S,V,M,K,N,N,P,L,Y,G,D,L,S,L,E,E,A,M,E,E,R,K,K,N,P,S,W,T,I,E,E,Y,D,K,R,S,L,H,T,N,L,S,G,H,L,K,E,N,P,N,D,L,R,F,W,L,G,D,M,Y,T,P,G,F,D,T,L,L,K,K,E,E,K,Q,E,K,H,S,K,F,C,R,M,G,L,I,L,L,V,I,I,S,I,L,V,I,I,V,T,I,I,T,F,F,T
Ictidomys_tridecemlineatus,M,D,L,S,V,L,P,N,N,N,H,P,D,K,F,L,Q,L,D,V,K,S,L,M,R,S,P,A,L,L,Q,A,S,L,A,R,F,P,G,G,H,Y,P,A,A,Q,H,W,Q,N,L,V,Y,S,Q,R,E,K,K,D,I,A,A,Q,R,T,K,R,S,S,R,E,G,S,V,T,P,D,S,P,P,P,S,M,S,S,V,M,K,N,N,P,L,Y,G,D,L,S,M,E,E,A,M,E,E,R,K,K,N,P,S,W,T,I,E,E,Y,D,K,R,S,L,H,T,N,L,S,G,H,L,K,E,N,P,N,D,L,R,F,W,L,G,D,M,Y,T,P,G,F,D,T,L,L,K,K,K,K,K,R,E,K,R,S,K,L,C,R,M,G,L,I,L,L,L,V,T,S,I,L,V,T,I,V,T,I,S,S,L,F,T
Leopardus_geoffroyi,M,D,L,S,V,L,P,N,N,N,H,P,D,K,F,L,R,L,D,V,K,S,F,M,R,N,S,A,L,L,Q,A,S,L,V,R,F,P,G,G,N,H,P,A,A,Q,H,W,Q,N,L,V,Y,S,Q,R,E,K,K,T,I,T,A,Q,R,M,R,G,P,S,A,Q,R,A,V,A,T,D,H,P,P,P,S,L,S,S,V,L,K,N,N,P,L,Y,G,D,I,S,L,E,E,A,M,E,E,R,K,K,N,P,S,W,T,V,E,E,Y,D,R,H,S,L,H,T,N,L,S,G,H,L,K,E,N,P,N,D,L,R,F,W,L,G,D,M,Y,T,P,G,F,D,T,L,L,K,K,E,E,E,Q,E,K,H,S,K,Y,C,R,I,G,L,I,L,L,L,V,A,C,I,L,V,F,I,V,T,V,C,M,F,F,T
Loxodonta_africana,M,D,L,S,V,L,P,N,N,N,H,P,D,K,F,L,Q,L,E,V,K,S,L,M,R,S,S,A,L,V,Q,A,S,P,V,R,F,P,G,G,S,Y,P,A,A,Q,H,W,Q,N,L,V,Y,S,Q,R,E,K,K,N,I,A,V,Q,R,V,R,G,S,S,E,E,D,P,V,T,A,D,I,A,P,P,S,L,S,S,V,L,K,N,N,P,L,Y,G,D,I,S,L,E,E,A,M,E,D,R,K,K,N,P,S,W,T,I,E,D,Y,D,R,R,S,L,H,T,N,L,S,G,H,L,K,E,N,P,N,D,L,R,F,W,L,G,D,M,Y,T,P,G,F,D,T,L,L,K,K,E,E,K,Q,E,K,Q,S,K,Y,C,R,V,G,L,I,L,L,L,A,A,C,I,L,V,S,I,V,T,I,S,A,F,F,I
Macaca_fascicularis,M,D,L,S,V,L,P,N,N,N,H,P,D,K,F,L,Q,L,D,I,K,S,L,T,R,S,S,A,L,L,Q,A,S,M,A,R,F,P,G,G,N,Y,P,A,A,Q,H,W,Q,N,L,V,Y,S,Q,R,E,K,K,N,I,A,G,Q,R,I,R,G,S,S,A,E,S,L,V,T,A,D,S,P,P,P,S,M,S,S,V,M,K,N,N,P,L,Y,G,D,L,S,L,E,E,A,M,E,E,R,K,K,N,P,S,W,T,I,E,E,Y,D,K,R,S,L,H,T,N,L,S,G,H,L,K,E,N,P,N,D,L,R,F,W,L,G,D,M,Y,T,P,G,F,D,T,L,L,K,K,E,E,K,Q,E,K,H,S,K,F,R,R,M,G,L,I,L,L,A,I,I,S,I,L,V,A,I,V,T,I,I,T,F,F,T
Macaca_mulatta,M,D,L,S,V,L,P,N,N,N,H,P,D,K,F,L,Q,L,D,I,K,S,L,T,R,S,S,A,L,L,Q,A,S,M,A,R,F,P,G,G,N,Y,P,A,A,Q,H,W,Q,N,L,V,Y,S,Q,R,E,K,K,N,I,A,G,Q,R,I,R,G,S,S,A,E,S,L,V,T,A,D,S,P,P,P,S,M,S,S,V,M,K,N,N,P,L,Y,G,D,L,S,L,E,E,A,M,E,E,R,K,K,N,P,S,W,T,I,E,E,Y,D,K,R,S,L,H,T,N,L,S,G,H,L,K,E,N,P,N,D,L,R,F,W,L,G,D,M,Y,T,P,G,F,D,T,L,L,K,K,E,E,K,Q,E,K,H,S,K,F,R,R,M,G,L,I,L,L,A,I,I,S,I,L,V,A,I,V,T,I,I,T,F,F,T
Macaca_nemestrina,M,D,L,S,V,L,P,N,N,N,H,P,D,K,F,L,Q,L,D,I,K,S,L,T,R,S,S,A,L,L,Q,A,S,M,A,R,F,P,G,G,N,Y,P,A,A,Q,H,W,Q,N,L,V,Y,S,Q,R,E,K,K,N,I,A,G,Q,R,I,R,G,S,S,A,E,S,L,V,T,A,D,S,P,P,P,S,M,S,S,V,M,K,N,N,P,L,Y,G,D,L,S,L,E,E,A,M,E,E,R,K,K,N,P,S,W,T,I,E,E,Y,D,K,R,S,L,H,T,N,L,S,G,H,L,K,E,N,P,N,N,L,R,F,W,L,G,D,M,Y,T,P,G,F,D,T,L,L,K,K,E,E,K,Q,E,K,H,S,K,F,C,R,M,G,L,I,L,L,A,I,I,S,I,L,V,A,I,V,T,I,I,T,F,F,T
Macaca_thibetana_thibetana,M,D,L,S,V,L,P,N,N,N,H,P,D,K,F,L,Q,L,D,I,K,S,L,T,R,S,S,A,L,L,Q,A,S,M,A,R,F,P,G,G,N,Y,P,A,A,Q,H,W,Q,N,L,V,Y,S,Q,R,E,K,K,N,I,A,G,Q,R,I,R,G,S,S,A,E,S,L,V,T,A,D,S,P,P,P,S,M,S,S,V,M,K,N,N,P,L,Y,G,D,L,S,L,E,E,A,M,E,E,R,K,K,N,P,S,W,T,I,E,E,Y,D,K,R,S,L,H,T,N,L,S,G,H,L,K,E,N,P,N,D,L,R,F,W,L,G,D,M,Y,T,P,G,F,D,T,L,L,K,K,E,E,K,Q,E,K,H,S,K,F,R,R,M,G,L,I,L,L,A,I,I,S,I,L,V,A,I,V,T,I,I,T,F,F,T
Mandrillus_leucophaeus,M,D,L,S,V,L,P,N,N,N,H,P,D,K,F,L,Q,L,D,V,K,S,F,T,R,S,S,A,L,L,Q,A,S,L,A,R,F,P,G,G,N,Y,P,A,A,Q,H,W,Q,N,L,V,Y,S,Q,R,E,K,K,N,I,A,A,Q,R,I,R,G,S,S,A,E,S,L,V,T,A,D,S,P,P,P,S,M,S,S,V,M,K,N,N,P,L,Y,G,D,L,S,L,E,E,A,M,E,E,R,K,K,N,P,S,W,T,I,E,E,Y,D,K,R,S,L,H,T,N,L,S,G,H,L,K,E,N,P,N,D,L,R,F,W,L,G,D,M,Y,T,P,G,F,D,T,L,L,K,K,E,E,K,Q,E,K,H,S,K,F,C,R,M,G,L,I,L,L,A,I,I,S,I,L,V,A,I,V,T,I,I,T,F,F,T
Marmota_flaviventris,M,D,L,S,V,L,P,N,N,N,H,P,D,K,F,L,Q,L,D,V,K,S,L,M,R,S,P,A,L,L,Q,A,T,L,A,R,F,P,G,G,H,Y,P,A,A,Q,H,W,Q,N,L,V,Y,S,Q,R,E,K,K,N,I,A,A,Q,R,T,K,R,S,S,R,E,G,S,V,T,P,D,S,P,P,P,S,M,S,S,V,M,K,N,N,P,L,Y,G,D,L,S,M,E,E,A,M,E,E,R,K,K,N,P,S,W,T,I,E,E,Y,D,K,R,S,L,H,T,N,L,S,G,H,L,K,E,N,P,N,D,L,R,F,W,L,G,D,M,Y,T,P,G,F,D,T,L,L,K,K,K,K,K,R,E,K,R,S,K,L,C,R,M,G,L,I,L,L,L,V,T,S,I,L,V,T,I,V,T,I,S,S,L,F,T
Marmota_marmota_marmota,M,D,L,S,V,L,P,N,N,N,H,P,D,K,F,L,Q,L,D,V,K,S,L,M,R,S,P,A,L,L,Q,A,S,L,A,R,F,P,G,G,H,Y,P,A,A,Q,H,W,Q,N,L,V,Y,S,Q,R,E,K,K,N,I,A,A,Q,R,T,K,R,S,S,R,E,G,S,V,T,P,D,S,P,P,P,S,M,S,S,V,M,K,N,N,P,L,Y,G,D,L,S,M,E,E,A,M,E,E,R,K,K,N,P,S,W,T,I,E,E,Y,D,K,R,S,L,H,T,N,L,S,G,H,L,K,E,N,P,N,D,L,R,F,W,L,G,D,M,Y,T,P,G,F,D,T,L,L,K,K,K,K,K,R,E,K,R,S,K,L,C,R,M,G,L,I,L,L,L,V,T,S,I,L,V,T,I,V,T,I,S,S,L,F,T
Marmota_monax,M,D,L,S,V,L,P,N,N,N,H,P,D,K,F,L,Q,L,D,V,K,S,L,M,R,S,P,A,L,L,Q,A,S,L,A,R,F,P,G,G,H,Y,P,A,A,Q,H,W,Q,N,L,V,Y,S,Q,R,E,K,K,N,I,A,A,Q,R,T,K,R,S,S,R,E,G,S,V,T,P,D,S,P,P,P,S,M,S,S,V,M,K,N,N,P,L,Y,G,D,L,S,M,E,E,A,M,E,E,R,K,K,N,P,S,W,T,I,E,E,Y,D,K,R,S,L,H,T,N,L,S,G,H,L,K,E,N,P,N,D,L,R,F,W,L,G,D,M,Y,T,P,G,F,D,T,L,L,K,K,K,K,K,R,E,K,R,S,K,L,C,R,M,G,L,I,L,L,L,V,T,S,I,L,V,T,I,V,T,I,S,S,L,F,T
Nannospalax_galili,M,D,L,S,V,L,P,N,N,N,H,P,D,K,F,L,Q,L,D,V,K,S,L,M,R,S,S,T,L,L,Q,A,S,L,A,R,F,P,G,G,N,Y,P,A,S,Q,H,W,Q,N,L,V,Y,S,Q,R,E,-,K,N,I,M,P,Q,R,I,K,G,F,D,G,E,G,P,L,L,P,N,S,P,P,P,S,M,S,S,V,M,K,N,N,P,L,Y,D,D,L,S,L,E,E,A,K,E,E,R,K,K,N,P,S,W,T,I,E,E,Y,D,K,K,S,T,H,A,N,L,A,G,H,L,K,E,N,P,N,D,L,R,F,W,L,G,D,M,Y,T,P,G,F,D,T,L,L,K,K,K,K,K,R,A,K,R,S,K,L,C,H,M,G,L,I,L,L,L,V,S,S,V,L,V,A,I,V,T,L,S,A,L,F,T
Neomonachus_schauinslandi,M,D,L,S,V,L,P,N,N,N,H,P,D,K,F,L,Q,L,D,V,K,S,F,R,R,S,S,A,L,L,Q,A,S,L,A,R,F,P,A,G,S,Y,P,A,A,Q,H,W,Q,N,L,V,Y,T,Q,R,E,K,K,T,I,T,N,Q,R,M,R,L,S,G,A,E,S,A,V,-,-,D,H,P,P,P,S,L,S,S,V,L,K,N,N,P,L,Y,G,D,L,S,L,E,E,A,M,E,E,R,K,K,H,P,S,W,T,V,E,E,Y,D,R,H,S,L,H,T,N,L,S,G,H,L,K,E,N,P,N,D,L,R,F,W,L,G,D,M,Y,T,P,G,F,D,T,L,L,K,K,E,E,E,Q,E,K,H,S,K,Y,R,R,I,G,L,I,L,L,L,V,A,C,V,L,V,F,I,V,T,V,S,T,F,F,T
Nomascus_leucogenys,M,D,L,S,V,L,P,N,N,N,H,P,D,K,F,L,Q,L,D,V,K,S,L,T,R,S,S,A,V,L,Q,A,S,L,A,R,F,P,G,G,N,Y,P,A,A,Q,H,W,Q,N,L,V,Y,S,Q,R,E,K,K,N,I,A,A,Q,R,I,R,G,S,S,A,D,S,L,V,T,A,D,S,P,P,P,S,M,S,S,V,M,K,N,N,P,L,Y,G,D,L,S,L,E,E,A,M,E,E,R,K,K,N,P,S,W,T,I,E,E,Y,D,K,R,S,L,H,T,N,L,S,G,H,L,K,E,N,P,N,D,L,R,F,W,L,G,D,M,Y,T,P,G,F,D,T,L,L,K,K,E,E,K,Q,E,K,H,S,K,F,C,R,M,G,L,I,L,L,V,I,I,S,I,L,V,I,I,V,T,I,I,T,F,F,T
Ochotona_curzoniae,M,D,L,S,V,L,P,N,N,N,H,P,D,K,F,L,Q,L,D,V,K,S,L,M,R,S,P,A,L,L,Q,A,S,L,A,R,F,P,G,G,Y,Y,P,A,A,Q,H,W,Q,N,L,V,Y,S,Q,R,E,K,K,S,L,V,A,Q,G,T,K,G,C,S,R,E,D,L,V,T,P,D,S,P,P,P,S,L,T,S,V,M,K,N,N,P,L,Y,S,D,L,S,L,E,E,A,M,E,D,R,K,K,N,P,S,W,T,I,E,E,Y,D,R,H,S,S,H,T,N,L,S,G,H,L,K,E,N,P,N,D,L,R,F,W,L,G,D,M,Y,T,P,G,F,D,T,L,L,K,K,K,K,K,H,N,K,R,A,K,L,C,H,M,G,L,I,L,L,V,V,A,S,I,L,V,A,I,V,T,I,S,S,F,F,A
Ochotona_princeps,M,D,L,S,V,L,P,N,N,N,H,P,D,K,F,L,Q,L,D,V,K,S,L,M,R,S,P,A,L,L,Q,A,S,L,A,R,F,P,G,G,H,Y,P,A,A,Q,H,W,Q,N,L,V,Y,S,Q,R,E,K,K,S,L,V,A,Q,G,T,K,G,S,S,R,E,D,L,V,A,P,D,S,P,P,P,S,L,T,S,V,M,K,N,N,P,L,Y,S,D,L,S,L,E,E,A,M,E,D,R,K,K,N,P,S,W,T,I,E,E,Y,D,R,H,S,S,H,T,N,L,S,G,H,L,K,E,N,P,N,D,L,R,F,W,L,G,D,M,Y,T,P,G,F,D,T,L,L,K,K,K,K,K,H,N,K,R,A,K,L,C,H,M,G,L,I,L,L,V,V,A,S,I,L,V,A,I,V,T,I,S,S,F,F,A
Octodon_degus,M,D,L,S,V,L,P,N,N,N,H,P,D,K,F,L,Q,L,D,V,K,S,L,M,K,S,P,A,L,Q,Q,A,S,L,A,R,L,L,S,G,N,Y,P,A,A,Q,H,W,Q,N,L,V,Y,S,Q,K,E,K,K,N,I,T,T,Q,Q,V,K,G,P,S,A,E,A,S,A,I,V,D,S,P,P,P,S,L,S,S,V,R,K,N,N,P,L,Y,G,D,M,S,L,E,E,A,M,G,E,R,K,K,S,P,S,W,T,I,E,E,Y,D,K,H,S,L,H,T,N,L,S,G,H,L,K,E,N,P,N,D,L,R,F,W,L,G,D,M,Y,T,P,G,F,D,T,L,L,K,K,K,T,K,H,D,K,R,S,K,L,C,R,M,G,L,I,V,L,L,V,A,T,I,L,V,T,I,V,T,I,S,T,L,F,T
Ovis_aries,M,D,L,S,V,L,P,N,N,N,H,P,D,K,F,L,Q,L,D,V,K,S,L,M,R,N,S,A,L,L,Q,A,S,L,V,R,F,P,G,G,N,Y,P,A,A,Q,H,W,Q,N,L,V,Y,S,Q,R,E,K,K,N,I,T,A,Q,H,M,R,G,S,S,M,K,G,T,I,T,V,E,S,P,L,P,S,L,S,S,V,L,K,N,N,P,L,Y,G,D,V,S,F,E,E,A,M,E,E,R,K,K,N,P,S,W,T,A,E,E,Y,D,R,R,S,L,H,T,N,L,S,G,H,L,K,E,N,P,N,D,L,R,F,W,L,G,E,M,Y,T,P,G,F,D,T,L,L,K,K,E,E,E,Q,E,K,H,S,K,Y,R,R,I,G,L,I,L,F,L,V,A,C,I,L,V,S,I,V,T,V,S,T,F,F,I
Pan_paniscus,M,D,L,S,V,L,P,N,N,N,H,P,E,K,F,L,Q,L,D,V,K,S,L,T,R,S,S,A,L,L,Q,A,S,L,V,R,F,P,G,G,N,Y,P,A,A,Q,H,W,Q,N,L,V,Y,S,Q,R,E,K,K,N,I,A,T,Q,R,I,R,G,S,S,A,D,S,L,V,T,A,D,S,P,P,P,S,M,S,S,V,M,K,N,N,P,L,Y,G,D,L,S,L,E,E,A,M,E,E,R,K,K,N,P,S,W,T,I,E,E,Y,D,K,R,S,L,H,T,N,L,S,G,H,L,K,E,N,P,N,D,L,R,F,W,L,G,D,M,Y,T,P,G,F,D,T,L,L,K,K,E,E,K,Q,E,K,H,S,K,F,C,R,M,G,L,I,L,L,V,V,I,S,I,L,V,T,I,V,T,I,I,T,F,F,T
Pan_troglodytes,M,D,L,S,V,L,P,N,N,N,H,P,D,K,F,L,Q,L,D,V,K,S,L,T,R,S,S,A,L,L,Q,A,S,L,V,R,F,P,G,G,N,Y,P,A,A,Q,H,W,Q,N,L,V,Y,S,Q,R,E,K,K,N,I,A,T,Q,R,I,R,R,S,S,A,D,S,L,V,T,A,D,S,P,P,P,S,M,S,S,V,M,K,N,N,P,L,Y,G,D,L,S,L,E,E,A,M,E,E,R,K,K,N,P,S,W,T,I,E,E,Y,D,K,H,S,L,H,T,N,L,S,G,H,L,K,E,N,P,N,D,L,R,F,W,L,G,D,M,Y,T,P,G,F,D,T,L,L,K,K,E,E,K,Q,E,K,H,S,K,F,C,R,M,G,L,I,L,L,V,V,I,S,I,L,V,T,I,V,T,M,I,T,F,F,T
Panthera_tigris_altaica,-,-,-,-,-,-,-,-,-,-,-,-,-,-,-,-,-,-,-,-,-,-,-,-,-,-,-,-,-,-,-,-,-,-,-,-,-,-,-,-,-,-,-,-,-,-,-,-,-,-,-,-,-,-,-,-,-,-,-,-,-,-,-,-,-,-,-,-,-,-,-,-,-,-,-,-,-,-,-,-,-,-,-,-,-,-,-,-,-,-,-,-,-,-,-,-,-,-,-,-,-,-,-,-,-,-,-,-,-,-,-,-,-,-,-,-,-,-,-,-,-,-,-,-,-,-,-,-,-,-,-,-,-,-,-,-,-,-,-,-,-,-,-,-,-,-,-,-,-,-,-,-,-,-,-,-,-,-,-,-,-,-,-,-,-,-,-,-,-,-,-,-,-,-,-,-,-,-,-,-,-,-,-,-,-,-,-,-,-,-
Papio_anubis,M,D,L,S,V,L,P,N,N,N,H,P,D,K,F,L,Q,L,D,V,K,S,F,T,R,S,S,A,L,L,Q,A,S,L,A,R,F,P,G,G,N,Y,P,A,A,Q,H,W,Q,N,L,V,Y,S,Q,R,E,K,K,N,I,A,A,Q,R,I,R,G,S,S,A,E,S,L,V,T,A,D,S,P,P,P,S,M,S,S,V,M,K,N,N,P,L,Y,G,D,L,S,L,E,E,A,M,E,E,R,K,K,N,P,S,W,T,I,E,E,Y,D,K,R,S,L,H,T,N,L,S,G,H,L,K,E,N,P,N,D,L,R,F,W,L,G,D,M,Y,T,P,G,F,D,T,L,L,K,K,E,E,K,Q,E,K,H,S,K,F,C,R,M,G,L,I,L,L,A,I,I,S,I,L,V,A,I,V,T,I,I,T,F,F,T
Piliocolobus_tephrosceles,M,D,L,S,V,L,P,N,N,N,H,P,D,K,F,L,Q,L,D,V,K,S,L,T,R,S,S,A,L,L,Q,A,S,L,A,R,F,P,G,G,N,Y,P,A,A,Q,H,W,Q,N,L,V,Y,S,Q,R,E,K,K,N,I,A,A,Q,R,I,R,G,S,S,A,E,S,L,V,T,A,D,S,P,P,P,S,M,S,S,V,M,K,N,N,P,L,Y,G,D,L,S,L,E,E,A,M,E,E,R,K,K,N,P,S,W,T,I,E,E,Y,D,K,R,S,L,H,T,N,L,S,G,H,L,K,E,N,P,N,D,L,R,F,W,L,G,D,M,Y,T,P,G,F,D,T,L,L,K,K,E,E,K,Q,E,K,H,S,K,F,C,R,V,G,L,I,L,L,A,V,I,S,I,L,V,A,I,V,T,I,I,T,F,F,T
Pongo_abelii,M,D,L,S,V,L,P,N,N,N,H,P,D,K,F,L,Q,L,D,V,K,S,L,T,R,N,S,A,L,L,Q,A,S,L,A,R,F,P,G,G,N,Y,P,A,A,Q,H,W,Q,N,L,V,Y,S,Q,R,E,K,K,N,I,A,A,Q,R,I,R,G,S,S,A,D,S,L,V,T,A,D,S,P,P,P,S,M,S,S,V,M,K,N,N,P,L,Y,G,D,L,S,L,E,E,A,M,E,E,R,K,K,N,P,S,W,T,I,E,E,Y,D,K,R,S,L,H,T,N,L,S,G,H,L,K,E,N,P,N,D,L,R,F,W,L,G,D,M,Y,T,P,G,F,D,T,L,L,K,K,E,E,K,Q,E,K,H,S,K,F,C,R,M,G,L,I,L,L,V,V,I,S,I,L,V,T,I,V,T,I,I,T,F,S,T
Propithecus_coquereli,M,D,L,S,V,L,P,N,N,D,H,P,D,K,F,L,Q,L,D,V,K,S,L,M,-,S,S,A,L,L,Q,A,S,P,A,R,S,P,G,G,N,Y,P,A,A,Q,H,W,Q,N,L,I,Y,S,Q,R,E,K,K,N,I,A,A,R,Q,I,R,G,S,S,T,E,R,L,V,T,T,E,S,P,P,P,S,M,S,S,V,M,K,N,N,P,L,Y,G,D,V,S,L,E,E,A,M,E,E,R,K,K,N,P,S,W,T,I,E,D,Y,D,K,H,S,L,H,T,N,L,S,G,H,L,K,E,N,P,N,D,L,R,F,W,L,G,D,M,Y,T,P,G,F,D,T,L,L,K,K,E,K,K,Q,E,K,Q,S,K,L,C,R,M,G,L,I,L,L,V,L,T,A,I,L,V,T,I,V,T,I,S,T,L,F,T
Rhinopithecus_bieti,M,D,L,S,V,L,P,N,N,N,H,P,D,K,F,L,Q,L,D,V,K,S,L,T,R,S,S,A,L,L,Q,A,S,L,A,R,F,P,G,G,N,Y,P,A,A,Q,H,W,Q,N,L,V,Y,S,Q,R,E,K,K,N,I,A,A,Q,R,I,R,G,S,S,A,E,S,L,V,T,A,D,S,P,Q,P,S,M,S,S,V,M,K,N,N,P,L,Y,G,D,L,S,L,E,E,A,M,E,E,R,K,R,N,P,S,W,T,I,E,E,Y,D,K,R,S,L,H,T,N,L,S,G,H,L,K,E,N,P,N,D,L,R,F,W,L,G,D,M,Y,T,P,G,F,D,T,L,L,K,K,E,E,K,Q,E,K,H,S,K,F,C,R,M,G,L,I,L,L,A,I,I,S,I,L,V,A,I,V,T,I,I,T,F,F,T
Rhinopithecus_roxellana,M,D,L,S,V,L,P,N,N,N,H,P,D,K,F,L,Q,L,D,V,K,S,L,T,R,S,S,A,L,L,Q,A,S,L,V,R,F,P,G,G,N,Y,P,A,A,Q,H,W,Q,N,L,V,Y,S,Q,R,E,K,K,N,I,A,A,Q,R,I,R,G,S,S,A,E,S,L,V,T,A,D,S,P,P,P,S,M,S,S,V,M,K,N,N,P,L,Y,G,D,L,S,L,E,E,A,M,E,E,R,K,R,N,P,S,W,T,I,E,E,Y,D,K,R,S,L,H,T,N,L,S,G,H,L,K,E,N,P,N,D,L,R,F,W,L,G,D,M,Y,T,P,G,F,D,T,L,L,K,K,E,E,K,Q,E,K,H,S,K,F,C,R,M,G,L,I,L,L,A,I,I,S,I,L,V,A,I,V,T,I,I,T,F,F,T
Saimiri_boliviensis_boliviensis,M,D,L,S,V,L,P,N,N,N,H,P,D,K,F,L,Q,L,D,V,K,S,L,T,R,S,S,A,L,L,Q,A,S,L,A,R,F,P,D,G,N,Y,P,A,A,Q,H,W,Q,N,L,V,Y,S,Q,R,E,K,N,N,I,A,A,Q,R,I,R,G,S,S,A,E,S,L,V,T,A,D,S,P,P,P,S,M,S,S,I,M,K,N,N,P,L,C,G,N,L,N,L,E,E,A,M,E,E,R,K,K,N,P,S,W,T,I,E,E,Y,D,K,R,S,L,H,T,N,L,S,G,H,L,K,E,N,P,N,D,L,R,F,W,L,G,D,M,Y,T,P,G,F,D,T,L,L,K,K,E,E,K,Q,E,K,Q,S,K,F,C,R,M,G,L,I,L,L,V,I,T,S,I,L,V,T,L,V,T,I,I,T,F,F,T
Sapajus_apella,M,D,L,S,V,L,P,N,N,N,H,P,D,K,F,L,Q,L,D,V,K,S,L,M,R,S,S,A,L,L,H,A,S,L,A,R,F,P,G,G,N,Y,P,A,A,Q,H,W,Q,N,L,V,Y,S,Q,R,E,K,N,N,I,A,A,Q,R,I,R,G,P,S,A,E,S,L,V,T,A,D,S,P,P,P,S,M,S,S,I,M,K,N,N,P,L,Y,G,D,L,S,L,E,E,A,M,E,E,R,K,K,S,P,S,W,T,I,E,E,Y,D,K,R,S,L,H,T,N,L,S,G,H,L,K,E,N,P,N,D,L,R,F,W,L,G,D,M,Y,T,P,G,F,D,T,L,L,K,K,E,E,K,Q,E,K,Q,S,K,F,C,R,M,G,L,I,L,L,V,I,T,S,I,L,V,T,I,V,T,I,I,T,F,F,T
Suricata_suricatta,M,D,L,S,V,L,P,N,N,N,H,P,D,K,F,L,Q,L,D,V,K,A,F,M,R,N,T,A,L,L,Q,-,-,-,-,-,-,-,-,-,-,-,-,-,A,Q,H,W,Q,N,L,V,Y,S,Q,R,E,K,K,T,L,N,A,Q,R,L,R,G,P,S,A,E,G,A,V,A,A,E,H,P,P,P,S,L,T,S,V,L,K,N,N,P,L,Y,G,D,I,S,L,E,E,A,M,E,E,R,K,K,H,P,S,W,T,V,E,E,Y,D,R,H,S,L,H,T,N,L,S,G,H,L,K,E,N,P,N,D,L,W,F,W,L,G,D,M,Y,T,P,G,F,D,T,L,L,K,K,E,E,E,Q,E,K,H,S,K,Y,C,R,I,G,L,I,L,L,L,V,A,S,I,L,V,F,I,V,T,V,C,T,F,F,T
Theropithecus_gelada,M,D,L,S,V,L,P,N,N,N,H,P,D,K,F,L,Q,L,D,V,K,S,F,T,R,S,S,A,L,L,Q,T,S,L,A,R,F,P,G,G,N,Y,P,A,A,Q,H,W,Q,N,L,V,Y,S,Q,R,E,K,K,N,I,A,A,Q,R,I,R,G,S,S,A,E,S,L,V,T,A,D,S,P,P,P,S,M,S,S,V,M,K,N,N,P,L,Y,G,D,L,S,L,E,E,A,M,E,E,R,K,K,N,P,S,W,T,I,E,E,Y,D,K,R,S,L,H,T,N,L,S,G,H,L,K,E,N,P,N,D,L,R,F,W,L,G,D,M,Y,T,P,G,F,D,T,L,L,K,K,E,E,K,Q,E,K,H,S,K,F,C,R,M,G,L,I,L,L,A,I,I,S,I,L,V,A,I,V,T,I,I,T,F,F,T
Trachypithecus_francoisi,M,D,L,S,V,L,P,N,N,N,H,P,D,K,F,L,Q,L,D,V,K,S,L,T,R,S,S,A,L,L,Q,A,S,L,A,R,F,P,G,G,N,Y,P,A,A,Q,H,W,Q,N,L,V,Y,S,Q,R,E,K,K,N,I,A,A,Q,R,I,R,G,S,S,A,E,S,L,V,T,A,D,S,P,P,P,S,M,S,S,V,M,K,N,N,P,L,Y,G,D,L,S,L,E,E,A,M,E,E,R,K,K,N,P,S,W,T,I,E,E,Y,D,K,R,S,L,H,T,N,L,S,G,H,L,K,E,N,P,N,D,L,R,F,W,L,G,D,M,Y,T,P,G,F,D,T,L,L,K,K,E,E,K,Q,E,K,H,S,K,F,C,R,M,G,L,I,L,L,A,I,I,S,I,L,V,A,I,V,T,I,I,T,F,F,T
Tupaia_chinensis,M,D,L,S,V,L,P,N,N,N,H,P,D,K,F,L,Q,L,D,V,K,S,L,M,-,S,S,A,L,L,P,A,S,L,V,R,F,P,G,G,N,Y,P,A,A,Q,H,W,Q,N,L,V,Y,S,Q,K,E,K,K,K,L,A,I,Q,P,S,K,G,S,R,E,K,R,A,A,T,V,D,S,P,P,P,S,M,S,S,V,M,K,N,N,P,L,Y,G,D,M,S,M,E,E,A,M,E,E,R,K,K,S,P,S,W,T,I,E,E,Y,D,K,H,S,L,Y,T,N,L,S,E,C,L,K,E,N,P,N,D,L,R,F,W,L,G,D,M,Y,T,P,G,F,D,T,L,L,K,K,E,E,K,Q,Q,K,Q,S,Q,L,C,R,L,G,L,I,L,L,L,V,T,S,I,L,V,T,I,V,M,I,S,T,L,L,T
Urocitellus_parryii,M,D,L,S,V,L,P,N,N,N,H,P,D,K,F,L,Q,L,D,V,K,S,L,M,R,S,P,A,L,L,Q,A,S,L,A,R,F,P,G,G,H,Y,P,A,A,Q,H,W,Q,N,L,V,Y,S,Q,R,E,K,K,D,I,A,A,Q,R,T,K,R,S,S,R,E,G,S,V,T,P,D,S,P,P,P,S,M,S,S,V,M,K,N,N,P,L,Y,G,D,L,S,M,E,E,A,M,E,E,R,K,K,N,P,S,W,T,I,E,E,Y,D,K,H,S,L,H,T,N,L,S,G,H,L,K,E,N,P,N,D,L,R,F,W,L,G,D,M,Y,T,P,G,F,D,T,L,L,K,K,K,K,K,R,E,K,R,S,K,L,C,R,M,G,L,I,L,L,L,V,T,S,I,L,V,T,I,V,T,I,S,S,L,F,T
Ursus_americanus,M,D,L,S,V,L,P,N,N,N,H,P,D,K,F,L,Q,L,D,V,K,A,F,V,R,S,S,A,L,L,Q,A,G,L,V,R,F,P,G,G,N,Y,P,A,A,Q,H,W,Q,N,L,V,Y,S,Q,R,E,K,K,T,I,T,A,Q,R,M,R,R,S,G,A,E,G,P,L,A,G,D,H,P,P,P,S,L,S,S,V,L,K,N,N,P,L,Y,G,D,L,S,L,E,E,A,M,E,E,R,R,K,H,P,S,W,T,V,E,E,Y,D,R,H,S,L,H,T,N,L,S,G,H,L,K,E,N,P,N,D,L,R,F,W,L,G,D,M,Y,T,P,G,F,D,T,L,L,K,K,E,E,E,Q,E,K,H,S,K,Y,C,R,I,G,L,I,L,L,L,V,A,C,I,L,V,F,I,V,T,V,S,T,L,F,T
Ursus_maritimus,M,D,L,S,V,L,P,N,N,N,H,P,D,K,F,L,Q,L,D,V,K,A,F,V,R,S,S,A,L,L,Q,A,G,L,V,R,F,P,G,G,N,Y,P,A,A,Q,H,W,Q,N,L,V,Y,S,Q,R,E,K,K,T,I,T,A,Q,R,M,R,R,S,G,A,E,G,P,L,A,G,D,H,P,P,P,S,L,S,S,V,L,K,N,N,P,L,Y,G,D,L,S,L,E,E,A,M,E,E,R,R,K,H,P,S,W,T,V,E,E,Y,D,R,H,S,L,H,T,N,L,S,G,H,L,K,E,N,P,N,D,L,R,F,W,L,G,D,M,Y,T,P,G,F,D,T,L,L,K,K,E,E,E,Q,E,K,H,S,K,Y,C,R,I,G,L,I,L,L,L,V,A,C,I,L,V,F,I,V,T,V,S,T,L,F,T
Vicugna_pacos,M,D,L,S,V,L,P,N,N,N,H,P,D,K,F,L,Q,L,D,V,K,L,L,M,R,S,S,A,P,G,Q,A,G,L,V,R,F,P,G,G,N,Y,P,A,A,Q,H,W,R,N,L,V,Y,S,Q,R,E,K,K,N,I,T,A,Q,R,M,R,G,S,H,S,R,G,A,V,A,T,E,G,P,P,P,S,L,S,S,G,L,K,N,N,P,L,Y,D,D,V,S,L,E,E,A,M,E,E,R,K,K,N,P,S,W,T,I,E,E,Y,D,K,H,S,L,H,T,N,L,S,G,H,L,K,E,N,P,N,D,L,R,F,W,L,G,D,M,Y,T,P,G,F,D,T,L,L,K,K,E,E,E,Q,E,K,H,S,R,C,C,R,V,A,L,I,L,L,L,V,A,C,V,L,V,S,I,V,T,V,S,A,F,F,T
Artibeus_jamaicensis,M,D,L,S,A,L,P,N,N,N,H,P,D,K,F,L,Q,L,D,V,K,L,L,M,R,N,S,A,L,L,Q,G,G,L,V,R,F,P,G,G,N,F,P,A,A,Q,N,W,Q,N,R,V,Y,S,Q,R,E,K,N,N,I,T,A,Q,Q,L,R,G,F,S,I,K,G,A,V,S,T,E,I,P,P,P,S,L,S,S,V,L,K,N,N,P,L,Y,G,D,M,S,L,E,E,A,M,E,D,R,K,K,N,P,S,W,T,I,E,E,Y,D,K,H,S,L,H,T,N,L,S,G,H,L,K,E,N,P,N,D,L,R,F,W,L,G,D,M,Y,T,P,G,F,D,A,L,L,K,K,E,E,E,Q,E,K,H,S,K,Y,C,R,M,G,L,I,L,L,L,V,A,C,I,L,V,S,I,V,T,V,S,T,F,F,T
Desmodus_rotundus,M,D,L,S,A,L,P,N,N,N,H,P,D,K,F,L,Q,L,D,V,K,L,L,M,R,N,S,A,L,L,Q,A,G,L,A,R,F,P,G,G,N,F,P,A,A,Q,N,W,Q,N,L,V,Y,S,Q,R,E,K,K,N,I,T,A,Q,R,L,R,G,F,S,M,K,G,A,V,S,T,E,T,P,P,P,-,L,S,L,V,L,K,N,N,P,V,Y,G,D,V,S,L,E,E,A,M,E,D,R,K,K,N,P,S,W,T,T,E,E,Y,D,K,R,S,L,H,S,N,L,S,G,H,L,K,E,N,P,N,D,L,R,F,W,L,G,D,M,Y,T,P,G,F,D,T,L,L,K,K,E,E,E,Q,E,K,H,S,K,Y,C,R,I,G,L,I,L,L,L,V,A,C,I,L,V,S,I,V,T,V,S,T,F,F,T
Eptesicus_fuscus,M,D,L,S,A,L,P,N,N,N,H,P,D,K,F,L,Q,L,D,V,K,L,L,M,R,S,S,A,L,L,Q,A,S,L,V,R,F,P,G,G,N,Y,P,A,A,Q,H,W,Q,N,L,V,Y,S,Q,R,E,K,K,N,I,T,A,Q,R,M,R,G,S,S,V,K,G,T,V,F,V,D,R,P,P,P,S,L,S,S,V,L,K,N,N,P,L,Y,G,D,V,S,L,E,E,A,M,E,E,R,K,K,N,P,S,W,T,I,E,E,Y,D,K,R,S,L,H,T,N,L,S,G,H,L,K,E,N,P,N,D,L,R,F,W,L,G,D,M,Y,T,P,G,F,D,T,L,L,K,K,E,E,E,Q,E,K,H,S,K,Y,C,R,I,G,L,I,L,L,L,V,A,C,I,L,V,S,I,V,T,V,S,T,F,F,T
Hipposideros_armiger,M,D,L,S,A,L,P,N,N,N,H,P,D,K,F,L,Q,L,D,V,K,Y,L,M,R,N,S,A,L,L,Q,A,S,L,V,R,F,P,G,G,S,Y,P,A,A,Q,H,W,Q,N,L,V,Y,S,Q,R,A,K,K,N,T,A,A,Q,R,R,R,G,S,I,A,E,G,A,V,A,V,D,I,P,P,P,S,L,S,S,V,L,K,N,N,P,L,Y,G,D,V,S,L,E,E,A,M,E,E,R,K,R,N,P,S,W,T,I,E,E,Y,D,K,R,S,L,H,T,N,L,S,G,H,L,K,E,N,P,N,D,L,R,F,W,L,G,D,M,Y,T,P,G,F,D,T,L,L,K,K,E,E,E,Q,E,K,T,S,K,Y,C,R,I,G,L,I,L,L,L,V,A,C,I,L,I,S,I,V,T,V,S,T,F,F,T
Miniopterus_natalensis,M,D,L,S,V,L,P,N,N,N,H,P,D,K,F,L,Q,L,D,A,K,L,L,M,R,S,S,A,L,L,Q,A,G,L,V,R,F,P,G,G,S,H,P,A,A,Q,H,W,Q,N,L,V,Y,S,Q,R,E,R,K,-,I,A,A,Q,Q,M,R,G,S,S,S,K,D,T,V,S,P,E,R,P,P,A,S,L,S,S,V,L,K,N,N,P,L,Y,G,D,V,S,L,E,E,A,M,E,D,R,K,K,S,P,S,W,T,I,E,E,Y,D,R,R,S,L,H,T,N,L,S,G,H,L,K,E,N,P,N,D,L,R,F,W,L,G,D,M,Y,T,P,G,F,D,T,L,L,K,K,E,E,E,Q,E,K,H,S,K,Y,R,R,I,G,L,T,L,L,L,A,A,C,V,L,V,S,I,V,T,V,S,M,F,L,T
Molossus_molossus,M,D,L,S,A,L,P,N,N,N,H,P,D,K,F,L,Q,L,D,V,K,L,L,M,R,N,S,A,L,L,Q,A,S,L,A,R,F,P,G,G,S,Y,P,A,A,Q,H,W,Q,N,L,V,Y,S,Q,K,Q,K,K,N,L,T,A,Q,H,M,R,G,F,S,M,T,G,A,I,S,A,E,R,P,P,P,S,L,S,S,V,L,K,N,N,P,L,Y,G,D,I,S,L,E,E,A,M,E,E,R,K,K,N,P,S,W,T,I,E,E,Y,D,K,R,S,Q,H,T,N,L,S,G,H,L,K,E,N,P,N,D,L,R,F,W,L,G,D,M,Y,T,P,G,F,D,T,L,L,K,K,E,E,E,Q,E,K,H,S,K,Y,C,R,I,G,L,I,L,L,L,V,A,C,I,L,V,S,I,V,T,V,S,T,F,F,T
Myotis_brandtii,M,D,L,S,A,L,P,N,N,N,H,P,D,K,F,L,Q,L,D,V,K,L,L,M,R,N,S,A,L,L,Q,A,S,L,V,R,F,P,G,G,N,Y,P,A,A,Q,H,W,Q,N,L,V,Y,S,Q,R,E,K,K,N,I,T,A,Q,R,M,R,G,S,S,V,K,G,A,V,F,V,D,R,P,P,P,S,L,S,S,V,L,K,N,N,P,L,Y,G,D,V,S,L,E,E,A,M,E,E,R,K,K,N,P,S,W,T,I,E,E,Y,D,K,R,S,L,H,T,N,L,S,G,H,L,K,E,N,P,N,D,L,R,F,W,L,G,D,M,Y,T,P,G,F,D,T,L,L,K,K,E,E,E,Q,E,K,H,S,K,Y,C,R,I,G,L,I,L,L,L,V,A,C,I,L,V,S,I,V,T,V,S,T,F,F,T
Myotis_davidii,M,D,L,S,A,L,P,N,N,N,H,P,D,K,F,L,Q,L,D,V,K,L,L,M,R,N,S,A,L,L,Q,A,N,L,V,R,F,P,G,G,N,Y,P,A,A,Q,H,W,Q,N,L,I,Y,S,Q,R,G,K,K,N,I,T,A,Q,R,M,R,G,S,S,V,K,G,A,V,F,I,D,R,P,P,P,S,L,S,S,V,L,K,N,N,P,L,Y,G,D,V,S,L,E,E,A,M,E,E,R,K,K,N,P,S,W,T,I,E,E,Y,D,K,R,S,L,H,T,N,L,S,G,H,L,K,E,N,P,N,D,L,R,F,W,L,G,D,M,Y,T,P,G,F,D,T,L,L,K,K,E,E,E,Q,E,K,H,S,K,Y,C,R,I,G,L,T,L,L,L,V,A,C,I,L,V,S,I,V,T,V,S,T,F,F,T
Myotis_lucifugus,M,D,L,S,A,L,P,N,N,N,H,P,D,K,F,L,Q,L,D,V,K,L,L,M,R,N,S,A,L,L,Q,A,S,L,V,R,F,P,G,A,N,Y,P,A,A,Q,H,W,Q,N,L,V,Y,S,Q,R,E,K,K,N,I,A,A,Q,R,M,R,G,S,S,V,K,G,A,V,F,V,D,R,P,P,P,S,L,S,S,V,L,K,N,N,P,L,Y,G,D,V,S,L,E,E,A,M,E,E,R,K,K,N,P,S,W,T,I,E,E,Y,D,K,R,S,L,H,T,N,L,S,G,H,L,K,E,N,P,N,D,L,R,F,W,L,G,D,M,Y,T,P,G,F,D,T,L,L,K,K,E,E,E,Q,E,K,H,S,K,Y,C,R,I,G,L,I,L,L,L,V,A,C,I,L,V,S,I,V,T,V,S,T,F,F,T
Myotis_myotis,M,D,L,S,A,L,P,N,N,N,H,P,D,K,F,L,Q,L,D,V,K,L,L,M,R,N,S,A,L,L,Q,A,S,L,V,R,F,P,G,G,N,Y,P,A,A,Q,H,W,Q,N,L,V,Y,S,Q,R,G,K,K,N,I,T,A,Q,R,M,R,A,S,S,V,K,G,A,V,F,V,D,R,P,P,P,S,L,S,S,V,L,K,N,N,P,L,Y,G,D,V,S,L,E,E,A,M,E,E,R,K,K,N,P,S,W,T,I,E,E,Y,D,K,R,S,L,H,T,N,L,S,G,H,L,K,E,N,P,N,D,L,R,F,W,L,G,D,M,Y,T,P,G,F,D,T,L,L,K,K,E,E,E,Q,E,K,H,S,K,Y,C,R,I,G,L,I,L,L,L,V,A,C,I,L,V,S,I,V,T,A,S,T,F,F,T
Phyllostomus_discolor,M,D,L,S,A,L,P,N,N,N,H,P,D,K,F,L,Q,L,D,V,K,L,L,M,R,N,S,A,L,L,Q,G,G,L,V,R,F,P,G,G,N,F,P,A,A,Q,N,W,K,N,L,V,Y,S,Q,R,E,K,K,N,I,T,A,Q,Q,L,R,G,F,S,M,K,G,A,A,S,T,E,I,P,P,P,P,L,L,S,V,L,K,N,N,P,L,Y,G,D,M,S,L,E,E,A,M,E,D,R,K,K,N,P,S,W,T,I,E,E,Y,D,K,H,S,L,H,T,N,L,S,G,H,L,K,E,N,P,N,D,L,R,F,W,L,G,D,M,Y,T,P,G,F,D,A,L,L,K,K,E,E,E,Q,E,K,H,S,K,Y,C,R,I,G,L,I,L,L,L,V,A,C,I,L,V,S,I,V,T,V,S,T,F,F,T
Phyllostomus_hastatus,M,D,L,S,A,L,P,N,N,N,H,P,D,K,F,L,Q,L,D,V,K,L,L,M,R,N,S,A,L,L,Q,G,G,L,V,R,F,P,G,G,N,F,P,A,A,Q,N,W,K,N,L,V,Y,S,Q,R,E,K,K,N,I,T,A,Q,Q,L,R,G,F,S,M,K,G,A,A,S,T,E,I,P,P,P,P,L,L,S,V,L,K,N,N,P,L,Y,G,D,M,S,L,E,E,A,M,E,D,R,K,K,N,P,S,W,T,I,E,E,Y,D,K,H,S,L,H,T,N,L,S,G,H,L,K,E,N,P,N,D,L,R,F,W,L,G,D,M,Y,T,P,G,F,D,A,L,L,K,K,E,E,E,Q,E,K,H,S,K,Y,C,R,I,G,L,I,L,L,L,V,A,C,I,L,V,S,I,V,T,V,S,T,F,F,T
Pipistrellus_kuhlii,M,D,L,S,A,L,P,N,N,N,H,P,D,K,F,L,Q,L,D,V,K,L,L,M,R,N,S,A,L,L,Q,A,S,L,V,R,F,P,G,G,S,Y,P,T,A,Q,H,W,Q,N,L,V,Y,A,Q,R,E,K,K,N,L,T,A,Q,R,M,R,G,S,S,V,K,G,A,V,F,I,D,R,P,P,P,A,L,S,S,V,L,K,N,N,P,L,C,G,D,I,S,L,E,E,A,M,E,E,R,K,K,N,P,S,W,T,I,E,E,Y,D,K,R,S,L,H,T,N,L,S,G,H,L,K,E,N,P,N,D,L,R,F,W,L,G,D,M,Y,T,P,G,F,D,T,L,L,K,K,E,E,E,Q,E,K,H,S,K,Y,C,R,I,G,L,I,L,L,L,I,A,C,I,L,V,S,I,V,T,V,S,T,F,F,T
Rhinolophus_ferrumequinum,M,D,L,S,A,L,P,N,N,N,H,P,D,K,F,L,Q,L,D,V,K,Y,L,M,R,N,S,A,L,L,Q,A,S,L,V,R,F,P,G,G,S,Y,P,A,A,Q,H,W,Q,N,L,V,Y,S,Q,R,D,K,K,N,I,T,A,R,R,M,R,G,S,T,V,E,G,A,V,A,V,D,I,P,P,P,S,L,S,S,V,L,K,N,N,P,L,Y,G,D,I,S,L,E,E,A,M,E,E,R,K,K,N,P,S,W,T,I,E,E,Y,D,K,R,S,L,H,T,N,L,S,G,H,L,K,E,N,P,N,D,L,R,F,W,L,G,D,M,Y,T,P,G,F,D,T,L,L,K,K,E,E,E,Q,E,K,H,S,K,Y,C,R,I,G,L,I,L,L,L,V,A,C,I,L,V,S,I,V,T,V,S,T,F,F,T
Sorex_araneus,M,D,L,S,V,L,P,N,N,N,H,P,D,K,Y,L,Q,L,D,V,K,S,L,M,R,N,S,A,L,L,Q,A,S,L,A,R,F,P,G,A,S,D,P,A,A,Q,H,W,Q,N,L,V,Y,S,Q,G,E,K,K,T,F,T,A,Q,-,-,-,-,-,-,-,-,-,-,-,-,-,D,S,P,P,P,S,L,T,S,V,L,K,N,N,P,L,Y,G,D,I,S,L,E,E,A,M,E,E,R,R,K,S,P,S,W,T,I,E,E,Y,D,R,H,S,L,H,T,N,L,S,G,H,L,K,E,N,P,N,D,L,R,F,W,L,G,D,M,Y,T,P,G,F,D,T,L,L,K,K,E,E,E,Q,E,K,H,S,K,Y,C,R,I,G,L,I,L,L,L,V,A,C,V,L,V,A,I,V,T,I,S,S,L,L,T
Sturnira_hondurensis,-,-,-,-,-,-,-,-,-,-,-,-,-,-,-,-,-,-,-,-,-,-,-,-,-,-,-,-,-,-,-,-,-,-,-,-,-,-,-,-,-,-,-,-,-,-,-,-,-,-,-,-,-,-,-,-,-,-,-,-,-,-,-,-,-,-,-,-,-,-,-,-,-,-,-,-,-,-,-,-,-,-,-,-,-,-,-,-,-,-,-,-,-,-,-,-,-,-,-,-,-,-,-,-,-,-,-,-,-,-,-,-,-,-,-,-,-,-,-,-,-,-,-,-,-,-,-,-,-,-,-,-,-,-,-,-,-,-,-,-,-,-,-,-,-,-,-,-,-,-,-,-,-,-,-,-,-,-,-,-,-,-,-,-,-,-,-,-,-,-,-,-,-,-,-,-,-,-,-,-,-,-,-,-,-,-,-,-,-,-
Pteropus_alecto,M,D,L,S,V,L,P,N,N,N,H,P,D,K,F,L,Q,L,D,V,K,S,L,M,R,S,S,A,L,L,Q,A,S,L,A,R,F,P,G,G,S,Y,P,A,A,Q,C,W,Q,N,V,V,Y,S,Q,R,E,K,K,N,L,T,A,Q,R,M,R,G,S,S,V,E,G,T,I,S,A,E,S,P,P,P,P,L,S,S,V,L,R,N,N,P,L,Y,G,D,I,S,L,K,E,A,M,E,E,R,K,K,N,P,S,W,T,I,E,E,Y,D,R,R,S,L,H,T,N,L,S,G,H,L,K,E,N,P,N,D,L,R,F,W,L,G,D,M,Y,T,P,G,F,D,T,L,L,K,K,E,E,E,Q,E,K,H,S,K,Y,R,R,I,G,L,I,L,L,L,V,A,C,I,L,V,S,I,V,T,I,S,T,F,F,I
Pteropus_giganteus,M,D,L,S,V,L,P,N,N,N,H,P,D,K,F,L,Q,L,D,V,K,S,L,M,R,S,S,A,L,L,Q,A,S,L,A,R,F,P,G,G,S,Y,P,A,A,Q,C,W,Q,N,V,V,Y,S,Q,R,E,K,K,N,L,T,A,Q,R,M,R,G,S,S,A,E,G,T,I,S,A,E,S,P,P,P,P,L,S,S,V,L,R,N,N,P,L,Y,G,D,I,S,L,K,E,A,M,E,E,R,K,K,N,P,S,W,T,I,E,E,Y,D,R,R,S,L,H,T,N,L,S,G,H,L,K,E,N,P,N,D,L,R,F,W,L,G,D,M,Y,T,P,G,F,D,T,L,L,K,K,E,E,E,Q,E,K,H,S,K,Y,R,R,I,G,L,I,L,L,L,V,A,C,I,L,V,S,I,V,T,I,S,T,F,F,I
Pteropus_vampyrus,M,D,L,S,V,L,P,N,N,N,H,P,D,K,F,L,Q,L,D,V,K,S,L,M,R,S,S,A,L,L,Q,A,S,L,A,R,F,P,G,G,S,Y,P,A,A,Q,C,W,Q,N,V,V,Y,S,Q,R,E,K,K,N,L,T,A,Q,R,M,R,G,S,S,A,E,G,T,I,S,A,E,S,P,P,P,P,L,S,S,V,L,R,N,N,P,L,Y,G,D,I,S,L,K,E,A,M,E,E,R,K,K,N,P,S,W,T,I,E,E,Y,D,R,R,S,L,H,T,N,L,S,G,H,L,K,E,N,P,N,D,L,R,F,W,L,G,D,M,Y,T,P,G,F,D,T,L,L,K,K,E,E,E,Q,E,K,H,S,K,Y,R,R,I,G,L,I,L,L,L,V,A,C,I,L,V,S,I,V,T,I,S,T,F,F,I
Rousettus_aegyptiacus,M,D,L,S,V,L,P,N,N,N,H,P,D,K,F,L,Q,L,D,V,K,S,L,M,R,S,S,A,L,L,Q,A,S,L,A,R,F,P,G,G,S,Y,P,A,A,Q,C,W,Q,N,I,V,Y,S,Q,R,E,K,K,N,L,T,A,R,R,M,R,G,S,G,A,E,G,A,I,S,A,E,S,P,P,P,P,L,S,S,V,L,R,N,N,P,L,Y,G,D,I,S,L,E,E,A,M,E,E,R,K,K,N,P,S,W,T,I,E,E,Y,D,R,R,S,L,H,T,N,L,S,G,H,L,K,E,N,P,N,D,L,R,F,W,L,G,D,M,Y,T,P,G,F,D,T,L,L,K,K,E,E,E,Q,E,K,H,S,K,Y,C,R,I,G,L,I,L,L,L,V,A,C,I,L,V,S,I,V,T,I,S,T,F,F,T
Ailuropoda_melanoleuca,M,D,L,S,V,L,P,N,N,N,H,P,D,K,F,L,Q,L,D,V,K,A,F,V,R,S,S,A,L,P,Q,A,G,L,A,R,F,P,G,G,N,Y,P,A,A,Q,H,W,Q,N,L,L,Y,S,Q,R,E,K,K,T,I,T,A,Q,R,M,K,R,S,G,A,E,G,P,L,A,G,D,H,P,P,P,S,L,S,S,V,L,K,N,N,P,L,Y,G,D,L,S,L,E,E,A,M,E,E,R,K,K,H,P,S,W,T,V,E,E,Y,D,R,H,S,L,H,T,N,L,S,G,H,L,K,E,N,P,N,D,L,R,F,W,L,G,D,M,Y,T,P,G,F,D,T,L,L,K,K,E,E,E,Q,E,K,H,S,K,Y,C,R,I,G,L,M,L,L,L,V,A,C,I,L,V,F,I,V,T,V,S,T,F,F,T
Antechinus_flavipes,M,D,L,S,V,L,P,N,N,N,H,P,D,K,F,L,Q,L,E,V,K,S,L,V,K,N,S,S,-,-,-,-,-,-,-,-,L,P,G,G,N,Y,P,A,V,Q,H,W,D,N,L,V,Y,S,Q,R,E,K,R,N,V,A,E,Q,-,-,-,-,-,-,-,-,-,-,-,-,-,-,-,-,-,-,-,-,-,-,-,L,K,N,N,P,L,Y,G,D,I,R,L,E,E,V,I,E,E,R,K,Q,S,P,S,W,T,V,Q,D,Y,D,K,N,S,L,Q,C,N,L,S,G,Y,L,K,E,N,P,N,D,L,R,F,W,L,G,D,T,Y,T,P,G,Y,D,A,L,L,K,K,K,E,R,Q,W,K,Q,S,K,Y,C,R,I,S,L,I,V,L,V,T,A,C,I,L,V,S,I,I,T,V,C,N,L,L,I
Aotus_nancymaae,M,D,L,S,V,L,P,N,N,N,H,P,D,K,F,L,Q,L,D,V,K,S,L,T,R,S,S,A,L,L,Q,A,S,L,A,R,F,P,G,G,N,Y,P,A,A,Q,H,W,Q,N,L,V,Y,S,Q,R,E,K,N,N,I,A,A,Q,R,I,R,G,S,S,A,E,S,L,V,A,S,D,S,P,P,P,S,M,S,P,I,M,K,N,N,P,L,Y,G,D,L,S,L,E,E,A,M,E,E,R,K,K,N,P,S,W,T,I,E,E,Y,D,K,R,S,L,H,T,N,L,S,G,H,L,K,E,N,P,N,D,L,R,F,W,L,G,D,M,Y,T,P,G,F,D,T,L,L,K,K,E,E,K,Q,E,K,Q,S,K,F,C,R,M,G,L,I,L,L,V,V,T,S,I,L,V,T,I,V,T,I,I,T,F,F,T
Apodemus_sylvaticus,M,D,L,S,V,L,P,N,N,N,H,P,D,K,F,L,Q,L,D,V,K,S,L,M,R,S,S,T,L,L,Q,A,S,L,A,R,F,P,G,A,N,Y,P,A,P,Q,H,W,Q,N,L,V,Y,S,Q,R,E,-,K,N,I,T,T,Q,R,N,K,G,F,G,G,E,N,P,V,L,P,E,S,P,P,A,S,M,S,S,V,M,K,N,N,P,L,Y,G,D,V,S,L,E,E,A,M,E,E,R,K,K,N,P,S,W,T,I,E,E,Y,D,K,H,S,V,H,T,N,L,S,G,H,L,K,E,N,P,N,D,L,R,F,W,L,G,D,M,Y,T,P,G,F,D,T,L,L,K,K,K,K,K,R,N,K,R,S,K,L,C,H,M,G,L,I,L,L,V,V,A,S,I,L,V,T,I,V,T,L,C,T,L,F,A
Arvicola_amphibius,M,D,L,S,V,L,P,N,N,N,H,P,D,K,F,L,Q,L,D,V,K,S,L,M,R,N,S,T,L,L,Q,A,S,L,A,R,F,P,G,G,N,F,P,A,A,Q,H,W,Q,N,L,V,Y,S,Q,R,E,-,K,S,I,S,S,Q,Q,A,K,G,F,G,G,E,S,P,V,L,A,D,S,P,P,P,S,M,S,S,V,M,K,N,N,P,L,Y,G,D,I,S,M,E,E,A,M,E,E,R,K,K,N,P,S,W,T,I,E,E,Y,D,K,H,S,A,H,T,N,L,S,G,H,L,K,E,N,P,N,D,L,R,F,W,L,G,D,T,Y,T,P,G,F,D,T,L,L,K,K,K,K,K,R,N,K,R,S,K,L,C,H,F,G,M,I,L,L,L,V,A,S,I,L,V,T,V,V,T,L,S,T,L,L,T
Callorhinus_ursinus,M,D,L,S,V,L,P,N,N,N,H,P,D,K,F,L,Q,L,D,V,K,S,F,M,R,S,S,A,L,L,Q,A,S,L,A,R,F,P,G,G,N,Y,P,A,A,Q,H,W,Q,N,L,V,Y,T,Q,R,E,K,K,T,I,T,A,Q,R,M,R,L,S,G,A,E,S,A,V,-,-,D,H,P,P,P,S,L,S,S,V,L,K,N,N,P,L,F,G,D,L,S,L,E,E,A,M,K,E,R,K,K,H,P,S,W,T,V,E,E,Y,D,R,H,S,L,H,T,K,L,S,G,H,L,K,E,N,P,N,D,L,R,F,W,L,G,D,M,Y,T,P,G,F,D,T,L,L,K,K,E,E,E,K,E,K,H,S,K,Y,C,R,I,G,L,I,L,L,L,V,A,C,V,L,V,F,I,V,T,V,S,T,F,F,T
Canis_lupus_dingo,M,D,L,S,V,L,P,N,N,N,H,P,D,K,F,L,Q,L,D,V,K,S,F,M,R,S,S,A,I,L,Q,G,S,L,V,R,F,P,G,G,S,Y,L,P,T,Q,R,W,Q,N,L,V,Y,S,Q,R,E,-,K,T,I,T,A,Q,Q,M,R,R,S,N,A,E,G,A,V,A,V,D,H,P,P,P,S,L,S,S,V,L,K,N,N,P,L,Y,G,D,I,G,L,E,E,A,M,E,E,R,K,K,N,P,S,W,T,A,E,E,Y,D,R,H,S,L,H,T,N,L,S,G,H,L,K,E,N,P,N,D,L,R,F,W,L,G,D,M,Y,T,P,G,F,D,T,L,L,K,K,E,E,E,Q,E,K,H,S,K,Y,C,R,V,G,L,I,L,L,L,V,A,C,I,L,V,F,I,V,T,V,S,T,F,F,T
Carlito_syrichta,M,D,L,S,V,L,P,N,N,N,H,P,D,K,F,L,Q,L,D,V,K,S,L,M,R,S,S,A,L,L,Q,A,S,L,V,R,F,P,G,G,N,Y,P,A,A,Q,H,W,Q,N,H,V,Y,S,Q,R,E,K,K,K,I,A,V,Q,R,N,R,G,S,S,V,E,A,L,A,T,D,D,S,P,P,R,S,M,S,S,V,L,K,N,N,P,L,Y,G,D,I,S,L,E,E,A,M,E,E,R,K,K,N,P,S,W,T,I,E,E,Y,D,K,R,S,L,H,T,N,L,S,G,H,L,K,E,N,P,N,D,L,R,F,W,L,G,D,M,Y,T,P,G,F,D,T,L,L,K,K,E,E,K,Q,E,K,Q,S,K,Y,C,R,V,G,L,I,L,L,L,V,T,S,I,L,V,T,I,V,T,I,S,T,F,F,T
Castor_canadensis,M,D,L,S,V,L,P,N,N,N,H,P,D,K,F,L,Q,L,D,V,K,T,L,M,R,S,P,A,L,L,Q,A,S,L,A,R,F,P,G,G,N,Y,P,A,A,Q,H,W,Q,N,L,V,Y,S,Q,K,E,-,K,N,I,T,T,Q,P,T,K,G,F,S,R,E,G,P,V,A,A,G,S,P,P,P,S,M,S,S,V,M,K,N,N,P,L,Y,T,D,L,S,L,E,E,A,M,E,E,R,K,K,N,P,S,W,T,V,E,E,Y,D,K,H,S,L,H,T,N,L,S,G,H,L,K,E,N,P,N,D,L,R,F,W,L,G,D,M,Y,T,P,G,F,D,T,L,L,K,K,K,K,K,R,D,K,R,S,K,L,C,H,M,G,L,I,L,L,L,V,A,S,I,L,V,T,I,V,T,I,S,T,F,F,T
Cavia_porcellus,M,D,L,S,V,L,P,N,N,N,H,P,D,K,F,L,Q,L,D,V,K,S,L,M,K,S,P,A,L,Q,Q,A,G,L,V,R,L,L,G,G,N,Y,P,A,A,Q,H,W,Q,N,L,V,Y,S,Q,R,E,K,K,S,I,T,A,H,R,I,K,G,S,S,G,E,A,S,V,T,A,D,S,P,P,P,S,M,S,S,V,M,K,N,N,P,L,Y,G,G,L,S,L,E,D,A,I,E,E,S,K,K,S,P,S,W,T,V,E,E,Y,D,K,H,S,L,H,T,N,L,S,G,H,L,K,E,N,P,N,D,L,R,F,W,L,G,D,M,Y,T,P,G,F,D,T,L,L,K,K,K,K,K,H,D,K,R,S,K,L,C,R,M,G,L,I,F,L,L,V,A,S,V,F,I,T,I,V,T,L,S,T,L,L,T
Cervus_elaphus_hippelaphus,-,-,-,-,-,-,-,-,-,-,-,-,-,-,-,-,-,-,-,-,-,-,-,-,-,-,-,-,-,-,-,-,-,-,-,-,-,-,-,-,-,-,-,-,-,-,-,-,-,-,-,-,-,-,-,-,-,-,-,-,-,-,-,-,-,-,-,-,-,-,-,-,-,-,-,-,-,-,-,-,-,-,-,-,-,-,-,-,-,-,-,-,-,-,-,-,-,-,-,-,-,-,-,-,-,-,-,-,-,-,-,-,-,-,-,-,-,-,-,-,-,-,-,-,-,-,-,-,-,-,-,-,-,-,-,-,-,-,-,-,-,-,-,-,-,-,-,-,-,-,-,-,-,-,-,-,-,-,-,-,-,-,-,-,-,-,-,-,-,-,-,-,-,-,-,-,-,-,-,-,-,-,-,-,-,-,-,-,-,-
Chinchilla_lanigera,M,D,L,S,V,L,P,N,N,N,H,P,D,K,F,L,Q,L,D,V,K,S,L,M,K,S,P,A,L,Q,Q,A,S,L,V,R,L,L,G,G,N,Y,P,A,A,Q,H,W,Q,N,L,V,Y,S,Q,K,E,K,K,N,V,T,A,Q,R,V,K,G,S,S,-,-,-,-,V,I,A,D,S,P,P,P,S,M,S,S,V,M,K,N,N,P,L,Y,G,D,I,S,L,E,E,A,M,E,E,R,K,K,S,P,S,W,T,I,E,E,Y,D,K,H,S,L,H,T,N,L,S,G,H,L,K,E,N,P,N,D,L,R,F,W,L,G,D,M,Y,T,P,G,F,D,T,L,L,K,K,K,K,K,H,D,K,Q,S,K,L,C,R,V,G,L,I,V,L,L,V,A,S,I,L,I,T,I,V,T,V,S,T,L,F,T
Choloepus_didactylus,M,D,L,S,V,L,P,N,N,N,H,P,D,K,F,L,Q,L,D,V,K,S,L,M,R,S,S,A,L,L,Q,A,S,L,A,G,F,P,G,G,N,Y,P,A,A,Q,H,W,Q,N,L,V,Y,S,Q,R,G,K,K,T,I,A,A,Q,Q,A,K,G,S,S,V,E,I,P,M,A,A,D,S,P,P,P,S,L,S,S,V,L,K,N,N,P,L,Y,G,D,L,S,L,E,E,A,M,K,E,R,K,K,N,P,S,W,T,A,E,D,Y,D,K,R,S,L,H,T,N,L,S,G,L,L,K,E,N,P,N,D,L,R,F,W,L,G,D,M,Y,T,P,G,F,D,T,L,L,K,K,E,E,K,Q,E,K,Q,T,K,Y,C,R,I,G,L,L,L,L,L,V,T,C,I,L,V,S,I,V,T,I,S,T,F,L,T
Cricetulus_griseus,M,D,L,F,V,L,P,N,N,N,H,P,D,K,F,L,L,V,D,V,K,S,L,M,R,S,S,N,L,V,Q,A,S,L,A,R,F,P,G,G,N,F,P,A,T,Q,H,W,Q,N,L,V,Y,S,Q,R,E,-,K,T,I,P,H,Q,G,A,K,G,S,G,G,E,S,P,V,L,P,D,N,P,P,P,S,M,S,S,V,T,K,N,N,P,L,Y,G,D,V,S,L,E,E,A,M,E,E,R,K,K,N,P,S,W,T,I,E,E,Y,D,K,R,S,V,H,T,N,L,S,G,Q,L,K,E,N,P,N,D,L,R,F,W,L,G,D,M,Y,T,P,G,F,D,T,L,L,K,K,K,K,K,R,N,K,R,S,K,L,C,H,M,G,L,I,L,L,I,V,A,S,I,L,V,T,I,V,T,L,S,T,L,F,T
Dasypus_novemcinctus,M,D,L,S,V,L,P,N,N,N,H,P,D,K,F,L,Q,L,D,V,K,S,L,R,K,T,S,A,L,L,Q,V,G,L,V,R,F,P,G,G,S,Y,P,A,A,Q,H,W,Q,N,L,V,Y,S,Q,R,E,K,K,N,I,T,A,Q,R,A,K,R,S,S,V,E,G,H,M,A,A,D,R,P,P,P,S,L,S,S,V,L,K,N,N,P,L,Y,G,D,V,S,L,E,E,A,L,K,E,R,Q,T,N,P,S,W,T,V,E,D,Y,D,K,H,S,L,H,T,N,L,S,G,H,L,K,E,N,P,N,D,L,R,F,W,L,G,D,M,Y,T,P,G,F,D,T,L,L,K,K,E,E,K,Q,E,K,Q,S,K,Y,C,R,I,G,L,L,L,L,L,I,A,C,I,L,V,S,I,V,T,I,S,T,F,F,T
Dipodomys_ordii,M,D,L,S,V,L,P,N,N,N,H,P,D,K,F,L,Q,L,D,V,K,S,L,M,R,S,P,A,I,L,Q,A,S,L,A,R,F,P,S,G,N,Y,P,A,A,Q,H,W,Q,N,L,V,Y,S,Q,-,-,-,-,-,-,-,-,Q,R,I,K,G,F,S,V,E,V,P,L,I,A,D,S,P,P,P,S,M,S,S,V,M,K,N,N,P,L,Y,G,D,I,S,L,E,E,A,M,E,E,R,K,K,N,P,S,W,T,I,Q,E,Y,D,K,R,S,L,H,S,N,L,S,G,H,L,K,E,N,P,N,D,L,R,F,W,L,G,D,M,Y,T,P,G,F,D,T,L,L,K,K,K,K,K,R,D,K,R,S,K,L,C,H,M,G,L,I,L,L,L,V,T,S,V,L,V,T,I,V,T,I,S,T,F,F,T
Dipodomys_spectabilis,M,D,L,S,V,L,P,N,N,N,H,P,D,K,F,L,Q,L,D,V,K,S,L,M,R,S,P,A,F,L,Q,A,S,L,A,R,F,P,S,G,N,Y,P,A,A,Q,H,W,Q,N,L,V,Y,S,Q,R,E,-,N,N,F,T,T,Q,R,I,K,G,F,S,V,E,V,P,L,I,A,D,S,P,P,P,S,M,S,S,V,M,K,N,N,P,L,Y,S,D,I,S,L,E,E,A,M,E,E,R,K,K,N,P,S,W,T,I,Q,E,Y,D,K,R,S,L,H,S,N,L,S,G,H,L,K,E,N,P,N,D,L,R,F,W,L,G,D,M,Y,T,P,G,F,D,T,L,L,K,K,K,K,K,R,D,K,R,S,K,L,C,H,M,G,L,I,L,L,L,V,T,S,V,L,V,T,I,V,T,I,S,T,F,F,T
Dromiciops_gliroides,M,D,L,S,V,L,P,N,N,N,H,P,D,K,F,L,Q,L,E,V,K,S,L,I,K,N,S,A,L,P,Q,A,N,L,P,I,L,P,G,G,N,Y,P,A,V,Q,H,W,H,N,L,V,Y,S,Q,R,E,K,K,-,-,-,-,-,-,-,-,-,-,-,-,-,-,-,-,-,-,-,-,-,-,-,-,-,-,-,-,L,K,N,N,P,L,Y,G,D,I,R,L,E,E,A,M,E,E,R,K,Q,S,P,S,W,T,I,Q,D,Y,D,K,H,S,L,Q,S,N,L,S,G,Y,L,K,E,N,P,N,D,L,R,F,W,L,G,D,T,Y,T,P,G,Y,D,A,L,L,K,K,K,E,R,Q,W,K,Q,S,K,Y,C,R,I,S,L,I,V,L,G,T,A,C,I,L,V,S,I,I,T,V,C,N,F,L,T
Elephantulus_edwardii,M,D,L,S,V,L,P,N,N,N,H,P,D,K,F,L,Q,L,E,V,K,S,L,M,R,S,S,A,R,L,Q,A,N,L,A,R,F,P,G,G,N,Y,P,A,A,Q,H,W,Q,N,L,V,Y,S,Q,R,E,K,K,N,L,T,M,Q,R,I,R,N,A,A,V,E,G,P,V,V,P,E,M,P,P,P,S,L,S,S,V,L,K,N,N,P,L,Y,G,D,I,S,L,E,E,A,M,E,D,R,R,K,N,P,S,W,T,I,E,D,Y,D,K,R,S,L,H,T,N,L,S,D,H,L,K,E,N,P,N,D,L,R,F,W,L,G,D,M,Y,T,P,G,F,D,T,L,L,R,K,E,E,K,Q,E,K,Q,S,K,Y,C,R,L,G,L,L,V,L,L,A,A,C,V,L,V,S,I,V,T,V,S,A,L,F,T
Equus_caballus,M,D,L,S,V,L,P,N,N,N,H,P,D,K,F,L,Q,L,D,V,K,S,L,M,R,N,S,A,L,L,Q,A,S,L,V,R,F,P,G,G,N,Y,P,A,A,Q,Q,W,Q,N,L,V,Y,S,Q,R,E,K,R,I,I,T,A,Q,R,M,R,G,S,R,V,E,G,A,I,A,A,D,R,P,P,P,-,L,S,S,V,L,K,N,N,P,L,Y,G,D,M,S,L,E,E,A,M,E,E,R,K,K,N,P,S,W,T,I,E,D,Y,D,K,R,S,L,H,T,N,L,S,G,H,L,K,E,N,P,H,D,L,R,F,W,L,G,D,M,Y,T,P,G,F,D,T,L,L,R,K,E,E,E,Q,E,K,H,S,K,Y,C,R,I,G,L,I,L,L,L,V,V,C,I,L,V,S,I,V,T,I,S,T,F,F,I
Erinaceus_europaeus,M,D,L,S,V,L,P,N,N,N,H,P,D,K,F,L,Q,L,E,V,K,S,S,M,R,N,S,A,L,L,Q,A,S,L,M,R,L,P,G,G,N,Y,P,V,A,Q,H,W,Q,N,L,V,Y,S,Q,R,E,K,K,M,I,T,T,Q,R,M,K,G,S,G,V,E,G,T,I,A,T,D,I,P,P,R,S,L,S,S,I,M,I,N,N,P,L,Y,G,D,I,S,L,D,E,A,M,E,E,R,K,K,S,P,S,W,T,I,E,E,Y,D,K,H,S,L,H,T,N,L,S,G,L,L,K,E,N,P,N,D,L,R,F,W,L,G,D,M,Y,T,P,G,F,D,T,L,L,K,K,K,E,E,Q,E,K,H,S,K,Y,C,R,I,G,L,M,L,L,L,V,A,C,V,L,V,S,I,V,T,I,S,S,F,L,T
Eumetopias_jubatus,M,D,L,S,V,L,P,N,N,N,H,P,D,K,F,L,Q,L,D,V,K,S,F,M,R,S,S,A,L,L,Q,A,S,L,A,R,F,P,G,G,N,Y,P,A,A,Q,H,W,Q,N,L,V,Y,T,Q,R,E,K,K,T,I,T,A,Q,R,M,R,L,S,G,A,E,S,A,V,-,-,D,H,P,P,P,S,L,S,S,V,L,K,N,N,P,L,F,G,D,L,S,L,E,E,A,M,K,E,R,K,K,H,P,S,W,T,V,E,E,Y,D,R,H,S,L,H,T,N,L,S,G,H,L,K,E,N,P,N,D,L,R,F,W,L,G,D,M,Y,T,P,G,F,D,T,L,L,K,K,E,E,E,K,E,K,H,S,K,Y,C,R,I,G,L,I,L,L,L,V,A,C,V,L,V,F,I,V,T,V,S,T,F,F,T
Felis_catus,M,D,L,S,V,L,P,N,N,N,H,P,D,K,F,L,R,L,D,V,K,S,F,M,R,N,S,A,L,L,Q,A,S,L,V,R,F,P,G,G,N,H,P,A,A,Q,H,W,Q,N,L,V,Y,S,Q,R,E,K,K,T,I,T,A,Q,R,M,R,G,P,S,A,Q,R,A,V,A,T,D,H,P,P,P,S,L,S,S,V,L,K,N,N,P,L,Y,G,D,I,S,L,E,E,A,M,E,E,R,K,K,N,P,S,W,T,V,E,E,Y,D,R,H,S,L,H,T,N,L,S,G,H,L,K,E,N,P,N,D,L,R,F,W,L,G,D,M,Y,T,P,G,F,D,T,L,L,K,K,E,E,E,Q,E,K,H,S,K,Y,C,R,I,G,L,I,L,L,L,V,A,C,I,L,V,F,I,V,T,V,C,M,F,F,T
Fukomys_damarensis,M,D,L,S,V,L,P,N,N,N,H,P,D,K,F,L,Q,L,D,V,K,S,L,M,K,S,P,P,F,Q,Q,A,S,L,A,R,L,Q,G,G,N,Y,P,A,A,Q,H,W,Q,N,L,V,Y,S,Q,R,E,K,K,N,I,A,A,Q,R,T,K,G,S,S,G,E,S,S,A,V,A,D,G,P,L,P,S,M,S,S,V,M,K,N,N,P,L,Y,G,D,I,S,L,E,E,A,M,E,E,R,K,K,N,P,S,W,T,I,E,E,Y,D,R,H,S,L,H,T,N,L,S,G,H,L,K,E,N,P,S,D,L,R,F,W,L,G,D,M,Y,T,P,G,F,D,T,L,L,K,K,K,K,K,R,D,K,K,T,K,L,C,R,M,G,L,I,S,L,L,V,A,S,I,L,V,T,I,V,T,I,S,T,L,F,T
Galeopterus_variegatus,-,-,-,-,-,-,-,-,-,-,-,-,-,-,-,-,-,-,-,-,-,-,-,-,-,-,-,-,-,-,-,-,-,-,-,-,-,-,-,-,-,-,-,-,-,-,-,-,-,-,-,-,-,-,-,-,-,-,-,-,-,-,-,-,-,-,-,-,-,-,-,-,-,-,-,-,-,-,-,-,-,-,-,-,-,-,-,-,-,-,-,-,-,-,-,-,-,-,-,-,-,-,-,-,-,-,-,-,-,-,-,-,-,-,-,-,-,-,-,-,-,-,-,-,-,-,-,-,-,-,-,-,-,-,-,-,-,-,-,-,-,-,-,-,-,-,-,-,-,-,-,-,-,-,-,-,-,-,-,-,-,-,-,-,-,-,-,-,-,-,-,-,-,-,-,-,-,-,-,-,-,-,-,-,-,-,-,-,-,-
Gracilinanus_agilis,M,D,L,S,V,L,P,N,N,N,H,P,D,K,F,L,Q,L,E,V,K,S,L,V,T,N,S,A,L,P,Q,A,N,F,P,R,L,P,G,G,N,Y,P,A,M,Q,H,W,H,N,L,V,Y,S,Q,R,E,K,R,N,V,A,E,Q,-,-,-,-,-,-,-,-,-,-,-,-,-,-,-,-,-,-,-,-,-,-,-,-,K,N,N,L,L,Y,G,D,I,R,I,E,E,A,M,E,E,R,K,Q,R,P,S,W,T,I,Q,D,Y,D,K,H,S,V,Q,S,N,L,S,G,Y,L,K,E,N,P,N,D,L,R,F,W,L,G,D,T,Y,T,P,G,Y,D,A,L,L,K,K,K,E,Q,Q,Q,K,Q,S,K,C,C,R,I,S,L,I,V,L,V,P,I,C,I,L,V,S,I,I,T,V,C,N,F,L,T
Grammomys_surdaster,M,D,L,S,V,L,P,N,N,N,H,P,E,K,F,L,Q,L,D,V,K,S,L,M,R,S,S,T,L,L,Q,A,S,L,A,R,F,P,G,G,H,Y,P,A,T,Q,H,W,Q,N,L,V,Y,S,Q,-,-,-,K,N,I,A,T,Q,R,I,K,G,F,G,G,E,N,P,V,L,P,E,S,P,P,A,S,M,S,S,V,M,K,N,N,P,L,Y,G,D,V,S,L,E,E,A,M,E,E,R,K,K,N,P,S,W,T,I,E,E,Y,D,K,H,S,V,H,T,N,L,S,G,H,L,K,E,N,P,N,D,L,R,F,W,L,G,D,M,Y,T,P,G,F,D,T,L,L,K,K,K,K,K,R,N,K,R,S,K,L,C,H,M,G,L,I,L,L,V,V,S,C,I,L,V,T,I,V,T,L,S,T,I,F,S
Heterocephalus_glaber,M,D,L,S,V,L,P,N,N,N,H,P,D,K,F,L,Q,L,D,V,K,S,L,M,K,S,P,A,F,Q,Q,A,S,L,M,R,L,P,G,G,N,Y,P,A,A,Q,H,W,Q,N,L,V,Y,S,Q,R,E,K,K,N,I,P,A,Q,R,A,K,G,S,S,G,E,Y,S,A,T,A,D,S,P,P,P,S,M,S,S,V,M,K,N,N,P,L,Y,G,D,L,S,L,E,E,A,M,E,E,R,K,E,N,P,S,W,T,I,E,E,Y,D,K,H,S,L,Y,T,N,L,S,E,H,L,K,E,N,P,N,D,L,R,F,W,L,G,D,M,Y,T,P,G,F,D,T,L,L,K,K,K,K,K,H,D,K,R,T,K,L,C,R,M,G,L,I,L,L,L,L,A,S,I,L,V,T,I,V,T,I,S,T,L,F,T
Hyaena_hyaena,M,D,L,S,V,L,P,N,N,N,H,P,D,K,F,L,Q,L,D,V,K,A,F,M,R,N,S,P,L,L,Q,A,S,L,V,R,F,P,G,G,N,H,P,A,A,Q,H,W,Q,N,L,V,Y,S,Q,R,E,R,K,T,L,T,A,Q,R,M,R,G,P,S,A,E,G,A,V,A,A,D,R,P,P,P,S,L,S,S,V,L,K,N,N,P,L,Y,G,D,I,S,L,E,E,A,M,E,E,R,K,K,N,P,S,W,T,I,E,E,Y,D,R,H,S,L,H,T,N,L,S,G,H,L,K,E,N,P,N,D,L,Q,F,W,L,G,D,M,Y,T,P,G,F,D,T,L,L,K,K,E,E,E,Q,E,K,H,S,K,Y,C,R,I,G,L,I,L,F,L,V,A,C,I,L,V,F,I,V,T,V,C,T,F,F,T
Jaculus_jaculus,M,D,L,S,V,L,P,N,N,N,H,P,D,K,F,L,Q,L,E,V,K,S,L,M,R,S,T,L,L,L,Q,A,N,L,A,R,F,P,G,G,N,Y,P,A,T,Q,H,W,Q,N,L,V,Y,A,Q,R,E,-,K,N,L,S,T,Q,Q,M,K,G,F,G,G,E,S,P,V,M,A,I,R,P,L,P,S,M,S,S,A,M,K,N,N,P,L,Y,G,D,S,S,L,E,E,A,M,E,E,R,K,R,S,P,S,W,T,I,A,E,Y,D,R,R,S,A,Y,T,N,L,S,G,H,L,K,E,N,P,N,D,L,R,F,W,L,G,D,M,Y,T,P,G,F,D,T,L,L,K,K,E,K,K,Q,E,K,Q,S,K,L,C,H,V,A,L,I,V,L,L,A,A,S,I,L,V,T,I,V,I,L,S,T,F,L,T
Lemur_catta,M,D,L,S,V,L,P,N,N,N,H,P,D,K,F,L,Q,L,D,V,K,P,L,M,-,S,S,A,L,L,Q,A,S,L,A,R,C,P,G,G,N,D,P,T,A,Q,H,W,Q,N,L,L,Y,A,Q,R,E,K,K,K,F,A,A,Q,R,I,R,G,S,S,T,E,H,R,V,T,A,D,S,P,P,P,S,M,S,P,V,T,K,S,N,P,L,Y,G,D,I,T,L,E,E,A,M,E,E,R,K,K,N,P,S,W,T,I,K,D,Y,D,K,R,S,L,H,T,N,L,S,G,H,L,K,E,N,P,N,D,L,R,F,W,L,G,D,M,Y,T,P,G,F,D,T,L,L,K,K,E,K,K,Q,E,K,Q,S,K,L,C,R,M,G,L,I,L,L,V,L,T,S,V,L,V,T,I,V,T,I,S,T,L,F,T
Leptonychotes_weddellii,M,D,L,S,V,L,P,N,N,N,H,P,D,K,F,L,Q,L,D,V,K,S,F,R,R,S,S,A,L,L,Q,A,S,L,A,K,F,P,A,G,S,Y,P,A,A,Q,H,W,Q,N,L,V,Y,T,Q,R,E,K,K,T,I,T,D,Q,R,M,R,L,S,G,A,E,S,A,V,-,-,D,H,P,P,P,S,L,S,S,V,L,K,N,N,P,L,Y,G,D,L,S,L,E,E,A,M,E,E,R,K,K,H,P,S,W,T,V,E,E,Y,D,R,H,S,L,H,T,N,L,S,G,H,L,K,E,N,P,N,D,L,R,F,W,L,G,D,M,Y,T,P,G,F,D,T,L,L,K,K,E,E,E,Q,E,K,H,S,K,Y,R,R,I,G,L,I,L,L,L,V,A,C,V,L,V,F,I,V,T,V,S,T,F,F,T
Lontra_canadensis,M,D,L,S,V,L,P,N,N,N,H,P,D,K,F,L,Q,L,D,V,K,S,F,M,R,S,S,A,L,L,Q,A,S,L,A,R,F,P,G,G,N,Y,P,A,A,Q,H,W,Q,N,L,V,Y,S,Q,R,E,K,K,T,I,P,A,Q,R,-,-,-,-,-,-,-,-,-,-,-,-,D,H,P,P,P,S,L,S,S,V,L,K,N,N,P,L,Y,G,D,L,S,L,E,E,A,M,E,E,R,K,K,H,P,S,W,T,V,E,E,Y,D,R,H,S,L,H,T,N,L,S,G,H,L,K,E,N,P,N,D,L,R,F,W,L,G,D,M,Y,T,P,G,F,D,T,L,L,K,K,E,E,E,Q,E,K,H,S,K,Y,C,R,I,G,L,I,L,F,L,V,A,C,I,L,V,F,I,V,T,V,C,T,F,F,T
Lynx_canadensis,M,D,L,S,V,L,P,N,N,N,H,P,D,K,F,L,R,L,D,V,K,S,F,K,R,N,S,A,L,L,Q,A,S,L,V,R,F,P,G,G,N,H,P,A,A,Q,H,W,Q,N,L,V,Y,S,Q,R,E,K,K,T,I,T,A,Q,R,M,R,G,P,S,A,Q,R,A,V,A,T,D,H,P,P,P,S,L,S,S,V,L,K,N,N,P,L,Y,G,D,I,S,L,E,E,A,M,E,E,R,K,K,N,P,S,W,T,V,E,E,Y,D,R,H,S,L,H,T,N,L,S,G,H,L,K,E,N,P,N,D,L,R,F,W,L,G,D,M,Y,T,P,G,F,D,T,L,L,K,K,E,E,E,Q,E,K,H,S,K,Y,C,R,I,G,L,I,L,L,L,V,A,C,I,L,V,F,I,V,T,V,C,M,F,F,T
Manis_javanica,M,D,L,S,V,L,P,N,N,N,H,P,D,K,F,L,Q,L,D,V,K,P,L,M,Q,N,S,A,L,L,Q,A,S,M,A,R,F,P,G,G,N,H,P,A,P,Q,H,W,R,N,L,V,Y,S,Q,R,E,K,K,T,M,T,P,Q,R,G,R,G,S,T,V,E,G,A,I,A,A,E,R,A,P,P,S,L,S,A,V,L,K,N,N,P,L,Y,G,D,V,S,F,E,E,A,M,E,E,R,K,K,N,P,S,W,T,V,E,E,Y,D,K,H,S,L,H,E,N,L,A,G,H,L,K,E,N,P,N,D,L,R,F,W,L,G,D,M,Y,T,P,G,F,D,T,L,L,K,K,E,E,E,Q,E,K,H,S,K,Y,R,R,I,G,L,I,F,L,L,V,A,C,L,L,V,F,I,V,T,V,S,T,F,L,-
Manis_pentadactyla,M,D,L,S,V,L,P,N,N,N,H,P,D,K,F,L,Q,L,D,V,K,P,L,M,R,N,S,A,L,L,Q,A,S,L,A,R,F,P,G,G,N,H,P,A,P,Q,H,W,R,N,L,V,Y,S,Q,R,E,K,K,T,M,T,P,Q,R,G,R,G,S,T,V,E,G,A,I,A,A,E,R,A,P,P,S,L,S,A,V,L,K,N,N,P,L,Y,G,D,V,S,L,E,E,V,M,E,E,R,K,K,N,P,S,W,T,V,E,E,Y,D,K,H,S,L,H,E,N,L,A,G,H,L,K,E,N,P,N,D,L,Q,F,W,L,G,D,M,Y,T,P,G,F,D,T,L,L,K,K,E,E,E,Q,Q,K,H,S,K,Y,R,R,I,G,L,I,F,L,L,V,A,C,L,L,V,F,I,V,T,V,S,T,F,L,T
Mastomys_coucha,M,D,L,S,V,L,P,N,N,N,H,P,D,K,F,L,Q,L,D,V,K,S,L,M,R,S,S,T,L,L,Q,A,S,L,A,R,F,P,G,G,N,Y,P,A,T,Q,H,W,Q,N,L,V,Y,S,Q,-,-,-,K,T,I,A,T,Q,R,I,K,G,F,G,V,E,N,P,V,L,P,E,S,P,P,S,S,M,S,S,V,M,K,N,N,P,L,Y,G,D,V,S,L,E,E,A,M,E,E,R,K,K,N,P,S,W,T,I,E,E,Y,D,R,H,S,V,H,T,N,L,S,G,H,L,K,E,N,P,N,D,L,R,F,W,L,G,D,M,Y,T,P,G,F,D,T,L,L,K,K,K,K,K,R,N,K,R,S,K,L,C,H,M,G,L,I,L,L,L,V,A,S,I,L,V,T,I,V,T,L,S,T,I,F,S
Meles_meles,M,D,L,S,V,L,P,N,N,N,H,P,D,K,F,L,Q,L,D,V,K,S,F,M,R,S,S,A,L,L,Q,A,S,L,A,R,F,P,G,G,N,Y,P,A,A,Q,H,W,Q,N,L,V,Y,S,Q,R,E,K,K,T,I,P,A,Q,R,M,K,R,S,G,P,E,G,I,A,A,V,D,H,P,P,P,S,L,S,S,V,L,K,N,N,P,L,Y,G,D,L,S,L,E,E,A,M,E,E,R,K,K,H,P,S,W,T,V,E,E,Y,D,R,H,S,L,H,T,N,L,S,G,H,L,K,E,N,P,N,D,L,R,F,W,L,G,D,M,Y,T,P,G,F,D,T,L,L,K,K,E,E,E,Q,E,K,H,S,K,Y,C,R,I,G,L,I,L,L,L,V,A,C,I,L,V,F,I,V,T,V,C,T,F,F,T
Meriones_unguiculatus,M,D,L,S,V,L,P,N,N,N,H,P,D,K,F,L,Q,L,D,V,K,S,L,M,R,S,S,T,L,L,Q,A,S,L,A,R,F,P,G,G,N,Y,P,A,T,Q,H,W,Q,N,L,V,Y,S,Q,R,E,-,N,N,A,A,T,Q,R,T,K,G,I,S,G,E,S,P,V,L,P,D,S,P,P,P,S,V,S,P,V,M,K,N,N,P,L,Y,G,D,V,S,L,E,E,A,M,E,E,R,K,K,N,P,S,W,T,I,E,E,Y,D,K,H,S,V,H,T,N,L,S,G,H,L,K,E,N,P,N,D,L,R,F,W,L,G,D,M,Y,T,P,G,F,D,T,L,L,K,K,K,K,K,R,N,K,R,S,K,L,C,H,M,G,L,I,L,L,V,V,S,S,I,L,V,T,I,V,T,L,S,A,L,F,A
Mesocricetus_auratus,M,D,L,S,V,L,P,N,N,N,H,P,D,K,F,L,Q,L,D,V,K,S,L,M,R,S,S,N,L,V,Q,A,S,L,A,R,F,P,G,G,N,F,P,A,T,Q,H,W,Q,N,L,V,Y,S,Q,-,-,-,K,N,I,A,S,Q,R,A,K,G,F,G,G,E,S,P,V,V,P,D,N,P,P,P,S,M,S,S,V,T,K,N,N,P,L,Y,G,D,A,S,L,E,E,A,T,E,E,R,K,K,S,P,S,W,T,I,E,E,Y,D,K,H,S,A,H,T,N,L,S,G,H,L,K,E,N,P,N,D,L,R,Y,W,L,G,D,M,Y,T,P,G,F,D,T,L,L,K,K,K,K,K,R,N,K,R,S,K,L,C,H,M,G,L,I,L,L,V,V,A,S,I,L,V,T,I,V,T,L,S,T,L,F,T
Microcebus_murinus,M,D,L,S,V,L,P,N,N,N,H,P,D,K,F,L,Q,L,D,V,K,S,L,M,-,S,S,A,L,L,Q,A,S,L,A,Q,F,P,G,G,N,Y,P,A,A,Q,H,W,Q,N,L,V,Y,S,Q,R,E,K,K,N,T,A,A,Q,R,-,-,-,-,-,-,-,-,-,-,-,-,-,-,-,-,-,-,-,-,-,-,-,K,N,N,P,L,Y,G,D,V,S,L,E,E,A,M,E,E,R,K,K,S,P,S,W,T,I,E,D,Y,D,K,R,S,L,H,T,N,L,S,G,H,L,K,E,N,P,N,D,L,R,F,W,L,G,D,M,Y,T,P,G,F,D,T,L,L,K,K,E,K,K,Q,E,K,Q,S,K,L,C,R,L,G,L,I,F,F,V,L,T,S,I,V,V,T,I,V,T,I,S,T,L,F,T
Microtus_fortis,M,D,L,S,V,L,P,N,N,N,H,P,D,K,F,L,Q,L,D,V,K,S,L,M,R,N,S,T,L,L,Q,A,S,L,A,R,F,P,G,G,N,F,P,A,P,Q,H,W,Q,N,L,V,Y,S,Q,-,-,-,-,-,-,-,-,Q,R,A,K,G,F,G,G,E,N,A,V,L,P,D,S,P,P,R,S,M,S,S,V,M,K,N,N,P,L,Y,G,E,M,G,I,E,E,A,R,E,E,R,K,K,S,P,S,W,T,I,E,E,Y,D,K,H,S,A,H,T,N,L,C,G,H,L,K,E,N,P,N,D,L,R,F,W,L,G,D,T,Y,T,P,G,F,D,T,L,L,K,K,K,R,K,R,N,K,R,S,K,L,C,H,F,G,M,I,L,L,L,V,V,S,I,L,V,T,I,V,T,L,T,T,L,L,V
Microtus_ochrogaster,M,D,L,S,V,L,P,N,N,N,H,P,D,K,F,L,Q,L,D,V,K,S,L,M,R,N,S,T,L,L,Q,A,S,L,A,R,F,P,G,G,N,F,P,A,P,Q,H,W,Q,N,L,V,Y,S,Q,R,E,-,K,S,I,S,S,Q,R,A,K,G,F,G,G,E,N,A,V,L,P,D,S,P,P,P,S,M,S,S,V,M,K,N,N,P,L,Y,G,D,M,S,I,E,E,A,M,E,E,R,K,K,S,P,S,W,T,I,E,E,Y,D,K,H,S,A,H,T,N,L,S,G,H,L,K,E,N,P,N,D,L,R,F,W,L,G,D,T,Y,T,P,G,F,D,T,L,L,K,K,K,K,K,R,N,K,R,S,K,L,C,H,L,G,M,I,V,L,L,V,V,S,I,L,V,T,V,V,T,L,S,T,L,L,I
Microtus_oregoni,M,D,L,S,V,L,P,N,N,N,H,P,D,K,F,L,Q,L,D,V,K,S,L,M,R,N,S,T,L,L,Q,A,S,L,A,R,F,P,G,G,N,F,P,A,P,Q,H,W,Q,N,L,V,Y,S,Q,R,E,-,K,S,I,S,S,Q,R,A,K,G,F,G,G,E,N,A,V,L,P,E,S,P,P,P,S,M,S,S,V,M,K,N,N,P,L,Y,G,D,M,S,I,E,E,A,M,E,E,R,K,K,S,P,S,W,T,I,E,E,Y,D,K,H,S,A,H,T,N,L,S,G,H,L,K,E,N,P,N,D,L,R,F,W,L,G,D,T,Y,T,P,G,F,D,T,L,L,K,K,K,K,K,R,N,K,R,S,K,L,C,H,F,G,M,I,V,L,L,V,V,S,I,L,V,A,V,V,T,L,T,T,L,L,I
Mirounga_angustirostris,M,D,L,S,V,L,P,N,N,N,H,P,D,K,F,L,Q,L,D,V,K,S,F,R,R,S,S,A,L,L,Q,A,S,L,A,R,F,P,A,G,G,Y,P,A,A,Q,H,W,Q,N,L,V,Y,T,Q,R,E,K,K,T,I,T,D,Q,R,M,R,L,S,G,A,E,S,A,V,-,-,D,H,P,P,P,S,L,S,S,V,L,K,N,N,P,L,Y,G,D,L,S,L,E,E,A,M,E,E,R,K,K,H,P,S,W,T,V,E,E,Y,D,R,H,S,L,H,T,N,L,S,G,H,L,K,E,N,P,N,D,L,R,F,W,L,G,D,M,Y,T,P,G,F,D,T,L,L,K,K,E,E,E,Q,E,K,H,S,K,Y,R,R,I,G,L,I,L,L,L,V,A,C,V,L,V,F,I,V,T,V,S,T,F,F,T
Mirounga_leonina,M,D,L,S,V,L,P,N,N,N,H,P,D,K,F,L,Q,L,D,V,K,S,F,R,R,S,S,A,L,L,Q,A,S,L,A,R,F,P,A,G,G,Y,P,A,A,Q,H,W,Q,N,L,V,Y,T,Q,R,E,K,K,T,I,T,D,Q,R,M,R,L,S,G,A,E,S,A,V,-,-,D,H,P,P,P,S,L,S,S,V,L,K,N,N,P,L,Y,G,D,L,S,L,E,E,A,M,E,E,R,K,K,H,P,S,W,T,V,E,E,Y,D,R,H,S,L,H,T,N,L,S,G,H,L,K,E,N,P,N,D,L,R,F,W,L,G,D,M,Y,T,P,G,F,D,T,L,L,K,K,E,E,E,Q,E,K,H,S,K,Y,R,R,I,G,L,I,L,L,L,V,A,C,V,L,V,F,I,V,T,V,S,T,F,F,T
Monodelphis_domestica,M,D,L,S,V,L,P,N,N,N,H,P,E,K,F,L,Q,L,E,V,Q,S,F,L,K,N,S,A,L,P,Q,A,D,L,P,R,L,A,G,A,H,Y,P,A,M,Q,H,W,H,N,L,V,Y,S,Q,R,E,K,R,N,V,A,E,Q,-,-,-,-,-,-,-,-,-,-,-,-,-,-,-,-,-,-,-,-,-,-,-,-,K,N,N,L,L,Y,G,D,I,R,I,E,E,A,M,E,E,R,K,Q,R,P,S,W,T,I,Q,D,Y,D,K,H,S,L,Q,T,D,L,S,G,Y,L,K,E,N,P,N,D,L,R,F,W,L,G,D,T,Y,T,P,G,Y,D,T,L,L,K,K,K,E,Q,Q,Q,K,Q,S,K,F,C,R,I,S,L,I,V,L,V,S,V,C,I,L,V,S,I,I,T,V,C,N,F,L,T
Mus_caroli,M,D,L,S,V,L,P,N,N,N,H,P,D,K,F,L,Q,L,D,V,K,S,L,M,R,S,S,T,L,L,Q,A,S,L,A,R,F,P,G,G,N,Y,P,A,T,Q,H,W,Q,N,L,V,Y,S,Q,-,-,-,K,T,I,A,T,Q,R,I,K,G,F,G,V,E,N,P,V,L,S,E,S,P,P,A,S,M,S,S,V,M,K,N,N,P,L,Y,G,D,I,T,L,E,E,A,M,E,E,R,K,K,S,P,S,W,T,I,E,E,Y,D,K,H,S,V,H,T,N,L,S,G,H,L,K,E,N,P,N,D,L,R,F,W,L,G,D,T,Y,T,P,G,F,D,T,L,L,K,K,K,K,K,R,N,K,R,S,K,L,C,H,M,G,L,I,L,L,L,V,A,S,I,L,V,T,I,V,T,L,S,T,I,F,S
Mus_musculus,M,D,L,S,V,L,P,N,N,N,H,P,D,K,F,L,Q,L,D,V,K,S,L,M,R,S,S,T,L,L,Q,A,S,L,A,R,F,P,G,G,N,Y,P,A,T,Q,H,W,Q,N,L,V,Y,S,Q,-,-,-,K,T,I,A,T,Q,R,I,K,G,F,G,V,E,N,P,V,L,P,E,S,P,P,A,S,M,S,S,V,M,K,N,N,P,L,Y,G,D,I,T,L,E,E,A,M,E,E,R,K,K,S,P,S,W,T,I,E,E,Y,D,K,H,S,V,H,T,N,L,S,G,H,L,K,E,N,P,N,D,L,R,F,W,L,G,D,T,Y,T,P,G,F,D,T,L,L,K,K,K,K,K,R,N,K,R,S,K,L,C,H,M,G,L,I,L,L,L,V,A,S,I,L,V,T,I,V,T,L,S,T,I,F,S
Mus_pahari,M,D,L,S,V,L,P,N,N,N,H,P,D,K,F,L,Q,L,D,V,K,S,L,M,R,S,S,T,L,L,Q,A,S,L,A,R,F,P,G,G,N,Y,P,A,T,Q,H,W,Q,N,L,V,Y,S,Q,-,-,-,K,N,I,A,T,Q,R,I,K,G,F,G,V,E,N,P,A,L,A,E,S,P,P,A,S,M,S,S,I,M,K,N,N,P,L,Y,G,D,I,T,L,E,E,A,M,E,E,R,K,K,S,P,S,W,T,I,E,E,Y,D,K,H,S,V,H,T,N,L,S,G,H,L,K,E,N,P,N,D,L,R,F,W,L,G,D,T,Y,T,P,G,F,D,T,L,L,K,K,K,K,K,R,N,K,R,S,K,L,C,H,M,G,L,I,L,L,L,V,A,S,I,L,V,T,I,V,T,L,S,T,I,F,S
Mustela_erminea,M,D,L,S,V,L,P,N,N,N,H,P,D,K,F,L,Q,L,D,V,K,S,F,M,R,S,S,A,L,L,Q,A,S,L,A,R,F,P,G,G,N,Y,P,A,A,Q,H,W,Q,N,L,V,Y,S,Q,R,E,K,K,T,I,S,A,Q,R,M,R,R,S,G,P,E,G,V,A,A,V,D,H,P,P,P,S,L,S,S,V,L,K,N,N,P,L,Y,G,D,L,S,L,E,E,A,M,E,E,R,K,K,H,P,S,W,T,V,E,E,Y,D,R,H,S,L,H,T,N,L,S,G,H,L,K,E,N,P,N,D,L,R,F,W,L,G,D,M,Y,T,P,G,F,D,T,L,L,K,K,E,E,E,Q,E,K,H,S,K,Y,C,R,I,G,L,I,L,L,L,V,A,C,I,L,V,F,I,V,T,V,C,T,F,F,A
Mustela_putorius_furo,M,D,L,S,V,L,P,N,N,N,H,P,D,K,F,L,Q,L,D,V,K,S,F,M,R,S,S,A,L,L,Q,A,S,L,A,R,F,P,G,G,N,Y,P,A,A,Q,H,W,Q,N,L,V,Y,S,Q,R,E,K,K,T,I,S,A,Q,R,M,R,R,S,G,P,E,G,V,A,A,V,D,H,P,P,P,S,L,S,S,V,L,K,N,N,P,L,Y,G,D,L,S,L,E,E,A,M,E,E,R,K,K,H,P,S,W,T,V,E,E,Y,D,R,H,S,L,H,T,N,L,S,G,H,L,K,E,N,P,N,D,L,R,F,W,L,G,D,M,Y,T,P,G,F,D,T,L,L,K,K,E,E,E,Q,E,K,H,S,K,Y,C,R,I,G,L,I,L,L,L,V,A,C,I,L,V,F,I,V,T,V,C,T,F,F,T
Myodes_glareolus,M,D,L,S,V,L,P,N,N,N,H,P,D,K,F,L,Q,L,D,V,K,S,L,M,R,N,S,T,L,L,Q,A,S,L,A,R,F,P,G,G,N,F,P,A,T,Q,H,W,Q,N,L,V,Y,S,Q,R,E,-,K,S,I,S,S,Q,R,A,K,G,F,G,G,E,S,P,V,L,P,E,S,P,P,P,S,M,S,S,V,V,K,N,N,P,L,Y,G,D,I,S,M,E,E,A,M,E,E,R,K,K,N,P,S,W,T,I,E,E,Y,D,K,H,S,A,H,T,N,L,S,G,H,L,K,E,N,P,N,D,L,R,F,W,L,G,D,T,Y,T,P,G,F,D,T,L,L,K,K,K,K,K,R,N,K,R,S,K,L,C,H,M,G,M,I,V,L,L,V,A,S,I,L,V,T,I,V,T,L,S,T,L,L,T
Neogale_vison,M,D,L,S,V,L,P,N,N,N,H,P,D,K,F,L,Q,L,D,V,K,S,F,M,R,S,S,A,L,L,Q,A,S,L,A,R,F,P,G,G,N,Y,P,A,A,Q,H,W,Q,N,L,V,Y,S,Q,R,E,K,K,T,I,S,A,Q,R,M,R,R,S,G,P,E,G,V,A,A,V,D,H,P,P,P,S,L,S,S,V,L,K,N,N,P,L,Y,G,D,L,S,L,E,E,A,M,E,E,R,K,K,H,P,S,W,T,V,E,E,Y,D,R,H,S,L,H,T,N,L,S,G,H,L,K,E,N,P,N,D,L,R,F,W,L,G,D,M,Y,T,P,G,F,D,T,L,L,K,K,E,E,E,Q,E,K,H,S,K,Y,C,R,I,G,L,I,L,L,L,V,A,C,I,L,V,F,I,V,T,V,C,T,F,F,T
Odobenus_rosmarus_divergens,M,D,L,S,V,L,P,N,N,N,H,P,D,K,F,L,Q,L,D,V,K,S,F,M,R,S,S,A,L,L,Q,A,S,L,A,R,F,P,G,G,N,Y,P,A,A,Q,H,W,Q,N,L,L,Y,T,Q,R,E,K,K,T,I,T,A,Q,P,M,R,L,S,G,A,E,S,A,V,-,-,D,H,P,P,P,S,L,S,S,V,L,K,N,N,P,L,F,G,D,L,S,L,E,E,A,M,K,E,R,K,K,H,P,S,W,T,V,E,E,Y,D,R,H,S,L,H,T,N,L,S,G,H,L,K,E,N,P,N,D,L,R,F,W,L,G,D,M,Y,T,P,G,F,D,T,L,L,K,K,E,E,E,Q,E,K,H,S,K,Y,C,R,I,G,L,I,L,L,L,V,A,C,V,L,V,F,I,V,T,V,S,T,F,F,T
Odocoileus_virginianus_texanus,M,D,L,S,V,L,P,N,N,N,H,P,D,K,F,L,Q,L,D,V,K,S,L,M,R,N,S,A,L,L,Q,A,S,L,V,R,F,P,G,G,N,Y,P,A,A,Q,H,W,Q,N,L,V,Y,S,Q,R,E,K,K,N,I,T,V,Q,R,L,R,G,S,S,A,K,G,T,I,T,V,D,S,P,P,P,S,L,S,S,V,L,K,N,N,P,L,Y,G,D,V,S,F,E,E,A,M,E,E,R,K,K,N,P,S,W,T,V,E,E,Y,D,K,R,S,L,H,T,N,L,S,G,H,L,K,E,N,P,N,D,L,R,F,W,L,G,E,M,Y,T,P,G,F,D,T,L,L,K,K,E,E,E,Q,E,K,H,S,K,Y,R,R,I,G,L,I,L,F,L,V,A,C,I,L,V,S,I,V,T,V,S,T,F,F,I
Onychomys_torridus,M,D,L,S,V,L,P,N,N,N,H,P,D,K,F,L,Q,L,D,V,K,S,L,M,R,N,S,T,L,L,Q,A,S,L,A,R,F,P,G,G,N,F,P,A,T,Q,H,W,Q,N,L,V,Y,S,Q,-,-,-,-,-,-,-,-,-,-,-,-,-,-,-,-,E,S,P,A,L,P,D,N,P,P,P,S,M,S,S,V,M,K,N,N,P,L,Y,G,D,V,S,L,E,E,A,M,E,E,R,K,K,N,P,S,W,T,I,E,E,Y,D,K,H,S,A,H,T,N,L,S,G,H,L,K,E,N,P,N,D,L,R,F,W,L,G,D,T,Y,T,P,G,F,D,T,L,L,K,K,K,K,K,R,N,K,R,S,K,L,C,H,M,G,L,I,L,L,V,V,A,S,I,L,V,T,I,V,T,L,T,T,L,F,A
Ornithorhynchus_anatinus,-,-,-,-,-,-,-,-,-,-,-,-,-,-,-,-,-,-,-,-,-,-,-,-,-,-,-,-,-,-,-,-,-,-,-,-,-,-,-,-,-,-,-,-,-,-,-,-,-,-,-,-,-,-,-,-,-,-,-,-,-,-,-,-,-,-,-,-,-,-,-,-,-,-,-,-,-,-,-,-,-,-,-,-,-,-,-,-,-,-,-,-,-,-,-,-,-,-,-,-,-,-,-,-,-,-,-,-,-,-,-,-,-,-,-,-,-,-,-,-,-,-,-,-,-,-,-,-,-,-,-,-,-,-,-,-,-,-,-,-,-,-,-,-,-,-,-,-,-,-,-,-,-,-,-,-,-,-,-,-,-,-,-,-,-,-,-,-,-,-,-,-,-,-,-,-,-,-,-,-,-,-,-,-,-,-,-,-,-,-
Orycteropus_afer_afer,M,D,L,S,V,L,P,N,N,N,H,P,D,K,F,L,Q,L,E,V,K,S,L,M,R,S,S,A,L,L,Q,A,S,L,V,R,F,P,G,G,N,Y,P,A,A,Q,Q,W,Q,N,L,V,Y,S,Q,R,E,K,K,N,I,A,V,Q,R,V,R,G,A,T,A,E,A,S,V,A,T,D,I,P,P,P,S,L,S,S,V,L,K,N,N,P,L,Y,G,D,I,S,L,E,E,A,M,E,D,R,K,K,N,P,S,W,T,I,E,D,Y,D,R,R,S,M,H,T,N,L,S,G,Y,L,K,E,N,P,N,D,L,R,F,W,L,G,D,M,Y,T,P,G,F,D,T,L,L,K,K,E,E,K,Q,E,K,Q,L,K,Y,C,R,I,G,L,L,L,L,L,A,A,C,I,L,V,S,I,V,T,I,S,A,S,F,T
Oryctolagus_cuniculus,M,D,L,S,V,L,P,N,N,N,H,P,D,K,F,L,Q,L,D,V,K,S,L,T,R,S,S,A,P,L,Q,A,S,L,A,R,F,P,G,G,N,Y,P,A,A,Q,H,W,Q,N,L,V,Y,S,Q,R,E,K,K,N,I,V,A,Q,Q,I,K,R,S,S,R,E,D,L,V,I,A,D,S,P,P,P,S,M,T,S,I,M,K,N,N,P,L,Y,N,D,L,S,L,E,E,A,M,E,E,R,K,K,N,P,S,W,T,I,E,E,Y,D,K,H,S,V,H,S,N,L,S,G,H,L,K,E,N,P,N,D,L,R,F,W,L,G,D,M,Y,T,P,G,F,D,T,L,L,K,K,K,K,K,H,D,K,R,S,K,L,C,H,M,G,L,I,L,L,L,V,T,S,I,L,V,T,I,V,T,I,S,S,F,F,A
Oryx_dammah,M,D,L,S,V,L,P,N,N,N,H,P,D,K,F,L,Q,L,D,V,K,S,L,M,R,N,S,A,L,L,Q,A,S,L,V,R,F,P,G,G,N,Y,P,A,A,Q,H,W,Q,N,L,V,Y,S,Q,R,E,K,K,N,I,T,A,Q,H,M,R,G,S,-,-,-,-,-,-,-,-,-,-,-,-,P,S,L,S,S,V,L,K,N,N,P,L,Y,G,D,V,S,F,E,E,A,M,E,E,R,K,K,N,P,S,W,T,A,E,E,Y,D,K,R,S,L,H,A,N,L,S,G,H,L,K,E,N,P,N,D,L,R,F,W,L,G,E,M,Y,T,P,G,F,D,T,L,L,K,K,E,E,E,Q,E,K,H,S,K,Y,R,R,I,G,L,I,L,F,L,V,A,C,I,L,V,S,I,V,T,V,S,T,F,F,I
Otolemur_garnettii,M,D,L,S,V,L,P,N,N,N,H,P,D,K,F,L,Q,L,D,V,K,S,L,M,R,S,S,A,L,L,Q,A,S,L,A,R,F,P,G,G,N,Y,P,A,A,Q,N,W,Q,N,L,V,Y,A,Q,R,E,K,K,H,I,T,A,Q,H,T,K,G,A,S,S,E,N,L,V,P,A,D,S,P,P,P,S,M,S,P,V,M,K,N,N,P,L,Y,G,D,I,S,M,E,E,A,M,E,E,R,K,K,S,P,S,W,T,I,K,D,Y,D,K,R,S,L,H,T,N,L,S,G,H,L,K,E,N,P,N,D,L,R,F,W,L,G,D,M,Y,T,P,G,F,D,T,L,L,K,K,E,E,K,Q,E,K,Q,S,K,F,C,R,M,G,L,I,F,L,L,V,T,S,V,L,V,T,I,V,T,I,G,T,F,F,T
Panthera_leo,M,D,L,S,V,L,P,N,N,N,H,P,D,K,F,L,R,L,D,V,K,S,F,M,R,N,S,A,L,L,Q,A,S,L,V,R,F,P,G,G,N,H,P,A,A,Q,H,W,Q,N,L,V,Y,S,Q,R,E,K,K,T,I,T,A,Q,R,M,R,G,P,S,A,Q,R,A,V,A,T,D,H,P,P,P,S,L,S,S,V,L,K,N,N,P,L,Y,G,D,I,S,L,E,E,A,M,E,E,R,K,K,N,P,S,W,T,V,E,E,Y,D,R,H,S,L,H,T,N,L,S,G,H,L,K,E,N,P,N,D,L,R,F,W,L,G,D,M,Y,T,P,G,F,D,T,L,L,K,K,E,E,E,Q,E,K,H,S,K,Y,C,R,I,G,L,I,L,L,L,V,A,C,I,L,V,F,I,V,T,V,C,M,F,F,T
Panthera_pardus,M,D,L,S,V,L,P,N,N,N,H,P,D,K,F,L,R,L,D,V,K,S,F,M,R,N,S,A,L,L,Q,A,S,L,V,R,F,P,G,G,N,H,P,A,A,Q,H,W,Q,N,L,V,Y,S,Q,R,E,K,K,T,I,T,A,Q,R,M,R,G,P,S,A,Q,R,A,V,A,T,D,H,P,P,P,S,L,S,S,V,L,K,N,N,P,L,Y,G,D,I,S,L,E,E,A,M,E,E,R,K,K,K,P,S,W,T,V,E,E,Y,D,R,H,S,L,H,T,N,L,S,G,H,L,K,E,N,P,N,D,L,R,F,W,L,G,D,M,Y,T,P,G,F,D,T,L,L,K,K,E,E,E,Q,E,K,H,S,K,Y,C,R,I,G,L,I,L,L,L,V,A,C,I,L,V,F,I,V,T,V,C,M,F,F,T
Panthera_uncia,M,D,L,S,V,L,P,N,N,N,H,P,D,K,F,L,R,L,D,V,K,S,F,M,R,N,S,A,L,L,Q,A,S,L,V,R,F,P,G,G,N,H,P,A,A,Q,H,W,Q,N,L,V,Y,S,Q,R,E,K,K,T,I,T,A,Q,R,M,R,G,P,S,A,Q,R,A,V,A,T,D,H,P,P,P,S,L,S,S,V,L,K,N,N,P,L,Y,G,D,I,S,L,E,E,A,M,E,E,R,K,K,N,P,S,W,T,V,E,E,Y,D,R,H,S,L,H,T,N,L,S,G,H,L,K,E,N,P,N,D,L,R,F,W,L,G,D,M,Y,T,P,G,F,D,T,L,L,K,K,E,E,E,Q,E,K,H,S,K,Y,C,R,I,G,L,I,L,L,L,V,A,C,I,L,V,F,I,V,T,V,C,M,F,F,T
Perognathus_longimembris_pacificus,M,D,L,S,V,L,P,N,N,N,H,P,D,K,F,L,Q,L,D,V,K,S,L,M,R,S,P,A,L,L,Q,A,S,L,A,R,F,P,G,G,T,P,P,A,A,Q,H,W,Q,N,L,V,Y,A,Q,R,E,-,-,N,T,T,T,Q,R,I,K,G,F,S,L,E,V,P,L,V,A,D,S,P,H,P,S,M,S,S,V,M,K,N,N,P,L,Y,G,D,I,S,L,E,E,A,M,E,E,R,K,K,N,P,S,W,T,I,E,E,Y,D,K,H,S,L,H,T,N,L,S,G,H,L,K,E,N,P,N,D,L,R,F,W,L,G,D,M,Y,T,P,G,F,D,T,L,L,K,K,K,K,K,R,D,K,R,S,K,L,C,H,M,G,L,I,F,L,L,V,T,S,V,L,V,T,I,V,T,I,S,T,F,F,T
Peromyscus_californicus_insignis,M,D,L,S,V,L,P,N,N,N,H,P,D,K,F,L,Q,L,D,V,K,S,L,M,R,N,S,T,L,L,Q,A,S,L,A,R,F,P,G,G,N,F,P,A,T,Q,H,W,Q,N,V,V,Y,S,Q,-,-,-,-,-,-,-,-,-,-,-,-,-,-,-,-,-,-,-,-,L,P,D,N,P,P,P,S,M,S,P,V,M,K,N,N,P,L,Y,G,D,M,S,M,E,E,A,M,E,E,R,K,K,N,P,S,W,T,A,E,E,Y,D,K,H,S,A,H,T,N,L,S,G,Q,L,K,E,N,P,N,D,L,R,F,W,L,G,D,M,Y,T,P,G,F,D,T,L,L,K,K,K,K,K,R,N,K,Q,S,K,L,C,H,M,G,M,I,L,L,V,V,A,S,I,L,V,T,V,V,T,L,S,A,L,F,A
Peromyscus_leucopus,M,D,L,S,V,L,P,N,N,N,H,P,D,K,F,L,Q,L,D,V,K,S,L,M,R,N,S,T,L,L,Q,A,S,L,A,R,F,P,G,G,N,F,P,A,T,Q,H,W,Q,N,L,V,Y,S,Q,-,-,-,K,N,I,A,S,L,Q,A,K,G,F,G,G,E,N,P,V,L,P,D,N,P,P,P,S,M,S,P,V,M,K,N,N,P,L,Y,G,D,V,S,L,E,E,A,M,E,E,R,K,K,S,P,S,W,T,A,E,E,Y,D,K,H,S,A,H,T,N,L,S,G,Q,L,K,E,N,P,N,D,L,R,F,W,L,G,D,M,Y,T,P,G,F,D,T,L,L,K,K,K,K,K,R,N,K,Q,S,K,L,C,H,M,G,M,I,L,L,V,V,A,S,I,L,V,T,V,V,T,L,S,A,L,F,A
Peromyscus_maniculatus_bairdii,M,D,L,S,V,L,P,N,N,N,H,P,D,K,F,L,Q,L,D,V,K,S,L,M,R,N,S,T,L,L,Q,A,S,L,A,R,F,P,G,G,N,F,P,A,T,Q,H,W,Q,N,L,V,Y,S,Q,-,-,-,K,N,I,A,S,L,Q,A,K,G,F,G,G,E,N,P,V,L,P,D,N,P,P,P,S,M,S,P,V,M,K,N,N,P,L,Y,G,D,V,S,L,E,E,A,M,E,E,R,K,K,N,P,S,W,T,A,E,E,Y,D,K,H,S,A,H,T,N,L,S,G,Q,L,K,E,N,P,N,D,L,R,F,W,L,G,D,M,Y,T,P,G,F,D,T,L,L,K,K,K,K,K,R,N,K,Q,S,K,L,C,H,M,G,M,I,L,L,V,V,A,S,I,L,V,T,V,V,T,L,S,A,L,F,A
Phascolarctos_cinereus,M,D,L,S,V,L,P,N,N,N,H,P,D,K,F,L,Q,L,E,V,K,S,L,I,K,K,S,A,L,L,Q,-,S,L,P,I,L,P,G,G,N,Y,P,A,A,Q,H,W,H,N,L,V,Y,S,Q,R,E,K,R,N,A,A,E,Q,-,-,-,-,-,-,-,-,-,-,-,-,-,-,-,-,-,-,-,-,-,-,-,L,K,N,N,P,L,Y,G,D,T,R,L,E,E,A,M,E,E,R,K,Q,S,P,S,W,T,I,Q,D,Y,D,K,H,S,L,Q,S,N,L,S,G,Y,L,K,E,N,P,N,D,L,R,F,W,L,G,D,T,Y,T,P,G,Y,D,A,L,L,K,K,K,E,Q,Q,W,K,Q,S,K,Y,C,R,I,S,L,I,V,L,V,T,A,C,I,L,V,S,I,I,T,I,C,N,F,L,T
Phoca_vitulina,M,D,L,S,V,L,P,N,N,N,H,P,D,K,F,L,Q,L,D,V,K,S,F,M,R,S,S,A,L,L,Q,A,S,L,A,R,F,P,G,G,S,Y,P,A,E,Q,H,W,Q,N,L,V,Y,T,Q,R,E,K,K,T,I,T,D,Q,R,M,R,L,S,G,A,E,S,A,V,-,-,D,H,P,P,P,S,L,S,S,V,L,K,N,N,P,L,Y,G,D,L,S,L,E,E,A,M,E,E,R,K,K,H,P,S,W,T,V,E,E,Y,D,R,H,S,L,H,T,N,L,S,G,H,L,K,E,N,P,N,D,L,R,F,W,L,G,D,M,Y,T,P,G,F,D,T,L,L,K,K,E,E,E,Q,E,K,H,S,K,Y,R,R,I,G,L,I,L,L,L,V,A,C,V,L,V,F,I,V,T,V,S,T,F,F,T
Phodopus_roborovskii,M,D,L,S,V,L,P,N,N,N,H,P,D,K,F,L,Q,L,D,V,K,S,L,M,R,S,S,T,L,L,Q,A,S,L,A,R,F,P,G,G,N,F,P,A,T,Q,H,W,Q,N,L,V,Y,S,Q,R,E,-,K,N,I,A,S,Q,Q,A,K,G,F,G,G,E,S,A,V,L,P,D,S,P,P,P,S,M,S,S,V,V,K,N,N,P,L,Y,G,D,V,S,L,E,E,A,M,E,E,R,K,K,N,P,S,W,T,I,E,E,Y,D,K,H,S,V,H,T,N,L,S,G,H,L,K,E,N,P,N,D,L,R,F,W,L,G,D,M,Y,T,P,G,F,D,T,L,L,K,K,K,K,K,R,N,K,R,S,K,L,C,H,M,G,L,I,L,L,I,V,A,S,I,L,V,T,I,V,T,L,S,T,L,F,T
Prionailurus_bengalensis_euptilurus,-,-,-,-,-,-,-,-,-,-,-,-,-,-,-,-,-,-,-,-,-,-,-,-,-,-,-,-,-,-,-,-,-,-,-,-,-,-,-,-,-,-,-,-,-,-,-,-,-,-,-,-,-,-,-,-,-,-,-,-,-,-,-,-,-,-,-,-,-,-,-,-,-,-,-,-,-,-,-,-,-,-,-,-,-,-,-,-,-,-,-,-,-,-,-,-,-,-,-,-,-,-,-,-,-,-,-,-,-,-,-,-,-,-,-,-,-,-,-,-,-,-,-,-,-,-,-,-,-,-,-,-,-,-,-,-,-,-,-,-,-,-,-,-,-,-,-,-,-,-,-,-,-,-,-,-,-,-,-,-,-,-,-,-,-,-,-,-,-,-,-,-,-,-,-,-,-,-,-,-,-,-,-,-,-,-,-,-,-,-
Puma_concolor,M,D,L,S,V,L,P,N,N,N,H,P,D,K,F,L,Q,L,D,V,K,S,F,M,R,N,S,A,L,L,Q,A,S,L,V,R,F,P,G,G,N,Y,P,A,A,Q,H,W,Q,N,L,V,Y,S,Q,R,E,K,K,T,I,T,A,Q,R,M,R,G,P,S,A,Q,R,A,V,A,T,D,H,P,P,P,S,L,S,S,V,L,K,N,N,P,L,Y,G,D,I,S,L,E,E,A,M,E,E,R,K,K,N,P,S,W,T,V,E,E,Y,D,R,H,S,L,H,T,N,L,S,G,H,L,K,E,N,P,N,D,L,R,F,W,L,G,D,M,Y,T,P,G,F,D,T,L,L,K,K,E,E,E,Q,E,K,H,S,K,Y,C,R,I,G,L,I,L,L,L,V,A,C,I,L,V,F,I,V,T,V,C,M,L,F,A
Puma_yagouaroundi,M,D,L,S,V,L,P,N,N,N,H,P,D,K,F,L,R,L,D,V,K,S,F,M,R,N,S,A,L,L,Q,A,S,L,V,R,F,P,G,G,N,H,P,A,A,Q,H,W,Q,N,L,V,Y,S,Q,R,E,K,K,T,I,T,A,Q,R,M,R,G,P,S,A,Q,R,A,V,A,T,D,H,P,P,P,S,L,S,S,V,L,K,N,N,P,L,Y,G,D,I,S,L,E,E,A,M,E,E,R,K,K,N,P,S,W,T,V,E,E,Y,D,R,H,S,L,H,T,N,L,S,G,H,L,K,E,N,P,N,D,L,R,F,W,L,G,D,M,Y,T,P,G,F,D,T,L,L,K,K,E,E,E,Q,E,K,H,S,K,Y,C,R,I,G,L,I,L,L,L,V,A,C,I,L,V,F,I,V,T,V,C,M,F,F,T
Rattus_norvegicus,M,D,L,S,V,L,P,N,N,N,H,P,D,K,F,L,Q,L,D,V,K,S,L,M,R,S,S,T,L,L,Q,A,S,L,A,R,F,P,G,G,N,Y,P,A,T,Q,H,W,Q,N,L,V,Y,S,Q,-,-,-,K,N,I,A,T,Q,R,I,K,G,F,G,G,E,N,P,V,L,P,E,S,P,P,A,S,M,S,S,V,M,K,N,N,P,L,Y,G,D,V,S,L,E,E,A,M,E,E,R,K,K,N,P,S,W,T,I,E,E,Y,N,K,H,S,V,H,S,N,L,S,G,H,L,K,E,N,P,N,D,L,R,F,W,L,G,D,M,Y,T,P,G,F,D,T,L,L,K,K,K,K,K,R,N,K,R,S,K,L,C,H,M,G,L,I,L,L,V,V,S,S,I,L,V,T,V,V,T,L,S,A,L,F,A
Rattus_rattus,M,D,L,S,V,L,P,N,N,N,H,P,D,K,F,L,Q,L,D,V,K,S,L,M,R,S,S,T,L,L,Q,A,S,L,A,R,F,P,G,G,N,Y,P,A,T,Q,H,W,Q,N,L,V,Y,S,Q,-,-,-,K,N,I,A,T,Q,R,I,K,G,F,G,G,E,N,P,V,L,P,E,S,P,P,A,S,M,S,S,V,M,K,N,N,P,L,Y,G,D,V,S,L,E,E,A,M,E,E,R,K,K,S,P,S,W,T,I,E,E,Y,D,K,H,S,V,H,S,N,L,S,G,H,L,K,E,N,P,N,D,L,R,F,W,L,G,D,M,Y,T,P,G,F,D,T,L,L,K,K,K,K,K,R,N,K,R,S,K,L,C,H,M,G,L,I,L,L,V,V,A,S,I,L,V,T,V,V,T,L,S,A,L,F,A
Sarcophilus_harrisii,M,D,L,S,V,L,P,N,N,N,H,P,D,K,F,L,Q,L,E,V,K,S,L,V,N,N,S,A,L,P,Q,A,N,F,P,L,L,P,G,G,N,Y,P,V,V,Q,H,W,D,N,L,V,Y,S,Q,R,E,K,R,N,V,A,E,Q,-,-,-,-,-,-,-,-,-,-,-,-,-,-,-,-,-,-,-,-,-,-,-,L,K,N,N,P,L,Y,G,D,I,R,L,E,E,A,M,E,E,R,K,Q,S,P,S,W,T,V,Q,D,Y,D,K,N,S,L,Q,C,N,L,S,G,Y,L,K,E,N,P,N,D,L,R,F,W,L,G,D,T,Y,T,P,G,Y,D,A,L,L,K,K,K,E,R,Q,W,K,Q,S,K,Y,C,R,I,S,L,I,V,L,V,I,A,C,I,L,V,S,V,I,T,V,C,N,L,L,T
Suncus_etruscus,M,D,L,S,V,L,P,N,N,N,H,P,D,K,F,L,Q,L,D,V,K,S,L,V,R,N,S,A,L,L,Q,A,S,L,A,K,F,P,G,G,Y,D,P,T,A,Q,H,W,Q,N,L,V,Y,S,Q,R,E,K,K,N,F,T,A,Q,R,I,K,R,S,S,-,-,-,-,-,-,-,-,-,-,-,-,S,L,T,S,V,L,K,N,N,P,L,Y,G,D,I,S,L,E,E,A,M,E,E,R,R,K,S,P,S,W,T,I,E,E,Y,D,R,H,S,L,H,T,N,L,S,G,H,L,K,E,N,P,N,D,L,R,F,W,L,G,D,M,Y,T,P,G,F,D,T,L,L,K,K,E,E,E,Q,E,K,H,S,K,Y,C,R,I,G,L,I,L,L,L,V,A,C,A,L,V,A,I,V,T,V,S,S,L,L,T
Sus_scrofa,M,D,L,S,V,L,P,N,N,N,H,P,D,K,F,L,Q,L,D,V,K,S,L,R,R,N,S,A,L,L,Q,A,S,L,G,R,F,P,G,G,N,Y,P,A,A,Q,H,W,Q,N,L,V,Y,S,Q,R,E,K,K,T,L,T,A,Q,R,G,R,G,C,S,A,E,G,S,V,A,T,E,R,P,P,P,S,L,S,S,V,L,K,N,N,P,L,Y,G,D,V,S,L,E,E,A,M,E,E,R,K,K,N,P,S,W,T,V,E,E,Y,D,K,H,S,L,H,A,N,L,S,G,H,L,K,E,N,P,H,D,L,R,F,W,L,G,D,M,Y,T,P,G,F,D,T,L,L,K,K,E,E,E,Q,E,K,H,S,K,Y,R,R,I,G,L,I,L,L,L,A,A,C,I,L,V,S,I,V,T,V,S,A,L,F,T
Tachyglossus_aculeatus,-,-,-,-,-,-,-,-,-,-,-,-,-,-,-,-,-,-,-,-,-,-,-,-,-,-,-,-,-,-,-,-,-,-,-,-,-,-,-,-,-,-,-,-,-,-,-,-,-,-,-,-,-,-,-,-,-,-,-,-,-,-,-,-,-,-,-,-,-,-,-,-,-,-,-,-,-,-,-,-,-,-,-,-,-,-,-,-,-,-,-,-,-,-,-,-,-,-,-,-,-,-,-,-,-,-,-,-,-,-,-,-,-,-,-,-,-,-,-,-,-,-,-,-,-,-,-,-,-,-,-,-,-,-,-,-,-,-,-,-,-,-,-,-,-,-,-,-,-,-,-,-,-,-,-,-,-,-,-,-,-,-,-,-,-,-,-,-,-,-,-,-,-,-,-,-,-,-,-,-,-,-,-,-,-,-,-,-,-,-
Talpa_occidentalis,M,D,L,S,V,L,P,N,N,N,H,P,D,K,F,L,Q,L,E,V,K,S,L,M,R,N,S,V,L,L,Q,T,S,L,A,R,F,P,G,G,N,Y,P,V,A,Q,H,W,Q,N,L,V,Y,S,Q,R,E,E,K,N,I,T,P,Q,R,K,R,G,S,S,A,E,G,T,T,A,A,D,S,R,H,P,S,L,S,S,V,L,K,N,N,P,L,Y,D,D,I,S,L,E,-,-,-,E,E,R,K,K,N,P,S,W,T,I,E,E,Y,D,K,H,S,L,H,T,N,L,S,G,H,L,K,E,N,P,N,E,L,R,F,W,L,G,D,M,Y,T,P,G,F,D,T,L,L,K,K,E,E,E,Q,E,K,H,S,K,Y,C,R,V,G,L,I,L,L,L,V,A,C,I,L,V,S,I,V,T,V,S,S,F,F,T
Trichechus_manatus_latirostris,-,-,-,-,-,-,-,-,-,-,-,-,-,-,-,-,-,-,-,-,-,-,-,-,-,-,-,-,-,-,-,-,-,-,-,-,-,-,-,-,-,-,-,-,-,-,-,-,-,-,-,-,-,-,-,-,-,-,-,-,-,-,-,-,-,-,-,-,-,-,-,-,-,-,-,-,-,-,-,-,-,-,-,-,-,-,-,-,-,-,-,-,-,-,-,-,-,-,-,-,-,-,-,-,-,-,-,-,-,-,-,-,-,-,-,-,-,-,-,-,-,-,-,-,-,-,-,-,-,-,-,-,-,-,-,-,-,-,-,-,-,-,-,-,-,-,-,-,-,-,-,-,-,-,-,-,-,-,-,-,-,-,-,-,-,-,-,-,-,-,-,-,-,-,-,-,-,-,-,-,-,-,-,-,-,-,-,-,-,-
Trichosurus_vulpecula,M,D,L,S,V,L,P,N,N,N,H,P,D,K,F,L,Q,L,E,V,K,S,L,I,K,K,S,A,-,-,-,-,-,-,-,-,-,-,G,G,S,Y,P,A,A,Q,N,W,H,N,L,V,Y,S,Q,R,E,K,R,N,V,A,E,Q,-,-,-,-,-,-,-,-,-,-,-,-,-,-,-,-,-,-,-,-,-,-,-,L,K,N,N,P,L,Y,G,D,I,R,L,E,E,A,M,E,E,R,K,Q,S,P,S,W,T,I,Q,D,Y,D,K,H,S,L,Q,S,N,L,S,G,F,L,K,E,N,P,N,D,L,R,F,W,L,G,D,T,Y,T,P,G,Y,D,A,L,L,K,K,K,E,R,Q,R,K,Q,S,K,Y,C,R,I,S,L,I,V,L,V,A,A,C,I,L,V,S,V,I,T,I,C,N,F,L,A
Ursus_arctos_horribilis,-,-,-,-,-,-,-,-,-,-,-,-,-,-,-,-,-,-,-,-,-,-,-,-,-,-,-,-,-,-,-,-,-,-,-,-,-,-,-,-,-,-,-,-,-,-,-,-,-,-,-,-,-,-,-,-,-,-,-,-,-,-,-,-,-,-,-,-,-,-,-,-,-,-,-,-,-,-,-,-,-,-,-,-,-,-,-,-,-,-,-,-,-,-,-,-,-,-,-,-,-,-,-,-,-,-,-,-,-,-,-,-,-,-,-,-,-,-,-,-,-,-,-,-,-,-,-,-,-,-,-,-,-,-,-,-,-,-,-,-,-,-,-,-,-,-,-,-,-,-,-,-,-,-,-,-,-,-,-,-,-,-,-,-,-,-,-,-,-,-,-,-,-,-,-,-,-,-,-,-,-,-,-,-,-,-,-,-,-,-
Vombatus_ursinus,M,D,L,S,V,L,P,N,N,N,H,P,D,K,F,L,Q,L,E,V,K,S,L,I,K,K,S,A,L,P,P,A,S,L,P,I,L,S,G,G,N,Y,P,T,A,Q,H,W,H,N,L,V,Y,S,Q,R,E,K,R,N,A,A,E,Q,-,-,-,-,-,-,-,-,-,-,-,-,-,-,-,-,-,-,-,-,-,-,-,L,K,N,N,P,L,Y,G,D,I,R,L,E,E,A,M,E,E,R,K,Q,S,P,S,W,T,I,Q,D,Y,E,K,H,S,L,Q,S,N,L,S,G,Y,L,K,E,N,P,N,D,L,R,F,W,L,G,D,T,Y,T,P,G,Y,D,A,L,L,K,K,K,E,R,Q,W,K,Q,S,K,Y,C,R,I,S,L,I,M,L,V,T,V,C,I,L,V,S,I,I,T,V,C,N,F,L,T
Vulpes_lagopus,M,D,L,S,V,L,P,N,N,N,H,P,D,K,F,L,Q,L,D,V,K,S,F,M,R,S,S,A,I,L,Q,G,S,L,V,R,F,P,A,G,S,Y,L,P,T,Q,R,W,Q,N,L,V,Y,S,Q,R,E,-,K,T,I,T,A,Q,Q,M,R,R,S,N,A,E,G,A,V,A,V,D,H,P,P,P,S,L,S,S,V,L,K,N,N,P,L,Y,G,D,I,G,L,E,E,A,M,E,E,R,K,K,N,P,S,W,T,A,E,E,Y,D,R,H,S,L,H,T,N,L,S,G,H,L,K,E,N,P,N,D,L,R,F,W,L,G,D,M,Y,T,P,G,F,D,T,L,L,K,K,E,E,E,Q,E,K,H,S,K,Y,C,R,V,G,L,I,L,L,L,V,A,C,I,L,V,F,I,V,T,V,S,T,F,F,T
Vulpes_vulpes,M,D,L,S,V,L,P,N,N,N,H,P,D,K,F,L,Q,L,D,V,K,S,F,M,R,S,S,A,I,L,Q,G,S,L,V,R,F,P,G,G,S,Y,L,P,A,Q,R,W,Q,N,L,V,Y,S,Q,R,E,-,K,T,I,T,A,Q,Q,M,R,R,S,N,A,E,G,A,V,A,V,D,H,P,P,P,S,L,S,S,V,L,K,N,N,P,L,Y,G,D,I,G,L,E,E,A,M,E,E,R,K,K,N,P,S,W,T,A,E,E,Y,D,R,H,S,L,H,T,N,L,S,G,H,L,K,E,N,P,N,D,L,R,F,W,L,G,D,M,Y,T,P,G,F,D,T,L,L,K,K,E,E,E,Q,E,K,H,S,K,Y,C,R,V,G,L,I,L,L,L,V,A,C,I,L,V,F,I,V,T,V,S,T,F,F,T
Zalophus_californianus,M,D,L,S,V,L,P,N,N,N,H,P,D,K,F,L,Q,L,D,V,K,S,F,M,R,S,S,A,L,L,Q,A,S,L,A,R,F,P,G,G,N,Y,P,A,A,Q,H,W,Q,N,L,V,Y,T,Q,R,E,K,K,T,I,T,A,Q,R,M,R,L,S,G,A,E,S,A,V,-,-,D,H,P,P,P,S,L,S,S,V,L,K,N,N,P,L,F,G,D,L,S,L,E,E,A,M,K,E,R,K,K,H,P,S,W,T,V,E,E,Y,D,R,H,S,L,H,T,N,L,S,G,H,L,K,E,N,P,N,D,L,R,F,W,L,G,D,M,Y,T,P,G,F,D,T,L,L,K,K,E,E,E,K,E,K,H,S,K,Y,C,R,I,G,L,I,L,L,L,V,A,C,V,L,V,F,I,V,T,V,S,T,F,F,T
shrew_mole,M,D,L,S,V,L,P,N,N,N,H,P,D,K,F,L,Q,L,D,V,K,S,L,T,R,S,S,V,L,P,Q,A,S,L,A,Q,L,P,G,G,N,Y,P,A,A,Q,Q,W,Q,N,L,V,Y,S,Q,R,E,-,N,V,I,T,A,Q,K,K,R,R,S,S,A,E,G,S,I,A,A,D,R,P,H,P,S,L,S,S,V,L,K,N,N,P,L,Y,G,D,I,S,L,E,E,A,M,E,E,R,K,K,N,P,S,W,T,I,E,D,Y,D,K,H,S,L,H,T,N,L,S,G,H,L,K,E,N,P,N,D,L,R,F,W,L,G,D,M,Y,T,P,G,F,D,T,L,L,K,K,E,E,-,Q,E,K,H,S,K,Y,C,R,I,G,L,I,L,L,L,V,A,C,I,L,V,S,I,V,T,V,S,S,F,F,T
ZWS,M,D,L,S,V,L,P,N,N,N,H,P,D,K,F,L,Q,L,D,V,K,S,L,M,R,S,S,T,L,L,Q,A,S,L,A,R,F,P,G,G,N,F,P,A,S,Q,H,W,Q,N,L,V,Y,S,Q,R,E,-,K,N,F,A,T,Q,R,S,K,G,F,G,R,E,G,P,V,I,A,D,S,P,P,P,S,M,S,S,V,M,K,S,N,P,L,Y,G,D,M,S,L,E,E,A,M,E,E,R,K,K,N,P,S,W,T,I,E,E,Y,D,K,H,S,I,H,T,N,L,S,G,H,L,K,E,N,P,N,D,L,R,F,W,L,G,D,M,Y,T,P,G,F,D,T,L,L,K,K,K,K,K,R,D,K,R,S,K,L,C,H,M,G,L,I,L,L,L,V,S,S,I,L,V,T,I,V,T,L,S,T,L,F,T
