,MZB1 0,MZB1 1,MZB1 2,MZB1 3,MZB1 4,MZB1 5,MZB1 6,MZB1 7,MZB1 8,MZB1 9,MZB1 10,MZB1 11,MZB1 12,MZB1 13,MZB1 14,MZB1 15,MZB1 16,MZB1 17,MZB1 18,MZB1 19,MZB1 20,MZB1 21,MZB1 22,MZB1 23,MZB1 24,MZB1 25,MZB1 26,MZB1 27,MZB1 28,MZB1 29,MZB1 30,MZB1 31,MZB1 32,MZB1 33,MZB1 34,MZB1 35,MZB1 36,MZB1 37,MZB1 38,MZB1 39,MZB1 40,MZB1 41,MZB1 42,MZB1 43,MZB1 44,MZB1 45,MZB1 46,MZB1 47,MZB1 48,MZB1 49,MZB1 50,MZB1 51,MZB1 52,MZB1 53,MZB1 54,MZB1 55,MZB1 56,MZB1 57,MZB1 58,MZB1 59,MZB1 60,MZB1 61,MZB1 62,MZB1 63,MZB1 64,MZB1 65,MZB1 66,MZB1 67,MZB1 68,MZB1 69,MZB1 70,MZB1 71,MZB1 72,MZB1 73,MZB1 74,MZB1 75,MZB1 76,MZB1 77,MZB1 78,MZB1 79,MZB1 80,MZB1 81,MZB1 82,MZB1 83,MZB1 84,MZB1 85,MZB1 86,MZB1 87,MZB1 88,MZB1 89,MZB1 90,MZB1 91,MZB1 92,MZB1 93,MZB1 94,MZB1 95,MZB1 96,MZB1 97,MZB1 98,MZB1 99,MZB1 100,MZB1 101,MZB1 102,MZB1 103,MZB1 104,MZB1 105,MZB1 106,MZB1 107,MZB1 108,MZB1 109,MZB1 110,MZB1 111,MZB1 112,MZB1 113,MZB1 114,MZB1 115,MZB1 116,MZB1 117,MZB1 118,MZB1 119,MZB1 120,MZB1 121,MZB1 122,MZB1 123,MZB1 124,MZB1 125,MZB1 126,MZB1 127,MZB1 128,MZB1 129,MZB1 130,MZB1 131,MZB1 132,MZB1 133,MZB1 134,MZB1 135,MZB1 136,MZB1 137,MZB1 138,MZB1 139,MZB1 140,MZB1 141,MZB1 142,MZB1 143,MZB1 144,MZB1 145,MZB1 146,MZB1 147,MZB1 148,MZB1 149,MZB1 150,MZB1 151,MZB1 152,MZB1 153,MZB1 154,MZB1 155,MZB1 156,MZB1 157,MZB1 158,MZB1 159,MZB1 160,MZB1 161,MZB1 162,MZB1 163,MZB1 164,MZB1 165,MZB1 166,MZB1 167,MZB1 168,MZB1 169,MZB1 170,MZB1 171,MZB1 172,MZB1 173,MZB1 174,MZB1 175,MZB1 176,MZB1 177,MZB1 178,MZB1 179,MZB1 180,MZB1 181,MZB1 182,MZB1 183,MZB1 184,MZB1 185,MZB1 186,MZB1 187,MZB1 188
Chrysochloris_asiatica,M,R,L,S,-,-,-,L,L,L,L,L,G,A,W,A,I,P,G,G,L,G,E,R,A,T,F,T,A,T,A,P,H,L,D,D,E,E,K,Y,S,A,H,M,P,T,H,L,R,C,D,A,C,R,A,V,A,Y,Q,M,W,Q,H,L,A,E,A,E,A,K,L,H,T,P,E,S,G,G,R,R,E,L,S,E,S,M,Y,T,D,V,L,D,R,S,C,S,Q,S,W,Q,G,Y,G,V,Q,E,V,N,Q,V,K,H,L,T,G,P,G,L,N,K,G,P,E,S,S,I,S,V,M,V,T,G,G,P,W,P,I,R,L,S,Q,T,C,L,H,Y,L,G,E,F,G,E,D,Q,I,Y,E,A,H,Q,Q,D,R,E,A,L,E,A,L,L,C,G,G,P,R,G,P,C,L,E,E,A,P,V,T,R,E,E,L
Balaenoptera_acutorostrata_scammoni,M,R,L,L,-,-,L,L,L,L,L,L,G,A,W,T,I,P,G,G,L,G,D,R,A,P,L,T,A,T,A,P,E,L,D,D,E,E,K,F,S,A,H,M,P,A,H,L,R,C,D,A,C,R,A,V,A,Y,Q,M,W,Q,H,L,T,K,A,E,T,K,L,H,T,L,D,S,G,G,R,G,K,L,S,E,S,V,Y,T,D,V,L,D,R,S,C,S,Q,T,W,Q,G,Y,G,V,G,E,V,D,Q,V,K,R,L,M,G,P,G,L,N,K,G,P,E,P,S,I,S,V,I,I,M,G,A,P,W,P,T,R,L,S,K,T,C,F,H,Y,L,G,E,F,G,E,D,Q,I,Y,E,S,H,Q,Q,G,Q,G,A,L,E,A,L,L,C,G,G,P,R,G,A,C,S,E,E,A,P,V,T,R,A,E,L
Balaenoptera_musculus,M,R,L,L,-,-,L,L,L,L,L,L,G,A,W,T,I,P,G,G,L,G,D,R,A,P,L,T,A,T,A,P,E,L,D,D,E,E,K,F,S,A,H,M,P,A,H,L,R,C,D,A,C,R,A,V,A,Y,Q,M,W,Q,H,L,T,K,A,E,T,K,L,H,T,L,D,S,G,G,R,G,K,L,S,E,S,V,Y,T,D,V,L,D,R,S,C,S,Q,T,W,Q,G,Y,G,V,G,E,V,D,Q,V,K,R,L,M,G,P,G,L,N,K,G,P,E,P,S,I,S,V,I,I,M,G,A,P,W,P,T,R,L,S,K,T,C,F,H,Y,L,G,E,F,G,E,D,Q,I,Y,E,S,H,Q,Q,G,Q,G,A,L,E,A,L,L,C,G,G,P,R,G,A,C,S,E,E,A,P,V,T,R,A,E,L
Echinops_telfairi,M,Q,L,S,Q,A,L,L,L,L,L,L,G,A,W,A,I,P,G,S,L,G,D,Q,A,V,L,T,A,T,A,P,Q,M,D,D,E,E,K,Y,S,V,H,M,P,V,H,L,R,C,D,A,C,R,A,V,A,Y,Q,M,W,K,H,L,A,E,A,D,A,K,L,H,T,S,E,P,R,G,Q,R,E,L,S,E,S,V,Y,T,D,V,L,D,R,T,C,S,Q,S,W,Q,G,Y,G,V,Q,E,V,N,H,E,K,H,F,I,G,P,G,L,S,E,G,P,K,S,L,I,S,M,M,V,T,G,G,P,W,P,T,R,L,T,K,T,C,L,Q,Y,L,G,E,H,G,E,D,R,L,Y,E,T,H,C,Q,G,R,E,A,L,E,A,V,L,C,G,G,S,R,G,A,C,W,E,K,P,A,V,T,E,K,E,L
Delphinapterus_leucas,M,R,L,S,-,P,L,L,L,L,L,L,G,A,W,T,I,P,G,G,L,G,D,R,A,P,L,T,A,T,A,P,E,L,D,D,E,E,K,F,S,A,H,M,P,A,H,L,R,C,D,A,C,R,V,V,A,Y,Q,M,W,Q,H,L,T,R,A,E,A,K,L,H,T,L,D,S,G,G,R,G,K,L,S,E,S,V,Y,T,D,V,L,D,Q,S,C,S,Q,T,W,Q,G,Y,G,V,G,E,V,D,Q,V,K,R,L,M,G,P,G,L,R,K,G,P,E,P,S,I,S,V,I,I,M,G,A,P,W,P,T,R,L,S,K,T,C,F,H,Y,L,G,E,F,G,E,D,Q,I,Y,E,A,H,Q,Q,G,Q,G,A,L,E,A,L,L,C,G,G,H,R,G,A,C,S,E,E,A,P,V,T,R,A,E,L
Globicephala_melas,M,R,L,S,-,P,L,L,L,L,L,L,G,A,W,T,I,P,G,G,L,G,D,R,A,P,L,T,A,T,A,P,E,L,D,D,E,E,K,F,S,A,H,M,P,A,H,L,R,C,D,A,C,R,A,V,A,Y,E,M,W,Q,H,L,T,K,A,E,A,K,L,H,T,L,D,S,G,G,R,G,K,L,R,E,S,V,Y,T,D,V,L,D,Q,S,C,S,Q,T,W,Q,G,Y,G,V,G,E,V,D,Q,V,K,R,L,M,G,P,G,L,R,K,G,P,E,P,T,I,S,V,I,I,M,G,A,P,W,P,T,R,L,S,K,T,C,F,H,Y,L,G,E,F,G,E,D,Q,I,Y,E,A,H,Q,Q,G,Q,G,A,L,E,A,L,L,C,G,G,H,R,G,A,C,S,E,E,A,P,V,T,R,A,E,L
Lagenorhynchus_obliquidens,M,R,L,S,-,P,L,L,L,L,L,L,G,S,W,T,I,P,G,G,L,G,D,R,A,P,L,T,A,T,A,P,E,L,D,D,E,E,K,F,S,A,H,M,P,A,H,L,R,C,D,A,C,R,A,V,A,Y,E,M,W,Q,H,L,T,K,A,E,A,K,L,H,T,L,D,S,G,G,R,G,K,L,R,E,S,V,Y,T,D,V,L,D,Q,S,C,S,Q,T,W,Q,G,Y,G,V,G,E,V,D,Q,V,K,R,L,M,G,P,G,L,R,K,G,P,E,P,T,I,S,V,I,I,M,G,A,P,W,P,T,R,L,S,K,T,C,F,H,Y,L,G,E,F,G,E,D,Q,I,Y,E,A,H,Q,Q,G,Q,G,A,L,E,A,L,L,C,G,G,H,R,G,A,C,S,E,E,A,P,V,T,R,A,E,L
Lipotes_vexillifer,M,R,L,S,-,P,L,L,L,L,L,L,G,A,W,T,I,P,G,G,L,G,D,R,A,P,L,T,A,T,A,P,E,L,D,D,E,E,K,F,S,A,H,M,P,A,H,L,R,C,D,A,C,R,A,V,A,Y,Q,M,W,Q,H,L,T,K,A,E,A,K,L,H,T,L,D,S,R,G,C,G,K,L,S,E,S,V,Y,T,D,V,L,D,R,S,C,S,Q,T,W,Q,G,Y,G,V,G,E,V,D,Q,V,K,H,L,M,G,P,G,L,R,K,G,P,E,P,S,I,S,V,I,I,M,G,A,P,W,P,T,R,L,S,K,T,C,F,H,Y,L,G,E,F,G,E,D,Q,I,Y,E,A,H,Q,Q,G,Q,G,A,L,E,A,L,L,C,G,G,P,R,G,A,C,S,E,E,A,P,V,T,R,A,E,L
Monodon_monoceros,M,R,L,S,-,P,L,L,L,L,L,L,G,A,W,T,I,P,G,G,L,G,D,R,A,P,L,T,A,T,A,P,E,L,D,D,E,E,K,F,S,A,H,M,P,A,H,L,R,C,D,A,C,R,V,V,A,Y,Q,M,W,Q,H,L,T,K,A,E,A,K,L,H,T,L,D,S,G,G,R,G,K,L,S,E,S,V,Y,T,D,V,L,D,Q,S,C,S,Q,T,W,Q,G,Y,G,V,G,E,V,D,Q,V,K,R,L,M,G,P,G,L,R,K,G,P,E,P,S,I,S,V,I,I,M,G,A,P,W,P,T,R,L,S,K,T,C,F,H,Y,L,G,E,F,G,E,D,Q,I,Y,E,A,H,Q,Q,G,Q,G,A,L,E,A,L,L,C,G,G,H,R,G,A,C,S,E,E,A,P,V,T,R,A,E,L
Neophocaena_asiaeorientalis_asiaeorientalis,-,-,-,-,-,-,-,-,-,-,-,-,-,-,-,-,-,-,-,-,-,-,-,-,-,-,-,-,-,-,-,-,-,-,-,-,-,-,-,-,-,-,-,-,-,-,-,-,-,-,-,-,-,-,-,-,-,-,-,-,-,-,-,-,-,-,-,-,-,-,-,-,-,-,-,-,-,-,-,-,-,-,-,-,-,-,-,-,-,-,-,-,-,-,-,-,-,-,-,-,-,-,-,-,-,-,-,-,-,-,-,-,-,-,-,-,-,-,-,-,-,-,-,-,-,-,-,-,-,-,-,-,-,-,-,-,-,-,-,-,-,-,-,-,-,-,-,-,-,-,-,-,-,-,-,-,-,-,-,-,-,-,-,-,-,-,-,-,-,-,-,-,-,-,-,-,-,-,-,-,-,-,-,-,-,-,-,-,-
Orcinus_orca,M,R,L,S,-,P,L,L,L,L,L,L,G,A,W,T,I,P,G,G,L,G,D,R,A,P,L,T,A,T,A,P,E,L,D,D,E,E,K,F,S,A,H,M,P,A,H,L,R,C,D,A,C,R,A,V,A,Y,E,M,W,Q,H,L,T,K,A,E,A,K,L,H,T,L,D,S,G,G,R,G,K,L,R,E,S,V,Y,T,D,V,L,D,Q,S,C,S,Q,T,W,Q,G,Y,G,V,G,E,V,D,Q,V,K,R,L,M,G,P,G,L,R,K,G,P,E,P,T,I,S,V,I,I,M,G,A,P,W,P,T,R,L,S,K,T,C,F,H,Y,L,G,E,F,G,E,D,Q,I,Y,E,A,H,Q,Q,G,Q,G,A,L,E,A,L,L,C,G,G,H,R,G,A,C,S,E,E,A,P,V,T,R,A,E,L
Phocoena_sinus,-,-,-,-,-,-,-,-,-,-,-,-,-,-,-,-,-,-,-,-,-,-,-,-,-,-,-,-,-,-,-,-,-,-,-,-,-,-,-,-,-,-,-,-,-,-,-,-,-,-,-,-,-,-,-,-,-,-,-,-,-,-,-,-,-,-,-,-,-,-,-,-,-,-,-,-,-,-,-,-,-,-,-,-,-,-,-,-,-,-,-,-,-,-,-,-,-,-,-,-,-,-,-,-,-,-,-,-,-,-,-,-,-,-,-,-,-,-,-,-,-,-,-,-,-,-,-,-,-,-,-,-,-,-,-,-,-,-,-,-,-,-,-,-,-,-,-,-,-,-,-,-,-,-,-,-,-,-,-,-,-,-,-,-,-,-,-,-,-,-,-,-,-,-,-,-,-,-,-,-,-,-,-,-,-,-,-,-,-
Physeter_catodon,M,R,L,S,-,-,L,L,L,L,L,L,G,A,W,T,I,P,G,G,L,G,D,R,A,P,L,T,A,T,A,P,E,L,D,D,E,E,K,F,S,V,H,M,P,A,H,L,R,C,D,A,C,R,A,V,A,Y,Q,M,W,Q,H,L,T,K,A,E,A,K,L,P,T,L,D,S,G,G,R,S,K,L,S,E,S,V,Y,T,D,V,L,D,R,S,C,S,Q,T,W,Q,D,Y,G,V,G,E,V,D,Q,V,K,R,L,M,G,P,G,L,R,K,G,Q,E,P,S,I,S,V,I,I,M,G,A,P,W,P,T,R,L,S,K,T,C,F,H,Y,L,G,E,F,G,E,D,Q,I,Y,E,A,H,Q,Q,G,Q,G,A,L,E,A,L,L,C,G,G,P,R,G,A,C,S,E,E,A,P,V,T,R,A,E,L
Tursiops_truncatus,M,R,L,S,-,P,L,L,L,L,L,L,G,A,W,T,I,P,G,G,L,G,D,R,A,P,L,T,A,T,A,P,E,L,D,D,E,E,K,F,S,A,H,M,P,A,H,L,R,C,D,A,C,R,A,V,A,Y,E,M,W,Q,H,L,T,K,A,E,A,K,L,H,T,L,D,S,G,G,R,G,K,L,S,E,S,V,Y,T,D,V,L,D,Q,S,C,S,Q,T,W,Q,G,Y,G,V,G,E,V,D,Q,V,K,R,L,M,G,P,G,L,R,K,G,P,E,P,T,I,S,V,I,I,M,G,A,P,W,P,T,R,L,S,K,T,C,F,H,Y,L,G,E,F,G,E,D,Q,I,Y,E,A,H,Q,Q,G,Q,G,A,L,E,A,L,L,C,G,G,H,R,G,A,C,S,E,E,A,P,V,T,R,A,E,L
Acinonyx_jubatus,M,R,L,S,L,T,L,T,L,L,L,L,G,A,W,G,I,P,G,G,L,G,D,R,P,P,L,T,A,T,A,P,Q,L,D,D,E,E,K,Y,S,A,H,M,P,A,H,L,R,C,D,A,C,R,A,V,A,Y,Q,M,W,Q,H,L,A,K,A,E,A,K,L,H,T,R,D,S,G,G,Q,Q,E,L,S,E,S,V,Y,T,D,I,L,D,R,S,C,S,Q,T,W,Q,G,Y,G,V,R,E,V,N,Q,V,K,R,L,T,G,P,G,L,S,K,G,P,E,P,N,I,S,V,M,I,T,G,G,P,W,P,T,R,L,S,M,T,C,L,H,Y,L,G,E,F,G,E,D,Q,I,Y,E,A,H,Q,Q,G,R,E,A,L,E,A,L,L,C,G,G,P,Q,G,A,C,S,E,E,A,P,V,T,K,T,E,L
Acomys_russatus,-,-,-,-,L,P,-,L,L,L,L,L,G,C,K,A,I,L,G,S,L,G,D,K,A,S,L,S,A,T,A,P,T,L,D,D,E,E,K,Y,S,S,H,M,P,A,H,L,R,C,D,A,C,R,A,V,A,Y,Q,M,G,Q,H,L,A,K,A,E,A,K,S,H,A,P,D,S,S,G,M,R,E,L,R,E,S,E,Y,T,D,A,L,D,R,T,C,S,Q,N,W,Q,S,Y,G,V,H,E,V,N,Q,M,K,R,L,M,G,P,G,L,N,K,G,P,E,P,S,I,S,V,M,V,T,G,G,P,W,P,N,R,L,S,M,S,C,F,H,Y,L,G,E,F,G,E,D,Q,I,Y,E,A,Y,R,E,G,H,E,T,L,E,A,L,L,C,G,G,A,Q,G,S,C,S,Q,E,S,Q,G,P,R,E,E,L
Arvicanthis_niloticus,M,R,L,P,L,P,-,L,L,L,L,F,G,C,R,A,I,L,G,S,F,G,D,R,V,S,L,S,A,T,A,P,T,L,D,D,E,E,K,Y,S,S,H,M,P,T,H,L,R,C,D,A,C,R,A,V,A,Y,Q,M,G,Q,H,L,A,K,A,E,A,K,S,H,T,P,D,S,G,G,L,Q,E,L,S,E,S,T,Y,T,D,V,L,D,R,T,C,S,Q,N,W,Q,S,Y,G,V,Q,E,V,N,Q,M,K,R,L,M,G,P,G,L,S,K,G,P,E,P,S,I,S,V,M,I,T,G,G,P,W,P,N,R,L,S,M,T,C,F,H,Y,L,G,E,F,G,E,D,Q,I,Y,E,A,Y,R,Q,G,P,E,N,L,E,A,L,L,C,E,G,T,H,G,S,C,S,Q,E,I,L,A,Q,R,E,E,L
Bison_bison_bison,M,R,L,S,L,L,L,L,L,P,L,L,G,A,W,A,I,P,G,G,F,G,D,E,A,S,L,T,A,T,A,P,E,L,D,D,E,E,K,F,S,T,H,I,P,T,H,L,R,C,D,A,C,R,A,V,A,Y,Q,M,W,Q,H,L,T,K,A,E,A,K,L,L,P,L,D,S,G,G,R,R,E,L,S,E,S,V,Y,T,D,V,L,D,Q,S,C,S,Q,T,W,Q,G,Y,G,V,G,E,V,D,Q,V,K,R,L,M,G,P,G,L,S,T,G,A,Q,P,S,I,M,V,M,I,M,E,G,L,W,P,T,R,L,S,K,T,C,F,H,Y,L,G,E,F,G,E,D,Q,I,Y,E,A,H,Q,Q,G,R,G,T,L,E,A,L,L,C,G,G,P,R,G,A,C,S,E,K,A,P,D,T,R,T,E,L
Bos_indicus,M,R,L,S,L,L,L,L,L,P,L,L,G,A,W,A,I,P,G,G,F,G,D,E,A,S,L,T,A,T,A,P,E,L,D,D,E,E,K,F,S,T,H,I,P,T,H,L,R,C,D,A,C,R,A,V,A,Y,Q,M,W,Q,H,L,T,K,A,E,A,K,L,L,P,L,D,S,G,G,R,R,E,L,S,E,S,V,Y,T,D,V,L,D,Q,S,C,S,Q,T,W,Q,G,Y,G,V,G,E,V,D,Q,V,K,R,L,M,G,P,G,L,S,T,G,A,Q,P,S,I,M,V,M,I,M,E,G,L,W,P,T,R,L,S,K,T,C,F,H,Y,L,G,E,F,G,E,D,Q,I,Y,E,A,H,Q,Q,G,R,G,T,L,E,A,L,L,C,G,G,P,R,G,A,C,S,E,K,A,P,D,T,R,T,E,L
Bos_mutus,M,R,L,S,L,L,L,L,L,L,L,L,G,A,W,A,I,P,G,G,F,G,D,E,A,S,L,T,A,T,A,P,E,L,D,D,E,E,K,F,S,T,H,I,P,T,H,L,R,C,D,A,C,R,A,V,A,Y,Q,M,W,Q,H,L,T,K,A,E,A,K,L,L,P,L,D,S,G,G,R,R,E,L,S,E,S,V,Y,T,D,V,L,D,Q,S,C,S,Q,T,W,Q,G,Y,G,V,G,E,V,D,Q,V,K,R,L,M,G,P,G,L,S,T,G,A,Q,P,S,I,M,V,M,I,M,E,G,L,W,P,T,R,L,S,K,T,C,F,H,Y,L,G,E,F,G,E,D,Q,I,Y,E,A,H,Q,Q,G,R,G,T,L,E,A,L,L,C,G,G,P,R,G,A,C,S,E,K,A,P,D,T,R,T,E,L
Bos_taurus,M,R,L,S,L,L,L,L,L,P,L,L,G,A,W,A,I,P,G,G,F,G,D,E,A,S,L,T,A,T,A,P,E,L,D,D,E,E,K,F,S,T,H,I,P,T,H,L,R,C,D,A,C,R,A,V,A,Y,Q,M,W,Q,H,L,T,K,A,E,A,K,L,L,P,L,D,S,G,G,R,R,E,L,S,E,S,V,Y,T,D,V,L,D,Q,S,C,S,Q,T,W,Q,G,Y,G,V,G,E,V,D,Q,V,K,R,L,M,G,P,G,L,S,T,G,A,Q,P,S,I,M,V,M,I,M,E,G,L,W,P,T,R,L,S,K,T,C,F,H,Y,L,G,E,F,G,E,D,Q,I,Y,E,A,H,Q,Q,G,R,G,T,L,E,A,L,L,C,G,G,P,R,G,A,C,S,E,K,A,P,D,T,R,T,E,L
Bubalus_bubalis,M,R,L,S,L,L,L,L,L,P,L,L,G,T,W,A,I,P,G,G,F,G,D,E,A,S,L,T,A,T,A,P,E,L,D,D,E,E,K,F,S,T,H,M,P,T,H,L,R,C,D,A,C,R,A,V,A,Y,Q,M,W,Q,H,L,T,K,A,E,A,K,L,L,P,L,D,S,G,G,R,R,E,L,S,E,S,V,Y,T,D,V,L,D,Q,S,C,S,Q,T,W,Q,G,Y,G,V,G,E,V,D,Q,V,K,R,L,M,G,P,G,L,S,T,G,A,Q,P,S,I,M,V,M,I,M,E,G,L,W,P,T,R,L,S,K,T,C,F,H,Y,L,G,E,F,G,E,D,Q,I,Y,E,A,H,Q,Q,G,R,G,T,L,E,A,L,L,C,G,G,P,R,G,A,C,S,E,K,A,P,D,T,R,T,E,L
Budorcas_taxicolor,M,R,L,S,L,L,L,L,L,P,L,L,G,A,W,A,I,P,R,G,L,G,D,E,A,S,L,T,A,T,A,P,E,L,D,D,E,E,K,F,S,T,H,M,P,T,H,L,R,C,D,A,C,R,A,V,A,Y,Q,M,W,Q,H,L,T,K,A,E,A,K,L,L,P,L,D,S,G,G,R,R,E,L,S,E,S,V,Y,T,D,V,L,D,Q,S,C,S,Q,T,W,Q,G,Y,G,V,G,E,V,D,Q,V,K,R,L,M,G,P,G,L,S,P,G,A,Q,P,S,I,M,V,M,I,M,E,G,L,W,P,T,R,L,S,K,T,C,F,H,Y,L,G,E,F,G,E,D,Q,I,Y,E,A,H,Q,Q,G,R,G,T,L,E,A,L,L,C,G,G,P,R,G,A,C,S,E,K,A,P,D,T,R,T,E,L
Callithrix_jacchus,M,R,L,S,L,S,L,L,L,L,L,F,R,A,W,A,I,P,G,G,L,G,D,R,V,P,L,T,A,T,A,P,Q,L,D,D,E,E,K,Y,S,T,H,M,P,S,H,L,R,C,D,A,C,R,A,V,A,Y,Q,M,W,Q,N,L,A,K,A,E,T,K,L,H,S,P,N,S,G,G,Q,Q,E,L,S,E,S,V,Y,L,D,V,L,D,R,S,C,S,R,N,W,Q,D,Y,G,V,R,E,V,D,Q,V,K,H,L,T,G,P,G,L,S,K,G,R,E,P,S,I,S,V,M,V,T,G,G,P,W,P,T,R,L,S,R,T,C,F,H,Y,L,G,E,F,G,E,D,Q,I,Y,E,A,H,Q,Q,G,Q,G,A,L,E,A,L,L,C,R,G,S,H,R,A,C,S,E,E,V,S,N,T,R,E,E,L
Camelus_bactrianus,M,R,-,-,L,A,L,L,L,L,L,L,G,A,W,A,I,P,G,G,L,G,D,R,A,P,L,M,A,T,A,P,Q,L,D,D,E,E,K,Y,S,A,H,M,P,A,H,L,R,C,D,A,C,R,A,V,A,Y,Q,M,S,Q,H,L,T,K,A,E,A,K,L,H,T,L,D,S,G,E,H,Q,E,L,S,E,S,V,Y,T,D,V,L,D,Q,S,C,S,Q,T,W,Q,D,Y,G,V,R,E,E,N,Q,V,K,R,L,T,G,P,G,L,N,K,V,P,E,P,S,I,S,V,M,I,T,G,G,P,W,P,T,R,L,F,T,T,C,L,H,Y,L,G,E,F,G,E,D,Q,I,Y,E,A,H,Q,Q,G,R,G,A,L,E,T,L,L,C,G,G,P,R,G,A,C,S,E,D,E,Q,V,T,R,T,E,L
Camelus_dromedarius,M,R,-,-,L,A,L,L,L,L,L,L,G,A,W,A,I,P,G,G,L,G,D,R,A,P,L,T,A,T,A,P,Q,L,D,D,E,E,K,Y,S,A,H,M,P,A,H,L,R,C,D,A,C,R,A,V,A,Y,Q,M,S,Q,H,L,T,K,A,E,A,K,L,H,T,L,D,S,G,E,H,Q,E,L,S,E,S,V,Y,T,D,V,L,D,Q,S,C,S,Q,T,W,Q,D,Y,G,V,R,E,E,N,Q,V,K,R,L,T,G,P,G,L,N,K,V,P,E,P,S,I,S,V,M,I,T,G,G,P,W,P,T,R,L,F,T,T,C,L,H,Y,L,G,E,F,G,E,D,Q,I,Y,E,A,H,Q,Q,G,R,G,A,L,E,T,L,L,C,G,G,P,R,G,A,C,S,E,D,E,Q,V,T,R,T,E,L
Camelus_ferus,M,R,-,-,L,A,L,L,L,L,L,L,G,A,W,A,I,P,G,G,L,G,D,R,A,P,L,M,A,T,A,P,Q,L,D,D,E,E,K,Y,S,A,H,M,P,A,H,L,R,C,D,A,C,R,A,V,A,Y,Q,M,S,Q,H,L,T,K,A,E,A,K,L,H,T,L,D,S,G,E,H,Q,E,L,S,E,S,V,Y,T,D,V,L,D,Q,S,C,S,Q,T,W,Q,D,Y,G,V,R,E,E,N,Q,V,K,R,L,T,G,P,G,L,N,K,V,P,E,P,S,I,S,V,M,I,T,G,G,P,W,P,T,R,L,F,T,T,C,L,H,Y,L,G,E,F,G,E,D,Q,I,Y,E,A,H,Q,Q,G,R,G,A,L,E,T,L,L,C,G,G,P,R,G,A,C,S,E,D,E,Q,V,T,R,T,E,L
Capra_hircus,M,R,L,S,L,L,L,L,L,P,L,L,G,A,W,A,I,P,G,G,L,G,D,E,A,S,L,T,A,T,A,P,E,L,D,D,E,E,K,F,S,T,H,M,P,T,H,L,R,C,D,A,C,R,A,V,A,Y,Q,M,W,Q,H,L,T,K,A,E,A,K,L,L,P,L,D,S,G,G,R,R,E,L,S,E,S,V,Y,T,D,V,L,D,Q,S,C,S,Q,T,W,Q,G,Y,G,V,G,E,V,D,Q,V,K,R,L,M,G,P,G,L,S,P,G,A,Q,P,S,I,M,V,M,I,M,E,G,L,W,P,T,R,L,S,K,T,C,F,H,Y,L,G,E,F,G,E,D,Q,I,Y,E,A,H,Q,Q,G,R,G,T,L,E,A,L,L,C,G,G,P,R,G,A,C,S,E,K,V,P,D,T,R,T,E,L
Cebus_imitator,M,R,L,S,L,S,L,L,L,L,L,F,G,A,W,A,I,P,G,G,L,G,D,R,A,P,L,T,A,T,A,P,Q,L,D,D,E,E,K,Y,S,T,H,M,P,S,H,L,R,C,D,A,C,R,A,V,A,Y,Q,M,W,Q,N,L,A,K,A,E,T,K,L,H,S,P,N,S,G,G,Q,R,E,L,S,E,S,V,Y,L,D,V,L,D,R,S,C,S,R,N,W,Q,D,Y,G,V,R,E,V,D,H,V,K,H,L,T,G,P,G,L,S,K,G,Q,E,P,S,I,S,V,M,V,T,G,G,P,W,P,T,R,L,S,R,T,C,F,H,Y,L,G,E,F,G,E,E,Q,I,Y,E,A,H,Q,Q,G,R,G,A,L,E,A,L,L,C,G,G,P,H,R,A,C,S,E,E,V,S,N,T,R,E,E,L
Ceratotherium_simum_simum,M,R,L,S,L,P,L,L,L,L,L,L,G,A,W,A,I,P,G,G,L,G,D,R,A,P,L,T,A,T,A,P,Q,L,D,E,E,E,K,Y,S,A,H,M,P,V,H,L,R,C,D,A,C,R,A,V,A,Y,Q,M,Q,Q,H,L,A,K,A,E,A,K,L,H,T,Q,D,S,R,G,Q,Q,V,L,S,E,S,V,Y,T,D,V,L,D,G,S,C,S,Q,T,W,Q,D,Y,G,V,R,E,V,N,Q,V,K,R,L,T,G,P,G,L,S,N,G,P,E,P,G,I,S,V,M,I,T,G,G,P,W,P,T,R,L,S,S,T,C,L,H,Y,L,G,E,F,G,E,D,Q,I,Y,E,A,H,Q,Q,G,A,G,A,L,E,A,L,L,C,G,G,R,R,G,A,C,S,E,E,V,P,V,T,R,A,E,L
Cercocebus_atys,M,R,L,S,L,P,-,L,L,L,L,L,G,A,W,A,I,P,G,G,L,G,D,R,A,P,L,T,A,T,A,P,Q,L,D,D,E,E,M,Y,S,A,H,M,P,A,H,L,R,C,D,A,C,R,A,V,A,Y,Q,M,W,Q,N,L,A,K,A,E,T,K,L,H,T,P,N,S,G,G,R,R,E,L,S,E,S,V,Y,T,D,V,L,D,R,S,C,S,R,N,W,Q,D,Y,G,V,R,E,V,D,Q,V,K,R,L,T,G,P,G,L,S,K,G,P,E,P,S,I,S,V,M,V,T,G,G,P,W,P,T,R,L,S,R,T,C,L,H,Y,L,G,E,F,G,E,D,Q,I,Y,E,A,H,Q,Q,G,Q,G,A,L,E,S,L,L,C,G,G,P,Q,G,A,C,S,E,K,V,S,A,T,R,E,E,L
Cervus_canadensis,M,R,L,S,L,L,L,L,L,P,L,L,G,A,W,A,I,P,G,G,L,G,D,K,A,S,L,T,A,T,A,P,E,L,D,D,E,E,K,F,S,T,H,M,P,T,H,L,R,C,D,A,C,R,A,V,A,F,Q,M,W,Q,H,L,T,K,A,E,A,K,L,L,P,L,D,S,G,G,R,H,E,L,S,E,S,V,Y,T,D,V,L,D,Q,S,C,S,Q,T,W,Q,G,Y,G,V,G,E,V,D,Q,V,K,R,L,M,G,P,G,L,S,T,G,A,Q,P,S,V,M,V,V,I,M,D,G,L,W,P,T,R,L,S,K,T,C,F,H,Y,L,G,E,F,G,E,D,Q,I,Y,E,A,H,Q,Q,G,R,G,T,L,E,A,L,L,C,G,G,P,R,G,A,C,S,E,K,A,P,D,A,R,T,E,L
Chlorocebus_sabaeus,M,R,L,S,L,P,-,L,L,L,L,L,G,A,W,A,I,P,G,G,L,G,D,R,A,P,L,T,A,T,A,P,Q,L,D,D,E,E,M,Y,S,A,H,M,P,A,H,L,R,C,D,A,C,R,A,V,A,Y,Q,M,W,Q,N,L,A,K,A,E,T,K,L,R,T,P,N,S,G,G,R,R,E,L,S,E,S,V,Y,T,D,V,L,D,Q,S,C,S,R,N,W,Q,D,Y,G,V,R,E,V,D,Q,V,K,R,L,T,G,P,G,L,S,E,G,P,E,P,S,I,S,V,M,V,T,G,G,P,W,P,T,R,L,S,R,T,C,L,H,Y,L,G,E,F,G,E,D,Q,I,Y,E,A,H,Q,Q,G,Q,G,A,L,E,S,L,L,C,G,G,P,Q,G,A,C,S,E,K,V,S,A,T,R,E,E,L
Colobus_angolensis_palliatus,M,R,L,S,L,P,-,L,L,L,L,L,G,A,W,A,I,A,G,G,L,G,D,R,A,P,L,T,A,T,A,P,Q,L,D,D,E,E,M,Y,S,A,H,M,P,A,H,L,R,C,D,A,C,R,A,V,A,Y,Q,M,W,Q,N,L,A,K,A,E,T,K,L,H,T,P,N,S,G,G,R,R,E,L,S,E,S,V,Y,T,D,V,L,D,Q,S,C,S,R,N,W,Q,D,Y,G,V,R,E,V,D,Q,V,K,R,L,T,G,P,G,L,S,E,G,P,E,P,S,I,S,V,M,V,T,G,G,P,W,P,T,R,L,S,R,T,C,L,H,Y,L,G,E,F,G,E,D,Q,I,Y,E,A,H,Q,Q,G,Q,G,A,L,E,S,L,L,C,G,G,P,Q,G,A,C,S,E,K,V,S,A,T,R,E,E,L
Condylura_cristata,M,K,L,P,L,P,L,L,L,L,L,L,K,A,W,A,V,P,G,D,H,G,D,R,A,T,L,T,A,T,A,P,Q,L,D,D,E,E,K,Y,S,N,H,M,P,A,H,L,R,C,D,A,C,R,A,V,A,Y,Q,M,S,Q,H,L,A,K,A,E,A,K,L,H,T,P,D,S,R,E,R,Q,E,L,S,E,S,A,Y,I,D,V,L,D,Q,S,C,S,Q,T,W,Q,H,Y,G,V,Q,E,V,N,Q,V,K,H,L,T,G,P,G,L,T,T,E,T,E,P,T,I,S,V,M,I,T,G,G,P,W,P,S,R,L,S,R,T,C,L,Q,Y,L,G,E,F,G,E,D,Q,I,Y,E,A,H,Q,Q,G,R,E,A,L,E,L,L,L,C,R,R,P,R,G,A,C,S,G,E,A,L,V,T,K,T,E,L
Elephas_maximus_indicus,M,R,L,S,L,P,L,L,L,P,L,L,G,A,W,A,I,P,G,G,L,G,D,R,A,P,L,T,A,T,A,P,Q,L,D,D,E,E,I,Y,S,V,H,M,P,T,H,L,R,C,D,A,C,R,A,V,A,Y,Q,M,W,Q,H,L,A,E,A,E,A,K,L,H,T,P,E,S,G,R,R,R,E,L,S,E,S,V,Y,T,D,V,L,D,R,S,C,S,Q,S,W,Q,G,Y,G,V,R,E,V,N,Q,V,K,R,L,T,G,P,G,L,S,K,G,P,E,P,S,I,S,V,M,V,T,G,G,P,W,P,I,R,L,S,K,T,C,L,H,Y,L,G,E,F,G,E,D,Q,I,Y,E,A,H,H,Q,G,H,A,A,L,E,A,L,L,C,G,G,S,R,G,A,C,L,E,E,A,S,I,T,R,E,E,L
Enhydra_lutris_kenyoni,M,M,L,S,L,P,L,-,I,L,L,L,G,A,W,A,I,P,G,G,F,G,D,R,D,P,L,T,A,T,A,P,Q,L,D,D,E,E,K,Y,S,A,H,M,P,A,H,L,R,C,D,A,C,R,A,V,V,Y,Q,M,W,Q,Y,L,A,K,A,E,A,K,L,H,T,P,D,S,G,G,Q,R,E,L,S,E,S,V,Y,T,D,V,L,D,Q,S,C,T,Q,T,W,Q,G,Y,G,I,R,E,V,N,Q,V,K,R,L,T,G,P,G,L,S,K,G,P,E,P,T,I,S,V,M,I,T,G,G,P,W,P,T,R,L,S,T,T,C,L,H,Y,L,G,E,F,G,E,D,Q,I,Y,E,A,H,Q,Q,G,P,S,A,L,E,T,L,L,C,G,G,P,E,G,A,C,S,E,E,A,T,I,T,R,T,E,L
Equus_asinus,M,R,L,L,L,P,L,L,L,L,L,L,R,A,W,A,V,P,G,D,L,G,E,R,A,P,L,S,A,T,A,P,Q,L,D,E,E,E,K,Y,S,A,H,M,P,V,H,L,R,C,D,A,C,M,A,V,A,Y,Q,M,W,Q,H,L,A,K,A,E,A,K,L,H,T,P,D,S,R,G,Q,Q,V,L,S,E,L,V,Y,T,D,V,L,D,R,S,C,S,Q,T,W,K,D,Y,G,I,Q,E,V,N,Q,V,K,R,L,T,G,P,G,L,S,K,G,P,E,P,G,I,S,V,M,I,T,G,G,P,W,P,T,R,L,S,V,T,C,F,H,Y,L,G,E,F,G,E,D,Q,I,Y,E,A,H,R,Q,G,R,A,A,L,E,V,L,L,C,G,G,P,R,G,A,C,S,K,E,A,P,G,T,R,T,E,L
Equus_przewalskii,M,R,L,L,L,P,L,L,L,L,L,L,R,A,W,A,V,P,G,D,L,G,E,R,A,P,L,S,A,T,A,P,Q,L,D,E,E,E,K,Y,S,A,H,M,P,I,H,L,R,C,D,A,C,M,A,V,A,Y,Q,M,W,Q,H,L,A,K,A,E,A,K,L,H,T,P,D,S,R,G,Q,Q,V,L,S,E,L,V,Y,T,D,V,L,D,R,S,C,S,Q,T,W,K,D,Y,G,V,Q,E,V,N,Q,V,K,R,L,T,G,P,G,L,S,K,G,P,E,P,G,I,S,V,M,I,T,G,G,P,W,P,T,R,L,S,V,T,C,F,H,Y,L,G,E,F,G,E,D,Q,I,Y,E,A,H,R,Q,G,R,A,A,L,E,V,L,L,C,G,G,P,R,G,A,C,S,K,E,A,P,G,T,R,T,E,L
Equus_quagga,M,R,L,L,L,P,L,L,L,L,L,L,R,A,W,A,V,P,G,D,L,G,E,R,A,P,L,S,A,T,A,P,Q,L,D,E,E,E,K,Y,S,A,H,M,P,V,H,L,R,C,D,A,C,M,V,V,A,Y,Q,M,W,Q,H,L,A,K,A,E,A,K,L,H,T,P,D,S,R,G,Q,Q,V,L,S,E,L,V,Y,T,D,V,L,D,R,S,C,S,Q,T,W,K,D,Y,G,V,Q,E,V,N,Q,V,K,R,L,T,G,P,G,L,S,K,G,P,E,P,G,I,S,V,M,I,T,G,G,P,W,P,T,R,L,S,V,T,C,F,H,Y,L,G,E,F,G,E,D,Q,I,Y,E,A,H,R,Q,G,R,A,A,L,E,V,L,L,C,G,G,P,R,G,A,C,S,K,E,A,P,G,T,R,T,E,L
Gorilla_gorilla_gorilla,M,R,L,S,L,P,L,L,L,L,L,L,G,A,W,A,I,P,G,G,L,G,D,R,A,P,L,T,A,T,A,P,Q,L,D,D,E,E,M,Y,S,A,H,M,P,A,H,L,R,C,D,A,C,R,A,V,A,Y,Q,M,W,Q,N,L,A,K,A,E,T,K,L,H,T,P,N,S,G,G,R,R,E,L,S,E,S,V,Y,T,D,V,L,D,R,S,C,S,R,N,W,Q,D,Y,G,V,R,E,V,D,Q,V,K,R,L,T,G,P,G,L,S,E,G,P,E,P,S,I,S,V,M,V,T,G,G,P,W,P,T,R,L,S,R,T,C,L,H,Y,L,G,E,F,G,E,D,Q,I,Y,E,A,H,Q,Q,G,R,G,A,L,E,A,L,L,C,G,G,P,Q,G,A,C,S,E,K,V,S,A,T,R,E,E,L
Halichoerus_grypus,M,R,L,S,L,R,L,-,L,L,L,L,G,A,W,A,I,A,G,G,F,G,D,W,A,P,L,T,A,T,A,P,Q,L,D,D,E,E,K,Y,S,A,H,M,P,A,H,L,R,C,D,S,C,R,A,V,V,Y,Q,M,W,Q,H,L,A,K,A,E,A,K,L,H,T,P,G,S,G,G,Q,R,E,L,S,E,S,V,Y,T,D,V,L,D,Q,S,C,T,Q,T,W,Q,G,Y,G,V,R,E,V,N,Q,V,K,R,L,T,G,P,G,L,S,K,G,P,E,P,S,I,S,V,M,I,T,G,G,P,W,P,T,R,L,S,K,T,C,L,H,Y,L,G,E,F,G,E,D,Q,I,Y,E,A,H,Q,Q,G,R,G,A,L,E,A,L,L,C,G,G,P,Q,G,A,C,S,E,E,A,T,V,T,R,T,E,L
Homo_sapiens,M,R,L,S,L,P,L,L,L,L,L,L,G,A,W,A,I,P,G,G,L,G,D,R,A,P,L,T,A,T,A,P,Q,L,D,D,E,E,M,Y,S,A,H,M,P,A,H,L,R,C,D,A,C,R,A,V,A,Y,Q,M,W,Q,N,L,A,K,A,E,T,K,L,H,T,S,N,S,G,G,R,R,E,L,S,E,L,V,Y,T,D,V,L,D,R,S,C,S,R,N,W,Q,D,Y,G,V,R,E,V,D,Q,V,K,R,L,T,G,P,G,L,S,E,G,P,E,P,S,I,S,V,M,V,T,G,G,P,W,P,T,R,L,S,R,T,C,L,H,Y,L,G,E,F,G,E,D,Q,I,Y,E,A,H,Q,Q,G,R,G,A,L,E,A,L,L,C,G,G,P,Q,G,A,C,S,E,K,V,S,A,T,R,E,E,L
Hylobates_moloch,M,R,L,S,L,P,L,L,L,L,L,L,G,A,W,A,I,P,G,G,L,G,D,R,A,P,L,T,A,T,A,P,Q,L,D,D,E,E,M,Y,S,A,H,M,P,A,H,L,R,C,D,A,C,R,A,V,A,Y,Q,M,W,Q,N,L,A,K,A,E,T,K,L,H,T,P,N,S,G,G,R,R,E,L,S,E,S,V,Y,T,D,V,L,D,R,S,C,S,R,N,W,Q,D,Y,G,V,R,E,V,D,Q,A,K,H,L,T,G,P,G,L,S,E,G,P,E,P,S,I,S,V,M,V,T,G,G,P,W,P,T,R,L,S,R,T,C,L,H,Y,L,G,E,F,G,E,D,Q,I,Y,E,A,H,Q,Q,G,R,G,A,L,E,A,L,L,C,G,G,P,Q,G,A,C,S,E,K,V,S,A,T,R,E,D,L
Ictidomys_tridecemlineatus,M,R,L,S,L,P,-,L,L,L,L,L,G,T,W,A,A,P,R,G,L,G,E,K,A,W,L,S,A,T,A,P,Q,L,D,E,E,E,K,Y,S,A,H,M,P,A,H,L,R,C,D,A,C,R,A,V,S,F,Q,M,W,Q,H,L,A,K,A,E,A,K,L,H,H,P,D,S,W,G,T,Q,G,L,S,E,S,I,Y,T,D,I,L,D,R,C,C,S,Q,N,W,Q,D,Y,G,V,Q,E,V,N,Q,V,K,H,L,T,G,P,G,L,S,K,G,T,E,P,S,I,S,V,M,I,T,G,G,P,W,P,I,R,L,S,E,T,C,F,H,Y,L,G,E,F,G,E,D,Q,I,Y,K,A,H,Q,Q,G,Q,G,A,L,E,A,L,L,C,G,G,S,Q,G,A,C,L,D,K,E,T,A,T,R,K,E,L
Leopardus_geoffroyi,M,R,L,S,L,T,L,T,L,L,L,L,G,A,W,G,I,S,G,G,L,G,D,R,A,P,L,T,A,T,A,P,Q,L,D,D,E,E,K,Y,S,A,H,M,P,A,H,L,R,C,D,A,C,R,A,V,A,Y,Q,M,W,Q,H,L,A,K,A,E,A,K,L,H,T,R,D,S,G,G,Q,Q,E,L,S,E,S,V,Y,T,D,I,L,D,R,S,C,S,Q,T,W,Q,G,Y,G,V,R,E,V,N,Q,V,K,R,L,T,G,P,G,L,S,K,G,P,E,P,N,I,S,V,M,I,T,G,G,P,W,P,T,R,L,S,M,T,C,L,H,Y,L,G,E,F,G,E,D,Q,I,Y,E,A,H,Q,Q,G,R,E,V,L,E,A,L,L,C,G,G,P,Q,G,A,C,S,E,E,A,P,V,T,K,T,E,L
Loxodonta_africana,M,R,L,S,L,P,L,L,L,P,L,L,G,A,W,A,I,P,G,G,L,G,D,R,A,P,L,T,A,T,A,P,Q,L,D,D,E,E,I,Y,S,V,H,M,P,T,H,L,R,C,D,A,C,R,A,V,A,Y,Q,M,W,Q,H,L,A,E,A,E,A,K,L,H,T,P,E,S,G,R,R,R,E,L,S,E,S,V,Y,T,D,V,L,D,R,S,C,S,Q,S,W,Q,G,Y,G,V,R,E,V,N,Q,V,K,R,L,T,G,P,G,L,S,K,G,P,E,P,S,I,S,V,M,V,T,G,G,P,W,P,I,R,L,S,K,T,C,L,H,Y,L,G,E,F,G,E,D,Q,I,Y,E,A,H,H,Q,G,H,A,A,L,E,A,L,L,C,G,G,S,R,G,A,C,L,E,E,A,S,I,T,R,E,E,L
Macaca_fascicularis,M,R,L,S,L,P,-,L,L,L,L,L,G,A,W,A,I,P,G,G,L,G,D,R,A,P,L,T,A,T,A,P,Q,L,D,D,E,E,M,Y,S,A,H,M,P,A,H,L,R,C,D,A,C,R,A,V,A,Y,Q,M,W,Q,N,L,A,K,A,E,T,K,L,H,T,P,N,S,G,G,R,R,E,L,S,E,S,V,Y,T,D,V,L,D,R,S,C,S,R,N,W,Q,D,Y,G,V,R,E,V,D,Q,V,K,R,L,T,G,P,G,L,S,E,G,P,E,P,S,I,S,V,M,V,T,G,G,P,W,P,T,R,L,S,R,T,C,L,H,Y,L,G,E,F,G,E,D,Q,I,Y,E,A,H,Q,Q,G,Q,G,A,L,E,S,L,L,C,G,G,P,Q,G,A,C,S,E,K,V,S,A,T,R,E,E,L
Macaca_mulatta,M,R,L,S,L,P,-,L,L,L,L,L,G,A,W,A,I,P,G,G,L,G,D,R,A,P,L,T,A,T,A,P,Q,L,D,D,E,E,M,Y,S,A,H,M,P,A,H,L,R,C,D,A,C,R,A,V,A,Y,Q,M,W,Q,N,L,A,K,A,E,T,K,L,H,T,P,N,S,G,G,R,R,E,L,S,E,S,V,Y,T,D,V,L,D,R,S,C,S,R,N,W,Q,D,Y,G,V,R,E,V,D,Q,V,K,R,L,T,G,P,G,L,S,E,G,P,E,P,S,I,S,V,M,V,T,G,G,P,W,P,T,R,L,S,R,T,C,L,H,Y,L,G,E,F,G,E,D,Q,I,Y,E,A,H,Q,Q,G,Q,G,A,L,E,S,L,L,C,G,G,P,Q,G,A,C,S,E,K,V,S,A,T,R,E,E,L
Macaca_nemestrina,M,R,L,S,L,P,-,L,L,L,L,L,G,A,W,A,I,P,G,G,L,G,D,R,A,P,L,T,A,T,A,P,Q,L,D,D,E,E,M,Y,S,A,H,M,P,A,H,L,R,C,D,A,C,R,A,V,A,Y,Q,M,W,Q,N,L,A,K,A,E,T,K,L,H,T,P,N,S,G,G,R,R,E,L,S,E,S,V,Y,T,D,V,L,D,R,S,C,S,R,N,W,Q,D,Y,G,V,R,E,V,D,Q,V,K,R,L,T,G,P,G,L,S,E,G,P,E,P,S,I,S,V,M,V,T,G,G,P,W,P,T,R,L,S,R,T,C,L,H,Y,L,G,E,F,G,E,D,Q,I,Y,E,A,H,Q,Q,G,Q,G,A,L,E,S,L,L,C,G,G,P,Q,G,A,C,S,E,K,V,S,A,T,R,E,E,L
Macaca_thibetana_thibetana,M,R,L,S,L,P,-,L,L,L,L,L,G,A,W,A,I,P,G,G,L,G,D,R,A,P,L,T,A,T,A,P,Q,L,D,D,E,E,M,Y,S,A,H,M,P,A,H,L,R,C,D,A,C,R,A,V,A,Y,Q,M,W,Q,N,L,A,K,A,E,T,K,L,H,T,P,N,S,G,G,R,R,E,L,S,E,S,V,Y,T,D,V,L,D,R,S,C,S,R,N,W,Q,D,Y,G,V,R,E,V,D,Q,V,K,R,L,T,G,P,G,L,S,E,G,P,E,P,S,I,S,V,M,V,T,G,G,P,W,P,T,R,L,S,R,T,C,L,H,Y,L,G,E,F,G,E,D,Q,I,Y,E,A,H,Q,Q,G,Q,G,A,L,E,S,L,L,C,G,G,P,Q,G,A,C,S,E,K,V,S,A,T,R,E,E,L
Mandrillus_leucophaeus,M,R,L,S,L,P,-,L,L,L,L,L,G,A,W,A,I,P,G,G,L,G,D,R,A,P,L,T,A,T,A,P,Q,L,D,D,E,E,M,Y,S,A,H,M,P,A,H,L,R,C,D,A,C,R,A,V,A,Y,Q,M,W,Q,N,L,A,K,A,E,T,K,L,H,T,P,N,S,G,G,R,R,E,L,S,E,S,V,Y,T,D,V,L,D,R,S,C,S,R,N,W,Q,D,Y,G,V,R,E,V,D,Q,V,K,R,L,T,G,P,G,L,S,K,G,P,E,P,S,I,S,V,M,V,T,G,G,P,W,P,T,R,L,S,R,T,C,L,H,Y,L,G,E,F,G,E,D,Q,I,Y,E,A,H,Q,Q,G,Q,G,A,L,E,S,L,L,C,G,G,P,Q,G,A,C,S,E,K,V,S,A,T,R,E,E,L
Marmota_flaviventris,M,R,L,S,L,P,-,L,L,L,L,L,G,T,W,A,A,P,R,G,L,G,E,K,A,W,L,S,A,T,A,P,Q,L,D,E,E,E,K,Y,S,A,H,M,P,A,H,L,R,C,D,A,C,R,A,V,S,Y,Q,M,W,Q,H,L,A,K,A,E,A,K,L,H,H,P,D,S,R,G,T,Q,G,L,S,E,S,I,Y,T,D,I,L,D,R,S,C,S,Q,N,W,Q,D,Y,G,I,Q,E,V,N,Q,V,K,H,L,T,G,P,G,L,S,K,G,T,E,P,S,I,S,V,M,I,T,G,G,P,W,P,V,R,L,S,E,T,C,F,H,Y,L,G,E,F,G,E,D,Q,I,Y,K,A,H,Q,Q,G,R,G,A,L,E,A,L,L,C,G,G,S,Q,G,A,C,L,D,K,E,T,A,T,R,K,E,L
Marmota_marmota_marmota,M,R,L,S,L,P,-,L,L,L,L,L,G,T,W,A,A,P,R,G,L,G,E,K,A,W,L,S,A,T,A,P,Q,L,D,E,E,E,K,Y,S,A,H,M,P,A,H,L,R,C,D,A,C,R,A,V,S,Y,Q,M,W,Q,H,L,A,K,A,E,A,K,L,H,H,P,D,S,R,G,T,Q,G,L,S,E,S,I,Y,T,D,I,L,D,R,S,C,S,Q,N,W,Q,D,Y,G,I,Q,E,V,N,Q,V,K,H,L,T,G,P,G,L,S,K,G,T,E,P,S,I,S,V,M,I,T,G,G,P,W,P,V,R,L,S,E,T,C,F,H,Y,L,G,E,F,G,E,D,Q,I,Y,K,A,H,Q,Q,G,R,G,A,L,E,A,L,L,C,G,G,S,Q,G,A,C,L,D,K,E,T,A,T,R,K,E,L
Marmota_monax,M,R,L,S,L,P,-,L,L,L,L,L,G,T,W,A,A,P,R,G,L,G,E,K,A,W,L,S,A,T,A,P,Q,L,D,E,E,E,K,Y,S,A,H,M,P,A,H,L,R,C,D,A,C,R,A,V,S,Y,Q,M,W,Q,H,L,A,K,A,E,A,K,L,H,H,P,D,S,R,G,T,Q,G,L,S,E,S,I,Y,T,D,I,L,D,R,S,C,S,Q,N,W,Q,D,Y,G,I,Q,E,V,N,Q,V,K,H,L,T,G,P,G,L,S,K,G,T,E,P,S,I,S,V,M,I,T,G,G,P,W,P,I,R,L,S,E,T,C,F,H,Y,L,G,E,F,G,E,D,Q,I,Y,K,A,H,Q,Q,G,R,G,A,L,E,A,L,L,C,G,G,S,Q,G,A,C,L,D,K,E,T,A,T,R,K,E,L
Nannospalax_galili,M,R,L,P,L,P,-,L,V,L,L,L,G,C,R,A,I,L,G,E,L,G,-,-,A,S,F,S,A,T,A,P,Q,L,D,D,E,E,K,Y,S,A,H,M,P,A,H,L,R,C,D,A,C,R,A,V,A,Y,Q,I,W,K,H,L,A,K,A,E,A,K,F,H,A,P,D,S,S,G,R,Q,E,L,S,E,S,I,Y,M,D,V,L,D,Q,S,C,S,Q,N,W,Q,D,Y,G,V,Q,E,V,N,Q,V,K,R,L,M,G,P,G,L,G,Q,G,Q,E,P,S,I,T,V,M,I,T,G,G,P,W,P,T,R,L,S,T,T,C,F,H,Y,L,G,E,F,G,E,D,R,I,Y,E,A,H,C,Q,G,L,G,A,L,E,A,L,L,C,G,G,T,Q,G,S,C,S,E,E,V,S,T,T,R,E,E,L
Neomonachus_schauinslandi,M,R,L,S,L,R,L,-,L,L,L,L,G,A,W,A,I,A,G,G,F,R,D,R,A,P,L,T,A,T,A,P,Q,L,D,D,E,E,K,Y,S,A,H,M,P,A,H,L,R,C,D,S,C,R,A,V,V,Y,Q,M,W,Q,H,L,A,K,A,E,A,K,L,H,T,P,G,S,G,G,Q,R,E,L,S,E,S,V,Y,T,D,V,L,D,Q,S,C,T,Q,T,W,Q,G,Y,G,V,R,E,V,N,Q,V,K,R,L,T,G,P,G,L,S,K,G,P,E,P,S,I,S,V,M,I,T,G,G,P,W,P,T,R,L,S,T,T,C,L,H,Y,L,G,E,F,G,E,D,Q,I,Y,E,A,H,Q,Q,G,R,G,A,L,E,A,L,L,C,G,G,P,Q,G,A,C,S,E,E,A,T,V,T,R,T,E,L
Nomascus_leucogenys,M,R,L,S,L,P,L,L,L,L,L,L,G,A,W,A,I,P,W,G,L,G,D,R,A,P,L,T,A,T,A,P,Q,L,D,D,E,E,M,Y,S,A,H,M,P,A,H,L,R,C,D,A,C,R,A,V,A,Y,Q,M,W,Q,N,L,A,K,A,E,T,K,L,H,T,P,N,S,G,G,R,R,E,L,S,E,S,V,Y,T,D,V,L,D,R,S,C,S,R,N,W,Q,D,Y,G,V,R,E,V,D,Q,V,K,H,L,T,G,P,G,L,S,E,G,P,E,P,S,I,S,V,M,V,T,G,G,P,W,P,T,R,L,S,R,T,C,L,H,Y,L,G,E,F,G,E,D,Q,I,Y,E,A,H,Q,Q,G,R,G,A,L,E,A,L,L,C,G,G,P,Q,G,A,C,S,E,K,V,S,A,T,R,E,D,L
Ochotona_curzoniae,M,R,R,L,L,P,-,L,L,L,L,L,G,A,W,A,T,P,G,A,T,G,D,R,I,S,L,S,A,S,A,P,Q,L,D,D,E,E,K,Y,S,A,H,M,P,T,H,L,R,C,D,A,C,R,A,V,A,Y,Q,M,R,E,H,L,A,K,A,E,A,K,L,Q,P,R,D,S,L,G,Q,Q,E,L,S,E,S,E,Y,T,D,V,L,D,R,S,C,S,Q,D,W,Q,D,Y,G,V,Q,E,V,N,H,V,K,R,L,T,G,P,G,L,S,E,G,P,N,L,H,I,Q,V,M,I,R,G,G,P,W,P,T,R,L,S,T,T,C,L,H,Y,L,G,E,F,G,E,E,S,I,Y,E,A,Y,L,Q,G,Q,G,A,L,E,E,L,L,C,G,G,P,R,G,A,C,L,E,E,A,P,V,R,R,G,E,L
Ochotona_princeps,M,R,R,L,L,P,-,-,L,L,L,L,G,A,W,A,I,P,G,A,T,G,D,R,I,S,L,S,A,A,A,P,Q,L,D,D,E,E,K,Y,S,A,H,M,P,T,H,L,R,C,D,A,C,R,A,V,A,Y,Q,M,R,E,H,L,A,K,A,E,A,K,L,Q,P,R,D,S,L,G,Q,R,E,L,S,E,S,E,Y,T,D,V,L,D,R,S,C,S,Q,D,W,Q,D,Y,G,V,Q,E,V,N,H,V,K,R,L,T,G,P,G,L,S,E,G,P,N,L,H,I,Q,V,M,I,R,G,G,P,W,P,T,R,L,S,T,T,C,L,H,Y,L,G,E,F,G,E,E,S,I,Y,E,A,Y,L,Q,G,Q,G,A,L,E,E,L,L,C,G,G,P,R,G,A,C,L,E,E,A,P,V,R,R,G,E,L
Octodon_degus,M,R,L,S,-,-,-,L,L,L,L,L,G,A,W,A,V,P,E,G,L,G,D,Q,G,F,L,S,A,T,A,P,Q,L,D,E,E,E,K,Y,S,A,H,M,P,T,H,L,R,C,D,A,C,R,A,I,A,Y,Q,I,W,Q,H,L,A,K,A,E,A,K,L,H,A,S,D,S,R,G,Q,Q,E,L,S,E,S,E,Y,T,D,V,L,D,R,S,C,S,Q,N,W,K,N,Y,G,V,R,E,V,N,Q,M,K,R,L,I,G,P,G,L,S,E,G,S,E,P,S,I,S,V,M,V,T,G,G,P,W,P,N,R,L,S,R,M,C,L,Q,Y,L,G,D,F,G,E,D,E,I,Y,E,A,H,Q,Q,G,R,E,A,V,E,A,L,L,C,G,D,T,Q,G,P,C,S,A,E,A,S,I,M,R,E,E,L
Ovis_aries,M,R,L,S,L,L,L,L,L,P,L,L,G,A,W,A,M,-,-,G,L,G,D,K,A,S,L,T,A,T,A,P,E,L,D,D,E,E,K,F,S,T,H,M,P,T,H,L,R,C,D,A,C,R,A,V,A,Y,Q,M,W,Q,H,L,T,K,A,E,A,K,L,L,P,L,D,S,G,G,R,R,E,L,S,E,S,V,Y,T,D,V,L,D,Q,S,C,S,Q,T,W,Q,G,Y,G,V,G,E,V,D,Q,V,K,R,L,M,G,P,G,L,S,P,G,A,Q,P,S,I,M,V,M,I,T,E,G,L,W,P,T,R,L,S,K,S,C,F,H,Y,L,G,E,F,G,E,D,Q,I,Y,E,A,H,Q,Q,G,R,G,T,L,E,A,L,L,C,G,G,P,Q,G,A,C,S,E,K,A,P,D,T,R,T,E,L
Pan_paniscus,M,R,L,S,L,P,L,L,L,L,L,L,G,A,W,A,I,P,G,G,L,G,D,R,A,P,L,T,A,T,A,P,Q,L,D,D,E,E,M,Y,S,A,H,M,P,A,H,L,R,C,D,A,C,R,A,V,A,Y,Q,M,W,Q,N,L,A,K,A,E,T,K,L,H,T,S,N,S,G,G,R,R,E,L,S,E,S,V,Y,T,D,V,L,D,R,S,C,S,R,N,W,Q,D,Y,G,V,R,E,V,D,Q,V,K,R,L,T,G,P,G,L,S,E,G,P,E,P,S,I,S,V,M,V,T,G,G,P,W,P,T,R,L,S,R,T,C,L,H,Y,L,G,E,F,G,E,D,Q,I,Y,E,A,H,Q,Q,G,R,G,A,L,E,A,L,L,C,G,G,P,Q,G,A,C,S,E,K,V,S,A,T,R,E,E,L
Pan_troglodytes,M,R,L,S,L,P,L,L,L,L,L,L,G,A,W,A,I,P,G,G,L,G,D,R,A,P,L,T,A,T,A,P,Q,L,D,D,E,E,M,Y,S,A,H,M,P,A,H,L,R,C,D,A,C,R,A,V,A,Y,Q,M,W,Q,N,L,A,K,A,E,T,K,L,H,T,S,N,S,G,G,R,R,E,L,S,E,S,V,Y,T,D,V,L,D,R,S,C,S,R,N,W,Q,D,Y,G,V,R,E,V,D,Q,V,K,R,L,T,G,P,G,L,S,E,G,P,E,P,S,I,S,V,M,V,T,G,G,P,W,P,T,R,L,S,R,T,C,L,H,Y,L,G,E,F,G,E,D,Q,I,Y,E,A,H,Q,Q,G,R,G,A,L,E,A,L,L,C,G,G,P,Q,G,A,C,S,E,K,V,S,A,T,R,E,E,L
Panthera_tigris_altaica,-,-,-,-,-,-,-,-,-,-,-,-,-,-,-,-,-,-,-,-,-,-,-,-,-,-,-,-,-,-,-,-,-,-,-,-,-,-,-,-,-,-,-,-,-,-,-,-,-,-,-,-,-,-,-,-,-,-,-,-,-,-,-,-,-,-,-,-,-,-,-,-,-,-,-,-,-,-,-,-,-,-,-,-,-,-,-,-,-,-,-,-,-,-,-,-,-,-,-,-,-,-,-,-,-,-,-,-,-,-,-,-,-,-,-,-,-,-,-,-,-,-,-,-,-,-,-,-,-,-,-,-,-,-,-,-,-,-,-,-,-,-,-,-,-,-,-,-,-,-,-,-,-,-,-,-,-,-,-,-,-,-,-,-,-,-,-,-,-,-,-,-,-,-,-,-,-,-,-,-,-,-,-,-,-,-,-,-,-
Papio_anubis,M,R,L,S,L,P,-,L,L,L,L,L,G,A,W,A,I,P,G,G,L,G,D,R,A,P,L,T,A,T,A,P,Q,L,D,D,E,E,M,Y,S,A,H,M,P,A,H,L,R,C,D,A,C,R,A,V,A,Y,Q,M,W,Q,N,L,A,K,A,E,T,K,L,H,T,P,N,S,G,G,R,R,E,L,S,E,S,V,Y,T,D,V,L,D,R,S,C,S,R,N,W,Q,D,Y,G,V,R,E,V,D,Q,V,K,R,L,T,G,P,G,L,S,K,G,P,E,P,S,I,S,V,M,V,T,G,G,P,W,P,T,R,L,S,R,T,C,L,H,Y,L,G,E,F,G,E,D,Q,I,Y,E,A,H,Q,Q,G,Q,G,A,L,E,S,L,L,C,G,G,P,Q,G,A,C,S,E,K,V,S,A,T,R,E,E,L
Piliocolobus_tephrosceles,M,R,L,S,L,P,L,L,L,L,L,L,G,A,W,A,I,P,G,G,L,G,D,R,A,P,L,T,A,T,A,P,Q,L,D,D,E,E,M,Y,S,A,H,M,P,A,H,L,R,C,D,A,C,R,A,V,A,Y,Q,M,W,Q,N,L,A,K,A,E,T,K,L,H,T,P,N,F,G,G,R,R,E,L,S,E,S,V,Y,T,D,V,L,D,R,S,C,S,R,N,W,Q,D,Y,G,V,R,E,V,D,Q,V,K,R,L,T,G,P,G,L,S,E,G,P,E,P,S,I,S,V,M,V,T,G,G,P,W,P,T,R,L,S,R,T,C,L,H,Y,L,G,E,F,G,E,D,Q,I,Y,E,A,H,Q,Q,G,Q,G,A,L,E,S,L,L,C,G,G,P,Q,G,A,C,S,E,K,V,S,A,T,R,E,E,L
Pongo_abelii,M,R,L,S,L,P,L,L,L,L,L,L,G,A,W,A,I,P,G,G,L,G,D,R,A,P,L,T,A,T,A,P,Q,L,D,D,E,E,M,Y,S,A,H,M,P,A,H,L,R,C,D,A,C,R,A,V,A,Y,Q,M,W,Q,N,L,A,K,A,E,T,K,L,H,T,P,N,S,G,G,R,R,E,L,S,E,S,V,Y,T,D,V,L,D,R,S,C,S,R,N,W,Q,D,Y,G,V,R,E,V,D,Q,V,K,R,L,T,G,P,G,L,S,E,G,P,E,P,S,I,S,V,M,V,T,G,G,P,W,P,T,R,L,S,K,T,C,L,H,Y,L,G,E,F,G,E,D,Q,I,Y,E,A,H,Q,Q,G,R,G,A,L,E,A,L,L,C,G,G,P,Q,G,A,C,S,E,K,V,S,A,T,R,E,E,L
Propithecus_coquereli,M,R,L,S,L,P,L,L,L,L,L,L,G,A,W,T,I,P,G,S,L,G,D,R,D,L,L,T,A,T,A,P,E,L,D,D,E,E,K,Y,S,A,H,M,P,A,H,L,R,C,D,A,C,R,A,V,A,F,Q,M,G,Q,Y,L,A,K,A,E,A,K,L,H,T,P,D,S,E,G,R,R,E,L,S,E,S,V,Y,T,D,V,L,D,L,S,C,S,Q,K,W,Q,D,Y,G,V,R,E,V,N,K,V,K,H,L,V,G,P,G,L,S,K,G,P,E,P,S,I,S,V,M,V,T,G,G,P,W,P,V,R,L,S,T,T,C,L,H,Y,L,G,E,F,G,E,D,R,I,Y,A,A,H,Q,Q,G,P,E,A,L,E,A,L,L,C,G,G,P,R,G,A,C,S,E,E,V,P,V,I,R,E,E,L
Rhinopithecus_bieti,M,R,L,S,L,P,-,L,L,L,L,L,G,A,W,A,I,P,G,G,L,G,D,R,A,P,L,T,A,T,A,P,Q,L,D,D,E,E,M,Y,S,A,H,M,P,A,H,L,R,C,D,A,C,R,A,V,A,Y,Q,M,W,Q,N,L,A,K,A,E,T,K,L,H,T,P,N,F,G,G,R,R,E,L,S,E,S,V,Y,T,D,V,L,D,R,S,C,S,R,N,W,Q,D,Y,G,V,R,E,V,D,Q,V,K,R,L,T,G,P,G,L,S,E,G,P,E,P,S,I,S,V,M,V,T,G,G,P,W,P,T,R,L,S,R,T,C,L,H,Y,L,G,E,F,G,E,D,Q,I,Y,E,A,H,Q,Q,G,Q,G,A,L,E,S,L,L,C,G,G,P,Q,G,A,C,S,E,K,V,S,A,T,R,E,E,L
Rhinopithecus_roxellana,M,R,L,S,L,P,-,L,L,L,L,L,G,A,W,A,I,P,G,G,L,G,D,R,T,P,L,T,A,T,A,P,Q,L,D,D,E,E,M,Y,S,A,H,M,P,T,H,L,R,C,D,A,C,R,A,V,A,Y,Q,M,W,Q,N,L,A,K,A,E,T,K,L,H,T,P,N,F,G,G,R,R,E,L,S,E,S,V,Y,T,D,V,L,D,R,S,C,S,R,N,W,Q,D,Y,G,V,R,E,V,D,Q,V,K,R,L,T,G,P,G,L,S,E,G,P,E,P,S,I,S,V,M,V,T,G,G,P,W,P,T,R,L,S,R,T,C,L,H,Y,L,G,E,F,G,E,D,Q,I,Y,E,A,H,Q,Q,G,Q,G,A,L,E,S,L,L,C,G,G,P,Q,G,A,C,S,E,K,V,S,A,T,R,E,E,L
Saimiri_boliviensis_boliviensis,-,-,-,-,-,-,-,-,-,-,-,-,-,-,-,-,-,-,-,-,-,-,-,-,-,-,-,-,-,-,-,-,-,-,-,-,-,-,-,-,-,-,-,-,-,-,-,-,-,-,-,-,-,-,-,-,-,-,Q,M,W,Q,N,L,A,E,A,E,T,K,L,H,S,P,N,S,G,G,Q,R,E,L,S,E,S,V,Y,L,D,V,L,D,R,S,C,S,R,N,W,Q,D,Y,G,V,R,E,V,D,Q,V,K,H,L,T,G,P,G,L,S,E,G,R,E,P,S,I,S,V,M,V,T,G,G,P,W,P,T,R,L,S,R,T,C,F,H,Y,L,G,E,F,G,E,D,Q,I,Y,E,A,H,Q,Q,G,R,G,A,L,E,A,L,L,C,G,G,P,H,G,A,C,S,E,E,M,S,N,A,R,E,E,L
Sapajus_apella,M,R,L,S,L,S,L,L,L,L,L,F,G,A,W,A,I,P,G,G,L,G,D,R,A,P,L,T,A,T,A,P,Q,L,D,D,E,E,K,Y,S,T,H,M,P,S,H,L,R,C,D,A,C,R,A,V,A,Y,Q,M,W,Q,N,L,A,K,A,E,T,K,L,H,S,P,N,P,G,G,Q,R,E,L,S,E,S,V,Y,L,D,V,L,D,R,S,C,S,R,N,W,Q,D,Y,G,V,R,E,V,D,H,V,K,H,L,T,G,P,G,L,S,K,G,Q,E,P,S,I,S,V,M,V,T,G,G,P,W,P,T,R,L,S,R,T,C,F,H,Y,L,G,E,F,G,E,D,Q,I,Y,E,A,H,Q,Q,G,R,G,A,L,E,A,L,L,C,G,G,P,H,R,A,C,S,E,E,V,S,N,T,R,E,E,L
Suricata_suricatta,M,R,L,S,L,P,L,I,L,L,L,L,G,A,W,G,I,P,G,D,L,G,D,R,A,P,L,T,A,T,A,P,Q,L,D,D,E,E,K,Y,S,A,H,M,P,A,H,L,R,C,D,A,C,R,A,V,A,Y,Q,M,W,Q,H,L,T,K,A,E,A,K,L,H,T,R,D,P,G,G,Q,Q,E,L,S,E,S,V,Y,T,D,V,L,D,R,S,C,S,Q,T,W,E,G,Y,G,V,R,E,V,N,Q,M,K,R,L,T,G,P,G,L,S,K,G,P,E,P,K,I,S,V,M,I,T,G,G,P,W,P,T,R,L,S,M,T,C,F,H,Y,L,G,E,F,G,E,D,Q,I,Y,E,A,H,Q,Q,G,R,G,S,L,E,A,L,L,C,G,G,P,Q,G,A,C,S,E,E,A,S,A,T,K,T,E,L
Theropithecus_gelada,M,R,L,S,L,P,-,L,L,L,L,L,G,A,W,A,I,P,G,G,L,G,D,R,A,P,L,T,A,T,A,P,Q,L,D,D,E,E,M,Y,S,A,H,M,P,A,H,L,R,C,D,A,C,R,A,V,A,Y,Q,M,W,Q,N,L,A,K,A,E,T,K,L,H,T,P,N,S,G,G,R,R,E,L,S,E,S,V,Y,T,D,V,L,D,R,S,C,S,R,N,W,Q,D,Y,G,V,R,E,V,D,Q,V,K,R,L,T,G,P,G,L,S,K,G,P,E,P,S,I,S,V,M,V,T,G,G,P,W,P,T,R,L,S,R,T,C,L,H,Y,L,G,E,F,G,E,D,Q,I,Y,E,A,H,Q,Q,G,Q,G,A,L,E,S,L,L,C,G,G,P,Q,G,A,C,S,E,K,V,S,A,T,R,E,E,L
Trachypithecus_francoisi,M,R,L,S,L,P,-,L,L,L,L,L,G,A,W,A,I,P,G,G,L,G,D,R,A,P,L,T,A,T,A,P,Q,L,D,D,E,E,M,Y,S,A,H,M,P,A,H,L,R,C,D,A,C,R,A,V,A,Y,Q,M,W,Q,N,L,A,K,A,E,T,K,L,H,T,P,N,S,G,G,R,R,E,L,S,E,S,V,Y,T,D,V,L,D,Q,S,C,S,R,N,W,Q,D,Y,G,V,R,E,V,D,Q,V,K,R,L,T,G,P,G,L,S,E,G,P,E,P,S,I,S,V,M,V,T,G,G,P,W,P,T,R,L,S,R,T,C,L,H,Y,L,G,E,F,G,E,D,Q,I,Y,E,A,H,Q,Q,G,Q,G,A,L,E,S,L,L,C,G,G,P,Q,G,A,C,S,E,K,V,S,A,T,R,E,E,L
Tupaia_chinensis,M,R,L,L,L,P,L,L,L,L,L,L,G,A,W,A,I,P,G,G,L,G,D,K,A,T,L,S,A,T,A,P,Q,L,D,D,E,E,K,Y,S,A,H,M,P,A,H,L,R,C,D,A,C,R,A,V,A,Y,Q,M,W,Q,H,L,T,K,A,E,A,K,L,N,N,P,D,S,R,G,R,Q,E,L,T,E,S,V,Y,T,D,V,L,D,Q,S,C,S,Q,N,W,Q,D,Y,G,V,Q,E,L,N,Q,V,K,R,L,V,G,P,G,L,R,K,G,P,E,P,S,I,S,V,M,I,T,G,G,P,W,P,I,R,L,S,T,T,C,F,H,Y,L,G,E,F,G,E,D,Q,I,Y,E,A,H,K,Q,G,L,G,A,L,E,A,L,L,C,G,G,P,R,G,T,C,S,E,E,V,P,V,T,R,E,E,L
Urocitellus_parryii,M,R,L,S,L,P,-,L,L,L,L,L,G,T,W,A,A,P,R,G,L,G,E,K,A,W,L,S,A,T,A,P,Q,L,D,E,E,E,K,Y,S,A,H,M,P,A,H,L,R,C,D,A,C,R,A,V,S,Y,Q,M,W,Q,H,L,A,K,A,E,A,K,L,H,H,P,D,S,W,G,T,Q,G,L,S,E,S,I,Y,T,D,I,L,D,R,C,C,S,Q,N,W,Q,D,Y,G,V,Q,E,V,N,Q,V,K,H,L,T,G,P,G,L,S,K,G,T,E,P,T,I,S,V,M,I,T,G,G,P,W,P,V,R,L,S,E,T,C,F,H,Y,L,G,E,F,G,E,D,Q,I,Y,K,A,H,Q,Q,G,Q,G,A,L,E,A,L,L,C,G,G,S,Q,G,A,C,L,D,K,E,T,A,T,R,K,E,L
Ursus_americanus,M,R,L,S,L,P,L,I,L,L,L,L,G,A,W,A,I,P,G,G,F,G,D,R,A,P,L,T,A,T,A,P,Q,L,D,D,E,E,K,Y,S,A,H,M,P,A,H,L,R,C,D,A,C,R,A,V,V,Y,Q,M,W,Q,H,L,A,K,A,E,A,K,L,H,T,P,D,S,G,G,R,R,E,L,S,E,S,V,Y,T,D,I,L,D,Q,S,C,T,Q,T,W,Q,G,Y,G,V,R,E,V,N,Q,V,K,R,L,T,G,P,G,L,S,K,G,P,E,P,S,I,S,V,M,I,T,G,G,P,W,P,T,R,L,S,R,T,C,L,H,Y,L,G,E,F,G,E,D,Q,I,Y,E,A,H,Q,Q,G,R,G,A,L,E,T,L,L,C,G,G,P,Q,G,A,C,S,E,E,G,T,V,T,R,T,E,L
Ursus_maritimus,M,R,L,S,L,P,L,I,L,L,L,L,G,A,W,A,I,P,G,G,F,G,D,R,A,P,L,T,A,T,A,P,Q,L,D,D,E,E,K,Y,S,A,H,M,P,A,H,L,R,C,D,A,C,R,A,V,V,Y,Q,M,W,Q,H,L,A,K,A,E,A,K,L,H,T,P,D,S,G,G,R,R,E,L,S,E,S,V,Y,T,D,I,L,D,Q,S,C,T,Q,T,W,Q,G,Y,G,V,R,E,V,N,Q,V,K,R,L,T,G,P,G,L,S,K,G,P,E,P,S,I,S,V,M,I,T,G,G,P,W,P,T,R,L,S,R,T,C,L,H,Y,L,G,E,F,G,E,D,Q,I,Y,E,A,H,Q,Q,G,R,G,A,L,E,T,L,L,C,G,G,P,Q,G,A,C,S,E,E,G,T,V,T,R,T,E,L
Vicugna_pacos,M,R,-,-,L,T,L,L,L,L,L,L,G,A,W,A,I,P,G,G,L,G,D,R,A,P,L,T,A,T,A,P,Q,L,D,D,E,E,K,Y,S,A,H,M,P,A,H,L,R,C,D,A,C,R,A,V,A,Y,Q,M,S,Q,H,L,T,K,A,E,A,K,L,H,T,L,D,S,G,E,H,Q,E,L,S,E,S,V,Y,T,D,V,L,D,Q,S,C,S,Q,T,W,Q,D,Y,G,V,R,E,E,N,Q,V,K,R,L,T,G,P,G,L,N,K,G,P,E,P,S,I,S,V,T,I,T,G,G,P,W,P,T,R,L,F,T,T,C,L,H,Y,L,G,E,F,G,E,D,Q,I,Y,E,A,H,Q,Q,G,R,G,A,L,E,T,L,L,C,G,G,P,L,G,A,C,S,E,D,E,Q,V,T,R,T,E,L
Artibeus_jamaicensis,M,R,L,S,L,P,L,L,L,L,L,L,G,A,W,A,I,P,G,G,L,G,D,S,A,P,L,T,A,A,A,P,Q,L,D,D,E,E,K,Y,S,A,H,M,P,A,H,L,R,C,D,A,C,R,A,V,A,Y,Q,M,G,Q,H,L,A,K,A,E,A,K,L,H,T,H,-,-,R,G,H,Q,E,L,S,E,S,V,Y,T,D,V,L,D,K,S,C,S,Q,A,W,Q,D,Y,G,V,R,E,V,N,Q,V,K,R,L,T,G,P,G,L,S,D,G,P,E,P,H,I,S,V,M,I,T,G,G,P,W,P,T,R,L,S,V,T,C,L,H,Y,L,G,E,L,G,E,D,Q,I,Y,K,A,H,Q,Q,G,Q,E,A,L,E,A,L,L,C,G,G,T,G,G,A,C,S,E,E,V,P,L,T,R,A,E,L
Desmodus_rotundus,M,R,L,L,L,P,L,L,L,L,L,L,G,A,W,A,I,P,G,G,L,G,D,S,A,P,L,T,A,T,A,P,Q,L,D,D,E,E,K,Y,S,A,H,M,P,A,H,L,R,C,D,A,C,R,A,V,A,Y,Q,M,G,Q,H,L,A,K,A,E,A,K,L,H,T,H,-,-,R,G,H,Q,E,L,S,E,S,V,Y,T,D,V,L,D,K,S,C,S,Q,A,W,Q,D,Y,G,V,R,E,V,N,Q,V,K,R,L,T,G,P,G,L,S,G,G,P,E,P,Q,I,S,V,M,I,T,G,G,P,W,P,T,R,L,S,V,T,C,L,H,Y,L,G,E,F,G,E,D,Q,I,Y,E,A,H,Q,Q,G,Q,E,A,L,K,A,L,L,C,G,G,P,R,G,A,C,S,E,E,V,P,V,T,R,A,E,L
Eptesicus_fuscus,M,R,L,S,L,P,L,L,L,L,L,W,G,A,W,A,I,P,G,G,L,G,N,R,A,S,L,T,A,T,A,P,Q,L,D,D,E,E,K,Y,S,A,H,M,P,A,H,L,R,C,D,A,C,R,A,V,A,Y,Q,M,W,Q,H,L,A,K,A,E,A,K,L,H,T,P,-,-,G,G,R,Q,E,L,S,E,S,V,Y,T,D,V,L,E,Q,S,C,S,Q,T,W,Q,D,Y,G,V,R,E,V,N,Q,V,K,H,L,M,G,P,G,L,N,N,G,P,E,P,S,I,S,V,M,I,T,G,G,P,W,P,T,R,L,S,T,T,C,L,H,Y,L,G,E,F,G,E,D,Q,I,Y,E,A,H,Q,Q,G,Q,G,A,L,K,A,L,L,C,G,G,P,R,G,V,C,S,E,E,A,P,V,T,R,A,E,L
Hipposideros_armiger,M,R,L,S,L,P,L,L,L,L,L,L,G,T,W,A,I,P,G,G,L,G,D,R,A,P,L,T,A,T,A,P,E,L,D,D,E,E,K,Y,S,A,H,M,P,A,H,L,R,C,D,A,C,K,V,V,A,Y,Q,M,W,K,H,L,A,K,A,E,A,K,L,H,T,P,D,S,G,G,R,Q,E,L,S,E,S,V,Y,T,D,V,L,D,R,S,C,S,Q,T,W,Q,D,Y,G,V,R,E,V,N,Q,V,K,R,L,T,G,P,G,L,S,N,G,Q,E,P,S,I,S,V,M,I,T,G,G,P,W,P,T,R,L,S,R,T,C,L,H,Y,L,G,E,F,G,E,D,Q,I,Y,E,A,H,Q,Q,G,R,G,A,L,Q,A,L,L,C,E,A,P,Q,G,P,C,S,E,E,A,P,V,T,R,A,E,L
Miniopterus_natalensis,M,R,L,S,L,P,L,L,P,L,L,L,G,A,W,A,I,P,G,G,I,G,D,R,A,S,L,T,A,T,A,P,Q,L,D,D,E,E,K,Y,S,A,H,M,P,A,H,F,R,C,D,A,C,M,A,V,A,Y,Q,M,W,Q,H,L,A,K,A,E,D,K,L,H,T,P,-,-,G,G,R,Q,E,L,S,E,S,V,Y,T,D,V,L,E,R,S,C,S,Q,T,W,Q,D,Y,G,V,R,E,V,N,Q,V,K,R,L,T,G,P,G,L,S,N,G,P,E,S,S,I,S,V,M,I,T,G,G,P,W,P,T,R,L,S,M,T,C,M,H,Y,L,G,E,F,G,E,D,Q,I,Y,E,A,H,Q,Q,G,Q,G,A,L,K,A,L,L,C,G,G,P,R,G,V,C,S,E,E,A,P,V,T,K,A,E,L
Molossus_molossus,M,R,L,S,L,T,L,L,L,L,L,L,G,A,W,A,I,T,G,G,L,G,D,K,A,P,L,T,A,T,A,P,Q,L,D,D,E,E,K,Y,S,A,H,M,P,A,H,F,R,C,D,A,C,R,A,V,A,Y,Q,M,W,K,H,L,T,K,A,E,A,K,L,H,T,P,-,-,R,G,R,Q,A,L,S,E,S,V,Y,T,D,V,L,E,R,S,C,S,H,T,W,Q,D,Y,G,V,R,E,V,N,Q,V,K,R,L,T,G,P,G,L,S,N,G,P,E,S,S,I,S,V,V,I,T,G,G,P,W,P,T,R,L,S,R,T,C,L,H,F,L,G,E,F,G,E,D,Q,I,Y,E,A,H,Q,Q,G,Q,G,A,L,Q,A,L,L,C,G,G,P,Q,G,L,C,P,E,E,A,P,A,T,K,A,E,L
Myotis_brandtii,M,R,L,S,L,P,L,L,L,L,L,L,G,A,W,A,I,P,G,G,L,G,N,R,A,S,L,T,A,T,A,P,Q,L,D,D,E,E,K,Y,S,A,H,M,P,A,H,L,R,C,D,A,C,R,A,V,A,Y,Q,M,W,Q,H,L,A,K,A,E,A,K,L,H,T,P,-,-,G,G,R,Q,E,L,S,E,S,V,Y,T,D,V,L,E,Q,S,C,S,Q,T,W,Q,D,Y,G,V,R,E,V,N,Q,V,K,H,L,M,G,P,G,L,S,H,G,P,E,P,S,V,S,V,M,I,T,G,G,P,W,P,T,R,L,S,T,T,C,L,H,Y,L,G,E,F,G,E,D,Q,I,Y,E,A,H,Q,Q,G,Q,G,A,L,K,A,L,L,C,G,G,P,R,G,V,C,S,E,E,A,P,V,T,R,A,E,L
Myotis_davidii,M,R,L,S,L,P,L,L,L,L,L,L,G,A,W,A,I,P,G,G,L,G,N,R,A,S,L,T,A,T,A,P,E,L,D,D,E,E,K,Y,S,A,H,M,P,A,H,L,R,C,D,A,C,K,A,V,A,Y,Q,M,W,Q,H,L,A,K,A,E,A,K,L,H,T,P,-,-,G,G,R,Q,E,L,S,E,S,V,Y,T,D,V,L,E,Q,S,C,S,Q,T,W,Q,D,Y,G,V,R,E,V,N,Q,V,K,H,L,M,G,P,G,L,S,H,G,P,E,P,S,V,S,V,M,I,T,G,G,P,W,P,T,R,L,S,R,T,C,L,H,Y,L,G,E,F,G,E,D,Q,I,Y,E,A,H,Q,Q,G,Q,G,A,L,K,A,L,L,C,G,G,P,R,G,V,C,P,K,E,A,P,G,T,R,A,E,L
Myotis_lucifugus,-,-,-,-,-,-,L,L,L,L,L,L,G,A,W,A,I,P,G,G,L,G,N,R,A,S,L,T,A,T,A,P,Q,L,D,D,E,E,K,Y,S,A,H,M,P,A,H,L,R,C,D,A,C,R,A,V,A,Y,Q,M,W,Q,H,L,A,K,A,E,A,K,L,H,T,P,-,-,G,G,R,Q,E,L,S,E,S,V,Y,T,D,V,L,-,Q,S,C,S,-,-,-,-,D,Y,G,V,R,E,V,N,Q,V,K,H,L,M,G,P,G,L,S,H,G,P,E,P,S,V,S,V,M,I,T,G,G,P,W,P,T,R,L,S,T,T,C,L,H,Y,L,G,E,F,G,E,D,Q,I,Y,E,A,H,Q,Q,G,Q,G,A,L,K,A,L,L,C,G,G,P,R,G,V,C,S,E,E,A,P,V,T,R,A,E,L
Myotis_myotis,M,R,L,S,L,P,L,L,L,L,L,L,G,A,W,A,I,P,G,G,L,G,N,R,A,S,L,T,A,T,A,P,Q,L,D,D,E,E,K,Y,S,A,H,M,P,A,H,L,R,C,D,A,C,R,A,V,A,Y,Q,M,W,Q,H,L,A,K,A,E,A,K,L,H,T,P,-,-,G,G,R,Q,E,L,S,E,S,V,Y,T,D,V,L,E,Q,S,C,S,Q,T,W,Q,D,Y,G,V,R,E,V,N,Q,V,K,H,L,M,G,P,G,L,S,H,G,P,E,P,S,V,S,V,M,I,T,G,G,P,W,P,T,R,L,S,T,T,C,L,H,Y,L,G,E,F,G,E,D,Q,I,Y,E,A,H,Q,Q,G,Q,G,A,L,K,A,L,L,C,G,G,P,R,G,V,C,S,E,E,A,P,V,T,R,T,E,L
Phyllostomus_discolor,M,R,L,S,L,P,L,L,L,L,L,L,G,A,W,A,I,P,G,G,L,G,D,S,A,P,L,M,A,T,A,P,Q,L,D,D,E,E,K,Y,S,A,H,M,P,A,H,F,R,C,D,A,C,R,A,V,A,Y,Q,M,E,Q,H,L,A,K,A,E,A,K,L,H,T,H,-,-,G,G,H,Q,E,L,S,E,S,A,Y,T,D,V,L,D,K,S,C,S,Q,A,W,Q,D,Y,G,V,R,E,V,N,Q,V,K,R,L,T,G,P,G,L,S,N,G,P,E,P,H,I,S,V,M,I,T,G,G,P,W,P,I,R,L,S,V,T,C,L,H,Y,L,G,E,F,G,E,D,Q,I,Y,E,A,H,Q,Q,G,Q,E,A,L,K,A,L,L,C,G,G,P,R,G,A,C,S,E,E,V,P,V,T,R,A,E,L
Phyllostomus_hastatus,M,R,L,S,L,P,L,L,L,L,L,L,G,A,W,A,I,P,G,G,L,G,D,S,A,P,L,T,A,T,A,P,Q,L,D,D,E,E,K,F,S,A,H,M,P,A,H,F,R,C,D,A,C,R,A,V,A,Y,Q,M,G,Q,H,L,A,K,A,E,A,K,L,H,T,H,-,-,R,G,H,Q,E,L,S,E,S,V,Y,T,D,V,L,D,K,S,C,S,Q,A,W,Q,D,Y,G,V,R,E,V,N,Q,V,K,R,L,T,G,P,G,L,S,N,G,P,E,P,H,I,S,V,M,I,T,G,G,P,W,P,I,R,L,S,V,T,C,L,H,Y,L,G,E,F,G,E,D,Q,I,Y,E,A,H,Q,Q,G,Q,E,A,L,K,A,L,L,C,G,G,P,R,G,A,C,S,E,E,V,P,V,T,R,A,E,L
Pipistrellus_kuhlii,M,R,L,P,L,P,L,L,L,L,L,L,G,A,W,A,I,P,R,G,L,G,N,R,D,S,L,T,A,T,A,P,E,L,D,D,E,E,K,Y,S,A,H,M,P,T,H,L,R,C,D,A,C,K,A,V,A,Y,Q,M,W,Q,H,L,A,K,A,E,A,K,L,H,T,-,-,S,G,G,R,Q,Q,L,S,E,S,V,Y,T,D,V,L,E,Q,S,C,S,Q,A,W,Q,D,Y,G,V,R,E,V,N,Q,V,K,H,L,M,G,P,G,L,D,S,G,P,Q,P,S,V,S,V,M,V,T,G,G,P,W,P,T,R,L,S,T,T,C,F,H,Y,L,G,E,F,G,E,D,Q,I,Y,E,A,H,R,Q,G,Q,E,A,L,Q,A,L,L,C,G,G,P,R,G,V,C,P,E,E,A,P,V,T,R,A,E,L
Rhinolophus_ferrumequinum,M,R,L,S,L,P,L,L,L,L,L,L,G,A,W,A,I,P,E,G,L,G,D,S,A,P,F,T,A,T,A,P,E,L,D,D,E,E,K,Y,S,A,H,M,P,A,H,L,R,C,D,A,C,K,A,V,S,Y,Q,M,W,Q,H,L,A,K,A,E,A,K,L,H,T,P,D,S,G,G,R,R,E,L,S,E,S,E,Y,T,D,V,L,D,R,S,C,S,Q,T,W,Q,D,Y,G,V,R,E,V,N,Q,V,K,R,L,T,G,P,G,L,S,N,G,Q,E,P,S,I,S,V,M,I,T,G,G,P,W,P,T,R,L,S,V,M,C,L,H,Y,L,G,E,F,G,E,D,Q,I,Y,E,A,H,Q,Q,G,Q,G,A,L,K,A,L,L,C,E,G,F,Q,G,P,C,S,E,E,A,P,V,T,R,A,E,L
Sorex_araneus,M,R,R,T,L,A,L,L,L,L,L,L,R,A,G,A,S,S,G,E,L,-,-,R,L,P,L,T,A,T,A,P,Q,L,N,D,E,E,K,F,S,T,H,M,P,F,H,L,R,C,D,A,C,R,A,V,A,Y,Q,M,W,Q,H,L,A,N,A,E,A,K,L,Q,S,S,G,A,R,G,R,L,E,L,S,E,S,E,Y,I,D,V,L,D,R,C,C,A,Q,P,W,Q,D,Y,G,V,R,E,V,N,H,V,K,R,L,I,G,P,G,L,N,K,D,P,E,P,R,I,S,V,I,V,K,G,G,L,W,P,I,R,L,S,R,I,C,L,H,Y,V,G,E,F,G,E,D,Q,I,Y,E,T,H,Q,Q,G,Q,G,S,L,E,A,L,L,C,G,Q,P,R,G,P,C,S,E,E,-,-,-,-,-,-,-,-
Sturnira_hondurensis,M,R,L,S,L,P,L,L,L,L,L,L,G,A,W,A,I,P,G,G,L,G,D,S,A,P,L,T,A,T,A,P,Q,L,D,D,E,E,K,Y,S,A,H,M,P,A,H,L,R,C,D,A,C,R,A,V,A,H,Q,M,G,Q,H,L,A,K,A,E,A,K,L,H,T,H,-,-,R,E,R,Q,E,L,S,E,S,V,Y,T,D,V,L,D,K,S,C,S,Q,A,W,Q,D,Y,G,V,R,E,V,N,Q,V,K,R,L,T,G,P,G,L,S,N,G,P,E,P,H,I,S,V,M,I,T,G,G,P,W,P,T,R,L,S,V,T,C,L,H,Y,L,G,E,F,G,E,D,Q,I,Y,K,A,H,Q,Q,G,Q,E,A,L,K,A,F,L,C,G,G,P,G,G,A,C,S,E,E,V,P,L,T,K,A,E,L
Pteropus_alecto,M,R,L,S,L,P,-,L,L,L,L,L,G,N,W,A,I,P,G,G,L,G,D,R,A,Q,L,T,A,T,A,P,Q,L,D,D,E,E,K,Y,S,A,H,M,P,A,H,L,R,C,D,A,C,R,A,V,A,Y,Q,M,W,Q,H,L,A,K,A,E,A,K,L,H,T,P,D,S,G,G,H,Q,E,L,S,E,S,V,Y,T,D,V,L,D,Q,S,C,S,Q,T,W,Q,D,Y,G,V,R,E,V,N,Q,V,K,H,L,T,G,P,G,L,S,N,G,P,E,P,T,I,S,V,M,L,T,G,G,L,W,P,T,R,L,S,R,T,C,L,H,Y,L,G,E,F,G,E,D,Q,I,Y,E,A,H,Q,Q,G,Q,E,A,L,K,A,L,L,C,G,G,P,R,G,A,C,S,E,E,A,P,V,T,R,A,E,L
Pteropus_giganteus,M,R,L,S,L,P,-,L,L,L,L,L,G,N,W,A,I,P,G,G,L,G,D,R,A,Q,L,T,A,T,A,P,Q,L,D,D,E,E,K,Y,S,A,H,M,P,A,H,L,R,C,D,A,C,R,A,V,A,Y,Q,M,W,Q,H,L,A,K,A,E,A,K,L,H,T,P,D,S,G,G,H,Q,E,L,S,E,S,V,Y,T,D,V,L,D,Q,S,C,S,Q,T,W,Q,D,Y,G,V,R,E,V,N,Q,V,K,Q,L,T,G,P,G,L,S,N,G,P,E,P,T,I,S,V,M,L,T,G,G,L,W,P,T,R,L,S,R,T,C,L,H,Y,L,G,E,F,G,E,D,Q,I,Y,E,A,H,Q,Q,G,Q,E,A,L,K,A,L,L,C,G,G,P,R,G,A,C,S,E,E,A,P,V,A,R,A,E,L
Pteropus_vampyrus,M,R,L,T,L,P,-,L,L,L,L,L,G,N,W,A,I,P,G,G,L,G,D,R,A,Q,L,T,A,T,A,P,Q,L,D,D,E,E,K,Y,S,A,H,M,P,A,H,L,R,C,D,A,C,R,A,V,A,Y,Q,M,W,Q,H,L,A,K,A,E,A,K,L,H,T,P,D,S,G,G,H,Q,E,L,S,E,S,V,Y,T,D,V,L,D,Q,S,C,S,Q,T,W,Q,D,Y,G,V,R,E,V,N,Q,V,K,Q,L,T,G,P,G,L,S,N,G,P,E,P,T,I,S,V,M,L,T,G,G,L,W,P,T,R,L,S,R,T,C,L,H,Y,L,G,E,F,G,E,D,Q,I,Y,E,A,H,Q,Q,G,Q,E,A,L,K,A,L,L,C,G,G,P,R,G,A,C,S,E,E,A,P,V,A,R,A,E,L
Rousettus_aegyptiacus,M,R,L,S,L,P,-,L,L,L,L,L,G,T,W,A,I,P,G,G,L,G,D,R,A,Q,L,T,A,T,A,P,Q,L,D,D,E,E,K,Y,S,A,H,V,P,A,H,L,R,C,D,A,C,R,A,V,A,Y,Q,M,W,Q,H,L,A,K,A,E,A,K,L,H,T,P,D,S,G,D,H,Q,E,L,S,E,S,V,Y,T,D,V,L,D,Q,S,C,S,Q,T,W,Q,D,Y,G,V,R,E,V,N,Q,V,K,R,L,T,G,P,G,L,S,N,G,P,E,P,T,I,S,V,M,L,T,G,G,L,W,P,T,R,L,S,R,T,C,L,H,Y,L,G,E,F,G,E,D,Q,I,Y,E,A,H,Q,Q,G,R,E,A,L,K,G,L,L,C,E,G,P,Q,G,A,C,S,E,E,A,P,V,T,R,A,E,L
Ailuropoda_melanoleuca,M,R,L,S,L,P,L,I,L,L,L,L,G,V,W,A,I,P,G,G,F,G,D,R,A,P,L,T,A,T,A,P,Q,L,D,D,E,E,K,Y,S,A,H,M,P,A,H,L,R,C,D,A,C,R,A,V,V,Y,Q,M,W,Q,H,L,A,K,A,E,A,K,L,H,T,P,D,S,G,G,R,R,E,L,S,E,S,V,Y,T,D,V,L,D,Q,S,C,T,H,T,W,Q,G,Y,G,V,R,E,V,N,Q,V,K,R,L,T,G,P,G,L,S,K,G,P,E,P,S,I,S,V,M,I,T,G,G,P,W,P,T,R,L,S,R,T,C,L,H,Y,L,G,E,F,G,E,D,Q,I,Y,E,A,H,Q,Q,G,R,G,A,L,E,T,L,L,C,G,G,P,Q,G,A,C,S,E,E,G,T,V,T,R,T,E,L
Antechinus_flavipes,-,-,-,-,-,-,-,-,-,-,-,-,-,-,-,-,-,-,-,-,-,-,-,-,-,-,L,S,A,T,S,P,H,F,D,E,E,E,K,Y,S,T,H,M,P,Q,H,L,R,C,D,A,C,R,I,I,S,Y,Q,M,W,K,H,L,T,E,T,E,T,K,L,L,S,H,R,P,K,G,-,A,S,L,S,E,S,E,Y,T,D,V,L,E,K,C,C,S,Q,S,W,K,N,Y,G,V,R,E,V,N,N,V,K,H,F,V,G,P,G,L,-,-,-,-,-,-,-,I,S,V,M,I,S,G,G,P,W,P,G,R,L,F,K,M,C,H,N,Y,L,G,E,L,G,E,D,Q,L,Y,R,E,H,R,Q,G,R,E,A,L,E,R,L,L,C,-,-,-,R,G,T,C,-,-,-,-,-,-,-,-,-,-,-
Aotus_nancymaae,M,R,L,S,L,S,L,L,L,L,L,F,G,A,W,A,I,P,G,G,L,G,D,R,A,P,L,T,A,T,A,P,Q,L,D,D,E,E,K,Y,S,T,H,M,P,S,H,L,R,C,D,A,C,R,A,V,A,Y,Q,M,W,Q,N,L,A,K,A,E,T,K,L,H,S,P,N,S,G,G,Q,Q,E,L,S,E,S,V,Y,L,D,V,L,D,R,S,C,S,R,N,W,Q,D,Y,G,V,R,E,V,D,K,V,K,H,L,T,G,P,G,L,S,K,G,R,E,P,S,I,S,V,M,V,T,G,G,P,W,P,T,R,L,S,R,T,C,F,H,Y,L,G,E,F,G,E,D,Q,I,Y,E,A,H,Q,Q,G,R,G,A,L,E,A,L,L,C,G,G,P,H,R,A,C,S,E,E,V,S,N,T,R,E,E,L
Apodemus_sylvaticus,-,-,M,R,L,P,-,L,L,L,L,L,G,C,R,A,I,L,G,S,S,G,D,R,V,S,L,S,A,S,A,P,T,L,D,D,E,E,K,Y,S,A,H,M,P,T,H,L,R,C,D,A,C,R,A,V,A,F,Q,M,G,Q,H,L,A,K,A,E,A,K,S,H,T,P,D,S,S,G,L,Q,E,L,S,E,S,T,Y,T,D,V,L,D,R,T,C,S,Q,N,W,Q,S,Y,G,V,Q,E,V,N,Q,M,K,R,L,M,G,P,G,L,S,K,G,P,E,P,S,I,S,V,M,V,T,G,G,P,W,P,N,R,L,S,M,T,C,F,H,Y,L,G,E,F,G,E,D,Q,I,Y,A,A,Y,R,Q,G,R,E,N,L,E,T,L,L,C,R,D,T,R,G,P,C,S,Q,E,T,L,A,Q,R,E,E,L
Arvicola_amphibius,M,R,L,A,L,P,-,L,L,L,L,F,G,C,K,A,T,L,G,S,L,G,D,R,P,P,L,S,A,T,A,P,V,L,D,D,E,E,K,Y,A,S,Y,M,P,V,H,L,R,C,D,A,C,R,A,V,A,Y,Q,M,G,Q,H,L,A,K,A,E,A,K,S,R,G,P,D,F,S,G,L,Q,E,L,S,E,S,V,Y,T,D,V,L,D,R,T,C,S,Q,N,W,Q,S,Y,G,V,Q,E,V,N,R,M,K,R,L,M,G,P,G,L,S,K,G,T,E,P,S,I,S,V,M,I,T,G,G,P,W,P,N,R,L,S,M,T,C,F,Q,Y,L,G,E,F,G,E,D,Q,I,Y,E,A,Y,R,Q,G,H,E,A,L,E,A,L,L,C,G,G,P,Q,G,S,C,-,-,-,-,-,-,-,-,-,-,-
Callorhinus_ursinus,M,R,L,S,L,P,L,-,L,L,L,L,V,A,W,A,I,P,G,G,F,G,D,R,A,P,L,T,A,T,A,P,Q,L,D,D,E,E,K,Y,S,A,H,M,P,A,H,L,R,C,D,A,C,R,A,V,V,Y,Q,M,W,Q,H,L,A,K,A,E,A,K,L,H,T,P,D,S,G,G,Q,R,E,L,S,E,S,V,Y,T,D,V,L,D,Q,S,C,T,Q,T,W,Q,G,Y,G,V,Q,E,V,N,Q,V,K,R,L,T,G,P,G,L,S,K,G,P,E,Q,S,I,S,V,M,I,T,G,G,P,W,P,T,R,L,S,T,T,C,L,H,Y,L,G,E,F,G,E,D,K,I,Y,E,A,H,Q,Q,G,R,G,A,L,E,A,L,L,C,G,G,P,Q,G,A,C,L,E,E,A,T,V,T,R,T,E,L
Canis_lupus_dingo,M,R,L,S,L,P,L,T,L,L,L,L,G,A,W,A,I,P,G,G,S,E,D,R,A,P,L,T,A,T,A,P,Q,L,D,D,E,E,K,Y,S,A,H,M,P,A,H,L,R,C,D,A,C,R,A,V,A,Y,Q,M,W,Q,H,L,A,K,A,E,A,K,L,H,T,P,D,S,G,G,R,W,E,L,S,E,S,V,Y,I,D,V,L,D,K,S,C,S,Q,S,W,Q,G,Y,G,V,R,E,V,N,Q,V,K,R,L,T,G,P,G,L,S,K,G,P,E,P,S,I,S,V,M,I,T,G,G,P,W,P,T,R,L,S,M,T,C,F,H,Y,L,G,E,F,G,E,D,Q,I,Y,E,A,H,Q,Q,G,Q,G,A,L,E,A,L,L,C,G,G,L,Q,G,A,C,S,E,E,A,P,V,T,R,T,E,L
Carlito_syrichta,M,R,L,S,L,L,P,P,L,L,L,L,G,A,W,A,I,A,G,G,L,G,D,R,A,P,L,T,A,S,A,P,Q,L,D,D,E,E,K,Y,S,A,H,M,P,A,H,L,R,C,D,A,C,R,A,V,A,Y,Q,M,W,K,H,L,A,K,A,E,A,Q,L,Q,T,P,D,S,R,G,R,R,E,L,R,E,S,I,Y,T,D,V,L,D,R,S,C,S,Q,N,W,Q,D,Y,G,V,Q,E,V,N,Q,V,K,R,L,T,G,P,G,L,S,Q,G,Q,E,P,S,I,S,V,M,V,T,G,G,P,W,P,L,R,L,S,R,T,C,L,H,Y,L,G,E,F,G,E,D,Q,I,Y,E,T,H,R,Q,G,Q,G,A,L,E,A,L,L,C,A,G,I,Q,G,V,C,S,D,A,L,P,V,T,Q,E,E,L
Castor_canadensis,M,K,L,S,L,P,-,L,L,L,L,L,G,A,W,A,V,P,G,G,L,G,D,R,T,S,L,S,A,T,A,P,Q,L,D,D,E,E,K,Y,S,V,H,M,P,A,H,M,R,C,D,A,C,R,A,V,A,Y,Q,M,W,Q,H,L,A,K,A,E,A,K,L,H,S,P,D,S,R,G,R,Q,E,L,S,E,S,V,Y,T,D,V,L,D,R,S,C,S,Q,S,W,Q,D,Y,G,V,R,E,V,N,Q,V,K,H,L,I,G,P,G,L,S,K,E,P,E,P,S,I,S,V,V,I,T,G,G,L,W,P,S,R,L,S,T,T,C,M,Y,Y,L,G,E,F,G,E,E,R,I,Y,E,A,H,Q,Q,G,E,E,A,L,E,A,L,L,C,R,G,A,H,A,A,C,S,E,K,A,P,V,P,R,K,E,L
Cavia_porcellus,M,R,L,S,-,-,-,L,L,L,L,L,G,A,W,A,V,P,E,G,L,G,D,R,A,F,L,S,A,S,A,P,H,L,D,E,E,E,K,Y,S,A,H,M,P,A,H,L,R,C,D,A,C,K,A,V,A,Y,Q,M,W,Q,H,L,A,K,A,E,A,K,L,Q,T,P,D,S,R,G,P,Q,E,L,S,E,S,E,Y,M,D,V,L,D,R,S,C,S,Q,T,W,Q,D,Y,G,V,Q,E,V,N,Q,M,K,R,L,I,G,P,G,L,S,N,G,P,E,P,S,I,R,V,M,V,T,G,G,P,W,P,N,R,L,S,R,T,C,L,Q,Y,L,G,D,F,G,E,D,E,I,Y,E,A,H,Q,Q,G,R,E,A,V,E,A,L,L,C,G,G,A,Q,G,S,C,S,T,E,A,P,V,T,R,E,E,L
Cervus_elaphus_hippelaphus,-,-,-,-,-,-,-,-,-,-,-,-,-,-,-,-,-,-,-,-,-,-,-,-,-,-,-,-,-,-,-,-,-,-,-,-,-,-,-,-,-,-,-,-,-,-,-,-,-,-,-,-,-,-,-,-,-,-,-,-,-,-,-,-,-,-,-,-,-,-,-,-,-,-,-,-,-,-,-,-,-,-,-,-,-,-,-,-,-,-,-,-,-,-,-,-,-,-,-,-,-,-,-,-,-,-,-,-,-,-,-,-,-,-,-,-,-,-,-,-,-,-,-,-,-,-,-,-,-,-,-,-,-,-,-,-,-,-,-,-,-,-,-,-,-,-,-,-,-,-,-,-,-,-,-,-,-,-,-,-,-,-,-,-,-,-,-,-,-,-,-,-,-,-,-,-,-,-,-,-,-,-,-,-,-,-,-,-,-
Chinchilla_lanigera,M,R,L,S,-,-,-,L,L,L,L,L,G,A,W,A,V,P,G,G,V,G,D,R,G,F,L,S,A,T,A,P,H,L,D,E,E,E,K,Y,S,A,H,M,P,A,H,L,R,C,D,A,C,R,A,V,A,Y,Q,M,W,Q,H,L,A,K,A,E,A,K,L,H,T,P,D,S,R,G,R,R,A,L,S,E,S,E,Y,T,E,V,L,D,L,S,C,L,Q,N,W,Q,D,Y,G,V,R,E,V,N,Q,V,K,R,L,T,G,P,G,L,S,Q,G,P,E,P,S,I,S,V,M,V,T,G,G,P,W,P,N,R,L,S,R,M,C,L,Q,Y,L,G,D,L,G,E,D,E,I,Y,E,A,H,H,R,G,Q,E,A,V,E,A,L,L,C,G,G,A,R,G,P,C,L,A,E,A,P,V,S,R,E,E,L
Choloepus_didactylus,M,R,L,S,L,P,L,L,L,L,L,Q,G,A,W,A,I,P,E,S,S,G,D,R,A,P,L,T,A,T,A,P,K,L,D,D,E,E,I,Y,S,A,H,M,P,A,H,L,R,C,D,A,C,R,A,V,A,Y,Q,M,W,R,Y,L,S,E,A,E,A,K,L,H,T,P,D,S,G,G,R,P,E,L,S,E,S,V,Y,T,D,V,L,D,Q,S,C,S,Q,S,W,Q,E,Y,G,V,R,E,V,N,Q,E,K,H,L,I,G,P,G,L,S,Q,G,P,Q,P,T,I,S,V,M,I,T,G,G,P,W,P,V,R,L,S,R,T,C,L,H,Y,L,G,E,F,G,E,D,Q,I,Y,E,V,H,R,Q,G,Q,G,A,V,E,A,L,L,C,G,G,A,R,G,A,C,L,E,E,A,P,V,T,R,E,E,L
Cricetulus_griseus,M,R,L,P,L,S,-,L,L,L,V,F,G,C,K,A,V,L,G,S,L,G,D,R,A,S,L,S,A,T,A,P,V,L,D,D,E,E,K,Y,A,S,Y,M,P,A,H,L,R,C,D,A,C,R,A,V,A,Y,Q,M,G,Q,H,L,A,R,A,E,A,K,S,-,-,P,D,S,S,D,L,Q,E,L,S,E,S,I,Y,T,D,V,L,D,Q,T,C,S,Q,K,W,Q,S,Y,G,V,Q,E,V,N,Q,M,K,R,L,M,G,P,G,L,S,K,G,T,E,P,P,I,S,V,M,I,T,G,G,P,W,P,N,R,L,S,M,T,C,F,Q,Y,L,G,E,F,G,E,D,Q,I,Y,E,A,Y,R,Q,G,H,E,T,L,E,A,L,L,C,G,G,T,Q,G,S,C,S,-,-,-,-,-,-,-,-,-,-
Dasypus_novemcinctus,M,P,L,P,L,P,L,L,L,L,L,L,G,A,C,A,I,T,G,R,P,G,D,R,V,P,L,T,A,T,A,P,Q,L,D,D,E,E,K,Y,S,A,H,M,P,A,H,L,R,C,D,A,C,R,A,V,A,Y,Q,M,W,R,H,L,S,E,A,E,A,K,L,H,T,P,V,S,G,G,Q,Q,E,L,S,E,S,A,Y,T,D,V,L,D,Q,S,C,N,Q,S,W,Q,E,Y,G,V,Q,E,V,N,Q,V,K,R,L,T,G,P,G,L,S,Q,G,P,Q,P,S,I,S,V,M,V,S,G,G,P,W,P,V,R,L,Y,G,T,C,L,Q,Y,V,G,E,F,G,E,D,Q,I,Y,E,A,H,R,Q,G,H,G,A,L,E,A,L,L,C,G,H,P,R,G,P,C,S,E,K,T,P,G,T,R,E,E,L
Dipodomys_ordii,M,K,L,P,L,P,-,L,L,L,L,L,G,A,W,A,I,P,G,N,L,G,S,S,A,S,L,S,A,T,A,P,Q,L,D,E,E,E,K,Y,S,A,H,M,P,V,H,M,R,C,D,A,C,R,A,V,A,Y,Q,M,W,Q,H,L,A,K,A,E,A,K,L,H,I,P,D,S,R,G,R,L,E,L,T,E,S,V,Y,M,D,V,L,D,Q,S,C,S,Q,S,W,Q,D,Y,G,V,R,E,V,N,Q,V,K,R,L,M,G,P,G,L,G,K,E,P,Q,P,R,I,R,V,V,I,T,G,G,P,W,P,S,R,L,S,K,T,C,L,H,Y,L,G,E,F,G,E,D,L,I,Y,E,T,H,Q,Q,G,Q,E,A,L,E,A,L,L,C,E,G,P,Q,G,V,C,S,K,E,A,P,A,S,R,E,E,L
Dipodomys_spectabilis,M,K,L,P,L,P,-,L,L,L,L,L,G,A,W,A,I,P,G,T,L,G,S,S,A,S,L,S,A,T,A,P,Q,L,D,E,E,E,K,Y,S,A,H,M,P,V,H,M,Q,C,D,A,C,R,A,V,A,Y,Q,M,W,Q,H,L,A,K,A,E,A,K,L,H,I,P,D,S,R,G,R,L,E,L,T,E,S,V,Y,M,D,V,L,D,Q,S,C,S,Q,S,W,Q,D,Y,G,V,R,E,V,N,Q,V,K,R,L,M,G,P,G,L,G,K,E,P,Q,P,R,I,R,V,V,V,T,G,G,P,W,P,S,R,L,S,K,T,C,L,Y,Y,L,G,E,F,G,E,D,L,I,Y,E,T,H,Q,Q,G,Q,E,A,L,E,A,L,L,C,E,G,P,H,G,V,C,I,E,E,A,P,V,S,R,E,E,L
Dromiciops_gliroides,M,R,L,-,-,-,-,L,L,L,L,L,-,-,-,-,-,-,-,-,-,-,-,-,-,-,L,S,A,T,S,P,H,F,D,E,E,E,K,Y,S,T,H,M,P,Q,H,L,R,C,D,A,C,Q,I,I,S,Y,Q,M,W,K,H,L,S,E,V,E,T,K,Q,Q,S,H,R,A,K,G,-,A,S,L,S,E,S,E,Y,T,D,V,L,E,K,A,C,S,Q,S,W,K,N,Y,G,V,H,E,V,N,K,V,K,R,F,V,G,P,G,L,E,N,-,-,S,V,G,I,S,V,M,M,T,G,G,P,W,P,G,R,L,F,K,M,C,H,N,Y,L,G,E,L,G,E,D,Q,L,Y,R,E,Y,R,Q,G,R,G,A,L,E,R,L,L,C,-,-,-,R,G,T,C,P,E,E,-,-,-,-,-,-,-,-
Elephantulus_edwardii,M,R,L,S,L,L,L,L,L,L,L,L,G,A,W,T,I,P,G,G,L,G,D,R,A,T,L,T,A,T,A,P,Q,L,D,D,E,E,K,Y,S,S,H,M,P,A,H,L,R,C,D,A,C,R,A,V,A,Y,Q,M,W,Q,H,L,A,E,A,E,A,K,L,H,T,L,G,S,G,G,R,R,E,L,S,E,S,A,Y,T,D,I,L,D,R,S,C,T,Q,S,W,Q,G,Y,G,V,Q,E,V,N,Q,V,K,R,L,T,G,P,G,L,G,N,G,L,K,P,S,I,S,V,M,V,T,G,G,P,W,P,N,R,L,S,K,T,C,L,Y,Y,L,G,E,F,G,E,D,Q,I,Y,E,A,H,Q,Q,G,Q,E,V,L,E,S,L,L,C,G,E,P,Q,G,P,C,S,E,E,T,P,A,P,R,E,E,L
Equus_caballus,M,R,L,L,L,P,L,L,L,L,L,L,R,A,W,A,V,P,G,D,L,G,E,R,A,P,L,S,A,T,A,P,Q,L,D,E,E,E,K,Y,S,A,H,M,P,V,H,L,R,C,D,A,C,M,A,V,A,Y,Q,M,W,Q,H,L,A,K,A,E,A,K,L,H,T,P,D,S,R,G,Q,Q,V,L,S,E,L,V,Y,T,D,V,L,D,R,S,C,S,Q,T,W,K,D,Y,G,V,Q,E,V,N,Q,V,K,R,L,T,G,P,G,L,S,K,G,P,E,P,G,I,S,V,M,I,T,G,G,P,W,P,T,R,L,S,V,T,C,F,H,Y,L,G,E,F,G,E,D,Q,I,Y,E,A,H,R,Q,G,R,A,A,L,E,V,L,L,C,G,G,P,R,G,A,C,S,K,E,A,P,G,T,R,T,E,L
Erinaceus_europaeus,M,Q,L,S,L,L,L,L,L,L,L,L,R,A,R,G,I,P,G,D,L,M,D,R,V,P,L,S,A,T,A,P,N,L,D,E,E,E,R,Y,S,A,H,M,P,D,H,F,R,C,D,A,C,R,V,V,A,Y,Q,M,G,Q,H,L,A,D,A,E,A,K,L,H,S,L,D,S,G,G,R,R,V,L,S,E,S,V,Y,T,D,V,L,D,R,S,C,S,Q,T,W,K,D,Y,G,V,R,E,V,N,Q,V,N,R,L,M,G,P,G,L,N,E,G,P,E,P,R,I,S,V,M,V,T,G,G,P,W,P,T,R,L,S,R,T,C,L,H,Y,L,G,E,F,G,E,D,Q,I,Y,E,A,H,R,K,G,Q,G,S,L,E,T,L,L,C,E,G,P,R,G,A,C,L,E,E,T,L,E,E,R,E,E,L
Eumetopias_jubatus,M,R,L,S,L,P,L,-,L,L,L,L,V,A,W,A,I,P,G,G,F,G,D,R,A,P,L,T,A,T,A,P,Q,L,D,D,E,E,K,Y,S,A,H,M,P,A,H,L,R,C,D,A,C,R,A,V,V,Y,Q,M,W,Q,H,L,A,K,A,E,A,K,L,H,T,P,D,S,G,A,Q,R,E,L,S,E,S,V,Y,T,D,V,L,D,Q,S,C,T,Q,T,W,Q,G,Y,G,V,Q,E,V,N,Q,V,K,R,L,T,G,P,G,L,S,K,G,P,E,Q,S,I,S,V,M,I,T,G,G,P,W,P,T,R,L,S,T,T,C,L,H,Y,L,G,E,F,G,E,D,K,I,Y,E,A,H,Q,Q,G,R,G,A,L,E,A,L,L,C,G,G,P,Q,G,A,C,L,E,E,A,T,V,T,R,T,E,L
Felis_catus,M,R,L,S,L,T,L,T,L,L,L,L,G,A,W,G,I,Q,G,G,L,G,D,R,P,P,L,T,A,T,A,P,Q,L,D,D,E,E,K,Y,S,A,H,M,P,A,H,L,R,C,D,A,C,R,A,V,A,Y,Q,M,W,Q,H,L,A,K,A,E,A,K,L,H,T,R,D,S,G,G,Q,Q,E,L,S,E,S,V,Y,T,D,I,L,D,R,S,C,S,Q,T,W,Q,G,Y,G,V,R,E,V,N,Q,V,K,R,L,T,G,P,G,L,S,K,G,P,E,P,N,I,S,V,M,I,T,G,G,P,W,P,T,R,L,S,M,T,C,L,H,Y,L,G,E,F,G,E,D,Q,I,Y,K,A,H,Q,E,G,R,E,A,L,E,A,L,L,C,G,G,P,Q,G,A,C,S,E,E,A,P,V,T,K,T,E,L
Fukomys_damarensis,M,R,L,S,-,-,-,L,L,L,L,L,G,A,W,T,V,P,G,A,L,G,D,R,A,F,L,S,A,A,A,P,N,L,D,E,E,E,K,Y,S,A,H,V,P,A,H,L,R,C,D,A,C,R,A,V,A,Y,Q,M,W,Q,H,L,V,K,A,E,A,K,L,H,T,P,D,S,T,G,R,Q,E,L,R,E,S,E,Y,T,D,V,L,D,R,S,C,S,Q,N,W,Q,D,Y,G,V,R,E,V,N,Q,M,K,R,L,T,G,P,G,L,S,K,G,P,E,P,I,I,S,V,M,V,T,G,G,P,W,P,S,R,L,S,R,M,C,F,Q,Y,L,G,D,F,G,E,D,D,I,Y,K,A,H,Q,E,G,P,E,A,V,E,A,L,L,C,G,G,T,Q,G,S,C,S,A,E,A,A,V,A,R,E,E,L
Galeopterus_variegatus,M,R,L,S,L,P,-,L,L,L,L,L,G,A,W,A,I,P,R,G,L,G,D,R,A,Q,L,T,A,T,A,P,Q,L,D,D,E,E,K,Y,S,A,H,M,P,A,H,L,R,C,D,A,C,R,A,V,A,Y,Q,M,W,Q,H,L,A,K,A,E,A,R,L,H,T,P,D,S,R,G,Q,R,K,L,S,E,L,I,Y,T,D,V,L,D,R,S,C,S,Q,N,W,Q,D,Y,G,V,R,E,V,N,Q,V,K,R,L,T,G,P,G,L,S,K,G,T,E,P,S,I,S,V,M,I,T,G,G,P,W,P,I,R,L,S,T,T,C,W,Q,Y,L,G,E,F,G,E,D,Q,I,Y,E,V,H,Q,Q,G,Q,G,A,L,E,A,L,L,C,G,G,H,Q,R,A,C,S,E,E,A,P,V,I,R,E,E,L
Gracilinanus_agilis,-,-,-,-,L,P,L,L,L,L,L,L,T,S,W,G,P,P,G,S,L,G,-,-,-,-,L,S,A,T,S,P,H,F,D,E,E,E,K,Y,S,T,H,M,P,Q,H,L,R,C,D,A,C,Q,I,I,S,Y,Q,M,W,K,H,L,-,-,-,-,-,-,-,-,-,-,-,-,-,-,-,-,-,L,R,E,S,E,Y,T,D,V,L,E,K,S,C,S,Q,S,W,M,D,Y,G,V,H,E,V,N,K,V,K,H,F,V,G,P,G,L,D,K,-,-,T,A,G,I,T,V,M,M,R,G,G,L,W,P,G,R,L,F,K,M,C,H,N,Y,L,G,E,F,G,E,D,Q,L,Y,G,E,Y,R,Q,G,R,E,A,L,E,R,L,L,C,-,-,-,-,-,-,-,-,-,-,-,-,-,-,-,-,-,-
Grammomys_surdaster,M,R,L,P,L,P,-,L,L,L,L,F,G,C,R,A,I,L,G,S,F,G,D,R,V,S,L,S,A,T,A,P,T,L,D,D,E,E,K,Y,S,S,H,M,P,T,H,L,R,C,D,A,C,R,A,V,A,Y,Q,M,G,Q,H,L,A,K,A,E,A,K,S,H,T,P,D,S,S,G,L,Q,E,L,S,E,S,T,Y,T,D,V,L,D,R,T,C,S,Q,N,W,Q,S,Y,G,V,Q,E,V,N,Q,M,K,R,L,M,G,P,G,L,S,K,G,P,E,P,S,I,S,V,M,I,T,G,G,P,W,P,N,R,L,S,M,T,C,F,H,Y,L,G,E,F,G,E,D,Q,I,Y,E,A,Y,R,Q,G,P,E,N,L,E,A,L,L,C,G,G,T,N,G,S,C,S,Q,E,I,L,A,Q,R,E,E,L
Heterocephalus_glaber,M,R,L,S,-,-,-,L,L,L,L,L,G,A,W,A,V,P,G,G,L,G,D,R,A,F,L,S,A,T,A,P,N,L,D,E,E,E,K,Y,S,A,H,M,P,A,H,L,R,C,D,A,C,R,A,V,A,Y,Q,M,W,Q,H,L,A,K,A,E,A,K,L,H,T,P,D,S,R,G,R,Q,E,L,S,E,S,E,Y,T,D,V,L,D,R,S,C,S,Q,N,W,Q,D,Y,G,V,R,E,V,N,Q,M,K,R,L,T,G,P,G,L,G,K,G,P,E,P,S,I,S,V,M,V,T,G,G,P,W,P,N,R,L,S,R,M,C,L,Q,Y,L,G,D,F,G,E,D,E,I,Y,E,A,H,Q,Q,G,R,E,A,V,E,A,L,L,C,G,G,A,L,G,A,C,L,A,E,A,A,V,T,R,E,E,L
Hyaena_hyaena,M,R,L,S,L,A,L,I,L,L,L,L,G,V,W,G,I,P,G,G,L,G,D,R,A,P,L,T,A,T,A,P,Q,L,D,D,E,E,K,Y,S,A,H,M,P,A,H,L,R,C,D,A,C,R,A,V,A,Y,Q,M,W,Q,H,L,A,K,A,E,G,K,L,H,T,R,D,S,E,G,R,Q,E,L,S,E,S,V,Y,T,D,V,L,D,R,S,C,S,Q,T,W,E,G,Y,G,V,R,E,V,N,Q,M,K,R,L,T,G,P,G,L,S,K,G,P,E,P,N,I,S,V,M,I,T,G,G,P,W,P,T,R,L,S,T,T,C,L,H,Y,L,G,E,F,G,E,D,K,I,Y,E,A,H,Q,Q,G,R,G,A,L,E,A,L,L,C,G,G,P,Q,G,A,C,S,E,E,A,P,A,T,K,T,E,L
Jaculus_jaculus,M,R,L,L,L,P,-,L,L,L,L,L,A,S,T,L,I,L,G,G,L,G,D,Q,P,F,L,S,A,T,A,P,Q,L,D,D,E,E,K,Y,S,A,H,M,P,A,H,L,H,C,D,A,C,R,A,V,A,Y,Q,M,W,Q,H,L,T,A,A,E,A,K,L,R,A,P,H,S,R,G,R,Q,A,L,S,E,S,V,Y,M,D,V,L,D,R,S,C,T,Q,N,W,N,D,Y,G,V,Q,E,V,N,Q,V,K,R,L,M,G,P,G,L,S,K,E,P,G,P,S,I,S,V,M,A,T,G,G,P,W,P,T,R,L,T,T,T,C,L,H,Y,L,G,E,T,G,E,D,Q,I,Y,E,A,H,Q,Q,G,R,G,A,L,E,E,L,L,C,A,G,T,Q,G,A,C,S,E,V,V,Q,V,P,R,E,E,L
Lemur_catta,M,R,L,S,L,P,L,L,L,L,L,L,G,A,W,T,I,P,G,S,R,G,D,R,D,L,F,T,A,T,A,P,E,L,D,D,E,E,K,Y,S,A,H,M,P,A,H,L,R,C,D,A,C,R,A,V,A,Y,Q,M,G,Q,H,L,A,K,A,E,A,K,L,H,T,P,D,S,E,G,R,R,E,L,S,E,L,L,Y,T,D,V,L,D,L,S,C,S,Q,Q,W,Q,D,Y,G,V,R,E,V,N,K,V,K,H,L,V,G,P,G,L,S,K,G,P,E,P,S,I,S,V,M,V,T,G,G,P,W,P,I,R,L,S,T,T,C,L,H,Y,L,G,E,F,G,E,D,R,I,Y,A,A,H,R,Q,G,R,E,A,L,E,A,L,L,C,G,G,P,Q,G,A,C,S,E,E,V,P,A,T,R,Q,E,L
Leptonychotes_weddellii,M,R,L,S,L,R,L,-,L,L,L,L,G,A,W,A,I,A,G,G,F,R,D,R,A,P,L,T,A,T,A,P,Q,L,D,D,E,E,K,Y,S,A,H,M,P,A,H,L,R,C,D,S,C,R,A,V,V,Y,Q,M,W,Q,H,L,A,K,A,E,A,K,L,H,T,P,G,S,G,G,Q,R,E,L,S,E,S,V,Y,T,D,V,L,D,Q,S,C,T,Q,T,W,Q,G,Y,G,V,R,E,V,N,Q,V,K,R,L,T,G,P,G,L,S,K,G,P,E,P,S,I,S,V,M,I,T,G,G,P,W,P,T,R,L,S,T,T,C,L,H,Y,L,G,E,F,G,E,D,Q,I,Y,E,A,H,Q,Q,G,R,G,A,L,E,A,L,L,C,G,G,P,Q,G,A,C,S,E,E,A,T,V,T,R,T,E,L
Lontra_canadensis,M,M,L,S,L,P,L,-,I,L,L,L,G,A,W,A,I,P,G,G,F,G,D,R,A,P,L,T,A,T,A,P,Q,L,D,D,E,E,K,Y,S,A,H,M,P,A,H,L,R,C,D,A,C,R,A,V,V,Y,Q,M,W,Q,Y,L,A,K,A,E,A,K,L,H,T,P,D,S,G,G,Q,R,K,L,S,E,S,V,Y,T,D,V,L,D,Q,S,C,T,Q,T,W,Q,G,Y,G,I,R,E,V,N,Q,V,K,R,L,T,G,P,G,L,S,K,G,P,E,P,T,I,S,V,M,I,T,G,G,P,W,P,T,R,L,S,T,T,C,L,H,Y,L,G,E,F,G,E,D,Q,I,Y,E,A,H,Q,Q,G,R,G,A,L,E,T,L,L,C,G,G,P,E,G,A,C,S,E,E,A,T,I,T,R,T,E,L
Lynx_canadensis,M,R,L,S,L,T,L,T,L,L,L,L,G,A,W,G,I,P,G,G,L,G,D,R,A,P,L,T,A,T,A,P,Q,L,D,D,E,E,K,Y,S,A,H,M,P,A,H,L,R,C,D,A,C,R,A,V,A,Y,Q,M,W,Q,H,L,A,K,A,E,A,K,L,H,T,R,D,S,G,G,Q,Q,E,L,S,E,S,V,Y,T,D,I,L,D,R,S,C,S,Q,T,W,Q,G,Y,G,V,R,E,V,N,Q,V,K,R,L,T,G,P,G,L,S,K,G,P,E,P,N,I,S,V,M,I,T,G,G,P,W,P,T,R,L,S,M,T,C,L,H,Y,L,G,E,F,G,E,D,Q,I,Y,K,A,H,Q,Q,G,R,E,A,L,E,A,L,L,C,G,G,P,Q,G,A,C,S,E,E,A,P,V,T,K,T,E,L
Manis_javanica,M,R,L,S,L,P,L,L,M,L,L,L,G,A,W,A,I,P,G,S,L,A,E,R,A,P,L,T,A,T,A,P,Q,L,D,D,E,E,K,Y,S,A,H,M,P,A,H,L,R,C,D,A,C,R,A,V,T,Y,Q,M,W,Q,H,L,A,K,A,E,A,K,L,H,P,Q,D,S,G,G,R,R,E,L,S,E,S,V,Y,T,D,V,L,D,Q,T,C,S,Q,T,W,Q,D,Y,G,V,R,E,V,N,Q,V,K,R,L,S,G,P,G,L,T,K,G,P,E,P,S,I,S,V,M,I,M,G,G,L,W,P,A,R,L,S,T,T,C,L,H,Y,L,G,E,F,G,E,D,H,I,Y,E,A,H,Q,R,G,R,E,A,L,E,V,L,L,C,G,G,P,R,G,P,C,S,E,A,A,P,V,P,R,A,E,L
Manis_pentadactyla,M,R,L,S,L,P,L,L,L,L,L,L,G,A,W,A,V,P,G,G,L,A,D,R,A,P,L,T,A,T,A,P,Q,L,D,D,E,E,K,Y,S,A,H,M,P,A,H,L,R,C,D,A,C,R,A,V,T,Y,Q,M,W,Q,H,L,A,K,A,E,A,K,L,H,P,P,D,S,G,G,R,R,E,L,S,E,S,V,Y,T,D,V,L,D,Q,S,C,S,Q,T,W,Q,D,Y,G,V,R,E,V,N,Q,V,K,R,L,S,G,P,G,L,T,K,G,P,E,P,S,I,S,V,M,I,T,G,G,L,W,P,A,R,L,S,T,T,C,L,H,Y,L,G,E,F,G,E,D,H,I,Y,E,A,H,Q,R,G,R,E,A,L,E,V,L,L,C,G,G,P,R,G,P,C,S,E,A,A,P,V,P,R,A,E,L
Mastomys_coucha,M,R,L,P,L,P,-,L,L,L,L,F,G,C,R,T,V,L,G,S,F,G,D,R,I,S,L,S,A,T,A,P,T,L,D,D,E,E,K,Y,S,S,H,M,P,T,H,L,R,C,D,A,C,R,A,V,A,Y,Q,M,G,Q,H,L,A,K,A,E,A,K,S,H,S,P,D,S,G,G,L,Q,E,L,S,E,S,T,Y,T,D,V,L,D,R,T,C,S,Q,N,W,Q,S,Y,G,I,Q,E,V,N,Q,M,K,R,L,M,G,P,G,L,S,K,G,P,E,P,S,I,S,V,M,I,T,G,G,P,W,P,N,R,L,S,M,T,C,F,H,Y,L,G,E,F,G,E,D,Q,I,Y,E,A,Y,Q,Q,G,H,E,T,L,E,A,L,L,C,G,G,T,R,G,P,C,S,Q,D,S,P,T,Q,R,E,E,L
Meles_meles,M,T,L,S,L,P,L,-,I,L,L,L,G,A,W,A,I,P,G,G,F,G,D,R,A,P,L,R,A,R,A,P,Q,L,D,D,E,E,K,Y,S,A,H,M,P,A,H,L,R,C,D,A,C,R,A,V,V,Y,Q,M,W,Q,Y,L,A,K,A,E,A,K,L,H,N,P,D,S,G,-,-,R,E,L,S,E,S,V,Y,T,D,V,L,D,Q,S,C,T,Q,T,W,Q,G,Y,G,I,R,E,V,N,Q,V,K,R,L,T,G,P,G,L,S,K,G,P,E,P,T,I,S,V,M,I,T,G,G,P,W,P,T,R,L,S,T,T,C,L,H,Y,L,G,E,F,G,E,D,Q,I,Y,E,A,H,Q,Q,G,R,E,T,L,E,T,L,L,C,G,G,P,E,G,A,C,S,E,E,T,T,V,T,R,T,E,L
Meriones_unguiculatus,-,-,M,R,L,P,-,L,L,L,L,F,G,C,G,A,L,L,G,S,L,G,D,K,A,S,L,S,A,T,A,P,M,L,D,D,E,E,K,Y,S,S,H,M,P,A,H,L,H,C,D,A,C,R,A,V,A,Y,Q,M,G,Q,H,L,A,K,A,E,A,R,S,H,A,P,D,S,S,G,L,Q,E,L,S,E,S,A,Y,V,D,A,L,D,R,T,C,S,Q,N,W,Q,S,Y,G,V,Q,E,V,N,Q,V,K,R,L,M,G,P,G,L,S,K,-,-,-,-,-,-,-,-,-,-,-,-,-,-,-,-,-,-,-,-,-,-,-,-,-,-,-,-,-,-,-,-,-,-,-,-,-,-,-,-,-,-,-,-,-,-,-,-,-,-,-,-,-,-,-,-,-,-,-,-,-,-,-,-,-,-,-,-,-
Mesocricetus_auratus,M,R,L,P,L,P,-,L,L,L,V,F,G,C,K,A,I,L,G,S,L,G,D,K,A,S,L,S,A,T,A,P,V,L,D,D,E,E,K,Y,A,S,Y,M,P,D,H,L,R,C,D,A,C,R,A,V,A,Y,Q,M,G,Q,H,L,E,K,A,E,A,K,S,-,-,P,D,S,S,D,L,Q,E,L,S,E,S,I,Y,T,D,V,L,D,R,T,C,S,Q,K,W,Q,S,Y,G,V,Q,E,V,N,Q,M,K,R,L,V,G,P,G,L,S,K,G,T,E,A,P,I,S,V,M,I,T,G,G,P,W,P,N,R,L,S,R,T,C,F,Q,Y,L,G,E,F,E,E,D,Q,I,Y,E,A,Y,R,Q,G,H,E,T,L,E,A,L,L,C,G,G,P,R,G,S,C,S,-,-,-,-,-,-,-,-,-,-
Microcebus_murinus,M,Q,L,S,L,S,L,L,L,L,L,L,G,A,W,T,I,P,G,S,L,G,D,R,D,L,L,T,A,T,A,P,E,L,D,D,E,E,K,Y,S,A,H,M,P,A,H,L,R,C,D,A,C,R,A,V,A,Y,Q,M,G,Q,Y,L,A,K,A,E,A,Q,L,H,A,P,D,S,E,G,R,R,E,L,R,E,S,V,Y,T,D,V,L,D,L,S,C,S,Q,K,W,Q,D,Y,G,V,R,E,V,N,K,V,K,Q,L,V,G,P,G,L,S,K,G,P,E,P,S,I,S,V,M,V,T,G,G,P,W,P,V,R,L,S,T,T,C,L,H,Y,L,G,E,F,G,E,D,G,I,Y,A,A,H,R,Q,G,R,E,E,L,E,A,L,L,C,G,G,P,R,G,A,C,S,K,E,V,P,A,T,R,E,D,L
Microtus_fortis,M,R,L,A,L,P,-,L,L,L,L,F,G,C,K,A,T,L,G,N,L,G,D,R,P,P,L,S,A,T,A,P,V,L,D,D,E,E,K,Y,A,S,Y,M,P,V,H,L,R,C,D,A,C,R,A,V,A,Y,Q,M,G,Q,H,L,A,K,A,E,A,K,S,H,G,P,D,S,S,G,L,Q,E,L,S,E,S,V,Y,T,D,V,L,D,R,T,C,S,Q,N,W,Q,S,Y,G,V,Q,E,V,N,G,M,K,R,L,M,G,P,G,L,S,K,G,T,E,P,S,I,S,V,M,I,T,G,G,P,W,P,N,R,L,S,T,M,C,F,E,Y,L,G,E,F,G,E,D,Q,I,Y,E,A,H,L,Q,G,H,E,A,L,E,A,L,L,C,G,G,S,Q,G,S,C,S,-,-,-,-,-,-,-,-,-,-
Microtus_ochrogaster,M,R,L,A,L,P,-,L,L,L,L,F,G,C,K,A,T,L,G,S,L,G,D,R,P,P,L,S,A,T,A,P,V,L,D,D,E,E,K,Y,A,S,Y,M,P,V,H,L,R,C,D,A,C,R,A,V,A,Y,Q,M,G,Q,H,L,A,K,A,E,A,K,S,H,G,P,D,S,S,G,L,Q,E,L,S,E,S,V,Y,T,D,V,L,D,Q,T,C,S,Q,N,W,Q,S,Y,G,V,Q,E,V,N,G,M,K,R,L,M,G,P,G,L,R,K,G,T,E,P,S,I,S,V,M,I,T,G,G,P,W,P,N,R,L,S,T,T,C,F,Q,N,L,G,E,F,G,E,D,Q,I,Y,E,A,Y,R,Q,G,H,E,A,L,E,A,L,L,C,G,G,P,Q,G,S,C,S,-,-,-,-,-,-,-,-,-,-
Microtus_oregoni,-,-,-,-,-,-,-,-,-,-,-,-,-,-,-,-,-,-,-,-,-,-,-,-,-,-,-,-,-,-,-,-,-,-,-,-,-,-,-,-,-,-,-,-,-,-,-,-,-,-,-,-,-,-,-,-,-,-,-,-,-,-,-,-,-,-,-,-,-,-,-,-,-,-,-,-,-,-,-,-,-,-,-,-,-,-,-,-,-,-,-,-,-,-,-,-,-,-,-,-,-,-,-,-,-,-,-,-,-,-,-,-,-,-,-,-,-,-,-,-,-,-,-,-,-,-,-,-,-,-,-,-,-,-,-,-,-,-,-,-,-,-,-,-,-,-,-,-,-,-,-,-,-,-,-,-,-,-,-,-,-,-,-,-,-,-,-,-,-,-,-,-,-,-,-,-,-,-,-,-,-,-,-,-,-,-,-,-,-
Mirounga_angustirostris,M,R,L,S,L,R,L,-,L,L,L,L,G,A,W,A,I,A,G,G,F,R,D,R,A,P,L,T,A,T,A,P,Q,L,D,D,E,E,K,Y,S,A,H,M,P,A,H,L,R,C,D,S,C,R,A,V,V,Y,Q,M,W,Q,H,L,A,K,A,E,A,K,L,H,T,P,G,S,G,G,Q,R,E,L,S,E,S,V,Y,T,D,V,L,D,Q,S,C,T,Q,T,W,Q,G,Y,G,V,R,E,V,N,Q,V,K,R,L,T,G,P,G,L,S,K,G,P,E,P,S,I,S,V,M,I,T,G,G,P,W,P,T,R,L,S,T,T,C,F,H,Y,L,G,E,F,G,E,D,Q,I,Y,K,A,H,Q,Q,G,Q,G,A,L,E,A,L,L,C,G,G,P,Q,G,A,C,S,E,E,A,T,V,T,R,T,E,L
Mirounga_leonina,M,R,L,S,L,R,L,-,L,L,L,L,G,A,W,A,I,A,G,G,F,R,D,R,A,P,L,T,A,T,A,P,Q,L,D,D,E,E,K,Y,S,A,H,M,P,A,H,L,R,C,D,S,C,R,A,V,V,Y,Q,M,W,Q,H,L,A,K,A,E,A,K,L,H,T,P,G,S,G,G,Q,R,E,L,S,E,S,V,Y,T,D,V,L,D,Q,S,C,T,Q,T,W,Q,G,Y,G,V,R,E,V,N,Q,V,K,R,L,T,G,P,G,L,S,K,G,P,E,P,S,I,S,V,M,I,T,G,G,P,W,P,T,R,L,S,T,T,C,F,H,Y,L,G,E,F,G,E,D,Q,I,Y,K,A,H,Q,Q,G,Q,G,A,L,E,A,L,L,C,G,G,P,Q,G,A,C,S,E,E,A,T,V,T,R,T,E,L
Monodelphis_domestica,-,-,-,-,-,-,-,-,-,-,-,-,-,-,-,-,-,-,-,-,-,-,-,-,-,-,-,-,-,-,-,-,-,-,-,-,-,-,-,-,-,-,-,-,-,-,-,-,-,-,-,-,-,-,-,-,-,-,-,-,-,-,-,-,-,-,-,-,-,-,-,-,-,-,-,-,-,-,-,-,-,-,-,-,-,-,-,-,-,-,-,-,-,-,-,-,-,-,-,-,-,Y,G,V,H,E,V,N,K,V,K,H,F,V,G,P,G,L,D,K,-,-,T,V,G,I,T,M,M,M,T,G,G,P,W,P,G,R,L,F,K,M,C,H,N,Y,L,G,E,F,G,E,D,Q,L,Y,G,E,Y,R,Q,G,R,E,A,L,E,R,L,L,C,-,-,-,K,E,T,C,P,E,E,-,-,-,-,-,-,-,-
Mus_caroli,M,R,L,P,L,P,-,L,L,L,L,F,G,C,R,A,I,L,G,S,S,G,D,R,V,S,L,S,A,S,A,P,T,L,D,D,E,E,K,Y,S,A,H,M,P,A,H,L,R,C,D,A,C,R,A,V,A,F,Q,M,G,Q,R,L,A,K,A,E,A,K,S,H,T,P,D,A,S,G,L,Q,E,L,S,E,S,T,Y,T,D,V,L,D,Q,T,C,S,Q,N,W,Q,S,Y,G,V,H,E,V,N,Q,M,K,R,L,T,G,P,G,L,S,K,G,P,E,P,R,I,S,V,M,I,S,G,G,P,W,P,N,R,L,S,K,T,C,F,H,Y,L,G,E,F,G,E,D,Q,I,Y,E,A,Y,R,Q,G,Q,A,N,L,E,A,L,L,C,G,G,T,H,G,P,C,S,Q,E,I,L,A,Q,R,E,E,L
Mus_musculus,M,R,L,P,L,P,-,L,L,L,L,F,G,C,R,A,I,L,G,S,A,G,D,R,V,S,L,S,A,S,A,P,T,L,D,D,E,E,K,Y,S,A,H,M,P,A,H,L,R,C,D,A,C,R,A,V,A,F,Q,M,G,Q,R,L,A,K,A,E,A,K,S,H,T,P,D,A,S,G,L,Q,E,L,S,E,S,T,Y,T,D,V,L,D,Q,T,C,S,Q,N,W,Q,S,Y,G,V,H,E,V,N,Q,M,K,R,L,T,G,P,G,L,S,K,G,P,E,P,R,I,S,V,M,I,S,G,G,P,W,P,N,R,L,S,K,T,C,F,H,Y,L,G,E,F,G,E,D,Q,I,Y,E,A,Y,R,Q,G,Q,A,N,L,E,A,L,L,C,G,G,T,H,G,P,C,S,Q,E,I,L,A,Q,R,E,E,L
Mus_pahari,M,R,L,P,L,P,-,L,L,V,L,F,G,Y,R,A,I,L,G,C,V,A,D,R,V,S,L,S,A,S,A,P,T,L,D,D,E,E,K,Y,S,S,H,M,P,A,H,L,R,C,D,A,C,R,A,V,A,F,Q,M,G,Q,R,L,A,K,A,E,A,K,S,R,T,P,D,D,S,G,L,Q,E,L,S,E,S,T,Y,T,D,V,L,D,Q,T,C,S,Q,N,W,Q,S,Y,G,V,H,E,V,N,Q,M,K,R,L,M,G,P,G,L,S,K,G,P,E,P,R,I,S,V,M,I,T,G,G,P,W,P,N,R,L,S,K,T,C,F,H,Y,L,G,E,F,G,E,D,Q,I,Y,E,A,H,R,Q,G,P,A,N,L,E,A,L,L,C,G,G,T,H,G,P,C,S,Q,E,I,L,A,Q,R,E,E,L
Mustela_erminea,M,T,L,S,L,P,L,-,L,L,L,L,G,A,W,A,I,P,G,G,F,G,D,R,A,P,F,T,A,T,A,P,Q,L,D,D,E,E,K,Y,S,A,H,M,P,A,H,L,R,C,D,A,C,R,A,V,V,Y,Q,M,W,H,Y,L,A,K,A,E,A,K,L,H,T,P,D,S,G,G,Q,Q,E,L,S,E,S,V,Y,T,D,V,L,D,Q,S,C,T,Q,T,W,Q,G,Y,G,I,R,E,V,N,Q,V,K,R,L,T,G,P,G,L,S,K,G,P,E,P,T,I,S,V,M,I,T,G,G,P,W,P,T,R,L,S,T,T,C,L,H,Y,L,G,E,F,G,E,D,Q,I,Y,E,A,Y,Q,Q,G,G,G,A,L,E,T,L,L,C,G,G,P,G,G,A,C,S,E,E,A,T,V,T,R,T,E,L
Mustela_putorius_furo,M,T,L,S,L,P,L,-,L,L,L,L,G,A,W,A,I,P,G,G,F,G,D,R,A,P,L,T,A,T,A,P,Q,L,D,D,E,E,K,Y,S,A,H,M,P,A,H,L,R,C,D,A,C,R,A,V,V,Y,Q,M,W,H,Y,L,A,K,A,E,A,K,L,H,T,P,D,S,G,G,Q,Q,E,L,S,E,S,V,Y,T,D,V,L,D,Q,S,C,T,Q,T,W,Q,G,Y,G,I,R,E,V,N,Q,V,K,R,L,T,G,P,G,L,S,K,G,P,E,P,T,I,S,V,M,I,T,G,G,P,W,P,T,R,L,S,T,T,C,L,H,Y,L,G,E,F,G,E,D,Q,I,Y,E,V,Y,Q,Q,S,R,G,A,L,E,T,L,L,C,G,G,P,G,G,A,C,S,E,E,A,T,V,T,R,T,E,L
Myodes_glareolus,-,-,-,-,-,-,-,-,-,-,-,-,-,-,-,-,-,-,-,-,-,-,-,-,-,-,-,-,-,-,-,-,-,-,-,-,-,-,-,-,-,-,-,-,-,-,-,-,-,-,-,-,-,-,-,-,-,-,-,-,-,-,-,-,-,-,-,-,-,-,-,-,-,-,-,-,-,-,-,-,-,-,-,-,-,-,-,-,-,-,-,-,-,-,-,-,-,-,-,-,-,-,-,-,-,-,-,-,-,-,-,-,-,-,-,-,-,-,-,-,-,-,-,-,-,-,-,-,-,-,-,-,-,-,-,-,-,-,-,-,-,-,-,-,-,-,-,-,-,-,-,-,-,-,-,-,-,-,-,-,-,-,-,-,-,-,-,-,-,-,-,-,-,-,-,-,-,-,-,-,-,-,-,-,-,-,-,-,-
Neogale_vison,M,T,L,S,L,P,L,-,L,L,L,L,G,A,W,A,I,P,G,G,F,G,D,R,A,S,L,T,A,T,A,P,Q,L,D,D,E,E,K,Y,S,A,H,M,P,A,H,L,R,C,D,A,C,R,A,V,V,Y,Q,M,W,H,Y,L,A,K,A,E,A,K,L,H,T,P,D,S,G,G,Q,Q,E,L,S,E,S,V,Y,T,D,V,L,D,Q,S,C,T,Q,T,W,Q,G,Y,G,I,R,E,V,N,Q,V,K,R,L,A,G,P,G,L,S,K,G,P,E,P,T,I,S,V,M,I,T,G,G,P,W,P,T,R,L,S,T,T,C,L,H,Y,L,G,E,F,G,E,D,Q,I,Y,E,A,H,Q,Q,G,R,G,A,L,E,T,L,L,C,G,G,P,G,G,A,C,S,E,E,A,T,I,T,R,T,E,L
Odobenus_rosmarus_divergens,M,R,L,S,L,P,L,-,L,L,L,L,V,A,W,A,I,P,G,G,F,G,D,R,A,P,L,T,A,T,A,P,Q,L,D,D,E,E,K,Y,S,A,H,M,P,A,H,L,R,C,D,A,C,R,A,V,V,Y,Q,M,W,Q,H,L,A,K,A,E,A,K,L,H,T,P,D,S,G,G,Q,R,E,L,S,E,S,V,Y,T,D,V,L,D,Q,S,C,T,Q,T,W,Q,G,Y,G,V,Q,E,V,N,Q,V,K,R,L,T,G,P,G,L,S,K,G,P,E,Q,S,I,S,V,M,I,T,G,G,P,W,P,T,R,L,S,T,T,C,L,H,Y,L,G,E,F,G,E,D,K,I,Y,E,A,H,Q,Q,G,R,G,A,L,E,A,L,L,C,G,G,P,Q,G,A,C,L,E,E,A,T,V,T,R,T,E,L
Odocoileus_virginianus_texanus,M,R,L,S,L,L,L,L,L,P,L,L,G,A,W,A,I,P,G,G,L,G,D,K,A,S,L,T,A,T,A,P,E,L,D,D,E,E,K,F,S,T,H,M,P,T,H,L,R,C,D,A,C,R,A,V,A,Y,Q,M,W,Q,H,L,T,K,A,E,A,K,L,L,P,L,D,S,G,G,R,H,E,L,S,E,S,V,Y,T,D,V,L,D,Q,S,C,S,Q,T,W,Q,G,Y,G,V,G,E,V,D,Q,V,K,R,L,M,G,P,G,L,S,T,G,A,Q,P,S,I,M,V,V,I,M,D,G,L,W,P,T,R,L,S,K,T,C,F,H,Y,L,G,E,F,G,E,D,Q,I,Y,E,A,H,Q,Q,G,R,G,T,L,E,A,L,L,C,G,G,P,R,G,A,C,S,E,K,A,P,D,A,R,T,E,L
Onychomys_torridus,M,R,L,P,L,P,-,L,L,L,L,F,G,C,K,A,I,L,G,S,F,A,D,K,A,F,L,S,A,T,A,P,V,L,D,D,E,E,K,Y,A,S,Y,M,P,A,H,L,R,C,D,A,C,R,A,V,A,Y,Q,M,G,Q,H,L,A,K,A,E,A,K,S,H,A,P,D,S,S,G,L,Q,E,L,S,E,S,I,Y,T,D,V,L,D,R,T,C,S,Q,N,W,Q,S,Y,G,V,Q,E,V,N,Q,M,K,R,L,M,G,P,G,L,S,K,G,T,E,P,S,I,S,V,M,I,T,G,G,P,W,P,N,R,L,S,M,T,C,F,Q,Y,L,G,D,F,G,E,D,Q,I,Y,K,A,Y,R,-,-,H,E,T,L,E,A,L,L,C,G,G,T,Q,G,S,C,S,Q,E,N,P,V,T,R,E,E,L
Ornithorhynchus_anatinus,-,-,-,-,-,-,-,-,-,-,-,-,-,-,-,-,-,-,-,-,-,-,-,-,S,A,L,S,A,T,S,P,E,L,D,E,E,E,T,H,S,G,H,M,P,R,H,L,R,C,D,A,C,R,A,V,A,F,Q,M,N,D,H,L,T,R,A,E,A,K,-,-,-,-,-,-,-,-,-,-,E,L,S,E,S,E,Y,T,D,V,L,E,S,S,C,S,Q,R,W,Q,Q,Y,G,V,Q,Q,V,D,D,A,K,R,L,T,G,P,G,L,D,S,-,-,R,P,G,V,S,V,M,V,S,G,G,P,W,P,A,R,L,F,K,M,C,Q,Q,Y,L,G,E,L,G,E,E,Q,I,Y,R,E,H,R,R,G,A,G,A,L,E,T,L,L,C,Q,A,P,-,-,-,-,-,-,-,-,-,-,-,-,-,-,-
Orycteropus_afer_afer,M,R,L,S,L,P,L,L,L,L,L,L,L,L,G,A,I,P,G,D,F,G,D,R,A,P,L,T,A,T,A,P,Q,L,D,D,E,E,K,Y,S,A,H,M,P,I,H,L,R,C,D,A,C,R,A,V,A,Y,Q,M,W,Q,H,L,A,E,A,E,A,K,L,H,T,P,E,S,G,G,R,R,E,L,S,E,S,V,Y,T,D,V,L,D,R,S,C,S,Q,S,W,Q,G,Y,G,V,Q,E,V,N,Q,A,K,R,L,T,G,P,G,L,S,K,G,P,E,P,S,I,S,V,M,V,T,G,G,P,W,P,I,R,L,S,K,T,C,L,H,Y,L,G,E,F,G,E,D,Q,I,Y,E,A,H,Q,Q,G,R,G,A,L,E,S,L,L,C,G,D,P,Q,G,A,C,S,E,E,A,S,V,T,R,E,E,L
Oryctolagus_cuniculus,M,R,L,P,L,P,-,-,L,L,L,L,G,A,W,V,V,S,G,S,L,A,D,R,V,S,L,S,A,T,A,P,Q,M,D,E,E,E,K,Y,S,A,H,M,P,T,H,L,R,C,D,A,C,K,A,V,A,Y,Q,M,W,K,Y,L,E,K,A,E,A,K,L,H,P,G,D,S,W,E,R,Q,E,L,S,E,S,V,Y,T,D,V,L,D,R,S,C,S,Q,D,W,Q,D,Y,G,V,Q,E,V,N,H,V,N,R,L,T,G,P,G,L,S,E,E,P,G,L,S,I,K,V,M,I,R,G,G,P,W,P,N,R,L,S,K,T,C,L,Q,Y,L,G,E,F,G,E,E,R,I,Y,E,A,H,R,Q,G,Q,E,T,L,E,A,L,L,C,G,G,S,Q,G,A,C,S,E,E,A,P,V,P,R,E,E,L
Oryx_dammah,M,R,L,S,L,L,L,L,L,P,L,L,G,A,W,A,I,P,G,G,L,G,D,E,V,S,L,T,A,T,A,P,E,L,D,D,E,E,K,F,S,T,H,M,P,T,H,L,R,C,D,A,C,R,A,V,A,Y,Q,M,W,Q,H,L,T,K,A,E,A,K,L,L,P,L,D,S,G,G,R,R,E,L,S,E,S,V,Y,T,D,V,L,D,Q,S,C,S,Q,T,W,Q,G,Y,G,V,G,E,V,D,Q,V,K,R,L,M,G,P,G,L,S,P,G,A,Q,P,S,V,M,V,M,I,M,E,G,L,W,P,T,R,L,S,K,T,C,F,H,Y,L,G,E,F,G,E,D,Q,I,Y,E,A,H,Q,Q,G,R,G,T,L,E,A,L,L,C,G,G,S,R,G,A,C,S,E,K,A,P,D,T,R,T,E,L
Otolemur_garnettii,M,R,L,S,L,P,L,L,L,L,L,L,G,A,W,T,I,P,G,S,L,G,D,K,D,Q,F,M,A,T,A,P,Q,L,D,D,E,E,K,Y,S,A,H,M,P,A,H,L,L,C,D,A,C,K,A,V,A,Y,Q,M,W,Q,N,L,A,K,A,E,A,R,L,H,T,P,D,S,K,G,R,Q,K,L,S,E,S,V,Y,T,D,I,L,D,L,S,C,S,Q,K,W,Q,D,Y,G,V,Q,E,V,N,K,V,K,R,L,V,G,P,G,L,S,K,G,P,E,P,S,I,S,V,M,I,T,G,G,P,W,P,I,R,L,S,R,T,C,L,H,Y,L,G,E,F,G,E,D,Q,I,Y,A,A,H,Q,Q,G,R,E,-,-,-,-,-,-,-,-,-,-,-,-,-,-,-,-,-,-,-,-,-,-,-,-,-
Panthera_leo,M,R,L,S,L,T,L,T,L,L,L,L,G,A,W,G,I,P,G,G,L,G,D,R,A,P,L,T,A,T,A,P,Q,L,D,D,E,E,K,Y,S,A,H,M,P,A,H,L,R,C,D,A,C,R,A,V,A,Y,Q,M,W,Q,H,L,A,K,A,E,A,K,L,H,T,R,D,S,G,G,Q,Q,E,L,S,E,S,V,Y,T,D,I,L,D,Q,S,C,S,Q,T,W,Q,G,Y,G,V,R,E,V,N,Q,V,K,R,L,T,G,P,G,L,S,K,G,P,E,P,N,I,S,V,M,I,T,G,G,P,W,P,T,R,L,S,M,T,C,L,H,Y,L,G,E,F,G,E,D,Q,I,Y,E,A,H,Q,Q,G,R,E,A,L,E,A,L,L,C,G,G,P,Q,G,A,C,S,E,E,T,P,V,T,K,T,E,L
Panthera_pardus,M,R,L,S,L,T,L,T,L,L,L,L,G,A,W,G,I,P,G,G,L,G,D,R,A,P,L,T,A,T,A,P,Q,L,D,D,E,E,K,Y,S,A,H,M,P,A,H,L,R,C,D,A,C,R,A,V,A,Y,Q,M,W,Q,H,L,A,K,A,E,A,K,L,H,T,R,D,S,G,G,Q,Q,E,L,S,E,S,V,Y,T,D,I,L,D,Q,S,C,S,Q,T,W,Q,G,Y,G,V,R,E,V,N,Q,V,K,R,L,T,G,P,G,L,S,K,G,P,E,P,N,I,S,V,M,I,T,G,G,P,W,P,T,R,L,S,M,T,C,L,H,Y,L,G,E,F,G,E,D,Q,I,Y,E,A,H,Q,Q,G,R,E,A,L,E,A,L,L,C,G,G,P,Q,G,A,C,S,E,E,A,P,V,T,K,T,E,L
Panthera_uncia,M,R,L,S,L,T,L,T,L,L,L,L,G,A,W,G,I,P,G,G,L,G,D,R,A,P,L,T,A,T,A,P,Q,L,D,D,E,E,K,Y,S,A,H,M,P,A,H,L,R,C,D,A,C,R,A,V,A,Y,Q,M,W,Q,H,L,A,K,A,E,A,K,L,H,T,R,D,S,G,G,Q,Q,E,L,S,E,S,V,Y,T,D,I,L,D,Q,S,C,S,Q,T,W,Q,G,Y,G,V,R,E,V,N,Q,V,K,R,L,T,G,P,G,L,S,K,G,P,E,P,N,I,S,V,M,I,T,G,G,P,W,P,T,R,L,S,M,T,C,L,H,Y,L,G,E,F,G,E,D,Q,I,Y,E,A,H,Q,Q,G,R,E,A,L,E,A,L,L,C,G,G,P,Q,G,A,C,S,E,E,A,P,V,T,K,T,E,L
Perognathus_longimembris_pacificus,-,-,-,-,L,P,-,L,V,L,L,W,S,A,W,A,I,P,G,G,L,G,D,R,A,P,L,S,A,T,A,P,Q,L,D,D,E,E,K,Y,S,A,H,M,P,A,H,M,R,C,D,A,C,R,A,V,A,Y,Q,M,W,Q,H,L,A,K,A,E,A,K,L,H,V,P,D,S,R,G,R,L,E,L,T,E,S,V,Y,T,D,V,L,D,Q,S,C,S,Q,G,W,Q,D,Y,G,V,R,E,V,N,Q,V,K,R,L,M,G,P,G,L,G,E,E,P,Q,P,R,I,H,V,V,V,T,G,G,P,W,P,S,R,L,S,K,T,C,L,H,Y,L,G,E,F,G,E,D,Q,I,Y,E,T,H,H,Q,G,L,G,A,L,E,A,L,L,C,V,G,P,R,G,V,C,-,-,-,-,-,-,-,-,-,-,-
Peromyscus_californicus_insignis,M,R,L,P,L,P,-,L,L,L,L,F,G,G,K,A,I,L,G,S,L,A,D,K,P,F,L,S,A,T,A,P,V,L,D,D,E,E,K,F,A,S,Y,I,P,A,H,L,R,C,D,A,C,R,A,V,A,Y,Q,M,G,Q,H,L,A,K,A,E,A,K,S,H,A,P,D,S,S,G,L,Q,E,L,S,E,S,I,Y,T,D,V,L,D,R,T,C,S,Q,N,W,Q,S,Y,G,V,Q,E,V,N,R,M,K,R,L,M,G,P,G,L,S,K,G,T,E,P,S,I,S,V,M,I,T,G,G,P,W,P,N,R,L,S,M,T,C,F,Q,Y,L,G,D,F,G,E,D,Q,I,Y,E,A,Y,R,Q,G,H,E,T,L,E,A,L,L,C,E,G,T,Q,G,S,C,S,Q,E,N,Q,V,S,R,E,E,L
Peromyscus_leucopus,M,R,L,P,L,P,-,L,L,L,L,F,G,G,K,A,I,L,G,S,L,A,D,K,A,F,L,S,A,T,A,P,M,L,D,D,E,E,K,F,A,S,Y,M,P,A,H,L,R,C,D,A,C,R,A,V,A,Y,Q,M,G,Q,H,L,A,K,A,E,A,K,S,H,A,P,D,S,S,G,R,Q,E,L,S,E,S,I,Y,T,D,V,L,D,R,T,C,S,Q,N,W,Q,S,Y,G,V,Q,E,V,N,Q,M,K,R,L,T,G,P,G,L,S,K,G,T,E,P,S,I,S,V,M,I,T,G,G,P,W,P,N,R,L,S,M,T,C,F,Q,Y,L,G,D,F,G,E,D,Q,I,Y,E,A,Y,R,Q,G,H,E,T,L,E,A,L,L,C,G,G,T,Q,G,S,C,S,Q,E,N,P,V,P,R,E,E,L
Peromyscus_maniculatus_bairdii,M,R,L,P,L,P,-,L,L,L,L,F,G,G,K,A,I,L,G,S,L,A,N,K,A,F,L,S,A,T,A,P,V,L,D,D,E,E,K,F,A,S,Y,M,P,A,H,L,R,C,D,A,C,R,A,V,A,Y,Q,M,G,Q,H,L,A,K,A,E,A,K,S,H,A,P,D,S,S,G,F,Q,E,L,S,E,S,I,Y,T,D,V,L,D,R,T,C,S,Q,N,W,Q,S,Y,G,V,Q,E,V,N,Q,M,K,R,L,T,G,P,G,L,S,K,G,T,E,P,S,I,S,V,M,I,T,G,G,P,W,P,N,R,L,S,M,T,C,F,Q,Y,L,G,D,F,G,E,D,Q,I,Y,K,A,Y,R,Q,G,H,E,T,L,E,A,L,L,C,G,G,T,Q,G,S,C,S,Q,E,N,P,V,P,R,E,E,L
Phascolarctos_cinereus,M,R,F,-,L,L,L,L,L,L,P,F,T,G,W,A,P,P,G,S,L,G,-,-,-,-,-,T,A,T,S,P,H,F,D,E,E,E,K,Y,S,T,H,M,P,Q,H,L,R,C,D,A,C,Q,V,I,S,Y,Q,M,W,K,H,L,T,E,M,E,T,K,Q,L,S,H,K,A,E,G,-,A,S,L,S,E,S,E,Y,T,D,V,L,E,K,S,C,S,Q,S,W,K,N,Y,G,V,R,E,V,N,K,V,K,R,F,V,G,P,G,L,-,-,-,-,-,-,-,I,S,V,M,I,S,G,G,P,W,P,G,R,L,F,K,M,C,H,N,Y,L,G,E,L,G,E,D,Q,L,Y,G,E,Y,R,Q,G,R,E,A,L,E,R,L,L,C,-,-,-,K,D,T,C,P,E,E,-,-,-,-,-,-,-,-
Phoca_vitulina,M,R,L,S,L,S,L,-,L,L,L,L,G,A,W,A,I,A,G,G,F,G,D,W,A,P,L,T,A,T,A,P,Q,L,D,D,E,E,K,Y,S,A,H,M,P,A,H,L,R,C,D,S,C,R,A,V,V,Y,Q,M,W,Q,H,L,A,K,A,E,A,K,L,H,T,P,G,S,G,G,Q,R,E,L,S,E,S,V,Y,T,D,V,L,D,Q,S,C,T,Q,T,W,Q,G,Y,G,V,R,E,V,N,Q,V,K,R,L,T,G,P,G,L,S,K,G,P,E,P,S,I,S,V,M,I,T,G,G,P,W,P,T,R,L,S,K,T,C,L,H,Y,L,G,E,F,G,E,D,Q,I,Y,E,A,H,Q,Q,G,R,G,A,L,E,A,L,L,C,G,G,P,Q,G,A,C,S,E,E,A,T,V,T,R,T,E,L
Phodopus_roborovskii,M,R,L,P,L,P,-,L,L,L,V,F,G,C,R,A,I,L,G,S,L,G,D,R,A,S,L,S,A,T,A,P,V,L,D,E,E,E,K,Y,A,S,Y,M,P,A,H,L,R,C,D,A,C,R,A,V,A,Y,Q,M,G,Q,H,L,A,R,A,E,A,K,S,-,-,P,E,S,S,G,L,Q,E,L,S,E,S,I,Y,T,D,V,L,D,R,T,C,S,Q,N,W,Q,S,Y,G,V,Q,E,V,N,Q,I,K,H,L,M,G,P,G,L,S,K,G,T,E,P,P,I,S,V,M,I,T,G,G,P,W,P,N,R,L,S,M,T,C,F,Q,Y,L,G,E,F,G,E,D,Q,I,Y,E,A,Y,R,Q,G,H,E,T,L,E,A,L,L,C,G,G,P,Q,G,P,C,S,-,-,-,-,-,-,-,-,-,-
Prionailurus_bengalensis_euptilurus,-,-,-,-,-,-,-,-,-,-,-,-,-,-,-,-,-,-,-,-,-,-,-,-,-,-,-,-,-,-,-,-,-,-,-,-,-,-,-,-,-,-,-,-,-,-,-,-,-,-,-,-,-,-,-,-,-,-,-,-,-,-,-,-,-,-,-,-,-,-,-,-,-,-,-,-,-,-,-,-,-,-,-,-,-,-,-,-,-,-,-,-,-,-,-,-,-,-,-,-,-,-,-,-,-,-,-,-,-,-,-,-,-,-,-,-,-,-,-,-,-,-,-,-,-,-,-,-,-,-,-,-,-,-,-,-,-,-,-,-,-,-,-,-,-,-,-,-,-,-,-,-,-,-,-,-,-,-,-,-,-,-,-,-,-,-,-,-,-,-,-,-,-,-,-,-,-,-,-,-,-,-,-,-,-,-,-,-,-
Puma_concolor,M,R,L,S,L,T,L,T,L,L,L,L,G,A,W,G,I,P,G,G,L,G,D,R,P,P,L,T,A,T,A,P,Q,L,D,D,E,E,K,Y,S,A,H,M,P,A,H,L,R,C,D,A,C,R,A,V,A,Y,Q,M,W,Q,H,L,A,K,A,E,A,K,L,H,T,R,D,S,G,G,Q,Q,E,L,S,E,S,V,Y,T,D,I,L,D,R,S,C,S,Q,T,W,Q,G,Y,G,V,R,E,V,N,Q,V,K,R,L,T,G,P,G,L,S,K,G,P,E,P,N,I,S,V,M,I,T,G,G,P,W,P,T,R,L,S,M,T,C,L,H,Y,L,G,E,F,G,E,D,Q,I,Y,E,A,H,Q,Q,G,R,E,A,L,E,A,L,L,C,G,G,P,Q,G,A,C,S,E,E,A,P,V,R,K,T,E,L
Puma_yagouaroundi,M,R,L,S,L,T,L,T,L,L,L,L,G,A,W,G,I,P,G,G,L,G,D,R,P,P,L,T,A,T,A,P,Q,L,D,D,E,E,K,Y,S,A,H,M,P,A,H,L,R,C,D,A,C,R,A,V,A,Y,Q,M,W,Q,H,L,A,K,A,E,A,K,L,H,T,R,D,S,G,G,Q,Q,E,L,S,E,S,V,Y,T,D,I,L,D,Q,S,C,S,Q,T,W,Q,G,Y,G,V,R,E,V,N,Q,V,K,R,L,T,G,P,G,L,S,K,G,P,E,P,N,I,S,V,M,I,T,G,G,P,W,P,T,R,L,S,M,T,C,L,H,Y,L,G,E,F,G,E,D,Q,I,Y,K,A,H,Q,Q,G,R,E,A,L,E,A,L,L,C,G,G,P,Q,G,A,C,S,E,E,A,P,V,T,K,T,E,L
Rattus_norvegicus,M,R,L,P,L,P,-,L,L,L,L,F,G,C,R,A,I,L,G,S,F,G,D,R,V,S,L,S,A,T,A,P,T,L,D,D,E,E,K,Y,A,S,H,M,P,T,H,L,R,C,D,A,C,R,A,V,A,Y,Q,M,G,Q,H,L,A,K,A,E,A,K,S,H,T,P,D,S,S,G,S,Q,E,L,S,E,S,T,Y,T,D,V,L,D,R,T,C,S,Q,N,W,Q,S,Y,G,V,Q,E,V,N,Q,M,K,R,L,M,G,P,G,L,S,K,G,P,E,P,S,I,S,V,M,I,T,G,G,P,W,P,N,R,L,S,M,T,C,F,H,Y,L,G,E,F,G,E,D,Q,I,Y,E,A,Y,R,Q,G,H,E,T,L,E,A,L,L,C,G,G,T,H,G,S,C,S,Q,E,I,P,A,Q,R,E,E,L
Rattus_rattus,M,R,L,P,L,P,-,L,L,L,L,F,G,C,R,A,I,L,G,S,F,A,D,R,V,S,L,S,A,T,A,P,T,L,D,D,E,E,K,Y,A,S,H,M,P,T,H,L,R,C,D,A,C,R,A,V,A,Y,Q,M,G,Q,H,L,A,K,A,E,A,K,S,H,T,P,D,S,S,G,S,Q,E,L,S,E,S,T,Y,T,D,V,L,D,R,T,C,S,Q,N,W,Q,S,Y,G,V,Q,E,V,N,Q,M,K,R,L,M,G,P,G,L,S,K,G,P,E,P,S,I,S,V,M,I,T,G,G,P,W,P,N,R,L,S,M,T,C,F,H,Y,L,G,E,F,G,E,D,Q,I,Y,E,A,Y,R,Q,G,H,E,T,L,E,A,L,L,C,G,G,T,H,G,S,C,S,Q,E,I,P,A,Q,R,E,E,L
Sarcophilus_harrisii,-,-,-,-,-,-,-,-,-,-,-,-,-,-,-,-,-,-,-,-,-,-,-,-,-,-,L,S,A,T,S,P,H,F,D,E,E,E,K,Y,S,T,H,M,P,Q,H,L,R,C,D,A,C,R,I,I,S,Y,Q,M,W,K,H,L,T,E,T,E,T,K,L,L,S,H,R,A,K,G,-,A,S,L,R,E,S,E,Y,T,D,V,L,E,K,C,C,S,Q,S,W,K,N,Y,G,V,R,E,V,N,K,V,K,R,F,V,G,P,G,L,-,-,-,-,-,-,-,I,S,V,M,I,S,G,G,P,W,P,G,R,L,F,K,M,C,H,N,Y,L,G,E,L,G,E,D,Q,L,Y,R,E,H,R,Q,G,R,E,A,L,E,R,L,L,C,-,-,-,R,G,-,-,-,-,-,-,-,-,-,-,-,-,-
Suncus_etruscus,M,K,L,S,L,A,L,L,L,L,L,L,R,V,G,A,S,S,G,D,F,G,D,R,L,P,L,T,A,S,S,P,Q,L,D,E,E,E,K,F,S,A,H,M,P,P,H,L,R,C,D,A,C,R,A,V,A,Y,Q,M,W,Q,H,L,A,N,A,E,A,K,L,K,T,P,D,A,R,G,R,L,E,L,R,E,S,E,Y,T,D,V,L,D,Q,S,C,S,Q,S,W,Q,D,Y,G,V,R,E,V,N,Q,V,K,R,L,T,G,P,G,L,N,Q,G,P,E,Q,R,I,S,V,I,V,S,G,G,L,W,P,I,R,L,S,R,T,C,L,H,F,V,G,E,F,G,E,D,Q,I,Y,N,A,Y,Q,Q,G,Q,G,T,L,E,T,L,L,C,G,G,P,K,G,V,C,S,K,G,L,Q,A,T,R,E,D,L
Sus_scrofa,M,R,L,S,-,P,L,L,L,L,L,L,G,A,C,A,I,P,G,G,L,G,D,R,A,P,L,S,A,T,A,P,Q,L,D,D,E,E,K,Y,S,A,H,M,P,A,H,L,R,C,D,A,C,R,A,V,V,Y,Q,M,Q,Q,H,L,T,K,A,E,A,K,L,H,T,L,D,S,E,G,H,H,R,L,S,E,S,V,Y,T,D,V,L,D,Q,S,C,S,Q,T,W,Q,D,Y,G,V,R,E,V,D,Q,V,K,R,L,V,G,P,G,L,S,K,G,R,E,P,S,I,S,V,M,I,T,G,G,L,W,P,G,R,L,A,T,T,C,W,H,Y,V,G,E,F,G,E,D,Q,I,Y,E,A,H,R,Q,G,A,E,A,L,E,A,L,L,C,G,G,P,R,G,A,C,S,E,E,T,P,R,P,R,A,E,L
Tachyglossus_aculeatus,-,-,-,-,-,-,-,-,-,-,-,-,-,-,-,-,-,-,-,-,-,-,-,-,-,T,L,S,A,T,S,P,E,L,D,D,E,E,T,H,S,G,H,M,P,G,H,L,R,C,D,A,C,R,A,I,A,F,Q,M,K,D,H,L,T,R,A,E,-,-,-,-,-,-,-,-,-,-,-,-,E,L,S,E,S,E,Y,T,D,V,L,E,S,S,C,S,Q,R,W,Q,Y,Y,G,V,Q,Q,V,D,K,V,K,R,L,T,G,P,G,L,D,S,-,-,R,P,G,V,S,V,M,V,T,G,G,P,W,P,A,R,L,F,K,M,C,Q,Q,Y,L,G,E,L,G,E,E,Q,I,Y,Q,E,H,R,R,G,P,G,A,L,E,T,L,L,C,Q,A,P,-,-,-,-,-,-,-,-,-,-,-,-,-,-,-
Talpa_occidentalis,-,-,-,-,L,P,L,L,L,L,L,L,G,A,W,A,L,P,G,D,L,G,D,R,A,P,V,T,A,T,A,P,Q,L,D,D,E,E,K,Y,S,T,H,M,P,A,H,L,R,C,D,A,C,R,A,V,A,Y,Q,M,W,Q,H,L,A,K,A,E,A,K,L,H,T,P,D,S,G,E,W,Q,E,L,S,E,S,A,Y,T,D,V,L,D,R,S,C,S,Q,T,W,Q,D,Y,G,V,R,E,V,N,Q,V,K,H,L,T,G,P,G,L,N,K,E,T,E,P,V,V,S,V,M,I,T,G,G,L,W,P,S,R,L,S,M,T,C,F,H,Y,L,G,E,F,G,E,D,Q,I,Y,E,A,H,Q,Q,G,R,E,A,L,E,T,L,L,C,G,P,P,R,G,A,C,S,G,D,A,L,A,T,K,A,E,L
Trichechus_manatus_latirostris,M,R,L,S,P,L,Q,L,L,L,L,L,G,A,W,V,I,P,G,G,L,G,G,R,S,P,L,T,A,T,A,P,Q,L,D,D,E,E,R,Y,S,T,H,M,P,T,H,L,R,C,D,A,C,R,A,V,A,Y,Q,M,W,Q,H,L,S,E,A,E,A,K,L,H,T,P,E,S,G,R,R,R,E,L,S,E,S,G,Y,T,D,V,L,D,R,S,C,S,Q,S,W,Q,G,Y,G,V,R,E,V,N,Q,V,K,H,L,T,G,P,G,L,S,K,G,P,E,P,S,I,S,V,M,V,T,G,G,P,W,P,I,R,L,S,M,T,C,L,R,Y,L,G,E,F,G,E,D,Q,I,Y,E,A,H,Q,Q,G,R,G,A,L,E,A,L,L,C,E,S,P,R,G,A,C,S,K,D,E,P,V,T,K,E,E,L
Trichosurus_vulpecula,-,-,-,-,-,-,-,F,L,L,L,L,-,-,-,-,-,-,-,-,-,-,-,-,-,-,L,T,A,T,S,P,H,F,D,E,E,E,K,Y,S,A,H,M,P,Q,H,L,H,C,D,A,C,Q,I,I,S,Y,Q,M,W,K,H,L,T,E,M,E,T,K,Q,L,S,H,R,A,K,G,-,A,S,L,S,E,S,E,Y,I,D,V,L,E,K,S,C,S,Q,S,W,K,N,Y,G,V,R,E,V,N,K,V,K,R,F,F,G,P,G,L,D,N,-,-,Q,V,G,I,S,V,M,I,S,G,G,P,W,P,G,R,L,F,K,M,C,H,N,Y,L,G,E,L,G,E,D,Q,L,Y,R,E,Y,R,Q,G,R,E,A,L,E,R,L,L,C,-,-,-,R,D,A,C,P,E,E,-,-,-,-,-,-,-,-
Ursus_arctos_horribilis,-,-,-,-,-,-,-,-,-,-,-,-,-,-,-,-,-,-,-,-,-,-,-,-,-,-,-,-,-,-,-,-,-,-,-,-,-,-,-,-,-,-,-,-,-,-,-,-,-,-,-,-,-,-,-,-,-,-,-,-,-,-,-,-,-,-,-,-,-,-,-,-,-,-,-,-,-,-,-,-,-,-,-,-,-,-,-,-,-,-,-,-,-,-,-,-,-,-,-,-,-,-,-,-,-,-,-,-,-,-,-,-,-,-,-,-,-,-,-,-,-,-,-,-,-,-,-,-,-,-,-,-,-,-,-,-,-,-,-,-,-,-,-,-,-,-,-,-,-,-,-,-,-,-,-,-,-,-,-,-,-,-,-,-,-,-,-,-,-,-,-,-,-,-,-,-,-,-,-,-,-,-,-,-,-,-,-,-,-
Vombatus_ursinus,-,-,-,-,-,-,-,-,-,-,-,-,-,-,-,-,-,-,-,-,-,-,-,-,-,-,-,-,-,-,-,-,-,-,-,-,-,-,-,-,-,-,-,-,-,-,-,-,-,-,-,-,-,-,-,-,-,-,-,-,-,-,-,-,-,-,-,-,-,-,-,-,-,-,-,-,-,-,-,-,-,-,-,-,-,-,-,-,-,-,-,-,-,-,-,-,-,-,-,-,-,-,-,-,-,-,-,-,-,-,-,-,-,-,-,-,-,-,-,-,-,-,-,-,-,-,-,-,-,-,-,-,-,-,-,-,-,-,-,-,-,-,-,-,-,-,-,-,-,-,-,-,-,-,-,-,-,-,-,-,-,-,-,-,-,-,-,-,-,-,-,-,-,-,-,-,-,-,-,-,-,-,-,-,-,-,-,-,-
Vulpes_lagopus,M,R,L,S,L,T,L,T,L,L,L,L,G,A,W,A,I,P,G,G,S,E,D,R,A,P,L,T,A,T,A,P,Q,L,D,D,E,E,K,Y,S,A,H,M,P,A,H,L,R,C,D,A,C,R,A,V,A,Y,Q,M,W,Q,H,L,A,K,A,E,A,K,L,H,T,P,D,S,G,G,R,W,E,L,S,E,S,V,Y,I,D,V,L,D,K,S,C,S,Q,S,W,Q,G,Y,G,V,R,E,V,N,Q,V,K,R,L,T,G,P,G,L,S,K,G,P,E,P,S,I,S,V,M,I,T,G,G,P,W,P,T,R,L,S,M,T,C,L,H,Y,L,G,E,F,G,E,D,Q,I,Y,E,A,H,Q,Q,G,Q,G,A,L,E,A,L,L,C,G,G,L,Q,G,A,C,S,E,E,A,P,V,T,R,T,E,L
Vulpes_vulpes,M,R,L,S,L,P,L,T,L,L,L,L,G,A,W,A,I,P,G,G,S,E,D,R,A,P,L,T,A,T,A,P,Q,L,D,D,E,E,K,Y,S,A,H,M,P,A,H,L,R,C,D,A,C,R,A,V,A,Y,Q,M,W,Q,H,L,A,K,A,E,A,K,L,H,T,P,D,S,G,G,R,W,E,L,S,E,S,V,Y,I,D,V,L,D,K,S,C,S,Q,S,W,Q,G,Y,G,V,R,E,V,N,Q,V,K,R,L,T,G,P,G,L,S,K,G,P,E,P,S,I,S,V,M,I,T,G,G,P,W,P,T,R,L,S,M,T,C,L,H,Y,L,G,E,F,G,E,D,Q,I,Y,E,A,H,Q,Q,G,Q,G,A,L,E,A,L,L,C,G,G,L,K,G,A,C,S,E,E,A,P,V,T,R,T,E,L
Zalophus_californianus,M,R,L,S,L,P,L,-,L,L,L,L,V,A,W,A,I,P,G,G,F,G,D,R,A,P,L,T,A,T,A,P,Q,L,D,D,E,E,K,Y,S,A,H,M,P,A,H,L,R,C,D,A,C,R,A,V,V,Y,Q,M,W,Q,H,L,A,K,A,E,A,K,L,H,T,P,D,S,G,G,Q,R,E,L,S,E,S,V,Y,T,D,V,L,D,Q,S,C,T,Q,T,W,Q,G,Y,G,V,Q,E,V,N,Q,V,K,R,L,T,G,P,G,L,S,K,G,P,E,Q,S,I,S,V,M,I,T,G,G,P,W,P,T,R,L,S,T,T,C,L,H,Y,L,G,E,F,G,E,D,K,I,Y,E,A,H,Q,Q,G,R,G,A,L,E,A,L,L,C,G,G,P,Q,G,A,C,L,E,E,A,T,V,T,R,T,E,L
shrew_mole,M,K,L,S,L,S,L,F,L,L,L,L,R,A,W,A,I,S,G,D,L,R,D,R,P,P,L,T,A,T,A,P,Q,L,D,D,E,E,K,F,S,A,H,M,P,A,H,M,R,C,D,A,C,R,V,V,A,Y,Q,M,W,Q,Y,L,A,K,A,E,A,K,L,H,T,L,D,S,G,E,R,R,Q,L,S,E,S,S,Y,T,D,V,L,D,R,S,C,S,Q,T,W,K,D,Y,G,V,R,E,I,N,Q,V,K,R,L,T,G,P,G,L,N,Q,E,T,Q,P,G,I,S,V,M,I,T,G,G,L,W,P,T,R,G,P,N,A,C,P,S,S,F,Q,R,C,M,S,S,V,M,V,R,N,E,K,S,G,P,K,E,L,T,C,I,V,C,M,G,P,V,R,P,C,I,R,H,M,Q,F,P,T,L,S,L
ZWS,M,R,L,L,L,P,-,L,L,L,L,L,G,S,G,A,V,S,G,G,R,G,G,G,T,L,L,S,A,T,A,P,Q,L,D,D,E,E,K,Y,S,A,H,M,P,A,H,L,R,C,D,A,C,R,A,V,A,Y,Q,M,W,Q,H,L,A,K,A,E,A,K,L,Q,E,P,D,P,K,G,R,R,E,L,S,E,S,V,Y,T,D,V,L,D,Q,S,C,S,Q,K,W,Q,D,Y,G,V,R,E,V,N,R,V,K,H,L,T,G,P,G,L,S,K,G,S,E,P,S,I,S,V,V,M,T,G,G,P,W,P,T,R,L,S,T,T,C,F,H,Y,L,G,E,V,G,E,D,R,I,Y,E,A,H,H,Q,G,H,E,A,V,E,E,L,L,C,E,G,T,R,G,P,C,S,E,E,T,P,A,P,R,K,E,L
