,NRL 0,NRL 1,NRL 2,NRL 3,NRL 4,NRL 5,NRL 6,NRL 7,NRL 8,NRL 9,NRL 10,NRL 11,NRL 12,NRL 13,NRL 14,NRL 15,NRL 16,NRL 17,NRL 18,NRL 19,NRL 20,NRL 21,NRL 22,NRL 23,NRL 24,NRL 25,NRL 26,NRL 27,NRL 28,NRL 29,NRL 30,NRL 31,NRL 32,NRL 33,NRL 34,NRL 35,NRL 36,NRL 37,NRL 38,NRL 39,NRL 40,NRL 41,NRL 42,NRL 43,NRL 44,NRL 45,NRL 46,NRL 47,NRL 48,NRL 49,NRL 50,NRL 51,NRL 52,NRL 53,NRL 54,NRL 55,NRL 56,NRL 57,NRL 58,NRL 59,NRL 60,NRL 61,NRL 62,NRL 63,NRL 64,NRL 65,NRL 66,NRL 67,NRL 68,NRL 69,NRL 70,NRL 71,NRL 72,NRL 73,NRL 74,NRL 75,NRL 76,NRL 77,NRL 78,NRL 79,NRL 80,NRL 81,NRL 82,NRL 83,NRL 84,NRL 85,NRL 86,NRL 87,NRL 88,NRL 89,NRL 90,NRL 91,NRL 92,NRL 93,NRL 94,NRL 95,NRL 96,NRL 97,NRL 98,NRL 99,NRL 100,NRL 101,NRL 102,NRL 103,NRL 104,NRL 105,NRL 106,NRL 107,NRL 108,NRL 109,NRL 110,NRL 111,NRL 112,NRL 113,NRL 114,NRL 115,NRL 116,NRL 117,NRL 118,NRL 119,NRL 120,NRL 121,NRL 122,NRL 123,NRL 124,NRL 125,NRL 126,NRL 127,NRL 128,NRL 129,NRL 130,NRL 131,NRL 132,NRL 133,NRL 134,NRL 135,NRL 136,NRL 137,NRL 138,NRL 139,NRL 140,NRL 141,NRL 142,NRL 143,NRL 144,NRL 145,NRL 146,NRL 147,NRL 148,NRL 149,NRL 150,NRL 151,NRL 152,NRL 153,NRL 154,NRL 155,NRL 156,NRL 157,NRL 158,NRL 159,NRL 160,NRL 161,NRL 162,NRL 163,NRL 164,NRL 165,NRL 166,NRL 167,NRL 168,NRL 169,NRL 170,NRL 171,NRL 172,NRL 173,NRL 174,NRL 175,NRL 176,NRL 177,NRL 178,NRL 179,NRL 180,NRL 181,NRL 182,NRL 183,NRL 184,NRL 185,NRL 186,NRL 187,NRL 188,NRL 189,NRL 190,NRL 191,NRL 192,NRL 193,NRL 194,NRL 195,NRL 196,NRL 197,NRL 198,NRL 199,NRL 200,NRL 201,NRL 202,NRL 203,NRL 204,NRL 205,NRL 206,NRL 207,NRL 208,NRL 209,NRL 210,NRL 211,NRL 212,NRL 213,NRL 214,NRL 215,NRL 216,NRL 217,NRL 218,NRL 219,NRL 220,NRL 221,NRL 222,NRL 223,NRL 224,NRL 225,NRL 226,NRL 227,NRL 228,NRL 229,NRL 230,NRL 231,NRL 232,NRL 233
Chrysochloris_asiatica,M,A,L,P,P,S,P,L,A,M,E,Y,V,N,D,F,D,L,M,K,F,E,V,K,R,E,A,P,E,R,Q,S,G,L,F,M,A,S,L,G,S,T,P,Y,S,S,V,P,P,S,P,T,F,S,E,P,G,V,V,G,T,T,E,G,P,R,P,G,L,E,E,L,Y,L,L,A,T,L,Q,Q,H,L,G,T,G,E,T,L,G,L,S,P,E,E,A,V,E,L,L,Q,G,Q,G,P,V,P,A,E,G,A,Q,G,Y,Y,P,G,I,P,E,E,T,A,A,E,C,D,Q,L,L,E,W,F,S,D,A,S,L,V,S,M,S,V,R,E,L,N,R,K,L,R,G,C,E,R,D,E,A,L,R,L,K,Q,R,R,R,T,L,K,N,R,G,Y,A,Q,A,C,R,S,K,R,L,Q,Q,R,R,G,L,E,A,E,R,A,R,L,H,A,Q,L,D,A,L,R,A,D,V,A,R,L,V,R,E,R,D,F,Y,K,A,R,C,D,R,L,T,S,S,D,T,G,H,V,H,F,F,L
Balaenoptera_acutorostrata_scammoni,M,A,L,P,P,S,P,L,A,M,E,Y,V,N,D,F,D,L,M,K,F,E,V,K,R,E,P,L,E,G,R,S,G,P,P,T,A,S,L,G,S,T,P,Y,S,S,V,P,P,S,P,T,F,S,E,P,G,T,V,G,A,T,E,G,T,R,P,G,L,E,E,L,Y,W,L,A,T,L,Q,Q,Q,L,G,A,G,E,V,L,G,L,S,P,E,E,A,V,E,L,L,Q,G,Q,G,P,V,P,V,E,G,S,H,P,Y,Y,P,G,S,P,E,E,T,G,A,Q,H,A,Q,L,A,E,R,F,S,D,A,E,L,V,S,M,S,V,R,E,L,N,R,Q,L,R,G,C,G,R,D,E,A,L,R,L,K,Q,R,R,R,T,L,K,N,R,G,Y,A,Q,A,C,R,S,K,R,L,Q,Q,R,R,G,L,E,A,E,R,A,R,L,A,A,Q,L,D,A,L,R,A,E,V,T,R,L,A,R,E,R,D,L,Y,K,A,R,C,D,R,L,A,P,S,G,P,G,H,A,H,F,F,L
Balaenoptera_musculus,M,A,L,P,P,S,P,L,A,M,E,Y,V,N,D,F,D,L,M,K,F,E,V,K,R,E,P,L,E,G,R,S,G,P,P,T,A,S,L,G,S,T,P,Y,S,S,V,P,P,S,P,T,F,S,E,P,G,T,V,G,A,T,E,G,T,R,P,G,L,E,E,L,Y,W,L,A,T,L,Q,Q,Q,L,G,A,G,E,V,L,G,L,S,P,E,E,A,V,E,L,L,Q,G,Q,G,P,V,P,V,E,G,S,H,P,Y,Y,P,G,S,P,E,E,T,G,A,Q,H,A,Q,L,A,E,R,F,S,D,A,A,L,V,S,M,S,V,R,E,L,N,R,Q,L,R,G,C,G,R,D,E,A,L,R,L,K,Q,R,R,R,T,L,K,N,R,G,Y,A,Q,A,C,R,S,K,R,L,Q,Q,R,R,G,L,E,A,E,R,A,R,L,A,A,Q,L,D,A,L,R,A,E,V,T,R,L,A,R,E,R,D,L,Y,K,A,R,C,D,R,L,A,P,S,G,P,G,-,-,-,-,-,-
Echinops_telfairi,M,A,L,P,P,S,P,L,A,M,E,Y,V,N,D,F,D,L,M,K,F,E,V,K,R,E,P,P,E,G,R,A,G,L,P,M,A,S,L,G,S,T,P,Y,S,S,V,P,P,S,P,T,F,S,E,P,G,V,V,G,A,T,E,G,P,R,P,G,L,E,E,L,Y,W,L,A,T,L,Q,Q,Q,L,G,A,G,E,A,L,G,L,S,P,E,E,A,V,E,L,L,Q,G,Q,G,P,V,P,A,E,G,S,Q,G,Y,Y,P,E,S,P,E,E,T,E,A,Q,H,E,Q,L,A,E,R,F,S,D,A,A,L,V,S,M,S,V,R,E,L,N,R,Q,L,R,G,C,G,R,D,E,A,L,R,L,K,Q,R,R,R,T,L,K,N,R,G,Y,A,Q,A,C,R,S,K,R,L,Q,Q,R,R,G,L,E,A,E,R,A,R,L,L,A,Q,L,D,A,L,R,A,E,V,A,R,L,A,R,E,R,D,L,Y,K,A,R,C,D,R,Q,A,T,S,G,P,G,H,A,P,F,F,L
Delphinapterus_leucas,M,A,L,P,P,S,P,L,A,M,E,Y,V,N,D,F,D,L,M,K,F,E,V,K,R,E,P,L,E,G,R,S,G,P,P,T,A,S,L,G,S,T,P,Y,S,S,V,P,P,S,P,T,F,S,E,P,G,T,V,G,V,T,E,G,T,R,P,G,L,E,E,L,Y,W,L,A,T,L,Q,Q,Q,L,G,A,G,E,V,L,G,L,S,P,E,E,A,V,E,L,L,Q,G,Q,G,P,V,P,V,E,G,P,H,T,Y,Y,P,G,S,P,E,E,N,G,A,Q,H,A,Q,L,A,E,R,F,S,D,A,A,L,V,S,M,S,V,R,E,L,N,R,Q,L,R,G,C,G,R,D,E,A,L,R,L,K,Q,R,R,R,T,L,K,N,R,G,Y,A,Q,A,C,R,S,K,R,L,Q,Q,R,R,G,L,E,A,E,R,A,R,L,A,A,Q,L,D,A,L,R,A,E,V,A,R,L,A,R,E,R,D,L,Y,K,A,R,C,D,R,L,A,P,S,G,P,G,-,-,-,-,-,-
Globicephala_melas,M,A,L,P,P,S,P,L,A,M,E,Y,V,N,D,F,D,L,M,K,F,E,V,K,R,E,P,L,E,G,R,S,G,P,P,T,A,S,L,G,S,T,P,Y,S,S,V,P,P,S,P,T,F,S,E,P,G,T,V,G,A,T,E,G,T,R,P,G,L,E,E,L,Y,W,L,A,T,L,Q,Q,Q,L,G,A,G,E,V,L,G,L,S,P,E,E,A,V,E,L,L,Q,G,Q,G,P,V,P,V,E,G,P,H,T,Y,Y,P,G,S,P,E,E,T,G,A,Q,H,A,Q,L,A,E,R,F,S,D,A,A,L,V,S,M,S,V,R,E,L,N,R,Q,L,R,G,C,G,R,D,E,A,L,R,L,K,Q,R,R,R,T,L,K,N,R,G,Y,A,Q,A,C,R,S,K,R,L,Q,Q,R,R,G,L,E,A,E,R,A,R,L,A,A,Q,L,D,A,L,R,A,E,V,A,R,L,A,R,E,R,D,L,Y,K,A,R,C,D,R,L,A,P,S,G,P,G,-,-,-,-,-,-
Lagenorhynchus_obliquidens,M,A,L,P,P,S,P,L,A,M,E,Y,V,N,D,F,D,L,M,K,F,E,V,K,R,E,P,L,E,G,R,S,G,P,P,T,A,S,L,G,S,T,P,Y,S,S,V,P,P,S,P,T,F,S,E,P,G,T,V,G,A,T,E,G,T,R,P,G,L,E,E,L,Y,W,L,A,T,L,Q,Q,Q,L,G,A,G,E,V,L,G,L,S,P,E,E,A,V,E,L,L,Q,G,Q,G,P,V,P,V,E,G,P,H,T,Y,Y,P,G,S,P,E,E,T,G,A,Q,H,A,Q,L,A,E,R,F,S,D,A,A,L,V,S,M,S,V,R,E,L,N,R,Q,L,R,G,C,G,R,D,E,A,L,R,L,K,Q,R,R,R,T,L,K,N,R,G,Y,A,Q,A,C,R,S,K,R,L,Q,Q,R,R,G,L,E,A,E,R,A,R,L,A,A,Q,L,D,A,L,R,A,E,V,A,R,L,A,R,E,R,D,L,Y,K,A,R,C,D,R,L,A,P,S,G,P,G,-,-,-,-,-,-
Lipotes_vexillifer,M,A,L,P,P,S,P,L,A,M,E,Y,V,N,D,F,D,L,M,K,F,E,V,K,R,E,P,L,E,G,R,S,G,P,P,T,A,S,L,G,S,T,P,Y,S,S,V,P,P,S,P,T,F,S,E,P,G,T,V,G,A,T,E,G,T,R,P,G,L,E,E,L,Y,W,L,A,T,L,Q,Q,Q,L,G,A,G,E,V,L,G,L,S,P,E,E,A,V,E,L,L,Q,G,Q,G,P,V,P,V,E,G,P,H,T,Y,Y,P,G,S,P,E,E,T,A,A,Q,H,A,Q,L,A,E,R,F,S,D,A,A,L,V,S,M,S,V,R,E,L,N,R,Q,L,R,G,C,G,R,D,E,A,L,R,L,K,Q,R,R,R,T,L,K,N,R,G,Y,A,Q,A,C,R,S,K,R,L,Q,Q,R,R,G,L,E,A,E,R,A,R,L,A,A,Q,L,D,A,L,R,A,E,V,A,R,L,A,R,E,R,D,L,Y,K,A,R,C,D,R,L,A,P,S,G,P,G,H,A,H,F,F,L
Monodon_monoceros,M,A,L,P,P,S,P,L,A,M,E,Y,V,N,D,F,D,L,M,K,F,E,V,K,R,E,P,L,E,G,R,S,G,P,P,T,A,S,L,G,S,T,P,Y,S,S,V,P,P,S,P,T,F,S,E,P,G,T,V,G,A,T,E,G,T,R,P,G,L,E,E,L,Y,W,L,A,T,L,Q,Q,Q,L,G,A,G,E,V,L,G,L,S,P,E,E,A,V,E,L,L,Q,G,Q,G,P,V,P,V,E,G,P,H,T,Y,Y,P,G,S,P,E,E,N,G,A,Q,H,A,Q,L,A,E,R,F,S,D,A,A,L,V,S,M,S,V,R,E,L,N,R,Q,L,R,G,C,G,R,D,E,A,L,R,L,K,Q,R,R,R,T,L,K,N,R,G,Y,A,Q,A,C,R,S,K,R,L,Q,Q,R,R,G,L,E,A,E,R,A,R,L,A,A,Q,L,D,A,L,R,A,E,V,A,R,L,A,R,E,R,D,L,Y,K,A,R,C,D,R,L,A,P,S,G,P,G,-,-,-,-,-,-
Neophocaena_asiaeorientalis_asiaeorientalis,M,A,L,P,P,S,P,L,A,M,E,Y,V,N,D,F,D,L,M,K,F,E,V,K,R,E,P,L,E,G,R,S,G,P,P,T,A,S,L,G,S,T,P,Y,S,S,V,P,P,S,P,T,F,S,E,P,G,T,V,G,A,T,E,G,T,R,P,G,L,E,E,L,Y,W,L,A,T,L,Q,Q,Q,L,G,A,G,E,V,L,G,L,S,P,E,E,A,V,E,L,L,Q,G,Q,G,P,V,P,V,E,G,P,H,T,Y,Y,P,G,S,P,E,E,N,G,A,Q,H,A,Q,L,A,E,R,F,S,D,A,A,L,V,S,M,S,V,R,E,L,N,R,Q,L,R,G,C,G,R,D,E,A,L,R,L,K,Q,R,R,R,T,L,K,N,R,G,Y,A,Q,A,C,R,S,K,R,L,Q,Q,R,R,G,L,E,A,E,R,A,R,L,A,A,Q,L,D,A,L,R,A,E,V,A,R,L,A,R,E,R,D,L,Y,K,A,R,C,D,R,L,A,P,S,G,P,G,-,-,-,-,-,-
Orcinus_orca,M,A,L,P,P,S,P,L,A,M,E,Y,V,N,D,F,D,L,M,K,F,E,V,K,R,E,P,L,E,G,R,S,G,P,P,T,A,S,L,G,S,T,P,Y,S,S,V,P,P,S,P,T,F,S,E,P,G,T,V,G,A,T,E,G,T,R,P,G,L,E,E,L,Y,W,L,A,T,L,Q,Q,Q,L,G,A,G,E,V,L,G,L,S,P,E,E,A,V,E,L,L,Q,G,Q,G,P,V,P,V,E,G,P,H,T,Y,Y,P,G,S,P,E,E,T,G,A,Q,H,A,Q,L,A,E,R,F,S,D,A,A,L,V,S,M,S,V,R,E,L,N,R,Q,L,R,G,C,G,R,D,E,A,L,R,L,K,Q,R,R,R,T,L,K,N,R,G,Y,A,Q,A,C,R,S,K,R,L,Q,Q,R,R,G,L,E,A,E,R,A,R,L,A,A,Q,L,D,A,L,R,A,E,V,A,R,L,A,R,E,R,D,L,Y,K,A,R,C,D,R,L,A,P,S,G,P,G,-,-,-,-,-,-
Phocoena_sinus,M,A,L,P,P,S,P,L,A,M,E,Y,V,N,D,F,D,L,M,K,F,E,V,K,R,E,P,L,E,G,R,S,G,P,P,T,A,S,L,G,S,T,P,Y,S,S,V,P,P,S,P,T,F,S,E,P,G,T,V,G,A,T,E,G,T,R,P,G,L,E,E,L,Y,W,L,A,T,L,Q,Q,Q,L,G,A,G,E,V,L,G,L,S,P,E,E,A,V,E,L,L,Q,G,Q,G,P,V,P,V,E,G,P,H,T,Y,Y,P,G,S,P,E,E,N,G,A,Q,H,A,Q,L,A,E,R,F,S,D,A,A,L,V,S,M,S,V,R,E,L,N,R,Q,L,R,G,C,G,R,D,E,A,L,R,L,K,Q,R,R,R,T,L,K,N,R,G,Y,A,Q,A,C,R,S,K,R,L,Q,Q,R,R,G,L,E,V,E,R,A,R,L,A,A,Q,L,D,A,L,R,A,E,V,A,R,L,A,R,E,R,D,L,Y,K,A,R,C,D,R,L,A,P,S,G,P,G,-,-,-,-,-,-
Physeter_catodon,M,A,L,P,P,S,P,L,A,M,E,Y,V,N,D,F,D,L,M,K,F,E,V,K,R,E,P,L,E,G,R,S,G,P,P,T,A,S,L,G,S,T,P,Y,S,S,V,P,P,S,P,T,F,S,E,P,G,M,V,G,A,T,E,G,T,R,S,G,L,E,E,L,Y,W,L,A,T,L,Q,Q,Q,L,G,A,G,E,V,L,G,L,S,P,E,E,A,V,E,L,L,Q,G,Q,G,P,V,P,V,E,G,P,H,T,Y,Y,P,G,S,P,E,E,T,G,A,Q,H,A,Q,L,A,E,R,F,S,D,A,A,L,V,S,M,S,V,R,E,L,N,R,Q,L,R,G,C,G,R,D,E,A,L,R,L,K,Q,R,R,R,T,L,K,N,R,G,Y,A,Q,A,C,R,S,K,R,L,Q,Q,R,R,G,L,E,A,E,R,A,R,L,A,A,Q,L,D,A,L,R,A,E,V,A,R,L,A,R,E,R,D,L,Y,K,A,R,C,D,R,L,A,P,S,G,P,G,H,A,H,F,F,L
Tursiops_truncatus,M,A,L,P,P,S,P,L,A,M,E,Y,V,N,D,F,D,L,M,K,F,E,V,K,R,E,P,L,E,G,R,S,G,P,P,T,A,S,L,G,S,T,P,Y,S,S,V,P,P,S,P,T,F,S,E,P,G,T,V,G,A,T,E,G,T,R,P,G,L,E,E,L,Y,W,L,A,T,L,Q,Q,Q,L,G,A,G,E,V,L,G,L,S,P,E,E,A,V,E,L,L,Q,G,Q,G,P,V,P,V,E,G,P,H,T,Y,Y,P,G,S,P,E,E,T,G,A,Q,H,A,Q,L,A,E,R,F,S,D,A,A,L,V,S,M,S,V,R,E,L,N,R,Q,L,R,G,C,G,R,D,E,A,L,R,L,K,Q,R,R,R,T,L,K,N,R,G,Y,A,Q,A,C,R,S,K,R,L,Q,Q,R,R,G,L,E,A,E,R,A,R,L,A,A,Q,L,D,A,L,R,A,E,V,A,R,L,A,R,E,R,D,L,Y,K,A,R,C,D,R,L,A,P,S,G,P,G,-,-,-,-,-,-
Acinonyx_jubatus,M,A,L,P,P,S,P,L,A,M,E,Y,V,N,D,F,D,L,M,K,F,E,V,K,R,E,P,S,E,G,R,S,G,P,P,T,A,S,L,G,S,T,P,Y,S,S,V,P,P,S,P,T,F,S,D,P,G,M,V,G,A,T,E,A,P,R,P,G,L,E,E,L,Y,W,L,A,T,L,Q,Q,Q,L,G,A,G,E,A,L,G,L,S,P,E,E,A,V,E,L,L,Q,G,Q,G,P,V,P,V,E,G,P,H,S,Y,Y,P,G,S,P,E,E,T,G,A,Q,H,A,Q,L,A,E,R,F,S,D,A,A,L,V,S,M,S,V,R,E,L,N,R,Q,L,R,G,C,G,R,D,E,A,L,R,L,K,Q,R,R,R,T,L,K,N,R,G,Y,A,Q,A,C,R,S,K,R,L,Q,Q,R,R,G,L,E,A,E,R,A,R,L,A,A,Q,L,D,A,L,R,A,E,V,A,R,L,A,R,E,R,D,L,Y,K,A,R,C,D,R,L,T,S,S,G,P,G,H,A,H,F,F,L
Acomys_russatus,M,A,L,S,P,S,P,L,A,M,E,Y,V,N,D,F,D,L,M,K,F,D,I,K,R,E,P,S,E,G,R,S,G,L,P,T,A,S,L,G,S,T,P,Y,S,S,E,P,P,S,P,T,F,S,E,P,G,A,V,G,S,S,E,G,P,R,P,G,L,E,E,L,Y,W,L,A,T,L,Q,Q,Q,L,G,A,D,E,M,L,G,L,S,P,D,E,A,V,E,L,L,Q,S,Q,G,P,V,P,V,E,G,P,H,G,Y,Y,S,G,S,P,G,E,T,G,A,Q,L,A,Q,L,S,E,R,F,S,D,A,A,L,V,S,M,S,V,R,E,L,N,R,Q,L,R,G,C,G,R,D,E,A,L,R,L,K,Q,R,R,R,T,L,K,N,R,G,Y,A,Q,A,C,R,S,K,R,L,Q,Q,R,R,G,L,E,A,E,R,A,R,L,A,A,Q,L,D,A,L,R,A,E,V,A,R,L,A,R,E,R,D,L,Y,K,A,R,C,D,R,L,T,S,S,G,P,D,H,A,H,L,F,L
Arvicanthis_niloticus,M,A,L,P,P,S,P,L,A,M,E,Y,V,N,D,F,D,L,M,K,F,E,I,K,R,E,P,S,E,G,R,S,G,V,P,T,A,S,L,G,S,T,P,Y,S,S,V,P,P,S,P,T,F,S,E,P,G,M,V,G,S,G,E,A,P,R,P,G,L,E,E,L,Y,W,L,A,T,L,Q,Q,Q,L,G,A,D,E,V,L,G,L,S,P,D,E,A,V,E,L,L,Q,N,Q,G,P,V,S,V,E,G,P,H,G,Y,Y,S,G,S,P,G,E,T,G,A,Q,H,V,Q,L,P,E,R,F,S,D,A,A,L,V,S,M,S,V,R,E,L,N,R,Q,L,R,G,C,G,R,D,E,A,L,R,L,K,Q,R,R,R,T,L,K,N,R,G,Y,A,Q,A,C,R,S,K,R,L,Q,Q,R,R,G,L,E,A,E,R,A,R,L,A,A,Q,L,D,A,L,R,A,E,V,A,R,L,A,R,E,R,D,L,Y,K,A,R,C,D,R,L,T,S,G,G,P,G,H,T,H,L,F,L
Bison_bison_bison,M,A,L,P,P,S,P,L,A,M,E,Y,V,N,D,F,D,L,M,K,F,E,V,K,R,E,P,S,E,G,R,S,G,P,P,T,A,S,L,G,S,T,P,Y,S,S,V,P,P,S,P,T,F,S,E,P,G,M,V,G,A,T,E,G,T,R,P,G,L,E,E,L,Y,W,L,A,T,L,Q,Q,Q,L,G,A,G,E,V,L,G,L,S,P,E,E,A,V,E,L,L,Q,G,Q,S,P,V,P,V,E,G,S,H,A,Y,Y,P,G,S,P,E,E,T,G,A,Q,H,A,Q,L,A,E,R,F,S,D,A,A,L,V,S,M,S,V,R,E,L,N,R,Q,L,R,G,C,G,R,D,E,A,L,R,L,K,Q,R,R,R,T,L,K,N,R,G,Y,A,Q,A,C,R,S,K,R,L,Q,Q,R,R,G,L,E,A,E,R,A,R,L,A,T,Q,L,D,A,L,R,A,E,V,A,R,L,A,R,E,R,D,L,Y,K,A,R,C,E,L,L,A,P,S,G,-,-,-,-,-,-,-,-
Bos_indicus,M,A,L,P,P,S,P,L,A,M,E,Y,V,N,D,F,D,L,M,K,F,E,V,K,R,E,P,S,E,G,R,S,G,P,P,T,A,S,L,G,S,T,P,Y,S,S,V,P,P,S,P,T,F,S,E,P,G,M,V,G,A,T,E,G,T,R,P,G,L,E,E,L,Y,W,L,A,T,L,Q,Q,Q,L,G,A,G,E,V,L,G,L,S,P,E,E,A,V,E,L,L,Q,G,Q,S,P,V,P,V,E,G,S,H,A,Y,Y,P,G,S,P,E,E,T,G,A,Q,H,A,Q,L,A,E,R,F,S,D,A,A,L,V,S,M,S,V,R,E,L,N,R,Q,L,R,G,C,G,R,D,E,A,L,R,L,K,Q,R,R,R,T,L,K,N,R,G,Y,A,Q,A,-,-,-,-,-,-,-,-,-,-,-,-,-,-,-,-,-,-,-,-,-,-,L,D,A,L,R,A,E,V,A,R,L,A,R,E,R,D,L,Y,-,A,R,C,E,L,L,A,P,S,G,-,-,-,-,-,-,-,-
Bos_mutus,M,A,L,P,P,S,P,L,A,M,E,Y,V,N,D,F,D,L,M,K,F,E,V,K,R,E,P,S,E,G,R,S,G,P,P,T,A,S,L,G,S,T,P,Y,S,S,V,P,P,S,P,T,F,S,E,P,G,M,V,G,A,T,E,G,T,R,P,G,L,E,E,L,Y,W,L,A,T,L,Q,Q,Q,L,G,A,G,E,V,L,G,L,S,P,E,E,A,V,E,L,L,Q,G,Q,S,P,V,P,V,E,G,S,H,A,Y,Y,P,G,S,P,E,E,T,G,A,Q,H,A,Q,L,A,E,R,F,S,D,A,A,L,V,S,M,S,V,R,E,L,N,R,Q,L,R,G,C,G,R,D,E,A,L,R,L,K,Q,R,R,R,T,L,K,N,R,G,Y,A,Q,A,C,R,S,K,R,L,Q,Q,R,R,G,L,E,A,E,R,A,R,L,A,T,Q,L,D,A,L,R,A,E,V,A,R,L,A,R,E,R,D,L,Y,K,A,R,C,E,L,L,A,P,S,G,-,-,-,-,-,-,-,-
Bos_taurus,M,A,L,P,P,S,P,L,A,M,E,Y,V,N,D,F,D,L,M,K,F,E,V,K,R,E,P,S,E,G,R,S,G,P,P,T,A,S,L,G,S,T,P,Y,S,S,V,P,P,S,P,T,F,S,E,P,G,M,V,G,A,T,E,G,T,R,P,G,L,E,E,L,Y,W,L,A,T,L,Q,Q,Q,L,G,A,G,E,V,L,G,L,S,P,E,E,A,V,E,L,L,Q,G,Q,S,P,V,P,V,E,G,S,H,A,Y,Y,P,G,S,P,E,E,T,G,A,Q,H,A,Q,L,A,E,R,F,S,D,A,A,L,V,S,M,S,V,R,E,L,N,R,Q,L,R,G,C,G,R,D,E,A,L,R,L,K,Q,R,R,R,T,L,K,N,R,G,Y,A,Q,A,C,R,S,K,R,L,Q,Q,R,R,G,L,E,A,E,R,A,R,L,A,T,Q,L,D,A,L,R,A,E,V,A,R,L,A,R,E,R,D,L,Y,K,A,R,C,E,L,L,A,P,S,G,-,-,-,-,-,-,-,-
Bubalus_bubalis,M,A,L,P,P,S,P,L,A,M,E,Y,V,N,D,F,D,L,M,K,F,E,V,K,R,E,P,S,E,G,R,S,G,P,P,T,A,S,L,G,S,T,P,Y,S,S,V,P,P,S,P,T,F,S,E,P,G,M,V,G,A,T,E,G,T,R,P,G,L,E,E,L,Y,W,L,A,T,L,Q,Q,Q,L,G,A,G,E,V,L,G,L,S,P,E,E,A,V,E,L,L,Q,G,Q,S,P,V,P,I,E,G,P,H,A,Y,Y,P,G,S,P,E,E,T,G,A,P,H,A,Q,L,A,E,R,F,S,D,A,A,L,V,S,M,S,V,R,E,L,N,R,Q,L,R,G,C,G,R,D,E,A,L,R,L,K,Q,R,R,R,T,L,K,N,R,G,Y,A,Q,A,C,R,S,K,R,L,Q,Q,R,R,G,L,E,A,E,R,A,R,L,A,T,Q,L,D,A,L,R,A,E,V,A,R,L,A,R,E,R,D,L,Y,K,A,R,C,E,L,L,A,P,S,G,-,-,-,-,-,-,-,-
Budorcas_taxicolor,M,A,L,P,P,S,P,L,A,M,E,Y,V,N,D,F,D,L,M,K,F,E,V,K,R,E,P,S,E,G,R,S,G,P,S,T,A,S,L,G,S,T,P,Y,S,S,V,P,P,S,P,T,F,S,E,P,G,M,V,G,A,T,E,G,T,R,P,G,L,E,E,L,Y,W,L,A,T,L,Q,Q,Q,L,G,A,G,E,A,L,G,L,S,P,E,E,A,V,E,L,L,Q,G,Q,S,P,V,P,V,E,G,P,H,A,Y,Y,P,G,S,P,E,E,T,G,A,Q,H,A,Q,L,A,E,R,F,S,D,A,A,L,V,S,M,S,V,R,E,L,N,R,Q,L,R,G,C,G,R,D,E,A,L,R,L,K,Q,R,R,R,T,L,K,N,R,G,Y,A,Q,A,C,R,S,K,R,L,Q,Q,R,R,G,L,E,A,E,R,A,R,L,A,T,Q,L,D,A,L,R,A,E,V,A,R,L,A,R,E,R,D,L,Y,K,A,R,C,E,L,L,A,P,S,-,P,G,H,A,H,L,F,L
Callithrix_jacchus,M,A,L,P,P,S,P,L,A,M,E,Y,V,N,D,F,D,L,M,K,F,E,V,K,R,E,P,S,E,G,R,P,G,P,P,T,A,S,L,G,S,T,P,Y,S,S,V,P,P,S,P,T,F,S,E,P,G,M,V,G,A,T,E,G,S,R,P,G,L,E,E,L,Y,W,L,A,T,L,Q,Q,Q,L,G,A,G,E,A,L,G,L,S,P,E,E,A,L,E,L,L,Q,G,Q,G,P,V,P,I,D,G,P,H,G,Y,Y,P,G,S,P,E,E,T,G,A,Q,H,I,Q,L,A,E,R,F,S,D,A,A,L,V,S,M,S,V,R,E,L,N,R,Q,L,R,G,C,G,R,D,E,A,L,R,L,K,Q,R,R,R,T,L,K,N,R,G,Y,A,Q,A,C,R,S,K,R,L,Q,Q,R,R,G,L,E,A,E,R,A,R,L,A,A,Q,L,D,A,L,R,A,E,V,A,R,L,A,R,E,R,D,L,Y,K,A,R,C,D,R,L,T,S,S,G,P,E,P,S,H,L,F,L
Camelus_bactrianus,M,A,L,P,P,S,P,L,A,M,E,Y,V,N,D,F,D,L,M,K,F,E,V,K,R,E,P,S,E,G,R,S,G,P,A,T,A,S,L,G,S,T,P,Y,S,S,V,P,P,S,P,T,F,S,D,P,G,M,A,G,A,T,D,S,S,R,P,G,L,E,E,L,Y,W,L,A,T,L,Q,Q,Q,L,G,A,G,E,A,L,G,L,S,P,E,E,A,V,E,L,L,Q,G,Q,G,P,V,P,V,E,G,S,H,T,Y,Y,P,G,S,P,E,E,T,G,A,Q,H,A,Q,L,A,E,R,F,S,D,A,A,L,V,S,M,S,V,R,E,L,N,R,Q,L,R,G,C,G,R,D,E,A,L,R,L,K,Q,R,R,R,T,L,K,N,R,G,Y,A,Q,A,C,R,S,K,R,L,Q,Q,R,R,G,L,E,A,E,R,A,R,L,A,A,Q,L,D,A,L,R,A,E,V,A,R,L,A,R,E,R,D,L,Y,K,A,L,C,D,R,L,A,P,S,G,-,-,-,-,-,-,-,-
Camelus_dromedarius,M,A,L,P,P,S,P,L,A,M,E,Y,V,N,D,F,D,L,M,K,F,E,V,K,R,E,P,S,E,G,R,S,G,P,A,T,A,S,L,G,S,T,P,Y,S,S,V,P,P,S,P,T,F,S,D,P,G,M,A,G,A,T,D,S,S,R,P,G,L,E,E,L,Y,W,L,A,T,L,Q,Q,Q,L,G,A,G,E,A,L,G,L,S,P,E,E,A,V,E,L,L,Q,G,Q,G,P,V,P,V,E,G,S,H,T,Y,Y,P,G,S,P,E,E,T,G,A,Q,H,A,Q,L,A,E,R,F,S,D,A,A,L,V,S,M,S,V,R,E,L,N,R,Q,L,R,G,C,G,R,D,E,A,L,R,L,K,Q,R,R,R,T,L,K,N,R,G,Y,A,Q,A,C,R,S,K,R,L,Q,Q,R,R,G,L,E,A,E,R,A,R,L,A,A,Q,L,D,A,L,R,A,E,V,A,R,L,A,R,E,R,D,L,Y,K,A,R,C,D,R,L,A,P,S,G,-,-,-,-,-,-,-,-
Camelus_ferus,M,A,L,P,P,S,P,L,A,M,E,Y,V,N,D,F,D,L,M,K,F,E,V,K,R,E,P,S,E,G,R,S,G,P,A,T,A,S,L,G,S,T,P,Y,S,S,V,P,P,S,P,T,F,S,D,P,G,M,A,G,A,T,D,S,S,R,P,G,L,E,E,L,Y,W,L,A,T,L,Q,Q,Q,L,G,A,G,E,A,L,G,L,S,P,E,E,A,V,E,L,L,Q,G,Q,G,P,V,P,V,E,G,S,H,T,Y,Y,P,G,S,P,E,E,T,G,A,Q,H,A,Q,L,A,E,R,F,S,D,A,V,L,V,S,M,S,V,R,E,L,N,R,Q,L,R,G,C,G,R,D,E,A,L,R,L,K,Q,R,R,R,T,L,K,N,R,G,Y,A,Q,A,C,R,S,K,R,L,Q,Q,R,R,G,L,E,A,E,R,A,R,L,A,A,Q,L,D,A,L,R,A,E,V,A,R,L,A,R,E,R,D,L,Y,K,A,R,C,D,R,L,A,P,S,-,-,-,-,-,-,-,-,-
Capra_hircus,M,A,L,P,P,S,P,L,A,M,E,Y,V,N,D,F,D,L,M,K,F,E,V,K,R,E,P,S,E,G,R,S,G,P,S,T,A,S,L,G,S,T,P,Y,S,S,V,P,P,S,P,T,F,S,E,P,G,M,V,G,A,T,E,G,T,R,P,G,L,E,E,L,Y,W,L,A,T,L,Q,Q,Q,L,G,A,G,E,A,L,G,L,S,P,E,E,A,V,E,L,L,Q,G,Q,S,P,V,P,V,E,G,P,H,A,Y,Y,P,G,S,P,E,E,T,G,A,Q,H,A,Q,L,A,E,R,F,S,D,A,A,L,V,S,M,S,V,R,E,L,N,R,Q,L,R,G,C,G,R,D,E,A,L,R,L,K,Q,R,R,R,T,L,K,N,R,G,Y,A,Q,A,C,R,S,K,R,L,Q,Q,R,R,G,L,E,A,E,R,A,R,L,A,T,Q,L,D,A,L,R,A,E,V,A,R,L,A,R,E,R,D,L,Y,K,A,R,C,E,L,L,A,P,S,-,P,G,H,A,H,L,F,L
Cebus_imitator,M,A,L,P,P,S,P,L,A,M,E,Y,V,N,D,F,D,L,M,K,F,E,V,K,R,E,P,S,E,G,R,P,G,P,P,T,A,S,L,G,S,T,P,Y,S,S,V,P,P,S,P,T,F,S,E,P,G,M,V,G,A,T,E,G,S,R,P,G,L,E,E,L,Y,W,L,A,T,L,Q,Q,Q,L,G,A,G,E,A,L,G,L,S,P,E,E,A,M,E,L,L,Q,G,Q,G,P,I,P,V,D,G,P,H,A,Y,Y,P,G,S,P,E,E,T,G,A,Q,H,V,Q,L,A,E,R,F,S,D,A,A,L,V,S,M,S,V,R,E,L,N,R,Q,L,R,G,C,G,R,D,E,A,L,R,L,K,Q,R,R,R,T,L,K,N,R,G,Y,A,Q,A,C,R,S,K,R,L,Q,Q,R,R,G,L,E,A,E,R,A,R,L,A,T,Q,L,D,A,L,R,A,E,V,A,R,L,A,R,E,R,D,L,Y,K,A,R,C,D,R,L,T,S,S,G,P,E,P,S,H,L,F,L
Ceratotherium_simum_simum,M,A,L,P,P,S,P,L,A,M,E,Y,V,N,D,F,D,L,M,K,F,E,V,K,R,E,P,S,E,G,R,S,G,L,P,T,A,S,L,G,S,T,P,Y,S,S,V,P,P,S,P,T,F,S,E,S,G,M,V,G,A,T,E,G,P,R,P,G,L,E,E,L,Y,W,L,A,T,L,Q,Q,Q,L,G,A,G,E,A,L,G,L,S,P,E,E,A,V,E,L,L,Q,S,Q,S,P,V,P,G,E,G,P,Q,A,Y,Y,P,G,S,P,E,E,T,G,A,Q,H,A,Q,L,A,E,R,F,S,D,A,A,L,V,S,M,S,V,R,E,L,N,R,Q,L,R,G,C,G,R,D,E,A,L,R,L,K,Q,R,R,R,T,L,K,N,R,G,Y,A,Q,A,C,R,S,K,R,L,Q,Q,R,R,G,L,E,A,E,R,A,R,L,A,A,Q,L,D,A,L,R,A,E,V,A,R,L,A,R,E,R,D,L,Y,K,A,R,C,D,R,L,T,S,S,G,P,G,H,A,H,F,F,L
Cercocebus_atys,M,A,L,P,P,S,P,L,A,M,E,Y,V,N,D,F,D,L,M,K,F,E,V,K,R,E,P,S,E,G,R,P,G,P,P,T,A,S,L,G,S,T,P,Y,S,S,V,P,P,S,P,T,F,S,E,P,G,M,V,G,A,T,E,G,T,R,P,G,L,E,E,L,Y,W,L,A,T,L,Q,Q,Q,L,G,A,G,E,A,L,G,L,S,P,E,E,A,M,E,L,L,Q,G,Q,G,P,V,P,V,D,G,P,H,G,Y,Y,P,G,S,P,E,E,T,G,A,Q,H,I,Q,L,A,E,R,F,S,D,A,A,L,V,S,M,S,V,R,E,L,N,R,Q,L,R,G,C,G,R,D,E,A,L,R,L,K,Q,R,R,R,T,L,K,N,R,G,Y,A,Q,A,C,R,S,K,R,L,Q,Q,R,R,G,L,E,A,E,R,A,R,L,A,A,Q,L,D,A,L,R,A,E,V,A,R,L,A,R,E,R,D,L,Y,K,A,R,C,D,R,L,T,S,S,G,P,G,L,S,H,L,F,L
Cervus_canadensis,M,A,L,P,P,S,P,L,A,M,E,Y,V,N,D,F,D,L,M,K,F,E,V,K,R,E,P,S,E,G,R,S,G,P,P,T,A,S,L,G,S,T,P,Y,S,S,V,P,P,S,P,T,F,S,E,P,G,M,V,G,P,T,E,G,T,R,P,G,L,E,E,L,Y,W,L,A,T,L,Q,Q,Q,L,G,A,G,E,A,L,G,L,S,P,E,E,A,V,E,L,L,Q,G,Q,S,P,V,P,V,E,G,P,H,A,Y,Y,P,G,S,P,E,E,T,G,A,Q,H,A,Q,L,A,E,R,F,S,D,A,A,L,V,S,M,S,V,R,E,L,N,R,Q,L,R,G,C,G,R,D,E,A,L,R,L,K,Q,R,R,R,T,L,K,N,R,G,Y,A,Q,A,C,R,S,K,R,L,Q,Q,R,R,G,L,E,A,E,R,A,R,L,A,T,Q,L,D,A,L,R,A,E,V,A,R,L,A,R,E,R,D,L,Y,K,A,R,C,E,L,L,A,P,S,G,-,-,-,-,-,-,-,-
Chlorocebus_sabaeus,M,A,L,P,P,S,P,L,A,M,E,Y,V,N,D,F,D,L,M,K,F,E,V,K,R,E,P,S,E,G,R,P,G,P,P,T,A,S,L,G,S,T,P,Y,S,S,V,P,P,S,P,T,F,S,E,P,G,M,V,G,A,T,E,G,T,R,P,G,L,E,E,L,Y,W,L,A,T,L,Q,Q,Q,L,G,A,G,E,A,L,G,L,S,P,E,E,A,M,E,L,L,Q,G,Q,G,P,V,P,V,D,G,P,H,S,Y,Y,P,G,S,P,E,E,T,G,A,Q,H,I,Q,L,A,E,R,F,S,D,A,A,L,V,S,M,S,V,R,E,L,N,R,Q,L,R,G,C,G,R,D,E,A,L,R,L,K,Q,R,R,R,T,L,K,N,R,G,Y,A,Q,A,C,R,S,K,R,L,Q,Q,R,R,G,L,E,A,E,R,A,R,L,A,A,Q,L,D,A,L,R,A,E,V,A,R,L,A,R,E,R,D,L,Y,K,A,R,C,D,R,L,T,S,S,G,P,G,L,S,H,L,F,L
Colobus_angolensis_palliatus,M,A,L,P,P,S,P,L,A,M,E,Y,V,N,D,F,D,L,M,K,F,E,V,K,R,E,P,S,E,G,R,P,G,P,P,T,A,S,L,G,S,T,P,Y,S,S,V,P,P,S,P,T,F,S,E,P,G,M,M,G,A,T,E,G,T,R,P,G,L,E,E,L,Y,W,L,A,T,L,Q,Q,Q,L,G,A,G,E,A,L,G,L,S,P,E,E,A,M,E,L,L,Q,G,Q,G,P,V,P,V,D,G,P,H,G,Y,Y,P,G,S,P,E,E,T,G,A,Q,H,I,Q,L,A,E,R,F,S,D,A,A,L,V,S,M,S,V,-,-,-,-,-,-,-,-,-,-,-,-,-,-,-,-,-,-,-,-,-,-,-,-,-,-,-,-,-,-,-,-,-,-,-,-,-,-,-,-,-,-,-,-,-,-,-,-,-,-,-,-,-,-,-,L,D,A,L,R,A,E,V,A,R,L,A,R,E,R,D,L,Y,K,A,R,C,D,R,L,T,S,S,G,P,G,L,S,H,L,F,L
Condylura_cristata,M,A,L,P,P,S,P,L,A,T,E,Y,V,N,D,F,D,L,M,K,F,E,V,K,Q,E,P,S,G,G,P,S,V,P,P,T,A,S,L,G,S,T,P,Y,S,S,V,P,P,S,P,T,F,S,D,P,G,L,G,G,A,T,D,G,P,R,P,G,L,E,E,L,Y,W,L,A,T,L,Q,Q,Q,L,G,T,G,D,T,L,G,L,S,P,E,E,A,V,E,L,L,Q,G,Q,G,P,V,P,G,Q,G,P,H,S,Y,Y,P,G,S,P,E,E,T,E,A,Q,H,T,Q,P,A,E,R,F,S,D,A,A,L,L,S,M,S,V,R,E,L,N,R,Q,L,R,G,C,G,R,D,E,A,L,R,L,K,Q,R,R,R,T,L,K,N,R,G,Y,A,Q,A,C,R,S,K,R,L,Q,Q,R,R,G,L,E,A,E,R,A,R,L,A,A,Q,L,D,A,L,R,A,E,V,A,R,L,A,R,E,R,D,L,Y,K,E,R,C,E,R,L,A,A,S,C,T,G,H,G,H,F,F,L
Elephas_maximus_indicus,M,A,L,P,P,S,P,L,A,M,E,Y,V,N,D,F,D,L,M,K,F,E,V,K,R,E,P,P,E,G,R,S,G,P,P,I,A,S,L,G,S,T,P,Y,S,S,V,P,P,S,P,T,L,S,E,P,G,V,V,G,A,T,E,G,S,R,P,G,L,E,E,L,Y,W,L,A,T,L,Q,Q,Q,L,G,A,G,E,A,L,G,L,S,P,E,E,A,V,E,L,L,-,-,Q,G,P,V,P,A,E,G,P,Q,G,Y,Y,P,G,S,P,E,E,T,G,A,Q,H,D,Q,L,A,D,R,F,S,D,A,A,L,V,S,M,S,V,R,E,L,N,R,Q,L,R,G,C,G,R,D,E,A,L,R,L,K,Q,R,R,R,T,L,K,N,R,G,Y,A,Q,A,C,R,S,K,R,L,Q,Q,R,R,G,L,E,A,E,R,A,R,L,L,A,Q,L,D,A,L,R,A,E,V,A,R,L,A,R,E,R,D,L,Y,K,A,R,C,D,R,L,T,S,S,G,P,G,Q,A,H,F,F,L
Enhydra_lutris_kenyoni,M,A,L,P,P,S,P,L,A,M,E,Y,V,N,D,F,D,L,M,K,F,E,V,K,R,E,P,S,E,G,R,S,G,P,S,T,A,S,L,G,S,T,P,Y,S,S,V,P,P,S,P,T,F,S,E,P,G,M,V,G,P,T,E,G,P,R,P,G,L,E,E,L,Y,W,L,A,T,L,Q,Q,Q,L,G,A,G,E,A,L,G,L,S,P,E,E,A,L,E,L,L,Q,G,Q,G,P,V,P,M,E,G,P,H,S,Y,Y,P,G,S,P,E,E,T,G,A,Q,H,A,Q,L,V,E,R,F,S,D,A,A,L,V,S,M,S,V,R,E,L,N,R,Q,L,R,G,C,G,R,D,E,A,L,R,L,K,Q,R,R,R,T,L,K,N,R,G,Y,A,Q,A,C,R,S,K,R,L,Q,Q,R,R,G,L,E,A,E,R,A,R,L,A,A,Q,L,D,A,L,R,A,E,V,A,R,L,A,R,E,R,D,L,Y,K,A,R,C,D,R,L,T,S,I,G,P,G,H,A,H,F,F,L
Equus_asinus,M,A,L,P,P,S,P,L,A,M,E,Y,V,N,D,F,D,L,M,K,F,E,V,K,R,E,P,S,E,G,R,S,A,P,P,T,A,S,L,G,S,T,P,Y,S,S,V,P,P,S,P,T,F,S,E,P,G,M,V,G,A,T,E,G,P,R,P,G,L,E,E,L,Y,W,L,A,T,L,Q,Q,Q,L,G,A,G,E,A,L,G,L,S,P,E,E,A,V,E,L,L,Q,G,Q,S,P,V,P,G,E,G,P,H,G,Y,Y,P,G,S,P,E,E,T,G,A,Q,H,T,Q,L,A,E,R,F,S,D,A,A,L,V,S,M,S,V,R,E,L,N,R,Q,L,R,G,C,G,R,D,E,A,L,R,L,K,Q,R,R,R,T,L,K,N,R,G,Y,A,Q,A,C,R,S,K,R,L,Q,Q,R,R,G,L,E,A,E,R,A,R,L,A,A,Q,L,D,A,L,R,A,E,V,A,R,L,A,R,E,R,D,L,Y,K,A,R,C,D,R,L,T,S,S,G,P,G,H,A,H,F,F,L
Equus_przewalskii,-,-,-,-,-,-,-,-,-,-,-,-,-,-,-,-,-,-,-,-,-,-,-,-,-,-,-,-,-,-,-,-,-,-,-,-,-,-,-,-,-,-,-,-,-,-,-,-,-,-,-,-,-,-,-,-,-,-,-,-,-,-,-,-,-,-,-,-,-,-,-,-,-,-,-,-,-,-,-,-,-,-,-,-,-,-,-,-,-,-,-,-,-,-,-,-,-,-,-,-,-,-,-,-,-,-,-,-,-,-,-,-,-,-,-,-,-,-,-,-,-,-,-,-,-,-,-,-,-,-,-,-,-,-,-,-,-,-,-,-,-,-,-,-,-,-,-,-,-,-,-,-,-,-,-,-,-,-,-,-,-,-,-,-,-,-,-,-,-,-,-,-,-,-,-,-,-,-,-,-,-,-,-,-,-,-,-,-,-,-,-,-,-,-,-,-,-,-,-,-,-,-,-,-,-,-,-,-,-,-,-,-,-,-,-,-,-,-,-,-,-,-,-,-,-,-,-,-,-,-,-,-,-,-
Equus_quagga,M,A,L,P,P,S,P,L,A,M,E,Y,V,N,D,F,D,L,M,K,F,E,V,K,R,E,P,S,E,G,R,S,A,P,P,T,A,S,L,G,S,T,P,Y,S,S,V,P,P,S,P,T,F,S,E,P,G,M,V,G,A,T,E,G,P,R,P,G,L,E,E,L,Y,W,L,A,T,L,Q,Q,Q,L,G,A,G,E,A,L,G,L,S,P,E,E,A,V,E,L,L,Q,G,Q,S,P,V,P,G,E,G,P,H,G,Y,Y,P,G,S,P,E,E,T,G,A,Q,H,T,Q,L,A,E,R,F,S,D,A,A,L,V,S,M,S,V,R,E,L,N,R,Q,L,R,G,C,G,R,D,E,A,L,R,L,K,Q,R,R,R,T,L,K,N,R,G,Y,A,Q,A,C,R,S,K,R,L,Q,Q,R,R,G,L,E,A,E,R,A,R,L,A,A,Q,L,D,A,L,R,A,E,V,A,R,L,A,R,E,R,D,L,Y,K,A,R,C,D,R,L,T,S,S,G,P,G,H,A,H,F,F,L
Gorilla_gorilla_gorilla,-,-,-,-,-,-,-,-,-,-,-,-,-,-,-,-,-,-,-,-,-,-,-,-,-,-,-,-,-,-,-,-,-,-,-,-,-,-,-,-,-,-,-,-,-,-,-,-,-,-,-,-,-,-,-,-,-,-,-,-,-,-,-,-,-,-,-,-,-,-,-,-,-,-,-,-,-,-,-,-,-,-,-,-,-,-,-,-,-,-,-,-,-,-,-,-,-,-,-,-,-,-,-,-,-,-,-,-,-,-,-,-,-,-,-,-,-,-,-,-,-,-,-,-,-,-,-,-,-,-,-,-,-,-,-,-,-,-,-,M,S,V,R,E,L,N,R,Q,L,R,G,C,G,R,D,E,A,L,R,L,K,Q,R,R,R,T,L,K,N,R,G,Y,A,Q,A,C,R,S,K,R,L,Q,Q,R,R,G,L,E,A,E,R,A,R,L,A,A,Q,L,D,A,L,R,A,E,V,A,R,L,A,R,E,R,D,L,Y,K,A,R,C,D,R,L,T,S,S,G,P,G,P,S,P,L,F,L
Halichoerus_grypus,M,A,L,P,P,S,P,L,A,M,E,Y,V,N,D,F,D,L,M,K,F,E,V,K,R,E,P,S,E,G,R,S,G,P,P,T,A,S,L,G,S,T,P,Y,S,S,V,P,P,S,P,T,F,S,E,P,G,M,V,G,A,T,E,G,P,R,P,G,L,E,E,L,Y,W,L,A,T,L,Q,Q,Q,L,G,A,G,E,A,L,G,L,S,P,E,E,A,V,E,L,L,Q,G,Q,G,P,V,P,I,E,G,P,H,S,Y,Y,P,G,S,P,E,E,T,G,A,Q,H,A,Q,L,A,E,R,F,S,D,A,A,L,V,S,M,S,V,R,E,L,N,R,Q,L,R,G,C,G,R,D,E,A,L,R,L,K,Q,R,R,R,T,L,K,N,R,G,Y,A,Q,A,C,R,S,K,R,L,Q,Q,R,R,G,L,E,A,E,R,A,R,L,A,A,Q,L,D,A,L,R,A,E,V,A,R,L,A,R,E,R,D,L,Y,K,A,R,C,D,R,L,T,S,S,G,P,G,H,A,H,F,F,L
Homo_sapiens,M,A,L,P,P,S,P,L,A,M,E,Y,V,N,D,F,D,L,M,K,F,E,V,K,R,E,P,S,E,G,R,P,G,P,P,T,A,S,L,G,S,T,P,Y,S,S,V,P,P,S,P,T,F,S,E,P,G,M,V,G,A,T,E,G,T,R,P,G,L,E,E,L,Y,W,L,A,T,L,Q,Q,Q,L,G,A,G,E,A,L,G,L,S,P,E,E,A,M,E,L,L,Q,G,Q,G,P,V,P,V,D,G,P,H,G,Y,Y,P,G,S,P,E,E,T,G,A,Q,H,V,Q,L,A,E,R,F,S,D,A,A,L,V,S,M,S,V,R,E,L,N,R,Q,L,R,G,C,G,R,D,E,A,L,R,L,K,Q,R,R,R,T,L,K,N,R,G,Y,A,Q,A,C,R,S,K,R,L,Q,Q,R,R,G,L,E,A,E,R,A,R,L,A,A,Q,L,D,A,L,R,A,E,V,A,R,L,A,R,E,R,D,L,Y,K,A,R,C,D,R,L,T,S,S,G,P,G,P,S,H,L,F,L
Hylobates_moloch,M,A,L,P,P,S,P,L,A,M,E,Y,V,N,D,F,D,L,M,K,F,E,V,K,R,E,P,S,D,G,R,P,G,P,P,T,A,S,L,G,S,T,P,Y,S,S,V,P,P,S,P,T,F,S,E,P,G,M,T,G,A,T,E,G,T,R,P,G,L,E,E,L,Y,W,L,A,T,L,Q,Q,Q,L,G,A,G,E,A,L,G,L,S,P,E,E,A,V,E,L,L,Q,G,Q,G,P,V,P,V,D,G,P,H,G,Y,Y,P,G,S,P,E,E,T,G,A,Q,H,V,Q,L,A,E,R,F,S,D,A,A,L,V,S,M,S,V,R,E,L,N,R,Q,L,R,G,C,G,R,D,E,A,L,R,L,K,Q,R,R,R,T,L,K,N,R,G,Y,A,Q,A,C,R,S,K,R,L,Q,Q,R,R,G,L,E,A,E,R,A,R,L,A,A,Q,L,D,A,L,R,A,E,V,A,R,L,A,R,E,R,D,L,Y,K,A,R,C,D,R,L,T,S,S,G,P,G,P,S,Q,L,F,L
Ictidomys_tridecemlineatus,M,A,L,S,P,S,P,L,A,M,E,Y,V,N,D,F,D,L,M,K,F,E,V,K,R,E,P,P,E,G,R,S,V,A,S,T,A,S,L,G,S,T,P,Y,S,S,V,P,P,S,P,T,F,S,E,S,G,V,V,G,A,N,E,G,P,R,A,G,L,E,E,L,Y,W,L,A,T,L,Q,Q,Q,L,D,S,G,E,V,L,G,L,S,P,D,E,A,V,E,L,L,Q,G,Q,G,P,V,P,V,E,G,P,H,G,Y,Y,P,E,N,L,E,E,T,G,A,Q,H,A,Q,L,A,E,R,F,S,D,A,A,L,V,S,M,S,V,R,E,L,N,R,Q,L,R,G,C,G,R,D,E,A,L,R,L,K,Q,R,R,R,T,L,K,N,R,G,Y,A,Q,A,C,R,S,K,R,L,Q,Q,R,R,G,L,E,A,E,R,A,R,L,A,A,Q,L,D,A,L,R,A,E,V,A,R,L,S,R,E,R,D,L,Y,K,A,R,C,D,R,L,T,S,S,G,P,G,H,T,H,L,L,L
Leopardus_geoffroyi,M,A,L,P,P,S,P,L,A,M,E,Y,V,N,D,F,D,L,M,K,F,E,V,K,R,E,P,S,E,G,R,S,G,P,P,T,A,S,L,G,S,T,P,Y,S,S,V,P,P,S,P,T,F,S,D,P,G,M,V,G,A,T,E,V,P,R,P,G,L,E,E,L,Y,W,L,A,T,L,Q,Q,Q,L,G,A,G,E,A,L,G,L,S,P,E,E,A,V,E,L,L,Q,G,Q,G,P,V,P,V,E,G,P,H,S,Y,Y,P,G,S,P,E,E,T,G,A,Q,H,A,Q,L,A,E,R,F,S,D,A,A,L,V,S,M,S,V,R,E,L,N,R,Q,L,R,G,C,G,R,D,E,A,L,R,L,K,Q,R,R,R,T,L,K,N,R,G,Y,A,Q,A,C,R,S,K,R,L,Q,Q,R,R,G,L,E,A,E,R,A,R,L,A,A,Q,L,D,A,L,R,A,E,V,A,R,L,A,R,E,R,D,L,Y,K,A,R,C,D,R,L,T,S,S,G,P,G,H,A,H,F,F,L
Loxodonta_africana,M,A,L,P,P,S,P,L,A,M,E,Y,V,N,D,F,D,L,M,K,F,E,V,K,R,E,P,P,E,G,R,S,G,P,P,I,A,S,L,G,S,T,P,Y,S,S,V,P,P,S,P,T,L,S,E,P,G,V,V,G,A,T,E,G,S,R,P,G,L,E,E,L,Y,W,L,A,T,L,Q,Q,Q,L,G,A,G,E,A,L,G,L,S,P,E,E,A,V,E,L,L,-,-,Q,G,P,V,P,A,E,G,P,Q,G,Y,Y,P,G,S,P,E,E,T,G,A,Q,H,D,Q,L,A,D,R,F,S,D,A,A,L,V,S,M,S,V,R,E,L,N,R,Q,L,R,G,C,G,R,D,E,A,L,R,L,K,Q,R,R,R,T,L,K,N,R,G,Y,A,Q,A,C,R,S,K,R,L,Q,Q,R,R,G,L,E,A,E,R,A,R,L,L,A,Q,L,D,A,L,R,A,E,V,A,R,L,A,R,E,R,D,L,Y,K,A,R,C,D,R,L,T,S,S,G,P,G,Q,A,H,F,F,L
Macaca_fascicularis,M,A,L,P,P,S,P,L,A,M,E,Y,V,N,D,F,D,L,M,K,F,E,V,K,R,E,P,S,E,G,R,P,G,P,P,T,A,S,L,G,S,T,P,Y,S,S,V,P,P,S,P,T,F,S,E,P,G,M,V,G,A,T,E,G,T,R,P,G,L,E,E,L,Y,W,L,A,T,L,Q,Q,Q,L,G,S,G,E,A,L,G,L,S,P,E,D,A,M,E,L,L,Q,G,Q,G,P,V,P,V,D,G,P,H,G,Y,Y,P,G,S,P,E,E,T,G,A,Q,H,I,Q,L,A,E,R,F,S,D,A,A,L,V,S,M,S,V,R,E,L,N,R,Q,L,R,G,C,G,R,D,E,A,L,R,L,K,Q,R,R,R,T,L,K,N,R,G,Y,A,Q,A,C,R,S,K,R,L,Q,Q,R,R,G,L,E,A,E,R,A,R,L,A,A,Q,L,D,A,L,R,A,E,V,A,R,L,A,R,E,R,D,L,Y,K,A,R,C,D,R,L,T,S,S,G,P,G,P,S,H,L,F,L
Macaca_mulatta,M,A,L,P,P,S,P,L,A,M,E,Y,V,N,D,F,D,L,M,K,F,E,V,K,R,E,P,S,E,G,R,P,G,P,P,T,A,S,L,G,S,T,P,Y,S,S,V,P,P,S,P,T,F,S,E,P,G,M,V,G,A,T,E,G,T,R,P,G,L,E,E,L,Y,W,L,A,T,L,Q,Q,Q,L,G,S,G,E,A,L,G,L,S,P,E,D,A,M,E,L,L,Q,G,Q,G,P,V,P,V,D,G,P,H,G,Y,Y,P,G,S,P,E,E,T,G,A,Q,H,I,Q,L,A,E,R,F,S,D,A,A,L,V,S,M,S,V,R,E,L,N,R,Q,L,R,G,C,G,R,D,E,A,L,R,L,K,Q,R,R,R,T,L,K,N,R,G,Y,A,Q,A,C,R,S,K,R,L,Q,Q,R,R,G,L,E,A,E,R,A,R,L,A,A,Q,L,D,A,L,R,A,E,V,A,R,L,A,R,E,R,D,L,Y,K,A,R,C,D,R,L,T,S,S,G,P,V,P,S,H,L,F,L
Macaca_nemestrina,M,A,L,P,P,S,P,L,A,M,E,Y,V,N,D,F,D,L,M,K,F,E,V,K,R,E,P,S,E,G,R,P,G,P,P,T,A,S,L,G,S,T,P,Y,S,S,V,P,P,S,P,T,F,S,E,P,G,M,V,G,A,T,E,G,T,R,P,G,L,E,E,L,Y,W,L,A,T,L,Q,Q,Q,L,G,S,G,E,A,L,G,L,S,P,E,D,A,M,E,L,L,Q,G,Q,G,P,V,P,V,D,G,P,H,G,Y,Y,P,G,S,P,E,E,T,G,A,Q,H,I,Q,L,A,E,R,F,S,D,A,A,L,V,S,M,S,V,R,E,L,N,R,Q,L,R,G,C,G,R,D,E,A,L,R,L,K,Q,R,R,R,T,L,K,N,R,G,Y,A,Q,A,C,R,S,K,R,L,Q,Q,R,R,G,L,E,A,E,R,A,R,L,A,A,Q,L,D,A,L,R,A,E,V,A,R,L,A,R,E,R,D,L,Y,K,A,R,C,D,R,L,T,S,S,G,P,G,L,S,H,L,F,L
Macaca_thibetana_thibetana,M,A,L,S,P,S,P,L,A,M,E,Y,V,N,D,F,D,L,M,K,F,E,V,K,R,E,P,S,E,G,R,P,G,P,P,T,A,S,L,G,S,T,P,Y,S,S,V,P,P,S,P,T,F,S,E,P,G,M,V,G,A,T,E,G,T,R,P,G,L,E,E,L,Y,W,L,A,T,L,Q,Q,Q,L,G,S,G,E,A,L,G,L,S,P,E,D,A,M,E,L,L,Q,G,Q,G,P,V,P,V,D,G,P,H,G,Y,Y,P,G,S,P,E,E,A,G,A,Q,H,I,Q,L,A,E,R,F,S,D,A,A,L,V,S,M,S,V,R,E,L,N,R,Q,L,R,G,C,G,R,D,E,A,L,R,L,K,Q,R,R,R,T,L,K,N,R,G,Y,A,Q,A,C,R,S,K,R,L,Q,Q,R,R,G,L,E,A,E,R,A,R,L,A,A,Q,L,D,A,L,R,A,E,V,A,R,L,A,R,E,R,D,L,Y,K,A,R,C,D,R,L,T,S,S,G,P,G,L,S,H,L,F,L
Mandrillus_leucophaeus,M,A,L,P,P,S,P,L,A,M,E,Y,V,N,D,F,D,L,M,K,F,E,V,K,R,E,P,S,E,G,R,P,G,P,P,T,A,S,L,G,S,T,P,Y,S,S,V,P,P,S,P,T,F,S,E,P,G,M,V,G,A,T,E,G,T,R,P,G,L,E,E,L,Y,W,L,A,T,L,Q,Q,Q,L,G,A,G,E,A,L,G,L,S,P,E,E,A,M,E,L,L,Q,G,Q,G,P,V,P,V,D,G,P,H,G,Y,Y,P,G,S,P,E,E,T,G,A,Q,H,I,Q,V,A,-,-,-,-,-,-,-,-,-,-,-,-,-,-,-,-,-,-,-,-,-,-,-,-,-,-,-,-,-,-,-,-,-,-,-,-,-,-,-,-,-,-,-,-,-,-,-,-,-,-,-,-,-,-,-,-,-,-,-,-,-,-,-,-,-,-,A,Q,L,D,A,L,R,A,E,V,A,R,L,A,R,E,R,D,L,Y,K,A,R,C,D,R,L,T,S,S,G,P,G,L,S,H,L,F,L
Marmota_flaviventris,M,A,L,S,P,S,P,L,A,M,E,Y,V,N,D,F,D,L,M,K,F,E,V,K,R,E,P,P,E,G,R,S,V,A,S,T,A,S,L,G,S,T,P,Y,S,S,V,P,P,S,P,T,F,S,E,S,G,V,V,G,A,T,E,G,P,R,A,G,L,E,E,L,Y,W,L,A,T,L,Q,Q,Q,L,D,S,G,E,A,L,G,L,S,P,D,E,A,V,E,L,L,Q,G,Q,G,P,V,P,V,E,G,P,H,G,Y,Y,P,E,N,L,E,E,T,G,A,Q,H,A,Q,L,A,E,R,F,S,D,A,A,L,V,S,M,S,V,R,E,L,N,R,Q,L,R,G,C,G,R,D,E,A,L,R,L,K,Q,R,R,R,T,L,K,N,R,G,Y,A,Q,T,C,R,S,K,R,L,Q,Q,R,R,G,L,E,A,E,R,A,R,L,A,A,Q,L,D,A,L,R,A,E,V,A,R,L,S,R,E,R,D,L,Y,K,A,R,C,D,R,L,T,S,S,G,P,G,H,T,H,L,L,L
Marmota_marmota_marmota,M,A,L,S,P,S,P,L,A,M,E,Y,V,N,D,F,D,L,L,K,F,E,V,K,R,E,P,P,E,G,R,S,V,A,S,T,A,S,L,G,S,T,P,Y,S,S,V,P,P,S,P,T,F,S,E,S,G,V,V,G,A,T,E,G,P,G,A,G,L,E,E,L,Y,W,L,A,T,L,Q,Q,Q,L,D,S,G,E,A,L,G,L,S,P,D,E,A,V,E,L,L,Q,G,Q,G,P,V,P,V,E,G,P,H,G,Y,Y,P,E,N,L,E,E,T,G,A,Q,H,A,Q,L,A,E,R,F,S,D,A,A,L,V,S,M,S,V,R,E,L,N,R,Q,L,R,G,C,G,R,D,E,A,L,R,L,K,Q,R,R,R,T,L,K,N,R,G,Y,A,Q,A,C,R,S,K,R,L,Q,Q,R,R,G,L,E,A,E,R,A,R,L,A,A,Q,L,D,A,L,R,A,E,V,A,R,L,S,R,E,R,D,L,Y,K,A,R,C,D,R,L,T,S,S,G,P,G,H,T,H,L,L,L
Marmota_monax,M,A,L,S,P,S,P,L,A,M,E,Y,V,N,D,F,D,L,M,K,F,E,V,K,R,E,P,P,E,G,R,S,V,A,S,T,A,S,L,G,S,T,P,Y,S,S,V,P,P,S,P,T,F,S,E,S,G,V,V,G,A,T,E,G,P,R,A,G,L,E,E,L,Y,W,L,A,T,L,Q,Q,Q,L,D,S,G,E,A,L,G,L,S,P,D,E,A,V,E,L,L,Q,G,Q,V,P,V,P,V,E,G,P,H,G,Y,Y,P,E,N,L,E,E,T,G,A,Q,H,A,Q,L,A,E,R,F,S,D,A,A,L,V,S,M,S,V,R,E,L,N,R,Q,L,R,G,C,G,R,D,E,A,L,R,L,K,Q,R,R,R,T,L,K,N,R,G,Y,A,Q,A,C,R,S,K,R,L,Q,Q,R,R,G,L,E,A,E,R,A,R,L,A,A,Q,L,D,A,L,R,A,E,V,A,R,L,S,R,E,R,D,L,Y,K,A,R,C,D,R,L,T,S,S,G,P,G,H,T,H,L,L,F
Nannospalax_galili,M,A,L,P,P,S,P,L,A,M,E,Y,V,N,D,F,D,L,M,K,F,E,V,K,R,E,P,S,E,G,R,S,G,H,P,T,A,S,L,G,S,T,P,Y,S,S,V,P,P,S,P,T,F,S,E,P,G,I,V,G,G,S,E,G,P,-,-,-,-,-,-,-,Y,W,L,A,T,L,Q,Q,Q,L,G,A,G,E,A,L,G,F,S,P,D,K,A,V,E,L,L,Q,S,Q,G,P,V,P,V,E,G,S,H,G,Y,Y,T,G,S,P,E,E,T,G,A,Q,H,A,Q,P,A,E,R,F,S,D,A,A,L,V,S,M,S,V,R,E,L,N,R,R,L,R,G,C,G,R,D,E,A,L,R,L,K,Q,R,R,R,T,L,K,N,R,G,Y,A,Q,A,C,R,S,K,R,L,Q,Q,R,R,G,L,E,A,E,R,T,R,L,A,A,Q,L,E,A,L,R,A,E,V,A,R,L,A,R,E,R,D,L,Y,R,A,R,C,D,R,L,A,S,S,G,P,G,H,T,Q,L,F,L
Neomonachus_schauinslandi,M,A,L,P,P,S,P,L,A,M,E,Y,V,N,D,F,D,L,M,K,F,E,V,K,R,E,P,S,E,G,R,S,G,P,P,T,A,S,L,G,S,T,P,Y,S,S,V,P,P,S,P,T,F,S,E,P,G,M,V,G,A,T,E,G,P,R,P,G,L,E,E,L,Y,W,L,A,T,L,Q,Q,Q,L,G,A,G,E,A,L,G,L,S,P,E,E,A,V,E,L,L,Q,G,Q,G,P,V,P,I,E,G,P,H,S,Y,Y,P,G,S,P,E,E,T,G,A,Q,H,A,Q,L,A,E,R,F,S,D,A,A,L,V,S,M,S,V,R,E,L,N,R,Q,L,R,G,C,G,R,D,E,A,L,R,L,K,Q,R,R,R,T,L,K,N,R,G,Y,A,Q,A,C,R,S,K,R,L,Q,Q,R,R,G,L,E,A,E,R,A,R,L,A,A,Q,L,D,A,L,R,A,E,V,A,R,L,A,R,E,R,D,L,Y,K,A,R,C,D,R,L,T,S,S,G,P,G,H,T,H,F,F,L
Nomascus_leucogenys,M,A,L,P,P,S,P,L,A,M,E,Y,V,N,D,F,D,L,M,K,F,E,V,K,R,E,P,S,E,G,R,P,G,P,P,T,A,S,L,G,S,T,P,Y,S,S,V,P,P,S,P,T,F,S,E,P,G,M,T,G,T,T,E,G,T,R,P,G,L,E,E,L,Y,W,L,A,T,L,Q,Q,Q,L,G,A,G,E,A,L,G,L,S,P,E,E,A,V,E,L,L,Q,G,Q,G,P,V,P,V,D,G,P,H,G,Y,Y,P,G,S,P,E,E,T,G,A,Q,H,V,Q,L,A,E,R,F,S,D,A,A,L,V,S,M,S,V,R,E,L,N,R,Q,L,R,G,C,G,R,D,E,A,L,R,L,K,Q,R,R,R,T,L,K,N,R,G,Y,A,Q,A,C,R,S,K,R,L,Q,Q,R,R,G,L,E,A,E,R,A,R,L,A,A,Q,L,D,A,L,R,A,E,V,A,R,L,A,R,E,R,D,L,Y,K,A,R,C,D,R,L,T,S,S,G,P,G,P,S,Q,L,F,L
Ochotona_curzoniae,M,A,L,P,P,S,P,L,A,M,E,Y,V,N,D,F,D,L,M,K,F,E,V,K,R,E,P,S,E,G,C,T,G,P,P,T,A,S,L,G,S,T,P,Y,S,S,V,P,P,S,P,T,F,S,E,P,G,T,V,G,T,P,E,D,P,R,P,G,L,E,E,L,Y,W,L,A,T,L,Q,Q,Q,L,G,A,G,E,A,L,G,L,S,P,E,E,A,V,E,L,L,Q,G,Q,-,-,V,P,V,D,G,T,Q,G,F,Y,T,G,S,P,E,E,P,G,A,Q,H,T,Q,L,A,D,R,F,S,D,A,A,L,V,S,M,S,V,R,E,L,N,R,Q,L,R,G,C,G,R,D,E,A,L,R,L,K,Q,R,R,R,T,L,K,N,R,G,Y,A,Q,A,C,R,S,K,R,L,Q,Q,R,R,G,L,E,A,E,R,A,R,L,A,A,Q,L,D,A,L,R,A,E,V,A,R,L,A,R,E,R,D,L,Y,K,A,R,C,D,R,L,T,S,S,G,P,G,H,I,Q,F,F,L
Ochotona_princeps,M,A,L,P,P,S,P,L,A,M,E,Y,V,N,D,F,D,L,M,K,F,E,V,K,R,E,P,S,E,G,C,A,G,P,P,T,A,S,L,G,S,T,P,Y,S,S,V,P,P,S,P,T,F,S,E,P,G,T,V,G,T,P,E,D,P,R,P,A,L,E,E,L,Y,W,L,A,T,L,Q,Q,Q,L,G,A,G,E,A,L,G,L,S,P,E,E,A,V,E,L,L,Q,G,Q,-,-,V,P,L,D,G,P,Q,G,F,Y,T,G,S,P,E,E,P,G,A,Q,H,I,Q,L,A,D,R,F,S,D,A,A,L,V,S,M,S,V,R,E,L,N,R,Q,L,R,G,C,G,R,D,E,A,L,R,L,K,Q,R,R,R,T,L,K,N,R,G,Y,A,Q,A,C,R,S,K,R,L,Q,Q,R,R,G,L,E,A,E,R,A,R,L,A,A,Q,L,D,A,L,R,A,E,V,A,R,L,A,R,E,R,D,L,Y,K,A,R,C,D,R,L,T,S,S,G,S,G,H,I,Q,F,F,V
Octodon_degus,M,A,L,P,P,S,P,L,A,M,E,Y,V,N,D,F,D,L,M,K,F,E,V,K,R,E,P,S,E,G,R,S,A,P,P,T,A,S,L,G,S,T,P,Y,S,S,V,P,P,S,P,T,F,S,E,P,G,V,V,G,T,T,E,G,A,R,P,G,L,E,E,L,Y,W,L,A,T,L,Q,Q,Q,L,G,A,G,E,S,V,G,L,S,P,D,E,A,V,E,L,L,Q,G,Q,G,S,I,P,V,E,G,T,H,S,Y,Y,P,G,N,P,E,E,T,G,T,Q,H,V,Q,L,A,D,R,F,S,D,A,A,L,V,S,M,S,V,R,E,L,N,R,Q,L,R,G,C,G,R,D,E,A,L,R,L,K,Q,R,R,R,T,L,K,N,R,G,Y,A,Q,A,C,R,S,K,R,L,Q,Q,R,R,G,L,E,A,E,R,A,R,L,A,A,Q,L,D,A,L,R,A,E,V,A,R,L,A,R,E,R,D,L,Y,K,A,R,C,D,R,L,T,S,S,G,P,G,H,T,H,L,F,L
Ovis_aries,M,A,L,P,P,S,P,L,A,M,E,Y,V,N,D,F,D,L,M,K,F,E,V,K,R,E,P,S,E,G,R,S,G,P,S,T,A,S,L,G,S,T,P,Y,S,S,V,P,P,S,P,T,F,S,E,P,G,M,V,G,A,T,E,G,T,R,P,G,L,E,E,L,Y,W,L,A,T,L,Q,Q,Q,L,G,A,G,E,A,L,G,L,S,P,E,E,A,V,E,L,L,Q,G,Q,S,P,V,P,V,E,G,P,H,A,Y,Y,P,G,S,P,E,E,T,G,A,Q,H,A,Q,L,A,E,R,F,S,D,A,A,L,V,S,M,S,V,R,E,L,N,R,Q,L,R,G,C,G,R,D,E,A,L,R,L,K,Q,R,R,R,T,L,K,N,R,G,-,-,-,-,-,-,-,-,-,-,-,-,-,-,-,-,-,-,-,-,-,-,-,-,-,-,-,-,-,-,-,-,-,-,-,-,-,-,-,-,-,-,-,-,-,-,-,-,-,-,-,-,-,-,-,-,-,-,-,-,-,-,-
Pan_paniscus,M,A,L,P,P,S,P,L,A,M,E,Y,V,N,D,F,D,L,M,K,F,E,V,K,R,E,P,S,E,G,R,P,G,P,P,T,A,S,L,G,S,T,P,Y,S,S,V,P,P,S,P,T,F,S,E,P,G,M,V,G,A,T,E,G,T,R,P,G,L,E,E,L,Y,W,L,A,T,L,Q,Q,Q,L,G,A,G,E,A,L,G,L,S,P,E,E,A,M,E,L,L,Q,G,Q,G,P,V,P,V,D,G,P,H,G,Y,Y,P,G,S,P,E,E,T,G,A,Q,H,V,Q,L,A,E,R,F,S,D,A,A,L,V,S,M,S,V,R,E,L,N,R,Q,L,R,G,C,G,R,D,E,A,L,R,L,K,Q,R,R,R,T,L,K,N,R,G,Y,A,Q,A,C,R,S,K,R,L,Q,Q,R,R,G,L,E,A,E,R,A,R,L,A,A,Q,L,D,A,L,R,A,E,V,A,R,L,A,R,E,R,D,L,Y,K,A,R,C,D,R,L,T,S,S,G,P,G,P,S,H,L,F,L
Pan_troglodytes,M,A,L,P,P,S,P,L,A,M,E,Y,V,N,D,F,D,L,M,K,F,E,V,K,R,E,P,S,E,G,R,P,G,P,P,T,A,S,L,G,S,T,P,Y,S,S,V,P,P,S,P,T,F,S,E,P,G,M,V,G,A,T,E,G,T,R,P,G,L,E,E,L,Y,W,L,A,T,L,Q,Q,Q,L,G,A,G,E,A,L,G,L,S,P,E,E,A,M,E,L,L,Q,G,Q,G,P,V,P,V,D,G,P,H,G,Y,Y,P,G,S,P,E,E,T,G,A,Q,H,V,Q,L,A,E,R,F,S,D,A,A,L,V,S,M,S,V,R,E,L,N,R,Q,L,R,G,C,G,R,D,E,A,L,R,L,K,Q,R,R,R,T,L,K,N,R,G,Y,A,Q,A,C,R,S,K,R,L,Q,Q,R,R,G,L,E,A,E,R,A,R,L,A,A,Q,L,D,A,L,R,A,E,V,A,R,L,A,R,E,R,D,L,Y,K,A,R,C,D,R,L,T,S,S,G,P,G,P,S,H,L,F,L
Panthera_tigris_altaica,-,-,-,-,-,-,-,-,-,-,-,-,-,-,-,-,-,-,-,-,-,-,-,-,-,-,-,-,-,-,-,-,-,-,-,-,-,-,-,-,-,-,-,-,-,-,-,-,-,-,-,-,-,-,-,-,-,-,-,-,-,-,-,-,-,-,-,-,-,-,-,-,-,-,-,-,-,-,-,-,-,-,-,-,-,-,-,-,-,-,-,-,-,-,-,-,-,-,-,-,-,-,-,-,-,-,-,-,-,-,-,-,-,-,-,-,-,-,-,-,-,-,-,-,-,-,-,-,-,-,-,-,-,-,-,-,-,-,-,-,-,-,-,-,-,-,-,-,-,-,-,-,-,-,-,-,-,-,-,-,-,-,-,-,-,-,-,-,-,-,-,-,-,-,-,-,-,-,-,-,-,-,-,-,-,-,-,-,-,-,-,-,-,-,-,-,-,-,-,-,-,-,-,-,-,-,-,-,-,-,-,-,-,-,-,-,-,-,-,-,-,-,-,-,-,-,-,-,-,-,-,-,-,-
Papio_anubis,M,A,L,P,P,S,P,L,A,M,E,Y,V,N,D,F,D,L,M,K,F,E,V,K,R,E,P,S,E,G,R,P,G,P,P,T,A,S,L,G,S,T,P,Y,S,S,V,P,P,S,P,T,F,S,E,P,G,M,V,G,A,T,E,G,T,R,P,G,L,E,E,L,Y,W,L,A,T,L,Q,Q,Q,L,G,A,G,E,A,L,G,L,S,P,E,E,A,M,E,L,L,Q,G,Q,G,P,V,P,V,D,G,P,H,G,Y,Y,P,G,S,P,E,E,T,G,A,Q,H,I,Q,L,A,E,R,F,S,D,A,A,L,V,S,M,S,V,R,E,L,N,R,Q,L,R,G,C,G,R,D,E,A,L,R,L,K,Q,R,R,R,T,L,K,N,R,G,Y,A,Q,A,C,R,S,K,R,L,Q,Q,R,R,G,L,E,A,E,R,A,R,L,A,A,Q,L,D,A,L,R,A,E,V,A,R,L,A,R,E,R,D,L,Y,K,A,R,C,D,R,L,T,S,S,G,P,G,L,S,H,L,F,L
Piliocolobus_tephrosceles,M,A,L,P,P,S,P,L,A,M,E,Y,V,N,D,F,D,L,M,K,F,E,V,K,R,E,P,S,E,G,R,P,G,P,P,T,A,S,L,G,S,T,P,Y,S,S,V,P,P,S,P,T,F,S,E,P,G,M,M,G,A,T,E,G,T,R,P,G,L,E,E,L,Y,W,L,A,T,L,Q,Q,Q,L,G,A,G,E,A,L,G,L,S,P,E,E,A,M,E,L,L,Q,G,Q,G,P,V,P,V,D,G,P,H,S,Y,Y,P,E,S,P,G,E,T,G,A,Q,H,I,Q,L,A,E,R,F,S,D,A,A,L,V,S,M,S,V,R,E,L,N,R,Q,L,R,G,C,G,R,D,E,A,L,R,L,K,Q,R,R,R,T,L,K,N,R,G,Y,A,Q,A,C,R,S,K,R,L,Q,Q,R,R,G,L,E,A,E,R,A,R,L,A,A,Q,L,D,A,L,R,A,E,V,A,R,L,A,R,E,R,D,L,Y,K,A,R,C,D,R,L,T,S,S,G,P,G,L,S,H,L,F,L
Pongo_abelii,M,A,L,P,P,S,P,L,A,M,E,Y,V,N,D,F,D,L,M,K,F,E,V,K,R,E,P,S,E,G,R,P,G,P,P,T,A,S,L,G,S,T,P,Y,S,S,V,P,P,S,P,T,F,S,E,P,G,M,A,G,A,T,E,G,T,R,P,G,L,E,E,L,Y,W,L,A,T,L,Q,Q,Q,L,G,A,G,E,A,L,G,L,S,P,E,E,A,V,E,L,L,Q,G,Q,G,P,V,P,V,D,G,P,H,G,Y,Y,P,G,S,P,E,E,T,G,A,Q,H,V,Q,L,A,E,R,F,S,D,A,A,L,V,S,M,S,V,R,E,L,N,R,Q,L,R,G,C,G,R,D,E,A,L,R,L,K,Q,R,R,R,T,L,K,N,R,G,Y,A,Q,A,C,R,S,K,R,L,Q,Q,R,R,G,L,E,A,E,R,A,R,L,A,A,Q,L,D,A,L,R,A,E,V,A,R,L,A,R,E,R,D,L,Y,K,A,R,C,D,R,L,T,S,S,G,P,G,P,S,H,L,F,L
Propithecus_coquereli,M,A,L,P,P,S,P,L,A,M,E,Y,V,N,D,F,D,L,M,K,F,E,V,K,R,E,P,S,E,G,R,S,G,P,P,T,A,S,L,G,S,T,P,Y,S,S,V,P,P,S,P,T,F,S,E,P,G,M,M,G,A,T,E,G,P,R,P,G,L,E,E,L,Y,W,L,A,T,L,Q,Q,Q,L,G,A,G,E,A,L,G,L,S,P,E,E,A,V,E,L,L,Q,A,Q,G,P,G,P,V,E,E,P,H,G,Y,Y,P,G,S,P,E,E,A,G,A,Q,H,A,Q,L,A,E,R,F,S,D,A,A,L,V,S,M,S,V,R,E,L,N,R,Q,L,R,G,C,G,R,D,E,A,L,R,L,K,Q,R,R,R,T,L,K,N,R,G,Y,A,Q,A,C,R,S,K,R,L,Q,Q,R,R,G,L,E,A,E,R,A,R,L,A,A,Q,L,D,A,L,R,A,E,V,A,R,L,A,R,E,R,D,L,Y,K,A,R,C,D,R,L,T,S,S,C,P,G,H,A,H,L,F,L
Rhinopithecus_bieti,M,A,L,P,P,S,P,L,A,M,E,Y,V,N,D,F,D,L,M,K,F,E,V,K,R,E,P,S,E,G,R,P,G,P,P,T,A,S,L,G,S,T,P,Y,S,S,V,P,P,S,P,T,F,S,E,P,G,M,V,G,A,T,E,G,T,R,P,G,L,E,E,L,Y,W,L,A,T,L,Q,Q,Q,L,G,A,G,E,A,L,G,L,S,P,E,E,A,M,E,L,L,Q,G,Q,G,P,V,P,V,D,G,P,H,C,Y,Y,P,G,S,P,E,E,T,G,A,Q,H,I,Q,L,A,E,R,F,S,D,A,A,L,V,S,M,S,V,R,E,L,N,R,Q,L,R,G,C,G,R,D,E,A,L,R,L,K,Q,R,R,R,T,L,K,N,R,G,Y,A,Q,A,C,R,S,K,R,L,Q,Q,R,R,G,L,E,A,E,R,A,R,L,A,A,Q,L,D,A,L,R,A,E,V,A,R,L,A,R,E,R,D,L,Y,K,A,R,C,D,R,L,T,S,S,G,P,G,L,S,H,L,F,L
Rhinopithecus_roxellana,M,A,L,P,P,S,P,L,A,M,E,Y,V,N,D,F,D,L,M,K,F,E,V,K,R,E,P,S,E,G,R,P,G,P,P,T,A,S,L,G,S,T,P,Y,S,S,V,P,P,S,P,T,F,S,E,P,G,M,V,G,A,T,E,G,T,R,P,G,L,E,E,L,Y,W,L,A,T,L,Q,Q,Q,L,G,A,G,E,A,L,G,L,S,P,E,E,A,M,E,L,L,Q,G,Q,G,P,V,P,V,D,G,P,H,C,Y,Y,P,G,S,P,E,E,T,G,A,Q,H,I,Q,L,A,E,R,F,S,D,A,A,L,V,S,M,S,V,R,E,L,N,R,Q,L,R,G,C,G,R,D,E,A,L,R,L,K,Q,R,R,R,T,L,K,N,R,G,Y,A,Q,A,C,R,S,K,R,L,Q,Q,R,R,G,L,E,A,E,R,A,R,L,A,A,Q,L,D,A,L,R,A,E,V,A,R,L,A,R,E,R,D,L,Y,K,A,R,C,D,R,L,T,S,S,G,P,G,L,S,H,L,F,L
Saimiri_boliviensis_boliviensis,M,A,L,P,P,S,P,L,A,M,E,Y,V,N,D,F,D,L,M,K,F,E,V,K,R,E,P,S,E,G,R,P,G,P,A,T,A,S,L,G,S,T,P,Y,S,S,V,P,P,S,P,T,F,S,E,P,G,M,V,G,A,T,E,G,S,R,P,G,L,E,E,L,Y,W,L,A,T,L,Q,Q,Q,L,G,A,G,E,A,L,G,L,S,P,E,E,A,V,E,L,L,Q,G,Q,G,P,V,P,V,D,G,P,H,G,Y,Y,P,G,S,P,E,E,T,G,A,Q,H,V,Q,L,A,E,R,F,S,D,A,A,L,V,S,M,S,V,R,E,L,N,R,Q,L,R,G,C,G,R,D,E,A,L,R,L,K,Q,R,R,R,T,L,K,N,R,G,Y,A,Q,A,C,R,S,K,R,L,Q,Q,R,R,G,L,E,A,E,R,A,R,L,A,A,Q,L,D,A,L,R,A,E,V,A,R,L,A,R,E,R,D,L,Y,K,A,R,C,D,R,L,T,S,S,G,P,E,P,S,H,L,F,L
Sapajus_apella,M,A,L,P,P,S,P,L,A,M,E,Y,V,N,D,F,D,L,M,K,F,E,V,K,R,E,P,S,E,G,R,P,G,P,P,T,A,S,L,G,S,T,P,Y,S,S,V,P,P,S,P,T,F,S,E,P,G,M,V,G,A,T,E,G,S,R,P,G,L,E,E,L,Y,W,L,A,T,L,Q,Q,Q,L,G,A,G,E,A,L,G,L,S,P,E,E,A,M,E,L,L,Q,G,Q,G,P,I,P,V,D,G,P,H,G,Y,Y,P,G,S,P,E,E,T,G,A,Q,H,V,Q,L,A,E,R,F,S,D,A,A,L,V,S,M,S,V,R,E,L,N,R,Q,L,R,G,C,G,R,D,E,A,L,R,L,K,Q,R,R,R,T,L,K,N,R,G,Y,A,Q,A,C,R,S,K,R,L,Q,Q,R,R,G,L,E,A,E,R,A,R,L,A,A,Q,L,D,A,L,R,A,E,V,A,R,L,A,R,E,R,D,L,Y,K,A,R,C,D,R,L,T,S,S,G,P,E,P,S,H,L,F,L
Suricata_suricatta,M,A,L,P,P,S,P,L,A,M,E,Y,V,N,D,F,D,L,M,K,F,E,V,K,R,E,P,S,E,G,R,S,G,P,P,T,A,S,L,G,S,T,P,Y,S,S,V,P,P,S,P,T,F,S,D,P,G,M,M,G,A,T,E,A,P,R,P,G,L,E,E,L,Y,W,L,A,T,L,Q,Q,Q,L,G,A,G,E,A,L,G,L,S,P,E,E,A,V,E,L,L,Q,G,Q,G,P,V,S,I,E,G,P,H,S,Y,Y,P,G,S,P,E,E,T,G,A,Q,H,A,Q,L,A,E,R,F,S,D,A,A,L,V,S,M,S,V,R,E,L,N,R,Q,L,R,G,C,G,R,E,E,A,L,R,L,K,Q,R,R,R,T,L,K,N,R,G,Y,A,Q,A,C,R,S,K,R,L,Q,Q,R,R,G,L,E,A,E,R,A,R,L,A,A,Q,L,D,A,L,R,A,E,V,A,R,L,A,R,E,R,D,L,Y,K,A,R,C,D,R,L,T,S,S,G,P,G,H,A,H,F,F,L
Theropithecus_gelada,M,A,L,P,P,S,P,L,A,M,E,Y,V,N,D,F,D,L,M,K,F,E,V,K,R,E,P,S,E,G,R,P,G,P,P,T,A,S,L,G,S,T,P,Y,S,S,V,P,P,S,P,T,F,S,E,P,G,M,V,G,A,T,E,G,T,R,P,G,L,E,E,L,Y,W,L,A,T,L,Q,Q,Q,L,G,A,G,E,A,L,G,L,S,P,E,E,A,M,E,L,L,Q,G,Q,G,P,V,P,V,D,G,P,H,G,Y,Y,P,G,S,P,E,E,T,G,A,Q,H,I,Q,L,A,E,R,F,S,D,A,A,L,V,S,M,S,V,R,E,L,N,R,Q,L,R,G,C,G,R,D,E,A,L,R,L,K,Q,R,R,R,T,L,K,N,R,G,Y,A,Q,A,C,R,S,K,R,L,Q,Q,R,R,G,L,E,A,E,R,A,R,L,A,A,Q,L,D,A,L,R,A,E,V,A,R,L,A,R,E,R,D,L,Y,K,A,R,C,D,R,L,T,S,S,G,P,G,L,S,H,L,F,L
Trachypithecus_francoisi,M,A,L,P,P,S,P,L,A,M,E,Y,V,N,D,F,D,L,M,K,F,E,V,K,Q,E,P,S,E,G,R,P,G,P,P,T,A,S,L,G,S,T,P,Y,S,S,V,P,P,S,P,T,F,S,E,P,G,M,V,G,A,T,E,G,T,R,P,G,L,E,E,L,Y,W,L,A,T,L,Q,Q,Q,L,G,A,G,E,A,L,G,L,S,P,E,E,A,M,E,L,L,Q,G,Q,G,P,V,P,V,D,G,P,H,G,Y,Y,P,G,S,P,E,E,T,G,A,Q,H,I,Q,L,A,E,R,F,S,D,A,A,L,V,S,M,S,V,R,E,L,N,R,Q,L,R,G,C,G,R,D,E,A,L,R,L,K,Q,R,R,R,T,L,K,N,R,G,Y,A,Q,A,C,R,S,K,R,L,Q,Q,R,R,G,L,E,A,E,R,S,R,L,A,A,Q,L,D,A,L,R,A,E,V,A,R,L,A,R,E,R,D,L,Y,K,A,R,C,D,R,L,T,S,S,G,P,G,L,S,H,L,F,L
Tupaia_chinensis,M,A,L,P,P,S,P,L,A,M,E,Y,V,N,D,F,D,L,M,K,F,E,V,K,Q,E,P,S,E,A,Q,S,G,P,P,T,A,S,L,G,S,T,P,Y,S,S,V,P,P,S,P,T,L,S,E,P,G,M,V,G,V,T,E,G,P,Q,P,G,L,E,E,L,Y,W,L,A,T,L,Q,Q,Q,L,G,T,G,E,S,L,D,L,S,P,E,E,A,V,E,L,L,Q,G,S,-,-,V,P,V,E,G,P,Q,G,Y,Y,P,G,S,P,E,E,T,G,I,Q,H,A,Q,L,A,Q,R,F,S,D,A,A,L,V,S,M,S,V,R,E,L,N,R,Q,L,R,G,C,G,R,D,E,A,L,R,L,K,Q,R,R,R,T,L,K,N,R,G,Y,A,Q,A,C,R,S,K,R,L,Q,Q,R,R,G,L,E,A,E,R,A,R,L,A,T,Q,L,D,A,L,R,A,E,V,A,H,L,A,Q,E,R,D,L,Y,K,A,R,C,D,R,L,T,S,S,G,P,G,H,A,H,L,F,L
Urocitellus_parryii,M,A,L,S,P,S,P,L,A,M,E,Y,V,N,D,F,D,L,M,K,F,E,V,K,R,E,P,P,E,G,R,S,V,A,S,T,A,S,L,G,S,T,P,Y,S,S,V,P,P,S,P,T,F,S,E,S,G,V,V,G,A,T,E,G,P,R,A,G,L,E,E,L,Y,W,L,A,T,L,Q,Q,Q,L,D,S,G,E,V,L,G,L,S,P,D,E,A,V,E,L,L,Q,G,Q,G,P,V,P,V,E,G,P,H,G,Y,Y,P,E,N,L,E,E,T,G,A,Q,H,A,Q,L,A,E,R,F,S,D,A,A,L,V,S,M,S,V,R,E,L,N,R,Q,L,R,G,C,G,R,D,E,A,L,R,L,K,Q,R,R,R,T,L,K,N,R,G,Y,A,Q,A,C,R,S,K,R,L,Q,Q,R,R,G,L,E,A,E,R,A,R,L,A,A,Q,L,D,A,L,R,A,E,V,A,R,L,S,R,E,R,D,L,Y,K,A,R,C,D,R,L,T,S,S,G,P,G,H,T,H,L,L,L
Ursus_americanus,M,A,L,P,P,S,P,L,A,M,E,Y,V,N,D,F,D,L,M,K,F,E,V,K,R,E,P,A,E,G,R,S,G,P,P,T,A,S,L,G,S,T,P,Y,S,S,V,P,P,S,P,T,F,S,E,P,G,M,V,G,A,T,E,G,P,R,P,G,L,E,E,L,Y,W,L,A,T,L,Q,Q,Q,L,G,A,G,E,A,L,G,L,S,P,E,E,A,V,E,L,L,Q,G,Q,S,P,V,P,I,E,G,P,H,G,Y,Y,P,G,S,P,E,E,T,G,A,Q,H,A,Q,L,A,E,R,F,S,D,A,A,L,V,S,M,S,V,R,E,L,N,R,Q,L,R,G,C,G,R,D,E,A,L,R,L,K,Q,R,R,R,T,L,K,N,R,G,Y,A,Q,A,C,R,S,K,R,L,Q,Q,R,R,G,L,E,A,E,R,A,R,L,A,A,Q,L,D,A,L,R,A,E,V,A,R,L,A,R,E,R,D,L,Y,K,A,R,C,D,R,L,T,A,S,G,P,G,H,A,H,F,F,L
Ursus_maritimus,M,A,L,P,P,S,P,L,A,M,E,Y,V,N,D,F,D,L,M,K,F,E,V,K,R,E,P,S,E,G,R,S,G,P,P,T,A,S,L,G,S,T,P,Y,S,S,V,P,P,S,P,T,F,S,E,P,G,M,V,G,A,T,E,G,P,R,P,G,L,E,E,L,Y,W,L,A,T,L,Q,Q,Q,L,G,A,G,E,A,L,G,L,S,P,E,E,A,V,E,L,L,Q,G,Q,S,P,V,P,I,E,G,P,H,G,Y,Y,P,G,S,R,E,E,T,G,A,Q,H,A,Q,L,A,E,R,F,S,D,A,A,L,V,S,M,S,V,R,E,L,N,R,Q,L,R,G,C,G,R,D,E,A,L,R,L,K,Q,R,R,R,T,L,K,N,R,G,Y,A,Q,A,C,R,S,K,R,L,Q,Q,R,R,G,L,E,A,E,R,A,R,L,A,A,Q,L,D,A,L,R,A,E,V,A,R,L,A,R,E,R,D,L,Y,K,A,R,C,D,R,L,T,A,S,G,P,G,H,A,H,F,F,L
Vicugna_pacos,-,-,-,-,-,-,-,-,-,-,-,-,-,-,-,-,-,-,-,-,-,-,-,-,-,-,-,-,-,-,-,-,-,-,-,-,-,-,-,-,-,-,-,-,-,-,-,-,-,-,-,-,-,-,-,-,-,-,-,-,-,-,-,-,-,-,-,-,-,-,-,-,-,-,-,-,-,-,-,-,-,-,-,-,-,-,-,-,-,-,-,-,-,-,-,-,-,-,-,-,-,-,-,-,-,-,-,-,-,-,-,-,-,-,-,-,-,-,-,-,-,-,-,-,-,-,-,-,-,-,-,-,-,-,-,-,-,-,-,-,-,-,-,-,-,-,-,-,-,-,-,-,-,-,-,-,-,-,-,-,-,-,-,-,-,-,-,-,-,-,-,-,-,-,-,-,-,-,-,-,-,-,-,-,-,-,-,-,-,-,-,-,-,-,-,-,-,-,-,-,-,-,-,-,-,-,-,-,-,-,-,-,-,-,-,-,-,-,-,-,-,-,-,-,-,-,-,-,-,-,-,-,-,-
Artibeus_jamaicensis,-,-,-,P,P,S,P,L,A,M,E,Y,V,N,D,F,D,L,M,K,F,E,V,K,R,E,P,S,E,G,P,S,G,P,L,T,A,S,L,G,S,T,P,Y,S,S,V,P,P,S,P,T,F,S,E,P,G,M,V,G,A,P,E,G,S,R,P,G,L,E,E,L,Y,W,M,A,T,L,Q,Q,Q,L,E,A,G,E,A,L,G,L,S,P,E,E,A,V,E,L,L,Q,S,Q,S,P,V,P,V,E,G,P,H,G,Y,Y,P,G,S,P,E,E,P,G,A,Q,H,I,Q,L,A,E,R,F,S,D,A,A,L,V,S,M,S,V,R,E,L,N,R,Q,L,R,G,C,G,R,D,E,A,L,R,L,K,Q,R,R,R,T,L,K,N,R,G,Y,A,Q,A,C,R,T,K,R,L,Q,Q,R,R,G,L,E,A,E,R,A,R,L,A,A,Q,L,D,A,L,R,A,E,V,A,R,L,A,R,E,R,D,L,Y,K,A,R,C,D,R,L,S,S,S,G,L,G,H,S,H,F,F,I
Desmodus_rotundus,M,A,I,P,P,S,P,L,A,M,E,Y,V,N,D,F,D,L,M,K,F,E,P,-,-,-,-,-,-,-,-,-,-,-,-,-,-,-,-,-,-,-,-,-,-,-,-,-,-,-,-,-,-,-,-,-,-,-,-,-,-,-,-,-,-,-,-,-,-,-,-,-,-,-,-,-,-,-,-,-,-,-,-,-,-,-,-,-,-,-,-,-,-,-,-,-,-,-,-,-,-,-,-,-,-,-,-,-,-,-,-,-,-,-,-,-,-,-,-,-,-,-,-,-,-,-,-,-,A,E,R,F,S,D,A,A,L,V,S,M,S,V,R,E,L,N,R,Q,L,R,G,C,G,R,D,E,A,L,R,L,K,Q,R,R,R,T,L,K,N,R,G,Y,A,Q,A,-,-,-,-,-,-,-,-,-,-,-,-,-,-,-,-,-,-,-,-,-,-,-,-,-,-,-,-,-,-,-,-,-,A,R,E,R,D,L,Y,K,A,R,C,D,R,L,S,S,R,G,P,G,H,S,H,F,F,I
Eptesicus_fuscus,M,A,L,P,P,S,P,L,A,M,E,Y,V,N,D,F,D,L,M,K,F,E,V,K,R,E,P,S,E,G,R,S,G,T,L,T,A,S,L,G,S,T,P,Y,S,S,V,P,P,S,P,T,F,S,E,A,G,M,L,G,A,T,E,G,P,R,P,G,L,E,E,L,Y,W,L,A,T,L,Q,Q,Q,L,G,A,G,E,V,L,G,L,S,P,E,E,A,V,E,L,L,Q,G,Q,N,P,V,P,V,E,G,P,H,G,Y,Y,P,G,S,S,E,E,T,G,A,H,N,A,Q,L,A,E,R,F,S,D,A,A,L,V,S,M,S,V,R,E,L,N,R,Q,L,R,G,C,G,R,E,E,A,L,R,L,K,Q,R,R,R,T,L,K,N,R,G,Y,A,Q,A,C,R,S,K,R,L,Q,Q,R,R,G,L,E,A,E,R,A,R,L,A,A,Q,L,E,A,L,R,T,E,V,A,R,L,A,R,E,R,D,L,Y,K,A,R,C,D,R,L,S,S,S,G,P,G,H,S,H,F,F,P
Hipposideros_armiger,M,A,L,P,P,S,P,L,A,M,D,Y,V,N,D,F,D,L,M,K,F,E,V,K,R,E,P,S,E,G,R,S,G,P,S,T,A,S,L,G,S,T,P,Y,S,S,V,P,P,S,P,T,F,S,E,P,G,M,V,G,A,T,E,G,P,R,P,G,L,E,D,L,Y,W,L,A,T,L,Q,Q,Q,L,G,A,G,E,T,L,G,L,S,P,E,E,A,V,E,L,L,Q,G,Q,G,P,V,S,V,E,G,P,H,S,Y,Y,P,G,N,P,E,D,T,G,T,Q,H,A,Q,L,A,E,R,F,S,D,A,A,L,V,S,M,S,V,R,E,L,N,R,Q,L,R,G,C,G,R,D,E,A,L,R,L,K,Q,R,R,R,T,L,K,N,R,G,Y,A,Q,A,C,R,S,K,R,L,Q,Q,R,R,G,L,E,A,E,R,A,R,L,A,A,Q,L,D,A,L,R,A,E,V,T,R,L,A,R,E,R,D,L,Y,K,A,R,C,D,R,L,A,S,S,G,P,E,H,A,H,F,F,L
Miniopterus_natalensis,M,A,M,P,P,S,P,L,A,M,E,Y,V,N,D,F,D,L,M,K,F,E,V,K,R,E,P,S,E,G,R,P,G,T,L,T,A,S,L,G,S,T,P,Y,S,S,V,P,P,S,P,T,F,S,E,P,G,M,V,G,A,T,E,G,P,R,P,G,L,E,E,L,Y,W,L,A,T,T,Q,Q,Q,L,G,A,G,E,A,L,G,L,S,P,E,E,A,V,E,L,L,Q,G,Q,S,P,V,P,V,E,G,P,N,S,Y,Y,A,G,S,S,E,E,T,G,A,Q,H,V,Q,L,A,E,R,F,S,D,A,A,L,V,S,M,S,V,R,E,L,N,R,Q,L,R,G,C,G,R,D,E,A,L,R,L,K,Q,R,R,R,T,L,K,N,R,G,Y,A,Q,A,C,R,S,K,R,-,-,-,-,-,-,-,-,-,-,-,-,-,-,-,-,-,-,-,-,L,R,A,E,V,A,R,L,A,R,E,R,D,L,Y,K,A,R,C,D,R,L,S,S,S,G,P,G,H,L,H,F,F,P
Molossus_molossus,M,A,L,P,P,S,P,L,A,M,E,Y,V,N,D,F,D,L,M,K,F,E,V,K,R,E,P,S,E,G,R,S,G,T,L,A,A,S,L,G,S,T,P,Y,S,S,V,P,P,S,P,T,F,S,E,P,G,M,A,G,A,T,E,G,P,R,P,G,L,E,E,L,Y,W,L,A,T,L,Q,Q,Q,L,G,A,G,E,T,L,G,L,S,P,E,E,A,V,E,L,L,Q,G,Q,S,P,V,P,V,E,G,P,H,G,Y,Y,A,G,S,P,E,Q,T,G,A,Q,H,A,Q,L,A,E,R,F,S,D,A,A,L,V,S,M,S,V,R,E,L,N,R,Q,L,R,G,C,G,R,D,E,A,L,R,L,K,Q,R,R,R,T,L,K,N,R,G,Y,A,Q,A,C,R,S,K,R,L,Q,Q,R,R,G,L,E,A,E,R,A,R,L,A,A,Q,L,D,A,L,R,A,E,V,A,R,L,A,R,E,R,D,L,Y,K,A,R,C,D,R,L,S,S,S,G,P,G,H,S,H,F,F,L
Myotis_brandtii,M,A,L,P,P,S,P,L,A,M,E,Y,V,N,D,F,D,L,M,K,F,E,V,K,R,E,P,S,E,G,R,S,G,T,L,T,A,S,L,G,S,T,P,Y,S,S,V,P,P,S,P,T,F,S,E,P,G,M,L,G,A,T,E,G,P,R,S,G,L,E,E,L,Y,W,L,A,T,L,Q,Q,Q,Q,G,A,G,E,V,L,G,L,S,P,E,E,A,V,E,L,L,Q,G,Q,N,P,V,P,V,E,G,P,H,G,Y,Y,P,G,S,S,E,E,T,G,A,Q,H,A,Q,L,A,E,R,F,S,D,A,A,L,V,S,M,S,V,R,E,L,N,R,Q,L,R,G,C,G,R,D,E,A,L,R,L,K,Q,R,R,R,T,L,K,N,R,G,Y,A,Q,A,C,R,S,K,R,L,-,-,-,-,-,-,-,-,-,-,-,-,-,-,-,-,-,-,-,-,-,-,-,-,A,R,L,A,R,E,R,D,L,Y,K,A,R,C,D,R,L,S,S,S,G,P,G,H,A,H,F,F,L
Myotis_davidii,M,A,L,P,P,S,P,L,A,M,E,Y,V,N,D,F,D,L,M,K,F,E,V,K,R,E,P,S,E,G,R,S,G,T,L,T,A,S,L,G,S,T,P,Y,S,S,V,P,P,S,P,T,F,S,D,P,G,M,L,G,A,T,E,G,P,R,S,G,L,E,E,L,Y,W,L,A,T,L,Q,Q,Q,Q,G,A,G,E,V,L,G,L,S,P,E,E,A,V,E,L,L,Q,G,Q,N,P,V,P,V,E,G,P,H,G,Y,Y,P,G,S,S,A,E,T,G,A,Q,H,A,Q,L,A,E,R,F,S,D,A,A,L,V,S,M,S,V,R,E,L,N,R,Q,L,R,G,C,G,R,D,E,A,L,R,L,K,Q,R,R,R,T,L,K,N,R,G,Y,A,Q,A,C,R,S,K,R,L,Q,Q,R,R,G,L,E,A,E,R,A,R,L,A,A,Q,L,E,A,L,R,T,E,V,A,R,L,A,R,E,R,D,L,Y,K,A,R,C,D,R,L,S,S,S,G,P,G,H,S,H,F,L,L
Myotis_lucifugus,M,A,L,P,P,S,P,L,A,M,E,Y,V,N,D,F,D,L,M,K,F,E,V,K,R,E,P,S,E,V,R,S,G,T,L,T,A,S,L,G,S,T,P,Y,S,S,V,P,P,S,P,T,F,S,E,P,G,M,L,G,A,T,E,G,P,R,S,G,L,E,E,L,Y,W,L,A,T,L,Q,Q,Q,-,G,A,G,E,V,L,G,L,S,P,E,E,A,V,E,L,L,Q,G,Q,N,P,V,P,V,E,G,P,H,G,Y,Y,P,G,S,S,E,E,T,G,A,Q,H,A,Q,L,A,E,R,F,S,D,A,A,L,V,S,M,S,V,R,E,L,N,R,Q,L,R,G,C,G,R,D,E,A,L,R,L,K,Q,R,R,R,T,L,K,N,R,G,Y,A,Q,A,C,R,S,K,R,L,Q,Q,R,R,G,L,E,A,E,R,A,R,L,A,A,Q,L,E,A,L,R,T,E,V,A,R,L,A,R,E,R,D,L,Y,K,A,R,C,D,R,L,S,S,S,G,P,G,H,A,H,F,F,L
Myotis_myotis,M,A,L,P,S,S,P,L,A,M,E,Y,V,N,D,F,D,L,M,K,F,E,V,K,R,E,P,S,E,G,R,S,G,T,L,T,A,S,L,G,S,T,P,Y,S,S,V,P,P,S,P,T,F,S,E,P,G,M,L,G,A,T,E,G,P,R,P,G,L,E,E,L,Y,W,L,A,T,L,Q,Q,Q,Q,G,A,G,E,V,L,G,L,S,P,E,E,A,M,E,L,L,Q,G,Q,N,P,V,P,V,E,G,P,H,G,Y,Y,P,E,S,S,E,E,T,G,A,Q,H,A,Q,L,A,E,R,F,S,D,A,A,L,V,S,M,S,V,R,E,L,N,R,Q,L,R,G,C,G,R,D,E,A,L,R,L,K,Q,R,R,R,T,L,K,N,R,G,Y,A,Q,A,C,R,S,K,R,L,Q,Q,R,R,G,L,E,A,E,R,A,R,L,A,A,Q,L,E,A,L,R,T,E,V,A,R,L,A,R,E,R,D,L,Y,K,A,R,C,D,R,L,S,S,G,G,P,G,H,S,H,F,F,L
Phyllostomus_discolor,M,A,L,P,P,S,P,L,A,M,E,Y,V,N,D,F,D,L,M,K,F,E,V,K,R,E,P,S,E,G,P,C,G,P,L,T,A,S,L,G,S,T,P,Y,S,S,V,P,P,S,P,T,F,S,E,P,G,M,V,G,A,T,E,G,S,R,P,G,L,E,E,L,Y,W,M,A,T,L,Q,Q,Q,L,G,A,G,E,A,L,G,L,S,P,E,E,A,V,E,L,L,Q,S,Q,S,P,A,P,V,E,G,P,H,S,Y,Y,P,G,S,P,E,E,T,G,G,Q,H,I,Q,L,A,E,R,F,S,D,A,A,L,V,S,M,S,V,R,E,L,N,R,Q,L,R,G,C,G,R,D,E,A,L,R,L,K,Q,R,R,R,T,L,K,N,R,G,Y,A,Q,A,C,R,S,K,R,L,Q,Q,R,R,G,L,E,A,E,R,A,R,L,A,A,Q,L,D,A,L,R,A,E,V,A,R,L,A,R,E,R,D,L,Y,K,A,R,C,D,R,L,S,S,S,G,P,G,H,S,H,F,F,I
Phyllostomus_hastatus,M,A,L,P,P,S,P,L,A,M,E,Y,V,N,D,F,D,L,M,K,F,E,V,K,R,E,P,S,E,G,P,S,G,P,L,T,A,S,L,G,S,T,P,Y,S,S,V,P,P,S,P,T,F,S,E,P,G,M,V,G,A,T,E,G,S,R,P,G,L,E,E,L,Y,W,M,A,T,L,Q,Q,Q,L,G,A,G,E,A,L,G,L,S,P,E,E,A,V,E,L,L,Q,S,Q,S,P,A,P,V,E,G,P,H,S,Y,Y,P,G,S,P,E,E,A,G,A,Q,H,I,Q,L,A,E,R,F,S,D,A,A,L,V,S,M,S,V,R,E,L,N,R,Q,L,R,G,C,G,R,D,E,A,L,R,L,K,Q,R,R,R,T,L,K,N,R,G,Y,A,Q,A,C,R,S,K,R,L,Q,Q,R,R,G,L,E,A,E,R,A,R,L,A,A,Q,L,D,A,L,R,A,E,V,A,R,L,A,R,E,R,D,L,Y,K,A,R,C,D,R,L,S,S,S,V,P,G,H,S,H,F,F,I
Pipistrellus_kuhlii,M,A,L,P,P,S,P,L,A,M,E,Y,V,N,D,F,D,L,M,K,F,E,V,K,R,E,P,S,E,G,R,S,G,T,L,T,A,S,L,G,S,T,P,Y,S,S,V,P,P,S,P,T,F,S,E,A,G,V,L,G,A,T,E,G,P,R,P,G,L,E,E,L,Y,W,L,A,T,L,Q,Q,Q,L,G,A,G,E,L,L,G,L,S,P,E,E,A,V,E,L,L,Q,G,Q,N,P,V,P,V,E,G,P,H,G,Y,Y,P,G,S,S,E,E,T,G,A,Q,P,A,Q,L,A,E,R,F,S,D,A,A,L,V,S,M,S,V,R,E,L,N,R,Q,L,R,G,C,G,R,D,E,A,L,R,L,K,Q,R,R,R,T,L,K,N,R,G,Y,A,Q,A,C,R,S,K,R,L,Q,Q,R,R,G,L,E,A,E,R,A,R,L,A,A,Q,L,E,A,L,R,T,E,V,A,R,L,A,R,E,R,D,L,Y,K,A,R,C,D,R,L,S,S,G,G,P,G,H,A,H,F,L,L
Rhinolophus_ferrumequinum,M,A,L,P,P,T,P,L,A,M,E,Y,V,N,D,F,D,L,M,K,F,E,V,K,R,E,P,S,E,G,R,S,G,P,S,T,A,S,L,G,S,T,P,Y,S,S,V,P,P,S,P,T,F,S,E,P,G,M,A,G,A,T,E,G,P,R,S,G,L,E,E,L,Y,W,L,A,T,L,Q,Q,Q,L,G,A,G,E,T,L,G,L,S,P,E,E,A,V,E,L,L,Q,G,Q,G,P,V,S,V,E,G,P,H,S,Y,Y,P,G,S,P,E,D,T,G,G,Q,H,A,Q,L,A,V,R,F,S,D,A,A,L,V,S,M,S,V,R,E,L,N,R,Q,L,R,G,C,G,R,E,E,A,L,R,L,K,Q,R,R,R,T,L,K,N,R,G,Y,A,Q,A,C,R,S,K,R,L,Q,Q,R,R,G,L,E,A,E,R,A,R,L,A,A,Q,L,D,A,L,R,A,E,V,A,R,L,A,R,E,R,D,L,Y,K,A,R,C,D,R,L,V,S,S,G,P,G,H,A,H,F,F,L
Sorex_araneus,M,A,L,P,P,S,P,L,A,M,E,Y,V,N,D,F,D,L,M,K,F,E,V,K,R,E,P,P,E,G,R,A,A,P,P,T,A,S,L,G,S,T,P,Y,S,S,V,P,P,S,P,T,L,S,D,P,G,-,-,-,-,-,E,G,P,R,P,G,L,E,E,L,Y,W,L,A,A,L,Q,Q,Q,L,G,A,G,E,A,L,G,L,S,P,E,E,A,A,E,L,L,Q,-,-,-,-,-,-,-,-,-,-,-,-,-,Y,P,G,S,P,E,E,M,G,T,Q,R,A,Q,L,P,E,R,F,S,D,A,A,L,V,S,M,S,V,R,E,L,N,R,Q,L,R,G,C,G,R,D,E,A,L,R,L,K,Q,R,R,R,T,L,K,N,R,G,Y,A,Q,A,C,R,S,K,R,L,Q,Q,R,R,G,L,E,A,E,R,A,R,L,A,S,Q,L,D,A,L,R,V,E,V,A,R,L,A,R,E,R,D,H,Y,K,A,R,C,D,R,L,V,S,G,G,H,G,H,A,H,F,F,L
Sturnira_hondurensis,M,A,L,P,P,S,P,L,A,M,E,Y,V,N,D,F,D,L,M,K,F,E,V,K,R,E,P,S,E,G,P,S,G,P,L,T,A,S,L,G,S,T,P,Y,S,S,V,P,P,S,P,T,F,S,E,P,G,M,M,G,A,T,E,G,S,R,P,G,L,E,E,L,Y,W,M,A,T,L,Q,Q,Q,L,G,A,G,E,A,L,G,L,S,P,E,E,A,V,E,L,L,Q,S,Q,S,P,V,P,V,E,G,P,H,G,Y,Y,P,G,S,P,E,E,A,G,A,Q,H,I,Q,V,A,E,R,F,S,D,A,A,L,V,S,M,S,V,R,E,L,N,R,Q,L,R,G,C,G,R,D,E,A,L,R,L,K,Q,R,R,R,T,L,K,N,R,G,Y,A,Q,A,C,R,S,K,R,L,Q,Q,R,R,G,L,E,A,E,R,A,R,L,A,A,Q,L,D,A,L,R,A,E,V,A,R,L,A,R,E,R,D,L,Y,K,A,R,C,D,R,L,S,S,S,G,P,G,H,S,H,F,F,I
Pteropus_alecto,M,A,L,P,P,S,P,L,A,M,E,Y,V,N,D,F,D,L,M,K,F,E,V,K,R,E,P,S,E,G,R,S,G,P,P,T,A,S,L,G,S,T,P,Y,S,S,V,P,P,S,P,T,F,S,E,S,G,M,V,G,S,T,E,S,P,R,P,G,L,E,E,L,Y,W,L,A,T,L,Q,Q,Q,L,G,S,G,E,A,L,G,L,S,P,E,E,A,A,E,L,L,Q,G,Q,S,P,V,L,V,D,G,P,H,G,Y,Y,P,G,S,P,E,E,T,G,A,Q,H,A,Q,L,A,E,R,F,S,D,A,A,L,V,S,M,S,V,R,E,L,N,R,Q,L,R,G,C,G,R,D,E,A,L,R,L,K,Q,R,R,R,T,L,K,N,R,G,Y,A,Q,A,C,R,S,K,R,L,Q,Q,R,R,G,L,E,A,E,R,T,R,L,A,-,-,-,-,A,L,R,A,E,V,A,R,L,A,R,E,R,D,L,Y,K,A,R,C,D,R,L,A,S,S,G,P,G,H,A,H,F,F,L
Pteropus_giganteus,M,A,L,P,P,S,P,L,A,M,E,Y,V,N,D,F,D,L,M,K,F,E,V,K,R,E,P,S,E,G,R,S,G,P,P,T,A,S,L,G,S,T,P,Y,S,S,V,P,P,S,P,T,F,S,E,S,G,M,V,G,S,T,E,S,P,R,P,G,L,E,E,L,Y,W,L,A,T,L,Q,Q,Q,L,G,S,G,E,A,L,G,L,S,P,E,E,A,A,E,L,L,Q,G,Q,S,P,V,L,V,D,G,P,H,G,Y,Y,P,G,S,P,E,E,T,G,A,Q,H,A,Q,L,A,E,R,F,S,D,A,A,L,V,S,M,S,V,R,E,L,N,R,Q,L,R,G,C,G,R,D,E,A,L,R,L,K,Q,R,R,R,T,L,K,N,R,G,Y,A,Q,A,C,R,S,K,R,L,Q,Q,R,R,G,L,E,A,E,R,T,R,L,A,A,Q,L,D,A,L,R,A,E,V,A,R,L,A,R,E,R,D,L,Y,K,A,R,C,D,R,L,A,S,S,G,P,G,H,A,H,F,F,L
Pteropus_vampyrus,M,A,L,P,P,S,P,L,A,M,E,Y,V,N,D,F,D,L,M,K,F,E,V,K,R,E,P,S,E,G,R,S,G,P,P,T,A,S,L,G,S,T,P,Y,S,S,V,P,P,S,P,T,F,S,E,S,G,M,V,G,S,T,E,S,P,R,P,G,L,E,E,L,Y,W,L,A,T,L,Q,Q,Q,L,G,S,G,E,A,L,G,L,S,P,E,E,A,A,E,L,L,Q,G,Q,S,P,V,L,V,D,G,P,H,G,Y,Y,P,G,S,P,E,E,T,G,A,Q,H,A,Q,L,A,E,R,F,S,D,A,A,L,V,S,M,S,V,R,E,L,N,R,Q,L,R,G,C,G,R,D,E,A,L,R,L,K,Q,R,R,R,T,L,K,N,R,G,Y,A,Q,A,C,R,S,K,R,L,Q,Q,R,R,G,L,E,A,E,R,T,R,L,A,A,Q,L,D,A,L,R,A,E,V,A,R,L,A,R,E,R,D,L,Y,K,A,R,C,D,R,L,A,S,S,G,P,G,H,A,H,F,F,L
Rousettus_aegyptiacus,M,A,L,P,P,S,P,L,A,M,E,Y,V,N,D,F,D,L,M,K,F,E,V,K,R,E,P,S,E,G,R,S,G,P,P,T,A,S,L,G,S,T,P,Y,S,S,V,P,P,S,P,T,F,S,E,S,G,M,M,G,S,T,E,S,P,R,P,G,L,E,E,L,Y,W,L,A,T,L,Q,Q,Q,L,G,S,G,E,A,L,G,L,S,P,E,E,A,A,E,L,L,Q,G,Q,S,P,V,P,V,D,V,P,H,G,Y,Y,P,G,S,P,E,E,A,G,A,Q,H,A,Q,L,A,E,R,F,S,D,A,A,L,V,S,M,S,V,R,E,L,N,R,Q,L,R,G,C,G,R,D,E,A,L,R,L,K,Q,R,R,R,T,L,K,N,R,G,Y,A,Q,A,C,R,S,K,R,L,Q,Q,R,R,G,L,E,A,E,R,T,R,L,A,A,Q,L,D,A,L,R,A,E,V,A,R,L,A,R,E,R,D,L,Y,K,A,R,C,D,R,L,A,S,S,G,P,G,H,A,H,F,F,L
Ailuropoda_melanoleuca,M,A,L,P,P,S,P,L,A,M,E,Y,V,N,D,F,D,L,M,K,F,E,V,K,R,E,P,S,E,G,R,S,G,P,P,I,A,S,L,G,S,T,P,Y,S,S,V,P,P,S,P,T,F,S,E,P,G,M,V,G,A,T,E,G,P,R,P,G,L,E,E,L,Y,W,L,A,T,L,Q,Q,Q,L,G,A,G,E,A,L,G,L,S,P,E,E,A,V,E,L,L,Q,G,Q,S,P,V,T,I,E,G,P,H,S,Y,C,P,G,S,S,E,E,T,G,A,Q,H,A,Q,L,A,E,R,F,S,D,A,A,L,V,S,M,S,V,R,E,L,N,R,Q,L,R,G,C,G,R,D,E,A,L,R,L,K,Q,R,R,R,T,L,K,N,R,G,Y,A,Q,A,C,R,S,K,R,L,Q,Q,R,R,G,L,E,A,E,R,A,R,L,A,A,Q,L,D,A,L,R,A,E,V,A,R,L,A,R,E,R,D,L,Y,K,A,R,C,D,R,L,A,A,S,G,P,G,H,A,H,F,F,L
Antechinus_flavipes,M,A,L,P,P,S,P,L,A,M,E,Y,V,N,D,F,D,L,M,K,F,E,V,K,R,E,P,P,E,G,R,S,G,P,P,A,A,S,L,G,S,T,P,Y,S,S,V,P,P,S,P,T,F,S,D,P,G,V,V,G,T,T,E,G,V,R,Q,G,L,E,E,L,F,W,L,A,A,L,Q,Q,Q,L,G,T,G,E,G,L,G,L,S,P,D,E,A,V,E,F,L,Q,G,Q,G,P,V,P,A,E,G,P,L,S,H,Y,P,G,S,T,E,E,M,G,G,L,N,P,Q,L,A,E,R,F,S,D,A,A,L,V,S,M,S,V,R,E,L,N,R,Q,L,R,G,C,G,R,D,E,A,L,R,L,K,Q,R,R,R,T,L,K,N,R,G,Y,A,Q,A,C,R,S,K,R,L,Q,Q,R,R,G,L,E,A,E,R,A,R,L,A,A,Q,L,D,A,L,R,A,E,L,V,R,L,S,R,E,R,D,L,Y,K,A,R,C,D,K,L,-,-,-,-,-,-,-,-,-,-,-,-
Aotus_nancymaae,M,A,L,P,P,S,P,L,A,M,E,Y,V,N,D,F,D,L,M,K,F,E,V,K,R,E,P,S,E,G,R,P,G,P,P,T,A,S,L,G,S,T,P,Y,S,S,V,P,P,S,P,T,F,S,E,P,G,M,V,G,A,T,E,G,S,R,P,G,L,E,E,L,Y,W,L,A,T,L,Q,Q,Q,L,G,A,G,E,A,L,G,L,S,P,E,E,A,V,E,L,L,Q,G,Q,G,P,V,P,V,D,G,P,H,G,Y,Y,P,G,S,P,E,E,T,G,A,Q,H,V,Q,L,A,E,R,F,S,D,A,A,L,V,S,M,S,V,R,E,L,N,R,Q,L,R,G,C,G,R,D,E,A,L,R,L,K,Q,R,R,R,T,L,K,N,R,G,Y,A,Q,A,C,R,S,K,R,L,Q,Q,R,R,G,L,E,A,E,R,A,R,L,A,A,Q,L,D,A,L,R,A,E,V,A,R,L,A,R,E,R,D,L,Y,K,A,R,C,D,R,L,T,S,S,G,P,E,P,S,H,L,F,L
Apodemus_sylvaticus,M,A,L,P,P,S,P,L,A,M,E,Y,V,N,D,F,D,L,M,K,F,E,I,K,R,E,P,S,E,G,H,S,G,V,S,T,A,S,L,G,S,T,P,Y,S,S,V,P,P,S,P,T,F,S,E,P,G,M,V,G,S,G,E,A,P,R,P,G,L,E,E,L,Y,W,L,A,T,L,Q,Q,Q,L,G,S,D,E,V,L,G,L,S,P,D,E,A,V,E,L,L,Q,N,Q,G,P,V,S,V,E,G,P,H,G,Y,Y,A,G,S,P,G,E,M,G,A,Q,H,V,Q,L,P,E,R,F,S,D,A,A,L,V,S,M,S,V,R,E,L,N,R,Q,L,R,G,C,G,R,D,E,A,L,R,L,K,Q,R,R,R,T,L,K,N,R,G,Y,A,Q,A,C,R,S,K,R,L,Q,Q,R,R,G,L,E,A,E,R,T,R,L,A,A,Q,L,D,A,L,R,A,E,V,A,R,L,A,R,E,R,D,L,Y,K,A,R,C,D,R,L,T,S,G,G,P,G,P,T,H,L,F,L
Arvicola_amphibius,M,A,L,S,P,S,P,L,A,M,E,Y,V,N,D,F,D,L,M,K,F,E,I,K,R,E,P,P,E,G,R,P,G,L,P,T,A,S,L,G,S,T,P,Y,S,S,V,P,P,S,P,T,F,S,E,P,G,M,M,G,S,S,E,D,P,R,P,G,L,E,E,L,Y,W,L,A,T,L,Q,Q,Q,L,G,A,D,E,V,L,G,L,S,P,D,E,A,V,E,L,L,Q,N,Q,G,P,V,P,G,E,G,P,H,G,Y,Y,S,G,S,P,G,E,T,G,A,Q,H,A,Q,L,P,E,R,F,S,D,A,A,L,V,S,M,S,V,R,E,L,N,R,Q,L,R,G,C,G,R,D,E,A,L,R,L,K,Q,R,R,R,T,L,K,N,R,G,Y,A,Q,A,C,R,S,K,R,L,Q,Q,R,R,G,L,E,A,E,R,A,R,L,A,A,Q,L,D,A,L,R,A,E,V,A,R,L,A,R,E,R,D,L,Y,K,A,R,C,D,R,L,I,S,S,G,P,G,H,A,H,L,F,L
Callorhinus_ursinus,M,A,L,P,P,S,P,L,A,M,E,Y,V,N,D,F,D,L,M,K,F,E,V,K,R,E,P,S,E,G,R,S,G,P,P,T,A,S,L,G,S,T,P,Y,S,S,V,P,P,S,P,T,F,S,E,P,G,M,V,G,A,T,E,G,P,R,P,G,L,E,E,L,Y,W,L,A,T,L,Q,Q,Q,L,G,A,G,E,A,L,G,L,S,P,E,E,A,V,E,L,L,Q,G,Q,G,P,V,P,I,E,G,P,H,S,Y,Y,P,G,S,P,E,E,T,G,A,Q,H,A,Q,L,A,E,R,F,S,D,A,A,L,V,S,M,S,V,R,E,L,N,R,Q,L,R,G,C,G,R,D,E,A,L,R,L,K,Q,R,R,R,T,L,K,N,R,G,Y,A,Q,A,C,R,S,K,R,L,Q,Q,R,R,G,L,E,A,E,R,A,R,L,A,A,Q,L,D,A,L,R,A,E,V,A,R,L,A,R,E,R,D,L,Y,K,A,R,C,D,R,L,T,S,S,G,P,G,H,A,H,F,F,L
Canis_lupus_dingo,M,A,L,P,P,S,P,L,A,M,E,Y,V,N,D,F,D,L,M,K,F,E,V,K,R,E,P,A,E,G,R,S,G,P,P,T,A,S,L,G,S,T,P,Y,S,S,V,P,P,S,P,T,F,S,E,P,G,M,A,G,A,T,E,G,P,R,P,G,L,E,E,L,Y,W,L,A,T,L,Q,Q,Q,L,G,T,G,E,A,L,G,L,S,P,E,E,A,A,E,L,L,Q,G,Q,G,P,V,P,I,E,G,P,H,G,Y,Y,P,G,S,P,E,G,T,E,A,Q,H,T,Q,L,A,E,R,F,S,D,A,A,L,V,S,M,S,V,R,E,L,N,R,Q,L,R,G,C,G,R,D,E,A,L,R,L,K,Q,R,R,R,T,L,K,N,R,G,Y,A,Q,A,C,R,S,K,R,L,Q,Q,R,R,G,L,E,A,E,R,A,R,L,A,A,Q,L,D,A,L,R,A,E,V,A,R,L,A,R,E,R,D,L,Y,K,A,R,C,D,R,L,T,S,S,G,P,G,H,A,H,F,F,L
Carlito_syrichta,M,A,L,P,P,S,P,L,A,M,E,Y,V,N,D,F,D,L,M,K,F,E,V,K,R,E,P,S,E,G,R,S,G,P,P,T,A,S,L,G,S,T,P,Y,S,S,V,P,P,S,P,T,F,S,E,P,G,M,V,G,A,T,E,G,P,R,P,G,L,E,E,L,Y,W,L,A,T,L,Q,Q,Q,L,G,A,G,E,A,L,G,L,S,P,E,E,A,V,E,L,L,Q,G,Q,G,P,V,P,A,E,G,P,H,S,Y,Y,P,G,S,P,E,E,T,G,V,Q,H,A,Q,-,-,-,-,-,-,-,-,-,-,-,-,-,-,-,-,-,-,-,-,-,-,-,-,-,-,-,-,-,-,-,-,-,-,-,-,-,-,-,-,-,-,-,-,-,-,-,-,-,-,-,-,-,-,-,-,-,-,-,-,-,-,-,-,-,-,-,-,-,-,-,-,-,-,-,-,-,-,-,-,-,-,-,-,-,-,-,Y,K,A,R,C,D,R,L,T,A,S,G,P,G,H,A,P,L,F,L
Castor_canadensis,M,A,L,P,P,S,P,L,A,M,E,Y,V,N,D,F,D,L,M,K,F,E,V,K,R,E,P,S,E,G,R,S,G,L,P,T,A,S,L,G,S,T,P,Y,S,S,V,P,P,S,P,T,F,S,E,P,G,M,V,G,V,S,E,G,P,R,P,G,L,E,D,L,Y,W,L,A,T,M,Q,Q,Q,L,G,A,G,E,A,L,G,L,S,P,D,E,A,V,E,L,L,Q,G,Q,G,P,V,P,A,D,G,P,H,G,Y,F,P,G,S,P,E,E,T,G,V,Q,H,A,Q,L,A,E,R,F,S,D,A,A,L,V,S,M,S,V,R,E,L,N,R,Q,L,R,G,C,G,R,D,E,A,L,R,L,K,Q,R,R,R,T,L,K,N,R,G,Y,A,Q,A,C,R,S,K,R,L,Q,Q,R,R,G,L,E,A,E,R,A,R,L,A,A,Q,L,D,A,L,R,V,E,V,A,R,L,A,R,E,R,D,L,Y,K,A,R,C,D,R,L,T,S,S,G,P,G,H,T,H,L,F,L
Cavia_porcellus,M,A,L,P,P,S,P,L,A,M,E,Y,V,N,D,F,D,L,M,K,F,E,V,K,Q,E,P,S,E,G,R,S,G,P,P,T,A,S,L,G,S,T,P,Y,S,S,V,P,P,S,P,T,F,S,E,P,G,I,V,G,A,T,E,G,A,R,P,G,L,E,E,L,Y,W,L,A,T,L,Q,Q,Q,L,G,A,G,E,S,L,G,L,S,P,D,E,A,V,E,L,L,Q,G,Q,G,S,V,P,M,E,G,P,H,S,Y,Y,P,G,N,P,E,E,T,G,A,Q,H,A,Q,M,A,E,R,F,S,D,A,A,L,V,S,M,S,V,R,E,L,N,R,Q,L,R,G,C,G,R,D,E,A,L,R,L,K,Q,R,R,R,T,L,K,N,R,G,Y,A,Q,A,C,R,S,K,R,L,Q,Q,R,R,G,L,E,A,E,R,A,R,L,A,A,Q,L,D,A,L,R,A,E,V,A,R,L,A,R,E,R,D,L,Y,K,A,R,C,D,R,L,T,S,S,G,P,G,H,T,H,L,F,L
Cervus_elaphus_hippelaphus,-,-,-,-,-,-,-,-,-,-,-,-,-,-,-,-,-,-,-,-,-,-,-,-,-,-,-,-,-,-,-,-,-,-,-,-,-,-,-,-,-,-,-,-,-,-,-,-,-,-,-,-,-,-,-,-,-,-,-,-,-,-,-,-,-,-,-,-,-,-,-,-,-,-,-,-,-,-,-,-,-,-,-,-,-,-,-,-,-,-,-,-,-,-,-,-,-,-,-,-,-,-,-,-,-,-,-,-,-,-,-,-,-,-,-,-,-,-,-,-,-,-,-,-,-,-,-,-,-,-,-,-,-,-,-,-,-,-,-,-,-,-,-,-,-,-,-,-,-,-,-,-,-,-,-,-,-,-,-,-,-,-,-,-,-,-,-,-,-,-,-,-,-,-,-,-,-,-,-,-,-,-,-,-,-,-,-,-,-,-,-,-,-,-,-,-,-,-,-,-,-,-,-,-,-,-,-,-,-,-,-,-,-,-,-,-,-,-,-,-,-,-,-,-,-,-,-,-,-,-,-,-,-,-
Chinchilla_lanigera,M,A,L,P,P,S,P,L,A,M,E,Y,V,N,D,F,D,L,M,K,F,E,V,K,R,E,P,S,E,G,R,S,G,P,P,T,A,S,L,G,S,T,P,Y,S,S,V,P,P,S,P,T,F,S,E,P,G,M,V,G,A,A,E,G,A,R,P,G,L,E,E,L,Y,W,L,A,T,L,Q,Q,Q,L,G,A,G,E,S,L,G,L,S,P,D,E,A,V,E,L,L,Q,G,Q,G,S,V,P,V,E,G,-,G,G,Y,Y,P,G,N,P,E,E,T,G,A,Q,H,A,Q,L,A,E,R,F,S,D,A,A,L,V,S,M,S,V,R,E,L,N,R,Q,L,R,G,C,G,R,D,E,A,L,R,L,K,Q,R,R,R,T,L,K,N,R,G,Y,A,Q,A,C,R,S,K,R,L,Q,Q,R,R,G,L,E,A,E,R,A,R,L,A,A,Q,L,D,A,L,R,A,E,V,A,R,L,A,R,E,R,D,L,Y,K,A,R,C,D,R,L,T,S,S,G,P,G,H,T,H,L,F,L
Choloepus_didactylus,M,A,L,P,H,S,P,L,A,M,E,Y,V,N,D,F,D,L,M,K,F,E,V,K,R,E,P,S,E,G,Q,S,G,P,F,T,A,S,L,G,S,T,P,Y,S,S,V,P,P,S,P,T,F,S,E,P,G,T,V,G,A,T,E,G,P,R,P,G,L,E,E,L,Y,W,L,A,T,L,Q,Q,Q,L,G,A,G,E,V,L,G,L,S,P,E,E,S,V,E,L,F,Q,S,Q,G,P,V,P,V,E,G,S,H,G,Y,Y,P,G,S,P,E,E,T,G,A,Q,H,S,Q,L,A,E,R,F,S,D,A,A,L,V,S,M,S,V,R,E,L,N,R,Q,L,R,G,C,G,R,D,E,A,L,R,L,K,Q,R,R,R,T,L,K,N,R,G,Y,A,Q,A,C,R,S,K,R,L,Q,Q,R,R,G,L,E,A,E,R,A,R,L,A,A,Q,L,D,A,L,R,A,E,V,A,R,L,A,R,E,R,D,L,Y,K,A,R,C,E,R,L,T,S,S,G,P,G,H,T,H,F,F,L
Cricetulus_griseus,M,A,L,P,P,S,P,L,A,M,E,Y,V,N,D,F,D,L,M,K,F,E,I,K,R,E,P,S,E,G,R,S,G,L,P,T,A,S,L,G,S,T,P,Y,S,S,V,P,P,S,P,T,F,S,E,P,G,L,V,G,S,S,E,G,P,R,P,G,L,E,E,L,Y,W,L,A,T,L,Q,Q,Q,L,G,S,D,E,V,L,G,L,S,P,D,E,A,V,E,L,L,Q,N,Q,G,P,V,P,V,E,G,P,H,G,Y,Y,S,G,S,P,G,E,T,G,A,Q,H,A,Q,-,-,-,-,-,-,-,-,-,-,-,-,-,-,-,-,-,-,-,-,-,-,-,-,-,-,-,-,-,-,-,-,-,-,-,-,-,-,-,-,-,-,-,-,-,-,-,-,-,-,-,-,-,-,-,-,-,-,-,-,-,-,-,-,-,-,-,-,-,-,-,-,-,-,-,-,-,-,-,-,-,-,-,-,-,-,-,-,-,-,-,-,-,-,-,-,-,-,-,-,-,-,-,-,-,-,-
Dasypus_novemcinctus,M,A,L,P,P,S,P,L,A,M,E,Y,V,N,D,F,D,L,M,K,F,E,V,K,R,E,P,S,E,G,H,S,D,P,P,T,A,S,L,G,S,T,P,Y,S,S,V,P,P,S,P,T,F,S,E,P,G,V,V,G,T,T,E,G,A,R,P,G,L,E,E,L,Y,W,L,A,T,L,Q,Q,Q,L,G,S,G,E,A,L,G,L,S,P,E,E,S,V,E,L,L,Q,G,Q,G,P,V,P,V,E,G,S,H,S,Y,Y,P,G,S,P,E,E,T,G,A,Q,H,T,E,L,A,E,R,F,S,D,A,A,L,V,S,M,S,V,R,E,L,N,R,Q,L,R,G,C,G,R,D,E,A,L,R,L,K,Q,R,R,R,T,L,K,N,R,G,Y,A,Q,A,C,R,S,K,R,L,Q,Q,R,R,G,L,E,A,E,R,A,R,L,A,A,Q,L,D,A,L,R,A,E,V,A,R,L,A,R,E,R,D,L,Y,K,A,R,C,E,R,L,T,S,S,G,L,G,H,T,H,F,F,L
Dipodomys_ordii,M,A,L,P,P,S,P,L,A,M,E,Y,V,N,D,F,D,L,M,K,F,E,V,K,R,E,P,S,E,G,R,S,G,L,P,T,P,S,L,G,S,T,P,Y,S,S,E,P,P,S,P,T,F,S,E,P,G,M,V,G,A,T,E,G,P,R,P,G,L,E,E,L,Y,W,L,A,T,L,Q,Q,Q,L,G,A,G,E,A,L,G,L,S,P,D,E,A,V,E,L,L,Q,G,Q,G,P,V,P,V,E,G,P,H,G,Y,Y,P,G,S,L,E,Q,T,G,V,Q,H,P,Q,L,A,E,R,F,S,D,A,A,L,V,S,M,S,V,R,E,L,N,R,Q,L,R,G,C,G,R,D,E,A,L,R,L,K,Q,R,R,R,T,L,K,N,R,G,Y,A,Q,A,C,R,S,K,R,L,Q,Q,R,R,G,L,E,A,E,R,A,R,L,A,A,Q,L,D,A,L,R,A,E,V,A,R,L,A,R,E,R,D,L,Y,K,A,R,C,D,R,L,T,S,S,G,A,G,H,T,H,F,F,L
Dipodomys_spectabilis,M,A,L,P,P,S,P,L,A,M,E,Y,V,N,D,F,D,L,M,K,F,E,V,K,R,E,P,S,E,G,R,S,G,L,P,T,P,S,L,G,S,T,P,Y,S,S,E,P,P,S,P,T,F,S,E,P,G,M,V,G,A,T,E,G,P,R,P,G,L,E,E,L,Y,W,L,A,T,L,Q,Q,Q,L,G,A,G,E,A,L,G,L,S,P,D,E,A,V,E,L,L,Q,G,Q,G,P,V,P,V,E,G,P,H,G,Y,Y,P,G,S,L,E,Q,T,G,V,Q,H,P,Q,L,A,E,R,F,S,D,A,A,L,V,S,M,S,V,R,E,L,N,R,Q,L,R,G,C,G,R,D,E,A,L,R,L,K,Q,R,R,R,T,L,K,N,R,G,Y,A,Q,A,C,R,S,K,R,L,Q,Q,R,R,G,L,E,A,E,R,A,R,L,A,A,Q,L,D,A,L,R,A,E,V,A,R,L,A,R,E,R,D,L,Y,K,A,R,C,D,R,L,T,S,S,G,A,G,H,T,H,F,F,L
Dromiciops_gliroides,M,A,L,P,P,S,P,L,A,M,E,Y,V,N,D,F,D,L,M,K,F,E,V,K,R,E,P,S,E,G,R,S,G,P,P,T,A,S,L,G,S,T,P,Y,S,S,V,P,P,S,P,T,F,S,D,P,G,V,V,G,A,T,E,G,V,R,Q,G,L,E,E,L,Y,W,L,A,A,L,Q,Q,Q,L,G,T,G,E,G,L,G,L,S,P,D,E,A,V,E,F,L,Q,G,Q,G,A,A,P,A,E,G,P,L,S,H,Y,P,G,T,S,E,E,M,G,-,-,-,-,-,L,A,E,R,F,S,D,A,A,L,V,S,M,S,V,R,E,L,N,R,Q,L,R,G,C,G,R,D,E,A,L,R,L,K,Q,R,R,R,T,L,K,N,R,G,Y,A,Q,A,C,R,S,K,R,L,Q,Q,R,R,G,L,E,A,E,R,A,R,L,A,A,Q,L,D,A,L,R,A,E,L,A,R,L,A,R,E,R,D,L,Y,K,A,R,C,D,-,-,-,-,-,-,-,-,-,-,-,-,-,-
Elephantulus_edwardii,M,A,L,P,P,S,P,L,A,M,E,Y,V,N,D,F,D,L,M,K,F,E,V,K,R,E,P,P,E,G,R,S,G,A,P,L,A,S,L,G,S,T,P,Y,S,S,V,P,P,S,P,T,F,S,E,S,G,V,V,G,T,A,E,G,S,R,P,G,L,E,E,L,Y,W,L,A,T,L,Q,Q,Q,L,G,A,G,E,T,L,G,L,S,P,E,E,A,V,E,L,L,Q,G,Q,G,S,V,S,A,E,G,L,Q,G,Y,Y,P,E,S,P,E,D,S,G,A,Q,H,D,Q,L,V,E,R,F,S,D,A,A,L,V,S,M,S,V,R,E,L,N,R,Q,L,R,G,C,G,R,D,E,A,L,R,L,K,Q,R,R,R,T,L,K,N,R,G,Y,A,Q,A,C,R,S,K,R,L,Q,Q,R,R,G,L,E,A,E,R,A,R,L,L,A,Q,L,D,A,L,R,A,E,V,A,R,L,A,R,E,R,D,L,Y,K,A,R,C,D,R,L,T,S,S,G,P,G,H,A,H,F,F,L
Equus_caballus,M,A,L,P,P,S,P,L,A,M,E,Y,V,N,D,F,D,L,M,K,F,E,V,K,R,E,P,S,E,G,R,S,A,P,P,T,A,S,L,G,S,T,P,Y,S,S,V,P,P,S,P,T,F,S,E,P,G,M,V,G,A,T,E,G,P,R,P,G,L,E,E,L,Y,W,L,A,T,L,Q,Q,Q,L,G,A,G,E,A,L,G,L,S,P,E,E,A,V,E,L,L,Q,G,Q,S,P,V,P,G,E,G,P,H,G,Y,Y,P,G,S,P,E,E,T,G,A,Q,H,T,Q,L,A,E,R,F,S,D,A,A,L,V,S,M,S,V,R,E,L,N,R,Q,L,R,G,C,G,R,D,E,A,L,R,L,K,Q,R,R,R,T,L,K,N,R,G,Y,A,Q,A,C,R,S,K,R,L,Q,Q,R,R,G,L,E,A,E,R,A,R,L,A,A,Q,L,D,A,L,R,A,E,V,A,R,L,A,R,E,R,D,L,Y,K,A,R,C,D,R,L,T,S,S,G,P,G,H,A,H,F,F,L
Erinaceus_europaeus,M,A,L,S,P,S,P,L,A,M,E,Y,V,N,D,F,D,L,M,K,F,E,V,K,R,E,P,C,E,G,R,S,G,P,P,T,A,S,L,G,S,T,P,Y,S,S,V,P,P,S,P,T,F,S,D,P,G,M,V,G,A,S,E,G,P,R,P,G,L,E,E,L,Y,W,L,A,T,L,Q,Q,Q,L,G,A,G,E,V,L,G,L,S,P,E,E,A,V,E,L,L,Q,D,Q,S,P,V,P,V,E,G,P,H,D,Y,Y,P,G,S,P,E,E,T,G,G,Q,H,V,Q,L,A,E,R,F,S,D,A,A,L,V,S,M,S,V,R,E,L,N,R,Q,L,R,G,C,G,R,D,E,A,L,R,L,K,Q,R,R,R,T,L,K,N,R,G,Y,A,Q,A,C,R,S,K,R,L,Q,Q,R,R,G,L,E,A,E,R,A,R,L,A,S,Q,L,D,A,L,R,A,E,V,A,R,L,A,R,E,R,D,L,Y,K,A,R,C,D,R,L,A,S,G,G,P,G,H,G,H,F,F,L
Eumetopias_jubatus,M,A,L,P,P,S,P,L,A,M,E,Y,V,N,D,F,D,L,M,K,F,E,V,K,R,E,P,S,E,G,R,S,G,P,P,T,A,S,L,G,S,T,P,Y,S,S,V,P,P,S,P,T,F,S,E,P,G,M,V,G,A,T,E,G,P,R,P,G,L,E,E,L,Y,W,L,A,T,L,Q,Q,Q,L,G,A,G,E,A,L,G,L,S,P,E,E,A,V,E,L,L,Q,G,Q,G,P,V,P,I,E,G,P,H,S,Y,Y,P,G,S,P,E,E,T,G,A,Q,H,A,Q,L,A,E,R,F,S,D,A,A,L,V,S,M,S,V,R,E,L,N,R,Q,L,R,G,C,G,R,D,E,A,L,R,L,K,Q,R,R,R,T,L,K,N,R,G,Y,A,Q,A,C,R,S,K,R,L,Q,Q,R,R,G,L,E,A,E,R,A,R,L,A,A,Q,L,D,A,L,R,A,E,V,A,R,L,A,R,E,R,D,L,Y,K,A,R,C,D,R,L,T,S,S,G,P,G,H,A,H,F,F,L
Felis_catus,M,A,L,P,P,S,P,L,A,M,E,Y,V,N,D,F,D,L,M,K,F,E,V,K,R,E,P,S,E,G,R,S,G,P,P,T,A,S,L,G,S,T,P,Y,S,S,V,P,P,S,P,T,F,S,D,P,G,M,V,G,A,T,E,A,P,R,P,G,L,E,E,L,Y,W,L,A,T,L,Q,Q,Q,L,G,A,G,E,A,L,G,L,S,P,E,E,A,V,E,L,L,Q,G,Q,G,P,V,P,V,E,G,P,H,S,Y,Y,P,G,S,P,E,E,T,G,A,Q,H,A,Q,L,A,E,R,F,S,D,A,A,L,V,S,M,S,V,R,E,L,N,R,Q,L,R,G,C,G,R,D,E,A,L,R,L,K,Q,R,R,R,T,L,K,N,R,G,Y,A,Q,A,C,R,S,K,R,L,Q,Q,R,R,G,L,E,A,E,R,A,R,L,A,A,Q,L,D,A,L,R,A,E,V,A,R,L,A,R,E,R,D,L,Y,K,A,R,C,D,R,L,T,S,S,G,P,G,H,A,H,F,F,L
Fukomys_damarensis,M,A,L,P,A,S,P,L,A,M,E,Y,V,N,D,F,D,L,M,K,F,E,V,K,R,E,P,S,E,G,R,S,G,P,P,T,A,S,L,V,S,T,P,Y,S,S,V,P,P,S,P,T,F,S,E,P,G,I,V,G,A,A,E,G,S,R,P,G,L,E,E,L,Y,W,L,A,T,L,Q,Q,Q,L,G,A,G,G,S,L,G,L,S,T,D,E,A,V,E,L,L,Q,G,Q,G,S,V,P,V,E,G,P,L,G,Y,Y,P,G,N,P,E,E,T,E,A,Q,N,T,Q,L,A,E,R,F,S,D,A,A,L,V,S,M,S,V,R,E,L,N,R,Q,L,R,G,C,G,R,D,E,A,L,R,V,K,Q,R,R,R,T,L,K,N,R,G,Y,A,Q,A,C,R,S,K,R,L,Q,-,-,-,-,-,-,-,-,-,-,-,-,-,-,Q,L,D,A,L,R,A,E,V,A,R,L,A,R,E,R,D,L,Y,K,A,R,C,D,R,L,I,S,S,G,P,G,H,T,H,L,F,L
Galeopterus_variegatus,M,A,L,P,P,S,P,L,A,M,E,Y,V,N,D,F,D,L,M,K,F,E,V,K,R,E,P,S,E,G,R,S,G,L,P,T,A,S,L,G,S,T,P,Y,S,S,V,P,P,S,P,T,F,S,E,P,G,M,V,G,A,T,E,G,P,R,A,G,L,E,E,L,Y,W,L,A,T,L,Q,Q,Q,L,G,A,G,E,A,L,G,L,S,P,E,E,T,V,E,L,L,Q,G,Q,G,P,G,S,V,E,G,P,H,A,Y,Y,P,G,S,P,E,E,P,G,T,Q,H,A,Q,L,A,E,R,F,S,D,A,A,L,V,S,M,S,V,R,E,L,N,R,Q,L,R,G,C,G,R,D,E,A,L,R,L,K,Q,R,R,R,T,L,K,N,R,G,Y,A,Q,A,C,R,S,K,R,L,Q,Q,R,R,G,L,E,A,E,R,A,R,L,A,A,Q,L,D,A,L,R,A,E,V,A,R,L,A,R,E,R,D,L,Y,K,A,R,C,D,R,L,T,S,S,G,P,G,H,A,H,L,F,L
Gracilinanus_agilis,M,A,L,P,P,S,P,L,A,M,E,Y,V,N,D,F,D,L,M,K,F,E,V,K,R,E,P,P,E,G,R,S,G,P,P,T,A,S,L,G,S,T,P,Y,S,S,V,P,P,S,P,T,F,S,D,P,G,V,V,G,A,T,E,G,V,R,Q,G,L,E,E,L,Y,W,L,A,A,L,Q,Q,Q,L,G,A,G,E,G,L,G,L,S,P,D,E,A,V,E,F,L,Q,V,Q,G,P,A,P,A,E,G,P,L,S,H,Y,P,G,S,A,E,E,M,G,-,-,-,-,-,L,A,E,R,F,S,D,A,A,L,V,S,M,S,V,R,E,L,N,R,Q,L,R,G,C,G,R,D,E,A,L,R,L,K,Q,R,R,R,T,L,K,N,R,G,Y,A,Q,A,C,R,S,K,R,L,Q,Q,R,R,G,L,E,A,E,R,A,R,L,A,A,Q,L,D,A,L,R,G,E,L,A,R,L,A,R,E,R,D,L,Y,K,A,R,C,D,-,-,-,-,-,-,-,-,-,-,-,-,-,-
Grammomys_surdaster,M,A,L,P,P,S,P,L,A,M,E,Y,V,N,D,F,D,L,M,K,F,E,I,K,R,E,P,S,E,G,R,S,G,V,P,T,A,S,L,G,S,T,P,Y,S,S,V,P,P,S,P,T,F,S,E,P,G,M,V,G,S,G,E,A,P,R,P,G,L,E,E,L,Y,W,L,A,T,L,Q,Q,Q,L,G,A,D,E,V,L,G,L,S,P,D,E,A,V,E,L,L,Q,N,Q,G,P,V,S,A,E,G,P,H,G,Y,Y,S,G,S,P,G,E,T,G,A,Q,H,V,Q,L,P,E,R,F,S,D,A,A,L,V,S,M,S,V,R,E,L,N,R,Q,L,R,G,C,G,R,D,E,A,L,R,L,K,Q,R,R,R,T,L,K,N,R,G,Y,A,Q,A,C,R,S,K,R,L,Q,Q,R,R,G,L,E,A,E,R,A,R,L,A,A,Q,L,D,A,L,R,A,E,V,A,R,L,A,R,E,R,D,L,Y,K,A,R,C,D,R,L,T,S,G,G,P,G,H,T,H,L,F,L
Heterocephalus_glaber,M,A,L,A,P,S,P,L,A,M,E,Y,V,N,D,F,D,L,M,K,F,E,V,K,R,E,P,S,E,G,R,S,G,P,P,T,A,S,L,G,S,T,P,Y,S,S,V,P,P,S,P,T,F,S,E,P,G,I,V,G,S,A,E,G,S,R,A,G,V,E,E,L,Y,W,L,A,T,L,H,Q,Q,L,G,A,G,E,S,L,G,L,S,P,A,E,A,V,E,L,L,Q,G,Q,G,S,V,P,V,E,G,P,L,G,Y,Y,P,G,N,S,E,E,T,E,A,Q,H,V,Q,L,A,E,R,F,S,D,A,A,L,V,S,M,S,V,R,E,L,N,R,Q,L,R,G,C,G,R,D,E,A,L,R,L,K,Q,R,R,R,T,L,K,N,R,G,Y,A,Q,A,C,R,S,K,R,L,Q,Q,R,R,G,L,E,A,E,R,A,R,L,A,A,Q,L,D,A,L,R,A,E,V,A,R,L,A,R,E,R,D,L,Y,K,A,R,C,D,R,L,T,S,S,G,P,G,H,T,H,L,F,L
Hyaena_hyaena,M,A,L,P,P,S,P,L,A,M,E,Y,V,N,D,F,D,L,M,K,F,E,V,K,R,E,P,S,E,G,R,S,G,P,P,T,A,S,L,G,S,T,P,Y,S,S,V,P,P,S,P,T,F,S,D,P,G,M,V,G,A,T,E,V,P,R,P,G,L,E,E,L,Y,W,L,A,T,L,Q,Q,Q,L,G,A,G,E,A,L,G,L,S,P,E,E,A,V,E,L,L,Q,G,Q,G,P,V,P,I,E,G,P,H,S,Y,Y,P,G,S,P,E,E,T,G,A,Q,H,A,Q,L,A,E,R,F,S,D,A,A,L,V,S,M,S,V,R,E,L,N,R,Q,L,R,G,C,G,R,D,E,A,L,R,L,K,Q,R,R,R,T,L,K,N,R,G,Y,A,Q,A,C,R,S,K,R,L,Q,Q,R,R,G,L,E,A,E,R,A,R,L,A,A,Q,L,D,A,L,R,A,E,V,A,R,L,A,R,E,R,D,L,Y,K,A,R,C,D,R,L,T,S,S,G,P,G,H,A,H,F,F,L
Jaculus_jaculus,M,A,L,P,P,S,P,L,A,M,A,Y,V,N,D,F,D,L,M,K,F,E,V,K,R,E,P,S,E,G,R,S,G,P,P,T,A,S,L,G,S,T,P,Y,S,S,V,P,P,S,P,T,F,S,D,T,D,M,V,G,G,S,E,G,T,R,P,G,L,E,E,L,Y,W,L,A,T,L,Q,Q,Q,L,G,T,G,D,V,L,G,L,N,P,D,E,A,M,E,L,L,Q,G,Q,G,P,V,P,V,E,G,P,H,S,Y,Y,P,G,S,P,E,E,T,G,A,Q,H,A,Q,L,A,E,R,F,S,D,A,A,L,V,S,M,S,V,R,E,L,N,R,Q,L,R,G,C,G,R,D,E,A,L,R,L,K,Q,R,R,R,T,L,K,N,R,G,Y,A,Q,A,C,R,S,K,R,L,Q,Q,R,R,G,L,E,A,E,R,A,R,L,A,A,Q,L,D,A,L,R,A,E,V,A,R,V,A,R,E,R,D,L,Y,K,A,R,C,D,R,L,A,S,G,G,P,G,H,T,H,L,F,L
Lemur_catta,M,A,L,P,P,S,P,L,A,M,E,Y,V,N,D,F,D,L,M,K,F,E,V,K,R,E,P,S,E,G,R,S,G,P,P,T,A,S,L,G,S,T,P,Y,S,S,V,P,P,S,P,T,F,S,E,P,G,M,M,G,A,T,E,G,P,R,P,G,L,E,E,L,Y,W,L,A,T,L,Q,Q,Q,L,G,A,G,E,A,L,G,L,S,P,E,E,A,V,E,L,L,Q,A,Q,G,P,V,P,V,E,G,P,H,S,Y,Y,P,G,S,P,E,E,A,G,A,Q,H,A,Q,L,A,E,R,F,S,D,A,A,L,V,S,M,S,V,R,E,L,N,R,Q,L,R,G,C,G,R,D,E,A,L,R,L,K,Q,R,R,R,T,L,K,N,R,G,Y,A,Q,A,C,R,S,K,R,L,Q,Q,R,R,G,L,E,A,E,R,A,R,L,A,A,Q,L,D,A,L,R,A,E,V,A,R,L,A,R,E,R,D,L,Y,K,A,R,C,D,R,L,T,S,S,C,P,G,H,A,H,L,F,L
Leptonychotes_weddellii,M,A,L,P,P,S,P,L,A,M,E,Y,V,N,D,F,D,L,M,K,F,E,V,K,R,E,P,S,E,G,R,S,G,P,P,T,A,S,L,G,S,T,P,Y,S,S,V,P,P,S,P,T,F,S,E,P,G,M,G,G,A,T,E,G,P,R,P,G,L,E,E,L,Y,W,L,A,T,L,Q,Q,Q,L,G,A,G,E,A,L,G,L,S,P,E,E,A,V,E,L,L,Q,G,Q,G,P,V,P,T,E,G,P,H,S,Y,Y,P,G,S,P,E,E,T,G,A,Q,H,A,Q,L,A,E,R,F,S,D,A,A,L,V,S,M,S,V,R,E,L,N,R,Q,L,R,G,C,G,R,D,E,A,L,R,L,K,Q,R,R,R,T,L,K,N,R,G,Y,A,Q,A,C,R,S,K,R,L,Q,Q,R,R,G,L,E,A,E,R,A,R,L,A,A,Q,L,D,A,L,R,A,E,V,A,R,L,A,R,E,R,D,L,Y,K,A,R,C,D,R,L,T,S,S,G,P,G,H,A,H,F,F,L
Lontra_canadensis,M,A,L,P,P,S,P,L,A,M,E,Y,V,N,D,F,D,L,M,K,F,E,V,K,R,E,P,S,E,G,R,S,G,P,P,T,A,S,L,G,S,T,P,Y,S,S,V,P,P,S,P,T,F,S,E,P,G,M,V,G,P,T,E,G,P,R,P,G,L,E,E,L,Y,W,L,A,T,L,Q,Q,Q,L,G,A,G,E,A,L,G,L,S,P,E,E,A,L,E,L,L,Q,G,Q,G,P,V,P,M,E,G,P,H,S,Y,Y,P,G,S,P,E,E,T,G,A,Q,H,A,Q,L,A,E,R,F,S,D,A,A,L,V,S,M,S,V,R,E,L,N,R,Q,L,R,G,C,G,R,D,E,A,L,R,L,K,Q,R,R,R,T,L,K,N,R,G,Y,A,Q,A,C,R,S,K,R,L,Q,Q,R,R,G,L,E,A,E,R,A,R,L,A,A,Q,L,D,A,L,R,A,E,V,A,R,L,A,R,E,R,D,L,Y,K,A,R,C,D,R,L,T,S,S,G,P,G,H,A,H,F,F,L
Lynx_canadensis,M,A,L,P,P,S,P,L,A,M,E,Y,V,N,D,F,D,L,M,K,F,E,V,K,R,E,P,S,E,G,R,S,G,P,P,T,A,S,L,G,S,T,P,Y,S,S,V,P,P,S,P,T,F,S,D,P,G,M,V,G,A,T,E,A,P,R,P,G,L,E,E,L,Y,W,L,A,T,L,Q,Q,Q,L,G,A,G,E,A,L,G,L,S,P,E,E,A,V,E,L,L,Q,G,Q,G,P,V,P,V,E,G,P,H,S,Y,Y,P,G,S,P,E,E,T,G,A,Q,H,A,Q,L,A,E,R,F,S,D,A,A,L,V,S,M,S,V,R,E,L,N,R,Q,L,R,G,C,G,R,D,E,A,L,R,L,K,Q,R,R,R,T,L,K,N,R,G,Y,A,Q,A,C,R,S,K,R,L,Q,Q,R,R,G,L,E,A,E,R,A,R,L,A,A,Q,L,D,A,L,R,A,E,V,A,R,L,A,R,E,R,D,L,Y,K,A,R,C,D,R,L,T,S,S,G,P,G,H,A,H,F,F,L
Manis_javanica,M,A,L,S,P,S,P,L,A,M,E,Y,V,N,D,F,D,L,M,K,F,E,V,K,R,E,P,S,E,G,R,S,G,P,P,T,A,S,M,G,S,T,P,Y,S,S,V,P,P,S,P,T,F,S,E,S,G,M,V,G,A,A,E,D,P,R,A,G,L,E,E,L,Y,W,L,A,T,L,Q,Q,Q,L,G,T,G,E,A,L,G,L,S,P,E,E,A,V,E,L,L,Q,G,Q,G,P,V,P,V,E,G,P,H,S,Y,Y,P,G,S,P,E,E,T,G,A,Q,H,A,Q,L,A,E,R,F,S,D,A,A,L,V,S,M,S,V,R,E,L,N,R,Q,L,R,G,C,G,R,D,E,A,L,R,L,K,Q,R,R,R,T,L,K,N,R,G,Y,A,Q,A,C,R,S,K,R,L,Q,Q,R,R,G,L,E,A,E,R,A,R,L,A,A,Q,L,D,A,L,R,T,E,V,A,R,L,A,R,E,R,D,L,Y,K,A,R,C,D,R,L,A,S,S,G,P,G,H,S,H,F,F,L
Manis_pentadactyla,M,A,L,S,P,S,P,L,A,M,E,Y,V,N,D,F,D,L,M,K,F,E,V,K,Q,E,P,S,E,G,R,S,G,P,P,T,A,S,M,G,S,T,P,Y,S,S,V,P,P,S,P,T,F,S,E,P,G,M,V,G,A,T,E,G,P,R,A,G,L,E,E,L,Y,W,L,A,T,L,Q,Q,Q,L,G,T,G,E,A,L,G,L,S,P,E,E,A,V,E,L,L,Q,G,Q,G,P,V,P,V,E,G,P,H,S,Y,Y,P,G,S,P,E,E,T,G,A,Q,H,A,Q,L,A,E,R,F,S,D,A,A,L,V,S,M,S,V,R,E,L,N,R,Q,L,R,G,C,G,R,D,E,A,L,R,L,K,Q,R,R,R,T,L,K,N,R,G,Y,A,Q,A,C,R,S,K,R,L,Q,Q,R,R,G,L,E,A,E,R,A,R,L,A,A,Q,L,D,A,L,R,T,E,V,A,L,L,A,R,E,R,D,L,Y,K,A,R,C,D,R,L,A,S,S,G,P,G,H,S,H,F,F,L
Mastomys_coucha,M,A,F,P,P,S,P,L,A,M,E,Y,V,N,D,F,D,L,M,K,F,E,I,K,R,E,P,S,E,G,R,S,G,V,P,T,A,S,L,G,S,T,P,Y,S,S,V,P,P,S,P,T,F,S,E,P,G,V,V,G,S,A,E,A,P,R,P,G,L,E,E,L,Y,W,L,A,T,L,Q,Q,Q,L,G,A,D,E,V,L,G,L,S,P,D,E,A,V,E,L,L,Q,N,Q,G,P,V,S,A,E,G,P,H,G,Y,Y,S,G,S,P,G,E,T,G,A,Q,H,V,Q,L,P,E,R,F,S,D,A,A,L,V,S,M,S,V,R,E,L,N,R,Q,L,R,G,C,G,R,D,E,A,L,R,L,K,Q,R,R,R,T,L,K,N,R,G,Y,A,Q,A,C,R,S,K,R,L,Q,Q,R,R,G,L,E,A,E,R,A,R,L,A,A,Q,L,D,A,L,R,A,E,V,A,R,L,A,R,E,R,D,L,Y,K,A,R,C,D,R,L,T,S,G,G,P,G,H,T,H,L,F,L
Meles_meles,M,A,L,P,P,S,P,L,A,M,E,Y,V,N,D,F,D,L,M,K,F,E,V,K,R,E,P,T,E,G,R,S,G,L,P,T,A,S,L,G,S,T,P,Y,S,S,V,P,P,S,P,T,F,S,E,P,G,M,V,G,P,T,E,G,P,R,P,G,L,E,E,L,Y,W,L,A,T,L,Q,Q,Q,L,G,A,G,E,A,L,G,L,S,P,E,E,A,L,E,L,L,Q,G,Q,G,P,V,P,M,E,G,P,H,S,Y,Y,P,G,S,P,E,E,T,G,A,Q,H,A,Q,L,A,E,R,F,S,D,A,A,L,V,S,M,S,V,R,E,L,N,R,Q,L,R,G,C,G,R,D,E,A,L,R,L,K,Q,R,R,R,T,L,K,N,R,G,Y,A,Q,A,C,R,S,K,R,L,Q,Q,R,R,G,L,E,A,E,R,A,R,L,A,A,Q,L,D,A,L,R,A,E,V,A,R,L,A,R,E,R,D,L,Y,K,A,R,C,D,R,L,T,S,S,G,P,G,H,A,H,F,F,L
Meriones_unguiculatus,M,A,L,P,P,S,P,L,A,M,E,Y,V,N,D,F,D,L,M,K,F,E,I,K,R,E,P,S,E,G,R,S,G,L,P,T,A,S,L,G,S,T,P,Y,S,S,E,P,P,S,P,T,F,S,E,P,G,M,V,G,G,S,E,G,P,R,P,G,L,E,E,L,Y,W,L,A,T,L,Q,Q,Q,L,G,A,D,E,V,L,G,L,S,P,D,E,A,V,E,L,L,Q,N,Q,G,P,V,P,V,E,G,T,H,G,Y,Y,S,A,S,P,G,E,T,G,A,P,H,A,Q,L,P,E,R,F,S,D,A,A,L,V,S,M,S,V,R,E,L,N,R,Q,L,R,G,C,G,R,D,E,A,L,R,L,K,Q,R,R,R,T,L,K,N,R,G,Y,A,Q,A,C,R,S,K,R,L,Q,Q,R,R,G,L,E,A,E,R,A,R,L,A,A,Q,L,D,A,L,R,A,E,V,A,R,L,A,R,E,R,D,L,Y,K,A,R,C,D,R,L,T,S,S,G,P,G,H,T,H,L,F,L
Mesocricetus_auratus,M,A,L,P,P,S,P,L,A,M,E,Y,V,N,D,F,D,L,M,K,F,E,I,K,R,E,P,S,E,S,R,S,G,L,P,T,A,S,L,G,S,T,P,Y,S,S,V,P,P,S,P,T,F,S,E,P,G,L,V,G,S,G,E,G,P,R,P,G,L,E,E,L,Y,W,L,A,T,L,-,Q,Q,L,G,S,D,E,V,L,G,L,S,P,D,E,A,A,E,L,L,Q,N,Q,G,P,V,P,V,E,G,P,H,G,Y,Y,S,G,S,A,G,E,T,G,V,Q,H,A,Q,L,P,E,R,F,S,D,A,A,L,V,S,M,S,V,R,E,L,N,R,Q,L,R,G,C,G,R,D,E,A,L,R,L,K,Q,R,R,R,T,L,K,N,R,G,Y,A,Q,A,C,R,S,K,R,L,Q,Q,R,R,G,L,E,A,E,R,A,R,L,A,A,Q,L,D,A,L,R,A,E,V,A,R,L,A,R,E,R,D,L,Y,K,A,R,C,D,R,L,T,S,S,G,P,G,H,A,H,L,F,L
Microcebus_murinus,M,A,L,P,P,S,P,L,A,M,E,Y,V,N,D,F,D,L,M,K,F,E,V,K,R,E,P,S,E,G,R,S,G,P,P,T,A,S,L,G,S,T,P,Y,S,S,V,P,P,S,P,T,F,S,E,P,G,M,M,G,A,T,E,G,P,R,P,G,L,E,E,L,Y,W,L,A,T,L,Q,Q,Q,L,G,A,G,E,A,L,G,L,S,P,E,E,A,V,E,L,L,Q,A,Q,G,P,V,P,V,E,G,P,H,G,Y,Y,P,G,S,P,E,E,A,G,A,Q,H,A,Q,L,A,E,R,F,S,D,A,A,L,V,S,M,S,V,R,E,L,N,R,Q,L,R,G,C,G,R,D,E,A,L,R,L,K,Q,R,R,R,T,L,K,N,R,G,Y,A,Q,A,C,R,S,K,R,L,Q,Q,R,R,G,L,E,A,E,R,A,R,L,A,A,Q,L,D,A,L,R,A,E,V,A,R,L,A,R,E,R,D,L,Y,K,A,R,C,D,R,L,T,S,S,C,P,G,H,A,H,L,F,L
Microtus_fortis,M,A,L,P,P,S,P,L,A,M,E,Y,V,N,D,F,D,L,M,K,F,E,I,K,R,E,P,P,E,G,R,P,G,L,P,T,A,S,L,G,S,T,P,Y,S,S,V,P,P,S,P,T,F,S,E,P,G,I,V,G,S,S,E,G,P,R,P,G,L,E,E,L,Y,W,L,A,T,L,Q,Q,Q,L,G,A,D,E,M,L,G,L,S,P,D,E,A,V,E,L,L,Q,N,Q,G,P,V,P,V,E,G,P,H,G,Y,Y,S,G,S,P,G,E,T,G,A,Q,H,A,Q,L,P,E,R,F,S,D,A,A,L,V,S,M,S,V,R,E,L,N,R,Q,L,R,G,C,G,R,D,E,A,L,R,L,K,Q,R,R,R,T,L,K,N,R,G,Y,A,Q,A,C,R,S,K,R,L,Q,Q,R,R,G,L,E,A,E,R,A,R,L,A,A,Q,L,D,A,L,R,A,E,V,T,R,L,A,R,E,R,D,L,Y,K,A,R,C,D,R,L,T,S,S,G,P,G,H,A,H,L,F,L
Microtus_ochrogaster,M,A,L,P,P,S,P,L,A,M,E,Y,V,N,D,F,D,L,M,K,F,E,I,K,R,E,P,P,E,G,R,P,G,L,P,T,A,S,L,G,S,T,P,Y,S,S,V,P,P,S,P,T,F,S,E,P,G,M,V,G,S,S,E,G,P,R,P,G,L,E,E,L,Y,W,L,A,T,L,Q,Q,Q,L,G,A,D,E,V,L,G,L,S,P,D,E,A,V,E,L,L,Q,N,Q,G,P,V,P,V,E,G,P,H,G,Y,Y,S,G,S,P,G,E,T,G,V,Q,H,A,Q,L,P,E,R,F,S,D,A,A,L,V,S,M,S,V,R,E,L,N,R,Q,L,R,G,C,G,R,D,E,A,L,R,L,K,Q,R,R,R,T,L,K,N,R,G,Y,A,Q,A,C,R,S,K,R,L,Q,Q,R,R,G,L,E,A,E,R,A,R,L,A,A,Q,L,D,A,L,R,A,E,V,A,R,L,A,R,E,R,D,L,Y,K,A,R,C,D,R,L,T,S,S,G,P,G,H,A,H,L,F,L
Microtus_oregoni,M,A,L,A,R,S,P,L,A,M,E,Y,V,N,D,F,D,L,M,K,F,E,I,K,R,E,P,P,E,G,R,P,G,L,P,T,A,S,L,G,S,T,P,Y,S,S,V,P,P,S,P,T,F,S,E,P,G,L,V,G,S,S,E,G,P,R,P,G,L,E,E,L,Y,W,L,A,T,L,Q,Q,Q,L,G,A,D,E,V,L,G,L,S,P,D,E,A,V,E,L,L,Q,N,Q,G,P,V,P,V,E,G,P,Q,D,Y,Y,S,G,S,P,G,E,T,G,A,Q,H,A,Q,L,P,E,R,F,S,D,A,A,L,V,S,M,S,V,R,E,L,N,R,Q,L,R,G,C,G,R,D,E,A,L,R,L,K,Q,R,R,R,T,L,K,N,R,G,Y,A,Q,A,C,R,S,K,R,L,Q,Q,R,R,G,L,E,A,E,R,A,R,L,A,A,Q,L,D,A,L,R,A,E,V,T,R,L,A,R,E,R,D,L,Y,K,A,R,C,D,R,L,T,S,S,G,P,G,H,A,H,L,F,L
Mirounga_angustirostris,M,A,L,P,P,S,P,L,A,M,E,Y,V,N,D,F,D,L,M,K,F,E,V,K,R,E,P,S,E,G,R,S,G,P,P,T,A,S,L,G,S,T,P,Y,S,S,V,P,P,S,P,T,F,S,E,P,G,M,V,G,A,T,E,G,P,R,P,G,L,E,E,L,Y,W,L,A,T,L,Q,Q,Q,L,G,A,G,E,A,L,G,L,S,P,E,E,A,V,E,L,L,Q,G,Q,G,P,V,P,T,E,G,P,H,S,Y,Y,P,G,S,P,E,E,T,G,A,Q,H,A,Q,L,A,E,R,F,S,D,A,A,L,V,S,M,S,V,R,E,L,N,R,Q,L,R,G,C,G,R,D,E,A,L,R,L,K,Q,R,R,R,T,L,K,N,R,G,Y,A,Q,A,C,R,S,K,R,L,Q,Q,R,R,G,L,E,A,E,R,A,R,L,A,A,Q,L,D,A,L,R,A,E,V,A,R,L,A,R,E,R,D,L,Y,K,A,R,C,D,R,L,T,S,S,G,P,G,H,A,H,F,F,L
Mirounga_leonina,M,A,L,P,P,S,P,L,A,M,E,Y,V,N,D,F,D,L,M,K,F,E,V,K,R,E,P,S,E,G,R,S,G,P,P,T,A,S,L,G,S,T,P,Y,S,S,V,P,P,S,P,T,F,S,E,P,G,M,V,G,A,T,E,G,P,R,P,G,L,E,E,L,Y,W,L,A,T,L,Q,Q,Q,L,G,A,G,E,A,L,G,L,S,P,E,E,A,V,E,L,L,Q,G,Q,G,P,V,P,T,E,G,P,H,S,Y,Y,P,G,S,P,E,E,T,G,A,Q,H,A,Q,L,A,E,R,F,S,D,A,A,L,V,S,M,S,V,R,E,L,N,R,Q,L,R,G,C,G,R,D,E,A,L,R,L,K,Q,R,R,R,T,L,K,N,R,G,Y,A,Q,A,C,R,S,K,R,L,Q,Q,R,R,G,L,E,A,E,R,A,R,L,A,A,Q,L,D,A,L,R,A,E,V,A,R,L,A,R,E,R,D,L,Y,K,A,R,C,D,R,L,T,S,S,G,P,G,H,A,H,F,F,L
Monodelphis_domestica,M,A,L,P,P,S,P,L,A,M,E,Y,V,N,D,F,D,L,M,K,F,E,-,-,-,-,-,-,-,-,-,-,-,-,-,-,-,-,-,-,-,-,-,-,-,-,-,-,-,-,-,-,-,-,-,-,-,-,-,-,-,-,-,-,-,-,-,-,-,-,-,-,-,-,-,-,-,-,-,-,-,-,-,-,-,-,-,-,-,-,-,-,-,-,-,-,-,-,-,-,-,-,-,-,-,-,-,-,-,-,-,-,-,-,-,-,-,-,-,-,-,-,-,-,-,-,-,-,A,E,R,F,S,D,A,A,L,V,S,M,S,V,R,E,L,N,R,Q,L,R,G,C,G,R,D,E,A,L,R,L,K,Q,R,R,R,T,L,K,N,R,G,Y,A,Q,A,C,R,S,K,R,L,Q,Q,R,R,G,L,E,A,E,R,A,R,L,A,A,Q,L,D,A,L,R,G,E,L,A,R,L,A,R,E,R,D,L,Y,K,A,R,C,D,-,-,-,-,-,-,-,-,-,-,-,-,-,-
Mus_caroli,M,A,F,P,P,S,P,L,A,M,E,Y,V,N,D,F,D,L,M,K,F,E,I,K,R,E,P,S,E,G,R,S,G,V,P,T,A,S,L,G,S,T,P,Y,S,S,V,P,P,S,P,T,F,S,E,P,G,M,V,G,S,G,E,A,P,R,P,G,L,E,E,L,Y,W,L,A,T,L,Q,Q,Q,L,G,A,D,E,V,L,G,L,S,P,D,E,A,V,E,L,L,Q,N,Q,G,P,V,S,M,E,G,P,L,G,Y,Y,S,G,S,P,G,E,T,G,A,Q,H,V,Q,L,P,E,R,F,S,D,A,A,L,V,S,M,S,V,R,E,L,N,R,Q,L,R,G,C,G,R,D,E,A,L,R,L,K,Q,R,R,R,T,L,K,N,R,G,Y,A,Q,A,C,R,S,K,R,L,Q,Q,R,R,G,L,E,A,E,R,A,R,L,A,T,Q,L,D,A,L,R,A,E,V,A,R,L,A,R,E,R,D,L,Y,K,A,R,C,D,R,L,T,S,G,G,P,G,H,T,H,L,F,L
Mus_musculus,M,A,F,P,P,S,P,L,A,M,E,Y,V,N,D,F,D,L,M,K,F,E,I,K,R,E,P,S,E,G,R,S,G,V,P,T,A,S,L,G,S,T,P,Y,S,S,V,P,P,S,P,T,F,S,E,P,G,M,V,G,G,G,E,A,P,R,P,G,L,E,E,L,Y,W,L,A,T,L,Q,Q,Q,L,G,S,D,E,V,L,G,L,S,P,D,E,A,V,E,L,L,Q,N,Q,G,P,V,S,M,E,G,P,L,G,Y,Y,S,G,S,P,G,E,T,G,A,Q,H,V,Q,L,P,E,R,F,S,D,A,A,L,V,S,M,S,V,R,E,L,N,R,Q,L,R,G,C,G,R,D,E,A,L,R,L,K,Q,R,R,R,T,L,K,N,R,G,Y,A,Q,A,C,R,S,K,R,L,Q,Q,R,R,G,L,E,A,E,R,A,R,L,A,A,Q,L,D,A,L,R,A,E,V,A,R,L,A,R,E,R,D,L,Y,K,A,R,C,D,R,L,T,S,G,G,P,G,H,T,H,L,F,L
Mus_pahari,M,A,F,P,P,S,P,L,A,M,E,Y,V,N,D,F,D,L,M,K,F,E,V,K,R,E,P,S,E,G,R,S,G,V,P,T,A,S,L,G,S,T,P,Y,S,S,V,P,P,S,P,T,F,S,E,P,G,M,V,G,G,G,E,A,P,R,P,G,L,E,E,L,Y,W,L,A,S,L,Q,Q,Q,L,G,A,D,E,V,L,G,L,S,P,D,E,A,V,E,L,L,Q,N,Q,G,P,I,S,V,E,G,P,L,G,Y,Y,S,G,S,P,G,E,T,G,A,Q,H,V,Q,L,P,E,R,F,S,D,A,A,L,V,S,M,S,V,R,E,L,N,R,Q,L,R,G,C,G,R,D,E,A,L,R,L,K,Q,R,R,R,T,L,K,N,R,G,Y,A,Q,A,C,R,S,K,R,L,Q,Q,R,R,G,L,E,A,E,R,A,R,L,A,A,Q,L,D,A,L,R,A,E,V,A,R,L,A,R,E,R,D,L,Y,K,A,R,C,D,R,L,T,S,G,S,P,G,H,T,H,L,F,L
Mustela_erminea,M,A,L,P,P,S,P,L,A,M,E,Y,V,N,D,F,D,L,M,K,F,E,V,K,R,E,P,S,E,G,R,S,G,P,P,T,A,S,L,G,S,T,P,Y,S,S,V,P,P,S,P,T,F,S,E,P,G,M,V,G,P,T,E,G,P,R,P,G,L,E,E,L,Y,W,L,A,T,L,Q,Q,Q,L,G,A,G,E,A,L,G,L,S,P,E,E,A,L,E,L,L,Q,G,Q,G,P,V,P,M,E,G,T,H,S,Y,Y,P,G,S,P,E,E,T,G,A,Q,H,A,Q,L,A,E,R,F,S,D,A,A,L,V,S,M,S,V,R,E,L,N,R,Q,L,R,G,C,G,R,D,E,A,L,R,L,K,Q,R,R,R,T,L,K,N,R,G,Y,A,Q,A,C,R,S,K,R,L,Q,Q,R,R,G,L,E,A,E,R,A,R,L,A,A,Q,L,D,A,L,R,A,E,V,A,R,L,A,R,E,R,D,L,Y,K,A,R,C,D,R,L,T,S,S,G,P,G,H,A,H,F,F,L
Mustela_putorius_furo,M,A,L,P,P,S,P,L,A,M,E,Y,V,N,D,F,D,L,M,K,F,E,V,K,R,E,P,S,E,G,R,S,G,P,P,T,A,S,L,G,S,T,P,Y,S,S,V,P,P,S,P,T,F,S,E,P,G,M,V,G,P,T,E,G,P,R,P,G,L,E,E,L,Y,W,L,A,T,L,Q,Q,Q,L,G,A,G,E,A,L,G,L,S,P,E,E,A,L,E,L,L,Q,G,Q,G,P,V,P,M,E,G,T,H,S,Y,Y,P,G,S,P,E,E,T,G,A,Q,H,A,Q,L,A,E,R,F,S,D,A,A,L,V,S,M,S,V,R,E,L,N,R,Q,L,R,G,C,G,R,D,E,A,L,R,L,K,Q,R,R,R,T,L,K,N,R,G,Y,A,Q,A,C,R,S,K,R,L,Q,Q,R,R,G,L,E,A,E,R,A,R,L,A,A,Q,L,D,A,L,R,A,E,V,A,R,L,A,R,E,R,D,L,Y,K,A,R,C,D,R,L,T,S,S,G,P,G,H,A,H,F,F,L
Myodes_glareolus,M,A,R,P,P,S,P,L,A,M,E,Y,V,N,D,F,D,L,M,K,F,E,I,K,R,E,L,P,E,G,R,P,G,L,P,T,A,S,L,G,S,T,P,Y,S,S,V,P,P,S,P,T,F,S,E,P,G,M,V,G,S,N,E,D,P,R,P,G,L,E,E,L,Y,W,L,A,T,L,Q,Q,Q,L,G,A,D,E,V,L,G,L,S,P,D,E,A,V,E,L,L,Q,N,Q,G,P,V,P,V,E,G,P,H,G,Y,Y,S,G,S,P,G,E,T,G,A,Q,H,A,Q,L,P,E,R,F,S,D,A,A,L,V,S,M,S,V,R,E,L,N,R,Q,L,R,G,C,G,R,D,E,A,L,R,L,K,Q,R,R,R,T,L,K,N,R,G,Y,A,Q,A,C,R,S,K,R,L,Q,Q,R,R,G,L,E,A,E,R,A,R,L,V,A,Q,L,D,A,L,R,A,E,V,A,R,L,A,R,E,R,D,L,Y,K,A,R,C,D,R,L,T,S,S,G,P,G,H,A,H,L,F,L
Neogale_vison,M,A,L,P,P,S,P,L,A,M,E,Y,V,N,D,F,D,L,M,K,F,E,V,K,R,E,P,S,E,G,R,S,G,P,P,T,A,S,L,G,S,T,P,Y,S,S,V,P,P,S,P,T,F,S,E,P,G,M,V,G,P,T,E,G,P,R,P,G,L,E,E,L,Y,W,L,A,T,L,Q,Q,Q,L,G,A,G,E,A,L,G,L,S,P,E,E,A,L,E,L,L,Q,G,Q,G,P,V,P,M,E,G,T,H,S,Y,Y,P,G,S,P,E,E,T,G,A,Q,H,A,Q,L,A,E,R,F,S,D,A,A,L,V,S,M,S,V,R,E,L,N,R,Q,L,R,G,C,G,R,D,E,A,L,R,L,K,Q,R,R,R,T,L,K,N,R,G,Y,A,Q,A,C,R,S,K,R,L,Q,Q,R,R,G,L,E,A,E,R,A,R,L,A,A,Q,L,D,A,L,R,A,E,V,A,R,L,A,R,E,R,D,L,Y,K,A,R,C,D,R,L,T,S,S,G,P,G,H,A,H,F,F,L
Odobenus_rosmarus_divergens,M,A,L,P,P,S,P,L,A,M,E,Y,V,N,D,F,D,L,M,K,F,E,V,K,R,E,P,S,E,G,R,S,G,P,P,T,A,S,L,G,S,T,P,Y,S,S,V,P,P,S,P,T,F,S,E,P,G,M,V,G,A,T,E,G,P,R,P,G,L,E,E,L,Y,W,L,A,T,L,Q,Q,Q,L,G,A,G,E,A,L,G,L,S,P,E,E,A,V,E,L,L,Q,G,Q,G,P,V,P,I,E,G,P,H,S,Y,Y,P,G,S,P,E,E,T,G,A,Q,H,A,Q,L,A,E,R,F,S,D,A,A,L,V,S,M,S,V,R,E,L,N,R,Q,L,R,G,C,G,R,D,E,A,L,R,L,K,Q,R,R,R,T,L,K,N,R,G,Y,A,Q,A,C,R,S,K,R,L,Q,Q,R,R,G,L,E,A,E,R,A,R,L,A,A,Q,L,D,A,L,R,A,E,V,A,R,L,A,R,E,R,D,L,Y,K,A,R,C,D,R,L,T,S,S,G,P,G,H,A,H,F,F,L
Odocoileus_virginianus_texanus,M,A,L,P,P,S,P,L,A,M,E,Y,V,N,D,F,D,L,M,K,F,E,V,K,R,E,P,S,E,G,R,S,G,P,P,T,A,S,L,G,S,T,P,Y,S,S,V,P,P,S,P,T,F,S,E,P,G,M,V,G,P,T,E,G,T,R,P,G,L,E,E,L,Y,W,L,A,T,L,Q,Q,Q,L,G,A,G,E,V,L,G,L,S,P,E,E,A,V,E,L,L,Q,G,Q,S,P,V,P,V,E,G,P,H,A,Y,Y,P,G,S,P,E,E,T,G,A,Q,H,A,Q,L,A,E,R,F,S,D,A,A,L,V,S,M,S,V,R,E,L,N,R,Q,L,R,G,C,G,R,D,E,A,L,R,L,K,Q,R,R,R,T,L,K,N,R,G,Y,A,Q,A,C,R,S,K,R,L,Q,Q,R,R,G,L,E,A,E,R,A,R,L,A,T,Q,L,D,A,L,R,A,E,V,A,R,L,A,R,E,R,D,L,Y,K,A,R,C,E,L,L,A,P,S,G,-,-,-,-,-,-,-,-
Onychomys_torridus,M,A,L,P,P,S,P,L,A,M,E,Y,V,N,D,F,D,L,M,K,F,E,I,K,R,E,P,S,E,G,R,P,G,L,P,T,A,S,L,G,S,T,P,Y,S,S,V,P,P,S,P,T,F,S,E,P,G,M,V,G,G,S,E,G,P,R,P,G,L,E,E,L,Y,W,L,A,T,L,Q,Q,Q,L,G,A,D,E,V,L,G,L,S,P,D,E,A,V,E,L,L,Q,N,Q,G,P,A,P,V,E,G,P,R,G,Y,Y,S,G,S,P,G,E,A,G,A,Q,H,A,Q,L,P,E,R,F,S,D,A,A,L,V,S,M,S,V,R,E,L,N,R,Q,L,R,G,C,G,R,D,E,A,L,R,L,K,Q,R,R,R,T,L,K,N,R,G,Y,A,Q,A,C,R,S,K,R,L,Q,Q,R,R,G,L,E,A,E,R,A,R,L,A,A,Q,L,D,A,L,R,A,E,V,A,R,L,A,R,E,R,D,L,Y,K,A,R,C,D,R,L,T,S,S,G,P,G,H,A,H,L,F,L
Ornithorhynchus_anatinus,M,A,L,P,P,S,P,L,A,M,E,Y,V,N,D,F,D,L,M,K,F,E,V,K,R,E,P,S,E,G,-,-,-,-,-,-,-,S,L,G,S,T,P,Y,S,S,V,P,P,S,P,S,L,S,D,A,G,T,A,G,V,P,E,R,A,H,P,A,P,E,E,L,Y,W,L,A,A,L,Q,Q,Q,L,G,A,G,E,G,V,G,L,T,P,E,E,A,V,E,L,L,Q,G,Q,L,P,-,-,-,-,-,-,-,-,-,-,-,-,-,-,-,-,-,-,-,-,-,-,-,P,S,E,R,F,S,D,A,A,L,V,A,M,S,V,R,E,L,N,R,R,L,R,G,C,G,R,D,E,A,A,R,L,K,Q,R,R,R,T,L,K,N,R,G,Y,A,Q,A,C,R,S,K,R,L,Q,Q,R,R,G,L,E,A,E,R,A,R,L,A,A,Q,L,D,A,L,R,A,E,L,A,R,L,A,Q,E,R,D,L,Y,K,A,R,C,D,K,M,A,A,A,-,-,A,H,P,H,F,F,L
Orycteropus_afer_afer,M,A,L,P,P,S,P,L,A,M,E,Y,V,N,D,F,D,L,M,K,F,E,V,K,R,E,P,S,E,G,R,S,G,P,P,T,A,S,L,G,S,T,P,Y,S,S,V,P,P,S,P,T,F,S,E,P,G,V,V,G,A,S,E,G,P,R,P,G,L,E,E,L,Y,W,L,A,T,L,Q,Q,Q,L,G,A,G,E,A,L,G,L,S,P,E,E,A,V,E,L,L,Q,G,Q,G,P,D,L,A,E,G,S,Q,G,Y,Y,S,R,S,P,E,E,A,G,A,Q,H,D,Q,L,A,E,R,F,S,D,A,A,L,V,S,M,S,V,R,E,L,N,R,Q,L,R,G,C,G,R,D,E,A,L,R,L,K,Q,R,R,R,T,L,K,N,R,G,Y,A,Q,A,C,R,S,K,R,L,Q,Q,R,R,G,L,E,A,E,R,A,R,L,L,A,Q,L,D,A,L,R,A,E,V,A,R,L,A,R,E,R,D,L,Y,K,A,R,C,D,G,L,T,S,T,C,T,G,H,A,H,F,F,L
Oryctolagus_cuniculus,M,A,L,P,P,S,P,L,A,M,E,Y,V,N,D,F,D,L,M,K,F,E,V,K,R,E,P,S,E,G,R,A,G,P,P,T,A,S,L,G,S,T,P,Y,S,S,V,P,P,S,P,T,F,S,E,P,G,T,V,G,A,P,E,G,P,R,P,G,L,E,E,L,Y,W,L,A,T,L,Q,Q,Q,L,G,T,G,E,A,L,G,L,S,P,E,E,A,V,E,L,L,Q,G,Q,G,P,V,P,I,D,E,T,Q,G,Y,Y,A,E,S,P,E,E,M,G,A,Q,H,A,Q,L,A,E,R,F,S,D,A,A,L,V,S,M,S,V,R,E,L,N,R,Q,L,R,G,C,G,R,D,E,A,L,R,L,K,Q,R,R,R,T,L,K,N,R,G,Y,A,Q,A,C,R,S,K,R,L,Q,Q,R,R,G,L,E,A,E,R,A,R,L,A,A,Q,L,D,A,L,R,A,E,V,A,R,L,A,R,E,R,D,L,Y,K,A,R,C,D,R,L,T,S,S,G,P,G,H,T,H,L,F,L
Oryx_dammah,M,A,L,P,P,S,P,L,A,M,E,Y,V,N,D,F,D,L,M,K,F,E,V,K,R,E,P,S,E,G,R,S,G,P,S,T,A,S,L,G,S,T,P,Y,S,S,V,P,P,S,P,T,F,S,E,P,G,L,V,G,A,T,E,G,T,R,P,G,L,E,E,L,Y,W,L,A,T,L,Q,Q,Q,L,G,A,G,E,A,L,G,L,S,P,E,E,A,V,E,L,L,Q,G,Q,S,P,V,P,V,E,G,P,H,A,Y,Y,P,G,S,P,E,E,T,G,A,Q,H,A,Q,L,A,E,R,F,S,D,A,A,L,V,S,M,S,V,R,E,L,N,R,Q,L,R,G,C,G,R,D,E,A,L,R,L,K,Q,R,R,R,T,L,K,N,R,G,Y,A,Q,A,C,R,S,K,R,L,Q,Q,R,R,G,L,E,A,E,R,A,R,L,A,T,Q,L,D,A,L,R,A,E,V,A,R,L,A,R,E,R,D,L,Y,K,A,R,C,E,L,L,A,P,S,G,-,-,-,-,-,-,-,-
Otolemur_garnettii,M,A,L,P,P,S,P,L,A,M,E,Y,V,N,D,F,D,L,M,K,F,E,V,K,R,E,P,S,E,G,R,S,G,P,P,T,A,S,L,G,S,T,P,Y,S,S,V,P,P,S,P,T,F,S,E,P,G,M,M,G,A,T,D,G,P,R,Q,G,L,E,E,L,Y,W,L,A,T,L,Q,Q,Q,L,G,A,G,E,A,L,G,L,S,P,E,E,A,V,E,L,L,Q,A,Q,G,P,V,P,V,E,G,P,H,G,Y,Y,P,G,S,P,E,E,A,G,A,Q,H,A,Q,L,A,E,R,F,S,D,A,A,L,V,S,M,S,V,R,E,L,N,R,Q,L,R,G,C,G,R,D,E,A,L,R,L,K,Q,R,R,R,T,L,K,N,R,G,Y,A,Q,A,C,R,S,K,R,L,Q,Q,R,R,G,L,E,A,E,R,A,R,L,A,A,Q,L,D,A,L,R,A,E,V,A,R,L,A,R,E,R,D,L,Y,K,A,R,C,D,R,L,T,S,S,G,A,G,H,A,H,L,F,L
Panthera_leo,M,A,L,P,P,S,P,L,A,M,E,Y,V,N,D,F,D,L,M,K,F,E,V,K,R,E,P,S,E,G,R,S,G,P,P,T,A,S,L,G,S,T,P,Y,S,S,V,P,P,S,P,T,F,S,D,P,G,M,V,G,A,T,E,A,P,R,P,G,L,E,E,L,Y,W,L,A,T,L,Q,Q,Q,L,G,A,G,E,A,L,G,L,S,P,E,E,A,V,E,L,L,Q,G,Q,G,P,V,P,V,E,G,P,H,S,Y,Y,P,G,S,P,E,E,T,G,A,Q,H,A,Q,L,A,E,R,F,S,D,A,A,L,V,S,M,S,V,R,E,L,N,R,Q,L,R,G,C,G,R,D,E,A,L,R,L,K,Q,R,R,R,T,L,K,N,R,G,Y,A,Q,A,C,R,S,K,R,L,Q,Q,R,R,G,L,E,A,E,R,A,R,L,A,A,Q,L,D,A,L,R,A,E,V,A,R,L,A,R,E,R,D,L,Y,K,A,R,C,D,R,L,T,S,S,G,P,G,H,A,H,F,F,L
Panthera_pardus,M,A,L,P,P,S,P,L,A,M,E,Y,V,N,D,F,D,L,M,K,F,E,V,K,R,E,P,S,E,G,R,S,G,P,P,T,A,S,L,G,S,T,P,Y,S,S,V,P,P,S,P,T,F,S,D,P,G,M,V,G,A,T,E,A,P,R,P,G,L,E,E,L,Y,W,L,A,T,L,Q,Q,Q,L,G,A,G,E,A,L,G,L,S,P,E,E,A,V,E,L,L,Q,G,Q,G,P,V,P,V,E,G,P,H,S,Y,Y,P,G,S,P,E,E,T,G,A,Q,H,A,Q,L,A,E,R,F,S,D,A,A,L,V,S,M,S,V,R,E,L,N,R,Q,L,R,G,C,G,R,D,E,A,L,R,L,K,Q,R,R,R,T,L,K,N,R,G,Y,A,Q,A,C,R,S,K,R,L,Q,Q,R,R,G,L,E,A,E,R,A,R,L,A,A,Q,L,D,A,L,R,A,E,V,A,R,L,A,R,E,R,D,L,Y,K,A,R,C,D,R,L,T,S,S,G,P,G,H,A,H,F,F,L
Panthera_uncia,M,A,L,P,P,S,P,L,A,M,E,Y,V,N,D,F,D,L,M,K,F,E,V,K,R,E,P,S,E,G,R,S,G,P,P,T,A,S,L,G,S,T,P,Y,S,S,V,P,P,S,P,T,F,S,D,P,G,M,V,G,A,T,E,A,P,R,P,G,L,E,E,L,Y,W,L,A,T,L,Q,Q,Q,L,G,A,G,E,A,L,G,L,S,P,E,E,A,V,E,L,L,Q,G,Q,G,P,V,P,V,E,G,P,H,S,Y,Y,P,G,S,L,E,E,T,G,A,Q,H,A,Q,L,A,E,R,F,S,D,A,A,L,V,S,M,S,V,R,E,L,N,R,Q,L,R,G,C,G,R,D,E,A,L,R,L,K,Q,R,R,R,T,L,K,N,R,G,Y,A,Q,A,C,R,S,K,R,L,Q,Q,R,R,G,L,E,A,E,R,A,R,L,A,A,Q,L,D,A,L,R,A,E,V,A,R,L,A,R,E,R,D,L,Y,K,A,R,C,D,R,L,T,S,S,G,P,G,H,A,H,F,F,L
Perognathus_longimembris_pacificus,M,A,L,P,P,S,A,L,A,M,E,Y,V,N,D,F,D,L,M,K,F,E,V,K,R,E,P,S,E,G,R,P,G,L,P,T,A,S,L,G,S,T,P,C,S,S,E,P,P,S,P,S,F,S,E,P,G,A,V,G,A,A,E,G,A,R,P,G,L,E,E,L,Y,W,L,A,A,L,Q,Q,Q,L,G,A,G,E,G,L,G,L,S,P,D,E,A,A,E,L,L,Q,G,-,-,-,-,-,-,-,-,-,-,-,-,-,-,-,-,-,-,-,-,-,-,-,-,-,-,L,A,E,R,F,S,D,A,A,L,V,S,M,S,V,R,E,L,N,R,Q,L,R,G,C,G,R,D,E,A,L,R,L,K,Q,R,R,R,T,L,K,N,R,G,Y,A,Q,A,C,R,S,K,R,L,Q,Q,R,R,G,L,E,A,E,R,A,R,L,A,A,Q,L,D,A,L,R,A,D,L,A,R,L,A,R,E,R,D,L,Y,K,A,R,C,E,R,L,A,A,-,-,-,-,H,A,H,L,L,L
Peromyscus_californicus_insignis,M,A,L,P,P,S,P,L,A,M,E,Y,V,N,D,F,D,L,M,K,F,E,I,K,R,E,P,S,E,G,R,P,G,L,P,T,A,S,L,G,S,T,P,Y,S,S,V,P,P,S,P,T,F,S,E,P,G,M,V,G,S,S,E,G,P,R,P,G,L,E,E,L,Y,W,L,A,T,L,Q,Q,Q,L,G,A,D,E,V,L,G,L,S,P,D,E,A,V,E,L,L,Q,N,Q,G,P,G,P,V,E,G,P,R,G,Y,Y,S,G,S,P,G,E,T,G,V,Q,H,A,Q,L,P,E,R,F,S,D,A,A,L,V,S,M,S,V,R,E,L,N,R,Q,L,R,G,C,G,R,D,E,A,L,R,L,K,Q,R,R,R,T,L,K,N,R,G,Y,A,Q,A,C,R,S,K,R,L,Q,Q,R,R,G,L,E,A,E,R,A,R,L,A,A,Q,L,D,A,L,R,A,E,V,A,R,L,A,R,E,R,D,L,Y,K,A,R,C,D,R,L,T,S,S,G,P,G,H,A,H,L,F,L
Peromyscus_leucopus,M,A,L,P,P,S,P,L,A,M,E,Y,V,N,D,F,D,L,M,K,F,E,I,K,R,E,P,S,E,G,R,P,G,L,P,T,A,S,L,G,S,T,P,Y,S,S,V,P,P,S,P,T,F,S,E,P,G,M,V,G,S,S,E,G,P,R,P,G,L,E,E,L,Y,W,L,A,T,L,Q,Q,Q,L,G,A,D,E,V,L,G,L,S,P,D,E,A,V,E,L,L,Q,N,Q,G,P,V,P,V,E,G,P,R,G,Y,Y,S,G,S,P,G,E,T,G,A,Q,H,A,Q,L,P,E,R,F,S,D,A,A,L,V,S,M,S,V,R,E,L,N,R,Q,L,R,G,C,G,R,D,E,A,L,R,L,K,Q,R,R,R,T,L,K,N,R,G,Y,A,Q,A,C,R,S,K,R,L,Q,Q,R,R,G,L,E,A,E,R,A,R,L,A,A,Q,L,D,A,L,R,A,E,V,A,R,L,A,R,E,R,D,L,Y,K,A,R,C,D,R,L,T,S,S,G,P,G,H,A,H,L,F,L
Peromyscus_maniculatus_bairdii,M,A,L,P,P,S,P,L,A,M,E,Y,V,N,D,F,D,L,M,K,F,E,I,K,R,E,P,S,E,G,R,P,G,L,P,T,A,S,L,G,S,T,P,Y,S,S,V,P,P,S,P,T,F,S,E,P,G,M,V,G,S,S,E,G,P,R,P,G,L,E,E,L,Y,W,L,A,T,L,Q,Q,Q,L,G,A,D,E,V,L,G,L,S,P,D,E,A,V,E,L,L,Q,N,Q,G,P,V,P,V,E,G,P,R,G,Y,Y,S,G,S,P,G,E,T,G,A,Q,H,A,Q,L,P,E,R,F,S,D,A,A,L,V,S,M,S,V,R,E,L,N,R,Q,L,R,G,C,G,R,D,E,A,L,R,L,K,Q,R,R,R,T,L,K,N,R,G,Y,A,Q,A,C,R,S,K,R,L,Q,Q,R,R,G,L,E,A,E,R,A,R,L,A,A,Q,L,D,A,L,R,A,E,V,A,R,L,A,R,E,R,D,L,Y,K,A,R,C,D,R,L,T,S,S,G,P,G,H,A,H,L,F,L
Phascolarctos_cinereus,M,A,L,P,P,S,P,L,A,M,E,Y,V,N,D,F,D,L,M,K,F,E,V,K,R,E,P,S,E,G,R,S,G,P,P,T,A,S,L,G,S,T,P,Y,S,S,V,P,P,S,P,T,F,S,D,P,G,V,V,G,A,T,E,G,V,R,Q,G,L,E,E,L,Y,W,L,A,A,L,Q,Q,Q,L,G,T,G,E,G,L,G,L,S,T,D,E,A,V,E,F,L,Q,G,Q,G,P,A,P,A,E,G,P,L,S,H,Y,P,G,S,S,E,E,M,G,-,-,-,-,-,L,A,E,R,F,S,D,A,A,L,V,S,M,S,V,R,E,L,N,R,Q,L,R,G,C,G,R,D,E,A,L,R,L,K,Q,R,R,R,T,L,K,N,R,G,Y,A,Q,A,C,R,S,K,R,L,Q,Q,R,R,G,L,E,A,E,R,A,R,L,A,A,Q,L,D,S,L,R,V,E,L,A,R,L,A,R,E,R,D,L,Y,K,A,R,C,D,K,M,S,A,S,A,P,G,P,G,-,-,-,-
Phoca_vitulina,M,A,L,P,P,S,P,L,A,M,E,Y,V,N,D,F,D,L,M,K,F,E,V,K,R,E,P,S,E,G,R,S,G,P,P,T,A,S,L,G,S,T,P,Y,S,S,V,P,P,S,P,T,F,S,E,P,G,M,V,G,A,T,E,G,P,R,P,G,L,E,E,L,Y,W,L,A,T,L,Q,Q,Q,L,G,A,G,E,A,L,G,L,S,P,E,E,A,V,E,L,L,Q,G,Q,G,P,V,P,I,E,G,P,H,S,Y,Y,P,G,S,P,E,E,T,G,A,Q,H,A,Q,L,A,E,R,F,S,D,A,A,L,V,S,M,S,V,R,E,L,N,R,Q,L,R,G,C,G,R,D,E,A,L,R,L,K,Q,R,R,R,T,L,K,N,R,G,Y,A,Q,A,C,R,S,K,R,L,Q,Q,R,R,G,L,E,A,E,R,A,R,L,A,A,Q,L,D,A,L,R,A,E,V,A,R,L,A,R,E,R,D,L,Y,K,A,R,C,D,R,L,T,S,S,G,P,G,H,A,H,F,F,L
Phodopus_roborovskii,M,A,L,P,P,S,P,L,A,M,E,Y,V,N,D,F,D,L,M,K,F,E,I,K,R,E,P,S,E,G,R,S,G,L,P,T,A,S,L,G,S,T,P,Y,S,S,V,P,P,S,P,T,F,S,E,P,G,L,L,G,S,S,E,G,P,R,P,G,L,E,E,L,Y,W,L,A,T,L,Q,Q,Q,L,G,S,D,E,V,L,G,L,S,P,D,E,A,V,E,L,L,Q,N,Q,G,Q,V,P,A,E,G,P,L,D,Y,Y,S,G,S,P,G,E,T,G,A,Q,R,A,Q,L,P,E,R,F,S,D,A,A,L,V,S,M,S,V,R,E,L,N,R,Q,L,R,G,C,G,R,D,E,A,L,R,L,K,Q,R,R,R,T,L,K,N,R,G,Y,A,Q,A,C,R,S,K,R,L,Q,Q,R,R,G,L,E,A,E,R,A,R,L,A,A,Q,L,D,A,L,R,A,E,V,A,R,L,A,R,E,R,D,L,Y,K,A,R,C,D,R,L,T,S,S,G,P,G,H,A,H,L,F,L
Prionailurus_bengalensis_euptilurus,-,-,-,-,-,-,-,-,-,-,-,-,-,-,-,-,-,-,-,-,-,-,-,-,-,-,-,-,-,-,-,-,-,-,-,-,-,-,-,-,-,-,-,-,-,-,-,-,-,-,-,-,-,-,-,-,-,-,-,-,-,-,-,-,-,-,-,-,-,-,-,-,-,-,-,-,-,-,-,-,-,-,-,-,-,-,-,-,-,-,-,-,-,-,-,-,-,-,-,-,-,-,-,-,-,-,-,-,-,-,-,-,-,-,-,-,-,-,-,-,-,-,-,-,-,-,-,-,-,-,-,-,-,-,-,-,-,-,-,-,-,-,-,-,-,-,-,-,-,-,-,-,-,-,-,-,-,-,-,-,-,-,-,-,-,-,-,-,-,-,-,-,-,-,-,-,-,-,-,-,-,-,-,-,-,-,-,-,-,-,-,-,-,-,-,-,-,-,-,-,-,-,-,-,-,-,-,-,-,-,-,-,-,-,-,-,-,-,-,-,-,-,-,-,-,-,-,-,-,-,-,-,-,-
Puma_concolor,M,A,L,P,P,S,P,L,A,M,E,Y,V,N,D,F,D,L,M,K,F,E,V,K,R,E,P,S,E,G,R,S,G,P,P,T,A,S,L,G,S,T,P,Y,S,S,V,P,P,S,P,T,F,S,D,P,G,M,V,G,A,T,E,A,P,R,P,G,L,E,E,L,Y,W,L,A,T,L,Q,Q,Q,L,G,A,G,E,A,L,G,L,S,P,E,E,A,V,E,L,L,Q,G,Q,G,P,V,P,V,E,G,P,H,S,Y,Y,P,G,S,P,E,E,T,G,A,Q,H,A,Q,L,A,E,R,F,S,D,A,A,L,V,S,M,S,V,R,E,L,N,R,Q,L,R,G,C,G,R,D,E,A,L,R,L,K,Q,R,R,R,T,L,K,N,R,G,Y,A,Q,A,C,R,S,K,R,L,Q,Q,R,R,G,L,E,A,E,R,A,R,L,A,A,Q,L,D,A,L,R,A,E,V,A,R,L,A,R,E,R,D,L,Y,K,A,R,C,D,R,L,T,S,S,G,P,G,H,A,H,F,F,L
Puma_yagouaroundi,M,A,L,P,P,S,P,L,A,M,E,Y,V,N,D,F,D,L,M,K,F,E,V,K,R,E,P,S,E,G,R,S,G,P,P,T,A,S,L,G,S,T,P,Y,S,S,V,P,P,S,P,T,F,S,D,P,G,M,V,G,A,T,E,A,P,R,P,G,L,E,E,L,Y,W,L,A,T,L,Q,Q,Q,L,G,A,G,E,A,L,G,L,S,P,E,E,A,V,E,L,L,Q,G,Q,G,P,V,P,V,E,G,P,H,S,Y,Y,P,G,S,P,E,E,T,G,A,Q,H,A,Q,L,A,E,R,F,S,D,A,A,L,V,S,M,S,V,R,E,L,N,R,Q,L,R,G,C,G,R,D,E,A,L,R,L,K,Q,R,R,R,T,L,K,N,R,G,Y,A,Q,A,C,R,S,K,R,L,Q,Q,R,R,G,L,E,A,E,R,A,R,L,A,A,Q,L,D,A,L,R,A,E,V,A,R,L,A,R,E,R,D,L,Y,K,A,R,C,D,R,L,T,S,S,G,P,G,H,A,H,F,F,L
Rattus_norvegicus,M,A,L,P,P,S,P,L,A,M,E,Y,V,N,D,F,D,L,M,K,F,E,I,K,R,E,P,S,E,G,R,S,G,V,P,T,A,S,L,G,S,T,P,Y,S,S,V,P,P,S,P,T,F,S,E,P,G,M,V,G,N,S,E,A,P,R,P,G,L,E,E,L,Y,W,L,A,T,L,Q,Q,Q,L,G,A,D,E,V,L,G,L,S,P,D,E,A,V,E,L,L,Q,S,Q,G,P,V,S,V,E,G,P,H,G,Y,Y,S,G,S,P,G,E,T,G,A,P,N,V,Q,L,P,E,R,F,S,D,A,A,L,V,S,M,S,V,R,E,L,N,R,Q,L,R,G,C,G,R,D,E,A,L,R,L,K,Q,R,R,R,T,L,K,N,R,G,Y,A,Q,A,C,R,S,K,R,L,Q,Q,R,R,G,L,E,A,E,R,A,R,L,A,A,Q,L,D,A,L,R,A,E,V,A,R,L,A,R,E,R,D,L,Y,K,A,R,C,D,R,L,T,S,G,G,P,G,H,T,H,L,F,L
Rattus_rattus,M,A,L,P,P,S,P,L,A,M,E,Y,V,N,D,F,D,L,M,K,F,E,I,K,R,E,P,S,E,G,R,S,G,V,P,T,A,S,L,G,S,T,P,Y,S,S,V,P,P,S,P,T,F,S,E,P,G,M,V,G,N,G,E,A,P,R,P,G,L,E,E,L,Y,W,L,A,T,L,Q,Q,Q,L,G,A,D,E,V,L,G,L,S,P,D,E,A,V,E,L,L,Q,S,Q,G,P,V,S,V,E,G,P,H,G,Y,Y,S,G,S,P,G,E,T,G,A,P,N,V,Q,L,P,E,R,F,S,D,A,A,L,V,S,M,S,V,R,E,L,N,R,Q,L,R,G,C,G,R,D,E,A,L,R,L,K,Q,R,R,R,T,L,K,N,R,G,Y,A,Q,A,C,R,S,K,R,L,Q,Q,R,R,G,L,E,A,E,R,A,R,L,A,A,Q,L,D,A,L,R,A,E,V,A,R,L,A,R,E,R,D,L,Y,K,A,R,C,D,R,L,T,S,G,G,P,G,H,T,H,L,F,L
Sarcophilus_harrisii,M,A,L,P,P,S,P,L,A,M,E,Y,V,N,D,F,D,L,M,K,F,E,V,K,R,E,P,P,E,G,R,S,G,P,P,A,A,S,L,G,S,T,P,Y,S,S,V,P,P,S,P,T,F,S,D,P,G,V,V,G,T,T,E,G,V,R,Q,G,L,E,E,L,F,W,L,A,A,L,Q,Q,Q,L,G,T,G,E,G,L,G,L,S,P,D,E,A,V,E,F,L,Q,G,Q,G,P,V,P,A,E,G,P,L,S,H,Y,P,G,S,T,E,E,M,G,-,-,-,-,-,L,A,E,R,F,S,D,A,A,L,V,S,M,S,V,R,E,L,N,R,Q,L,R,G,C,G,R,D,E,A,L,R,L,K,Q,R,R,R,T,L,K,N,R,G,Y,A,Q,A,C,R,S,K,R,L,Q,Q,R,R,G,L,E,A,E,R,A,R,L,A,A,Q,L,D,A,L,R,A,E,L,V,R,L,A,R,E,R,D,L,Y,K,A,R,C,D,-,-,-,-,-,-,-,-,-,-,-,-,-,-
Suncus_etruscus,M,T,L,P,P,S,P,L,A,M,E,Y,V,N,D,F,D,L,M,K,F,E,V,K,R,E,P,S,E,G,R,S,G,L,P,T,A,S,L,G,S,T,P,Y,S,S,V,P,P,S,P,T,L,S,D,P,G,L,G,G,S,T,E,G,S,R,P,G,L,E,E,L,Y,W,L,A,T,L,Q,Q,Q,L,G,A,G,E,A,L,G,L,S,P,E,E,A,V,E,L,L,Q,G,Q,S,P,L,P,A,E,E,L,H,G,L,Y,P,G,N,P,E,E,T,G,T,Q,H,A,Q,L,L,E,R,F,S,D,A,A,L,V,S,M,S,V,R,E,L,N,R,Q,L,R,G,C,G,R,D,E,A,L,R,L,K,Q,R,R,R,T,L,K,N,R,G,Y,A,Q,A,C,R,S,K,R,L,Q,Q,R,R,G,L,E,A,E,R,A,R,L,A,A,Q,L,D,A,L,R,A,E,V,A,R,L,A,R,E,R,D,H,Y,K,A,R,C,D,R,L,A,S,G,G,P,G,H,P,H,F,F,L
Sus_scrofa,M,A,L,P,P,S,P,L,A,M,E,Y,V,N,D,F,D,L,M,K,F,E,V,K,R,E,P,S,E,G,Q,S,G,P,P,T,A,S,L,G,S,T,P,Y,S,S,V,P,P,S,P,T,F,S,E,P,G,T,V,G,A,T,E,G,P,R,P,G,L,E,E,L,Y,W,L,A,T,L,Q,Q,Q,L,G,A,G,E,A,L,G,L,S,P,E,E,A,A,E,L,L,Q,C,Q,G,P,V,P,V,E,G,P,H,A,Y,Y,P,G,S,P,E,E,T,G,A,Q,H,A,Q,L,A,E,R,F,S,D,A,A,L,V,S,M,S,V,R,E,L,N,R,Q,L,R,G,C,G,R,D,E,A,L,R,L,K,Q,R,R,R,T,L,K,N,R,G,Y,A,Q,A,C,R,S,K,R,L,Q,Q,R,R,G,L,E,A,E,R,A,R,L,A,A,Q,L,D,A,L,R,A,E,V,A,R,L,A,R,E,R,D,L,Y,K,A,R,C,D,R,L,A,P,S,G,P,G,H,A,H,F,F,L
Tachyglossus_aculeatus,M,A,L,P,P,S,P,L,A,M,E,Y,V,N,D,F,D,L,M,K,F,E,V,K,R,E,P,S,E,-,-,-,-,-,-,-,-,S,L,G,S,T,P,Y,S,S,V,P,P,S,P,S,L,S,D,-,-,-,T,G,T,A,E,R,A,H,P,A,L,E,E,L,Y,W,L,A,A,L,Q,Q,Q,L,G,A,G,E,G,V,G,L,T,P,E,E,A,M,E,L,L,Q,G,-,-,-,-,-,-,-,-,-,-,-,-,-,-,-,-,-,-,-,-,-,-,-,-,-,-,P,A,E,R,F,S,D,A,A,L,V,A,M,S,V,R,E,L,N,R,R,L,R,G,C,G,R,D,E,A,T,R,L,K,Q,R,R,R,T,L,K,N,R,G,Y,A,Q,A,C,R,S,K,R,L,Q,Q,R,R,G,L,E,A,E,R,A,R,L,A,A,Q,L,D,A,L,R,A,E,L,A,R,L,A,Q,E,R,D,L,Y,K,A,R,C,D,K,M,A,T,A,-,-,A,H,P,H,F,F,L
Talpa_occidentalis,M,T,L,P,P,S,P,L,A,M,E,Y,V,N,D,F,D,L,M,K,F,E,V,K,R,E,P,S,E,G,R,S,V,P,P,T,A,S,L,G,S,T,P,Y,S,S,V,P,P,S,P,T,F,S,D,P,G,L,V,G,A,T,E,G,P,R,P,G,L,E,E,L,Y,W,L,A,T,L,Q,Q,H,L,G,T,G,D,A,L,G,L,S,P,E,E,V,V,E,M,L,Q,G,Q,G,P,V,P,G,Q,G,A,H,S,Y,Y,P,G,N,P,E,E,T,G,A,Q,H,T,Q,P,A,E,R,F,S,D,A,A,L,V,S,M,S,V,R,E,L,N,R,Q,L,R,G,C,G,R,D,E,A,L,R,L,K,Q,R,R,R,T,L,K,N,R,G,Y,A,Q,A,C,R,S,K,R,L,Q,Q,R,R,G,L,E,A,E,R,A,R,L,A,A,Q,L,D,A,L,R,A,E,V,A,R,L,A,R,E,R,D,L,Y,K,E,R,C,D,R,L,A,P,G,G,A,G,H,A,H,L,F,L
Trichechus_manatus_latirostris,M,A,L,P,P,S,P,L,A,M,E,Y,V,N,D,F,D,L,M,K,F,E,V,K,R,E,P,P,R,G,R,S,G,P,P,M,A,S,L,G,S,T,P,Y,S,S,V,P,S,S,P,T,F,S,E,P,G,V,V,G,A,T,E,G,L,R,P,G,L,E,E,L,Y,W,L,A,T,L,Q,Q,Q,L,G,A,G,E,A,L,E,L,S,P,E,E,A,V,E,L,L,Q,G,Q,G,P,V,L,A,E,G,P,Q,G,Y,Y,P,G,S,P,E,E,T,G,A,Q,H,D,Q,L,A,E,R,F,S,D,A,A,L,L,S,M,S,V,R,E,L,N,R,Q,L,R,G,C,G,R,D,E,A,L,R,L,K,Q,R,R,R,T,L,K,N,R,G,Y,A,Q,A,C,R,S,K,R,L,Q,Q,R,R,G,L,E,A,E,R,A,R,L,L,A,Q,L,E,A,L,R,A,E,V,A,R,L,A,R,E,R,D,L,Y,K,A,R,C,D,R,M,T,S,S,G,A,G,H,A,H,F,F,L
Trichosurus_vulpecula,M,A,L,P,P,S,P,L,A,M,E,Y,V,N,D,F,D,L,M,K,F,E,V,K,R,E,P,S,E,G,R,S,G,P,P,T,A,S,L,G,S,T,P,Y,S,S,V,P,P,S,P,T,F,S,D,P,G,V,V,G,A,T,E,G,V,R,Q,G,L,E,E,L,Y,W,L,A,A,L,Q,Q,Q,L,G,T,G,E,G,L,G,L,S,P,D,E,A,V,E,F,L,Q,G,Q,G,P,A,P,A,E,G,P,L,S,H,Y,P,G,G,S,E,E,M,G,-,-,-,-,-,L,A,E,R,F,S,D,A,A,L,V,S,M,S,V,R,E,L,N,R,Q,L,R,G,C,G,R,D,E,A,L,R,L,K,Q,R,R,R,T,L,K,N,R,G,Y,A,Q,A,C,R,S,K,R,L,Q,Q,R,R,G,L,E,A,E,R,A,R,L,A,A,Q,L,D,A,L,R,A,E,L,A,R,L,A,R,E,R,D,L,Y,K,A,R,C,D,-,-,-,-,-,-,-,-,-,-,-,-,-,-
Ursus_arctos_horribilis,-,-,-,-,-,-,-,-,-,-,-,-,-,-,-,-,-,-,-,-,-,-,-,-,-,-,-,-,-,-,-,-,-,-,-,-,-,-,-,-,-,-,-,-,-,-,-,-,-,-,-,-,-,-,-,-,-,-,-,-,-,-,-,-,-,-,-,-,-,-,-,-,-,-,-,-,-,-,-,-,-,-,-,-,-,-,-,-,-,-,-,-,-,-,-,-,-,-,-,-,-,-,-,-,-,-,-,-,-,-,-,-,-,-,-,-,-,-,-,-,-,-,-,-,-,-,-,-,-,-,-,-,-,-,-,-,-,-,-,-,-,-,-,-,-,-,-,-,-,-,-,-,-,-,-,-,-,-,-,-,-,-,-,-,-,-,-,-,-,-,-,-,-,-,-,-,-,-,-,-,-,-,-,-,-,-,-,-,-,-,-,-,-,-,-,-,-,-,-,-,-,-,-,-,-,-,-,-,-,-,-,-,-,-,-,-,-,-,-,-,-,-,-,-,-,-,-,-,-,-,-,-,-,-
Vombatus_ursinus,M,A,L,P,P,S,P,L,A,M,E,Y,V,N,D,F,D,L,M,K,F,E,V,K,R,E,P,S,E,G,R,S,G,P,P,T,A,S,L,G,S,T,P,Y,S,S,V,P,P,S,P,T,F,S,D,P,G,V,V,G,A,T,E,G,V,R,Q,G,L,E,E,L,Y,W,L,A,A,L,Q,Q,Q,L,G,T,G,E,G,L,G,L,S,P,D,E,A,V,E,F,L,Q,G,Q,G,P,A,P,A,E,G,P,L,S,H,Y,S,G,S,S,E,E,M,G,-,-,-,-,-,L,A,E,R,F,S,D,A,A,L,V,S,M,S,V,R,E,L,N,R,Q,L,R,G,C,G,R,D,E,A,L,R,L,K,Q,R,R,R,T,L,K,N,R,G,Y,A,Q,A,C,R,S,K,R,L,Q,Q,R,R,G,L,E,A,E,R,A,R,L,A,A,Q,L,D,A,L,R,A,E,L,A,R,L,A,R,E,R,D,L,Y,K,A,R,C,D,K,M,S,A,S,A,P,G,P,G,-,-,-,-
Vulpes_lagopus,M,A,L,P,P,S,P,L,A,M,E,Y,V,N,D,F,D,L,M,K,F,E,V,K,R,E,P,A,E,G,R,S,G,P,P,T,A,S,L,G,S,T,P,Y,S,S,V,P,P,S,P,T,F,S,E,P,G,M,A,G,A,T,E,G,P,R,P,G,L,E,E,L,Y,W,L,A,T,L,Q,Q,Q,L,G,T,G,E,A,L,G,L,S,P,E,E,A,A,E,L,L,Q,G,Q,G,P,V,P,I,E,G,P,H,G,Y,Y,P,G,S,P,E,G,T,E,A,Q,H,T,Q,L,A,E,R,F,S,D,A,A,L,V,S,M,S,V,R,E,L,N,R,Q,L,R,G,C,G,R,D,E,A,L,R,L,K,Q,R,R,R,T,L,K,N,R,G,Y,A,Q,A,C,R,S,K,R,L,Q,Q,R,R,G,L,E,A,E,R,A,R,L,A,A,Q,L,D,A,L,R,A,E,V,A,R,L,A,R,E,R,D,L,Y,K,A,R,C,D,R,L,T,S,S,G,P,G,H,A,H,F,F,L
Vulpes_vulpes,M,A,L,P,P,S,P,L,A,M,E,Y,V,N,D,F,D,L,M,K,F,E,V,K,R,E,P,A,E,G,R,S,G,P,P,T,A,S,L,G,S,T,P,Y,S,S,V,P,P,S,P,T,F,S,E,P,G,M,A,G,A,T,E,G,P,R,P,G,L,E,E,L,Y,W,L,A,T,L,Q,Q,Q,L,G,T,G,E,A,L,G,L,S,P,E,E,A,A,E,L,L,Q,G,Q,G,P,V,P,I,E,G,P,H,G,Y,Y,P,G,S,P,E,G,T,E,A,Q,H,T,Q,L,A,E,R,F,S,D,A,A,L,V,S,M,S,V,R,E,L,N,R,Q,L,R,G,C,G,R,D,E,A,L,R,L,K,Q,R,R,R,T,L,K,N,R,G,Y,A,Q,A,C,R,S,K,R,L,Q,Q,R,R,G,L,E,A,E,R,A,R,L,A,A,Q,L,D,A,L,R,A,E,V,A,R,L,A,R,E,R,D,L,Y,K,A,R,C,D,R,L,T,S,S,G,P,G,H,A,H,F,F,L
Zalophus_californianus,M,A,L,P,P,S,P,L,A,M,E,Y,V,N,D,F,D,L,M,K,F,E,V,K,R,E,P,S,E,G,R,S,G,P,P,T,A,S,L,G,S,T,P,Y,S,S,V,P,P,S,P,T,F,S,E,P,G,M,V,G,A,T,E,G,P,R,P,G,L,E,E,L,Y,W,L,A,T,L,Q,Q,Q,L,G,A,G,E,A,L,G,L,S,P,E,E,A,V,E,L,L,Q,G,Q,G,P,V,P,I,E,G,P,H,S,Y,Y,P,G,S,P,E,E,T,G,A,Q,H,A,Q,L,A,E,R,F,S,D,A,A,L,V,S,M,S,V,R,E,L,N,R,Q,L,R,G,C,G,R,D,E,A,L,R,L,K,Q,R,R,R,T,L,K,N,R,G,Y,A,Q,A,C,R,S,K,R,L,Q,Q,R,R,G,L,E,A,E,R,A,R,L,A,A,Q,L,D,A,L,R,A,E,V,A,R,L,A,R,E,R,D,L,Y,K,A,R,C,D,R,L,T,S,S,G,P,G,H,A,H,F,F,L
shrew_mole,M,A,L,P,P,S,P,L,A,M,E,Y,V,N,D,F,D,L,M,K,F,E,V,K,R,E,P,S,E,G,R,S,G,P,S,T,A,S,L,G,S,T,P,Y,S,S,V,P,P,S,P,T,F,S,D,P,G,L,V,G,A,T,E,G,L,R,P,G,L,E,E,L,Y,W,L,A,T,L,Q,Q,Q,L,G,T,G,D,S,L,G,L,S,P,E,E,A,V,E,L,L,Q,G,Q,S,P,E,P,V,E,G,P,H,S,Y,Y,P,G,S,P,E,E,T,G,A,Q,H,T,Q,L,A,E,R,F,S,D,A,A,L,V,S,M,S,V,R,E,L,N,R,Q,L,R,G,C,G,R,D,E,A,L,R,L,K,Q,R,R,R,T,L,K,N,R,G,Y,A,Q,A,C,R,S,K,R,L,L,Q,R,R,G,L,E,A,E,R,A,R,L,A,A,Q,L,D,A,L,R,A,E,V,V,R,L,A,R,E,R,D,L,Y,K,A,R,C,D,R,L,A,S,S,S,P,D,H,A,H,F,F,L
ZWS,M,A,L,S,P,N,P,L,A,M,E,Y,V,N,D,F,D,L,M,K,F,E,V,K,R,E,P,S,E,G,R,S,G,P,P,T,A,S,L,G,S,T,P,Y,S,S,V,P,P,S,P,T,F,S,E,P,G,L,V,G,S,S,E,G,P,R,P,G,L,E,E,L,Y,W,L,A,T,L,Q,Q,Q,L,G,A,G,E,A,L,G,L,S,P,D,E,A,M,E,L,L,Q,G,Q,G,P,V,P,I,E,G,P,H,G,Y,Y,P,G,S,P,E,E,T,G,V,Q,H,A,Q,L,A,E,R,F,S,D,A,A,L,V,S,M,S,V,R,E,L,N,R,Q,L,R,G,C,G,R,D,E,A,L,R,L,K,Q,R,R,R,T,L,K,N,R,G,Y,A,Q,A,C,R,S,K,R,L,Q,Q,R,R,G,L,E,A,E,R,V,R,L,A,A,Q,L,D,A,L,R,A,E,V,A,R,L,A,R,E,R,D,L,Y,K,A,R,C,D,R,L,T,S,S,G,P,G,H,T,H,L,F,L
