,OCEL1 0,OCEL1 1,OCEL1 2,OCEL1 3,OCEL1 4,OCEL1 5,OCEL1 6,OCEL1 7,OCEL1 8,OCEL1 9,OCEL1 10,OCEL1 11,OCEL1 12,OCEL1 13,OCEL1 14,OCEL1 15,OCEL1 16,OCEL1 17,OCEL1 18,OCEL1 19,OCEL1 20,OCEL1 21,OCEL1 22,OCEL1 23,OCEL1 24,OCEL1 25,OCEL1 26,OCEL1 27,OCEL1 28,OCEL1 29,OCEL1 30,OCEL1 31,OCEL1 32,OCEL1 33,OCEL1 34,OCEL1 35,OCEL1 36,OCEL1 37,OCEL1 38,OCEL1 39,OCEL1 40,OCEL1 41,OCEL1 42,OCEL1 43,OCEL1 44,OCEL1 45,OCEL1 46,OCEL1 47,OCEL1 48,OCEL1 49,OCEL1 50,OCEL1 51,OCEL1 52,OCEL1 53,OCEL1 54,OCEL1 55,OCEL1 56,OCEL1 57,OCEL1 58,OCEL1 59,OCEL1 60,OCEL1 61,OCEL1 62,OCEL1 63,OCEL1 64,OCEL1 65,OCEL1 66,OCEL1 67,OCEL1 68,OCEL1 69,OCEL1 70,OCEL1 71,OCEL1 72,OCEL1 73,OCEL1 74,OCEL1 75,OCEL1 76,OCEL1 77,OCEL1 78,OCEL1 79,OCEL1 80,OCEL1 81,OCEL1 82,OCEL1 83,OCEL1 84,OCEL1 85,OCEL1 86,OCEL1 87,OCEL1 88,OCEL1 89,OCEL1 90,OCEL1 91,OCEL1 92,OCEL1 93,OCEL1 94,OCEL1 95,OCEL1 96,OCEL1 97,OCEL1 98,OCEL1 99,OCEL1 100,OCEL1 101,OCEL1 102,OCEL1 103,OCEL1 104,OCEL1 105,OCEL1 106,OCEL1 107,OCEL1 108,OCEL1 109,OCEL1 110,OCEL1 111,OCEL1 112,OCEL1 113,OCEL1 114,OCEL1 115,OCEL1 116,OCEL1 117,OCEL1 118,OCEL1 119,OCEL1 120,OCEL1 121,OCEL1 122,OCEL1 123,OCEL1 124,OCEL1 125,OCEL1 126,OCEL1 127,OCEL1 128,OCEL1 129,OCEL1 130,OCEL1 131,OCEL1 132,OCEL1 133,OCEL1 134,OCEL1 135,OCEL1 136,OCEL1 137,OCEL1 138,OCEL1 139,OCEL1 140,OCEL1 141,OCEL1 142,OCEL1 143,OCEL1 144,OCEL1 145,OCEL1 146,OCEL1 147,OCEL1 148,OCEL1 149,OCEL1 150,OCEL1 151,OCEL1 152,OCEL1 153,OCEL1 154,OCEL1 155,OCEL1 156,OCEL1 157,OCEL1 158,OCEL1 159,OCEL1 160,OCEL1 161,OCEL1 162,OCEL1 163,OCEL1 164,OCEL1 165,OCEL1 166,OCEL1 167,OCEL1 168,OCEL1 169,OCEL1 170,OCEL1 171,OCEL1 172,OCEL1 173,OCEL1 174,OCEL1 175,OCEL1 176,OCEL1 177,OCEL1 178,OCEL1 179,OCEL1 180,OCEL1 181,OCEL1 182,OCEL1 183,OCEL1 184,OCEL1 185,OCEL1 186,OCEL1 187,OCEL1 188,OCEL1 189,OCEL1 190,OCEL1 191,OCEL1 192,OCEL1 193,OCEL1 194,OCEL1 195,OCEL1 196,OCEL1 197,OCEL1 198,OCEL1 199,OCEL1 200,OCEL1 201,OCEL1 202,OCEL1 203,OCEL1 204,OCEL1 205,OCEL1 206,OCEL1 207
Chrysochloris_asiatica,M,P,T,R,E,T,P,Q,T,H,S,S,G,G,R,P,Q,L,R,P,P,G,P,G,P,P,-,-,R,L,D,P,R,G,L,E,T,S,S,P,S,S,L,C,Q,P,Q,S,G,T,H,R,A,R,P,K,K,I,V,F,E,D,E,L,P,P,Q,A,I,L,G,T,K,R,P,V,G,A,-,-,-,-,-,-,-,R,P,H,P,V,P,D,Y,E,L,K,Y,P,P,V,R,S,E,R,E,R,N,R,Y,A,A,V,F,Q,D,Q,Y,S,E,F,L,E,L,Q,Q,Q,V,G,C,T,Q,A,K,L,Q,Q,L,Q,A,L,L,N,S,L,P,P,P,H,S,Q,K,E,A,H,V,A,A,R,V,W,R,K,F,E,K,K,Q,M,D,P,R,F,L,D,K,Q,A,R,Y,R,Y,L,K,G,K,L,R,H,L,K,A,Q,I,Q,K,Y,D,D,Q,Q,D,S,E,G,S,V,Y,F
Balaenoptera_acutorostrata_scammoni,M,P,T,R,E,A,P,Q,S,R,G,S,R,G,N,L,Q,T,R,P,P,G,P,G,P,P,-,-,R,L,V,P,G,G,L,E,P,S,A,A,R,P,L,C,Q,P,Q,P,G,A,H,R,T,R,P,K,K,I,V,F,E,D,E,L,P,S,R,T,L,L,S,S,K,K,S,L,R,A,I,P,G,G,H,V,P,R,P,H,P,V,P,D,Y,E,L,K,Y,P,P,V,S,N,E,K,D,R,S,R,Y,A,A,V,F,Q,D,Q,Y,P,E,F,L,E,L,Q,Q,E,V,G,S,A,Q,A,K,L,Q,Q,L,E,A,L,L,N,S,-,P,P,P,R,S,Q,K,E,A,H,V,A,A,R,V,W,R,E,F,E,K,K,Q,L,D,P,S,F,L,D,K,Q,A,R,C,H,Y,L,K,G,K,L,R,H,L,K,T,Q,I,Q,K,F,D,D,Q,G,D,S,E,G,S,V,Y,F
Balaenoptera_musculus,M,P,T,R,E,A,P,Q,S,R,G,S,R,G,N,L,Q,T,R,P,P,G,P,G,P,P,-,-,R,L,V,P,G,G,L,E,P,S,A,A,R,P,L,C,Q,P,Q,P,G,A,H,G,T,R,P,K,K,I,V,F,E,D,E,L,P,S,R,T,L,L,G,S,K,K,S,I,R,A,I,P,G,G,H,V,P,R,P,H,P,V,P,D,Y,E,L,K,Y,P,P,V,S,N,E,K,D,R,S,R,Y,A,A,V,F,Q,D,Q,Y,P,E,F,L,E,L,Q,Q,E,V,G,S,A,Q,A,K,L,Q,Q,L,E,A,L,L,N,S,L,P,P,P,R,S,Q,K,E,A,H,V,A,A,R,V,W,R,E,F,E,K,K,Q,L,D,P,S,F,L,D,K,Q,A,R,C,H,Y,L,K,G,K,L,R,H,L,K,T,Q,I,Q,K,F,D,D,Q,G,D,S,E,G,S,V,Y,F
Echinops_telfairi,M,P,I,R,E,T,P,Q,T,H,G,S,Q,R,D,P,Q,L,R,P,P,G,P,G,P,P,-,-,-,-,-,P,R,A,L,E,A,S,S,P,R,S,L,C,Q,P,Q,S,G,A,H,R,A,R,P,K,K,I,V,F,E,D,E,L,P,P,Q,A,F,L,E,T,R,R,P,L,G,A,T,P,G,V,Y,K,P,S,P,H,P,L,P,D,Y,E,L,K,Y,P,S,V,S,S,E,R,E,R,S,R,Y,V,A,V,F,Q,D,Q,Y,S,E,F,V,E,L,Q,Q,E,V,A,S,A,Q,A,E,L,H,H,L,Q,T,Q,L,N,S,L,P,P,P,R,S,Q,K,E,A,Q,V,T,A,R,V,W,R,K,F,E,K,K,Q,M,D,P,R,F,L,D,K,Q,A,R,Y,R,Y,L,K,G,K,L,R,H,L,K,A,Q,I,Q,K,Y,D,E,Q,-,D,S,E,G,S,V,Y,F
Delphinapterus_leucas,M,P,T,R,E,A,P,Q,T,G,G,S,R,G,N,L,Q,T,R,P,P,G,P,G,P,P,-,-,R,L,V,P,G,G,L,E,P,S,A,P,R,P,L,C,Q,P,Q,P,G,A,H,G,T,R,P,K,K,I,V,F,E,D,E,L,P,S,R,T,L,L,G,S,K,K,S,V,R,A,V,P,G,G,H,V,P,R,P,H,P,V,P,D,Y,E,L,K,Y,P,P,V,S,S,E,K,D,R,S,R,Y,A,A,V,F,Q,D,Q,Y,P,E,F,L,E,L,Q,Q,E,V,G,S,A,Q,A,K,L,Q,Q,L,E,A,L,L,N,S,L,P,P,P,R,S,Q,K,E,A,H,V,A,A,R,V,W,R,E,F,E,K,K,Q,L,D,P,S,F,L,D,K,Q,A,R,C,H,Y,L,K,G,K,L,R,H,L,K,T,Q,I,Q,K,F,D,D,Q,G,D,S,E,G,S,V,Y,F
Globicephala_melas,M,P,T,R,E,A,P,Q,T,R,G,S,R,G,N,L,Q,T,R,P,P,G,P,G,P,P,-,-,R,L,V,P,G,G,L,E,P,S,A,P,R,P,L,C,Q,P,Q,P,G,A,H,G,T,R,P,K,K,I,I,F,E,D,E,L,P,S,R,T,L,L,G,S,K,K,S,V,R,A,V,P,G,V,H,G,P,R,P,H,P,V,P,D,Y,E,L,K,Y,P,P,V,S,N,E,K,D,R,S,R,Y,A,A,V,F,Q,D,Q,Y,P,E,F,L,E,L,Q,Q,E,V,G,S,A,Q,A,K,L,Q,Q,L,E,A,L,L,N,S,L,P,P,P,R,S,Q,K,E,A,H,V,A,A,R,V,W,R,E,F,E,K,K,Q,L,D,P,S,F,L,D,K,Q,A,R,C,H,Y,L,K,G,K,L,R,H,L,K,T,Q,I,Q,K,F,D,D,Q,G,D,S,E,G,S,V,Y,F
Lagenorhynchus_obliquidens,M,P,T,R,E,A,P,Q,T,R,G,S,R,G,N,L,Q,T,H,P,P,G,P,G,P,P,-,-,R,L,V,P,G,G,L,E,P,S,A,P,R,P,L,C,Q,P,Q,P,G,A,H,G,T,R,P,K,K,I,V,F,E,D,E,L,P,S,R,T,L,L,G,S,K,K,S,V,R,A,V,P,G,G,H,G,P,R,P,H,P,V,P,D,Y,E,L,K,Y,P,P,V,S,N,E,K,D,R,S,R,Y,A,A,V,F,Q,D,Q,Y,P,E,F,L,E,L,Q,Q,E,V,G,S,A,Q,A,K,L,Q,Q,L,E,A,L,L,N,S,L,P,P,P,R,S,Q,K,E,A,H,V,A,A,R,V,W,R,E,F,E,K,K,Q,L,D,P,S,F,L,D,K,Q,A,R,C,H,Y,L,K,G,K,L,R,H,L,K,T,Q,I,Q,K,F,D,D,Q,G,D,S,E,G,S,V,Y,F
Lipotes_vexillifer,M,P,T,L,E,A,P,Q,T,R,G,S,R,G,N,L,Q,T,R,P,P,G,P,G,P,P,-,-,R,L,M,P,G,G,L,E,P,S,A,S,R,P,L,C,Q,P,Q,P,G,A,H,G,T,R,P,K,K,I,V,F,E,D,E,L,P,S,R,T,L,L,G,S,K,K,S,V,R,A,V,P,G,G,H,E,P,R,P,H,P,V,P,D,Y,E,L,K,Y,P,P,V,S,N,E,K,D,R,S,R,Y,A,A,V,F,Q,D,Q,Y,P,E,F,L,E,L,-,-,-,-,-,S,A,Q,A,K,L,Q,Q,L,E,A,L,L,N,S,L,P,P,P,R,S,Q,K,E,A,H,V,A,A,R,V,W,R,E,F,E,K,K,Q,L,D,P,S,F,L,D,K,Q,A,R,C,H,Y,L,K,G,K,L,R,H,L,K,T,Q,I,R,K,F,D,D,Q,G,D,S,E,G,S,V,Y,F
Monodon_monoceros,M,P,T,R,E,A,P,Q,T,G,G,S,R,G,N,L,Q,T,R,P,P,G,P,G,P,P,-,-,R,L,V,P,G,G,L,E,P,S,A,P,R,P,L,C,Q,P,Q,P,G,A,H,G,T,R,P,K,K,I,V,F,E,D,E,L,P,S,R,T,L,L,G,S,K,K,S,V,R,A,V,P,G,G,H,V,P,R,P,H,P,V,P,D,Y,E,L,K,Y,P,P,V,S,N,E,K,D,R,S,R,Y,A,A,V,F,Q,D,Q,Y,P,E,F,L,E,L,Q,Q,E,V,G,S,A,Q,A,K,L,Q,Q,L,E,A,L,L,N,S,L,P,P,P,R,S,Q,K,E,A,H,V,A,A,R,V,W,R,E,F,E,K,K,Q,L,D,P,S,F,L,D,K,Q,A,R,C,H,Y,L,K,G,K,L,R,H,L,K,T,Q,I,Q,K,F,D,D,Q,G,D,S,E,G,S,V,Y,F
Neophocaena_asiaeorientalis_asiaeorientalis,M,P,T,R,E,A,P,Q,T,R,G,S,R,G,N,L,Q,T,R,P,P,G,P,G,P,P,-,-,R,L,V,P,G,G,L,E,P,S,A,P,R,P,L,C,Q,P,Q,P,G,A,H,G,T,R,P,K,K,I,V,F,E,D,E,L,P,S,R,T,L,L,G,S,K,K,P,V,R,A,V,P,G,E,H,V,P,R,P,H,P,V,P,D,Y,E,L,K,Y,P,P,V,S,N,E,K,D,R,S,R,Y,A,A,V,F,Q,D,Q,Y,P,E,F,L,E,L,Q,Q,E,V,G,S,A,Q,A,K,L,Q,Q,L,E,A,L,L,N,S,L,P,P,P,R,S,Q,K,E,A,H,V,A,A,R,V,W,R,E,F,E,K,K,Q,L,D,P,S,F,L,D,K,Q,A,R,C,H,Y,L,K,G,K,L,R,H,L,K,T,Q,I,Q,K,F,D,D,Q,G,D,S,E,G,S,V,Y,F
Orcinus_orca,M,P,T,R,E,A,P,Q,T,R,G,S,R,G,N,L,Q,T,R,P,P,G,P,G,P,P,-,-,R,L,V,P,G,G,L,E,P,S,A,P,R,P,L,C,Q,P,Q,P,G,A,H,G,T,R,P,K,K,I,V,F,E,D,E,L,P,S,R,T,L,L,G,S,K,K,S,V,R,A,V,P,G,G,H,G,P,R,P,H,P,V,P,D,Y,E,L,K,Y,P,P,V,S,N,E,K,D,R,S,R,Y,A,A,V,F,Q,D,Q,Y,P,E,F,L,E,L,Q,Q,E,V,G,S,A,Q,A,K,L,Q,Q,L,E,A,L,L,N,S,L,P,P,P,R,S,Q,K,E,A,H,V,A,A,R,V,W,R,E,F,E,K,K,Q,L,D,P,S,F,L,D,K,Q,A,R,C,H,Y,L,K,G,K,L,R,H,L,K,T,Q,I,Q,K,F,D,D,Q,G,D,S,E,G,S,V,Y,F
Phocoena_sinus,M,P,T,R,E,A,P,Q,T,R,G,S,R,G,N,L,Q,T,R,P,P,G,P,G,P,P,-,-,R,L,V,P,G,G,L,E,P,S,A,P,R,P,L,C,Q,P,Q,P,G,A,H,G,T,R,P,K,K,I,V,F,E,D,E,L,P,S,R,T,L,L,G,S,K,K,P,V,R,A,V,P,G,E,H,V,P,R,P,H,P,V,P,D,Y,E,L,K,Y,P,P,V,S,N,E,K,D,R,S,R,Y,A,A,V,F,Q,D,Q,Y,P,E,F,L,E,L,Q,Q,E,V,G,S,A,Q,A,K,L,Q,Q,L,E,A,L,L,N,S,L,P,P,P,R,S,Q,K,E,A,H,V,A,A,R,V,W,R,E,F,E,K,K,Q,L,D,P,S,F,L,D,K,Q,A,R,C,H,Y,L,K,G,K,L,R,H,L,K,T,Q,I,Q,K,F,D,D,Q,G,D,S,E,G,S,V,Y,F
Physeter_catodon,M,P,T,R,E,A,P,H,T,R,G,S,R,G,N,L,Q,T,R,P,P,G,P,G,P,P,-,-,R,L,V,P,G,G,F,E,P,S,V,A,R,P,L,C,Q,P,Q,P,G,A,H,G,T,R,P,K,K,I,V,F,E,D,E,L,P,S,R,T,L,L,G,S,K,K,S,V,R,A,V,P,G,G,H,V,P,R,P,H,P,V,P,D,Y,E,L,K,Y,P,P,V,S,N,E,K,D,R,S,R,Y,A,A,V,F,Q,D,Q,Y,P,E,F,L,E,L,Q,Q,E,V,G,S,A,Q,A,K,L,Q,Q,L,E,A,L,L,N,S,L,P,P,P,R,S,Q,K,E,A,H,V,A,A,R,V,W,R,E,F,E,K,K,Q,L,D,P,S,F,L,D,K,Q,A,R,C,H,Y,L,K,G,K,L,R,H,L,K,T,Q,I,Q,K,F,D,D,Q,G,D,N,E,G,S,V,Y,F
Tursiops_truncatus,M,P,T,R,E,A,P,Q,T,R,G,S,R,G,N,L,Q,T,R,P,P,G,P,G,P,P,-,-,R,L,V,P,G,G,L,E,P,S,A,P,R,P,L,C,Q,P,Q,P,G,A,H,G,T,R,P,K,K,I,I,F,E,D,E,L,P,S,R,T,L,L,G,S,K,K,S,V,R,A,V,P,G,G,H,G,P,R,P,H,P,V,P,D,Y,E,L,K,Y,P,P,V,S,N,E,K,D,R,S,R,Y,A,A,V,F,Q,D,Q,Y,P,E,F,L,E,L,Q,Q,E,V,G,S,A,Q,A,K,L,Q,Q,L,E,A,L,L,N,S,L,P,P,P,R,S,Q,K,E,A,H,V,A,A,R,V,W,R,E,F,E,K,K,Q,L,D,P,S,F,L,D,K,Q,A,R,C,H,Y,L,K,G,K,L,R,H,L,K,T,Q,I,Q,K,F,D,D,Q,G,D,S,E,G,S,V,Y,F
Acinonyx_jubatus,M,P,T,R,E,S,P,K,T,R,G,Y,R,G,D,L,Q,T,R,P,P,G,P,G,P,P,-,-,R,L,V,P,P,V,Q,E,T,S,P,P,R,A,L,C,E,P,Q,P,G,A,H,R,A,R,P,K,K,I,V,F,E,D,E,L,P,S,R,A,L,L,G,T,K,K,P,I,E,A,I,P,G,G,R,R,P,R,P,H,P,V,P,D,Y,E,L,K,Y,P,Q,V,R,S,E,R,E,R,S,R,Y,V,A,V,F,Q,D,Q,Y,T,E,F,L,E,L,Q,Q,E,V,G,C,A,R,A,K,L,Q,R,L,E,T,L,L,N,S,L,P,R,P,R,S,Q,K,E,A,Q,L,A,A,R,V,W,R,E,F,K,K,K,Q,T,D,P,S,F,L,D,K,Q,A,R,C,H,Y,L,K,G,K,L,R,H,L,K,I,Q,I,Q,K,F,D,E,Q,G,D,Q,K,S,S,V,Y,F
Acomys_russatus,M,P,A,R,E,R,A,Q,P,-,-,-,-,-,-,-,-,-,H,P,P,G,P,K,P,-,-,-,-,-,-,-,-,-,-,-,-,R,A,R,P,P,Q,C,Q,P,G,S,W,E,H,R,R,R,T,R,R,I,V,F,A,D,E,L,-,-,-,-,-,-,-,-,-,-,-,-,-,-,-,-,-,-,-,-,-,-,-,-,P,V,P,D,Y,E,L,K,Y,P,P,V,R,S,G,R,E,R,S,R,Y,A,A,V,F,Q,D,Q,F,S,E,F,S,E,L,Q,R,E,V,E,A,A,Q,A,R,L,G,Q,L,E,A,L,L,L,S,L,P,R,P,R,T,Q,K,E,A,H,L,A,V,R,V,R,R,E,F,E,K,K,R,S,D,P,G,F,L,D,K,E,A,R,C,R,Y,L,K,G,K,L,R,H,L,K,A,Q,I,R,K,F,D,D,Q,G,D,S,E,E,S,V,Y,F
Arvicanthis_niloticus,M,P,A,R,Q,R,P,Q,-,-,-,-,-,-,-,-,-,-,-,-,-,-,-,-,-,-,-,-,-,-,-,-,-,-,-,-,-,R,A,G,R,P,K,C,Q,P,G,P,G,E,L,C,T,R,A,R,K,I,V,F,A,D,E,L,-,-,-,-,-,-,-,-,-,-,-,-,-,-,-,-,-,-,-,-,-,R,P,K,P,V,P,D,Y,E,L,K,Y,P,P,V,T,S,R,R,D,R,S,R,Y,A,A,V,F,Q,D,Q,Y,G,E,F,S,E,L,Q,R,E,V,G,A,T,Q,A,K,L,Q,Q,L,E,A,L,L,L,S,L,P,P,P,Q,S,Q,K,E,V,R,M,A,A,H,V,R,R,E,F,E,K,K,Q,A,D,P,V,F,L,D,K,Q,A,R,C,N,Y,L,K,G,K,L,R,H,L,K,A,Q,I,R,K,F,D,D,Q,R,D,S,E,D,S,V,Y,F
Bison_bison_bison,M,P,T,R,E,P,P,R,T,H,G,S,R,G,N,L,Q,T,R,P,P,G,P,G,P,P,-,-,R,L,V,S,R,G,L,K,P,S,A,P,-,-,-,-,Q,P,Q,P,G,A,H,R,T,K,P,K,K,I,V,F,E,D,E,L,P,S,R,A,L,L,G,T,K,K,S,T,R,A,I,C,E,R,H,V,P,R,P,H,P,V,P,D,Y,E,L,K,Y,P,P,V,S,T,A,K,D,R,S,R,Y,A,A,V,F,Q,D,Q,Y,P,E,F,L,E,L,Q,Q,E,V,G,S,A,Q,A,K,L,Q,Q,L,E,A,L,L,N,S,L,P,R,P,R,S,Q,K,E,A,H,V,A,A,R,V,W,R,E,F,E,K,K,Q,M,D,P,S,F,L,D,K,Q,A,R,C,H,Y,L,K,G,K,L,R,H,L,K,T,Q,I,Q,K,F,D,D,Q,G,D,S,E,G,S,V,Y,F
Bos_indicus,M,P,T,R,E,P,P,R,T,H,G,S,R,G,N,L,Q,T,R,P,P,G,P,G,P,P,-,-,R,L,V,S,R,G,L,K,P,S,A,P,-,-,-,-,Q,P,Q,P,G,A,H,R,T,K,P,K,K,I,V,F,E,D,E,L,P,S,R,A,L,L,G,T,K,K,S,T,R,A,I,C,E,R,H,V,P,R,P,H,P,V,P,D,Y,E,L,K,Y,P,P,V,S,T,A,K,D,R,S,R,Y,A,A,V,F,Q,D,Q,Y,P,E,F,L,E,L,Q,Q,E,V,G,S,A,Q,A,K,L,Q,Q,L,E,A,L,L,N,S,L,P,R,P,R,S,Q,K,E,A,H,V,A,A,R,V,W,R,E,F,E,K,K,Q,M,D,P,S,F,L,D,K,Q,A,R,C,H,Y,L,K,G,K,L,R,H,L,K,T,Q,I,Q,K,F,D,D,Q,G,D,S,E,G,S,V,Y,F
Bos_mutus,M,P,T,R,E,P,S,R,T,H,G,S,R,G,N,L,Q,T,R,P,P,G,P,G,P,P,-,-,R,L,V,S,R,G,L,K,P,S,A,P,-,-,-,-,Q,P,Q,P,G,A,H,R,T,K,P,K,K,I,V,F,E,D,E,L,P,S,R,A,L,L,G,T,K,K,S,T,R,A,I,C,E,R,H,V,P,R,P,H,P,V,P,D,Y,E,L,K,Y,P,P,V,S,T,A,K,D,R,S,R,Y,A,A,V,F,Q,D,Q,Y,P,E,F,L,E,L,Q,Q,E,V,G,S,A,Q,A,K,L,Q,Q,L,E,A,-,L,N,S,L,P,R,P,R,S,Q,K,E,A,H,V,A,A,R,V,W,R,E,F,E,K,K,Q,M,D,P,S,F,L,D,K,Q,A,R,C,H,Y,L,K,G,K,L,R,H,L,K,T,Q,I,Q,K,F,D,D,Q,G,D,S,E,G,S,V,Y,F
Bos_taurus,M,P,T,R,E,P,P,R,T,H,G,S,R,G,N,L,Q,T,R,P,P,G,P,G,P,P,-,-,R,L,V,S,R,G,L,K,P,S,A,P,-,-,-,-,Q,P,Q,P,G,A,H,R,T,K,P,K,K,I,V,F,E,D,E,L,P,S,R,A,L,L,G,T,K,K,S,T,R,A,I,C,E,R,H,V,P,R,P,H,P,V,P,D,Y,E,L,K,Y,P,P,V,S,T,A,K,D,R,S,R,Y,A,A,V,F,Q,D,Q,Y,P,E,F,L,E,L,Q,Q,E,V,G,S,A,Q,A,K,L,Q,Q,L,E,A,L,L,N,S,L,P,R,P,R,S,Q,K,E,A,H,V,A,A,R,V,W,R,E,F,E,K,K,Q,M,D,P,S,F,L,D,K,Q,A,R,C,H,Y,L,K,G,K,L,R,H,L,K,T,Q,I,Q,K,F,D,D,Q,G,D,S,E,G,S,V,Y,F
Bubalus_bubalis,M,P,T,R,E,P,P,Q,T,H,G,S,R,G,N,L,Q,T,R,P,P,G,P,G,P,P,-,-,R,L,V,S,R,G,L,K,P,S,A,P,R,T,V,Y,Q,P,Q,P,G,A,H,R,T,K,P,K,K,I,V,F,E,D,E,L,P,S,R,A,L,L,G,T,K,K,S,T,R,A,I,C,E,R,H,V,P,R,P,H,P,V,P,D,Y,E,L,K,Y,P,P,V,S,T,A,K,D,R,S,R,Y,A,A,V,F,Q,D,Q,Y,P,E,F,L,E,L,Q,Q,E,V,G,S,A,Q,A,K,L,Q,Q,L,E,A,L,L,N,S,L,P,G,P,R,S,Q,K,E,A,Q,V,A,A,R,V,W,R,E,F,E,K,K,Q,M,D,P,S,F,L,D,K,Q,A,R,C,H,Y,L,K,G,K,L,R,H,L,K,T,Q,I,Q,K,F,D,D,Q,G,D,S,E,G,S,V,Y,F
Budorcas_taxicolor,M,P,T,R,E,H,P,K,T,H,G,S,R,G,N,L,Q,T,R,P,P,G,P,G,P,P,-,-,R,L,V,S,R,G,L,K,P,S,A,P,-,-,-,-,Q,P,H,P,G,A,H,R,T,K,P,K,K,I,V,F,E,D,E,L,P,S,R,A,L,L,G,T,K,K,S,T,R,A,V,C,E,K,H,M,P,R,P,H,P,V,P,D,Y,E,L,K,Y,P,P,V,S,T,V,K,D,R,S,R,Y,A,A,V,F,Q,D,Q,Y,P,E,F,L,E,L,Q,Q,E,V,G,S,A,Q,A,K,L,Q,Q,L,E,T,L,L,N,S,L,P,G,P,R,S,Q,K,E,A,H,V,T,A,R,V,W,R,E,F,E,K,K,Q,K,D,P,S,F,L,D,K,Q,A,R,C,H,Y,L,K,G,K,L,R,H,L,K,T,Q,I,Q,K,F,D,D,Q,G,D,S,E,G,S,V,Y,F
Callithrix_jacchus,M,P,T,R,E,P,P,K,T,R,G,S,R,G,H,L,Q,T,H,P,P,G,P,G,P,P,-,-,-,L,T,P,R,G,L,K,T,S,A,P,R,P,P,C,Q,P,Q,P,G,P,H,K,A,R,R,K,T,I,V,F,E,D,E,L,L,S,Q,A,L,L,G,A,K,K,P,I,G,A,I,P,K,G,H,T,P,R,P,H,P,V,P,D,Y,E,L,K,Y,P,P,V,S,S,A,R,E,R,S,R,Y,A,A,V,F,Q,D,L,Y,G,E,Y,L,E,L,Q,R,E,V,G,C,A,Q,A,K,L,R,Q,L,E,A,R,L,S,S,L,P,P,P,Q,S,Q,K,E,A,Q,V,A,V,R,V,W,R,E,F,E,K,K,Q,T,D,P,G,F,L,D,K,Q,A,R,C,H,Y,L,K,G,K,L,R,H,L,K,T,Q,I,Q,K,F,D,D,R,R,D,S,E,G,S,V,Y,F
Camelus_bactrianus,-,-,-,-,-,-,-,-,-,-,-,-,-,-,-,-,-,-,-,-,-,-,-,-,-,-,-,-,-,-,-,-,-,-,-,-,-,-,-,-,-,-,-,-,-,-,-,-,-,-,-,-,-,-,-,-,-,-,-,-,-,-,-,-,-,-,-,-,-,-,-,-,-,-,-,-,-,-,-,-,-,-,-,-,-,-,-,-,-,-,-,-,-,-,-,-,-,-,-,-,-,-,-,-,-,-,-,-,-,-,-,-,-,-,-,-,-,-,-,-,-,-,-,-,-,-,-,-,-,-,-,-,-,-,-,-,-,-,-,-,-,-,-,-,-,-,-,-,-,-,-,-,-,-,-,-,-,-,-,-,-,-,-,-,-,-,-,-,-,-,-,-,-,-,-,-,-,-,-,-,-,-,-,-,-,-,-,-,-,-,-,-,-,-,-,-,-,-,-,-,-,-,-,-,-,-,-,-
Camelus_dromedarius,M,P,T,R,E,P,R,Q,T,R,G,S,R,G,D,L,Q,A,R,P,P,G,P,G,P,P,-,-,R,L,V,P,R,G,L,T,S,S,A,P,R,P,L,C,Q,A,Q,S,G,A,H,R,A,R,P,K,K,I,V,F,E,D,E,L,P,S,L,P,L,L,G,T,K,K,S,I,G,A,D,P,G,G,H,I,P,R,P,H,P,V,P,D,Y,E,L,K,Y,P,T,V,N,S,E,K,D,R,S,R,Y,A,A,V,F,Q,D,Q,Y,T,E,F,L,E,L,Q,Q,E,V,G,S,A,Q,A,K,L,Q,Q,L,E,A,L,L,N,S,L,P,P,P,R,S,Q,K,E,A,H,V,A,A,R,V,W,R,E,F,E,K,K,Q,M,D,P,S,F,L,D,K,Q,A,R,C,H,Y,L,K,G,K,L,R,H,L,K,T,Q,I,Q,K,F,D,D,Q,G,D,S,E,S,S,V,Y,F
Camelus_ferus,M,P,T,R,E,P,R,Q,T,R,G,S,R,G,D,L,Q,A,R,P,P,D,P,G,P,P,-,-,R,L,V,P,R,G,L,T,S,S,A,P,R,P,L,C,Q,A,Q,S,G,A,H,R,A,R,P,K,K,I,V,F,E,D,E,L,P,S,L,P,L,L,G,T,K,K,S,I,G,A,D,P,G,G,H,I,P,R,P,H,P,V,P,D,Y,E,L,K,Y,P,T,V,N,S,E,K,D,R,S,R,Y,A,A,V,F,Q,D,Q,Y,T,E,F,L,E,L,Q,Q,E,V,G,S,A,Q,A,K,L,Q,Q,L,E,A,L,L,N,S,L,P,P,P,R,S,Q,K,E,A,H,V,A,A,R,V,W,R,E,F,E,K,K,Q,M,D,P,S,F,L,D,K,Q,A,R,C,H,Y,L,-,-,-,-,-,-,-,-,-,-,-,-,-,-,-,-,-,-,-,-,-,-,-,-,-,-
Capra_hircus,M,P,T,R,E,H,P,Q,T,Q,G,S,R,G,N,L,Q,T,R,P,P,G,P,G,P,P,-,-,R,L,V,S,R,G,L,K,P,S,A,P,-,-,-,-,Q,P,H,P,G,A,H,R,T,K,P,K,K,I,V,F,E,D,E,L,P,S,R,A,L,L,G,T,K,K,S,T,R,A,V,C,E,K,H,M,P,R,P,H,P,V,P,D,Y,E,L,K,Y,P,P,V,S,T,A,K,D,R,S,R,Y,A,A,V,F,Q,D,Q,Y,P,E,F,L,E,L,Q,Q,E,V,G,S,A,Q,A,K,L,Q,Q,L,E,A,L,L,N,S,L,P,R,P,R,S,Q,K,E,A,H,V,T,A,R,V,W,R,E,F,E,K,K,Q,M,D,P,S,F,L,D,K,Q,A,R,C,H,Y,L,K,G,K,L,R,H,L,K,T,Q,I,Q,K,F,D,D,Q,G,D,S,E,G,S,V,Y,F
Cebus_imitator,M,P,S,R,E,P,P,K,T,R,G,S,R,G,H,L,Q,T,H,P,P,G,P,G,P,P,L,Q,R,L,T,P,R,G,L,K,T,S,A,P,R,P,P,C,Q,P,Q,P,R,P,H,K,A,R,P,K,T,I,V,F,E,D,E,L,L,S,Q,A,L,L,D,A,K,K,P,I,G,V,I,P,K,G,H,M,P,R,P,H,P,V,P,D,Y,E,L,K,Y,P,P,V,S,S,A,R,E,R,S,R,Y,A,A,V,F,Q,D,Q,Y,G,E,Y,L,E,L,Q,R,E,V,G,C,A,Q,A,K,L,R,Q,L,E,A,R,L,S,S,L,P,P,P,Q,S,Q,K,E,A,Q,V,A,A,R,V,W,R,E,F,E,K,K,Q,M,D,P,G,F,L,D,K,Q,A,R,C,H,Y,L,K,G,K,L,R,H,L,K,T,Q,I,Q,K,F,D,D,R,G,D,S,E,G,S,V,Y,F
Ceratotherium_simum_simum,M,P,A,R,K,P,P,E,T,P,G,S,P,R,A,L,Q,T,L,P,P,G,P,G,P,P,-,-,-,-,-,-,-,-,L,E,T,S,A,R,R,P,L,C,Q,P,Q,P,G,A,H,R,A,R,P,R,K,I,V,F,E,D,E,L,P,S,W,A,L,L,G,P,K,K,S,T,G,T,I,P,E,R,H,M,P,R,P,H,P,V,P,D,Y,E,L,K,Y,P,P,V,S,S,E,R,E,R,S,R,Y,A,A,V,F,Q,D,Q,Y,T,E,F,L,E,L,Q,Q,E,V,G,S,A,Q,A,K,L,Q,Q,L,E,A,L,L,N,S,L,P,P,P,R,S,Q,K,E,A,C,V,A,A,R,V,W,R,E,F,E,K,K,E,T,D,P,S,F,L,D,K,Q,A,R,C,R,Y,L,K,G,K,L,R,H,L,K,M,Q,I,H,K,F,D,D,Q,G,D,S,K,G,S,V,Y,F
Cercocebus_atys,M,P,T,R,E,P,P,K,T,R,G,S,R,G,H,L,Q,T,H,P,P,G,P,G,P,P,L,Q,G,L,A,P,G,G,L,K,T,S,A,P,R,P,P,C,Q,P,Q,P,G,P,H,K,A,K,P,R,K,I,V,F,E,D,E,L,L,S,Q,A,L,L,G,A,K,K,P,I,G,A,I,P,K,G,H,K,P,R,P,H,T,V,P,D,Y,E,L,K,Y,P,P,V,S,S,E,R,E,R,S,R,Y,A,A,V,F,Q,D,Q,Y,G,E,F,V,E,L,Q,R,E,V,G,C,A,Q,A,K,L,R,Q,L,E,A,L,L,S,S,L,P,P,P,Q,S,Q,K,E,A,Q,V,A,A,R,V,W,R,E,F,E,K,K,R,T,D,P,G,F,L,D,K,Q,A,R,C,H,Y,L,K,G,K,L,R,H,L,K,T,Q,I,Q,K,F,N,D,Q,G,D,S,E,G,S,V,Y,F
Cervus_canadensis,M,P,T,R,E,P,A,Q,T,H,G,S,R,G,N,L,Q,T,R,P,P,G,P,G,P,P,-,-,R,L,V,S,R,G,P,K,R,S,A,P,P,T,V,C,Q,P,Q,S,G,A,H,R,T,K,P,K,K,I,V,F,E,D,E,L,P,S,R,A,L,L,G,A,K,K,S,P,R,A,V,R,E,R,H,M,P,R,P,H,P,V,P,D,Y,E,L,K,Y,P,P,V,S,T,E,K,D,R,N,R,Y,A,A,V,F,Q,D,Q,Y,P,E,F,L,E,L,Q,Q,E,V,G,S,A,Q,A,K,L,Q,Q,L,E,A,L,L,N,S,L,P,Q,P,R,S,Q,K,E,A,H,V,A,A,R,V,W,R,E,F,E,K,K,Q,M,D,P,S,F,L,D,K,Q,A,R,C,H,Y,L,K,G,K,L,R,H,L,K,S,Q,I,Q,K,F,D,D,Q,G,D,S,E,G,S,V,Y,F
Chlorocebus_sabaeus,M,P,T,W,E,P,P,K,T,R,G,S,R,G,H,L,Q,T,H,P,P,G,P,G,P,P,L,Q,G,L,A,P,G,G,L,K,T,S,A,S,R,P,P,C,Q,P,Q,P,G,P,H,K,A,K,P,R,K,I,V,F,E,D,E,L,L,S,Q,A,L,L,G,A,K,K,P,I,G,A,I,P,K,G,H,K,P,R,P,H,P,V,P,D,Y,E,L,K,Y,P,P,V,S,S,E,R,E,R,S,R,Y,A,A,V,F,Q,D,Q,Y,G,E,F,L,E,L,Q,R,E,V,G,C,A,Q,A,K,L,R,Q,L,E,A,L,L,S,S,L,P,P,P,Q,S,Q,K,E,A,Q,V,A,A,R,V,W,R,E,F,E,K,K,R,T,D,P,G,F,L,D,K,Q,A,R,C,H,Y,L,K,G,K,L,R,H,L,K,T,Q,I,Q,K,F,N,D,Q,G,D,S,E,G,S,V,Y,F
Colobus_angolensis_palliatus,-,-,-,-,-,-,-,-,-,-,-,-,-,-,-,-,-,-,-,-,-,-,-,-,-,-,-,-,-,-,-,-,-,-,-,-,-,-,-,-,-,-,-,-,-,-,-,-,-,-,-,-,-,-,-,-,-,-,-,-,-,-,-,-,-,-,-,-,-,-,-,-,-,-,-,-,-,-,-,-,-,-,-,-,-,-,-,-,-,-,-,-,-,-,-,-,-,-,-,-,-,-,-,-,-,-,-,-,-,-,-,-,-,-,-,-,-,-,-,-,-,-,-,-,-,-,-,-,-,-,-,-,-,-,-,-,-,-,-,-,-,-,-,-,-,-,-,-,-,-,-,-,-,-,-,-,-,-,-,-,-,-,-,-,-,-,-,-,-,-,-,-,-,-,-,-,-,-,-,-,-,-,-,-,-,-,-,-,-,-,-,-,-,-,-,-,-,-,-,-,-,-,-,-,-,-,-,-
Condylura_cristata,M,P,-,-,-,-,-,-,-,-,-,S,R,G,H,L,Q,S,R,P,P,G,P,G,P,P,-,-,Q,M,V,S,R,G,T,K,T,S,T,H,R,P,L,C,Q,P,Q,P,G,A,P,R,I,R,P,K,K,I,V,F,E,D,E,L,P,S,R,A,L,L,N,T,R,K,P,I,V,T,L,P,G,G,P,M,P,R,P,H,S,V,P,D,Y,E,L,K,Y,P,P,V,S,S,V,R,E,R,R,A,Y,A,A,V,F,Q,D,Q,Y,T,E,F,L,E,L,Q,Q,E,V,G,S,A,Q,A,K,L,Q,Q,L,G,A,L,L,D,S,L,P,P,P,R,S,Q,K,E,A,Q,F,T,S,R,V,W,R,E,F,E,K,K,Q,M,D,P,S,F,L,D,K,Q,A,R,C,C,Y,L,K,S,K,L,R,H,L,K,M,Q,I,Q,K,F,D,S,Q,E,D,S,Q,G,S,V,Y,F
Elephas_maximus_indicus,M,P,P,R,E,T,F,Q,T,R,G,S,R,G,D,P,Q,L,R,P,P,G,P,G,P,P,-,-,-,-,-,P,R,G,L,E,T,S,S,L,Q,N,Q,C,Q,P,Q,P,Q,A,H,R,A,R,P,K,K,I,V,F,E,D,E,L,P,L,Q,A,L,L,G,T,K,R,P,I,G,A,I,P,G,G,Y,M,P,R,P,H,S,V,P,D,Y,E,L,K,Y,P,P,V,S,T,K,R,E,R,S,R,Y,A,A,V,F,Q,D,Q,Y,S,E,F,L,E,L,Q,Q,E,V,A,S,A,Q,A,K,L,Q,Q,L,Q,T,L,L,S,S,L,P,P,P,H,S,Q,K,E,A,H,V,T,A,R,V,W,R,E,L,E,K,K,Q,M,D,P,S,F,L,D,K,Q,A,R,Y,R,Y,L,K,G,K,L,K,H,L,K,T,Q,I,Q,K,F,D,D,Q,G,D,S,E,G,S,V,F,F
Enhydra_lutris_kenyoni,M,P,T,R,E,S,P,K,T,R,G,C,R,G,D,L,Q,T,R,P,P,G,P,G,P,P,-,-,R,L,V,P,P,G,P,E,T,S,A,T,R,A,L,R,E,R,Q,P,G,A,H,R,A,R,P,K,K,I,V,F,E,D,E,L,P,S,R,A,P,L,S,T,K,K,S,M,E,A,I,P,R,G,H,M,P,R,P,H,L,V,S,D,Y,E,L,K,Y,P,Q,V,S,S,E,R,E,R,S,C,Y,A,A,V,F,Q,D,Q,Y,T,E,F,L,E,L,Q,R,E,V,G,S,A,L,A,K,L,Q,Q,L,E,T,L,L,N,S,L,P,K,P,R,S,Q,K,E,A,Q,V,A,A,R,V,W,R,E,F,E,K,K,Q,T,D,P,S,F,L,D,K,Q,A,R,C,H,Y,L,K,G,K,L,R,H,L,K,M,Q,I,Q,K,F,D,E,Q,G,D,C,K,S,S,V,Y,F
Equus_asinus,M,P,A,R,K,P,R,Q,T,R,G,A,P,G,A,L,Q,T,L,P,P,G,P,G,P,P,-,-,-,-,-,-,-,-,V,E,A,S,A,P,C,R,L,C,Q,P,Q,P,G,A,H,R,A,R,P,K,K,I,V,F,E,D,E,L,P,S,-,P,V,L,G,T,K,K,S,I,G,T,I,P,G,R,R,I,P,R,P,Q,P,V,P,D,Y,E,L,K,Y,P,A,V,N,S,E,R,G,R,R,R,Y,A,A,V,F,Q,D,Q,Y,P,E,F,L,E,L,Q,Q,E,V,G,A,A,Q,A,K,L,R,Q,L,E,A,L,L,N,S,L,P,P,P,R,S,Q,K,E,A,H,V,A,A,R,I,W,R,E,L,E,K,K,Q,M,D,P,S,F,L,D,K,Q,A,R,C,R,Y,L,K,G,K,L,R,H,L,K,T,Q,I,R,K,F,D,E,R,G,D,S,E,G,S,V,Y,F
Equus_przewalskii,M,P,A,R,K,P,R,Q,T,R,G,A,P,G,A,L,Q,T,L,P,P,G,P,G,P,P,-,-,-,-,-,-,-,-,V,E,A,S,A,P,C,R,L,C,Q,P,Q,P,G,T,H,R,A,R,P,K,K,I,V,F,E,D,E,L,P,S,-,P,V,L,G,T,K,K,S,I,G,T,I,P,G,R,R,M,P,R,P,Q,P,V,P,D,Y,E,L,K,Y,P,A,V,N,S,E,R,G,R,R,R,Y,A,A,V,F,Q,D,Q,Y,P,E,F,L,E,L,Q,Q,E,V,G,A,A,Q,A,K,L,R,Q,L,E,A,L,L,S,S,L,P,P,P,R,S,Q,K,E,A,H,V,A,A,R,I,W,R,E,L,E,K,K,Q,M,D,P,S,F,L,D,K,Q,A,R,C,R,Y,L,K,G,K,L,R,H,L,K,T,Q,I,R,K,F,D,E,Q,G,D,S,E,G,S,V,Y,F
Equus_quagga,M,P,A,R,K,P,R,Q,T,R,G,A,P,G,A,L,Q,T,L,P,P,G,P,G,P,P,-,-,-,-,-,-,-,-,V,E,A,S,A,P,C,R,L,C,Q,P,Q,P,G,A,H,R,A,R,P,K,K,I,V,F,E,D,E,L,P,S,-,P,V,L,G,T,K,K,S,I,G,T,I,P,G,R,R,I,P,R,P,Q,P,V,P,D,Y,E,L,K,Y,P,A,V,N,S,E,R,G,R,R,R,Y,A,A,V,F,Q,D,Q,Y,P,E,F,L,E,L,Q,Q,E,V,G,A,A,Q,A,K,L,R,Q,L,E,A,L,L,N,S,L,P,P,P,R,S,Q,K,E,A,H,V,A,A,R,I,W,R,E,L,E,K,K,Q,M,D,P,S,F,L,D,K,Q,A,R,C,R,Y,L,K,G,K,L,R,H,L,K,T,Q,I,R,K,F,D,Q,R,G,D,S,E,G,S,V,Y,F
Gorilla_gorilla_gorilla,M,P,T,R,E,P,P,K,T,R,G,S,R,G,H,L,H,T,H,P,P,G,P,G,P,P,L,Q,G,L,A,S,R,G,L,K,T,S,A,P,R,P,P,C,Q,P,Q,P,G,P,H,K,A,K,T,K,K,I,V,F,E,D,E,L,L,S,Q,A,L,L,G,A,K,K,P,I,G,A,I,P,K,G,H,K,P,R,P,H,P,L,P,D,Y,E,L,K,Y,P,P,V,S,S,E,R,E,R,S,R,Y,V,A,V,F,Q,D,Q,Y,G,E,F,L,E,L,Q,H,E,V,G,C,A,Q,A,K,L,R,Q,L,E,A,L,L,S,S,L,P,P,P,Q,S,Q,K,E,A,Q,V,A,A,R,V,W,R,E,F,E,T,K,Q,M,D,P,G,F,L,D,K,Q,A,R,C,H,Y,L,K,G,K,L,R,H,L,K,T,Q,I,Q,K,F,D,D,Q,G,D,S,E,G,S,V,Y,F
Halichoerus_grypus,M,P,T,R,E,S,S,K,T,R,G,Y,R,G,D,L,Q,T,R,P,P,G,P,G,P,P,-,-,R,L,V,P,P,G,P,E,T,S,A,P,R,A,L,R,E,G,Q,P,G,A,H,S,A,R,P,K,K,I,V,F,E,D,E,L,P,S,R,A,L,L,S,T,R,K,P,I,E,A,I,P,R,G,H,M,P,R,A,H,P,V,P,D,Y,E,L,K,Y,P,Q,V,S,S,E,R,E,R,S,R,Y,A,A,V,F,Q,D,Q,Y,T,E,F,V,E,L,Q,Q,E,V,G,S,A,L,A,K,L,Q,Q,L,E,T,L,L,N,S,L,P,R,P,R,S,Q,K,E,A,Q,V,A,A,R,V,W,R,E,F,E,K,K,E,T,D,P,S,F,L,D,K,Q,A,R,C,H,Y,L,K,G,K,L,R,H,L,K,M,Q,I,Q,K,F,D,E,Q,G,D,F,E,G,S,V,Y,F
Homo_sapiens,M,P,T,R,E,P,P,K,T,R,G,S,R,G,H,L,H,T,H,P,P,G,P,G,P,P,L,Q,G,L,A,P,R,G,L,K,T,S,A,P,R,P,P,C,Q,P,Q,P,G,P,H,K,A,K,T,K,K,I,V,F,E,D,E,L,L,S,Q,A,L,L,G,A,K,K,P,I,G,A,I,P,K,G,H,K,P,R,P,H,P,V,P,D,Y,E,L,K,Y,P,P,V,S,S,E,R,E,R,S,R,Y,V,A,V,F,Q,D,Q,Y,G,E,F,L,E,L,Q,H,E,V,G,C,A,Q,A,K,L,R,Q,L,E,A,L,L,S,S,L,P,P,P,Q,S,Q,K,E,A,Q,V,A,A,R,V,W,R,E,F,E,M,K,R,M,D,P,G,F,L,D,K,Q,A,R,C,H,Y,L,K,G,K,L,R,H,L,K,T,Q,I,Q,K,F,D,D,Q,G,D,S,E,G,S,V,Y,F
Hylobates_moloch,M,P,T,R,E,P,P,E,T,R,G,S,R,G,H,L,Q,T,H,P,P,G,P,G,P,P,L,Q,G,L,A,P,R,G,L,K,T,S,A,P,R,P,P,C,Q,P,Q,P,A,P,H,K,A,K,T,K,K,I,V,F,E,D,E,L,L,S,Q,A,L,L,G,T,K,K,P,I,G,A,I,P,K,G,H,K,P,R,P,H,P,V,P,D,Y,E,L,K,Y,P,P,V,S,S,E,R,E,R,S,C,Y,A,A,V,F,Q,D,Q,Y,G,E,F,L,E,L,Q,H,E,V,G,C,A,Q,A,K,L,R,Q,L,E,A,L,L,S,S,L,P,P,P,Q,S,Q,K,E,A,Q,V,A,A,R,V,W,R,E,F,E,T,K,R,T,D,P,G,F,L,D,K,Q,A,R,C,H,Y,L,K,G,K,L,R,H,L,K,T,Q,I,Q,K,F,D,D,Q,G,D,S,E,G,S,V,-,-
Ictidomys_tridecemlineatus,-,-,-,-,-,-,-,-,-,-,-,-,-,-,-,-,-,-,-,-,-,-,-,-,-,-,-,-,-,-,-,-,-,-,-,-,-,-,-,-,-,-,-,-,-,-,-,-,-,-,-,-,-,-,-,-,-,-,-,-,-,-,-,-,-,-,-,-,-,-,-,-,-,-,-,-,-,-,-,-,-,-,-,M,P,R,P,H,P,S,P,D,Y,E,L,K,Y,P,P,V,S,S,E,R,E,R,S,R,Y,V,A,V,F,Q,D,Q,Y,G,E,F,L,E,L,Q,Q,E,V,G,S,T,Q,A,K,L,Q,Q,L,E,A,L,M,S,S,L,P,P,P,Q,S,Q,K,E,A,Q,V,A,A,R,V,W,R,E,F,E,K,K,W,K,D,P,G,F,L,D,K,Q,L,R,C,R,Y,L,K,A,K,L,R,H,L,K,T,Q,I,Q,K,F,D,D,Q,E,D,S,E,G,S,V,Y,F
Leopardus_geoffroyi,M,P,T,R,E,S,P,K,T,R,G,C,R,G,D,L,Q,T,R,P,P,G,P,G,P,P,-,-,R,L,V,P,P,V,Q,E,T,S,P,P,R,A,L,C,E,P,Q,P,G,A,H,R,A,R,P,K,K,I,V,F,E,D,E,L,P,S,R,A,L,L,G,T,K,K,P,I,E,A,I,P,G,G,R,R,P,R,P,H,P,V,P,D,Y,E,L,K,Y,P,Q,V,R,S,E,R,E,R,S,R,Y,V,A,V,F,Q,D,Q,Y,T,E,F,L,E,L,Q,Q,E,V,G,C,A,R,T,K,L,R,Q,L,E,T,L,L,N,S,L,P,R,P,R,S,Q,K,E,A,Q,L,A,A,R,V,W,R,E,F,K,K,K,Q,T,D,P,S,F,L,D,K,Q,A,R,C,H,Y,L,K,G,K,L,R,H,L,K,I,Q,I,Q,K,F,D,E,Q,G,D,Q,K,S,S,V,Y,F
Loxodonta_africana,-,-,-,-,-,-,-,-,-,-,-,-,-,-,-,-,-,-,-,-,-,-,-,-,-,-,-,-,-,-,-,-,-,-,-,-,-,-,-,-,-,-,-,-,-,-,-,-,-,-,-,-,-,-,-,-,-,-,-,-,-,-,-,-,-,-,-,-,-,-,-,-,-,-,-,-,-,-,-,-,-,-,-,-,-,-,-,-,-,-,-,-,-,-,-,-,-,-,-,-,-,-,-,-,-,-,-,-,-,-,-,-,-,-,-,-,-,-,-,-,-,-,-,-,-,-,-,-,-,-,-,-,-,-,-,-,-,-,-,-,-,-,-,-,-,-,-,-,-,-,-,-,-,-,-,-,-,-,-,-,-,-,-,-,-,-,-,-,-,-,-,-,-,-,-,-,-,-,-,-,-,-,-,-,-,-,-,-,-,-,-,-,-,-,-,-,-,-,-,-,-,-,-,-,-,-,-,-
Macaca_fascicularis,M,P,T,Q,E,P,P,K,T,R,G,S,R,G,H,L,Q,T,H,P,P,G,P,G,P,P,L,Q,G,L,A,P,G,G,L,K,T,S,A,P,R,P,P,C,Q,P,Q,P,G,P,H,K,A,K,P,R,K,I,V,F,E,D,E,L,L,S,Q,A,L,L,D,A,K,K,P,I,G,A,I,P,K,G,H,K,P,R,P,H,P,V,P,D,Y,E,L,K,Y,P,P,V,S,S,E,R,E,R,S,R,Y,A,A,V,F,Q,D,Q,Y,G,E,F,V,E,L,Q,R,E,V,G,C,A,Q,A,K,L,R,Q,L,E,A,L,L,S,S,L,P,P,P,Q,S,Q,K,E,A,Q,V,A,A,R,V,W,R,E,F,E,K,K,R,T,D,P,G,F,L,D,K,Q,A,R,C,H,Y,L,K,G,K,L,R,H,L,K,T,Q,I,Q,K,F,N,D,Q,G,D,S,E,G,S,V,Y,F
Macaca_mulatta,M,P,T,Q,E,P,P,K,T,R,G,S,R,G,H,L,Q,T,H,P,P,G,P,G,P,P,L,Q,G,L,A,P,G,G,L,K,T,S,A,P,R,P,P,C,Q,P,Q,P,G,P,H,K,A,K,P,R,K,I,V,F,E,D,E,L,L,S,Q,A,L,L,D,A,K,K,P,I,G,A,I,P,K,G,H,K,P,R,P,H,P,V,P,D,Y,E,L,K,Y,P,P,V,S,S,E,R,E,R,S,R,Y,A,A,V,F,Q,D,Q,Y,G,E,F,V,E,L,Q,W,E,V,G,C,A,Q,A,K,L,R,Q,L,E,A,L,L,S,S,L,P,P,P,Q,S,Q,K,E,A,Q,V,A,A,R,V,W,R,E,F,E,K,K,R,T,D,P,G,F,L,D,K,Q,A,R,C,H,Y,L,K,G,K,L,R,H,L,K,T,Q,I,Q,K,F,N,D,Q,G,D,S,E,G,S,V,Y,F
Macaca_nemestrina,M,P,T,Q,E,P,P,K,T,R,G,S,R,G,H,L,Q,T,H,P,P,G,P,G,P,P,L,Q,G,L,A,P,G,G,L,K,T,S,A,P,R,P,P,C,Q,P,Q,P,G,P,H,K,A,K,P,R,K,I,V,F,E,D,E,L,L,S,Q,A,L,L,D,A,K,K,P,I,G,A,I,P,K,G,H,K,P,R,P,H,P,V,P,D,Y,E,L,-,-,-,-,-,-,-,-,-,-,-,-,-,-,-,-,-,-,-,-,-,-,-,-,-,-,-,-,-,-,-,-,-,-,-,-,-,-,-,-,-,-,-,-,-,-,-,-,-,-,-,-,-,-,-,-,-,-,-,-,-,-,-,-,-,-,-,-,-,-,-,-,-,D,P,G,F,L,D,K,Q,A,R,C,H,Y,L,K,G,K,L,R,H,L,K,T,Q,I,Q,K,F,N,D,Q,G,D,S,E,G,S,V,Y,F
Macaca_thibetana_thibetana,M,P,T,Q,E,P,P,K,T,R,G,S,R,G,H,L,Q,T,H,P,P,G,P,G,P,P,L,Q,G,L,A,P,G,G,L,K,T,S,A,P,R,P,S,C,Q,P,Q,P,G,P,H,K,A,K,P,R,K,I,V,F,E,D,E,L,L,S,Q,A,L,L,D,A,K,K,P,I,G,A,I,P,K,G,H,K,P,R,P,H,P,V,P,D,Y,E,L,K,Y,P,P,V,S,S,E,R,E,R,S,R,Y,A,A,V,F,Q,D,Q,Y,G,E,F,V,E,L,Q,R,E,V,G,C,A,Q,A,K,L,W,Q,L,E,A,L,L,S,S,L,P,P,P,Q,S,Q,K,E,A,Q,V,A,A,R,V,W,R,E,F,E,K,K,Q,T,D,P,G,F,L,D,K,Q,A,R,C,H,Y,L,K,G,K,L,R,H,L,K,T,Q,I,Q,K,F,N,D,Q,G,D,S,E,G,S,V,Y,F
Mandrillus_leucophaeus,-,-,-,-,-,-,-,-,-,-,-,-,-,-,-,-,-,-,-,-,-,-,-,-,-,-,-,-,-,-,-,-,-,-,-,-,-,-,-,-,-,-,-,-,-,-,-,-,-,-,-,-,-,-,-,-,-,-,-,-,-,-,-,-,-,-,-,-,-,-,-,-,-,-,-,-,-,-,-,-,-,-,-,-,-,-,-,-,-,-,-,-,-,-,-,K,Y,P,P,V,S,S,E,R,E,R,S,R,Y,A,A,V,F,Q,D,Q,Y,G,E,F,V,E,L,Q,R,E,V,E,C,A,Q,A,K,L,R,Q,L,E,A,L,L,S,S,L,P,P,P,Q,S,Q,K,E,A,Q,V,A,A,R,V,W,R,E,F,E,K,K,R,T,D,P,G,F,L,D,K,Q,A,R,C,H,Y,L,K,G,K,L,R,H,L,K,T,Q,I,Q,K,F,N,D,Q,G,D,S,E,G,S,V,-,-
Marmota_flaviventris,M,P,A,R,E,H,S,R,A,R,G,A,R,G,I,S,Q,T,R,P,P,G,P,G,P,P,-,-,G,T,V,P,P,D,H,K,T,S,A,P,R,P,R,H,Q,P,Q,P,A,F,H,K,A,R,P,R,K,I,V,F,E,D,E,L,N,P,Q,A,L,L,V,T,T,K,P,T,R,A,I,R,A,E,Q,M,P,R,P,H,P,S,P,D,Y,E,L,K,Y,P,P,V,S,S,E,R,E,R,S,R,Y,V,A,V,F,Q,D,Q,Y,G,E,F,L,E,L,R,Q,E,V,G,S,T,Q,A,K,L,Q,Q,L,E,A,L,M,S,S,L,P,P,P,Q,S,Q,K,E,A,Q,V,A,A,R,V,W,R,E,F,E,K,K,W,R,D,P,G,F,L,D,K,Q,L,R,C,R,Y,L,K,A,K,L,R,H,L,K,T,Q,I,Q,K,F,D,D,Q,E,D,S,E,G,S,V,Y,F
Marmota_marmota_marmota,-,-,-,-,-,-,-,-,-,-,-,-,-,-,-,-,-,-,-,-,-,-,-,-,-,-,-,-,-,-,-,-,-,-,-,-,-,-,-,-,-,-,-,-,-,-,-,-,-,-,-,-,-,-,-,-,-,-,-,-,-,-,-,-,-,-,-,-,-,-,-,-,-,-,-,-,-,-,-,-,-,-,-,M,P,R,P,H,P,S,P,D,Y,E,L,K,Y,P,P,V,S,S,E,R,E,R,S,R,Y,V,A,V,F,Q,D,Q,Y,G,E,F,L,E,L,R,Q,E,V,G,S,T,Q,A,K,L,Q,Q,L,E,A,L,M,S,S,L,P,P,P,Q,S,Q,K,E,A,Q,I,A,A,R,V,W,R,E,F,E,K,K,W,R,D,P,S,F,L,D,K,Q,L,R,C,R,Y,L,K,A,K,L,R,H,L,K,T,Q,I,Q,K,F,D,D,Q,E,D,S,E,G,S,V,Y,F
Marmota_monax,M,P,A,R,E,H,S,R,A,R,G,A,R,G,I,S,Q,T,R,P,P,G,P,G,P,P,-,-,G,T,V,P,P,D,H,K,T,S,A,P,R,P,R,H,Q,P,Q,P,A,F,H,K,A,R,P,R,K,I,V,F,E,D,E,L,N,P,Q,A,L,L,V,T,K,K,P,T,R,A,I,R,A,E,Q,M,P,R,P,H,P,S,P,D,Y,E,L,K,Y,P,P,V,S,S,E,R,E,R,S,R,Y,V,A,V,F,Q,D,Q,Y,G,E,F,L,E,L,R,Q,E,V,G,S,T,Q,A,K,L,Q,Q,L,E,A,L,M,S,S,L,P,P,P,Q,S,Q,K,E,A,Q,V,A,A,R,I,R,R,E,F,E,K,K,W,R,D,P,S,F,L,D,K,Q,L,R,C,H,Y,L,K,A,K,L,R,H,L,K,T,Q,I,Q,K,F,D,D,Q,E,D,S,E,G,S,V,Y,F
Nannospalax_galili,T,P,T,-,-,-,-,-,-,-,-,-,-,-,-,-,-,-,-,-,-,-,-,-,-,-,-,-,-,-,-,-,-,-,-,-,-,-,-,-,-,-,-,-,-,-,-,-,-,-,-,Q,E,R,P,-,K,I,V,F,E,D,E,L,R,S,R,A,P,L,H,-,-,-,-,-,-,-,-,P,E,G,R,G,P,S,P,H,S,V,P,D,Y,E,L,K,Y,P,A,L,S,S,Q,R,A,R,S,R,Y,A,A,V,F,H,D,Q,Y,G,E,F,L,E,L,Q,R,Q,V,G,A,T,H,V,K,L,Q,Q,L,K,T,L,L,T,S,L,P,A,P,Q,S,Q,K,E,A,R,L,V,A,R,V,W,R,E,F,E,R,K,R,V,D,P,G,F,L,D,K,Q,A,R,Y,C,Y,L,K,G,K,L,R,H,L,K,A,Q,I,R,K,F,D,D,Q,G,E,S,D,S,S,V,Y,F
Neomonachus_schauinslandi,M,P,T,R,E,S,S,K,T,R,G,Y,R,G,D,L,Q,T,R,P,P,G,P,G,P,P,-,-,R,L,V,P,P,G,P,E,T,S,A,P,R,A,L,R,E,G,Q,P,G,A,H,S,A,R,P,K,K,I,V,F,E,D,E,L,P,S,R,A,L,L,S,T,R,K,P,I,E,A,I,P,R,G,H,M,P,R,A,H,P,V,P,D,Y,E,L,K,Y,P,Q,V,S,S,E,R,E,R,S,R,Y,A,A,V,F,Q,D,Q,Y,T,E,F,V,E,L,Q,Q,E,V,G,S,A,L,A,K,L,Q,Q,L,E,T,L,L,N,S,L,P,R,P,R,S,Q,K,E,A,Q,V,A,A,R,V,W,R,E,F,E,K,K,Q,T,D,P,S,F,L,D,K,Q,A,R,C,H,Y,L,K,G,K,L,R,H,L,K,M,Q,I,Q,K,F,D,E,Q,G,D,F,E,G,S,V,Y,F
Nomascus_leucogenys,M,P,T,R,E,P,P,E,T,R,G,S,R,G,H,L,Q,T,H,P,P,G,P,G,P,P,L,Q,G,L,A,P,R,G,L,K,T,S,A,P,R,P,P,C,Q,P,Q,P,G,P,H,K,A,K,T,K,K,I,V,F,E,D,E,L,L,S,Q,A,L,L,G,T,K,K,P,I,G,A,I,P,K,G,H,K,P,R,P,H,P,V,P,D,Y,E,L,K,Y,P,P,V,S,S,E,R,E,R,S,C,Y,A,A,V,F,Q,D,Q,Y,G,E,F,L,E,L,Q,H,E,V,G,C,A,Q,A,K,L,R,Q,L,E,A,L,L,S,S,L,P,P,P,Q,S,Q,K,E,A,Q,V,A,A,R,V,W,R,E,F,E,T,K,R,T,D,P,G,F,L,D,K,Q,A,R,C,H,Y,L,K,G,K,L,R,H,L,K,T,Q,I,Q,K,F,D,D,Q,G,D,S,E,G,S,V,-,-
Ochotona_curzoniae,-,-,-,-,-,-,-,-,-,-,-,-,-,-,-,-,-,-,-,-,-,-,-,-,-,-,-,-,-,-,-,-,-,-,-,-,-,-,-,-,-,-,-,-,-,-,-,-,-,-,-,-,-,-,-,-,-,-,-,-,-,-,-,-,-,-,-,-,-,-,-,-,-,-,-,-,-,-,-,-,-,-,-,-,-,-,-,-,-,-,-,-,-,-,-,-,-,-,-,-,-,-,-,-,-,-,-,-,-,-,-,-,-,-,-,-,-,-,-,-,-,-,-,-,-,-,-,-,-,-,-,-,-,-,-,-,-,-,-,-,-,-,-,-,-,-,-,-,-,-,-,-,-,-,-,-,-,-,-,-,-,-,-,-,-,-,-,-,-,-,-,-,-,-,-,-,-,-,-,-,-,-,-,-,-,-,-,-,-,-,-,-,-,-,-,-,-,-,-,-,-,-,-,-,-,-,-,-
Ochotona_princeps,M,P,S,R,E,R,P,K,G,R,G,C,R,G,-,-,-,-,-,P,P,G,P,G,P,P,-,-,-,-,-,-,-,-,-,-,-,-,-,-,-,-,-,-,-,-,-,-,-,-,-,-,-,-,-,-,-,I,V,F,Q,D,E,L,P,-,-,-,-,-,-,-,-,-,-,-,-,-,-,-,-,-,-,-,P,R,P,D,P,V,P,D,Y,E,L,K,Y,P,S,I,S,S,E,R,E,R,S,R,Y,A,A,V,F,Q,D,Q,Y,G,E,F,L,Q,L,Q,Q,E,L,G,C,V,Q,A,R,L,R,R,L,E,A,L,L,A,A,L,P,P,P,R,S,Q,R,E,A,Q,A,A,A,R,V,W,R,E,L,D,R,K,R,T,D,P,G,L,L,D,K,Q,A,R,C,R,Y,L,K,G,K,L,R,H,L,K,G,Q,I,R,K,F,Q,E,Q,Q,D,S,E,G,S,V,Y,F
Octodon_degus,M,P,T,L,V,H,P,Q,A,R,G,T,Q,G,N,-,-,-,-,P,P,G,P,G,P,P,-,-,-,-,-,-,-,-,-,-,-,-,-,-,-,-,-,-,-,-,-,-,-,-,-,-,-,-,-,-,K,I,V,F,E,D,E,L,P,S,R,S,L,-,-,-,-,-,-,-,-,-,-,-,-,-,-,-,P,R,P,H,S,V,P,D,Y,E,L,K,Y,P,P,L,R,S,E,R,A,R,S,R,Y,V,A,V,F,Q,D,Q,Y,E,E,L,Q,K,L,Q,R,E,V,G,A,A,R,A,K,L,Q,Q,L,E,A,Q,L,R,L,L,P,P,P,R,G,Q,E,E,A,Q,A,V,A,H,V,W,Q,E,L,E,K,K,H,K,D,P,R,F,L,H,R,Q,A,R,C,L,Y,L,K,G,K,L,R,H,L,K,T,Q,I,Q,K,F,D,D,Q,A,D,S,E,G,S,V,Y,F
Ovis_aries,M,P,T,R,E,H,P,Q,T,H,G,S,R,G,N,L,Q,T,R,P,P,G,P,G,P,P,-,-,R,L,V,S,R,G,L,K,P,S,A,P,-,-,-,-,Q,P,H,P,G,A,H,R,T,K,P,K,K,I,V,F,E,D,E,L,P,S,R,A,L,L,G,T,K,K,S,T,R,A,V,F,E,K,H,M,P,R,P,H,P,V,P,D,Y,E,L,K,Y,P,P,V,S,T,A,K,D,R,S,R,Y,A,A,V,F,Q,D,Q,Y,P,E,F,L,E,L,Q,Q,E,V,G,S,A,Q,A,K,L,Q,Q,L,E,A,L,L,N,S,L,P,R,P,R,S,Q,K,E,A,H,V,T,A,R,V,W,R,E,F,E,K,K,Q,M,D,P,S,F,L,D,K,Q,A,R,C,H,Y,L,K,G,K,L,R,H,L,K,T,Q,I,Q,K,F,D,D,Q,G,D,S,E,G,S,V,Y,F
Pan_paniscus,M,P,T,R,E,P,P,K,T,R,G,S,R,G,H,L,H,T,H,P,P,G,P,G,P,P,L,Q,G,L,A,P,R,G,L,K,T,S,A,P,R,P,P,C,Q,P,Q,P,G,P,H,K,A,K,T,K,K,I,V,F,E,D,E,L,L,S,Q,A,L,L,G,A,K,K,P,I,G,A,V,P,K,G,H,K,P,R,P,H,P,V,P,D,Y,E,L,K,Y,P,P,V,S,S,E,R,E,R,S,R,Y,V,A,V,F,Q,D,Q,Y,G,E,F,L,E,L,Q,H,E,V,G,C,A,Q,A,K,L,R,Q,L,E,A,L,L,S,S,L,P,P,P,Q,S,Q,K,E,A,Q,I,A,A,R,V,W,R,E,F,E,M,K,R,M,D,P,G,F,L,D,K,Q,A,R,C,H,Y,L,K,G,K,L,R,H,L,K,T,Q,I,Q,K,F,D,D,Q,G,D,S,E,G,S,V,F,F
Pan_troglodytes,M,P,T,R,E,P,P,K,T,R,G,S,R,G,H,L,H,T,H,P,P,G,P,G,P,P,L,Q,G,L,A,P,R,G,L,K,T,S,A,P,R,P,P,C,Q,P,Q,P,G,P,H,K,A,K,T,K,K,I,V,F,E,D,E,L,L,S,Q,A,L,L,G,A,K,K,P,I,G,A,V,P,K,G,H,K,P,R,P,H,P,V,P,D,Y,E,L,K,Y,P,P,V,S,S,E,R,E,R,S,R,Y,V,A,V,F,Q,D,Q,Y,G,E,F,L,E,L,Q,H,E,V,G,C,A,Q,A,K,L,R,Q,L,E,A,L,L,S,S,L,P,P,P,Q,S,Q,K,E,A,Q,V,A,A,R,V,W,R,E,F,E,M,K,R,M,D,P,G,F,L,D,K,Q,A,R,C,H,Y,L,K,G,K,L,R,H,L,K,T,Q,I,Q,K,F,D,D,Q,G,D,S,E,G,S,V,Y,F
Panthera_tigris_altaica,-,-,-,-,-,-,-,-,-,-,-,-,-,-,-,-,-,-,-,-,-,-,-,-,-,-,-,-,-,-,-,-,-,-,-,-,-,-,-,-,-,-,-,-,-,-,-,-,-,-,-,-,-,-,-,-,-,-,-,-,-,-,-,-,-,-,-,-,-,-,-,-,-,-,-,-,-,-,-,-,-,-,-,-,-,-,-,-,-,-,-,-,-,-,-,-,-,-,-,-,-,-,-,-,-,-,-,-,-,-,-,-,-,-,-,-,-,-,-,-,-,-,-,-,-,-,-,-,-,-,-,-,-,-,-,-,-,-,-,-,-,-,-,-,-,-,-,-,-,-,-,-,-,-,-,-,-,-,-,-,-,-,-,-,-,-,-,-,-,-,-,-,-,-,-,-,-,-,-,-,-,-,-,-,-,-,-,-,-,-,-,-,-,-,-,-,-,-,-,-,-,-,-,-,-,-,-,-
Papio_anubis,M,P,T,R,E,P,P,K,T,R,G,S,R,G,H,L,Q,T,H,P,P,G,P,G,P,P,L,Q,G,L,A,P,G,G,L,K,T,S,A,P,R,P,P,C,Q,P,Q,P,G,P,H,K,A,K,P,R,K,I,V,F,E,D,E,L,L,S,Q,A,L,L,G,A,K,K,P,I,G,A,I,P,K,G,H,K,P,R,P,H,P,V,P,D,Y,E,L,K,Y,P,P,V,S,S,E,R,E,R,S,R,Y,A,A,V,F,Q,D,Q,Y,G,E,F,V,E,L,Q,R,E,V,G,C,A,Q,A,K,L,R,Q,L,E,A,L,L,S,S,L,P,P,P,Q,S,Q,K,E,A,Q,V,A,A,R,V,W,R,E,F,E,K,K,R,M,D,P,G,F,L,D,K,Q,A,R,C,H,Y,L,K,G,K,L,R,H,L,K,T,Q,I,Q,K,F,N,D,Q,G,D,S,E,G,S,V,Y,F
Piliocolobus_tephrosceles,M,P,T,R,E,L,P,K,T,R,G,S,R,G,H,L,Q,T,H,P,P,G,P,G,P,P,L,Q,G,L,A,P,G,G,L,K,T,S,A,P,R,P,P,C,Q,P,Q,P,G,P,H,K,A,K,P,R,K,I,V,F,E,D,E,L,L,A,Q,P,L,L,G,A,K,N,P,I,G,A,I,P,K,G,H,K,P,R,P,H,P,V,P,D,Y,E,L,K,Y,P,P,V,S,S,E,R,E,R,S,R,Y,A,A,V,F,Q,D,Q,Y,G,E,F,L,E,L,Q,R,E,V,G,C,A,Q,A,K,L,R,Q,L,E,A,L,L,S,S,L,P,P,P,Q,S,Q,K,E,A,Q,V,A,A,R,V,W,R,E,F,E,K,K,R,T,D,P,G,F,L,D,K,Q,A,R,C,H,Y,L,K,G,K,L,R,H,L,K,T,Q,I,Q,K,F,N,D,R,G,D,S,E,G,S,V,Y,F
Pongo_abelii,M,P,T,R,E,P,P,K,T,R,G,S,R,G,H,L,Q,T,H,P,P,G,P,G,P,P,L,Q,G,L,A,P,R,G,L,K,T,S,A,P,R,P,P,C,Q,P,Q,P,G,P,H,K,A,K,T,K,K,I,V,F,E,D,E,L,L,S,Q,A,L,L,G,A,K,K,P,I,G,A,I,P,K,G,H,K,P,R,P,H,P,V,P,D,Y,E,L,K,Y,P,P,V,S,S,E,R,E,R,S,C,Y,A,A,V,F,Q,D,Q,Y,G,E,F,L,E,L,Q,H,E,V,G,C,A,Q,A,K,L,R,Q,L,E,A,L,L,S,S,L,P,P,P,Q,S,Q,K,E,A,Q,V,A,A,R,V,W,R,E,F,E,T,K,R,R,D,P,G,F,L,D,K,Q,A,R,C,H,Y,L,K,G,K,L,R,H,L,K,T,Q,I,Q,K,F,D,D,-,-,-,-,-,-,-,-,-,-
Propithecus_coquereli,M,R,T,R,E,R,P,Q,I,R,G,S,P,G,D,T,Q,T,R,P,P,G,P,G,P,P,-,-,R,L,V,P,P,G,L,K,T,S,A,P,R,P,L,G,Q,P,Q,P,G,A,H,K,A,K,P,R,K,I,V,F,E,D,E,L,P,S,Q,T,L,L,S,A,K,K,H,I,G,A,I,P,G,G,H,I,P,R,P,H,P,V,P,D,Y,E,L,K,Y,P,A,V,S,S,R,R,E,R,S,R,Y,A,A,V,F,E,D,Q,Y,G,E,F,L,E,L,Q,Q,E,V,G,C,A,Q,A,K,L,Q,Q,L,E,A,L,L,S,S,L,P,P,P,R,S,Q,K,E,A,Q,V,A,A,R,V,W,S,E,F,E,R,K,R,R,D,P,G,F,L,D,K,Q,A,R,C,H,Y,L,K,G,K,L,R,H,L,K,T,Q,I,Q,K,F,D,D,R,G,G,S,E,G,S,V,Y,F
Rhinopithecus_bieti,M,P,T,R,E,L,P,K,I,R,G,S,R,G,H,L,Q,T,H,P,P,G,P,G,P,P,L,Q,G,L,A,P,G,G,L,K,T,S,A,P,R,P,P,C,Q,P,Q,P,G,P,H,K,A,K,P,R,K,I,V,F,E,D,E,L,L,S,Q,P,L,L,G,A,K,N,P,I,G,A,I,P,K,G,H,K,P,R,P,H,P,V,P,D,Y,E,L,K,Y,P,P,V,S,S,E,R,E,R,S,R,Y,A,A,V,F,Q,D,Q,Y,G,E,F,L,E,L,Q,R,E,V,G,C,A,Q,A,K,L,R,Q,L,E,A,L,L,S,S,L,P,P,P,Q,S,Q,K,E,A,Q,V,A,A,R,V,W,R,E,F,E,K,K,Q,T,D,P,G,F,L,D,K,Q,A,R,C,H,Y,L,K,G,K,L,R,H,L,K,T,Q,I,Q,K,F,N,D,R,G,D,S,E,G,S,V,Y,F
Rhinopithecus_roxellana,M,P,T,R,E,L,P,K,I,R,G,S,R,G,H,L,Q,T,H,P,P,G,P,G,P,P,L,Q,G,L,A,P,G,G,L,K,T,S,A,P,R,P,P,C,Q,P,Q,P,G,P,H,K,A,K,P,R,K,I,V,F,E,D,E,L,L,S,Q,P,L,L,G,A,K,N,P,I,G,A,I,P,K,G,H,K,P,R,P,H,P,V,P,D,Y,E,L,K,Y,P,P,V,S,S,E,R,E,R,S,R,Y,A,A,V,F,Q,D,Q,Y,G,E,F,L,E,L,Q,R,E,V,G,C,A,Q,A,K,L,R,Q,L,E,A,L,L,S,S,L,P,P,P,Q,S,Q,K,E,A,Q,V,A,A,R,V,W,R,E,F,E,K,K,Q,T,D,P,G,F,L,D,K,Q,A,R,C,H,Y,L,K,G,K,L,R,H,L,K,T,Q,I,Q,K,F,N,D,R,G,D,S,E,G,S,V,Y,F
Saimiri_boliviensis_boliviensis,-,-,-,-,-,-,-,-,-,-,-,-,-,-,-,-,-,-,-,-,-,-,-,-,-,-,-,-,-,-,-,-,-,-,-,-,-,-,-,-,-,-,-,-,-,-,-,-,-,-,-,-,-,-,-,-,-,-,-,-,-,-,-,-,-,-,-,-,-,-,-,-,-,-,-,-,-,-,-,-,-,-,-,-,-,-,-,-,-,-,-,-,-,-,-,-,-,-,-,-,-,-,-,-,-,-,-,-,-,-,-,-,-,-,-,-,-,-,-,-,-,-,-,-,-,-,-,-,-,-,-,-,-,-,-,-,-,-,-,-,-,-,-,-,-,-,-,-,-,-,-,-,-,-,-,-,-,-,-,-,-,-,-,-,-,-,-,-,-,-,-,-,-,-,-,-,-,-,-,-,-,-,-,-,-,-,-,-,-,-,-,-,-,-,-,-,-,-,-,-,-,-,-,-,-,-,-,-
Sapajus_apella,M,P,S,R,E,P,P,K,T,R,G,S,R,G,H,L,Q,T,H,P,P,G,P,G,P,P,L,Q,R,L,T,P,R,G,L,K,T,S,A,P,R,P,P,C,Q,P,Q,P,R,P,H,K,A,R,P,K,T,I,V,F,E,D,E,L,L,S,Q,A,L,L,D,A,K,K,P,I,G,V,I,P,K,G,H,T,P,R,P,H,P,V,P,D,Y,E,L,K,Y,P,P,V,S,S,A,R,E,R,S,R,Y,A,A,V,F,Q,D,Q,Y,G,E,Y,L,E,L,Q,R,E,V,G,C,A,Q,A,K,L,R,Q,L,E,A,R,L,S,S,L,P,P,P,Q,S,Q,K,E,A,Q,V,A,A,R,V,W,R,E,F,E,K,K,Q,M,D,P,G,F,L,D,K,Q,A,R,C,H,Y,L,K,G,K,L,R,H,L,K,T,Q,I,Q,K,F,D,D,R,G,D,S,E,G,S,V,Y,F
Suricata_suricatta,M,P,T,R,E,S,P,K,T,R,G,Y,R,G,D,P,Q,T,R,P,P,G,P,G,P,P,-,-,R,L,V,P,P,V,Q,G,S,S,A,P,R,A,V,C,E,P,Q,P,G,A,P,R,A,R,P,K,K,I,V,F,E,D,E,L,P,S,R,A,P,L,G,T,K,K,S,I,E,A,I,P,G,G,H,M,P,R,P,H,P,V,P,D,Y,E,L,K,Y,P,Q,V,R,S,E,R,E,R,S,R,Y,A,A,V,F,Q,D,Q,Y,P,E,F,L,E,L,Q,Q,E,V,G,S,A,R,A,K,L,Q,H,L,E,T,L,L,R,S,L,P,R,P,R,S,Q,K,G,A,E,V,A,A,R,V,W,R,E,F,E,K,K,Q,T,D,P,G,F,L,D,K,Q,A,R,C,H,Y,L,K,G,K,L,K,H,L,K,M,Q,I,Q,K,F,D,E,Q,G,D,Q,E,G,S,V,Y,F
Theropithecus_gelada,-,-,-,-,-,-,-,-,-,-,-,-,-,-,-,-,-,-,-,-,-,-,-,-,-,-,-,-,-,-,-,-,-,-,-,-,-,-,-,-,-,-,-,-,-,-,-,-,-,-,-,-,-,-,-,-,-,-,-,-,-,-,-,-,-,-,-,-,-,-,-,-,-,-,-,-,-,-,-,-,-,-,-,-,-,-,-,-,-,-,-,-,-,-,-,-,-,-,-,-,-,-,-,-,-,-,-,-,-,-,-,-,-,-,-,-,-,-,-,-,-,-,-,-,-,-,-,-,-,-,-,-,-,-,-,-,-,-,-,-,-,-,-,-,-,-,-,-,-,-,-,-,-,-,-,-,-,-,-,-,-,-,-,-,-,-,-,-,-,-,-,-,-,-,-,-,-,-,-,-,-,-,-,-,-,-,-,-,-,-,-,-,-,-,-,-,-,-,-,-,-,-,-,-,-,-,-,-
Trachypithecus_francoisi,M,P,T,R,E,L,P,K,T,R,G,S,R,G,H,L,P,T,H,P,P,G,P,G,P,P,-,-,-,-,-,-,-,G,L,K,T,S,A,P,R,P,R,C,Q,P,Q,P,G,P,H,K,A,K,P,R,K,I,V,F,E,D,E,L,L,S,Q,P,L,L,G,A,K,N,P,I,G,A,I,P,K,G,H,K,P,R,P,H,P,V,P,D,Y,E,L,K,Y,P,P,V,S,S,E,R,E,R,S,R,Y,A,A,V,F,Q,D,Q,Y,G,E,F,L,E,L,Q,R,E,V,G,C,A,Q,A,K,L,R,Q,L,E,A,L,L,S,S,L,P,P,P,Q,S,Q,K,E,A,Q,V,A,A,R,V,W,R,E,F,E,K,K,R,T,D,P,G,F,L,D,K,Q,A,R,C,H,Y,L,K,G,K,L,R,H,L,K,T,Q,I,Q,K,F,N,D,R,G,D,S,E,G,S,V,Y,F
Tupaia_chinensis,-,-,-,-,-,-,-,-,-,-,-,-,-,-,-,-,-,-,-,-,-,-,-,-,-,-,-,-,-,-,-,-,-,-,-,-,-,-,-,-,-,-,-,-,-,-,-,-,-,-,-,-,-,-,-,-,-,-,-,-,-,-,-,-,-,-,-,-,-,-,-,-,-,-,-,-,-,-,-,-,-,-,-,-,-,-,-,-,-,-,-,-,-,-,-,-,-,-,-,-,-,-,-,-,-,-,-,-,-,-,-,-,-,-,-,-,-,-,-,-,-,-,-,-,-,-,-,-,-,-,-,-,-,-,-,-,-,-,-,-,-,-,-,-,-,-,-,-,-,-,-,-,-,-,-,-,-,-,-,-,-,-,-,-,-,-,-,-,-,-,-,-,-,-,-,-,-,-,-,-,-,-,-,-,-,-,-,-,-,-,-,-,-,-,-,-,-,-,-,-,-,-,-,-,-,-,-,-
Urocitellus_parryii,M,P,A,R,E,H,S,L,A,R,G,P,R,G,I,S,Q,T,R,P,P,G,P,G,P,P,-,-,G,T,V,P,P,D,H,K,T,S,V,P,R,P,R,R,Q,P,Q,P,A,F,P,K,A,R,P,R,K,I,V,F,E,D,E,L,N,P,Q,A,L,L,V,T,K,K,P,T,R,A,I,R,A,E,Q,M,P,R,P,H,P,S,P,D,Y,E,L,K,Y,P,P,V,S,S,E,R,E,R,S,R,Y,V,A,V,F,Q,D,Q,Y,G,E,F,L,E,L,Q,H,E,V,G,S,T,Q,A,K,L,Q,Q,L,E,A,L,M,S,S,L,P,P,P,Q,S,Q,K,E,A,Q,V,A,A,R,V,W,R,E,F,E,K,K,W,K,D,P,G,F,L,D,K,Q,L,R,C,R,Y,L,K,A,K,L,R,H,L,K,T,Q,I,Q,K,F,D,D,Q,E,D,R,E,G,S,V,Y,F
Ursus_americanus,M,P,T,R,E,S,P,Q,T,R,G,Y,R,G,D,L,Q,T,R,P,P,G,P,G,P,P,-,-,R,L,V,P,P,G,P,K,N,S,A,P,R,A,L,C,E,R,Q,A,G,A,H,R,P,R,P,K,K,I,V,F,E,D,E,L,P,S,R,A,L,L,S,T,K,K,P,I,E,A,I,P,T,G,H,M,P,R,P,H,P,V,P,D,Y,E,L,K,Y,P,Q,V,S,S,E,R,E,R,S,R,Y,A,A,V,F,Q,D,Q,Y,T,E,F,L,E,L,Q,Q,E,V,G,S,A,L,A,K,L,Q,Q,L,E,A,L,L,N,S,L,P,R,P,R,S,Q,K,E,A,Q,F,A,A,R,V,W,R,E,F,E,K,K,Q,M,D,P,S,F,L,D,K,Q,A,R,C,H,Y,L,K,G,K,L,R,H,L,K,M,Q,I,Q,K,F,N,E,Q,G,D,C,E,G,S,V,Y,F
Ursus_maritimus,M,P,T,R,E,S,P,Q,T,R,G,Y,R,G,D,L,Q,T,R,P,P,G,P,G,P,P,-,-,R,L,V,P,P,G,P,K,N,S,A,P,R,A,L,C,E,R,Q,A,G,A,H,R,P,R,P,K,K,I,V,F,E,D,E,L,P,S,R,A,L,L,S,T,K,K,P,I,E,A,I,P,T,G,H,M,P,R,P,H,P,V,P,D,Y,E,L,K,Y,P,Q,V,S,S,E,R,E,R,S,R,Y,A,A,V,F,Q,D,Q,Y,T,E,F,L,E,L,Q,Q,E,V,G,S,A,L,A,K,L,Q,Q,L,E,A,L,L,N,S,L,P,R,P,R,S,Q,K,E,A,Q,F,A,A,R,V,W,R,E,F,E,K,K,Q,M,D,P,S,F,L,D,K,Q,T,R,C,H,Y,L,K,G,K,L,R,H,L,K,M,Q,I,Q,K,F,N,E,Q,G,D,C,E,G,S,V,Y,F
Vicugna_pacos,-,P,T,R,E,P,R,Q,T,R,G,S,R,G,D,L,P,G,P,P,P,G,P,W,P,T,-,-,R,L,V,P,R,G,L,T,S,S,A,P,R,P,L,C,Q,P,Q,P,G,A,H,R,S,R,P,K,K,I,V,F,E,D,E,L,P,S,L,P,L,L,G,T,K,K,S,I,G,A,D,P,G,G,H,I,P,R,P,H,P,V,P,D,Y,E,L,K,Y,P,T,V,N,S,E,T,D,R,S,R,Y,A,A,V,F,Q,D,Q,Y,T,E,F,L,E,L,Q,Q,E,V,G,S,A,Q,A,K,L,Q,Q,L,E,A,L,L,N,S,L,P,P,P,R,S,Q,K,E,A,H,V,A,A,R,V,W,R,E,F,E,K,K,Q,M,D,P,S,F,L,D,K,Q,A,R,C,H,Y,L,-,-,-,-,-,-,-,-,-,-,-,-,-,-,-,-,-,-,-,-,-,-,-,-,-,-
Artibeus_jamaicensis,M,P,T,R,V,P,H,H,T,H,G,S,R,G,D,L,Q,S,R,P,P,G,P,G,P,P,-,-,H,L,A,P,R,G,L,E,T,S,G,L,R,S,L,C,Q,T,Q,P,G,V,H,R,A,R,P,K,K,I,V,F,E,D,E,L,P,S,Q,A,L,M,G,T,K,K,P,V,G,A,I,P,E,G,H,M,S,R,P,C,P,V,P,D,Y,E,L,K,Y,P,A,V,S,S,E,R,E,R,S,C,Y,A,A,V,F,Q,D,Q,Y,A,E,F,L,E,L,R,Q,Q,L,G,S,A,Q,K,K,L,Q,Q,L,K,A,L,L,T,S,L,P,A,P,R,S,Q,K,E,A,Q,V,A,A,R,V,W,R,E,F,E,K,K,R,T,D,P,I,F,L,D,K,Q,A,R,C,R,Y,L,R,D,K,L,R,H,L,K,A,Q,I,Q,K,F,D,N,R,G,D,S,E,G,S,V,Y,F
Desmodus_rotundus,M,P,T,R,A,P,H,H,T,H,G,S,R,G,D,L,Q,T,R,P,P,G,P,G,P,L,-,-,H,L,V,P,R,G,L,D,T,S,G,P,R,S,L,C,Q,P,Q,P,G,P,H,R,P,R,P,K,K,I,V,F,E,D,E,L,P,S,Q,A,L,L,G,T,K,K,P,V,G,S,I,P,E,G,H,M,S,R,P,Y,P,L,P,D,Y,K,L,K,Y,P,A,V,T,S,E,R,E,R,S,C,Y,T,A,V,F,Q,D,Q,Y,A,E,F,L,E,L,Q,Q,Q,L,D,S,A,Q,K,K,L,Q,Q,L,K,A,L,L,T,S,L,P,P,P,R,S,Q,K,E,A,Q,V,A,T,R,V,W,R,E,F,E,K,K,R,T,D,P,I,F,L,D,K,Q,A,R,Y,R,Y,L,K,S,K,L,R,H,L,K,A,Q,I,Q,K,F,D,N,R,G,D,S,E,G,S,V,Y,F
Eptesicus_fuscus,M,P,T,R,G,P,P,H,T,H,G,S,R,G,D,L,Q,F,R,P,P,G,P,G,P,P,-,-,-,-,-,-,-,-,-,-,-,-,-,-,-,-,-,-,-,-,-,P,G,A,H,R,A,R,P,K,K,I,V,F,E,D,E,L,P,Y,R,T,L,P,G,T,K,K,P,V,E,S,I,P,G,E,H,M,P,R,P,H,P,V,P,D,Y,E,L,K,Y,P,P,V,S,S,E,R,E,R,S,C,Y,A,A,V,F,Q,D,Q,Y,S,E,F,L,E,L,Q,Q,E,L,R,S,A,Q,A,K,L,Q,Q,L,E,A,L,L,T,S,L,P,P,P,Q,S,Q,K,E,A,Q,V,A,A,R,V,W,R,E,F,E,K,K,R,T,D,P,G,F,L,D,K,Q,A,R,C,R,Y,L,K,G,K,L,R,H,L,K,A,Q,I,Q,K,F,D,N,Q,G,D,S,E,G,S,V,Y,F
Hipposideros_armiger,M,P,S,R,E,P,P,K,T,R,G,S,R,G,D,L,H,A,L,P,R,G,A,G,P,P,-,-,R,V,T,P,R,G,L,E,T,S,V,Y,R,P,L,C,Q,P,Q,P,G,A,Y,R,V,R,A,K,K,I,V,F,E,D,E,L,P,S,R,P,L,L,G,T,K,K,P,V,G,S,I,P,G,G,H,M,P,R,P,H,P,L,P,D,Y,E,L,K,Y,P,A,V,S,S,E,R,E,R,S,R,Y,A,A,V,F,Q,D,Q,Y,A,E,F,L,D,L,Q,Q,K,V,G,S,A,Q,A,K,L,Q,Q,L,E,A,L,L,T,S,L,P,V,P,R,S,Q,K,E,A,Q,V,T,A,R,V,W,R,E,F,E,K,K,-,-,-,-,-,-,-,-,-,-,-,-,-,-,-,-,-,-,-,-,-,-,-,-,-,-,-,-,-,-,-,-,-,-,-,-,-,-,-,-,-,-
Miniopterus_natalensis,M,P,T,R,G,P,R,H,T,H,G,S,R,G,G,L,Q,L,R,P,P,G,P,G,P,P,-,-,-,-,-,-,-,-,-,-,-,-,-,-,-,-,-,-,-,-,-,P,E,A,H,R,A,R,P,K,K,I,V,F,E,D,E,L,P,S,R,T,L,Q,G,T,K,K,P,V,G,Y,I,L,G,G,H,M,P,R,S,H,P,V,R,D,Y,E,L,K,Y,P,A,V,S,S,K,R,E,R,S,C,Y,A,A,V,F,Q,D,Q,Y,A,E,F,L,E,L,Q,Q,E,L,D,S,A,Q,A,K,L,Q,Q,L,E,A,L,L,T,S,L,P,P,A,R,S,Q,K,E,A,Q,V,A,A,R,V,W,R,E,F,E,K,K,Q,T,D,P,S,F,L,D,K,Q,A,R,C,R,Y,L,K,D,K,L,R,H,L,K,A,Q,I,Q,K,F,D,N,R,G,D,S,E,G,S,V,Y,F
Molossus_molossus,-,-,-,-,-,-,-,-,-,-,-,-,-,-,-,-,-,-,-,-,-,-,-,-,-,-,-,-,-,-,-,-,-,-,-,-,-,-,-,-,-,-,-,-,-,-,-,P,G,A,H,R,A,R,P,K,R,I,V,F,E,D,E,L,P,C,R,V,L,L,G,T,K,K,P,V,G,S,I,P,G,G,H,M,R,S,P,H,P,V,P,D,Y,K,L,K,Y,P,A,V,S,S,E,M,E,R,R,C,Y,A,A,V,F,Q,D,Q,Y,T,E,F,L,D,L,Q,Q,E,L,G,S,A,Q,A,K,L,Q,K,L,E,A,L,L,T,S,L,P,P,P,R,S,Q,K,E,A,Q,V,A,A,R,V,R,R,E,F,E,K,K,R,M,D,P,S,F,L,D,K,Q,A,R,C,R,Y,L,K,G,K,L,R,H,L,K,T,Q,I,Q,E,F,D,N,R,G,D,S,E,D,S,V,Y,F
Myotis_brandtii,M,P,T,R,R,P,P,H,T,H,G,S,R,G,D,L,Q,F,R,P,P,G,P,G,P,P,-,-,-,-,-,-,-,-,-,-,-,-,-,-,-,-,-,-,-,-,-,P,G,A,P,R,A,R,P,K,K,I,V,F,E,D,E,L,P,S,R,T,L,P,C,T,K,K,P,V,E,S,I,P,G,E,H,M,P,R,P,H,P,V,P,D,Y,E,L,K,Y,P,P,V,S,S,E,R,E,R,S,C,Y,A,A,V,F,Q,D,Q,Y,S,E,F,L,E,L,Q,Q,E,L,R,S,A,Q,A,K,L,Q,Q,L,E,A,L,L,T,S,L,P,P,P,Q,S,Q,K,E,A,Q,V,A,A,R,V,W,R,E,F,E,K,K,R,T,D,P,G,F,L,D,K,Q,A,R,C,R,Y,L,K,G,K,L,R,H,L,K,A,Q,I,Q,K,F,D,S,R,G,D,S,E,G,S,V,Y,F
Myotis_davidii,M,P,T,R,G,P,P,H,T,H,G,S,R,G,D,L,Q,F,R,P,P,G,P,G,P,P,-,-,-,-,-,-,-,-,-,-,-,-,-,-,-,-,-,-,-,-,-,P,G,A,P,R,A,R,P,R,K,I,V,F,E,D,E,L,P,S,-,-,-,-,-,-,E,K,P,V,E,P,I,P,G,E,H,V,P,R,P,H,P,V,P,D,Y,E,L,K,Y,P,P,V,S,S,E,R,E,R,S,C,Y,A,A,V,F,Q,D,Q,Y,S,E,F,L,E,L,Q,Q,E,L,R,S,A,Q,A,K,L,Q,Q,L,E,A,L,L,T,S,L,P,P,P,Q,S,Q,K,E,A,Q,V,A,A,R,V,W,R,E,F,E,K,K,R,T,D,P,G,F,L,D,K,Q,A,R,C,R,Y,L,K,G,K,L,R,H,L,K,A,Q,I,Q,K,F,D,S,R,G,D,S,E,G,S,V,Y,F
Myotis_lucifugus,M,P,T,R,G,P,P,H,T,H,G,S,R,G,D,L,Q,F,R,P,P,G,P,G,P,P,-,-,-,-,-,-,-,-,-,-,-,-,-,-,-,-,-,-,-,-,-,P,G,A,P,R,A,R,P,K,K,I,V,F,E,D,E,L,P,S,R,-,-,-,-,-,K,K,P,V,E,S,I,P,G,E,H,M,P,R,P,H,P,V,P,D,Y,E,L,K,Y,P,P,V,S,S,E,R,E,R,S,C,Y,A,A,V,F,Q,D,Q,Y,S,E,F,L,E,L,Q,Q,E,L,R,S,A,Q,A,K,L,Q,H,L,E,A,L,L,T,S,L,P,P,P,Q,S,Q,K,E,A,Q,V,A,A,R,V,W,R,E,F,E,K,K,R,T,D,P,G,F,L,D,K,Q,A,R,C,R,Y,L,K,G,K,L,R,H,L,K,A,Q,I,Q,K,F,D,S,R,G,D,S,E,G,S,V,Y,F
Myotis_myotis,M,P,A,R,E,P,P,H,T,H,G,S,R,G,D,L,Q,F,R,P,P,G,P,G,P,P,-,-,-,-,-,-,-,-,-,-,-,-,-,-,-,-,-,-,-,-,Q,P,G,A,P,R,A,R,P,R,K,I,V,F,E,D,E,L,P,S,R,A,L,P,C,T,Q,K,P,V,E,S,I,P,G,E,H,V,P,R,P,H,P,V,P,D,Y,E,L,K,Y,P,P,V,S,S,E,R,E,R,S,C,Y,A,A,V,F,R,D,Q,Y,S,E,F,L,E,L,Q,Q,E,L,R,S,A,Q,A,K,L,Q,Q,L,E,A,L,L,T,S,L,P,P,P,Q,S,Q,K,E,A,Q,V,A,A,R,V,W,R,E,F,E,K,K,R,T,D,P,G,F,L,D,K,Q,A,R,C,C,Y,L,K,G,K,L,R,H,L,K,A,Q,I,Q,K,F,D,S,R,G,D,S,E,G,S,V,Y,F
Phyllostomus_discolor,-,-,-,-,-,-,-,-,-,-,-,-,-,-,-,-,-,-,-,-,-,-,-,-,-,-,-,-,-,L,V,P,R,G,L,E,T,S,G,P,S,S,V,C,Q,P,Q,P,G,A,H,R,A,R,P,K,K,I,V,F,E,D,E,L,P,S,Q,A,L,L,G,T,K,K,P,F,G,S,I,P,E,G,H,M,S,R,P,Y,P,V,P,D,Y,V,L,K,Y,P,A,V,T,S,E,R,E,R,S,C,Y,A,A,V,F,Q,D,Q,Y,A,E,F,L,E,L,R,E,Q,L,G,S,A,Q,K,K,L,Q,Q,L,K,A,L,L,T,S,L,P,P,P,R,S,Q,K,E,A,Q,V,A,A,N,V,W,R,E,F,E,K,K,R,T,D,P,I,F,L,D,K,Q,A,R,C,L,Y,L,K,D,K,L,R,H,L,K,A,Q,I,Q,K,F,D,N,R,G,D,S,E,G,S,V,Y,F
Phyllostomus_hastatus,M,P,T,R,V,P,H,Q,T,H,G,S,R,G,H,L,Q,I,R,P,P,G,P,G,P,P,-,-,H,L,V,P,R,G,L,E,T,S,G,P,R,S,V,R,Q,P,Q,P,G,A,H,R,A,R,P,K,K,I,V,F,E,D,E,L,P,S,Q,A,L,L,G,T,K,K,P,F,G,S,I,P,E,G,H,M,S,R,P,Y,P,V,P,D,Y,V,L,K,Y,P,A,V,T,S,E,R,E,R,S,C,Y,A,A,V,F,Q,D,Q,Y,A,E,F,L,E,L,R,E,Q,L,G,S,A,Q,K,K,L,Q,Q,L,K,A,L,L,T,S,L,P,L,P,R,S,Q,K,E,A,Q,V,A,A,N,V,W,R,E,F,E,K,K,R,T,D,P,I,F,L,D,K,Q,A,R,C,L,Y,L,K,D,K,L,R,H,L,K,A,Q,I,Q,K,F,D,N,R,G,D,S,E,G,S,V,Y,F
Pipistrellus_kuhlii,M,P,T,R,E,P,P,H,A,H,G,S,R,G,D,L,Q,F,R,P,P,G,P,G,P,P,-,-,-,-,-,-,-,-,-,-,-,-,-,-,-,-,L,C,Q,P,Q,P,G,A,H,R,A,R,P,K,K,I,V,F,E,D,E,L,P,S,R,P,R,P,G,T,K,K,P,V,E,S,I,P,G,E,H,M,P,R,P,H,P,V,P,D,Y,E,L,K,Y,P,P,V,S,S,E,R,E,R,S,C,Y,A,A,V,F,Q,D,Q,Y,S,E,F,L,E,L,Q,Q,E,L,R,S,T,Q,A,K,L,Q,Q,L,E,A,L,L,T,S,L,P,P,P,H,S,Q,K,E,A,Q,V,A,A,R,V,W,R,E,F,E,K,K,R,T,D,P,G,F,L,D,K,Q,A,R,C,R,Y,L,K,G,K,L,R,H,L,K,A,Q,I,Q,K,F,D,N,R,E,D,S,E,G,S,V,Y,F
Rhinolophus_ferrumequinum,M,P,T,Q,E,P,P,K,T,R,G,S,R,G,D,L,H,T,R,P,P,D,R,G,P,P,-,-,R,L,I,P,R,G,L,K,T,S,V,S,R,P,L,C,Q,P,Q,A,G,A,Y,R,A,R,P,K,K,I,V,F,E,D,E,L,P,S,R,P,V,L,G,T,K,K,P,V,G,S,I,L,G,R,H,M,P,R,P,H,S,L,P,D,Y,E,L,K,Y,P,A,V,S,S,E,R,E,R,S,R,Y,V,A,V,F,Q,D,Q,H,A,E,F,L,E,L,Q,Q,E,V,G,S,A,Q,A,K,L,Q,Q,L,E,A,L,L,T,S,L,P,A,P,R,S,Q,K,E,A,Q,V,T,A,H,V,W,R,E,F,E,K,K,Q,M,D,P,S,F,L,D,K,Q,A,R,C,R,Y,L,K,S,K,L,R,H,L,K,A,Q,I,Q,K,F,D,D,R,G,D,S,E,G,S,V,Y,F
Sorex_araneus,M,S,P,R,E,R,P,H,I,R,S,P,R,G,H,P,H,S,R,P,L,D,P,G,P,P,-,-,-,-,-,-,-,-,T,E,T,S,A,R,R,P,L,C,Q,P,Q,P,T,A,C,K,I,R,P,K,K,I,V,F,E,D,E,L,P,S,R,-,-,-,-,-,-,-,-,-,-,-,-,-,-,-,-,-,-,-,-,H,P,V,P,D,Y,E,L,K,Y,P,P,V,S,N,A,R,T,R,S,Q,Y,A,A,V,F,Q,D,Q,Y,P,E,L,L,K,L,Q,Q,N,V,D,Q,A,Q,A,K,L,Q,Q,L,K,A,L,L,S,S,L,P,P,P,Q,S,Q,K,E,A,Q,V,T,A,H,L,W,R,E,F,E,K,K,Q,K,D,P,R,F,L,D,K,Q,T,R,C,H,Y,L,K,G,K,L,R,H,L,K,M,Q,I,R,K,F,D,E,Q,E,D,S,E,G,S,V,Y,F
Sturnira_hondurensis,M,P,T,R,V,P,H,H,T,H,G,S,R,G,Y,L,Q,S,R,P,P,G,P,G,P,P,-,-,H,L,V,P,R,G,L,E,T,S,G,P,R,N,L,C,Q,L,Q,P,S,A,H,R,A,R,L,K,K,I,V,F,E,D,E,L,P,S,Q,A,L,T,G,T,K,K,P,V,G,S,I,P,E,G,H,M,S,R,P,Y,P,V,P,D,Y,E,L,K,Y,P,A,V,S,S,E,R,E,R,S,C,Y,A,A,V,F,Q,D,Q,Y,A,E,F,L,E,L,R,Q,Q,L,D,S,A,Q,K,K,L,Q,Q,L,K,A,L,L,T,S,L,P,A,P,R,S,Q,K,E,A,Q,V,A,A,R,V,W,R,E,F,E,K,K,R,T,D,P,I,F,L,D,K,Q,A,R,C,R,Y,L,K,D,K,L,R,H,L,K,A,Q,I,Q,K,F,D,N,R,G,D,S,E,G,S,V,Y,F
Pteropus_alecto,-,-,-,-,-,-,-,-,-,-,-,-,-,-,-,-,-,-,-,-,-,-,-,-,-,-,-,-,-,-,-,-,-,-,-,-,-,-,-,-,-,-,-,-,-,-,-,-,-,-,-,-,-,-,-,-,-,-,-,-,-,-,-,-,-,-,-,-,-,-,-,-,-,-,-,-,-,-,-,-,-,-,-,-,-,-,-,-,-,-,-,-,-,-,-,-,-,-,-,-,-,-,-,-,-,-,-,-,-,-,-,-,-,-,-,-,-,-,-,-,-,-,-,-,-,-,-,-,-,-,-,-,-,-,-,-,-,-,-,-,-,-,-,-,-,-,-,-,-,-,-,-,-,-,-,-,-,-,-,-,-,-,-,-,-,-,-,-,-,-,-,-,-,-,-,-,-,-,-,-,-,-,-,-,-,-,-,-,-,-,-,-,-,-,-,-,-,-,-,-,-,-,-,-,-,-,-,-
Pteropus_giganteus,M,P,T,R,E,P,H,Q,T,R,G,C,R,G,D,L,Q,I,R,P,P,G,P,G,P,P,L,Q,R,L,V,P,R,G,L,E,T,Y,-,-,-,P,L,C,Q,P,Q,P,G,P,H,T,A,R,P,R,K,I,V,F,E,D,E,L,P,S,R,P,L,L,G,A,K,K,P,V,V,S,I,P,G,G,H,M,P,M,P,H,S,V,P,D,Y,E,L,K,Y,P,A,V,S,S,E,R,E,R,S,R,Y,A,A,V,F,Q,D,Q,Y,A,E,F,L,E,L,H,Q,E,V,G,S,A,R,A,K,L,Q,R,L,E,A,L,L,T,S,L,P,P,P,R,S,Q,K,E,A,Q,V,A,T,R,V,W,R,E,F,E,K,K,R,T,-,-,-,-,-,-,-,-,-,-,-,-,-,-,-,-,-,-,-,-,-,-,-,-,-,-,-,-,-,-,-,-,-,-,-,-,-,-,-,-
Pteropus_vampyrus,M,P,T,R,E,P,P,Q,T,R,G,C,R,G,D,L,Q,I,R,P,P,G,P,G,P,P,L,Q,R,L,V,P,R,G,L,E,T,Y,-,-,-,P,L,C,Q,P,Q,P,G,P,H,T,A,R,P,R,K,I,V,F,E,D,E,L,P,S,R,P,L,L,G,A,K,K,P,V,V,S,I,P,G,G,H,M,P,M,P,H,S,V,P,D,Y,E,L,K,Y,P,A,V,S,S,K,R,E,R,S,R,Y,A,A,V,F,Q,D,Q,Y,A,E,F,L,E,L,Q,Q,E,V,G,S,A,R,A,K,L,Q,R,L,E,A,L,L,T,S,L,P,P,P,R,S,Q,K,E,A,Q,V,A,T,R,V,W,R,K,F,E,K,K,R,T,-,-,-,-,-,-,-,-,-,-,-,-,-,-,-,-,-,-,-,-,-,-,-,-,-,-,-,-,-,-,-,-,-,-,-,-,-,-,-,-
Rousettus_aegyptiacus,M,P,I,R,E,P,P,Q,T,R,G,C,R,G,H,Q,Q,T,R,P,P,G,P,G,P,P,-,-,Q,L,V,P,R,G,L,E,T,Y,-,-,-,P,L,C,Q,P,Q,T,G,A,H,A,A,R,P,R,K,I,V,F,E,D,E,L,P,S,R,P,L,L,G,A,K,K,P,V,V,S,I,P,G,G,H,M,L,T,P,H,P,V,P,D,Y,E,L,K,Y,P,A,V,S,S,E,R,E,R,S,R,Y,A,A,V,F,Q,D,Q,Y,A,E,F,L,E,L,Q,Q,E,V,G,S,A,Q,A,K,L,Q,Q,L,E,A,L,L,T,S,L,P,P,P,R,S,Q,K,E,A,Q,V,A,T,R,V,W,R,E,F,E,K,K,R,-,-,-,-,-,-,-,-,-,-,-,-,-,-,-,-,-,-,-,-,-,-,-,-,-,-,-,-,-,-,-,-,-,-,-,-,-,-,-,-,-
Ailuropoda_melanoleuca,M,P,T,R,E,S,P,Q,T,R,G,Y,R,G,D,L,Q,T,R,P,P,G,P,G,P,P,-,-,R,L,V,P,P,G,P,K,T,S,A,P,Q,A,L,C,E,R,Q,A,G,A,H,R,P,R,P,K,K,I,V,F,K,D,E,L,P,S,R,A,L,L,T,T,K,K,P,I,E,A,I,P,T,G,H,M,P,R,P,H,P,V,P,D,Y,E,L,K,Y,P,Q,V,S,S,E,R,E,R,S,R,Y,A,A,V,F,Q,D,Q,Y,T,E,F,L,E,L,Q,Q,E,V,G,S,A,L,A,K,L,Q,Q,L,E,A,L,L,N,S,L,P,R,P,Q,S,Q,K,E,A,Q,F,A,A,R,V,W,R,K,F,E,K,K,Q,M,D,P,S,F,L,D,K,Q,A,R,C,H,Y,L,K,G,K,L,R,H,L,K,M,Q,I,Q,K,F,D,E,Q,G,D,F,E,G,S,V,Y,F
Antechinus_flavipes,-,-,-,-,-,-,-,-,-,-,-,-,-,-,-,-,-,-,-,-,-,-,-,-,-,-,-,-,-,-,-,-,-,-,-,-,-,-,-,-,-,-,-,-,-,-,-,-,-,-,-,-,-,R,P,R,K,I,V,F,E,D,E,L,P,-,-,-,-,-,-,-,-,-,-,-,-,-,-,-,-,-,H,T,P,Q,P,Q,L,V,P,D,Y,I,L,R,Y,P,A,I,S,S,A,V,E,R,S,R,Y,K,A,V,F,Q,D,Q,H,P,E,Y,L,E,L,H,Q,D,V,A,T,A,M,A,K,F,Q,E,L,E,A,L,L,A,T,L,P,-,-,-,-,-,-,E,A,R,L,-,A,W,V,R,R,E,F,E,R,K,K,R,D,P,V,F,L,E,K,Q,A,R,C,D,Y,L,K,R,K,L,R,H,L,K,A,Q,I,Q,K,Y,D,E,K,D,S,Q,D,G,S,V,Y,F
Aotus_nancymaae,M,P,T,R,E,A,P,K,T,R,G,S,R,G,H,L,Q,T,H,P,P,G,P,G,P,P,L,Q,G,L,T,P,R,G,L,K,T,S,A,P,H,P,P,C,Q,P,Q,P,G,P,H,K,S,R,P,K,T,I,V,F,E,D,E,L,L,S,Q,A,L,L,G,A,K,K,P,I,G,A,I,P,K,G,H,T,P,R,P,H,P,V,P,D,Y,E,L,K,Y,P,P,V,S,S,A,R,E,R,S,R,Y,A,A,V,F,Q,D,Q,Y,G,E,Y,L,E,L,Q,R,E,V,G,C,A,Q,A,K,L,R,Q,L,E,A,R,L,S,S,L,P,P,P,Q,S,Q,K,E,A,Q,V,A,A,R,V,W,R,E,F,E,K,K,Q,M,D,P,G,F,L,D,K,Q,A,R,C,H,Y,L,K,G,K,L,R,H,L,K,T,Q,I,Q,K,F,D,D,R,G,D,S,E,G,S,V,Y,F
Apodemus_sylvaticus,M,P,A,L,E,R,P,-,-,-,-,-,-,-,-,-,-,-,-,-,-,-,-,-,-,-,-,-,-,-,-,-,-,-,-,-,-,-,-,-,-,-,-,-,-,-,-,-,-,-,-,-,-,R,P,R,K,I,V,F,A,D,E,L,R,P,Q,A,P,L,H,S,R,D,L,-,-,-,-,-,-,-,-,G,P,R,P,K,P,V,P,D,Y,E,L,K,Y,P,P,V,T,S,R,R,D,R,S,R,Y,A,A,V,F,Q,D,Q,H,G,E,F,L,E,L,Q,R,E,V,G,A,T,Q,A,K,L,Q,Q,L,E,T,L,L,L,T,L,P,P,P,R,S,Q,K,E,V,R,V,A,A,H,V,R,R,E,F,E,K,K,R,A,D,P,R,F,L,D,K,Q,A,R,C,N,Y,L,K,G,K,L,R,H,L,K,A,Q,I,R,K,F,D,D,Q,Q,D,S,E,D,S,V,Y,F
Arvicola_amphibius,-,-,-,-,-,-,-,-,-,-,-,-,-,-,-,-,-,-,-,-,-,-,-,-,-,-,-,-,-,-,-,-,-,-,-,-,-,-,-,-,-,P,Q,C,Q,P,A,P,G,E,L,H,T,R,P,R,K,I,V,F,A,D,E,L,R,P,R,A,P,L,H,A,K,V,L,-,-,-,-,-,-,-,-,E,P,R,P,N,P,V,P,D,Y,E,L,K,Y,P,P,V,S,S,R,R,D,R,S,R,Y,A,A,V,F,Q,D,Q,Y,G,E,F,L,E,L,Q,R,E,V,G,A,T,Q,A,K,L,R,Q,L,E,A,L,L,M,S,L,P,P,P,R,S,Q,E,E,A,N,V,A,A,R,V,W,R,E,F,E,K,K,R,A,D,P,G,F,L,D,K,Q,A,R,C,Q,Y,L,K,S,K,L,R,H,I,K,A,Q,I,R,K,F,D,D,Q,G,D,R,E,G,S,V,Y,F
Callorhinus_ursinus,M,P,T,R,E,S,S,K,T,R,G,Y,R,G,D,L,Q,T,R,P,P,G,P,G,P,P,-,-,R,L,V,P,P,G,P,E,T,S,A,P,R,A,L,C,E,R,Q,P,G,A,H,R,A,R,P,K,K,I,V,F,E,D,E,L,P,S,R,A,L,L,S,T,R,K,P,I,E,A,I,P,R,G,H,M,P,R,A,H,P,V,P,D,Y,E,L,K,Y,P,Q,V,S,S,E,R,E,R,S,G,Y,A,A,V,F,Q,D,Q,Y,T,E,F,V,E,L,Q,Q,E,V,G,S,A,L,A,K,L,Q,Q,L,E,T,L,L,T,S,L,P,R,P,R,S,Q,K,E,A,Q,V,A,A,R,V,W,R,E,F,E,K,K,Q,T,D,P,S,F,L,D,K,Q,A,R,C,H,Y,L,K,G,K,L,R,H,L,K,M,Q,I,Q,K,F,D,E,Q,G,D,F,E,G,S,V,Y,F
Canis_lupus_dingo,-,-,-,-,-,-,-,-,-,-,-,-,-,-,-,-,-,-,-,-,-,-,-,-,-,-,-,-,-,-,-,-,-,-,-,-,-,-,-,-,-,-,-,-,-,-,-,-,-,-,-,-,-,-,-,-,-,-,-,-,-,-,-,-,-,-,-,-,-,-,-,-,-,-,-,-,-,-,-,-,-,-,-,-,-,-,-,-,-,-,-,-,-,-,-,-,-,-,-,-,-,-,-,-,-,-,-,-,-,-,-,-,-,-,-,-,-,-,-,-,-,-,-,-,-,-,-,-,-,-,-,-,-,-,-,-,-,-,-,-,-,-,-,-,-,-,-,-,-,-,-,-,-,-,-,-,-,-,-,-,-,-,-,-,-,-,-,-,-,-,-,-,-,-,-,-,-,-,-,-,-,-,-,-,-,-,-,-,-,-,-,-,-,-,-,-,-,-,-,-,-,-,-,-,-,-,-,-
Carlito_syrichta,-,-,-,-,-,-,-,-,-,-,-,-,-,-,-,-,-,-,-,-,-,-,-,-,-,-,-,-,-,-,-,-,-,-,-,-,-,-,-,-,-,-,-,-,-,-,-,-,-,-,-,-,-,-,-,-,-,-,-,-,-,-,-,-,-,-,-,-,-,-,-,-,-,-,-,-,-,-,-,-,-,-,-,-,-,-,-,-,-,-,-,-,-,-,-,-,-,-,-,-,-,-,-,-,-,-,-,-,-,-,-,-,-,-,-,-,-,-,-,-,-,-,-,-,-,-,-,-,-,-,-,-,-,-,-,-,-,-,-,-,-,-,-,-,-,-,-,-,-,-,-,-,-,-,-,-,-,-,-,-,-,-,-,-,-,-,-,-,-,-,-,-,-,-,-,-,-,-,-,-,-,-,-,-,-,-,-,-,-,-,-,-,-,-,-,-,-,-,-,-,-,-,-,-,-,-,-,-
Castor_canadensis,M,P,T,R,E,P,P,R,T,R,G,S,R,G,S,P,Q,T,R,P,P,G,P,G,P,P,-,-,P,L,V,P,R,G,H,K,S,S,T,Q,R,P,R,L,Q,P,Q,P,G,P,H,T,A,R,P,R,K,I,V,F,E,D,E,L,P,S,L,P,L,L,G,I,K,K,P,I,G,A,V,S,G,G,H,V,P,S,P,H,P,V,P,D,Y,E,L,K,Y,P,P,L,S,S,E,R,G,R,S,C,Y,V,A,V,F,Q,D,Q,Y,G,E,F,L,E,L,Q,Q,E,V,G,S,T,Q,A,K,L,Q,Q,L,E,A,L,L,R,S,L,P,P,P,R,S,Q,K,E,A,Q,V,A,A,R,V,W,R,E,L,E,K,K,Q,T,D,P,S,F,L,D,K,Q,A,R,Y,R,Y,L,K,G,K,L,R,H,L,K,T,Q,I,Q,K,F,D,D,Q,G,D,S,E,G,S,V,Y,F
Cavia_porcellus,M,P,S,R,E,R,S,R,A,H,G,S,R,G,N,-,-,-,-,P,P,G,A,D,P,P,-,-,T,V,V,-,-,-,-,-,-,S,P,G,R,P,P,C,Q,P,S,P,A,R,H,Q,P,R,T,R,K,I,V,F,E,D,E,L,P,S,R,-,-,-,-,-,-,-,-,-,-,-,-,-,-,-,-,-,-,-,-,-,-,-,-,D,Y,E,L,K,Y,P,P,L,R,N,E,R,G,R,R,R,Y,V,A,V,F,Q,D,Q,H,A,E,L,R,K,L,Q,R,E,V,D,D,T,E,A,K,L,Q,Q,L,E,M,L,L,R,S,L,P,P,P,R,C,Q,E,E,A,R,A,T,A,R,V,W,R,E,L,E,K,K,R,R,D,P,G,F,L,R,R,Q,A,R,C,F,Y,L,K,G,K,L,R,H,L,K,S,Q,I,Q,K,F,D,D,Q,A,D,S,E,G,S,V,Y,F
Cervus_elaphus_hippelaphus,-,-,-,-,-,-,-,-,-,-,-,-,-,-,-,-,-,-,-,-,-,-,-,-,-,-,-,-,-,-,-,-,-,-,-,-,-,-,-,-,-,-,-,-,-,-,-,-,-,-,-,-,-,-,-,-,-,-,-,-,-,-,-,-,-,-,-,-,-,-,-,-,-,-,-,-,-,-,-,-,-,-,-,-,-,-,-,-,-,-,-,-,-,-,-,-,-,-,-,-,-,-,-,-,-,-,-,-,-,-,-,-,-,-,-,-,-,-,-,-,-,-,-,-,-,-,-,-,-,-,-,-,-,-,-,-,-,-,-,-,-,-,-,-,-,-,-,-,-,-,-,-,-,-,-,-,-,-,-,-,-,-,-,-,-,-,-,-,-,-,-,-,-,-,-,-,-,-,-,-,-,-,-,-,-,-,-,-,-,-,-,-,-,-,-,-,-,-,-,-,-,-,-,-,-,-,-,-
Chinchilla_lanigera,M,P,T,C,E,R,P,Q,A,R,G,F,Q,G,S,-,-,-,-,P,P,G,P,G,P,P,-,-,-,-,-,-,-,-,-,-,-,-,-,-,-,-,-,-,-,-,-,-,-,-,H,Q,A,R,P,R,K,I,T,F,E,D,E,L,T,S,R,A,L,L,G,A,R,K,P,A,A,A,G,P,G,V,Q,M,P,R,P,H,P,V,P,D,Y,E,L,K,Y,P,P,L,R,S,E,R,A,R,S,C,Y,V,A,V,F,Q,D,Q,H,A,E,L,Q,K,L,Q,H,E,V,V,A,T,Q,A,K,L,Q,Q,L,E,T,R,L,R,A,L,P,R,P,R,S,Q,E,E,A,R,A,T,A,R,V,W,Q,E,L,E,K,K,R,-,-,-,-,-,-,-,-,-,-,-,-,-,-,-,-,G,K,L,R,H,L,K,T,Q,I,Q,K,F,D,D,Q,T,D,S,E,G,S,A,Y,F
Choloepus_didactylus,M,P,T,R,G,P,P,K,T,R,G,S,R,G,V,P,Q,P,R,P,P,G,P,G,P,P,-,-,R,Q,V,P,R,G,L,E,T,S,S,P,R,-,-,-,Q,P,Q,P,R,A,H,R,S,R,S,K,K,I,V,F,E,D,E,L,P,P,Q,S,L,Q,G,T,R,K,P,N,G,A,V,P,G,G,H,I,-,-,P,H,R,V,P,D,Y,E,L,K,Y,P,P,V,S,S,K,R,E,R,S,C,Y,V,A,V,F,Q,D,Q,Y,A,E,F,L,E,L,Q,Q,A,V,G,S,A,R,A,K,L,G,Q,L,E,A,L,L,S,S,L,P,P,P,R,S,Q,R,E,A,H,I,A,A,R,V,W,R,E,F,K,K,K,Q,T,D,P,S,F,L,D,K,Q,T,R,Y,H,Y,L,K,G,K,L,R,H,L,K,R,Q,I,Q,K,F,D,D,Q,G,D,S,E,G,S,V,Y,F
Cricetulus_griseus,M,P,T,R,A,R,P,Q,P,-,-,-,-,-,-,-,-,-,H,P,A,G,P,E,P,R,-,-,T,L,V,S,R,S,P,E,S,R,A,R,G,P,Q,C,Q,P,G,P,G,E,L,R,T,R,P,R,K,I,V,F,A,D,E,L,G,A,R,A,-,-,-,-,-,-,-,-,-,-,-,-,-,-,-,-,P,R,P,S,P,V,P,D,Y,E,L,K,Y,P,P,V,S,S,A,R,D,R,S,R,Y,A,A,V,F,Q,D,Q,H,A,E,F,S,E,L,Q,H,H,V,G,V,T,Q,A,K,L,Q,Q,L,E,A,L,L,K,S,L,P,P,P,R,S,Q,K,E,A,H,V,A,A,R,V,R,R,E,F,E,K,K,R,A,D,P,G,F,L,D,K,Q,A,R,C,H,Y,L,K,G,K,L,R,H,L,K,A,Q,I,R,K,F,D,D,Q,G,D,S,Q,D,S,V,Y,F
Dasypus_novemcinctus,-,-,-,-,-,-,-,-,-,-,-,-,-,-,-,-,-,-,-,-,-,-,-,-,-,-,-,-,-,-,-,-,-,-,-,-,-,-,-,-,-,-,-,-,-,-,-,-,-,-,-,-,-,-,-,-,-,-,-,-,-,-,-,-,-,-,-,-,-,-,-,-,-,-,-,-,-,-,-,-,-,-,-,-,-,-,-,-,-,-,-,-,-,-,-,-,-,-,-,-,-,-,-,-,-,-,-,-,-,-,-,-,-,-,-,-,-,-,-,-,-,-,-,-,-,-,-,-,-,-,-,-,-,-,-,-,-,-,-,-,-,-,-,-,-,-,-,-,-,-,-,-,-,-,-,-,-,-,-,-,-,-,-,-,-,-,-,-,-,-,-,-,-,-,-,-,-,-,-,-,-,-,-,-,-,-,-,-,-,-,-,-,-,-,-,-,-,-,-,-,-,-,-,-,-,-,-,-
Dipodomys_ordii,-,-,-,-,-,-,-,-,-,-,-,-,-,-,-,-,-,-,-,-,-,-,-,-,-,-,-,-,-,-,-,-,-,-,-,-,-,-,-,-,-,-,-,-,-,-,-,-,-,-,-,-,-,-,-,-,-,-,-,-,-,-,-,-,-,-,-,-,-,-,-,-,-,-,-,-,-,-,-,-,-,-,-,-,-,-,-,-,-,-,-,-,-,-,-,-,-,-,-,-,-,-,-,-,-,-,-,-,-,-,-,-,-,-,-,-,-,-,-,-,-,-,-,-,-,-,-,-,-,-,-,-,-,-,-,-,-,-,-,-,-,-,-,-,-,-,-,-,-,-,-,-,-,-,-,-,-,-,-,-,-,-,-,-,-,-,-,-,-,-,-,-,-,-,-,-,-,-,-,-,-,-,-,-,-,-,-,-,-,-,-,-,-,-,-,-,-,-,-,-,-,-,-,-,-,-,-,-
Dipodomys_spectabilis,-,-,-,-,-,-,-,-,-,-,-,-,-,-,-,-,-,-,-,-,-,-,-,-,-,-,-,-,-,-,-,-,-,-,-,-,-,-,-,-,-,-,-,-,-,-,-,-,-,-,-,-,-,-,-,-,-,-,-,-,-,-,-,-,-,-,-,-,-,-,-,-,-,-,-,-,-,-,-,-,-,-,-,-,-,-,-,-,-,-,-,-,-,-,-,-,-,-,-,-,-,-,-,-,-,-,-,-,-,-,-,-,-,-,-,-,-,-,-,-,-,-,-,-,-,-,-,-,-,-,-,-,-,-,-,-,-,-,-,-,-,-,-,-,-,-,-,-,-,-,-,-,-,-,-,-,-,-,-,-,-,-,-,-,-,-,-,-,-,-,-,-,-,-,-,-,-,-,-,-,-,-,-,-,-,-,-,-,-,-,-,-,-,-,-,-,-,-,-,-,-,-,-,-,-,-,-,-
Dromiciops_gliroides,-,-,-,-,-,-,-,-,-,-,-,-,-,-,-,-,-,-,-,-,-,-,-,-,-,-,-,-,-,-,-,-,-,-,-,-,-,-,-,-,-,-,-,-,-,-,-,-,-,-,-,-,-,R,P,K,K,I,V,F,E,D,E,L,P,-,-,-,-,-,-,-,-,-,-,-,-,-,-,-,-,-,-,-,-,-,-,-,-,V,P,D,Y,V,L,-,I,P,A,I,Y,S,E,V,E,R,R,R,Y,K,A,V,F,Q,D,Q,H,A,E,Y,Q,E,I,H,Q,A,V,A,T,A,K,A,K,F,Q,E,L,E,A,L,L,A,T,L,P,Q,P,G,P,K,E,E,A,R,L,-,A,-,-,-,-,-,-,-,-,-,-,-,-,P,V,F,L,E,K,Q,A,R,C,D,Y,L,K,R,K,L,R,H,L,K,A,Q,I,Q,K,Y,D,E,K,D,-,Q,D,G,S,V,Y,F
Elephantulus_edwardii,M,S,T,S,E,I,S,Q,T,R,G,S,R,G,N,P,Q,F,R,L,P,G,P,G,P,P,-,-,-,-,-,P,R,V,L,E,T,S,S,P,R,N,L,H,Q,P,Q,S,R,A,H,R,V,R,P,K,K,I,V,F,E,D,E,L,R,L,Q,T,L,L,S,T,K,K,P,V,G,A,-,-,-,-,-,-,-,-,-,-,P,V,P,D,Y,E,L,K,Y,P,P,V,S,C,K,R,E,R,S,R,Y,S,A,V,F,Q,D,Q,Y,S,E,F,L,E,L,Q,R,E,V,T,S,V,Q,A,K,L,Q,Q,L,Q,T,L,L,S,S,L,P,P,P,H,S,Q,K,E,A,H,V,T,A,R,V,W,K,E,F,K,K,K,Q,M,D,P,S,F,L,D,K,Q,A,R,C,Q,Y,L,K,G,K,L,R,H,L,K,I,Q,I,Q,K,F,D,D,Q,E,D,S,E,G,S,V,Y,F
Equus_caballus,M,P,A,R,K,P,R,Q,T,R,G,A,P,G,A,L,Q,T,L,P,P,G,P,G,P,P,-,-,-,-,-,-,-,-,V,E,A,S,A,P,C,R,L,C,Q,P,Q,P,G,T,H,R,A,R,P,K,K,I,V,F,E,D,E,L,P,S,-,P,V,L,G,T,K,K,S,I,G,T,I,P,G,R,R,M,P,R,P,Q,P,V,P,D,Y,E,L,K,Y,P,A,V,N,S,E,R,G,R,R,R,Y,A,A,V,F,Q,D,Q,Y,P,E,F,L,E,L,Q,Q,E,V,G,A,A,Q,A,K,L,R,Q,L,E,A,L,L,S,S,L,P,P,P,R,S,Q,K,E,A,H,V,A,A,R,I,W,R,E,L,E,K,K,Q,M,D,P,S,F,L,D,K,Q,A,R,C,R,Y,L,K,G,K,L,R,H,L,K,T,Q,I,R,K,F,D,E,Q,G,D,S,E,G,S,V,Y,F
Erinaceus_europaeus,-,-,-,-,-,-,-,-,-,-,-,-,-,-,-,-,-,-,-,-,-,-,-,-,-,-,-,-,-,-,-,-,-,-,-,-,-,-,-,-,-,-,-,-,-,-,-,-,-,-,-,-,-,-,-,-,-,-,-,-,-,-,-,-,-,-,-,-,-,-,-,-,-,-,-,-,-,-,-,-,-,-,-,-,-,-,-,-,-,-,-,-,-,-,-,-,-,-,-,-,-,-,-,-,-,-,-,-,-,-,-,-,-,-,-,-,-,-,-,-,-,-,-,-,-,-,-,-,-,-,-,-,-,-,-,-,-,-,-,-,-,-,-,-,-,-,-,-,-,-,-,-,-,-,-,-,-,-,-,-,-,-,-,-,-,-,-,-,-,-,-,-,-,-,-,-,-,-,-,-,-,-,-,-,-,-,-,-,-,-,-,-,-,-,-,-,-,-,-,-,-,-,-,-,-,-,-,-
Eumetopias_jubatus,M,P,T,R,E,S,S,K,T,R,G,Y,R,G,D,L,Q,T,R,P,P,G,P,G,P,P,-,-,R,L,V,P,P,G,P,E,T,S,A,P,R,A,L,C,E,R,Q,P,G,A,H,R,A,R,P,K,K,I,V,F,E,D,E,L,P,S,R,A,L,L,S,T,R,K,P,I,E,A,I,P,R,G,H,M,P,R,A,H,P,V,P,D,Y,E,L,K,Y,P,Q,V,S,S,E,R,E,R,S,G,Y,A,A,V,F,Q,D,Q,Y,T,E,F,V,E,L,Q,Q,E,V,G,S,A,L,A,K,L,Q,Q,L,E,T,L,L,T,S,L,P,R,P,R,S,Q,K,E,A,Q,V,A,A,R,V,W,R,E,F,E,K,K,Q,T,D,P,S,F,L,D,K,Q,A,R,C,H,Y,L,K,G,K,L,R,H,L,K,M,Q,I,Q,K,F,D,E,Q,G,D,F,E,G,S,V,Y,F
Felis_catus,M,P,T,R,E,S,P,K,T,R,G,Y,R,G,D,L,Q,T,R,P,P,G,P,G,P,P,-,-,R,L,V,P,P,V,Q,E,T,S,P,P,R,A,L,C,E,P,Q,P,G,A,H,R,A,R,P,K,K,I,V,F,E,D,E,L,P,S,R,A,L,L,G,T,K,K,P,I,E,A,I,P,G,G,R,R,P,R,P,H,P,V,P,D,Y,E,L,K,Y,P,Q,V,R,S,E,R,E,R,S,R,Y,V,A,V,F,Q,D,Q,Y,T,E,F,L,E,L,Q,Q,E,V,G,C,A,R,A,K,L,R,Q,L,E,T,L,L,N,S,L,P,R,P,R,S,Q,K,E,A,Q,L,A,A,R,V,W,R,E,F,E,K,K,Q,T,D,P,S,F,L,D,K,Q,A,R,C,H,Y,L,K,G,K,L,R,H,L,K,I,Q,I,Q,K,F,D,E,Q,G,D,Q,K,S,S,V,Y,F
Fukomys_damarensis,-,-,-,-,-,-,-,-,-,-,-,-,-,-,-,-,-,-,-,-,-,-,-,-,-,-,-,-,-,-,-,-,-,-,-,-,-,-,-,-,-,-,-,-,-,-,-,-,-,-,-,-,-,-,-,-,-,-,-,-,-,-,-,-,-,-,-,-,-,-,-,-,-,-,-,-,-,-,-,-,-,-,-,-,-,-,-,-,-,-,-,-,-,-,-,-,-,-,-,-,-,-,-,-,-,-,-,-,-,-,-,-,-,-,-,-,-,-,-,-,-,-,-,-,-,-,-,-,-,-,-,-,-,-,-,-,-,-,-,-,-,-,-,-,-,-,-,-,-,-,-,-,-,-,-,-,-,-,-,-,-,-,-,-,-,-,-,-,-,-,-,-,-,-,-,-,-,-,-,-,-,-,-,-,-,-,-,-,-,-,-,-,-,-,-,-,-,-,-,-,-,-,-,-,-,-,-,-
Galeopterus_variegatus,M,H,T,R,K,P,P,K,T,R,C,S,G,G,N,P,Q,T,R,P,P,G,P,G,S,P,-,-,R,P,V,A,G,G,L,K,T,G,A,P,R,P,L,C,Q,P,L,P,G,A,H,K,A,R,P,K,K,I,V,F,E,D,E,L,P,S,Q,A,L,L,G,A,K,K,P,T,G,A,V,P,R,G,H,M,P,R,P,P,P,V,P,D,Y,E,L,K,Y,P,P,V,S,N,E,R,E,R,S,R,Y,A,A,V,F,Q,D,Q,Y,G,E,F,L,E,L,Q,Q,E,V,G,S,A,Q,A,K,L,Q,Q,L,E,A,L,L,S,S,L,P,R,P,Q,S,Q,K,E,A,K,V,A,A,R,V,W,R,E,F,E,K,K,R,M,D,P,G,F,L,D,K,Q,V,R,C,H,Y,L,K,G,K,L,R,H,L,K,N,Q,I,Q,K,F,D,D,Q,R,D,S,E,G,S,V,Y,F
Gracilinanus_agilis,-,-,-,-,-,-,-,-,-,-,-,-,-,-,-,-,-,-,-,-,-,-,-,-,-,-,-,-,-,-,-,-,-,-,-,-,-,-,-,-,-,-,-,-,-,-,-,-,-,-,-,-,-,R,P,K,K,I,V,F,E,D,E,L,P,V,R,-,-,-,-,-,-,-,-,-,-,-,-,-,-,-,-,-,-,-,-,-,-,V,P,D,Y,V,L,R,Y,P,A,I,Y,S,E,A,E,R,H,R,Y,K,A,V,F,Q,D,Q,H,A,E,Y,Q,E,L,H,Q,D,V,A,T,A,R,A,K,F,Q,E,L,E,A,L,L,A,T,L,P,P,P,D,P,K,E,E,V,R,L,-,T,W,V,R,R,E,F,E,R,K,K,R,D,P,V,F,L,E,K,Q,A,R,C,D,Y,L,K,R,K,L,K,H,L,K,A,Q,I,Q,K,Y,D,E,K,D,S,Q,D,G,S,V,Y,F
Grammomys_surdaster,M,P,A,R,Q,R,P,Q,-,-,-,-,-,-,-,-,-,-,-,-,-,-,-,-,-,-,-,-,-,-,-,-,-,-,-,-,-,H,A,G,R,P,Q,C,Q,P,G,P,G,E,L,C,T,R,A,R,K,I,V,F,A,D,E,L,-,-,-,-,-,-,-,-,-,-,-,-,-,-,-,-,-,-,-,-,-,-,-,-,-,V,P,D,Y,E,L,K,Y,P,P,V,T,S,R,R,D,R,S,R,Y,A,A,V,F,Q,D,Q,Y,G,E,F,S,E,L,Q,R,E,V,G,A,T,Q,A,K,L,Q,Q,L,E,A,L,L,L,S,L,P,P,P,R,S,Q,K,E,V,R,M,A,A,H,V,R,R,E,F,E,K,K,Q,S,D,P,G,F,L,D,K,Q,A,R,C,N,Y,L,K,G,K,L,R,H,L,K,A,Q,I,R,K,F,D,D,Q,R,D,S,E,D,S,V,Y,F
Heterocephalus_glaber,M,P,T,R,E,R,P,Q,A,R,G,S,P,G,S,-,-,-,-,P,S,G,P,G,P,P,-,-,T,L,V,S,Q,G,H,R,A,G,A,R,R,P,P,C,Q,P,P,P,A,P,H,Q,A,R,P,R,K,I,V,F,E,D,E,L,P,P,P,A,L,-,-,-,-,-,-,-,-,-,-,-,-,-,-,-,-,R,P,R,L,V,P,D,Y,E,L,K,Y,P,P,L,S,S,Q,R,A,R,S,R,Y,V,A,V,F,Q,D,Q,Y,A,E,L,W,K,L,Q,C,E,V,G,A,T,Q,A,R,L,Q,Q,L,A,A,V,L,R,S,L,P,P,P,R,G,Q,E,E,A,R,A,A,A,R,V,R,R,K,L,E,E,K,H,W,D,P,G,F,L,H,R,Q,A,R,C,C,Y,L,K,G,K,L,R,H,L,K,T,Q,I,Q,K,F,D,D,Q,A,D,S,E,G,S,V,Y,F
Hyaena_hyaena,M,P,T,R,E,S,P,K,T,R,G,Y,Q,G,D,P,Q,T,R,P,P,G,P,G,P,P,-,-,R,R,V,P,P,A,Q,E,S,S,A,P,R,A,L,C,E,P,Q,P,G,A,R,R,A,R,P,K,K,I,V,F,E,D,E,L,P,S,R,A,P,L,G,T,K,K,P,I,E,A,I,P,G,G,H,M,P,G,P,H,P,V,P,D,Y,E,L,K,Y,P,H,V,R,S,E,R,D,R,S,R,Y,A,A,V,F,Q,D,Q,Y,P,E,F,L,E,L,Q,Q,E,V,D,S,A,R,A,K,L,Q,Q,L,E,T,L,L,S,S,L,P,R,P,R,S,Q,K,E,A,Q,V,A,A,R,V,W,R,E,F,E,K,K,Q,M,D,P,S,F,L,D,K,Q,A,R,C,H,Y,L,K,G,K,L,R,H,L,K,M,Q,I,Q,K,F,D,E,Q,G,D,H,E,G,S,V,Y,F
Jaculus_jaculus,-,P,A,R,Q,R,P,Q,T,-,-,-,-,-,-,-,-,-,-,-,-,-,-,-,-,-,-,-,-,-,-,-,-,-,-,E,A,S,T,R,R,P,A,S,H,P,Q,-,-,-,-,-,-,-,P,G,K,I,V,F,A,D,E,L,-,-,-,-,-,-,-,-,-,-,-,-,-,-,-,-,-,-,-,-,-,-,-,-,-,V,P,D,Y,E,L,K,Y,P,P,V,S,N,E,R,A,R,S,R,Y,V,A,V,F,H,D,Q,Y,A,E,F,L,E,L,R,Q,E,V,E,A,T,Q,D,K,L,Q,Q,L,E,A,L,L,M,S,L,P,L,P,Q,S,Q,K,E,A,H,V,A,A,R,V,W,R,E,I,E,K,K,R,M,-,-,-,-,-,-,-,-,-,-,-,-,-,-,-,-,-,-,-,-,-,-,-,-,-,-,-,-,-,-,-,-,-,-,-,-,-,-,-,-
Lemur_catta,M,P,T,R,E,R,P,Q,I,R,G,S,R,G,D,P,Q,T,L,L,P,G,P,G,P,P,-,-,Q,L,V,P,P,G,L,K,T,S,A,P,R,P,L,C,Q,P,H,P,G,A,H,K,A,K,P,R,K,I,V,F,E,D,E,L,P,S,Q,T,L,L,S,A,K,K,P,I,G,A,I,S,G,G,H,I,P,R,P,H,P,V,P,D,Y,E,L,K,Y,P,P,V,S,S,R,R,E,R,S,R,Y,A,A,V,F,E,D,Q,Y,G,E,F,L,E,L,Q,Q,E,V,G,C,A,Q,T,K,L,Q,Q,L,K,A,L,L,S,S,L,P,P,P,R,S,Q,K,E,A,R,V,A,A,H,V,W,R,E,F,E,M,K,R,R,D,P,G,F,L,D,K,Q,A,R,C,H,Y,L,K,G,K,L,R,H,L,K,T,Q,I,Q,K,F,D,T,R,G,G,S,E,G,S,V,Y,F
Leptonychotes_weddellii,M,P,T,R,E,S,S,K,T,R,G,Y,R,G,D,L,Q,T,R,P,P,G,P,G,P,P,-,-,R,L,V,P,P,G,P,E,T,S,A,P,R,A,L,R,E,G,Q,P,G,A,H,S,A,R,P,K,K,I,V,F,E,D,E,L,P,S,R,A,L,L,S,T,R,K,P,I,E,A,I,P,R,G,H,M,P,R,A,H,P,V,P,D,Y,E,L,K,Y,P,Q,V,S,S,E,R,E,R,S,R,Y,A,A,V,F,Q,D,Q,Y,T,E,F,V,E,L,Q,Q,E,V,G,S,A,L,A,K,L,Q,Q,L,E,T,L,L,N,S,L,P,R,P,R,S,Q,K,E,A,Q,V,A,A,R,V,W,R,E,F,E,K,K,Q,T,D,P,S,F,L,D,K,Q,A,R,C,H,Y,L,K,G,K,L,R,H,L,K,M,Q,I,Q,K,F,D,E,Q,G,D,F,E,G,S,V,Y,F
Lontra_canadensis,M,P,T,R,E,S,P,K,T,R,G,C,R,G,D,L,Q,T,R,P,P,G,P,G,P,P,-,-,R,L,V,P,P,G,P,E,T,S,A,P,R,A,L,R,E,R,Q,P,G,A,H,R,A,R,P,K,K,I,V,F,E,D,E,L,P,S,R,A,P,L,S,T,K,K,S,T,E,A,V,P,R,G,H,M,P,R,P,H,L,V,P,D,Y,E,L,K,Y,P,Q,V,S,S,E,R,E,R,S,C,Y,A,A,V,F,Q,D,Q,Y,T,E,F,L,E,L,Q,R,E,V,G,S,A,L,A,K,L,Q,Q,L,E,T,L,L,N,S,L,P,K,P,R,S,Q,K,E,A,Q,V,A,A,R,V,W,R,E,F,E,K,K,Q,M,D,P,S,F,L,D,K,Q,A,R,C,H,Y,L,K,G,K,L,R,H,L,K,M,Q,I,Q,K,F,D,E,Q,G,D,S,K,S,S,V,Y,F
Lynx_canadensis,M,P,T,R,E,S,P,K,T,R,G,Y,-,G,D,L,Q,T,R,P,P,G,P,G,P,P,-,-,R,L,V,P,P,V,Q,E,T,S,P,P,R,A,L,C,E,P,Q,P,G,A,H,R,A,R,P,K,K,I,V,F,E,D,E,L,P,S,R,A,L,L,G,T,-,K,P,I,E,A,I,P,G,G,P,R,P,R,P,N,P,V,P,D,Y,E,L,K,Y,P,Q,V,R,S,E,R,E,R,S,R,Y,V,A,V,F,Q,D,Q,Y,T,E,F,L,E,-,Q,Q,E,V,G,C,A,R,A,K,L,R,Q,L,E,T,L,L,N,S,L,P,R,P,R,S,Q,K,E,A,Q,L,A,A,R,V,W,R,E,F,K,K,K,Q,T,D,P,S,F,L,D,K,Q,A,R,C,H,Y,L,K,G,K,L,R,H,L,K,I,Q,I,Q,K,F,D,E,Q,G,D,Q,K,S,S,V,Y,F
Manis_javanica,M,P,T,R,E,S,Q,H,N,R,G,S,R,G,D,L,Q,T,H,P,P,G,P,G,P,P,-,-,P,L,V,P,R,V,L,E,T,S,P,C,R,P,M,G,Q,P,Q,P,E,A,H,K,A,K,P,R,K,I,V,F,E,D,E,L,P,F,R,A,L,L,S,T,K,K,P,I,G,A,V,P,G,R,H,M,R,R,P,C,P,V,P,D,Y,E,L,K,Y,P,P,V,S,S,E,R,E,R,S,H,Y,A,A,V,F,Q,D,Q,Y,T,E,F,L,E,L,Q,Q,E,V,G,S,A,Q,A,K,L,Q,Q,L,E,A,L,L,N,S,L,P,R,A,R,S,Q,K,E,A,Q,V,A,A,R,V,W,R,E,F,E,K,K,Q,T,D,P,S,F,L,D,K,Q,A,R,C,C,Y,L,K,G,K,L,R,H,L,K,M,Q,I,Q,K,F,D,E,R,G,D,S,E,G,S,V,Y,F
Manis_pentadactyla,M,P,T,R,E,P,Q,H,N,R,G,S,R,G,D,L,Q,T,H,P,P,G,P,G,P,P,-,-,P,L,V,P,R,V,L,E,T,S,P,R,R,P,M,G,Q,P,Q,P,E,D,H,K,A,K,P,R,K,I,V,F,E,D,E,L,P,F,R,A,L,L,S,T,K,K,P,I,G,A,V,P,G,G,H,M,R,R,P,C,P,V,P,D,Y,E,L,K,Y,P,P,V,S,S,E,R,E,R,S,R,Y,A,A,V,F,Q,D,Q,Y,T,E,F,L,E,L,Q,Q,E,V,D,S,A,Q,A,K,L,Q,Q,L,E,A,L,L,N,S,L,P,R,A,R,S,Q,K,E,A,Q,V,A,A,R,I,W,R,E,F,E,K,K,Q,T,D,P,S,F,L,D,K,Q,A,R,C,C,Y,L,K,G,K,L,R,H,L,K,M,Q,I,Q,K,F,N,E,R,G,D,S,E,E,S,V,Y,F
Mastomys_coucha,-,-,-,-,-,-,-,-,-,-,-,-,-,-,-,-,-,-,-,-,-,-,-,-,-,-,-,-,-,-,-,-,-,-,-,-,-,-,-,-,-,-,-,-,-,-,-,-,-,-,-,-,A,R,P,R,K,I,V,F,A,D,E,L,R,P,R,A,P,L,-,-,-,-,-,-,-,-,-,-,-,-,-,-,-,R,P,N,P,V,P,D,Y,K,L,K,Y,P,P,V,A,S,R,K,D,R,S,R,Y,A,A,V,F,Q,D,Q,Y,G,E,F,A,E,L,Q,R,E,V,G,A,T,Q,A,K,L,Q,Q,L,E,A,L,L,L,S,L,P,A,P,R,S,Q,K,E,L,R,M,A,A,R,V,R,R,E,F,E,K,K,R,V,D,P,G,F,L,D,K,Q,A,R,C,N,Y,L,K,G,K,L,R,H,L,K,A,Q,I,R,K,F,D,D,Q,R,D,S,E,A,S,V,Y,F
Meles_meles,-,-,-,-,-,-,-,-,-,-,-,-,-,-,-,-,-,-,-,-,-,-,-,-,-,-,-,-,-,-,-,-,-,-,-,-,-,-,-,-,-,-,-,-,-,-,-,-,-,-,-,-,-,-,-,-,-,-,-,-,-,-,-,-,-,-,-,-,-,-,-,-,-,-,-,-,-,-,-,-,-,-,-,-,-,-,-,-,-,-,-,-,-,-,-,-,-,-,-,-,-,-,-,-,-,-,-,-,-,-,-,-,-,-,-,-,-,-,-,-,-,-,-,-,-,-,-,-,-,-,-,-,-,-,-,-,-,-,-,-,-,-,-,-,-,-,-,-,-,-,-,-,-,-,-,-,-,-,-,-,-,-,-,-,-,-,-,-,-,-,-,-,-,-,-,-,-,-,-,-,-,-,-,-,-,-,-,-,-,-,-,-,-,-,-,-,-,-,-,-,-,-,-,-,-,-,-,-
Meriones_unguiculatus,-,-,-,-,-,-,-,-,-,-,-,-,-,-,-,-,-,-,-,-,-,-,-,-,-,-,-,-,-,-,-,-,-,-,-,-,-,-,A,R,R,P,Q,C,Q,P,W,P,G,E,L,R,T,R,T,R,K,I,V,F,A,D,E,L,-,-,-,-,-,-,-,-,-,-,-,-,-,-,-,-,-,-,-,-,P,R,P,S,T,V,P,D,Y,E,L,K,Y,P,P,V,S,C,R,R,A,R,S,R,Y,A,A,V,F,Q,D,Q,Y,S,E,F,S,E,L,Q,R,D,V,G,A,S,Q,A,K,L,Q,Q,L,E,A,L,L,L,S,L,P,P,P,R,S,Q,K,E,A,R,V,A,A,R,V,R,R,E,L,E,K,K,R,V,D,P,G,F,L,E,K,Q,A,R,C,Q,Y,L,E,G,K,L,R,H,L,K,A,Q,I,R,K,F,D,D,Q,G,D,S,E,D,S,V,Y,F
Mesocricetus_auratus,M,P,T,R,E,R,P,Q,P,-,-,-,-,-,-,-,-,-,H,P,A,G,P,E,P,R,-,-,T,L,V,-,-,-,-,-,-,-,S,R,G,P,Q,C,Q,P,G,L,G,E,L,R,T,R,P,R,K,I,V,F,A,D,E,L,R,P,R,A,-,-,-,-,-,-,-,-,-,-,-,-,-,-,-,-,-,-,-,-,P,V,P,D,Y,E,L,K,Y,P,P,V,S,S,A,R,D,R,S,R,Y,A,A,V,F,R,D,Q,H,G,E,L,S,E,L,Q,H,D,V,G,A,T,Q,A,K,L,R,Q,L,E,A,L,L,V,S,L,P,P,P,R,S,R,K,E,A,L,V,A,A,R,V,R,E,E,L,E,K,K,R,A,D,P,G,F,L,D,K,Q,A,R,C,H,Y,L,K,G,K,L,R,H,L,K,A,Q,I,R,K,F,D,E,Q,G,V,S,E,D,S,V,Y,F
Microcebus_murinus,-,-,-,-,-,-,-,-,-,-,-,-,-,-,-,-,-,-,-,-,-,-,-,-,-,-,-,-,-,-,-,-,-,-,-,-,-,-,-,-,-,-,-,-,-,-,-,-,-,-,-,-,-,-,-,-,-,-,-,-,-,-,-,-,-,-,-,-,-,-,-,-,-,-,-,-,-,-,-,-,-,-,-,-,-,-,-,-,-,-,-,-,-,-,-,-,-,-,-,-,-,-,-,-,-,-,-,-,-,-,-,-,-,-,-,-,-,-,-,-,-,-,-,-,-,-,-,-,-,-,-,-,-,-,-,-,-,-,-,-,-,-,-,-,-,-,-,-,-,-,-,-,-,-,-,-,-,-,-,-,-,-,-,-,-,-,-,-,-,-,-,-,-,-,-,-,-,-,-,-,-,-,-,-,-,-,-,-,-,-,-,-,-,-,-,-,-,-,-,-,-,-,-,-,-,-,-,-
Microtus_fortis,M,P,V,P,E,R,P,Q,P,-,-,-,-,-,-,-,-,-,R,P,A,G,H,E,P,R,-,-,T,L,V,S,R,S,P,V,S,R,A,R,Q,A,Q,C,Q,P,A,P,G,E,L,H,R,R,P,R,K,I,V,F,A,D,E,L,R,P,R,A,P,P,H,A,K,V,L,-,-,-,-,-,-,-,-,G,P,R,P,N,P,V,P,D,Y,E,L,K,Y,P,P,V,S,S,R,R,D,R,S,R,Y,A,A,V,F,Q,D,Q,Y,G,E,F,L,E,L,Q,R,E,V,G,A,T,Q,A,K,L,R,Q,L,E,A,L,L,M,S,L,P,P,P,R,S,Q,E,E,A,H,V,A,A,R,V,W,R,E,F,E,K,K,R,A,D,P,G,F,L,D,K,Q,A,R,C,H,Y,L,K,S,K,L,R,H,I,K,A,Q,I,R,K,F,D,D,Q,G,D,S,E,G,S,V,Y,F
Microtus_ochrogaster,-,-,-,-,-,-,-,-,-,-,-,-,-,-,-,-,-,-,-,-,-,-,-,-,-,-,-,-,-,-,-,-,-,-,-,-,-,-,-,-,-,-,-,-,-,-,-,-,-,-,-,-,-,-,-,-,-,-,-,-,-,-,-,-,-,-,-,-,-,-,-,-,-,-,-,-,-,-,-,-,-,-,-,-,-,-,-,-,-,-,-,-,-,-,-,-,-,-,-,-,-,-,-,-,-,-,-,-,-,-,-,-,-,-,-,-,-,-,-,-,-,-,-,-,-,-,-,-,-,-,-,-,-,-,-,-,-,-,-,-,-,-,-,-,-,-,-,-,-,-,-,-,-,-,-,-,-,-,-,-,-,-,-,-,-,-,-,-,-,-,-,-,-,-,-,-,-,-,-,-,-,-,-,-,-,-,-,-,-,-,-,-,-,-,-,-,-,-,-,-,-,-,-,-,-,-,-,-
Microtus_oregoni,-,-,-,-,-,-,-,-,-,-,-,-,-,-,-,-,-,-,-,-,-,-,-,-,-,-,-,-,-,-,-,-,-,-,-,-,-,-,-,-,-,-,-,C,Q,P,A,P,G,E,L,H,R,R,P,R,K,I,V,F,A,D,E,L,R,P,R,A,L,P,H,A,K,V,L,-,-,-,-,-,-,-,-,G,P,R,P,N,P,V,P,D,Y,E,L,K,Y,T,P,V,S,S,R,R,D,R,S,R,Y,A,A,V,F,Q,D,Q,Y,G,E,F,L,E,L,Q,R,E,V,G,A,T,Q,A,K,L,R,Q,L,E,A,L,L,M,S,L,P,P,P,R,S,Q,E,E,A,H,V,A,A,R,V,W,R,E,F,E,K,K,R,A,D,P,G,F,L,D,K,Q,A,R,C,H,Y,L,K,S,K,L,R,H,I,K,A,Q,I,R,K,F,D,D,Q,G,D,S,E,G,S,V,Y,F
Mirounga_angustirostris,M,P,T,R,E,S,P,K,T,R,G,Y,R,G,D,L,Q,T,R,P,P,G,P,G,P,P,-,-,R,L,V,P,P,G,P,E,T,S,A,P,R,A,L,R,E,G,Q,P,G,A,H,S,A,R,P,K,K,I,V,F,E,D,E,L,P,S,R,A,L,L,S,T,R,K,P,I,E,A,I,P,R,G,H,M,P,R,A,H,P,V,P,D,Y,E,L,K,Y,P,Q,V,S,S,E,R,E,R,S,R,Y,A,A,V,F,Q,D,Q,Y,T,E,F,V,E,L,Q,Q,E,V,G,S,A,L,A,K,L,Q,Q,L,E,T,L,L,N,S,L,P,R,P,R,S,Q,K,E,A,Q,V,A,A,R,V,W,R,E,F,E,K,K,Q,T,D,P,S,F,L,D,K,Q,A,R,C,H,Y,L,K,G,K,L,R,H,L,K,M,Q,I,Q,K,F,D,E,Q,G,D,F,E,G,S,V,Y,F
Mirounga_leonina,M,P,T,R,E,S,P,K,T,R,G,Y,R,G,D,L,Q,T,R,P,P,G,P,G,P,P,-,-,R,L,V,P,P,G,P,E,T,S,A,P,R,A,L,R,E,G,Q,P,G,A,H,S,A,R,P,K,K,I,V,F,E,D,E,L,P,S,R,A,L,L,S,T,R,K,P,I,E,A,I,P,R,G,H,M,P,R,A,H,P,V,P,D,Y,E,L,K,Y,P,Q,V,S,S,E,R,E,R,S,R,Y,A,A,V,F,Q,D,Q,Y,T,E,F,V,E,L,Q,Q,E,V,G,S,A,L,A,K,L,Q,Q,L,E,T,L,L,N,S,L,P,R,P,R,S,Q,K,E,A,Q,V,A,A,R,V,W,R,E,F,E,K,K,Q,T,D,P,S,F,L,D,K,Q,A,R,C,H,Y,L,K,G,K,L,R,H,L,K,M,Q,I,Q,K,F,D,E,Q,G,D,F,E,G,S,V,Y,F
Monodelphis_domestica,-,-,-,-,-,-,-,-,-,-,-,-,-,-,-,-,-,-,-,-,-,-,-,-,-,-,-,-,-,-,-,-,-,-,-,-,-,-,-,-,-,-,-,-,-,-,-,-,-,-,-,-,-,R,P,K,K,I,V,F,E,D,E,L,P,V,R,-,-,-,-,-,-,-,-,-,-,-,-,-,-,-,-,-,-,-,-,-,-,V,P,D,Y,V,L,R,Y,P,A,I,Y,S,E,A,E,R,R,R,Y,K,A,V,F,Q,D,Q,H,A,E,Y,Q,E,L,H,Q,D,V,A,T,A,R,A,K,F,Q,E,L,E,T,L,L,A,T,L,P,P,P,D,P,K,E,E,A,R,L,-,T,R,V,R,R,E,F,E,R,K,K,R,D,P,V,F,L,E,K,Q,A,R,C,D,Y,L,K,R,K,L,K,H,L,K,A,Q,I,Q,K,Y,D,E,K,D,S,Q,D,G,S,V,Y,F
Mus_caroli,-,-,-,-,-,-,-,-,-,-,-,-,-,-,-,-,-,-,-,-,-,-,-,-,-,-,-,-,-,-,-,-,-,-,-,-,-,-,-,-,-,-,-,-,-,-,-,-,-,-,-,-,-,R,P,R,K,I,V,F,A,D,E,L,R,P,R,E,-,-,-,-,-,-,-,-,-,-,-,-,-,-,-,-,-,-,P,L,P,V,P,D,Y,K,L,K,Y,P,P,V,T,S,R,R,D,R,S,R,Y,A,A,V,F,Q,D,Q,Y,G,E,F,S,E,L,Q,R,E,V,G,A,T,Q,A,K,L,Q,Q,L,E,A,L,L,L,S,L,P,S,P,R,S,Q,K,E,A,R,M,A,A,H,V,R,R,E,F,E,K,K,R,A,D,P,G,F,L,D,K,Q,A,R,C,N,Y,L,K,G,K,L,R,H,L,K,A,Q,I,R,K,F,D,D,Q,E,D,S,E,D,S,V,Y,F
Mus_musculus,M,P,A,P,E,R,P,-,-,-,-,-,-,-,-,-,-,-,-,-,-,-,-,-,-,-,-,-,-,-,-,-,-,-,-,-,-,R,S,R,R,P,Q,S,Q,P,G,P,G,E,L,C,V,R,P,R,K,I,V,F,A,D,E,L,R,P,R,E,-,-,-,-,-,-,-,-,-,-,-,-,-,-,-,-,-,-,P,L,P,V,P,D,Y,E,L,K,Y,P,P,V,T,N,R,R,D,R,S,R,Y,A,A,V,F,Q,D,Q,Y,G,E,F,S,E,L,Q,R,E,V,G,A,T,Q,A,K,L,Q,Q,L,E,A,L,L,L,S,L,P,P,P,R,S,Q,K,E,A,R,M,A,A,H,V,R,R,E,F,E,K,K,R,G,D,P,G,F,L,D,K,Q,A,R,C,N,Y,L,K,G,K,L,R,H,L,K,A,Q,I,R,K,F,D,D,Q,Q,D,S,E,D,S,V,Y,F
Mus_pahari,M,P,A,R,E,R,P,-,-,-,-,-,-,-,-,-,-,-,-,-,-,-,-,-,-,-,-,-,-,-,-,-,-,-,-,-,-,R,A,G,R,P,H,S,Q,P,G,P,G,E,L,C,A,R,P,R,K,I,V,F,A,D,E,L,-,-,-,-,-,-,-,-,-,-,-,-,-,-,-,-,-,-,-,-,P,R,P,N,P,V,P,D,Y,E,L,K,Y,P,P,V,T,S,R,R,D,R,S,R,Y,A,A,V,F,Q,D,Q,Y,G,E,F,S,E,L,Q,R,E,V,G,V,T,Q,A,K,L,Q,Q,L,E,A,L,L,L,S,L,P,P,P,R,S,Q,K,E,V,R,M,A,A,H,V,R,R,E,F,E,K,K,R,A,D,P,G,F,L,D,K,Q,A,R,C,N,Y,L,K,G,K,L,R,H,L,K,A,Q,I,R,K,F,D,D,Q,Q,D,S,E,G,S,V,Y,F
Mustela_erminea,-,-,-,-,-,-,-,-,-,-,-,-,-,-,-,-,-,-,-,-,-,-,-,-,-,-,-,-,-,-,-,-,-,-,-,-,-,-,-,-,-,-,-,-,-,-,-,-,-,-,-,-,-,-,-,-,-,-,-,-,-,-,-,-,-,-,-,-,-,-,-,-,-,-,-,-,-,-,-,-,-,-,-,-,-,-,-,-,-,-,-,-,-,-,-,-,-,-,-,-,-,-,-,-,-,-,-,-,-,-,-,-,-,-,-,-,-,-,-,-,-,-,-,-,-,-,-,-,-,-,-,-,-,-,-,-,-,-,-,-,-,-,-,-,-,-,-,-,-,-,-,-,-,-,-,-,-,-,-,-,-,-,-,-,-,-,-,-,-,-,-,-,-,-,-,-,-,-,-,-,-,-,-,-,-,-,-,-,-,-,-,-,-,-,-,-,-,-,-,-,-,-,-,-,-,-,-,-
Mustela_putorius_furo,-,-,-,-,-,-,-,-,-,-,-,-,-,-,-,-,-,-,-,-,-,-,-,-,-,-,-,-,-,-,-,-,-,-,-,-,-,-,-,-,-,-,-,-,-,-,-,-,-,-,-,-,-,-,-,-,-,-,-,-,-,-,-,-,-,-,-,-,-,-,-,-,-,-,-,-,-,-,-,-,-,-,-,-,-,-,-,-,-,-,-,-,-,-,-,-,-,-,-,-,-,-,-,-,-,-,-,-,-,-,-,-,-,-,-,-,-,-,-,-,-,-,-,-,-,-,-,-,-,-,-,-,-,-,-,-,-,-,-,-,-,-,-,-,-,-,-,-,-,-,-,-,-,-,-,-,-,-,-,-,-,-,-,-,-,-,-,-,-,-,-,-,-,-,-,-,-,-,-,-,-,-,-,-,-,-,-,-,-,-,-,-,-,-,-,-,-,-,-,-,-,-,-,-,-,-,-,-
Myodes_glareolus,-,-,-,-,-,-,-,-,-,-,-,-,-,-,-,-,-,-,-,-,-,-,-,-,-,-,-,-,-,-,-,-,-,-,-,-,-,-,-,-,-,-,-,-,-,-,-,-,-,-,-,-,-,-,-,-,-,-,-,-,-,-,-,-,-,-,-,-,-,-,-,-,-,-,-,-,-,-,-,-,-,-,-,-,-,-,-,-,-,-,-,-,-,-,-,-,-,-,-,-,-,-,-,-,-,-,-,-,-,-,-,-,-,-,-,-,-,-,-,-,-,-,-,-,-,-,-,-,-,-,-,-,-,-,-,-,-,-,-,-,-,-,-,-,-,-,-,-,-,-,-,-,-,-,-,-,-,-,-,-,-,-,-,-,-,-,-,-,-,-,-,-,-,-,-,-,-,-,-,-,-,-,-,-,-,-,-,-,-,-,-,-,-,-,-,-,-,-,-,-,-,-,-,-,-,-,-,-
Neogale_vison,-,-,-,-,-,-,-,-,-,-,-,-,-,-,-,-,-,-,-,-,-,-,-,-,-,-,-,-,-,-,-,-,-,-,-,-,-,-,-,-,-,-,-,-,-,-,-,-,-,-,-,-,-,-,-,-,-,-,-,-,-,-,-,-,-,-,-,-,-,-,-,-,-,-,-,-,-,-,-,-,-,-,-,-,-,-,-,-,-,-,-,-,-,-,-,-,-,-,-,-,-,-,-,-,-,-,-,-,-,-,-,-,-,-,-,-,-,-,-,-,-,-,-,-,-,-,-,-,-,-,-,-,-,-,-,-,-,-,-,-,-,-,-,-,-,-,-,-,-,-,-,-,-,-,-,-,-,-,-,-,-,-,-,-,-,-,-,-,-,-,-,-,-,-,-,-,-,-,-,-,-,-,-,-,-,-,-,-,-,-,-,-,-,-,-,-,-,-,-,-,-,-,-,-,-,-,-,-
Odobenus_rosmarus_divergens,M,P,T,R,E,S,S,K,T,R,G,Y,R,G,D,L,Q,T,R,P,P,G,P,G,P,P,-,-,R,L,V,P,P,G,P,E,T,S,A,P,R,A,L,C,E,R,Q,P,G,A,H,R,A,R,P,K,K,I,V,F,E,D,E,L,P,S,R,A,L,L,S,T,R,K,P,V,E,A,I,P,R,G,H,M,P,R,A,H,P,V,P,D,Y,E,L,K,Y,P,Q,V,S,S,E,R,E,R,S,G,Y,A,A,V,F,Q,D,Q,Y,T,E,F,V,E,L,Q,Q,E,V,G,S,A,L,A,K,L,Q,Q,L,E,T,L,L,N,S,L,P,R,P,R,S,Q,K,E,A,Q,V,A,A,R,V,W,R,E,F,E,K,K,Q,T,D,P,S,F,L,D,K,Q,A,R,C,H,Y,L,K,G,K,L,K,H,L,K,M,Q,I,Q,K,F,D,E,Q,G,D,F,E,G,S,V,Y,F
Odocoileus_virginianus_texanus,M,P,A,R,E,P,P,Q,T,H,G,S,R,G,N,L,Q,T,R,P,P,G,P,G,P,P,-,-,R,L,V,S,R,G,P,K,P,S,A,P,P,T,V,C,Q,P,H,P,G,A,H,R,T,K,P,K,K,I,V,F,E,D,E,L,P,S,R,A,L,L,G,T,K,K,S,T,R,A,V,C,E,R,H,M,P,R,P,H,P,V,P,D,Y,E,L,K,Y,P,P,V,S,T,E,K,D,R,N,R,Y,A,A,V,F,Q,D,Q,Y,P,E,F,L,E,L,Q,Q,E,V,G,S,A,Q,A,K,L,Q,Q,L,E,A,L,L,N,S,L,P,Q,P,R,S,Q,K,E,A,H,V,A,A,R,V,W,R,E,F,E,K,K,Q,M,D,P,S,F,L,D,K,Q,A,R,C,Q,Y,L,K,G,K,L,R,H,L,K,S,Q,I,Q,K,F,D,D,Q,G,D,S,E,G,S,V,Y,F
Onychomys_torridus,M,P,A,R,E,R,P,Q,P,-,-,-,-,-,-,-,-,-,R,P,A,G,P,K,P,R,-,-,T,L,V,S,G,S,P,E,S,H,V,H,R,P,Q,C,Q,P,G,S,G,G,L,R,R,R,P,R,K,I,V,F,E,D,E,L,R,P,R,V,P,L,H,-,-,-,-,-,-,-,-,-,-,-,-,-,-,E,P,N,P,V,P,D,Y,E,L,K,Y,P,P,V,S,S,R,R,D,R,S,R,Y,A,A,V,F,E,D,Q,H,G,E,F,S,E,L,Q,R,E,V,G,A,T,Q,A,K,L,R,Q,L,E,A,L,L,R,S,L,P,P,P,R,S,Q,K,E,A,N,V,A,A,R,V,W,R,E,F,E,K,K,R,A,D,P,G,F,L,D,K,Q,A,R,C,H,Y,L,K,G,K,L,R,H,L,K,S,Q,I,R,K,F,D,D,Q,E,E,S,E,D,S,V,Y,F
Ornithorhynchus_anatinus,-,-,-,-,-,-,-,-,-,-,-,-,-,-,-,-,-,-,-,-,-,-,-,-,-,-,-,-,-,-,-,-,-,-,-,-,-,-,-,-,-,-,-,-,-,-,-,-,-,-,-,R,A,R,S,K,K,I,I,F,E,D,E,L,-,-,-,-,-,-,-,-,-,-,-,-,-,-,-,-,-,-,-,-,-,-,-,-,L,V,P,D,Y,V,L,K,Y,P,A,V,G,S,T,R,E,R,A,Q,F,K,A,V,F,N,D,Q,Y,A,E,Y,C,E,L,H,A,E,V,-,-,-,-,-,K,F,Q,E,L,E,S,M,M,A,Q,L,P,-,-,-,-,-,-,-,-,-,-,-,A,R,V,R,R,E,F,E,K,K,R,K,D,P,T,F,L,E,K,Q,E,R,C,R,Y,L,Q,K,K,L,Q,H,L,K,V,Q,I,Q,K,F,D,E,-,E,N,R,D,S,S,V,Y,F
Orycteropus_afer_afer,M,P,T,W,K,T,P,E,T,R,G,S,R,G,N,P,Q,R,R,P,P,G,P,G,P,P,-,-,R,Q,D,L,R,D,L,E,A,S,S,P,Y,N,L,C,Q,L,Q,S,R,A,H,R,M,R,P,K,K,I,V,F,E,D,E,L,P,P,N,A,L,L,R,T,R,K,P,I,G,A,-,-,-,-,-,-,P,R,P,H,P,V,P,D,Y,E,L,K,Y,P,P,V,S,S,E,R,E,R,S,R,Y,V,A,V,F,Q,D,Q,Y,S,E,F,L,E,L,R,Q,K,V,A,S,A,Q,A,K,L,Q,Q,L,K,T,L,L,S,S,L,P,P,P,H,S,Q,K,E,A,R,V,T,A,H,V,W,R,E,F,E,K,K,Q,M,D,P,S,F,L,E,K,Q,A,R,Y,H,Y,L,K,G,K,L,R,H,L,K,T,Q,I,Q,K,F,D,D,Q,E,D,S,K,G,S,V,Y,F
Oryctolagus_cuniculus,-,-,-,-,-,-,-,-,-,-,-,-,-,-,-,-,-,-,-,-,-,-,-,-,-,-,-,-,-,-,-,-,-,-,-,-,-,-,-,-,-,-,-,-,-,-,-,-,-,-,-,-,-,-,-,-,-,-,-,-,-,-,-,-,-,-,-,-,-,-,-,-,-,-,-,-,-,-,-,-,-,-,-,-,-,-,-,-,-,-,-,-,-,-,-,-,-,-,-,-,-,-,-,-,-,-,-,-,-,-,-,-,-,-,-,-,-,-,-,-,-,-,-,-,-,-,-,-,-,-,-,-,-,-,-,-,-,-,-,-,-,-,-,-,-,-,-,-,-,-,-,-,-,-,-,-,-,-,-,-,-,-,-,-,-,-,-,-,-,-,-,-,-,-,-,-,-,-,-,-,-,-,-,-,-,-,-,-,-,-,-,-,-,-,-,-,-,-,-,-,-,-,-,-,-,-,-,-
Oryx_dammah,M,P,T,R,E,H,P,Q,T,H,G,S,R,G,N,L,Q,T,R,P,P,G,P,G,P,P,-,-,R,L,V,S,S,G,L,K,P,S,A,P,-,-,-,-,-,-,-,P,G,A,H,R,T,K,P,K,K,I,V,F,E,D,E,L,P,S,R,A,L,L,G,T,K,K,S,T,R,A,V,C,E,R,H,M,P,R,P,H,P,V,P,D,Y,E,L,K,Y,P,P,V,S,T,A,K,D,R,S,R,Y,A,A,V,F,Q,D,Q,Y,P,E,F,L,E,L,Q,Q,E,V,G,S,A,Q,A,K,L,Q,Q,L,E,A,L,L,N,S,L,P,G,P,R,S,Q,K,E,A,H,V,T,A,R,V,W,R,E,F,E,K,K,Q,M,D,P,S,F,L,D,K,Q,A,R,C,H,Y,L,K,G,K,L,R,H,L,K,T,Q,I,Q,K,F,D,D,Q,G,N,S,E,G,S,V,Y,F
Otolemur_garnettii,M,P,T,R,E,R,P,Q,I,R,S,S,R,G,D,P,Q,A,R,L,P,G,P,G,P,P,-,-,R,L,M,P,P,D,L,K,T,S,I,S,G,P,L,C,Q,P,Q,P,G,A,Y,K,A,R,P,K,K,I,V,F,E,D,E,L,L,S,Q,T,L,L,S,T,K,R,S,I,V,A,I,P,D,G,H,I,P,M,P,H,P,V,P,D,Y,E,L,K,Y,P,P,V,R,T,K,R,E,R,S,C,Y,A,A,V,F,Q,D,Q,Y,G,E,F,Q,E,L,Q,Q,E,V,G,C,A,Q,A,K,L,Q,Q,L,E,T,L,L,T,S,L,P,P,P,Q,S,Q,K,E,A,Q,V,A,A,R,V,W,R,E,F,E,K,K,Q,R,D,P,G,F,L,D,K,Q,A,R,C,H,Y,L,K,G,K,L,R,H,L,K,T,Q,I,Q,K,F,D,N,Q,G,G,S,E,G,S,V,Y,F
Panthera_leo,M,P,T,R,E,S,P,K,T,R,G,Y,R,G,D,L,Q,T,R,P,P,G,P,G,P,P,-,-,R,L,V,P,P,A,Q,E,T,S,P,P,R,A,L,C,A,P,Q,P,G,A,H,R,A,R,P,K,K,I,V,F,E,D,E,L,P,S,R,A,L,L,G,T,K,K,P,I,E,A,I,P,G,G,R,R,P,R,P,H,P,V,P,D,Y,E,L,K,Y,P,Q,V,R,S,E,R,E,R,S,R,Y,V,A,V,F,Q,D,Q,Y,T,E,F,L,E,L,Q,Q,E,V,G,C,A,R,A,K,L,Q,Q,L,E,T,L,L,N,S,L,P,R,P,R,S,Q,K,E,A,Q,L,A,A,R,V,W,R,E,F,K,K,K,Q,T,D,P,S,F,L,D,K,Q,A,R,C,H,Y,L,K,G,K,L,R,H,L,K,I,Q,I,Q,K,F,D,E,Q,G,D,Q,K,S,S,V,Y,F
Panthera_pardus,M,P,T,R,E,S,P,K,T,R,G,Y,R,G,D,L,Q,T,R,P,P,G,P,G,P,P,-,-,R,L,V,P,P,A,Q,E,T,S,P,P,R,A,L,C,A,P,Q,P,G,A,H,R,A,R,P,K,K,I,V,F,E,D,E,L,P,S,R,A,L,L,G,T,K,K,P,I,E,A,I,P,G,G,R,R,P,R,P,H,P,V,P,D,Y,E,L,K,Y,P,Q,V,R,S,E,R,E,R,S,R,Y,V,A,V,F,Q,D,Q,Y,T,E,F,L,E,L,Q,Q,E,V,G,C,A,R,A,K,L,Q,Q,L,E,T,L,L,N,S,L,P,R,P,R,S,Q,-,-,-,-,-,-,-,-,-,-,-,-,-,-,-,-,-,-,-,-,-,-,-,-,-,-,-,-,-,-,-,-,-,-,-,-,-,-,-,-,-,-,-,-,-,-,-,-,-,-,-,-,-,-,-,-,-,-
Panthera_uncia,M,P,T,R,E,S,P,K,T,R,G,Y,R,G,D,L,Q,T,R,P,P,G,P,G,P,P,-,-,R,L,V,P,P,V,Q,E,T,S,P,P,R,A,L,R,A,P,Q,P,G,A,H,R,A,R,P,K,K,I,V,F,E,D,E,L,P,S,R,A,L,L,G,T,K,K,P,I,E,A,I,P,G,G,R,R,P,R,P,H,P,V,P,D,Y,E,L,K,Y,P,Q,V,R,S,E,R,E,R,S,R,Y,V,A,V,F,Q,D,Q,Y,T,E,F,L,E,L,Q,Q,E,V,G,C,A,R,A,K,L,Q,Q,L,E,T,L,L,N,S,L,P,R,P,R,S,Q,K,E,A,Q,L,A,A,R,V,W,R,E,F,M,K,K,Q,T,D,P,S,F,L,D,K,Q,A,R,C,H,Y,L,K,G,K,L,R,H,L,K,I,Q,I,Q,K,F,D,E,Q,G,D,Q,K,S,S,V,Y,F
Perognathus_longimembris_pacificus,-,-,-,-,-,-,-,-,-,-,-,-,-,-,-,-,-,-,R,P,P,G,P,G,P,A,-,-,-,-,-,-,-,-,-,-,-,-,-,H,R,P,L,R,Q,P,R,P,A,A,H,Q,R,R,P,R,K,I,A,F,A,D,E,L,P,S,R,A,-,-,-,-,-,-,-,-,-,-,-,-,-,-,-,-,P,R,A,S,P,A,P,D,Y,E,L,K,Y,P,P,V,R,C,E,R,G,R,R,C,Y,A,A,V,F,R,D,Q,Y,W,E,L,L,E,L,Q,K,E,V,E,S,T,Q,A,K,L,G,Q,L,E,A,L,L,R,T,L,P,P,A,R,N,Q,K,E,A,H,M,A,A,Y,I,W,R,A,L,E,K,K,W,M,D,P,A,F,L,D,K,Q,A,R,C,R,Y,L,K,G,K,L,R,H,L,K,T,Q,I,Q,K,F,D,D,Q,E,D,S,K,G,S,V,Y,F
Peromyscus_californicus_insignis,M,P,A,Q,E,R,P,Q,P,-,-,-,-,-,-,-,-,-,R,P,A,S,P,E,P,-,-,-,-,-,-,-,-,-,-,-,-,-,-,-,R,P,Q,C,H,P,G,P,G,G,L,R,T,R,P,R,K,I,V,F,E,D,E,L,R,P,R,A,P,L,H,E,K,A,L,-,-,-,-,-,-,-,-,G,P,R,P,N,P,V,P,D,Y,E,L,K,Y,P,P,V,S,S,R,R,D,R,S,R,Y,A,A,V,F,E,D,Q,Y,G,E,F,S,E,L,Q,R,E,V,G,A,T,Q,A,K,L,R,Q,L,E,A,L,L,M,S,L,P,P,P,R,S,Q,K,E,A,H,V,A,A,R,V,W,R,E,F,E,K,K,R,A,D,P,G,F,L,D,K,Q,A,R,C,H,Y,L,K,G,K,L,R,H,L,K,S,Q,I,R,K,F,D,D,Q,E,D,C,E,D,S,V,Y,F
Peromyscus_leucopus,M,P,A,R,E,R,P,-,-,-,-,-,-,-,-,-,-,-,R,P,A,G,P,Q,P,-,-,-,-,-,-,-,-,-,-,-,-,-,-,-,R,P,Q,C,Q,P,G,P,G,G,L,R,T,R,P,R,K,I,V,F,E,D,E,L,R,P,R,A,P,L,H,E,K,A,P,-,-,-,-,-,-,-,-,G,P,S,P,N,P,V,P,D,Y,E,L,K,Y,P,P,V,S,S,R,R,D,R,S,R,Y,A,A,V,F,E,D,Q,R,G,E,F,S,E,L,Q,R,E,V,G,A,T,Q,A,K,L,R,Q,L,E,A,L,L,M,S,L,P,P,P,R,S,Q,K,E,A,Q,V,A,A,R,V,W,R,E,F,E,K,K,R,A,D,P,G,F,L,D,K,Q,A,R,C,H,Y,L,K,G,K,L,R,H,L,K,S,Q,I,R,K,F,D,D,Q,E,D,R,E,D,S,V,Y,F
Peromyscus_maniculatus_bairdii,-,-,-,-,-,-,-,-,-,-,-,-,-,-,-,-,-,-,-,-,-,-,-,-,-,-,-,-,-,-,-,-,-,-,-,-,-,-,-,-,-,P,Q,C,Q,P,G,P,A,G,L,R,T,R,P,R,K,I,V,F,E,D,E,L,R,P,Q,A,P,L,H,E,K,A,P,-,-,-,-,-,-,-,-,G,P,S,P,N,P,V,P,D,Y,E,L,K,Y,P,P,V,S,S,R,R,D,R,S,R,Y,A,A,V,F,E,D,Q,L,G,E,F,S,Q,L,Q,R,E,V,G,A,A,Q,A,K,L,R,Q,L,E,A,L,L,T,S,L,P,P,P,R,S,Q,K,E,A,H,V,A,A,R,V,W,R,E,F,E,K,K,R,A,D,P,G,F,L,D,K,Q,A,R,C,H,Y,L,K,G,K,L,R,H,L,K,S,Q,I,R,K,F,D,D,Q,E,D,R,E,D,S,V,Y,F
Phascolarctos_cinereus,-,-,-,-,-,-,-,-,-,-,-,-,-,-,-,-,-,-,-,-,-,-,-,-,-,-,-,-,-,-,-,-,-,-,-,-,-,-,-,-,-,-,-,-,-,-,-,-,G,Q,H,Q,Q,R,P,R,K,I,V,F,E,D,E,L,P,V,R,-,-,-,-,-,-,-,-,-,-,-,-,-,-,G,H,S,P,Q,P,Q,L,V,P,D,Y,V,L,R,Y,P,A,I,Y,S,E,A,E,R,R,R,Y,K,A,V,F,Q,D,Q,H,A,E,Y,Q,E,L,H,Q,N,V,A,T,A,T,A,K,F,Q,E,L,E,A,M,L,A,T,L,P,-,-,-,-,-,-,-,-,-,-,-,-,-,V,R,R,E,L,E,R,K,K,K,D,P,V,F,L,E,K,Q,A,R,C,D,Y,L,K,R,K,L,R,H,L,K,A,Q,I,Q,K,Y,D,E,K,D,S,K,D,G,S,V,Y,F
Phoca_vitulina,M,P,T,R,E,S,S,K,T,R,G,Y,R,G,D,L,Q,T,R,P,P,G,P,G,P,P,-,-,R,L,V,P,P,G,P,E,T,S,A,P,C,A,L,R,E,G,Q,P,R,A,H,S,A,R,P,K,K,I,V,F,E,D,E,L,P,S,R,A,L,L,S,T,R,K,P,I,E,A,I,P,R,G,H,M,P,R,A,H,P,V,P,D,Y,E,L,K,Y,P,Q,V,S,S,E,R,E,R,S,R,Y,A,A,V,F,Q,D,Q,Y,T,E,F,V,E,L,Q,Q,E,V,G,S,A,L,A,K,L,Q,Q,L,E,T,L,L,N,S,L,P,R,P,R,S,Q,K,E,A,Q,V,A,A,R,V,W,R,E,F,E,K,K,Q,T,D,P,S,F,L,D,K,Q,A,R,C,H,Y,L,K,G,K,L,R,H,L,K,M,Q,I,Q,K,F,D,E,Q,G,D,F,E,G,S,V,Y,F
Phodopus_roborovskii,M,P,A,R,E,G,P,E,-,-,-,-,-,-,-,-,-,-,-,-,-,-,-,-,P,R,-,-,T,L,V,-,-,-,-,-,S,C,A,R,G,P,Q,C,Q,P,R,P,R,E,L,C,T,R,P,R,K,I,V,F,A,D,E,L,-,-,-,-,-,-,-,-,-,-,-,-,-,-,-,-,-,-,-,-,-,-,P,N,P,V,P,D,Y,E,L,K,Y,P,P,V,S,S,S,R,D,R,S,R,Y,A,A,V,F,Q,D,Q,Y,G,E,F,S,E,L,Q,R,D,V,G,A,T,Q,A,K,L,Q,Q,L,E,A,L,L,M,S,L,P,P,P,R,S,Q,K,E,A,H,M,A,A,R,V,W,R,E,F,E,K,K,R,A,D,P,G,F,L,E,K,Q,A,R,C,H,Y,L,K,G,K,L,K,H,L,K,A,Q,I,R,K,F,D,D,Q,G,D,S,E,D,S,V,Y,F
Prionailurus_bengalensis_euptilurus,-,-,-,-,-,-,-,-,-,-,-,-,-,-,-,-,-,-,-,-,-,-,-,-,-,-,-,-,-,-,-,-,-,-,-,-,-,-,-,-,-,-,-,-,-,-,-,-,-,-,-,-,-,-,-,-,-,-,-,-,-,-,-,-,-,-,-,-,-,-,-,-,-,-,-,-,-,-,-,-,-,-,-,-,-,-,-,-,-,-,-,-,-,-,-,-,-,-,-,-,-,-,-,-,-,-,-,-,-,-,-,-,-,-,-,-,-,-,-,-,-,-,-,-,-,-,-,-,-,-,-,-,-,-,-,-,-,-,-,-,-,-,-,-,-,-,-,-,-,-,-,-,-,-,-,-,-,-,-,-,-,-,-,-,-,-,-,-,-,-,-,-,-,-,-,-,-,-,-,-,-,-,-,-,-,-,-,-,-,-,-,-,-,-,-,-,-,-,-,-,-,-,-,-,-,-,-,-
Puma_concolor,M,P,T,R,E,S,P,K,T,R,G,Y,R,G,D,L,Q,T,R,P,P,G,P,G,P,P,L,Q,R,L,V,P,P,V,Q,E,A,S,P,P,R,A,L,C,E,P,Q,P,G,A,H,R,A,R,P,K,K,I,V,F,E,D,E,L,P,S,R,A,L,L,G,T,K,K,P,I,E,A,I,P,G,G,R,R,P,R,P,H,P,V,P,D,Y,E,L,K,Y,P,Q,V,R,S,E,R,E,R,S,R,Y,V,A,V,F,Q,D,Q,Y,T,E,F,L,E,L,Q,Q,E,V,G,C,A,R,A,K,L,Q,Q,L,E,T,L,L,N,S,L,P,R,P,R,S,Q,K,E,A,Q,L,A,A,R,V,W,R,E,F,K,K,K,Q,T,D,P,S,F,L,D,K,Q,A,R,C,H,Y,L,K,G,K,L,K,H,L,K,I,Q,I,Q,K,F,D,E,Q,G,D,Q,K,S,S,V,Y,F
Puma_yagouaroundi,M,P,T,R,E,S,P,K,T,R,G,Y,R,G,D,L,Q,T,R,P,P,G,P,G,P,P,-,-,R,L,V,P,P,V,Q,E,T,S,P,P,R,A,L,C,E,P,Q,P,G,A,H,R,A,R,P,K,K,I,V,F,E,D,E,L,P,S,R,A,L,L,G,T,K,K,P,I,E,A,I,P,G,G,R,R,P,R,P,H,P,V,P,D,Y,E,L,K,Y,P,Q,V,R,S,E,R,E,R,S,R,Y,V,A,V,F,Q,D,Q,Y,T,E,L,L,E,L,Q,Q,E,V,G,C,A,R,A,K,L,Q,Q,L,E,T,L,L,N,S,L,P,R,P,R,S,Q,K,E,A,Q,L,A,A,R,V,W,R,E,F,K,K,K,Q,T,D,P,S,F,L,D,K,Q,A,R,C,H,Y,L,K,G,K,L,R,H,L,K,I,Q,I,Q,K,F,D,E,Q,G,D,Q,K,S,S,V,Y,F
Rattus_norvegicus,M,P,A,R,E,R,P,Q,-,-,-,-,-,-,-,-,-,-,-,-,-,-,-,-,-,-,-,-,-,-,-,-,-,-,-,-,-,R,A,G,R,P,H,C,Q,P,R,P,S,E,L,R,T,R,P,R,K,I,V,F,A,D,E,L,Q,P,R,A,P,L,-,-,-,-,-,-,-,-,-,-,-,-,-,-,P,R,P,N,P,V,P,D,Y,E,L,K,Y,P,P,V,T,S,R,R,D,R,S,R,Y,A,A,V,F,Q,D,Q,Y,E,E,F,L,E,L,Q,R,Q,V,G,A,M,Q,A,K,L,Q,Q,L,E,A,L,L,L,S,L,P,P,P,R,S,Q,K,E,V,R,M,A,A,H,V,R,R,E,F,E,K,K,R,V,D,P,G,F,L,D,K,Q,A,R,C,D,Y,L,K,G,K,L,R,H,L,K,A,Q,I,R,K,F,D,D,Q,R,D,S,E,N,S,V,Y,F
Rattus_rattus,M,P,A,P,E,R,P,Q,-,-,-,-,-,-,-,-,-,-,-,-,-,-,-,-,-,-,-,-,-,-,-,-,-,-,-,-,-,R,A,G,R,P,H,C,Q,S,R,P,S,E,L,C,T,R,P,R,K,I,V,F,A,D,E,L,Q,L,R,A,-,-,-,-,-,-,-,-,-,-,-,-,-,-,-,-,P,R,P,N,P,V,P,D,Y,E,L,K,Y,P,P,V,T,S,R,R,D,R,S,R,Y,A,A,V,F,Q,D,Q,Y,E,E,F,L,E,L,Q,R,Q,V,G,A,M,Q,A,K,L,Q,Q,L,E,A,L,L,L,S,L,P,P,P,R,S,Q,K,E,V,R,M,A,A,H,V,K,R,E,F,E,K,K,Q,V,D,P,G,F,L,D,K,Q,A,R,C,D,Y,L,K,G,K,L,R,H,L,K,A,Q,I,R,K,F,D,D,Q,R,D,S,E,N,S,V,Y,F
Sarcophilus_harrisii,-,-,-,-,-,-,-,-,-,-,-,-,-,-,-,-,-,-,-,-,-,-,-,-,-,-,-,-,-,-,-,-,-,-,-,-,-,-,-,-,-,-,-,-,-,-,-,-,-,-,-,-,-,R,P,R,K,I,V,F,E,D,E,L,P,-,-,-,-,-,-,-,-,-,-,-,-,-,-,-,-,-,H,T,P,Q,P,Q,L,V,P,D,Y,I,L,R,Y,P,A,I,S,S,A,V,E,R,G,R,Y,K,A,V,F,Q,D,Q,H,A,E,Y,L,K,L,H,Q,E,V,A,T,A,T,A,K,F,Q,E,L,E,A,L,L,A,T,L,P,R,P,G,P,K,Q,E,A,R,L,-,A,W,V,R,R,E,F,E,R,K,K,R,D,P,V,F,L,E,K,Q,A,R,C,D,Y,L,K,R,K,L,R,H,L,K,A,Q,I,Q,K,Y,D,E,K,D,S,Q,D,G,S,I,Y,F
Suncus_etruscus,M,S,P,R,E,R,P,-,-,-,-,-,R,G,H,P,H,S,R,P,P,D,P,G,P,P,-,-,L,V,-,-,-,-,-,L,S,T,A,R,R,P,R,C,Q,P,Q,A,H,A,R,K,A,R,P,K,R,I,V,F,E,D,E,L,P,S,L,-,-,-,-,-,-,-,-,-,-,-,-,-,-,-,-,-,-,-,H,T,P,V,P,D,Y,E,L,K,Y,P,P,V,S,S,T,R,A,R,S,R,Y,A,A,V,F,R,D,Q,Y,P,E,F,L,E,L,Q,Q,E,V,G,Q,A,Q,A,K,L,Q,Q,L,E,A,L,L,S,S,L,P,A,P,R,S,Q,K,E,A,Q,V,S,A,R,L,R,R,D,L,E,K,K,R,M,D,P,S,F,L,D,K,Q,A,R,C,R,Y,L,K,G,K,L,R,H,L,K,M,Q,I,R,K,F,D,E,Q,D,H,S,E,D,S,V,F,F
Sus_scrofa,M,P,T,R,E,P,L,H,T,C,G,S,R,G,N,L,Q,T,H,P,P,G,P,G,P,P,-,-,R,P,V,P,G,S,L,K,P,S,A,P,R,P,L,C,Q,P,Q,P,G,A,H,R,T,R,P,R,K,I,V,F,E,D,E,L,P,-,-,-,-,L,G,T,K,K,S,I,R,A,V,P,K,E,Q,M,P,R,L,H,P,V,P,D,Y,E,L,K,Y,P,S,V,S,S,E,T,D,R,S,R,Y,V,A,V,F,Q,D,Q,Y,S,E,F,L,E,L,Q,Q,E,V,G,S,A,Q,A,K,L,Q,Q,L,Q,A,L,L,N,S,L,P,P,P,Q,S,Q,K,E,A,H,V,A,A,R,V,W,R,E,F,K,K,K,Q,M,D,P,S,F,L,D,K,Q,A,R,C,H,Y,L,K,G,K,L,R,H,L,K,M,Q,I,Q,K,F,D,D,Q,G,D,S,E,G,S,V,Y,F
Tachyglossus_aculeatus,-,-,-,-,-,-,-,-,-,-,-,-,-,-,-,-,-,-,-,-,-,-,-,-,-,-,-,-,-,-,-,-,-,-,-,-,-,-,-,-,-,-,-,-,-,-,-,-,-,-,-,-,A,R,S,K,R,I,V,F,E,D,E,L,P,A,-,-,-,-,-,-,-,-,-,-,-,-,-,-,-,-,-,-,-,-,-,-,L,V,P,D,Y,V,L,K,Y,P,A,V,G,S,T,R,E,R,A,Q,F,K,A,V,F,N,D,Q,Y,A,E,Y,R,E,L,-,-,-,-,-,-,-,-,-,-,-,-,-,-,-,-,-,-,-,-,-,-,-,-,-,-,-,-,-,-,-,-,-,A,R,V,R,R,E,Y,E,K,K,R,K,D,P,T,F,L,E,K,Q,E,R,C,R,Y,L,Q,K,K,L,Q,H,L,K,V,Q,I,Q,K,F,D,E,-,E,N,R,D,G,S,V,Y,F
Talpa_occidentalis,-,-,-,-,-,-,-,-,-,-,-,-,-,-,-,-,-,-,-,-,-,-,-,-,-,-,-,-,-,-,-,-,-,-,-,-,-,-,-,-,-,-,-,-,-,-,-,-,-,-,-,-,-,-,-,-,-,-,-,-,-,-,-,-,-,-,-,-,-,-,-,-,-,-,-,-,-,-,-,-,-,-,-,-,-,-,-,-,-,-,-,-,-,-,-,-,-,-,-,-,-,-,-,-,-,-,-,-,-,-,-,-,-,-,-,-,-,-,-,-,-,-,-,-,-,-,-,-,-,-,-,-,-,-,-,-,-,-,-,-,-,-,-,-,-,-,-,-,-,-,-,-,-,-,-,-,-,-,-,-,-,-,-,-,-,-,-,-,-,-,-,-,-,-,-,-,-,-,-,-,-,-,-,-,-,-,-,-,-,-,-,-,-,-,-,-,-,-,-,-,-,-,-,-,-,-,-,-
Trichechus_manatus_latirostris,M,P,T,R,A,T,L,Q,T,R,S,S,W,G,D,P,R,L,R,P,P,G,P,G,P,P,-,-,-,-,-,P,R,G,L,E,T,S,S,P,H,N,L,C,L,P,Q,P,R,A,H,R,V,R,P,K,K,I,V,F,E,D,E,L,P,A,Q,A,L,L,G,T,K,R,P,I,G,A,I,P,G,G,Y,T,P,R,P,Y,S,V,P,D,Y,E,L,K,Y,P,P,V,S,T,K,R,E,R,S,R,Y,A,A,V,F,Q,D,Q,Y,S,E,F,L,E,L,Q,Q,E,V,A,S,A,Q,A,K,L,E,Q,L,Q,T,L,L,R,S,L,P,P,P,H,S,Q,K,E,A,C,V,T,A,R,V,W,R,E,F,E,K,K,Q,M,D,P,S,F,L,D,K,Q,A,R,Y,R,Y,L,K,G,K,L,R,H,L,K,T,Q,I,Q,K,F,D,D,Q,G,D,S,E,G,S,V,Y,F
Trichosurus_vulpecula,-,-,-,-,-,-,-,-,-,-,-,-,-,-,-,-,-,-,-,-,-,-,-,-,-,-,-,-,-,-,-,-,-,-,-,-,-,-,-,-,-,-,-,-,-,-,-,-,-,-,-,-,-,R,P,R,K,I,V,F,E,D,E,L,P,V,R,-,-,-,-,-,-,-,-,-,-,-,-,-,-,G,H,S,P,Q,P,Q,L,V,P,D,Y,V,L,R,Y,P,A,I,Y,S,E,A,E,R,R,R,Y,K,A,V,F,Q,D,Q,H,A,E,Y,Q,E,L,R,Q,N,V,A,T,A,M,A,K,F,Q,E,L,E,A,L,L,A,T,L,P,-,-,-,-,-,-,E,A,R,L,-,A,W,V,Q,R,E,L,E,R,K,K,R,D,P,V,F,L,E,K,K,A,R,C,D,Y,L,K,R,K,L,R,H,L,K,A,Q,I,Q,K,Y,D,E,K,D,S,Q,D,G,S,I,Y,F
Ursus_arctos_horribilis,-,-,-,-,-,-,-,-,-,-,-,-,-,-,-,-,-,-,-,-,-,-,-,-,-,-,-,-,-,-,-,-,-,-,-,-,-,-,-,-,-,-,-,-,-,-,-,-,-,-,-,-,-,-,-,-,-,-,-,-,-,-,-,-,-,-,-,-,-,-,-,-,-,-,-,-,-,-,-,-,-,-,-,-,-,-,-,-,-,-,-,-,-,-,-,-,-,-,-,-,-,-,-,-,-,-,-,-,-,-,-,-,-,-,-,-,-,-,-,-,-,-,-,-,-,-,-,-,-,-,-,-,-,-,-,-,-,-,-,-,-,-,-,-,-,-,-,-,-,-,-,-,-,-,-,-,-,-,-,-,-,-,-,-,-,-,-,-,-,-,-,-,-,-,-,-,-,-,-,-,-,-,-,-,-,-,-,-,-,-,-,-,-,-,-,-,-,-,-,-,-,-,-,-,-,-,-,-
Vombatus_ursinus,-,-,-,-,-,-,-,-,-,-,-,-,-,-,-,-,-,-,-,-,-,-,-,-,-,-,-,-,-,-,-,-,-,-,-,-,-,-,-,-,-,-,-,-,-,-,-,-,G,Q,H,Q,Q,R,P,R,K,I,V,F,E,D,E,L,P,V,R,-,-,-,-,-,-,-,-,-,-,-,-,-,-,-,-,-,-,-,-,-,-,V,P,D,Y,V,L,R,Y,P,A,I,Y,S,E,A,E,R,R,R,Y,K,A,I,F,Q,D,Q,H,A,E,Y,Q,E,L,H,Q,N,V,A,T,A,M,G,K,F,Q,E,L,Q,A,L,L,A,T,L,P,Q,P,G,P,K,E,E,A,R,L,-,A,W,V,R,R,E,L,E,R,K,K,R,D,P,V,F,L,E,K,Q,A,R,C,D,Y,L,K,R,K,L,R,H,L,K,A,Q,I,Q,K,Y,D,E,K,D,S,K,D,G,S,V,Y,F
Vulpes_lagopus,-,-,-,-,-,-,-,-,-,-,-,-,-,-,-,-,-,-,-,-,-,-,-,-,-,-,-,-,-,-,-,-,-,-,-,-,-,-,-,-,-,-,-,-,-,-,-,-,-,-,-,-,-,-,-,-,-,-,-,-,-,-,-,-,-,-,-,-,-,-,-,-,-,-,-,-,-,-,-,-,-,-,-,-,-,-,-,-,-,-,-,-,-,-,-,-,-,-,-,-,-,-,-,-,-,-,-,-,-,-,-,-,-,-,-,-,-,-,-,-,-,-,-,-,-,-,-,-,-,-,-,-,-,-,-,-,-,-,-,-,-,-,-,-,-,-,-,-,-,-,-,-,-,-,-,-,-,-,-,-,-,-,-,-,-,-,-,-,-,-,-,-,-,-,-,-,-,-,-,-,-,-,-,-,-,-,-,-,-,-,-,-,-,-,-,-,-,-,-,-,-,-,-,-,-,-,-,-
Vulpes_vulpes,-,-,-,-,-,-,-,-,-,-,-,-,-,-,-,-,-,-,-,-,-,-,-,-,-,-,-,-,-,-,-,-,-,-,-,-,-,-,-,-,-,-,-,-,-,-,-,-,-,-,-,-,-,-,-,-,-,-,-,-,-,-,-,-,-,-,-,-,-,-,-,-,-,-,-,-,-,-,-,-,-,-,-,-,-,-,-,-,-,-,-,-,-,-,-,-,-,-,-,-,-,-,-,-,-,-,-,-,-,-,-,-,-,-,-,-,-,-,-,-,-,-,-,-,-,-,-,-,-,-,-,-,-,-,-,-,-,-,-,-,-,-,-,-,-,-,-,-,-,-,-,-,-,-,-,-,-,-,-,-,-,-,-,-,-,-,-,-,-,-,-,-,-,-,-,-,-,-,-,-,-,-,-,-,-,-,-,-,-,-,-,-,-,-,-,-,-,-,-,-,-,-,-,-,-,-,-,-
Zalophus_californianus,M,P,T,R,E,S,S,K,T,R,G,Y,R,G,D,L,Q,T,R,P,P,G,P,G,P,P,-,-,R,L,V,P,P,G,P,E,T,S,A,P,R,A,L,C,E,R,Q,P,G,A,H,R,A,R,P,K,K,I,V,F,E,D,E,L,P,S,R,A,L,L,S,T,R,K,P,I,E,A,I,P,R,G,H,M,P,R,A,H,P,V,P,D,Y,E,L,K,Y,P,Q,V,S,S,E,R,E,R,S,G,Y,A,A,V,F,Q,D,Q,Y,T,E,F,V,E,L,Q,Q,E,V,G,S,A,L,A,K,L,Q,Q,L,E,T,L,L,T,S,L,P,R,P,R,S,Q,K,E,A,Q,V,A,A,R,V,W,R,E,F,E,K,K,Q,T,D,P,S,F,L,D,K,Q,A,R,C,H,Y,L,K,G,K,L,R,H,L,K,M,Q,I,Q,K,F,D,E,Q,G,D,F,E,G,S,V,Y,F
shrew_mole,M,P,S,R,D,P,P,Q,S,R,S,S,R,G,H,L,Q,T,R,P,P,G,P,G,P,S,-,-,Q,M,V,S,R,G,L,E,I,S,T,H,H,P,L,C,Q,R,Q,P,G,A,Q,R,T,R,P,K,K,I,V,F,E,D,E,L,L,S,R,I,L,R,S,T,K,K,P,I,V,P,I,P,G,G,H,M,P,K,P,Q,P,V,P,D,Y,E,L,R,Y,P,P,V,S,N,A,R,E,R,R,R,Y,A,A,V,F,Q,D,Q,Y,T,D,F,L,K,L,Q,Q,E,V,G,S,A,Q,A,K,L,K,Q,L,E,A,L,L,N,S,L,P,P,P,Q,S,Q,K,E,A,Q,V,T,A,R,V,W,R,E,F,K,K,K,Q,M,D,P,S,F,L,D,K,Q,A,R,C,H,Y,L,K,S,K,L,K,H,L,K,M,Q,I,Q,K,F,D,S,Q,E,D,S,E,R,S,V,Y,F
ZWS,-,-,-,-,-,-,-,-,-,-,-,-,-,-,-,-,-,-,-,-,-,-,-,-,-,-,-,-,-,-,-,-,-,-,-,-,-,-,-,-,-,-,-,-,-,-,-,-,-,-,-,-,-,-,-,-,-,-,-,-,-,-,-,-,-,-,-,-,-,-,-,-,-,-,-,-,-,-,-,-,-,-,-,-,-,-,-,-,-,-,-,-,-,-,-,-,-,-,-,-,-,-,-,-,-,-,-,-,-,-,-,-,-,-,-,-,-,-,-,-,-,-,-,-,-,-,-,-,-,-,-,-,-,-,-,-,-,-,-,-,-,-,-,-,-,-,-,-,-,-,-,-,-,-,-,-,-,-,-,-,-,-,-,-,-,-,-,-,-,-,-,-,-,-,-,-,-,-,-,-,-,-,-,-,-,-,-,-,-,-,-,-,-,-,-,-,-,-,-,-,-,-,-,-,-,-,-,-
