,PAFAH1B3 0,PAFAH1B3 1,PAFAH1B3 2,PAFAH1B3 3,PAFAH1B3 4,PAFAH1B3 5,PAFAH1B3 6,PAFAH1B3 7,PAFAH1B3 8,PAFAH1B3 9,PAFAH1B3 10,PAFAH1B3 11,PAFAH1B3 12,PAFAH1B3 13,PAFAH1B3 14,PAFAH1B3 15,PAFAH1B3 16,PAFAH1B3 17,PAFAH1B3 18,PAFAH1B3 19,PAFAH1B3 20,PAFAH1B3 21,PAFAH1B3 22,PAFAH1B3 23,PAFAH1B3 24,PAFAH1B3 25,PAFAH1B3 26,PAFAH1B3 27,PAFAH1B3 28,PAFAH1B3 29,PAFAH1B3 30,PAFAH1B3 31,PAFAH1B3 32,PAFAH1B3 33,PAFAH1B3 34,PAFAH1B3 35,PAFAH1B3 36,PAFAH1B3 37,PAFAH1B3 38,PAFAH1B3 39,PAFAH1B3 40,PAFAH1B3 41,PAFAH1B3 42,PAFAH1B3 43,PAFAH1B3 44,PAFAH1B3 45,PAFAH1B3 46,PAFAH1B3 47,PAFAH1B3 48,PAFAH1B3 49,PAFAH1B3 50,PAFAH1B3 51,PAFAH1B3 52,PAFAH1B3 53,PAFAH1B3 54,PAFAH1B3 55,PAFAH1B3 56,PAFAH1B3 57,PAFAH1B3 58,PAFAH1B3 59,PAFAH1B3 60,PAFAH1B3 61,PAFAH1B3 62,PAFAH1B3 63,PAFAH1B3 64,PAFAH1B3 65,PAFAH1B3 66,PAFAH1B3 67,PAFAH1B3 68,PAFAH1B3 69,PAFAH1B3 70,PAFAH1B3 71,PAFAH1B3 72,PAFAH1B3 73,PAFAH1B3 74,PAFAH1B3 75,PAFAH1B3 76,PAFAH1B3 77,PAFAH1B3 78,PAFAH1B3 79,PAFAH1B3 80,PAFAH1B3 81,PAFAH1B3 82,PAFAH1B3 83,PAFAH1B3 84,PAFAH1B3 85,PAFAH1B3 86,PAFAH1B3 87,PAFAH1B3 88,PAFAH1B3 89,PAFAH1B3 90,PAFAH1B3 91,PAFAH1B3 92,PAFAH1B3 93,PAFAH1B3 94,PAFAH1B3 95,PAFAH1B3 96,PAFAH1B3 97,PAFAH1B3 98,PAFAH1B3 99,PAFAH1B3 100,PAFAH1B3 101,PAFAH1B3 102,PAFAH1B3 103,PAFAH1B3 104,PAFAH1B3 105,PAFAH1B3 106,PAFAH1B3 107,PAFAH1B3 108,PAFAH1B3 109,PAFAH1B3 110,PAFAH1B3 111,PAFAH1B3 112,PAFAH1B3 113,PAFAH1B3 114,PAFAH1B3 115,PAFAH1B3 116,PAFAH1B3 117,PAFAH1B3 118,PAFAH1B3 119,PAFAH1B3 120,PAFAH1B3 121,PAFAH1B3 122,PAFAH1B3 123,PAFAH1B3 124,PAFAH1B3 125,PAFAH1B3 126,PAFAH1B3 127,PAFAH1B3 128,PAFAH1B3 129,PAFAH1B3 130,PAFAH1B3 131,PAFAH1B3 132,PAFAH1B3 133,PAFAH1B3 134,PAFAH1B3 135,PAFAH1B3 136,PAFAH1B3 137,PAFAH1B3 138,PAFAH1B3 139,PAFAH1B3 140,PAFAH1B3 141,PAFAH1B3 142,PAFAH1B3 143,PAFAH1B3 144,PAFAH1B3 145,PAFAH1B3 146,PAFAH1B3 147,PAFAH1B3 148,PAFAH1B3 149,PAFAH1B3 150,PAFAH1B3 151,PAFAH1B3 152,PAFAH1B3 153,PAFAH1B3 154,PAFAH1B3 155,PAFAH1B3 156,PAFAH1B3 157,PAFAH1B3 158,PAFAH1B3 159,PAFAH1B3 160,PAFAH1B3 161,PAFAH1B3 162,PAFAH1B3 163,PAFAH1B3 164,PAFAH1B3 165,PAFAH1B3 166,PAFAH1B3 167,PAFAH1B3 168,PAFAH1B3 169,PAFAH1B3 170,PAFAH1B3 171,PAFAH1B3 172,PAFAH1B3 173,PAFAH1B3 174,PAFAH1B3 175,PAFAH1B3 176,PAFAH1B3 177,PAFAH1B3 178,PAFAH1B3 179,PAFAH1B3 180,PAFAH1B3 181,PAFAH1B3 182,PAFAH1B3 183,PAFAH1B3 184,PAFAH1B3 185,PAFAH1B3 186,PAFAH1B3 187,PAFAH1B3 188,PAFAH1B3 189,PAFAH1B3 190,PAFAH1B3 191,PAFAH1B3 192,PAFAH1B3 193,PAFAH1B3 194,PAFAH1B3 195,PAFAH1B3 196,PAFAH1B3 197,PAFAH1B3 198,PAFAH1B3 199,PAFAH1B3 200,PAFAH1B3 201,PAFAH1B3 202,PAFAH1B3 203,PAFAH1B3 204,PAFAH1B3 205,PAFAH1B3 206,PAFAH1B3 207,PAFAH1B3 208,PAFAH1B3 209,PAFAH1B3 210,PAFAH1B3 211,PAFAH1B3 212,PAFAH1B3 213,PAFAH1B3 214,PAFAH1B3 215,PAFAH1B3 216,PAFAH1B3 217,PAFAH1B3 218,PAFAH1B3 219,PAFAH1B3 220,PAFAH1B3 221,PAFAH1B3 222,PAFAH1B3 223,PAFAH1B3 224,PAFAH1B3 225,PAFAH1B3 226,PAFAH1B3 227,PAFAH1B3 228,PAFAH1B3 229
Chrysochloris_asiatica,M,S,A,E,E,N,P,A,S,K,P,T,P,V,Q,D,V,Q,G,D,G,R,W,M,S,L,H,H,R,F,V,A,D,S,K,D,K,E,P,E,V,V,F,I,G,D,S,L,V,Q,L,M,H,Q,C,I,W,R,E,L,F,S,P,L,H,A,L,N,F,G,I,G,G,D,S,T,Q,H,V,L,W,R,L,E,N,G,E,L,E,H,I,R,P,K,I,V,V,V,W,V,G,T,N,N,H,G,H,T,A,E,Q,V,T,G,G,I,K,A,I,V,H,L,V,N,Q,R,Q,P,Q,A,R,V,V,V,L,G,L,L,P,R,G,Q,H,P,N,L,L,R,E,K,N,Q,R,V,N,E,L,V,R,A,A,L,A,G,H,P,R,A,H,F,L,D,A,D,P,G,F,V,H,S,D,G,T,I,S,H,H,D,M,Y,D,Y,L,H,L,S,R,L,G,Y,T,P,V,C,R,T,L,H,S,L,L,L,R,L,L,A,Q,D,Q,G,Q,G,V,-,-,-,-,-,-,-
Balaenoptera_acutorostrata_scammoni,M,S,G,E,E,N,P,A,S,K,P,T,P,V,Q,D,V,Q,G,D,G,R,W,M,S,L,H,H,R,F,V,A,D,S,K,D,K,E,P,E,V,V,F,I,G,D,S,L,V,Q,L,M,H,Q,C,I,W,R,E,L,F,S,P,L,H,A,L,N,F,G,I,G,G,D,N,T,Q,H,V,L,W,R,L,E,N,G,E,L,E,H,I,R,P,K,I,V,V,V,W,V,G,T,N,N,H,G,H,T,A,E,Q,V,A,G,G,I,K,A,I,V,Q,L,V,N,Q,R,Q,P,Q,A,R,V,V,V,L,G,L,L,P,R,G,Q,H,P,N,P,L,R,E,K,N,R,Q,V,N,E,L,V,R,A,A,L,A,G,H,P,R,A,H,F,L,D,A,D,P,G,F,V,H,S,D,G,T,I,S,H,H,D,M,Y,D,Y,L,H,L,S,R,L,G,Y,T,P,V,C,R,T,L,H,S,L,L,L,R,L,L,A,Q,D,Q,G,Q,G,A,P,P,P,E,P,T,P
Balaenoptera_musculus,M,S,G,E,E,N,P,A,S,K,P,T,P,V,Q,D,V,Q,G,D,G,R,W,M,S,L,H,H,R,F,V,A,D,S,K,D,K,E,P,E,V,V,F,I,G,D,S,L,V,Q,L,M,H,Q,C,I,W,R,E,L,F,S,P,L,H,A,L,N,F,G,I,G,G,D,N,T,Q,H,V,L,W,R,L,E,N,G,E,L,E,H,I,R,P,K,I,V,V,V,W,V,G,T,N,N,H,G,H,T,A,E,Q,V,A,G,G,I,K,A,I,V,Q,L,V,N,Q,R,Q,P,Q,A,R,V,V,V,L,G,L,L,P,R,G,Q,H,P,N,P,L,R,E,K,N,R,Q,V,N,E,L,V,R,A,A,L,A,G,H,P,R,A,H,F,L,D,A,D,P,G,F,V,H,S,D,G,T,I,S,H,H,D,M,Y,D,Y,L,H,L,S,R,L,G,Y,T,P,V,C,R,T,L,H,S,L,L,L,R,L,L,A,Q,D,Q,G,Q,G,A,P,P,P,E,P,T,P
Echinops_telfairi,M,S,A,-,E,N,P,A,S,W,P,T,P,V,Q,D,V,Q,G,D,G,R,W,M,S,L,H,H,R,F,V,A,D,S,K,D,K,E,P,E,V,V,F,I,G,D,S,L,V,Q,L,M,H,Q,C,I,W,R,E,L,F,S,P,L,H,A,L,N,F,G,I,G,G,D,G,T,Q,H,V,L,W,R,L,E,N,G,E,L,E,H,I,R,P,K,I,V,V,V,W,V,G,T,N,N,H,G,H,T,A,E,Q,V,A,G,G,I,Q,A,I,V,Q,L,V,N,Q,R,Q,P,Q,A,R,V,V,V,L,G,L,L,P,R,G,Q,H,P,N,Q,L,R,E,K,N,R,R,V,N,E,L,V,R,G,A,L,A,G,H,P,R,A,H,F,L,D,A,D,P,G,F,V,H,S,D,G,T,I,S,H,H,D,M,Y,D,Y,L,H,L,S,R,L,G,Y,T,P,V,C,R,T,L,H,S,L,L,L,R,L,L,A,Q,D,Q,G,Q,G,A,P,L,L,E,P,T,P
Delphinapterus_leucas,M,S,G,E,E,N,P,A,S,K,P,T,P,V,Q,D,V,Q,G,D,G,R,W,M,S,L,H,H,R,F,V,A,D,S,K,D,K,E,P,E,V,V,F,I,G,D,S,L,V,Q,L,M,H,Q,C,I,W,R,E,L,F,S,P,L,H,A,L,N,F,G,I,G,G,D,N,T,Q,H,V,L,W,R,L,E,N,G,E,L,E,H,I,R,P,K,I,V,V,V,W,V,G,T,N,N,H,G,H,T,A,E,Q,V,A,G,G,I,K,A,I,V,Q,L,V,N,Q,R,Q,P,Q,A,R,V,V,V,L,G,L,L,P,R,G,Q,H,P,N,P,L,R,E,K,N,G,Q,V,N,E,L,V,R,A,A,L,A,G,H,P,R,A,H,F,L,D,A,D,P,G,F,V,H,S,D,G,T,I,S,H,H,D,M,Y,D,Y,L,H,L,S,R,L,G,Y,T,P,V,C,R,T,L,H,S,L,L,L,R,L,L,A,Q,D,Q,G,Q,G,A,P,L,P,E,P,T,P
Globicephala_melas,M,S,G,E,E,N,P,A,S,K,P,T,P,V,Q,D,V,Q,G,D,G,R,W,M,S,L,H,H,R,F,V,A,D,S,K,D,K,E,P,E,V,V,F,I,G,D,S,L,V,Q,L,M,H,Q,C,I,W,R,E,L,F,S,P,L,H,A,L,N,F,G,I,G,G,D,S,T,Q,H,V,L,W,R,L,E,N,G,E,L,E,H,I,R,P,K,I,V,V,V,W,V,G,T,N,N,H,G,H,T,A,E,Q,V,A,G,G,I,K,A,I,V,Q,L,V,N,Q,R,Q,P,Q,A,R,V,V,V,L,G,L,L,P,R,G,Q,H,P,N,P,L,R,E,K,N,R,Q,V,N,E,L,V,R,A,A,L,A,G,H,P,R,A,H,F,L,D,A,D,P,G,F,V,H,S,D,G,T,I,S,H,H,D,M,Y,D,Y,L,H,L,S,R,L,G,Y,T,P,V,C,R,T,L,H,S,L,L,L,R,L,L,A,Q,D,Q,G,Q,S,A,P,L,P,E,P,T,P
Lagenorhynchus_obliquidens,M,S,G,E,E,N,P,A,S,K,P,T,P,V,Q,D,V,Q,G,D,G,R,W,M,S,L,H,H,R,F,V,A,D,S,K,D,K,E,P,E,V,V,F,I,G,D,S,L,V,Q,L,M,H,Q,C,I,W,R,E,L,F,S,P,L,H,A,L,N,F,G,I,G,G,D,S,T,Q,H,V,L,W,R,L,E,N,G,E,L,E,H,I,R,P,K,I,V,V,V,W,V,G,T,N,N,H,G,H,A,A,E,Q,V,A,G,G,I,K,A,I,V,Q,L,V,N,Q,R,Q,P,Q,A,R,V,V,V,L,G,L,L,P,R,G,Q,H,P,N,P,L,R,E,K,N,R,Q,V,N,E,L,V,R,A,A,L,A,G,H,P,R,A,H,F,L,D,A,D,P,G,F,V,H,S,D,G,T,I,S,H,H,D,M,Y,D,Y,L,H,L,S,R,L,G,Y,T,P,V,C,R,T,L,H,S,L,L,L,R,L,L,A,Q,D,Q,G,Q,S,A,P,L,P,E,P,T,P
Lipotes_vexillifer,M,S,G,E,E,N,P,A,S,R,P,T,P,V,Q,D,V,Q,G,D,G,R,W,M,S,L,H,H,R,F,V,A,D,S,K,D,K,E,P,E,V,V,F,I,G,D,S,L,V,Q,L,M,H,Q,C,I,W,R,E,L,F,S,P,L,H,A,L,N,F,G,I,G,G,D,N,T,Q,H,V,L,W,R,L,E,N,G,E,L,E,H,I,R,P,K,I,V,V,V,W,V,G,T,N,N,H,G,H,T,A,E,Q,V,A,G,G,I,K,A,I,V,Q,L,V,N,Q,R,Q,P,Q,A,R,V,V,V,L,G,L,L,P,R,G,Q,H,P,N,P,L,R,E,K,N,R,Q,V,N,E,L,V,R,A,A,L,A,G,H,P,R,A,H,F,L,D,A,D,P,G,F,V,H,S,D,G,T,I,S,H,H,D,M,Y,D,Y,L,H,L,S,R,L,G,Y,T,P,V,C,R,T,L,H,S,L,L,L,R,L,L,A,Q,D,Q,G,Q,G,A,P,L,P,E,P,T,P
Monodon_monoceros,M,S,G,E,E,N,P,A,S,K,P,T,P,V,Q,D,V,Q,G,D,G,R,W,M,S,L,H,H,R,F,V,A,D,S,K,D,K,E,P,E,V,V,F,I,G,D,S,L,V,Q,L,M,H,Q,C,I,W,R,E,L,F,S,P,L,H,A,L,N,F,G,I,G,G,D,N,T,Q,H,V,L,W,R,L,E,N,G,E,L,E,H,I,R,P,K,I,V,V,V,W,V,G,T,N,N,H,G,H,T,A,E,Q,V,A,G,G,I,K,A,I,V,Q,L,V,N,Q,R,Q,P,Q,A,R,V,V,V,L,G,L,L,P,R,G,Q,H,P,N,P,L,R,E,K,N,R,Q,V,N,E,L,V,R,A,A,L,A,G,H,P,R,A,H,F,L,D,A,D,P,G,F,V,H,S,D,G,T,I,S,H,H,D,M,Y,D,Y,L,H,L,S,R,L,G,Y,T,P,V,C,R,T,L,H,S,L,L,L,R,L,L,A,Q,D,Q,G,Q,G,A,P,L,P,E,P,T,P
Neophocaena_asiaeorientalis_asiaeorientalis,M,S,G,E,E,N,P,A,S,K,P,T,P,V,Q,D,V,Q,G,D,G,R,W,M,S,L,H,H,R,F,V,A,D,S,K,D,K,E,P,E,V,V,F,I,G,D,S,L,V,Q,L,M,H,Q,C,I,W,R,E,L,F,S,P,L,H,A,L,N,F,G,I,G,G,D,N,T,Q,H,V,L,W,R,L,E,N,G,E,L,E,H,I,R,P,K,I,V,V,V,W,V,G,T,N,N,H,G,H,T,A,E,Q,V,A,G,G,I,K,A,I,V,Q,L,V,N,Q,R,Q,P,Q,A,R,V,V,V,L,G,L,L,P,R,G,Q,H,P,N,P,L,R,E,K,N,R,Q,V,N,E,L,V,R,A,A,L,A,G,H,P,R,A,H,F,L,D,A,D,P,G,F,V,H,S,D,G,T,I,S,H,H,D,M,Y,D,Y,L,H,L,S,R,L,G,Y,T,P,V,C,R,T,L,H,S,L,L,L,R,L,L,A,Q,D,Q,G,Q,G,A,P,L,P,E,P,T,P
Orcinus_orca,M,S,G,E,E,N,P,A,S,K,P,T,P,V,Q,D,V,Q,G,D,G,R,W,M,S,L,H,H,R,F,V,A,D,S,K,D,K,E,P,E,V,V,F,I,G,D,S,L,V,Q,L,M,H,Q,C,I,W,R,E,L,F,S,P,L,H,A,L,N,F,G,I,G,G,D,S,T,Q,H,V,L,W,R,L,E,N,G,E,L,E,H,I,R,P,K,I,V,V,V,W,V,G,T,N,N,H,G,H,T,A,E,Q,V,A,G,G,I,K,A,I,V,Q,L,V,N,Q,R,Q,P,Q,A,R,V,V,V,L,G,L,L,P,R,G,Q,H,P,N,P,L,R,E,K,N,R,Q,V,N,E,L,V,R,A,A,L,A,G,H,P,R,A,H,F,L,D,A,D,P,G,F,V,H,S,D,G,T,I,S,H,H,D,M,Y,D,Y,L,H,L,S,R,L,G,Y,T,P,V,C,R,T,L,H,S,L,L,L,R,L,L,A,Q,D,Q,G,Q,S,A,P,L,P,E,P,T,P
Phocoena_sinus,M,S,G,E,E,N,P,A,S,K,P,T,P,V,Q,D,V,Q,G,D,G,R,W,M,S,L,H,H,R,F,V,A,D,S,K,D,K,-,-,-,-,-,-,I,G,D,S,L,V,Q,L,M,H,Q,C,I,W,R,E,L,F,S,P,L,H,A,L,N,F,G,I,G,G,D,N,T,Q,H,V,L,W,R,L,E,N,G,E,L,E,H,I,R,P,K,I,V,V,V,W,V,G,T,N,N,H,G,H,T,A,E,Q,V,T,G,G,I,K,A,I,V,Q,L,V,N,Q,R,Q,P,Q,A,R,V,V,V,L,G,L,L,P,R,G,Q,H,P,N,P,L,R,E,K,N,R,Q,V,N,E,L,V,R,A,A,L,A,G,H,P,R,A,H,F,L,D,A,D,P,G,F,V,H,S,D,G,T,I,S,H,H,D,M,Y,D,Y,L,H,L,S,R,L,G,Y,T,P,V,C,R,T,L,H,S,L,L,L,R,L,L,A,Q,D,Q,G,Q,G,A,P,L,P,E,P,T,P
Physeter_catodon,M,S,G,E,E,N,P,A,S,K,P,T,P,V,Q,D,V,Q,G,D,G,R,W,M,S,L,H,H,R,F,V,A,D,S,K,D,K,E,P,E,V,V,F,I,G,D,S,L,V,Q,L,M,H,Q,C,I,W,R,E,L,F,S,P,L,H,A,L,N,F,G,I,G,G,D,N,T,Q,H,V,L,W,R,L,E,N,G,E,L,E,H,I,R,P,K,I,V,V,V,W,V,G,T,N,N,H,G,H,T,A,E,Q,V,A,G,G,I,K,A,I,V,Q,L,V,N,Q,R,Q,P,Q,A,R,V,V,V,L,G,L,L,P,R,G,Q,H,P,N,P,L,R,E,K,N,R,Q,V,N,E,L,V,R,A,A,L,A,G,H,P,R,A,H,F,L,D,A,D,P,G,F,V,H,S,D,G,T,I,S,H,H,D,M,Y,D,Y,L,H,L,S,R,L,G,Y,T,P,V,C,R,T,L,R,S,L,L,L,R,L,L,A,Q,D,Q,G,Q,G,A,P,L,P,E,P,T,P
Tursiops_truncatus,M,S,G,E,E,N,P,A,S,K,P,T,P,V,Q,D,V,Q,G,D,G,R,W,M,S,L,H,H,R,F,V,A,D,S,K,D,K,E,P,E,V,V,F,I,G,D,S,L,V,Q,L,M,H,Q,C,I,W,R,E,L,F,S,P,L,H,A,L,N,F,G,I,G,G,D,S,T,Q,H,V,L,W,R,L,E,N,G,E,L,E,H,I,R,P,K,I,V,V,V,W,V,G,T,N,N,H,G,H,T,A,E,Q,V,A,G,G,I,K,A,I,V,Q,L,V,N,Q,R,Q,P,Q,A,R,V,V,V,L,G,L,L,P,R,G,Q,H,P,N,P,L,R,E,K,N,R,Q,V,N,E,L,V,R,A,A,L,A,G,H,P,R,A,H,F,L,D,A,D,P,G,F,V,H,S,D,G,T,I,S,H,H,D,M,Y,D,Y,L,H,L,S,R,L,G,Y,T,P,V,C,R,T,L,H,S,L,L,L,R,L,L,A,Q,D,Q,G,Q,S,A,P,L,P,E,P,T,P
Acinonyx_jubatus,M,S,G,E,E,N,P,A,S,K,P,T,P,V,Q,D,V,Q,G,D,G,R,W,M,S,L,H,H,R,F,V,A,D,S,K,D,K,E,P,E,V,V,F,I,G,D,S,L,V,Q,L,M,H,Q,C,I,W,R,E,L,F,S,P,L,H,A,L,N,F,G,I,G,S,D,S,T,Q,H,V,L,W,R,L,E,N,G,E,L,E,H,I,R,P,K,I,V,V,V,W,V,G,T,N,N,H,G,H,T,A,E,Q,V,T,G,G,I,K,A,I,V,Q,L,V,N,Q,R,Q,P,Q,A,R,V,V,V,L,G,L,L,P,R,G,Q,H,P,N,P,L,R,E,K,N,R,R,V,N,E,L,V,R,A,A,L,A,G,H,P,R,A,H,F,L,D,A,D,P,G,F,V,H,S,D,G,T,I,S,H,H,D,M,Y,D,Y,L,H,L,S,R,L,G,Y,T,P,V,C,R,A,L,H,S,L,L,L,R,L,L,A,Q,D,Q,G,Q,G,V,P,R,P,E,A,T,P
Acomys_russatus,M,S,G,D,G,N,P,A,S,M,P,T,P,V,Q,D,V,Q,G,D,G,R,W,M,S,L,H,H,R,F,V,A,D,S,K,D,K,E,P,E,V,V,F,I,G,D,S,L,V,Q,L,M,H,Q,C,I,W,R,E,L,F,S,P,L,H,A,L,N,F,G,I,G,G,D,S,T,Q,H,V,L,W,R,L,A,N,G,E,L,D,H,I,R,P,K,I,V,V,V,W,V,G,T,N,N,H,S,H,T,A,E,Q,V,T,G,G,I,K,A,I,V,Q,L,V,N,K,L,Q,P,Q,A,R,V,V,V,L,G,L,L,P,R,G,Q,H,P,N,P,L,R,E,K,N,R,Q,V,N,E,L,V,R,A,A,L,A,G,C,P,R,A,H,F,L,D,A,D,P,G,F,V,H,S,D,G,T,I,S,H,H,D,M,Y,D,Y,L,H,L,S,R,L,G,Y,T,P,V,C,R,A,L,H,S,L,L,L,R,L,L,A,Q,D,Q,G,Q,G,T,P,L,P,E,T,T,P
Arvicanthis_niloticus,M,S,G,E,E,N,P,A,S,K,P,T,P,V,Q,D,V,Q,G,D,G,R,W,M,S,L,H,H,R,F,V,A,D,S,K,D,K,E,P,E,V,V,F,I,G,D,S,L,V,Q,L,M,H,Q,C,I,W,R,E,L,F,S,P,L,H,A,L,N,F,G,I,G,G,D,S,T,Q,H,V,L,W,R,L,E,N,G,E,L,E,H,I,R,P,K,I,V,V,V,W,V,G,T,N,N,H,S,H,T,A,E,Q,V,T,G,G,I,K,A,I,V,Q,L,V,N,K,L,Q,P,Q,A,R,V,V,V,L,G,L,L,P,R,G,Q,H,P,N,P,L,R,E,K,N,R,Q,V,N,E,M,V,R,A,A,L,A,G,Y,P,R,A,H,F,L,D,A,D,P,G,F,V,H,S,D,G,T,I,S,H,H,D,M,Y,D,Y,L,H,L,S,R,L,G,Y,T,P,V,C,R,A,L,H,S,L,L,L,R,L,L,A,Q,D,Q,G,Q,G,I,P,L,P,E,T,T,P
Bison_bison_bison,-,-,-,-,-,-,-,-,-,-,-,-,-,-,-,-,-,-,-,-,-,-,-,-,-,-,-,-,-,-,-,-,-,-,-,-,-,-,-,-,-,-,-,-,-,-,-,-,-,-,-,-,-,-,-,I,W,R,E,L,F,S,P,L,H,A,L,N,F,G,I,G,G,D,S,T,Q,H,V,L,W,R,L,E,N,G,E,L,E,H,I,R,P,K,I,V,V,V,W,V,G,T,N,N,H,G,H,T,A,E,Q,V,T,G,G,I,K,A,I,V,Q,L,V,N,E,R,Q,P,Q,A,R,V,V,V,L,G,L,L,P,R,G,Q,H,P,N,P,L,R,E,K,N,R,R,V,N,E,L,V,R,A,A,L,A,G,H,P,R,A,H,F,L,D,A,D,P,G,F,V,H,S,D,G,T,I,S,H,H,D,M,Y,D,Y,L,H,L,S,R,L,G,Y,T,P,V,C,R,A,L,H,S,L,L,L,R,L,L,T,Q,D,Q,G,Q,G,A,P,L,P,E,P,S,P
Bos_indicus,M,S,G,D,E,N,P,A,S,K,P,T,P,V,Q,D,V,Q,G,D,G,R,W,M,S,L,H,H,R,F,V,A,D,S,K,D,K,E,P,E,V,V,F,I,G,D,S,L,V,Q,L,M,H,Q,C,I,W,R,E,L,F,S,P,L,H,A,L,N,F,G,I,G,G,D,S,T,Q,H,V,L,W,R,L,E,N,G,E,L,E,H,I,R,P,K,I,V,V,V,W,V,G,T,N,N,H,G,H,T,A,E,Q,V,T,G,G,I,K,A,I,V,Q,L,V,N,E,R,Q,P,Q,A,R,V,V,V,L,G,L,L,P,R,G,Q,H,P,N,P,L,R,E,K,N,R,R,V,N,E,L,V,R,A,A,L,A,G,H,P,R,A,H,F,L,D,A,D,P,G,F,V,H,S,D,G,T,I,S,H,H,D,M,Y,D,Y,L,H,L,S,R,L,G,Y,T,P,V,C,R,A,L,H,S,L,L,L,R,L,L,T,Q,D,Q,G,Q,G,A,P,L,P,E,P,S,P
Bos_mutus,M,S,G,D,E,N,P,A,S,K,P,T,P,V,Q,D,V,Q,G,D,G,R,W,M,S,L,H,H,R,F,V,A,D,S,K,D,K,E,P,E,V,V,F,I,G,D,S,L,V,Q,L,M,H,Q,C,I,W,R,E,L,F,S,P,L,H,A,L,N,F,G,I,G,G,D,S,T,Q,H,V,L,W,R,L,E,N,G,E,L,E,H,I,R,P,K,I,V,V,V,W,V,G,T,N,N,H,G,H,T,A,E,Q,V,T,G,G,I,K,A,I,V,Q,L,V,N,E,R,Q,P,Q,A,R,V,V,V,L,G,L,L,P,R,G,Q,H,P,N,P,L,R,E,K,N,R,R,V,N,E,L,V,R,A,A,L,A,G,H,P,R,A,H,F,L,D,A,D,P,G,F,V,H,S,D,G,T,I,S,H,H,D,M,Y,D,Y,L,H,L,S,R,L,G,Y,T,P,V,C,R,A,L,H,S,L,L,L,R,L,L,T,Q,D,Q,G,Q,G,A,P,L,P,E,P,S,P
Bos_taurus,M,S,G,D,E,N,P,A,S,K,P,T,P,V,Q,D,V,Q,G,D,G,R,W,M,S,L,H,H,R,F,V,A,D,S,K,D,K,E,P,E,V,V,F,I,G,D,S,L,V,Q,L,M,H,Q,C,I,W,R,E,L,F,S,P,L,H,A,L,N,F,G,I,G,G,D,S,T,Q,H,V,L,W,R,L,E,N,G,E,L,E,H,I,R,P,K,I,V,V,V,W,V,G,T,N,N,H,G,H,T,A,E,Q,V,T,G,G,I,K,A,I,V,Q,L,V,N,E,R,Q,P,Q,A,R,V,V,V,L,G,L,L,P,R,G,Q,H,P,N,P,L,R,E,K,N,R,R,V,N,E,L,V,R,A,A,L,A,G,H,P,R,A,H,F,L,D,A,D,P,G,F,V,H,S,D,G,T,I,S,H,H,D,M,Y,D,Y,L,H,L,S,R,L,G,Y,T,P,V,C,R,A,L,H,S,L,L,L,R,L,L,T,Q,D,Q,G,Q,G,A,P,L,P,E,P,S,P
Bubalus_bubalis,M,S,G,D,E,N,P,A,S,K,P,T,P,V,Q,D,V,Q,G,D,G,R,W,M,S,L,H,H,R,F,V,A,D,S,K,D,K,E,P,E,V,V,F,I,G,D,S,L,V,Q,L,M,H,Q,C,I,W,R,E,L,F,S,P,L,H,A,L,N,F,G,I,G,G,D,S,T,Q,H,V,L,W,R,L,E,N,G,E,L,E,H,I,R,P,K,I,V,V,V,W,V,G,T,N,N,H,G,H,T,A,E,Q,V,T,G,G,I,K,A,I,V,Q,L,V,N,E,R,Q,P,Q,A,R,V,V,V,L,G,L,L,P,R,G,Q,H,P,N,P,L,R,E,K,N,R,R,V,N,E,L,V,R,A,A,L,A,G,H,P,R,A,H,F,L,D,A,D,P,G,F,V,H,S,D,G,T,I,S,H,H,D,M,Y,D,Y,L,H,L,S,R,L,G,Y,T,P,V,C,R,A,L,H,S,L,L,L,R,L,L,T,Q,D,Q,G,Q,G,A,P,L,P,E,P,S,P
Budorcas_taxicolor,M,S,G,D,E,N,P,A,S,K,P,T,P,V,Q,D,V,Q,G,D,G,R,W,M,S,L,H,H,R,F,V,A,D,S,K,D,K,E,P,E,V,V,F,I,G,D,S,L,V,Q,L,M,H,Q,C,I,W,R,E,L,F,S,P,L,H,A,L,N,F,G,I,G,G,D,S,T,Q,H,V,L,W,R,L,E,N,G,E,L,E,H,I,R,P,K,I,V,V,V,W,V,G,T,N,N,H,G,H,T,A,E,Q,V,T,G,G,I,K,A,I,V,Q,L,V,N,E,R,Q,P,Q,A,R,V,V,V,L,G,L,L,P,R,G,Q,H,P,N,P,L,R,E,K,N,R,R,V,N,E,L,V,R,A,A,L,A,G,H,P,R,A,H,F,L,D,A,D,P,G,F,V,H,S,D,G,T,I,S,H,H,D,M,Y,D,Y,L,H,L,S,R,L,G,Y,T,P,V,C,R,A,L,H,S,L,L,L,R,L,L,T,Q,D,Q,G,Q,G,I,P,L,P,E,P,S,P
Callithrix_jacchus,M,S,G,E,E,N,P,A,S,K,P,T,P,V,Q,D,V,Q,G,D,G,R,W,M,S,L,H,H,R,F,V,A,D,S,K,D,K,E,P,E,V,V,F,I,G,D,S,L,V,Q,L,M,H,Q,C,I,W,R,E,L,F,S,P,L,H,A,L,N,F,G,I,G,G,D,S,T,Q,H,V,L,W,R,L,E,N,G,E,L,E,H,I,R,P,K,I,V,V,V,W,V,G,T,N,N,H,G,H,T,A,E,Q,V,T,G,G,I,K,A,I,V,Q,L,V,N,E,R,Q,P,Q,A,R,V,V,V,L,G,L,L,P,R,G,Q,H,P,N,P,L,R,E,K,N,Q,R,V,N,E,L,V,R,A,A,L,A,G,H,P,R,A,H,F,L,D,A,D,P,G,F,V,H,S,D,G,T,I,S,H,H,D,M,Y,D,Y,L,H,L,S,R,L,G,Y,T,P,V,C,R,T,L,H,S,L,L,L,R,L,L,A,Q,D,Q,G,Q,G,A,P,L,P,E,P,T,P
Camelus_bactrianus,M,S,R,E,E,N,P,A,S,K,P,T,P,V,Q,D,V,Q,G,D,G,R,W,M,S,L,H,H,R,F,V,A,D,S,K,D,K,E,P,E,V,V,F,I,G,D,S,L,V,Q,L,M,H,Q,C,I,W,R,E,L,F,S,P,L,H,A,L,N,F,G,I,G,G,D,N,T,Q,H,V,L,W,R,L,E,N,G,E,L,E,H,I,R,P,K,I,V,V,V,W,V,G,T,N,N,H,G,H,T,A,E,Q,V,T,G,G,I,K,A,I,V,Q,L,V,N,E,R,Q,P,Q,A,R,V,V,V,L,G,L,L,P,R,G,Q,H,P,N,P,L,R,E,K,N,R,R,V,N,E,L,V,R,A,A,L,A,G,N,P,R,A,H,F,L,D,A,D,P,G,F,V,H,S,D,G,T,I,S,H,H,D,M,Y,D,Y,L,H,L,S,R,L,G,Y,T,P,V,C,R,A,L,H,S,L,L,Q,R,L,L,A,Q,D,Q,G,Q,G,V,P,L,P,E,P,T,P
Camelus_dromedarius,M,S,R,E,E,N,P,A,S,K,P,T,P,V,Q,D,V,Q,G,D,G,R,W,M,S,L,H,H,R,F,V,A,D,S,K,D,K,E,P,E,V,V,F,I,G,D,S,L,V,Q,L,M,H,Q,C,I,W,R,E,L,F,S,P,L,H,A,L,N,F,G,I,G,G,D,N,T,Q,H,V,L,W,R,L,E,N,G,E,L,E,H,I,R,P,K,I,V,V,V,W,V,G,T,N,N,H,G,H,T,A,E,Q,V,T,G,G,I,K,A,I,V,Q,L,V,N,E,R,Q,P,Q,A,R,V,V,V,L,G,L,L,P,R,G,Q,H,P,N,P,L,R,E,K,N,R,R,V,N,E,L,V,R,A,A,L,A,G,N,P,R,A,H,F,L,D,A,D,P,G,F,V,H,S,D,G,T,I,S,H,H,D,M,Y,D,Y,L,H,L,S,R,L,G,Y,T,P,V,C,R,A,L,H,S,L,L,Q,R,L,L,A,Q,D,Q,G,Q,G,V,P,L,P,E,P,T,P
Camelus_ferus,M,S,R,E,E,N,P,A,S,K,P,T,P,V,Q,D,V,Q,G,D,G,R,W,M,S,L,H,H,R,F,V,A,D,S,K,D,K,E,P,E,V,V,F,I,G,D,S,L,V,Q,L,M,H,Q,C,I,W,R,E,L,F,S,P,L,H,A,L,N,F,G,I,G,G,D,N,T,Q,H,V,L,W,R,L,E,N,G,E,L,E,H,I,R,P,K,I,V,V,V,W,V,G,T,N,N,H,G,H,T,A,E,Q,V,T,G,G,I,K,A,I,V,Q,L,V,N,E,R,Q,P,Q,A,R,V,V,V,L,G,L,L,P,R,G,Q,H,P,N,P,L,R,E,K,N,R,R,V,N,E,L,V,R,A,A,L,A,G,N,P,R,A,H,F,L,D,A,D,P,G,F,V,H,S,D,G,T,I,S,H,H,D,M,Y,D,Y,L,H,L,S,R,L,G,Y,T,P,V,C,R,A,L,H,S,L,L,Q,R,L,L,A,Q,D,Q,G,Q,G,V,P,L,P,E,P,T,P
Capra_hircus,M,S,G,D,E,N,P,A,S,K,P,T,P,V,Q,D,V,Q,G,D,G,R,W,M,S,L,H,H,R,F,V,A,D,S,K,D,K,E,P,E,V,V,F,I,G,D,S,L,V,Q,L,M,H,Q,C,I,W,R,E,L,F,S,P,L,H,A,L,N,F,G,I,G,G,D,S,T,Q,H,V,L,W,R,L,E,N,G,E,L,E,H,I,R,P,K,I,V,V,V,W,V,G,T,N,N,H,G,H,T,A,E,Q,V,T,G,G,I,K,A,I,V,Q,L,V,N,E,R,Q,P,Q,A,R,V,V,V,L,G,L,L,P,R,G,Q,H,P,N,P,L,R,E,K,N,R,R,V,N,E,L,V,R,A,A,L,A,G,H,P,R,A,H,F,L,D,A,D,P,G,F,V,H,S,D,G,T,I,S,H,H,D,M,Y,D,Y,L,H,L,S,R,L,G,Y,T,P,V,C,R,A,L,H,S,L,L,L,R,L,L,T,Q,D,Q,G,Q,G,I,P,L,P,E,P,S,P
Cebus_imitator,M,S,G,E,E,N,P,A,S,K,P,T,P,V,Q,D,V,Q,G,D,G,R,W,M,S,L,H,H,R,F,V,A,D,S,K,D,K,E,P,E,V,V,F,I,G,D,S,L,V,Q,L,M,H,Q,C,I,W,R,E,L,F,S,P,L,H,A,L,N,F,G,I,G,G,D,S,T,Q,H,V,L,W,R,L,E,N,G,E,L,E,H,I,R,P,K,I,V,V,V,W,V,G,T,N,N,H,G,H,T,A,E,Q,V,T,G,G,I,K,A,I,V,Q,L,V,N,E,R,Q,P,Q,A,R,V,V,V,L,G,L,L,P,R,G,Q,H,P,N,P,L,R,D,K,N,R,R,V,N,E,L,V,R,A,A,L,A,G,H,P,R,A,H,F,L,D,A,D,P,G,F,V,H,S,D,G,T,I,S,H,H,D,M,Y,D,Y,L,H,L,S,R,L,G,Y,T,P,V,C,R,T,L,H,S,L,L,L,R,L,L,A,Q,D,Q,G,Q,G,A,P,L,S,E,P,T,P
Ceratotherium_simum_simum,M,S,E,E,E,N,P,A,S,K,P,T,P,V,Q,D,V,Q,G,D,G,R,W,M,S,L,H,H,R,F,V,A,D,S,K,D,K,E,P,E,V,V,F,I,G,D,S,L,V,Q,L,M,H,Q,C,I,W,R,E,L,F,S,P,L,H,A,L,N,F,G,I,G,G,D,T,T,Q,H,V,L,W,R,L,E,N,G,E,L,E,H,I,R,P,K,I,V,V,V,W,V,G,T,N,N,H,G,H,T,A,E,Q,V,T,G,G,I,K,A,I,V,Q,L,V,N,Q,R,Q,P,Q,A,R,V,V,V,L,G,L,L,P,R,G,Q,H,P,N,P,L,R,E,K,N,R,R,V,N,E,L,V,R,A,A,L,A,G,H,P,R,A,H,F,L,D,A,D,P,G,F,V,H,S,D,G,T,I,S,H,H,D,M,Y,D,Y,L,H,L,S,R,L,G,Y,T,P,V,C,R,A,L,H,S,L,L,L,R,L,L,A,Q,D,Q,G,Q,G,V,P,L,P,E,A,T,P
Cercocebus_atys,M,S,R,E,E,N,P,A,S,K,P,T,P,V,Q,D,V,Q,G,D,G,R,W,M,S,L,H,H,R,F,V,A,D,S,K,D,K,E,P,E,V,V,F,I,G,D,S,L,V,Q,L,M,H,Q,C,I,W,R,E,L,F,S,P,L,H,A,L,N,F,G,I,G,G,D,G,T,Q,H,V,L,W,R,L,E,N,G,E,L,E,H,I,R,P,K,I,V,V,V,W,V,G,T,N,N,H,G,H,T,A,E,Q,V,T,G,G,I,K,A,I,V,Q,L,V,N,E,R,Q,P,Q,A,R,V,V,V,L,G,L,L,P,R,G,Q,H,P,N,P,L,R,E,K,N,R,R,V,N,E,L,V,R,A,A,L,A,G,H,P,R,A,H,F,L,D,A,D,P,G,F,V,H,S,D,G,T,I,S,H,H,D,M,Y,D,Y,L,H,L,S,R,L,G,Y,T,P,V,C,R,A,L,H,S,L,L,L,R,L,L,A,Q,D,Q,G,Q,G,A,P,L,L,E,P,A,P
Cervus_canadensis,M,S,G,D,E,N,P,A,S,K,P,T,P,V,Q,D,V,Q,G,D,G,R,W,M,S,L,H,H,R,F,V,A,D,S,K,D,K,E,P,E,V,V,F,I,G,D,S,L,V,Q,L,M,H,Q,C,I,W,R,E,L,F,S,P,L,H,A,L,N,F,G,I,G,G,D,S,T,Q,H,V,L,W,R,L,E,N,G,E,L,E,H,I,R,P,K,I,V,V,V,W,V,G,T,N,N,H,G,H,T,A,E,Q,V,T,G,G,I,K,A,I,V,Q,L,V,N,E,R,Q,P,Q,A,R,V,V,V,L,G,L,L,P,R,G,Q,H,P,N,P,L,R,E,K,N,R,R,V,N,E,L,V,R,A,A,L,A,G,H,P,R,A,H,F,L,D,A,D,P,G,F,V,H,S,D,G,T,I,S,H,H,D,M,Y,D,Y,L,H,L,S,R,L,G,Y,T,P,V,C,R,A,L,H,S,L,L,L,R,L,L,T,Q,D,Q,G,Q,G,A,P,L,P,E,P,S,P
Chlorocebus_sabaeus,M,S,R,E,E,N,P,A,S,K,P,T,P,V,Q,D,V,Q,G,D,G,R,W,M,S,L,H,H,R,F,V,A,D,S,K,D,K,E,P,E,V,V,F,I,G,D,S,L,V,Q,L,M,H,Q,C,I,W,R,E,L,F,S,P,L,H,A,L,N,F,G,I,G,G,D,G,T,Q,H,V,L,W,R,L,E,N,G,E,L,E,H,I,R,P,K,I,V,V,V,W,V,G,T,N,N,H,G,H,T,A,E,Q,V,T,G,G,I,K,A,I,V,Q,L,V,N,E,R,Q,P,Q,A,R,V,V,V,L,G,L,L,P,R,G,Q,H,P,N,P,L,R,E,K,N,R,R,V,N,E,L,V,R,A,A,L,A,G,H,P,R,A,H,F,L,D,A,D,P,G,F,V,H,S,D,G,T,I,S,H,H,D,M,Y,D,Y,L,H,L,S,R,L,G,Y,T,P,V,C,R,A,L,H,S,L,L,L,R,L,L,A,Q,D,Q,G,Q,G,A,P,L,L,E,P,A,P
Colobus_angolensis_palliatus,-,-,-,-,-,-,-,-,-,-,-,-,-,-,-,-,-,-,-,-,-,-,-,-,-,-,H,H,R,F,V,A,D,S,K,D,K,E,P,E,V,V,F,I,G,D,S,L,V,Q,L,M,H,Q,C,I,W,R,E,L,F,S,P,L,H,A,L,N,F,G,I,S,G,D,G,T,Q,H,V,L,W,R,L,E,N,G,E,L,E,H,I,R,P,K,I,V,V,V,W,V,G,T,N,N,H,G,H,T,A,E,Q,V,T,G,G,I,K,A,I,V,Q,L,V,N,E,R,Q,P,Q,A,R,V,V,V,L,G,L,L,P,R,G,Q,H,P,N,P,L,R,E,K,N,R,R,V,N,E,L,V,R,A,A,L,A,G,H,P,R,A,H,F,L,D,A,D,P,G,F,V,H,S,D,G,T,I,S,H,H,D,M,Y,D,Y,L,H,L,S,R,L,G,Y,T,P,V,C,R,A,L,H,S,L,L,L,R,L,L,A,Q,D,Q,G,Q,G,A,P,L,L,E,P,A,P
Condylura_cristata,M,S,G,E,E,N,P,A,S,R,P,T,P,V,Q,D,V,Q,G,D,G,R,W,M,S,L,H,H,R,F,V,A,D,S,K,D,K,E,P,E,V,V,F,I,G,D,S,L,V,Q,L,M,H,Q,C,I,W,R,E,L,F,S,P,L,H,A,L,N,F,G,I,G,G,D,S,T,Q,H,V,L,W,R,L,E,N,G,E,L,E,H,I,R,P,K,I,V,V,V,W,V,G,T,N,N,H,G,H,T,A,E,Q,V,T,G,G,I,K,A,I,V,H,L,V,N,Q,R,Q,P,Q,A,R,V,V,V,L,G,L,L,P,R,G,Q,H,P,N,P,L,R,E,K,N,R,R,V,N,E,L,V,R,A,A,L,A,G,H,P,R,A,H,F,L,D,A,D,P,G,F,V,H,S,D,G,T,I,S,H,H,D,M,Y,D,Y,L,H,L,S,R,L,G,Y,T,P,V,C,R,A,L,H,S,L,L,L,R,L,L,A,Q,D,Q,G,Q,G,V,V,L,P,E,L,T,P
Elephas_maximus_indicus,M,S,A,G,E,N,P,A,S,K,P,T,P,V,Q,D,V,Q,G,D,G,R,W,M,S,L,H,H,R,F,V,A,D,S,K,D,K,E,P,E,V,V,F,I,G,D,S,L,V,Q,L,M,H,Q,C,I,W,R,E,L,F,S,P,L,H,A,L,N,F,G,I,G,G,D,S,T,Q,H,V,L,W,R,L,E,N,G,E,L,E,H,I,R,P,K,I,V,V,V,W,V,G,T,N,N,H,G,H,T,A,E,Q,V,T,G,G,I,K,A,I,V,Q,L,V,N,Q,R,Q,P,Q,A,R,V,V,V,L,G,L,L,P,R,G,Q,H,P,N,P,L,R,E,K,N,L,Q,V,N,E,L,V,R,A,A,L,V,G,H,P,R,A,H,F,L,D,A,D,P,G,F,V,H,S,D,G,T,I,S,H,H,D,M,Y,D,Y,L,H,L,S,R,L,G,Y,T,P,V,C,R,A,L,H,S,L,L,L,R,L,L,A,Q,D,Q,G,Q,S,V,P,L,A,E,P,T,P
Enhydra_lutris_kenyoni,M,S,G,E,E,N,P,A,S,K,P,T,P,V,Q,D,V,Q,G,D,G,R,W,M,S,L,H,H,R,F,V,A,D,S,K,D,K,E,P,E,V,V,F,I,G,D,S,L,V,Q,L,M,H,Q,C,I,W,R,E,L,F,S,P,L,H,A,L,N,F,G,I,G,S,D,S,T,Q,H,V,L,W,R,L,E,N,G,E,L,E,H,I,R,P,K,I,V,V,V,W,V,G,T,N,N,H,G,H,T,A,E,Q,V,T,G,G,I,K,A,I,V,E,L,V,N,Q,R,Q,P,Q,A,R,V,V,V,L,G,L,L,P,R,G,Q,H,P,N,P,L,R,E,K,N,R,R,V,N,E,L,V,R,A,A,L,A,G,H,P,R,A,H,F,L,D,A,D,P,G,F,V,H,S,D,G,T,I,S,H,H,D,M,Y,D,Y,L,H,L,S,R,L,G,Y,T,P,V,C,R,S,L,H,S,L,L,L,R,L,L,A,Q,D,Q,G,Q,G,V,P,L,P,E,A,A,P
Equus_asinus,M,S,G,E,E,N,P,A,S,K,P,T,P,V,Q,D,V,Q,G,D,G,R,W,M,S,L,H,H,R,F,V,A,D,S,K,D,K,E,P,E,V,V,F,I,G,D,S,L,V,Q,L,M,H,Q,C,I,W,R,E,L,F,S,P,L,H,A,L,N,F,G,I,G,G,D,S,T,Q,H,V,L,W,R,L,E,N,G,E,L,E,H,I,R,P,K,I,V,V,V,W,V,G,T,N,N,H,G,H,T,A,E,Q,V,T,G,G,I,K,A,I,V,Q,L,V,N,Q,R,Q,P,Q,A,R,V,V,V,L,G,L,L,P,R,G,Q,H,P,N,P,L,R,E,K,N,R,R,V,N,E,L,V,R,A,A,L,A,G,H,P,R,A,H,F,L,D,A,D,P,G,F,V,H,S,D,G,T,I,S,H,H,D,M,Y,D,Y,L,H,L,S,R,L,G,Y,T,P,V,C,R,A,L,H,S,L,L,L,R,L,L,A,Q,D,Q,G,Q,G,V,P,L,P,E,A,T,P
Equus_przewalskii,M,S,G,E,E,N,P,A,S,K,P,T,P,V,Q,D,V,Q,G,D,G,R,W,M,S,L,H,H,R,F,V,A,D,S,K,D,K,E,P,E,V,V,F,I,G,D,S,L,V,Q,L,M,H,Q,C,I,W,R,E,L,F,S,P,L,H,A,L,N,F,G,I,G,G,D,S,T,Q,H,V,L,W,R,L,E,N,G,E,L,E,H,I,R,P,K,I,V,V,V,W,V,G,T,N,N,H,G,H,T,A,E,Q,V,T,G,G,I,K,A,I,V,Q,L,V,N,Q,R,Q,P,Q,A,R,V,V,V,L,G,L,L,P,R,G,Q,H,P,N,P,L,R,E,K,N,R,R,V,N,E,L,V,R,A,A,L,A,G,H,P,R,A,H,F,L,D,A,D,P,G,F,V,H,S,D,G,T,I,S,H,H,D,M,Y,D,Y,L,H,L,S,R,L,G,Y,T,P,V,C,R,A,L,H,S,L,L,L,R,L,L,A,Q,D,Q,G,Q,G,V,P,L,P,E,A,T,P
Equus_quagga,M,S,G,E,E,N,P,A,S,K,P,T,P,V,Q,D,V,Q,G,D,G,R,W,M,S,L,H,H,R,F,V,A,D,S,K,D,K,E,P,E,V,V,F,I,G,D,S,L,V,Q,L,M,H,Q,C,I,W,R,E,L,F,S,P,L,H,A,L,N,F,G,I,G,G,D,S,T,Q,H,V,L,W,R,L,E,N,G,E,L,E,H,I,R,P,K,I,V,V,V,W,V,G,T,N,N,H,G,H,T,A,E,Q,V,T,G,G,I,K,A,I,V,Q,L,V,N,Q,R,Q,P,Q,A,R,V,V,V,L,G,L,L,P,R,G,Q,H,P,N,P,L,R,E,K,N,R,R,V,N,E,L,V,R,A,A,L,A,G,H,P,R,A,H,F,L,D,A,D,P,G,F,V,H,S,D,G,T,I,S,H,H,D,M,Y,D,Y,L,H,L,S,R,L,G,Y,T,P,V,C,R,A,L,H,S,L,L,L,R,L,L,A,Q,D,Q,G,Q,G,V,P,L,P,E,A,T,P
Gorilla_gorilla_gorilla,M,S,G,E,E,N,P,A,S,K,P,T,P,V,Q,D,V,Q,G,D,G,R,W,M,S,L,H,H,R,F,V,A,D,S,K,D,K,E,P,E,V,V,F,I,G,D,S,L,V,Q,L,M,H,Q,C,I,W,R,E,L,F,S,P,L,H,A,L,N,F,G,I,G,G,D,G,T,Q,H,V,L,W,R,L,E,N,G,E,L,E,H,I,R,P,K,I,V,V,V,W,V,G,T,N,N,H,G,H,T,A,E,Q,V,T,G,G,I,K,A,I,V,Q,L,V,N,E,R,Q,P,Q,A,R,V,V,V,L,G,L,L,P,R,G,Q,H,P,N,P,L,R,E,K,N,R,Q,V,N,E,L,V,R,V,A,L,A,G,H,P,R,A,H,F,L,D,A,D,P,G,F,V,H,S,D,G,T,I,S,H,H,D,M,Y,D,Y,L,H,L,S,R,L,G,Y,T,P,V,C,R,A,L,H,S,L,L,L,R,L,L,A,Q,D,Q,G,Q,G,A,P,L,L,E,P,A,P
Halichoerus_grypus,M,S,R,E,E,N,P,A,S,K,P,T,P,V,Q,D,V,Q,G,D,G,R,W,M,S,L,H,H,R,F,V,A,D,S,K,D,K,E,P,E,V,V,F,I,G,D,S,L,V,Q,L,M,H,Q,C,I,W,R,E,L,F,S,P,L,H,A,L,N,F,G,I,G,N,D,S,T,Q,H,V,L,W,R,L,E,N,G,E,L,E,H,I,R,P,K,I,V,V,V,W,V,G,T,N,N,H,G,H,T,A,E,Q,V,T,G,G,I,Q,A,I,V,Q,L,V,N,Q,R,Q,P,Q,A,R,V,V,V,L,G,L,L,P,R,G,Q,H,P,N,P,L,R,E,K,N,R,R,V,N,E,L,V,R,A,A,L,A,G,H,P,R,A,H,F,L,D,A,D,P,G,F,V,H,S,D,G,T,I,S,H,H,D,M,Y,D,Y,L,H,L,S,R,L,G,Y,T,P,V,C,R,A,L,H,S,L,L,L,R,L,L,A,Q,D,Q,G,Q,G,V,P,L,P,E,A,A,P
Homo_sapiens,M,S,G,E,E,N,P,A,S,K,P,T,P,V,Q,D,V,Q,G,D,G,R,W,M,S,L,H,H,R,F,V,A,D,S,K,D,K,E,P,E,V,V,F,I,G,D,S,L,V,Q,L,M,H,Q,C,I,W,R,E,L,F,S,P,L,H,A,L,N,F,G,I,G,G,D,G,T,Q,H,V,L,W,R,L,E,N,G,E,L,E,H,I,R,P,K,I,V,V,V,W,V,G,T,N,N,H,G,H,T,A,E,Q,V,T,G,G,I,K,A,I,V,Q,L,V,N,E,R,Q,P,Q,A,R,V,V,V,L,G,L,L,P,R,G,Q,H,P,N,P,L,R,E,K,N,R,Q,V,N,E,L,V,R,A,A,L,A,G,H,P,R,A,H,F,L,D,A,D,P,G,F,V,H,S,D,G,T,I,S,H,H,D,M,Y,D,Y,L,H,L,S,R,L,G,Y,T,P,V,C,R,A,L,H,S,L,L,L,R,L,L,A,Q,D,Q,G,Q,G,A,P,L,L,E,P,A,P
Hylobates_moloch,M,S,G,E,E,N,P,A,S,K,P,T,P,V,Q,D,V,Q,G,D,G,R,W,M,S,L,H,H,R,F,V,A,D,S,K,D,K,E,P,E,V,V,F,I,G,D,S,L,V,Q,L,M,H,Q,C,I,W,R,E,L,F,S,P,L,H,A,L,N,F,G,I,G,G,D,G,T,Q,H,V,L,W,R,L,E,N,G,E,L,E,H,I,R,P,K,I,V,V,V,W,V,G,T,N,N,H,G,H,T,A,E,Q,V,T,G,G,I,K,A,I,V,Q,L,V,N,E,R,Q,P,Q,A,R,V,V,V,L,G,L,L,P,R,G,Q,H,P,N,P,L,R,E,K,N,R,R,V,N,E,L,V,R,A,A,L,A,G,H,P,R,A,H,F,L,D,A,D,P,G,F,V,H,S,D,G,T,I,S,H,H,D,M,Y,D,Y,L,H,L,S,R,L,G,Y,T,P,V,C,R,A,L,H,S,L,L,L,R,L,L,A,Q,D,Q,G,Q,G,A,P,L,L,E,P,A,P
Ictidomys_tridecemlineatus,M,S,G,E,E,N,P,A,S,R,P,T,P,V,Q,D,V,Q,G,D,G,R,W,M,S,L,H,H,R,F,V,A,D,S,K,D,K,E,P,E,V,V,F,I,G,D,S,L,V,Q,L,M,H,Q,C,I,W,R,E,L,F,S,P,L,H,A,L,N,F,G,I,G,G,D,S,T,Q,H,V,L,W,R,L,E,N,G,E,L,E,H,I,R,P,K,I,V,V,V,W,V,G,T,N,N,H,G,H,T,A,E,Q,V,T,G,G,I,K,A,I,V,Q,L,V,N,Q,R,Q,P,Q,A,R,V,V,V,L,G,L,L,P,R,G,Q,H,P,N,P,L,R,E,K,N,R,Q,V,N,E,L,V,R,A,A,L,A,G,H,P,R,A,H,F,L,D,A,D,P,G,F,V,H,S,D,G,T,I,S,H,H,D,M,Y,D,Y,L,H,L,S,R,L,G,Y,T,P,V,C,R,A,L,H,S,L,L,L,R,L,L,A,Q,D,Q,G,Q,G,V,P,L,P,E,P,T,S
Leopardus_geoffroyi,M,S,G,E,E,N,P,A,S,K,P,T,P,V,Q,D,V,Q,G,D,G,R,W,M,S,L,H,H,R,F,V,A,D,S,K,D,K,E,P,E,V,V,F,I,G,D,S,L,V,Q,L,M,H,Q,C,I,W,R,E,L,F,S,P,L,H,A,L,N,F,G,I,G,S,D,S,T,Q,H,V,L,W,R,L,E,N,G,E,L,E,H,I,R,P,K,I,V,V,V,W,V,G,T,N,N,H,G,H,T,A,E,Q,V,T,G,G,I,K,A,I,V,Q,L,V,N,Q,R,Q,P,Q,A,R,V,V,V,L,G,L,L,P,R,G,Q,H,P,N,P,L,R,E,K,N,R,R,V,N,E,L,V,R,A,A,L,A,G,H,P,R,A,H,F,L,D,A,D,P,G,F,V,H,S,D,G,T,I,S,H,H,D,M,Y,D,Y,L,H,L,S,R,L,G,Y,T,P,V,C,R,A,L,H,S,L,L,L,R,L,L,A,Q,D,Q,G,Q,G,G,P,R,P,E,A,T,P
Loxodonta_africana,M,S,A,D,E,N,P,A,S,K,P,T,P,V,Q,D,V,Q,G,D,G,R,W,M,S,L,H,H,R,F,V,A,D,S,K,D,K,E,P,E,V,V,F,I,G,D,S,L,V,Q,L,M,H,Q,C,I,W,R,E,L,F,S,P,L,H,A,L,N,F,G,I,G,G,D,S,T,Q,H,V,L,W,R,L,E,N,G,E,L,E,H,I,R,P,K,I,V,V,V,W,V,G,T,N,N,H,G,H,T,A,E,Q,V,T,G,G,I,K,A,I,V,Q,L,V,N,Q,R,Q,P,Q,A,R,V,V,V,L,G,L,L,P,R,G,Q,H,P,N,P,L,R,E,K,N,L,Q,V,N,E,L,V,R,A,A,L,V,G,H,P,R,A,H,F,L,D,A,D,P,G,F,V,H,S,D,G,T,I,S,H,H,D,M,Y,D,Y,L,H,L,S,R,L,G,Y,T,P,V,C,R,A,L,H,S,L,L,L,R,L,L,A,Q,D,Q,G,Q,S,V,P,L,A,E,P,T,P
Macaca_fascicularis,M,S,R,E,E,N,P,A,S,K,P,T,P,V,Q,D,V,Q,G,D,G,R,W,M,S,L,H,H,R,F,V,A,D,S,K,D,K,E,P,E,V,V,F,I,G,D,S,L,V,Q,L,M,H,Q,C,I,W,R,E,L,F,S,P,L,H,A,L,N,F,G,I,G,G,D,G,T,Q,H,V,L,W,R,L,E,N,G,E,L,E,H,I,R,P,K,I,V,V,V,W,V,G,T,N,N,H,G,H,T,A,E,Q,V,T,G,G,I,K,A,I,V,Q,L,V,N,E,R,Q,P,Q,A,R,V,V,V,L,G,L,L,P,R,G,Q,H,P,N,P,L,R,E,K,N,R,R,V,N,E,L,V,R,A,A,L,A,G,H,P,R,A,H,F,L,D,A,D,P,G,F,V,H,S,D,G,T,I,S,H,H,D,M,Y,D,Y,L,H,L,S,R,L,G,Y,T,P,V,C,R,A,L,H,S,L,L,L,R,L,L,A,Q,D,Q,G,Q,G,A,P,L,L,E,P,A,P
Macaca_mulatta,M,S,R,E,E,N,P,A,S,K,P,T,P,V,Q,D,V,Q,G,D,G,R,W,M,S,L,H,H,R,F,V,A,D,S,K,D,K,E,P,E,V,V,F,I,G,D,S,L,V,Q,L,M,H,Q,C,I,W,R,E,L,F,S,P,L,H,A,L,N,F,G,I,G,G,D,G,T,Q,H,V,L,W,R,L,E,N,G,E,L,E,H,I,R,P,K,I,V,V,V,W,V,G,T,N,N,H,G,H,T,A,E,Q,V,T,G,G,I,K,A,I,V,Q,L,V,N,E,R,Q,P,Q,A,R,V,V,V,L,G,L,L,P,R,G,Q,H,P,N,P,L,R,E,K,N,R,R,V,N,E,L,V,R,A,A,L,A,G,H,P,R,A,H,F,L,D,A,D,P,G,F,V,H,S,D,G,T,I,S,H,H,D,M,Y,D,Y,L,H,L,S,R,L,G,Y,T,P,V,C,R,A,L,H,S,L,L,L,R,L,L,A,Q,D,Q,G,Q,G,A,P,L,L,E,P,A,P
Macaca_nemestrina,M,S,R,E,E,N,P,A,S,K,P,T,P,V,Q,D,V,Q,G,D,G,R,W,M,S,L,H,H,R,F,V,A,D,S,K,D,K,E,P,E,V,V,F,I,G,D,S,L,V,Q,L,M,H,Q,C,I,W,R,E,L,F,S,P,L,H,A,L,N,F,G,I,G,G,D,G,T,Q,H,V,L,W,R,L,E,N,G,E,L,E,H,I,R,P,K,I,V,V,V,W,V,G,T,N,N,H,G,H,T,A,E,Q,V,T,G,G,I,K,A,I,V,Q,L,V,N,E,R,Q,P,Q,A,R,V,V,V,L,G,L,L,P,R,G,Q,H,P,N,P,L,R,E,K,N,R,R,V,N,E,L,V,R,A,A,L,A,G,H,P,R,A,H,F,L,D,A,D,P,G,F,V,H,S,D,G,T,I,S,H,H,D,M,Y,D,Y,L,H,L,S,R,L,G,Y,T,P,V,C,R,A,L,H,S,L,L,L,R,L,L,A,Q,D,Q,G,Q,G,A,P,L,L,E,P,A,P
Macaca_thibetana_thibetana,M,S,R,E,E,N,P,A,S,K,P,T,P,V,Q,D,V,Q,G,D,G,R,W,M,S,L,H,H,R,F,V,A,D,S,K,D,K,E,P,E,V,V,F,I,G,D,S,L,V,Q,L,M,H,Q,C,I,W,R,E,L,F,S,P,L,H,A,L,N,F,G,I,G,G,D,G,T,Q,H,V,L,W,R,L,E,N,G,E,L,E,H,I,R,P,K,I,V,V,V,W,V,G,T,N,N,H,G,H,T,A,E,Q,V,T,G,G,I,K,A,I,V,Q,L,V,N,E,R,Q,P,Q,A,R,V,V,V,L,G,L,L,P,R,G,Q,H,P,N,P,L,R,E,K,N,R,R,V,N,E,L,V,R,A,A,L,A,G,H,P,R,A,H,F,L,D,A,D,P,G,F,V,H,S,D,G,T,I,S,H,H,D,M,Y,D,Y,L,H,L,S,R,L,G,Y,T,P,V,C,R,A,L,H,S,L,L,L,R,L,L,A,Q,D,Q,G,Q,G,A,P,L,L,E,P,A,P
Mandrillus_leucophaeus,-,-,-,-,-,-,-,-,-,-,-,-,-,-,-,-,-,-,-,-,-,-,-,-,-,-,H,H,R,F,V,A,D,S,K,D,K,E,P,E,V,V,F,I,G,D,S,L,V,Q,L,M,H,Q,C,I,W,R,E,L,F,S,P,L,H,A,L,N,F,G,I,G,G,D,G,T,Q,H,V,L,W,R,L,E,N,G,E,L,E,H,I,R,P,K,I,V,V,V,W,V,G,T,N,N,H,G,H,T,A,E,Q,V,T,G,G,I,K,A,I,V,Q,L,V,N,E,R,Q,P,Q,A,R,V,V,V,L,G,L,L,P,R,G,Q,H,P,N,P,L,R,E,K,N,R,R,V,N,E,L,V,R,A,A,L,A,G,H,P,R,A,H,F,L,D,A,D,P,G,F,V,H,S,D,G,T,I,S,H,H,D,M,Y,D,Y,L,H,L,S,R,L,G,Y,T,P,V,C,R,A,L,H,S,L,L,L,R,L,L,A,Q,D,Q,G,Q,G,A,P,L,L,E,P,A,P
Marmota_flaviventris,M,S,G,E,E,N,P,A,S,R,P,T,P,V,Q,D,V,Q,G,D,G,R,W,M,S,L,H,H,R,F,V,A,D,S,K,D,K,E,P,E,V,V,F,I,G,D,S,L,V,Q,L,M,H,Q,C,I,W,R,E,L,F,S,P,L,H,A,L,N,F,G,I,G,G,D,S,T,Q,H,V,L,W,R,L,E,N,G,E,L,E,H,I,R,P,K,I,V,V,V,W,V,G,T,N,N,H,G,H,T,A,E,Q,V,T,G,G,I,K,A,I,V,Q,L,V,N,Q,R,Q,P,Q,A,R,V,V,V,L,G,L,L,P,R,G,Q,H,P,N,P,L,R,E,K,N,R,Q,V,N,E,L,V,R,A,A,L,A,G,H,P,R,A,H,F,L,D,A,D,P,G,F,V,H,S,D,G,T,I,S,H,H,D,M,Y,D,Y,L,H,L,S,R,L,G,Y,T,P,V,C,R,A,L,H,S,L,L,L,R,L,L,A,Q,D,Q,G,Q,G,V,P,L,P,E,P,T,S
Marmota_marmota_marmota,M,S,G,E,E,N,P,A,S,R,P,T,P,V,Q,D,V,Q,G,D,G,R,W,M,S,L,H,H,R,F,V,A,D,S,K,D,K,E,P,E,V,V,F,I,G,D,S,L,V,Q,L,M,H,Q,C,I,W,R,E,L,F,S,P,L,H,A,L,N,F,G,I,G,G,D,S,T,Q,H,V,L,W,R,L,E,N,G,E,L,E,H,I,R,P,K,I,V,V,V,W,V,G,T,N,N,H,G,H,T,A,E,Q,V,T,G,G,I,K,A,I,V,Q,L,V,N,Q,R,Q,P,Q,A,R,V,V,V,L,G,L,L,P,R,G,Q,H,P,N,P,L,R,E,K,N,R,Q,V,N,E,L,V,R,A,A,L,A,G,H,P,R,A,H,F,L,D,A,D,P,G,F,V,H,S,D,G,T,I,S,H,H,D,M,Y,D,Y,L,H,L,S,R,L,G,Y,T,P,V,C,R,A,L,H,S,L,L,L,R,L,L,A,Q,D,Q,G,Q,G,V,P,L,P,E,P,T,S
Marmota_monax,M,S,G,E,E,N,P,A,S,R,P,T,P,V,Q,D,V,Q,G,D,G,R,W,M,S,L,H,H,R,F,V,A,D,S,K,D,K,E,P,E,V,V,F,I,G,D,S,L,V,Q,L,M,H,Q,C,I,W,R,E,L,F,S,P,L,H,A,L,N,F,G,I,G,G,D,S,T,Q,H,V,L,W,R,L,K,N,G,E,L,E,H,I,R,P,K,I,V,V,V,W,V,G,T,N,N,H,G,H,T,A,E,Q,V,T,G,G,I,K,A,I,V,Q,L,V,N,Q,R,Q,P,Q,A,R,V,V,V,L,G,L,L,P,R,G,Q,H,P,N,P,L,R,E,K,N,R,Q,V,N,E,L,V,R,A,A,L,A,G,H,P,R,A,H,F,L,D,A,D,P,G,F,V,H,S,D,G,T,I,S,H,H,D,M,Y,D,Y,L,H,L,S,R,L,G,Y,T,P,V,C,R,A,L,H,S,L,L,L,R,L,L,A,Q,D,Q,G,Q,G,V,P,L,P,E,P,T,S
Nannospalax_galili,M,S,G,E,D,N,P,A,S,K,P,T,P,V,Q,D,A,Q,G,D,G,R,W,M,S,L,H,H,R,F,V,A,D,S,K,D,K,E,P,E,V,V,F,I,G,D,S,L,V,Q,L,M,H,Q,C,I,W,R,E,L,F,S,P,L,H,A,L,N,F,G,I,G,G,D,S,T,Q,H,V,L,W,R,L,E,N,G,E,L,E,H,I,R,P,K,I,V,V,V,W,V,G,T,N,N,H,S,H,T,A,E,Q,V,T,G,G,I,K,A,I,V,Q,L,V,N,K,L,Q,P,Q,A,R,V,V,V,L,G,L,L,P,R,G,Q,H,P,N,P,L,R,E,K,N,Q,Q,V,N,Q,L,V,R,A,A,L,A,G,H,P,R,A,H,F,L,D,A,D,P,G,F,V,H,S,D,G,T,I,S,H,H,D,M,Y,D,Y,L,H,L,S,R,L,G,Y,T,P,V,C,R,A,L,H,S,L,L,L,R,L,L,A,Q,D,Q,G,Q,G,V,P,L,P,E,A,T,P
Neomonachus_schauinslandi,M,S,R,E,E,N,P,A,S,K,P,T,P,V,Q,D,V,Q,G,D,G,R,W,M,S,L,H,H,R,F,V,A,D,S,K,D,K,E,P,E,V,V,F,I,G,D,S,L,V,Q,L,M,H,Q,C,I,W,R,E,L,F,S,P,L,H,A,L,N,F,G,I,G,N,D,S,T,Q,H,V,L,W,R,L,E,N,G,E,L,E,H,I,R,P,K,I,V,V,V,W,V,G,T,N,N,H,G,H,T,A,E,Q,V,T,G,G,I,Q,A,I,V,Q,L,V,N,Q,R,Q,P,Q,A,R,V,V,V,L,G,L,L,P,R,G,Q,H,P,N,P,L,R,E,K,N,R,R,V,N,E,L,V,R,A,A,L,A,G,H,P,R,A,H,F,L,D,A,D,P,G,F,V,H,S,D,G,T,I,S,H,H,D,M,Y,D,Y,L,H,L,S,R,L,G,Y,T,P,V,C,R,A,L,H,S,L,L,L,R,L,L,A,Q,D,Q,G,Q,G,V,P,L,P,E,A,A,P
Nomascus_leucogenys,M,S,G,E,E,N,P,A,S,K,P,T,P,V,Q,D,V,Q,G,D,G,R,W,M,S,L,H,H,R,F,V,A,D,S,K,D,K,E,P,E,V,V,F,I,G,D,S,L,V,Q,L,M,H,Q,C,I,W,R,E,L,F,S,P,L,H,A,L,N,F,G,I,G,G,D,G,T,Q,H,V,L,W,R,L,E,N,G,E,L,E,H,I,R,P,K,I,V,V,V,W,V,G,T,N,N,H,G,H,T,A,E,Q,V,T,G,G,I,K,A,I,V,Q,L,V,N,E,R,Q,P,Q,A,R,V,V,V,L,G,L,L,P,R,G,Q,H,P,N,P,L,R,E,K,N,R,R,V,N,E,L,V,R,A,A,L,A,G,H,P,R,A,H,F,L,D,A,D,P,G,F,V,H,S,D,G,T,I,S,H,H,D,M,Y,D,Y,L,H,L,S,R,L,G,Y,T,P,V,C,R,A,L,H,S,L,L,L,R,L,L,A,Q,D,Q,G,Q,G,A,P,L,L,E,P,A,P
Ochotona_curzoniae,M,S,G,E,E,N,P,A,S,K,P,T,P,V,Q,D,V,Q,G,D,G,R,W,M,S,L,H,H,R,F,V,A,D,S,K,D,K,E,P,E,V,V,F,I,G,D,S,L,V,Q,L,M,H,Q,C,I,W,R,E,L,F,S,P,L,H,A,L,N,F,G,I,G,G,D,S,T,Q,H,V,L,W,R,L,E,N,G,E,L,E,H,I,R,P,K,I,V,V,V,W,V,G,T,N,N,H,G,H,T,A,E,Q,V,S,G,G,I,Q,A,I,V,Q,L,V,N,Q,R,Q,P,Q,A,R,V,V,V,L,G,L,L,P,R,G,Q,H,P,N,P,L,R,D,K,N,R,Q,V,N,E,L,V,R,A,A,L,A,G,H,P,R,A,H,F,L,D,A,D,P,G,F,V,H,S,D,G,T,I,S,H,H,D,M,Y,D,Y,L,H,L,S,R,L,G,Y,T,P,V,C,R,T,L,H,S,L,L,L,R,L,L,A,Q,D,Q,G,Q,G,V,P,L,P,E,P,T,P
Ochotona_princeps,M,S,G,E,E,N,P,A,S,K,P,T,P,V,Q,D,V,Q,G,D,G,R,W,M,S,L,H,H,R,F,V,A,D,S,K,D,K,E,P,E,V,V,F,I,G,D,S,L,V,Q,L,M,H,Q,C,I,W,R,E,L,F,S,P,L,H,A,L,N,F,G,I,G,G,D,S,T,Q,H,V,L,W,R,L,E,N,G,E,L,E,H,I,R,P,K,I,V,V,V,W,V,G,T,N,N,H,G,H,T,A,E,Q,V,S,G,G,I,Q,A,I,V,Q,L,V,N,Q,R,Q,P,Q,A,R,V,V,V,L,G,L,L,P,R,G,Q,H,P,N,P,L,R,D,K,N,R,Q,V,N,E,L,V,R,A,A,L,A,G,H,P,R,A,H,F,L,D,A,D,P,G,F,V,H,S,D,G,T,I,S,H,H,D,M,Y,D,Y,L,H,L,S,R,L,G,Y,T,P,V,C,R,T,L,H,S,L,L,L,R,L,L,A,Q,D,Q,G,Q,G,V,P,L,P,E,P,T,P
Octodon_degus,M,S,G,-,E,N,P,A,S,K,P,T,P,V,P,D,V,Q,G,D,G,R,W,M,S,L,H,H,R,F,V,A,D,S,K,D,K,E,P,E,V,V,F,I,G,D,S,L,V,Q,L,M,H,Q,C,I,W,R,E,L,F,S,P,L,H,A,L,N,F,G,I,G,G,D,S,T,Q,H,V,L,W,R,L,E,N,G,E,L,E,H,I,R,P,K,I,V,V,V,W,V,G,T,N,N,H,G,H,T,A,E,Q,V,T,G,G,I,K,A,I,V,Q,L,V,N,Q,R,Q,P,Q,A,R,V,V,V,L,G,L,L,P,R,G,Q,H,P,N,P,L,R,E,K,N,R,Q,V,N,E,L,I,R,A,A,L,A,G,H,P,R,A,H,F,L,D,A,D,P,G,F,V,H,S,D,G,T,I,S,H,H,D,M,Y,D,Y,L,H,L,S,R,L,G,Y,T,P,V,C,R,A,L,H,S,L,L,L,R,L,L,A,Q,D,Q,G,Q,S,V,P,L,P,E,P,T,P
Ovis_aries,M,S,G,D,E,N,P,A,S,K,P,T,P,V,Q,D,V,Q,G,D,G,R,W,M,S,L,H,H,R,F,V,A,D,S,K,D,K,E,P,E,V,V,F,I,G,D,S,L,V,Q,L,M,H,Q,C,I,W,R,E,L,F,S,P,L,H,A,L,N,F,G,I,G,G,D,S,T,Q,H,V,L,W,R,L,E,N,G,E,L,E,H,I,R,P,K,I,V,V,V,W,V,G,T,N,N,H,G,H,T,A,E,Q,V,T,G,G,I,K,A,I,V,Q,L,V,N,E,R,Q,P,Q,A,R,V,V,V,L,G,L,L,P,R,G,Q,H,P,N,P,L,R,E,K,N,R,R,V,N,E,L,V,R,A,A,L,A,G,H,P,R,A,H,F,L,D,A,D,P,G,F,V,H,S,D,G,T,I,S,H,H,D,M,Y,D,Y,L,H,L,S,R,L,G,Y,T,P,V,C,R,A,L,H,S,L,L,L,R,L,L,T,Q,D,Q,G,Q,G,I,P,L,P,E,P,S,P
Pan_paniscus,M,S,G,E,E,N,P,A,S,K,P,T,P,V,Q,D,V,Q,G,D,G,R,W,M,S,L,H,H,R,F,V,A,D,S,K,D,K,E,P,E,V,V,F,I,G,D,S,L,V,Q,L,M,H,Q,C,I,W,R,E,L,F,S,P,L,H,A,L,N,F,G,I,G,G,D,G,T,Q,H,V,L,W,R,L,E,N,G,E,L,E,H,I,R,P,K,I,V,V,V,W,V,G,T,N,N,H,G,H,T,A,E,Q,V,T,G,G,I,K,A,I,V,Q,L,V,N,E,R,Q,P,Q,A,R,V,V,V,L,G,L,L,P,R,G,Q,H,P,N,P,L,R,E,K,N,R,Q,V,N,E,L,V,R,A,A,L,A,G,H,P,R,A,H,F,L,D,A,D,P,G,F,V,H,S,D,G,T,I,S,H,H,D,M,Y,D,Y,L,H,L,S,R,L,G,Y,T,P,V,C,R,A,L,H,S,L,L,L,R,L,L,A,Q,D,Q,G,Q,G,A,P,L,L,E,P,A,P
Pan_troglodytes,M,S,G,E,E,N,P,A,S,K,P,T,P,V,Q,D,V,Q,G,D,G,R,W,M,S,L,H,H,R,F,V,A,D,S,K,D,K,E,P,E,V,V,F,I,G,D,S,L,V,Q,L,M,H,Q,C,I,W,R,E,L,F,S,P,L,H,A,L,N,F,G,I,G,G,D,G,T,Q,H,V,L,W,R,L,E,N,G,E,L,E,H,I,R,P,K,I,V,V,V,W,V,G,T,N,N,H,G,H,T,A,E,Q,V,T,G,G,I,K,A,I,V,Q,L,V,N,E,R,Q,P,Q,A,R,V,V,V,L,G,L,L,P,R,G,Q,H,P,N,P,L,R,E,K,N,R,Q,V,N,E,L,V,R,A,A,L,A,G,H,P,R,A,H,F,L,D,A,D,P,G,F,V,H,S,D,G,T,I,S,H,H,D,M,Y,D,Y,L,H,L,S,R,L,G,Y,T,P,V,C,R,A,L,H,S,L,L,L,R,L,L,A,Q,D,Q,G,Q,G,A,P,L,L,E,P,A,P
Panthera_tigris_altaica,-,-,-,-,-,-,-,-,-,-,-,-,-,-,-,-,-,-,-,-,-,-,-,-,-,-,-,-,-,-,-,-,-,-,-,-,-,-,-,-,-,-,-,-,-,-,-,-,-,-,-,-,-,-,-,-,-,-,-,-,-,-,-,-,-,-,-,-,-,-,-,-,-,-,-,-,-,-,-,-,-,-,-,-,-,-,-,-,-,-,-,-,-,-,-,-,-,-,-,-,-,-,-,-,-,-,-,-,-,-,-,-,-,-,-,-,-,-,-,-,-,-,-,-,-,-,-,-,-,-,-,-,-,-,-,-,-,-,-,-,-,-,-,-,-,-,-,-,-,-,-,-,-,-,-,-,-,-,-,-,-,-,-,-,-,-,-,-,-,-,-,-,-,-,-,-,-,-,-,-,-,-,-,-,-,-,-,-,-,-,-,-,-,-,-,-,-,-,-,-,-,-,-,-,-,-,-,-,-,-,-,-,-,-,-,-,-,-,-,-,-,-,-,-,-,-,-,-,-,-
Papio_anubis,M,S,R,E,E,N,P,A,S,K,P,T,P,V,Q,D,V,Q,G,D,G,R,W,M,S,L,H,H,R,F,V,A,D,S,K,D,K,E,P,E,V,V,F,I,G,D,S,L,V,Q,L,M,H,Q,C,I,W,R,E,L,F,S,P,L,H,A,L,N,F,G,I,G,G,D,G,T,Q,H,V,L,W,R,L,E,N,G,E,L,E,H,I,R,P,K,I,V,V,V,W,V,G,T,N,N,H,G,H,T,A,E,Q,V,T,G,G,I,K,A,I,V,Q,L,V,N,E,R,Q,P,Q,A,R,V,V,V,L,G,L,L,P,R,G,Q,H,P,N,P,L,R,E,K,N,R,R,V,N,E,L,V,R,A,A,L,A,G,H,P,R,A,H,F,L,D,A,D,P,G,F,V,H,S,D,G,T,I,S,H,H,D,M,Y,D,Y,L,H,L,S,R,L,G,Y,T,P,V,C,R,A,L,H,S,L,L,L,R,L,L,A,Q,D,Q,G,Q,G,A,P,L,L,E,P,A,P
Piliocolobus_tephrosceles,M,S,R,E,E,N,P,A,S,K,P,T,P,V,Q,D,V,Q,G,D,G,R,W,M,S,L,H,H,R,F,V,A,D,S,K,D,K,E,P,E,V,V,F,I,G,D,S,L,V,Q,L,M,H,Q,C,I,W,R,E,L,F,S,P,L,H,A,L,N,F,G,I,G,G,D,G,T,Q,H,V,L,W,R,L,E,N,G,E,L,E,H,I,R,P,K,I,V,V,V,W,V,G,T,N,N,H,G,H,T,A,E,Q,V,T,G,G,I,K,A,I,V,Q,L,V,N,E,R,Q,P,Q,A,R,V,V,V,L,G,L,L,P,R,G,Q,H,P,N,P,L,R,E,K,N,R,R,V,N,E,L,V,R,A,A,L,A,G,H,P,R,A,H,F,L,D,A,D,P,G,F,V,H,S,D,G,T,I,S,H,H,D,M,Y,D,Y,L,H,L,S,R,L,G,Y,T,P,V,C,R,A,L,H,S,L,L,L,R,L,L,A,Q,D,Q,G,Q,G,A,P,L,L,E,P,T,P
Pongo_abelii,M,S,G,E,E,N,P,A,S,K,P,T,P,V,Q,D,V,Q,G,D,G,R,W,M,S,L,H,H,R,F,V,A,D,S,K,D,K,E,P,E,V,V,F,I,G,D,S,L,V,Q,L,M,H,Q,C,I,W,R,E,L,F,S,P,L,H,A,L,N,F,G,I,G,G,D,G,T,Q,H,V,L,W,R,L,E,N,G,E,L,E,H,I,R,P,K,I,V,V,V,W,V,G,T,N,N,H,G,H,T,A,E,Q,V,T,G,G,I,K,A,I,V,Q,L,V,N,E,R,Q,P,Q,A,R,V,V,V,L,G,L,L,P,R,G,Q,H,P,N,P,L,R,E,K,N,Q,R,V,N,E,L,V,R,A,A,L,A,G,H,P,R,A,H,F,L,D,A,D,P,G,F,V,H,S,D,G,T,I,S,H,H,D,M,Y,D,Y,L,H,L,S,R,L,G,Y,A,P,V,C,R,A,L,H,S,L,L,L,R,L,L,A,Q,D,Q,G,Q,G,A,P,L,L,D,P,A,P
Propithecus_coquereli,M,S,G,E,E,N,P,A,S,K,P,T,P,V,Q,D,V,Q,G,D,G,R,W,M,S,L,H,H,R,F,V,A,D,S,K,D,K,E,P,E,V,V,F,I,G,D,S,L,V,Q,L,M,H,Q,C,I,W,R,E,L,F,S,P,L,H,A,L,N,F,G,I,G,G,D,S,T,Q,H,V,L,W,R,L,E,N,G,E,L,E,H,I,R,P,K,I,V,V,V,W,V,G,T,N,N,H,G,H,T,A,E,Q,V,T,G,G,I,K,A,I,V,Q,L,V,N,E,R,Q,P,Q,A,R,V,V,V,L,G,L,L,P,R,G,Q,H,P,N,P,L,R,E,K,N,R,Q,V,N,E,L,V,R,A,A,L,A,G,H,P,R,A,H,F,L,D,A,D,P,G,F,V,H,S,D,G,T,I,S,H,H,D,M,Y,D,Y,L,H,L,S,R,L,G,Y,T,P,V,C,R,S,L,H,S,L,L,L,R,L,L,A,Q,D,Q,G,Q,G,V,P,L,P,E,P,T,P
Rhinopithecus_bieti,M,S,R,E,E,N,P,A,S,K,P,T,P,V,Q,D,V,Q,G,D,G,R,W,M,S,L,H,H,R,F,V,A,D,S,K,D,K,E,P,E,V,V,F,I,G,D,S,L,V,Q,L,M,H,H,C,I,W,R,E,L,F,S,P,L,H,A,L,N,F,G,I,G,G,D,G,T,Q,H,V,L,W,R,L,E,N,G,E,L,E,H,I,R,P,K,I,V,V,V,W,V,G,T,N,N,H,G,H,T,A,E,Q,V,T,G,G,I,K,A,I,V,Q,L,V,N,E,R,Q,P,Q,A,R,V,V,V,L,G,L,L,P,R,G,Q,H,P,N,P,L,R,E,K,N,R,R,V,N,E,L,V,R,A,A,L,A,G,H,P,R,A,H,F,L,D,A,D,P,G,F,V,H,S,D,G,T,I,S,H,H,D,M,Y,D,Y,L,H,L,S,R,L,G,Y,A,P,V,C,R,A,L,H,S,L,L,L,R,L,L,A,Q,D,Q,G,Q,G,A,P,L,L,E,P,A,P
Rhinopithecus_roxellana,M,S,R,E,E,N,P,A,S,K,P,T,P,V,Q,D,V,Q,G,D,G,R,W,M,S,L,H,H,R,F,V,A,D,S,K,D,K,E,P,E,V,V,F,I,G,D,S,L,V,Q,L,M,H,H,C,I,W,R,E,L,F,S,P,L,H,A,L,N,F,G,I,G,G,D,G,T,Q,H,V,L,W,R,L,E,N,G,E,L,E,H,I,R,P,K,I,V,V,V,W,V,G,T,N,N,H,G,H,T,A,E,Q,V,T,G,G,I,K,A,I,V,Q,L,V,N,E,R,Q,P,Q,A,R,V,V,V,L,G,L,L,P,R,G,Q,H,P,N,P,L,R,E,K,N,R,R,V,N,E,L,V,R,A,A,L,A,G,H,P,R,A,H,F,L,D,A,D,P,G,F,V,H,S,D,G,T,I,S,H,H,D,M,Y,D,Y,L,H,L,S,R,L,G,Y,A,P,V,C,R,A,L,H,S,L,L,L,R,L,L,A,Q,D,Q,G,Q,G,A,P,L,L,E,P,A,P
Saimiri_boliviensis_boliviensis,M,S,G,E,E,N,P,A,S,K,P,T,P,M,Q,D,V,Q,G,D,G,R,W,M,S,L,H,H,R,F,V,A,D,S,K,D,K,E,P,E,V,V,F,I,G,D,S,L,V,Q,L,M,H,Q,C,I,W,R,E,L,F,S,P,L,H,A,L,N,F,G,I,G,G,D,S,T,Q,H,V,L,W,R,L,E,N,G,E,L,E,H,I,R,P,K,I,V,V,V,W,V,G,T,N,N,H,G,H,T,A,E,Q,V,T,G,G,I,K,A,I,V,Q,L,V,N,E,R,Q,P,Q,A,R,V,V,V,L,G,L,L,P,R,G,Q,H,P,N,P,L,R,E,K,N,R,R,V,N,E,L,V,R,A,A,L,A,G,H,P,R,A,H,F,L,D,A,D,P,G,F,V,H,S,D,G,T,I,S,H,H,D,M,Y,D,Y,L,H,L,S,R,L,G,Y,T,P,V,C,R,T,L,H,S,L,L,L,R,L,L,A,Q,D,Q,G,Q,G,A,P,L,P,E,P,A,P
Sapajus_apella,M,S,G,E,E,N,P,A,S,K,P,T,P,V,Q,D,V,Q,G,D,G,R,W,M,S,L,H,H,R,F,V,A,D,S,K,D,K,E,P,E,V,V,F,I,G,D,S,L,V,Q,L,M,H,Q,C,I,W,R,E,L,F,S,P,L,H,A,L,N,F,G,I,G,G,D,S,T,Q,H,V,L,W,R,L,E,N,G,E,L,E,H,I,R,P,K,I,V,V,V,W,V,G,T,N,N,H,G,H,T,A,E,Q,V,T,G,G,I,K,A,I,V,Q,L,V,N,E,R,Q,P,Q,A,R,V,V,V,L,G,L,L,P,R,G,Q,H,P,N,P,L,R,D,K,N,R,R,V,N,E,L,V,R,A,A,L,A,G,H,P,R,A,H,F,L,D,A,D,P,G,F,V,H,S,D,G,T,I,S,H,H,D,M,Y,D,Y,L,H,L,S,R,L,G,Y,T,P,V,C,R,T,L,H,S,L,L,L,R,L,L,A,Q,D,Q,G,Q,G,A,P,L,P,E,P,T,A
Suricata_suricatta,M,S,G,E,E,N,P,A,S,K,P,T,P,V,Q,D,V,Q,G,D,G,R,W,M,S,L,H,H,R,F,V,A,D,S,K,D,K,E,P,E,V,V,F,I,G,D,S,L,V,Q,L,M,H,Q,C,I,W,R,E,L,F,S,P,L,H,A,L,N,F,G,I,G,S,D,S,T,Q,H,V,L,W,R,L,E,N,G,E,L,E,H,I,R,P,K,I,V,V,V,W,V,G,T,N,N,H,G,H,T,A,E,Q,V,T,G,G,I,K,A,I,V,Q,L,V,N,Q,R,Q,P,Q,A,R,V,V,V,L,G,L,L,P,R,G,Q,H,P,N,P,L,R,E,K,N,R,R,V,N,E,L,V,R,A,A,L,A,G,H,P,R,A,H,F,L,D,A,D,P,G,F,V,H,S,D,G,T,I,S,H,H,D,M,Y,D,Y,L,H,L,S,R,L,G,Y,T,P,V,C,R,A,L,H,S,L,L,L,R,L,L,A,Q,D,Q,G,Q,G,G,S,R,P,E,A,T,P
Theropithecus_gelada,M,S,R,E,E,N,P,A,S,K,P,T,P,V,Q,D,V,Q,G,D,G,R,W,M,S,L,H,H,R,F,V,A,D,S,K,D,K,E,P,E,V,V,F,I,G,D,S,L,V,Q,L,M,H,Q,C,I,W,R,E,L,F,S,P,L,H,A,L,N,F,G,I,G,G,D,G,T,Q,H,V,L,W,R,L,E,N,G,E,L,E,H,I,R,P,K,I,V,V,V,W,V,G,T,N,N,H,G,H,T,A,E,Q,V,T,G,G,I,K,A,I,V,Q,L,V,N,E,R,Q,P,Q,A,R,V,V,V,L,G,L,L,P,R,G,Q,H,P,N,P,L,R,E,K,N,R,R,V,N,E,L,V,R,A,A,L,A,G,H,P,R,A,H,F,L,D,A,D,P,G,F,V,H,S,D,G,T,I,S,H,H,D,M,Y,D,Y,L,H,L,S,R,L,G,Y,T,P,V,C,R,A,L,H,S,L,L,L,R,L,L,A,Q,D,Q,G,Q,G,A,P,L,L,E,P,A,P
Trachypithecus_francoisi,M,S,R,E,E,N,P,A,S,K,P,T,P,V,Q,D,V,Q,G,D,G,R,W,M,S,L,H,H,R,F,V,A,D,S,K,D,K,E,P,E,V,V,F,I,G,D,S,L,V,Q,L,M,H,Q,C,I,W,R,E,L,F,S,P,L,H,A,L,N,F,G,I,G,G,D,G,T,Q,H,V,L,W,R,L,E,N,G,E,L,E,H,I,R,P,K,I,V,V,V,W,V,G,T,N,N,H,G,H,T,A,E,Q,V,T,G,G,I,K,A,I,V,Q,L,V,N,E,R,Q,P,Q,A,R,V,V,V,L,G,L,L,P,R,G,Q,H,P,N,P,L,R,E,K,N,R,R,V,N,E,L,V,R,A,A,L,A,G,H,P,R,A,H,F,L,D,A,D,P,G,F,V,H,S,D,G,T,I,S,H,H,D,M,Y,D,Y,L,H,L,S,R,L,G,Y,T,P,V,C,R,A,L,H,S,L,L,L,R,L,L,A,Q,D,Q,G,Q,G,A,P,L,L,E,P,A,P
Tupaia_chinensis,M,S,A,E,E,N,P,A,S,K,P,T,P,V,Q,D,V,Q,G,D,G,R,W,M,S,L,H,H,R,F,V,A,D,S,K,D,K,E,P,E,V,V,F,I,G,D,S,L,V,Q,L,M,H,Q,C,I,W,R,E,L,F,S,P,L,H,A,L,N,F,G,I,G,G,D,N,T,Q,H,V,L,W,R,L,E,N,G,E,L,E,H,I,R,P,K,I,V,V,V,W,V,G,T,N,N,H,G,H,T,A,E,Q,V,A,G,G,I,K,A,I,V,H,L,V,N,Q,R,Q,P,Q,A,R,V,V,V,L,G,L,L,P,R,G,Q,H,P,N,P,L,R,E,K,N,R,R,V,N,E,L,V,R,A,A,L,A,G,H,P,R,A,H,F,L,D,A,-,-,-,-,V,H,-,D,G,T,K,S,H,H,D,M,Y,D,Y,L,H,L,S,R,L,G,Y,T,P,V,C,R,A,L,H,S,L,L,L,R,L,L,A,Q,D,Q,G,Q,G,V,P,L,P,E,P,T,P
Urocitellus_parryii,M,S,G,E,E,N,P,A,S,R,P,T,P,V,Q,D,V,Q,G,D,G,R,W,M,S,L,H,H,R,F,V,A,D,S,-,D,K,E,P,E,V,V,F,I,G,D,S,L,V,Q,L,M,H,Q,C,I,W,R,E,L,F,S,P,L,H,A,L,N,F,G,I,G,G,D,S,T,Q,H,V,L,W,R,L,E,N,G,E,L,E,H,I,R,P,K,I,V,V,V,W,V,G,T,N,N,H,G,H,T,A,E,Q,V,T,G,G,I,K,A,I,V,Q,L,V,N,Q,R,Q,P,Q,A,R,V,V,V,L,G,L,L,P,R,G,Q,H,P,N,P,L,R,E,K,N,R,Q,V,N,E,L,V,R,A,A,L,A,G,H,P,R,A,H,F,L,D,A,D,P,G,F,V,H,S,D,G,T,I,S,H,H,D,M,Y,D,Y,L,H,L,S,R,L,G,Y,T,P,V,C,R,A,L,H,S,L,L,L,R,L,L,A,Q,D,Q,G,Q,G,V,P,L,P,E,P,T,S
Ursus_americanus,M,S,G,E,E,N,P,A,S,K,P,T,P,V,Q,D,V,Q,G,D,G,R,W,M,S,L,H,H,R,F,V,A,D,S,K,D,K,E,P,E,V,V,F,I,G,D,S,L,V,Q,L,M,H,Q,C,I,W,R,E,L,F,S,P,L,H,A,L,N,F,G,I,G,S,D,S,T,Q,H,V,L,W,R,L,E,N,G,E,L,E,H,I,R,P,K,I,V,V,V,W,V,G,T,N,N,H,G,H,T,A,E,Q,V,T,G,G,I,K,A,I,V,E,L,V,N,Q,R,Q,P,Q,A,R,V,V,V,L,G,L,L,P,R,G,Q,H,P,N,P,L,R,E,K,N,R,R,V,N,E,L,V,R,A,A,L,A,G,H,P,R,A,H,F,L,D,A,D,P,G,F,V,H,S,D,G,T,I,S,H,H,D,M,Y,D,Y,L,H,L,S,R,L,G,Y,T,P,V,C,R,A,L,H,S,L,L,L,R,L,L,A,Q,D,Q,G,Q,G,V,P,L,P,E,A,A,P
Ursus_maritimus,M,S,G,E,E,N,P,A,S,K,P,T,P,V,Q,D,V,Q,G,D,G,R,W,M,S,L,H,H,R,F,V,A,D,S,K,D,K,E,P,E,V,V,F,I,G,D,S,L,V,Q,L,M,H,Q,C,I,W,R,E,L,F,S,P,L,H,A,L,N,F,G,I,G,S,D,S,T,Q,H,V,L,W,R,L,E,N,G,E,L,E,H,I,R,P,K,I,V,V,V,W,V,G,T,N,N,H,G,H,T,A,E,Q,V,T,G,G,I,K,A,I,V,E,L,V,N,Q,R,Q,P,Q,A,R,V,V,V,L,G,L,L,P,R,G,Q,H,P,N,P,L,R,E,K,N,Q,R,V,N,E,L,V,R,A,A,L,A,G,H,P,R,A,H,F,L,D,A,D,P,G,F,V,H,S,D,G,T,I,S,H,H,D,M,Y,D,Y,L,H,L,S,R,L,G,Y,T,P,V,C,R,A,L,H,S,L,L,L,R,L,L,A,Q,D,Q,G,Q,G,V,P,L,P,E,A,A,P
Vicugna_pacos,M,S,G,E,E,N,P,A,S,K,P,T,P,V,Q,D,V,Q,G,D,G,R,W,M,S,L,H,H,R,F,V,A,D,S,K,D,K,E,P,E,V,V,F,I,G,D,S,L,V,Q,L,M,H,Q,C,I,W,R,E,L,F,S,P,L,H,A,L,N,F,G,I,G,G,D,N,T,Q,H,V,L,W,R,L,E,N,G,E,L,E,H,I,R,P,K,I,V,V,V,W,V,G,T,N,N,H,G,H,T,A,E,Q,V,T,G,G,I,K,A,I,V,Q,L,V,N,E,R,Q,P,Q,A,R,V,V,V,L,G,L,L,P,R,G,Q,H,P,N,P,L,R,E,K,N,R,R,V,N,E,L,V,R,A,A,L,A,G,N,P,R,A,H,F,L,D,A,D,P,G,F,V,H,S,D,G,T,I,S,H,H,D,M,Y,D,Y,L,H,L,S,R,L,G,Y,T,P,V,C,R,A,L,H,S,L,L,Q,R,L,L,A,Q,D,Q,G,Q,G,V,P,L,P,E,P,T,P
Artibeus_jamaicensis,M,S,G,-,E,N,P,A,S,Q,P,T,P,V,Q,D,V,Q,G,D,G,R,W,M,S,L,H,H,R,F,V,A,D,S,K,D,K,E,P,E,V,V,F,I,G,D,S,L,V,Q,L,M,H,Q,C,I,W,R,E,L,F,S,P,L,H,A,L,N,F,G,I,G,G,D,G,T,Q,H,V,L,W,R,L,E,N,G,E,L,E,H,I,R,P,K,I,V,V,V,W,V,G,T,N,N,H,G,H,T,A,E,Q,V,A,G,G,I,K,A,I,V,Q,L,V,N,Q,R,Q,P,Q,A,R,V,V,V,L,G,L,L,P,R,G,Q,H,P,N,P,L,R,E,K,N,Q,Q,V,N,E,L,V,R,A,A,L,A,G,H,P,R,A,H,F,L,D,A,D,P,G,F,V,H,S,D,G,T,I,S,H,H,D,M,Y,D,Y,L,H,L,S,R,L,G,Y,T,P,V,C,R,T,L,H,S,L,L,L,R,L,L,A,Q,D,Q,S,Q,G,V,P,L,P,E,P,T,L
Desmodus_rotundus,M,S,G,-,E,N,P,A,S,K,P,T,P,V,Q,D,V,Q,G,D,G,R,W,M,S,L,H,H,R,F,V,A,D,S,K,D,K,E,P,E,V,V,F,I,G,D,S,L,V,Q,L,M,H,Q,C,I,W,R,E,L,F,S,P,L,H,A,L,N,F,G,I,G,G,D,G,T,Q,H,V,L,W,R,L,E,N,G,E,L,E,H,I,R,P,K,I,V,V,V,W,V,G,T,N,N,H,G,H,T,A,E,Q,V,A,G,G,I,K,A,I,V,Q,L,V,N,Q,R,Q,P,Q,A,R,V,V,V,L,G,L,L,P,R,G,Q,H,P,N,P,L,R,E,K,N,Q,Q,V,N,E,L,V,R,A,A,L,A,G,H,P,R,A,H,F,L,D,A,D,P,G,F,V,H,S,D,G,T,I,S,H,H,D,M,Y,D,Y,L,H,L,S,R,L,G,Y,T,P,V,C,R,T,L,H,S,L,L,L,R,L,L,A,Q,D,Q,G,Q,G,V,P,L,P,E,-,-,-
Eptesicus_fuscus,M,S,G,E,E,N,P,A,S,K,P,T,P,V,Q,D,I,Q,G,D,G,R,W,M,S,L,H,H,R,F,V,A,D,S,K,D,K,E,P,E,V,V,F,I,G,D,S,L,V,Q,L,M,H,Q,C,I,W,R,E,L,F,S,P,L,H,A,L,N,F,G,I,G,G,D,G,T,Q,H,V,L,W,R,L,E,N,G,E,L,E,H,I,R,P,K,I,V,V,V,W,V,G,T,N,N,H,G,H,T,A,E,Q,V,A,G,G,I,K,A,I,V,Q,L,V,N,Q,R,Q,P,Q,A,R,V,V,V,L,G,L,L,P,R,G,Q,H,P,N,P,L,R,E,K,N,R,Q,V,N,E,L,V,R,A,A,L,A,G,Y,P,R,A,H,F,L,D,A,D,P,G,F,V,H,S,D,G,T,I,S,H,H,D,M,Y,D,Y,L,H,L,S,R,L,G,Y,T,P,V,C,R,T,L,H,S,L,L,L,R,L,L,A,Q,D,Q,G,Q,G,V,P,L,P,E,P,T,L
Hipposideros_armiger,M,S,G,E,D,N,P,A,S,K,P,T,P,V,Q,D,V,Q,G,D,G,R,W,M,S,L,H,H,R,F,V,A,D,S,K,D,K,E,P,E,V,V,F,I,G,D,S,L,V,Q,L,M,H,Q,C,I,W,R,E,L,F,S,P,L,H,A,L,N,F,G,I,G,G,D,G,T,Q,H,V,L,W,R,L,E,N,G,E,L,E,H,I,R,P,K,I,V,V,V,W,V,G,T,N,N,H,G,H,T,A,E,Q,V,A,G,G,I,Q,A,I,V,Q,L,V,N,E,R,Q,P,Q,A,R,V,V,V,L,G,L,L,P,R,G,Q,H,P,N,P,L,R,E,K,N,R,R,V,N,E,L,V,R,E,A,L,A,G,H,P,R,A,H,F,L,D,A,D,P,G,F,V,H,S,D,G,T,V,S,H,H,D,M,Y,D,Y,L,H,L,S,R,L,G,Y,T,P,V,C,R,A,L,H,S,L,L,L,R,L,L,A,Q,D,Q,G,Q,G,V,P,L,P,E,P,T,P
Miniopterus_natalensis,M,S,G,E,E,N,P,A,S,K,P,T,P,V,Q,D,V,Q,G,D,G,R,W,M,S,L,H,H,R,F,V,A,D,S,K,D,K,E,P,E,V,V,F,I,G,D,S,L,V,Q,L,M,H,Q,C,I,W,R,E,L,F,S,P,L,H,A,L,N,F,G,I,G,G,D,G,T,Q,H,V,L,W,R,L,E,N,G,E,L,E,H,I,R,P,K,I,V,V,V,W,V,G,T,N,N,H,G,H,T,A,E,Q,V,A,G,G,I,K,A,I,V,Q,L,V,N,Q,R,Q,P,Q,A,R,V,V,V,L,G,L,L,P,R,G,Q,H,P,N,P,L,R,E,K,N,R,Q,V,N,E,L,V,R,A,A,L,A,G,H,P,R,A,H,F,L,D,A,D,P,G,F,V,H,S,D,G,T,I,S,H,H,D,M,Y,D,Y,L,H,L,S,R,L,G,Y,T,P,V,C,R,T,L,H,S,L,L,L,R,L,L,A,Q,D,Q,G,Q,G,V,P,L,P,E,P,T,L
Molossus_molossus,M,S,G,E,E,N,P,A,S,K,P,T,P,V,Q,D,V,Q,G,D,G,R,W,M,S,L,H,H,R,F,V,A,D,S,K,D,K,E,P,E,V,V,F,I,G,D,S,L,V,Q,L,M,H,Q,C,I,W,R,E,L,F,S,P,L,H,A,L,N,F,G,I,G,G,D,G,T,Q,H,V,L,W,R,L,E,N,G,E,L,E,H,I,R,P,K,I,V,V,V,W,V,G,T,N,N,H,G,H,T,A,E,Q,V,V,G,G,I,K,A,I,V,Q,L,V,N,Q,R,Q,P,Q,A,R,V,V,V,L,G,L,L,P,R,G,Q,H,P,N,P,L,R,E,K,N,R,Q,V,N,E,L,V,R,A,A,L,A,G,H,P,R,A,H,F,L,D,A,D,P,G,F,V,H,S,D,G,T,I,S,H,H,D,M,Y,D,Y,L,H,L,S,R,L,G,Y,T,P,V,C,R,A,L,H,S,L,L,L,R,L,L,A,Q,D,Q,G,Q,S,V,P,P,P,E,P,T,L
Myotis_brandtii,M,S,G,E,Q,N,P,A,S,K,P,T,P,V,Q,D,I,Q,G,D,G,R,W,M,S,L,H,H,R,F,V,A,D,S,K,D,K,E,P,E,V,V,F,I,G,D,S,L,V,Q,L,M,H,Q,C,I,W,R,E,L,F,S,P,L,H,A,L,N,F,G,I,G,G,D,G,T,Q,H,V,L,W,R,L,E,N,G,E,L,E,H,I,R,P,K,I,V,V,V,W,V,G,T,N,N,H,G,H,T,A,E,Q,V,A,G,G,I,K,A,I,V,Q,L,V,N,Q,R,Q,P,Q,A,R,V,V,V,L,G,L,L,P,R,G,Q,H,P,N,P,L,R,E,K,N,R,R,V,N,E,L,V,R,A,A,L,A,G,Y,P,R,A,H,F,L,D,A,D,P,G,F,V,H,S,D,G,T,I,S,H,H,D,M,Y,D,Y,L,H,L,S,R,L,G,Y,T,P,V,C,R,A,L,H,S,L,L,L,R,L,L,A,Q,D,Q,G,Q,G,V,P,L,P,E,P,T,L
Myotis_davidii,M,S,G,E,Q,N,P,A,S,K,P,T,P,V,Q,D,I,Q,G,D,G,R,W,M,S,L,H,H,R,F,V,A,D,S,K,D,K,E,P,E,V,V,F,I,G,D,S,L,V,Q,L,M,H,Q,C,I,W,R,E,L,F,S,P,L,H,A,L,N,F,G,I,G,G,D,G,T,Q,H,V,L,W,R,L,E,N,G,E,L,E,H,I,R,P,K,I,V,V,V,W,V,G,T,N,N,H,G,H,T,A,E,Q,V,A,G,G,I,K,A,I,V,Q,L,V,N,Q,R,Q,P,Q,A,R,V,V,V,L,G,L,L,P,R,G,Q,H,P,N,P,L,R,E,K,N,R,R,V,N,E,L,V,R,A,A,L,A,G,Y,P,R,A,H,F,L,D,A,D,P,G,F,V,H,S,D,G,T,I,S,H,H,D,M,Y,D,Y,L,H,L,S,R,L,G,Y,T,P,V,C,R,A,L,H,S,L,L,L,R,L,L,A,Q,D,Q,G,Q,G,V,P,L,P,E,P,T,L
Myotis_lucifugus,M,S,G,E,Q,N,P,A,S,K,P,T,P,V,Q,D,I,Q,G,D,G,R,W,M,S,L,H,H,R,F,V,A,D,S,K,D,K,E,P,E,V,V,F,I,G,D,S,L,V,Q,L,M,H,Q,C,-,-,-,-,-,-,-,-,-,-,-,-,-,-,-,-,-,-,-,-,-,-,-,-,-,-,-,-,-,-,-,-,-,-,-,-,-,-,-,I,V,V,V,W,V,G,T,N,N,H,G,H,T,A,E,Q,V,A,G,G,I,K,A,I,V,Q,L,V,N,Q,R,Q,P,Q,A,R,V,V,V,L,G,L,L,P,R,G,Q,H,P,N,P,L,R,E,K,N,R,R,V,N,E,L,V,R,A,A,L,A,G,Y,P,R,A,H,F,L,D,A,D,P,G,F,V,H,S,D,G,T,I,S,H,H,D,M,Y,D,Y,L,H,L,S,R,L,G,Y,T,P,V,C,R,A,L,H,S,L,L,L,R,L,L,A,Q,D,Q,G,Q,G,G,P,L,P,E,P,T,L
Myotis_myotis,M,S,G,E,Q,N,P,A,S,K,P,T,P,V,Q,D,I,Q,G,D,G,R,W,M,S,L,H,H,R,F,V,A,D,S,K,D,K,E,P,E,V,V,F,I,G,D,S,L,V,Q,L,M,H,Q,C,I,W,R,E,L,F,S,P,L,H,A,L,N,F,G,I,G,G,D,G,T,Q,H,V,L,W,R,L,E,N,G,E,L,E,H,I,R,P,K,I,V,V,V,W,V,G,T,N,N,H,G,H,T,A,E,Q,V,A,G,G,I,K,A,I,V,Q,L,V,N,Q,R,Q,P,Q,A,R,V,V,V,L,G,L,L,P,R,G,Q,H,P,N,P,L,R,E,K,N,R,R,V,N,E,L,V,R,A,A,L,A,G,Y,P,R,A,H,F,L,D,A,D,P,G,F,V,H,S,D,G,T,I,S,H,H,D,M,Y,D,Y,L,H,L,S,R,L,G,Y,T,P,V,C,R,A,L,H,S,L,L,L,R,L,L,A,Q,D,Q,G,Q,G,V,P,L,P,E,P,T,L
Phyllostomus_discolor,M,S,G,-,E,N,P,A,S,K,P,T,P,V,Q,D,V,Q,G,D,G,R,W,M,S,L,H,H,R,F,V,A,D,S,K,D,K,E,P,E,V,V,F,I,G,D,S,L,V,Q,L,M,H,Q,C,I,W,R,E,L,F,S,P,L,H,A,L,N,F,G,I,G,G,D,G,T,Q,H,V,L,W,R,L,E,N,G,E,L,E,H,I,R,P,K,I,V,V,V,W,V,G,T,N,N,H,G,H,T,A,E,Q,V,A,G,G,I,K,A,I,V,Q,L,V,N,Q,R,Q,P,Q,A,R,V,V,V,L,G,L,L,P,R,G,Q,H,P,N,P,L,R,E,K,N,Q,Q,V,N,E,L,V,R,A,T,L,A,G,H,P,R,A,H,F,L,D,A,D,P,G,F,V,H,S,D,G,T,I,S,H,H,D,M,Y,D,Y,L,H,L,S,R,L,G,Y,T,P,V,C,R,T,L,H,S,L,L,L,R,L,L,A,Q,D,Q,G,Q,G,V,S,L,P,E,P,T,L
Phyllostomus_hastatus,M,S,G,-,E,N,P,A,S,K,P,T,P,V,Q,D,V,Q,G,D,G,R,W,M,S,L,H,H,R,F,V,A,D,S,K,D,K,E,P,E,V,V,F,I,G,D,S,L,V,Q,L,M,H,Q,C,I,W,R,E,L,F,S,P,L,H,A,L,N,F,G,I,G,G,D,G,T,Q,H,V,L,W,R,L,E,N,G,E,L,E,H,I,R,P,K,I,V,V,V,W,V,G,T,N,N,H,G,H,T,A,E,Q,V,A,G,G,I,K,A,I,V,Q,L,V,N,Q,R,Q,P,Q,A,R,V,V,V,L,G,L,L,P,R,G,Q,H,P,N,P,L,R,E,K,N,Q,Q,V,N,E,L,V,R,A,T,L,A,G,H,P,R,A,H,F,L,D,A,D,P,G,F,V,H,S,D,G,T,I,S,H,H,D,M,Y,D,Y,L,H,L,S,R,L,G,Y,T,P,V,C,R,T,L,H,S,L,L,L,R,L,L,A,Q,D,Q,G,Q,G,V,P,L,P,E,P,T,L
Pipistrellus_kuhlii,M,N,G,D,E,N,P,A,S,N,P,T,P,V,Q,D,I,Q,G,D,G,R,W,M,S,L,H,H,R,F,V,A,D,S,K,D,K,E,P,E,V,V,F,I,G,D,S,L,V,Q,L,M,H,Q,C,I,W,R,E,L,F,S,P,L,H,A,L,N,F,G,I,G,G,D,G,T,Q,H,V,L,W,R,L,E,N,G,E,L,E,H,I,R,P,K,I,V,V,V,W,V,G,T,N,N,H,G,H,T,A,E,Q,V,A,G,G,I,K,A,I,V,Q,L,V,N,Q,R,Q,P,Q,A,R,V,V,V,L,G,L,L,P,R,G,Q,H,P,N,P,L,R,E,K,N,R,Q,V,N,E,L,V,R,A,A,L,A,G,C,P,R,A,H,F,L,D,A,D,P,G,F,V,H,S,D,G,T,I,S,H,H,D,M,Y,D,Y,L,H,L,S,R,L,G,Y,T,P,V,C,R,A,L,H,S,L,L,L,R,L,L,A,Q,D,Q,G,Q,G,V,P,L,P,E,P,T,L
Rhinolophus_ferrumequinum,M,S,E,E,G,N,P,A,S,K,P,T,P,V,Q,D,V,Q,G,D,G,R,W,M,S,L,H,H,R,F,V,A,D,N,K,D,K,E,P,E,V,V,F,I,G,D,S,L,V,Q,L,M,H,H,C,I,W,R,E,L,F,S,P,L,H,A,L,N,F,G,I,G,G,D,G,T,Q,H,V,L,W,R,L,E,N,G,E,L,E,H,I,R,P,K,I,V,V,V,W,V,G,T,N,N,H,G,H,T,A,E,Q,V,A,G,G,I,Q,A,I,V,Q,L,V,N,E,R,Q,P,Q,A,R,V,V,V,L,G,L,L,P,R,G,Q,H,P,N,P,L,R,E,K,N,R,R,V,N,E,L,V,R,E,A,L,A,G,H,P,R,A,H,F,L,D,A,D,P,G,F,V,H,S,D,G,T,I,S,H,H,D,M,Y,D,Y,L,H,L,S,R,L,G,Y,T,P,V,C,R,A,L,H,S,L,L,L,R,L,L,A,Q,D,Q,G,Q,G,V,P,L,P,E,P,T,P
Sorex_araneus,M,S,G,D,E,N,P,A,S,K,P,T,P,V,Q,D,V,Q,G,D,G,R,W,M,S,L,H,H,R,F,V,A,D,S,K,D,K,E,P,E,V,V,F,I,G,D,S,L,V,Q,L,M,H,Q,C,I,W,R,E,L,F,S,P,L,H,A,L,N,F,G,I,G,G,D,S,T,Q,H,V,L,W,R,L,E,N,G,E,L,E,H,I,R,P,K,I,V,V,V,W,V,G,T,N,N,H,G,H,T,A,E,Q,V,T,G,G,I,K,A,I,V,H,L,V,N,Q,R,Q,P,Q,A,R,V,V,V,L,G,L,L,P,R,G,Q,H,P,N,P,L,R,E,K,N,Q,R,V,N,E,L,V,R,A,A,L,S,G,Y,P,R,A,H,F,L,D,A,D,P,G,F,V,H,S,D,G,T,I,S,H,H,D,M,Y,D,Y,L,H,L,S,R,L,G,Y,T,P,V,C,R,T,L,H,S,L,L,L,R,L,L,A,Q,D,Q,-,-,-,-,-,-,-,-,-,-,-
Sturnira_hondurensis,M,S,G,-,E,N,P,A,S,E,P,T,P,V,Q,D,V,Q,G,D,G,R,W,M,S,L,H,H,R,F,V,A,D,S,K,D,K,E,P,E,V,V,F,I,G,D,S,L,V,Q,L,M,H,Q,C,I,W,R,E,L,F,S,P,L,H,A,L,N,F,G,I,G,G,D,G,T,Q,H,V,L,W,R,L,E,N,G,E,L,E,H,I,R,P,K,I,V,V,V,W,V,G,T,N,N,H,G,H,T,A,E,Q,V,A,G,G,I,K,A,I,V,Q,L,V,N,Q,R,Q,P,Q,A,R,V,V,V,L,G,L,L,P,R,G,Q,H,P,N,P,L,R,E,K,N,Q,E,V,N,E,L,V,R,A,A,L,A,G,H,P,R,A,H,F,L,D,A,D,P,G,F,V,H,S,D,G,T,I,S,H,H,D,M,Y,D,Y,L,H,L,S,R,L,G,Y,T,P,V,C,R,T,L,H,S,L,L,L,R,L,L,A,Q,D,Q,G,Q,G,V,P,L,P,E,P,T,L
Pteropus_alecto,M,S,G,-,E,N,P,A,S,K,P,T,P,V,Q,D,V,Q,G,D,G,R,W,M,S,L,H,H,R,F,V,A,D,S,K,D,K,E,P,E,V,V,F,I,G,D,S,L,V,Q,L,M,H,Q,C,I,W,R,E,L,F,S,P,L,H,A,L,N,F,G,I,G,S,D,G,T,Q,H,V,L,W,R,L,E,N,G,E,L,E,H,I,R,P,K,I,V,V,V,W,V,G,T,N,N,H,G,H,T,A,E,Q,V,A,G,G,I,K,A,I,V,Q,L,V,N,Q,R,Q,P,Q,A,R,V,V,V,L,G,L,L,P,R,G,Q,H,P,N,P,L,R,E,K,N,R,R,V,N,E,L,V,R,A,A,L,A,G,H,P,R,A,H,F,L,D,A,D,P,G,F,V,H,S,D,G,T,I,S,H,H,D,M,Y,D,Y,L,H,L,S,R,L,G,Y,T,P,V,C,R,V,L,H,S,L,L,L,R,L,L,A,Q,D,Q,G,Q,S,V,P,L,P,E,P,S,P
Pteropus_giganteus,M,S,G,-,E,N,P,A,S,K,P,T,P,V,Q,D,V,Q,G,D,G,R,W,M,S,L,H,H,R,F,V,A,D,S,K,D,K,E,P,E,V,V,F,I,G,D,S,L,V,Q,L,M,H,Q,C,I,W,R,E,L,F,S,P,L,H,A,L,N,F,G,I,G,S,D,G,T,Q,H,V,L,W,R,L,E,N,G,E,L,E,H,I,R,P,K,I,V,V,V,W,V,G,T,N,N,H,G,H,T,A,E,Q,V,A,G,G,I,K,A,I,V,Q,L,V,N,Q,R,Q,P,Q,A,R,V,V,V,L,G,L,L,P,R,G,Q,H,P,N,P,L,R,E,K,N,R,R,V,N,E,L,V,R,A,A,L,A,G,H,P,R,A,H,F,L,D,A,D,P,G,F,V,H,S,D,G,T,I,S,H,H,D,M,Y,D,Y,L,H,L,S,R,L,G,Y,T,P,V,C,R,V,L,H,S,L,L,L,R,L,L,A,Q,D,Q,G,Q,S,V,P,L,P,E,P,S,P
Pteropus_vampyrus,M,S,G,-,E,N,P,A,S,K,P,T,P,V,Q,D,V,Q,G,D,G,R,W,M,S,L,H,H,R,F,V,A,D,S,K,D,K,E,P,E,V,V,F,I,G,D,S,L,V,Q,L,M,H,Q,C,I,W,R,E,L,F,S,P,L,H,A,L,N,F,G,I,G,S,D,G,T,Q,H,V,L,W,R,L,E,N,G,E,L,E,H,I,R,P,K,I,V,V,V,W,V,G,T,N,N,H,G,H,T,A,E,Q,V,A,G,G,I,K,A,I,V,Q,L,V,N,Q,R,Q,P,Q,A,R,V,V,V,L,G,L,L,P,R,G,Q,H,P,N,P,L,R,E,K,N,R,R,V,N,E,L,V,R,A,A,L,A,G,H,P,R,A,H,F,L,D,A,D,P,G,F,V,H,S,D,G,T,I,S,H,H,D,M,Y,D,Y,L,H,L,S,R,L,G,Y,T,P,V,C,R,V,L,H,S,L,L,L,R,L,L,A,Q,D,Q,G,Q,S,V,P,L,P,E,P,S,P
Rousettus_aegyptiacus,M,S,G,-,E,N,P,A,S,K,P,T,P,V,Q,D,V,Q,G,D,G,R,W,M,S,L,H,H,R,F,V,A,D,S,K,D,K,E,P,E,V,V,F,I,G,D,S,L,V,Q,L,M,H,Q,C,I,W,R,E,L,F,S,P,L,H,A,L,N,F,G,I,G,S,D,G,T,Q,H,V,L,W,R,L,E,N,G,E,L,E,H,I,R,P,K,I,V,V,V,W,V,G,T,N,N,H,G,H,T,A,E,Q,V,A,G,G,I,K,A,I,V,Q,L,V,N,Q,R,Q,P,Q,A,R,V,V,V,L,G,L,L,P,R,G,Q,H,P,N,P,L,R,E,K,N,R,R,V,N,E,L,V,R,A,A,L,A,G,H,P,R,A,H,F,L,D,A,D,P,G,F,V,H,S,D,G,T,I,S,H,H,D,M,Y,D,Y,L,H,L,S,R,L,G,Y,T,P,V,C,R,A,L,H,S,L,L,L,R,L,L,A,Q,D,Q,G,Q,S,V,P,L,P,E,P,S,P
Ailuropoda_melanoleuca,M,S,G,E,E,N,P,A,S,K,P,T,P,V,Q,D,V,Q,G,D,G,R,W,M,S,L,H,H,R,F,V,A,D,S,K,D,K,E,P,E,V,V,F,I,G,D,S,L,V,Q,L,M,H,Q,C,I,W,R,E,L,F,S,P,L,H,A,L,N,F,G,I,G,S,D,S,T,Q,H,V,L,W,R,L,E,N,G,E,L,E,H,I,R,P,K,I,V,V,V,W,V,G,T,N,N,H,G,H,T,A,E,Q,V,T,G,G,I,K,A,I,V,E,L,V,N,Q,R,Q,P,Q,A,R,V,V,V,L,G,L,L,P,R,G,Q,H,P,N,P,L,R,E,K,N,R,R,V,N,K,L,V,R,A,A,L,A,G,H,P,R,A,H,F,L,D,A,D,P,G,F,V,H,S,D,G,T,I,S,H,H,D,M,Y,D,Y,L,H,L,S,R,L,G,Y,T,P,V,C,R,A,L,H,S,L,L,L,R,L,L,A,Q,D,Q,G,Q,G,V,P,L,P,E,A,A,P
Antechinus_flavipes,-,-,-,-,-,-,-,-,-,-,-,-,-,-,-,-,-,-,-,-,G,R,W,M,S,L,H,H,R,F,V,A,D,S,K,D,K,E,P,E,V,V,F,I,G,D,S,L,V,Q,L,L,H,Q,C,-,W,R,E,L,F,S,P,L,H,A,L,N,F,G,I,G,G,D,S,T,Q,H,V,L,W,R,L,E,N,G,E,L,E,H,I,R,P,K,I,V,V,V,W,V,G,T,N,N,H,G,H,T,A,E,Q,V,A,A,G,I,E,A,I,V,G,L,V,N,Q,R,Q,P,Q,A,R,V,V,V,L,A,L,L,P,R,G,Q,H,P,N,P,L,R,D,K,N,R,R,V,N,E,L,V,R,A,A,L,A,G,R,P,R,A,H,F,L,D,A,D,P,G,F,V,H,S,D,G,T,I,S,H,H,D,M,Y,D,Y,L,H,L,T,R,L,G,Y,T,P,V,C,R,A,L,H,A,L,L,L,R,L,L,A,A,G,Q,G,-,-,P,P,Q,P,E,P,G,P
Aotus_nancymaae,M,S,G,E,E,N,P,A,S,K,P,T,P,V,Q,D,V,Q,G,D,G,R,W,M,S,L,H,H,R,F,V,A,D,S,K,D,K,E,P,E,V,V,F,I,G,D,S,L,V,Q,L,M,H,Q,C,I,W,R,E,L,F,S,P,L,H,A,L,N,F,G,I,G,G,D,S,T,Q,H,V,L,W,R,L,E,N,G,E,L,E,H,I,R,P,K,I,V,V,V,W,V,G,T,N,N,H,G,H,T,A,E,Q,V,T,G,G,I,K,A,I,V,Q,L,V,N,E,R,Q,P,Q,A,R,V,V,V,L,G,L,L,P,R,G,Q,H,P,N,P,L,R,E,K,N,R,Q,V,N,E,L,V,R,A,A,L,A,G,H,P,R,A,H,F,L,D,A,D,P,G,F,V,H,S,D,G,T,I,S,H,H,D,M,Y,D,Y,L,H,L,S,R,L,G,Y,T,P,V,C,R,T,L,H,S,L,L,L,R,L,L,A,Q,D,Q,G,Q,G,A,P,L,P,E,P,A,P
Apodemus_sylvaticus,M,S,G,E,E,N,P,A,S,K,P,T,P,V,Q,D,V,Q,G,D,G,R,W,M,S,L,H,H,R,F,V,A,D,S,K,D,K,E,P,E,V,V,F,I,G,D,S,L,V,Q,L,M,H,Q,C,I,W,R,E,L,F,S,P,L,H,A,L,N,F,G,I,G,G,D,S,T,Q,H,V,L,W,R,L,E,N,G,E,L,E,H,I,R,P,K,I,V,V,V,W,V,G,T,N,N,H,G,H,T,A,E,Q,V,T,G,G,I,K,A,I,V,Q,L,V,N,K,L,Q,P,Q,A,R,V,V,V,L,G,L,L,P,R,G,Q,H,P,N,P,L,R,E,K,N,Q,R,V,N,E,L,V,R,A,A,L,A,G,C,P,R,A,H,F,L,D,A,D,P,G,F,V,H,S,D,G,T,I,S,H,H,D,M,Y,D,Y,L,H,L,S,R,L,G,Y,T,P,V,C,R,A,L,H,S,L,L,L,R,L,L,A,Q,D,Q,G,Q,G,T,P,L,P,E,T,A,P
Arvicola_amphibius,M,S,G,D,K,N,P,A,S,K,P,T,P,V,Q,D,V,Q,G,D,G,R,W,M,S,L,H,Q,R,F,V,A,D,S,K,D,K,E,A,E,V,V,F,I,G,D,S,L,V,Q,L,M,H,Q,C,I,W,R,E,L,F,S,P,L,H,A,L,N,F,G,I,G,G,D,S,T,Q,H,V,L,W,R,L,E,N,G,E,L,E,H,I,R,P,K,I,V,V,V,W,V,G,T,N,N,H,S,H,T,A,E,Q,V,T,G,G,I,K,A,I,V,Q,L,V,N,K,L,Q,P,Q,A,R,V,V,V,L,G,L,L,P,R,G,Q,H,P,N,P,L,R,E,K,N,R,Q,V,N,E,L,V,R,A,A,L,A,G,H,P,R,A,H,F,L,D,A,D,P,G,F,V,H,S,D,G,T,I,S,H,H,D,M,Y,D,Y,L,H,L,S,R,L,G,Y,T,P,V,C,R,A,L,H,S,L,L,L,R,L,L,A,Q,D,Q,G,Q,G,I,P,L,P,E,T,T,P
Callorhinus_ursinus,M,S,G,E,E,N,P,A,S,K,P,T,P,V,Q,D,V,Q,G,D,G,R,W,M,S,L,H,H,R,F,V,A,D,S,K,D,K,E,P,E,V,V,F,I,G,D,S,L,V,Q,L,M,H,Q,C,I,W,R,E,L,F,S,P,L,H,A,L,N,F,G,I,G,N,D,S,T,Q,H,V,L,W,R,L,E,N,G,E,L,E,H,I,R,P,K,I,V,V,V,W,V,G,T,N,N,H,G,H,T,A,E,Q,V,T,G,G,I,K,A,I,V,Q,L,V,N,Q,R,Q,P,Q,A,R,V,V,V,L,G,L,L,P,R,G,Q,H,P,N,P,L,R,E,K,N,R,R,V,N,E,L,V,R,A,A,L,A,G,H,P,R,A,H,F,L,D,A,D,P,G,F,V,H,S,D,G,T,I,S,H,H,D,M,Y,D,Y,L,H,L,S,R,L,G,Y,T,P,V,C,R,A,L,H,S,L,L,L,R,L,L,A,Q,D,Q,G,Q,G,V,P,L,P,E,A,A,P
Canis_lupus_dingo,M,S,G,E,E,N,P,A,S,K,P,T,P,V,Q,D,V,Q,G,D,G,R,W,M,S,L,H,H,R,F,V,A,D,S,K,D,K,E,P,E,V,V,F,I,G,D,S,L,V,Q,L,M,H,Q,C,I,W,R,E,L,F,S,P,L,H,A,L,N,F,G,I,G,S,D,S,T,Q,H,V,L,W,R,L,E,N,G,E,L,E,H,I,R,P,K,I,V,V,V,W,V,G,T,N,N,H,G,H,T,A,E,Q,V,T,G,G,I,K,A,I,V,Q,L,V,N,Q,R,Q,P,Q,A,R,V,V,V,L,G,L,L,P,R,G,Q,H,P,N,P,L,R,E,K,N,R,R,V,N,E,L,V,R,A,A,L,A,G,H,P,R,A,H,F,L,D,A,D,P,G,F,V,H,S,D,G,T,I,S,H,H,D,M,Y,D,Y,L,H,L,S,R,L,G,Y,T,P,V,C,R,A,L,H,S,L,L,L,R,L,L,A,Q,D,Q,G,Q,G,I,P,L,P,E,A,T,P
Carlito_syrichta,M,-,S,E,G,N,P,A,S,R,P,T,P,V,Q,D,V,Q,G,D,G,R,W,M,S,L,H,H,R,F,V,A,D,S,K,D,K,E,P,E,V,V,F,I,G,D,S,L,V,Q,L,M,H,Q,C,I,W,R,E,L,F,S,P,L,H,A,L,N,F,G,I,G,G,D,S,T,Q,H,V,L,W,R,L,E,N,G,E,L,E,H,I,R,P,K,I,V,V,V,W,V,G,T,N,N,H,G,H,T,A,E,Q,V,T,G,G,I,K,A,I,V,Q,L,V,N,Q,R,Q,P,Q,A,R,V,V,V,L,G,L,L,P,R,G,Q,H,P,N,P,L,R,E,K,N,R,R,V,N,E,L,V,R,A,A,L,A,S,H,P,R,A,H,F,L,D,A,D,P,G,F,V,H,S,D,G,T,I,S,H,H,D,M,Y,D,Y,L,H,L,S,R,L,G,Y,T,P,V,C,R,A,L,H,S,L,L,L,R,L,L,A,Q,D,Q,G,Q,G,V,-,L,P,E,P,T,P
Castor_canadensis,M,S,G,E,E,N,P,A,S,K,P,T,P,V,Q,D,V,H,G,D,G,R,W,M,S,L,H,H,R,F,V,A,D,S,K,D,K,E,P,E,V,V,F,I,G,D,S,L,V,Q,L,M,H,Q,C,I,W,R,E,L,F,S,P,L,H,A,L,N,F,G,I,G,G,D,S,T,Q,H,V,L,W,R,L,E,N,G,E,L,E,H,I,R,P,K,I,V,V,V,W,V,G,T,N,N,H,G,H,T,A,E,Q,V,T,G,G,I,K,A,I,V,Q,L,V,N,Q,R,Q,P,Q,A,R,V,V,V,L,G,L,L,P,R,G,Q,H,P,N,P,L,R,E,K,N,Q,Q,V,N,E,L,V,R,A,A,L,A,G,H,P,R,A,H,F,L,D,A,D,P,G,F,V,H,S,D,G,T,I,S,H,H,D,M,Y,D,Y,L,H,L,S,R,L,G,Y,T,P,V,C,R,A,L,H,S,L,L,L,R,L,L,A,Q,D,Q,G,Q,V,V,P,L,L,E,P,T,P
Cavia_porcellus,M,S,E,K,E,N,P,A,S,K,P,T,P,V,Q,D,Q,Q,G,D,G,R,W,M,S,L,H,H,R,F,V,A,D,S,K,D,K,E,P,E,V,V,F,I,G,D,S,L,V,Q,L,M,H,Q,C,I,W,R,E,L,F,S,P,L,H,A,L,N,F,G,I,G,G,D,S,T,Q,H,V,L,W,R,L,E,N,G,E,L,E,H,I,R,P,K,I,V,V,V,W,V,G,T,N,N,H,D,H,T,P,E,Q,V,T,G,G,I,K,A,I,V,Q,L,V,N,Q,R,Q,P,Q,A,R,V,V,V,L,G,L,L,P,R,G,Q,H,P,N,P,L,R,E,K,N,R,K,V,N,E,L,V,R,A,A,L,A,G,H,P,R,A,H,F,L,D,A,D,P,G,F,V,H,S,D,G,T,I,S,H,H,D,M,Y,D,Y,L,H,L,S,R,L,G,Y,T,P,V,C,R,A,L,H,S,L,L,L,S,L,L,A,Q,D,Q,G,Q,N,A,P,L,P,E,S,T,S
Cervus_elaphus_hippelaphus,-,-,-,-,-,-,-,-,-,-,-,-,-,-,-,-,-,-,-,-,-,-,-,-,-,-,-,-,-,-,-,-,-,-,-,-,-,-,-,-,-,-,-,-,-,-,-,-,-,-,-,-,-,-,-,-,-,-,-,-,-,-,-,-,-,-,-,-,-,-,-,-,-,-,-,-,-,-,-,-,-,-,-,-,-,-,-,-,-,-,-,-,-,-,-,-,-,-,-,-,-,-,-,-,-,-,-,-,-,-,-,-,-,-,-,-,-,-,-,-,-,-,-,-,-,-,-,-,-,-,-,-,-,-,-,-,-,-,-,-,-,-,-,-,-,-,-,-,-,-,-,-,-,-,-,-,-,-,-,-,-,-,-,-,-,-,-,-,-,-,-,-,-,-,-,-,-,-,-,-,-,-,-,-,-,-,-,-,-,-,-,-,-,-,-,-,-,-,-,-,-,-,-,-,-,-,-,-,-,-,-,-,-,-,-,-,-,-,-,-,-,-,-,-,-,-,-,-,-,-
Chinchilla_lanigera,M,-,S,E,E,N,P,A,S,K,P,T,P,V,Q,D,V,Q,G,D,G,R,W,M,S,L,H,H,R,F,V,A,D,S,K,D,K,E,P,E,V,V,F,I,G,D,S,L,V,Q,L,M,H,Q,C,I,W,R,E,L,F,S,P,L,H,A,L,N,F,G,I,G,G,D,S,T,Q,H,V,L,W,R,L,E,N,G,E,L,E,H,I,R,P,K,I,V,V,V,W,V,G,T,N,N,H,G,H,T,A,E,Q,V,T,G,G,I,K,A,I,V,Q,L,V,N,Q,R,Q,P,Q,A,R,V,V,V,L,G,L,L,P,R,G,Q,H,P,N,P,L,R,E,K,N,Q,Q,V,N,E,L,V,R,A,A,L,A,G,H,P,R,A,H,F,L,D,A,D,P,G,F,V,H,S,D,G,T,I,S,H,H,D,M,Y,D,Y,L,H,L,S,R,L,G,Y,T,P,V,C,R,A,L,H,S,L,L,L,R,L,L,A,Q,D,Q,G,Q,S,V,P,L,P,E,P,T,P
Choloepus_didactylus,M,N,G,E,G,N,P,A,S,K,P,T,P,V,Q,D,V,Q,G,D,G,R,W,M,S,L,H,H,R,F,V,A,D,S,K,D,K,E,P,E,V,V,F,I,G,D,S,L,V,Q,L,M,H,Q,C,I,W,R,E,L,F,S,P,L,H,A,L,N,F,G,I,G,G,D,S,T,Q,H,V,L,W,R,L,E,N,G,E,L,E,H,I,R,P,K,I,V,V,V,W,V,G,T,N,N,H,G,H,T,A,E,Q,V,A,G,G,I,K,A,I,V,Q,L,V,N,Q,R,Q,P,Q,A,R,V,V,V,L,G,L,L,P,R,G,Q,H,P,N,P,L,R,E,K,N,R,Q,V,N,E,L,V,R,V,A,L,A,G,H,P,R,A,H,F,L,D,A,D,P,G,F,V,H,S,D,G,T,I,S,H,H,D,M,Y,D,Y,L,H,L,S,R,L,G,Y,T,P,V,C,R,A,L,Y,S,L,L,L,R,L,L,A,Q,D,Q,G,Q,G,I,P,L,Q,E,P,T,P
Cricetulus_griseus,M,S,G,E,E,N,P,A,S,K,P,T,P,V,Q,D,A,Q,G,D,G,R,W,M,S,L,H,H,R,F,V,A,D,S,K,D,K,E,P,E,V,V,F,I,G,D,S,L,V,Q,L,M,H,Q,C,I,W,R,E,L,F,S,P,L,H,A,L,N,F,G,I,G,G,D,S,T,Q,H,V,L,W,R,L,E,N,G,E,L,E,H,I,R,P,K,I,V,V,V,W,V,G,T,N,N,H,S,H,T,A,E,Q,V,T,G,G,I,K,A,I,V,Q,L,V,N,K,L,Q,P,Q,A,R,V,V,V,L,G,L,L,P,R,G,Q,H,P,N,P,L,R,E,K,N,R,Q,V,N,E,L,V,R,A,A,L,A,G,H,P,R,A,H,F,L,D,A,D,P,G,F,V,H,S,D,G,T,I,S,H,H,D,M,Y,D,Y,L,H,L,S,R,L,G,Y,T,P,V,C,R,A,L,H,S,L,L,L,R,L,L,A,Q,D,Q,G,Q,G,T,P,L,S,E,T,T,P
Dasypus_novemcinctus,M,R,G,E,E,N,P,A,S,K,P,T,P,V,Q,D,V,Q,G,D,G,R,W,M,S,L,H,H,R,F,V,A,D,S,K,D,K,E,P,E,V,V,F,I,G,D,S,L,V,Q,L,M,H,Q,C,I,W,R,E,L,F,S,P,L,H,A,L,N,F,G,I,G,G,D,S,T,Q,H,V,L,W,R,L,E,N,G,E,L,E,H,I,R,P,K,I,V,V,V,W,V,G,T,N,N,H,G,H,T,A,E,Q,V,T,G,G,I,E,A,I,V,Q,L,V,N,Q,R,Q,P,Q,A,R,V,V,V,L,G,L,L,P,R,G,Q,H,P,N,P,L,R,E,K,N,Q,Q,V,N,K,L,V,R,V,A,L,A,G,H,P,R,A,H,F,L,D,A,D,P,G,F,V,H,S,D,G,T,I,S,H,H,D,M,Y,D,Y,L,H,L,S,R,L,G,Y,T,P,V,C,R,A,L,H,S,L,L,L,R,L,L,A,Q,D,Q,G,Q,G,P,P,L,P,E,P,T,S
Dipodomys_ordii,M,S,G,E,E,N,P,A,S,K,P,T,P,V,Q,D,V,Q,G,D,G,R,W,M,S,L,H,H,R,F,V,A,D,S,K,D,K,E,P,E,V,V,F,I,G,D,S,L,V,Q,L,M,H,Q,C,I,W,R,E,L,F,S,P,L,H,A,L,N,F,G,I,G,G,D,S,T,Q,H,V,L,W,R,L,E,N,G,E,L,E,H,I,R,P,K,I,V,V,V,W,V,G,T,N,N,H,G,H,T,A,E,Q,V,T,G,G,I,K,A,I,V,Q,L,V,N,Q,R,Q,P,Q,A,R,V,V,V,L,G,L,L,P,R,G,Q,H,P,N,P,L,R,E,K,N,R,Q,V,N,E,L,V,R,A,A,L,A,G,H,P,R,A,H,F,L,D,A,D,P,G,F,V,H,S,D,G,T,I,S,H,H,D,M,Y,D,Y,L,H,L,S,R,L,G,Y,T,P,V,C,R,A,L,H,S,L,L,L,R,L,L,A,Q,D,Q,G,Q,G,V,P,L,P,E,P,T,P
Dipodomys_spectabilis,M,S,G,E,E,N,P,A,S,K,P,T,P,V,Q,D,V,Q,G,D,G,R,W,M,S,L,H,H,R,F,V,A,D,S,K,D,K,E,P,E,V,V,F,I,G,D,S,L,V,Q,L,M,H,Q,C,I,W,R,E,L,F,S,P,L,H,A,L,N,F,G,I,G,G,D,S,T,Q,H,V,L,W,R,L,E,N,G,E,L,E,H,I,R,P,K,I,V,V,V,W,V,G,T,N,N,H,G,H,T,A,E,Q,V,T,G,G,I,K,A,I,V,Q,L,V,N,Q,R,Q,P,Q,A,R,V,V,V,L,G,L,L,P,R,G,Q,H,P,N,P,L,R,E,K,N,R,Q,V,N,E,L,V,R,A,A,L,A,G,H,P,R,A,H,F,L,D,A,D,P,G,F,V,H,S,D,G,T,I,S,H,H,D,M,Y,D,Y,L,H,L,S,R,L,G,Y,T,P,V,C,R,A,L,H,S,L,L,L,R,L,L,A,Q,D,Q,G,Q,G,V,P,L,P,E,P,T,P
Dromiciops_gliroides,M,S,G,D,H,N,P,A,S,T,P,T,P,V,Q,D,V,Q,G,D,G,R,W,M,S,L,H,H,R,F,V,A,D,S,K,D,K,E,P,D,V,V,F,I,G,D,S,L,V,Q,L,L,H,Q,C,L,W,R,E,L,F,S,P,L,H,A,L,N,F,G,I,G,G,D,S,T,Q,H,V,L,W,R,L,E,N,G,E,L,E,H,I,R,P,K,I,V,V,V,W,V,G,T,N,N,H,G,H,T,A,E,Q,V,A,A,G,I,E,T,I,V,G,L,V,N,Q,R,Q,P,Q,A,R,V,V,V,L,A,L,L,P,R,G,Q,H,P,N,P,L,R,E,K,N,R,R,V,N,E,L,V,R,A,A,L,A,G,R,P,R,A,H,F,L,D,A,D,P,G,F,V,H,S,D,G,T,I,S,H,H,D,M,Y,D,Y,L,H,L,T,R,L,G,Y,T,P,V,C,R,A,L,H,A,L,L,L,R,L,L,A,A,G,Q,G,-,-,N,P,Q,P,E,P,G,P
Elephantulus_edwardii,M,S,A,E,E,N,P,A,S,K,P,T,P,V,Q,D,V,Q,G,D,G,R,W,M,S,L,H,H,R,F,V,A,D,S,K,D,K,E,P,E,V,V,F,I,G,D,S,L,V,Q,L,M,H,Q,C,I,W,R,E,L,F,S,P,L,H,A,L,N,F,G,I,G,G,D,S,T,Q,H,V,L,W,R,L,E,N,G,E,L,E,H,I,R,P,K,I,V,V,V,W,V,G,T,N,N,H,G,H,T,A,E,Q,V,T,G,G,I,K,A,I,V,Q,L,V,N,Q,R,Q,P,Q,A,R,V,V,V,L,G,L,L,P,R,G,Q,H,P,N,P,L,R,E,K,N,R,R,V,N,E,L,V,R,A,A,L,A,G,Q,P,R,A,H,F,L,D,A,D,P,G,F,V,H,S,D,G,T,I,S,H,H,D,M,Y,D,Y,L,H,L,S,R,L,G,Y,T,P,V,C,R,A,L,H,S,L,L,L,R,L,L,A,Q,D,Q,G,Q,G,V,L,S,M,E,P,T,S
Equus_caballus,M,S,G,E,E,N,P,A,S,K,P,T,P,V,Q,D,V,Q,G,D,G,R,W,M,S,L,H,H,R,F,V,A,D,S,K,D,K,E,P,E,V,V,F,I,G,D,S,L,V,Q,L,M,H,Q,C,I,W,R,E,L,F,S,P,L,H,A,L,N,F,G,I,G,G,D,S,T,Q,H,V,L,W,R,L,E,N,G,E,L,E,H,I,R,P,K,I,V,V,V,W,V,G,T,N,N,H,G,H,T,A,E,Q,V,T,G,G,I,K,A,I,V,Q,L,V,N,Q,R,Q,P,Q,A,R,V,V,V,L,G,L,L,P,R,G,Q,H,P,N,P,L,R,E,K,N,R,R,V,N,E,L,V,R,A,A,L,A,G,H,P,R,A,H,F,L,D,A,D,P,G,F,V,H,S,D,G,T,I,S,H,H,D,M,Y,D,Y,L,H,L,S,R,L,G,Y,T,P,V,C,R,A,L,H,S,L,L,L,R,L,L,A,Q,D,Q,G,Q,G,V,P,L,P,E,A,T,P
Erinaceus_europaeus,M,S,A,-,E,N,P,A,S,R,P,T,P,V,Q,D,V,Q,G,D,G,R,W,M,S,L,H,H,R,F,V,A,D,S,K,D,K,E,P,E,V,V,F,I,G,D,S,L,V,Q,L,M,H,Q,C,I,W,R,E,L,F,S,P,L,H,A,L,N,F,G,I,G,G,D,S,T,Q,H,V,L,W,R,L,E,N,G,E,L,E,H,I,R,P,K,I,V,V,V,W,V,G,T,N,N,H,G,H,I,A,E,Q,V,A,A,G,I,E,A,I,V,Q,L,V,N,Q,R,Q,P,Q,A,R,V,V,V,L,G,L,L,P,R,G,Q,H,P,N,P,L,R,E,K,N,Q,R,V,N,E,L,V,R,A,A,L,A,G,H,P,R,A,H,F,L,D,A,D,P,G,F,V,H,S,D,G,T,I,S,H,H,D,M,Y,D,Y,L,H,L,T,R,L,G,Y,T,P,V,C,R,A,L,H,S,L,L,L,R,L,L,A,Q,D,Q,G,Q,G,G,P,P,P,E,P,V,P
Eumetopias_jubatus,M,S,G,E,E,N,P,A,S,K,P,T,P,V,Q,D,V,Q,G,D,G,R,W,M,S,L,H,H,R,F,V,A,D,S,K,D,K,E,P,E,V,V,F,I,G,D,S,L,V,Q,L,M,H,Q,C,I,W,R,E,L,F,S,P,L,H,A,L,N,F,G,I,G,N,D,S,T,Q,H,V,L,W,R,L,E,N,G,E,L,E,H,I,R,P,K,I,V,V,V,W,V,G,T,N,N,H,G,H,T,A,E,Q,V,T,G,G,I,K,A,I,V,Q,L,V,N,Q,R,Q,P,Q,A,R,V,V,V,L,G,L,L,P,R,G,Q,H,P,N,P,L,R,E,K,N,Q,R,V,N,E,L,V,R,A,A,L,A,G,H,P,R,A,H,F,L,D,A,D,P,G,F,V,H,S,D,G,T,I,S,H,H,D,M,Y,D,Y,L,H,L,S,R,L,G,Y,T,P,V,C,R,A,L,H,S,L,L,L,R,L,L,A,Q,D,Q,G,Q,G,V,P,L,P,E,A,A,P
Felis_catus,M,S,G,E,E,N,P,A,S,K,P,T,P,V,Q,D,V,Q,G,D,G,R,W,M,S,L,H,H,R,F,V,A,D,S,K,D,K,E,P,E,V,V,F,I,G,D,S,L,V,Q,L,M,H,Q,C,I,W,R,E,L,F,S,P,L,H,A,L,N,F,G,I,G,S,D,S,T,Q,H,V,L,W,R,L,E,N,G,E,L,E,H,I,R,P,K,I,V,V,V,W,V,G,T,N,N,H,G,H,T,A,E,Q,V,T,G,G,I,K,A,I,V,Q,L,V,N,Q,R,Q,P,Q,A,R,V,V,V,L,G,L,L,P,R,G,Q,H,P,N,P,L,R,E,K,N,R,R,V,N,E,L,V,R,A,A,L,A,G,H,P,R,A,H,F,L,D,A,D,P,G,F,V,H,S,D,G,T,I,S,H,H,D,M,Y,D,Y,L,H,L,S,R,L,G,Y,T,P,V,C,R,A,L,H,S,L,L,L,R,L,L,A,Q,D,Q,G,Q,G,V,P,R,P,E,A,T,P
Fukomys_damarensis,M,S,E,G,D,N,P,A,S,K,P,T,S,V,Q,D,V,Q,G,D,G,R,W,M,S,L,H,H,R,F,V,A,D,S,K,D,K,E,P,E,V,V,F,I,G,D,S,L,V,Q,L,M,H,Q,C,I,W,R,E,L,F,S,P,L,H,A,L,N,F,G,I,G,G,D,S,T,Q,H,V,L,W,R,L,E,N,G,E,L,E,H,I,R,P,K,I,V,V,V,W,V,G,T,N,N,H,G,H,T,A,E,Q,V,T,G,G,I,K,A,I,V,E,L,V,N,Q,R,Q,P,Q,A,R,V,V,V,M,G,L,L,P,R,G,Q,H,P,N,P,L,R,E,K,N,R,L,V,N,E,L,V,R,A,A,L,A,G,H,P,R,A,H,F,L,D,A,D,P,G,F,V,H,S,D,G,T,I,S,H,H,D,M,Y,D,Y,L,H,L,T,R,L,G,Y,T,P,V,C,R,A,L,H,S,L,L,L,R,L,L,A,Q,D,Q,G,Q,S,V,P,L,P,E,P,T,P
Galeopterus_variegatus,M,N,G,E,E,N,P,A,S,K,P,T,P,V,Q,D,V,Q,G,D,G,R,W,I,S,L,H,H,R,F,V,A,D,S,K,D,K,E,P,E,V,V,F,I,G,D,S,L,V,Q,L,M,H,Q,C,I,W,R,E,L,F,S,P,L,H,A,L,N,F,G,I,G,G,D,S,T,Q,H,V,L,W,R,L,E,N,G,E,L,E,H,I,R,P,K,I,V,V,V,W,V,G,T,N,N,H,G,H,T,A,E,Q,V,T,G,G,I,K,A,I,V,Q,L,V,N,Q,R,Q,P,Q,A,R,V,V,V,L,G,L,L,P,R,G,Q,H,P,N,P,L,R,E,K,N,Q,R,V,N,E,L,V,R,V,A,L,A,G,H,P,R,A,H,F,L,D,A,D,P,G,F,V,H,S,D,G,T,I,S,H,H,D,M,Y,D,Y,L,H,L,S,R,L,G,Y,T,P,V,C,R,A,L,H,S,L,L,L,R,L,L,A,Q,D,Q,G,Q,A,V,P,L,P,E,P,A,P
Gracilinanus_agilis,M,S,G,D,H,N,P,A,S,T,P,T,P,V,Q,D,L,Q,G,D,G,R,W,M,S,L,H,H,R,F,V,A,D,S,K,D,K,E,P,E,V,V,F,I,G,D,S,L,V,Q,L,L,H,Q,C,L,W,R,E,L,F,S,P,L,H,A,L,N,F,G,I,G,G,D,G,T,Q,H,V,L,W,R,L,E,N,G,E,L,E,H,I,R,P,K,I,V,V,V,W,V,G,T,N,N,H,G,H,T,A,E,Q,V,A,A,G,I,E,A,I,V,G,L,V,N,Q,R,Q,P,Q,A,R,V,V,V,L,A,L,L,P,R,G,Q,H,P,N,P,L,R,D,K,N,R,R,V,N,E,L,V,R,A,A,L,A,S,R,P,R,A,H,F,L,D,A,D,P,G,F,V,H,S,D,G,T,I,S,H,H,D,M,Y,D,Y,L,H,L,T,R,L,G,Y,T,P,V,C,R,A,L,H,A,L,L,L,R,L,L,T,A,G,Q,G,-,-,P,P,Q,P,E,P,-,-
Grammomys_surdaster,M,S,G,E,E,N,P,A,S,K,P,T,P,V,Q,D,V,Q,G,D,G,R,W,M,S,L,H,H,R,F,V,A,D,S,K,D,K,E,P,E,V,V,F,I,G,D,S,L,V,Q,L,M,H,Q,C,I,W,R,E,L,F,S,P,L,H,A,L,N,F,G,I,G,G,D,S,T,Q,H,V,L,W,R,L,E,N,G,E,L,E,H,I,R,P,K,I,V,V,V,W,V,G,T,N,N,H,S,H,T,A,E,Q,V,T,G,G,I,K,A,I,V,Q,L,V,N,K,L,Q,P,Q,A,R,V,V,V,L,G,L,L,P,R,G,Q,H,P,N,P,L,R,E,K,N,R,Q,V,N,E,L,V,R,A,A,L,A,G,Y,P,R,A,H,F,L,D,A,D,P,G,F,V,H,S,D,G,T,I,S,H,H,D,M,Y,D,Y,L,H,L,S,R,L,G,Y,T,P,V,C,R,A,L,H,S,L,L,L,R,L,L,A,Q,D,Q,G,Q,G,I,P,L,P,E,T,T,P
Heterocephalus_glaber,M,S,K,E,E,N,P,A,S,K,P,T,P,V,Q,D,V,Q,G,D,G,R,W,M,S,L,H,H,R,F,V,A,D,S,K,D,K,E,P,E,V,V,F,I,G,D,S,L,V,Q,L,M,H,Q,C,I,W,R,E,L,F,S,P,L,H,A,L,N,F,G,I,G,G,D,S,T,Q,H,V,L,W,R,L,E,N,G,E,L,E,H,I,R,P,K,I,V,V,V,W,V,G,T,N,N,H,G,H,T,A,E,Q,V,T,G,G,I,K,A,I,V,E,L,V,N,Q,R,Q,P,Q,A,R,V,V,V,L,G,L,L,P,R,G,Q,H,P,N,P,L,R,E,K,N,R,L,V,N,E,L,I,R,A,A,L,A,G,H,P,R,A,H,F,L,D,A,D,P,G,F,V,H,S,D,G,T,I,S,H,H,D,M,Y,D,Y,L,H,L,T,R,L,G,Y,T,P,V,C,R,A,L,H,S,L,L,L,R,L,L,A,Q,D,Q,G,Q,S,V,P,L,A,E,P,T,P
Hyaena_hyaena,M,S,G,E,E,N,P,A,S,K,P,T,P,V,Q,D,V,Q,G,D,G,R,W,M,S,L,H,H,R,F,V,A,D,S,K,D,K,E,P,E,V,V,F,I,G,D,S,L,V,Q,L,M,H,Q,C,I,W,R,E,L,F,S,P,L,H,A,L,N,F,G,I,G,S,D,S,T,Q,H,V,L,W,R,L,E,N,G,E,L,E,H,I,R,P,K,I,V,V,V,W,V,G,T,N,N,H,G,H,T,A,E,Q,V,T,G,G,I,K,A,I,V,Q,L,V,N,Q,R,Q,P,Q,A,R,V,V,V,L,G,L,L,P,R,G,Q,H,P,N,P,L,R,E,K,N,R,R,V,N,E,L,V,R,A,A,L,A,G,H,P,R,A,H,F,L,D,A,D,P,G,F,V,H,S,D,G,T,I,S,H,H,D,M,Y,D,Y,L,H,L,S,R,L,G,Y,T,P,V,C,R,A,L,H,S,L,L,L,R,L,L,A,Q,E,Q,G,Q,G,V,P,R,P,E,A,T,P
Jaculus_jaculus,M,S,R,E,E,N,P,A,S,K,P,T,P,V,Q,D,A,Q,G,D,G,R,W,M,S,L,H,H,R,F,V,A,D,S,K,D,K,E,P,E,V,V,F,I,G,D,S,L,V,Q,L,M,H,Q,C,I,W,R,E,L,F,S,P,L,H,A,L,N,F,G,I,G,G,D,S,T,Q,H,V,L,W,R,L,E,N,G,E,L,E,H,I,R,P,K,I,V,V,V,W,V,G,T,N,N,H,G,H,T,A,E,Q,V,T,G,G,I,E,A,I,V,Q,L,V,N,K,L,Q,P,Q,A,R,V,V,V,L,G,L,L,P,R,G,Q,H,P,N,P,L,R,E,K,N,R,R,V,N,E,L,V,R,A,A,L,A,G,H,P,R,A,H,F,L,D,A,D,P,G,F,V,H,S,D,G,T,I,S,H,H,D,M,Y,D,Y,L,H,L,S,R,P,G,Y,T,P,V,C,R,A,L,H,A,L,L,L,R,L,L,A,Q,D,Q,G,Q,G,A,P,V,P,E,H,V,P
Lemur_catta,M,S,G,E,E,N,P,A,S,K,P,T,P,V,Q,D,V,Q,G,D,G,R,W,M,S,L,H,H,R,F,V,A,D,S,K,D,K,E,P,E,V,V,F,I,G,D,S,L,V,Q,L,M,H,Q,C,I,W,R,E,L,F,S,P,L,H,A,L,N,F,G,I,G,G,D,N,T,Q,H,V,L,W,R,L,E,N,G,E,L,E,H,I,R,P,K,I,V,V,V,W,V,G,T,N,N,H,G,H,T,A,E,Q,V,T,G,G,I,K,A,I,V,Q,L,V,N,E,R,Q,P,Q,A,R,V,V,V,L,G,L,L,P,R,G,Q,H,P,N,P,L,R,E,K,N,R,R,V,N,E,L,V,R,A,A,L,A,G,H,P,R,A,H,F,L,D,A,D,P,G,F,V,H,S,D,G,T,I,S,H,H,D,M,Y,D,Y,L,H,L,S,R,L,G,Y,T,P,V,C,R,S,L,H,S,L,L,L,R,L,L,A,Q,D,Q,G,Q,G,V,P,L,L,E,P,T,P
Leptonychotes_weddellii,M,S,R,E,E,N,P,A,S,K,P,T,P,V,Q,D,V,Q,G,D,G,R,W,M,S,L,H,H,R,F,V,A,D,S,K,D,K,E,P,E,V,V,F,I,G,D,S,L,V,Q,L,M,H,Q,C,I,W,R,E,L,F,S,P,L,H,A,L,N,F,G,I,G,N,D,S,T,Q,H,V,L,W,R,L,E,N,G,E,L,E,H,I,R,P,K,I,V,V,V,W,V,G,T,N,N,H,G,H,T,A,E,Q,V,T,G,G,I,Q,A,I,V,Q,L,V,N,Q,R,Q,P,Q,A,R,V,V,V,L,G,L,L,P,R,G,Q,H,P,N,P,L,R,E,K,N,R,R,V,N,E,L,V,R,A,A,L,A,G,H,P,R,A,H,F,L,D,A,D,P,G,F,V,H,S,D,G,T,I,S,H,H,D,M,Y,D,Y,L,H,L,S,R,L,G,Y,T,P,V,C,R,A,L,H,S,L,L,L,R,L,L,A,Q,D,Q,G,Q,G,V,P,L,P,E,A,A,P
Lontra_canadensis,M,S,G,E,E,N,P,A,S,K,A,T,P,V,Q,D,V,Q,G,D,G,R,W,M,S,L,H,H,R,F,V,A,D,S,K,D,K,E,P,E,V,V,F,I,G,D,S,L,V,Q,L,M,H,Q,C,I,W,R,E,L,F,S,P,L,H,A,L,N,F,G,I,G,S,D,S,T,Q,H,V,L,W,R,L,E,N,G,E,L,E,H,I,R,P,K,I,V,V,V,W,V,G,T,N,N,H,G,H,T,A,E,Q,V,T,G,G,I,K,A,I,V,E,L,V,N,Q,R,Q,P,Q,A,R,V,V,V,L,G,L,L,P,R,G,Q,H,P,N,P,L,R,E,K,N,R,R,V,N,E,L,V,R,A,A,L,A,G,H,P,R,A,H,F,L,D,A,D,P,G,F,V,H,S,D,G,T,I,S,H,H,D,M,Y,D,Y,L,H,L,S,R,L,G,Y,T,P,V,C,R,A,L,H,S,L,L,L,R,L,L,A,Q,D,Q,G,Q,G,V,P,L,P,E,A,A,P
Lynx_canadensis,M,N,E,E,E,N,P,A,S,K,P,T,P,V,Q,D,V,Q,G,D,G,R,W,M,S,L,H,H,R,F,V,A,D,S,K,D,K,E,P,E,V,V,F,I,G,D,S,L,V,Q,L,M,H,Q,C,I,W,R,E,L,F,S,P,L,H,A,L,N,F,G,I,G,S,D,S,T,Q,H,V,L,W,R,L,E,N,G,E,L,E,H,I,R,P,K,I,V,V,V,W,V,G,T,N,N,H,G,H,T,A,E,Q,V,T,G,G,I,K,A,I,V,Q,L,V,N,Q,R,Q,P,Q,A,R,V,V,V,L,G,L,L,P,R,G,Q,H,P,N,P,L,R,E,K,N,R,R,V,N,E,L,V,R,A,A,L,A,G,H,P,R,A,H,F,L,D,A,D,P,G,F,V,H,S,D,G,T,I,S,H,H,D,M,Y,D,Y,L,H,L,S,R,L,G,Y,T,P,V,C,R,A,L,H,S,L,L,L,R,L,L,A,Q,D,Q,G,Q,G,V,P,R,P,E,A,T,P
Manis_javanica,M,S,G,E,E,N,P,A,S,K,P,T,P,V,Q,D,V,Q,G,D,G,R,W,M,S,L,H,H,R,F,V,A,D,S,K,D,K,E,P,E,V,V,F,I,G,D,S,L,V,Q,L,M,H,Q,C,I,W,R,E,L,F,S,P,L,H,A,L,N,F,G,I,G,S,D,S,T,Q,H,V,L,W,R,L,E,N,G,E,L,E,H,I,R,P,K,I,V,V,V,W,V,G,T,N,N,H,G,H,T,A,E,Q,V,T,G,G,I,K,A,I,V,Q,L,V,N,Q,R,Q,P,Q,A,R,V,V,V,L,G,L,L,P,R,G,Q,H,P,N,P,L,R,E,K,N,R,Q,V,N,E,L,V,R,A,A,L,A,G,H,P,R,A,H,F,L,D,A,D,P,G,F,V,H,S,D,G,T,I,S,H,H,D,M,Y,D,Y,L,H,L,S,R,L,G,Y,T,P,V,C,R,A,L,H,S,L,L,L,R,L,L,A,Q,D,Q,G,Q,G,I,P,Q,P,N,N,T,P
Manis_pentadactyla,M,S,G,-,E,N,P,A,S,K,P,T,P,V,Q,D,V,Q,G,D,G,R,W,M,S,L,H,H,R,F,V,A,D,S,K,D,K,E,P,E,V,V,F,I,G,D,S,L,V,Q,L,M,H,Q,C,I,W,R,E,L,F,S,P,L,H,A,L,N,F,G,I,G,S,D,S,T,Q,H,V,L,W,R,L,E,N,G,E,L,E,H,I,R,P,K,I,V,V,V,W,V,G,T,N,N,H,G,H,T,A,E,Q,V,T,G,G,I,K,A,I,V,Q,L,V,N,Q,R,Q,P,Q,A,R,V,V,V,L,G,L,L,P,R,G,Q,H,P,N,P,L,R,E,K,N,R,Q,V,N,E,L,V,R,A,A,L,A,G,H,P,R,A,H,F,L,D,A,D,P,G,F,V,H,S,D,G,T,I,S,H,H,D,M,Y,D,Y,L,H,L,S,R,L,G,Y,T,P,V,C,R,A,L,H,S,L,L,L,R,L,L,A,Q,D,Q,G,Q,G,I,P,Q,P,N,N,T,P
Mastomys_coucha,M,S,G,E,E,N,P,A,S,K,P,T,P,V,Q,D,V,Q,G,D,G,R,W,M,S,L,H,H,R,F,V,A,D,S,K,D,K,E,P,E,V,V,F,I,G,D,S,L,V,Q,L,M,H,Q,C,I,W,R,E,L,F,S,P,L,H,A,L,N,F,G,I,G,G,D,S,T,Q,H,V,L,W,R,L,E,N,G,E,L,E,H,I,R,P,K,I,V,V,V,W,V,G,T,N,N,H,S,H,T,A,E,Q,V,T,G,G,I,K,A,I,V,Q,L,V,N,K,L,Q,P,Q,A,R,V,V,V,L,G,L,L,P,R,G,Q,H,P,N,P,L,R,E,K,N,R,Q,V,N,E,L,V,R,A,A,L,A,G,Y,P,R,A,H,F,L,D,A,D,P,G,F,V,H,S,D,G,T,I,S,H,H,D,M,Y,D,Y,L,H,L,S,R,L,G,Y,T,P,V,C,R,A,L,H,S,L,L,L,R,L,L,A,Q,D,Q,G,Q,G,I,P,L,S,E,T,A,P
Meles_meles,M,S,G,E,E,N,P,A,S,K,P,T,P,V,Q,D,V,Q,G,D,G,R,W,M,S,L,H,H,R,F,V,A,D,S,K,D,K,E,P,E,V,V,F,I,G,D,S,L,V,Q,L,M,H,Q,C,I,W,R,E,L,F,S,P,L,H,A,L,N,F,G,I,G,S,D,S,T,Q,H,V,L,W,R,L,E,N,G,E,L,E,H,I,R,P,K,I,V,V,V,W,V,G,T,N,N,H,G,H,T,A,E,Q,V,T,G,G,I,K,A,I,V,E,L,V,N,Q,R,Q,P,Q,A,R,V,V,V,L,G,L,L,P,R,G,Q,H,P,N,P,L,R,E,K,N,R,R,V,N,E,L,V,R,A,A,L,A,G,H,P,R,A,H,F,L,D,A,D,P,G,F,V,H,S,D,G,T,I,S,H,H,D,M,Y,D,Y,L,H,L,S,R,L,G,Y,T,P,V,C,R,A,L,H,S,L,L,L,R,L,L,A,Q,E,Q,G,Q,G,V,P,L,P,E,A,T,P
Meriones_unguiculatus,M,S,G,E,Q,N,P,A,S,R,P,T,P,V,Q,D,V,Q,G,D,G,R,W,M,S,L,H,H,R,F,V,A,D,S,K,D,K,E,P,E,V,V,F,I,G,D,S,L,V,Q,L,M,H,Q,C,I,W,R,E,L,F,S,P,L,H,A,L,N,F,G,I,G,G,D,S,T,Q,H,V,L,W,R,L,E,N,G,E,L,E,H,I,R,P,K,I,V,V,V,W,V,G,T,N,N,H,S,H,T,A,E,Q,V,T,G,G,I,Q,A,I,V,Q,L,V,S,K,L,Q,P,Q,A,R,V,V,V,L,G,L,L,P,R,G,Q,H,P,N,P,L,R,E,K,N,R,Q,V,N,E,L,V,R,A,A,L,S,G,H,P,R,A,H,F,L,D,A,D,P,G,F,V,H,S,D,G,T,I,S,H,H,D,M,Y,D,Y,L,H,L,S,R,L,G,Y,T,P,V,C,R,A,L,H,S,L,L,L,R,L,L,A,Q,D,Q,G,Q,G,A,P,L,P,E,A,T,P
Mesocricetus_auratus,M,S,G,E,E,N,P,A,S,K,P,T,P,V,Q,D,S,Q,G,D,G,R,W,M,S,L,H,H,R,F,V,A,D,S,K,D,K,E,P,E,V,V,F,I,G,D,S,L,V,Q,L,M,H,Q,C,I,W,R,E,L,F,S,P,L,H,A,L,N,F,G,I,G,G,D,S,T,Q,H,V,L,W,R,L,E,N,G,E,L,E,H,I,R,P,K,I,V,V,V,W,V,G,T,N,N,H,G,H,T,A,E,Q,V,T,G,G,I,K,A,I,V,Q,L,V,N,K,L,Q,P,Q,A,R,V,V,V,L,G,L,L,P,R,G,Q,H,P,N,P,L,R,E,K,N,Q,Q,V,N,E,L,V,R,A,A,L,A,G,H,P,R,A,H,F,L,D,A,D,P,G,F,V,H,S,D,G,T,I,S,H,H,D,M,Y,D,Y,L,H,L,S,R,L,G,Y,T,P,V,C,R,A,L,H,S,L,L,L,R,L,L,A,Q,D,Q,G,Q,G,T,P,L,P,E,T,T,P
Microcebus_murinus,M,S,G,E,E,N,P,A,S,T,P,T,P,V,Q,D,V,Q,G,D,G,R,W,M,S,L,H,H,R,F,V,A,D,S,K,D,K,E,P,E,V,V,F,I,G,D,S,L,V,Q,L,M,H,Q,C,I,W,R,E,L,F,S,P,L,H,A,L,N,F,G,I,S,G,D,N,T,Q,H,V,L,W,R,L,E,N,G,E,L,E,H,I,R,P,K,I,V,V,V,W,V,G,T,N,N,H,G,H,T,A,E,Q,V,T,G,G,I,K,A,I,V,E,L,V,N,E,R,Q,P,Q,A,R,V,V,V,L,G,L,L,P,R,G,Q,H,P,N,P,L,R,E,K,N,Q,R,V,N,E,L,V,R,A,A,L,A,G,H,P,R,A,H,F,L,D,A,D,P,G,F,V,H,S,D,G,T,I,S,H,H,D,M,Y,D,Y,L,H,L,S,R,L,G,Y,T,P,V,C,R,S,L,H,S,L,L,L,R,L,L,A,Q,D,Q,G,Q,G,V,P,L,P,E,P,T,P
Microtus_fortis,M,S,G,D,E,N,P,A,S,K,P,T,P,V,Q,D,V,Q,G,D,G,R,W,M,S,L,H,Q,R,F,V,A,D,S,K,D,K,E,A,E,V,V,F,I,G,D,S,L,V,Q,L,M,H,Q,C,I,W,R,E,L,F,S,P,L,H,A,L,N,F,G,I,G,G,D,S,T,Q,H,V,L,W,R,L,E,N,G,E,L,E,H,I,R,P,K,I,V,V,V,W,V,G,T,N,N,H,S,H,T,A,E,Q,V,T,G,G,I,K,A,I,V,Q,L,V,N,K,L,Q,P,Q,A,R,V,V,V,L,G,L,L,P,R,G,Q,H,P,N,P,L,R,E,K,N,R,Q,V,N,E,L,V,R,A,A,L,A,G,H,P,R,A,H,F,L,D,A,D,P,G,F,V,H,S,D,G,T,I,S,H,H,D,M,Y,D,Y,L,H,L,S,R,L,G,Y,T,P,V,C,R,A,L,H,S,L,L,L,R,L,L,A,Q,D,Q,G,Q,G,I,P,L,P,E,T,T,P
Microtus_ochrogaster,M,S,G,D,K,N,P,A,S,K,P,T,P,V,Q,D,V,Q,G,D,G,R,W,M,S,L,H,Q,R,F,V,A,D,S,K,D,K,E,A,E,V,V,F,I,G,D,S,L,V,Q,L,M,H,Q,C,I,W,R,E,L,F,S,P,L,H,A,L,N,F,G,I,G,G,D,S,T,Q,H,V,L,W,R,L,E,N,G,E,L,E,H,I,R,P,K,I,V,V,V,W,V,G,T,N,N,H,S,H,T,A,E,Q,V,T,G,G,I,K,A,I,V,Q,L,V,N,K,L,Q,P,Q,A,R,V,V,V,L,G,L,L,P,R,G,Q,H,P,N,P,L,R,E,K,N,R,Q,V,N,E,L,V,R,A,A,L,A,G,H,P,R,A,H,F,L,D,A,D,P,G,F,V,H,S,D,G,T,I,S,H,H,D,M,Y,D,Y,L,H,L,S,R,L,G,Y,T,P,V,C,R,A,L,H,S,L,L,L,R,L,L,A,Q,D,Q,G,Q,G,I,P,L,P,E,T,T,P
Microtus_oregoni,M,S,E,D,K,N,P,A,S,K,P,T,P,V,Q,D,V,Q,G,D,G,R,W,M,S,L,H,Q,R,F,V,A,D,S,K,D,K,E,A,E,V,V,F,I,G,D,S,L,V,Q,L,M,H,Q,C,I,W,R,E,L,F,S,P,L,H,A,L,N,F,G,I,G,G,D,S,T,Q,H,V,L,W,R,L,E,N,G,E,L,E,H,I,R,P,K,I,V,V,V,W,V,G,T,N,N,H,S,H,T,A,E,Q,V,T,G,G,I,K,A,I,V,Q,L,V,N,K,L,Q,P,Q,A,R,V,V,V,L,G,L,L,P,R,G,Q,H,P,N,P,L,R,E,K,N,R,Q,V,N,E,L,V,R,A,A,L,A,G,H,P,R,A,H,F,L,D,A,D,P,G,F,V,H,S,D,G,T,I,S,H,H,D,M,Y,D,Y,L,H,L,S,R,L,G,Y,T,P,V,C,R,A,L,H,S,L,L,L,R,L,L,A,Q,E,Q,G,Q,G,I,P,L,P,E,T,T,P
Mirounga_angustirostris,M,S,R,E,E,N,P,A,S,K,P,T,P,V,Q,D,V,Q,G,D,G,R,W,M,S,L,H,H,R,F,V,A,D,S,K,D,K,E,P,E,V,V,F,I,G,D,S,L,V,Q,L,M,H,Q,C,I,W,R,E,L,F,S,P,L,H,A,L,N,F,G,I,G,N,D,S,T,Q,H,V,L,W,R,L,E,N,G,E,L,E,H,I,R,P,K,I,V,V,V,W,V,G,T,N,N,H,G,H,T,A,E,Q,V,T,G,G,I,Q,A,I,V,Q,L,V,N,Q,R,Q,P,Q,A,R,V,V,V,L,G,L,L,P,R,G,Q,H,P,N,P,L,R,E,K,N,R,R,V,N,E,L,V,R,A,A,L,A,G,H,P,R,A,H,F,L,D,A,D,P,G,F,V,H,S,D,G,T,I,S,H,H,D,M,Y,D,Y,L,H,L,S,R,L,G,Y,T,P,V,C,R,A,L,H,S,L,L,L,R,L,L,A,Q,D,Q,G,Q,G,V,P,L,P,E,A,A,P
Mirounga_leonina,M,S,R,E,E,N,P,A,S,K,P,T,P,V,Q,D,V,Q,G,D,G,R,W,M,S,L,H,H,R,F,V,A,D,S,K,D,K,E,P,E,V,V,F,I,G,D,S,L,V,Q,L,M,H,Q,C,I,W,R,E,L,F,S,P,L,H,A,L,N,F,G,I,G,N,D,S,T,Q,H,V,L,W,R,L,E,N,G,E,L,E,H,I,R,P,K,I,V,V,V,W,V,G,T,N,N,H,G,H,T,A,E,Q,V,T,G,G,I,Q,A,I,V,Q,L,V,N,Q,R,Q,P,Q,A,R,V,V,V,L,G,L,L,P,R,G,Q,H,P,N,P,L,R,E,K,N,R,R,V,N,E,L,V,R,A,A,L,A,G,H,P,R,A,H,F,L,D,A,D,P,G,F,V,H,S,D,G,T,I,S,H,H,D,M,Y,D,Y,L,H,L,S,R,L,G,Y,T,P,V,C,R,A,L,H,S,L,L,L,R,L,L,A,Q,D,Q,G,Q,G,V,P,L,P,E,A,A,P
Monodelphis_domestica,M,S,G,D,H,N,P,A,S,T,P,T,P,V,Q,D,L,Q,G,D,G,R,W,M,S,L,H,H,R,F,V,A,D,S,K,D,K,E,P,E,V,V,F,I,G,D,S,L,V,Q,L,L,H,Q,C,L,W,R,E,L,F,S,P,L,H,A,L,N,F,G,I,G,G,D,G,T,Q,H,V,L,W,R,L,E,N,G,E,L,E,H,I,R,P,K,I,V,V,V,W,V,G,T,N,N,H,G,H,T,A,E,Q,V,A,A,G,I,E,A,I,V,G,L,V,N,Q,R,Q,P,Q,A,R,V,V,V,L,A,L,L,P,R,G,Q,H,P,N,P,L,R,D,K,N,R,R,V,N,E,L,V,R,A,A,L,A,S,R,P,R,A,H,F,L,D,A,D,P,G,F,V,H,S,D,G,T,I,S,H,H,D,M,Y,D,Y,L,H,L,T,R,L,G,Y,T,P,V,C,R,A,L,H,A,L,L,L,R,L,L,T,A,G,Q,A,-,-,P,P,Q,P,E,P,-,-
Mus_caroli,M,S,G,E,E,N,P,A,S,K,P,T,P,V,Q,D,V,Q,G,D,G,R,W,M,S,L,H,H,R,F,V,A,D,S,K,D,K,E,P,E,V,V,F,I,G,D,S,L,V,Q,L,M,H,Q,C,I,W,R,E,L,F,S,P,L,H,A,L,N,F,G,I,G,G,D,S,T,Q,H,V,L,W,R,L,E,N,G,E,L,E,H,I,R,P,K,I,V,V,V,W,V,G,T,N,N,H,S,H,T,A,E,Q,V,T,G,G,I,K,A,I,V,Q,L,V,N,K,L,Q,P,Q,A,R,V,V,V,L,G,L,L,P,R,G,Q,H,P,N,P,L,R,E,K,N,R,Q,V,N,E,L,V,R,A,A,L,A,G,Y,P,R,A,H,F,L,D,A,D,P,G,F,V,H,S,D,G,T,I,S,H,H,D,M,Y,D,Y,L,H,L,S,R,L,G,Y,T,P,V,C,R,A,L,H,S,L,L,L,R,L,L,A,Q,D,Q,G,Q,G,I,P,L,P,E,-,-,-
Mus_musculus,M,S,G,E,E,N,P,A,S,K,P,T,P,V,Q,D,V,Q,G,D,G,R,W,M,S,L,H,H,R,F,V,A,D,S,K,D,K,E,P,E,V,V,F,I,G,D,S,L,V,Q,L,M,H,Q,C,I,W,R,E,L,F,S,P,L,H,A,L,N,F,G,I,G,G,D,S,T,Q,H,V,L,W,R,L,E,N,G,E,L,E,H,I,R,P,K,I,V,V,V,W,V,G,T,N,N,H,S,H,T,A,E,Q,V,T,G,G,I,K,A,I,V,Q,L,V,N,K,L,Q,P,Q,A,R,V,V,V,L,G,L,L,P,R,G,Q,H,P,N,P,L,R,E,K,N,R,Q,V,N,E,L,V,R,A,A,L,A,G,Y,P,R,A,H,F,L,D,A,D,P,G,F,V,H,S,D,G,T,I,S,H,H,D,M,Y,D,Y,L,H,L,S,R,L,G,Y,T,P,V,C,R,A,L,H,S,L,L,L,R,L,L,A,Q,D,Q,G,Q,G,I,P,L,P,E,T,A,S
Mus_pahari,M,S,G,E,E,N,P,A,S,K,P,T,P,V,Q,D,V,Q,G,D,G,R,W,M,S,L,H,H,R,F,V,A,D,S,K,D,K,E,P,E,V,V,F,I,G,D,S,L,V,Q,L,M,H,Q,C,I,W,R,E,L,F,S,P,L,H,A,L,N,F,G,I,G,G,D,S,T,Q,H,V,L,W,R,L,E,N,G,E,L,E,H,I,R,P,K,I,V,V,V,W,V,G,T,N,N,H,S,H,T,A,E,Q,V,T,G,G,I,K,A,I,V,Q,L,V,N,K,L,Q,P,Q,A,R,V,V,V,L,G,L,L,P,R,G,Q,H,P,N,P,L,R,E,K,N,R,Q,V,N,E,L,V,R,A,A,L,A,G,Y,P,R,A,H,F,L,D,A,D,P,G,F,V,H,S,D,G,T,I,S,H,H,D,M,Y,D,Y,L,H,L,S,R,L,G,Y,T,P,V,C,R,A,L,H,S,L,L,L,R,L,L,A,Q,D,Q,G,Q,G,I,P,L,P,E,T,A,S
Mustela_erminea,M,S,G,G,E,N,P,A,S,K,P,T,P,V,Q,D,V,Q,G,D,G,R,W,M,S,L,H,H,R,F,V,A,D,S,K,D,K,E,P,E,V,V,F,I,G,D,S,L,V,Q,L,M,H,Q,C,I,W,R,E,L,F,S,P,L,H,A,L,N,F,G,I,G,S,D,S,T,Q,H,V,L,W,R,L,E,N,G,E,L,E,H,I,R,P,K,I,V,V,V,W,V,G,T,N,N,H,G,H,T,A,E,Q,V,T,G,G,I,K,A,I,V,D,L,V,N,Q,R,Q,P,Q,A,R,V,V,V,L,G,L,L,P,R,G,Q,H,P,N,P,L,R,E,K,N,R,R,V,N,E,L,V,R,A,A,L,A,G,H,P,R,A,H,F,L,D,A,D,P,G,F,V,H,S,D,G,T,I,S,H,H,D,M,Y,D,Y,L,H,L,S,R,L,G,Y,T,P,V,C,R,A,L,H,S,L,L,L,H,L,L,A,Q,D,Q,G,Q,G,V,A,L,P,E,A,T,P
Mustela_putorius_furo,M,S,G,G,E,N,P,A,S,K,P,T,P,V,Q,D,V,Q,G,D,G,R,W,M,S,L,H,H,R,F,V,A,D,S,K,D,K,E,P,E,V,V,F,I,G,D,S,L,V,Q,L,M,H,Q,C,I,W,R,E,L,F,S,P,L,H,A,L,N,F,G,I,G,S,D,S,T,Q,H,V,L,W,R,L,E,N,G,E,L,E,H,I,R,P,K,I,V,V,V,W,V,G,T,N,N,H,G,H,T,A,E,Q,V,T,G,G,I,K,A,I,V,D,L,V,N,Q,R,Q,P,Q,A,R,V,V,V,L,G,L,L,P,R,G,Q,H,P,N,P,L,R,E,K,N,R,R,V,N,E,L,V,R,A,A,L,A,G,H,P,R,A,H,F,L,D,A,D,P,G,F,V,H,S,D,G,T,I,S,H,H,D,M,Y,D,Y,L,H,L,S,R,L,G,Y,T,P,V,C,R,A,L,H,S,L,L,L,H,L,L,A,Q,D,Q,G,Q,G,V,A,L,P,E,A,T,P
Myodes_glareolus,M,S,G,D,K,N,P,A,S,K,A,T,P,V,Q,D,V,Q,G,D,G,R,W,M,S,L,H,Q,R,F,V,A,D,S,K,D,K,E,A,E,V,V,F,I,G,D,S,L,V,Q,L,M,H,Q,C,I,W,R,E,L,F,S,P,L,H,A,L,N,F,G,I,G,G,D,S,T,Q,H,V,L,W,R,L,E,N,G,E,L,E,H,I,R,P,K,I,V,V,V,W,V,G,T,N,N,H,S,H,T,A,E,Q,V,T,G,G,I,K,A,I,V,Q,L,V,N,K,L,Q,P,Q,A,R,V,V,V,L,G,L,L,P,R,G,Q,H,P,N,P,L,R,E,K,N,R,Q,V,N,E,L,V,R,A,A,L,A,G,H,P,R,A,H,F,L,D,A,D,P,G,F,V,H,S,D,G,T,I,S,H,H,D,M,Y,D,Y,L,H,L,S,R,L,G,Y,T,P,V,C,R,A,L,H,S,L,L,L,R,L,L,A,Q,D,Q,G,Q,G,I,P,L,P,E,T,T,P
Neogale_vison,M,S,G,G,E,N,P,A,S,K,P,T,P,V,Q,D,V,Q,G,D,G,R,W,M,S,L,H,H,R,F,V,A,D,S,K,D,K,E,P,E,V,V,F,I,G,D,S,L,V,Q,L,M,H,Q,C,I,W,R,E,L,F,S,P,L,H,A,L,N,F,G,I,G,S,D,S,T,Q,H,V,L,W,R,L,E,N,G,E,L,E,H,I,R,P,K,I,V,V,V,W,V,G,T,N,N,H,G,H,T,A,E,Q,V,T,G,G,I,K,A,I,V,D,L,V,N,Q,R,Q,P,Q,A,R,V,V,V,L,G,L,L,P,R,G,Q,H,P,N,P,L,R,Q,K,N,R,Q,V,N,E,L,V,R,A,A,L,A,G,H,P,R,A,H,F,L,D,A,D,P,G,F,V,H,S,D,G,T,I,S,H,H,D,M,Y,D,Y,L,H,L,S,R,L,G,Y,T,P,V,C,R,A,L,H,S,L,L,L,H,L,L,A,Q,D,Q,G,Q,G,V,P,L,P,E,A,T,P
Odobenus_rosmarus_divergens,M,S,G,E,E,N,P,A,S,K,P,T,P,V,Q,D,V,Q,G,D,G,R,W,M,S,L,H,H,R,F,V,A,D,S,K,D,K,E,P,E,V,V,F,I,G,D,S,L,V,Q,L,M,H,Q,C,I,W,R,E,L,F,S,P,L,H,A,L,N,F,G,I,G,N,D,S,T,Q,N,V,L,W,R,L,E,N,G,E,L,E,H,I,R,P,K,I,V,V,V,W,V,G,T,N,N,H,G,H,T,A,E,Q,V,T,G,G,I,K,A,I,V,Q,L,V,N,Q,R,Q,P,Q,A,R,V,V,V,L,G,L,L,P,R,G,Q,H,P,N,P,L,R,E,K,N,R,R,V,N,E,L,V,R,A,A,L,A,G,H,P,R,A,H,F,L,D,A,D,P,G,F,V,H,S,D,G,T,I,S,H,H,D,M,Y,D,Y,L,H,L,S,R,L,G,Y,T,P,V,C,R,A,L,H,S,L,L,L,R,L,L,A,Q,D,Q,G,Q,G,V,P,L,P,E,A,A,P
Odocoileus_virginianus_texanus,M,S,G,D,E,N,P,A,S,K,P,T,P,V,Q,D,V,Q,G,D,G,R,W,M,S,L,H,H,R,F,V,A,D,S,K,D,K,E,P,E,V,V,F,I,G,D,S,L,V,Q,L,M,H,Q,C,I,W,R,E,L,F,S,P,L,H,A,L,N,F,G,I,G,G,D,S,T,Q,H,V,L,W,R,L,E,N,G,E,L,E,H,I,R,P,K,I,V,V,V,W,V,G,T,N,N,H,G,H,T,A,E,Q,V,T,G,G,I,K,A,I,V,Q,L,V,N,E,R,Q,P,Q,A,R,V,V,V,L,G,L,L,P,R,G,Q,H,P,N,P,L,R,E,K,N,R,R,V,N,E,L,V,R,A,A,L,A,G,H,P,R,A,H,F,L,D,A,D,P,G,F,V,H,S,D,G,T,I,S,H,H,D,M,Y,D,Y,L,H,L,S,R,L,G,Y,T,P,V,C,R,A,L,H,S,L,L,L,R,L,L,T,Q,D,Q,G,Q,G,A,P,L,P,E,P,S,P
Onychomys_torridus,M,S,G,E,E,N,P,A,S,K,P,T,P,V,Q,D,V,Q,G,D,G,R,W,M,S,L,H,H,R,F,V,A,D,S,K,D,K,E,P,E,V,V,F,I,G,D,S,L,V,Q,L,M,H,Q,C,I,W,R,E,L,F,S,P,L,H,A,L,N,F,G,I,G,G,D,S,T,Q,H,V,L,W,R,L,E,N,G,E,L,E,H,I,R,P,K,I,V,V,V,W,V,G,T,N,N,H,S,H,T,A,E,Q,V,T,G,G,I,R,A,I,V,Q,L,V,N,K,L,Q,P,Q,A,R,V,V,V,L,G,L,L,P,R,G,Q,H,P,N,P,L,R,E,K,N,R,Q,V,N,E,L,V,R,A,A,L,A,G,H,P,R,A,H,F,L,D,A,D,P,G,F,V,H,S,D,G,T,I,S,H,H,D,M,Y,D,Y,L,H,L,S,R,L,G,Y,T,P,V,C,R,A,L,H,A,L,L,L,R,L,L,A,Q,D,Q,G,Q,G,I,P,L,P,E,T,T,P
Ornithorhynchus_anatinus,-,-,-,-,-,-,-,-,-,-,-,-,-,-,-,-,-,-,-,-,-,-,-,-,-,-,H,H,R,F,V,A,D,S,K,D,K,E,P,E,V,V,F,I,G,D,S,L,V,Q,L,L,H,Q,C,L,W,R,Q,L,F,S,P,L,H,A,L,N,F,G,I,G,G,D,A,T,H,H,V,L,W,R,L,E,N,G,E,L,E,H,I,R,P,K,I,V,V,V,W,V,G,T,N,N,H,G,H,T,A,E,Q,V,A,G,G,I,Q,A,I,V,H,L,L,N,K,R,Q,P,Q,A,R,V,V,V,L,G,L,L,P,R,G,Q,H,P,N,P,L,R,E,K,N,R,Q,V,N,V,L,V,R,E,A,L,A,G,Q,P,R,A,H,F,L,D,A,D,P,G,F,V,H,S,D,G,T,I,S,H,H,D,M,Y,D,Y,L,H,L,S,R,L,G,Y,A,P,I,C,K,A,L,H,A,L,L,L,S,L,L,G,A,D,Q,G,-,-,-,-,-,-,-,-,-,-
Orycteropus_afer_afer,M,S,A,E,E,N,P,A,S,K,P,T,P,V,Q,D,V,Q,G,D,G,R,W,M,S,L,H,H,R,F,V,A,D,S,K,D,K,E,P,E,V,V,F,I,G,D,S,L,V,Q,L,M,H,Q,C,I,W,R,E,L,F,S,P,L,H,A,L,N,F,G,I,G,G,D,S,T,Q,H,V,L,W,R,L,E,N,G,E,L,E,H,I,R,P,K,I,V,V,V,W,V,G,T,N,N,H,G,H,T,A,E,Q,V,T,G,G,I,K,A,I,V,Q,L,V,N,Q,R,Q,P,Q,A,R,V,V,V,L,G,L,L,P,R,G,Q,H,P,N,P,L,R,E,K,N,Q,R,V,N,E,L,V,R,A,A,L,A,D,H,P,R,A,H,F,L,D,A,D,P,G,F,V,H,S,D,G,T,I,S,H,H,D,M,Y,D,Y,L,H,L,S,R,L,G,Y,T,P,V,C,R,V,L,H,S,L,L,L,R,L,L,A,Q,D,Q,G,Q,G,V,P,M,L,E,P,T,L
Oryctolagus_cuniculus,M,S,G,E,E,N,P,A,S,K,P,T,P,V,Q,D,V,Q,G,D,G,R,W,M,S,L,H,H,R,F,V,A,D,S,K,D,K,E,P,E,V,V,F,I,G,D,S,L,V,Q,L,M,H,Q,C,I,W,R,E,L,F,S,P,L,H,A,L,N,F,G,I,G,G,D,S,T,Q,H,V,L,W,R,L,E,N,G,E,L,E,H,I,R,P,K,I,V,V,V,W,V,G,T,N,N,H,G,H,T,A,E,Q,V,T,G,G,I,K,A,I,V,Q,L,V,N,Q,R,Q,P,Q,A,R,V,V,V,L,G,L,L,P,R,G,Q,H,P,N,P,L,R,E,K,N,R,R,V,N,E,L,V,R,A,A,L,A,G,H,P,R,A,H,F,L,D,A,D,P,G,F,V,H,S,D,G,T,I,S,H,H,D,M,Y,D,Y,L,H,L,S,R,L,G,Y,T,P,V,C,R,A,L,H,S,L,L,L,R,L,L,A,Q,D,Q,G,Q,G,V,P,P,S,E,P,T,P
Oryx_dammah,M,S,G,D,E,N,P,A,S,K,P,T,P,V,Q,D,V,Q,G,D,G,R,W,M,S,L,H,H,R,F,V,A,D,S,K,D,K,E,P,E,V,V,F,I,G,D,S,L,V,Q,L,M,H,Q,C,I,W,R,E,L,F,S,P,L,H,A,L,N,F,G,I,G,G,D,S,T,Q,H,V,L,W,R,L,E,N,G,E,L,E,H,I,R,P,K,I,V,V,V,W,V,G,T,N,N,H,G,H,T,A,E,Q,V,T,G,G,I,K,A,I,V,Q,L,V,N,E,R,Q,P,Q,A,R,V,V,V,L,G,L,L,P,R,G,Q,H,P,N,P,L,R,E,K,N,R,R,V,N,E,L,V,R,A,A,L,A,G,H,P,R,A,H,F,L,D,A,D,P,G,F,V,H,S,D,G,T,I,S,H,H,D,M,Y,D,Y,L,H,L,S,R,L,G,Y,T,P,V,C,R,A,L,H,S,L,L,L,R,L,L,T,Q,D,Q,G,Q,G,A,L,L,P,E,P,S,P
Otolemur_garnettii,M,S,G,E,E,N,P,A,S,K,P,T,P,V,Q,D,V,Q,G,D,G,R,W,M,S,L,H,H,R,F,V,A,D,S,K,D,K,E,P,E,V,V,F,I,G,D,S,S,V,Q,L,M,H,Q,C,I,W,R,E,L,F,S,P,L,H,A,L,N,F,G,I,G,G,D,S,T,Q,H,V,L,W,R,L,E,N,G,E,L,E,H,I,R,P,K,I,V,V,V,W,V,G,T,N,N,H,G,H,T,A,E,Q,V,A,G,G,I,K,A,I,V,E,L,V,N,K,R,Q,P,Q,A,R,V,V,V,L,G,L,L,P,R,G,Q,H,P,N,P,L,R,E,K,N,Q,Q,V,N,E,L,I,R,A,A,L,A,G,H,P,R,A,H,F,L,D,A,D,P,G,F,V,H,S,D,G,T,I,S,H,H,D,M,Y,D,Y,L,H,L,S,R,L,G,Y,T,P,V,C,R,S,L,H,S,L,L,L,R,L,L,A,Q,D,Q,G,Q,G,V,S,L,P,E,P,T,P
Panthera_leo,M,S,G,E,E,N,P,A,S,K,P,T,P,V,Q,D,V,Q,G,D,G,R,W,M,S,L,H,H,R,F,V,A,D,S,K,D,K,E,P,E,V,V,F,I,G,D,S,L,V,Q,L,M,H,Q,C,L,W,R,E,L,F,S,P,L,H,A,L,N,F,G,I,G,S,D,S,T,Q,H,V,L,W,R,L,E,N,G,E,L,E,H,I,R,P,K,I,V,V,V,W,V,G,T,N,N,H,G,H,T,A,E,Q,V,T,G,G,I,K,A,I,V,Q,L,V,N,Q,R,Q,P,Q,A,R,V,V,V,L,G,L,L,P,R,G,Q,H,P,N,P,L,R,E,K,N,R,R,V,N,E,L,V,R,A,A,L,A,G,H,P,R,A,H,F,L,D,A,D,P,G,F,V,H,S,D,G,T,I,S,H,H,D,M,Y,D,Y,L,H,L,S,R,L,G,Y,T,P,V,C,R,A,L,H,S,L,L,L,R,L,L,A,Q,D,Q,G,Q,G,V,P,R,P,E,A,T,P
Panthera_pardus,M,S,G,E,E,N,P,A,S,K,P,T,P,V,Q,D,V,Q,G,D,G,R,W,M,S,L,H,H,R,F,V,A,D,S,K,D,K,E,P,E,V,V,F,I,G,D,S,L,V,Q,L,M,H,Q,C,L,W,R,E,L,F,S,P,L,H,A,L,N,F,G,I,G,S,D,S,T,Q,H,V,L,W,R,L,E,N,G,E,L,E,H,I,R,P,K,I,V,V,V,W,V,G,T,N,N,H,G,H,T,A,E,Q,V,T,G,G,I,K,A,I,V,Q,L,V,N,Q,R,Q,P,Q,A,R,V,V,V,L,G,L,L,P,R,G,Q,H,P,N,P,L,R,E,K,N,R,R,V,N,E,L,V,R,A,A,L,A,G,H,P,R,A,H,F,L,D,A,D,P,G,F,V,H,S,D,G,T,I,S,H,H,D,M,Y,D,Y,L,H,L,S,R,L,G,Y,T,P,V,C,R,A,L,H,S,L,L,L,R,L,L,A,Q,D,Q,G,Q,G,V,P,R,P,E,A,T,P
Panthera_uncia,M,S,G,E,E,N,P,A,S,K,P,T,P,V,Q,D,V,Q,G,D,G,R,W,M,S,L,H,H,R,F,V,A,D,S,K,D,K,E,P,E,V,V,F,I,G,D,S,L,V,Q,L,M,H,Q,C,L,W,R,E,L,F,S,P,L,H,A,L,N,F,G,I,G,S,D,S,T,Q,H,V,L,W,R,L,E,N,G,E,L,E,H,I,R,P,K,I,V,V,V,W,V,G,T,N,N,H,G,H,T,A,E,Q,V,T,G,G,I,K,A,I,V,Q,L,V,N,Q,R,Q,P,Q,A,R,V,V,V,L,G,L,L,P,R,G,Q,H,P,N,P,L,R,E,K,N,R,R,V,N,E,L,V,R,A,A,L,A,G,H,P,R,A,H,F,L,D,A,D,P,G,F,V,H,S,D,G,T,I,S,H,H,D,M,Y,D,Y,L,H,L,S,R,L,G,Y,T,P,V,C,R,A,L,H,S,L,L,L,R,L,L,A,Q,D,Q,G,Q,G,V,P,R,P,E,A,T,P
Perognathus_longimembris_pacificus,M,S,G,E,E,N,P,A,S,K,P,T,P,V,Q,D,V,Q,G,D,G,R,W,M,S,L,H,H,R,F,V,A,D,S,K,D,K,E,P,E,V,V,F,I,G,D,S,L,V,Q,L,M,H,Q,C,I,W,R,E,L,F,S,P,L,H,A,L,N,F,G,I,G,G,D,S,T,Q,H,V,L,W,R,L,E,N,G,E,L,E,H,I,R,P,K,I,V,V,V,W,V,G,T,N,N,H,G,H,T,A,E,Q,V,T,G,G,I,K,A,I,V,Q,L,V,N,Q,R,Q,P,Q,A,R,V,V,V,L,G,L,L,P,R,G,Q,H,P,N,P,L,R,E,K,N,R,Q,V,N,E,L,V,R,A,A,L,A,G,H,P,R,A,H,F,L,D,A,D,P,G,F,V,H,S,D,G,T,I,S,H,H,D,M,Y,D,Y,L,H,L,S,R,L,G,Y,T,P,V,C,R,A,L,H,S,L,L,L,R,L,L,A,Q,D,Q,G,Q,G,V,P,L,P,E,P,T,P
Peromyscus_californicus_insignis,M,S,G,E,E,N,P,A,S,K,P,T,P,V,Q,D,V,Q,G,D,G,R,W,M,S,L,H,H,R,F,V,A,D,S,K,D,K,E,P,E,V,V,F,I,G,D,S,L,V,Q,L,M,H,Q,C,I,W,R,E,L,F,S,P,L,H,A,L,N,F,G,I,G,G,D,S,T,Q,H,V,L,W,R,L,E,N,G,E,L,E,H,I,R,P,K,I,V,V,V,W,V,G,T,N,N,H,S,H,T,A,E,Q,V,T,G,G,I,R,A,I,V,Q,L,V,N,K,L,Q,P,Q,A,R,V,V,V,L,G,L,L,P,R,G,Q,H,P,N,P,L,R,E,K,N,R,Q,V,N,E,L,V,R,A,A,L,A,G,H,P,R,A,H,F,L,D,A,D,P,G,F,V,H,S,D,G,T,I,S,H,H,D,M,Y,D,Y,L,H,L,S,R,L,G,Y,T,P,V,C,R,A,L,H,S,L,L,L,R,L,L,A,Q,D,Q,G,Q,G,V,P,L,P,E,T,T,P
Peromyscus_leucopus,M,S,G,Q,E,N,P,A,S,K,P,T,P,V,Q,D,V,Q,G,D,G,R,W,M,S,L,H,H,R,F,V,A,D,S,K,D,K,E,P,E,V,V,F,I,G,D,S,L,V,Q,L,M,H,Q,C,I,W,R,E,L,F,S,P,L,H,A,L,N,F,G,I,G,G,D,S,T,Q,H,V,L,W,R,L,E,N,G,E,L,E,H,I,R,P,K,I,V,V,V,W,V,G,T,N,N,H,S,H,T,A,E,Q,V,T,G,G,I,R,A,I,V,Q,L,V,N,K,L,Q,P,Q,A,R,V,V,V,L,G,L,L,P,R,G,Q,H,P,N,P,L,R,E,K,N,R,Q,V,N,E,L,V,R,A,A,L,A,G,H,P,R,A,H,F,L,D,A,D,P,G,F,V,H,S,D,G,T,I,S,H,H,D,M,Y,D,Y,L,H,L,S,R,L,G,Y,T,P,V,C,R,A,L,H,S,L,L,L,R,L,L,A,Q,D,Q,G,Q,G,V,P,L,P,E,T,T,P
Peromyscus_maniculatus_bairdii,M,S,G,Q,E,N,P,A,S,K,P,T,P,V,Q,D,V,Q,G,D,G,R,W,M,S,L,H,H,R,F,V,A,D,S,K,D,K,E,P,E,V,V,F,I,G,D,S,L,V,Q,L,M,H,Q,C,I,W,R,E,L,F,S,P,L,H,A,L,N,F,G,I,G,G,D,S,T,Q,H,V,L,W,R,L,E,N,G,E,L,E,H,I,R,P,K,I,V,V,V,W,V,G,T,N,N,H,S,H,T,A,E,Q,V,T,G,G,I,R,A,I,V,Q,L,V,N,K,L,Q,P,Q,A,R,V,V,V,L,G,L,L,P,R,G,Q,H,P,N,P,L,R,E,K,N,R,Q,V,N,E,L,V,R,A,A,L,A,G,H,P,R,A,H,F,L,D,A,D,P,G,F,V,H,S,D,G,T,I,S,H,H,D,M,Y,D,Y,L,H,L,S,R,L,G,Y,T,P,V,C,R,A,L,H,S,L,L,L,R,L,L,A,Q,D,Q,G,Q,G,V,P,L,P,E,T,T,P
Phascolarctos_cinereus,M,S,G,H,H,N,P,A,S,T,P,T,P,V,Q,D,V,Q,G,D,G,R,W,M,S,L,H,H,R,F,V,A,D,S,K,D,K,E,P,E,V,V,F,I,G,D,S,L,V,Q,L,L,H,Q,C,L,W,R,E,L,F,S,P,L,H,A,L,N,F,G,M,G,G,D,S,T,Q,H,V,L,W,R,L,E,N,G,E,L,E,H,I,R,P,K,I,V,L,V,W,V,G,T,N,N,H,G,H,T,A,E,Q,V,A,A,G,I,E,A,I,V,G,L,V,N,Q,R,Q,P,Q,A,R,V,V,V,L,A,L,L,P,R,G,Q,H,P,N,P,L,R,E,K,N,R,R,V,N,E,L,V,R,A,A,L,A,G,R,P,R,A,H,F,L,D,A,D,P,G,F,V,H,S,D,G,T,I,S,H,H,D,M,Y,D,Y,L,H,L,T,R,L,G,Y,T,P,V,C,R,A,L,H,A,L,L,L,R,L,L,A,S,G,Q,G,-,-,P,P,Q,P,E,-,-,-
Phoca_vitulina,M,S,R,E,E,N,P,A,S,K,P,T,P,V,Q,D,V,Q,G,D,G,R,W,M,S,L,H,H,R,F,V,A,D,S,K,D,K,E,P,E,V,V,F,I,G,D,S,L,V,Q,L,M,H,Q,C,I,W,R,E,L,F,S,P,L,H,A,L,N,F,G,I,G,N,D,S,T,Q,H,V,L,W,R,L,E,N,G,E,L,E,H,I,R,P,K,I,V,V,V,W,V,G,T,N,N,H,G,H,T,A,E,Q,V,T,G,G,I,Q,A,I,V,Q,L,V,N,Q,R,Q,P,Q,A,R,V,V,V,L,G,L,L,P,R,G,Q,H,P,N,P,L,R,E,K,N,R,R,V,N,E,L,V,R,A,A,L,A,G,H,P,R,A,H,F,L,D,A,D,P,G,F,V,H,S,D,G,T,I,S,H,H,D,M,Y,D,Y,L,H,L,S,R,L,G,Y,T,P,V,C,R,A,L,H,S,L,L,L,R,L,L,A,Q,D,Q,G,Q,G,V,P,L,P,E,A,A,P
Phodopus_roborovskii,M,S,G,E,E,N,P,A,S,K,P,T,P,V,Q,D,V,Q,G,D,G,R,W,M,S,L,H,H,R,F,V,A,D,S,K,D,K,E,P,E,V,V,F,I,G,D,S,L,V,Q,L,M,H,Q,C,I,W,R,E,L,F,S,P,L,H,A,L,N,F,G,I,G,G,D,S,T,Q,H,V,L,W,R,L,E,N,G,E,L,E,H,I,R,P,K,I,V,V,V,W,V,G,T,N,N,H,S,H,T,A,E,Q,V,T,G,G,I,K,A,I,V,Q,L,V,N,K,L,Q,P,Q,A,R,V,V,V,L,G,L,L,P,R,G,Q,H,P,N,P,L,R,E,K,N,R,Q,V,N,E,L,I,R,A,A,L,A,G,H,P,R,A,H,F,L,D,A,D,P,G,F,V,H,S,D,G,T,I,S,H,H,D,M,Y,D,Y,L,H,L,S,R,L,G,Y,T,P,V,C,R,A,L,H,S,L,L,L,R,L,L,A,Q,D,Q,G,Q,G,T,P,L,P,E,T,T,P
Prionailurus_bengalensis_euptilurus,-,-,-,-,-,-,-,-,-,-,-,-,-,-,-,-,-,-,-,-,-,-,-,-,-,-,-,-,-,-,-,-,-,-,-,-,-,-,-,-,-,-,-,-,-,-,-,-,-,-,-,-,-,-,-,-,-,-,-,-,-,-,-,-,-,-,-,-,-,-,-,-,-,-,-,-,-,-,-,-,-,-,-,-,-,-,-,-,-,-,-,-,-,-,-,-,-,-,-,-,-,-,-,-,-,-,-,-,-,-,-,-,-,-,-,-,-,-,-,-,-,-,-,-,-,-,-,-,-,-,-,-,-,-,-,-,-,-,-,-,-,-,-,-,-,-,-,-,-,-,-,-,-,-,-,-,-,-,-,-,-,-,-,-,-,-,-,-,-,-,-,-,-,-,-,-,-,-,-,-,-,-,-,-,-,-,-,-,-,-,-,-,-,-,-,-,-,-,-,-,-,-,-,-,-,-,-,-,-,-,-,-,-,-,-,-,-,-,-,-,-,-,-,-,-,-,-,-,-,-
Puma_concolor,M,S,G,E,E,N,P,A,S,K,P,T,P,V,Q,D,V,Q,G,D,G,R,W,M,S,L,H,H,R,F,V,A,D,S,K,D,K,E,P,E,V,V,F,I,G,D,S,L,V,Q,L,M,H,Q,C,I,W,R,E,L,F,S,P,L,H,A,L,N,F,G,I,G,S,D,S,T,Q,H,V,L,W,R,L,E,N,G,E,L,E,H,I,R,P,K,I,V,V,V,W,V,G,T,N,N,H,G,H,T,A,E,Q,V,T,G,G,I,K,A,I,V,Q,L,V,N,Q,R,Q,P,Q,A,R,V,V,V,L,G,L,L,P,R,G,Q,H,P,N,P,L,R,E,K,N,R,R,V,N,E,L,V,R,A,A,L,A,G,H,P,R,A,H,F,L,D,A,D,P,G,F,V,H,S,D,G,T,I,S,H,H,D,M,Y,D,Y,L,H,L,S,R,L,G,Y,T,P,V,C,R,A,L,H,S,L,L,L,R,L,L,A,Q,D,Q,G,Q,G,V,P,R,P,E,A,T,P
Puma_yagouaroundi,M,S,G,E,E,N,P,A,S,K,P,T,P,V,Q,D,V,Q,G,D,G,R,W,M,S,L,H,H,R,F,V,A,D,S,K,D,K,E,P,E,V,V,F,I,G,D,S,L,V,Q,L,M,H,Q,C,I,W,R,E,L,F,S,P,L,H,A,L,N,F,G,I,G,S,D,S,T,Q,H,V,L,W,R,L,E,N,G,E,L,E,H,I,R,P,K,I,V,V,V,W,V,G,T,N,N,H,G,H,T,A,E,Q,V,T,G,G,I,K,A,I,V,Q,L,V,N,Q,R,Q,P,Q,A,R,V,V,V,L,G,L,L,P,R,G,Q,H,P,N,P,L,R,E,K,N,R,R,V,N,E,L,V,R,A,A,L,A,G,H,P,R,A,H,F,L,D,A,D,P,G,F,V,H,S,D,G,T,I,S,H,H,D,M,Y,D,Y,L,H,L,S,R,L,G,Y,T,P,V,C,R,A,L,H,S,L,L,L,R,L,L,A,Q,D,Q,G,Q,G,V,P,R,P,E,A,T,P
Rattus_norvegicus,M,S,G,E,E,N,P,A,S,K,P,T,P,V,Q,D,V,Q,G,D,G,R,W,M,S,L,H,H,R,F,V,A,D,S,K,D,K,E,P,E,V,V,F,I,G,D,S,L,V,Q,L,M,H,Q,C,I,W,R,E,L,F,S,P,L,H,A,L,N,F,G,I,G,G,D,S,T,Q,H,V,L,W,R,L,E,N,G,E,L,E,H,I,R,P,K,I,V,V,V,W,V,G,T,N,N,H,S,H,T,A,E,Q,V,T,G,G,I,K,A,I,V,Q,L,V,N,K,L,Q,P,Q,A,R,V,V,V,L,G,L,L,P,R,G,Q,H,P,N,P,L,R,E,K,N,R,Q,V,N,E,L,V,R,A,A,L,A,G,Y,P,R,A,H,F,L,D,A,D,P,G,F,V,H,S,D,G,T,I,S,H,H,D,M,Y,D,Y,L,H,L,S,R,L,G,Y,T,P,V,C,R,A,L,H,S,L,L,L,R,L,L,A,Q,D,Q,G,Q,G,I,P,L,P,E,T,A,P
Rattus_rattus,M,S,G,E,E,N,P,A,S,K,P,T,P,V,Q,D,V,Q,G,D,G,R,W,M,S,L,H,H,R,F,V,A,D,S,K,D,K,E,P,E,V,V,F,I,G,D,S,L,V,Q,L,M,H,Q,C,I,W,R,E,L,F,S,P,L,H,A,L,N,F,G,I,G,G,D,S,T,Q,H,V,L,W,R,L,E,N,G,E,L,E,H,I,R,P,K,I,V,V,V,W,V,G,T,N,N,H,S,H,T,A,E,Q,V,T,G,G,I,K,A,I,V,Q,L,V,N,K,L,Q,P,Q,A,R,V,V,V,L,G,L,L,P,R,G,Q,H,P,N,P,L,R,E,K,N,R,Q,V,N,E,L,V,R,A,A,L,A,G,Y,P,R,A,H,F,L,D,A,D,P,G,F,V,H,S,D,G,T,I,S,H,H,D,M,Y,D,Y,L,H,L,S,R,L,G,Y,T,P,V,C,R,A,L,H,S,L,L,L,R,L,L,A,Q,D,Q,G,Q,G,I,P,L,P,E,T,A,P
Sarcophilus_harrisii,M,S,G,D,H,N,P,A,S,T,P,A,P,G,Q,D,V,Q,G,D,G,R,W,M,S,L,H,Y,R,F,V,A,D,S,K,D,K,E,P,E,V,V,F,I,G,D,S,L,V,Q,L,L,H,Q,C,L,W,R,E,L,F,S,P,L,H,A,L,N,F,G,I,S,G,D,S,T,Q,H,V,L,W,R,L,E,N,G,E,L,E,H,I,R,P,K,I,V,V,V,W,V,G,T,N,N,Y,G,H,T,A,E,Q,V,A,A,G,I,E,A,I,V,G,L,V,N,Q,R,Q,P,Q,A,R,V,V,V,L,A,L,L,P,R,G,Q,H,P,N,P,L,R,D,K,N,R,R,V,N,E,L,V,R,T,A,L,A,G,R,P,R,A,H,F,L,D,A,D,P,G,F,V,H,S,D,G,T,I,S,H,H,D,M,Y,D,Y,L,H,L,T,R,L,G,Y,T,P,V,C,R,A,L,H,A,L,L,L,R,L,L,A,A,G,Q,G,-,-,-,-,-,-,-,-,-,-
Suncus_etruscus,M,S,G,D,E,N,P,A,S,R,P,T,P,V,Q,D,V,Q,G,D,G,R,W,M,S,L,H,H,R,F,V,A,D,S,K,D,K,E,P,E,V,V,F,I,G,D,S,L,V,Q,L,M,H,Q,C,I,W,R,E,L,F,S,P,L,H,A,L,N,F,G,I,G,G,D,S,T,Q,H,V,L,W,R,L,E,N,G,E,L,E,H,I,R,P,K,I,I,V,V,W,V,G,T,N,N,H,G,H,T,A,E,Q,V,T,G,G,I,T,A,I,V,H,L,V,N,Q,R,Q,P,Q,A,R,V,V,V,L,G,L,L,P,R,G,Q,H,P,N,P,L,R,E,K,N,Q,R,V,N,E,L,V,R,A,A,L,S,G,H,P,R,A,H,F,L,D,A,D,P,G,F,V,H,S,D,G,T,I,S,H,H,D,M,Y,D,Y,L,H,L,S,R,L,G,Y,T,P,V,C,R,S,L,H,S,L,L,L,R,L,L,A,Q,D,Q,G,Q,G,A,P,L,T,A,P,T,P
Sus_scrofa,M,S,E,E,E,N,P,A,S,K,P,T,P,V,Q,D,V,Q,G,D,G,R,W,M,S,L,H,H,R,F,V,A,D,S,K,D,K,E,P,E,V,V,F,I,G,D,S,L,V,Q,L,M,H,Q,C,I,W,R,E,L,F,S,P,L,H,A,L,N,F,G,I,G,G,D,N,T,Q,H,V,L,W,R,L,E,N,G,E,L,E,H,I,R,P,K,I,V,V,V,W,V,G,T,N,N,H,G,H,T,A,E,Q,V,T,G,G,I,K,A,I,V,H,L,V,N,Q,R,Q,P,Q,A,R,V,V,V,L,G,L,L,P,R,G,Q,H,P,N,P,L,R,E,K,N,R,R,V,N,E,L,V,R,A,A,L,A,G,H,P,R,A,H,F,L,D,A,D,P,G,F,V,H,S,D,G,T,I,S,H,H,D,M,Y,D,Y,L,H,L,S,R,L,G,Y,T,P,V,C,R,A,L,H,S,L,L,L,R,L,L,A,Q,D,Q,G,Q,G,V,P,P,P,E,P,A,P
Tachyglossus_aculeatus,M,S,G,E,D,N,P,A,S,T,P,T,P,M,Q,D,V,Q,G,D,G,R,W,M,S,L,H,H,R,F,V,A,D,S,K,D,K,E,P,E,V,V,F,I,G,D,S,L,V,Q,L,L,H,Q,C,L,W,R,Q,L,F,S,P,L,H,A,L,N,F,G,I,G,G,D,A,T,H,H,V,L,W,R,L,E,N,G,E,L,E,H,I,R,P,K,I,V,V,V,W,V,G,T,N,N,H,G,H,T,A,E,Q,V,A,G,G,I,Q,A,I,V,H,L,L,N,K,R,Q,P,Q,A,R,V,V,V,L,G,L,L,P,R,G,Q,H,P,N,P,L,R,E,K,N,R,Q,V,N,V,L,V,R,E,A,L,A,G,Q,P,G,A,H,F,L,D,A,D,P,G,F,V,H,S,D,G,T,I,S,H,H,D,M,Y,D,Y,L,H,L,S,R,L,G,Y,A,P,I,C,K,A,L,H,A,L,L,L,S,L,L,G,P,D,Q,G,-,-,-,-,-,-,-,-,-,-
Talpa_occidentalis,M,S,G,E,E,N,P,A,S,R,P,-,P,V,Q,D,V,Q,G,D,G,R,W,M,S,L,H,H,R,F,V,A,D,S,K,D,K,E,P,E,V,V,F,I,G,D,S,L,V,Q,L,M,H,Q,C,I,W,R,E,L,F,S,P,L,H,A,L,N,F,G,I,G,G,D,S,T,Q,H,V,L,W,R,L,E,N,G,E,L,E,H,I,R,P,K,I,V,V,V,W,V,G,T,N,N,H,G,H,T,A,E,Q,V,T,G,G,I,K,A,I,V,H,L,V,N,Q,R,Q,P,Q,A,R,V,V,V,L,G,L,L,P,R,G,Q,H,P,N,P,L,R,E,K,N,R,Q,V,N,E,L,V,R,A,A,L,A,G,H,P,R,A,H,F,L,D,A,D,P,G,F,V,H,S,D,G,T,I,S,H,H,D,M,Y,D,Y,L,H,L,S,R,L,G,Y,T,P,V,C,R,A,L,H,S,L,L,L,R,L,L,A,Q,D,Q,G,Q,G,V,P,L,P,E,L,T,P
Trichechus_manatus_latirostris,M,S,A,E,E,N,P,A,S,K,P,T,P,V,Q,D,V,Q,G,D,G,R,W,M,S,L,H,H,R,F,V,A,D,S,K,D,K,E,P,E,V,V,F,I,G,D,S,L,V,Q,L,M,H,Q,C,I,W,R,E,L,F,S,P,L,H,A,L,N,F,G,I,G,G,D,S,T,Q,H,V,L,W,R,L,E,N,G,E,L,E,H,I,R,P,K,I,V,V,V,W,V,G,T,N,N,H,G,H,T,A,E,Q,V,T,G,G,I,K,A,I,V,E,L,V,N,R,R,Q,P,Q,A,R,V,V,V,L,G,L,L,P,R,G,Q,H,P,N,P,L,R,E,K,N,R,Q,V,N,E,L,V,R,A,A,L,A,G,H,P,R,A,H,F,L,D,A,D,P,G,F,V,H,S,D,G,T,I,S,H,H,D,M,Y,D,Y,L,H,L,S,R,L,G,Y,T,P,V,C,R,A,L,H,S,L,L,L,R,L,L,A,Q,D,Q,G,Q,S,V,P,L,V,E,P,T,P
Trichosurus_vulpecula,M,S,G,D,H,N,P,A,S,T,P,T,P,V,Q,D,V,Q,G,D,G,R,W,M,S,L,H,H,R,F,V,A,D,S,K,D,K,E,P,E,V,V,F,I,G,D,S,L,V,Q,L,L,H,Q,C,L,W,R,E,L,F,S,P,L,H,A,L,N,F,G,I,G,G,D,S,T,Q,H,V,L,W,R,L,E,N,G,E,L,E,H,I,R,P,K,I,V,V,V,W,V,G,T,N,N,H,G,H,T,A,E,Q,V,T,A,G,I,E,A,I,V,G,L,V,N,Q,R,Q,P,Q,A,R,V,V,V,L,A,L,L,P,R,G,Q,H,P,N,P,L,R,E,K,N,R,R,V,N,E,L,V,R,A,A,L,A,G,R,P,R,A,H,F,L,D,A,D,P,G,F,V,H,S,D,G,T,I,S,H,H,D,M,Y,D,Y,L,H,L,T,R,L,G,Y,T,P,V,C,K,A,L,H,A,L,L,L,R,L,L,A,A,G,Q,G,-,-,P,P,Q,P,E,-,-,-
Ursus_arctos_horribilis,-,-,-,-,-,-,-,-,-,-,-,-,-,-,-,-,-,-,-,-,-,-,-,-,-,-,-,-,-,-,-,-,-,-,-,-,-,-,-,-,-,-,-,-,-,-,-,-,-,-,-,-,-,-,-,-,-,-,-,-,-,-,-,-,-,-,-,-,-,-,-,-,-,-,-,-,-,-,-,-,-,-,-,-,-,-,-,-,-,-,-,-,-,-,-,-,-,-,-,-,-,-,-,-,-,-,-,-,-,-,-,-,-,-,-,-,-,-,-,-,-,-,-,-,-,-,-,-,-,-,-,-,-,-,-,-,-,-,-,-,-,-,-,-,-,-,-,-,-,-,-,-,-,-,-,-,-,-,-,-,-,-,-,-,-,-,-,-,-,-,-,-,-,-,-,-,-,-,-,-,-,-,-,-,-,-,-,-,-,-,-,-,-,-,-,-,-,-,-,-,-,-,-,-,-,-,-,-,-,-,-,-,-,-,-,-,-,-,-,-,-,-,-,-,-,-,-,-,-,-
Vombatus_ursinus,M,S,G,D,H,N,P,A,S,T,P,T,P,V,Q,D,V,Q,G,D,G,R,W,M,S,L,H,H,R,F,V,A,D,S,K,D,K,E,P,E,V,V,F,I,G,D,S,L,V,Q,L,L,H,Q,C,L,W,R,E,L,F,S,P,L,H,A,L,N,F,G,M,G,G,D,S,T,Q,H,V,L,W,R,L,E,N,G,E,L,E,H,I,R,P,K,I,V,V,V,W,V,G,T,N,N,H,G,H,T,A,E,Q,V,A,A,G,I,E,A,I,V,G,L,V,N,Q,R,Q,P,Q,A,R,V,V,V,L,A,L,L,P,R,G,Q,H,P,N,P,L,R,E,K,N,R,R,V,N,E,L,V,R,A,A,L,A,G,R,P,R,A,H,F,L,D,A,D,P,G,F,V,H,S,D,G,T,I,S,H,H,D,M,Y,D,Y,L,H,L,T,R,L,G,Y,T,P,V,C,R,A,L,H,A,L,L,L,R,L,L,A,S,G,Q,G,-,-,P,P,Q,P,E,P,G,P
Vulpes_lagopus,M,S,G,E,E,N,P,A,S,K,P,T,P,V,Q,D,V,Q,G,D,G,R,W,M,S,L,H,H,R,F,V,A,D,S,K,D,K,E,P,E,V,V,F,I,G,D,S,L,V,Q,L,M,H,Q,C,I,W,R,E,L,F,S,P,L,H,A,L,N,F,G,I,G,S,D,S,T,Q,H,V,L,W,R,L,E,N,G,E,L,E,H,I,R,P,K,I,V,V,V,W,V,G,T,N,N,H,G,H,T,A,E,Q,V,T,G,G,I,K,A,I,V,Q,L,V,N,Q,R,Q,P,Q,A,R,V,V,V,L,G,L,L,P,R,G,Q,H,P,N,P,L,R,E,K,N,R,R,V,N,E,L,V,R,A,A,L,A,G,H,P,R,A,H,F,L,D,A,D,P,G,F,V,H,S,D,G,T,I,S,H,H,D,M,Y,D,Y,L,H,L,S,R,L,G,Y,T,P,V,C,R,A,L,H,S,L,L,L,R,L,L,A,Q,D,Q,G,Q,G,I,P,L,P,E,A,T,P
Vulpes_vulpes,M,S,G,E,E,N,P,A,S,K,P,T,P,V,Q,D,V,Q,G,D,G,R,W,M,S,L,H,H,R,F,V,A,D,S,K,D,K,E,P,E,V,V,F,I,G,D,S,L,V,Q,L,M,H,Q,C,I,W,R,E,L,F,S,P,L,H,A,L,N,F,G,I,G,S,D,S,T,Q,H,V,L,W,R,L,E,N,G,E,L,E,H,I,R,P,K,I,V,V,V,W,V,G,T,N,N,H,G,H,T,A,E,Q,V,T,G,G,I,K,A,I,V,Q,L,V,N,Q,R,Q,P,Q,A,R,V,V,V,L,G,L,L,P,R,G,Q,H,P,N,P,L,R,E,K,N,R,R,V,N,E,L,V,R,A,A,L,A,G,H,P,R,A,H,F,L,D,A,D,P,G,F,V,H,S,D,G,T,I,S,H,H,D,M,Y,D,Y,L,H,L,S,R,L,G,Y,T,P,V,C,R,A,L,H,S,L,L,L,R,L,L,A,Q,D,Q,G,Q,G,I,P,L,P,E,A,T,P
Zalophus_californianus,M,S,G,E,E,N,P,A,S,K,P,T,P,V,Q,D,V,Q,G,D,G,R,W,M,S,L,H,H,R,F,V,A,D,S,K,D,K,E,P,E,V,V,F,I,G,D,S,L,V,Q,L,M,H,Q,C,I,W,R,E,L,F,S,P,L,H,A,L,N,F,G,I,G,N,D,S,T,Q,H,V,L,W,R,L,E,N,G,E,L,E,H,I,R,P,K,I,V,V,V,W,V,G,T,N,N,H,G,H,T,A,E,Q,V,T,G,G,I,K,A,I,V,Q,L,V,N,Q,R,Q,P,Q,A,R,V,V,V,L,G,L,L,P,R,G,Q,H,P,N,P,L,R,E,K,N,R,R,V,N,E,L,V,R,A,A,L,A,G,H,P,R,A,H,F,L,D,A,D,P,G,F,V,H,S,D,G,T,I,S,H,H,D,M,Y,D,Y,L,H,L,S,R,L,G,Y,T,P,V,C,R,A,L,H,S,L,L,L,R,L,L,A,Q,D,Q,G,Q,G,V,P,L,P,E,A,A,P
shrew_mole,M,S,G,E,E,N,P,A,S,R,P,T,P,V,Q,D,V,Q,G,D,G,R,W,M,S,L,H,H,R,F,V,A,D,S,K,D,K,E,P,E,V,V,F,I,G,D,S,L,V,Q,L,M,H,Q,C,I,W,R,E,L,F,S,P,L,H,A,L,N,F,G,I,G,G,D,S,T,Q,H,V,L,W,R,L,E,N,G,E,L,E,H,I,R,P,K,I,V,V,V,W,V,G,T,N,N,H,G,H,T,A,E,Q,V,T,G,G,I,K,A,I,V,H,L,V,N,Q,R,Q,P,Q,A,R,V,V,V,L,G,L,L,P,R,G,Q,H,P,N,P,L,R,E,K,N,R,Q,V,N,E,L,V,R,A,A,L,A,G,H,P,R,A,H,F,L,D,A,D,P,G,F,V,H,S,D,G,T,I,S,H,H,D,M,Y,D,Y,L,H,L,S,R,L,G,Y,T,P,V,C,R,A,L,H,S,L,L,L,R,L,L,A,Q,D,Q,G,Q,G,T,T,V,P,Q,L,T,P
ZWS,M,S,G,E,E,N,P,A,S,K,P,T,P,V,Q,D,V,Q,G,D,G,R,W,M,S,L,H,H,R,F,V,A,D,S,K,D,K,E,P,E,V,V,F,I,G,D,S,L,V,Q,L,M,H,Q,C,I,W,R,E,L,F,S,P,L,H,A,L,N,F,G,I,G,G,D,S,T,Q,H,V,L,W,R,L,E,N,G,E,L,E,H,I,R,P,K,I,V,V,V,W,V,G,T,N,N,H,S,H,T,A,E,Q,V,T,G,G,I,K,A,I,V,Q,L,V,N,K,L,Q,P,Q,A,R,V,V,V,L,G,L,L,P,R,G,Q,H,P,N,P,L,R,E,K,N,R,H,V,N,E,L,V,R,A,A,L,A,G,H,P,R,A,H,F,L,D,A,D,P,G,F,V,H,S,D,G,T,I,S,H,H,D,M,Y,D,Y,L,H,L,S,R,L,G,Y,T,P,V,C,R,A,L,H,S,L,L,L,R,L,L,A,Q,D,Q,G,Q,G,V,P,L,L,E,P,T,P
