,PHETA1 0,PHETA1 1,PHETA1 2,PHETA1 3,PHETA1 4,PHETA1 5,PHETA1 6,PHETA1 7,PHETA1 8,PHETA1 9,PHETA1 10,PHETA1 11,PHETA1 12,PHETA1 13,PHETA1 14,PHETA1 15,PHETA1 16,PHETA1 17,PHETA1 18,PHETA1 19,PHETA1 20,PHETA1 21,PHETA1 22,PHETA1 23,PHETA1 24,PHETA1 25,PHETA1 26,PHETA1 27,PHETA1 28,PHETA1 29,PHETA1 30,PHETA1 31,PHETA1 32,PHETA1 33,PHETA1 34,PHETA1 35,PHETA1 36,PHETA1 37,PHETA1 38,PHETA1 39,PHETA1 40,PHETA1 41,PHETA1 42,PHETA1 43,PHETA1 44,PHETA1 45,PHETA1 46,PHETA1 47,PHETA1 48,PHETA1 49,PHETA1 50,PHETA1 51,PHETA1 52,PHETA1 53,PHETA1 54,PHETA1 55,PHETA1 56,PHETA1 57,PHETA1 58,PHETA1 59,PHETA1 60,PHETA1 61,PHETA1 62,PHETA1 63,PHETA1 64,PHETA1 65,PHETA1 66,PHETA1 67,PHETA1 68,PHETA1 69,PHETA1 70,PHETA1 71,PHETA1 72,PHETA1 73,PHETA1 74,PHETA1 75,PHETA1 76,PHETA1 77,PHETA1 78,PHETA1 79,PHETA1 80,PHETA1 81,PHETA1 82,PHETA1 83,PHETA1 84,PHETA1 85,PHETA1 86,PHETA1 87,PHETA1 88,PHETA1 89,PHETA1 90,PHETA1 91,PHETA1 92,PHETA1 93,PHETA1 94,PHETA1 95,PHETA1 96,PHETA1 97,PHETA1 98,PHETA1 99,PHETA1 100,PHETA1 101,PHETA1 102,PHETA1 103,PHETA1 104,PHETA1 105,PHETA1 106,PHETA1 107,PHETA1 108,PHETA1 109,PHETA1 110,PHETA1 111,PHETA1 112,PHETA1 113,PHETA1 114,PHETA1 115,PHETA1 116,PHETA1 117,PHETA1 118,PHETA1 119,PHETA1 120,PHETA1 121,PHETA1 122,PHETA1 123,PHETA1 124,PHETA1 125,PHETA1 126,PHETA1 127,PHETA1 128,PHETA1 129,PHETA1 130,PHETA1 131,PHETA1 132,PHETA1 133,PHETA1 134,PHETA1 135,PHETA1 136,PHETA1 137,PHETA1 138,PHETA1 139,PHETA1 140,PHETA1 141,PHETA1 142,PHETA1 143,PHETA1 144,PHETA1 145,PHETA1 146,PHETA1 147,PHETA1 148,PHETA1 149,PHETA1 150,PHETA1 151,PHETA1 152,PHETA1 153,PHETA1 154,PHETA1 155,PHETA1 156,PHETA1 157,PHETA1 158,PHETA1 159,PHETA1 160,PHETA1 161,PHETA1 162,PHETA1 163,PHETA1 164,PHETA1 165,PHETA1 166,PHETA1 167,PHETA1 168,PHETA1 169,PHETA1 170,PHETA1 171,PHETA1 172,PHETA1 173,PHETA1 174,PHETA1 175,PHETA1 176,PHETA1 177,PHETA1 178,PHETA1 179,PHETA1 180,PHETA1 181,PHETA1 182,PHETA1 183,PHETA1 184,PHETA1 185,PHETA1 186,PHETA1 187,PHETA1 188,PHETA1 189,PHETA1 190,PHETA1 191,PHETA1 192,PHETA1 193,PHETA1 194,PHETA1 195,PHETA1 196,PHETA1 197,PHETA1 198,PHETA1 199,PHETA1 200,PHETA1 201
Chrysochloris_asiatica,M,K,L,N,E,R,S,L,A,S,Y,A,T,C,N,T,P,A,D,N,S,G,F,L,Y,K,K,G,G,R,H,T,S,Y,H,R,R,W,F,V,L,R,G,N,M,L,F,Y,F,E,D,Q,A,S,R,E,P,V,G,V,I,I,L,E,G,C,T,V,E,L,V,E,A,A,E,E,F,A,F,A,V,R,F,A,G,T,R,A,R,T,Y,V,L,A,A,E,S,Q,A,S,M,E,G,W,V,K,A,L,S,R,A,S,F,D,Y,L,R,L,V,V,R,E,L,E,Q,Q,L,A,A,V,R,A,G,G,R,R,P,R,A,K,E,N,G,C,A,V,W,S,T,E,-,-,-,-,-,-,-,-,P,P,L,P,P,R,R,R,P,S,V,P,N,E,P,D,R,A,S,F,A,Q,L,H,E,W,Y,G,Q,E,V,R,A,L,R,D,Q,W,L,R,N,R,V,Q
Balaenoptera_acutorostrata_scammoni,-,-,-,-,-,-,-,-,-,-,-,-,-,-,-,-,-,-,-,-,-,-,-,-,-,-,-,-,-,-,-,-,-,-,-,-,-,-,-,-,-,-,-,-,-,-,-,-,-,-,-,-,-,-,-,-,-,-,-,-,-,-,-,-,-,-,-,-,-,-,-,-,-,-,-,-,-,-,-,-,-,-,-,-,-,-,-,-,-,-,-,-,-,-,-,-,-,-,-,-,-,-,-,-,-,-,-,-,-,-,-,-,-,-,-,-,-,-,-,-,-,-,-,-,-,-,-,-,-,-,-,-,-,-,-,-,-,-,-,-,-,-,-,-,-,-,-,-,-,-,-,-,-,-,-,-,-,-,-,-,-,-,-,-,-,-,-,-,-,-,-,-,-,-,-,-,-,-,-,-,-,-,-,-,-,-,-,-,-,-,-,-,-,-,-,-,-,-,-,-,-,-
Balaenoptera_musculus,M,K,L,N,E,R,S,L,A,F,Y,A,T,C,D,A,P,A,D,N,A,G,F,L,Y,K,K,G,G,R,H,A,A,Y,H,R,R,W,F,V,L,R,G,N,M,L,F,Y,F,E,D,A,A,S,R,E,P,V,G,V,I,I,L,E,G,C,T,V,E,L,V,E,A,A,E,E,F,A,F,A,V,R,F,A,G,A,R,A,R,A,Y,V,L,A,A,E,S,Q,A,A,M,E,G,W,V,K,A,L,S,R,A,S,F,D,Y,L,R,L,V,V,R,E,L,E,Q,Q,L,A,A,V,R,A,G,G,R,R,P,R,A,K,E,N,G,C,A,V,W,S,A,E,A,-,-,-,-,-,E,P,P,P,L,P,P,R,R,R,A,S,A,P,N,G,V,D,S,T,S,F,A,Q,L,H,E,W,Y,G,Q,E,V,R,A,L,R,S,Q,W,L,R,S,Q,A,Q
Echinops_telfairi,-,-,-,-,-,-,-,-,-,-,-,-,-,-,-,-,-,-,-,-,-,-,-,-,-,-,-,-,-,-,-,-,-,-,-,-,-,-,-,-,-,-,-,-,-,-,-,-,-,-,-,-,-,-,-,-,-,-,-,-,-,-,-,-,-,-,-,-,-,-,-,-,-,-,-,-,-,-,-,-,-,-,-,-,-,-,-,-,-,-,-,-,-,-,-,-,-,-,-,-,-,-,-,-,-,-,-,-,-,-,-,-,-,-,-,-,-,-,-,-,-,-,-,-,-,-,-,-,-,-,-,-,-,-,-,-,-,-,-,-,-,-,-,-,-,-,-,-,-,-,-,-,-,-,-,-,-,-,-,-,-,-,-,-,-,-,-,-,-,-,-,-,-,-,-,-,-,-,-,-,-,-,-,-,-,-,-,-,-,-,-,-,-,-,-,-,-,-,-,-,-,-
Delphinapterus_leucas,M,K,L,N,E,R,S,L,A,F,Y,A,T,C,D,A,P,A,D,N,A,G,F,L,Y,K,K,G,G,R,H,A,A,Y,H,R,R,W,F,V,L,R,G,N,M,L,F,Y,F,E,D,A,A,S,R,E,P,V,G,V,I,I,L,E,G,C,T,V,E,L,V,E,A,A,E,E,F,A,F,A,V,R,F,A,G,A,R,A,R,T,Y,V,L,A,A,E,S,Q,A,A,M,E,G,W,V,K,A,L,S,R,A,S,F,D,Y,L,R,L,V,V,R,E,L,E,R,Q,L,A,A,V,R,A,G,G,R,R,P,R,A,K,E,N,G,C,A,V,W,S,S,E,A,P,P,R,P,G,E,P,P,P,L,P,P,R,R,R,A,S,A,P,N,G,L,D,S,A,S,F,A,Q,L,H,E,W,Y,G,Q,E,V,R,A,L,R,G,Q,W,L,R,S,Q,A,Q
Globicephala_melas,M,K,L,N,E,R,S,L,A,F,Y,A,T,C,D,A,P,A,D,N,A,G,F,L,Y,K,K,G,G,R,H,A,A,Y,H,R,R,W,F,V,L,R,G,N,M,L,F,Y,F,E,D,A,A,S,R,E,P,V,G,V,I,I,L,E,G,C,T,V,E,L,V,E,A,A,E,E,F,A,F,A,V,R,F,A,G,A,R,A,R,T,Y,V,L,A,A,E,S,Q,A,A,M,E,G,W,V,K,A,L,S,R,A,S,F,D,Y,L,R,L,V,V,R,E,L,E,R,Q,L,A,A,V,R,A,G,G,R,R,P,C,A,K,E,N,G,C,A,V,W,S,S,E,A,P,P,R,P,G,E,P,P,P,L,P,P,R,R,R,A,S,A,P,N,G,L,D,S,A,S,F,A,Q,L,H,E,W,Y,G,Q,E,V,R,A,L,R,G,Q,W,L,R,S,Q,A,Q
Lagenorhynchus_obliquidens,M,K,L,N,E,R,S,L,A,F,Y,A,T,C,D,A,P,A,D,N,A,G,F,L,Y,K,K,G,G,R,H,A,A,Y,H,R,R,W,F,V,L,R,G,N,M,L,F,Y,F,E,D,A,A,S,R,E,P,V,G,V,I,I,L,E,G,C,T,V,E,L,V,E,A,A,E,E,F,A,F,A,V,R,F,A,G,A,R,A,R,T,Y,V,L,A,A,E,S,Q,A,A,M,E,G,W,V,K,A,L,S,R,A,S,F,D,Y,L,R,L,V,V,R,E,L,E,R,Q,L,A,A,V,R,A,G,G,R,R,P,S,A,K,E,N,G,C,A,V,W,S,S,E,A,P,P,R,P,G,E,P,P,P,L,P,P,R,R,R,A,S,A,P,N,G,L,D,S,A,S,F,A,Q,L,H,E,W,Y,G,Q,E,V,R,A,L,R,G,Q,W,L,R,S,Q,A,Q
Lipotes_vexillifer,M,K,L,N,E,R,S,L,A,F,Y,A,T,C,D,T,P,A,D,N,A,G,F,L,Y,K,K,G,G,R,H,A,A,Y,H,R,R,W,F,V,L,R,G,N,M,L,F,Y,F,E,D,A,A,S,R,E,P,V,G,V,I,I,L,E,G,C,T,V,E,L,V,E,A,A,E,E,F,A,F,A,V,R,F,A,G,A,R,A,R,T,Y,V,L,A,A,E,S,Q,A,A,M,E,G,W,V,K,A,L,S,R,A,S,F,D,Y,L,R,L,V,V,R,E,L,G,H,R,L,A,A,V,R,A,G,G,R,R,P,R,A,K,E,N,G,C,A,V,W,S,S,E,A,P,P,R,P,G,E,P,P,P,L,P,P,R,R,R,A,S,A,S,N,G,L,D,S,A,S,F,A,Q,L,H,E,W,Y,G,Q,E,V,R,A,L,R,G,Q,W,L,R,S,Q,A,Q
Monodon_monoceros,M,K,L,N,E,R,S,L,A,F,Y,A,T,C,D,A,P,A,D,N,A,G,F,L,Y,K,K,G,G,R,H,A,A,Y,H,R,R,W,F,V,L,R,G,N,M,L,F,Y,F,E,D,A,A,S,R,E,P,V,G,V,I,I,L,E,G,C,T,V,E,L,V,E,A,A,E,E,F,A,F,A,V,R,F,A,G,A,R,A,R,T,Y,V,L,A,A,E,S,Q,A,A,M,E,G,W,V,K,A,L,S,R,A,S,F,D,Y,L,R,L,V,V,R,E,L,E,R,Q,L,A,A,V,R,A,G,G,R,R,P,R,A,K,E,N,G,C,A,V,W,S,S,E,A,P,P,R,P,G,E,P,P,P,L,P,P,R,R,R,A,S,A,P,N,G,L,D,S,A,S,F,A,Q,L,H,E,W,Y,G,Q,E,V,R,A,L,R,G,Q,W,L,R,S,Q,A,Q
Neophocaena_asiaeorientalis_asiaeorientalis,M,K,L,N,E,R,S,L,A,F,Y,A,T,C,D,A,P,A,D,N,A,G,F,L,Y,K,K,G,G,R,H,A,A,Y,H,R,R,W,F,V,L,R,G,N,M,L,F,Y,F,E,D,A,A,S,R,E,P,V,G,V,I,I,L,E,G,C,T,C,-,-,-,-,-,-,-,-,-,-,-,-,-,-,-,-,-,-,-,-,-,-,-,-,-,-,-,-,-,-,-,-,-,-,-,-,-,-,-,-,-,-,-,-,-,-,-,-,-,-,-,-,-,-,-,-,-,-,-,-,-,-,-,-,-,-,-,-,-,-,-,-,-,-,-,-,-,-,-,-,-,-,-,-,-,-,-,-,-,-,-,-,-,-,-,-,R,R,A,S,A,P,S,G,L,D,S,A,S,F,A,Q,L,H,E,W,Y,G,Q,E,V,R,A,L,R,G,Q,W,L,R,S,Q,A,Q
Orcinus_orca,M,K,L,N,E,R,S,L,A,F,Y,A,T,C,D,A,P,A,D,N,A,G,F,L,Y,K,K,G,G,R,H,A,A,Y,H,R,R,W,F,V,L,R,G,N,M,L,F,Y,F,E,D,A,A,S,R,E,P,V,G,I,I,I,L,E,G,C,T,V,E,L,V,E,A,A,E,E,F,A,F,A,V,R,F,A,G,A,R,A,R,T,Y,V,L,A,A,E,S,Q,A,A,M,E,G,W,V,K,A,L,S,R,A,S,F,D,Y,L,R,L,V,V,R,E,L,E,R,Q,L,A,A,V,R,A,G,G,R,Q,P,R,A,K,E,N,G,C,A,V,W,S,S,E,A,P,P,R,P,G,E,P,P,P,L,P,P,R,R,R,A,S,A,P,N,G,L,D,S,A,S,F,A,Q,L,H,E,W,Y,G,Q,E,V,R,A,L,R,G,Q,W,L,R,S,Q,A,Q
Phocoena_sinus,M,K,L,N,E,R,S,L,A,F,Y,A,T,C,D,A,P,A,D,N,A,G,F,L,Y,K,K,G,G,R,H,A,A,Y,H,R,R,W,F,V,L,R,G,N,M,L,F,Y,F,E,D,A,A,S,R,E,P,V,G,V,I,I,L,E,G,C,T,V,E,L,V,E,A,A,E,E,F,A,F,A,V,R,F,A,G,A,R,A,R,T,Y,V,L,A,A,E,S,Q,A,A,M,E,G,W,V,K,A,L,S,R,A,S,F,D,Y,L,R,L,V,V,R,E,L,E,R,Q,L,A,A,V,R,A,G,G,R,R,P,R,A,K,E,N,G,C,A,V,W,S,S,E,A,P,P,R,P,G,E,P,P,P,L,P,P,R,R,R,A,S,A,P,N,G,L,D,S,A,S,F,A,Q,L,H,E,W,Y,G,Q,E,V,R,A,L,R,G,Q,W,L,R,S,Q,A,Q
Physeter_catodon,M,K,L,N,E,R,S,L,A,F,Y,A,T,C,D,A,P,A,D,N,A,G,F,L,Y,K,K,G,G,R,H,A,A,Y,H,R,R,W,F,V,L,R,G,N,M,L,F,Y,F,E,D,A,A,S,R,E,P,V,G,V,I,I,L,E,G,C,T,V,E,L,V,E,A,A,E,E,F,A,F,A,V,R,F,A,G,A,R,A,R,T,Y,V,L,A,A,E,S,Q,A,A,M,E,G,W,V,K,A,L,S,R,A,S,F,D,Y,L,R,L,V,V,R,E,L,E,Q,Q,L,A,A,V,R,A,G,G,R,R,P,R,A,K,E,N,G,C,A,V,W,S,A,E,A,S,A,R,P,G,E,P,P,P,L,P,P,R,R,G,A,S,A,P,S,R,L,D,S,A,S,F,A,Q,L,H,E,W,Y,G,Q,E,V,R,A,L,R,V,R,W,L,R,S,Q,A,Q
Tursiops_truncatus,M,K,L,N,E,R,S,L,A,F,Y,A,T,C,D,A,P,A,D,N,A,G,F,L,Y,K,K,G,G,R,H,A,A,Y,H,R,R,W,F,V,L,R,G,N,M,L,F,Y,F,E,D,A,A,S,R,E,P,V,G,V,I,I,L,E,G,C,T,V,E,L,V,E,A,A,E,E,F,A,F,A,V,R,F,A,G,A,R,A,R,T,Y,V,L,A,A,E,S,Q,A,A,M,E,G,W,V,K,A,L,S,R,A,S,F,D,Y,L,R,L,V,V,R,E,L,E,R,Q,L,A,A,V,R,A,G,G,R,R,P,R,A,K,E,N,G,C,A,V,W,S,S,E,A,P,P,R,P,G,E,P,P,P,L,P,P,R,R,R,A,S,A,P,N,G,L,D,S,A,S,F,A,Q,L,H,E,W,Y,G,Q,E,V,R,A,L,R,G,Q,W,L,R,S,H,A,Q
Acinonyx_jubatus,M,K,L,N,E,R,S,L,A,F,Y,A,T,C,D,A,P,V,D,N,A,G,F,L,Y,K,K,G,G,R,H,A,A,Y,H,R,R,W,F,V,L,R,G,N,M,L,F,Y,F,E,D,A,A,S,R,E,P,V,G,V,I,I,L,E,G,C,T,V,E,L,V,E,A,A,E,E,F,A,F,A,V,R,F,A,G,A,R,A,R,T,Y,V,L,A,A,E,S,Q,A,A,M,E,G,W,V,K,A,L,S,R,A,S,F,D,Y,L,R,L,V,V,R,E,L,E,Q,Q,L,A,A,V,R,A,G,G,R,R,P,R,A,K,E,N,G,C,A,V,W,S,A,E,A,G,A,R,P,G,V,P,P,P,L,P,P,R,R,R,A,S,A,P,N,G,L,H,A,A,S,F,A,R,L,H,E,W,Y,G,Q,E,V,R,A,L,R,G,Q,W,L,R,S,R,A,Q
Acomys_russatus,M,K,L,N,E,R,S,L,A,F,Y,A,T,C,D,A,P,V,D,N,A,G,F,L,H,K,R,G,G,R,G,A,G,S,H,R,R,W,F,V,L,R,G,N,M,L,F,Y,F,E,A,E,A,S,R,E,P,L,G,V,I,L,L,E,G,C,T,V,E,L,V,D,A,R,E,E,F,A,F,A,V,R,F,A,S,G,R,S,R,P,Y,V,L,A,A,D,S,Q,A,A,L,E,G,W,V,K,A,L,S,R,A,S,F,H,Y,L,R,L,V,V,R,E,L,E,Q,Q,L,A,A,M,R,E,G,G,-,-,-,-,-,K,E,N,G,R,A,V,W,S,V,L,Q,-,-,-,-,-,Q,R,P,P,L,P,P,R,R,R,A,P,S,A,N,G,-,-,L,A,S,F,A,Q,L,H,E,R,Y,G,L,E,V,Q,A,L,R,N,Q,W,-,-,-,-,-,-
Arvicanthis_niloticus,M,K,L,N,E,R,S,L,A,F,Y,A,T,C,D,A,P,V,D,N,A,G,F,L,H,K,R,G,G,R,G,A,G,S,H,R,R,W,F,V,L,R,G,N,M,L,F,Y,F,E,A,E,G,S,R,E,P,L,G,V,I,L,L,E,G,C,T,V,E,L,V,D,A,R,E,E,F,A,F,A,V,R,F,A,G,G,R,S,R,P,Y,V,L,A,A,D,S,Q,A,A,L,E,G,W,V,K,A,L,S,R,A,S,F,H,Y,L,R,L,V,V,R,E,L,E,Q,Q,L,A,A,M,R,E,-,-,-,-,-,-,-,K,E,N,G,R,A,V,W,S,A,L,Q,-,-,-,-,-,Q,R,P,P,L,P,P,R,R,R,A,S,A,T,N,G,-,-,L,A,S,F,A,Q,L,H,E,R,Y,G,L,E,V,Q,A,L,R,N,Q,W,-,-,-,-,-,-
Bison_bison_bison,-,-,-,-,-,-,-,-,-,-,-,-,-,-,-,-,-,-,-,-,-,-,-,-,-,-,-,-,-,-,-,-,-,-,-,-,-,-,-,-,-,-,-,-,-,-,-,-,-,-,-,-,-,-,-,-,-,-,-,-,-,-,-,-,-,-,-,-,-,-,-,-,-,-,-,-,-,-,-,-,-,-,-,-,-,-,-,-,-,-,-,-,-,-,-,-,-,-,-,-,-,-,-,-,-,-,-,-,-,-,-,-,-,-,-,-,-,-,-,-,-,-,-,-,-,-,-,-,-,-,-,-,-,-,-,-,-,-,-,-,-,-,-,-,-,-,-,-,-,-,-,-,-,-,-,-,-,-,-,-,-,-,-,-,-,-,-,-,-,-,-,-,-,-,-,-,-,-,-,-,-,-,-,-,-,-,-,-,-,-,-,-,-,-,-,-,-,-,-,-,-,-
Bos_indicus,-,-,-,-,-,-,-,-,-,-,-,-,-,-,-,-,-,-,-,-,-,-,-,-,-,-,-,-,-,-,-,-,-,-,-,-,-,-,-,-,-,-,-,-,M,L,F,Y,F,E,D,A,A,S,R,E,P,V,G,V,I,I,L,E,G,C,A,V,E,L,V,E,A,A,E,E,F,A,F,A,V,R,F,A,G,S,R,A,R,T,Y,V,L,V,A,E,S,Q,A,A,M,E,G,W,V,K,A,L,S,-,A,S,F,D,Y,L,R,V,V,V,R,E,L,E,Q,Q,L,A,A,V,R,A,G,G,H,R,P,R,A,K,E,N,G,C,A,V,W,N,A,E,A,-,-,-,-,-,E,P,P,P,L,P,P,R,R,R,A,S,A,P,N,G,L,D,S,A,S,F,A,Q,L,H,E,W,Y,G,Q,E,V,R,A,L,R,S,Q,W,L,S,S,Q,A,Q
Bos_mutus,-,-,-,-,-,-,-,-,-,-,-,-,-,-,-,-,-,-,-,-,-,-,-,-,-,-,-,-,-,-,-,-,-,-,-,-,-,-,-,-,-,-,-,-,-,-,-,-,-,-,-,-,-,-,-,-,-,-,-,-,-,-,-,-,-,-,-,-,-,-,-,-,-,-,-,-,-,-,-,-,-,-,-,-,-,-,-,-,-,-,-,-,-,-,-,-,-,-,-,-,-,-,-,-,-,-,-,-,-,-,-,-,-,-,-,-,-,-,-,-,-,-,-,-,-,-,-,-,-,-,-,-,-,-,-,-,-,-,-,-,-,-,-,-,-,-,-,-,-,-,-,-,-,-,-,-,-,-,-,-,-,-,-,-,-,-,-,-,-,-,-,-,-,-,-,-,-,-,-,-,-,-,-,-,-,-,-,-,-,-,-,-,-,-,-,-,-,-,-,-,-,-
Bos_taurus,M,K,L,N,E,R,S,L,A,F,Y,A,T,C,N,T,P,A,D,N,A,G,F,L,Y,K,K,G,G,R,H,A,A,Y,H,R,R,W,F,V,L,R,G,N,M,L,F,Y,F,E,D,A,A,S,R,E,P,V,G,V,I,I,L,E,G,C,A,V,E,L,V,E,A,A,E,E,F,A,F,A,V,R,F,A,G,S,R,A,R,T,Y,V,L,V,A,E,S,Q,A,A,M,E,G,W,V,K,A,L,S,R,A,S,F,D,Y,L,R,V,V,V,R,E,L,E,Q,Q,L,A,A,V,R,A,G,G,H,R,P,R,A,K,E,N,G,C,A,V,W,N,A,E,A,S,S,R,P,G,E,P,P,P,L,P,P,R,R,R,A,S,A,P,N,G,L,D,S,A,S,F,A,Q,L,H,E,W,Y,G,Q,E,V,R,A,L,R,S,Q,W,L,S,S,Q,A,Q
Bubalus_bubalis,M,K,L,N,E,R,S,L,A,F,Y,A,T,C,N,T,P,A,D,N,A,G,F,L,Y,K,K,G,G,R,H,A,A,Y,H,R,R,W,F,V,L,R,G,N,M,L,F,Y,F,E,D,A,A,S,R,E,P,V,G,V,I,I,L,E,G,C,A,V,E,L,V,E,A,A,E,E,F,A,F,A,V,R,F,A,G,S,R,A,R,T,Y,V,L,V,A,E,S,Q,A,A,M,E,G,W,V,K,A,L,S,R,A,S,F,D,Y,L,R,V,V,V,R,E,L,E,Q,Q,L,A,A,V,R,A,S,G,-,-,-,-,-,K,E,N,G,C,A,V,W,N,A,E,A,-,-,-,-,-,E,P,P,P,L,P,P,R,R,R,A,S,A,P,N,G,L,D,S,A,S,F,A,Q,L,H,E,W,Y,G,Q,E,V,R,A,L,R,S,Q,W,L,S,S,Q,A,Q
Budorcas_taxicolor,M,K,L,N,E,R,S,L,A,F,Y,A,T,C,D,T,P,A,D,N,A,G,F,L,Y,K,K,G,G,R,H,A,A,Y,H,R,R,W,F,V,L,R,G,N,M,L,F,Y,F,E,D,A,A,S,R,E,P,V,G,V,I,I,L,E,G,C,T,V,E,L,V,E,A,A,E,E,F,A,F,A,V,R,F,A,G,S,R,A,R,T,Y,V,L,A,A,E,S,Q,A,A,M,E,G,W,V,K,A,L,S,R,A,S,F,D,Y,L,R,L,V,V,R,E,L,E,Q,Q,L,A,A,V,R,A,G,G,H,R,P,R,A,K,E,N,G,C,A,V,W,S,A,E,A,-,-,-,-,-,E,P,P,P,L,P,P,R,R,R,A,S,A,P,N,G,L,D,S,A,S,F,A,Q,L,H,E,W,Y,G,Q,E,V,R,A,L,R,S,Q,W,L,S,S,Q,A,Q
Callithrix_jacchus,M,K,L,N,E,R,S,L,A,F,Y,A,T,C,D,A,P,V,D,N,A,G,F,L,Y,K,K,G,G,R,H,A,A,Y,H,R,R,W,F,V,L,R,G,N,M,L,F,Y,F,E,D,A,A,S,R,E,P,V,G,V,I,I,L,E,G,C,T,V,E,L,V,E,A,A,E,E,F,A,F,A,V,R,F,A,G,T,R,A,R,T,Y,V,L,A,A,E,S,Q,A,A,M,E,G,W,V,K,A,L,S,R,A,S,F,D,Y,L,R,L,V,V,R,E,L,E,Q,Q,L,A,A,V,R,-,-,-,-,-,-,-,-,K,E,N,G,C,A,V,W,S,T,E,A,T,L,R,P,G,E,P,P,P,P,P,P,R,R,R,A,S,A,P,H,G,L,D,L,A,P,F,A,R,L,H,E,C,Y,G,Q,E,I,R,A,L,R,G,Q,W,L,S,S,R,V,Q
Camelus_bactrianus,-,-,-,-,-,-,-,-,-,-,-,-,-,-,-,-,-,-,-,-,-,-,-,-,-,-,-,-,-,-,-,-,-,-,-,-,-,-,-,-,-,-,-,-,-,-,-,-,-,-,-,-,-,-,-,-,-,-,-,-,-,-,-,-,-,-,-,-,-,-,-,-,-,-,-,-,-,-,-,-,-,-,-,-,-,-,-,-,-,-,-,-,-,-,-,-,-,-,-,-,-,-,-,-,-,-,-,-,-,-,-,-,-,-,-,-,-,-,-,-,-,-,-,-,-,-,-,-,-,-,-,-,-,-,-,-,-,-,-,-,-,-,-,-,-,-,-,-,-,-,-,-,-,-,-,-,-,-,-,-,-,-,-,-,-,-,-,-,-,-,-,-,-,-,-,-,-,-,-,-,-,-,-,-,-,-,-,-,-,-,-,-,-,-,-,-,-,-,-,-,-,-
Camelus_dromedarius,M,K,L,N,E,R,S,L,A,F,Y,A,T,C,D,T,P,A,D,N,E,G,F,L,Y,K,K,G,G,R,H,A,A,Y,H,R,R,W,F,V,L,R,G,N,M,L,F,Y,F,E,D,A,A,S,R,E,P,V,G,V,I,I,L,E,G,C,T,V,E,L,V,E,A,A,E,E,F,A,F,A,V,R,F,A,G,A,R,A,R,T,Y,V,L,A,A,E,S,Q,A,A,M,E,G,W,V,K,A,L,S,R,A,S,F,D,Y,L,R,L,V,V,R,E,L,E,R,Q,L,-,-,-,-,-,-,-,-,-,-,-,-,K,E,N,G,C,A,-,-,-,-,-,-,-,-,-,-,-,-,-,-,-,-,-,-,P,R,R,A,S,A,P,N,G,L,D,S,A,S,F,A,Q,L,H,E,W,Y,G,Q,E,V,R,A,L,R,S,Q,W,L,K,S,Q,A,Q
Camelus_ferus,M,K,L,N,E,R,S,L,A,F,Y,A,T,C,D,T,P,A,D,N,E,G,F,L,Y,K,K,G,G,R,H,A,A,Y,H,R,R,W,F,V,L,R,G,N,M,L,F,Y,F,E,D,A,A,S,R,E,P,V,G,V,I,I,L,E,G,C,T,V,E,L,V,E,A,A,E,E,F,A,F,A,V,R,F,A,G,A,R,A,R,T,Y,V,L,A,A,E,S,Q,A,A,M,E,G,W,V,K,A,L,S,R,A,S,F,D,Y,L,R,L,V,V,R,E,L,E,R,Q,L,E,A,V,R,S,G,G,R,R,P,R,A,K,E,N,G,C,A,V,W,S,A,E,A,-,-,-,-,-,E,P,P,P,L,P,P,R,R,R,A,S,A,P,N,G,L,D,S,A,S,F,A,Q,L,H,E,W,Y,G,Q,E,V,R,A,L,R,S,Q,W,L,K,S,Q,A,Q
Capra_hircus,M,K,L,N,E,R,S,L,A,F,Y,A,T,C,D,T,P,A,D,N,A,G,F,L,Y,K,K,G,G,R,H,A,A,Y,H,R,R,W,F,V,L,R,G,N,M,L,F,Y,F,E,D,A,A,S,R,E,P,V,G,V,I,I,L,E,G,C,T,V,E,L,V,E,A,A,E,E,F,A,F,A,V,R,F,A,G,S,R,A,R,T,Y,V,L,A,A,E,S,Q,A,A,M,E,G,W,V,K,A,L,S,R,A,S,F,D,Y,L,R,L,V,V,R,E,L,E,Q,Q,L,A,A,V,R,A,G,G,H,R,P,R,A,K,E,N,G,C,A,V,W,S,A,E,A,-,-,-,-,-,E,P,P,P,L,P,P,R,R,R,A,S,A,P,N,G,L,D,S,A,S,F,A,Q,L,H,E,W,Y,G,Q,E,V,R,A,L,R,S,Q,W,L,S,S,Q,A,Q
Cebus_imitator,M,K,L,N,E,R,S,L,A,F,Y,A,T,C,D,A,P,V,D,N,A,G,F,L,Y,K,K,G,G,R,H,A,A,Y,H,R,R,W,F,V,L,R,G,N,M,L,F,Y,F,E,D,A,A,S,R,E,P,V,G,V,I,I,L,E,G,C,T,V,E,L,V,E,A,A,E,E,F,A,F,A,V,R,F,A,G,T,R,A,R,T,Y,V,L,A,A,E,S,Q,A,A,M,E,G,W,V,K,A,L,S,R,A,S,F,D,Y,L,R,L,V,V,R,E,L,E,Q,Q,L,A,A,V,R,S,G,-,-,-,-,-,-,K,E,N,G,C,A,V,W,S,T,E,A,T,F,R,P,G,E,P,P,P,P,P,P,R,R,R,A,S,A,P,H,G,L,D,L,A,P,F,A,R,L,H,E,C,Y,G,Q,E,I,R,A,L,R,G,Q,W,L,S,S,R,V,Q
Ceratotherium_simum_simum,-,-,-,-,-,-,-,-,-,-,-,-,-,-,-,-,-,-,-,-,-,-,-,-,-,-,-,-,-,-,-,-,-,-,-,-,-,-,-,-,-,-,-,-,-,-,-,-,-,-,-,-,-,-,-,-,-,-,-,-,-,-,-,-,-,-,-,-,-,-,-,-,-,-,-,-,-,-,-,-,-,-,-,-,-,-,-,-,-,-,-,-,-,-,-,-,-,-,-,-,-,-,-,-,-,-,-,-,-,-,-,-,-,-,-,-,-,-,-,-,-,-,-,-,-,-,-,-,-,-,-,-,-,-,-,-,-,-,-,-,-,-,-,-,-,-,-,-,-,-,-,-,-,-,-,-,-,-,-,-,-,-,-,-,-,-,-,-,-,-,-,-,-,-,-,-,-,-,-,-,-,-,-,-,-,-,-,-,-,-,-,-,-,-,-,-,-,-,-,-,-,-
Cercocebus_atys,M,K,L,N,E,R,S,L,A,F,Y,A,T,C,D,A,P,V,D,N,A,G,F,L,Y,K,K,G,G,R,H,A,A,Y,H,R,R,W,F,V,L,R,G,N,M,L,F,Y,F,E,D,A,A,S,R,E,P,V,G,V,I,I,L,E,G,C,T,V,E,L,V,E,A,A,E,E,F,A,F,A,V,R,F,A,G,T,R,A,R,T,Y,V,L,A,A,E,S,Q,A,A,M,E,G,W,V,K,A,L,S,R,A,S,F,D,Y,L,R,L,V,V,R,E,L,E,Q,Q,L,A,A,V,R,G,G,G,R,R,P,S,A,K,E,N,G,C,A,V,W,S,T,E,A,T,F,R,P,G,E,P,P,P,P,P,P,R,R,R,A,S,A,P,H,G,L,D,V,A,P,F,A,R,L,H,E,C,Y,G,Q,E,I,R,A,L,R,G,Q,W,L,S,S,R,V,Q
Cervus_canadensis,M,K,L,N,E,R,S,L,A,F,Y,A,T,C,D,T,P,A,D,N,T,G,F,L,Y,K,K,G,G,R,H,A,A,Y,H,R,R,W,F,V,L,R,G,N,M,L,F,Y,F,E,D,A,A,S,R,E,P,V,G,V,I,I,L,E,G,C,T,V,E,L,V,E,A,A,E,E,F,A,F,A,V,R,F,A,G,S,R,A,R,T,Y,V,L,A,A,E,S,Q,A,A,M,E,G,W,V,K,A,L,S,R,A,S,F,D,Y,L,R,L,V,V,R,E,L,E,Q,Q,L,A,A,V,R,A,G,G,R,R,P,R,A,K,E,N,G,C,A,V,W,S,A,E,A,-,-,-,-,-,E,P,P,P,L,P,P,R,R,R,A,S,A,P,N,G,L,D,S,A,S,F,A,Q,L,H,E,W,Y,G,Q,E,I,R,A,L,R,S,Q,W,L,S,S,Q,A,Q
Chlorocebus_sabaeus,-,-,-,-,-,-,-,-,-,-,-,-,-,-,-,-,-,-,-,-,-,-,-,-,-,-,-,-,-,-,-,-,-,-,-,-,-,-,-,-,-,-,-,-,-,-,-,-,-,-,-,A,A,S,R,E,P,V,G,V,I,I,L,E,G,C,T,V,E,L,V,E,A,A,E,E,F,A,F,A,V,R,F,A,G,T,R,A,R,T,Y,V,L,A,A,E,S,Q,A,A,M,E,G,W,V,K,A,L,S,R,A,S,F,D,Y,L,R,L,V,V,R,E,L,E,Q,Q,L,A,A,V,R,-,-,-,R,R,S,S,A,K,E,N,G,C,A,V,W,S,T,E,A,T,F,R,P,G,E,P,P,P,P,P,P,R,R,R,A,S,A,P,H,G,L,D,V,A,P,F,A,R,L,H,E,C,Y,G,Q,E,I,R,A,L,R,G,Q,W,L,S,S,R,V,Q
Colobus_angolensis_palliatus,M,K,L,N,E,R,S,L,A,F,Y,A,T,C,D,A,P,V,D,N,A,G,F,L,Y,K,K,G,G,R,H,A,A,Y,H,R,R,W,F,V,L,R,G,N,M,L,F,Y,F,E,D,A,A,S,R,E,P,V,G,V,I,I,L,E,G,C,T,V,E,L,V,E,A,A,E,E,F,A,F,A,V,R,F,A,G,T,R,A,R,T,Y,V,L,A,A,E,S,Q,A,A,M,E,G,W,V,K,A,L,S,R,A,S,F,D,Y,L,R,L,V,V,R,E,L,E,Q,Q,L,A,A,V,R,G,G,G,R,R,P,S,A,K,E,N,G,C,A,V,W,S,T,E,A,T,F,R,P,G,E,P,P,P,P,P,P,R,R,R,A,S,A,P,H,G,L,D,V,A,P,F,A,R,L,H,E,C,Y,G,Q,E,I,R,A,L,R,G,Q,W,L,S,S,R,V,Q
Condylura_cristata,M,K,L,N,E,R,S,L,A,F,Y,A,T,C,D,A,P,V,D,N,A,G,F,L,H,K,K,G,G,R,H,A,A,Y,Q,R,R,W,F,V,L,R,G,N,M,L,F,Y,F,E,D,P,A,S,R,E,P,A,G,V,I,I,L,E,G,C,T,V,E,L,V,E,A,A,E,E,F,A,F,A,V,R,F,A,G,A,R,T,R,T,Y,V,L,A,A,E,S,Q,A,A,M,E,G,W,V,K,A,L,S,R,A,S,F,D,Y,L,R,L,V,V,R,E,L,E,Q,Q,L,A,T,V,H,A,G,G,-,-,-,-,-,K,E,N,G,C,A,V,W,S,T,Q,A,-,-,-,-,-,V,P,P,P,L,P,P,R,R,R,A,S,V,P,S,G,L,D,R,A,S,F,S,E,L,H,E,W,Y,G,Q,E,V,R,A,L,R,S,Q,W,L,G,G,Q,A,Q
Elephas_maximus_indicus,M,K,L,N,E,R,S,L,A,F,Y,A,T,C,D,A,P,V,D,N,A,G,F,L,Y,K,K,G,G,R,H,A,T,Y,H,R,R,W,F,V,L,R,G,N,M,L,F,Y,F,E,D,P,A,S,R,E,P,V,G,V,I,I,L,E,G,C,T,V,E,L,V,E,A,A,-,E,F,A,F,A,V,R,F,A,G,A,R,A,R,T,Y,V,L,A,A,E,S,Q,A,A,M,E,G,W,V,K,A,L,S,R,A,S,F,D,Y,L,R,L,V,V,R,E,L,E,Q,Q,L,A,A,M,Q,A,G,G,R,R,P,R,A,K,E,N,G,C,A,V,W,S,A,E,-,-,-,R,P,G,E,L,P,L,L,P,P,R,Q,Q,T,S,V,P,S,R,L,D,T,A,S,F,A,Q,L,H,E,R,Y,G,Q,E,I,R,A,L,R,G,K,W,L,K,S,Q,A,R
Enhydra_lutris_kenyoni,M,K,L,N,E,R,S,L,A,F,Y,A,T,C,D,A,P,V,D,N,A,G,F,L,Y,K,K,G,G,R,H,A,A,Y,H,R,R,W,F,V,L,R,G,N,M,L,F,Y,F,E,D,P,A,S,R,E,P,V,G,V,I,I,L,E,G,C,T,V,E,L,V,E,A,A,E,E,F,A,F,A,V,R,F,A,G,A,R,A,R,T,Y,V,L,A,A,E,S,Q,A,A,M,E,G,W,V,K,A,L,S,R,A,S,F,D,Y,L,R,L,V,V,R,E,L,E,Q,Q,L,A,A,M,R,A,G,D,R,R,P,R,A,K,E,N,G,C,A,V,W,S,A,E,A,-,-,-,-,-,-,-,P,P,L,P,P,R,R,R,A,S,A,P,N,G,L,R,A,G,S,F,A,Q,L,H,E,L,Y,G,Q,E,V,R,A,L,R,S,Q,W,L,R,S,R,A,Q
Equus_asinus,-,-,-,-,-,-,-,-,-,-,-,-,-,-,-,-,-,-,-,-,-,-,-,-,-,-,-,-,-,-,-,-,-,-,-,-,-,-,-,-,-,-,-,-,-,-,-,-,-,-,-,-,-,-,-,-,-,-,-,-,-,-,-,-,-,-,-,-,-,-,-,-,-,-,-,-,-,-,-,-,-,-,-,-,-,-,-,-,-,-,-,-,-,-,-,-,-,-,-,-,-,-,-,-,-,-,-,-,-,-,-,-,-,-,-,-,-,-,-,-,-,-,-,-,-,-,-,-,-,-,-,-,-,-,-,-,-,-,-,-,-,-,-,-,-,-,-,-,-,-,-,-,-,-,-,-,-,-,-,-,-,-,-,-,-,-,-,-,-,-,-,-,-,-,-,-,-,-,-,-,-,-,-,-,-,-,-,-,-,-,-,-,-,-,-,-,-,-,-,-,-,-
Equus_przewalskii,-,-,-,-,-,-,-,-,-,-,-,-,-,-,-,-,-,-,-,-,-,-,-,-,-,-,-,-,-,-,-,-,-,-,-,-,-,-,-,-,-,-,-,-,-,-,-,-,-,-,-,-,-,-,-,-,-,-,-,-,-,-,-,-,-,-,-,-,-,-,-,-,-,-,-,-,-,-,-,-,-,-,-,-,-,-,-,-,-,-,-,-,-,-,-,-,-,-,-,-,-,-,-,-,-,-,-,-,-,-,-,-,-,-,-,-,-,-,-,-,-,-,-,-,-,-,-,-,-,-,-,-,-,-,-,-,-,-,-,-,-,-,-,-,-,-,-,-,-,-,-,-,-,-,-,-,-,-,-,-,-,-,-,-,-,-,-,-,-,-,-,-,-,-,-,-,-,-,-,-,-,-,-,-,-,-,-,-,-,-,-,-,-,-,-,-,-,-,-,-,-,-
Equus_quagga,-,-,-,-,-,-,-,-,-,-,-,-,-,-,-,-,-,-,-,-,-,-,-,-,-,-,-,-,-,-,-,-,-,-,-,-,-,-,-,-,-,-,-,-,-,-,-,-,-,-,-,-,-,-,-,-,-,-,-,-,-,-,-,-,-,-,-,-,-,-,-,-,-,-,-,-,-,-,-,-,-,-,-,-,-,-,-,-,-,-,-,-,-,-,-,-,-,-,-,-,-,-,-,-,-,-,-,-,-,-,-,-,-,-,-,-,-,-,-,-,-,-,-,-,-,-,-,-,-,-,-,-,-,-,-,-,-,-,-,-,-,-,-,-,-,-,-,-,-,-,-,-,-,-,-,-,-,-,-,-,-,-,-,-,-,-,-,-,-,-,-,-,-,-,-,-,-,-,-,-,-,-,-,-,-,-,-,-,-,-,-,-,-,-,-,-,-,-,-,-,-,-
Gorilla_gorilla_gorilla,M,K,L,N,E,R,S,L,A,F,Y,A,T,C,D,A,P,V,D,N,A,G,F,L,Y,K,K,G,G,R,H,A,A,Y,H,R,R,W,F,V,L,R,G,N,M,L,F,Y,F,E,D,A,A,S,R,E,P,V,G,V,I,I,L,E,G,C,T,V,E,L,V,E,A,A,E,E,F,A,F,A,V,R,F,A,G,T,R,A,R,T,Y,V,L,A,A,E,S,Q,D,A,M,E,G,W,V,K,A,L,S,R,A,S,F,D,Y,L,R,L,V,V,R,E,L,E,Q,Q,L,A,A,V,R,G,G,G,R,R,P,S,A,K,E,N,G,C,A,V,W,S,T,E,A,T,F,R,P,G,E,P,P,P,P,P,P,R,R,R,A,S,A,P,H,G,L,D,M,A,P,F,A,R,L,H,E,C,Y,G,Q,E,I,R,A,L,R,G,Q,W,L,S,S,R,V,Q
Halichoerus_grypus,M,K,L,N,E,R,S,L,A,F,Y,A,T,C,D,A,P,V,D,N,A,G,F,L,Y,K,K,G,G,R,H,A,A,Y,H,R,R,W,F,V,L,R,G,N,M,L,F,Y,F,E,E,P,A,S,R,E,P,V,G,V,I,I,L,E,G,C,T,V,E,L,V,E,A,A,E,E,F,A,F,A,V,R,F,A,G,A,R,A,R,T,Y,V,L,A,A,E,S,Q,A,A,M,E,G,W,V,K,A,L,S,R,A,S,F,D,Y,L,R,L,V,V,R,E,L,E,Q,Q,L,A,A,M,R,A,G,D,R,R,P,R,A,K,E,N,G,C,A,V,W,S,-,-,-,-,-,-,-,-,-,-,P,P,L,P,P,R,R,R,A,W,A,P,N,G,P,H,A,G,S,F,A,R,L,H,E,W,Y,G,Q,E,V,R,A,L,R,S,Q,W,L,G,S,R,A,Q
Homo_sapiens,M,K,L,N,E,R,S,L,A,F,Y,A,T,C,D,A,P,V,D,N,A,G,F,L,Y,K,K,G,G,R,H,A,A,Y,H,R,R,W,F,V,L,R,G,N,M,L,F,Y,F,E,D,A,A,S,R,E,P,V,G,V,I,I,L,E,G,C,T,V,E,L,V,E,A,A,E,E,F,A,F,A,V,R,F,A,G,T,R,A,R,T,Y,V,L,A,A,E,S,Q,D,A,M,E,G,W,V,K,A,L,S,R,A,S,F,D,Y,L,R,L,V,V,R,E,L,E,Q,Q,L,A,A,V,R,G,G,G,R,R,P,S,A,K,E,N,G,C,A,V,W,S,T,E,A,T,F,R,P,G,E,P,P,P,P,P,P,R,R,R,A,S,A,P,H,G,L,D,M,A,P,F,A,R,L,H,E,C,Y,G,Q,E,I,R,A,L,R,G,Q,W,L,S,S,R,V,Q
Hylobates_moloch,M,K,L,N,E,R,S,L,A,F,Y,A,T,C,D,A,P,V,D,N,A,G,F,L,Y,K,K,G,G,R,H,A,A,Y,H,R,R,W,F,V,L,R,G,N,M,L,F,Y,F,E,D,A,A,S,R,E,P,V,G,V,I,I,L,E,G,C,T,V,E,L,V,E,A,A,E,E,F,A,F,A,V,R,F,A,G,T,R,A,R,T,Y,V,L,A,A,E,S,Q,D,A,M,E,G,W,V,K,A,L,S,R,A,S,F,D,Y,L,R,L,V,V,R,E,L,E,Q,Q,L,A,A,V,R,-,-,-,R,R,P,S,A,K,E,N,G,C,A,V,W,S,T,E,A,T,F,R,P,G,E,P,P,P,P,P,P,R,R,R,A,S,A,P,H,G,L,D,I,A,P,F,A,R,L,H,E,C,Y,G,Q,E,I,R,A,L,R,G,Q,W,L,S,S,R,V,Q
Ictidomys_tridecemlineatus,M,K,L,N,E,R,S,L,A,F,Y,A,T,C,D,A,P,V,D,N,A,G,F,L,Y,K,K,G,G,R,H,A,A,Y,H,R,R,W,F,V,L,R,G,N,M,L,F,Y,F,E,E,P,G,S,R,E,P,V,G,V,I,I,L,E,G,C,T,V,E,L,V,E,A,A,E,E,F,A,F,A,V,R,F,A,G,A,R,A,R,T,Y,V,L,A,A,E,S,Q,A,A,M,E,G,W,V,K,A,L,S,R,A,S,F,D,Y,L,R,L,V,V,R,E,L,D,-,-,-,-,-,-,-,-,-,-,-,-,-,-,-,-,-,-,-,-,-,-,-,-,-,-,-,-,-,-,-,-,-,-,-,-,-,-,-,-,-,-,-,S,A,P,H,G,L,D,S,A,P,F,I,R,L,H,E,W,Y,G,Q,E,V,R,A,L,R,N,Q,W,L,S,S,R,A,R
Leopardus_geoffroyi,M,K,L,N,E,R,S,L,A,F,Y,A,T,C,D,A,P,V,D,N,A,G,F,L,Y,K,K,G,G,R,H,A,A,Y,H,R,R,W,F,V,L,R,G,N,M,L,F,Y,F,E,D,A,A,S,R,E,P,V,G,V,I,I,L,E,G,C,T,V,E,L,V,E,A,A,E,E,F,A,F,A,V,R,F,A,G,A,R,A,R,T,Y,V,L,A,A,E,S,Q,A,A,M,E,G,W,V,K,A,L,S,R,A,S,F,D,Y,L,R,L,V,V,R,E,L,E,Q,Q,L,A,A,V,R,A,G,G,R,R,P,R,A,K,E,N,G,C,A,V,W,S,A,E,A,G,S,R,P,G,V,P,P,P,L,P,P,R,R,R,A,S,A,P,N,G,L,H,A,A,S,F,A,R,L,H,E,W,Y,G,Q,E,V,R,A,L,R,S,Q,W,L,R,S,R,A,Q
Loxodonta_africana,M,K,L,N,E,R,S,L,A,F,Y,A,T,C,D,A,P,V,D,N,A,G,F,L,Y,K,K,G,G,R,H,A,T,Y,H,R,R,W,F,V,L,R,G,N,M,L,F,Y,F,E,D,P,A,S,R,E,P,V,G,V,I,I,L,E,G,C,T,V,E,L,V,E,A,A,-,E,F,A,F,A,V,R,F,A,G,A,R,A,R,T,Y,V,L,A,A,E,S,Q,A,A,M,E,G,W,V,K,A,L,S,R,A,S,F,D,Y,L,R,L,V,V,R,E,L,E,Q,Q,L,A,A,M,Q,A,G,G,R,R,P,R,A,K,E,N,G,C,A,V,W,S,A,E,-,-,-,R,P,G,E,L,P,L,L,P,P,R,Q,Q,T,S,V,P,S,R,L,D,T,A,S,F,A,Q,L,H,E,R,Y,G,Q,E,I,R,A,L,R,G,K,W,L,K,S,Q,A,R
Macaca_fascicularis,M,K,L,N,E,R,S,L,A,F,Y,A,T,C,D,A,P,V,D,N,A,G,F,L,Y,K,K,G,G,R,H,A,A,Y,H,R,R,W,F,V,L,R,G,N,M,L,F,Y,F,E,D,A,A,S,R,E,P,V,G,V,I,I,L,E,G,C,T,V,E,L,V,E,A,A,E,E,F,A,F,A,V,R,F,A,G,T,R,A,R,T,Y,V,L,A,A,E,S,Q,A,A,M,E,G,W,V,K,A,L,S,R,A,S,F,D,Y,L,R,L,V,V,R,E,L,E,Q,Q,L,A,A,V,R,G,G,G,R,R,P,S,A,K,E,N,G,C,A,V,W,S,T,E,A,T,F,R,P,G,E,P,P,P,P,P,P,R,R,R,A,S,A,P,H,G,L,D,V,A,P,F,A,R,L,H,E,C,Y,G,Q,E,I,R,A,L,R,G,Q,W,L,S,S,R,V,Q
Macaca_mulatta,M,K,L,N,E,R,S,L,A,F,Y,A,T,C,D,A,P,V,D,N,A,G,F,L,Y,K,K,G,G,R,H,A,A,Y,H,R,R,W,F,V,L,R,G,N,M,L,F,Y,F,E,D,A,A,S,R,E,P,V,G,V,I,I,L,E,G,C,T,V,E,L,V,E,A,A,E,E,F,A,F,A,V,R,F,A,G,T,R,A,R,T,Y,V,L,A,A,E,S,Q,A,A,M,E,G,W,V,K,A,L,S,R,A,S,F,D,Y,L,R,L,V,V,R,E,L,E,Q,Q,L,A,A,V,R,G,G,G,R,R,P,S,A,K,E,N,G,C,A,V,W,S,T,E,A,T,F,R,P,G,E,P,P,P,P,P,P,R,R,R,A,S,A,P,H,G,L,D,V,A,P,F,A,R,L,H,E,C,Y,G,Q,E,I,R,A,L,R,G,Q,W,L,S,S,R,V,Q
Macaca_nemestrina,M,K,L,N,E,R,S,L,A,F,Y,A,T,C,D,A,P,V,D,N,A,G,F,L,Y,K,K,G,G,R,H,A,A,Y,H,R,R,W,F,V,L,R,G,N,M,L,F,Y,F,E,D,A,A,S,R,E,P,V,G,V,I,I,L,E,G,C,T,V,E,L,V,E,A,A,E,E,F,A,F,A,V,R,F,A,G,T,R,A,R,T,Y,V,L,A,A,E,S,Q,A,A,M,E,G,W,V,K,A,L,S,R,A,S,F,D,Y,L,R,L,V,V,R,E,L,E,Q,Q,L,A,A,V,R,G,G,G,R,R,P,S,A,K,E,N,G,C,A,V,W,S,T,E,A,T,F,R,P,G,E,P,P,P,P,P,P,R,R,R,A,S,A,P,H,G,L,D,V,A,P,F,A,R,L,H,E,C,Y,G,Q,E,I,R,A,L,R,G,Q,W,L,S,S,R,V,Q
Macaca_thibetana_thibetana,M,K,L,N,E,R,S,L,A,F,Y,A,T,C,D,A,P,V,D,N,A,G,F,L,Y,K,K,G,G,R,H,A,A,Y,H,R,R,W,F,V,L,R,G,N,M,L,F,Y,F,E,D,A,A,S,R,E,P,V,G,V,I,I,L,E,G,C,T,V,E,L,V,E,A,A,E,E,F,A,F,A,V,R,F,A,G,T,R,A,R,T,Y,V,L,A,A,E,S,Q,A,A,M,E,G,W,V,K,A,L,S,R,A,S,F,D,Y,L,R,L,V,V,R,E,L,E,Q,Q,L,A,A,V,R,G,G,G,R,R,P,S,A,K,E,N,G,C,A,V,W,S,T,E,A,T,F,R,P,G,E,P,P,P,P,P,P,R,R,R,A,S,A,P,H,G,L,D,V,A,P,F,A,R,L,H,E,C,Y,G,Q,E,I,R,A,L,R,G,Q,W,L,S,S,R,V,Q
Mandrillus_leucophaeus,M,K,L,N,E,R,S,L,A,F,Y,A,T,C,D,A,P,V,D,N,A,G,F,L,Y,K,K,G,G,R,H,A,A,Y,H,R,R,W,F,V,L,R,G,N,M,L,F,Y,F,E,D,A,A,S,R,E,P,V,G,V,I,I,L,E,G,C,T,V,E,L,V,E,A,A,E,E,F,A,F,A,V,R,F,A,G,T,R,A,R,T,Y,V,L,A,A,E,S,Q,A,A,M,E,G,W,V,K,A,L,S,-,-,-,-,-,-,-,-,-,-,-,-,-,-,-,-,-,-,-,-,-,-,-,-,-,-,-,-,-,-,-,-,-,-,-,-,-,-,-,-,-,-,-,-,-,-,-,-,-,-,-,-,-,-,-,-,-,-,-,-,-,-,-,-,-,-,-,-,-,-,-,-,-,-,-,-,-,-,-,-,-,-,-,-,-,-,-,-,-,-,-,-,-
Marmota_flaviventris,M,K,L,N,E,R,S,L,A,F,Y,A,T,C,D,A,P,V,D,N,A,G,F,L,Y,K,K,G,G,R,H,A,A,Y,H,R,R,W,F,V,L,R,G,N,M,L,F,Y,F,E,E,P,G,S,R,E,P,V,G,V,I,I,L,E,G,C,T,V,E,L,V,E,A,A,E,E,F,A,F,A,V,R,F,A,G,A,R,A,R,T,Y,V,L,A,A,E,S,Q,A,A,M,E,G,W,V,K,A,L,S,R,A,S,F,D,Y,L,R,L,V,V,R,E,L,E,Q,Q,L,A,A,M,R,A,A,G,R,R,P,S,A,R,E,N,G,C,A,V,W,S,A,E,A,P,A,R,P,G,E,R,P,T,L,P,P,R,R,R,A,S,A,P,H,G,L,D,S,A,P,F,I,R,L,H,E,W,Y,G,Q,E,V,R,A,L,R,N,Q,W,L,S,S,R,A,R
Marmota_marmota_marmota,M,K,L,N,E,R,S,L,A,F,Y,A,T,C,D,A,P,V,D,N,A,G,F,L,Y,K,K,G,G,R,H,A,A,Y,H,R,R,W,F,V,L,R,G,N,M,L,F,Y,F,E,E,P,G,S,R,E,P,V,G,V,I,I,L,E,G,C,T,V,E,L,V,E,A,A,E,E,F,A,F,A,V,R,F,A,G,A,R,A,R,T,Y,V,L,A,A,E,S,Q,A,A,M,E,G,W,V,K,A,L,S,R,A,S,F,D,Y,L,R,L,V,V,R,E,L,E,Q,Q,L,A,A,M,R,A,A,G,R,R,P,S,A,R,E,N,G,C,A,V,W,S,A,E,A,P,A,R,P,G,E,R,P,T,L,P,P,R,R,R,A,-,-,-,-,-,-,-,S,A,P,F,I,R,L,H,E,W,Y,G,Q,E,V,R,A,L,R,N,Q,W,L,S,S,R,A,R
Marmota_monax,M,K,L,N,E,R,S,L,A,F,Y,A,T,C,D,A,P,V,D,N,A,G,F,L,Y,K,K,G,G,R,H,A,A,Y,H,R,R,W,F,V,L,R,G,N,M,L,F,Y,F,E,E,P,G,S,R,E,P,V,G,V,I,I,L,E,G,C,T,V,E,L,V,E,A,A,E,E,F,A,F,A,V,R,F,A,G,A,R,A,R,T,Y,V,L,A,A,E,S,Q,A,A,M,E,G,W,V,K,A,L,S,R,A,S,F,D,Y,L,R,L,V,V,R,E,L,E,Q,Q,L,A,A,M,R,A,A,G,R,R,P,S,A,R,E,N,G,C,A,V,W,S,A,E,A,-,A,R,P,G,E,R,P,T,L,P,P,R,R,R,A,S,A,P,H,G,L,D,S,A,P,F,I,R,L,H,E,W,Y,G,Q,E,V,R,A,L,R,N,Q,W,L,S,S,R,A,R
Nannospalax_galili,M,K,L,N,E,R,S,L,A,F,Y,A,T,C,D,A,P,V,D,N,A,G,F,L,Y,K,H,G,G,R,-,A,G,S,H,R,R,W,Y,V,L,R,G,N,M,L,F,Y,F,E,D,E,A,S,R,E,P,L,G,V,I,M,L,E,G,C,T,V,E,L,V,D,A,R,Q,D,F,A,F,A,V,R,F,A,G,V,R,S,R,P,Y,V,L,A,A,D,S,Q,A,A,L,E,G,W,V,K,A,L,S,R,A,S,F,H,Y,L,R,L,V,V,R,E,L,E,Q,Q,L,A,A,M,R,E,-,-,-,-,-,-,-,K,E,N,G,R,A,V,W,S,A,L,Q,-,-,-,-,-,K,R,P,P,L,P,P,R,R,R,A,S,T,P,N,G,-,S,A,L,S,F,A,R,L,H,D,H,Y,G,Q,E,V,Q,A,L,R,S,Q,W,-,-,-,-,-,-
Neomonachus_schauinslandi,M,K,L,N,E,R,S,L,A,F,Y,A,T,C,D,A,P,V,D,N,A,G,F,L,Y,K,K,G,G,R,H,A,A,Y,H,R,R,W,F,V,L,R,G,N,M,L,F,Y,F,E,E,P,A,S,R,E,P,V,G,V,I,I,L,E,G,C,T,V,E,L,V,E,A,A,E,E,F,A,F,A,V,R,F,A,G,A,R,A,R,T,Y,V,L,A,A,E,S,Q,A,A,M,E,G,W,V,K,A,L,S,R,A,S,F,D,Y,L,R,L,V,V,R,E,L,E,Q,Q,L,A,A,M,R,A,G,D,R,R,P,R,A,K,E,N,G,C,A,V,W,S,A,E,-,-,P,R,P,G,A,P,P,P,L,P,P,R,R,R,A,W,T,P,N,G,P,H,A,G,S,F,A,R,L,H,E,W,Y,G,Q,E,V,R,A,L,R,S,Q,W,L,G,S,R,A,Q
Nomascus_leucogenys,M,K,L,N,E,R,S,L,A,F,Y,A,T,C,D,A,P,V,D,N,A,G,F,L,Y,K,K,G,G,R,H,A,A,Y,H,R,R,W,F,V,L,R,G,N,M,L,F,Y,F,E,D,A,A,S,R,E,P,V,G,V,I,I,L,E,G,C,T,V,E,L,V,E,A,A,E,E,F,A,F,A,V,R,F,A,G,T,R,A,R,T,Y,V,L,A,A,E,S,Q,D,A,M,E,G,W,V,K,A,L,S,R,A,S,F,D,Y,L,R,L,V,V,R,E,L,E,Q,Q,L,A,A,V,R,-,-,-,R,R,P,S,A,K,E,N,G,C,A,V,W,S,T,E,A,T,F,R,P,G,E,P,P,P,P,P,P,R,R,R,A,S,A,P,H,G,L,D,I,A,P,F,A,R,L,H,E,C,Y,G,Q,E,I,R,A,L,R,G,Q,W,L,S,S,R,V,Q
Ochotona_curzoniae,M,K,L,N,E,R,S,L,A,F,Y,A,T,C,D,E,P,V,D,H,E,G,F,L,Y,K,Q,G,G,R,P,A,A,S,Q,R,R,W,F,V,L,R,G,N,L,L,F,Y,F,E,E,P,A,A,R,Q,P,L,G,V,I,V,L,E,G,C,T,V,E,L,V,E,A,A,K,D,F,T,F,A,V,C,F,A,G,A,R,A,R,A,Y,V,L,A,A,E,S,Q,A,A,L,E,G,W,V,K,A,L,S,R,A,S,F,D,Y,L,R,L,V,V,R,E,L,E,Q,Q,L,A,A,M,Q,P,G,G,R,R,P,S,A,K,E,N,G,C,A,V,W,N,T,E,-,-,-,-,-,-,-,-,-,-,-,P,P,R,R,R,A,S,A,P,L,G,S,D,A,V,S,F,A,K,L,H,E,G,Y,G,Q,E,I,Q,A,L,R,A,Q,W,L,S,H,R,A,Q
Ochotona_princeps,M,K,L,N,E,R,S,L,A,F,Y,A,T,C,D,E,P,V,D,H,E,G,F,L,H,K,Q,G,G,R,P,A,A,S,Q,R,R,W,F,V,L,R,G,N,L,L,F,Y,F,E,E,P,A,A,R,Q,P,L,G,V,I,V,L,E,G,C,T,V,E,L,V,E,A,A,K,D,F,T,F,A,V,C,F,A,G,S,R,A,R,A,Y,V,L,A,A,E,S,Q,A,A,L,E,G,W,V,K,A,L,S,R,A,S,F,D,Y,L,R,L,V,V,H,E,L,E,Q,Q,L,A,A,M,Q,P,G,G,R,R,P,S,A,K,E,N,G,C,A,V,W,N,T,E,-,-,-,-,-,-,-,-,-,-,-,P,P,R,R,R,A,S,A,P,L,G,P,D,T,V,S,F,A,K,L,H,E,G,Y,G,Q,E,I,Q,A,L,R,A,Q,W,L,N,H,R,A,Q
Octodon_degus,M,K,L,N,E,R,S,L,A,F,Y,A,T,C,D,A,P,V,D,H,A,G,F,L,H,K,K,G,G,R,H,A,A,S,H,R,R,W,F,V,L,R,G,N,M,L,F,Y,F,E,G,P,A,S,R,E,P,L,G,V,I,V,L,E,G,C,T,V,E,L,V,E,A,A,E,E,F,A,F,A,V,R,F,T,G,A,H,A,R,C,Y,A,L,A,A,E,S,Q,A,A,L,E,A,W,V,K,A,L,S,R,A,S,F,H,Y,L,R,L,V,V,R,E,L,E,R,Q,L,E,A,M,R,-,-,-,-,-,-,-,-,R,E,N,G,C,A,A,W,S,T,E,-,-,-,-,-,-,-,-,-,-,-,-,-,-,-,R,A,S,T,P,G,R,P,D,W,A,P,F,A,Q,L,H,E,W,Y,G,Q,E,V,R,L,L,R,-,-,-,-,-,-,-,-,-
Ovis_aries,M,K,L,N,E,R,S,L,A,F,Y,A,T,C,D,T,P,A,D,N,A,G,F,L,Y,K,K,G,G,R,H,A,A,Y,H,R,R,W,F,V,L,R,G,N,M,L,F,Y,F,E,D,A,A,S,R,E,P,V,G,V,I,I,L,E,G,C,T,V,E,L,V,E,A,A,E,E,F,A,F,A,V,R,F,A,G,S,R,A,R,T,Y,V,L,A,A,E,S,Q,A,A,M,E,G,W,V,K,A,L,S,R,A,S,F,D,Y,L,R,L,V,V,R,E,L,E,Q,Q,L,A,A,V,R,A,G,G,H,R,P,R,A,K,E,N,G,C,A,V,W,S,A,E,A,-,-,-,-,-,E,P,P,P,L,P,P,R,R,R,A,S,A,P,N,G,L,D,S,A,S,F,A,Q,L,H,E,W,Y,G,Q,E,V,R,A,L,R,S,Q,W,L,S,S,Q,A,Q
Pan_paniscus,-,-,-,-,-,-,-,-,-,-,-,-,-,-,-,-,-,-,-,-,A,G,F,L,Y,K,K,G,G,R,H,A,A,Y,H,R,R,W,F,V,L,R,G,N,M,L,F,Y,F,E,D,A,A,S,R,E,P,V,G,V,I,I,L,E,G,C,T,V,E,L,V,E,A,A,E,E,F,A,F,A,V,R,F,A,G,T,R,A,R,T,Y,V,L,A,A,E,S,Q,D,A,M,E,G,W,V,K,A,L,S,R,A,S,F,D,Y,L,R,L,V,V,R,E,L,E,Q,Q,L,A,A,V,R,G,G,G,R,R,P,S,A,K,E,N,G,C,A,V,W,S,T,E,A,T,F,R,P,G,E,P,P,P,P,P,P,R,R,R,A,S,A,P,H,G,L,D,M,A,P,F,A,R,L,H,E,C,Y,G,Q,E,I,R,A,L,R,G,Q,W,L,S,S,R,V,Q
Pan_troglodytes,M,K,L,N,E,R,S,L,A,F,Y,A,T,C,D,A,P,V,D,N,A,G,F,L,Y,K,K,G,G,R,H,A,A,Y,H,R,R,W,F,V,L,R,G,N,M,L,F,Y,F,E,D,A,A,S,R,E,P,V,G,V,I,I,L,E,G,C,T,V,E,L,V,E,A,A,E,E,F,A,F,A,V,R,F,A,G,T,R,A,R,T,Y,V,L,A,A,E,S,Q,D,A,M,E,G,W,V,K,A,L,S,R,A,S,F,D,Y,L,R,L,V,V,R,E,L,E,Q,Q,L,A,A,V,R,G,G,G,R,R,P,S,A,K,E,N,G,C,A,V,W,S,T,E,A,T,F,R,P,G,E,P,P,P,P,P,P,R,R,R,A,S,A,P,H,G,L,D,M,A,P,F,A,R,L,H,E,C,Y,G,Q,E,I,R,A,L,R,G,Q,W,L,S,S,R,V,Q
Panthera_tigris_altaica,-,-,-,-,-,-,-,-,-,-,-,-,-,-,-,-,-,-,-,-,-,-,-,-,-,-,-,-,-,-,-,-,-,-,-,-,-,-,-,-,-,-,-,-,-,-,-,-,-,-,-,-,-,-,-,-,-,-,-,-,-,-,-,-,-,-,-,-,-,-,-,-,-,-,-,-,-,-,-,-,-,-,-,-,-,-,-,-,-,-,-,-,-,-,-,-,-,-,-,-,-,-,-,-,-,-,-,-,-,-,-,-,-,-,-,-,-,-,-,-,-,-,-,-,-,-,-,-,-,-,-,-,-,-,-,-,-,-,-,-,-,-,-,-,-,-,-,-,-,-,-,-,-,-,-,-,-,-,-,-,-,-,-,-,-,-,-,-,-,-,-,-,-,-,-,-,-,-,-,-,-,-,-,-,-,-,-,-,-,-,-,-,-,-,-,-,-,-,-,-,-,-
Papio_anubis,M,K,L,N,E,R,S,L,A,F,Y,A,T,C,D,A,P,V,D,N,A,G,F,L,Y,K,K,G,G,R,H,A,A,Y,H,R,R,W,F,V,L,R,G,N,M,L,F,Y,F,E,D,A,A,S,R,E,P,V,G,V,I,I,L,E,G,C,T,V,E,L,V,E,A,A,E,E,F,A,F,A,V,R,F,A,G,T,R,A,R,T,Y,V,L,A,A,E,S,Q,A,A,M,E,G,W,V,K,A,L,S,R,A,S,F,D,Y,L,R,L,V,V,R,E,L,E,Q,Q,L,A,A,V,R,G,G,G,R,R,P,S,A,K,E,N,G,C,A,V,W,S,T,E,A,T,F,R,P,G,E,P,P,P,P,P,P,R,R,R,A,S,A,P,H,G,L,D,V,A,P,F,A,R,L,H,E,C,Y,G,Q,E,I,R,A,L,R,G,Q,W,L,S,S,R,V,Q
Piliocolobus_tephrosceles,M,K,L,N,E,R,S,L,A,F,Y,A,T,C,N,A,P,V,D,N,A,G,F,L,Y,K,K,G,G,R,H,A,A,Y,H,R,R,W,F,V,L,R,G,N,M,L,F,Y,F,E,D,A,A,S,R,E,P,V,G,V,I,I,L,E,G,C,T,V,E,L,V,E,A,A,E,E,F,A,F,A,V,R,F,A,G,T,R,A,R,T,Y,V,L,A,A,E,S,Q,A,A,M,E,G,W,V,K,A,L,S,R,A,S,F,D,Y,L,R,L,V,V,R,E,L,E,Q,Q,L,A,A,V,R,G,G,G,R,R,P,S,A,K,E,N,G,C,A,V,W,S,T,E,A,T,F,R,P,G,E,P,P,P,P,P,P,R,R,R,A,S,A,P,H,G,L,D,V,A,P,F,A,R,L,H,E,C,Y,G,Q,E,I,R,A,L,R,G,Q,W,L,S,S,R,V,Q
Pongo_abelii,M,K,L,N,E,R,S,L,A,F,Y,A,T,C,D,A,P,V,D,N,A,G,F,L,Y,K,K,G,G,R,H,A,A,Y,H,R,R,W,F,V,L,R,G,N,M,L,F,Y,F,E,D,A,A,S,R,E,P,V,G,V,I,I,L,E,G,C,T,V,E,L,V,E,A,A,E,E,F,A,F,A,V,R,F,A,G,T,R,A,R,T,Y,V,L,A,A,E,S,Q,D,A,M,E,G,W,V,K,A,L,S,R,A,S,F,D,Y,L,R,L,V,V,R,E,L,E,Q,Q,L,A,A,V,R,S,-,-,R,R,P,S,A,K,E,N,G,C,A,V,W,S,T,E,A,T,L,K,P,G,E,P,P,P,P,P,P,R,R,R,A,S,A,P,H,G,L,D,M,A,P,F,A,R,L,H,E,C,Y,G,Q,E,I,R,A,L,R,S,Q,W,L,S,S,R,V,Q
Propithecus_coquereli,M,K,L,N,E,R,S,L,A,F,Y,A,T,C,D,A,P,V,D,N,A,G,F,L,H,K,K,G,G,R,H,A,A,Y,H,R,R,W,F,V,L,R,G,N,M,L,F,Y,F,E,E,P,A,S,R,E,P,V,G,V,I,I,L,E,G,C,T,V,E,L,V,E,A,A,E,E,F,A,F,A,V,R,F,A,G,A,R,A,R,T,Y,V,L,A,A,E,S,Q,A,A,M,E,R,W,V,K,A,L,S,R,A,S,F,D,Y,L,R,L,V,V,R,E,L,E,Q,Q,L,A,A,V,R,A,-,-,-,-,-,-,-,-,-,-,-,-,-,-,-,-,-,-,-,-,-,-,-,-,-,-,-,-,-,-,-,-,-,-,-,-,-,-,-,-,-,-,-,-,-,-,-,-,-,-,-,-,-,-,-,-,-,-,-,-,-,-,-,-,-,-,-,-,-,-
Rhinopithecus_bieti,M,K,L,N,E,R,S,L,A,F,Y,A,T,C,D,A,P,V,D,N,A,G,F,L,Y,K,K,G,G,R,H,A,A,Y,H,R,R,W,F,V,L,R,G,N,M,L,F,Y,F,E,D,A,A,S,R,E,P,V,G,V,I,I,L,E,G,C,T,V,E,L,V,E,A,A,E,E,F,A,F,A,V,R,F,A,G,T,R,A,R,T,Y,V,L,A,A,E,S,Q,A,A,M,E,G,W,V,K,A,L,S,R,A,S,F,D,Y,L,R,L,V,V,R,E,L,E,Q,Q,L,A,A,V,R,G,G,G,R,R,P,S,A,K,E,N,G,C,A,V,W,S,T,E,A,T,F,R,P,G,E,P,P,P,P,P,P,R,R,R,A,S,A,P,H,G,L,D,V,A,P,F,A,R,L,H,E,C,Y,G,Q,E,I,R,A,L,R,G,Q,W,L,S,S,R,V,Q
Rhinopithecus_roxellana,M,K,L,N,E,R,S,L,A,F,Y,A,T,C,D,A,P,V,D,N,A,G,F,L,Y,K,K,G,G,R,H,A,A,Y,H,R,R,W,F,V,L,R,G,N,M,L,F,Y,F,E,D,A,A,S,R,E,P,V,G,V,I,I,L,E,G,C,T,V,E,L,V,E,A,A,E,E,F,A,F,A,V,R,F,A,G,T,R,A,R,T,Y,V,L,A,A,E,S,Q,A,A,M,E,G,W,V,K,A,L,S,R,A,S,F,D,Y,L,R,L,V,V,R,E,L,E,Q,Q,L,A,A,V,R,G,G,G,R,R,P,S,A,K,E,N,G,C,A,V,W,S,T,E,A,T,F,R,P,G,E,P,P,P,P,P,P,R,R,R,A,S,A,P,H,G,L,D,V,A,P,F,A,R,L,H,E,C,Y,G,Q,E,I,R,A,L,R,G,Q,W,L,S,S,R,V,Q
Saimiri_boliviensis_boliviensis,M,K,L,N,E,R,S,L,A,F,Y,A,T,C,D,A,P,V,D,N,A,G,F,L,Y,K,K,G,G,R,H,A,A,Y,H,R,R,W,F,V,L,R,G,N,M,L,F,Y,F,E,D,A,A,S,R,E,P,V,G,V,I,I,L,E,G,C,T,V,E,L,V,E,A,A,E,E,F,A,F,A,V,R,F,A,G,T,R,A,R,T,Y,V,L,A,A,E,S,Q,A,A,M,E,G,W,V,K,A,L,S,R,A,S,F,D,Y,L,R,L,V,V,R,E,L,E,Q,Q,L,A,A,V,R,-,-,-,-,-,-,-,-,K,E,N,G,C,A,V,W,S,T,-,-,-,-,-,-,-,E,P,P,P,P,P,P,R,R,R,T,S,A,P,H,G,L,D,L,A,P,F,A,R,L,H,E,C,Y,G,Q,E,I,R,A,L,R,G,Q,W,L,S,S,R,V,Q
Sapajus_apella,M,K,L,N,E,R,S,L,A,F,Y,A,T,C,D,A,P,V,D,N,A,G,F,L,Y,K,K,G,G,R,H,A,A,Y,H,R,R,W,F,V,L,R,G,N,M,L,F,Y,F,E,D,A,A,S,R,E,P,V,G,V,I,I,L,E,G,C,T,V,E,L,V,E,A,A,E,E,F,A,F,A,V,R,F,A,G,T,R,A,R,T,Y,V,L,A,A,E,S,Q,A,A,M,E,G,W,V,K,A,L,S,R,A,S,F,D,Y,L,R,L,V,V,R,E,L,E,Q,Q,L,A,A,V,R,S,G,-,-,-,-,-,-,K,E,N,G,C,A,V,W,S,T,E,A,T,F,R,P,G,E,P,P,P,P,P,P,R,R,R,A,S,A,P,H,G,L,D,L,A,P,F,A,R,L,H,E,C,Y,G,Q,E,I,R,A,L,R,G,Q,W,L,S,S,R,V,Q
Suricata_suricatta,M,K,L,N,E,R,S,L,A,F,Y,A,T,C,D,A,P,V,D,N,A,G,F,L,Y,K,K,G,G,R,H,A,A,Y,H,R,R,W,F,V,L,R,G,N,M,L,F,Y,F,E,D,A,A,S,R,E,P,V,G,V,I,I,L,E,G,C,T,V,E,L,V,E,A,A,E,E,F,A,F,A,V,R,F,A,G,A,R,A,R,T,Y,V,L,A,A,E,S,Q,A,A,M,E,G,W,V,K,A,L,S,R,A,S,F,D,Y,L,R,L,V,V,R,E,L,E,Q,Q,L,A,A,M,R,A,-,-,-,-,-,-,-,-,-,-,-,-,-,-,-,-,-,-,-,-,-,-,-,-,-,-,-,-,-,-,-,R,R,R,P,S,A,P,N,G,L,H,S,A,P,F,A,L,L,H,E,R,Y,G,Q,E,V,R,A,L,R,N,Q,W,L,R,S,Q,A,Q
Theropithecus_gelada,M,K,L,N,E,R,S,L,A,F,Y,A,T,C,D,A,P,V,D,N,A,G,F,L,Y,K,K,G,G,R,H,A,A,Y,H,R,R,W,F,V,L,R,G,N,M,L,F,Y,F,E,D,A,A,S,R,E,P,V,G,V,I,I,L,E,G,C,T,V,E,L,V,E,A,A,E,E,F,A,F,A,V,R,F,A,G,T,R,A,R,T,Y,V,L,A,A,E,S,Q,A,A,M,E,G,W,V,K,A,L,S,R,A,S,F,D,Y,L,R,L,V,V,R,E,L,E,Q,Q,L,A,A,V,R,G,G,G,R,R,P,S,A,K,E,N,G,C,A,V,W,S,T,E,A,T,F,R,P,G,E,P,P,P,P,P,P,R,R,R,A,S,A,P,H,G,L,D,V,A,P,F,A,R,L,H,E,C,Y,G,Q,E,I,R,A,L,R,G,Q,W,L,S,S,R,V,Q
Trachypithecus_francoisi,M,K,L,N,E,R,S,L,A,F,Y,A,T,C,D,A,P,V,D,N,A,G,F,L,Y,K,K,G,G,R,H,A,A,Y,H,R,R,W,F,V,L,R,G,N,M,L,F,Y,F,E,D,A,A,S,R,E,P,V,G,V,I,I,L,E,G,C,T,V,E,L,V,E,A,A,E,E,F,A,F,A,V,R,F,A,G,T,R,A,R,T,Y,V,L,A,A,E,S,Q,A,A,M,E,G,W,V,K,A,L,S,R,A,S,F,D,Y,L,R,L,V,V,R,E,L,E,Q,Q,L,A,A,V,R,G,G,G,R,R,P,S,A,K,E,N,G,C,A,V,W,S,T,E,A,T,F,R,P,G,E,P,P,P,P,P,P,R,R,R,A,S,A,P,H,G,L,D,V,A,P,F,A,R,L,H,E,C,Y,G,Q,E,I,R,A,L,R,G,Q,W,L,S,S,R,V,Q
Tupaia_chinensis,M,K,L,N,E,R,S,L,A,F,Y,A,T,C,D,A,P,V,D,N,A,G,F,L,H,K,K,G,G,R,H,A,A,Y,H,R,R,W,F,V,L,R,G,N,M,L,F,Y,F,E,D,P,A,S,R,E,P,V,G,V,I,I,L,E,G,C,T,V,E,L,V,E,A,A,E,E,F,A,F,A,I,R,F,A,G,A,R,A,R,T,Y,V,L,A,A,E,S,Q,A,A,M,E,G,W,V,K,A,L,S,R,A,S,F,D,Y,L,R,L,V,V,R,E,L,E,Q,Q,L,A,A,M,-,-,-,-,-,-,-,R,A,K,E,N,G,C,A,G,W,S,T,E,-,-,-,-,-,-,A,K,P,P,P,P,P,R,R,R,A,S,A,P,G,G,L,D,S,A,P,F,A,R,L,H,E,W,Y,G,Q,E,I,R,A,L,R,S,Q,W,S,S,S,R,A,Q
Urocitellus_parryii,M,K,L,N,E,R,S,L,A,F,Y,A,T,C,D,A,P,V,D,N,A,G,F,L,Y,K,K,G,G,R,H,A,A,Y,H,R,R,W,F,V,L,R,G,N,M,L,F,Y,F,E,E,P,G,S,R,E,P,V,G,V,I,I,L,E,G,C,T,V,E,L,V,E,A,A,E,E,F,A,F,A,V,R,F,A,G,A,R,A,R,T,Y,V,L,A,A,E,S,Q,A,A,M,E,G,W,V,K,A,L,S,R,A,S,F,D,Y,L,R,L,V,V,R,E,L,E,Q,Q,L,A,A,M,R,A,A,G,R,R,P,S,A,R,E,N,G,C,A,V,W,S,A,E,A,P,A,R,P,G,E,R,P,P,L,P,P,R,R,R,A,S,A,P,H,G,L,D,S,A,P,F,I,R,L,H,E,W,Y,G,Q,E,V,R,A,L,R,N,Q,W,L,S,S,R,A,R
Ursus_americanus,M,K,L,N,E,R,S,L,A,F,Y,A,T,C,D,A,P,V,D,N,A,G,F,L,Y,K,K,G,G,R,H,A,A,Y,H,R,R,W,F,V,L,R,G,N,M,L,F,Y,F,E,D,P,A,S,R,E,P,V,G,V,I,I,L,E,G,C,T,V,E,L,V,E,A,A,E,E,F,A,F,A,V,R,F,A,G,A,R,A,R,T,Y,V,L,A,A,E,S,Q,A,A,M,E,G,W,V,K,A,L,S,R,A,S,F,D,Y,L,R,L,V,V,R,E,L,E,Q,Q,L,A,A,M,R,V,G,D,R,R,P,R,A,K,E,N,G,C,A,V,W,S,A,E,A,-,-,-,-,-,-,-,P,P,L,P,P,R,R,R,V,P,P,P,N,G,L,C,A,G,S,F,A,R,L,H,E,W,Y,G,Q,E,V,R,V,L,R,S,Q,W,L,R,S,R,A,Q
Ursus_maritimus,M,K,L,N,E,R,S,L,A,F,Y,A,T,C,D,A,P,V,D,N,A,G,F,L,Y,K,K,G,G,R,H,A,A,Y,H,R,R,W,F,V,L,R,G,N,M,L,F,Y,F,E,D,P,A,S,R,E,P,V,G,V,I,I,L,E,G,C,T,V,E,L,V,E,A,A,E,E,F,A,F,A,V,R,F,A,G,A,R,A,R,T,Y,V,L,A,A,E,S,Q,A,A,M,E,G,W,V,K,A,L,S,R,A,S,F,D,Y,L,R,L,V,V,R,E,L,E,Q,Q,L,A,A,M,R,V,G,D,R,R,P,R,A,K,E,N,G,C,A,V,W,S,A,E,-,-,-,-,-,-,-,-,P,P,R,P,P,R,S,R,P,T,-,-,-,-,L,C,A,G,S,F,A,R,L,H,E,W,Y,G,Q,E,V,R,A,L,R,S,Q,W,L,R,S,R,A,Q
Vicugna_pacos,M,K,L,N,E,R,S,L,A,F,Y,A,T,C,D,A,P,A,D,N,E,G,F,L,Y,K,K,G,G,R,H,A,A,Y,H,R,R,W,F,V,L,R,G,N,M,L,F,Y,F,E,D,A,A,S,R,E,P,V,G,V,I,I,L,E,G,C,T,V,E,L,V,E,A,A,E,E,F,A,F,A,V,R,F,A,G,A,R,A,R,T,Y,V,L,A,A,E,S,Q,A,A,M,E,G,W,V,K,A,L,S,R,A,S,F,D,Y,L,R,L,V,V,R,E,L,E,R,Q,L,E,A,V,R,S,G,G,R,R,-,-,-,-,-,-,-,-,-,-,-,-,-,-,-,-,-,-,-,-,E,P,P,P,L,P,P,R,R,R,A,S,A,P,N,G,L,D,S,A,S,F,A,Q,L,H,E,W,Y,G,Q,E,V,R,A,L,R,S,Q,W,L,K,S,Q,A,Q
Artibeus_jamaicensis,M,K,L,N,E,R,S,L,A,F,Y,A,T,C,D,A,P,V,D,N,A,G,F,L,Y,K,K,G,G,R,H,A,A,Y,H,R,R,W,F,V,L,R,G,N,M,L,F,Y,F,E,D,P,A,S,R,E,P,V,G,V,I,I,L,E,G,C,T,V,E,L,V,E,A,A,E,E,F,T,F,A,V,R,F,A,G,A,R,V,R,T,Y,V,L,A,A,E,S,Q,A,A,M,E,G,W,V,K,A,L,S,R,A,S,F,D,Y,L,R,L,V,V,R,E,L,E,Q,Q,L,A,A,M,R,A,G,G,R,R,P,R,A,K,E,N,G,C,A,V,W,S,T,E,-,-,-,R,P,A,E,P,P,P,L,P,P,R,R,R,V,S,V,P,N,G,L,D,S,A,S,F,A,Q,L,H,E,W,Y,G,R,E,V,R,A,L,R,S,Q,W,L,R,S,R,A,Q
Desmodus_rotundus,M,K,L,N,E,R,S,L,A,F,Y,A,T,C,D,A,P,V,D,N,A,G,F,L,Y,K,K,G,G,R,H,A,A,Y,H,R,R,W,F,V,L,R,G,N,M,L,F,Y,F,E,D,P,A,S,R,E,P,V,G,V,I,I,L,E,G,C,T,V,E,L,V,E,A,A,E,E,F,A,F,A,V,R,F,A,G,A,R,V,R,T,Y,V,L,A,A,E,S,Q,A,A,M,E,G,W,V,K,A,L,S,R,A,S,F,D,Y,L,R,L,V,V,R,E,L,E,Q,Q,L,A,A,M,R,A,G,G,R,P,P,R,P,-,-,-,-,-,-,-,-,-,-,-,-,-,-,-,-,-,E,P,P,P,L,P,P,R,R,R,A,S,A,P,N,G,L,D,S,A,S,F,T,Q,L,H,E,W,Y,G,Q,E,V,R,A,L,R,S,Q,W,L,R,S,R,A,Q
Eptesicus_fuscus,M,K,L,N,E,R,S,L,A,F,Y,A,T,C,D,A,P,V,D,N,A,G,F,L,Y,K,K,G,G,R,H,A,A,Y,H,R,R,W,F,V,L,R,G,N,M,L,F,Y,F,E,D,A,A,S,R,E,P,V,G,V,I,I,L,E,G,C,T,V,E,L,V,E,A,A,E,E,F,T,F,A,V,R,F,A,E,A,R,A,R,T,Y,V,L,A,A,E,S,Q,A,A,M,E,G,W,V,K,A,L,S,R,A,S,F,D,Y,L,R,L,V,V,R,E,L,E,Q,Q,L,A,A,M,R,A,G,G,R,R,P,R,A,K,E,N,G,C,A,V,W,S,A,E,A,-,A,R,S,G,E,R,P,P,L,P,P,R,R,R,A,S,A,P,N,G,L,D,S,A,P,F,L,Q,L,H,E,W,Y,G,Q,E,V,R,A,L,R,S,Q,W,L,R,S,R,A,Q
Hipposideros_armiger,M,K,L,N,E,R,S,L,A,F,Y,A,T,C,D,A,P,V,D,N,A,G,F,L,Y,K,K,G,G,R,H,A,A,Y,H,R,R,W,F,V,L,R,G,N,M,L,F,Y,F,E,D,P,A,S,R,E,P,V,G,V,I,I,L,E,G,C,T,V,E,L,V,E,A,A,E,E,F,A,F,A,V,R,F,A,G,A,R,A,R,T,Y,V,L,A,A,E,S,Q,A,A,M,E,G,W,V,K,A,L,S,R,A,S,F,D,Y,L,R,L,V,V,R,E,L,E,Q,Q,L,A,A,M,R,A,G,G,P,R,P,R,A,K,E,N,G,C,A,V,W,S,T,E,A,A,A,R,P,G,E,P,P,P,L,P,P,R,R,R,A,S,V,P,S,G,L,D,S,A,S,F,A,Q,L,H,E,W,Y,G,Q,E,V,R,A,L,R,S,Q,W,L,R,N,R,A,Q
Miniopterus_natalensis,M,K,L,N,E,R,S,L,A,F,Y,A,T,C,D,A,P,V,D,N,A,G,F,L,Y,K,K,G,G,R,H,A,A,Y,H,R,R,W,F,V,L,R,G,N,M,L,F,Y,F,E,D,P,G,S,R,E,P,V,G,V,I,I,L,E,G,C,T,V,E,L,V,E,A,A,E,E,F,A,F,A,V,R,F,A,G,A,R,A,R,T,Y,V,L,A,A,E,S,Q,A,A,M,E,G,W,V,K,A,L,S,R,A,S,F,D,Y,L,R,L,V,V,R,E,L,E,Q,Q,L,A,A,M,Q,A,G,G,R,R,P,R,A,K,E,N,G,C,A,V,W,S,T,E,A,S,A,R,P,G,E,P,P,P,L,P,P,R,R,R,A,S,A,P,N,G,L,D,S,A,T,F,A,Q,L,H,E,L,Y,G,Q,E,V,R,A,L,R,S,Q,W,L,R,S,R,A,Q
Molossus_molossus,M,K,L,N,E,R,S,L,A,F,Y,A,T,C,D,A,P,V,D,N,A,G,F,L,H,K,K,G,G,R,H,P,A,Y,H,R,R,W,F,V,L,R,G,N,M,L,F,Y,F,E,E,P,A,S,R,E,P,V,G,V,I,I,L,E,G,C,T,V,E,L,V,E,A,A,E,E,F,A,F,A,V,R,F,A,G,A,R,A,R,T,Y,V,L,A,A,E,S,Q,A,A,M,E,G,W,V,K,A,L,S,R,A,S,F,D,Y,L,R,L,V,V,R,E,L,E,Q,Q,L,A,A,M,R,A,G,G,R,Q,P,R,A,R,E,N,G,C,A,V,W,S,A,-,-,-,A,R,P,G,M,P,P,P,L,P,P,R,R,R,A,S,A,P,S,G,P,D,S,A,A,F,A,Q,L,H,E,W,Y,G,Q,E,V,R,A,L,R,G,R,W,L,R,S,R,A,Q
Myotis_brandtii,M,K,L,N,E,R,S,L,A,F,Y,A,T,C,D,A,P,V,D,N,A,G,F,L,Y,K,K,G,G,R,H,A,A,Y,H,R,R,W,F,V,L,R,G,N,M,L,F,Y,F,E,D,V,A,S,R,E,P,V,G,V,I,I,L,E,G,C,T,V,E,L,V,E,A,A,E,E,F,T,F,A,V,R,F,A,E,A,R,A,R,T,Y,V,L,A,A,E,S,Q,A,A,M,E,G,W,V,K,A,L,S,R,A,S,F,D,Y,L,R,L,V,V,R,E,L,E,Q,Q,L,-,-,-,-,-,-,-,-,-,-,-,-,-,-,-,-,-,-,-,-,-,-,-,-,-,-,-,-,-,-,-,-,-,-,-,-,-,-,-,-,-,-,-,-,-,L,D,S,A,S,F,L,Q,L,H,E,W,Y,G,Q,E,V,R,A,L,R,S,Q,W,L,R,S,R,A,Q
Myotis_davidii,M,K,L,N,E,R,S,L,A,F,Y,A,T,C,D,A,P,V,D,N,A,G,F,L,Y,K,K,G,G,R,H,A,A,Y,H,R,R,W,F,V,L,R,G,N,M,L,F,Y,F,E,D,V,A,S,R,E,P,V,G,V,I,I,L,E,G,C,T,V,E,L,V,E,A,A,E,E,F,T,F,A,V,R,F,A,E,A,R,A,R,T,Y,V,L,A,A,E,S,Q,A,A,M,E,G,W,V,K,A,L,S,R,A,S,F,D,Y,L,R,L,V,V,R,E,L,E,Q,Q,L,A,A,V,R,A,G,G,-,-,-,-,-,-,-,-,-,-,-,-,-,-,-,-,-,-,-,-,-,-,E,R,P,P,L,P,P,R,R,R,A,S,A,P,N,G,L,D,S,A,S,F,L,Q,L,H,E,W,Y,G,Q,E,V,R,A,L,R,S,Q,W,L,R,S,R,A,Q
Myotis_lucifugus,M,K,L,N,E,R,S,L,A,F,Y,A,T,C,D,A,P,V,D,N,A,G,F,L,Y,K,K,G,G,R,H,A,A,Y,H,R,R,W,F,V,L,R,G,N,M,L,F,Y,F,E,D,V,A,S,R,E,P,V,G,V,I,I,L,E,G,C,T,V,E,L,V,E,A,A,E,E,F,T,F,A,V,R,F,A,E,A,R,A,R,T,Y,V,L,A,A,E,S,Q,A,A,M,E,G,W,V,K,A,L,S,R,A,S,F,D,Y,L,R,L,V,V,R,E,L,E,Q,Q,L,A,A,M,R,A,G,G,R,R,P,R,A,K,E,N,G,C,A,V,W,S,A,E,A,-,A,R,S,G,E,R,P,P,L,P,P,R,R,R,A,S,A,P,N,G,L,D,S,A,S,F,L,Q,L,H,E,W,Y,G,Q,E,V,R,A,L,R,S,Q,W,L,R,S,R,A,Q
Myotis_myotis,M,K,L,N,E,R,S,L,A,F,Y,A,T,C,D,A,P,V,D,N,A,G,F,L,Y,K,K,G,G,R,H,A,A,Y,H,R,R,W,F,V,L,R,G,N,M,L,F,Y,F,E,D,V,A,S,R,E,P,V,G,V,I,I,L,E,G,C,T,V,E,L,V,E,A,A,E,E,F,T,F,A,V,R,F,A,E,A,R,A,R,T,Y,V,L,A,A,E,S,Q,A,A,M,E,G,W,V,K,A,L,S,R,A,S,F,D,Y,L,R,L,V,V,R,E,L,E,Q,Q,L,A,A,M,R,A,G,G,R,R,P,R,A,K,E,N,G,C,A,V,W,S,A,E,A,A,A,R,P,G,E,R,P,P,L,P,P,R,R,R,A,S,A,P,N,G,L,D,S,A,S,F,L,Q,L,H,E,W,Y,G,Q,E,V,R,A,L,R,G,Q,W,L,R,S,R,A,Q
Phyllostomus_discolor,M,K,L,N,E,R,S,L,A,F,Y,A,T,C,D,A,P,V,D,N,A,G,F,L,H,K,K,G,G,R,H,A,A,Y,H,R,R,W,F,V,L,R,G,N,M,L,F,Y,F,E,E,P,G,S,R,E,P,V,G,V,I,I,L,E,G,C,T,V,E,L,V,E,A,A,E,E,F,A,F,A,V,R,F,A,G,A,R,V,R,T,Y,V,L,A,A,E,S,Q,A,A,M,E,G,W,V,K,A,L,S,R,A,S,F,D,Y,L,R,L,V,V,R,E,L,E,Q,Q,L,A,A,M,R,A,G,G,C,R,P,R,A,K,E,N,G,C,A,V,W,S,A,E,A,-,A,R,P,G,E,P,P,P,L,P,P,R,R,R,A,S,A,P,N,G,L,D,S,A,S,F,A,Q,L,H,E,L,Y,G,Q,E,V,R,A,L,R,S,Q,W,L,R,S,R,A,Q
Phyllostomus_hastatus,M,K,L,N,E,R,S,L,A,A,Y,A,T,C,D,A,P,V,D,N,A,G,F,L,H,K,K,G,G,R,H,A,A,Y,H,R,R,W,F,V,L,R,G,N,M,L,F,Y,F,E,D,P,G,S,R,E,P,V,G,V,I,I,L,E,G,C,T,V,E,L,V,E,A,A,E,E,F,A,F,A,V,R,F,A,G,D,R,V,R,T,Y,V,L,A,A,E,S,Q,A,A,M,E,G,W,V,K,A,L,S,R,A,S,F,D,Y,L,R,L,V,V,R,E,L,E,R,Q,L,A,A,M,R,A,G,G,R,R,P,R,A,K,E,N,G,C,A,V,W,S,A,-,-,-,A,R,P,G,E,P,P,P,L,P,P,R,R,R,A,S,A,P,N,G,L,D,S,A,S,F,A,Q,L,H,E,R,Y,G,Q,E,V,R,A,L,R,S,Q,W,L,R,S,R,A,Q
Pipistrellus_kuhlii,M,K,L,N,E,R,S,L,A,F,Y,A,T,C,D,A,P,V,D,N,A,G,F,L,Y,K,K,G,G,R,H,A,A,Y,H,R,R,W,F,V,L,R,G,N,M,L,F,Y,F,E,D,A,A,S,R,E,P,V,G,V,I,I,L,E,G,C,T,V,E,L,V,E,A,A,E,E,F,T,F,A,V,R,F,A,E,A,R,A,R,T,Y,V,L,A,A,E,S,Q,A,A,M,E,G,W,V,K,A,L,S,R,A,S,F,D,Y,L,R,L,V,V,R,E,L,E,Q,Q,L,A,A,M,R,A,G,G,R,R,P,R,A,K,E,N,G,C,A,V,W,S,A,E,A,A,A,R,S,G,E,R,P,P,L,P,P,R,R,R,A,S,A,P,N,G,L,D,S,A,S,F,R,Q,L,H,E,W,Y,G,R,E,V,R,A,L,R,S,Q,W,L,R,S,R,-,-
Rhinolophus_ferrumequinum,M,K,L,N,E,R,S,L,A,F,Y,A,T,C,D,A,P,V,D,N,A,G,F,L,Y,K,K,G,G,R,H,A,A,Y,H,R,R,W,F,V,L,R,G,N,M,L,F,Y,F,E,D,P,A,S,R,E,P,V,G,V,I,I,L,E,G,C,T,V,E,L,V,E,A,A,E,E,F,A,F,A,V,R,F,A,G,A,R,A,R,T,Y,V,L,A,A,E,S,Q,A,A,M,E,G,W,V,K,A,L,S,R,A,S,F,D,Y,L,R,L,V,V,R,E,L,E,Q,Q,L,A,A,M,R,A,G,G,R,R,P,R,A,K,E,N,G,C,A,V,W,S,T,E,-,-,-,-,-,-,E,P,P,P,L,P,P,R,R,R,-,S,V,P,N,G,L,D,S,A,S,F,A,Q,L,H,E,W,Y,G,Q,E,V,R,A,L,R,S,L,W,L,R,N,R,A,Q
Sorex_araneus,M,K,L,N,E,R,S,L,A,S,Y,A,T,S,A,A,P,A,D,A,Q,G,F,L,L,Q,R,-,G,R,H,A,A,Y,Q,R,R,W,F,V,L,R,G,N,V,L,F,Y,F,E,D,A,A,S,R,E,P,L,G,V,I,V,L,E,G,C,T,V,E,L,A,E,A,A,V,D,F,A,F,A,V,R,C,P,G,G,R,A,R,A,H,Q,L,A,A,E,S,Q,A,G,L,E,R,W,V,K,A,L,S,R,A,S,V,Q,Y,L,R,L,L,L,R,E,L,E,R,Q,L,-,-,-,-,-,-,-,-,-,-,-,-,-,-,-,-,-,-,-,-,-,-,-,-,-,-,-,-,-,-,-,-,-,-,-,-,-,-,-,-,-,-,-,-,-,-,-,-,-,-,-,-,-,L,H,E,W,Y,G,R,E,V,G,A,L,R,A,C,W,Q,E,S,R,A,R
Sturnira_hondurensis,M,K,L,N,E,R,S,L,A,F,Y,A,T,C,D,A,P,V,D,N,A,G,F,L,Y,K,K,G,G,R,H,A,A,Y,H,R,R,W,F,V,L,R,G,N,M,L,F,Y,F,E,D,P,A,S,R,E,P,V,G,V,I,I,L,E,G,C,T,V,E,L,V,E,A,A,E,E,F,T,F,A,V,R,F,A,G,A,R,V,R,T,Y,V,L,A,A,E,S,Q,A,A,M,E,G,W,V,K,A,L,S,R,A,S,F,D,Y,L,R,L,V,V,R,E,L,E,Q,Q,L,A,A,M,R,A,G,G,H,R,P,R,A,K,E,N,G,C,A,V,W,S,T,E,-,-,-,-,-,-,E,P,P,P,L,P,P,R,R,R,A,S,A,P,N,G,L,D,S,A,S,F,A,Q,L,H,E,W,Y,G,R,E,V,R,A,L,R,S,Q,W,L,R,S,R,A,Q
Pteropus_alecto,M,K,L,N,E,R,S,L,A,F,Y,A,T,C,D,A,P,V,D,N,A,G,F,L,H,K,K,G,G,R,H,A,A,Y,H,R,R,W,F,V,L,R,G,N,M,L,F,Y,F,E,D,P,A,S,R,E,P,V,G,V,I,I,L,E,G,G,T,V,E,L,V,E,A,A,E,E,F,A,F,A,V,R,F,A,G,A,R,A,R,T,Y,V,L,A,A,E,S,Q,A,A,M,E,G,W,V,K,A,L,S,R,A,S,F,D,Y,L,R,L,V,V,R,E,L,E,Q,Q,L,A,A,M,R,A,G,G,R,R,P,R,A,K,E,N,G,C,A,V,W,S,T,E,A,-,A,R,P,G,E,P,P,P,L,P,P,R,R,R,A,S,A,P,N,G,L,D,S,A,S,F,A,Q,L,H,E,W,Y,G,Q,E,V,R,E,L,R,R,Q,W,L,G,N,R,A,Q
Pteropus_giganteus,M,K,L,N,E,R,S,L,A,F,Y,A,T,C,D,A,P,V,D,N,A,G,F,L,H,K,K,G,G,R,H,A,A,Y,H,R,R,W,F,V,L,R,G,N,M,L,F,Y,F,E,D,P,A,S,R,E,P,V,G,V,I,I,L,E,G,G,T,V,E,L,V,E,A,A,E,E,F,A,F,A,V,R,F,A,G,A,R,A,R,T,Y,V,L,A,A,E,S,Q,A,A,M,E,G,W,V,K,A,L,S,R,A,S,F,D,Y,L,R,L,V,V,R,E,L,E,Q,Q,L,A,A,M,R,A,G,G,R,R,P,R,A,K,E,N,G,C,A,V,W,S,A,E,A,-,A,R,P,G,E,P,P,P,L,P,P,R,R,R,A,S,A,P,N,G,L,D,S,A,S,F,A,Q,L,H,E,W,Y,G,Q,E,V,R,E,L,R,R,Q,W,L,G,N,R,A,Q
Pteropus_vampyrus,M,K,L,N,E,R,S,L,A,F,Y,A,T,C,D,A,P,V,D,N,A,G,F,L,H,K,K,G,G,R,H,A,A,Y,H,R,R,W,F,V,L,R,G,N,M,L,F,Y,F,E,D,P,A,S,R,E,P,V,G,V,I,I,L,E,G,G,T,V,E,L,V,E,A,A,E,E,F,A,F,A,V,R,F,A,G,A,R,A,R,T,Y,V,L,A,A,E,S,Q,A,A,M,E,G,W,V,K,A,L,S,R,A,S,F,D,Y,L,R,L,V,V,R,E,L,E,Q,Q,L,A,A,M,R,A,G,G,R,R,P,R,A,K,E,N,G,C,A,V,W,S,A,E,A,-,A,R,P,G,E,P,P,P,L,P,P,R,R,R,A,S,A,P,N,G,L,D,S,A,S,F,A,Q,L,H,E,W,Y,G,Q,E,V,R,E,L,R,R,Q,W,L,G,N,R,A,Q
Rousettus_aegyptiacus,M,K,L,N,E,R,S,L,A,F,Y,A,T,C,D,A,P,V,D,N,A,G,F,L,H,K,K,G,G,R,H,A,A,Y,H,R,R,W,F,V,L,R,G,N,M,L,F,Y,F,E,D,P,A,S,R,E,P,V,G,V,I,I,L,E,G,G,T,V,E,L,V,E,A,A,E,E,F,A,F,A,V,R,F,A,G,A,R,A,R,T,Y,V,L,A,A,E,S,Q,A,A,M,E,G,W,V,K,A,L,S,R,A,S,F,D,Y,L,R,L,V,V,R,E,L,E,Q,Q,L,A,A,M,R,A,G,G,R,P,P,R,A,K,E,N,G,C,A,V,W,S,A,E,A,-,A,R,P,G,E,P,P,P,L,P,P,R,R,R,A,S,A,P,N,G,L,D,S,A,S,F,A,Q,L,H,E,W,Y,G,Q,E,V,R,A,L,R,R,Q,W,L,R,N,R,A,Q
Ailuropoda_melanoleuca,M,K,L,N,E,R,S,L,A,F,Y,A,T,C,D,A,P,V,D,N,A,G,F,L,Y,K,K,G,G,R,H,A,A,Y,H,R,R,W,F,V,L,R,G,N,M,L,F,Y,F,E,E,P,A,S,R,E,P,V,G,V,I,I,L,E,G,C,T,V,E,L,V,E,A,A,E,E,F,A,F,A,V,R,F,A,G,A,R,A,R,T,Y,V,L,A,A,E,S,Q,A,A,M,E,G,W,V,K,A,L,S,R,A,S,F,D,Y,L,-,-,-,-,-,-,-,-,-,-,-,-,-,-,-,-,-,-,-,-,-,-,-,-,-,-,-,-,-,-,-,-,-,-,-,-,-,-,-,-,-,-,P,P,L,P,P,-,R,R,I,P,L,P,N,G,L,Y,A,G,S,F,A,Q,L,H,E,W,Y,G,Q,E,V,R,A,L,R,S,Q,W,L,R,S,R,A,Q
Antechinus_flavipes,M,K,L,N,E,R,S,L,A,F,Y,A,T,C,D,S,P,A,D,N,T,G,F,L,Y,K,K,G,E,R,H,T,A,Y,H,R,R,W,F,V,L,K,G,N,M,L,F,Y,F,E,D,R,D,S,R,E,P,V,G,V,I,I,L,E,G,C,T,V,E,L,C,E,A,A,E,D,F,A,F,A,I,R,F,A,G,S,R,S,R,T,Y,I,L,A,A,D,S,Q,P,A,M,E,A,W,V,K,A,L,S,R,A,S,F,D,Y,M,R,L,V,V,R,E,L,E,Q,Q,L,E,R,M,R,A,-,-,R,R,E,R,S,-,E,N,G,C,A,V,W,S,Q,E,-,-,-,-,-,-,-,-,P,P,L,P,P,R,R,K,P,S,A,-,-,-,-,-,-,A,T,F,S,R,L,H,D,W,Y,G,Q,E,I,L,A,L,R,R,E,W,L,Q,S,R,G,Q
Aotus_nancymaae,M,K,L,N,E,R,S,L,A,F,Y,A,T,C,D,A,P,V,D,N,A,G,F,L,Y,K,K,G,G,R,H,A,A,Y,H,R,R,W,F,V,L,R,G,N,M,L,F,Y,F,E,D,A,A,S,R,E,P,V,G,V,I,I,L,E,G,C,T,V,E,L,V,E,A,A,E,E,F,A,F,A,V,R,F,A,G,T,R,A,R,T,Y,V,L,A,A,E,S,Q,A,A,M,E,G,W,V,K,A,L,S,R,A,S,F,D,Y,L,R,L,V,V,R,E,L,E,Q,Q,L,A,A,V,R,-,-,-,-,-,-,-,-,K,E,N,G,C,A,V,W,S,T,E,A,T,F,R,P,G,E,P,P,P,P,P,P,R,R,R,A,S,A,P,H,G,L,D,L,A,P,F,A,R,L,H,E,C,Y,G,Q,E,I,R,A,L,R,G,Q,W,L,S,S,R,V,Q
Apodemus_sylvaticus,M,K,L,N,E,R,S,L,A,F,Y,A,T,C,D,A,P,V,D,N,A,G,F,L,H,K,R,G,G,R,G,A,G,S,H,R,R,W,F,V,L,R,G,N,M,L,F,Y,F,E,A,E,G,S,R,E,P,L,G,V,I,L,L,E,G,C,T,V,E,L,V,D,A,R,E,E,F,A,F,A,V,R,F,S,G,G,R,S,R,P,Y,V,L,A,A,D,S,Q,A,A,L,E,G,W,V,K,A,L,S,R,A,S,F,H,Y,L,R,L,V,V,R,E,L,E,Q,Q,L,A,A,M,R,E,G,G,-,-,-,-,-,K,E,N,G,R,A,V,W,S,A,L,P,-,-,-,-,-,P,P,P,P,L,P,P,R,R,R,A,S,A,A,D,G,-,-,P,A,S,F,A,Q,L,H,E,R,Y,G,L,E,V,Q,A,L,R,S,Q,W,-,-,-,-,-,-
Arvicola_amphibius,M,K,L,N,E,R,S,L,A,F,Y,A,T,C,D,A,P,V,D,N,A,G,Y,L,H,K,R,G,G,R,G,A,G,S,H,R,R,W,F,V,L,R,G,N,M,L,F,Y,F,E,T,E,T,S,R,E,P,L,G,V,I,L,L,E,G,C,T,V,E,L,V,D,V,R,E,E,F,A,F,A,V,H,F,A,G,G,R,S,R,P,Y,V,L,A,A,D,S,Q,A,A,L,E,G,W,V,K,A,L,S,R,A,S,F,H,Y,L,R,L,V,V,R,E,L,E,Q,Q,L,A,A,M,R,E,-,-,-,-,-,-,-,K,E,N,G,R,A,V,W,S,T,L,Q,-,-,-,-,-,Q,R,P,P,L,P,P,R,R,R,A,S,A,S,N,G,-,-,L,A,S,F,A,Q,L,H,E,Q,Y,G,L,E,V,R,A,L,R,S,Q,W,-,-,-,-,-,-
Callorhinus_ursinus,M,K,L,N,E,R,S,L,A,F,Y,A,T,C,D,A,P,V,D,N,A,G,F,L,Y,K,K,G,G,R,H,A,A,Y,H,R,R,W,F,V,L,R,G,N,M,L,F,Y,F,E,E,P,A,S,R,E,P,V,G,V,I,I,L,E,G,C,T,V,E,L,V,E,A,A,E,E,F,A,F,A,V,R,F,A,G,A,R,A,R,T,Y,V,L,A,A,E,S,Q,A,A,M,E,G,W,V,K,A,L,S,R,A,S,F,D,Y,L,R,L,V,V,R,E,L,E,Q,Q,L,A,A,M,R,A,G,D,R,R,P,R,A,K,E,N,G,C,A,V,W,S,A,E,-,-,-,-,-,-,A,P,P,P,L,P,P,R,R,R,A,W,A,P,N,G,P,H,A,G,S,F,A,R,L,H,E,W,Y,G,Q,E,V,R,A,L,R,S,Q,W,L,G,S,R,-,-
Canis_lupus_dingo,M,K,L,N,E,R,S,L,A,F,Y,A,T,C,D,T,P,V,D,N,S,G,F,L,Y,K,K,G,G,R,H,A,A,Y,H,R,R,W,F,V,L,R,G,N,M,L,F,Y,F,E,D,R,A,S,R,E,P,V,G,V,I,I,L,E,G,C,T,V,E,L,V,E,A,A,E,E,F,A,F,A,V,R,F,A,G,A,R,A,R,T,Y,V,L,A,A,E,N,Q,A,A,M,E,G,W,V,K,A,L,S,R,A,S,F,D,Y,L,R,L,V,V,R,E,L,E,Q,Q,L,A,A,V,R,A,G,D,R,R,A,P,A,K,E,N,A,C,A,V,W,S,A,E,A,-,-,-,-,-,-,P,P,P,L,P,P,R,R,R,V,S,E,P,N,G,L,H,A,A,S,F,V,R,L,H,Q,Q,Y,G,Q,E,V,R,A,L,R,S,R,W,L,R,S,R,A,Q
Carlito_syrichta,-,-,-,-,-,-,-,-,-,-,-,-,-,-,-,-,-,-,-,-,-,-,-,-,-,-,-,-,-,-,-,-,-,-,-,-,-,-,-,-,-,-,-,-,-,-,-,-,-,-,-,-,-,-,-,-,-,-,-,-,-,-,-,-,-,-,-,-,-,-,-,-,-,-,-,-,-,-,-,-,-,-,-,-,-,-,-,-,-,-,-,-,-,-,-,-,-,-,-,-,-,-,-,-,-,-,-,-,-,-,-,-,-,-,-,-,-,-,-,-,-,-,-,-,-,-,-,-,-,-,-,-,-,-,-,-,-,-,-,-,-,-,-,-,-,-,-,-,-,-,-,-,-,-,-,-,-,-,-,-,-,-,-,-,-,-,-,-,-,-,-,-,-,-,-,-,-,-,-,-,-,-,-,-,-,-,-,-,-,-,-,-,-,-,-,-,-,-,-,-,-,-
Castor_canadensis,M,K,L,N,E,R,S,L,A,C,Y,A,T,C,D,A,P,V,D,R,A,G,F,L,H,K,L,G,G,R,H,A,T,F,Q,R,R,W,F,V,L,R,G,N,M,L,F,Y,F,E,E,A,A,A,G,E,P,Q,G,V,I,V,L,E,G,C,T,V,E,L,A,E,A,A,R,P,F,A,F,A,V,R,F,A,G,A,R,A,R,S,Y,V,L,A,A,D,S,Q,A,A,L,E,A,W,V,K,A,L,S,R,A,S,F,A,Y,L,R,L,V,V,R,E,L,E,Q,Q,L,A,A,A,R,T,-,-,-,-,-,-,-,K,A,N,G,R,A,A,W,S,A,E,A,-,-,-,-,-,E,R,P,P,L,P,P,R,R,R,A,S,A,P,P,G,P,A,A,A,P,F,A,R,L,H,E,W,Y,G,Q,E,V,R,A,L,R,S,Q,W,-,R,S,Q,A,Q
Cavia_porcellus,M,K,L,N,E,R,S,L,A,F,Y,A,T,C,D,A,P,V,D,H,A,G,F,L,H,K,K,G,G,R,H,A,A,S,H,R,R,W,F,V,L,R,G,N,M,L,F,Y,F,E,G,P,G,S,R,E,P,L,G,V,I,V,L,E,G,C,T,V,E,L,V,E,A,A,E,E,F,A,F,A,V,R,F,A,G,A,H,A,R,C,Y,A,L,A,A,E,S,Q,A,A,L,E,G,W,V,K,A,L,S,R,A,S,F,H,Y,L,R,L,V,V,R,E,L,E,Q,Q,L,A,A,M,R,-,-,-,-,-,-,-,-,R,E,N,G,C,A,V,W,S,A,E,A,-,-,-,-,-,H,R,P,P,I,P,P,R,R,R,A,S,T,P,D,R,L,D,S,A,P,F,A,Q,L,H,D,W,Y,G,Q,E,V,R,A,L,R,V,Q,W,L,G,G,R,G,L
Cervus_elaphus_hippelaphus,-,-,-,-,-,-,-,-,-,-,-,-,-,-,-,-,-,-,-,-,-,-,-,-,-,-,-,-,-,-,-,-,-,-,-,-,-,-,-,-,-,-,-,-,-,-,-,-,-,-,-,-,-,-,-,-,-,-,-,-,-,-,-,-,-,-,-,-,-,-,-,-,-,-,-,-,-,-,-,-,-,-,-,-,-,-,-,-,-,-,-,-,-,-,-,-,-,-,-,-,-,-,-,-,-,-,-,-,-,-,-,-,-,-,-,-,-,-,-,-,-,-,-,-,-,-,-,-,-,-,-,-,-,-,-,-,-,-,-,-,-,-,-,-,-,-,-,-,-,-,-,-,-,-,-,-,-,-,-,-,-,-,-,-,-,-,-,-,-,-,-,-,-,-,-,-,-,-,-,-,-,-,-,-,-,-,-,-,-,-,-,-,-,-,-,-,-,-,-,-,-,-
Chinchilla_lanigera,M,K,L,N,E,R,S,L,A,F,Y,A,T,C,D,A,P,V,D,H,A,G,F,L,H,K,K,G,G,R,H,A,A,S,H,R,R,W,F,V,L,R,G,N,M,L,F,Y,F,E,G,P,G,S,R,E,P,L,G,V,I,V,L,E,G,C,T,V,E,L,V,E,A,A,E,E,F,A,F,A,V,R,F,A,G,A,R,A,R,C,Y,A,L,A,A,E,S,Q,A,A,L,E,A,W,V,K,A,L,S,R,A,S,F,H,Y,L,R,L,V,V,R,E,L,E,Q,Q,L,A,A,V,R,G,P,G,-,-,P,R,R,R,E,N,G,C,A,V,W,S,A,E,A,-,-,-,-,-,R,R,P,P,L,P,P,R,R,R,A,S,P,P,A,R,P,D,S,A,P,F,A,R,L,H,E,W,Y,G,R,E,V,R,A,L,R,G,Q,W,L,G,A,R,A,L
Choloepus_didactylus,M,K,L,N,E,R,S,L,A,S,Y,A,T,C,D,A,P,A,D,N,V,G,F,L,Y,K,K,G,G,R,H,A,A,Y,H,R,R,W,F,V,L,R,G,N,M,L,F,Y,F,E,D,P,A,S,R,E,P,V,G,V,I,V,L,E,G,C,T,V,E,L,V,E,A,S,E,E,F,A,F,A,V,R,F,A,G,A,R,T,R,T,Y,V,L,A,A,E,S,Q,A,A,M,E,G,W,V,K,A,L,S,R,A,S,F,D,Y,L,R,L,V,V,R,E,L,E,Q,Q,L,A,A,M,R,A,G,G,R,P,P,R,A,K,E,N,G,C,A,V,W,S,A,E,-,-,S,R,P,G,E,P,P,P,L,P,P,R,R,R,A,S,A,S,I,G,L,D,V,A,S,F,A,Q,L,H,E,W,Y,G,Q,E,V,R,A,L,R,S,Q,W,G,R,S,R,A,Q
Cricetulus_griseus,M,K,L,N,E,R,S,L,A,F,Y,A,T,C,D,A,P,V,D,N,A,G,F,L,H,K,R,G,G,R,G,A,G,S,H,R,R,W,F,V,L,R,G,N,M,L,F,Y,F,E,S,E,A,S,R,E,P,L,G,V,I,L,L,E,G,C,T,V,E,L,V,D,A,R,E,E,F,A,F,A,V,R,F,A,G,G,R,S,R,S,Y,V,L,A,A,D,S,Q,A,A,L,E,G,W,V,K,A,L,S,R,A,S,F,H,Y,L,R,L,V,V,R,E,L,E,Q,Q,L,A,A,M,R,E,-,-,-,-,-,-,-,K,E,N,G,R,A,V,W,S,A,L,Q,-,-,-,-,-,K,R,P,P,L,P,P,R,R,R,A,S,A,P,N,R,-,-,L,A,S,F,A,Q,L,H,E,H,Y,G,R,E,V,R,A,L,R,S,Q,W,-,-,-,-,-,-
Dasypus_novemcinctus,-,-,-,-,-,-,-,-,-,-,-,-,-,-,-,-,-,-,-,-,-,-,-,-,-,-,-,-,-,-,-,-,-,-,-,-,-,-,-,-,-,-,-,-,-,-,-,-,-,-,-,-,-,-,-,-,-,-,-,-,-,-,-,-,-,-,-,-,-,-,-,-,-,-,-,-,-,-,-,-,-,-,-,-,-,-,-,-,-,-,-,-,-,-,-,-,-,-,-,-,-,-,-,-,-,-,-,-,-,-,-,-,-,-,-,-,-,-,-,-,-,-,-,-,-,-,-,-,-,-,-,-,-,-,-,-,-,-,-,-,-,-,-,-,-,-,-,-,-,-,-,-,-,-,-,-,-,-,-,-,-,-,-,-,-,-,-,-,-,-,-,-,-,-,-,-,-,-,-,-,-,-,-,-,-,-,-,-,-,-,-,-,-,-,-,-,-,-,-,-,-,-
Dipodomys_ordii,-,-,-,-,-,-,-,-,-,-,-,-,-,-,-,-,-,-,-,-,-,-,-,-,-,-,-,-,-,-,-,-,-,-,-,-,-,-,-,-,-,-,-,-,-,-,-,-,-,-,-,-,-,-,-,-,-,-,-,-,-,-,-,-,-,-,-,-,-,-,-,-,-,-,-,-,-,-,-,-,-,-,-,-,-,-,-,-,-,-,-,-,-,-,-,-,-,-,-,-,-,-,-,-,-,-,-,-,-,-,-,-,-,-,-,-,-,-,-,-,-,-,-,-,-,-,-,-,-,-,-,-,-,-,-,-,-,-,-,-,-,-,-,-,-,-,-,-,-,-,-,-,-,-,-,-,-,-,-,-,-,-,-,-,-,-,-,-,-,-,-,-,-,-,-,-,-,-,-,-,-,-,-,-,-,-,-,-,-,-,-,-,-,-,-,-,-,-,-,-,-,-
Dipodomys_spectabilis,M,K,L,D,E,R,S,L,A,R,Y,A,T,C,D,A,P,V,D,R,A,G,F,L,H,K,R,G,G,R,H,A,A,F,Q,R,R,W,F,V,L,R,G,N,M,L,F,Y,F,E,-,-,A,A,A,E,P,L,G,V,I,V,L,E,G,C,T,V,E,L,A,E,A,A,H,A,F,A,F,A,V,R,F,A,G,A,R,A,R,S,Y,V,L,A,A,D,S,Q,G,A,L,E,G,W,V,K,A,L,S,R,A,S,F,A,Y,L,R,L,V,V,R,E,L,E,Q,Q,L,A,A,A,R,A,-,-,-,-,-,-,-,K,A,E,G,R,A,A,W,S,T,E,-,-,-,-,-,-,-,-,P,P,L,P,P,R,R,R,A,S,A,T,P,E,P,A,A,A,P,F,A,R,L,H,E,W,Y,G,Q,E,V,R,A,L,R,T,Q,W,-,R,S,R,A,Q
Dromiciops_gliroides,M,K,L,N,E,R,S,L,A,F,Y,A,T,C,D,S,P,A,D,N,T,G,F,L,Y,K,K,G,E,R,H,T,A,Y,H,R,R,W,F,V,L,K,G,N,M,L,F,Y,F,E,D,R,D,S,R,E,P,V,G,V,I,I,L,E,G,C,T,V,E,L,C,E,A,S,E,E,F,A,F,A,I,R,F,A,G,A,R,S,R,T,Y,I,L,A,A,D,S,Q,P,A,M,E,A,W,V,K,A,L,S,R,A,S,F,D,Y,M,R,L,V,V,R,E,L,E,Q,Q,L,E,Q,M,R,A,G,G,R,R,E,R,S,K,E,N,G,C,A,V,W,S,-,-,-,-,-,-,-,-,-,-,P,P,L,P,P,R,P,R,P,S,-,-,-,-,-,-,-,-,-,F,A,R,L,H,E,W,Y,G,Q,E,I,L,A,L,R,Q,E,W,L,E,S,R,G,Q
Elephantulus_edwardii,M,K,L,N,E,R,S,L,A,F,Y,A,T,C,D,A,P,V,D,N,A,G,F,L,C,K,R,G,G,R,H,A,A,Y,Q,R,R,W,F,V,L,R,G,N,M,L,F,Y,F,E,E,P,A,S,R,E,P,V,G,V,I,I,L,E,G,C,T,V,E,L,V,E,A,T,E,E,F,A,F,A,V,R,F,V,G,S,R,A,R,T,Y,V,L,A,A,D,S,Q,A,A,M,E,G,W,V,K,A,L,S,R,A,S,F,H,Y,L,R,L,V,V,R,E,L,E,Q,Q,L,A,A,M,R,A,G,G,C,R,P,R,A,K,E,N,G,C,A,V,W,N,A,E,A,G,H,Q,P,G,D,P,P,P,L,P,P,R,R,R,A,P,A,F,S,G,L,D,R,A,P,F,A,Q,L,H,A,H,Y,G,E,E,V,R,A,L,R,A,Q,W,S,R,G,Q,A,R
Equus_caballus,-,-,-,-,-,-,-,-,-,-,-,-,-,-,-,-,-,-,-,-,-,-,-,-,-,-,-,-,-,-,-,-,-,-,-,-,-,-,-,-,-,-,-,-,-,-,-,-,-,-,-,-,-,-,-,-,-,-,-,-,-,-,-,-,-,-,-,-,-,-,-,-,-,-,-,-,-,-,-,-,-,-,-,-,-,-,-,-,-,-,-,-,-,-,-,-,-,-,-,-,-,-,-,-,-,-,-,-,-,-,-,-,-,-,-,-,-,-,-,-,-,-,-,-,-,-,-,-,-,-,-,-,-,-,-,-,-,-,-,-,-,-,-,-,-,-,-,-,-,-,-,-,-,-,-,-,-,-,-,-,-,-,-,-,-,-,-,-,-,-,-,-,-,-,-,-,-,-,-,-,-,-,-,-,-,-,-,-,-,-,-,-,-,-,-,-,-,-,-,-,-,-
Erinaceus_europaeus,M,K,L,N,E,R,S,L,A,L,Y,A,T,C,D,A,P,V,D,R,A,G,F,L,S,K,R,G,G,R,H,S,A,Y,H,R,R,W,F,V,L,R,G,N,M,L,F,Y,F,E,E,P,A,S,R,E,P,V,G,V,V,I,L,E,G,C,T,V,E,L,V,E,A,T,R,E,F,T,F,A,V,R,F,S,G,T,R,A,R,T,Y,V,L,A,A,E,S,Q,A,A,L,E,G,W,V,K,A,L,S,R,A,S,F,H,Y,L,R,L,V,V,R,E,L,E,Q,Q,L,E,A,M,R,A,G,P,L,P,S,R,T,R,D,N,G,L,A,V,W,S,H,D,T,-,-,-,-,-,P,T,P,P,-,P,R,H,R,R,S,S,V,P,D,G,-,-,G,A,S,F,P,Q,L,H,E,W,Y,G,R,E,V,R,A,L,R,G,Q,W,R,H,G,Q,T,R
Eumetopias_jubatus,M,K,L,N,E,R,S,L,A,F,Y,A,T,C,D,A,P,V,D,N,A,G,F,L,Y,K,K,G,G,R,H,A,A,Y,H,R,R,W,F,V,L,R,G,N,M,L,F,Y,F,E,E,P,A,S,R,E,P,V,G,V,I,I,L,E,G,C,T,V,E,L,V,E,A,A,E,E,F,A,F,A,V,R,F,A,G,A,R,A,R,T,Y,V,L,A,A,E,S,Q,A,A,M,E,G,W,V,K,A,L,S,R,A,S,F,D,Y,L,R,L,V,V,R,E,L,E,Q,Q,L,A,A,M,R,A,G,D,R,R,P,R,A,K,E,N,G,C,A,V,W,S,A,E,-,-,-,-,-,-,A,P,P,P,L,P,P,R,R,R,A,W,A,P,N,G,P,H,A,G,S,F,A,R,L,H,E,G,Y,G,Q,E,V,R,A,L,R,S,Q,W,L,G,S,R,-,-
Felis_catus,M,K,L,N,E,R,S,L,A,F,Y,A,T,C,D,A,P,V,D,N,A,G,F,L,Y,K,K,G,G,R,H,A,A,Y,H,R,R,W,F,V,L,R,G,N,M,L,F,Y,F,E,D,A,A,S,R,E,P,V,G,V,I,I,L,E,G,C,T,V,E,L,V,E,A,A,E,E,F,A,F,A,V,R,F,A,G,A,R,A,R,T,Y,V,L,A,A,E,S,Q,A,A,M,E,G,W,V,K,A,L,S,R,A,S,F,D,Y,L,R,L,V,V,R,E,L,E,Q,Q,L,A,A,V,R,A,G,G,R,R,P,R,A,K,E,N,G,C,A,V,W,S,A,E,A,G,A,R,P,G,A,P,P,P,L,P,P,R,R,R,A,S,A,P,N,G,L,H,A,A,S,F,A,R,L,H,E,W,Y,G,Q,E,V,R,A,L,R,S,Q,W,L,R,S,R,A,Q
Fukomys_damarensis,-,-,-,-,-,-,-,-,-,-,-,-,-,-,-,-,-,-,-,-,-,-,-,-,-,-,-,-,-,-,-,-,-,-,-,-,-,-,-,-,-,-,-,-,-,-,-,-,-,-,-,-,-,-,-,-,-,-,-,-,-,-,-,-,-,-,-,-,-,-,-,-,-,-,-,-,-,-,-,-,-,-,-,-,-,-,-,-,-,-,-,-,-,-,-,-,-,-,-,-,-,-,-,-,-,-,-,-,-,-,-,-,-,-,-,-,-,-,-,-,-,-,-,-,-,-,-,-,-,-,-,-,-,-,-,-,-,-,-,-,-,-,-,-,-,-,-,-,-,-,-,-,-,-,-,-,-,-,-,-,-,-,-,-,-,-,-,-,-,-,-,-,-,-,-,-,-,-,-,-,-,-,-,-,-,-,-,-,-,-,-,-,-,-,-,-,-,-,-,-,-,-
Galeopterus_variegatus,-,-,-,-,-,-,-,-,-,-,-,-,-,-,-,-,-,-,-,-,-,-,-,-,-,-,-,-,-,-,-,-,-,-,-,-,-,-,-,-,-,-,-,-,-,-,-,-,-,-,-,-,-,-,-,-,-,-,-,-,-,-,-,-,-,-,-,-,-,-,-,-,-,-,-,-,-,-,-,-,-,-,-,-,-,-,-,-,-,-,-,-,-,-,-,-,-,-,-,-,-,-,-,-,-,-,-,-,-,-,-,-,-,-,-,-,-,-,-,-,-,-,-,-,-,-,-,-,-,-,-,-,-,-,-,-,-,-,-,-,-,-,-,-,-,-,-,-,-,-,-,-,-,-,-,-,-,-,-,-,-,-,-,-,-,-,-,-,-,-,-,-,-,-,-,-,-,-,-,-,-,-,-,-,-,-,-,-,-,-,-,-,-,-,-,-,-,-,-,-,-,-
Gracilinanus_agilis,M,K,L,N,E,R,S,L,A,F,Y,A,T,C,D,S,P,A,D,N,S,G,F,L,Y,K,K,G,E,R,H,T,A,Y,H,R,R,W,F,V,L,K,G,N,M,L,F,Y,F,E,E,R,D,S,R,E,P,V,G,V,I,I,L,E,G,C,T,V,E,L,C,E,A,A,E,E,F,A,F,A,I,R,F,A,G,A,R,S,R,T,Y,V,L,A,A,D,S,Q,P,A,M,E,A,W,V,K,A,L,S,R,A,S,F,D,Y,M,R,L,V,V,R,A,L,E,Q,Q,L,E,Q,M,R,S,-,G,R,R,E,R,S,R,E,N,G,C,A,V,W,S,H,E,-,-,-,-,-,-,-,-,P,P,V,P,P,R,R,K,P,S,-,-,-,-,-,-,-,-,-,F,S,R,L,H,D,W,Y,G,Q,E,I,L,A,L,R,R,E,W,Q,E,S,R,G,Q
Grammomys_surdaster,M,K,L,N,E,R,S,L,A,F,Y,A,T,C,D,A,P,V,D,N,A,G,F,L,H,K,R,G,G,R,G,A,G,S,H,R,R,W,F,V,L,R,G,N,M,L,F,Y,F,E,T,E,A,S,R,E,P,L,G,V,I,L,L,E,G,C,T,V,E,L,V,D,A,R,E,E,F,A,F,A,V,R,F,A,G,G,R,S,R,P,Y,V,L,A,A,D,S,Q,A,A,L,E,G,W,V,K,A,L,S,R,A,S,F,H,Y,L,R,L,V,V,R,E,L,E,Q,Q,L,A,A,M,R,E,-,-,-,-,-,-,-,K,E,N,G,R,A,V,W,S,A,L,Q,-,-,-,-,-,Q,R,P,P,L,P,P,R,R,R,T,S,A,A,N,G,-,-,L,A,S,F,A,Q,L,H,E,R,Y,G,L,E,V,Q,A,L,R,N,Q,W,-,-,-,-,-,-
Heterocephalus_glaber,M,K,L,N,E,R,S,L,A,F,Y,A,T,C,D,A,P,V,D,H,A,G,F,L,H,K,K,G,G,R,H,T,A,S,H,R,R,W,F,V,L,R,G,N,M,L,F,Y,F,E,G,P,G,S,R,E,P,L,G,V,I,V,L,E,G,C,T,V,E,L,V,E,A,A,E,E,F,A,F,A,V,R,F,T,G,A,H,A,R,C,Y,A,L,A,A,E,S,Q,A,A,L,E,G,W,V,K,A,L,S,R,A,S,F,H,Y,L,R,L,V,V,R,E,L,E,Q,Q,L,A,A,M,R,-,-,-,-,-,-,-,-,K,E,N,G,C,A,V,W,S,A,E,A,-,-,-,-,-,R,C,P,P,L,P,P,R,R,R,A,S,T,P,D,R,P,D,S,A,P,F,A,Q,L,H,E,W,Y,G,Q,E,V,R,A,L,R,G,Q,W,L,G,G,Q,T,Q
Hyaena_hyaena,M,K,L,N,E,R,S,L,A,F,Y,A,T,C,D,A,P,V,D,N,A,G,F,L,Y,K,K,G,G,R,H,A,A,Y,H,R,R,W,F,V,L,R,G,N,M,L,F,Y,F,E,D,A,A,S,R,E,P,V,G,V,I,I,L,E,G,C,T,V,E,L,V,E,A,A,E,E,F,A,F,A,V,R,F,A,G,A,R,A,R,T,Y,V,L,A,A,E,S,Q,A,A,M,E,G,W,V,K,A,L,S,R,A,S,F,D,Y,L,R,L,V,V,R,E,L,E,Q,Q,L,A,A,V,R,A,G,G,R,R,P,R,A,K,E,N,G,C,A,V,W,S,A,E,A,G,A,R,P,G,A,P,P,P,L,P,P,R,R,R,A,S,A,P,N,G,L,H,A,V,P,F,A,Q,L,H,E,R,Y,G,E,E,V,R,A,L,R,S,Q,W,L,R,S,R,A,Q
Jaculus_jaculus,M,K,L,N,E,R,S,L,A,F,Y,A,T,C,D,A,P,V,D,N,A,G,F,L,Y,K,R,G,G,S,-,-,-,-,-,R,R,W,F,V,L,R,G,N,M,L,F,Y,F,E,D,A,A,G,R,E,P,L,G,V,I,L,L,E,G,C,T,V,E,L,V,E,A,R,Q,E,F,A,F,A,V,R,F,P,G,G,R,V,R,P,Y,V,L,V,A,D,S,Q,E,A,L,E,G,W,V,K,A,L,S,R,A,S,F,H,Y,L,R,L,V,V,R,E,L,E,Q,Q,L,A,A,M,R,A,-,-,-,-,-,-,-,K,E,N,G,R,A,A,W,S,T,Q,L,-,-,-,-,-,E,G,P,P,L,P,P,R,R,Q,A,S,A,P,N,G,L,A,L,A,P,F,A,Q,L,H,E,R,Y,G,Q,E,V,R,A,L,R,S,Q,W,-,-,-,-,-,-
Lemur_catta,M,K,L,N,E,R,S,L,A,F,Y,A,T,C,D,A,P,V,D,N,A,G,F,L,H,K,K,G,G,R,H,A,A,Y,H,R,R,W,F,V,L,R,G,N,M,L,F,Y,F,E,E,P,A,S,R,E,P,V,G,V,I,I,L,E,G,C,T,V,E,L,V,D,A,A,E,E,F,A,F,A,V,R,F,A,G,A,R,A,R,T,Y,V,L,A,A,E,S,Q,A,A,L,E,R,W,V,K,A,L,S,R,A,S,F,D,Y,L,R,L,V,V,R,E,L,E,R,Q,L,A,A,V,R,A,-,-,R,R,P,G,A,K,E,N,G,C,A,V,W,S,A,E,-,-,-,-,-,-,E,P,P,P,P,P,P,R,R,R,A,S,A,P,H,G,L,D,A,A,P,F,A,R,L,H,E,S,Y,G,Q,E,I,R,A,L,R,H,Q,W,L,S,S,R,A,Q
Leptonychotes_weddellii,M,K,L,N,E,R,S,L,A,F,Y,A,T,C,D,A,P,M,D,N,A,G,F,L,Y,K,K,G,G,R,H,A,A,Y,H,R,R,W,F,V,L,R,G,N,M,L,F,Y,F,E,E,P,A,S,R,E,P,V,G,V,I,I,L,E,G,C,T,V,E,L,V,E,A,A,E,E,F,A,F,A,V,R,F,A,G,A,R,A,R,T,Y,V,L,A,A,E,S,Q,A,A,M,E,G,W,V,K,A,L,S,R,A,S,F,D,Y,L,R,L,V,V,R,E,L,E,Q,Q,L,-,-,-,-,-,-,-,-,-,-,-,-,-,-,-,-,-,-,-,-,-,-,-,-,-,-,-,-,-,-,-,-,-,-,-,-,-,-,-,-,-,-,-,-,-,-,-,-,-,-,-,-,-,-,-,-,-,-,-,-,-,-,-,-,-,-,-,-,-,-,-,-,-,-,-
Lontra_canadensis,M,K,L,N,E,R,S,L,A,F,Y,A,T,C,D,A,P,V,D,N,A,G,F,L,Y,K,K,G,G,R,H,A,A,Y,H,R,R,W,F,V,L,R,G,N,M,L,F,Y,F,E,D,P,A,S,R,E,P,V,G,V,I,I,L,E,G,C,T,V,E,L,V,E,A,A,E,E,F,A,F,A,V,R,F,A,G,A,R,A,R,T,Y,V,L,A,A,E,S,Q,A,A,M,E,G,W,V,K,A,L,S,R,A,S,F,D,Y,L,R,L,V,V,R,E,L,E,Q,Q,L,A,A,M,R,A,G,D,R,R,P,R,A,K,E,N,G,C,A,V,W,S,A,E,A,-,-,-,-,-,A,P,P,P,L,P,P,R,R,R,A,S,A,P,N,G,L,R,A,G,S,F,A,Q,L,H,E,L,Y,G,Q,E,V,R,A,L,R,S,Q,W,L,R,N,R,A,Q
Lynx_canadensis,M,K,L,N,E,R,S,L,A,F,Y,A,T,C,D,A,P,V,D,N,A,G,F,L,Y,K,K,G,G,R,H,A,A,Y,H,R,R,W,F,V,L,R,G,N,M,L,F,Y,F,E,D,A,A,S,R,E,P,V,G,V,I,I,L,E,G,C,T,V,E,L,V,E,A,A,E,E,F,A,F,A,V,R,F,A,G,A,R,A,R,T,Y,V,L,A,A,E,S,Q,A,A,M,E,G,W,V,K,A,L,S,R,A,S,F,D,Y,L,R,L,V,V,R,E,L,E,Q,Q,L,A,A,V,R,A,G,G,R,R,P,R,A,R,E,N,G,R,A,V,W,S,A,E,A,G,A,P,P,G,V,P,P,P,L,P,P,R,R,R,A,S,A,P,N,G,L,H,A,A,S,F,A,R,L,H,E,W,Y,G,Q,E,V,R,A,L,R,S,Q,W,L,R,S,R,A,Q
Manis_javanica,M,K,L,N,E,R,S,L,A,F,Y,A,T,C,D,A,P,V,D,N,A,G,F,L,Y,K,K,G,G,R,H,T,A,Y,H,R,R,W,F,V,L,R,G,N,M,L,F,Y,F,E,D,P,A,S,R,E,P,V,G,V,I,I,L,E,G,C,T,V,E,L,V,E,A,T,E,E,F,A,F,A,V,R,F,A,G,A,R,A,R,T,Y,V,L,A,A,E,N,Q,A,A,M,E,G,W,V,K,A,L,S,R,A,S,F,D,Y,L,R,L,V,V,R,E,L,E,Q,Q,L,A,A,M,Q,A,G,G,R,R,P,R,T,K,E,N,G,C,A,V,W,S,T,E,-,-,-,-,-,-,K,P,P,P,L,P,P,R,R,R,A,S,A,P,N,G,L,D,T,A,S,F,S,Q,L,H,E,W,Y,G,Q,E,V,R,A,L,R,S,Q,W,L,R,S,Q,A,Q
Manis_pentadactyla,M,K,L,N,E,R,S,L,A,F,Y,A,T,C,D,A,P,V,D,N,A,G,F,L,Y,K,K,G,G,R,H,T,A,Y,H,R,R,W,F,V,L,R,G,N,M,L,F,Y,F,E,D,P,T,S,R,E,P,V,G,V,I,I,L,E,G,C,T,V,E,L,V,E,A,T,E,E,F,A,F,A,V,R,F,A,G,A,R,A,R,T,Y,V,L,A,A,E,N,Q,A,A,M,E,G,W,V,K,A,L,S,R,A,S,F,D,Y,L,R,L,V,V,R,E,L,E,Q,Q,L,A,A,M,Q,A,G,G,R,R,P,R,T,K,E,N,G,C,A,V,W,S,T,E,-,-,-,-,-,-,K,P,P,P,L,P,P,R,R,R,A,S,A,P,N,G,V,D,T,A,S,F,S,Q,L,H,E,W,Y,G,Q,E,V,R,A,L,R,S,Q,W,L,R,S,Q,A,Q
Mastomys_coucha,M,K,L,N,E,R,S,L,A,F,Y,A,T,C,D,A,P,V,D,N,A,G,F,L,H,K,R,G,G,R,G,A,S,S,H,R,R,W,F,V,L,R,G,N,M,L,F,Y,F,E,A,E,S,S,R,E,P,L,G,V,I,L,L,E,G,C,T,V,E,L,V,D,A,R,E,E,F,A,F,A,V,R,F,A,G,G,H,S,R,P,Y,V,L,A,A,D,S,Q,A,A,L,E,G,W,V,K,A,L,S,R,A,S,F,H,Y,L,R,L,V,V,R,E,L,E,Q,Q,L,A,A,M,R,E,-,-,-,-,-,-,-,K,E,N,G,R,A,V,W,S,A,L,Q,-,-,-,-,-,K,R,P,P,L,P,P,R,R,R,A,S,A,A,K,G,-,-,L,A,S,F,A,Q,L,H,E,R,Y,G,L,E,V,Q,A,L,R,N,Q,W,-,-,-,-,-,-
Meles_meles,M,K,L,N,E,R,S,L,A,F,Y,A,T,C,D,A,P,V,D,N,A,G,F,L,Y,K,K,G,G,R,H,A,A,Y,H,R,R,W,F,V,L,R,G,N,M,L,F,Y,F,E,D,P,A,S,R,E,P,V,G,V,I,I,L,E,G,C,T,V,E,L,V,E,A,A,E,E,F,A,F,A,V,R,F,A,G,A,R,A,R,T,Y,V,L,A,A,E,S,Q,A,A,M,E,G,W,V,K,A,L,S,R,A,S,F,D,Y,L,R,L,V,V,R,E,L,E,Q,Q,L,A,A,M,R,A,G,D,R,R,P,R,A,K,E,N,G,C,A,V,W,S,A,E,A,-,-,-,-,-,A,P,P,P,L,P,P,R,R,R,A,S,A,P,N,G,L,R,A,G,S,F,A,R,L,H,E,L,F,G,Q,E,V,R,A,L,R,S,Q,W,L,R,S,R,A,Q
Meriones_unguiculatus,M,K,L,N,E,R,S,L,A,F,Y,A,T,C,D,A,P,V,D,N,A,G,F,L,H,K,R,G,G,R,G,V,G,S,H,R,R,W,F,V,L,R,G,N,M,L,F,Y,F,E,A,E,A,S,R,E,P,L,G,V,I,L,L,E,G,C,T,V,E,L,V,D,A,R,E,E,F,A,F,A,V,R,F,A,G,G,R,S,R,P,Y,V,L,A,A,D,S,Q,A,A,L,E,G,W,V,K,A,L,S,R,A,S,F,H,Y,L,R,L,V,V,R,E,L,E,Q,Q,L,A,A,M,R,-,-,-,-,-,-,-,-,K,E,N,G,R,A,V,W,S,T,L,Q,-,-,-,-,-,Q,R,P,P,L,P,P,R,R,R,A,S,A,A,K,G,-,-,L,A,T,F,A,Q,L,H,E,R,Y,G,L,E,V,Q,A,L,R,N,Q,W,-,-,-,-,-,-
Mesocricetus_auratus,M,K,L,N,E,R,S,L,A,F,Y,A,T,C,D,A,P,V,D,N,A,G,F,L,H,K,R,G,A,R,G,A,G,S,H,R,R,W,F,V,L,R,G,N,M,L,F,Y,F,E,S,E,A,S,R,E,P,L,G,V,I,L,L,E,G,C,T,V,E,L,V,D,A,R,E,E,F,A,F,A,V,R,F,A,S,G,R,S,R,P,Y,V,L,A,A,D,S,Q,A,A,L,E,G,W,V,K,A,L,S,R,A,S,F,H,Y,L,R,L,V,V,H,E,L,E,Q,Q,L,A,A,M,R,-,-,-,-,-,-,-,-,K,E,N,G,R,A,A,W,S,V,L,K,-,-,-,-,-,Q,R,P,P,L,P,P,R,R,R,A,S,A,P,N,G,-,-,L,A,S,F,A,Q,L,H,E,R,Y,G,L,E,V,Q,A,L,R,S,Q,W,-,-,-,-,-,-
Microcebus_murinus,M,K,L,N,E,R,S,L,A,F,Y,A,T,C,D,A,P,V,D,N,A,G,F,L,H,K,K,G,G,R,H,A,A,Y,H,R,R,W,F,V,L,R,G,N,M,L,F,Y,F,E,E,P,A,S,R,E,P,V,G,V,I,I,L,E,G,C,T,V,E,L,V,E,A,A,E,E,F,A,F,A,V,R,F,P,G,N,R,A,R,T,Y,V,L,A,A,E,S,Q,A,A,L,E,R,W,V,K,A,L,S,R,A,S,F,D,Y,L,R,L,V,V,R,E,L,E,Q,Q,L,A,A,V,R,A,-,-,R,R,P,S,A,K,E,N,G,C,A,V,W,S,T,E,A,D,T,R,P,G,E,P,P,P,P,P,P,R,R,R,A,S,T,P,H,G,L,D,G,A,P,F,A,R,L,H,E,L,Y,G,Q,E,V,R,A,L,R,R,Q,W,L,S,S,R,A,Q
Microtus_fortis,M,K,L,N,E,R,S,L,A,F,Y,A,T,C,D,A,P,V,D,N,A,G,F,L,H,K,R,G,G,R,G,A,G,S,H,R,R,W,F,V,L,R,G,N,M,L,F,Y,F,E,A,E,A,S,R,E,P,L,G,V,I,L,L,E,G,C,T,V,E,L,V,D,V,R,E,E,F,A,F,A,V,H,F,A,G,G,R,S,R,P,Y,V,L,A,A,D,S,Q,A,A,L,E,G,W,V,K,A,L,S,R,A,S,F,H,Y,L,R,L,V,V,R,E,L,E,Q,Q,L,A,A,M,R,E,-,-,-,-,-,-,-,K,E,N,G,R,A,V,W,S,A,L,Q,-,-,-,-,-,Q,R,P,P,L,P,P,R,R,R,A,S,A,C,N,G,-,-,L,V,S,F,A,Q,L,H,E,Q,Y,G,L,E,V,R,A,L,R,S,Q,W,-,-,-,-,-,-
Microtus_ochrogaster,M,K,L,N,E,R,S,L,A,F,Y,A,T,C,D,A,P,V,D,N,A,G,F,L,H,K,R,G,G,R,G,A,G,S,H,R,R,W,F,V,L,R,G,N,M,L,F,Y,F,E,A,E,A,S,R,E,P,L,G,V,I,L,L,E,G,C,T,V,E,L,V,D,V,R,E,E,F,A,F,A,V,H,F,A,G,G,R,S,R,P,Y,V,L,A,A,D,S,Q,A,A,L,E,G,W,V,K,A,L,S,R,A,S,F,H,Y,L,R,L,V,V,R,E,L,E,Q,Q,L,A,A,M,R,E,-,-,-,-,-,-,-,K,E,N,G,R,A,V,W,S,A,L,Q,-,-,-,-,-,Q,R,P,P,L,P,P,R,R,R,A,S,A,S,N,G,-,-,L,L,S,F,A,Q,L,H,E,Q,Y,G,L,E,V,R,A,L,R,S,Q,W,-,-,-,-,-,-
Microtus_oregoni,M,K,L,N,E,R,S,L,A,F,Y,A,T,C,D,A,P,V,D,N,A,G,F,L,H,K,R,G,G,R,G,A,G,S,H,R,R,W,F,V,L,R,G,N,M,L,F,Y,F,E,A,E,A,S,R,E,P,L,G,V,I,L,L,E,G,C,T,V,E,L,V,D,V,R,E,E,F,A,F,A,L,H,F,A,G,G,R,S,R,P,Y,V,L,A,A,D,S,Q,A,A,L,E,G,W,V,K,A,L,S,R,A,S,F,H,Y,L,R,L,V,V,R,E,L,E,Q,Q,L,A,A,M,R,E,-,-,-,-,-,-,-,K,E,N,G,R,A,V,W,S,A,L,Q,-,-,-,-,-,Q,R,P,P,L,P,P,R,R,R,A,S,A,S,N,G,-,-,L,V,S,F,A,Q,L,H,E,Q,Y,G,L,E,V,R,A,L,R,S,Q,W,-,-,-,-,-,-
Mirounga_angustirostris,M,K,L,N,E,R,S,L,A,F,Y,A,T,C,D,A,P,V,D,N,A,G,F,L,Y,K,K,G,G,R,H,A,A,Y,H,R,R,W,F,V,L,R,G,N,M,L,F,Y,F,E,E,P,A,S,R,E,P,V,G,V,I,I,L,E,G,C,T,V,E,L,V,E,A,A,E,E,F,A,F,A,V,R,F,A,G,A,R,A,R,T,Y,V,L,A,A,E,S,Q,A,A,M,E,G,W,V,K,A,L,S,R,A,S,F,D,Y,L,R,L,V,V,R,E,L,E,Q,Q,L,A,A,M,R,A,G,D,R,R,P,R,A,K,E,N,G,C,A,V,W,S,A,E,-,-,-,-,-,-,-,-,-,-,L,P,P,R,R,R,A,W,T,P,N,G,P,H,A,G,S,F,A,R,L,H,E,W,Y,G,Q,E,V,R,A,L,R,S,Q,W,L,G,G,R,A,Q
Mirounga_leonina,M,K,L,N,E,R,S,L,A,F,Y,A,T,C,D,A,P,V,D,N,A,G,F,L,Y,K,K,G,G,R,H,A,A,Y,H,R,R,W,F,V,L,R,G,N,M,L,F,Y,F,E,E,P,A,S,R,E,P,V,G,V,I,I,L,E,G,C,T,V,E,L,V,E,A,A,E,E,F,A,F,A,V,R,F,A,G,A,R,A,R,T,Y,V,L,A,A,E,S,Q,A,A,M,E,G,W,V,K,A,L,S,R,A,S,F,D,Y,L,R,L,V,V,R,E,L,E,Q,Q,L,A,A,M,R,A,G,D,R,R,P,R,A,K,E,N,G,C,A,V,W,S,-,-,-,-,-,-,-,-,-,-,P,P,L,P,P,R,R,R,A,W,T,P,N,G,P,H,A,G,S,F,A,R,L,H,E,W,Y,G,Q,E,V,R,A,L,R,S,Q,W,L,G,G,R,A,Q
Monodelphis_domestica,M,K,L,N,E,R,S,L,A,F,Y,A,T,C,D,S,P,A,D,N,T,G,F,L,Y,K,K,G,E,R,H,T,A,Y,H,K,R,W,F,V,L,K,G,N,M,L,F,Y,F,E,D,R,D,S,R,E,P,V,G,V,I,I,L,E,G,C,T,V,E,L,C,E,A,A,E,E,F,A,F,A,I,R,F,A,G,A,R,S,R,T,Y,I,L,A,A,D,S,Q,P,A,M,E,A,W,V,K,A,L,S,R,A,S,F,D,Y,M,R,L,V,V,R,E,L,E,Q,Q,L,E,Q,M,R,S,G,G,R,R,E,R,S,K,E,N,G,C,A,V,W,S,H,E,-,-,-,-,-,-,-,-,P,P,I,P,P,R,R,K,P,S,-,-,-,-,-,-,-,-,-,F,S,R,L,H,D,W,Y,G,Q,E,I,L,A,L,R,S,E,W,Q,Q,S,R,G,Q
Mus_caroli,M,K,L,N,E,R,S,L,A,F,Y,A,T,C,D,A,P,V,D,N,A,G,F,L,H,K,R,G,G,R,G,T,G,S,H,R,R,W,F,V,L,R,G,N,I,L,F,Y,F,E,T,E,A,S,R,E,P,L,G,V,I,L,L,E,G,C,T,V,E,L,V,D,A,R,E,E,F,A,F,A,V,R,F,A,G,G,R,S,R,P,Y,V,L,A,A,D,S,Q,A,A,L,E,G,W,V,K,A,L,S,R,A,S,F,H,Y,L,R,L,V,V,R,E,L,E,Q,Q,L,A,A,M,R,E,-,-,-,-,-,-,-,K,E,N,G,W,V,V,W,S,T,L,Q,-,-,-,-,-,Q,R,P,P,L,P,P,R,R,R,A,S,A,A,N,G,-,-,L,A,S,F,A,Q,L,H,A,R,Y,G,L,E,V,Q,A,L,R,N,Q,W,-,-,-,-,-,-
Mus_musculus,M,K,L,N,E,R,S,L,A,F,Y,A,T,C,D,A,P,V,D,N,A,G,F,L,Y,K,R,G,G,R,G,T,G,S,H,R,R,W,F,V,L,R,G,N,I,L,F,Y,F,E,A,E,G,S,R,E,P,L,G,V,I,L,L,E,G,C,T,V,E,L,V,D,A,R,E,E,F,A,F,A,V,R,F,A,G,G,R,S,R,P,Y,V,L,A,A,D,S,Q,A,A,L,E,G,W,V,K,A,L,S,R,A,S,F,H,Y,L,R,L,V,V,R,E,L,E,Q,Q,L,A,A,M,R,E,-,-,-,-,-,-,-,K,E,N,G,W,V,V,W,S,-,-,-,-,-,-,-,-,-,-,P,P,L,P,P,R,R,R,A,S,A,A,N,G,-,-,L,A,S,F,A,Q,L,H,A,R,Y,G,L,E,V,Q,A,L,R,D,Q,W,-,-,-,-,-,-
Mus_pahari,M,K,L,N,E,R,S,L,A,C,Y,A,T,C,D,A,P,V,D,N,A,G,F,L,H,K,R,G,G,R,G,A,G,S,H,R,R,W,F,V,L,R,G,N,I,L,F,Y,F,E,A,E,A,S,R,E,P,L,G,V,I,L,L,E,G,C,T,V,E,L,V,D,A,R,E,E,F,A,F,A,V,R,F,A,G,G,R,S,R,S,Y,V,L,A,A,D,S,Q,A,A,L,E,G,W,V,K,A,L,S,R,A,S,F,H,Y,L,R,L,V,V,R,E,L,E,Q,Q,L,A,A,M,R,E,-,-,-,-,-,-,-,K,E,N,G,W,V,V,W,S,-,-,-,-,-,-,-,-,Q,R,P,P,L,P,P,R,R,R,A,S,A,A,N,V,-,-,L,A,S,F,A,Q,L,H,A,R,Y,G,L,E,V,Q,A,L,R,D,Q,W,-,-,-,-,-,-
Mustela_erminea,M,K,L,N,E,R,S,L,A,F,Y,A,T,C,D,A,P,V,D,N,A,G,F,L,Y,K,K,G,G,R,H,A,A,Y,H,R,R,W,F,V,L,R,G,N,M,L,F,Y,F,E,D,P,A,S,R,E,P,V,G,V,I,I,L,E,G,C,T,V,E,L,V,E,A,A,E,E,F,A,F,A,V,R,F,A,G,A,R,A,R,T,Y,V,L,A,A,E,S,Q,A,A,M,E,G,W,V,K,A,L,S,R,A,S,F,D,Y,L,R,L,V,V,R,E,L,E,Q,Q,L,A,A,M,R,A,G,D,R,R,P,R,A,K,E,N,G,C,A,V,W,S,A,E,-,-,-,-,-,-,A,P,P,P,L,P,P,R,R,R,A,S,A,P,N,G,L,C,A,G,S,F,A,R,L,H,E,L,Y,G,Q,E,V,R,A,L,R,S,Q,W,L,R,S,R,A,Q
Mustela_putorius_furo,M,K,L,N,E,R,S,L,A,F,Y,A,T,C,D,A,P,V,D,N,A,G,F,L,Y,K,K,G,G,R,H,A,A,Y,H,R,R,W,F,V,L,R,G,N,M,L,F,Y,F,E,D,P,A,S,R,E,P,V,G,V,I,I,L,E,G,C,T,V,E,L,V,E,A,A,E,E,F,A,F,A,V,R,F,A,G,A,R,A,R,T,Y,V,L,A,A,E,S,Q,A,A,M,E,G,W,V,K,A,L,S,R,A,S,F,D,Y,L,R,L,V,V,R,E,L,E,Q,Q,L,A,A,M,R,A,G,D,R,R,P,R,T,K,E,N,G,C,A,V,W,S,A,E,A,-,-,-,-,-,A,P,P,P,L,P,P,R,R,R,A,S,A,P,N,G,L,C,A,G,S,F,A,R,L,H,E,L,Y,G,Q,E,V,R,A,L,R,S,Q,W,L,R,S,R,A,Q
Myodes_glareolus,M,K,L,N,E,R,S,L,A,F,Y,A,T,C,D,A,P,V,D,N,A,G,F,L,H,K,R,G,G,R,G,A,S,S,H,R,R,W,F,V,L,R,G,N,M,L,F,Y,F,E,A,E,A,S,R,E,P,L,G,V,I,L,L,E,G,C,T,V,E,L,V,D,V,R,E,E,F,A,F,A,V,H,F,A,G,G,R,S,R,P,Y,V,L,A,A,D,S,Q,A,A,L,E,G,W,V,K,A,L,S,R,A,S,F,H,Y,L,R,L,V,V,R,E,L,E,Q,Q,L,A,A,M,R,E,-,-,-,-,-,-,-,K,E,N,G,R,A,V,W,S,A,L,Q,-,-,-,-,-,Q,R,P,P,L,P,P,R,R,R,A,S,A,S,N,G,-,-,L,A,S,F,A,Q,L,H,E,Q,Y,G,L,E,V,R,A,L,R,S,Q,W,-,-,-,-,-,-
Neogale_vison,M,K,L,N,E,R,S,L,A,F,Y,A,T,C,D,A,P,V,D,N,A,G,F,L,Y,K,K,G,G,R,H,A,A,Y,H,R,R,W,F,V,L,R,G,N,M,L,F,Y,F,E,D,P,A,S,R,E,P,V,G,V,I,I,L,E,G,C,T,V,E,L,V,E,A,A,E,E,F,A,F,A,V,R,F,A,G,A,R,A,R,T,Y,V,L,A,A,E,S,Q,A,A,M,E,G,W,V,K,A,L,S,R,A,S,F,D,Y,L,R,L,V,V,R,E,L,E,Q,Q,L,A,A,M,R,A,G,D,R,R,P,R,P,K,E,N,G,C,A,V,W,S,A,E,A,-,-,-,-,-,A,P,P,P,L,P,P,R,R,R,A,S,A,P,N,G,L,R,T,G,S,F,A,R,L,H,E,L,Y,G,Q,E,V,R,A,L,R,S,Q,W,L,R,S,R,A,Q
Odobenus_rosmarus_divergens,M,K,L,N,E,R,S,L,A,F,Y,A,T,C,D,A,P,V,D,N,A,G,F,L,Y,K,K,G,G,R,H,A,A,Y,H,R,R,W,F,V,L,R,G,N,M,L,F,Y,F,E,E,P,A,S,R,E,P,V,G,V,I,I,L,E,G,C,T,V,E,L,V,E,A,A,E,E,F,A,F,A,V,R,F,A,G,A,R,A,R,T,Y,V,L,A,A,E,S,Q,A,A,M,E,G,W,V,K,A,L,S,R,A,S,F,D,Y,L,R,L,V,V,R,E,L,E,Q,Q,L,A,A,M,R,A,G,D,-,-,-,-,-,-,-,-,-,-,-,-,-,-,-,-,-,-,-,-,-,-,-,-,-,-,-,-,S,R,R,R,A,W,A,P,N,G,P,H,A,G,S,F,A,R,L,H,E,W,Y,G,Q,E,V,R,A,L,R,S,Q,W,L,G,S,R,-,-
Odocoileus_virginianus_texanus,M,K,L,N,E,R,S,L,A,F,Y,A,T,C,D,T,P,A,D,N,T,G,F,L,Y,K,K,G,G,R,H,A,A,Y,H,R,R,W,F,V,L,R,G,N,M,L,F,Y,F,E,D,A,A,S,R,E,P,V,G,V,I,I,L,E,G,C,T,V,E,L,V,E,A,A,E,E,F,A,F,A,V,R,F,A,G,S,R,A,R,T,Y,V,L,A,A,E,S,Q,A,A,M,E,G,W,V,K,A,L,S,R,A,S,F,D,Y,L,R,L,V,V,R,E,L,E,Q,Q,L,A,A,V,R,A,G,G,-,-,-,-,-,-,-,-,-,-,-,-,-,-,-,-,-,-,-,-,-,-,E,P,P,P,L,P,P,R,R,R,A,S,A,P,N,G,L,D,S,A,S,F,A,Q,L,H,E,W,Y,G,Q,E,I,R,A,L,R,S,Q,W,L,S,S,Q,A,Q
Onychomys_torridus,M,K,L,N,E,R,S,L,A,F,Y,A,T,C,D,A,P,V,D,N,A,G,F,L,H,K,R,G,G,R,G,A,G,S,H,R,R,W,F,V,L,R,G,N,M,L,F,Y,F,E,A,E,T,S,R,E,P,L,G,V,I,L,L,E,G,C,T,V,E,L,V,E,A,R,E,E,F,A,F,A,V,R,F,S,G,G,R,S,R,P,Y,V,L,A,A,D,S,Q,A,A,L,E,G,W,V,K,A,L,S,R,A,S,F,H,Y,L,R,L,V,V,R,E,L,E,Q,Q,L,A,A,M,R,E,G,G,-,-,-,-,-,K,E,N,G,R,A,V,W,S,A,L,Q,-,-,-,-,-,Q,R,P,P,L,P,P,R,R,R,A,S,-,S,N,G,-,-,L,V,S,F,A,Q,L,H,E,R,Y,G,L,E,V,R,A,L,R,S,Q,W,-,-,-,-,-,-
Ornithorhynchus_anatinus,M,K,L,N,E,R,S,L,A,F,Y,A,T,C,D,S,P,A,D,N,T,G,F,L,Y,K,K,G,E,R,H,T,A,Y,H,K,R,W,F,V,L,K,G,N,M,L,F,Y,F,E,D,R,D,S,R,E,P,V,G,V,I,I,L,E,G,C,T,V,E,L,C,E,A,T,E,E,F,A,F,A,I,R,F,A,G,A,R,S,R,T,Y,V,L,A,A,D,S,Q,P,A,M,E,T,W,V,K,A,L,S,R,A,S,F,D,Y,L,R,L,V,V,R,E,L,E,Q,Q,L,E,E,V,R,-,-,-,R,R,D,R,-,K,D,N,G,C,A,V,W,S,-,-,-,-,-,-,-,-,-,-,P,P,L,P,P,R,R,R,P,S,-,-,-,-,-,-,-,A,S,F,G,K,L,H,E,W,Y,G,R,E,I,V,E,L,R,R,E,W,L,E,S,Q,G,Q
Orycteropus_afer_afer,M,K,L,N,E,R,S,L,A,F,Y,A,T,C,D,A,P,A,D,N,T,G,F,L,Y,K,K,G,G,R,H,A,T,Y,H,R,R,W,F,V,L,R,G,N,M,L,F,Y,F,E,D,P,A,S,R,E,P,V,G,V,I,I,L,E,G,C,T,V,E,L,V,E,A,A,E,E,F,A,F,A,V,R,F,A,G,A,R,A,R,T,Y,V,L,A,A,E,S,Q,A,A,M,E,G,W,V,K,A,L,S,R,A,S,F,D,Y,L,R,L,V,V,R,E,L,E,Q,Q,L,A,A,M,R,A,G,A,R,R,P,R,P,K,E,N,G,C,A,V,W,S,T,E,-,-,A,R,P,G,E,P,P,P,R,P,P,R,R,R,T,S,A,P,G,E,L,D,R,V,S,F,A,R,L,H,E,W,Y,G,Q,E,I,R,A,L,R,G,Q,W,L,R,G,Q,A,Q
Oryctolagus_cuniculus,M,K,L,N,E,R,S,L,A,F,Y,A,T,C,D,A,P,V,D,H,A,G,F,L,R,K,Q,G,G,R,P,A,A,S,H,R,R,W,F,V,L,R,G,N,L,L,F,Y,F,E,E,P,A,A,R,Q,P,L,G,V,V,V,L,E,G,C,T,V,E,L,A,D,A,A,Q,D,F,A,F,A,V,R,F,A,G,A,R,A,R,T,Y,V,L,A,A,D,S,Q,A,A,M,E,G,W,V,K,A,L,S,R,A,S,F,D,Y,L,R,L,V,V,R,E,L,E,Q,Q,L,A,A,M,Q,A,G,G,R,R,-,-,-,K,E,N,G,C,A,V,W,S,I,E,A,C,A,A,A,G,G,L,P,P,P,P,P,R,R,R,A,S,P,P,H,G,L,D,G,V,P,F,A,Q,L,H,E,W,Y,G,Q,E,I,Q,A,L,R,G,Q,W,L,S,S,R,A,Q
Oryx_dammah,M,K,L,N,E,R,S,L,A,F,Y,A,T,C,D,T,P,A,D,N,T,G,F,L,Y,K,K,G,G,R,H,A,A,Y,H,R,R,W,F,V,L,R,G,N,M,L,F,Y,F,E,D,A,A,S,R,E,P,V,G,V,I,I,L,E,G,C,T,V,E,L,V,E,A,A,E,E,F,A,F,A,V,R,F,A,G,S,R,A,R,T,Y,V,L,A,A,E,S,Q,A,A,M,E,G,W,V,K,A,L,S,R,A,S,F,D,Y,L,R,L,V,V,R,E,L,E,Q,Q,L,A,A,V,R,A,G,G,H,R,P,R,A,K,E,N,G,C,A,V,W,S,A,E,A,-,-,-,-,-,E,P,P,P,L,P,P,R,R,R,A,S,A,P,N,G,L,D,S,A,S,F,A,Q,L,H,E,W,Y,G,Q,E,V,R,A,L,R,S,Q,W,L,S,S,Q,A,Q
Otolemur_garnettii,M,K,L,N,E,R,S,L,A,F,Y,A,T,C,D,A,P,V,D,N,A,G,F,L,Y,K,K,G,G,R,H,A,A,Y,H,R,R,W,F,V,L,R,G,N,M,L,F,Y,F,E,D,A,A,S,R,E,P,V,G,V,I,I,L,E,G,C,T,V,E,L,V,E,A,A,E,E,F,A,F,A,V,R,F,A,G,T,R,A,R,T,Y,V,L,A,A,E,S,Q,A,A,M,E,G,W,V,K,A,L,S,R,A,S,F,D,Y,L,R,L,V,V,R,E,L,E,Q,Q,L,A,A,V,R,A,G,A,R,R,P,S,A,K,E,N,G,C,A,V,W,S,T,E,A,P,V,A,S,G,E,P,P,P,P,P,P,R,R,R,A,S,A,P,H,G,L,D,A,A,P,F,A,Q,L,H,E,W,Y,G,Q,E,I,R,A,L,R,S,R,W,L,T,S,R,A,Q
Panthera_leo,M,K,L,N,E,R,S,L,A,F,Y,A,T,C,D,A,P,V,D,N,A,G,F,L,Y,K,K,G,G,R,H,A,A,Y,H,R,R,W,F,V,L,R,G,N,M,L,F,Y,F,E,D,A,A,S,R,E,P,V,G,V,I,I,L,E,G,C,T,V,E,L,V,E,A,A,E,E,F,A,F,A,V,R,F,A,G,A,R,A,R,T,Y,V,L,A,A,E,S,Q,A,A,M,E,G,W,V,K,A,L,S,R,A,S,F,D,Y,L,R,L,V,V,R,E,L,E,Q,Q,L,A,A,V,R,A,G,G,R,R,P,R,A,K,E,N,G,C,A,V,W,S,A,E,A,G,A,R,P,G,V,P,P,P,L,P,P,R,R,R,A,S,A,P,N,G,L,R,A,A,S,F,A,R,L,H,E,W,Y,G,Q,E,V,R,A,L,R,S,Q,W,L,R,S,R,A,Q
Panthera_pardus,M,K,L,N,E,R,S,L,A,F,Y,A,T,C,D,A,P,V,D,N,A,G,F,L,Y,K,K,G,G,R,H,A,A,Y,H,R,R,W,F,V,L,R,G,N,M,L,F,Y,F,E,D,A,A,S,R,E,P,V,G,V,I,I,L,E,G,C,T,V,E,L,V,E,A,A,E,E,F,A,F,A,V,R,F,A,G,A,R,A,R,T,Y,V,L,A,A,E,S,Q,A,A,M,E,G,W,V,K,A,L,S,R,A,S,F,D,Y,L,R,L,V,V,R,E,L,E,Q,Q,L,A,A,V,R,A,G,G,R,R,P,R,A,K,E,N,G,C,A,V,W,S,A,E,A,G,A,R,P,G,V,P,P,P,L,P,P,R,R,R,A,S,A,P,N,G,L,R,A,A,S,F,A,R,L,H,E,W,Y,G,Q,E,V,R,A,L,R,S,Q,W,L,R,S,R,A,Q
Panthera_uncia,M,K,L,N,E,R,S,L,A,F,Y,A,T,C,D,A,P,V,D,N,A,G,F,L,Y,K,K,G,G,R,H,A,A,Y,H,R,R,W,F,V,L,R,G,N,M,L,F,Y,F,E,D,A,A,S,R,E,P,V,G,V,I,I,L,E,G,C,T,V,E,L,V,E,A,A,E,E,F,A,F,A,V,R,F,A,G,A,R,A,R,T,Y,V,L,A,A,E,S,Q,A,A,M,E,G,W,V,K,A,L,S,R,A,S,F,D,Y,L,R,L,V,V,R,E,L,E,Q,Q,L,A,A,V,R,A,G,G,R,R,P,R,A,K,E,N,G,C,A,V,W,S,A,E,A,G,A,R,P,G,V,P,P,P,L,P,P,R,R,R,A,S,A,P,N,G,L,H,A,A,S,F,A,R,L,H,E,W,Y,G,Q,E,V,R,A,L,R,S,Q,W,L,R,S,R,A,Q
Perognathus_longimembris_pacificus,M,K,L,N,E,R,S,L,A,R,Y,A,T,C,D,A,P,V,D,K,A,G,F,L,H,K,R,G,G,R,H,A,A,F,Q,R,R,W,F,V,L,R,G,N,M,L,F,Y,F,E,-,-,A,A,A,E,P,L,G,V,I,V,L,E,G,C,T,V,E,L,A,E,A,A,H,A,F,A,F,A,V,R,F,A,G,A,R,A,R,S,Y,V,L,A,A,D,S,Q,G,A,L,E,G,W,V,K,A,L,S,R,A,S,F,A,Y,L,R,L,V,V,R,E,L,E,Q,Q,L,A,A,A,R,A,-,-,-,-,-,-,-,-,-,-,-,-,-,-,-,-,-,A,R,-,-,-,-,-,R,P,P,P,L,P,P,R,R,R,A,S,A,T,P,E,P,A,S,A,P,F,A,R,L,H,E,W,Y,G,Q,E,V,L,A,L,R,T,Q,W,-,R,S,R,A,Q
Peromyscus_californicus_insignis,M,K,L,N,E,R,S,L,A,F,Y,A,T,C,D,A,P,V,D,N,A,G,F,L,H,K,R,G,G,R,G,A,G,S,H,R,R,W,F,V,L,R,G,N,M,L,F,Y,F,E,A,E,A,S,R,E,P,L,G,V,I,L,L,E,G,C,T,V,E,L,V,D,A,R,E,E,F,A,F,A,V,R,F,S,G,G,R,S,R,P,Y,V,L,A,A,D,S,Q,A,A,L,E,G,W,V,K,A,L,S,R,A,S,F,H,Y,L,R,L,V,V,R,E,L,E,Q,Q,L,A,A,M,R,E,G,G,-,-,-,-,-,K,E,N,G,R,A,V,W,S,A,L,Q,-,A,A,A,A,Q,R,P,P,L,P,P,R,R,R,A,S,-,S,N,G,-,-,L,A,S,F,A,Q,L,H,E,R,Y,G,L,E,V,R,A,L,R,S,Q,W,-,-,-,-,-,-
Peromyscus_leucopus,M,K,L,N,E,R,S,L,A,F,Y,A,T,C,D,A,P,V,D,N,A,G,F,L,H,K,R,G,G,R,G,A,G,S,H,R,R,W,F,V,L,R,G,N,M,L,F,Y,F,E,A,E,A,S,R,E,P,L,G,V,I,L,L,E,G,C,T,V,E,L,V,D,A,R,E,E,F,A,F,A,V,R,F,S,G,G,R,S,R,P,Y,V,L,A,A,D,S,Q,A,A,L,E,G,W,V,K,A,L,S,R,A,S,F,H,Y,L,R,L,V,V,R,E,L,E,Q,Q,L,A,A,M,R,E,G,G,-,-,-,-,-,K,E,N,G,R,A,V,W,S,A,L,Q,-,A,A,A,A,Q,R,P,P,P,P,P,R,R,R,A,S,-,S,N,G,-,-,L,A,S,F,A,Q,L,H,E,R,Y,G,L,E,V,R,A,L,R,S,Q,W,-,-,-,-,-,-
Peromyscus_maniculatus_bairdii,M,K,L,N,E,R,S,L,A,F,Y,A,T,C,D,A,P,V,D,N,A,G,F,L,H,K,R,G,G,R,G,A,G,S,H,R,R,W,F,V,L,R,G,N,M,L,F,Y,F,E,A,E,A,S,R,E,P,L,G,V,I,L,L,E,G,C,T,V,E,L,V,D,A,R,E,E,F,A,F,A,V,R,F,S,G,G,R,S,R,S,Y,V,L,A,A,D,S,Q,A,A,L,E,G,W,V,K,A,L,S,R,A,S,F,H,Y,L,R,L,V,V,R,E,L,E,Q,Q,L,A,A,M,R,E,-,-,-,-,-,-,-,K,E,N,G,R,A,V,W,S,A,L,Q,-,A,A,A,A,Q,R,P,P,P,P,P,R,R,R,A,S,-,S,N,G,-,-,L,A,S,F,A,Q,L,H,E,R,Y,G,L,E,V,R,A,L,R,S,Q,W,-,-,-,-,-,-
Phascolarctos_cinereus,M,K,L,N,E,R,S,L,A,F,Y,A,T,C,D,S,P,A,D,N,T,G,F,L,Y,K,K,G,E,R,H,T,A,Y,H,R,R,W,F,V,L,K,G,N,M,L,F,Y,F,E,D,R,D,S,R,E,P,V,G,V,I,I,L,E,G,C,T,V,E,L,C,E,A,A,E,E,F,A,F,A,I,R,F,A,G,A,R,S,R,T,Y,I,L,A,A,D,S,Q,P,A,M,E,A,W,V,K,A,L,S,R,A,S,F,D,Y,M,R,L,V,V,R,E,L,E,Q,Q,L,E,Q,M,R,S,G,G,R,R,E,R,S,K,E,N,G,C,A,V,W,S,Q,E,-,-,-,-,-,-,-,-,P,P,L,P,P,R,R,K,P,S,-,-,-,-,-,-,-,-,-,-,-,-,L,H,D,W,Y,G,Q,E,I,L,A,L,R,R,E,W,L,E,S,R,G,Q
Phoca_vitulina,M,K,L,N,E,R,S,L,A,F,Y,A,T,C,D,A,P,V,D,N,A,G,F,L,Y,K,K,G,G,R,H,A,A,Y,H,R,R,W,F,V,L,R,G,N,M,L,F,Y,F,E,E,P,A,S,R,E,P,V,G,V,I,I,L,E,G,C,T,V,E,L,V,E,A,A,E,E,F,A,F,A,V,R,F,A,G,A,R,A,R,T,Y,V,L,A,A,E,S,Q,T,A,M,E,G,W,V,K,A,L,S,R,A,S,F,D,Y,L,R,L,V,V,R,E,L,E,Q,Q,L,A,A,M,R,A,G,D,R,R,P,R,A,K,E,N,G,C,A,V,W,S,A,E,-,-,-,-,-,-,A,P,P,P,L,P,P,R,R,R,A,W,A,P,N,G,P,H,A,G,S,F,A,R,L,H,E,W,Y,G,Q,E,V,R,A,L,R,S,Q,W,L,G,S,R,A,Q
Phodopus_roborovskii,M,K,L,N,E,R,S,L,A,F,Y,A,T,C,D,A,P,V,D,N,A,G,F,L,H,K,R,G,G,R,G,A,G,S,H,R,R,W,F,V,L,R,G,N,M,L,F,Y,F,E,S,E,A,S,R,E,P,L,G,V,I,L,L,E,G,C,T,V,E,L,V,D,A,R,E,E,F,A,F,A,V,H,F,A,G,G,R,S,R,P,Y,V,L,A,A,D,S,Q,E,A,L,E,G,W,V,K,A,L,S,R,A,S,F,H,Y,L,R,L,V,V,R,E,L,E,Q,Q,L,A,A,M,R,E,-,-,-,-,-,-,-,K,E,N,G,R,A,V,W,S,A,L,E,-,-,-,-,-,K,R,P,P,L,P,P,R,R,R,A,S,A,P,N,G,-,-,L,V,S,F,A,Q,L,H,E,R,Y,G,L,E,V,Q,A,L,R,S,Q,W,-,-,-,-,-,-
Prionailurus_bengalensis_euptilurus,-,-,-,-,-,-,-,-,-,-,-,-,-,-,-,-,-,-,-,-,-,-,-,-,-,-,-,-,-,-,-,-,-,-,-,-,-,-,-,-,-,-,-,-,-,-,-,-,-,-,-,-,-,-,-,-,-,-,-,-,-,-,-,-,-,-,-,-,-,-,-,-,-,-,-,-,-,-,-,-,-,-,-,-,-,-,-,-,-,-,-,-,-,-,-,-,-,-,-,-,-,-,-,-,-,-,-,-,-,-,-,-,-,-,-,-,-,-,-,-,-,-,-,-,-,-,-,-,-,-,-,-,-,-,-,-,-,-,-,-,-,-,-,-,-,-,-,-,-,-,-,-,-,-,-,-,-,-,-,-,-,-,-,-,-,-,-,-,-,-,-,-,-,-,-,-,-,-,-,-,-,-,-,-,-,-,-,-,-,-,-,-,-,-,-,-,-,-,-,-,-,-
Puma_concolor,-,-,-,-,-,-,-,-,-,-,-,-,-,-,-,-,-,-,-,-,-,-,-,-,-,-,-,-,-,-,-,-,-,-,-,-,-,-,-,-,-,-,-,-,-,-,-,-,-,-,-,-,-,-,-,-,-,-,-,-,-,-,-,-,-,-,-,-,-,-,-,-,-,-,-,-,-,-,-,-,-,-,-,-,-,-,-,-,-,-,-,-,-,-,-,-,-,-,-,-,-,-,-,-,-,-,-,-,-,-,-,-,-,-,-,-,-,-,-,-,-,-,-,-,-,-,-,-,-,-,-,-,-,-,-,-,-,-,-,-,-,-,-,-,-,-,-,-,-,-,-,-,-,-,-,-,-,-,-,-,-,-,-,-,-,-,-,-,-,-,-,-,-,-,-,-,-,-,-,-,-,-,-,-,-,-,-,-,-,-,-,-,-,-,-,-,-,-,-,-,-,-
Puma_yagouaroundi,M,K,L,N,E,R,S,L,A,F,Y,A,T,C,D,A,P,V,D,N,A,G,F,L,Y,K,K,G,G,R,H,A,A,Y,H,R,R,W,F,V,L,R,G,N,M,L,F,Y,F,E,D,A,A,S,R,E,P,V,G,V,I,I,L,E,G,C,T,V,E,L,V,E,A,A,E,E,F,A,F,A,V,R,F,A,G,A,R,A,R,T,Y,V,L,A,A,E,S,Q,A,A,M,E,G,W,V,K,A,L,S,R,A,S,F,D,Y,L,R,L,V,V,R,E,L,E,Q,Q,L,A,A,V,R,A,G,D,R,R,P,R,A,K,E,N,G,C,A,V,W,S,A,E,A,G,A,R,P,G,V,P,P,P,L,P,P,R,R,R,A,S,A,P,N,G,L,H,A,A,S,F,A,R,L,H,E,W,Y,G,Q,E,V,R,A,L,R,S,Q,W,L,R,S,R,A,Q
Rattus_norvegicus,M,K,L,N,E,R,S,L,A,F,Y,A,T,C,D,A,P,V,D,N,A,G,F,L,Y,K,R,G,G,R,G,A,G,S,H,R,R,W,F,V,L,R,G,N,I,L,F,Y,F,E,S,E,S,S,R,E,P,L,G,V,I,L,L,E,G,C,T,V,E,L,V,D,A,R,E,E,F,A,F,A,V,R,F,A,G,G,R,S,R,P,Y,V,L,A,A,D,S,Q,A,A,L,E,G,W,V,K,A,L,S,R,A,S,F,H,Y,L,R,L,V,V,R,E,L,E,Q,Q,L,A,A,M,R,E,-,-,-,-,-,-,-,K,E,N,G,R,A,V,W,S,A,L,Q,-,-,-,-,-,R,R,P,P,L,P,P,R,R,R,A,S,A,A,N,G,-,-,S,V,S,F,A,Q,L,H,E,R,Y,G,L,E,V,R,A,L,R,N,Q,W,-,-,-,-,-,-
Rattus_rattus,M,K,L,N,E,R,S,L,A,F,Y,A,T,C,D,A,P,V,D,N,A,G,F,L,Y,K,R,G,G,R,G,A,G,S,H,R,R,W,F,V,L,R,G,N,M,L,F,Y,F,E,S,E,S,S,R,E,P,L,G,V,I,L,L,E,G,C,T,V,E,L,V,D,A,R,E,E,F,A,F,A,V,R,F,A,G,G,R,S,R,P,Y,V,L,A,A,D,S,Q,A,A,L,E,G,W,V,K,A,L,S,R,A,S,F,H,Y,L,R,L,V,V,R,E,L,E,Q,Q,L,A,A,M,R,E,-,-,-,-,-,-,-,K,E,N,G,R,A,V,W,S,A,L,Q,-,-,-,-,-,R,R,P,P,L,P,P,R,R,R,A,S,A,A,N,G,-,-,S,V,S,F,A,Q,L,H,E,R,Y,G,L,E,V,R,A,L,R,N,Q,W,-,-,-,-,-,-
Sarcophilus_harrisii,M,K,L,N,E,R,S,L,A,F,Y,A,T,C,D,S,P,A,D,N,T,G,F,L,Y,K,K,G,E,R,H,T,A,Y,H,R,R,W,F,V,L,K,G,N,M,L,F,Y,F,E,D,R,D,S,R,E,P,V,G,V,I,I,L,E,G,C,T,V,E,L,C,E,A,A,E,D,F,A,F,A,I,R,F,A,G,S,R,S,R,T,Y,I,L,A,A,D,S,Q,P,A,M,E,A,W,V,K,A,L,S,R,A,S,F,D,Y,M,R,L,V,V,R,E,L,E,Q,Q,L,E,R,M,R,A,-,-,R,R,E,R,S,-,E,N,G,C,A,V,W,S,Q,E,-,-,-,-,-,-,R,P,P,P,L,P,P,R,R,K,P,S,-,-,-,-,-,-,-,-,-,F,S,R,L,H,D,W,Y,G,Q,E,I,L,A,L,R,R,E,W,L,Q,S,R,G,Q
Suncus_etruscus,M,K,L,D,E,R,S,L,A,T,Y,A,R,C,D,T,P,V,D,S,E,G,F,L,F,K,K,G,G,R,H,A,T,Y,N,R,R,W,F,V,L,R,G,N,M,L,F,Y,F,E,D,E,A,S,R,E,P,V,G,V,I,V,L,E,G,C,T,V,E,L,V,E,A,A,-,E,F,A,F,A,V,R,F,A,A,P,R,A,R,T,Y,V,L,A,A,E,S,Q,V,A,M,E,R,W,V,K,A,L,S,R,A,S,F,H,Y,L,R,V,V,V,R,E,L,E,Q,Q,L,A,A,M,K,A,-,-,-,-,-,-,-,K,D,N,G,C,A,V,W,S,T,E,A,-,-,-,-,-,Q,P,P,P,L,P,P,R,R,R,P,S,A,P,L,R,P,E,G,A,S,F,A,Q,L,H,E,W,Y,G,R,E,V,Q,A,L,R,S,Q,W,Y,K,S,Q,A,Q
Sus_scrofa,M,K,L,N,E,R,S,L,A,F,Y,A,T,C,D,A,P,A,D,N,A,G,F,L,Y,K,K,G,G,R,H,A,A,Y,H,R,R,W,F,V,L,R,G,N,M,L,F,Y,F,E,D,A,A,S,R,E,P,V,G,V,I,I,L,E,G,C,T,V,E,L,V,E,A,A,E,E,F,A,F,A,V,R,F,A,G,S,R,A,R,T,Y,V,L,A,A,E,S,Q,A,A,M,E,G,W,V,K,A,L,S,R,A,S,F,D,Y,L,R,L,V,V,R,E,L,E,Q,Q,L,E,A,V,R,A,G,G,-,R,P,R,A,K,E,N,G,C,A,V,W,S,A,E,A,-,-,-,-,-,-,-,P,P,L,P,P,R,R,R,A,S,V,P,N,G,L,D,S,V,P,F,T,Q,L,H,E,W,Y,G,Q,E,V,R,A,L,R,S,Q,W,L,R,S,Q,A,Q
Tachyglossus_aculeatus,M,K,L,N,E,R,S,L,A,F,Y,A,T,C,D,S,P,A,D,N,T,G,F,L,Y,K,K,G,E,R,H,T,A,Y,H,K,R,W,F,V,L,K,G,N,M,L,F,Y,F,E,D,R,D,S,R,E,P,V,G,V,I,I,L,E,G,C,T,V,E,L,C,E,A,T,E,E,F,A,F,A,I,R,F,A,G,A,R,S,R,T,Y,V,L,A,A,D,S,Q,P,A,M,E,A,W,V,K,A,L,S,R,A,S,F,D,Y,L,R,L,V,V,R,E,L,E,Q,Q,L,E,E,V,R,-,-,-,R,R,D,R,-,K,E,N,G,C,A,V,W,S,-,-,-,-,-,-,-,-,-,-,P,P,L,P,P,R,R,R,P,S,-,-,-,-,-,-,-,A,S,F,G,K,L,H,E,W,Y,G,R,E,I,V,E,L,R,R,E,W,L,E,S,Q,G,Q
Talpa_occidentalis,M,K,L,N,E,R,S,L,A,F,Y,A,T,C,D,A,P,V,D,N,A,G,F,L,H,K,K,G,G,R,H,A,A,Y,Q,R,R,W,F,V,L,R,G,N,M,L,F,Y,F,E,D,P,A,S,R,E,P,V,G,V,I,I,L,E,G,C,T,V,E,L,V,E,A,S,E,E,F,A,F,A,V,R,F,A,G,A,R,T,R,T,Y,V,L,A,A,E,S,Q,A,A,M,E,G,W,V,K,A,L,S,R,A,S,F,D,Y,L,R,L,V,V,R,E,L,E,Q,Q,L,A,A,M,R,V,G,G,-,-,-,-,-,K,E,N,G,C,A,V,W,S,A,Q,A,-,-,-,-,-,E,P,P,P,L,P,P,R,R,R,A,S,V,P,N,G,L,D,R,A,S,F,S,E,L,H,E,W,Y,G,Q,E,V,R,A,L,R,S,Q,W,F,R,G,Q,A,Q
Trichechus_manatus_latirostris,M,K,L,N,E,R,S,L,A,F,Y,A,T,C,D,A,P,V,D,N,A,G,F,L,Y,K,K,G,G,R,H,A,T,Y,H,R,R,W,F,V,L,R,G,N,M,L,F,Y,F,E,D,P,A,S,R,E,P,V,G,V,I,I,L,E,G,C,T,V,E,L,V,E,A,A,E,E,F,A,F,A,V,R,F,A,G,A,R,E,R,T,Y,V,L,A,A,E,S,Q,A,A,M,E,G,W,V,K,A,L,S,R,A,S,F,D,Y,L,R,L,V,V,R,E,L,E,Q,Q,L,A,A,M,R,A,G,G,R,Q,P,H,A,K,E,N,G,C,A,V,W,S,T,E,-,-,A,Q,P,G,E,L,P,P,L,P,P,C,R,R,T,S,T,P,S,G,L,D,M,A,S,F,A,Q,L,H,E,W,Y,G,Q,E,I,R,A,L,R,G,Q,W,L,K,S,R,A,Q
Trichosurus_vulpecula,M,K,L,N,E,R,S,L,A,F,Y,A,T,C,D,S,P,A,D,N,T,G,F,L,Y,K,K,G,E,R,H,T,A,Y,H,R,R,W,F,V,L,K,G,N,M,L,F,Y,F,E,D,R,D,S,R,E,P,V,G,V,I,I,L,E,G,C,T,V,E,L,C,E,A,A,E,E,F,A,F,A,I,R,F,A,G,A,R,S,R,T,Y,I,L,A,A,D,S,Q,P,A,M,E,A,W,V,K,A,L,S,R,A,S,F,D,Y,M,R,L,V,V,R,E,L,E,Q,Q,L,E,Q,M,R,S,G,G,R,R,E,R,S,K,E,N,G,C,A,V,W,S,Q,E,-,-,-,-,-,-,-,-,P,P,L,P,P,R,R,K,P,S,-,-,-,-,-,-,-,-,-,-,-,-,L,H,D,W,Y,G,Q,E,I,L,A,L,R,R,E,W,L,E,S,R,G,Q
Ursus_arctos_horribilis,-,-,-,-,-,-,-,-,-,-,-,-,-,-,-,-,-,-,-,-,-,-,-,-,-,-,-,-,-,-,-,-,-,-,-,-,-,-,-,-,-,-,-,-,-,-,-,-,-,-,-,-,-,-,-,-,-,-,-,-,-,-,-,-,-,-,-,-,-,-,-,-,-,-,-,-,-,-,-,-,-,-,-,-,-,-,-,-,-,-,-,-,-,-,-,-,-,-,-,-,-,-,-,-,-,-,-,-,-,-,-,-,-,-,-,-,-,-,-,-,-,-,-,-,-,-,-,-,-,-,-,-,-,-,-,-,-,-,-,-,-,-,-,-,-,-,-,-,-,-,-,-,-,-,-,-,-,-,-,-,-,-,-,-,-,-,-,-,-,-,-,-,-,-,-,-,-,-,-,-,-,-,-,-,-,-,-,-,-,-,-,-,-,-,-,-,-,-,-,-,-,-
Vombatus_ursinus,M,K,L,N,E,R,S,L,A,F,Y,A,T,C,D,S,P,A,D,N,T,G,F,L,Y,K,K,G,E,R,H,T,A,Y,H,R,R,W,F,V,L,K,G,N,M,L,F,Y,F,E,D,R,D,S,R,E,P,V,G,V,I,I,L,E,G,C,T,V,E,L,C,E,A,T,E,E,F,A,F,A,I,R,F,A,G,A,R,S,R,T,Y,I,L,A,A,D,S,Q,P,A,M,E,A,W,V,K,A,L,S,R,A,S,F,D,Y,M,R,L,V,V,R,E,L,E,Q,Q,L,-,-,-,-,-,-,-,R,R,E,R,S,K,E,N,G,C,A,V,W,S,Q,E,-,-,-,-,-,-,-,-,P,P,L,P,P,R,R,K,P,S,-,-,-,-,-,-,-,-,-,-,-,-,L,H,D,W,Y,G,Q,E,I,L,A,L,R,R,E,W,L,E,S,R,G,Q
Vulpes_lagopus,M,K,L,N,E,R,S,L,A,F,Y,A,T,C,D,T,P,V,D,N,S,G,F,L,Y,K,K,G,G,R,H,A,A,Y,H,R,R,W,F,V,L,R,G,N,M,L,F,Y,F,E,D,R,A,S,R,E,P,V,G,V,I,I,L,E,G,C,T,V,E,L,V,E,A,A,E,E,F,A,F,A,V,R,F,A,G,A,R,A,R,T,Y,V,L,A,A,E,N,Q,A,A,M,E,G,W,V,K,A,L,S,R,A,S,F,D,Y,L,R,L,V,V,R,E,L,E,Q,Q,L,A,A,V,R,A,G,D,R,R,P,P,A,K,E,N,G,C,A,V,W,S,A,E,A,-,-,-,-,-,-,P,P,P,L,P,P,R,R,R,V,S,E,P,N,G,L,H,A,A,S,F,V,R,L,H,Q,Q,Y,G,Q,E,V,R,A,L,R,S,R,W,L,R,S,R,A,Q
Vulpes_vulpes,M,K,L,N,E,R,S,L,A,F,Y,A,T,C,D,T,P,V,D,N,S,G,F,L,Y,K,K,G,G,R,H,A,A,Y,H,R,R,W,F,V,L,R,G,N,M,L,F,Y,F,E,D,R,A,S,R,E,P,V,G,V,I,I,L,E,G,C,T,V,E,L,V,E,A,A,E,E,F,A,F,A,V,R,F,A,G,A,R,A,R,T,Y,V,L,A,A,E,N,Q,A,A,M,E,G,W,V,K,A,L,S,R,A,S,F,D,Y,L,R,L,V,V,R,E,L,E,Q,Q,-,-,-,-,-,-,-,-,-,-,-,-,-,-,-,-,-,-,-,-,-,-,-,-,-,-,-,-,-,-,-,-,-,-,-,-,-,-,-,-,-,-,-,-,-,-,-,-,-,-,-,-,-,-,-,-,-,-,-,-,-,-,-,-,-,-,-,-,-,-,-,-,-,-,-,-
Zalophus_californianus,M,K,L,N,E,R,S,L,A,F,Y,A,T,C,D,A,P,V,D,N,A,G,F,L,Y,K,K,G,G,R,H,A,A,Y,H,R,R,W,F,V,L,R,G,N,M,L,F,Y,F,E,E,P,A,S,R,E,P,V,G,V,I,I,L,E,G,C,T,V,E,L,V,E,A,A,E,E,F,A,F,A,V,R,F,A,G,A,R,A,R,T,Y,V,L,A,A,E,S,Q,A,A,M,E,G,W,V,K,A,L,S,R,A,S,F,D,Y,L,R,L,V,V,R,E,L,E,Q,Q,L,A,A,M,R,A,G,D,R,R,P,R,A,K,E,N,G,C,A,V,W,S,A,E,-,-,-,-,-,-,A,P,P,P,L,P,P,R,R,R,A,W,A,P,N,G,P,H,A,G,S,F,A,R,L,H,E,W,Y,G,Q,E,V,R,A,L,R,S,Q,W,L,G,S,R,-,-
shrew_mole,M,K,L,N,E,R,S,L,A,F,Y,A,T,C,D,A,P,V,D,N,A,G,F,L,H,K,K,G,G,R,H,A,A,Y,Q,R,R,W,F,V,L,R,G,N,M,L,F,Y,F,E,E,P,A,S,R,E,P,V,G,V,I,V,L,E,G,C,T,V,E,L,V,E,A,A,E,E,F,A,F,A,V,R,F,A,G,A,R,T,R,T,Y,V,L,A,A,E,S,Q,A,A,M,E,G,W,V,K,A,L,S,R,A,S,F,D,Y,L,R,L,V,-,-,-,-,-,-,-,-,-,-,-,-,-,-,-,-,-,-,-,-,-,E,N,G,C,A,V,W,S,T,Q,A,G,P,R,G,P,E,P,R,P,G,P,A,P,G,A,A,S,A,P,D,G,P,D,R,A,S,F,A,E,L,H,E,W,Y,G,Q,E,V,R,A,L,R,S,R,W,P,G,P,Q,A,P
ZWS,M,K,L,N,E,R,N,L,A,L,Y,A,T,C,E,A,P,V,D,N,A,G,F,L,Q,K,R,G,S,R,P,A,A,S,H,R,R,W,F,V,L,R,G,N,M,L,F,Y,F,E,D,S,T,S,R,E,P,L,G,V,I,L,L,E,G,C,T,V,E,L,V,E,A,R,E,D,F,A,F,A,L,H,F,A,G,G,H,S,R,P,Y,V,L,V,A,D,S,Q,A,A,L,E,G,W,V,K,A,L,S,R,A,S,F,H,Y,L,R,L,V,V,H,G,L,E,Q,Q,L,A,A,M,R,A,G,H,P,A,S,R,P,K,E,N,G,R,A,V,W,S,T,Q,L,-,S,S,S,P,E,R,P,P,L,P,P,R,R,Q,L,S,A,P,D,A,P,-,R,V,S,F,A,Q,L,H,E,H,Y,G,R,E,V,Q,A,L,R,S,R,W,R,G,S,Q,P,T
