,PROCR 0,PROCR 1,PROCR 2,PROCR 3,PROCR 4,PROCR 5,PROCR 6,PROCR 7,PROCR 8,PROCR 9,PROCR 10,PROCR 11,PROCR 12,PROCR 13,PROCR 14,PROCR 15,PROCR 16,PROCR 17,PROCR 18,PROCR 19,PROCR 20,PROCR 21,PROCR 22,PROCR 23,PROCR 24,PROCR 25,PROCR 26,PROCR 27,PROCR 28,PROCR 29,PROCR 30,PROCR 31,PROCR 32,PROCR 33,PROCR 34,PROCR 35,PROCR 36,PROCR 37,PROCR 38,PROCR 39,PROCR 40,PROCR 41,PROCR 42,PROCR 43,PROCR 44,PROCR 45,PROCR 46,PROCR 47,PROCR 48,PROCR 49,PROCR 50,PROCR 51,PROCR 52,PROCR 53,PROCR 54,PROCR 55,PROCR 56,PROCR 57,PROCR 58,PROCR 59,PROCR 60,PROCR 61,PROCR 62,PROCR 63,PROCR 64,PROCR 65,PROCR 66,PROCR 67,PROCR 68,PROCR 69,PROCR 70,PROCR 71,PROCR 72,PROCR 73,PROCR 74,PROCR 75,PROCR 76,PROCR 77,PROCR 78,PROCR 79,PROCR 80,PROCR 81,PROCR 82,PROCR 83,PROCR 84,PROCR 85,PROCR 86,PROCR 87,PROCR 88,PROCR 89,PROCR 90,PROCR 91,PROCR 92,PROCR 93,PROCR 94,PROCR 95,PROCR 96,PROCR 97,PROCR 98,PROCR 99,PROCR 100,PROCR 101,PROCR 102,PROCR 103,PROCR 104,PROCR 105,PROCR 106,PROCR 107,PROCR 108,PROCR 109,PROCR 110,PROCR 111,PROCR 112,PROCR 113,PROCR 114,PROCR 115,PROCR 116,PROCR 117,PROCR 118,PROCR 119,PROCR 120,PROCR 121,PROCR 122,PROCR 123,PROCR 124,PROCR 125,PROCR 126,PROCR 127,PROCR 128,PROCR 129,PROCR 130,PROCR 131,PROCR 132,PROCR 133,PROCR 134,PROCR 135,PROCR 136,PROCR 137,PROCR 138,PROCR 139,PROCR 140,PROCR 141,PROCR 142,PROCR 143,PROCR 144,PROCR 145,PROCR 146,PROCR 147,PROCR 148,PROCR 149,PROCR 150,PROCR 151,PROCR 152,PROCR 153,PROCR 154,PROCR 155,PROCR 156,PROCR 157,PROCR 158,PROCR 159,PROCR 160,PROCR 161,PROCR 162,PROCR 163,PROCR 164,PROCR 165,PROCR 166,PROCR 167,PROCR 168,PROCR 169,PROCR 170,PROCR 171,PROCR 172,PROCR 173,PROCR 174,PROCR 175,PROCR 176,PROCR 177,PROCR 178,PROCR 179,PROCR 180,PROCR 181,PROCR 182,PROCR 183,PROCR 184,PROCR 185,PROCR 186,PROCR 187,PROCR 188,PROCR 189,PROCR 190,PROCR 191,PROCR 192,PROCR 193,PROCR 194,PROCR 195,PROCR 196,PROCR 197,PROCR 198,PROCR 199,PROCR 200,PROCR 201,PROCR 202,PROCR 203,PROCR 204,PROCR 205,PROCR 206,PROCR 207,PROCR 208,PROCR 209,PROCR 210,PROCR 211,PROCR 212,PROCR 213,PROCR 214,PROCR 215,PROCR 216,PROCR 217,PROCR 218,PROCR 219,PROCR 220,PROCR 221,PROCR 222,PROCR 223,PROCR 224,PROCR 225,PROCR 226,PROCR 227,PROCR 228,PROCR 229,PROCR 230,PROCR 231,PROCR 232,PROCR 233,PROCR 234,PROCR 235
Chrysochloris_asiatica,M,L,T,M,L,L,R,L,L,L,F,P,G,W,A,L,C,S,Q,E,A,S,D,G,L,P,S,L,H,I,L,Q,F,A,Y,F,R,D,P,S,H,V,W,Y,R,G,N,A,S,L,G,G,H,L,T,H,M,L,E,G,P,S,T,N,V,T,I,L,Q,L,Q,P,L,E,E,P,E,S,W,V,R,T,E,R,G,L,Q,R,Y,L,Q,D,F,Y,G,L,V,L,L,V,H,R,E,R,S,L,A,F,P,L,V,I,R,C,F,L,G,C,E,L,P,D,S,K,P,H,V,F,F,E,V,A,V,N,G,S,S,F,A,N,F,Q,P,E,T,A,S,W,M,A,K,S,E,T,L,S,K,V,D,T,F,A,L,K,E,L,N,T,H,N,R,T,R,Y,E,L,Q,E,F,L,Q,E,T,C,V,Q,Y,V,Q,E,H,-,S,V,K,N,I,K,G,S,L,T,G,R,S,Y,T,P,L,V,L,G,V,L,V,G,S,F,I,I,T,S,V,A,V,G,I,F,L,C,T,G,G,R,R,C
Balaenoptera_acutorostrata_scammoni,M,L,T,T,L,L,S,L,L,L,L,P,H,W,A,L,C,S,Q,E,A,S,D,G,P,R,Y,L,H,M,I,Q,V,S,Y,F,R,N,P,S,Q,V,W,H,R,G,N,A,T,L,G,G,V,L,T,H,V,L,E,G,P,G,N,N,V,S,I,Q,Q,L,Q,P,F,Q,E,P,E,S,W,A,L,T,K,N,S,L,N,R,Y,L,Q,E,F,L,G,L,V,Q,V,V,H,H,E,R,G,V,A,F,P,L,T,I,R,C,F,L,G,C,E,L,P,G,L,K,A,R,V,F,F,E,V,A,V,N,G,S,S,F,M,N,F,Q,P,K,T,A,S,W,T,A,G,P,Q,A,P,S,S,V,V,T,Y,A,L,E,Q,L,N,K,Y,N,R,T,R,Y,E,L,Q,E,F,L,Q,V,T,C,V,Q,Y,V,Q,K,H,I,T,G,N,N,S,K,G,S,Q,I,G,R,S,Y,T,S,L,V,L,G,I,L,V,G,C,F,I,I,T,G,V,A,V,G,I,F,L,Y,T,G,G,R,R,C
Balaenoptera_musculus,M,L,T,T,L,L,S,L,L,L,L,P,R,W,A,L,C,S,Q,E,A,S,D,G,P,R,Y,L,H,M,I,Q,V,S,Y,F,R,N,P,S,Q,V,W,H,R,G,N,A,T,L,G,G,V,L,T,H,V,L,E,G,P,G,N,N,V,S,I,Q,Q,L,Q,P,L,Q,E,P,E,S,W,A,L,T,K,N,S,L,N,R,Y,L,Q,E,F,L,G,L,V,Q,V,V,H,H,E,R,G,V,A,F,P,L,T,I,R,C,F,L,G,C,E,L,P,G,L,K,A,R,V,F,F,E,V,A,V,N,G,S,C,F,M,N,F,Q,P,K,T,A,S,W,T,A,G,P,Q,A,P,S,S,V,V,T,Y,A,L,E,Q,L,N,K,Y,N,R,T,R,Y,E,L,R,E,F,L,Q,V,T,C,V,Q,Y,V,Q,K,H,I,T,G,N,N,S,K,G,S,Q,I,G,R,S,Y,T,S,L,V,L,G,I,L,V,G,C,F,I,I,T,G,V,A,V,G,I,F,L,Y,T,G,G,R,R,C
Echinops_telfairi,M,L,T,T,L,L,P,L,L,L,L,P,R,W,S,L,C,S,L,E,A,S,D,G,S,R,S,L,H,M,L,Q,F,A,Y,F,R,D,P,F,Q,V,W,H,R,G,N,A,S,L,G,G,Q,L,T,H,T,L,E,G,P,Q,S,N,I,T,I,L,Q,L,Q,P,L,E,E,P,E,S,W,A,R,T,E,K,N,L,R,T,Y,L,S,E,F,T,G,L,V,Q,L,V,N,L,E,R,G,V,T,F,P,L,I,I,R,C,F,L,G,C,D,L,P,G,S,K,A,H,I,F,F,E,V,A,V,N,G,S,A,F,A,N,F,Q,P,E,T,A,S,W,V,G,L,S,D,T,P,S,K,V,A,S,Y,V,L,K,E,L,N,T,H,N,R,T,R,Y,E,L,R,E,F,L,Q,G,T,C,V,Q,Y,V,Q,D,H,-,T,T,K,N,L,K,G,S,Q,T,G,R,S,Y,T,S,L,V,L,G,V,L,V,G,S,F,I,I,T,G,V,A,V,G,I,F,L,C,T,G,G,R,R,C
Delphinapterus_leucas,M,L,T,K,L,L,P,L,L,L,L,P,C,W,A,L,C,S,Q,E,A,S,D,G,P,R,Y,L,H,M,I,Q,V,S,Y,F,R,N,P,S,Q,V,W,H,R,G,N,V,T,L,G,G,V,L,T,H,V,L,E,G,P,G,N,N,V,S,I,Q,Q,L,Q,P,L,Q,E,P,E,S,W,D,L,T,K,N,S,V,K,R,Y,L,Q,E,F,L,G,L,V,Q,V,V,H,H,E,R,G,V,A,F,P,L,T,I,R,C,F,L,G,C,E,L,P,G,L,K,A,R,V,F,F,E,V,A,V,N,G,S,S,F,M,S,F,Q,P,K,T,A,S,W,T,A,G,P,Q,A,S,S,S,V,V,T,Y,A,L,E,Q,L,N,K,Y,N,R,T,R,Y,E,P,R,E,F,L,Q,D,T,C,V,Q,Y,V,Q,K,H,I,T,G,N,N,S,K,G,S,Q,V,G,R,S,Y,T,S,L,V,L,G,I,L,V,G,C,F,I,I,T,G,V,A,V,G,I,F,L,C,T,G,G,R,-,-
Globicephala_melas,M,L,T,T,L,L,P,L,L,L,L,P,C,W,A,L,C,S,Q,E,A,S,D,G,P,R,Y,L,H,M,I,Q,V,S,Y,F,R,N,P,S,Q,V,W,H,R,G,N,A,T,L,G,G,V,L,T,H,V,L,E,G,P,G,N,N,V,S,I,Q,Q,L,Q,P,L,Q,E,P,E,S,W,A,L,T,K,N,S,V,N,R,Y,L,Q,E,F,L,G,L,V,Q,V,V,H,H,E,R,G,V,A,F,P,L,T,I,R,C,F,L,G,C,E,L,P,D,L,K,A,R,V,F,F,E,V,A,V,N,G,S,S,F,M,S,F,Q,P,K,T,A,S,W,T,A,G,P,Q,A,S,S,S,V,V,T,Y,S,L,E,Q,L,N,K,Y,N,R,T,R,Y,E,L,R,E,F,L,Q,D,T,C,V,Q,Y,V,Q,K,H,I,T,G,N,S,S,K,G,S,Q,V,G,R,S,Y,T,S,L,V,L,G,I,L,V,G,C,F,I,I,T,G,V,A,V,G,I,F,L,C,T,G,G,R,-,-
Lagenorhynchus_obliquidens,M,L,T,T,L,L,P,L,L,L,L,P,C,W,A,L,C,S,Q,E,A,S,D,G,P,R,Y,L,H,M,I,Q,V,S,Y,F,R,N,P,S,Q,V,W,H,R,G,N,A,T,L,G,G,V,L,T,H,V,L,E,G,P,G,N,N,V,S,I,Q,Q,L,Q,P,L,Q,E,P,E,S,W,A,L,T,K,N,S,V,N,R,Y,L,Q,E,F,L,G,L,V,Q,V,V,H,H,E,R,G,V,A,F,P,L,T,I,R,C,F,L,G,C,E,L,P,G,L,K,A,R,V,F,F,E,V,A,V,N,G,S,S,F,M,S,F,Q,P,K,T,A,S,W,T,A,G,P,Q,A,S,S,S,V,V,T,Y,A,L,E,Q,L,N,K,Y,S,R,T,R,Y,E,L,R,E,F,L,Q,D,T,C,V,Q,Y,V,Q,K,H,I,T,G,N,S,S,K,G,S,Q,V,G,R,S,Y,T,S,L,V,L,G,I,L,V,G,C,F,I,I,T,G,V,A,V,G,I,F,L,C,T,G,G,R,-,-
Lipotes_vexillifer,M,L,T,T,L,L,P,L,L,L,L,P,C,W,A,L,C,S,Q,E,A,S,D,G,P,R,Y,L,H,M,I,Q,V,S,Y,F,R,N,P,S,Q,V,W,H,R,G,N,A,T,L,G,G,V,L,T,H,V,L,E,G,P,G,N,N,V,S,I,Q,Q,L,Q,P,L,Q,E,P,E,S,W,A,L,T,K,N,S,V,N,R,Y,L,Q,E,F,L,G,L,V,Q,V,V,H,H,E,R,G,V,A,F,P,L,T,I,R,C,F,L,G,C,E,L,P,G,L,K,A,H,V,F,F,E,V,A,V,N,G,S,S,F,M,S,F,Q,P,K,T,A,S,W,T,A,G,P,Q,A,P,S,N,V,V,T,Y,A,L,E,Q,L,N,K,Y,N,R,T,R,Y,E,L,R,E,F,L,Q,D,T,C,V,Q,Y,V,Q,K,H,I,T,G,N,N,S,K,G,S,Q,I,G,R,S,Y,T,S,L,V,L,G,I,L,V,G,C,F,I,I,T,G,V,A,V,G,I,F,L,C,T,G,G,R,R,C
Monodon_monoceros,M,L,T,T,L,L,P,L,L,L,L,P,C,W,A,L,C,S,Q,E,A,S,D,G,P,R,Y,L,H,M,I,Q,V,S,Y,F,R,N,P,S,Q,V,W,H,R,G,N,V,T,L,G,G,V,L,T,H,V,L,E,G,P,G,N,N,V,S,I,Q,Q,L,Q,P,L,Q,E,P,E,S,W,D,L,T,K,N,S,V,K,R,Y,L,Q,E,F,L,G,L,V,Q,V,V,H,H,E,R,G,V,A,F,P,L,T,I,R,C,F,L,G,C,E,L,P,G,L,K,A,R,V,F,F,E,V,A,V,N,G,S,S,F,M,S,F,Q,P,K,T,A,S,W,T,A,G,P,Q,A,S,S,S,V,V,T,Y,A,L,E,Q,L,N,K,Y,N,R,T,R,Y,E,P,R,E,F,L,Q,D,T,C,V,Q,Y,V,Q,K,H,I,T,G,N,N,S,N,G,S,Q,V,G,H,S,Y,T,S,L,V,L,G,I,L,V,G,C,F,I,I,T,G,V,A,V,G,I,F,L,C,T,G,G,R,-,-
Neophocaena_asiaeorientalis_asiaeorientalis,M,L,T,T,L,L,P,L,L,L,L,P,C,C,A,L,C,S,Q,E,A,P,D,G,P,R,Y,L,H,M,I,Q,V,S,Y,F,R,N,P,S,Q,V,W,H,R,G,N,V,T,L,G,G,V,L,T,H,V,L,E,G,P,G,N,N,V,S,I,Q,Q,L,Q,P,L,Q,E,P,E,S,W,A,L,T,K,N,S,V,K,R,Y,L,Q,E,F,L,G,L,V,Q,V,V,H,H,E,R,G,V,A,F,P,L,T,I,R,C,F,L,G,C,E,L,P,G,L,K,A,R,V,F,F,E,V,A,V,N,G,S,S,F,M,S,F,Q,P,K,T,A,S,W,T,A,G,P,Q,A,S,S,S,V,V,T,Y,A,L,E,Q,L,N,K,Y,N,R,T,R,Y,E,L,R,E,F,L,Q,D,T,C,V,Q,Y,V,Q,K,H,I,T,G,N,N,S,K,G,S,Q,V,G,R,S,Y,T,S,L,V,L,G,I,L,V,G,C,F,I,I,T,G,V,A,V,A,I,F,L,C,T,G,G,R,-,-
Orcinus_orca,M,L,T,T,L,L,P,L,L,L,L,P,C,W,A,L,C,S,Q,E,A,S,D,G,P,R,Y,L,H,M,I,Q,V,S,Y,F,R,N,P,S,Q,V,W,H,R,G,N,A,T,L,G,G,V,L,T,H,V,L,E,G,P,G,N,N,V,S,I,Q,Q,L,Q,P,L,Q,E,P,E,S,W,A,L,T,K,N,S,V,N,R,Y,L,Q,E,F,L,G,L,A,Q,V,V,H,H,E,R,G,V,A,F,P,L,T,I,R,C,F,L,G,C,E,L,P,G,L,K,A,R,V,F,F,E,V,A,V,N,G,S,S,F,M,S,F,Q,P,K,T,A,S,W,T,A,G,P,Q,A,S,S,S,V,V,T,Y,A,L,E,Q,L,N,K,Y,N,R,T,R,Y,E,L,R,E,F,L,Q,D,T,C,V,Q,Y,V,Q,K,H,I,T,G,N,S,S,K,G,S,Q,V,G,R,S,Y,T,S,L,V,L,G,I,L,V,G,C,F,I,I,T,G,V,A,V,G,I,F,L,C,T,G,G,R,-,-
Phocoena_sinus,M,L,T,T,L,L,P,L,L,L,L,P,C,C,A,L,C,S,Q,E,A,P,D,G,P,R,Y,L,H,M,I,Q,V,S,Y,F,R,N,P,S,Q,V,W,H,R,G,N,V,T,L,G,G,V,L,T,H,V,L,E,G,P,G,N,N,V,S,I,Q,Q,L,Q,P,L,Q,E,P,E,S,W,A,L,T,K,N,S,V,K,R,Y,L,Q,E,F,L,G,L,V,Q,V,V,H,H,E,R,G,V,A,F,P,L,T,I,R,C,F,L,G,C,E,L,P,G,L,K,A,R,V,F,F,E,V,A,V,N,G,S,S,F,M,S,F,Q,P,K,T,A,S,W,T,A,G,P,Q,A,S,S,S,V,V,T,Y,A,L,E,Q,L,N,K,Y,N,R,T,R,Y,E,L,R,E,F,L,Q,D,T,C,V,Q,Y,V,Q,K,H,I,T,G,N,N,S,K,G,S,Q,V,G,R,S,Y,T,S,L,V,L,G,I,L,V,G,C,F,I,I,T,G,V,A,V,G,I,F,L,C,T,G,G,R,-,-
Physeter_catodon,M,L,T,T,L,L,P,L,L,L,L,P,R,W,A,L,C,S,Q,E,A,S,H,G,P,R,Y,L,H,M,I,Q,V,S,Y,F,R,N,P,S,Q,V,R,H,R,G,N,A,T,L,G,G,V,L,T,H,V,L,E,G,P,G,N,N,V,S,I,Q,Q,L,Q,P,L,Q,E,P,E,S,W,A,L,T,K,N,S,L,N,R,Y,L,Q,E,F,L,G,L,V,Q,V,V,H,H,E,R,G,V,A,F,P,L,T,I,R,C,F,L,G,C,E,L,P,S,L,K,A,H,V,F,F,E,V,A,V,N,G,S,S,F,M,S,F,Q,P,K,T,A,S,W,T,A,G,P,Q,A,P,S,N,V,V,T,Y,A,L,E,Q,L,N,K,Y,N,R,T,R,Y,E,L,R,E,F,L,Q,D,T,C,V,Q,Y,V,Q,K,H,I,T,R,N,N,S,K,G,S,Q,I,G,R,S,Y,T,S,L,V,L,G,I,L,V,G,C,F,I,I,T,G,V,A,V,G,I,F,L,C,T,G,G,R,R,C
Tursiops_truncatus,M,L,T,T,L,L,P,L,L,L,L,P,C,W,A,L,C,S,Q,E,A,S,D,G,P,R,Y,L,H,M,I,Q,V,S,Y,F,R,N,P,S,Q,V,W,H,R,G,N,A,T,L,G,G,V,L,T,H,V,L,E,G,P,G,N,N,V,S,I,Q,Q,L,Q,P,L,Q,E,P,E,S,W,A,L,T,K,N,S,V,N,R,Y,L,Q,E,F,L,G,L,V,Q,V,V,H,H,E,R,G,V,A,F,P,L,T,I,R,C,F,L,G,C,E,L,P,G,L,K,A,R,V,F,F,E,V,A,V,N,G,S,S,F,M,S,F,Q,P,K,T,A,S,W,T,A,G,P,Q,A,S,S,S,V,V,T,Y,A,L,E,Q,L,N,K,Y,N,R,T,R,Y,E,L,R,E,F,L,Q,D,T,C,V,Q,Y,V,Q,K,H,I,T,G,N,S,S,K,G,S,Q,V,G,R,S,Y,T,S,L,V,L,G,I,L,V,G,C,F,I,I,T,G,V,A,V,G,I,F,L,C,T,G,G,R,-,-
Acinonyx_jubatus,M,L,T,T,L,L,P,L,L,L,L,P,G,W,A,F,C,S,H,E,A,S,D,G,L,R,N,L,H,M,L,Q,I,S,Y,F,R,D,P,Y,Q,V,W,H,Q,G,N,A,S,L,G,G,A,M,T,H,V,L,E,G,L,G,S,N,V,T,I,R,Q,L,Q,P,L,Q,E,P,E,S,W,M,H,T,E,D,S,L,K,T,Y,L,H,Q,F,N,S,L,V,L,L,V,H,H,E,R,R,L,T,F,P,L,I,I,R,C,F,L,G,C,E,L,P,G,S,T,A,R,V,F,F,E,V,S,V,N,G,S,S,F,V,H,F,Q,P,E,T,A,L,W,V,A,G,P,Q,A,P,S,R,V,V,T,Y,T,L,Q,Q,L,N,A,Y,N,R,T,R,Y,E,L,R,E,F,L,Q,D,T,C,V,Q,Y,V,Q,E,H,I,T,V,N,N,S,K,G,S,Q,T,G,R,S,Y,T,S,L,V,L,G,V,L,V,G,S,F,I,I,A,G,V,A,V,G,I,F,L,Y,T,G,G,R,R,C
Acomys_russatus,-,-,-,-,-,-,-,-,-,-,-,-,-,-,-,-,-,-,-,-,-,-,-,-,-,-,-,-,-,-,-,-,-,-,-,-,-,-,-,-,-,-,-,-,-,-,-,-,-,-,-,-,-,-,-,-,-,-,-,-,-,-,-,-,-,-,-,-,-,-,-,-,-,-,-,-,-,-,-,-,-,-,-,-,-,-,-,-,-,-,-,-,-,-,-,-,-,-,-,-,-,-,-,-,-,-,-,-,-,-,-,-,-,-,-,-,-,-,-,-,-,-,-,-,-,-,-,-,-,-,-,-,-,-,-,-,-,-,-,-,-,-,-,-,-,-,-,-,-,-,-,-,-,-,-,-,-,-,-,-,-,-,-,-,-,-,-,-,-,-,-,-,-,-,-,-,-,-,-,-,-,-,-,-,-,-,-,-,-,-,-,-,-,-,-,-,-,-,-,-,-,-,-,-,-,-,-,-,-,-,-,-,-,-,-,-,-,-,-,-,-,-,-,-,-,-,-,-,-,-,-,-,-,-,-,-
Arvicanthis_niloticus,M,L,T,K,F,L,S,L,L,L,L,P,G,C,A,F,C,N,-,-,-,S,D,G,S,Q,S,L,H,M,L,Q,I,S,Y,F,R,D,P,Y,H,V,R,H,Q,G,N,A,S,L,G,K,L,Q,T,H,T,L,E,G,R,S,K,N,V,T,I,L,Q,L,Q,P,W,Q,D,P,E,S,W,S,R,T,E,S,G,L,Q,L,Y,L,S,Q,F,E,S,L,V,Q,L,V,Y,R,E,R,K,V,F,F,P,L,T,V,S,C,S,L,G,C,E,L,P,G,S,E,P,H,V,F,F,D,V,T,V,N,G,S,A,F,V,S,F,Q,P,K,T,A,I,W,V,T,G,S,Q,E,P,S,K,V,A,T,F,T,L,K,Q,L,N,A,Y,N,R,T,R,F,E,L,Q,E,F,L,Q,D,T,C,V,Q,Y,L,E,K,H,I,T,T,Q,N,M,K,G,S,Q,T,G,H,S,Y,T,S,L,V,L,G,I,L,M,G,C,F,I,I,A,G,V,A,V,G,I,F,L,C,T,G,G,R,R,C
Bison_bison_bison,M,L,T,T,L,L,P,-,L,L,L,P,G,W,A,L,C,S,Q,E,A,S,D,G,P,W,D,L,H,M,T,Q,V,S,Y,F,R,N,P,S,Q,V,W,H,R,G,N,A,T,L,G,G,V,L,T,H,V,L,E,G,P,G,H,N,V,S,I,Q,Q,L,Q,P,L,Q,E,P,D,S,W,A,L,T,K,R,Y,L,N,R,Y,L,E,E,F,V,G,L,V,Q,V,V,H,Q,E,R,G,V,T,F,P,L,I,I,R,C,F,L,G,C,E,L,P,G,S,E,A,R,V,F,F,E,V,A,V,N,G,S,S,F,V,N,F,Q,P,K,T,A,S,W,V,A,E,P,H,A,P,S,R,V,V,T,Y,T,V,D,Q,L,N,K,Y,N,R,T,R,Y,E,L,R,E,F,L,Q,D,T,C,V,Q,Y,I,Q,K,H,I,T,T,N,N,L,K,G,S,Q,T,G,R,S,Y,T,S,L,V,L,G,V,L,V,G,C,F,I,V,T,G,V,A,V,G,I,F,L,C,T,G,G,R,R,C
Bos_indicus,M,L,T,T,L,L,P,-,L,L,L,P,G,W,A,L,C,S,Q,E,A,S,D,G,P,W,D,L,H,M,T,Q,V,S,Y,F,R,N,P,S,Q,V,W,H,R,G,N,A,T,L,G,G,V,L,T,H,V,L,E,G,P,G,R,N,V,S,I,Q,Q,L,Q,P,L,Q,E,P,D,S,W,A,L,T,K,I,Y,L,N,R,Y,L,E,E,F,V,G,L,V,Q,V,V,H,Q,E,R,G,V,T,F,P,L,I,I,R,C,F,L,G,C,E,L,P,G,S,E,A,R,V,F,F,E,V,A,V,N,G,S,S,F,V,N,F,Q,P,K,T,A,S,W,V,A,E,P,H,A,P,S,R,V,V,T,Y,T,V,D,Q,L,N,K,Y,N,R,T,R,Y,E,L,R,E,F,L,Q,D,T,C,V,Q,Y,I,Q,K,H,I,T,T,N,N,L,K,G,S,Q,T,G,R,S,Y,T,S,L,V,L,G,V,L,V,G,C,F,I,V,T,G,V,A,V,G,I,F,L,C,T,G,G,R,R,C
Bos_mutus,M,L,T,T,L,L,P,-,L,L,L,P,G,W,A,L,C,S,Q,E,A,S,D,G,P,W,D,L,H,M,T,Q,V,S,Y,F,R,N,P,S,Q,V,W,H,R,G,N,A,T,L,G,G,V,L,T,H,V,L,E,G,P,G,H,N,V,S,I,Q,Q,L,Q,P,L,Q,E,P,D,S,W,A,L,T,K,R,Y,L,N,R,Y,L,E,E,F,V,G,L,V,Q,V,V,H,Q,E,R,G,V,T,F,P,L,I,I,R,C,F,L,G,C,E,L,P,G,S,E,A,R,V,F,F,E,V,A,V,N,G,S,S,F,V,N,F,Q,P,K,T,A,S,W,V,A,E,P,H,A,P,S,R,V,V,T,Y,T,V,D,Q,L,N,K,Y,N,R,T,R,Y,E,L,R,E,F,L,Q,D,T,C,V,Q,Y,I,Q,K,H,I,T,T,N,N,L,K,-,S,Q,T,G,R,S,Y,T,S,L,V,L,G,V,L,V,G,C,F,I,V,T,G,V,A,V,G,I,F,L,C,T,G,G,R,R,C
Bos_taurus,M,L,T,T,L,L,P,-,L,L,L,P,G,W,A,L,C,S,Q,E,A,S,D,G,P,W,D,L,H,M,T,Q,V,S,Y,F,R,N,P,S,Q,V,W,H,R,G,N,A,T,L,G,G,V,L,T,H,V,L,E,G,P,G,R,N,V,S,I,Q,Q,L,Q,P,L,Q,E,P,D,S,W,A,L,T,K,I,Y,L,N,R,Y,L,E,E,F,V,G,L,V,Q,V,V,H,Q,E,R,G,V,T,F,P,L,I,I,R,C,F,L,G,C,E,L,P,G,S,E,A,R,V,F,F,E,V,A,V,N,G,S,S,F,V,N,F,Q,P,K,T,A,S,W,V,A,E,P,H,A,P,S,R,V,V,T,Y,T,V,D,Q,L,N,K,Y,N,R,T,R,Y,E,L,R,E,F,L,Q,D,T,C,V,Q,Y,I,Q,K,H,I,T,T,N,N,L,K,G,S,Q,T,G,R,S,Y,T,S,L,V,L,G,V,L,V,G,C,F,I,V,T,G,V,A,V,G,I,F,L,C,T,G,G,R,R,C
Bubalus_bubalis,M,L,T,T,L,L,P,-,L,L,L,P,G,W,A,L,R,S,Q,E,A,S,D,G,P,W,D,L,H,M,T,Q,V,S,Y,F,R,N,P,S,Q,V,W,H,R,G,N,A,T,L,G,G,V,L,T,H,V,L,E,G,P,G,Y,N,V,S,I,Q,Q,L,Q,P,L,Q,E,P,D,S,W,A,L,T,K,R,N,L,N,R,Y,L,E,E,F,V,G,L,V,Q,V,V,H,Q,E,R,G,V,T,F,P,L,I,I,R,C,F,L,G,C,E,L,P,G,S,E,A,R,V,F,F,E,V,A,V,N,G,S,A,F,V,N,F,Q,P,K,T,A,S,W,V,A,E,P,H,A,P,S,R,V,V,T,Y,T,V,D,Q,L,N,K,Y,N,R,T,R,Y,E,L,R,E,F,L,Q,D,T,C,V,Q,Y,I,Q,K,H,I,T,A,N,N,L,K,G,S,Q,T,G,R,S,Y,T,S,L,V,L,G,V,L,V,G,C,F,I,V,T,G,V,A,V,G,I,F,L,C,T,G,G,R,R,C
Budorcas_taxicolor,M,L,T,T,L,L,P,-,L,L,L,P,G,W,A,L,R,S,Q,E,A,S,D,G,P,W,E,L,Q,M,I,Q,V,S,Y,F,R,N,P,S,Q,V,W,H,R,G,N,A,T,L,G,G,V,L,T,H,V,L,E,G,P,G,H,N,V,S,I,Q,Q,L,Q,P,L,Q,E,P,D,S,W,A,L,T,K,R,Y,L,N,R,Y,L,E,E,F,V,G,L,V,Q,V,V,H,Q,E,R,G,V,T,F,P,L,I,I,R,C,S,L,G,C,E,L,P,G,S,E,A,R,V,F,F,E,V,A,V,N,G,S,S,F,V,N,F,Q,P,K,T,A,S,W,V,A,E,P,H,A,P,S,R,V,V,T,Y,T,V,D,Q,L,N,K,Y,N,R,T,R,Y,E,L,R,E,F,L,Q,D,T,C,V,Q,Y,I,Q,K,H,I,T,A,N,N,L,K,G,S,Q,T,G,R,S,Y,T,S,L,V,L,G,V,L,V,G,C,F,I,V,T,G,V,A,V,G,I,F,L,C,T,G,G,R,R,C
Callithrix_jacchus,M,L,T,T,L,L,P,I,L,L,L,S,G,G,A,F,C,S,Q,E,A,S,D,G,L,Q,S,L,H,M,L,Q,I,S,Y,F,R,D,P,Y,H,V,W,Y,Q,G,N,A,S,L,G,G,Q,L,T,H,V,L,E,G,P,G,T,N,V,T,I,L,Q,L,Q,P,L,Q,D,P,E,S,W,A,R,T,Q,S,S,L,Q,T,Y,L,S,Q,F,H,G,L,V,R,L,V,H,Q,E,R,G,L,D,F,P,L,T,I,R,C,F,L,G,C,E,L,P,G,S,R,A,H,V,F,F,Q,V,A,V,N,G,S,S,F,V,S,F,R,P,E,T,A,L,W,E,A,G,T,R,V,S,S,R,V,V,T,Y,T,L,K,Q,L,N,A,Y,N,R,T,R,Y,E,T,R,E,F,L,E,D,T,C,V,Q,Y,V,Q,K,Y,I,T,T,E,N,T,K,G,S,Q,T,S,R,S,Y,T,S,L,V,L,G,V,L,V,G,C,F,I,I,A,G,V,A,V,G,I,F,L,C,T,G,G,R,R,C
Camelus_bactrianus,M,L,T,T,L,L,P,L,L,L,L,P,G,W,A,L,C,S,Q,E,A,S,G,G,P,R,D,L,H,M,L,Q,V,S,Y,F,R,N,P,S,Q,V,W,H,Q,G,N,A,T,L,G,G,V,L,T,H,V,L,E,G,P,G,N,N,V,T,I,E,Q,L,Q,P,L,Q,E,P,E,S,W,T,L,T,K,N,R,L,V,R,Y,L,Q,E,F,L,G,L,V,Q,V,V,H,R,E,R,G,V,A,F,P,L,T,I,R,C,F,L,G,C,E,L,P,G,S,R,A,H,V,F,F,E,V,A,V,N,G,S,A,F,I,N,F,R,P,E,T,A,S,W,V,A,E,R,Q,A,S,S,A,V,V,T,Y,T,L,E,Q,L,N,K,Y,N,R,T,R,Y,E,L,Q,E,F,L,Q,D,T,C,V,Q,Y,V,Q,K,H,I,T,-,N,N,S,K,G,S,Q,T,G,H,S,Y,T,S,L,V,L,G,I,L,V,G,C,F,I,I,A,G,V,A,V,G,I,F,L,C,T,G,G,R,R,R
Camelus_dromedarius,M,L,T,T,L,L,P,L,L,L,L,P,G,W,A,L,C,S,Q,E,A,S,G,G,P,R,D,L,H,M,L,Q,V,S,Y,F,R,N,P,S,Q,V,W,H,Q,G,N,A,T,L,G,G,V,L,T,H,V,L,E,G,P,G,N,N,V,T,I,E,Q,L,Q,P,L,Q,E,P,E,S,W,T,L,T,K,N,R,L,V,R,Y,L,Q,E,F,L,G,L,V,Q,V,V,H,R,E,R,G,V,A,F,P,L,T,I,R,C,F,L,G,C,E,L,P,G,S,R,A,H,V,F,F,E,V,A,V,N,G,S,A,F,I,N,F,R,P,E,T,A,S,W,V,A,E,R,Q,A,S,S,A,V,V,T,Y,T,L,E,Q,L,N,K,Y,N,R,T,R,Y,E,L,Q,E,F,L,Q,D,T,C,V,Q,Y,V,Q,K,H,I,T,-,N,N,S,K,G,S,Q,T,G,H,S,Y,T,S,L,V,L,G,I,L,V,G,C,F,I,I,A,G,V,A,V,G,I,F,L,C,T,G,G,R,R,R
Camelus_ferus,M,L,T,T,L,L,P,L,L,L,L,P,G,W,A,L,C,S,Q,E,A,S,G,G,P,R,D,L,H,M,L,Q,V,S,Y,F,R,N,P,S,Q,V,W,H,Q,G,N,A,T,L,G,G,V,L,T,H,V,L,E,G,P,G,N,N,V,T,I,E,Q,L,Q,P,L,Q,E,P,E,S,W,T,L,T,K,N,R,L,V,R,Y,L,Q,E,F,L,G,L,V,Q,V,V,H,R,E,R,G,V,A,F,P,L,T,I,R,C,F,L,G,C,E,L,P,G,S,R,A,H,V,F,F,E,V,A,V,N,G,S,A,F,I,N,F,R,P,E,T,A,S,W,V,A,E,R,Q,A,S,S,A,V,V,T,Y,T,L,E,Q,L,N,K,Y,N,R,T,R,Y,E,L,Q,E,F,L,Q,D,T,C,V,Q,Y,V,Q,K,H,I,T,-,N,N,S,K,G,S,Q,T,G,H,S,Y,T,S,L,V,L,G,I,L,V,G,C,F,I,I,A,G,V,A,V,G,I,F,L,C,T,G,G,R,R,R
Capra_hircus,M,L,T,T,L,L,P,-,L,L,L,P,G,W,A,L,R,S,Q,E,A,S,D,G,P,S,E,L,Q,M,I,Q,V,S,Y,F,R,N,P,S,Q,V,W,H,R,G,N,A,T,L,G,G,V,L,T,H,V,L,E,G,P,G,H,N,V,S,I,Q,Q,L,Q,P,L,Q,E,P,D,S,W,A,L,T,K,R,Y,L,N,R,Y,L,E,E,F,V,G,L,V,Q,V,V,H,Q,E,R,G,V,T,F,P,L,I,I,R,C,S,L,G,C,E,L,P,G,S,E,A,R,V,F,F,E,V,A,V,N,G,S,S,F,V,N,F,Q,P,K,T,A,S,W,V,A,E,P,H,A,P,S,R,V,V,T,Y,T,V,D,Q,L,N,K,Y,N,R,T,R,Y,E,L,R,E,F,L,Q,D,T,C,V,Q,Y,I,Q,K,H,I,T,T,N,N,L,K,G,S,Q,T,G,R,S,Y,T,S,L,V,L,G,V,L,V,G,C,F,I,V,T,G,V,A,V,G,I,F,L,C,T,G,G,R,R,C
Cebus_imitator,M,L,T,T,L,L,P,I,L,L,L,S,G,G,A,F,C,S,Q,E,A,S,D,G,L,Q,S,L,H,M,L,Q,I,S,Y,F,R,D,P,Y,Q,V,W,Y,Q,G,N,A,S,L,G,G,H,L,T,H,V,L,E,G,P,G,T,N,V,T,I,L,Q,L,Q,P,L,Q,D,P,E,S,W,A,R,M,Q,S,S,L,Q,T,Y,L,L,Q,F,H,G,L,V,R,L,V,H,Q,E,R,S,L,D,F,P,L,T,I,R,C,F,L,G,C,E,L,P,G,S,R,A,H,V,F,F,Q,V,A,V,N,G,S,S,F,V,S,F,R,P,E,T,A,L,W,E,A,G,T,Q,V,P,S,R,V,V,T,Y,T,L,K,Q,L,N,A,Y,N,R,T,R,Y,E,M,R,E,F,L,E,D,T,C,V,Q,Y,V,Q,K,H,I,T,T,E,N,M,K,G,S,H,T,S,R,S,Y,T,S,L,V,L,G,V,L,V,G,C,F,I,I,A,G,V,A,V,G,I,F,L,C,T,G,G,R,R,C
Ceratotherium_simum_simum,M,L,T,T,L,L,S,V,L,L,L,S,G,W,A,L,C,S,Q,E,A,S,D,G,P,R,N,L,H,M,F,Q,I,S,Y,F,R,E,S,D,Q,V,W,H,R,G,N,A,S,L,G,G,L,L,T,H,V,L,Q,G,Q,D,T,N,V,T,I,R,Q,L,E,P,L,Q,D,P,E,S,W,A,I,T,E,S,H,L,K,L,Y,L,N,Q,F,S,G,F,V,Q,L,V,H,K,E,R,G,V,A,F,P,L,T,I,R,C,F,L,G,C,E,L,P,G,S,Q,A,R,V,F,F,K,V,A,V,N,G,S,S,F,V,S,F,Q,P,E,T,A,L,W,V,A,G,P,Q,A,H,S,K,V,V,T,Y,T,L,Q,K,L,N,D,N,N,R,T,R,Y,E,L,L,E,F,L,Q,D,T,C,V,Q,Y,V,Q,E,H,I,I,A,K,N,V,K,G,S,Q,A,G,R,S,Y,A,S,L,I,L,G,V,L,V,G,S,L,I,I,A,G,V,A,V,G,I,F,L,C,T,G,G,R,R,C
Cercocebus_atys,M,L,T,T,L,L,P,I,L,L,L,S,D,W,A,F,C,S,Q,N,A,S,D,G,L,Q,S,L,H,M,L,Q,I,S,Y,F,R,D,P,Y,H,V,W,Y,Q,G,N,A,S,L,G,G,H,L,T,H,V,L,E,G,P,G,T,N,A,T,I,L,Q,L,Q,P,L,Q,E,P,E,S,W,A,R,M,Q,S,G,L,Q,A,Y,L,L,E,F,H,G,L,V,R,L,V,H,Q,E,R,T,L,A,F,P,L,T,I,R,C,F,L,G,C,E,L,P,G,S,R,A,H,V,F,F,E,V,A,V,N,G,S,S,F,V,S,F,R,P,E,T,A,L,W,Q,A,D,T,Q,V,P,S,K,V,V,T,F,I,L,Q,Q,L,N,A,Y,N,R,T,R,Y,E,L,R,E,F,L,E,D,T,C,V,Q,Y,V,Q,K,H,I,S,M,E,N,M,K,G,S,Q,T,S,R,S,Y,T,S,L,V,L,G,V,L,V,G,S,F,I,I,A,G,V,A,V,G,I,F,L,C,T,G,G,R,R,C
Cervus_canadensis,M,W,T,T,L,L,P,L,L,L,L,P,G,G,A,L,C,S,Q,E,A,S,D,G,P,L,D,L,H,M,T,Q,V,S,Y,F,R,N,P,S,Q,V,W,H,R,G,N,A,T,L,G,G,V,L,T,H,V,L,E,G,P,G,H,N,V,S,I,Q,Q,L,Q,P,L,Q,E,P,D,S,W,A,L,T,K,S,Y,L,N,R,Y,L,E,E,F,V,G,L,V,Q,V,V,H,Q,E,R,G,V,T,F,P,L,I,I,R,C,F,L,G,C,E,L,P,G,S,E,A,R,V,F,F,E,V,A,V,N,G,S,S,F,V,N,F,Q,P,K,T,A,S,W,V,A,E,P,H,A,L,S,R,V,V,T,Y,T,V,E,Q,L,N,K,Y,N,R,T,R,Y,E,L,R,E,F,L,Q,D,T,C,V,Q,Y,I,Q,K,H,M,T,V,N,N,L,K,G,S,Q,T,G,R,S,Y,T,S,L,V,L,G,V,L,V,G,C,F,I,V,T,G,V,A,V,G,I,F,L,C,T,G,G,R,R,C
Chlorocebus_sabaeus,M,L,T,T,L,L,P,I,L,L,L,S,D,W,A,F,C,S,Q,N,A,S,D,G,L,Q,S,L,H,M,L,Q,I,S,Y,F,R,D,P,Y,H,V,W,Y,Q,G,N,A,S,L,G,G,H,L,T,H,V,L,E,G,P,G,T,N,A,T,I,L,Q,L,Q,P,L,Q,E,P,E,S,W,A,R,M,Q,S,G,L,Q,A,Y,L,L,E,F,H,G,L,V,R,L,V,H,Q,E,R,T,L,A,F,P,L,T,I,R,C,F,L,G,C,E,L,P,G,S,R,A,H,V,F,F,E,V,A,V,N,G,S,S,F,V,S,F,R,P,E,T,A,L,W,Q,A,D,T,Q,V,P,S,K,V,V,T,F,I,L,Q,Q,L,N,A,Y,N,R,T,R,Y,E,L,R,E,F,L,E,D,T,C,V,Q,Y,V,Q,K,H,I,S,M,E,N,M,K,G,S,Q,T,S,R,S,Y,T,S,L,V,L,G,I,L,V,G,S,F,I,I,A,G,V,A,V,G,I,F,L,C,T,G,G,R,R,C
Colobus_angolensis_palliatus,M,L,T,T,L,L,P,I,L,L,L,S,D,W,A,F,C,S,Q,D,A,S,D,G,L,Q,S,L,H,M,L,Q,I,S,Y,F,R,D,P,Y,H,V,W,Y,Q,G,N,A,S,L,G,G,H,L,T,H,V,L,E,G,P,G,T,N,A,T,I,L,Q,L,Q,P,L,Q,E,P,E,S,W,A,R,M,Q,S,G,L,Q,S,Y,L,L,E,F,H,G,L,V,R,L,V,H,Q,E,R,T,L,A,F,P,L,T,I,R,C,F,L,G,C,E,L,P,G,S,R,A,H,V,F,F,E,V,A,V,N,G,S,S,F,L,S,F,R,P,E,T,A,L,W,Q,A,D,T,Q,V,P,S,K,V,V,T,F,I,L,Q,Q,L,N,A,Y,N,R,T,R,Y,E,L,R,E,F,L,E,D,T,C,V,Q,Y,V,Q,K,H,I,S,T,E,N,M,K,G,S,Q,T,S,R,S,Y,T,S,L,V,L,G,V,L,V,G,S,F,I,I,A,G,V,A,V,G,I,F,L,C,T,G,G,R,R,C
Condylura_cristata,M,L,T,T,L,L,P,L,L,L,L,P,G,W,V,H,C,N,Q,E,A,S,D,G,Q,L,N,F,H,M,I,Q,K,S,Y,F,L,N,P,F,Q,V,W,H,Q,G,N,A,S,L,G,G,L,P,T,H,T,L,E,G,P,G,T,N,V,T,I,L,Q,L,Q,P,L,Q,D,P,E,S,W,A,I,M,K,R,N,L,H,L,Y,L,Q,Q,F,W,G,L,V,R,L,V,H,Q,E,R,R,L,D,F,P,L,N,V,R,C,F,L,G,C,E,L,P,G,S,K,A,H,V,F,F,E,V,A,V,N,G,S,S,F,V,S,F,Q,P,E,T,A,L,W,V,A,G,S,K,S,P,S,K,V,V,T,Y,T,L,Q,Q,L,N,T,Y,N,R,T,R,Y,E,L,Q,E,F,L,Q,D,T,C,V,Q,Y,V,Q,E,H,I,T,T,K,N,T,K,G,S,Q,T,G,R,S,Y,T,S,L,V,L,G,I,L,L,G,C,F,I,I,A,G,V,A,V,G,I,F,L,C,T,G,G,R,R,C
Elephas_maximus_indicus,M,L,T,T,L,L,P,L,L,F,L,S,G,W,A,V,C,S,Q,G,A,S,D,G,R,R,S,L,H,I,V,Q,F,A,Y,F,R,D,P,F,H,V,W,Y,R,G,N,A,S,L,L,G,H,P,T,H,V,L,E,G,T,D,T,N,F,T,I,L,Q,L,Q,P,L,Q,E,P,E,S,W,E,R,T,E,R,G,L,K,D,Y,L,R,D,F,H,G,T,V,R,L,V,H,K,E,R,S,L,A,F,P,L,T,I,R,C,F,L,G,C,E,L,P,D,S,K,A,H,I,F,F,E,V,T,M,N,G,S,S,F,A,S,F,Q,P,E,T,A,S,W,V,A,P,S,Q,T,H,S,K,V,A,N,Y,T,L,K,L,L,N,T,Y,N,R,T,R,Y,E,L,L,E,F,L,Q,D,T,C,V,E,Y,V,Q,E,H,-,T,V,D,N,L,K,G,R,Q,T,G,H,S,Y,T,S,L,V,L,G,V,L,V,G,S,F,I,I,T,G,V,A,V,G,I,F,L,C,A,G,G,R,R,C
Enhydra_lutris_kenyoni,M,L,T,T,L,L,P,L,L,L,L,P,G,W,A,F,C,S,Q,D,A,S,D,-,-,-,-,L,H,M,L,Q,I,S,Y,F,R,D,P,Y,Q,V,W,H,R,G,N,A,S,L,G,G,L,T,T,H,V,L,E,G,Q,G,T,N,V,T,I,I,Q,L,Q,P,L,E,A,P,E,S,W,V,H,T,E,E,R,L,K,T,Y,L,R,E,F,Q,M,L,V,Q,L,V,H,G,E,R,H,L,T,F,P,L,T,F,R,C,F,L,G,C,E,Q,P,G,S,P,A,R,V,F,F,E,V,T,M,N,G,S,S,F,V,S,Y,Q,P,E,T,A,L,W,V,A,G,P,Q,A,P,S,K,V,V,T,F,T,V,H,Q,L,N,F,Y,N,R,T,R,Y,E,L,Q,E,Y,L,R,D,L,C,V,Q,Y,M,Q,E,Y,V,T,L,K,N,S,K,G,S,Q,T,G,R,S,Y,T,S,L,V,L,G,V,L,V,G,S,F,I,I,A,G,V,A,V,G,I,F,L,C,T,G,G,R,R,C
Equus_asinus,M,L,T,T,L,L,P,L,L,L,L,P,G,W,A,L,C,S,Q,E,A,S,D,G,P,R,N,L,H,M,L,Q,I,S,Y,F,L,D,P,N,Q,V,W,H,Q,G,N,A,S,L,G,G,L,Q,T,H,M,L,E,G,P,G,T,N,V,T,I,L,Q,L,Q,P,L,Q,D,P,E,S,W,A,L,T,E,R,G,L,Q,L,Y,L,S,Q,F,S,G,F,V,Q,L,V,H,R,E,R,H,V,A,F,P,L,T,I,R,C,F,L,G,C,E,L,P,S,S,Q,A,H,V,F,F,E,V,A,V,N,G,S,S,F,V,S,F,Q,P,K,T,A,S,W,V,A,G,S,Q,A,P,S,K,V,V,T,Y,T,L,Q,K,L,N,T,F,N,Q,T,S,Y,E,L,L,E,F,L,Q,D,T,C,V,Q,Y,V,Q,E,H,L,A,V,K,N,L,K,G,S,Q,T,G,R,S,Y,T,S,L,V,L,G,V,L,V,G,S,F,I,I,A,G,V,A,V,G,I,F,L,C,T,G,G,R,R,C
Equus_przewalskii,M,L,T,T,L,L,P,L,L,L,L,P,G,W,A,L,C,S,Q,E,A,S,D,G,P,R,N,L,H,M,L,Q,I,S,Y,F,L,D,P,D,Q,V,W,H,Q,G,N,A,S,L,G,G,L,Q,T,H,M,L,E,G,P,G,T,N,V,T,I,L,Q,L,Q,P,L,Q,D,P,E,S,W,A,L,T,E,K,R,L,Q,L,Y,L,S,H,F,S,G,F,V,Q,L,V,H,R,E,R,H,V,A,F,P,L,T,I,R,C,F,L,G,C,E,L,P,S,S,Q,A,H,V,F,F,E,V,A,V,N,G,S,S,F,V,S,F,Q,P,K,T,A,S,W,V,A,G,S,Q,A,P,S,K,V,V,T,Y,T,L,Q,K,L,N,T,F,N,Q,T,S,Y,E,L,L,E,F,L,Q,D,T,C,V,Q,Y,V,Q,E,H,L,A,V,K,N,L,K,G,S,Q,T,G,R,S,Y,T,S,L,V,L,G,V,L,V,G,S,F,I,I,A,G,V,A,V,G,I,F,L,C,T,G,G,R,R,C
Equus_quagga,M,L,T,T,L,L,P,L,L,L,L,P,G,W,A,L,C,S,Q,E,A,S,D,G,P,R,N,L,H,M,L,Q,I,S,Y,F,L,D,P,N,Q,V,W,H,Q,G,N,A,S,L,G,G,L,Q,T,H,M,L,E,G,P,G,T,N,V,T,I,L,Q,L,Q,P,L,Q,D,P,E,S,W,A,L,T,E,R,G,L,Q,L,Y,L,S,Q,F,S,G,F,V,Q,L,V,H,R,E,R,H,V,A,F,P,L,T,I,R,C,F,L,G,C,E,L,P,S,S,Q,A,H,V,F,F,E,V,A,V,N,G,S,S,F,V,S,F,Q,P,K,T,A,S,W,V,A,G,S,Q,A,P,S,K,V,V,T,Y,T,L,Q,K,L,N,T,F,N,Q,T,S,Y,E,L,L,E,F,L,Q,D,T,C,V,Q,Y,V,Q,E,H,L,A,V,K,N,L,K,G,S,Q,T,G,R,S,Y,T,S,L,V,L,G,V,L,V,G,S,F,I,I,A,G,V,A,V,G,I,F,L,C,T,G,G,R,R,C
Gorilla_gorilla_gorilla,M,L,T,T,L,L,P,I,L,L,L,S,G,W,A,F,C,S,Q,D,A,S,D,G,L,Q,R,L,H,M,L,Q,I,S,Y,F,R,D,P,Y,H,V,W,Y,Q,G,N,A,S,L,G,G,H,L,T,H,V,L,E,G,P,D,T,N,T,T,I,I,Q,L,Q,P,L,Q,E,P,E,S,W,A,R,T,Q,S,G,L,Q,S,Y,L,L,Q,F,H,G,L,V,R,L,V,H,Q,E,R,T,L,A,F,P,L,T,I,R,C,F,L,G,C,E,L,P,S,S,R,P,H,V,F,F,E,V,A,V,N,G,S,S,F,V,S,F,R,P,E,R,A,L,W,Q,A,D,T,Q,V,T,S,G,V,V,T,F,T,L,Q,Q,L,N,A,Y,N,R,T,R,Y,E,L,R,E,F,L,E,D,T,C,V,Q,Y,V,Q,K,H,T,S,A,E,N,T,K,G,S,Q,T,S,R,S,Y,T,S,L,V,L,G,V,L,V,G,S,F,I,I,A,G,V,A,V,G,I,F,L,C,T,G,G,R,R,C
Halichoerus_grypus,M,L,T,T,L,L,L,L,L,L,L,P,G,W,A,F,C,S,Q,E,A,S,D,G,P,W,N,L,H,M,L,Q,I,S,Y,F,R,D,P,Y,Q,V,W,H,R,G,N,A,S,L,G,G,L,T,T,H,V,L,E,G,Q,D,T,N,V,T,I,L,Q,L,Q,P,L,E,A,P,E,S,W,V,H,T,E,D,R,L,K,T,Y,L,K,E,F,Q,M,M,V,Q,L,V,H,H,E,R,H,L,T,F,P,L,T,V,R,C,F,L,G,C,E,L,P,G,S,P,A,Q,V,F,F,K,V,T,V,N,G,S,S,F,V,N,F,Q,P,E,T,A,L,W,V,A,G,P,Q,A,P,S,K,V,V,T,Y,T,L,Y,Q,L,N,S,Y,N,R,T,R,Y,E,L,R,E,F,L,Q,D,T,C,V,Q,Y,L,Q,E,Y,I,T,S,K,N,S,K,G,S,Q,T,G,R,S,Y,T,S,L,V,L,G,V,L,V,G,S,F,I,I,A,G,V,A,V,G,I,F,L,C,T,G,G,R,R,C
Homo_sapiens,M,L,T,T,L,L,P,I,L,L,L,S,G,W,A,F,C,S,Q,D,A,S,D,G,L,Q,R,L,H,M,L,Q,I,S,Y,F,R,D,P,Y,H,V,W,Y,Q,G,N,A,S,L,G,G,H,L,T,H,V,L,E,G,P,D,T,N,T,T,I,I,Q,L,Q,P,L,Q,E,P,E,S,W,A,R,T,Q,S,G,L,Q,S,Y,L,L,Q,F,H,G,L,V,R,L,V,H,Q,E,R,T,L,A,F,P,L,T,I,R,C,F,L,G,C,E,L,P,G,S,R,A,H,V,F,F,E,V,A,V,N,G,S,S,F,V,S,F,R,P,E,R,A,L,W,Q,A,D,T,Q,V,T,S,G,V,V,T,F,T,L,Q,Q,L,N,A,Y,N,R,T,R,Y,E,L,R,E,F,L,E,D,T,C,V,Q,Y,V,Q,K,H,I,S,A,E,N,T,K,G,S,Q,T,S,R,S,Y,T,S,L,V,L,G,V,L,V,G,S,F,I,I,A,G,V,A,V,G,I,F,L,C,T,G,G,R,R,C
Hylobates_moloch,M,L,T,T,L,L,P,I,L,L,L,S,G,W,A,F,C,S,Q,D,A,S,D,G,L,Q,S,L,H,M,L,Q,I,S,Y,F,R,D,P,Y,H,V,W,Y,Q,G,N,A,S,L,G,G,H,L,T,H,V,L,E,G,P,S,T,N,T,T,I,I,Q,L,Q,P,L,Q,E,P,E,S,W,A,R,T,Q,S,G,L,Q,S,Y,L,L,Q,F,H,S,L,V,R,L,V,H,Q,E,R,T,L,A,F,P,L,T,I,R,C,F,L,G,C,E,L,P,G,S,R,A,H,V,F,F,E,V,A,V,N,G,S,S,F,V,S,F,R,P,E,R,A,L,W,Q,A,D,T,Q,V,T,S,G,V,V,T,F,V,L,Q,Q,L,N,A,Y,N,R,T,R,Y,E,L,R,E,F,L,E,D,T,C,V,Q,Y,V,Q,K,H,I,S,A,E,N,T,K,G,S,Q,T,S,R,S,Y,T,S,L,V,L,G,V,L,V,G,S,F,I,I,A,G,V,A,V,G,I,F,L,C,T,G,G,R,R,C
Ictidomys_tridecemlineatus,M,L,T,T,L,L,P,L,L,L,L,P,G,W,V,F,C,S,Q,E,A,S,-,G,P,Q,S,L,H,M,L,Q,I,S,Y,F,R,D,P,Y,H,V,W,Y,R,G,N,A,S,L,S,G,Q,L,T,H,T,L,E,G,P,G,N,N,V,T,I,L,Q,L,Q,P,L,E,D,P,E,S,W,A,R,T,E,S,S,L,Q,L,Y,L,S,Q,F,Q,G,L,V,R,L,V,H,Q,E,R,K,V,T,F,P,L,I,V,T,C,F,L,G,C,E,L,P,D,S,E,A,R,V,F,F,E,V,A,V,N,G,S,S,F,V,S,F,K,P,E,K,A,L,W,V,A,A,P,G,E,P,S,R,V,V,T,F,T,L,K,Q,L,N,A,Y,N,R,T,R,D,E,L,Q,E,F,L,Q,H,T,C,V,Q,Y,V,Q,Q,H,I,A,T,D,N,S,K,G,S,Q,R,G,R,S,Y,T,S,L,V,L,G,V,L,V,G,S,F,I,I,A,G,V,A,V,G,I,F,L,C,T,G,G,R,R,C
Leopardus_geoffroyi,M,L,T,T,L,L,P,L,L,L,L,P,G,W,A,F,C,S,H,E,A,S,D,G,L,R,N,L,H,M,L,Q,I,S,Y,F,R,D,P,Y,Q,V,W,H,R,G,N,A,S,L,G,G,L,T,T,H,V,L,E,G,L,G,S,N,V,T,I,R,Q,L,Q,P,L,Q,E,P,E,S,W,M,H,T,E,D,S,L,K,T,Y,L,H,Q,F,N,S,L,V,L,L,V,H,H,E,R,R,L,T,F,P,L,I,I,R,C,F,L,G,C,E,L,P,G,S,T,A,R,V,F,F,E,V,S,V,N,G,S,S,F,V,H,F,Q,P,E,T,A,L,W,V,A,G,P,Q,A,P,S,R,V,V,T,Y,T,L,Q,Q,L,N,A,Y,N,R,T,R,Y,E,L,R,E,F,L,Q,D,T,C,V,Q,Y,V,Q,E,H,I,T,V,N,N,S,K,G,S,Q,T,G,R,S,Y,T,S,L,V,L,G,V,L,V,G,S,F,I,I,A,G,V,A,V,G,I,F,L,Y,T,G,G,R,R,C
Loxodonta_africana,M,L,T,T,L,L,P,L,L,F,L,S,G,W,A,V,C,S,Q,G,A,S,D,G,R,R,S,L,H,I,V,Q,F,A,Y,F,R,D,P,F,H,V,W,Y,R,G,N,A,S,L,L,G,H,P,T,H,V,L,E,G,T,D,T,N,F,T,I,L,Q,L,Q,P,L,Q,E,P,E,S,W,E,R,T,E,R,G,L,K,D,Y,L,R,D,F,H,G,T,V,R,L,V,H,K,E,R,S,L,A,F,P,L,T,I,R,C,F,L,G,C,E,L,P,D,S,K,A,H,I,F,F,E,V,T,M,N,G,S,S,F,A,S,F,Q,P,E,T,A,S,W,V,A,P,S,Q,T,H,S,K,V,A,N,Y,T,L,K,L,L,N,T,Y,N,R,T,R,Y,E,L,L,E,F,L,Q,D,T,C,V,E,Y,V,Q,E,H,-,T,V,D,N,L,K,G,R,Q,T,G,H,S,Y,T,S,L,V,L,G,I,L,V,G,S,F,I,I,T,G,V,A,V,G,I,F,L,C,A,G,G,R,R,C
Macaca_fascicularis,M,L,T,T,L,L,P,I,L,L,L,S,D,W,A,F,C,S,Q,N,A,S,D,G,L,Q,S,L,H,M,L,Q,I,S,Y,F,R,D,P,Y,H,V,W,Y,Q,G,N,A,S,L,G,G,H,L,T,H,V,L,E,G,P,G,T,N,A,T,I,L,Q,L,Q,P,L,Q,E,P,E,S,W,A,R,M,Q,S,G,L,Q,A,Y,L,L,E,F,H,G,L,V,R,L,V,H,Q,E,R,T,L,A,F,P,L,T,I,R,C,F,L,G,C,E,L,P,G,S,R,A,H,V,F,F,E,V,A,V,N,G,S,S,F,V,S,F,R,P,E,T,A,L,W,Q,A,D,T,Q,V,P,S,K,V,V,T,F,I,L,Q,Q,L,N,A,Y,N,R,T,R,Y,E,L,R,E,F,L,E,D,T,C,V,Q,Y,V,Q,K,H,I,S,M,E,N,M,K,G,S,Q,T,S,R,S,Y,T,S,L,V,L,G,V,L,V,G,S,F,I,I,A,G,V,A,V,G,I,F,L,C,T,G,G,R,R,C
Macaca_mulatta,M,L,T,T,L,L,P,I,L,L,L,S,D,W,A,F,C,S,Q,N,A,S,D,G,L,Q,S,L,H,M,L,Q,I,S,Y,F,R,D,P,Y,H,V,W,Y,Q,G,N,A,S,L,G,G,H,L,T,H,V,L,E,G,P,G,T,N,A,T,I,L,Q,L,Q,P,L,Q,E,P,E,S,W,A,R,M,Q,S,G,L,Q,A,Y,L,L,E,F,H,G,L,V,R,L,V,H,Q,E,R,T,L,A,F,P,L,T,I,R,C,F,L,G,C,E,L,P,G,S,R,A,H,V,F,F,E,V,A,V,N,G,S,S,F,V,S,F,R,P,E,T,A,L,W,Q,A,D,T,Q,V,P,S,K,V,V,T,F,I,L,Q,Q,L,N,A,Y,N,R,T,R,Y,E,L,R,E,F,L,E,D,T,C,V,Q,Y,V,Q,K,H,I,S,M,E,N,M,K,G,S,Q,T,S,R,S,Y,T,S,L,V,L,G,V,L,V,G,S,F,I,I,A,G,V,A,V,G,I,F,L,C,T,G,G,R,R,C
Macaca_nemestrina,M,L,T,T,L,L,P,I,L,L,L,S,D,W,A,F,C,S,Q,N,A,S,D,G,L,Q,S,L,H,M,L,Q,I,S,Y,F,R,D,P,H,H,V,W,Y,Q,G,N,A,S,L,G,G,H,L,T,H,V,L,E,G,P,G,T,N,A,T,I,L,Q,L,Q,P,L,Q,E,P,E,S,W,A,R,M,Q,S,G,L,Q,A,Y,L,L,E,F,H,G,L,V,R,L,V,H,Q,E,R,T,L,A,F,P,L,T,I,R,C,F,L,G,C,E,L,P,G,S,R,A,H,V,F,F,E,V,A,V,N,G,S,S,F,V,S,F,R,P,E,T,A,L,W,Q,A,D,T,Q,V,P,S,K,V,V,T,F,I,L,Q,Q,L,N,A,Y,N,R,T,R,Y,E,L,R,E,F,L,E,D,T,C,V,Q,Y,V,Q,K,H,I,S,M,E,N,M,K,G,S,Q,T,S,R,S,Y,T,S,L,V,L,G,V,L,V,G,S,F,I,I,A,G,V,A,V,G,I,F,L,C,T,G,G,R,R,C
Macaca_thibetana_thibetana,M,L,T,T,L,L,P,I,L,L,L,S,D,W,A,F,C,S,Q,N,A,S,D,G,L,Q,S,L,H,M,L,Q,I,S,Y,F,R,D,P,Y,H,V,W,Y,Q,G,N,A,S,L,G,G,H,L,T,H,V,L,E,G,P,G,T,N,A,T,I,L,Q,L,Q,P,L,Q,E,P,E,S,W,A,R,M,Q,S,G,L,Q,A,Y,L,L,E,F,H,G,L,V,R,L,V,H,Q,E,R,T,L,A,F,P,L,T,I,R,C,F,L,G,C,E,L,P,G,S,R,A,H,V,F,F,E,V,A,V,N,G,S,S,F,V,S,F,R,P,E,T,A,L,W,Q,A,D,T,Q,V,P,S,K,V,V,T,F,I,L,Q,Q,L,N,A,Y,N,R,T,R,Y,E,L,R,E,F,L,E,D,T,C,V,Q,Y,V,Q,K,H,I,S,M,E,N,M,K,G,S,Q,T,S,R,S,Y,T,S,L,V,L,G,V,L,V,G,S,F,I,I,A,G,V,A,V,G,I,F,L,C,T,G,G,R,R,C
Mandrillus_leucophaeus,M,L,T,T,L,L,P,I,L,L,L,S,D,W,A,F,C,S,Q,N,A,S,D,G,L,Q,S,L,H,M,L,Q,I,S,Y,F,R,D,P,Y,H,V,W,Y,Q,G,N,A,S,L,G,G,H,L,T,H,V,L,E,G,P,G,T,N,A,T,I,L,Q,L,Q,P,L,Q,E,P,E,S,W,A,R,M,Q,S,G,L,Q,A,Y,L,L,E,F,H,G,L,V,R,L,V,H,Q,E,R,T,L,A,F,P,L,T,I,R,C,F,L,G,C,E,L,P,G,S,R,A,H,V,F,F,E,V,A,V,N,G,S,S,F,V,S,F,R,P,E,T,A,L,W,Q,A,D,T,Q,V,P,S,K,V,V,T,F,I,L,Q,Q,L,N,A,Y,N,R,T,R,Y,E,L,R,E,F,L,E,D,T,C,V,Q,Y,V,Q,K,H,I,S,M,E,N,M,K,G,S,Q,T,S,R,S,Y,T,S,L,V,L,G,V,L,V,G,S,F,I,I,A,G,V,A,V,G,I,F,L,C,T,G,G,R,R,C
Marmota_flaviventris,M,L,T,T,L,L,P,L,L,L,L,P,G,W,V,F,C,S,Q,E,A,S,Q,G,P,Q,S,L,H,M,L,Q,I,S,Y,F,R,D,P,Y,H,V,W,Y,R,G,N,A,S,L,G,G,Q,L,T,H,T,L,E,G,P,G,N,N,V,T,I,L,Q,L,Q,P,L,E,N,S,E,S,W,A,R,T,K,S,S,L,Q,L,Y,L,S,Q,F,H,G,L,V,Q,L,V,H,R,E,R,E,V,T,F,P,L,I,V,T,C,F,L,G,C,E,L,P,D,S,K,A,R,V,F,F,E,V,A,V,N,G,S,S,F,V,I,F,K,P,E,K,A,L,W,V,A,A,P,Q,E,P,S,R,V,V,T,F,T,L,K,Q,L,N,A,Y,N,R,T,R,Y,E,L,Q,E,F,L,Q,D,T,C,V,Q,Y,V,Q,Q,H,I,S,T,D,N,S,K,G,S,Q,R,G,R,S,Y,T,S,L,V,L,G,V,L,V,G,S,F,I,I,A,G,V,A,V,G,I,F,L,C,T,G,G,R,R,C
Marmota_marmota_marmota,M,L,T,T,L,L,P,L,L,L,L,P,G,W,V,F,C,S,Q,E,A,S,-,G,P,Q,S,L,H,M,L,Q,I,S,Y,F,R,D,P,Y,H,V,W,Y,R,G,N,A,S,L,G,G,Q,L,T,H,T,L,E,G,P,G,N,N,V,T,I,L,Q,L,Q,P,L,E,N,S,E,S,W,A,R,T,K,S,S,L,Q,L,Y,L,S,Q,F,H,G,L,V,Q,L,V,H,R,E,R,E,V,T,F,P,L,I,V,T,C,F,L,G,C,E,L,P,D,S,K,A,R,V,F,F,E,V,A,V,N,G,S,S,F,V,I,F,K,P,E,K,A,L,W,V,A,A,P,Q,E,P,S,R,V,V,T,F,T,L,K,Q,L,N,A,Y,N,R,T,R,Y,E,L,Q,E,F,L,Q,D,T,C,V,Q,Y,V,R,Q,H,I,S,T,D,N,S,K,G,S,Q,R,G,R,S,Y,T,S,L,V,L,G,V,L,V,G,S,F,I,I,A,G,V,A,V,G,I,F,L,C,T,G,G,R,R,C
Marmota_monax,M,L,T,T,L,L,P,L,L,L,L,P,D,W,V,F,C,S,Q,E,A,S,-,G,P,Q,S,L,H,M,L,Q,I,S,Y,F,R,D,P,Y,H,V,W,Y,R,G,N,A,S,L,G,G,Q,L,T,H,T,L,E,G,P,G,N,N,V,T,I,L,Q,L,Q,P,L,E,N,S,E,S,W,E,R,T,K,S,S,L,Q,L,Y,L,S,Q,F,H,G,L,V,Q,L,V,H,R,E,R,E,V,T,F,P,L,I,V,T,C,F,L,G,C,E,L,P,D,S,K,A,R,V,F,F,E,V,A,V,N,G,S,S,F,V,I,F,K,P,E,K,A,L,W,V,A,A,P,Q,E,P,S,R,V,V,T,F,T,L,K,Q,L,N,A,Y,N,R,T,R,Y,E,L,Q,E,F,L,Q,D,T,C,V,Q,Y,V,Q,Q,H,I,S,T,D,N,S,K,G,S,Q,R,G,R,S,Y,T,S,L,V,L,G,V,L,V,G,S,F,I,I,A,G,V,A,V,G,I,F,L,C,T,G,G,R,R,C
Nannospalax_galili,-,-,-,-,-,L,P,L,L,L,L,P,G,G,A,L,C,N,Q,E,A,S,D,G,P,Q,S,L,H,M,V,Q,I,S,Y,F,R,D,P,Y,H,V,R,H,Q,G,N,A,S,L,G,G,L,L,T,H,T,L,E,G,P,G,N,N,V,T,I,L,Q,L,Q,P,L,Q,E,P,E,S,W,A,R,T,E,S,G,V,Q,L,Y,L,R,D,F,H,S,L,V,Q,L,V,H,R,E,R,K,V,Y,F,P,L,T,I,Q,C,S,V,G,C,E,L,P,G,S,E,A,H,V,F,F,E,V,S,V,N,G,S,S,F,V,T,F,R,P,D,T,A,V,W,V,A,G,S,Q,A,P,S,K,V,V,T,F,I,L,K,Q,L,N,A,Y,N,R,T,R,Y,E,L,Q,E,F,L,Q,D,T,C,V,Q,Y,V,A,E,H,M,V,M,K,N,L,K,G,S,Q,T,G,R,S,Y,T,S,L,V,L,G,V,L,V,G,S,F,I,I,A,G,V,A,V,G,I,F,L,C,T,G,G,R,R,C
Neomonachus_schauinslandi,M,L,T,T,L,L,L,L,L,L,L,P,G,W,A,F,C,S,Q,E,A,S,D,G,P,W,N,L,H,M,L,Q,I,S,Y,F,R,D,P,Y,Q,V,W,H,R,G,N,A,S,L,G,G,L,M,T,H,V,L,E,G,Q,G,T,N,V,T,I,L,Q,L,Q,P,L,E,A,P,E,S,W,A,H,T,E,D,R,L,K,T,Y,L,K,E,F,Q,M,M,V,Q,L,V,H,H,E,R,H,L,T,F,P,L,T,V,R,C,F,L,G,C,E,L,P,G,S,P,A,Q,V,F,F,E,V,T,V,N,G,S,S,F,A,N,F,Q,P,E,T,A,L,W,V,A,G,P,Q,A,P,S,K,V,V,T,Y,T,L,Y,Q,L,N,S,Y,N,R,T,R,Y,E,L,R,E,F,L,Q,D,T,C,V,Q,Y,L,Q,E,Y,I,T,S,K,N,S,K,G,S,Q,T,G,R,S,Y,T,S,L,V,L,G,V,L,V,G,S,F,I,I,A,G,V,A,V,G,I,F,L,C,T,G,G,R,R,C
Nomascus_leucogenys,M,L,T,T,L,L,P,I,L,L,L,S,G,W,A,F,C,S,Q,D,A,S,D,G,L,Q,S,L,H,M,L,Q,I,S,Y,F,R,D,P,Y,H,V,W,Y,Q,G,N,A,S,L,G,G,H,L,T,H,V,L,E,G,P,S,T,N,T,T,I,I,Q,L,Q,P,L,Q,E,P,E,S,W,V,R,T,Q,S,G,L,Q,S,Y,L,L,Q,F,H,S,L,V,R,L,V,H,Q,E,R,T,L,A,F,P,L,T,I,R,C,F,L,G,C,E,L,P,G,S,R,A,H,V,F,F,E,V,A,V,N,G,S,S,F,V,S,F,R,P,E,R,A,L,W,Q,A,D,T,Q,V,T,S,G,V,V,T,F,V,L,Q,Q,L,N,A,Y,N,R,T,R,Y,E,L,R,E,F,L,E,D,T,C,V,Q,Y,V,Q,K,H,I,S,A,E,N,T,K,G,S,Q,T,S,R,S,Y,T,S,L,V,L,G,V,L,V,G,S,F,I,I,A,G,V,A,V,G,I,F,L,C,T,G,G,R,R,C
Ochotona_curzoniae,M,S,P,T,L,L,P,L,L,F,L,P,H,R,A,L,C,S,Q,E,T,S,E,G,L,Q,G,L,H,M,L,H,F,S,Y,F,R,N,P,N,H,V,W,Y,Q,G,N,A,S,L,G,G,H,L,T,H,K,L,E,G,L,G,T,N,A,T,F,L,Q,L,Q,P,L,Q,D,P,E,S,W,A,F,T,E,K,L,L,Q,Q,Y,L,K,R,F,H,G,L,V,M,L,V,H,R,E,R,H,V,A,F,P,L,T,I,R,C,Y,A,G,C,E,L,L,D,S,K,A,R,V,F,F,N,V,A,V,N,G,S,S,F,M,I,F,Q,P,E,T,A,L,W,V,A,G,S,A,N,P,S,Q,V,A,T,Y,T,M,K,Q,L,N,T,Y,N,Q,T,R,Y,E,L,R,E,F,L,E,D,T,C,V,Q,Y,V,H,K,H,L,A,G,G,N,L,K,G,S,Q,T,G,R,S,Y,T,S,L,V,L,G,V,L,V,G,S,F,I,I,A,G,V,A,M,G,I,F,L,C,T,G,G,R,R,C
Ochotona_princeps,M,S,P,T,L,L,P,L,L,F,L,P,H,R,A,L,C,S,Q,E,T,S,E,G,L,Q,G,L,H,M,L,H,F,S,Y,F,R,N,P,N,H,V,W,Y,Q,G,N,A,S,L,G,G,H,L,T,H,K,L,E,G,L,G,T,N,A,T,F,L,Q,L,Q,P,L,Q,D,P,E,S,W,A,F,T,E,R,L,L,Q,Q,Y,L,K,R,F,H,G,L,V,M,L,V,H,R,E,R,H,V,A,F,P,L,T,I,R,C,Y,A,G,C,E,L,L,D,S,K,A,R,V,F,F,N,V,A,V,N,G,S,S,F,M,S,F,Q,P,E,T,A,L,W,V,A,G,S,A,N,P,S,Q,V,A,T,Y,T,M,K,Q,L,N,T,Y,N,Q,T,R,Y,E,L,R,E,F,L,E,D,T,C,V,Q,Y,V,H,K,H,L,A,G,G,N,L,K,G,S,Q,T,G,R,S,Y,T,S,L,V,L,G,V,L,V,G,S,F,I,I,A,G,V,A,M,G,I,F,L,C,T,G,G,R,R,C
Octodon_degus,M,L,T,T,L,L,L,L,L,L,L,P,G,R,V,L,C,S,Q,E,A,S,E,G,P,L,N,F,H,M,L,Q,M,A,Y,Y,H,D,P,I,H,A,R,Y,Y,G,N,A,S,L,G,G,H,L,T,H,R,L,E,G,Q,P,N,N,F,T,I,L,Q,L,Q,P,M,E,E,P,E,S,W,E,H,Q,E,K,D,L,Q,I,Y,L,R,Q,F,H,T,F,V,Q,V,V,C,K,E,Q,R,V,T,F,P,F,S,I,R,C,L,V,G,C,E,L,P,D,S,K,A,R,V,F,F,E,V,D,V,N,G,S,S,F,V,S,F,Q,P,E,D,A,R,W,V,S,E,S,Q,A,P,S,K,L,V,A,F,T,L,K,Q,L,N,S,Y,N,R,T,R,Y,E,M,R,E,F,L,Q,D,T,C,V,Q,Y,V,Q,K,H,V,A,M,K,N,F,K,G,S,Q,T,G,R,S,Y,T,S,L,V,L,G,I,L,V,G,S,F,V,I,A,G,V,A,V,G,I,F,L,Y,T,G,G,R,R,C
Ovis_aries,M,L,T,T,L,L,P,-,L,L,L,P,G,W,A,L,R,S,Q,E,A,S,D,G,P,W,E,L,Q,M,I,Q,V,S,Y,F,R,N,P,S,Q,V,W,H,W,G,N,A,T,L,G,G,V,L,T,H,V,L,E,G,P,G,H,N,V,S,I,Q,Q,L,Q,P,L,Q,E,P,D,S,W,A,L,T,K,R,Y,L,N,R,Y,L,E,E,F,V,G,L,V,Q,V,V,H,Q,E,R,G,V,T,F,P,L,I,I,R,C,S,L,G,C,E,L,P,G,S,E,A,R,V,F,F,E,V,A,V,N,G,S,S,F,V,N,F,Q,P,K,T,A,S,W,V,A,E,P,H,A,P,S,R,V,V,T,Y,T,V,D,Q,L,N,K,Y,N,R,T,R,Y,E,L,R,E,F,L,Q,D,T,C,V,Q,Y,I,Q,K,H,I,T,T,N,N,L,K,G,S,Q,T,G,R,S,Y,T,S,L,V,L,G,V,L,V,G,C,F,I,V,T,G,V,A,V,G,I,F,L,C,T,G,G,R,R,C
Pan_paniscus,M,L,T,T,L,L,P,I,L,L,L,S,G,W,A,F,C,S,Q,D,A,S,D,G,L,Q,R,L,H,M,L,Q,I,S,Y,F,R,D,P,Y,H,V,W,Y,Q,G,N,A,S,L,G,G,H,L,T,H,V,L,E,G,P,D,T,N,T,T,I,I,Q,L,Q,P,L,Q,E,P,E,S,W,A,R,T,Q,S,G,L,Q,S,Y,L,L,Q,F,H,G,L,V,R,L,V,H,Q,E,R,T,L,A,F,P,L,T,I,R,C,F,L,G,C,E,L,P,G,S,R,P,H,V,F,F,E,V,A,V,N,G,T,S,F,V,S,F,R,P,E,R,A,L,W,Q,A,D,T,Q,V,T,S,G,V,V,T,F,T,L,Q,Q,L,N,A,Y,N,R,T,R,Y,E,L,R,E,F,L,E,D,T,C,V,Q,Y,V,Q,K,H,I,S,A,E,N,T,K,G,S,Q,T,S,R,S,Y,T,S,L,V,L,G,I,L,V,G,S,F,I,I,A,G,V,A,V,G,I,F,L,C,T,G,G,R,R,C
Pan_troglodytes,M,L,T,T,L,L,P,I,L,L,L,S,G,W,A,F,C,S,Q,D,A,S,D,G,L,Q,R,L,H,M,L,Q,I,S,Y,F,R,D,P,Y,H,V,W,Y,Q,G,N,A,S,L,G,G,H,L,T,H,V,L,E,G,P,D,T,N,T,T,I,I,Q,L,Q,P,L,Q,E,P,E,S,W,A,R,T,Q,S,G,L,Q,S,Y,L,L,Q,F,H,G,L,V,R,L,V,H,Q,E,R,T,L,A,F,P,L,T,I,R,C,F,L,G,C,E,L,P,G,S,R,P,H,V,F,F,E,V,A,V,N,G,T,S,F,V,S,F,R,P,E,R,A,L,W,Q,A,D,T,Q,V,T,S,G,V,V,T,F,T,L,Q,Q,L,N,A,Y,N,R,T,R,Y,E,L,R,E,F,L,E,D,T,C,V,Q,Y,V,Q,K,H,I,S,A,E,N,T,K,G,S,Q,T,S,R,S,Y,T,S,L,V,L,G,I,L,V,G,S,F,I,I,A,G,V,A,V,G,I,F,L,C,T,G,G,R,R,C
Panthera_tigris_altaica,-,-,-,-,-,-,-,-,-,-,-,-,-,-,-,-,-,-,-,-,-,-,-,-,-,-,-,-,-,-,-,-,-,-,-,-,-,-,-,-,-,-,-,-,-,-,-,-,-,-,-,-,-,-,-,-,-,-,-,-,-,-,-,-,-,-,-,-,-,-,-,-,-,-,-,-,-,-,-,-,-,-,-,-,-,-,-,-,-,-,-,-,-,-,-,-,-,-,-,-,-,-,-,-,-,-,-,-,-,-,-,-,-,-,-,-,-,-,-,-,-,-,-,-,-,-,-,-,-,-,-,-,-,-,-,-,-,-,-,-,-,-,-,-,-,-,-,-,-,-,-,-,-,-,-,-,-,-,-,-,-,-,-,-,-,-,-,-,-,-,-,-,-,-,-,-,-,-,-,-,-,-,-,-,-,-,-,-,-,-,-,-,-,-,-,-,-,-,-,-,-,-,-,-,-,-,-,-,-,-,-,-,-,-,-,-,-,-,-,-,-,-,-,-,-,-,-,-,-,-,-,-,-,-,-,-
Papio_anubis,M,L,T,T,L,L,P,I,L,L,L,S,D,W,A,F,C,S,Q,N,A,S,D,G,L,Q,S,L,H,M,L,Q,I,S,Y,F,R,D,P,Y,H,V,W,Y,Q,G,N,A,S,L,G,G,H,L,T,H,V,L,E,G,P,G,T,N,A,T,I,L,Q,L,Q,P,L,Q,E,P,E,S,W,A,R,M,Q,S,G,L,Q,A,Y,L,L,E,F,H,G,L,V,R,L,V,H,Q,E,R,T,L,A,F,P,L,T,I,R,C,F,L,G,C,E,L,P,G,S,R,A,H,V,F,F,E,V,A,V,N,G,S,S,F,V,S,F,R,P,E,T,A,L,W,Q,A,D,T,Q,V,P,S,K,V,V,T,F,I,L,Q,Q,L,N,A,Y,N,R,T,R,Y,E,L,R,E,F,L,E,D,T,C,V,Q,Y,V,Q,K,H,I,S,M,E,N,M,K,G,S,Q,T,S,R,S,Y,T,S,L,V,L,G,V,L,V,G,S,F,I,I,A,G,V,A,V,G,I,F,L,C,T,G,G,R,R,C
Piliocolobus_tephrosceles,M,L,T,T,L,L,P,I,L,L,L,S,D,W,A,F,C,S,Q,D,A,S,D,G,L,Q,S,L,H,M,L,Q,I,S,Y,F,R,D,P,Y,H,V,W,Y,Q,G,N,A,S,L,G,G,H,L,T,H,V,L,E,G,P,G,T,N,A,T,I,L,Q,L,Q,P,L,Q,E,P,E,S,W,A,R,M,Q,S,G,L,Q,S,Y,L,L,E,F,H,G,L,V,R,L,V,H,Q,E,R,T,L,A,F,P,L,T,I,R,C,F,L,G,C,E,L,P,G,S,R,A,H,V,F,F,E,V,A,V,N,G,S,S,F,L,S,F,R,P,E,T,A,L,W,Q,A,D,T,Q,V,P,S,K,V,V,T,F,I,L,Q,Q,L,N,A,Y,N,R,T,R,Y,E,L,R,E,F,L,E,D,T,C,V,Q,Y,V,Q,K,H,I,S,T,E,N,M,K,G,S,Q,T,S,R,S,Y,T,S,L,V,L,G,V,L,V,G,S,F,I,I,A,G,V,A,V,G,I,F,L,C,T,G,G,R,R,C
Pongo_abelii,M,L,T,T,L,L,P,V,L,L,L,S,G,W,A,F,C,S,Q,D,A,S,D,G,L,Q,S,L,H,M,L,Q,I,S,Y,F,R,D,P,Y,H,V,W,Y,Q,G,N,A,S,L,G,G,H,L,T,H,V,L,E,G,P,D,T,N,T,T,I,I,Q,L,Q,P,L,Q,E,P,E,S,W,A,R,T,Q,S,A,L,Q,S,Y,L,L,Q,F,H,G,L,V,R,L,V,H,Q,E,R,T,L,A,F,P,L,T,I,R,C,F,L,G,C,E,L,P,G,S,R,A,H,V,F,F,E,V,A,V,N,G,S,S,F,V,S,F,R,P,E,R,A,L,W,Q,A,D,T,Q,V,T,S,G,V,V,T,F,A,L,Q,Q,L,N,A,Y,N,R,T,R,Y,E,L,R,E,F,L,E,D,T,C,V,Q,Y,V,Q,K,H,I,S,A,E,N,T,K,G,S,Q,T,S,R,S,Y,T,S,L,V,L,G,V,L,V,G,S,F,I,I,A,G,V,A,V,G,I,F,L,C,T,G,G,R,R,C
Propithecus_coquereli,M,L,T,T,L,L,P,L,L,L,L,P,S,W,A,L,C,S,Q,E,A,S,D,G,P,Q,S,F,H,M,L,Q,I,S,Y,F,H,D,P,Y,H,V,W,H,Q,G,N,A,T,L,G,G,H,L,T,H,V,L,E,G,P,D,T,N,A,T,I,L,Q,L,Q,P,L,Q,E,P,E,N,W,T,R,T,E,S,S,L,K,L,Y,L,L,Q,F,H,G,L,V,R,L,V,H,Q,E,R,R,L,A,F,P,L,T,I,R,C,F,L,G,C,E,L,P,G,S,R,A,H,V,F,F,Q,V,A,V,N,G,S,S,F,V,S,F,R,P,E,T,A,L,W,E,A,D,T,Q,A,P,S,K,V,V,T,Y,T,L,Q,Q,L,N,A,Y,N,R,T,R,Y,E,L,R,E,F,L,Q,D,T,C,V,Q,Y,V,Q,N,H,M,A,M,K,N,M,K,G,S,Q,T,G,R,S,Y,T,S,L,V,L,G,V,L,V,G,S,F,I,I,A,A,V,A,V,G,I,F,L,C,T,G,G,R,R,C
Rhinopithecus_bieti,M,L,T,T,L,L,P,I,L,L,L,S,D,W,A,F,C,S,Q,D,A,S,D,G,L,Q,S,L,H,M,L,Q,I,S,Y,F,R,D,P,Y,H,V,W,Y,Q,G,N,A,S,L,G,G,H,L,T,H,V,L,E,G,P,G,T,N,A,T,I,L,Q,L,Q,P,L,Q,E,P,E,S,W,A,R,M,Q,S,G,L,Q,S,Y,L,L,E,F,H,G,L,V,R,L,V,H,Q,E,R,T,L,A,F,P,L,T,I,R,C,F,L,G,C,E,L,P,G,S,R,A,H,V,F,F,E,V,A,V,N,G,S,S,F,L,S,F,R,P,E,T,A,L,W,Q,A,D,T,Q,V,P,S,K,V,V,T,F,I,L,Q,Q,L,N,A,Y,N,R,T,R,Y,E,L,R,E,F,L,E,D,T,C,V,Q,Y,V,Q,K,H,I,S,T,E,N,M,K,G,S,Q,T,S,R,S,Y,T,S,L,V,L,G,V,L,V,G,S,F,I,I,A,G,V,A,V,G,I,F,L,C,T,G,G,R,R,C
Rhinopithecus_roxellana,M,L,T,T,L,L,P,I,L,L,L,S,D,W,A,F,C,S,Q,D,A,S,D,G,L,Q,S,L,H,M,L,Q,I,S,Y,F,R,D,P,Y,H,V,W,Y,Q,G,N,A,S,L,G,G,H,L,T,H,V,L,E,G,P,G,T,N,A,T,I,L,Q,L,Q,P,L,Q,E,P,E,S,W,A,R,M,Q,S,G,L,Q,S,Y,L,L,E,F,H,G,L,V,R,L,V,H,Q,E,R,T,L,A,F,P,L,T,I,R,C,F,L,G,C,E,L,P,G,S,R,A,H,V,F,F,E,V,A,V,N,G,S,S,F,L,S,F,R,P,E,T,A,L,W,Q,A,D,T,Q,V,P,S,K,V,V,T,F,I,L,Q,Q,L,N,A,Y,N,R,T,R,Y,E,L,R,E,F,L,E,D,T,C,V,Q,Y,V,Q,K,H,I,S,T,E,N,M,K,G,S,Q,T,S,R,S,Y,T,S,L,V,L,G,V,L,V,G,S,F,I,I,A,G,V,A,V,G,I,F,L,C,T,G,G,R,R,C
Saimiri_boliviensis_boliviensis,M,L,T,T,L,L,P,I,L,L,L,S,G,G,A,F,C,S,Q,E,A,S,D,G,L,Q,S,L,H,M,L,Q,I,S,Y,F,R,D,P,Y,H,V,W,Y,Q,G,N,A,S,L,G,G,H,L,T,H,V,L,E,G,P,G,T,N,V,T,I,L,Q,L,Q,P,L,Q,D,P,E,S,W,A,R,M,Q,S,N,L,Q,T,Y,L,L,Q,F,H,G,L,V,R,L,V,H,Q,E,R,S,L,D,F,P,L,T,I,R,C,F,L,G,C,E,L,P,G,S,R,A,H,V,F,F,Q,V,A,V,N,G,S,S,F,V,S,F,R,P,E,T,A,L,W,E,A,G,T,Q,V,P,S,R,V,V,T,F,T,L,K,Q,L,N,A,Y,N,R,T,R,Y,E,M,R,E,F,L,E,D,T,C,V,Q,Y,V,Q,K,H,I,T,T,E,N,M,K,G,S,Q,T,S,R,S,Y,T,S,L,V,L,G,V,L,V,G,C,F,I,I,A,G,V,A,V,G,I,F,L,C,T,G,G,R,R,C
Sapajus_apella,M,L,T,T,L,L,P,I,L,L,L,S,G,G,A,F,C,S,Q,E,A,S,D,G,L,Q,S,L,H,M,L,Q,I,S,Y,F,R,D,P,Y,Q,V,W,Y,Q,G,N,A,S,L,G,G,H,L,T,H,V,L,E,G,P,G,T,N,V,T,I,L,Q,L,Q,P,L,Q,D,P,E,S,W,A,R,M,Q,S,S,L,Q,T,Y,L,L,Q,F,H,G,L,V,R,L,V,H,Q,E,R,S,L,D,F,P,L,T,I,R,C,F,L,G,C,E,L,P,G,S,R,A,H,V,F,F,Q,V,A,V,N,G,S,S,F,V,S,F,R,P,E,T,A,L,W,E,A,G,T,Q,V,P,S,R,V,V,T,Y,T,L,K,Q,L,N,A,Y,N,R,T,R,Y,E,M,R,E,F,L,E,D,T,C,V,Q,Y,V,Q,K,H,I,T,T,E,N,M,K,G,S,H,T,S,R,S,Y,T,S,L,V,L,G,V,L,V,G,C,F,I,I,A,G,V,A,V,G,I,F,L,C,T,G,G,R,R,C
Suricata_suricatta,M,L,T,T,L,L,P,L,L,L,L,P,G,W,A,F,C,S,Q,E,A,S,A,G,L,R,N,L,H,M,L,Q,I,S,Y,F,R,D,P,T,Q,V,W,H,R,G,N,A,S,L,G,G,L,T,T,H,V,L,E,G,L,G,T,N,V,T,I,R,Q,L,E,P,L,Q,E,P,E,S,W,V,H,T,E,K,S,L,K,T,Y,L,Q,Q,F,Q,G,L,V,L,L,V,H,Q,E,R,G,L,T,F,P,V,I,I,R,C,F,L,G,C,E,L,P,G,S,T,A,R,V,F,F,E,V,S,V,N,G,S,S,F,V,H,F,Q,P,E,T,A,L,W,V,A,G,P,Q,A,T,S,R,V,V,T,F,T,L,Q,Q,L,N,A,Y,N,R,T,R,F,E,L,R,E,F,L,Q,D,T,C,V,Q,Y,V,Q,Q,H,A,T,V,N,N,S,K,G,S,Q,T,G,R,S,Y,T,S,L,V,L,G,V,L,V,G,S,F,I,I,A,G,V,A,V,G,I,F,L,Y,T,G,G,R,R,C
Theropithecus_gelada,M,L,T,T,L,L,P,I,L,L,L,S,D,W,A,F,C,S,Q,N,A,S,D,G,L,Q,S,L,H,M,L,Q,I,S,Y,F,R,D,P,Y,H,V,W,Y,Q,G,N,A,S,L,G,G,H,L,T,H,V,L,E,G,P,G,T,N,A,T,I,L,Q,L,Q,P,L,Q,E,P,E,S,W,A,R,M,Q,S,G,L,Q,A,Y,L,L,E,F,H,G,L,V,R,L,V,H,Q,E,R,T,L,A,F,P,L,T,I,R,C,F,L,G,C,E,L,P,G,S,R,A,H,V,F,F,E,V,A,V,N,G,S,S,F,V,S,F,R,P,E,T,A,L,W,Q,A,D,T,Q,V,P,S,K,V,V,T,F,I,L,Q,Q,L,N,A,Y,N,R,T,R,Y,E,L,R,E,F,L,E,D,T,C,V,Q,Y,V,Q,K,H,I,S,M,E,N,M,K,G,S,Q,T,S,R,S,Y,T,S,L,V,L,G,V,L,V,G,S,F,I,I,A,G,V,A,V,G,I,F,L,C,T,G,G,R,R,C
Trachypithecus_francoisi,M,L,T,T,L,L,P,I,L,L,L,S,D,W,A,F,C,S,Q,D,A,S,D,G,L,Q,S,L,H,M,L,Q,I,S,Y,F,R,D,P,Y,H,V,W,Y,Q,G,N,A,S,L,G,G,H,L,T,H,V,L,E,G,P,G,T,N,A,T,I,L,Q,L,Q,P,L,Q,E,P,E,S,W,A,R,M,Q,S,G,L,Q,S,Y,L,V,E,F,H,G,L,V,R,L,V,H,Q,E,R,T,L,A,F,P,L,T,I,R,C,F,L,G,C,E,L,P,G,S,R,A,H,V,F,F,E,V,A,V,N,G,S,S,F,L,S,F,R,P,E,T,A,L,W,Q,A,D,T,Q,V,P,S,K,V,V,T,F,I,L,Q,Q,L,N,A,Y,N,R,T,R,Y,E,L,R,E,F,L,E,D,T,C,V,Q,Y,V,Q,K,H,I,S,T,E,N,M,K,G,S,Q,T,S,R,S,Y,T,S,L,V,L,G,V,L,V,G,S,F,I,I,A,G,V,A,V,G,I,F,L,C,T,G,G,R,R,C
Tupaia_chinensis,M,L,T,T,L,L,P,L,L,L,L,P,G,W,A,L,C,S,Q,K,T,S,D,G,P,Q,S,L,H,M,L,Q,I,S,Y,F,R,D,S,N,Q,V,W,Y,R,G,N,A,S,L,G,G,H,L,T,H,V,L,E,G,Q,N,S,N,V,T,F,L,Q,L,E,P,L,Q,E,P,E,S,W,A,L,T,E,S,R,L,Q,A,Y,L,H,D,F,R,N,F,V,L,L,V,H,R,E,R,R,L,A,F,P,L,V,I,R,C,F,L,G,C,E,L,P,G,S,S,A,R,V,F,F,E,V,A,V,N,G,S,S,L,V,S,F,R,P,E,T,A,S,W,V,A,S,A,Q,A,P,S,E,V,V,T,Y,T,L,R,Q,L,N,A,Y,N,R,T,R,Y,E,L,R,E,F,L,Q,D,T,C,V,Q,Y,V,Q,K,H,F,S,T,K,N,S,T,G,S,Q,T,G,R,S,Y,T,S,L,V,L,G,V,L,V,G,S,F,V,I,A,G,V,A,V,G,I,F,L,C,T,G,G,R,R,C
Urocitellus_parryii,M,L,T,T,L,L,P,L,L,L,L,P,G,W,V,F,C,S,Q,E,A,S,E,G,P,Q,S,L,H,M,L,Q,I,S,Y,F,R,D,P,Y,H,V,W,Y,R,G,N,A,S,L,S,G,Q,L,T,H,T,L,E,G,P,S,N,N,V,T,I,L,Q,L,Q,P,L,E,D,S,E,S,W,A,R,T,E,S,S,L,Q,L,Y,L,S,H,F,H,G,L,V,R,L,V,H,H,E,R,K,V,T,F,P,L,I,V,T,C,F,L,G,C,E,L,P,D,S,E,A,R,V,F,F,E,V,A,V,N,G,S,S,F,V,S,F,K,P,E,K,A,L,W,V,A,A,P,R,E,P,S,R,V,V,T,F,T,L,Q,Q,L,N,A,Y,N,R,T,R,Y,E,L,Q,E,F,L,Q,H,T,C,V,Q,Y,V,R,Q,H,I,A,T,D,N,S,K,G,S,Q,R,G,R,S,Y,T,S,L,V,L,G,V,L,V,G,S,F,I,I,A,G,V,A,V,G,I,F,L,C,T,G,G,R,R,C
Ursus_americanus,M,L,T,T,L,L,P,L,L,L,L,P,G,W,A,F,C,S,Q,E,A,S,D,G,L,R,N,L,H,M,L,Q,I,S,Y,F,R,D,P,D,Q,V,W,H,R,G,N,A,S,L,G,G,I,M,T,H,V,L,D,G,Q,G,T,N,V,T,I,R,Q,L,Q,P,L,E,A,P,E,S,R,V,H,T,E,D,R,L,K,T,Y,L,N,E,F,Q,L,L,V,R,L,V,H,H,E,R,Q,L,T,F,P,L,T,V,R,C,F,L,G,C,E,L,P,G,S,P,A,H,V,F,F,E,V,T,V,N,G,N,S,F,V,S,F,Q,P,E,T,A,L,W,V,A,G,S,Q,A,P,S,R,V,V,T,Y,T,L,H,Q,L,N,S,Y,N,R,T,R,Y,E,L,R,E,F,L,Q,D,T,C,V,Q,Y,L,Q,E,H,T,T,S,K,N,S,K,G,S,Q,T,G,R,S,Y,T,S,L,V,L,G,V,L,V,G,S,L,I,I,A,G,V,A,V,G,I,F,L,C,T,G,G,R,R,C
Ursus_maritimus,M,L,T,T,L,L,P,L,L,L,L,P,G,W,A,F,C,S,Q,E,A,S,D,G,L,R,N,L,H,M,L,Q,I,S,Y,F,R,D,P,D,Q,V,W,H,R,G,N,A,S,L,G,G,I,M,T,H,V,L,D,G,Q,G,T,N,V,T,I,R,Q,L,Q,P,L,E,A,P,E,S,W,V,H,T,E,D,R,L,K,T,Y,L,N,E,F,Q,L,L,V,R,L,V,H,H,E,R,Q,L,T,F,P,L,T,V,R,C,F,L,G,C,E,L,P,G,S,P,A,H,V,F,F,E,V,T,V,N,G,N,S,F,V,S,F,Q,P,E,T,A,L,W,V,A,G,S,Q,A,P,S,R,V,V,T,Y,T,L,H,Q,L,N,S,Y,N,R,T,R,Y,E,L,R,E,F,L,Q,D,T,C,V,Q,Y,L,Q,E,H,T,T,S,K,N,S,K,G,S,Q,T,G,R,S,Y,T,S,L,V,L,G,V,L,V,G,S,L,I,I,A,G,V,A,V,G,I,F,L,C,T,G,G,R,R,C
Vicugna_pacos,M,L,T,T,L,L,P,L,L,L,L,P,G,W,A,L,C,S,Q,E,A,S,G,G,P,Q,D,L,H,M,L,Q,V,S,Y,F,R,N,P,S,Q,V,W,H,Q,G,N,A,T,L,G,G,V,L,T,H,V,L,E,G,P,G,N,N,V,T,I,E,Q,L,Q,P,L,Q,E,P,E,S,W,T,L,T,K,N,R,L,V,R,Y,L,Q,E,F,L,G,L,V,Q,V,V,H,R,E,R,G,V,A,F,P,L,T,I,R,C,F,L,G,C,E,L,P,G,S,R,A,H,V,F,F,E,V,A,V,N,G,S,A,F,I,K,F,R,P,E,T,A,S,W,V,A,E,R,Q,A,S,S,T,V,V,T,Y,T,L,E,Q,L,N,K,Y,N,R,T,R,Y,E,L,Q,E,F,L,Q,D,T,C,V,Q,Y,V,Q,K,H,I,T,-,N,N,S,K,G,S,Q,T,G,H,S,Y,T,S,L,V,L,G,I,L,V,G,C,F,I,I,A,G,V,A,V,G,I,F,L,C,T,G,G,R,R,R
Artibeus_jamaicensis,M,L,T,T,L,L,P,L,L,L,L,P,D,R,A,L,C,S,L,E,A,S,D,G,P,Q,S,F,H,M,L,Q,I,S,Y,F,P,D,P,N,Q,V,L,H,R,G,N,A,S,L,G,G,L,L,T,H,V,L,E,G,Q,D,S,N,I,T,I,L,Q,L,H,P,V,Q,E,P,K,S,W,A,L,T,E,R,S,V,R,L,Y,L,Q,Q,F,Q,G,V,V,Q,L,V,H,K,E,R,G,V,A,F,P,L,T,I,R,C,F,L,G,C,E,R,P,G,T,R,A,Q,A,F,F,D,V,A,V,N,G,S,S,F,V,S,F,R,P,V,D,A,T,W,V,A,G,P,Q,A,H,S,R,V,V,T,Y,T,L,Q,K,L,N,T,Y,N,R,T,R,Y,D,L,Q,D,F,L,Q,N,T,C,M,Q,Y,V,K,E,Y,-,N,A,K,S,S,K,E,S,Q,T,G,R,S,Y,T,S,L,V,L,A,I,L,V,G,S,F,I,I,T,G,V,A,V,G,I,F,L,C,T,G,G,R,R,R
Desmodus_rotundus,M,L,T,T,L,L,P,L,L,L,L,H,D,R,A,L,C,R,L,E,T,S,D,G,P,Q,S,F,H,M,L,Q,I,S,Y,F,P,D,P,H,Q,V,L,H,Q,G,N,A,S,L,G,G,L,L,T,H,L,L,E,G,Q,D,S,N,I,T,I,R,Q,L,H,A,L,Q,D,P,R,S,W,A,L,T,E,R,S,V,Q,L,Y,L,Q,Q,F,Q,G,L,V,Q,L,V,H,K,E,R,G,V,A,F,P,L,T,I,R,C,F,L,G,C,E,R,P,G,S,R,A,Q,A,F,F,D,V,A,V,N,G,S,S,F,V,S,F,R,P,E,E,A,T,W,V,A,G,P,Q,A,H,S,R,V,V,T,Y,T,L,Q,E,L,N,T,Y,N,R,T,R,Y,D,L,Q,D,F,L,Q,N,T,C,M,Q,Y,V,K,E,Y,-,N,V,K,S,L,K,E,S,Q,T,G,R,S,Y,T,S,L,V,L,G,I,L,V,G,S,F,I,I,T,G,A,A,V,G,I,F,L,C,T,G,G,Q,R,S
Eptesicus_fuscus,M,L,R,T,L,L,P,L,L,T,L,P,G,R,A,L,C,I,Q,E,T,S,D,G,P,R,N,L,H,M,L,Q,I,S,Y,F,P,D,P,G,Q,V,M,Y,R,G,N,A,S,L,G,G,Q,L,T,H,V,L,E,G,R,D,S,N,I,T,I,L,Q,L,H,P,L,Q,E,P,Q,S,W,A,H,T,E,G,S,V,R,L,Y,L,S,N,F,H,D,M,V,R,L,V,H,Q,E,R,G,V,A,F,P,L,T,I,R,C,F,L,G,C,E,L,P,G,S,R,A,H,T,F,F,E,V,A,V,N,G,S,S,F,V,S,F,Q,P,E,A,A,S,W,V,A,G,P,R,V,S,S,A,V,A,T,Y,T,L,R,Q,L,N,A,Y,N,R,T,R,Y,E,L,Q,D,F,L,Q,N,T,C,V,Q,Y,V,K,E,H,L,P,T,K,T,L,K,-,S,Q,T,G,R,S,Y,T,S,L,V,L,G,I,L,L,G,T,F,I,I,S,G,V,A,G,G,I,F,L,C,T,G,G,R,L,C
Hipposideros_armiger,M,M,T,T,L,L,P,L,L,L,L,P,G,R,A,L,C,S,Q,E,A,S,D,G,P,R,N,F,Q,M,L,Q,I,S,Y,F,S,D,P,H,Q,V,L,H,Q,G,N,A,S,L,G,G,L,P,T,H,V,L,K,S,Q,D,S,N,I,T,I,L,Q,L,H,P,L,Q,D,A,Q,S,W,A,L,T,E,E,R,V,R,V,Y,L,Q,E,F,Q,G,L,V,Q,L,V,H,Q,E,R,G,V,A,F,P,L,T,V,R,C,F,L,G,C,E,L,P,G,S,I,T,H,V,F,F,E,V,A,V,N,G,S,S,F,V,S,F,Q,P,E,K,A,L,W,V,A,G,P,Q,A,H,S,R,L,V,T,Y,T,L,N,Q,L,N,A,Y,N,R,T,R,F,E,L,Q,E,F,L,Q,N,T,C,V,Q,Y,V,Q,E,H,I,T,-,N,N,S,K,G,S,Q,T,G,R,P,Y,T,S,L,V,L,G,V,L,V,G,C,F,L,I,I,G,V,A,V,G,I,F,L,C,T,G,G,R,R,Y
Miniopterus_natalensis,M,L,T,T,L,L,P,P,L,L,L,P,G,R,A,L,C,S,Q,E,A,S,D,D,P,P,S,L,R,M,L,Q,V,S,Y,F,Q,S,P,G,Q,V,F,Y,H,G,N,A,S,L,G,A,L,R,T,H,S,L,E,G,P,D,W,N,V,T,V,V,Q,L,R,P,L,Q,E,P,Q,S,W,A,R,T,E,E,S,V,R,R,Y,L,R,D,F,R,G,L,V,Q,L,V,H,Q,E,R,G,V,A,-,-,-,-,-,-,-,-,L,G,C,E,L,P,G,A,R,A,R,S,F,F,D,V,A,V,N,G,S,S,F,V,S,F,Q,P,E,T,A,S,W,V,A,G,P,Q,A,H,A,T,V,V,P,Y,V,L,Q,Q,L,N,A,Y,N,R,T,R,Y,E,L,Q,D,F,L,Q,N,T,C,A,Q,Y,L,R,E,H,-,-,-,-,-,-,-,-,-,-,-,-,-,S,Y,T,S,L,V,L,G,V,L,V,G,S,F,A,V,V,G,V,A,V,G,L,F,L,C,T,G,G,R,R,R
Molossus_molossus,M,L,T,T,L,L,P,F,L,L,L,P,S,R,T,L,C,S,Q,K,A,S,D,G,P,Q,N,L,H,M,L,Q,I,S,Y,F,P,E,P,G,Q,V,L,Y,Q,G,N,A,S,L,G,G,L,L,T,H,V,L,E,G,R,D,S,N,I,T,I,L,Q,L,H,A,L,Q,E,P,Q,S,W,E,R,T,E,R,S,V,Q,L,Y,L,E,Q,F,S,G,F,V,Q,Q,V,H,L,E,R,G,L,A,F,P,L,T,I,R,C,F,L,G,C,D,L,P,G,S,R,A,H,T,F,F,E,V,S,V,N,G,S,S,F,V,S,F,Q,P,E,T,A,S,W,V,-,-,-,-,-,-,S,R,V,I,N,Y,V,M,K,Q,L,N,T,Y,N,R,T,R,Y,E,L,Q,D,F,L,Q,N,T,C,V,Q,Y,V,K,E,H,-,S,M,I,N,M,K,G,S,Q,T,G,R,S,Y,T,P,L,I,L,G,I,L,V,G,S,F,I,I,A,A,V,A,V,G,I,F,L,C,T,G,G,H,Q,C
Myotis_brandtii,M,L,R,T,L,L,P,L,L,I,L,P,G,R,A,L,C,I,Q,E,T,S,D,G,A,Q,N,L,H,M,L,Q,I,S,Y,F,P,H,P,G,Q,V,L,Y,Q,G,N,A,S,L,G,G,Q,L,T,H,L,L,E,G,Q,D,S,N,I,T,I,L,Q,L,H,P,L,Q,E,P,Q,S,W,A,H,T,E,G,S,V,R,L,Y,L,S,N,F,Q,G,I,V,Q,L,V,H,Q,E,R,G,V,A,F,P,L,T,V,R,C,F,L,G,C,E,L,P,G,S,R,A,H,T,F,F,E,V,A,V,N,G,S,S,F,V,S,F,Q,P,E,D,A,S,W,V,A,G,S,Q,V,S,S,T,V,V,T,Y,T,L,R,Q,L,N,A,Y,N,R,T,R,Y,D,L,Q,D,F,L,Q,N,T,C,V,Q,Y,V,K,E,H,L,T,T,K,T,L,K,G,S,Q,T,S,R,S,Y,T,S,L,V,L,G,I,L,L,G,T,F,I,I,G,G,V,A,G,G,I,F,L,C,T,G,G,R,L,C
Myotis_davidii,M,L,R,T,L,L,P,L,L,I,L,P,G,R,A,L,C,I,P,E,T,S,D,G,T,Q,N,L,H,M,L,Q,I,S,Y,F,P,D,P,D,Q,V,L,Y,Q,G,N,A,S,L,G,G,Q,L,T,H,L,L,E,G,Q,D,S,N,I,T,I,L,Q,L,H,P,L,Q,E,P,Q,S,W,A,H,T,E,G,N,V,R,L,Y,L,S,N,F,Q,N,I,V,R,L,V,H,L,E,R,G,V,T,F,P,L,T,I,R,C,F,L,G,C,E,L,P,G,S,R,A,H,T,F,F,E,V,A,V,N,G,S,S,F,V,S,F,Q,P,E,A,A,S,W,V,A,G,S,Q,V,S,S,S,V,V,T,Y,T,L,R,Q,L,N,A,Y,N,R,T,R,Y,D,L,Q,D,F,L,Q,N,T,C,V,Q,Y,V,K,E,H,L,T,T,K,T,L,K,G,S,Q,T,S,R,S,Y,T,S,L,V,L,G,I,L,L,G,T,F,I,I,G,G,V,A,G,G,I,F,L,C,T,G,G,R,L,C
Myotis_lucifugus,M,L,R,T,L,L,P,L,L,I,L,P,G,R,A,L,C,I,Q,E,T,S,D,G,A,Q,N,L,H,M,L,Q,I,S,Y,F,P,H,P,G,Q,V,L,Y,Q,G,N,A,S,L,G,G,Q,L,T,H,L,L,E,G,Q,D,S,N,I,T,I,L,Q,L,H,P,L,Q,E,P,Q,S,W,A,H,T,E,G,S,V,R,L,Y,L,S,N,F,Q,G,I,V,Q,L,V,H,Q,E,R,G,V,A,F,P,L,T,V,R,C,F,L,G,C,E,L,P,G,S,R,A,R,T,F,F,E,V,A,V,N,G,S,S,F,V,S,F,Q,P,E,A,A,L,W,V,A,G,S,Q,V,S,S,T,V,V,T,Y,T,L,R,Q,L,N,A,Y,N,R,T,R,Y,D,L,Q,D,F,L,Q,N,T,C,V,Q,Y,V,K,E,H,L,T,T,K,T,L,K,G,S,Q,T,S,R,S,Y,T,S,L,V,L,G,I,L,L,G,T,F,I,I,G,G,V,A,G,G,I,F,L,C,T,G,G,R,L,C
Myotis_myotis,M,L,R,T,L,L,P,L,L,I,L,P,G,R,A,L,C,I,P,E,T,S,D,G,A,Q,N,L,H,M,L,Q,I,S,Y,F,P,H,P,G,Q,V,L,Y,Q,G,N,A,S,L,G,G,Q,L,T,H,L,L,E,G,Q,D,S,N,I,T,I,L,Q,L,L,P,L,Q,E,P,Q,S,W,A,H,T,E,E,S,V,R,L,Y,L,S,N,F,Q,N,I,V,R,L,V,H,L,E,R,G,V,A,F,P,L,T,V,R,C,F,L,G,C,E,L,P,G,S,R,A,H,T,F,F,E,V,A,V,N,G,S,S,F,V,S,F,Q,P,E,A,A,S,W,V,A,G,S,Q,A,S,S,T,V,V,T,Y,T,L,R,Q,L,N,A,Y,N,R,T,R,Y,D,L,Q,D,F,L,Q,N,T,C,V,Q,Y,V,K,E,H,L,T,T,K,T,L,K,G,S,Q,T,S,R,S,Y,T,S,L,V,L,G,I,L,L,G,T,F,I,I,G,G,V,A,G,G,I,F,L,C,T,G,G,R,L,C
Phyllostomus_discolor,M,L,T,T,L,L,P,L,L,L,L,P,D,R,A,L,C,S,L,E,A,S,D,G,P,Q,S,L,H,M,L,Q,I,S,Y,F,Q,D,P,H,Q,V,L,H,R,G,N,A,S,L,G,G,L,L,T,H,L,L,E,G,Q,D,S,N,I,T,I,L,Q,L,H,P,L,Q,E,S,E,S,W,A,L,T,E,E,S,V,R,L,Y,L,Q,L,F,Q,S,I,V,Q,L,V,H,K,E,R,G,V,A,F,P,L,T,I,R,C,F,L,G,C,E,R,P,G,S,T,A,Q,A,F,F,D,V,A,V,N,G,S,S,F,V,S,F,R,P,E,E,A,E,W,V,A,G,P,Q,V,P,S,G,V,V,T,Y,T,L,R,T,L,N,A,Y,N,Q,T,R,Y,D,L,Q,H,F,L,Q,N,T,C,I,Q,Y,V,K,E,Y,-,N,A,K,S,S,K,E,S,Q,T,G,R,S,Y,T,S,L,V,L,A,I,L,V,G,S,F,I,I,T,G,V,A,V,G,I,F,L,C,T,G,G,R,R,C
Phyllostomus_hastatus,M,L,T,T,L,L,P,L,L,L,L,P,N,R,A,L,C,S,L,E,A,S,D,G,P,Q,S,L,H,M,L,Q,I,S,Y,F,P,D,L,H,Q,V,L,H,R,G,N,A,S,L,G,G,V,L,T,H,V,L,E,G,Q,D,S,N,I,T,I,L,Q,L,H,P,L,Q,E,P,N,S,W,A,L,T,E,E,S,V,R,L,Y,L,Q,L,F,Q,N,I,V,Q,L,V,H,K,E,R,G,V,A,F,P,L,T,I,R,C,F,L,G,C,E,R,P,G,S,K,A,Q,A,F,F,D,V,A,V,N,G,S,S,F,V,S,F,Q,P,E,K,A,T,W,E,A,G,P,Q,P,H,S,G,V,V,A,Y,T,L,K,M,L,N,T,Y,N,Q,T,R,Y,D,L,Q,H,F,L,Q,N,T,C,I,Q,Y,V,K,E,Y,-,N,A,K,S,S,K,E,S,Q,T,G,R,S,Y,T,S,L,V,L,A,I,L,V,G,S,F,I,I,T,G,V,A,V,G,I,F,L,C,T,G,G,R,R,C
Pipistrellus_kuhlii,M,W,R,T,L,L,P,L,L,T,L,P,R,R,A,L,C,V,Q,E,T,S,D,G,A,R,S,L,H,M,L,Q,I,S,Y,F,P,D,P,G,R,V,R,Y,Q,G,N,A,S,L,G,G,Q,L,T,H,V,L,E,G,W,D,S,N,V,S,V,L,Q,L,H,P,L,Q,E,P,Q,R,W,E,R,T,E,E,S,V,R,L,Y,L,S,N,F,H,D,L,V,R,L,V,H,Q,E,R,G,V,A,F,P,L,T,V,R,C,F,L,G,C,E,L,P,G,S,P,V,H,T,F,F,E,V,A,L,N,G,S,S,F,V,S,F,Q,P,E,V,A,C,W,E,A,G,P,Q,V,T,S,A,V,A,I,Y,T,L,R,Q,L,N,A,Y,N,R,T,R,Y,E,L,Q,D,F,L,Q,N,T,C,V,Q,Y,V,E,E,H,L,P,T,K,S,S,K,-,-,-,-,-,R,S,Y,T,S,L,V,L,G,I,L,L,G,T,F,I,I,C,G,V,A,V,G,L,F,L,C,T,G,G,R,L,C
Rhinolophus_ferrumequinum,M,L,T,T,L,L,P,L,L,L,L,P,G,G,A,H,G,S,Q,E,A,S,D,G,P,R,N,F,H,M,L,Q,I,S,Y,F,P,D,P,H,Q,V,F,H,Q,G,N,A,S,L,G,G,L,P,T,H,V,L,K,G,Q,G,S,N,I,T,I,L,Q,L,H,P,L,Q,E,P,K,S,W,A,H,T,E,K,S,V,R,V,Y,L,Q,D,F,Y,N,L,V,Q,L,V,H,Q,E,R,G,V,A,F,P,L,T,I,R,C,F,L,G,C,E,L,P,G,S,R,A,H,V,F,F,E,M,A,V,N,G,S,S,F,M,S,F,Q,P,E,K,S,S,W,V,A,E,P,Q,A,Q,S,R,L,V,T,Y,T,L,H,Q,L,N,A,Y,N,R,T,R,L,E,L,Q,E,F,L,Q,N,T,C,V,E,Y,V,Q,E,H,I,K,T,K,-,S,K,G,S,Q,T,G,R,P,Y,T,S,L,V,L,G,V,L,V,G,S,F,L,I,A,G,V,A,V,G,I,F,L,C,T,G,G,R,R,C
Sorex_araneus,-,-,-,-,L,L,S,L,L,L,L,P,G,G,A,L,C,G,Q,E,A,S,E,G,P,Q,N,L,H,M,L,Q,I,S,Y,F,R,N,P,N,Q,V,W,H,H,G,N,A,S,L,G,G,R,P,T,H,K,L,E,G,W,G,T,N,V,T,F,V,Q,L,Q,P,L,Q,D,P,E,S,W,A,I,M,E,E,S,L,R,L,Y,I,E,Q,F,H,S,L,V,R,L,V,H,Q,E,R,H,L,D,F,P,M,T,V,R,C,S,L,G,C,E,L,P,G,S,K,A,S,A,F,F,D,V,T,V,N,G,S,A,F,V,S,F,Q,P,K,T,A,L,W,V,A,G,S,G,K,T,S,N,V,A,S,Y,T,L,Q,Q,L,N,A,Y,N,R,T,R,F,E,L,Q,E,F,L,Q,D,T,C,V,Q,Y,V,Q,E,H,-,-,-,-,-,-,-,G,S,Q,K,G,R,S,Y,T,S,L,V,L,G,V,L,M,G,C,F,I,I,A,G,V,A,V,G,I,F,L,C,T,G,G,R,R,C
Sturnira_hondurensis,M,L,T,T,L,L,P,L,L,L,L,P,H,R,A,L,C,S,L,E,A,S,D,G,P,Q,S,F,H,M,L,Q,I,S,Y,F,P,D,P,H,Q,V,L,H,R,G,N,A,S,L,G,G,L,L,T,H,V,L,E,G,Q,D,S,N,I,T,I,L,Q,L,L,P,V,Q,E,P,K,S,W,A,L,T,E,G,S,V,R,L,Y,L,Q,Q,F,Q,G,V,V,Q,L,V,H,K,E,R,G,V,A,F,P,L,T,I,R,C,F,L,G,C,E,R,P,G,S,R,A,Q,A,F,F,D,V,A,V,N,G,S,S,F,V,S,F,R,P,V,E,A,T,W,V,A,G,P,Q,A,H,S,R,V,V,T,Y,T,L,Q,K,L,N,T,Y,N,R,T,R,Y,D,L,Q,D,F,L,Q,N,T,C,M,K,Y,V,K,E,Y,-,N,V,K,S,S,K,E,S,Q,A,G,R,S,Y,T,S,L,V,L,A,I,L,V,G,S,F,I,I,T,G,V,A,V,G,I,F,L,C,T,G,G,R,Q,R
Pteropus_alecto,M,L,T,T,F,L,P,L,L,L,L,P,S,R,A,L,C,S,Q,E,A,S,D,G,P,R,N,L,Y,M,L,Q,I,S,Y,F,P,D,Y,S,Q,V,L,H,Q,G,N,A,S,L,G,G,L,P,T,H,V,L,K,G,Q,D,S,N,I,T,I,L,Q,L,H,P,L,Q,E,P,E,S,W,A,L,T,E,R,R,V,Q,Q,Y,L,Q,D,F,H,D,L,V,L,L,V,H,H,E,R,G,V,A,F,P,L,T,I,R,C,F,L,G,C,E,L,L,S,S,R,A,H,V,F,F,E,V,A,V,N,G,T,S,F,V,S,F,Q,P,E,T,A,S,W,V,A,G,P,Q,A,N,S,R,V,V,T,Y,T,L,K,Q,L,N,A,Y,N,R,T,R,Y,Q,L,Q,E,F,L,Q,D,T,C,V,Q,Y,V,Q,E,H,I,T,M,K,K,S,K,G,S,Q,T,G,R,P,Y,T,S,L,V,L,G,V,L,V,G,S,F,I,I,A,G,V,A,V,G,I,F,L,C,T,G,G,R,-,C
Pteropus_giganteus,M,L,T,T,F,L,P,L,L,L,L,P,S,R,A,L,C,S,Q,E,A,S,D,G,P,R,N,L,Y,M,L,Q,I,S,Y,F,P,D,Y,S,Q,V,L,H,Q,G,N,A,S,L,G,G,L,P,T,H,V,L,K,G,Q,D,S,N,I,T,I,L,Q,L,H,P,L,Q,E,P,E,S,W,A,L,T,E,R,R,V,Q,L,Y,L,Q,D,F,H,D,L,V,L,L,V,H,H,E,R,G,V,A,F,P,L,T,I,R,C,F,L,G,C,E,L,L,S,S,R,A,H,V,F,F,E,V,A,V,N,G,T,S,F,V,S,F,Q,P,E,T,A,S,W,V,A,G,P,Q,A,N,S,R,V,V,T,Y,T,L,K,Q,L,N,A,Y,N,R,T,R,Y,Q,L,Q,E,F,L,Q,D,T,C,V,Q,Y,V,Q,E,H,T,T,T,K,K,S,K,G,S,Q,T,G,R,P,Y,T,S,L,V,L,G,V,L,V,G,S,F,I,I,A,G,V,A,V,G,I,F,L,C,T,G,G,R,-,C
Pteropus_vampyrus,M,L,T,T,F,L,P,L,L,L,L,P,S,R,A,L,C,S,Q,E,A,S,D,G,P,R,N,L,Y,M,L,Q,I,S,Y,F,P,D,Y,S,Q,V,L,H,Q,G,N,A,S,L,G,G,L,P,T,H,V,L,K,G,Q,D,S,N,I,T,I,L,Q,L,H,P,L,Q,E,P,E,S,W,A,L,T,E,R,R,V,Q,L,Y,L,Q,D,F,H,D,L,V,L,L,V,H,H,E,R,G,V,A,F,P,L,T,I,R,C,F,L,G,C,E,L,L,S,S,R,A,H,V,F,F,E,V,A,V,N,G,T,S,F,V,S,F,Q,P,E,T,A,S,W,V,A,G,P,Q,A,N,S,R,V,V,T,Y,T,L,K,Q,L,N,A,Y,N,R,T,R,Y,Q,L,Q,E,F,L,Q,D,T,C,V,Q,Y,V,Q,E,H,I,T,T,K,K,S,K,G,S,Q,T,G,R,P,Y,T,S,L,V,L,G,V,L,V,G,S,F,I,I,A,G,V,A,V,G,I,F,L,C,T,G,G,R,-,C
Rousettus_aegyptiacus,M,L,T,T,F,L,P,L,L,V,L,P,S,R,A,L,C,S,Q,E,A,S,D,D,R,W,N,L,H,M,L,Q,I,S,Y,F,P,D,P,G,Q,V,L,H,E,G,N,A,S,L,G,G,L,L,T,H,V,L,K,G,Q,D,S,N,I,T,I,R,Q,L,Y,A,L,Q,E,S,Q,S,W,A,V,T,E,G,S,V,R,R,Y,L,Q,E,F,Q,S,L,V,Q,L,V,H,N,E,R,G,L,A,F,P,L,T,I,R,C,F,L,G,C,E,L,P,S,S,R,A,H,V,F,F,E,V,A,V,N,G,T,P,L,V,K,F,Q,P,E,T,A,S,W,V,A,G,P,Q,A,D,H,T,V,V,T,Y,T,L,K,Q,L,N,A,Y,N,R,T,R,Y,E,L,Q,E,F,L,Q,D,T,C,V,Q,Y,V,Q,E,H,S,T,A,K,Q,L,K,G,S,Q,T,G,R,P,Y,T,S,L,V,L,G,V,L,V,G,S,F,I,I,A,G,V,A,V,G,I,F,L,C,T,G,G,R,-,C
Ailuropoda_melanoleuca,M,L,T,T,L,L,P,L,L,L,L,P,G,W,A,F,C,S,Q,E,A,S,A,G,L,R,N,L,H,M,L,Q,I,S,Y,F,R,D,P,D,Q,V,W,H,Q,G,N,A,S,L,G,G,L,M,T,H,V,L,D,G,Q,D,T,N,V,T,I,R,Q,L,Q,P,L,E,A,P,E,S,W,V,H,T,E,D,R,L,K,T,Y,L,K,E,F,Q,L,L,V,R,L,V,H,H,E,R,Q,L,T,F,P,L,T,V,R,C,F,L,G,C,E,L,P,D,S,P,A,H,V,F,F,E,V,T,V,N,G,N,S,F,A,S,F,Q,P,E,T,A,L,W,V,A,R,S,Q,A,P,S,R,V,V,T,Y,T,L,H,Q,L,N,S,Y,N,R,T,R,Y,E,L,R,E,F,L,Q,D,T,C,V,Q,Y,L,R,E,H,T,T,S,K,N,S,K,G,S,Q,T,G,H,S,Y,T,S,L,V,L,G,V,L,V,G,S,L,I,I,A,G,V,A,V,G,I,F,L,C,T,G,G,R,R,C
Antechinus_flavipes,-,-,-,-,M,F,L,L,L,S,L,F,G,W,V,F,C,C,Q,G,A,M,E,G,S,E,S,F,L,I,L,Q,I,S,H,F,L,D,P,F,S,V,Q,F,W,G,N,A,S,L,G,G,L,T,T,H,T,L,E,G,S,N,H,N,I,T,I,Q,Q,L,K,P,L,E,S,P,G,D,W,Q,Q,T,K,E,H,L,L,T,Y,L,S,E,F,Q,A,L,V,Q,L,V,N,K,E,R,R,V,T,F,P,L,T,L,R,C,S,L,G,C,E,L,P,S,Q,D,A,H,V,F,F,E,V,A,L,N,G,S,S,F,V,S,F,Q,P,E,K,A,L,W,S,A,-,-,-,-,-,-,-,-,-,-,-,-,L,K,Q,L,N,N,Y,N,R,T,R,F,E,L,L,E,F,L,Q,D,R,C,V,-,-,-,-,-,-,-,-,-,-,-,-,-,-,-,-,-,-,R,S,Y,T,M,L,I,L,G,I,I,M,G,V,F,T,I,S,S,V,A,V,G,I,F,L,C,T,G,G,R,W,S
Aotus_nancymaae,M,L,T,T,L,L,P,I,L,L,L,S,G,G,A,F,C,S,Q,E,A,S,D,G,L,Q,S,L,H,M,L,Q,I,S,Y,F,R,D,P,Y,H,V,W,Y,Q,G,N,A,S,L,G,G,H,L,T,H,V,L,E,G,P,G,T,N,V,T,I,L,Q,L,Q,P,L,Q,D,P,E,S,W,A,H,M,Q,S,S,L,Q,T,Y,L,S,Q,F,H,G,L,V,R,L,V,H,Q,E,R,S,L,D,F,P,L,T,I,R,C,F,L,G,C,E,L,P,G,S,R,A,H,V,F,F,Q,V,A,V,N,G,S,S,F,V,S,F,R,P,E,T,A,L,W,E,A,G,T,R,V,P,S,R,V,V,T,Y,T,L,K,Q,L,N,A,Y,N,R,T,R,Y,E,M,R,E,F,L,E,D,T,C,V,Q,Y,V,Q,K,H,I,T,T,E,N,M,K,G,S,Q,T,S,R,S,Y,T,S,L,V,L,G,I,L,V,G,C,F,I,V,A,G,V,A,V,G,I,F,L,C,T,G,G,R,R,C
Apodemus_sylvaticus,M,L,T,K,F,L,S,L,L,L,L,P,G,C,A,F,C,N,-,-,-,S,D,G,T,Q,S,L,H,M,L,Q,I,S,Y,F,Q,D,P,Y,H,V,R,H,Q,G,N,A,S,L,G,K,L,L,T,H,T,L,E,G,R,S,Q,N,V,T,I,L,Q,L,Q,P,W,Q,D,P,E,S,W,N,R,T,E,D,G,L,Q,L,Y,L,A,Q,F,E,S,L,V,Q,L,V,Y,R,E,R,K,V,F,F,P,L,T,V,S,C,S,L,G,C,E,L,P,G,S,E,P,H,V,F,F,D,V,A,V,N,G,S,A,F,V,S,F,Q,P,K,T,A,I,W,V,S,G,S,R,E,P,S,K,A,A,N,F,T,L,K,Q,L,N,A,Y,N,R,T,R,Y,E,L,Q,E,F,L,Q,D,T,C,V,Q,Y,L,E,N,H,I,T,T,Q,N,M,K,G,S,R,T,G,R,S,Y,T,S,L,V,L,G,I,L,M,G,C,F,I,L,V,G,V,A,V,G,I,F,L,C,T,G,R,R,R,C
Arvicola_amphibius,M,L,T,N,L,L,S,L,L,L,L,P,G,C,A,F,C,N,Q,E,-,-,D,G,S,Q,G,L,H,M,L,Q,I,S,Y,F,R,D,P,E,H,V,R,H,Q,G,N,A,S,L,G,K,L,L,T,H,T,L,E,G,P,A,N,N,V,T,I,L,Q,L,Q,P,W,Q,D,P,E,S,W,A,N,T,E,K,G,L,Q,N,Y,L,S,Q,F,H,S,L,V,Q,L,V,Y,R,E,R,K,V,V,F,P,L,T,V,T,C,S,L,G,C,E,L,P,S,S,E,A,R,L,F,F,D,V,A,V,N,G,S,S,F,V,S,F,Q,P,K,A,A,L,W,V,S,S,S,K,E,P,S,E,A,I,A,F,T,L,K,Q,L,N,A,Y,N,R,T,R,Y,E,M,Q,E,F,L,Q,D,T,C,V,R,Y,V,E,N,H,I,N,T,Q,N,M,K,G,S,Q,T,G,R,S,Y,T,S,L,V,L,G,I,L,V,G,C,F,I,I,A,G,V,A,V,G,I,F,L,C,T,G,G,R,R,C
Callorhinus_ursinus,-,-,-,-,-,-,-,-,-,-,-,-,-,-,-,-,-,-,-,-,-,-,-,-,-,-,-,-,-,-,-,-,-,-,-,-,-,-,-,-,-,-,-,-,-,-,-,-,-,-,-,-,-,-,-,-,-,-,-,-,-,-,-,-,-,-,-,-,-,-,-,-,-,-,-,-,-,-,-,-,-,-,-,-,-,-,-,-,-,-,-,-,-,-,-,-,-,-,-,-,-,-,-,-,-,-,-,-,-,-,-,-,-,-,-,-,-,-,-,-,-,-,-,-,-,-,-,-,-,-,-,-,-,-,-,-,-,-,-,-,-,-,-,-,-,-,-,-,-,-,-,-,-,-,-,-,-,-,-,-,-,-,-,-,-,-,-,-,-,-,-,-,-,-,-,-,-,-,-,-,-,-,-,-,-,-,-,-,-,-,-,-,-,-,-,-,-,-,-,-,-,-,-,-,-,-,-,-,-,-,-,-,-,-,-,-,-,-,-,-,-,-,-,-,-,-,-,-,-,-,-,-,-,-,-,-
Canis_lupus_dingo,M,L,T,T,L,L,P,L,L,L,L,P,S,W,A,F,C,S,Q,E,A,S,D,G,P,R,N,L,H,M,L,Q,I,S,Y,F,R,D,P,Y,Q,V,W,H,R,G,N,A,S,L,G,G,L,T,T,H,V,L,E,G,Q,G,T,N,V,T,I,L,Q,L,Q,P,L,E,E,P,E,S,W,A,R,R,E,R,R,L,K,T,Y,L,D,E,F,N,L,L,V,R,L,V,H,Q,E,R,R,V,N,F,P,L,T,I,R,C,S,L,G,C,E,L,P,G,S,P,A,H,V,F,F,E,V,A,V,N,E,S,A,F,V,S,F,Q,P,E,K,A,L,W,V,A,G,P,Q,V,P,S,R,V,V,T,Y,T,L,H,Q,L,N,S,Y,N,R,T,R,Y,E,L,R,E,F,L,Q,D,T,C,V,Q,Y,V,Q,E,H,N,A,S,K,N,S,K,G,S,Q,T,G,R,S,Y,T,S,L,V,L,G,V,L,V,G,S,F,I,I,V,G,V,A,V,G,I,F,L,C,T,G,G,R,R,C
Carlito_syrichta,-,-,-,-,-,-,-,-,L,L,L,P,S,W,A,L,C,S,Q,K,A,T,D,G,P,Q,S,L,H,M,L,Q,I,S,Y,F,R,D,P,H,H,V,W,H,Q,G,N,A,S,L,G,G,H,L,T,H,V,L,E,G,L,G,T,N,A,T,I,L,Q,L,Q,P,L,Q,E,R,K,S,W,A,H,T,E,R,S,L,R,L,Y,L,S,Q,F,Q,N,L,V,L,L,V,H,L,E,R,G,L,A,F,P,L,T,I,R,C,F,L,G,C,E,L,P,G,S,K,A,H,V,F,F,Q,V,A,V,N,G,S,S,F,V,N,F,Q,P,G,T,A,L,W,V,A,D,T,Q,A,P,S,K,V,V,N,Y,T,L,Q,Q,L,N,T,Y,N,R,T,R,Y,E,L,R,E,F,L,E,D,T,C,V,Q,Y,V,Q,K,H,F,T,M,K,N,S,K,G,H,Q,T,G,R,S,Y,T,S,L,V,L,G,I,L,I,G,S,F,I,I,A,G,V,A,V,G,I,F,L,C,T,G,G,R,R,C
Castor_canadensis,M,L,T,T,L,L,P,L,L,L,L,P,G,W,A,L,C,S,Q,E,A,S,D,G,P,R,S,L,H,M,L,Q,I,S,Y,F,Q,D,P,S,H,V,W,H,H,G,N,A,S,L,G,G,Q,L,T,H,T,L,E,G,P,G,N,N,V,T,I,L,Q,L,Q,P,L,E,E,P,E,S,W,A,R,T,E,R,S,L,Q,L,Y,L,N,Q,F,Y,S,L,V,H,V,V,H,R,E,R,K,V,T,F,P,L,T,I,S,C,F,L,G,C,E,L,P,G,S,G,A,H,V,F,F,E,V,A,V,N,G,S,S,F,V,S,F,Q,P,E,T,A,V,W,V,A,G,P,Q,A,P,S,T,V,V,T,Y,T,L,K,Q,L,N,A,Y,N,R,T,R,Y,E,L,Q,E,F,L,Q,D,T,C,V,Q,Y,V,E,K,H,N,A,V,K,N,S,K,G,S,Q,T,G,R,S,Y,T,S,L,V,L,G,V,L,V,G,S,F,I,I,A,G,V,A,V,G,I,F,L,C,T,G,G,R,R,C
Cavia_porcellus,M,L,T,T,L,L,P,L,L,L,L,P,G,G,T,L,C,S,Q,-,-,-,-,-,-,-,-,-,H,M,L,Q,I,A,Y,F,R,D,P,R,H,V,R,Y,Y,G,N,A,S,L,G,G,H,L,T,H,R,L,E,G,T,R,N,N,V,T,I,V,Q,L,Q,P,V,E,E,P,E,A,W,A,R,R,E,K,N,L,Q,V,Y,L,E,Q,F,Q,T,F,V,Q,V,V,H,K,E,Q,A,A,T,F,P,V,T,I,S,C,S,L,G,C,E,L,P,G,S,K,A,R,V,F,F,E,V,A,L,N,G,S,S,F,L,S,F,Q,P,E,D,A,R,W,V,S,G,P,Q,A,P,S,K,L,V,A,F,T,L,K,Q,L,N,S,Y,N,R,T,R,Y,E,V,Q,E,F,L,Q,D,T,C,V,E,Y,V,Q,-,-,-,-,-,-,-,-,-,G,S,Q,T,G,R,S,Y,T,S,L,V,L,G,I,L,V,G,S,F,V,I,A,G,V,A,V,G,I,F,L,Y,T,G,G,R,R,C
Cervus_elaphus_hippelaphus,-,-,-,-,-,-,-,-,-,-,-,-,-,-,-,-,-,-,-,-,-,-,-,-,-,-,-,-,-,-,-,-,-,-,-,-,-,-,-,-,-,-,-,-,-,-,-,-,-,-,-,-,-,-,-,-,-,-,-,-,-,-,-,-,-,-,-,-,-,-,-,-,-,-,-,-,-,-,-,-,-,-,-,-,-,-,-,-,-,-,-,-,-,-,-,-,-,-,-,-,-,-,-,-,-,-,-,-,-,-,-,-,-,-,-,-,-,-,-,-,-,-,-,-,-,-,-,-,-,-,-,-,-,-,-,-,-,-,-,-,-,-,-,-,-,-,-,-,-,-,-,-,-,-,-,-,-,-,-,-,-,-,-,-,-,-,-,-,-,-,-,-,-,-,-,-,-,-,-,-,-,-,-,-,-,-,-,-,-,-,-,-,-,-,-,-,-,-,-,-,-,-,-,-,-,-,-,-,-,-,-,-,-,-,-,-,-,-,-,-,-,-,-,-,-,-,-,-,-,-,-,-,-,-,-,-
Chinchilla_lanigera,M,L,T,T,L,L,P,L,L,L,L,P,G,C,A,L,C,S,Q,D,A,S,E,G,P,L,N,F,H,M,L,Q,I,A,Y,Y,R,D,P,Y,H,A,R,Y,Y,G,N,A,S,L,G,G,H,L,T,H,S,L,E,G,P,A,T,N,I,T,I,L,Q,L,Q,P,V,E,E,P,E,S,W,A,H,R,E,R,D,L,Q,L,Y,L,R,Q,F,H,T,F,V,Q,V,V,H,K,E,Q,R,V,T,F,P,L,T,I,R,C,F,L,G,C,E,L,P,G,S,K,A,R,V,F,F,E,V,A,V,N,G,S,S,F,V,S,F,R,P,E,D,A,Q,W,V,Q,G,P,Q,P,L,S,T,L,V,A,F,T,L,K,Q,L,N,S,Y,N,R,T,R,Y,E,M,R,E,F,L,Q,D,T,C,V,Q,Y,V,Q,K,H,M,V,M,K,N,F,K,G,S,Q,T,G,R,S,Y,T,S,L,V,L,G,I,L,V,G,S,F,V,I,A,G,V,A,V,G,I,F,L,Y,T,G,G,R,R,C
Choloepus_didactylus,M,L,T,T,L,L,P,L,L,L,L,P,S,W,A,L,C,N,Q,E,T,S,D,G,P,R,S,L,H,M,L,Q,M,S,Y,L,R,D,P,L,H,V,W,Y,Q,G,N,A,S,L,G,G,H,L,T,H,I,L,E,G,P,D,T,N,V,T,I,L,Q,L,Q,P,L,E,E,P,E,R,W,A,R,T,K,R,G,L,Q,L,Y,L,Q,Q,F,H,S,L,V,R,L,V,H,Q,E,R,R,L,T,F,P,L,M,I,R,C,F,L,G,C,E,L,P,G,S,R,A,H,V,F,F,E,V,A,V,N,G,S,S,F,V,S,F,R,P,E,T,A,F,W,V,T,G,N,Q,A,H,S,Q,V,V,I,Y,T,L,Q,Q,L,N,T,Y,N,R,T,R,Y,E,L,L,E,F,L,Q,G,T,C,V,Q,Y,V,Q,E,H,I,I,V,K,N,L,K,G,S,R,T,G,R,S,Y,T,S,L,V,L,G,I,L,V,G,S,F,I,I,T,G,V,A,V,G,I,F,L,C,T,G,G,R,R,C
Cricetulus_griseus,M,L,T,K,L,L,S,L,L,L,L,P,G,C,A,F,C,N,Q,E,D,S,D,G,S,Q,S,L,H,M,L,Q,I,S,Y,F,P,D,P,E,H,V,R,H,Q,G,N,A,S,M,G,K,I,L,T,H,T,L,E,G,P,A,N,N,V,T,I,L,Q,L,Q,P,W,Q,D,P,E,S,W,E,T,T,E,K,G,L,Q,L,Y,L,A,Q,F,H,S,L,V,Q,L,V,Y,R,E,R,K,V,V,F,P,L,T,I,T,C,S,L,G,C,E,L,P,-,-,-,A,R,V,F,F,D,V,A,V,N,G,S,S,F,V,S,F,Q,P,K,T,A,L,W,V,M,R,T,Q,E,P,S,E,A,V,T,F,T,L,K,Q,L,N,A,Y,N,R,T,R,Y,E,L,Q,E,F,L,Q,D,T,C,V,Q,Y,V,E,N,H,I,I,T,Q,N,T,K,G,S,Q,T,G,R,S,Y,T,S,L,V,L,G,I,L,V,G,T,F,I,I,A,G,V,A,V,G,I,F,L,C,T,G,G,R,R,C
Dasypus_novemcinctus,-,-,-,-,-,-,-,-,-,-,-,-,-,-,-,-,-,-,-,-,-,-,-,-,-,-,-,-,-,-,-,-,-,-,-,-,-,-,-,-,-,-,-,-,-,-,-,-,-,-,-,-,-,-,-,-,-,-,-,-,-,-,-,-,-,-,-,-,-,-,-,-,-,-,-,-,-,-,-,-,-,-,-,-,-,-,-,-,-,-,-,-,-,-,-,-,-,-,-,-,-,-,-,-,-,-,-,-,-,-,-,-,-,-,-,-,-,-,-,-,-,-,-,-,-,-,-,-,-,-,-,-,-,-,-,-,-,-,-,-,-,-,-,-,-,-,-,-,-,-,-,-,-,-,-,-,-,-,-,-,-,-,-,-,-,-,-,-,-,-,-,-,-,-,-,-,-,-,-,-,-,-,-,-,-,-,-,-,-,-,-,-,-,-,-,-,-,-,-,-,-,-,-,-,-,-,-,-,-,-,-,-,-,-,-,-,-,-,-,-,-,-,-,-,-,-,-,-,-,-,-,-,-,-,-,-
Dipodomys_ordii,M,V,T,T,L,L,H,L,L,L,L,P,D,W,A,L,C,S,Q,E,D,S,D,G,P,Q,S,L,H,M,L,H,I,S,Y,F,P,D,P,S,H,V,R,H,Q,G,N,A,T,L,G,G,R,L,T,H,T,L,E,G,S,G,S,N,I,T,I,L,Q,L,Q,P,L,E,E,P,E,S,W,A,R,R,E,S,R,L,K,V,Y,L,T,Q,F,R,A,L,V,Q,L,V,Q,Q,E,R,K,V,A,F,P,L,T,I,S,C,F,L,G,C,E,L,P,G,S,S,A,H,V,Y,F,N,V,E,V,N,G,S,S,F,V,S,F,K,P,E,T,A,L,W,V,A,G,P,Q,D,P,S,K,V,L,T,Y,T,L,Q,Q,L,N,A,Y,N,R,T,R,Y,E,M,Q,E,F,L,Q,D,T,C,V,Q,Y,V,E,K,H,-,-,-,-,-,-,-,G,S,Q,T,G,R,S,Y,T,S,L,V,L,G,V,L,M,G,C,F,I,I,A,G,V,A,V,G,I,F,L,C,T,G,G,R,R,C
Dipodomys_spectabilis,M,V,T,T,L,L,H,L,L,L,L,P,D,W,A,L,C,S,Q,E,D,S,D,G,P,Q,S,L,H,M,L,H,I,S,Y,F,P,D,P,S,H,V,Q,H,Q,G,N,A,T,L,G,G,R,L,T,H,T,L,E,G,S,G,S,N,I,T,I,L,Q,L,Q,P,L,E,E,P,E,S,W,A,R,R,E,S,R,L,K,L,Y,L,N,Q,F,R,T,L,V,Q,L,V,Q,Q,E,R,K,V,T,F,P,L,T,I,S,C,F,L,G,C,E,L,P,G,S,S,A,H,V,Y,F,N,V,E,V,N,G,S,S,F,V,S,F,K,P,E,T,A,L,W,V,A,G,P,Q,D,P,S,K,V,L,T,Y,T,L,Q,Q,L,N,A,Y,N,R,T,R,Y,E,M,Q,E,F,L,Q,D,T,C,V,Q,Y,V,E,K,H,-,-,-,-,-,-,-,G,S,Q,T,G,R,S,Y,T,S,L,V,L,G,V,L,M,G,C,F,I,I,A,G,V,A,V,G,I,F,L,C,T,G,G,R,R,C
Dromiciops_gliroides,-,-,-,-,M,L,P,L,L,S,L,F,S,W,V,I,C,C,Q,G,A,M,E,G,S,Q,S,F,H,I,L,Q,I,S,H,F,W,N,Q,S,S,V,Q,F,W,G,N,A,S,L,G,G,L,T,T,H,T,L,K,G,S,G,H,N,I,T,I,Q,Q,L,K,P,L,E,S,P,E,N,W,Q,Q,T,K,K,H,L,L,N,Y,L,D,E,F,Q,V,L,V,R,L,V,N,K,E,R,G,V,A,F,P,L,T,L,H,C,S,L,G,C,E,L,P,G,Q,D,A,H,V,F,F,E,V,A,L,N,G,S,S,F,V,S,F,Q,P,E,K,A,L,W,S,A,-,-,-,-,-,-,-,-,-,-,-,T,L,K,Q,L,N,N,Y,N,R,T,R,F,E,L,L,D,F,L,Q,D,T,C,V,-,-,-,-,-,-,-,-,-,-,-,-,-,-,-,-,-,-,R,S,Y,T,M,L,I,L,G,I,I,M,G,V,F,T,I,S,S,V,A,V,G,I,F,L,C,T,G,G,R,W,S
Elephantulus_edwardii,M,L,T,T,L,L,P,L,L,L,L,P,S,G,A,F,C,S,Q,K,D,T,D,G,Q,R,S,L,H,I,F,Q,Y,A,Y,F,R,D,S,S,H,V,W,H,R,G,N,A,S,L,G,G,L,T,T,H,V,L,E,G,P,G,N,N,V,T,I,S,Q,L,Q,P,F,E,D,P,E,K,W,A,R,T,E,Q,G,L,Q,R,Y,L,R,E,F,S,S,L,V,L,L,V,H,R,E,R,R,L,V,F,P,L,I,I,R,C,F,L,G,C,E,L,P,G,S,N,A,H,I,F,F,E,V,T,V,N,G,S,S,F,A,S,F,Q,P,E,T,A,L,W,I,G,H,S,K,T,L,S,R,V,A,N,Y,T,L,M,T,L,N,A,Y,N,R,T,R,Y,E,L,R,E,F,L,Q,D,T,C,V,Q,F,V,Q,E,Y,T,T,K,K,N,T,M,G,S,Q,T,G,R,S,Y,T,S,L,V,L,G,V,L,V,G,S,F,I,I,T,G,V,A,V,G,I,F,L,C,T,G,G,R,R,C
Equus_caballus,M,L,T,T,L,L,P,L,L,L,L,P,G,W,A,L,C,S,Q,E,A,S,D,G,P,R,N,L,H,M,L,Q,I,S,Y,F,L,D,P,D,Q,V,W,H,Q,G,N,A,S,L,G,G,L,Q,T,H,M,L,E,G,P,G,T,N,V,T,I,L,Q,L,Q,P,L,Q,D,P,E,S,W,A,L,T,E,K,R,L,Q,L,Y,L,S,H,F,S,G,F,V,Q,L,V,H,R,E,R,H,V,A,F,P,L,T,I,R,C,F,L,G,C,E,L,P,S,S,Q,A,H,V,F,F,E,V,A,V,N,G,S,S,F,V,S,F,Q,P,K,T,A,S,W,V,A,G,S,Q,A,P,S,K,V,V,T,Y,T,L,Q,K,L,N,T,F,N,Q,T,S,Y,E,L,L,E,F,L,Q,D,T,C,V,Q,Y,V,Q,E,H,L,A,V,K,N,L,K,G,S,Q,T,G,R,S,Y,T,S,L,V,L,G,V,L,V,G,S,F,I,I,A,G,V,A,V,G,I,F,L,C,T,G,G,R,R,C
Erinaceus_europaeus,M,L,R,T,L,L,P,L,L,F,L,P,V,C,A,F,C,S,Q,Q,A,S,D,G,L,Q,S,L,H,M,L,Q,I,S,Y,F,V,D,K,-,H,V,W,H,R,G,N,A,S,L,G,G,I,P,S,H,K,L,E,G,W,D,S,N,V,T,I,L,Q,L,Q,S,L,Q,D,P,E,S,W,A,I,R,E,Q,S,L,K,N,Y,L,N,V,F,Y,S,L,V,Q,L,V,H,L,E,R,G,W,A,F,P,L,T,L,S,C,F,L,G,C,D,L,L,D,P,K,A,H,V,F,F,E,V,T,M,N,G,S,S,F,L,N,F,Q,P,E,T,A,T,W,V,A,A,S,Q,K,P,S,K,V,T,T,Y,I,L,Q,Q,L,N,T,Y,N,S,T,R,F,E,I,L,E,F,L,Q,D,T,C,V,Q,Y,V,K,D,Y,S,N,V,E,N,L,K,E,N,R,T,S,H,S,Y,T,S,L,V,L,G,I,L,M,G,C,L,I,I,A,G,V,A,V,G,I,F,L,F,T,G,G,R,R,C
Eumetopias_jubatus,M,L,T,T,F,L,L,L,L,L,L,P,G,W,A,F,C,S,Q,E,A,S,D,G,P,R,N,L,H,M,L,Q,I,S,Y,F,R,D,P,Y,Q,V,W,H,R,G,N,A,S,L,G,G,L,R,T,H,V,L,E,G,Q,G,T,N,V,T,I,L,Q,L,Q,P,L,E,A,P,E,S,W,V,H,T,E,D,R,L,K,T,Y,L,N,E,F,Q,M,M,V,R,L,V,H,H,E,R,R,L,T,F,P,L,T,V,R,C,F,L,G,C,E,L,P,G,S,P,A,Q,V,F,F,E,V,T,V,N,G,S,S,F,V,N,F,Q,P,E,T,A,L,W,V,A,G,P,Q,A,P,S,K,V,V,T,Y,T,L,H,Q,L,N,S,Y,N,R,T,R,Y,E,L,R,E,F,L,Q,D,T,C,V,Q,Y,L,Q,E,Y,I,T,S,K,N,S,K,G,S,Q,T,G,R,S,Y,T,S,L,V,L,G,V,L,V,G,S,F,I,I,A,G,V,A,V,G,I,F,L,C,T,G,G,R,R,C
Felis_catus,M,L,T,T,L,L,P,L,L,L,L,P,G,W,A,F,C,S,H,E,A,S,D,G,L,R,N,L,H,M,L,Q,I,S,Y,F,R,D,P,Y,Q,V,W,H,R,G,N,A,S,L,G,G,L,T,T,H,V,L,E,G,L,G,S,N,V,T,I,R,Q,L,Q,P,L,Q,E,P,E,S,W,M,H,T,E,D,S,L,K,T,Y,L,H,Q,F,N,S,L,V,L,L,V,H,H,E,R,R,L,T,F,P,L,I,I,R,C,F,L,G,C,E,L,P,G,S,T,A,R,V,F,F,E,V,S,V,N,G,S,S,F,V,H,F,Q,P,E,T,A,L,W,V,A,G,P,Q,A,P,S,R,V,V,T,Y,T,L,Q,Q,L,N,A,Y,N,R,T,R,Y,E,L,R,E,F,L,Q,D,T,C,V,Q,Y,V,Q,E,H,I,T,V,N,N,S,K,G,S,Q,T,G,R,S,Y,T,S,L,V,L,G,V,L,V,G,S,F,I,I,A,G,V,A,V,G,I,F,L,Y,T,G,G,R,R,C
Fukomys_damarensis,M,L,T,T,L,L,P,L,L,L,L,P,S,W,A,L,C,S,Q,E,A,S,E,G,P,L,N,F,H,M,L,Q,I,A,H,F,R,D,P,Y,H,V,R,Y,Y,G,N,A,S,L,G,G,H,L,T,H,R,L,E,G,P,G,N,N,V,T,I,L,Q,L,Q,P,V,Q,E,P,Q,S,W,A,H,T,E,T,G,L,H,L,Y,L,Q,Q,F,Q,S,L,V,R,L,V,Y,M,E,Q,R,V,T,F,P,L,T,I,R,C,F,L,G,C,E,L,P,S,S,K,A,R,V,F,F,E,V,A,L,N,G,S,S,F,V,S,F,Q,P,E,D,A,Q,W,V,P,G,P,E,A,P,S,T,L,V,T,Y,T,L,K,Q,L,N,S,Y,N,R,T,R,Y,E,M,R,E,F,L,Q,D,T,C,V,Q,Y,V,Q,E,H,I,T,M,K,N,S,K,E,A,K,T,S,S,-,-,-,-,-,-,-,-,-,-,-,-,-,-,-,-,-,-,-,-,-,-,-,-,-,-,-,-,-,-,-,-
Galeopterus_variegatus,M,L,T,T,L,L,P,L,L,L,L,P,S,W,T,L,C,S,Q,E,A,S,E,G,P,Q,S,L,H,M,L,Q,I,S,Y,F,R,D,P,Y,Y,V,W,H,W,G,N,A,T,L,G,G,R,L,T,H,R,L,E,G,L,G,T,N,S,T,I,L,Q,L,Q,P,L,Q,D,P,E,S,W,A,S,T,E,S,R,L,R,R,Y,L,S,E,F,Q,D,L,V,L,L,V,H,R,E,R,S,L,A,F,P,L,T,I,S,C,F,L,G,C,E,L,P,G,S,Q,A,Q,V,F,F,E,V,T,V,N,G,S,S,F,V,N,F,Q,P,E,T,A,L,W,V,Q,G,S,K,A,S,S,R,V,V,T,Y,I,L,Q,Q,L,N,K,Y,N,R,T,R,Y,E,V,Q,E,F,L,E,D,T,C,V,Q,Y,I,E,K,H,I,T,M,K,N,L,K,G,S,Q,T,G,R,S,Y,T,S,L,V,L,G,I,L,V,G,S,F,I,I,A,G,V,A,V,G,I,F,L,C,T,G,G,R,R,Y
Gracilinanus_agilis,-,-,-,-,M,L,P,L,L,-,-,-,-,-,-,-,-,-,-,-,-,-,-,G,S,Q,S,F,L,M,L,Q,I,S,H,F,R,D,P,S,S,V,Q,F,W,G,N,A,S,L,G,G,L,V,T,H,T,L,E,G,G,G,H,N,I,T,I,Q,Q,L,K,P,L,E,S,P,E,H,W,Q,Q,T,K,K,Q,L,L,N,Y,F,E,E,F,Q,V,L,V,Q,L,V,N,K,E,R,G,V,A,F,P,L,T,L,R,C,S,L,G,C,E,L,P,G,Q,E,A,H,V,F,F,E,V,A,L,N,G,S,S,F,V,S,F,Q,P,E,K,A,L,W,S,A,-,-,-,-,-,-,-,-,-,-,-,T,L,K,Q,L,N,T,Y,N,R,T,R,F,E,L,L,E,F,L,Q,E,T,C,V,-,-,-,-,-,-,-,-,-,-,-,-,-,-,-,-,-,-,R,S,Y,T,M,L,I,L,G,I,I,M,G,I,F,A,I,S,S,V,A,V,G,I,F,L,C,T,G,G,K,W,S
Grammomys_surdaster,M,L,T,K,F,L,P,L,L,L,L,P,G,R,A,F,C,N,-,-,-,S,D,G,S,Q,S,L,H,M,L,Q,I,S,Y,F,R,D,P,Y,H,V,R,H,Q,G,N,A,S,L,G,K,F,L,T,H,T,L,E,G,P,S,K,N,I,T,I,L,Q,L,Q,P,W,Q,D,P,E,S,W,S,R,T,E,N,G,L,Q,L,Y,L,S,Q,F,E,S,L,V,Q,L,V,Y,R,E,R,K,V,F,F,P,L,T,V,S,C,S,L,G,C,E,L,P,G,S,E,P,H,L,F,F,D,V,T,V,N,G,S,A,F,V,S,F,Q,P,K,T,A,I,W,V,T,G,S,Q,E,P,S,K,V,V,N,F,T,L,K,Q,L,N,A,Y,N,R,T,R,F,E,L,Q,E,F,L,Q,D,T,C,V,Q,Y,L,E,K,H,I,T,T,E,N,T,K,G,S,Q,T,G,R,S,Y,T,S,L,V,L,G,I,L,M,G,C,F,I,I,A,G,V,A,V,G,I,F,L,C,T,G,G,R,R,C
Heterocephalus_glaber,M,L,T,T,L,L,P,L,L,L,L,P,S,W,A,L,G,S,Q,E,A,S,E,G,P,L,N,F,H,M,L,Q,I,A,H,F,R,D,P,Y,H,V,R,Y,Y,G,N,A,S,L,G,G,H,L,T,H,R,L,E,G,P,G,T,N,V,T,I,L,Q,L,Q,P,V,Q,D,Q,E,S,W,A,H,T,E,T,G,L,H,L,Y,L,Q,Q,F,Q,S,F,V,R,L,V,Y,M,E,Q,R,V,T,F,P,L,T,I,R,C,F,L,G,C,E,L,P,S,S,K,A,R,V,F,F,E,V,A,L,N,G,S,S,F,V,S,F,Q,S,E,D,A,Q,W,V,P,E,P,Q,A,P,S,T,L,V,A,Y,T,L,K,Q,L,N,S,Y,N,R,T,R,Y,E,M,R,E,F,L,Q,D,T,C,V,Q,Y,V,Q,T,H,I,A,V,K,N,L,K,-,-,-,-,-,-,-,-,-,-,-,-,-,-,-,-,-,-,-,-,-,-,-,-,-,-,-,-,-,-,-,-,-,-,-,-,-,-
Hyaena_hyaena,M,L,T,T,L,L,P,L,L,F,L,P,G,W,A,F,C,S,Q,E,A,S,D,G,L,R,N,L,H,M,L,Q,I,S,Y,F,R,D,P,N,Q,V,W,H,Q,G,N,A,S,L,G,G,L,P,T,H,V,L,E,G,P,G,T,N,V,T,I,R,Q,L,E,P,L,Q,E,P,E,S,W,V,H,T,E,N,S,L,K,T,Y,L,H,Q,F,S,S,L,V,L,L,V,H,Q,E,R,S,L,T,F,P,L,I,I,R,C,F,L,G,C,E,L,H,G,S,T,A,R,V,F,F,E,V,S,V,N,G,S,S,F,V,R,F,Q,P,E,T,A,L,W,V,A,G,P,Q,A,P,S,R,V,V,T,Y,T,L,Q,Q,L,N,A,Y,N,R,T,R,F,E,L,R,E,F,L,Q,D,T,C,V,Q,Y,V,Q,Q,H,T,T,M,N,D,S,K,G,S,Q,T,G,R,S,Y,T,S,L,V,L,G,V,L,V,G,S,F,I,I,A,G,V,A,V,G,I,F,L,Y,T,G,G,R,R,C
Jaculus_jaculus,M,L,T,T,L,W,P,L,L,L,L,P,A,W,A,L,C,S,Q,E,A,S,D,G,P,H,S,L,H,M,L,Q,I,S,Y,F,R,D,P,Y,H,V,K,H,W,G,N,A,S,L,G,G,H,L,T,H,T,L,E,G,P,A,N,N,V,T,I,L,Q,L,E,P,L,Q,E,P,E,S,W,A,R,T,E,S,G,L,Q,L,Y,L,H,Q,F,H,S,L,V,Q,L,V,H,R,E,R,K,V,V,F,P,L,T,I,R,C,F,L,G,C,E,L,P,D,S,E,A,R,T,F,F,K,V,S,V,N,E,S,S,F,V,S,F,Q,S,E,K,A,L,W,V,A,D,S,Q,E,P,S,K,A,V,T,F,T,L,K,Q,L,N,A,Y,N,R,T,R,Y,E,L,Q,E,F,L,Q,D,T,C,V,Q,Y,V,E,K,H,I,D,M,K,N,L,K,G,S,Q,T,G,R,S,Y,A,S,L,V,L,G,I,L,L,G,S,F,V,I,A,G,V,A,V,G,I,F,L,C,T,G,G,R,R,C
Lemur_catta,M,L,T,T,L,L,P,L,L,L,L,P,S,W,V,L,C,S,Q,E,A,L,D,G,P,Q,S,F,H,M,L,Q,I,S,Y,F,R,D,P,Y,H,V,W,Y,Q,G,N,A,S,L,G,G,H,L,T,H,V,L,E,G,P,D,T,N,A,T,I,L,Q,L,Q,P,L,Q,E,P,A,S,W,A,R,T,E,S,S,L,K,L,Y,L,R,Q,F,H,G,L,V,R,L,V,H,Q,E,R,R,V,A,F,P,L,T,I,R,C,F,L,G,C,E,L,P,G,S,R,A,H,V,F,F,Q,V,A,V,N,E,S,S,F,V,S,F,R,P,E,T,A,L,W,E,A,D,T,Q,A,P,S,K,V,V,T,Y,T,L,Q,Q,L,N,T,Y,N,R,T,R,Y,E,L,L,E,F,L,Q,D,T,C,V,Q,Y,V,Q,N,H,M,A,M,K,N,M,K,G,S,Q,T,D,R,S,Y,T,S,L,V,L,G,V,L,V,G,S,F,I,I,A,A,V,A,V,G,I,F,L,C,T,G,G,R,R,C
Leptonychotes_weddellii,M,L,T,T,L,L,L,L,L,L,L,P,G,W,A,F,C,S,Q,E,A,S,D,G,P,W,N,L,H,M,L,Q,I,S,Y,F,R,D,P,Y,Q,V,W,H,R,G,N,A,S,L,G,G,L,M,T,H,V,L,E,G,Q,G,T,N,V,T,I,L,Q,L,Q,P,L,E,A,P,E,S,W,V,H,T,E,D,R,L,K,T,Y,L,K,E,F,Q,L,M,V,Q,L,V,H,H,E,R,H,L,T,F,P,L,T,V,R,C,F,L,G,C,E,L,P,G,S,P,A,Q,V,F,F,E,V,T,V,N,G,S,S,F,A,N,F,Q,P,E,T,A,L,W,V,A,G,P,Q,A,P,S,K,V,V,T,Y,T,L,Y,Q,L,N,S,Y,N,R,T,R,Y,E,L,R,E,F,L,Q,D,T,C,V,Q,Y,L,Q,E,Y,I,T,S,K,N,S,K,G,S,Q,T,G,R,S,Y,T,S,L,V,L,G,V,L,V,G,S,F,I,I,A,G,V,A,V,G,I,F,L,C,T,G,G,R,R,C
Lontra_canadensis,M,L,T,T,L,L,P,L,L,L,L,P,G,W,A,F,C,S,Q,D,A,S,D,-,-,-,-,L,H,M,L,Q,I,S,Y,F,R,D,P,Y,Q,V,W,H,R,G,N,A,S,L,G,G,L,T,T,H,V,L,E,G,Q,G,T,N,V,T,I,I,Q,L,Q,P,L,E,A,P,E,S,W,V,H,T,E,E,R,L,K,T,Y,L,R,E,F,Q,M,L,V,Q,L,V,H,G,E,R,H,L,T,F,P,L,T,F,R,C,F,L,G,C,E,Q,P,G,S,P,A,R,V,F,F,E,V,T,M,N,G,S,S,F,V,S,Y,Q,P,E,T,A,L,W,V,A,G,P,Q,A,T,S,K,V,V,T,F,T,V,H,Q,L,N,F,Y,N,R,T,R,Y,E,L,Q,E,Y,L,R,D,L,C,V,Q,Y,M,Q,E,Y,V,T,L,K,N,S,K,G,S,Q,T,G,R,S,Y,T,S,L,V,L,G,V,L,V,G,S,F,I,I,A,G,V,A,V,G,I,F,L,C,T,G,G,R,R,C
Lynx_canadensis,M,L,T,T,L,L,P,L,L,L,L,P,G,W,A,F,C,S,H,E,A,S,D,G,L,R,N,L,H,M,L,Q,I,S,Y,F,R,D,P,Y,Q,V,W,H,R,G,N,A,S,L,G,G,L,T,T,H,V,L,E,G,L,G,S,N,V,T,I,R,Q,L,Q,P,L,Q,E,P,E,S,W,M,H,T,E,D,S,L,K,T,Y,L,H,Q,F,N,S,L,V,L,L,V,H,H,E,R,R,L,T,F,P,L,I,I,R,C,F,L,G,C,E,L,P,G,S,T,A,R,V,F,F,E,V,S,V,N,G,S,S,F,V,H,F,Q,P,E,T,A,L,W,V,A,G,P,Q,A,P,S,R,V,V,T,Y,T,L,Q,Q,L,N,A,Y,N,R,T,R,Y,E,L,R,E,F,L,Q,D,T,C,V,Q,Y,V,Q,E,H,T,T,V,N,N,S,K,G,S,Q,T,G,R,S,Y,T,S,L,V,L,G,V,L,V,G,S,F,I,I,A,G,V,A,V,G,I,F,L,Y,T,G,G,R,R,C
Manis_javanica,M,L,S,T,-,-,-,L,L,L,L,P,G,W,S,L,A,G,G,E,A,S,E,G,P,R,N,L,H,M,I,Q,I,S,Y,F,R,N,P,Q,Q,V,W,Y,Q,G,N,A,S,L,G,G,L,L,T,H,V,L,E,G,V,S,T,N,V,T,I,L,Q,L,Q,P,L,E,D,P,E,S,W,K,L,T,L,D,R,L,K,V,Y,L,H,Q,F,Q,G,L,V,D,L,V,H,R,E,R,R,V,A,F,P,L,T,I,R,C,F,L,G,C,E,L,P,G,S,R,A,H,V,F,F,E,V,A,V,N,G,T,S,F,L,S,F,Q,P,K,T,A,S,W,A,A,G,T,Q,T,P,S,E,T,V,A,Y,T,L,Q,Q,L,N,T,Y,N,R,T,R,Y,E,M,L,E,F,L,Q,G,T,C,V,Q,Y,V,Q,E,H,T,T,M,K,N,L,K,G,S,Q,T,G,R,S,Y,T,S,L,V,L,G,V,L,V,G,S,F,I,I,A,G,V,A,V,G,I,F,L,C,T,G,G,R,R,C
Manis_pentadactyla,M,L,S,T,-,-,-,L,L,L,L,P,G,W,S,L,G,S,G,E,A,S,D,G,P,R,N,L,H,M,I,Q,I,S,Y,F,R,N,P,Q,Q,V,W,Y,Q,G,N,A,S,L,G,G,L,L,T,H,V,L,E,G,V,S,T,N,V,T,I,L,Q,L,Q,P,L,E,D,P,E,S,W,A,L,T,L,D,R,L,K,V,Y,L,H,Q,F,Q,G,L,V,D,L,V,H,R,E,R,R,V,A,F,P,L,T,I,R,C,F,L,G,C,E,L,P,G,S,G,A,H,V,F,F,E,V,A,V,N,G,T,S,F,L,S,F,Q,P,K,T,A,S,W,V,A,G,T,Q,T,P,S,E,T,V,T,Y,T,L,Q,Q,L,N,T,Y,N,R,T,R,Y,E,M,L,E,F,L,Q,G,T,C,V,Q,Y,V,Q,E,H,I,T,M,K,N,L,K,G,S,Q,T,G,R,S,Y,T,S,L,V,L,G,V,L,V,G,S,F,I,I,A,G,V,A,V,G,I,F,L,C,T,G,G,R,R,C
Mastomys_coucha,M,L,T,K,F,L,S,L,L,L,L,P,G,C,A,L,C,N,-,-,-,S,D,G,S,Q,S,L,H,M,L,Q,I,S,Y,F,P,D,S,D,H,V,R,H,Q,G,N,A,S,L,G,K,L,L,T,H,T,L,E,G,K,S,K,N,I,T,I,L,Q,L,Q,P,L,Q,D,P,E,S,W,N,R,T,E,S,A,L,Q,L,Y,L,T,Q,F,E,S,L,V,K,L,V,Y,R,E,R,K,V,F,F,P,L,T,V,S,C,S,L,G,C,E,L,P,G,S,E,P,H,V,F,F,D,V,A,V,N,G,S,A,F,V,S,F,Q,P,K,T,A,V,W,V,S,S,S,Q,E,P,S,K,A,A,N,F,T,L,K,Q,L,N,A,Y,N,R,T,R,Y,E,M,Q,E,F,L,Q,G,T,C,V,Q,Y,L,E,K,H,I,T,T,Q,N,M,K,G,S,Q,T,G,R,S,Y,T,S,L,V,L,G,I,L,M,G,C,F,I,I,A,G,V,A,V,G,I,F,M,C,T,G,G,R,R,C
Meles_meles,M,L,T,T,L,L,P,L,L,L,L,P,G,W,A,F,C,S,Q,D,A,S,D,-,-,-,-,L,H,M,L,Q,I,S,Y,F,R,D,P,Y,Q,V,W,H,R,G,N,A,S,L,G,G,L,T,T,H,V,L,E,G,Q,G,T,N,V,T,I,L,Q,L,Q,P,L,E,A,P,E,T,W,V,H,T,E,N,R,L,K,T,Y,L,R,E,F,Q,M,M,V,E,L,V,H,R,E,R,H,L,T,F,P,L,T,I,R,C,F,L,G,C,E,Q,P,D,S,P,A,R,V,F,F,E,V,T,M,N,G,S,S,F,L,S,F,Q,P,E,T,A,L,W,V,A,G,P,Q,A,P,S,K,V,V,T,F,T,V,H,Q,L,N,F,Y,N,R,T,R,Y,E,L,Q,E,Y,L,R,D,I,C,V,Q,Y,M,Q,E,Y,V,T,L,K,N,S,K,G,S,Q,T,G,R,S,Y,T,S,L,V,L,G,V,L,V,G,S,F,I,I,A,G,V,A,V,G,I,F,L,C,T,G,G,R,R,C
Meriones_unguiculatus,M,L,T,K,L,L,P,L,L,L,L,P,G,C,A,L,C,N,Q,K,D,S,D,G,S,Q,S,L,H,M,I,Q,I,S,Y,F,Q,D,P,N,H,V,R,H,Q,G,N,A,T,L,G,K,L,L,T,H,T,L,E,G,Q,T,N,N,I,T,I,L,Q,L,Q,P,W,Q,D,P,E,S,W,A,R,T,E,S,G,L,Q,L,Y,L,A,Q,F,Q,S,L,V,Q,L,V,T,R,E,R,R,V,V,Y,P,L,T,I,S,C,S,L,G,C,E,L,P,G,A,E,A,H,V,F,F,D,V,A,V,N,G,S,A,F,V,S,F,Q,P,K,A,A,L,W,V,A,G,S,Q,E,P,S,P,A,T,N,F,T,L,K,Q,L,N,A,Y,N,R,T,R,F,E,L,L,E,F,L,Q,D,T,C,V,E,Y,L,E,N,H,T,T,T,Q,N,M,K,G,S,Q,T,G,R,S,Y,T,S,L,V,L,G,I,L,M,G,C,F,I,I,A,G,V,A,V,G,I,F,L,C,T,G,G,R,R,C
Mesocricetus_auratus,M,L,T,K,L,L,S,L,L,L,L,P,G,Y,A,F,C,N,Q,E,D,S,D,G,S,R,S,L,H,M,L,Q,I,S,Y,F,Q,N,S,T,H,V,R,H,Q,G,N,A,S,M,G,T,I,L,T,H,T,L,E,G,T,N,N,K,V,T,I,L,Q,L,Q,P,W,E,D,P,K,S,W,E,R,T,E,K,G,L,Q,V,Y,L,F,Q,F,H,K,L,V,Q,L,V,Y,R,E,R,D,I,D,F,P,L,T,V,T,C,S,L,G,C,K,L,P,S,S,E,A,H,V,F,F,D,V,A,V,N,G,S,S,F,I,R,F,Q,P,K,T,A,Q,W,V,I,N,S,Q,K,F,S,D,A,L,F,F,T,L,K,Q,L,N,A,Y,N,R,T,R,Y,E,I,Q,E,F,L,Q,D,T,C,V,Q,F,V,E,K,H,F,I,T,Q,N,M,K,G,S,Q,T,G,R,S,Y,T,S,L,V,L,G,I,L,V,G,S,F,I,I,A,G,V,A,V,G,I,F,L,C,T,G,G,R,R,C
Microcebus_murinus,M,L,T,T,L,L,P,L,L,L,L,P,S,W,V,L,C,S,Q,E,A,S,E,G,P,Q,S,F,H,M,L,Q,I,S,Y,F,H,D,P,Y,H,V,W,Y,Q,G,N,A,S,L,G,G,H,L,T,H,V,L,E,G,P,D,T,N,A,T,I,L,Q,L,Q,P,L,Q,E,P,E,T,W,A,R,T,E,S,S,L,K,L,Y,L,L,Q,F,H,G,L,V,R,L,V,H,Q,E,R,R,L,A,F,P,L,T,V,R,C,F,L,G,C,E,L,P,G,S,R,A,H,V,F,F,Q,V,A,V,N,G,S,S,F,V,S,F,R,P,E,T,A,L,W,E,A,D,T,Q,T,P,S,K,V,V,T,Y,T,L,Q,Q,L,N,T,Y,N,R,T,R,Y,E,L,R,E,F,L,E,D,T,C,V,Q,Y,V,Q,N,H,M,A,M,K,N,M,N,G,S,Q,T,G,R,S,Y,T,S,L,V,L,G,V,L,V,G,S,F,I,I,A,A,M,A,V,G,I,F,L,C,T,S,G,R,R,C
Microtus_fortis,M,L,T,N,L,L,S,L,L,L,L,P,G,C,V,F,C,N,Q,E,-,-,D,G,S,Q,G,L,H,M,L,Q,I,S,Y,F,R,D,P,G,H,V,R,H,Q,G,N,A,S,L,G,K,L,L,T,H,T,L,E,G,T,G,N,N,V,T,I,L,Q,L,Q,P,W,Q,D,P,E,S,W,N,N,T,E,K,R,L,Q,L,Y,L,S,Q,F,H,T,L,V,Q,L,V,Y,R,E,R,K,V,V,F,P,L,T,V,T,C,S,V,G,C,E,L,P,N,S,E,A,Q,V,F,F,D,V,A,V,N,G,N,P,F,V,S,F,Q,P,K,D,A,L,W,K,S,S,S,K,E,S,S,E,A,V,T,F,T,L,K,Q,L,N,A,Y,N,R,T,R,Y,E,M,Q,E,F,L,Q,D,T,C,V,R,Y,V,E,N,H,I,N,T,Q,N,M,K,G,S,Q,T,G,R,S,Y,T,S,L,V,L,G,I,L,V,G,C,F,I,I,A,G,V,A,V,G,I,F,L,C,T,G,G,R,R,C
Microtus_ochrogaster,M,L,T,N,L,L,S,L,L,L,L,P,G,C,A,F,C,N,Q,E,-,-,D,G,S,Q,G,L,H,M,L,Q,I,S,Y,F,R,D,P,E,H,V,R,H,Q,G,N,A,S,L,G,K,L,L,T,H,T,L,E,G,T,A,N,N,V,T,I,L,Q,L,Q,P,W,Q,D,P,E,S,W,N,N,T,E,K,G,L,Q,L,Y,L,S,Q,F,H,S,L,V,Q,L,V,Y,R,E,R,K,V,V,F,P,L,T,V,T,C,S,L,G,C,E,L,P,N,S,E,A,Q,V,F,F,D,V,A,V,N,G,N,P,F,V,S,F,Q,P,K,D,A,L,W,V,S,S,S,K,E,S,S,E,A,I,T,F,T,L,K,Q,L,N,A,Y,N,R,T,R,Y,E,L,Q,E,F,L,Q,D,T,C,V,R,Y,V,E,N,H,I,N,T,Q,N,M,K,G,S,Q,T,G,R,S,Y,T,S,L,V,L,G,I,L,V,G,C,F,I,I,A,G,V,A,V,G,I,F,L,C,T,G,G,R,R,C
Microtus_oregoni,M,L,T,N,L,L,S,L,L,L,L,P,G,C,A,F,C,N,Q,E,-,-,D,G,S,Q,G,L,H,M,L,Q,I,S,Y,F,R,D,P,E,H,V,R,H,Q,G,N,A,S,L,G,K,L,L,T,H,T,L,E,G,T,A,N,N,V,T,I,L,Q,L,Q,P,W,Q,D,P,E,S,W,N,N,T,E,K,G,L,Q,N,Y,L,I,Q,F,H,S,F,V,R,L,V,Y,R,E,R,K,V,V,F,P,L,T,V,T,C,S,L,G,C,E,L,P,N,S,E,A,Q,V,F,F,D,V,A,V,N,G,N,P,F,V,S,F,Q,P,K,D,A,L,W,V,S,S,S,K,E,S,S,E,A,I,T,F,T,L,K,Q,L,N,A,Y,N,R,T,R,Y,E,M,Q,E,F,L,Q,D,T,C,V,R,Y,V,E,N,H,I,N,T,Q,N,M,K,G,S,Q,T,G,R,S,Y,T,S,L,V,L,G,I,L,V,G,C,F,I,I,A,G,V,A,V,G,I,F,L,C,T,G,G,R,R,C
Mirounga_angustirostris,M,L,T,T,L,L,L,L,L,L,L,P,G,W,A,F,C,S,Q,E,A,S,D,G,P,W,N,L,H,M,L,Q,I,S,Y,F,R,D,P,Y,Q,V,W,H,R,G,N,A,S,L,G,G,L,M,T,H,V,L,E,G,Q,G,T,N,V,T,I,L,Q,L,Q,P,L,E,A,P,E,S,W,V,R,T,E,D,R,L,K,T,Y,L,K,E,F,Q,L,M,V,Q,L,V,H,H,E,R,H,L,T,F,P,L,T,V,R,C,F,L,G,C,E,L,P,G,S,P,A,Q,V,F,F,E,V,T,V,N,G,S,S,F,A,N,F,Q,P,E,T,A,L,W,V,A,G,P,Q,A,S,S,K,V,V,T,Y,T,L,Y,Q,L,N,S,Y,N,R,T,R,Y,E,L,R,E,F,L,Q,D,T,C,V,Q,Y,L,Q,E,Y,I,T,S,K,N,S,K,G,S,Q,T,G,R,S,Y,T,S,L,V,L,G,V,L,V,G,S,F,I,I,A,G,V,A,V,G,I,F,L,C,T,G,G,R,R,C
Mirounga_leonina,M,L,T,T,L,L,L,L,L,L,L,P,G,W,A,F,C,S,Q,E,A,S,D,G,P,W,N,L,H,M,L,Q,I,S,Y,F,R,D,P,Y,Q,V,W,H,R,G,N,A,S,L,G,G,L,M,T,H,V,L,E,G,Q,G,T,N,V,T,I,L,Q,L,Q,P,L,E,A,P,E,S,W,V,R,T,E,D,R,L,K,T,Y,L,K,E,F,Q,L,M,V,Q,L,V,H,H,E,R,H,L,T,F,P,L,T,V,R,C,F,L,G,C,E,L,P,G,S,P,A,Q,V,F,F,E,V,T,V,N,G,S,S,F,A,N,F,Q,P,E,T,A,L,W,V,A,G,P,Q,A,S,S,K,V,V,T,Y,T,L,Y,Q,L,N,S,Y,N,R,T,R,Y,E,L,R,E,F,L,Q,D,T,C,V,Q,Y,L,Q,E,Y,I,T,S,K,N,S,K,G,S,Q,T,G,R,S,Y,T,S,L,V,L,G,V,L,V,G,S,F,I,I,A,G,V,A,V,G,I,F,L,C,T,G,G,R,R,C
Monodelphis_domestica,-,-,-,-,M,L,P,L,L,-,-,-,-,-,-,-,-,-,-,-,-,-,-,G,S,Q,S,F,L,M,L,Q,I,S,H,F,R,D,P,S,S,V,Q,F,W,G,N,A,S,L,G,G,L,A,T,H,T,L,E,G,G,G,H,N,I,T,I,Q,Q,L,K,P,L,E,S,P,E,H,W,Q,Q,T,K,K,Q,L,L,N,Y,F,E,E,F,Q,V,L,V,Q,L,V,N,K,E,R,G,V,A,F,P,L,I,L,R,C,S,L,G,C,E,L,P,G,Q,E,A,H,V,F,F,E,V,A,L,N,G,S,S,F,V,S,F,Q,P,E,R,A,L,W,S,A,-,-,-,-,-,-,-,-,-,-,-,T,L,K,Q,L,N,T,Y,N,R,T,R,F,E,L,L,E,F,L,Q,E,T,C,V,-,-,-,-,-,-,-,-,-,-,-,-,-,-,-,-,-,-,R,S,Y,T,M,L,I,L,G,I,I,M,G,V,F,A,I,S,S,V,A,V,G,I,F,L,C,T,G,G,K,W,S
Mus_caroli,M,L,T,K,F,L,P,L,L,L,L,P,G,C,A,L,C,N,-,-,-,S,D,G,S,Q,S,L,H,M,L,Q,I,S,Y,F,Q,D,H,H,H,V,R,H,Q,G,N,A,S,L,G,K,L,L,T,H,T,L,E,G,P,S,E,N,V,T,I,L,Q,L,Q,P,W,Q,D,P,E,S,W,E,R,T,E,S,G,L,Q,T,Y,L,T,Q,F,E,S,L,V,K,L,V,Y,R,E,R,K,V,F,F,P,L,T,V,S,C,S,L,G,C,E,L,P,G,S,E,P,H,V,F,F,D,V,A,V,N,G,S,A,F,V,S,F,R,P,K,T,A,V,W,V,P,G,S,K,E,P,S,K,A,A,N,F,T,L,K,Q,L,N,A,Y,N,R,T,R,Y,E,L,Q,E,F,L,Q,D,T,C,V,E,F,L,E,N,H,I,T,T,Q,N,M,K,-,-,-,-,-,-,-,-,-,-,-,-,-,-,-,-,-,-,-,-,-,-,-,-,-,-,-,-,-,-,-,-,-,-,-,-,-,-
Mus_musculus,M,L,T,K,F,L,P,L,L,L,L,P,G,C,A,L,C,N,-,-,-,S,D,G,S,Q,S,L,H,M,L,Q,I,S,Y,F,Q,D,N,H,H,V,R,H,Q,G,N,A,S,L,G,K,L,L,T,H,T,L,E,G,P,S,Q,N,V,T,I,L,Q,L,Q,P,W,Q,D,P,E,S,W,E,R,T,E,S,G,L,Q,I,Y,L,T,Q,F,E,S,L,V,K,L,V,Y,R,E,R,K,V,F,F,P,L,T,V,S,C,S,L,G,C,E,L,P,G,S,E,P,H,V,F,F,D,V,A,V,N,G,S,A,F,V,S,F,R,P,K,T,A,V,W,V,S,G,S,Q,E,P,S,K,A,A,N,F,T,L,K,Q,L,N,A,Y,N,R,T,R,Y,E,L,Q,E,F,L,Q,D,T,C,V,E,F,L,E,N,H,I,T,T,Q,N,M,K,-,-,-,-,-,-,-,-,-,-,-,-,-,-,-,-,-,-,-,-,-,-,-,-,-,-,-,-,-,-,-,-,-,-,-,-,-,-
Mus_pahari,M,L,T,K,F,L,P,L,L,L,L,P,G,C,A,L,C,N,-,-,-,S,D,G,S,Q,S,L,H,M,F,Q,I,S,Y,F,Q,D,H,Q,H,V,R,H,Q,G,N,A,S,L,G,K,L,L,T,H,T,L,E,G,P,S,N,N,I,T,I,L,Q,L,Q,P,W,Q,D,P,E,T,W,E,R,T,E,S,G,L,Q,L,Y,L,T,Q,F,E,S,L,V,K,L,V,Y,R,E,R,K,V,F,F,P,L,T,I,S,C,S,L,G,C,E,L,P,G,S,E,P,H,V,F,F,N,V,A,V,N,G,S,A,F,V,S,F,R,P,K,T,A,V,W,V,S,G,S,Q,E,P,S,K,A,A,N,F,T,L,K,Q,L,N,A,Y,N,R,T,R,Y,E,L,Q,E,F,L,Q,D,T,C,V,Q,F,L,E,N,H,I,T,T,Q,N,M,K,G,S,Q,T,G,R,S,Y,T,S,L,V,L,G,I,L,M,G,C,F,I,I,A,G,V,A,V,G,I,F,M,C,T,S,G,R,R,C
Mustela_erminea,M,L,T,T,L,L,P,L,L,L,L,P,G,W,A,F,C,S,Q,D,A,S,D,-,-,-,-,L,H,M,L,Q,I,S,Y,F,R,D,P,Y,Q,V,W,H,R,G,N,A,S,L,G,G,L,T,T,H,V,L,E,G,Q,G,T,N,V,T,I,T,Q,L,Q,P,L,E,A,P,E,S,W,V,H,T,E,E,R,L,K,T,Y,L,R,E,F,Q,M,M,V,Q,L,V,H,H,E,R,H,L,T,F,P,L,T,F,R,C,F,L,G,C,E,Q,P,G,S,P,A,R,V,F,F,E,V,T,M,N,G,S,S,F,V,S,F,Q,P,E,T,A,L,W,V,A,G,P,Q,A,P,S,K,V,V,T,F,T,V,H,Q,L,N,L,Y,N,R,T,R,Y,E,L,Q,E,Y,L,R,D,I,C,V,Q,Y,M,Q,E,Y,V,T,W,K,N,S,K,G,S,Q,T,G,R,S,Y,T,S,L,V,L,G,V,L,V,G,S,F,I,I,A,G,V,A,V,G,I,F,L,C,T,G,G,R,R,C
Mustela_putorius_furo,M,L,T,T,L,L,P,L,L,L,L,P,G,W,A,F,C,S,Q,D,A,S,D,-,-,-,-,L,H,M,L,Q,I,S,Y,F,R,D,P,Y,Q,V,W,H,R,G,N,A,S,L,G,G,L,T,T,H,V,L,E,G,Q,D,T,N,V,T,I,T,Q,L,Q,P,L,E,A,P,E,S,W,V,H,T,E,E,H,L,K,T,Y,L,R,E,F,Q,M,M,V,L,L,V,H,Q,E,R,R,L,T,F,P,L,T,F,R,C,F,L,G,C,E,Q,P,G,S,P,A,R,V,F,F,E,V,T,M,N,G,S,S,F,V,S,F,Q,P,E,T,A,L,W,V,A,G,P,Q,A,P,S,K,V,V,T,F,T,V,H,Q,L,N,L,Y,N,R,T,R,Y,E,L,Q,E,Y,L,R,D,I,C,V,R,Y,M,Q,E,Y,V,T,W,K,N,S,K,G,S,Q,T,G,R,S,Y,T,S,L,V,L,G,V,L,V,G,S,F,I,I,A,G,V,A,V,G,I,F,L,C,T,G,G,R,R,C
Myodes_glareolus,M,L,T,N,L,L,S,L,L,L,L,P,G,C,A,F,C,D,Q,E,-,-,D,G,S,Q,G,L,H,M,L,Q,I,S,Y,F,R,D,P,E,H,V,R,H,Q,G,N,A,S,L,G,E,L,L,T,H,T,L,E,G,P,A,N,N,V,T,I,L,Q,L,Q,P,W,E,D,P,E,S,W,A,E,T,E,K,R,L,Q,L,Y,L,S,Q,F,H,A,L,V,Q,L,V,Y,R,E,R,K,V,V,F,P,L,T,V,T,C,S,L,G,C,E,L,P,S,S,E,A,R,V,F,F,D,V,A,V,N,G,N,S,F,V,S,F,Q,P,K,S,A,L,W,V,A,S,S,K,E,S,S,E,A,I,T,F,T,L,K,Q,L,N,A,Y,N,R,T,R,Y,E,L,Q,E,F,L,Q,D,T,C,V,R,F,V,E,N,H,I,N,T,Q,N,M,K,G,S,Q,T,G,R,S,Y,T,S,L,V,L,G,I,L,V,G,C,F,I,I,A,G,V,A,V,G,I,F,L,C,T,G,G,R,R,C
Neogale_vison,M,L,T,T,L,L,P,L,L,L,L,P,G,W,A,F,C,S,Q,D,A,S,D,-,-,-,-,L,H,M,L,Q,I,S,Y,F,R,D,P,Y,Q,V,W,H,R,G,N,A,S,L,G,G,L,T,T,H,V,L,E,G,Q,G,T,N,V,T,I,I,Q,L,Q,P,L,E,A,P,E,S,W,V,H,T,E,E,R,L,K,T,Y,L,R,E,F,Q,M,M,V,Q,L,V,H,Q,E,R,H,L,T,F,P,L,T,F,R,C,F,L,G,C,E,Q,P,G,S,P,A,R,V,F,F,E,V,T,M,N,G,S,S,F,V,S,F,Q,P,E,T,A,L,W,V,A,G,P,Q,A,P,S,K,V,V,T,F,T,V,H,Q,L,N,L,Y,N,R,T,R,Y,E,L,Q,E,Y,L,R,D,I,C,V,Q,Y,M,Q,E,Y,V,T,W,K,N,S,K,G,S,Q,T,G,R,S,Y,T,S,L,V,L,G,V,L,V,G,S,F,I,I,A,G,V,A,V,G,I,F,L,C,T,G,G,R,R,C
Odobenus_rosmarus_divergens,M,L,T,T,F,L,L,L,L,L,L,P,G,W,A,F,C,S,Q,E,A,S,D,G,P,R,N,L,H,M,L,Q,I,S,Y,F,R,D,P,Y,Q,V,W,H,R,G,N,A,S,L,G,G,L,R,T,H,V,L,E,G,Q,G,T,N,V,T,I,L,Q,L,Q,P,L,E,A,P,E,S,W,V,H,T,E,D,R,L,K,T,Y,L,N,E,F,Q,M,M,V,R,L,V,H,H,E,R,R,L,T,F,P,L,T,V,R,C,F,L,G,C,E,L,P,G,S,P,A,Q,V,F,F,E,V,T,V,N,G,S,S,F,V,N,F,Q,P,E,T,A,L,W,V,A,G,P,Q,A,P,S,K,V,V,T,Y,T,L,H,Q,L,N,S,Y,N,R,T,R,Y,E,L,R,E,F,L,Q,D,T,C,V,Q,Y,L,Q,E,Y,I,T,S,K,N,S,K,G,S,Q,T,G,R,S,Y,T,S,L,V,L,G,V,L,V,G,S,F,I,I,A,G,V,A,V,G,I,F,L,C,T,G,G,R,R,C
Odocoileus_virginianus_texanus,M,L,T,T,L,L,P,L,L,L,L,P,G,W,T,L,C,S,Q,E,A,S,D,G,P,S,D,L,H,M,I,Q,V,S,Y,F,R,N,P,S,Q,V,W,H,R,G,N,A,T,L,G,G,V,L,T,H,V,L,E,G,P,G,H,N,V,S,I,Q,Q,L,Q,P,L,Q,E,P,D,S,W,A,L,T,K,R,Y,L,N,R,Y,L,E,E,F,V,G,L,V,Q,V,V,H,Q,E,R,G,V,T,F,P,L,I,I,R,C,F,L,G,C,E,L,P,G,S,E,A,R,V,F,F,E,V,A,V,N,G,S,S,F,V,N,F,Q,P,K,T,A,S,W,V,A,E,T,H,V,P,S,R,V,V,T,Y,T,V,E,Q,L,N,K,Y,N,R,T,R,Y,E,L,R,E,F,L,Q,D,T,C,V,Q,Y,I,Q,K,H,M,T,V,N,N,L,K,G,S,Q,T,G,R,S,Y,T,S,L,V,L,G,V,L,V,G,C,F,I,V,T,G,V,A,V,G,I,F,L,C,T,G,G,R,R,C
Onychomys_torridus,M,L,T,N,L,L,S,L,L,L,L,P,G,C,A,F,C,D,Q,E,-,-,D,G,S,Q,S,L,R,M,L,Q,I,S,Y,F,Q,D,P,Y,R,V,R,H,H,G,N,A,S,L,G,K,L,L,T,H,T,L,E,G,P,G,N,N,I,T,I,L,Q,L,Q,P,W,Q,D,P,E,S,W,N,V,T,E,K,G,L,Q,L,Y,L,N,Q,F,Q,N,L,V,H,L,I,Y,R,E,R,K,V,V,F,P,L,T,V,R,C,S,L,G,C,E,L,P,S,A,E,A,R,T,Y,F,D,V,A,V,N,G,S,S,F,V,S,F,Q,P,K,T,A,L,W,V,S,S,S,Q,E,P,S,E,A,I,S,F,T,L,K,Q,L,N,A,Y,N,R,T,R,F,E,L,Q,E,F,L,Q,G,T,C,V,Q,Y,L,E,N,H,I,T,T,Q,N,M,K,G,S,Q,A,G,R,S,Y,T,S,L,V,L,G,I,L,V,G,S,F,I,I,A,G,V,A,V,G,I,F,L,C,T,G,G,R,R,C
Ornithorhynchus_anatinus,-,-,-,-,-,-,-,L,V,L,L,L,G,R,A,L,C,S,R,E,-,-,-,-,-,-,-,-,-,-,-,-,-,-,-,-,-,-,-,-,-,-,-,-,-,G,N,A,T,L,G,D,T,V,T,H,E,M,E,-,-,-,-,-,-,-,-,-,-,-,-,-,-,-,-,-,-,-,-,-,-,-,-,K,D,L,K,A,Y,L,E,D,F,K,H,L,V,E,L,I,S,R,E,R,G,L,S,F,P,L,T,L,T,T,S,L,G,C,E,L,P,G,S,A,A,H,T,Y,Y,E,V,S,L,N,L,A,A,F,-,-,-,-,-,-,-,-,-,-,-,-,-,-,-,-,-,-,-,-,-,-,-,T,L,R,Q,L,N,G,Y,N,R,T,R,Y,E,L,Q,H,F,L,R,V,T,C,V,N,Y,-,-,-,-,-,-,-,-,-,-,-,-,-,-,-,-,R,S,F,T,P,L,V,M,G,I,V,V,G,I,F,I,V,S,G,V,A,V,G,I,F,L,C,T,G,G,-,-,-
Orycteropus_afer_afer,M,L,T,T,L,L,P,L,L,L,L,P,S,W,T,L,C,S,Q,K,A,S,D,G,P,R,S,L,H,M,L,Q,F,A,Y,F,R,D,P,F,H,V,W,Y,R,G,N,A,S,L,D,G,L,L,T,H,E,L,E,G,P,G,H,N,V,T,I,L,Q,L,Q,P,L,E,E,P,E,S,W,A,H,T,K,R,G,L,Q,R,Y,L,Q,D,F,H,G,L,V,Q,V,V,N,K,E,R,S,L,T,F,P,L,V,I,R,C,F,L,G,C,E,M,P,S,S,K,A,H,I,F,F,E,V,T,V,N,G,S,S,F,A,S,F,Q,P,E,T,A,L,W,V,S,Q,S,Q,T,P,S,K,V,A,S,Y,T,L,K,A,L,N,T,H,N,R,T,R,Y,E,L,Q,E,F,L,Q,D,T,C,V,Q,Y,V,Q,E,N,-,T,T,K,N,L,K,G,S,Q,T,G,R,S,Y,T,S,L,V,L,G,V,L,V,G,S,F,I,I,I,G,V,A,V,G,I,F,L,C,T,G,G,R,R,C
Oryctolagus_cuniculus,M,L,T,T,L,L,P,L,L,L,L,P,G,R,A,L,C,S,Q,E,A,S,D,G,P,Q,K,L,H,M,L,H,V,S,Y,F,R,D,P,Y,H,V,W,H,Q,G,N,A,S,L,G,G,H,L,T,H,T,L,E,G,P,G,T,N,T,T,I,L,Q,L,Q,P,L,Q,E,P,E,S,W,A,L,T,E,R,R,L,Q,Q,Y,L,Q,H,F,H,R,L,V,M,L,V,H,R,E,R,R,V,A,F,P,L,T,V,R,C,F,L,G,C,E,L,P,G,S,R,A,H,V,F,F,K,V,A,V,N,E,S,S,F,V,S,F,R,P,E,T,A,L,W,E,A,G,P,Q,T,P,S,S,V,I,T,F,T,L,K,Q,L,N,S,Y,N,Q,T,R,Y,E,L,R,D,F,L,E,D,T,C,V,Q,Y,V,H,Q,H,-,-,-,-,-,-,-,G,S,Q,T,G,R,S,Y,T,S,L,V,L,G,V,L,V,G,S,L,I,I,A,G,V,A,V,G,I,F,L,C,T,G,G,R,R,C
Oryx_dammah,M,L,T,T,L,L,P,-,L,L,L,P,G,W,A,L,R,S,Q,E,A,S,D,G,P,W,E,L,L,M,I,Q,V,S,Y,F,R,N,P,S,Q,V,W,H,R,G,N,A,T,L,G,G,G,L,T,H,V,L,E,G,P,G,H,N,V,S,I,Q,Q,L,Q,P,L,Q,E,P,D,S,W,A,L,T,K,R,Y,L,N,R,Y,L,E,E,F,V,G,L,V,Q,V,V,H,Q,E,R,G,V,T,F,P,L,I,I,R,C,F,L,G,C,E,L,P,G,S,E,A,R,V,F,F,K,V,A,V,N,G,S,S,F,V,N,F,Q,P,K,T,A,S,W,V,A,E,P,H,A,P,S,R,V,V,T,Y,T,V,D,Q,L,N,K,Y,N,R,T,R,Y,E,L,R,E,F,L,Q,D,T,C,V,Q,Y,I,Q,K,H,I,T,A,N,N,M,K,G,S,Q,T,G,R,S,Y,T,S,L,V,L,G,V,L,V,G,C,F,I,V,T,G,V,A,V,G,I,F,L,C,T,G,G,R,R,C
Otolemur_garnettii,M,L,T,T,L,-,-,L,L,L,L,P,S,W,A,L,Y,S,Q,E,A,S,D,G,L,Q,S,L,R,M,L,Q,I,S,Y,F,S,D,P,N,N,V,W,Y,Q,G,N,A,S,L,G,G,H,L,T,H,V,L,E,G,P,D,T,N,V,T,I,R,Q,L,Q,S,L,Q,D,P,E,S,W,E,L,R,E,T,H,L,Q,S,Y,L,S,D,F,H,G,L,V,R,L,V,H,Q,E,R,G,L,A,F,P,L,T,I,H,C,F,L,G,C,E,L,P,G,S,R,A,H,V,F,F,Q,V,A,V,N,G,S,A,F,V,S,F,Q,P,E,T,A,L,W,E,A,D,T,Q,A,P,S,T,V,A,N,Y,T,L,K,Q,L,N,T,Y,N,R,T,R,Y,E,L,R,E,F,L,Q,D,T,C,V,Q,Y,V,Q,N,H,I,T,L,K,N,M,K,G,S,H,S,G,R,S,Y,T,S,L,V,L,G,I,L,V,G,S,F,I,I,A,A,V,A,V,G,I,F,L,C,T,G,G,R,Q,C
Panthera_leo,M,L,T,T,L,L,P,L,L,L,L,P,G,W,A,F,C,S,H,E,A,S,D,G,L,R,N,L,H,M,L,Q,I,S,Y,F,R,D,P,Y,Q,V,W,H,R,G,N,A,S,L,G,G,L,T,T,H,V,L,E,G,L,G,S,N,V,T,I,R,Q,L,Q,P,L,Q,E,P,E,S,W,M,H,T,E,D,S,L,K,T,Y,L,H,Q,F,N,S,L,V,L,L,V,H,H,E,R,R,L,T,F,P,L,I,I,R,C,F,L,G,C,E,L,P,G,S,T,A,R,V,F,F,E,V,S,V,N,G,S,S,F,V,H,F,Q,P,E,T,A,L,W,V,A,G,P,Q,A,P,S,R,V,V,T,Y,T,L,Q,Q,L,N,A,Y,N,R,T,R,Y,E,L,R,E,F,L,Q,D,T,C,V,Q,Y,V,K,E,H,I,T,V,N,N,S,K,G,S,Q,T,G,R,S,Y,T,S,L,V,L,G,V,L,V,G,S,F,I,I,A,G,V,A,V,G,I,F,L,Y,T,G,G,R,R,C
Panthera_pardus,M,L,T,T,L,L,P,L,L,F,L,P,G,W,A,F,C,S,H,E,A,S,D,G,L,R,N,L,H,M,L,Q,I,S,Y,F,R,D,P,Y,Q,V,W,H,R,G,N,A,S,L,G,G,L,T,T,H,V,L,E,G,L,G,S,N,V,T,I,R,Q,L,Q,P,L,Q,E,P,E,S,W,M,H,T,E,D,S,L,K,T,Y,L,H,Q,F,N,S,L,V,L,L,V,H,H,E,R,R,L,T,F,P,L,I,I,R,C,F,L,G,C,E,L,P,G,S,T,A,R,V,F,F,E,V,S,V,N,G,S,S,F,V,H,F,Q,P,E,T,A,L,W,V,A,G,P,Q,A,P,S,R,V,V,T,Y,T,L,Q,Q,L,N,A,Y,N,R,T,R,Y,E,L,R,E,F,L,Q,D,T,C,V,Q,Y,V,K,E,H,I,T,V,N,N,S,K,G,S,Q,T,G,R,S,Y,T,S,L,V,L,G,V,L,V,G,S,F,I,I,A,G,V,A,V,G,I,F,L,Y,T,G,G,R,R,C
Panthera_uncia,M,L,T,T,L,L,P,L,L,L,L,P,G,W,A,F,C,S,H,E,A,S,D,G,L,R,N,L,H,M,L,Q,I,S,Y,F,R,D,P,Y,Q,V,W,H,R,G,N,A,S,L,G,G,L,T,T,H,V,L,E,G,L,G,S,N,V,T,I,R,Q,L,Q,P,L,Q,E,P,E,S,W,M,H,T,E,D,S,L,K,T,Y,L,H,Q,F,N,S,L,V,L,L,V,H,H,E,R,R,L,T,F,P,L,I,I,R,C,F,L,G,C,E,L,P,G,S,T,A,R,V,F,F,E,V,S,V,N,G,S,S,F,V,H,F,Q,P,E,T,A,L,W,V,A,G,P,Q,A,P,S,R,V,V,T,Y,T,L,Q,Q,L,N,A,Y,N,R,T,R,Y,E,L,R,E,F,L,Q,D,T,C,V,Q,Y,V,K,E,H,I,T,V,N,N,S,K,G,S,Q,T,G,R,S,Y,T,S,L,V,L,G,V,L,V,G,S,F,I,I,A,G,V,A,V,G,I,F,L,Y,T,G,G,R,R,C
Perognathus_longimembris_pacificus,M,V,T,T,S,L,H,L,L,L,L,P,D,W,A,L,C,S,Q,E,D,S,D,A,P,Q,S,L,H,M,L,H,I,S,Y,F,P,D,P,S,H,V,R,H,Q,G,N,A,S,L,G,G,H,L,T,H,T,L,E,G,P,G,S,N,I,T,I,L,Q,L,Q,P,L,E,E,P,E,S,W,A,R,T,E,S,S,L,Q,L,Y,L,S,Q,F,Q,T,F,V,R,L,V,H,Q,E,R,K,V,S,F,P,L,T,I,R,C,F,L,G,C,E,L,P,G,S,S,A,H,V,F,F,N,V,D,L,N,G,S,S,F,V,S,F,Q,P,E,T,A,L,W,V,A,S,P,Q,A,P,L,R,V,V,T,Y,T,L,Q,Q,L,N,A,Y,N,R,T,R,Y,E,L,Q,E,F,L,Q,D,T,C,V,K,Y,V,E,K,H,I,A,M,T,N,S,Q,G,S,Q,T,G,R,S,Y,T,S,L,V,L,G,V,L,M,G,C,F,I,I,A,G,V,A,V,G,I,F,L,C,T,G,G,R,R,C
Peromyscus_californicus_insignis,M,L,T,K,L,L,S,L,L,L,L,P,G,C,A,F,C,D,Q,E,-,-,D,G,S,Q,S,L,H,M,L,Q,I,S,Y,F,Q,D,P,Y,Q,V,R,H,H,G,N,A,S,L,G,K,L,L,T,H,T,L,E,G,R,N,N,N,V,T,I,L,Q,L,Q,P,W,Q,D,P,E,S,W,E,R,T,E,S,G,L,K,L,Y,L,S,Q,F,S,S,L,V,Q,L,I,Y,R,E,R,K,V,V,F,P,L,T,V,S,C,S,L,G,C,Q,L,P,S,S,E,A,R,V,Y,F,D,V,A,V,N,G,S,S,F,V,S,F,Q,P,K,T,A,L,W,V,T,G,S,Q,E,P,S,E,A,I,S,F,T,L,K,Q,L,N,A,Y,N,R,T,R,Y,E,V,Q,E,F,L,Q,G,T,C,V,Q,Y,L,E,N,H,I,T,T,Q,N,T,K,G,S,Q,T,G,R,S,Y,T,S,L,V,L,G,I,L,V,G,S,F,I,I,A,G,V,A,V,G,I,F,L,C,T,G,G,R,R,C
Peromyscus_leucopus,M,L,T,K,L,L,S,L,L,L,L,P,G,C,A,F,C,D,Q,E,-,-,D,G,S,Q,S,L,H,M,L,Q,I,S,Y,F,Q,D,P,Y,Q,V,R,H,H,G,N,A,S,L,G,K,L,L,T,H,T,L,E,G,R,D,N,N,V,T,I,L,Q,L,Q,P,W,Q,D,P,E,S,W,K,R,T,E,S,N,L,K,H,Y,L,S,Q,F,S,S,L,V,Q,L,I,Y,R,E,R,K,V,V,F,P,L,T,V,T,C,S,L,G,C,E,L,P,S,S,E,A,R,V,Y,F,D,V,A,V,N,G,S,S,F,V,S,F,Q,P,K,A,A,L,W,V,T,S,S,Q,E,P,S,E,A,I,S,F,T,L,K,Q,L,N,A,Y,N,R,T,R,Y,E,M,Q,E,F,L,Q,G,T,C,V,Q,Y,L,E,N,H,I,T,T,Q,N,M,Q,G,S,Q,T,G,R,S,Y,T,S,L,V,L,G,I,L,V,G,S,F,I,I,A,G,V,A,V,G,I,F,L,C,T,G,G,R,R,C
Peromyscus_maniculatus_bairdii,M,L,T,K,L,L,S,L,L,L,L,P,G,C,A,F,C,D,Q,E,-,-,D,G,S,Q,S,L,H,M,L,Q,I,S,Y,F,Q,D,P,Y,Q,V,R,H,H,G,N,A,S,L,G,K,L,L,T,H,T,L,E,G,P,D,N,N,V,T,I,L,Q,L,Q,P,W,Q,D,P,E,S,W,K,H,T,E,S,N,L,K,H,Y,L,S,Q,F,S,N,L,V,K,L,I,C,R,E,R,K,V,V,F,P,F,T,V,T,C,S,L,G,C,E,L,P,S,S,E,A,R,V,Y,F,D,V,A,V,N,G,S,S,F,V,S,F,Q,P,K,A,A,L,W,V,T,S,S,Q,E,P,S,E,A,I,S,F,T,L,K,Q,L,N,A,Y,N,R,T,R,Y,E,M,Q,E,F,L,Q,G,T,C,V,Q,Y,L,E,N,H,I,T,T,Q,N,M,K,G,S,Q,T,G,R,S,Y,T,S,L,V,L,G,I,L,V,G,S,F,I,I,A,G,V,A,V,G,I,F,L,C,T,G,G,R,R,C
Phascolarctos_cinereus,-,-,-,-,M,L,P,L,L,-,-,-,-,-,-,-,-,-,-,-,-,-,-,G,S,Q,S,F,L,M,F,Q,I,S,H,F,W,D,P,S,S,V,Q,F,W,G,N,A,S,L,R,G,W,T,T,H,T,L,E,G,S,G,H,N,I,T,I,Q,Q,L,E,P,L,E,S,P,E,R,W,K,Q,T,K,E,H,L,L,K,Y,L,H,D,F,Q,L,L,V,Q,L,V,N,K,E,R,G,V,A,F,P,L,T,L,R,C,F,L,G,C,E,L,P,G,Q,D,A,H,V,F,Y,E,V,A,L,N,G,S,S,F,V,S,F,Q,P,E,K,V,L,W,S,A,-,-,-,-,-,-,-,-,-,-,-,T,L,K,Q,L,N,N,Y,N,Q,T,R,F,E,L,L,E,F,L,Q,D,T,C,V,-,-,-,-,-,-,-,-,-,-,-,-,-,-,-,-,-,-,R,S,Y,T,M,L,I,L,G,I,I,M,G,V,F,T,I,S,S,V,A,V,G,I,F,L,C,T,G,G,R,W,S
Phoca_vitulina,M,L,T,T,L,L,L,L,L,L,L,P,G,W,A,F,C,S,Q,E,A,S,D,G,P,W,N,L,H,M,L,Q,I,S,Y,F,R,D,P,Y,Q,V,W,H,R,G,N,A,S,L,G,G,L,T,T,H,V,L,E,G,Q,D,T,N,V,T,I,L,Q,L,Q,P,L,E,A,P,E,S,W,V,H,T,E,D,R,L,K,T,Y,L,K,E,F,Q,M,M,V,Q,L,V,H,H,E,R,H,L,T,F,P,L,T,V,R,C,F,L,G,C,E,L,P,G,S,P,A,Q,V,F,F,K,V,T,V,N,G,S,S,F,V,N,F,Q,P,E,T,A,L,W,V,A,G,P,Q,A,P,S,K,V,V,T,Y,T,L,Y,Q,L,N,S,Y,N,R,T,R,Y,E,L,R,E,F,L,Q,D,T,C,V,Q,Y,L,Q,E,Y,I,T,S,K,N,S,K,G,S,Q,T,G,R,S,Y,T,S,L,V,L,G,V,L,V,G,S,F,I,I,A,G,V,A,V,G,I,F,L,C,T,G,G,R,R,C
Phodopus_roborovskii,-,-,-,-,-,-,-,-,-,-,-,-,-,-,-,-,-,-,-,-,-,-,-,-,-,-,-,-,-,-,-,-,-,-,-,-,-,-,-,-,-,-,-,-,-,-,-,-,-,-,-,-,-,-,-,-,-,-,-,-,-,-,-,-,-,-,-,-,-,-,-,-,-,-,-,-,-,-,-,-,-,-,-,-,-,-,-,-,-,-,-,-,-,-,-,-,-,-,-,-,-,-,-,-,-,-,-,-,-,-,-,-,-,-,-,-,-,-,-,-,-,-,-,-,-,-,-,-,-,-,-,-,-,-,-,-,-,-,-,-,-,-,-,-,-,-,-,-,-,-,-,-,-,-,-,-,-,-,-,-,-,-,-,-,-,-,-,-,-,-,-,-,-,-,-,-,-,-,-,-,-,-,-,-,-,-,-,-,-,-,-,-,-,-,-,-,-,-,-,-,-,-,-,-,-,-,-,-,-,-,-,-,-,-,-,-,-,-,-,-,-,-,-,-,-,-,-,-,-,-,-,-,-,-,-,-
Prionailurus_bengalensis_euptilurus,-,-,-,-,-,-,-,-,-,-,-,-,-,-,-,-,-,-,-,-,-,-,-,-,-,-,-,-,-,-,-,-,-,-,-,-,-,-,-,-,-,-,-,-,-,-,-,-,-,-,-,-,-,-,-,-,-,-,-,-,-,-,-,-,-,-,-,-,-,-,-,-,-,-,-,-,-,-,-,-,-,-,-,-,-,-,-,-,-,-,-,-,-,-,-,-,-,-,-,-,-,-,-,-,-,-,-,-,-,-,-,-,-,-,-,-,-,-,-,-,-,-,-,-,-,-,-,-,-,-,-,-,-,-,-,-,-,-,-,-,-,-,-,-,-,-,-,-,-,-,-,-,-,-,-,-,-,-,-,-,-,-,-,-,-,-,-,-,-,-,-,-,-,-,-,-,-,-,-,-,-,-,-,-,-,-,-,-,-,-,-,-,-,-,-,-,-,-,-,-,-,-,-,-,-,-,-,-,-,-,-,-,-,-,-,-,-,-,-,-,-,-,-,-,-,-,-,-,-,-,-,-,-,-,-,-
Puma_concolor,M,L,T,T,L,L,P,L,L,L,L,P,G,W,A,F,C,S,H,E,A,S,D,G,L,R,T,L,H,M,L,Q,I,S,Y,F,R,D,P,Y,Q,V,W,H,Q,G,N,A,S,L,G,G,L,T,T,H,V,L,E,G,L,G,S,N,V,T,I,R,Q,L,Q,P,L,Q,E,P,E,S,W,M,H,T,E,D,S,L,K,T,Y,L,H,Q,F,N,S,L,V,L,L,V,H,H,E,R,R,L,T,F,P,L,I,I,R,C,F,L,G,C,E,L,P,G,S,T,A,R,V,F,F,E,V,S,V,N,G,S,S,F,V,H,F,Q,P,E,T,A,L,W,V,A,A,P,Q,A,P,S,R,V,V,T,Y,T,L,Q,Q,L,N,A,Y,N,R,T,R,Y,E,L,R,E,F,L,Q,D,T,C,V,Q,Y,V,Q,E,H,I,T,V,N,N,S,K,G,S,Q,T,G,R,S,Y,T,S,L,V,L,G,V,L,V,G,S,F,I,I,A,G,V,A,V,G,I,F,L,Y,T,G,G,R,R,C
Puma_yagouaroundi,M,L,T,T,L,L,P,L,L,L,L,P,G,W,A,F,C,S,H,E,A,S,D,G,L,R,N,L,H,M,L,Q,I,S,Y,F,R,D,P,Y,Q,V,W,H,Q,G,N,A,S,L,G,G,L,M,T,H,V,L,E,G,L,G,S,N,V,T,I,R,Q,L,Q,P,L,Q,E,P,E,S,W,M,H,T,E,D,S,L,K,T,Y,L,H,Q,F,N,S,L,V,L,L,V,H,H,E,R,R,L,T,F,P,L,I,I,R,C,F,L,G,C,E,L,P,G,S,T,A,R,V,F,F,E,V,S,V,N,G,S,S,F,V,H,F,Q,P,E,T,A,L,W,V,A,G,P,Q,A,P,S,R,V,V,T,Y,T,L,Q,Q,L,N,A,Y,N,R,T,R,Y,E,L,R,E,F,L,Q,D,T,C,V,Q,Y,V,Q,E,H,I,T,V,N,N,S,K,G,S,Q,T,G,R,S,Y,T,S,L,V,L,G,V,L,V,G,S,F,I,I,A,G,V,A,V,G,I,F,L,Y,T,G,G,R,R,C
Rattus_norvegicus,M,L,T,K,F,L,S,L,L,L,L,L,G,C,A,F,C,N,-,-,-,S,D,G,S,Q,S,L,H,M,L,Q,I,S,Y,F,P,D,P,Y,H,G,R,H,Q,G,N,A,S,L,G,K,L,L,T,H,T,L,E,G,P,S,N,N,V,T,I,L,Q,L,Q,D,W,Q,D,P,D,S,W,A,R,T,E,S,G,L,K,I,Y,L,S,Q,F,N,S,L,V,Q,L,I,Y,R,E,R,K,V,V,F,P,L,T,V,S,C,S,V,G,C,E,L,P,G,S,E,P,H,V,F,F,D,V,A,V,N,G,S,A,F,V,S,F,Q,P,K,T,A,I,W,V,T,G,S,Q,E,P,S,E,A,I,N,F,T,L,K,Q,L,N,T,Y,N,R,T,R,Y,E,L,Q,E,F,L,Q,D,T,C,V,Q,Y,L,E,N,H,I,T,T,Q,N,T,K,G,S,Q,T,G,R,S,Y,T,S,L,V,L,G,I,L,M,G,C,F,I,I,A,G,V,A,V,G,I,F,L,C,T,G,G,R,R,C
Rattus_rattus,M,L,T,K,F,L,S,L,L,L,L,P,G,C,A,F,C,N,-,-,-,S,D,G,S,Q,S,L,H,M,L,Q,I,S,Y,F,P,D,P,Y,H,G,R,H,Q,G,N,A,S,L,G,K,L,L,T,H,T,L,E,G,P,S,N,N,I,T,I,L,Q,L,Q,D,W,Q,D,P,D,S,W,A,R,T,E,S,G,L,K,L,Y,L,S,Q,F,N,S,L,V,Q,L,I,Y,R,E,R,K,V,V,F,P,L,T,V,S,C,S,V,G,C,E,L,P,G,S,E,P,H,V,F,F,D,V,A,V,N,G,S,A,F,V,S,F,Q,P,K,T,A,I,W,V,T,G,S,Q,E,P,S,E,A,I,N,F,T,L,K,Q,L,N,T,Y,N,R,T,R,Y,E,L,Q,E,F,L,Q,D,T,C,V,Q,Y,L,E,N,H,I,T,T,Q,N,T,K,G,S,Q,T,G,R,S,Y,T,S,L,V,L,G,I,L,M,G,C,F,I,I,A,G,V,A,V,G,I,F,L,C,T,G,G,R,R,C
Sarcophilus_harrisii,-,-,-,-,M,L,L,L,L,S,L,F,G,W,V,F,C,C,Q,G,A,V,E,G,S,Q,S,F,L,I,L,Q,I,S,H,F,L,D,P,F,S,V,Q,F,W,G,N,A,S,L,A,G,L,T,T,H,T,L,E,G,S,N,H,N,I,T,I,Q,Q,L,K,P,L,E,S,R,E,D,W,Q,Q,T,K,E,H,L,L,T,Y,L,S,E,F,Q,A,L,V,Q,L,V,N,K,E,R,R,V,T,F,P,L,T,L,R,C,S,L,G,C,E,L,P,S,Q,D,A,H,V,F,F,E,V,A,L,N,G,S,S,F,V,S,F,Q,P,E,K,A,L,W,S,A,-,-,-,-,-,-,-,-,-,-,-,-,L,K,Q,L,N,N,Y,N,R,T,R,F,E,L,L,E,F,L,Q,D,T,C,V,-,-,-,-,-,-,-,-,-,-,-,-,-,-,-,-,-,-,R,S,Y,T,M,L,I,L,G,I,I,M,G,V,F,T,I,S,S,V,A,V,G,I,F,L,C,T,G,G,R,W,S
Suncus_etruscus,M,L,T,A,L,L,P,L,L,L,L,P,G,W,V,L,C,S,H,E,A,S,E,G,P,Q,S,L,H,M,L,Q,I,S,Y,F,R,N,P,N,Q,V,W,H,H,G,N,A,S,L,M,G,H,P,T,H,K,L,E,G,R,G,T,N,V,T,F,V,Q,L,Q,P,L,Q,D,P,E,S,W,A,I,M,E,E,S,L,R,L,Y,I,Q,Q,F,Y,S,L,V,R,L,V,H,Q,E,R,H,V,A,F,P,V,T,V,R,C,F,L,G,C,E,L,P,D,T,K,A,S,T,F,F,E,V,T,V,N,G,S,A,F,V,S,F,Q,P,E,T,A,L,W,V,A,A,P,H,T,H,S,R,V,A,T,Y,T,L,Q,Q,L,N,A,Y,N,R,T,R,F,E,L,Q,E,F,L,Q,D,T,C,V,Q,Y,V,Q,E,H,-,-,-,-,-,-,-,-,-,-,-,-,-,-,-,-,-,-,-,-,-,-,-,-,-,-,-,-,-,-,-,-,-,-,-,-,-,-,-,-,-,-,-,-,-
Sus_scrofa,M,L,T,T,L,L,P,L,L,F,L,P,G,W,A,L,C,S,Q,K,V,S,D,G,P,R,D,L,R,M,L,Q,V,S,Y,F,R,S,P,S,Q,V,W,Y,Q,G,N,A,T,L,G,G,I,L,T,H,V,L,E,G,P,G,H,N,V,T,I,Q,Q,L,Q,P,L,Q,E,P,E,S,W,E,L,T,K,N,S,L,E,A,Y,L,K,E,F,Q,G,L,V,Q,V,V,H,Q,E,R,G,V,A,F,P,L,I,V,R,C,L,L,G,C,E,L,P,G,S,R,A,R,V,F,F,E,V,A,V,N,G,S,S,F,M,S,F,Q,P,E,T,A,S,W,M,A,R,P,Q,A,A,S,R,V,V,T,Y,T,V,E,Q,L,N,K,Y,N,R,T,R,Y,E,L,R,E,F,L,Q,D,T,C,V,Q,Y,V,Q,K,H,I,T,T,H,N,L,K,G,S,Q,T,G,R,S,Y,T,P,L,V,L,G,I,L,V,G,C,F,I,I,A,G,V,A,L,C,I,F,L,Y,V,G,G,R,R,C
Tachyglossus_aculeatus,-,-,-,-,-,-,-,L,A,L,L,L,G,W,A,L,C,S,Q,E,-,-,-,-,-,-,-,-,-,-,-,-,-,-,-,-,-,-,-,-,-,-,-,-,-,G,N,A,T,L,G,D,T,V,T,H,E,M,E,G,-,-,-,-,-,-,-,-,-,-,-,-,-,-,-,-,-,-,-,-,-,-,-,-,-,L,K,A,Y,L,E,D,F,K,N,V,V,V,L,I,N,H,E,R,G,L,S,F,P,L,T,L,T,S,S,L,G,C,E,L,P,G,S,A,A,H,T,F,Y,E,V,S,L,N,L,A,A,F,-,-,-,-,-,-,-,-,-,-,-,-,-,-,-,-,-,-,-,-,-,-,-,T,L,K,Q,L,N,R,Y,N,R,T,R,Y,E,L,Q,H,F,L,Q,V,T,C,V,-,-,-,-,-,-,-,-,-,-,-,-,-,-,-,-,-,-,-,-,-,-,G,L,V,M,G,I,I,V,G,I,F,T,I,S,G,V,A,V,G,I,F,L,C,T,G,G,-,-,-
Talpa_occidentalis,M,L,T,T,L,L,P,L,L,L,L,P,G,W,A,R,C,S,Q,E,A,S,D,G,Q,W,N,F,H,M,I,Q,K,S,Y,F,R,N,P,Y,Q,V,W,H,Q,G,N,A,T,L,G,G,L,P,T,H,T,L,E,G,P,D,N,N,V,T,I,L,Q,L,Q,P,L,Q,D,P,E,S,W,A,I,M,E,R,G,L,R,L,Y,L,Q,Q,F,S,G,L,V,R,L,V,H,Q,E,R,S,L,A,F,P,L,T,V,R,C,F,L,G,C,E,L,P,G,S,K,A,H,V,F,F,E,V,A,V,N,G,S,S,F,V,S,F,Q,P,E,T,A,L,W,V,A,G,S,K,P,P,S,K,V,A,T,Y,T,L,Q,Q,L,N,T,Y,N,R,T,R,Y,E,L,Q,E,F,L,Q,D,T,C,V,Q,Y,V,Q,E,Y,I,T,T,K,T,T,K,G,S,Q,T,G,R,S,Y,T,S,L,V,L,G,V,L,L,G,C,F,I,I,A,G,V,A,V,G,I,F,L,C,T,G,G,R,R,C
Trichechus_manatus_latirostris,M,L,T,T,L,L,P,L,L,F,L,P,G,W,A,L,C,S,Q,K,A,S,D,G,P,R,S,L,H,I,L,Q,F,A,Y,F,R,D,P,L,H,V,R,Y,W,G,N,A,S,L,R,G,H,P,T,H,V,L,E,G,N,G,T,N,V,T,I,L,Q,L,Q,P,L,E,E,P,E,S,W,A,R,T,E,R,G,L,K,R,Y,L,Q,D,F,H,G,L,L,R,L,V,H,L,E,R,S,L,A,F,P,L,I,I,R,C,F,L,G,C,E,L,P,G,S,K,A,H,I,F,F,E,V,T,V,N,G,S,S,F,A,S,F,Q,P,E,S,A,S,W,V,A,P,S,Q,T,R,S,T,V,A,A,Y,T,L,K,E,L,N,T,H,N,R,T,R,Y,E,L,R,E,F,L,Q,D,T,C,V,E,Y,V,Q,E,H,-,T,V,N,N,L,K,G,S,Q,T,G,R,S,Y,T,S,L,V,L,G,I,L,V,G,S,F,I,I,T,G,V,A,V,G,I,F,L,C,T,G,G,R,R,C
Trichosurus_vulpecula,-,-,-,-,M,L,P,L,L,S,L,F,S,W,V,I,C,C,Q,G,A,M,E,G,S,Q,S,F,I,I,L,Q,L,S,H,F,W,D,P,S,S,V,Q,F,W,G,N,A,S,L,G,G,L,T,T,H,T,L,E,G,S,G,H,N,I,S,I,Q,Q,L,Q,R,L,E,P,P,E,H,W,K,Q,T,K,E,Q,L,L,T,Y,L,S,E,F,Q,G,L,V,Q,L,V,N,K,E,R,G,V,A,F,P,L,T,L,R,C,S,L,G,C,E,L,P,G,Q,D,A,H,V,F,F,E,V,A,L,N,G,S,S,F,V,S,F,Q,P,E,K,A,L,W,S,A,-,-,-,-,-,-,-,-,-,-,-,T,L,K,Q,L,N,S,Y,N,R,T,R,F,E,L,L,E,F,L,Q,D,K,C,V,-,-,-,-,-,-,-,-,-,-,-,-,-,-,-,-,-,-,-,S,Y,T,M,L,I,L,G,I,I,M,G,V,F,T,I,S,S,V,A,V,G,I,F,L,C,T,G,G,R,W,S
Ursus_arctos_horribilis,-,-,-,-,-,-,-,-,-,-,-,-,-,-,-,-,-,-,-,-,-,-,-,-,-,-,-,-,-,-,-,-,-,-,-,-,-,-,-,-,-,-,-,-,-,-,-,-,-,-,-,-,-,-,-,-,-,-,-,-,-,-,-,-,-,-,-,-,-,-,-,-,-,-,-,-,-,-,-,-,-,-,-,-,-,-,-,-,-,-,-,-,-,-,-,-,-,-,-,-,-,-,-,-,-,-,-,-,-,-,-,-,-,-,-,-,-,-,-,-,-,-,-,-,-,-,-,-,-,-,-,-,-,-,-,-,-,-,-,-,-,-,-,-,-,-,-,-,-,-,-,-,-,-,-,-,-,-,-,-,-,-,-,-,-,-,-,-,-,-,-,-,-,-,-,-,-,-,-,-,-,-,-,-,-,-,-,-,-,-,-,-,-,-,-,-,-,-,-,-,-,-,-,-,-,-,-,-,-,-,-,-,-,-,-,-,-,-,-,-,-,-,-,-,-,-,-,-,-,-,-,-,-,-,-,-
Vombatus_ursinus,-,-,-,-,-,-,-,-,-,-,-,-,-,-,-,-,-,-,-,-,-,-,-,-,-,-,-,-,-,-,-,-,-,-,-,-,-,-,-,-,-,-,-,-,-,-,-,-,-,-,-,-,-,-,-,-,-,-,-,-,-,-,-,-,-,-,-,-,-,-,-,-,-,-,-,-,-,-,-,-,-,-,-,-,-,-,-,-,-,-,-,-,-,-,-,-,-,-,-,-,-,-,-,-,-,-,-,-,-,-,-,-,-,-,-,-,-,-,-,-,-,-,-,-,-,-,-,-,-,-,-,-,-,-,-,-,-,-,-,-,-,-,-,-,-,-,-,-,-,-,-,-,-,-,-,-,-,-,-,-,-,-,-,-,-,-,-,-,-,-,-,-,-,-,-,-,-,-,-,-,-,-,-,-,-,-,-,-,-,-,-,-,-,-,-,-,-,-,-,-,-,-,-,-,-,-,-,-,-,-,-,-,-,-,-,-,-,-,-,-,-,-,-,-,-,-,-,-,-,-,-,-,-,-,-,-
Vulpes_lagopus,M,L,T,T,L,L,P,L,L,L,L,P,S,W,A,F,C,S,Q,E,A,S,D,G,P,R,N,L,H,M,V,Q,I,S,Y,F,R,D,P,H,Q,V,W,H,R,G,N,A,S,L,G,G,L,T,T,H,V,L,E,G,Q,G,S,N,V,T,I,L,Q,L,Q,P,L,E,E,P,E,S,W,A,R,R,E,R,R,L,K,T,Y,L,D,E,F,N,L,L,V,R,L,V,H,Q,E,R,R,V,N,F,P,L,T,I,R,C,S,L,G,C,E,L,P,G,S,P,A,H,V,F,F,E,V,A,V,N,E,S,S,F,V,S,F,Q,P,E,K,A,L,W,V,A,G,P,Q,V,P,S,K,V,V,T,Y,T,L,H,Q,L,N,S,Y,N,R,T,R,Y,E,L,R,E,F,L,Q,D,T,C,V,Q,Y,V,Q,E,H,N,A,S,K,N,S,K,G,S,Q,T,G,R,S,Y,T,S,L,V,L,G,V,L,V,G,S,F,I,I,V,G,V,A,V,G,I,F,L,C,T,G,G,R,R,C
Vulpes_vulpes,M,L,T,T,L,L,P,L,L,L,L,P,S,W,A,F,C,S,Q,E,A,S,D,G,P,R,N,L,H,M,L,Q,I,S,Y,F,R,D,P,H,Q,V,W,H,R,G,N,A,S,L,G,G,L,T,T,H,V,L,E,G,Q,G,S,N,V,T,I,L,Q,L,Q,P,L,E,E,P,E,S,W,A,R,R,E,R,R,L,K,T,Y,L,D,E,F,N,L,L,V,R,L,V,H,Q,E,R,R,V,N,F,P,L,T,I,R,C,S,L,G,C,E,L,P,G,S,P,A,H,V,F,F,E,V,A,V,N,E,S,S,F,V,S,F,Q,P,E,K,A,L,W,V,A,G,P,Q,V,P,S,K,V,V,T,Y,T,L,H,Q,L,N,S,Y,N,R,T,R,Y,E,L,R,E,F,L,Q,D,T,C,V,Q,Y,V,Q,E,H,N,A,S,K,N,S,K,G,S,Q,T,G,R,S,Y,T,S,L,V,L,G,V,L,V,G,S,F,I,I,V,G,V,A,V,G,I,F,L,C,T,G,G,R,R,C
Zalophus_californianus,M,L,T,T,F,-,L,L,L,L,L,P,G,W,A,F,C,S,Q,E,A,S,D,G,P,R,N,L,H,M,L,Q,I,S,Y,F,R,D,P,Y,Q,V,W,H,R,G,N,A,S,L,G,G,L,R,T,H,V,L,E,G,Q,G,T,N,V,T,I,L,Q,L,Q,P,L,E,A,P,E,S,W,V,H,T,E,D,R,L,K,T,Y,L,N,E,F,Q,M,M,V,R,L,V,H,H,E,R,R,L,T,F,P,L,T,V,R,C,F,L,G,C,E,L,P,G,S,P,A,Q,V,F,F,E,V,T,V,N,G,S,S,F,V,N,F,Q,P,E,T,A,L,W,V,A,G,P,Q,A,P,S,K,V,V,T,Y,T,L,H,Q,L,N,S,Y,N,R,T,R,Y,E,L,R,E,F,L,Q,D,T,C,V,Q,Y,L,Q,E,Y,I,T,L,K,N,S,K,G,S,Q,T,G,R,S,Y,T,S,L,V,L,G,V,L,V,G,S,F,I,I,A,G,V,A,V,G,I,F,L,C,T,G,G,R,R,C
shrew_mole,-,-,-,-,-,-,-,-,-,-,-,-,-,-,-,-,-,-,-,-,-,-,-,-,-,-,-,-,-,-,-,-,-,-,-,-,-,-,-,-,-,-,-,-,-,-,-,-,-,-,-,-,-,-,-,-,-,-,-,-,-,-,-,-,-,-,-,-,-,-,-,-,-,-,-,-,-,-,-,-,-,-,-,-,-,-,-,-,-,-,-,-,-,-,-,-,-,-,-,-,-,-,-,-,-,-,-,-,-,-,-,-,-,-,-,-,-,-,-,-,-,-,-,-,-,-,-,-,-,-,-,-,-,-,-,-,-,-,-,-,-,-,-,-,-,-,-,-,-,-,-,-,-,-,-,-,-,-,-,-,-,-,-,-,-,-,-,-,-,-,-,-,-,-,-,-,-,-,-,-,-,-,-,-,-,-,-,-,-,-,-,-,-,-,-,-,-,-,-,-,-,-,-,-,-,-,-,-,-,-,-,-,-,-,-,-,-,-,-,-,-,-,-,-,-,-,-,-,-,-,-,-,-,-,-,-
ZWS,M,L,T,T,L,L,P,L,L,L,L,S,G,W,A,L,C,S,Q,E,A,A,D,G,L,Q,S,F,H,M,L,Q,I,S,Y,F,P,D,P,Y,H,S,R,H,W,G,N,A,S,L,S,G,Q,L,T,H,T,L,E,S,Q,G,N,N,I,T,I,L,Q,L,Q,P,L,Q,E,P,E,S,W,A,R,R,E,S,S,L,R,L,Y,L,Q,Q,F,Q,G,L,V,Q,L,V,Y,Q,E,R,K,V,A,F,P,L,I,I,R,C,F,L,G,C,E,L,P,G,S,K,A,H,V,F,F,K,V,S,I,N,E,S,S,F,V,R,F,Q,P,E,T,A,L,W,V,A,D,S,Q,E,S,S,K,V,M,S,F,T,L,Q,Q,L,N,A,Y,N,R,T,R,Y,E,V,Q,E,F,L,Q,D,T,C,V,H,Y,V,E,E,Y,I,A,A,K,N,V,K,G,S,Q,T,G,R,S,Y,T,S,L,V,L,G,V,L,V,G,S,F,I,I,A,G,V,A,V,G,I,F,L,C,T,S,G,R,R,C
