,PSPN 0,PSPN 1,PSPN 2,PSPN 3,PSPN 4,PSPN 5,PSPN 6,PSPN 7,PSPN 8,PSPN 9,PSPN 10,PSPN 11,PSPN 12,PSPN 13,PSPN 14,PSPN 15,PSPN 16,PSPN 17,PSPN 18,PSPN 19,PSPN 20,PSPN 21,PSPN 22,PSPN 23,PSPN 24,PSPN 25,PSPN 26,PSPN 27,PSPN 28,PSPN 29,PSPN 30,PSPN 31,PSPN 32,PSPN 33,PSPN 34,PSPN 35,PSPN 36,PSPN 37,PSPN 38,PSPN 39,PSPN 40,PSPN 41,PSPN 42,PSPN 43,PSPN 44,PSPN 45,PSPN 46,PSPN 47,PSPN 48,PSPN 49,PSPN 50,PSPN 51,PSPN 52,PSPN 53,PSPN 54,PSPN 55,PSPN 56,PSPN 57,PSPN 58,PSPN 59,PSPN 60,PSPN 61,PSPN 62,PSPN 63,PSPN 64,PSPN 65,PSPN 66,PSPN 67,PSPN 68,PSPN 69,PSPN 70,PSPN 71,PSPN 72,PSPN 73,PSPN 74,PSPN 75,PSPN 76,PSPN 77,PSPN 78,PSPN 79,PSPN 80,PSPN 81,PSPN 82,PSPN 83,PSPN 84,PSPN 85,PSPN 86,PSPN 87,PSPN 88,PSPN 89,PSPN 90,PSPN 91,PSPN 92,PSPN 93,PSPN 94,PSPN 95,PSPN 96,PSPN 97,PSPN 98,PSPN 99,PSPN 100,PSPN 101,PSPN 102,PSPN 103,PSPN 104,PSPN 105,PSPN 106,PSPN 107,PSPN 108,PSPN 109,PSPN 110,PSPN 111,PSPN 112,PSPN 113,PSPN 114,PSPN 115,PSPN 116,PSPN 117,PSPN 118,PSPN 119,PSPN 120,PSPN 121,PSPN 122,PSPN 123,PSPN 124,PSPN 125,PSPN 126,PSPN 127,PSPN 128,PSPN 129,PSPN 130,PSPN 131,PSPN 132,PSPN 133,PSPN 134,PSPN 135,PSPN 136,PSPN 137,PSPN 138,PSPN 139,PSPN 140,PSPN 141,PSPN 142,PSPN 143,PSPN 144,PSPN 145,PSPN 146
Chrysochloris_asiatica,M,A,P,G,G,V,L,L,-,-,-,-,-,-,-,-,-,-,-,-,-,-,-,-,-,-,-,-,-,-,-,-,-,-,-,-,-,-,-,V,A,E,A,E,G,T,T,R,I,R,R,A,A,A,S,P,C,Q,L,R,S,L,T,L,P,V,A,E,L,G,L,G,Y,V,S,E,E,R,V,V,F,R,Y,C,A,G,S,C,P,H,G,A,H,T,Q,H,G,L,T,L,A,R,L,R,S,Q,G,H,V,H,G,G,P,C,C,R,P,T,R,Y,T,D,V,V,F,L,D,D,R,N,H,W,Q,R,L,V,Q,L,S,A,A,A,C,G,C,S,D
Balaenoptera_acutorostrata_scammoni,M,A,T,G,R,V,L,L,G,S,L,L,L,L,I,L,H,L,D,L,R,G,G,P,G,A,W,G,A,V,G,E,E,E,L,L,S,E,P,V,V,E,R,-,G,T,A,R,P,R,R,A,L,A,G,P,C,Q,L,W,S,L,P,L,P,V,A,E,L,G,L,G,Y,T,S,E,E,T,V,I,F,R,Y,C,A,G,S,C,P,R,G,A,R,T,Q,H,G,L,T,L,A,R,L,R,G,Q,G,R,A,H,G,G,P,C,C,R,P,T,R,Y,A,D,V,A,F,L,D,D,R,H,R,W,Q,R,L,P,Q,L,S,A,A,A,C,G,C,G,G
Balaenoptera_musculus,M,A,T,G,R,V,L,L,G,S,L,L,L,L,I,L,H,L,D,L,R,G,G,P,G,A,W,G,A,V,A,E,E,E,L,L,S,E,P,V,V,D,R,-,G,T,A,R,P,R,R,A,L,A,G,P,C,Q,L,W,S,L,P,L,P,V,A,E,L,G,L,G,Y,T,S,E,E,T,V,I,F,R,Y,C,A,G,S,C,P,R,G,A,R,T,Q,H,G,L,T,L,A,R,L,R,G,Q,G,R,A,H,G,G,P,C,C,R,P,T,R,Y,A,D,V,A,F,L,D,D,R,H,R,W,Q,R,L,P,Q,L,S,A,A,A,C,G,C,G,G
Echinops_telfairi,-,-,-,-,-,-,-,-,-,-,-,-,-,-,-,-,-,-,-,-,-,-,-,-,-,-,-,-,-,-,-,-,-,-,-,-,-,-,-,-,-,-,-,-,-,-,A,R,L,R,R,A,P,A,A,P,C,Q,L,W,S,L,T,L,P,V,A,E,L,G,L,G,Y,T,S,E,E,R,V,V,F,R,Y,C,A,G,S,C,P,R,G,A,H,T,Q,H,G,L,T,L,A,R,L,R,G,Q,G,L,A,Q,G,G,P,C,C,R,A,T,S,Y,T,D,V,T,F,L,D,S,H,H,R,W,Q,R,L,V,Q,L,S,A,A,A,C,S,C,S,D
Delphinapterus_leucas,M,A,T,G,R,V,L,L,G,S,L,L,L,L,T,L,H,L,D,L,R,G,G,P,G,A,W,G,A,V,A,E,E,E,L,L,S,E,P,V,V,D,R,-,G,T,-,Q,L,R,R,A,L,A,S,P,C,Q,L,W,S,L,P,L,P,V,A,E,L,G,L,G,Y,T,S,E,E,T,V,I,F,R,Y,C,A,G,S,C,P,R,G,A,R,T,Q,H,G,L,T,L,A,R,L,R,G,Q,G,R,A,H,G,G,P,C,C,R,P,T,R,Y,T,D,V,A,F,L,D,D,R,H,R,W,Q,R,L,P,Q,L,S,A,A,A,C,G,C,G,G
Globicephala_melas,M,A,T,G,R,V,L,L,G,S,L,L,L,L,T,L,H,L,D,L,R,G,G,P,G,A,W,G,A,V,A,E,E,E,L,L,S,E,P,V,V,D,R,-,G,T,-,Q,L,R,R,A,L,A,G,P,C,Q,L,W,S,L,P,L,P,V,A,E,L,G,L,G,Y,T,S,E,E,T,V,I,F,R,Y,C,A,G,S,C,P,R,G,A,R,T,Q,H,G,L,T,L,A,R,L,R,G,Q,G,R,A,H,G,G,P,C,C,R,P,T,R,Y,A,D,V,A,F,L,D,D,R,H,R,W,Q,R,L,P,Q,L,S,A,A,A,C,G,C,G,G
Lagenorhynchus_obliquidens,M,A,T,G,R,V,L,L,G,S,L,L,L,L,T,L,H,L,D,L,R,G,G,P,G,A,W,G,A,V,A,E,E,E,L,L,S,E,P,V,V,D,R,-,G,T,-,Q,L,R,R,A,L,A,G,P,C,Q,L,W,S,L,P,L,P,V,A,E,L,G,L,G,Y,T,S,E,E,T,V,I,F,R,Y,C,A,G,S,C,P,R,G,A,R,T,Q,H,G,L,T,L,A,R,L,R,G,Q,G,R,A,H,G,G,P,C,C,R,P,T,R,Y,A,D,V,A,F,L,D,D,R,H,R,W,Q,R,L,P,Q,L,S,A,A,A,C,G,C,G,G
Lipotes_vexillifer,M,A,T,G,R,V,L,L,G,S,L,L,L,L,T,L,H,L,D,L,R,G,G,P,G,A,W,G,A,V,A,E,E,E,L,L,S,E,P,V,V,D,R,-,G,T,-,Q,L,R,R,A,L,A,G,P,C,Q,L,W,S,L,P,L,P,V,A,E,L,G,L,G,Y,T,S,E,E,T,V,I,F,R,Y,C,A,G,S,C,P,R,G,A,R,T,Q,H,G,L,T,L,A,R,L,R,G,Q,G,R,A,H,G,G,P,C,C,R,P,T,R,Y,A,D,V,A,F,L,D,D,R,H,R,W,Q,R,L,P,Q,L,S,A,A,A,C,G,C,G,G
Monodon_monoceros,M,A,T,G,R,V,L,L,G,S,L,L,L,L,T,L,H,L,D,L,R,G,G,P,G,A,W,G,A,V,A,E,E,E,L,L,S,E,P,V,V,D,R,-,G,T,-,Q,L,R,R,A,L,A,S,P,C,Q,L,W,S,L,P,L,P,V,A,E,L,G,L,G,Y,T,S,E,E,T,V,I,F,R,Y,C,A,G,S,C,P,R,G,A,R,T,Q,H,G,L,T,L,A,R,L,R,G,Q,G,R,A,H,G,G,P,C,C,R,P,T,R,Y,T,D,V,A,F,L,D,D,R,H,R,W,Q,R,L,P,Q,L,S,A,A,A,C,G,C,G,G
Neophocaena_asiaeorientalis_asiaeorientalis,M,A,T,G,R,V,L,L,G,S,L,L,L,L,T,L,H,L,D,L,R,G,G,P,G,A,W,G,A,V,A,E,E,E,L,L,S,E,P,V,V,D,R,-,G,T,T,R,P,R,R,A,L,A,G,P,C,Q,L,W,S,L,P,L,P,V,A,E,L,G,L,G,Y,T,S,E,E,T,V,I,F,R,Y,C,A,G,S,C,P,R,G,A,R,T,Q,H,G,L,T,L,A,R,L,R,G,Q,G,R,A,H,G,G,P,C,C,R,P,T,R,Y,A,D,V,A,F,L,D,D,R,H,R,W,Q,R,L,P,Q,L,S,A,A,A,C,G,C,G,G
Orcinus_orca,M,A,T,G,R,V,L,L,G,S,L,L,L,L,T,L,H,L,D,L,R,G,G,P,G,A,W,G,A,V,A,E,E,E,L,L,S,E,P,V,V,D,R,-,G,T,-,Q,L,R,R,A,L,A,G,P,C,Q,L,W,S,L,P,L,P,V,A,E,L,G,L,G,Y,T,S,E,E,T,V,I,F,R,Y,C,A,G,S,C,P,R,G,A,R,T,Q,H,G,L,T,L,A,R,L,R,G,Q,G,R,A,H,G,G,P,C,C,R,P,T,R,Y,A,D,V,A,F,L,D,D,R,H,R,W,Q,R,L,P,Q,L,S,A,A,A,C,G,C,G,G
Phocoena_sinus,M,A,T,G,R,V,L,L,G,S,L,L,L,L,T,L,H,L,D,L,R,G,G,P,G,A,W,G,A,V,A,E,E,E,L,L,S,E,P,V,V,D,R,-,G,T,T,R,P,R,R,A,L,A,G,P,C,Q,L,W,S,L,P,L,P,V,A,E,L,G,L,G,Y,T,S,E,E,T,V,I,F,R,Y,C,A,G,S,C,P,R,G,A,R,T,Q,H,G,L,T,L,A,R,L,R,G,Q,G,R,A,H,G,G,P,C,C,R,P,T,R,Y,A,D,V,A,F,L,D,D,R,H,R,W,Q,R,L,P,Q,L,S,A,A,A,C,G,C,G,G
Physeter_catodon,M,A,T,G,R,V,L,L,G,S,L,L,L,L,I,L,H,L,D,L,C,G,G,P,G,A,W,G,A,V,V,E,E,E,L,L,S,E,P,A,A,D,K,-,G,T,A,R,P,R,R,A,L,A,G,P,C,Q,L,W,S,L,P,L,P,V,A,E,L,G,L,G,Y,T,S,E,E,T,V,I,F,R,Y,C,A,G,S,C,P,R,G,A,R,T,Q,H,G,L,T,L,A,R,L,R,G,Q,G,R,A,H,G,G,P,C,C,R,P,T,R,Y,A,D,V,A,F,L,D,D,R,H,R,W,Q,R,L,P,Q,L,S,A,A,A,C,G,C,G,G
Tursiops_truncatus,M,A,T,G,R,V,L,L,G,S,L,L,L,L,T,L,H,L,D,L,R,G,G,P,G,A,W,G,A,V,A,E,E,E,L,L,S,E,P,V,V,D,R,-,G,T,-,Q,L,R,R,A,L,A,G,P,C,Q,L,W,S,L,P,L,P,V,A,E,L,G,L,G,Y,T,S,E,E,T,V,I,F,R,Y,C,A,G,S,C,P,R,G,A,R,T,Q,H,G,L,T,L,A,R,L,R,G,Q,G,R,A,H,G,G,P,C,C,R,P,T,R,Y,A,D,V,A,F,L,D,D,R,H,R,W,Q,R,L,P,Q,L,S,A,A,A,C,G,C,G,G
Acinonyx_jubatus,-,-,-,-,-,-,-,-,-,-,-,-,-,-,-,-,-,-,-,-,-,-,-,-,-,-,-,-,-,-,-,-,-,-,-,-,-,-,-,-,-,-,-,-,-,-,A,R,L,R,R,A,L,A,S,P,C,Q,L,W,S,L,P,L,P,V,A,E,L,G,L,G,Y,A,S,E,E,T,V,I,F,R,Y,C,A,G,S,C,P,H,G,A,R,T,Q,H,G,L,T,L,A,R,L,R,G,Q,G,R,A,H,G,G,P,C,C,Q,P,T,R,Y,T,D,V,A,F,L,D,D,R,H,R,W,Q,R,L,P,Q,L,S,A,A,A,C,S,C,G,G
Acomys_russatus,M,A,A,G,R,C,P,I,M,F,L,L,L,L,C,F,H,L,G,L,G,W,V,A,G,A,H,E,A,V,A,D,-,E,L,S,P,E,-,-,-,-,-,-,-,-,-,R,L,P,R,A,P,A,G,P,C,Q,L,W,S,L,T,L,P,V,A,E,L,G,L,G,Y,A,S,E,E,K,V,I,F,R,Y,C,A,G,S,C,P,R,E,A,R,T,Q,H,S,L,V,L,A,R,L,R,G,Q,G,R,A,H,G,R,P,C,C,Q,A,T,S,Y,A,D,V,T,F,L,D,D,R,H,R,W,Q,R,L,P,Q,L,S,A,A,A,C,G,C,G,G
Arvicanthis_niloticus,M,A,A,G,R,L,L,T,M,F,L,L,L,L,S,L,H,L,G,L,G,-,-,-,-,-,-,-,-,-,V,A,D,E,L,S,S,G,K,M,A,E,T,G,G,T,-,R,L,P,R,A,L,A,G,S,C,R,L,W,S,L,T,L,P,V,A,E,L,G,L,G,Y,A,S,E,E,K,V,I,F,R,Y,C,A,G,S,C,P,Q,E,A,R,T,Q,H,S,L,V,L,A,R,L,R,G,Q,G,R,A,H,G,R,P,C,C,Q,P,T,S,Y,A,D,V,T,F,L,D,D,H,H,H,W,R,Q,L,P,Q,L,S,A,A,A,C,G,C,G,G
Bison_bison_bison,M,A,T,G,R,V,L,L,G,S,L,L,L,L,I,L,H,L,D,F,G,G,S,Q,G,A,W,E,A,V,A,E,R,E,L,S,S,E,P,A,V,D,R,-,E,T,A,R,L,R,R,A,L,T,S,P,C,Q,L,W,S,L,S,L,P,V,A,E,L,G,L,G,Y,T,S,E,E,T,V,I,F,R,Y,C,A,G,S,C,P,R,G,A,R,T,Q,H,G,L,T,L,A,R,L,Q,G,Q,G,R,A,H,G,G,P,C,C,R,P,T,R,Y,A,D,V,T,F,L,D,D,H,H,R,W,Q,R,L,P,Q,L,S,A,A,A,-,-,-,-,-
Bos_indicus,M,A,T,G,R,V,L,L,G,S,L,L,L,L,I,L,R,L,D,F,G,G,S,Q,G,A,W,E,A,V,A,E,R,E,L,S,S,E,P,A,V,D,R,-,E,T,A,R,L,R,R,A,L,T,S,P,C,Q,L,W,S,L,S,L,P,V,A,E,L,G,L,G,Y,T,S,E,E,T,V,I,F,R,Y,C,A,G,S,C,P,R,G,A,R,T,Q,H,G,L,T,L,A,R,L,Q,G,Q,G,R,A,H,G,G,P,C,C,R,P,T,R,Y,A,D,V,T,F,L,D,D,H,H,R,W,Q,R,L,P,Q,L,S,A,A,A,C,G,C,S,G
Bos_mutus,M,A,T,G,R,V,L,L,G,S,L,L,L,L,I,L,H,L,D,F,G,G,S,Q,G,A,W,E,A,V,V,E,R,E,L,S,S,E,P,A,V,D,R,-,E,T,A,R,L,R,R,A,L,T,S,P,C,Q,L,W,S,L,S,L,P,V,A,E,L,G,L,G,Y,T,S,E,E,T,V,I,F,R,Y,C,A,G,S,C,P,R,G,A,R,T,Q,H,G,L,T,L,A,R,L,Q,G,Q,G,R,A,H,G,G,P,C,C,R,P,T,R,Y,A,D,V,T,F,L,D,D,H,H,R,W,Q,R,L,P,Q,L,S,A,A,A,C,G,C,S,G
Bos_taurus,M,A,T,G,R,V,L,L,G,S,L,L,L,L,I,L,R,L,D,F,G,G,S,Q,G,A,W,E,A,V,A,E,R,E,L,S,S,E,P,A,V,D,R,-,E,T,A,R,L,R,R,A,L,T,S,P,C,Q,L,W,S,L,S,L,P,V,A,E,L,G,L,G,Y,T,S,E,E,T,V,I,F,R,Y,C,A,G,S,C,P,R,G,A,R,T,Q,H,G,L,T,L,A,R,L,Q,G,Q,G,R,A,H,G,G,P,C,C,R,P,T,R,Y,A,D,V,T,F,L,D,D,H,H,R,W,Q,R,L,P,Q,L,S,A,A,A,C,G,C,S,G
Bubalus_bubalis,M,A,T,G,R,V,L,L,G,S,L,L,L,L,I,L,H,L,D,L,G,G,S,Q,G,A,W,E,A,V,V,E,R,E,L,S,S,E,P,A,V,D,R,-,E,T,A,R,L,R,R,A,L,T,S,P,C,Q,L,W,S,L,S,L,P,V,A,E,L,G,L,G,Y,M,S,E,E,T,V,I,F,R,Y,C,A,G,S,C,P,R,G,A,R,T,Q,H,G,L,T,L,A,R,L,Q,G,Q,G,R,A,H,G,G,P,C,C,R,P,T,R,Y,A,D,V,T,F,L,D,D,H,H,R,W,Q,R,L,P,Q,L,S,A,A,A,C,G,C,S,G
Budorcas_taxicolor,M,A,T,G,R,V,L,L,G,S,L,L,L,L,I,L,H,L,D,L,G,G,S,Q,G,A,W,E,A,V,A,E,R,E,L,S,S,E,P,A,V,D,R,-,E,T,A,R,L,R,R,A,L,T,S,P,C,Q,L,W,S,L,S,L,P,V,A,E,L,G,L,G,Y,T,S,E,E,T,V,I,F,R,Y,C,A,G,S,C,S,R,G,A,R,T,Q,H,G,L,T,L,A,R,L,R,G,Q,G,R,A,H,G,G,P,C,C,R,P,T,R,Y,A,D,V,T,F,L,D,D,R,H,R,W,Q,R,L,P,Q,L,S,A,A,A,C,G,C,G,G
Callithrix_jacchus,M,A,V,G,K,V,L,L,G,S,L,L,L,L,S,L,H,L,G,Q,G,W,D,P,D,A,R,G,A,V,A,N,G,E,F,S,S,E,Q,V,A,E,A,G,G,T,-,R,L,R,R,A,P,S,G,P,C,Q,L,W,S,L,T,L,S,V,A,E,L,G,L,G,Y,A,S,E,E,K,V,I,F,R,Y,C,A,G,S,C,P,R,G,A,R,T,Q,H,G,L,A,L,A,R,L,Q,G,Q,G,K,A,H,G,G,P,C,C,Q,P,T,H,Y,D,D,V,A,F,L,D,D,R,H,R,W,Q,W,L,P,Q,L,S,A,A,A,C,S,C,V,G
Camelus_bactrianus,M,A,T,G,R,V,L,L,G,S,L,L,L,L,I,L,Q,L,D,L,G,G,N,P,G,T,S,G,A,V,E,D,E,G,L,L,S,Q,P,V,G,D,R,-,G,T,T,R,L,R,R,A,P,A,S,P,C,Q,L,W,S,L,S,L,P,V,A,E,L,G,L,G,Y,T,S,E,E,T,V,I,F,R,Y,C,A,G,S,C,P,H,G,A,R,T,Q,H,G,L,T,L,A,W,L,R,G,Q,G,R,A,Q,G,G,-,-,-,-,-,-,-,-,-,-,-,-,-,-,-,-,-,-,-,-,-,-,-,-,-,-,-,-,-,-,-,-,-,-,-
Camelus_dromedarius,-,-,-,-,-,-,-,-,-,-,-,-,-,-,-,-,-,-,-,-,-,-,-,-,-,-,-,-,-,-,-,-,-,-,-,-,-,-,-,-,-,-,-,-,-,-,-,R,L,R,R,A,P,A,S,P,C,Q,L,W,S,L,S,L,P,V,A,E,L,G,L,G,Y,T,S,E,E,T,V,I,F,R,Y,C,A,G,S,C,P,H,G,A,R,T,Q,H,G,L,T,L,A,W,L,R,G,Q,G,R,A,H,G,G,P,C,C,R,P,T,R,Y,A,D,V,A,F,L,D,D,R,H,R,W,Q,R,L,P,Q,L,S,A,A,A,C,G,C,G,G
Camelus_ferus,M,A,T,G,R,V,L,L,G,S,L,L,L,L,I,L,Q,L,D,L,G,G,N,P,G,T,S,G,A,V,E,D,E,G,L,L,S,Q,P,V,G,D,R,-,G,T,T,R,L,R,R,A,P,A,S,P,C,Q,L,W,S,L,S,L,P,V,A,E,L,G,L,G,Y,T,S,E,E,T,V,I,F,R,Y,C,A,G,S,C,P,H,G,A,R,T,Q,H,G,L,T,L,A,W,L,R,G,Q,G,R,A,H,G,G,P,C,C,R,P,T,R,Y,A,D,V,A,F,L,D,D,R,H,R,W,Q,R,L,P,Q,L,S,A,A,A,C,G,C,G,G
Capra_hircus,M,A,T,G,R,V,L,L,G,S,L,L,L,L,I,L,H,L,D,L,G,G,S,Q,G,A,W,E,A,V,A,E,R,E,L,S,S,E,P,A,V,D,R,-,E,T,A,R,L,R,R,A,L,T,S,P,C,Q,L,W,S,L,S,L,P,V,A,E,L,G,L,G,Y,T,S,E,E,T,V,I,F,R,Y,C,A,G,S,C,S,R,G,A,R,T,Q,H,G,L,T,L,A,R,L,R,G,Q,G,R,A,H,G,G,P,C,C,R,P,T,R,Y,T,D,V,T,F,L,D,D,R,H,R,W,Q,R,L,P,Q,L,S,A,A,A,C,G,C,G,G
Cebus_imitator,M,A,V,G,K,V,L,L,G,S,V,L,L,L,S,L,H,L,G,Q,G,W,D,P,D,A,H,G,A,V,A,N,G,E,F,S,S,E,Q,V,A,E,A,-,-,-,-,R,L,R,R,A,P,S,G,P,C,Q,L,W,S,L,T,L,S,V,A,E,L,G,L,G,Y,A,S,E,E,K,V,I,F,R,Y,C,A,G,S,C,P,R,G,A,R,T,Q,H,G,L,A,L,A,R,L,Q,G,Q,G,K,A,H,G,G,P,C,C,Q,P,T,R,Y,D,D,V,A,F,L,D,D,R,H,R,W,Q,R,L,P,Q,L,S,A,A,A,C,S,C,V,G
Ceratotherium_simum_simum,M,A,T,G,R,V,V,L,G,S,L,L,L,L,L,L,Q,L,G,L,G,G,D,P,G,A,R,G,A,V,A,E,G,E,L,L,S,E,P,A,A,E,R,-,G,-,A,R,L,R,R,A,S,A,S,P,C,Q,L,W,S,L,S,L,P,V,A,E,L,G,L,G,Y,T,S,E,E,T,V,I,F,R,Y,C,A,G,S,C,P,R,G,A,R,T,Q,H,G,V,T,L,A,R,L,R,G,Q,G,R,A,H,G,G,P,C,C,Q,P,T,R,Y,A,D,V,A,F,L,D,D,R,H,R,W,Q,R,L,P,Q,L,S,A,A,A,C,G,C,G,G
Cercocebus_atys,M,A,V,G,K,V,L,L,G,S,L,L,L,L,S,L,Q,L,G,Q,G,W,G,P,D,A,R,G,A,V,A,D,G,V,F,S,S,E,Q,V,A,K,A,G,G,T,A,R,L,R,R,A,P,S,G,P,C,Q,L,W,S,L,T,L,S,V,A,E,L,G,L,G,Y,A,S,E,E,K,V,I,F,R,Y,C,A,G,S,C,P,R,G,A,R,T,Q,H,G,L,A,L,A,R,L,Q,G,Q,G,R,A,H,G,G,P,C,C,W,P,T,R,Y,T,D,V,A,F,L,D,D,R,H,R,W,Q,R,L,P,Q,L,S,A,A,A,C,G,C,G,G
Cervus_canadensis,M,A,T,G,R,V,L,L,G,S,L,L,L,L,I,L,H,L,D,L,G,G,S,R,G,A,W,E,A,V,A,E,R,E,L,S,F,E,P,A,V,D,R,-,E,T,A,R,L,R,R,S,L,T,S,P,C,Q,L,W,S,L,S,L,P,V,A,E,L,G,L,G,Y,T,S,E,E,T,V,I,F,R,Y,C,A,G,S,C,P,R,G,A,R,T,Q,H,G,L,T,L,A,R,L,R,G,Q,G,R,A,H,G,G,P,C,C,R,P,T,R,Y,A,D,V,T,F,L,D,D,R,H,R,W,Q,R,L,P,Q,L,S,A,A,A,C,G,C,G,G
Chlorocebus_sabaeus,M,A,V,G,K,V,L,L,G,S,L,L,L,L,S,L,Q,L,G,Q,G,W,G,P,D,A,R,G,A,V,A,D,G,E,F,S,S,E,Q,V,A,K,A,G,G,T,A,R,L,R,R,A,P,S,G,P,C,Q,L,W,S,L,T,L,S,V,A,E,L,G,L,G,Y,A,S,E,E,K,V,I,F,R,Y,C,A,G,S,C,P,R,G,A,R,T,Q,H,G,L,A,L,A,R,L,Q,G,Q,G,R,A,H,G,G,P,C,C,W,P,T,R,Y,T,D,V,A,F,L,D,D,R,H,R,W,Q,R,L,P,Q,L,S,A,A,A,C,G,C,G,G
Colobus_angolensis_palliatus,M,A,V,G,K,V,L,L,G,S,L,L,L,L,S,L,Q,L,G,Q,G,W,G,P,D,A,R,G,A,V,A,D,G,E,F,S,S,E,Q,V,A,K,A,G,G,T,A,R,L,R,R,A,P,S,G,P,C,Q,L,W,S,L,T,L,S,V,A,E,L,G,L,G,Y,A,S,E,E,K,V,I,F,R,Y,C,A,G,S,C,P,H,G,A,R,T,Q,H,G,L,A,L,A,R,L,Q,D,Q,G,R,A,H,G,G,P,C,C,W,P,T,R,Y,T,D,V,A,F,L,D,D,R,H,R,W,Q,R,L,P,Q,L,S,A,A,A,C,G,C,G,G
Condylura_cristata,M,A,T,G,R,V,L,L,G,S,L,V,L,L,L,L,Q,L,G,F,S,G,G,P,G,A,R,G,A,V,A,E,G,E,R,L,S,E,S,A,A,D,R,-,R,M,A,R,L,R,R,A,P,T,S,P,C,Q,L,W,S,L,P,L,P,V,A,D,L,G,L,G,Y,A,S,E,E,T,V,I,F,R,Y,C,A,G,S,C,P,R,G,A,R,T,Q,H,G,L,A,L,A,R,L,R,G,Q,G,R,A,H,G,G,P,C,C,R,P,T,R,Y,S,D,V,A,F,L,D,D,R,H,R,W,Q,R,L,P,Q,L,S,A,A,A,C,G,C,G,G
Elephas_maximus_indicus,M,A,P,G,G,G,L,F,H,C,L,L,L,L,W,L,L,L,G,L,S,W,G,A,A,A,L,G,-,-,-,-,-,-,-,-,-,-,-,-,-,-,-,-,-,-,S,R,L,R,R,A,T,A,S,P,C,R,L,W,S,L,T,L,P,V,A,E,L,G,L,G,Y,A,S,E,E,R,V,V,F,R,Y,C,A,G,S,C,P,H,G,A,R,T,Q,H,G,L,T,L,A,W,L,R,G,Q,G,R,A,H,S,G,P,C,C,R,P,T,R,Y,A,D,V,D,F,L,D,D,S,H,R,W,Q,R,L,V,Q,L,S,A,A,A,C,G,C,E,-
Enhydra_lutris_kenyoni,M,G,T,R,R,V,L,L,C,S,L,L,L,L,S,L,W,L,G,L,T,G,G,P,G,V,W,G,A,V,A,E,E,E,L,R,-,-,-,-,-,-,-,-,G,T,A,R,L,R,R,A,L,A,T,P,C,Q,L,W,S,L,S,L,P,V,A,E,L,G,L,G,Y,A,S,E,E,T,V,V,F,R,Y,C,A,G,S,C,P,R,D,A,R,T,Q,H,G,L,T,L,A,H,L,R,G,Q,G,R,A,H,G,G,P,C,C,R,P,T,R,Y,T,D,V,A,F,L,D,D,R,H,H,W,Q,W,L,P,Q,L,S,A,A,A,C,S,C,G,A
Equus_asinus,M,A,T,G,R,L,L,L,C,S,L,L,L,L,S,L,Q,L,G,F,G,G,D,P,G,A,R,G,A,V,A,E,G,Q,L,P,S,E,L,A,A,H,R,-,G,T,A,R,L,R,R,A,A,A,S,Q,C,Q,L,W,S,L,S,L,P,V,A,E,L,G,L,G,Y,T,S,E,E,T,V,I,F,R,Y,C,A,G,S,C,P,R,G,A,R,T,Q,H,G,L,T,L,A,R,L,R,G,Q,G,R,A,H,G,G,P,C,C,Q,P,T,R,Y,A,D,V,A,F,L,D,D,R,H,R,W,Q,R,L,P,Q,L,S,A,A,A,C,G,C,G,G
Equus_przewalskii,-,-,-,-,-,-,-,-,-,-,-,-,-,-,-,-,-,-,-,-,-,-,-,-,-,-,-,-,-,-,-,-,-,-,-,-,-,-,-,-,-,-,-,-,-,-,-,-,-,-,-,-,-,-,-,-,-,-,-,-,-,-,-,-,-,-,-,-,-,-,-,-,-,-,-,-,-,-,-,-,-,-,-,-,-,-,-,-,-,-,-,-,-,-,-,-,-,-,-,-,-,-,-,-,-,-,-,-,-,-,-,-,-,-,-,-,-,-,-,-,-,-,-,-,-,-,-,-,-,-,-,-,-,-,-,-,-,-,-,-,-,-,-,-,-,-,-
Equus_quagga,M,A,T,G,R,L,L,L,C,S,L,L,L,L,S,L,Q,L,G,F,G,G,D,P,G,A,R,G,A,V,A,E,R,Q,L,L,S,E,L,A,A,H,R,-,G,T,A,R,L,R,R,A,A,A,S,Q,C,Q,L,W,S,L,S,L,P,V,A,E,L,G,L,G,Y,T,S,E,E,T,V,I,F,R,Y,C,A,G,S,C,P,R,G,A,R,T,Q,H,G,L,T,L,A,R,L,R,G,Q,G,R,A,H,G,G,P,C,C,Q,P,T,R,Y,A,D,V,A,F,L,D,D,H,H,R,W,Q,R,L,P,Q,L,S,A,A,A,C,G,C,G,G
Gorilla_gorilla_gorilla,M,A,V,G,K,F,L,L,G,S,L,L,L,L,S,L,Q,L,G,Q,G,W,G,P,D,A,R,G,V,V,A,D,G,E,F,S,S,E,Q,V,A,K,A,G,G,T,A,R,L,R,R,A,P,S,G,P,C,Q,L,W,S,L,T,L,S,V,A,E,L,G,L,G,Y,A,S,E,E,K,V,I,F,R,Y,C,A,G,S,C,P,R,G,A,R,T,Q,H,G,L,A,L,A,R,L,Q,G,Q,G,R,A,H,G,G,P,C,C,R,P,T,R,Y,T,D,V,A,F,L,D,D,R,H,R,W,Q,Q,L,P,Q,L,S,A,A,A,C,G,C,G,G
Halichoerus_grypus,M,A,M,G,R,V,L,L,C,S,L,L,L,L,S,L,Q,R,G,L,S,R,G,P,G,A,R,G,A,V,A,E,E,E,L,-,-,-,-,-,-,-,R,-,G,T,A,R,L,R,R,A,L,A,S,P,C,Q,L,W,S,L,P,L,P,V,A,E,L,G,L,G,Y,A,S,E,E,T,V,I,F,R,Y,C,A,G,S,C,P,R,G,A,R,T,Q,H,G,L,T,L,A,R,L,R,G,Q,G,R,A,H,G,G,P,C,C,R,P,T,R,Y,A,D,V,A,F,L,D,D,R,H,R,W,Q,R,L,P,Q,L,S,A,A,A,C,S,C,G,A
Homo_sapiens,M,A,V,G,K,F,L,L,G,S,L,L,L,L,S,L,Q,L,G,Q,G,W,G,P,D,A,R,G,V,V,A,D,G,E,F,S,S,E,Q,V,A,K,A,G,G,T,A,R,L,R,R,A,L,S,G,P,C,Q,L,W,S,L,T,L,S,V,A,E,L,G,L,G,Y,A,S,E,E,K,V,I,F,R,Y,C,A,G,S,C,P,R,G,A,R,T,Q,H,G,L,A,L,A,R,L,Q,G,Q,G,R,A,H,G,G,P,C,C,R,P,T,R,Y,T,D,V,A,F,L,D,D,R,H,R,W,Q,R,L,P,Q,L,S,A,A,A,C,G,C,G,G
Hylobates_moloch,M,A,V,G,K,F,L,L,G,S,L,L,L,L,S,L,Q,L,G,Q,G,W,G,P,D,A,R,G,I,V,A,D,G,E,F,S,S,E,Q,V,A,K,A,G,G,T,A,R,L,R,R,A,P,S,G,P,C,Q,L,W,S,L,T,L,S,V,A,E,L,G,L,G,Y,A,S,E,E,K,V,I,F,R,Y,C,A,G,S,C,P,R,G,A,R,T,Q,H,G,L,A,L,A,R,L,Q,G,Q,G,R,A,H,G,G,P,C,C,Q,P,T,R,Y,T,D,V,A,F,L,D,D,R,H,R,W,Q,W,L,P,Q,L,S,A,A,A,C,G,C,G,G
Ictidomys_tridecemlineatus,M,A,T,G,R,V,L,L,G,F,L,L,L,L,S,L,Q,L,G,I,G,W,S,P,D,T,Q,G,A,M,A,E,E,E,F,L,S,E,-,-,-,-,-,-,-,-,A,R,L,R,R,A,P,A,S,P,C,Q,L,W,S,L,T,L,P,V,A,E,L,G,Q,G,Y,A,S,E,E,K,I,T,F,R,Y,C,A,G,S,C,P,R,G,A,R,T,Q,H,G,L,T,L,A,R,L,R,G,Q,G,R,A,F,G,G,P,C,C,R,P,T,R,Y,A,D,V,A,F,I,D,D,H,H,R,W,Q,R,L,P,Q,L,S,A,A,A,C,S,C,G,-
Leopardus_geoffroyi,M,A,T,G,R,V,L,L,C,S,L,L,L,L,S,L,Q,P,G,L,G,R,G,P,-,-,-,-,-,-,-,-,-,-,-,-,-,-,-,-,-,-,-,-,-,-,A,R,L,R,R,A,L,A,S,P,C,Q,L,W,S,L,P,L,P,V,A,E,L,G,L,G,Y,A,S,E,E,T,V,I,F,R,Y,C,A,G,S,C,P,R,G,A,R,T,Q,H,G,L,T,L,A,R,L,R,G,Q,G,R,A,H,G,G,P,C,C,Q,P,T,R,Y,T,D,V,A,F,L,D,D,R,H,R,W,Q,R,L,P,Q,L,S,A,A,A,C,S,C,G,G
Loxodonta_africana,-,-,-,-,-,-,-,-,-,-,L,L,L,L,W,L,L,L,G,L,S,W,G,P,A,A,L,G,S,V,A,S,G,E,F,W,T,E,H,V,A,G,T,G,G,T,A,R,L,R,R,A,T,A,S,P,C,R,L,W,S,L,T,L,P,V,A,E,L,G,L,G,Y,A,S,E,E,R,V,V,F,R,Y,C,A,G,S,C,P,H,G,A,R,T,Q,H,G,L,T,L,A,W,L,R,G,Q,G,R,A,H,S,G,P,C,C,R,P,T,R,Y,A,D,V,A,F,L,D,D,S,H,R,W,Q,R,L,V,Q,L,S,A,A,A,C,G,C,E,-
Macaca_fascicularis,M,A,V,G,K,V,L,L,G,S,L,L,L,L,S,L,Q,L,G,Q,G,W,G,P,D,A,R,G,D,V,A,D,G,E,F,S,S,E,Q,V,A,K,A,G,G,T,A,R,L,R,R,A,P,S,G,P,C,Q,L,W,S,L,T,L,S,V,A,E,L,G,L,G,Y,A,S,E,E,K,V,I,F,R,Y,C,A,G,S,C,P,R,G,A,R,T,Q,H,G,L,A,L,A,R,L,Q,G,Q,G,R,A,H,G,G,P,C,C,W,P,T,R,Y,T,D,V,A,F,L,D,D,R,H,R,W,Q,R,L,P,Q,L,S,A,A,A,C,G,C,G,G
Macaca_mulatta,M,A,V,G,K,V,L,L,G,S,L,L,L,L,S,L,Q,L,G,Q,G,W,G,P,D,A,R,G,A,V,A,D,G,E,F,S,S,E,Q,V,A,K,A,G,G,T,A,R,L,R,R,A,P,S,G,P,C,Q,L,W,S,L,T,L,S,V,A,E,L,G,L,G,Y,A,S,E,E,K,V,I,F,R,Y,C,A,G,S,C,P,R,G,A,R,T,Q,H,G,L,A,L,A,R,L,Q,G,Q,G,R,A,H,G,G,P,C,C,W,P,T,R,Y,T,D,V,A,F,L,D,D,R,H,R,W,Q,R,L,P,Q,L,S,A,A,A,C,G,C,G,S
Macaca_nemestrina,M,A,V,G,K,V,L,L,G,S,L,L,L,L,S,L,Q,L,G,Q,G,W,G,P,D,A,R,G,A,V,A,D,G,E,F,S,S,E,Q,V,A,K,A,G,G,T,A,R,L,R,R,A,P,S,G,P,C,Q,L,W,S,L,T,L,S,V,A,E,L,G,L,G,Y,A,S,E,E,K,V,I,F,R,Y,C,A,G,S,C,P,H,G,A,R,T,Q,H,G,L,A,L,A,R,L,Q,G,Q,G,R,A,H,G,G,P,C,C,W,P,T,R,Y,T,D,V,A,F,L,D,D,R,H,R,W,Q,R,L,P,Q,L,S,A,A,A,C,G,C,G,G
Macaca_thibetana_thibetana,M,A,V,G,K,V,L,L,G,S,L,L,L,L,S,L,Q,L,G,Q,G,W,G,P,D,A,R,G,D,V,A,D,G,E,F,S,S,E,Q,V,A,K,A,G,G,T,A,R,L,R,R,A,P,S,G,P,C,Q,L,W,S,L,T,L,S,V,A,E,L,G,L,G,Y,A,S,E,E,K,V,I,F,R,Y,C,A,G,S,C,P,R,G,A,R,T,Q,H,G,L,A,L,A,R,L,Q,G,Q,G,R,A,H,G,G,P,C,C,W,P,T,R,Y,T,D,V,A,F,L,D,D,R,H,R,W,Q,R,L,P,Q,L,S,A,A,A,C,G,C,G,G
Mandrillus_leucophaeus,M,A,V,G,K,V,L,L,G,S,L,L,L,L,S,L,Q,L,G,Q,G,W,G,P,D,A,R,G,A,V,A,D,G,V,F,S,S,E,Q,V,A,K,A,G,G,T,A,R,L,R,R,A,P,S,G,P,C,Q,L,W,S,L,T,L,S,V,A,E,L,G,L,G,Y,A,S,E,E,K,V,I,F,R,Y,C,A,G,S,C,P,R,G,A,R,T,Q,H,G,L,A,L,A,R,L,Q,G,Q,G,R,A,H,G,G,P,C,C,W,P,T,R,Y,T,D,V,A,F,L,D,D,R,H,R,W,Q,R,L,P,Q,L,S,A,A,A,C,G,C,G,G
Marmota_flaviventris,M,S,T,G,R,V,L,L,G,F,L,L,L,L,S,L,Q,L,G,I,G,R,S,P,D,T,Q,G,A,V,A,E,K,E,F,L,S,E,-,-,-,-,-,-,-,-,A,R,L,R,R,A,P,A,S,P,C,Q,L,W,S,L,T,L,P,V,A,E,L,G,L,G,Y,A,S,E,E,K,I,T,F,C,Y,C,A,G,S,C,P,R,G,A,R,T,Q,H,G,L,T,L,A,R,L,R,G,Q,G,R,A,F,G,G,P,C,C,R,P,T,R,Y,A,D,V,A,F,I,D,D,H,H,R,W,Q,R,L,P,Q,L,S,A,A,A,C,S,C,G,-
Marmota_marmota_marmota,M,S,A,G,R,V,L,L,G,F,L,L,L,L,S,L,Q,L,G,I,G,W,S,P,D,T,Q,G,A,V,A,E,K,E,F,L,S,E,-,-,-,-,-,-,-,-,A,R,L,R,R,A,P,A,S,P,C,Q,L,W,S,L,T,L,P,V,A,E,L,G,L,G,Y,A,S,E,E,K,I,T,F,C,Y,C,A,G,S,C,P,Q,G,A,R,T,Q,H,G,L,T,L,A,R,L,R,G,Q,G,R,A,F,G,G,P,C,C,R,P,T,R,Y,A,D,V,A,F,I,D,D,H,H,R,W,Q,R,L,P,Q,L,S,A,A,A,C,S,C,G,-
Marmota_monax,M,S,T,G,R,V,L,L,G,F,L,L,L,L,S,L,Q,L,G,I,G,R,S,P,D,T,Q,G,A,V,A,E,K,E,F,L,S,E,-,-,-,-,-,-,-,-,A,R,L,R,R,A,P,A,S,P,C,Q,L,W,S,L,T,L,P,V,A,E,L,G,L,G,Y,A,S,E,E,K,I,T,F,C,Y,C,A,G,S,C,P,R,G,A,R,T,Q,H,G,L,T,L,A,R,L,R,G,Q,G,R,A,F,G,G,P,C,C,R,P,T,R,Y,A,D,V,A,F,I,D,D,H,H,R,W,Q,R,L,P,Q,L,S,A,A,T,C,S,C,G,-
Nannospalax_galili,M,E,A,R,R,L,L,L,C,V,L,L,L,P,A,L,W,Q,S,L,G,E,-,-,-,-,-,-,-,-,-,-,-,-,-,-,-,-,-,-,-,-,-,-,-,-,G,R,L,R,R,A,P,A,G,P,C,Q,L,W,S,L,T,L,R,V,A,E,L,G,L,G,Y,T,S,E,E,K,V,L,F,R,Y,C,A,G,S,C,H,R,G,A,R,T,Q,H,G,L,A,L,A,W,L,Q,G,Q,G,R,A,H,G,Q,V,C,C,R,P,T,R,Y,T,D,V,A,F,L,D,D,R,H,H,W,Q,R,L,P,Q,L,S,A,A,A,C,G,C,G,G
Neomonachus_schauinslandi,M,A,M,G,R,V,L,L,C,S,L,L,L,L,S,L,Q,R,G,L,S,R,G,P,G,A,R,G,A,V,A,E,E,E,-,-,-,-,-,-,-,-,-,-,-,-,A,R,L,R,R,A,L,A,S,P,C,Q,L,W,S,L,P,L,P,V,A,E,L,G,L,G,Y,A,S,E,E,T,V,I,F,R,Y,C,A,G,S,C,P,R,G,A,R,T,Q,H,G,L,T,L,A,R,L,R,G,Q,G,R,A,H,G,G,P,C,C,R,P,T,R,Y,A,D,V,A,F,L,D,D,R,H,R,W,Q,R,L,P,Q,L,S,A,A,A,C,S,C,G,A
Nomascus_leucogenys,M,A,V,G,K,F,L,L,G,S,L,L,L,L,S,L,Q,L,G,Q,G,W,G,P,D,A,R,G,I,V,A,D,G,E,F,S,S,E,Q,V,A,K,A,G,G,T,A,R,L,R,R,A,P,S,G,P,C,Q,L,W,S,L,T,L,S,V,A,E,L,G,L,G,Y,A,S,E,E,K,V,I,F,R,Y,C,A,G,S,C,P,R,G,A,R,T,Q,H,G,L,A,L,A,R,L,Q,G,Q,G,R,A,H,G,G,P,C,C,R,P,T,R,Y,T,D,V,A,F,L,D,D,R,H,R,W,Q,Q,L,P,Q,L,S,A,A,A,C,G,C,G,G
Ochotona_curzoniae,-,-,-,-,-,-,M,L,G,A,V,L,L,L,P,L,S,L,Q,L,G,-,-,-,-,-,-,-,-,-,-,E,R,E,F,L,S,Q,Q,V,A,E,A,G,G,T,A,R,L,R,R,A,P,A,E,P,C,Q,L,W,S,L,T,L,P,V,A,E,L,G,L,G,Y,A,S,E,E,K,V,I,F,H,Y,C,A,G,S,C,L,R,G,A,R,T,Q,H,G,L,T,L,A,W,L,Q,G,Q,G,R,A,H,G,V,P,C,C,R,P,T,R,Y,A,D,V,V,F,L,D,D,R,L,R,W,Q,R,L,P,Q,L,S,A,A,A,C,G,C,G,-
Ochotona_princeps,-,-,-,-,-,-,M,L,G,A,V,L,L,L,P,L,S,L,Q,L,-,-,-,-,-,-,-,-,-,-,-,E,G,E,F,L,S,Q,Q,V,A,E,A,G,G,T,T,R,L,R,R,A,P,A,D,P,C,Q,L,W,S,L,T,L,P,V,A,E,L,G,L,G,Y,A,S,E,E,K,V,I,F,R,Y,C,A,G,S,C,P,R,G,A,R,T,Q,H,G,L,T,L,A,W,L,Q,G,Q,G,R,A,H,G,A,P,C,C,R,P,T,R,Y,A,D,V,A,F,L,D,D,R,L,R,W,Q,R,L,P,Q,L,S,A,A,A,C,G,C,G,-
Octodon_degus,M,A,T,G,R,V,L,L,A,S,L,L,L,L,S,L,Q,L,G,L,G,W,G,P,D,A,Q,G,T,V,A,E,G,E,L,-,-,-,-,-,-,-,-,-,-,-,A,R,L,R,R,A,P,G,S,P,C,Q,L,W,S,L,T,L,P,V,A,E,L,G,L,G,Y,A,S,E,E,K,V,T,F,R,Y,C,A,G,S,C,P,R,G,A,R,T,Q,H,G,L,T,L,A,R,L,R,G,Q,G,Q,A,H,G,G,P,C,C,R,P,T,R,Y,A,D,V,A,F,L,D,D,H,H,R,W,Q,R,L,P,Q,L,S,A,A,A,C,G,C,G,G
Ovis_aries,M,A,T,G,R,V,L,R,G,S,L,L,L,L,I,L,H,L,D,L,G,G,S,Q,G,A,W,E,A,V,A,E,R,E,L,S,S,E,P,A,V,D,R,-,E,T,A,R,L,P,R,A,L,T,S,P,C,Q,L,W,S,L,S,L,P,V,A,E,L,G,L,G,Y,T,S,E,E,T,V,I,F,R,Y,C,A,G,S,C,S,R,G,A,R,T,Q,H,G,L,T,L,A,R,L,R,G,Q,G,R,A,H,G,G,P,C,C,R,P,T,R,Y,A,D,V,T,F,L,D,D,R,H,R,W,Q,R,L,P,Q,L,S,A,A,A,C,G,C,G,G
Pan_paniscus,-,-,-,-,-,-,L,L,G,S,L,L,L,L,S,L,Q,L,G,Q,G,W,G,P,D,A,R,G,V,V,A,D,G,E,F,S,S,E,R,V,A,K,A,G,G,T,A,R,L,R,R,A,P,S,G,P,C,Q,L,W,S,L,T,L,S,V,A,E,L,G,L,G,Y,A,S,E,E,K,V,I,F,R,Y,C,A,G,S,C,P,R,G,A,H,T,Q,H,G,L,A,L,A,R,L,Q,G,Q,G,R,A,H,G,G,P,C,C,R,P,T,R,Y,T,D,V,A,F,L,D,D,R,H,R,W,Q,R,L,P,Q,L,S,A,A,A,C,G,C,G,G
Pan_troglodytes,-,-,-,-,-,-,L,L,G,S,L,L,L,L,S,L,Q,L,G,Q,G,W,G,P,D,A,R,G,V,V,A,D,G,E,F,S,S,E,R,V,A,K,A,G,G,T,A,R,L,R,R,A,P,S,G,P,C,Q,L,W,S,L,T,L,S,V,A,E,L,G,L,G,Y,A,S,E,E,K,V,I,F,R,Y,C,A,G,S,C,P,R,G,A,H,T,Q,H,G,L,A,L,A,R,L,Q,G,Q,G,R,A,H,G,G,P,C,C,R,P,T,R,Y,T,D,V,A,F,L,D,D,R,H,R,W,Q,R,L,P,Q,L,S,A,A,A,C,G,C,G,G
Panthera_tigris_altaica,-,-,-,-,-,-,-,-,-,-,-,-,-,-,-,-,-,-,-,-,-,-,-,-,-,-,-,-,-,-,-,-,-,-,-,-,-,-,-,-,-,-,-,-,-,-,-,-,-,-,-,-,-,-,-,-,-,-,-,-,-,-,-,-,-,-,-,-,-,-,-,-,-,-,-,-,-,-,-,-,-,-,-,-,-,-,-,-,-,-,-,-,-,-,-,-,-,-,-,-,-,-,-,-,-,-,-,-,-,-,-,-,-,-,-,-,-,-,-,-,-,-,-,-,-,-,-,-,-,-,-,-,-,-,-,-,-,-,-,-,-,-,-,-,-,-,-
Papio_anubis,M,A,V,G,K,V,L,L,G,S,L,L,L,L,S,L,Q,L,G,Q,G,W,G,P,D,A,R,G,A,V,A,D,G,V,F,S,S,E,Q,V,A,K,A,G,G,T,A,R,L,R,R,A,P,S,G,P,C,Q,L,W,S,L,T,L,S,V,A,E,L,G,L,G,Y,A,S,E,E,K,V,I,F,R,Y,C,A,G,S,C,P,R,G,A,R,T,Q,H,G,L,A,L,A,W,L,Q,G,Q,G,R,A,H,G,G,P,C,C,W,P,T,R,Y,T,D,V,A,F,L,D,D,R,H,R,W,Q,R,L,P,Q,L,S,A,A,A,C,G,C,G,G
Piliocolobus_tephrosceles,M,A,V,G,K,V,L,L,G,S,L,L,L,L,S,L,Q,L,G,Q,G,W,G,P,D,A,R,G,A,V,A,D,G,E,F,S,S,E,Q,V,A,K,A,G,G,T,A,R,L,R,R,A,P,S,G,P,C,Q,L,W,S,L,T,L,S,V,A,E,L,G,L,G,Y,A,S,E,E,K,V,I,F,R,Y,C,A,G,S,C,P,R,G,A,R,T,Q,H,G,L,A,L,A,R,L,Q,G,Q,G,R,A,H,G,G,P,C,C,W,P,T,R,Y,T,D,V,A,F,L,D,D,R,H,R,W,Q,R,L,P,Q,L,S,A,A,A,C,G,C,G,G
Pongo_abelii,M,T,V,G,K,F,L,L,G,S,L,L,L,L,S,L,Q,L,G,Q,G,W,G,P,D,A,R,G,V,V,A,D,G,E,F,S,S,E,Q,V,A,K,A,G,G,T,A,R,L,R,R,A,P,S,G,P,C,Q,L,W,S,L,T,L,S,V,A,E,L,G,L,G,Y,A,S,E,E,K,V,I,F,R,Y,C,A,G,S,C,P,R,G,A,R,T,Q,H,G,L,A,L,A,R,L,Q,G,Q,G,R,A,H,G,G,P,C,C,R,P,T,R,Y,T,D,V,A,F,L,D,D,R,H,R,W,Q,R,L,P,Q,L,S,A,A,A,C,G,C,G,G
Propithecus_coquereli,M,A,S,G,M,A,P,L,C,A,L,L,L,L,S,L,Q,L,G,L,G,W,G,S,S,A,W,G,T,-,-,-,-,-,-,-,-,-,-,-,-,-,-,-,-,-,A,R,L,R,R,A,P,A,S,P,C,Q,L,W,S,L,T,L,P,V,A,E,L,G,L,G,Y,I,S,E,E,K,V,I,F,R,Y,C,A,G,S,C,P,R,G,A,R,T,Q,H,G,L,V,L,A,R,L,R,G,Q,G,R,A,H,G,G,P,C,C,R,P,T,R,Y,A,D,V,A,F,L,D,D,R,H,H,W,Q,R,L,P,Q,L,S,A,A,A,C,G,C,G,G
Rhinopithecus_bieti,M,A,V,G,K,V,L,L,G,S,L,L,L,L,S,L,Q,L,G,Q,G,W,G,P,D,A,H,G,A,V,A,N,G,E,F,S,S,E,Q,V,A,K,A,G,G,T,A,R,L,R,R,A,P,S,G,P,C,Q,L,W,S,L,T,L,S,V,A,E,L,G,L,G,Y,A,S,E,E,K,V,I,F,R,Y,C,A,G,S,C,P,R,G,A,H,T,Q,H,G,L,A,L,A,R,L,Q,G,Q,G,R,A,H,G,G,P,C,C,W,P,T,R,Y,T,D,V,A,F,L,D,D,R,H,R,W,Q,R,L,P,Q,L,S,A,A,A,C,G,C,G,G
Rhinopithecus_roxellana,M,A,V,G,K,V,L,L,G,S,L,L,L,L,S,L,Q,L,G,Q,G,W,G,P,D,A,H,G,A,V,A,D,G,E,F,S,S,E,Q,V,A,K,A,G,G,T,A,R,L,R,R,A,P,S,G,P,C,Q,L,W,S,L,T,L,S,V,A,E,L,G,L,G,Y,A,S,E,E,K,V,I,F,R,Y,C,A,G,S,C,P,R,G,A,H,T,Q,H,G,L,A,L,A,R,L,Q,G,Q,G,R,A,H,G,G,P,C,C,W,P,T,R,Y,T,D,V,A,F,L,D,D,R,H,R,W,Q,R,L,P,Q,L,S,A,A,A,C,G,C,G,G
Saimiri_boliviensis_boliviensis,-,-,-,G,K,V,L,L,G,S,V,L,L,L,S,L,H,L,G,Q,G,W,D,P,D,A,R,G,A,V,A,N,G,E,F,S,S,E,Q,V,A,E,A,G,G,T,-,R,L,R,R,A,P,S,G,P,C,Q,L,W,S,L,T,L,S,V,A,E,L,G,L,G,Y,A,S,E,E,K,V,I,F,R,Y,C,A,G,S,C,P,R,G,A,R,T,Q,H,G,L,A,L,A,Q,L,Q,G,Q,G,K,A,H,G,G,P,C,C,Q,P,T,R,Y,D,D,V,A,F,L,D,D,R,H,R,W,Q,W,L,P,Q,L,S,A,A,A,C,G,C,V,G
Sapajus_apella,M,A,V,G,K,V,L,L,G,S,V,L,L,L,S,L,H,L,G,Q,G,W,D,P,D,A,H,G,A,V,A,N,G,E,F,S,S,E,Q,V,A,E,A,G,G,T,-,R,L,R,R,A,P,S,G,P,C,Q,L,W,S,L,T,L,S,V,A,E,L,G,L,G,Y,A,S,E,E,K,V,I,F,R,Y,C,A,G,S,C,P,R,G,A,R,T,Q,H,G,L,A,L,A,R,L,Q,G,Q,G,K,A,H,G,G,P,C,C,Q,P,T,R,Y,D,D,V,A,F,L,D,D,R,H,R,W,Q,R,L,P,Q,L,S,A,A,A,C,S,C,V,G
Suricata_suricatta,M,A,P,G,R,V,L,L,C,S,L,L,L,L,S,L,Q,L,G,L,S,G,D,P,G,A,W,G,A,V,V,E,E,E,P,R,-,-,-,-,-,-,-,-,G,T,A,R,L,R,R,A,L,A,A,P,C,Q,L,W,S,L,P,L,P,V,A,E,L,G,L,G,Y,A,S,E,E,T,V,I,F,R,Y,C,A,G,S,C,P,R,G,A,R,T,Q,H,G,L,T,L,A,R,L,R,G,Q,G,R,A,H,G,G,P,C,C,R,P,T,R,Y,A,D,-,-,-,-,-,-,-,-,-,-,-,-,L,P,Q,L,S,A,A,A,C,G,C,G,G
Theropithecus_gelada,M,A,V,G,K,V,L,L,G,S,L,L,L,L,S,L,Q,L,G,Q,G,W,G,P,D,A,R,G,A,V,A,D,G,V,F,S,P,E,Q,V,A,K,A,G,G,T,A,R,L,R,R,A,P,S,G,P,C,Q,L,W,S,L,T,L,S,V,A,E,L,G,L,G,Y,A,S,E,E,K,V,I,F,R,Y,C,A,G,S,C,P,R,G,A,R,T,Q,H,G,L,A,L,A,R,L,Q,G,Q,G,R,A,H,G,G,P,C,C,W,P,T,R,Y,T,D,V,A,F,L,D,D,R,H,R,W,Q,R,L,P,Q,L,S,A,A,A,C,G,C,G,G
Trachypithecus_francoisi,M,A,V,G,K,V,L,L,G,S,L,L,L,L,S,L,Q,L,G,Q,G,W,G,P,D,A,R,G,A,V,A,D,G,E,F,S,S,E,Q,V,A,K,A,G,G,T,A,R,L,R,R,A,P,S,G,P,C,Q,L,W,S,L,T,L,S,V,A,E,L,G,L,G,Y,A,S,E,E,K,V,I,F,R,Y,C,A,G,S,C,P,R,G,A,H,T,Q,H,G,L,A,L,A,R,L,Q,G,Q,G,R,A,H,G,G,P,C,C,W,P,T,R,Y,T,D,V,A,F,L,D,D,R,H,R,W,Q,R,L,P,Q,L,S,A,A,A,C,G,C,G,G
Tupaia_chinensis,M,T,T,G,G,V,L,V,G,A,L,L,L,L,S,L,Q,L,G,L,G,-,-,P,D,A,Q,G,A,V,A,H,G,E,-,-,-,-,-,-,-,-,-,-,-,-,-,R,L,R,R,A,L,A,G,P,C,Q,L,R,S,L,T,L,P,V,A,E,L,G,L,G,Y,V,S,E,E,K,V,I,F,Q,Y,C,A,G,S,C,P,R,G,A,R,T,Q,H,G,L,A,L,A,R,L,R,G,R,G,R,A,H,G,G,P,C,C,Q,P,T,R,Y,T,D,V,A,F,L,D,D,R,H,R,W,Q,R,L,P,Q,L,S,A,A,A,C,G,C,G,G
Urocitellus_parryii,M,A,T,G,R,V,L,L,G,F,L,L,L,L,S,L,Q,L,G,I,S,Q,S,P,D,T,Q,G,A,V,A,E,K,E,F,L,S,E,-,-,-,-,-,-,-,-,A,R,L,R,R,A,P,A,S,P,C,Q,L,W,S,L,T,L,P,V,A,E,L,G,L,G,Y,A,S,E,E,K,I,T,F,R,Y,C,A,G,S,C,P,R,G,A,R,T,Q,H,G,L,T,L,A,R,L,R,G,Q,G,R,A,F,G,G,P,C,C,R,P,T,R,Y,A,D,V,A,F,I,D,D,H,H,R,W,Q,R,L,P,Q,L,S,A,A,A,C,S,C,G,-
Ursus_americanus,M,A,T,G,R,I,L,L,C,S,L,L,L,L,S,L,Q,L,G,L,S,R,G,P,G,A,W,G,A,V,V,E,E,E,L,-,-,-,-,-,-,-,R,-,G,T,A,R,L,R,R,A,L,A,S,P,C,Q,L,W,S,L,S,L,P,V,A,E,L,G,L,G,Y,A,S,E,E,T,V,I,F,R,Y,C,A,G,S,C,P,R,G,A,R,T,Q,H,G,L,T,L,A,R,L,R,G,Q,G,R,A,H,G,G,P,C,C,R,P,T,R,Y,S,D,V,A,F,L,D,D,R,H,R,W,Q,R,L,P,Q,L,S,A,A,A,C,S,C,G,A
Ursus_maritimus,M,A,T,G,R,I,L,L,C,S,L,L,L,L,S,L,Q,L,G,L,S,R,G,P,G,A,W,G,A,V,V,E,E,E,-,-,-,-,-,-,-,-,-,-,-,-,A,R,L,R,R,A,L,A,S,P,C,Q,L,W,S,L,S,L,P,V,A,E,L,G,L,G,Y,A,S,E,E,T,V,I,F,R,Y,C,A,G,S,C,P,R,G,A,R,T,Q,H,G,L,T,L,A,R,L,R,G,Q,G,R,A,H,G,G,P,C,C,R,P,T,R,Y,S,D,V,A,F,L,D,D,R,H,R,W,Q,R,L,P,Q,L,S,A,A,A,C,S,C,G,A
Vicugna_pacos,-,-,-,-,-,-,-,-,-,-,-,-,-,-,-,-,-,-,-,-,-,-,-,-,-,-,-,-,-,-,-,-,-,-,-,-,-,-,-,-,-,-,-,-,-,-,-,R,L,H,R,A,P,A,S,P,C,Q,L,W,S,L,S,L,P,V,A,E,L,G,L,G,Y,T,S,E,E,T,V,I,F,R,Y,C,A,G,S,C,P,H,G,A,R,T,Q,H,G,L,T,L,A,W,L,R,S,Q,G,R,A,H,G,G,P,C,C,R,P,T,R,Y,A,D,V,A,F,L,D,D,H,H,R,W,Q,R,L,P,Q,L,S,A,A,A,C,G,C,G,G
Artibeus_jamaicensis,M,A,T,G,R,V,L,L,G,S,L,L,L,L,S,L,Q,L,G,L,G,R,D,P,G,A,P,E,A,V,V,E,G,E,L,S,S,E,L,A,A,D,M,-,G,T,A,R,L,R,R,A,P,A,G,P,C,Q,L,W,S,L,A,L,P,V,A,D,L,G,L,G,Y,S,S,E,E,T,I,I,F,R,Y,C,A,G,S,C,P,Q,G,A,H,T,Q,H,S,L,T,L,A,H,L,R,S,Q,G,R,A,R,G,G,P,C,C,R,P,T,R,Y,A,D,V,A,F,L,D,D,H,H,H,W,Q,W,L,P,Q,L,S,A,A,A,C,G,C,G,G
Desmodus_rotundus,M,A,A,G,R,V,L,L,G,S,L,L,L,L,A,L,Q,L,G,L,G,R,D,P,-,-,-,-,-,-,-,-,-,-,L,S,S,E,P,A,A,D,M,-,G,T,A,R,L,R,R,A,P,A,G,L,C,Q,L,W,S,L,A,L,P,V,A,D,L,G,L,G,Y,A,S,E,E,T,I,I,F,R,Y,C,A,G,S,C,P,P,S,A,H,T,Q,H,S,L,T,L,A,H,L,R,S,Q,G,R,A,R,G,G,P,C,C,R,P,T,R,Y,A,D,V,A,F,L,D,D,H,H,H,W,Q,W,L,P,Q,L,S,A,A,A,C,G,C,G,G
Eptesicus_fuscus,M,A,I,G,R,V,L,L,G,S,L,L,L,L,S,L,Q,L,G,L,G,G,D,P,G,T,P,G,A,V,V,E,G,T,L,S,S,E,L,A,A,D,I,-,G,T,A,R,L,R,R,A,P,A,G,P,C,Q,L,R,S,L,A,L,P,V,V,E,L,G,L,G,Y,A,S,E,E,T,I,I,F,R,Y,C,A,G,S,C,P,R,G,A,R,T,Q,H,S,L,T,L,A,W,L,R,S,Q,G,R,A,H,G,S,P,C,C,Q,P,T,R,Y,A,D,V,A,F,L,D,D,H,H,R,W,Q,W,L,P,Q,L,S,A,A,A,C,G,C,S,G
Hipposideros_armiger,M,A,T,G,R,V,L,L,S,S,L,L,L,L,S,L,Q,L,G,L,G,G,G,P,G,S,P,G,A,V,V,E,G,A,L,S,S,E,P,A,A,D,T,-,G,T,A,R,L,R,R,A,P,S,S,P,C,Q,L,W,S,L,P,L,P,V,A,E,L,G,L,G,Y,A,S,E,E,T,V,I,F,R,Y,C,A,G,S,C,P,R,G,A,R,T,Q,H,G,L,T,L,A,R,L,R,G,Q,G,R,A,H,G,G,P,C,C,R,P,T,R,Y,A,D,V,A,F,L,D,D,R,H,R,W,Q,R,L,P,Q,L,S,A,A,A,C,G,C,G,G
Miniopterus_natalensis,M,A,T,G,R,V,L,L,G,S,L,L,L,L,S,L,Q,L,G,L,S,R,G,Q,G,A,P,G,A,V,V,E,G,T,L,S,S,E,P,A,A,D,I,-,G,T,A,H,L,H,R,A,P,A,G,P,C,Q,L,W,S,L,A,L,P,V,V,E,L,G,L,G,Y,T,S,E,E,M,I,I,F,R,Y,C,A,G,S,C,P,R,G,A,R,T,Q,H,S,L,T,L,A,R,L,R,S,Q,G,R,A,H,G,G,P,C,C,Q,P,T,R,Y,V,D,V,A,F,L,D,D,R,H,R,W,Q,Y,L,P,Q,F,S,A,A,A,C,S,C,S,G
Molossus_molossus,M,A,T,G,R,A,L,L,S,S,L,L,L,L,S,L,Q,L,G,L,G,G,G,P,G,-,-,-,-,V,V,E,G,M,L,S,S,E,P,A,T,D,I,-,G,T,A,R,L,R,R,A,P,A,G,P,C,Q,L,W,S,L,A,L,P,V,A,E,L,G,L,G,Y,T,S,E,E,M,I,I,F,R,Y,C,A,G,S,C,P,R,D,A,R,T,Q,H,S,L,T,L,A,W,L,R,S,Q,G,R,A,H,G,S,P,C,C,Q,P,T,R,Y,A,D,V,A,F,L,D,D,H,H,R,W,Q,W,L,S,Q,F,S,A,A,A,C,G,C,S,G
Myotis_brandtii,M,A,I,G,R,V,L,L,G,S,L,L,L,L,S,L,Q,L,G,L,G,G,N,P,S,T,P,G,A,V,V,E,G,T,L,S,S,E,P,A,A,D,T,-,G,T,A,R,L,R,R,A,P,A,G,P,C,Q,L,R,S,L,A,L,P,V,V,E,L,G,L,G,Y,A,S,E,E,T,I,I,F,R,Y,C,A,G,N,C,P,R,G,A,R,T,Q,H,S,L,T,L,A,W,L,R,S,Q,G,R,A,H,G,S,P,C,C,Q,P,T,R,Y,A,D,V,A,F,L,D,D,H,H,H,W,Q,W,L,P,Q,L,S,A,A,A,C,G,C,S,G
Myotis_davidii,M,A,T,G,R,V,L,L,G,S,L,L,F,L,S,L,Q,L,G,L,G,G,N,P,S,T,P,G,A,V,V,E,G,T,L,S,P,E,P,A,T,D,M,-,G,T,A,R,L,R,R,A,P,A,G,P,C,Q,L,R,S,L,A,L,P,V,V,E,L,G,L,G,Y,A,S,E,E,M,I,I,F,R,Y,C,A,G,S,C,P,R,G,A,H,T,Q,H,S,L,T,L,A,W,L,R,S,Q,G,R,A,H,G,S,P,C,C,Q,P,T,R,Y,A,D,V,A,F,L,D,D,H,H,R,W,Q,W,L,P,Q,L,S,A,A,A,C,G,C,S,G
Myotis_lucifugus,M,A,I,G,R,V,L,L,G,S,L,L,L,L,S,L,Q,L,G,L,G,G,N,P,S,P,P,G,A,V,V,E,G,T,P,S,S,E,P,A,T,D,T,-,G,T,A,R,L,R,R,A,P,A,G,P,C,Q,L,R,S,L,A,L,P,V,V,E,L,G,L,G,Y,A,S,E,E,T,I,I,F,R,Y,C,A,G,S,C,P,R,G,A,R,T,Q,H,S,L,T,L,A,W,L,R,S,Q,G,R,A,H,G,S,P,C,C,Q,P,T,R,Y,A,D,V,A,F,L,D,D,H,H,H,W,Q,W,L,P,Q,L,S,A,A,A,C,G,C,S,G
Myotis_myotis,M,A,I,G,R,V,L,L,S,S,L,L,L,L,S,L,Q,L,G,L,G,G,N,P,S,T,P,G,A,V,V,E,G,T,L,S,S,E,P,A,A,D,M,-,G,T,A,R,L,R,R,A,P,A,G,P,C,Q,L,Q,S,L,A,L,P,V,V,E,L,G,L,G,Y,A,S,E,E,T,I,I,F,R,Y,C,A,G,S,C,P,R,G,A,R,T,Q,H,S,L,T,L,A,W,L,R,S,Q,G,R,A,H,G,S,P,C,C,Q,P,T,R,Y,A,D,V,A,F,L,D,D,H,H,R,W,Q,W,L,P,Q,L,S,A,A,A,C,G,C,S,G
Phyllostomus_discolor,M,A,T,G,R,V,L,L,G,S,L,L,L,L,S,L,Q,L,G,L,G,-,-,-,-,-,-,-,-,-,-,E,G,E,L,F,S,E,P,A,T,D,M,-,G,T,A,R,L,R,R,A,P,A,G,P,C,Q,L,W,S,L,A,L,P,V,A,D,L,G,L,G,Y,A,S,E,E,M,I,I,F,R,Y,C,A,G,S,C,P,R,G,A,H,T,Q,H,S,L,T,L,A,H,L,R,S,Q,G,R,A,R,G,G,P,C,C,R,P,T,R,Y,A,D,V,A,F,L,D,D,H,H,H,W,Q,W,L,P,Q,L,S,A,A,A,C,G,C,G,G
Phyllostomus_hastatus,M,A,T,G,R,V,L,L,G,S,L,L,F,L,F,L,Q,L,G,L,G,-,-,-,-,-,-,-,-,-,-,E,G,E,L,L,S,E,P,A,T,D,M,-,G,T,A,R,L,R,R,A,P,A,G,P,C,Q,L,W,S,L,A,L,P,V,A,D,L,G,L,G,Y,A,S,E,E,M,I,I,F,R,Y,C,A,G,S,C,P,R,G,A,H,T,Q,H,S,L,T,L,A,H,L,R,S,Q,G,R,A,R,G,G,P,C,C,R,P,T,R,Y,A,D,V,A,F,L,D,D,H,H,H,W,Q,W,L,P,Q,L,S,A,A,A,C,G,C,G,G
Pipistrellus_kuhlii,M,A,I,G,R,V,L,L,G,S,L,L,L,L,R,L,Q,L,G,L,G,G,D,-,-,-,-,-,-,V,V,E,E,T,L,S,S,E,L,A,A,D,V,-,G,T,A,R,L,R,R,A,P,A,G,P,C,Q,L,R,S,L,A,L,P,V,V,E,L,G,L,G,Y,A,S,E,E,T,V,I,F,R,Y,C,A,G,S,C,P,R,G,A,R,T,Q,H,S,L,A,L,A,R,L,R,S,Q,G,R,A,H,G,S,P,C,C,Q,P,T,R,Y,A,D,V,A,F,L,D,D,H,H,R,W,Q,W,L,P,Q,L,S,A,A,A,C,G,C,S,G
Rhinolophus_ferrumequinum,M,A,T,G,R,V,L,L,S,S,L,L,L,L,S,L,Q,L,G,F,G,G,G,P,G,A,P,G,A,V,V,E,G,T,L,S,P,E,P,A,A,D,R,-,G,T,A,R,L,R,R,A,P,P,G,P,C,Q,L,W,S,L,P,L,P,V,V,E,L,G,L,G,Y,A,S,E,E,T,V,I,F,R,Y,C,A,G,S,C,P,R,G,A,R,T,Q,H,G,L,T,L,A,R,L,R,G,Q,G,R,A,H,G,G,P,C,C,R,P,T,R,Y,A,D,V,A,F,L,D,D,R,H,H,W,Q,R,L,P,Q,L,S,A,A,A,C,G,C,G,G
Sorex_araneus,M,A,S,A,R,L,S,L,G,S,L,L,L,L,S,L,H,L,G,L,C,G,A,P,G,A,Q,G,S,V,S,E,G,E,I,K,S,E,L,A,T,E,S,-,E,I,G,R,P,R,R,A,L,A,G,P,C,Q,L,R,S,L,L,L,P,V,A,E,L,G,L,G,Y,A,S,E,E,T,V,I,F,R,Y,C,A,G,S,C,P,R,G,A,R,T,Q,H,G,L,T,L,A,R,L,R,R,Q,G,R,V,H,G,G,P,C,C,Q,P,T,H,Y,S,D,V,A,F,L,D,D,Q,H,R,W,Q,Q,L,P,Q,F,S,A,A,A,C,S,C,G,G
Sturnira_hondurensis,M,A,T,G,R,V,L,L,G,S,L,L,L,L,S,L,Q,L,G,L,G,R,D,P,G,A,P,E,A,V,V,E,G,E,L,S,S,E,L,A,A,D,M,-,G,T,A,R,L,R,R,A,P,A,G,S,C,Q,L,W,S,L,V,L,P,V,A,E,L,G,L,G,Y,S,S,E,E,T,I,I,F,R,Y,C,A,G,S,C,P,Q,G,A,H,T,Q,H,S,L,T,L,A,H,L,R,S,Q,G,R,A,H,G,G,P,C,C,R,P,T,R,Y,A,D,V,A,F,L,D,D,H,H,H,W,Q,W,L,P,Q,L,S,A,A,A,C,G,C,G,G
Pteropus_alecto,M,A,P,G,R,V,L,L,C,S,L,L,L,L,S,L,Q,P,G,L,G,R,G,P,-,-,-,-,-,-,-,-,-,-,-,-,-,-,-,-,-,-,-,-,G,T,A,R,L,R,R,A,P,A,G,P,C,Q,L,W,S,L,S,L,P,V,A,E,L,G,L,G,Y,T,S,E,E,T,V,I,F,R,Y,C,A,G,S,C,P,R,G,A,L,T,Q,H,G,L,T,L,A,R,L,R,G,Q,G,R,V,H,G,G,P,C,C,R,P,T,R,Y,A,D,V,V,F,L,D,D,H,H,R,W,Q,R,L,P,Q,F,S,A,A,A,C,G,C,G,G
Pteropus_giganteus,M,A,P,G,R,V,L,L,C,S,L,L,L,L,S,L,Q,P,G,L,G,G,G,P,G,-,-,-,-,-,-,-,-,-,-,-,-,-,-,-,-,-,-,-,G,T,A,R,L,R,R,A,P,A,G,P,C,Q,L,W,S,L,P,L,P,V,A,E,L,G,L,G,Y,T,S,E,E,T,V,I,F,R,Y,C,A,G,S,C,P,R,G,A,L,N,Q,H,G,L,T,L,A,R,L,R,G,Q,G,R,V,H,G,G,P,C,C,R,P,T,R,Y,A,D,V,A,F,L,D,D,H,H,R,W,Q,R,L,P,Q,F,S,A,A,A,C,G,C,G,G
Pteropus_vampyrus,M,A,P,G,R,V,L,L,C,S,L,L,L,L,S,L,Q,P,G,L,S,G,G,P,-,-,-,-,-,-,-,-,-,-,-,-,-,-,-,-,-,-,-,-,G,T,A,R,L,R,R,A,P,A,G,P,C,Q,L,W,S,L,P,L,P,V,A,E,L,G,L,G,Y,T,S,E,E,T,V,I,F,R,Y,C,A,G,S,C,P,R,G,A,L,N,Q,H,G,L,T,L,A,R,L,R,G,Q,G,R,V,H,G,G,P,C,C,R,P,T,R,Y,A,D,V,A,F,L,D,D,H,H,R,W,Q,R,L,P,Q,F,S,A,A,A,C,G,C,G,G
Rousettus_aegyptiacus,M,A,T,G,R,V,L,L,C,S,L,L,L,L,S,L,Q,L,G,L,S,G,G,P,G,-,-,-,-,-,-,-,-,-,-,-,-,-,-,-,-,-,-,-,G,T,A,R,L,R,R,A,P,A,S,P,C,Q,L,W,S,L,P,L,P,V,A,D,L,G,L,G,Y,T,S,E,E,T,V,I,F,R,Y,C,A,G,S,C,P,R,S,A,L,T,Q,H,G,L,T,L,A,R,L,R,G,Q,G,R,A,H,G,G,P,C,C,R,P,T,R,Y,A,D,V,A,F,L,D,D,H,H,R,W,Q,R,V,P,Q,L,S,A,A,A,C,G,C,G,G
Ailuropoda_melanoleuca,M,A,T,G,R,I,L,L,C,C,L,L,L,L,S,L,Q,L,G,L,S,R,G,P,G,A,W,G,A,V,V,E,E,E,L,-,-,-,-,-,-,-,R,-,G,T,A,R,L,R,R,A,L,A,S,P,C,Q,L,W,S,L,S,L,P,V,A,E,L,G,L,G,Y,A,S,E,E,T,V,I,F,R,Y,C,A,G,S,C,P,R,G,A,R,T,Q,H,G,L,T,L,A,R,L,R,G,Q,G,R,A,H,G,G,P,C,C,R,P,T,R,Y,S,D,V,A,F,L,D,D,R,H,R,W,Q,R,L,P,Q,L,S,A,A,A,C,S,C,G,A
Antechinus_flavipes,-,-,-,-,-,-,-,-,-,-,-,-,-,-,-,-,-,-,-,-,-,-,-,-,-,-,-,-,-,-,-,-,-,-,-,-,-,-,-,-,-,-,-,-,G,I,-,-,-,-,-,-,L,-,-,-,C,Q,L,Q,S,L,L,L,P,V,T,E,L,G,L,G,Y,N,S,D,E,T,I,A,F,R,Y,C,A,G,S,C,-,H,S,L,Y,T,H,H,G,L,T,L,A,R,L,S,A,E,G,R,V,T,S,Q,P,C,C,H,P,T,R,Y,E,D,V,A,F,L,D,N,H,H,H,W,H,H,L,P,Q,L,S,A,A,A,C,G,C,G,I
Aotus_nancymaae,M,A,V,G,K,V,L,L,G,S,V,L,L,L,S,L,H,L,G,Q,G,W,D,P,D,A,R,G,A,V,A,N,G,E,L,S,S,E,Q,V,A,E,A,G,G,T,-,R,L,R,R,A,P,P,G,P,C,Q,L,W,S,L,T,L,S,V,A,E,L,G,L,G,Y,A,S,E,E,K,V,I,F,R,Y,C,A,G,S,C,S,R,G,A,R,T,Q,H,G,L,A,L,A,Q,L,Q,G,Q,G,K,A,H,G,G,P,C,C,Q,P,T,R,Y,D,D,V,S,F,L,D,D,R,H,R,W,Q,W,L,P,Q,L,S,A,A,A,C,G,C,I,G
Apodemus_sylvaticus,M,A,A,G,R,L,R,I,M,C,L,L,L,L,S,L,H,L,G,L,G,-,-,-,-,-,-,-,-,-,V,A,N,E,L,S,S,G,K,M,A,E,-,-,-,-,-,R,L,P,R,A,L,A,G,S,C,R,L,W,S,L,T,L,S,V,A,E,L,G,L,G,Y,A,S,E,E,K,V,I,F,R,Y,C,A,G,S,C,P,Q,E,A,R,T,Q,H,S,L,V,L,A,R,L,R,G,Q,G,R,A,H,G,R,P,C,C,Q,P,T,S,Y,A,D,V,T,F,L,D,D,H,H,H,W,R,Q,L,P,Q,V,S,A,A,A,C,G,C,G,G
Arvicola_amphibius,M,A,A,G,R,L,T,L,M,F,L,L,L,L,S,L,H,L,G,L,G,W,G,S,D,P,Q,E,A,T,A,E,-,E,I,S,-,-,-,-,-,-,-,-,-,-,-,R,L,P,R,A,L,A,G,P,C,Q,L,W,S,L,T,L,P,V,A,E,L,G,L,G,Y,A,S,E,E,K,V,I,F,R,Y,C,A,G,S,C,P,R,E,A,R,T,Q,H,S,L,V,L,A,R,L,R,G,Q,G,R,A,H,G,R,P,C,C,R,P,T,S,Y,A,D,V,T,F,L,D,D,R,H,R,W,Q,Q,L,P,Q,L,S,A,A,A,C,G,C,G,G
Callorhinus_ursinus,M,A,T,G,R,L,L,L,C,A,L,L,L,L,S,L,Q,R,G,L,S,R,G,P,G,A,W,G,A,V,A,E,D,E,L,-,-,-,-,-,-,-,R,-,G,T,A,R,L,R,R,A,L,A,S,P,C,Q,L,W,S,L,P,L,P,V,A,E,L,G,L,G,Y,A,S,E,E,T,V,I,F,R,Y,C,A,G,S,C,P,R,G,A,R,T,Q,H,G,L,T,L,A,R,L,R,G,Q,G,R,A,H,G,G,P,C,C,R,P,T,R,Y,A,D,V,A,F,L,D,D,R,H,R,W,Q,R,L,P,Q,L,S,A,A,A,C,S,C,G,A
Canis_lupus_dingo,M,A,P,G,R,V,L,L,C,S,L,L,L,L,S,L,Q,L,G,L,G,W,G,P,G,V,R,G,A,V,V,E,G,E,L,R,-,-,-,-,-,-,-,-,G,T,G,R,P,R,R,A,L,A,S,P,C,Q,L,W,S,L,S,L,P,V,A,E,L,G,L,G,Y,A,S,E,E,T,V,T,F,R,Y,C,A,G,S,C,P,R,G,A,R,T,Q,H,G,L,T,L,A,W,L,R,G,Q,G,R,A,L,G,G,P,C,C,R,P,T,R,Y,A,D,V,A,F,L,D,D,R,H,R,W,Q,R,L,P,Q,L,S,A,A,A,C,S,C,G,-
Carlito_syrichta,M,A,A,G,T,V,L,L,G,S,L,L,L,L,L,L,Q,P,-,-,-,-,-,-,-,-,-,-,-,-,-,-,-,-,-,-,-,-,-,-,-,-,-,-,-,-,-,-,-,-,-,-,-,-,-,-,-,-,-,-,-,-,-,-,-,-,-,-,-,G,L,A,W,V,A,D,E,E,F,P,S,E,Q,A,A,E,A,E,G,T,R,R,P,Q,L,D,G,L,V,L,A,R,L,R,S,Q,G,R,A,H,G,G,P,C,C,R,P,T,R,Y,V,D,L,A,F,L,D,D,R,H,R,W,Q,R,L,P,Q,L,S,A,A,A,C,G,C,G,G
Castor_canadensis,M,A,T,G,R,V,L,L,I,S,L,L,V,L,S,L,Q,L,G,L,S,W,D,S,D,A,Q,K,A,V,A,T,G,E,F,W,S,K,Q,T,A,E,A,G,G,T,A,R,L,R,R,A,L,A,G,S,C,Q,L,W,S,L,T,L,P,V,A,E,L,G,L,G,Y,T,S,E,E,K,V,I,F,R,Y,C,A,G,S,C,P,R,G,A,R,T,Q,H,G,L,T,L,A,L,L,R,G,Q,G,R,A,H,G,G,P,C,C,R,P,T,R,Y,A,D,V,V,F,L,D,D,R,H,H,W,Q,Q,L,P,Q,L,S,A,A,A,C,G,C,G,-
Cavia_porcellus,M,A,T,G,R,V,L,L,A,S,L,L,L,L,S,L,Q,L,G,R,G,R,G,P,D,A,Q,D,A,V,A,E,G,E,F,S,P,E,Q,K,A,E,A,A,G,I,-,R,L,R,R,A,P,G,S,P,C,Q,L,W,S,L,T,L,P,V,A,E,L,G,L,G,Y,T,S,E,E,K,V,T,F,R,Y,C,A,G,S,C,P,R,G,A,R,T,Q,H,G,L,T,L,A,R,L,R,G,Q,G,Q,A,H,G,G,P,C,C,R,P,T,R,Y,A,D,V,A,F,L,D,D,R,H,R,W,Q,R,L,P,Q,L,S,A,A,A,C,G,C,G,G
Cervus_elaphus_hippelaphus,-,-,-,-,-,-,-,-,-,-,-,-,-,-,-,-,-,-,-,-,-,-,-,-,-,-,-,-,-,-,-,-,-,-,-,-,-,-,-,-,-,-,-,-,-,-,-,-,-,-,-,-,-,-,-,-,-,-,-,-,-,-,-,-,-,-,-,-,-,-,-,-,-,-,-,-,-,-,-,-,-,-,-,-,-,-,-,-,-,-,-,-,-,-,-,-,-,-,-,-,-,-,-,-,-,-,-,-,-,-,-,-,-,-,-,-,-,-,-,-,-,-,-,-,-,-,-,-,-,-,-,-,-,-,-,-,-,-,-,-,-,-,-,-,-,-,-
Chinchilla_lanigera,M,A,T,G,R,V,L,L,A,L,L,L,L,L,S,L,R,L,G,L,G,W,G,P,G,A,R,D,A,V,A,E,G,E,F,L,P,E,Q,K,A,E,A,G,G,T,-,R,L,R,R,A,P,G,S,P,C,Q,L,W,S,L,T,L,P,V,A,E,L,G,L,G,Y,A,S,E,E,K,V,T,F,R,Y,C,A,G,S,C,P,R,G,A,R,T,Q,H,G,L,T,L,A,R,L,R,G,R,G,Q,A,H,G,G,P,C,C,R,P,T,R,Y,A,D,V,A,F,L,D,E,R,H,R,W,Q,R,L,P,Q,L,S,A,A,A,C,G,C,G,G
Choloepus_didactylus,M,T,T,G,R,A,L,F,S,C,L,L,L,L,S,L,H,L,G,L,G,-,-,-,-,-,-,-,-,-,-,-,-,-,-,-,-,-,-,-,-,-,-,-,-,-,A,R,L,R,R,A,L,A,G,P,C,Q,L,W,S,L,T,L,P,V,A,E,L,G,L,G,Y,A,S,E,E,N,I,I,F,R,Y,C,A,G,S,C,P,R,G,A,R,T,Q,H,S,L,A,L,A,Q,L,R,V,Q,G,R,A,H,G,G,P,C,C,W,P,T,R,Y,A,D,V,A,F,L,D,D,H,N,R,W,Q,L,L,P,Q,L,S,A,A,A,C,G,C,S,G
Cricetulus_griseus,M,A,A,G,R,L,A,L,V,F,L,L,L,L,S,L,R,L,G,L,G,W,D,R,D,P,Q,G,D,V,A,E,D,K,I,S,S,E,-,-,-,-,-,-,-,-,-,R,L,P,R,A,L,A,G,P,C,Q,L,W,S,L,T,L,P,V,A,E,L,G,L,G,Y,T,S,E,E,K,V,I,F,R,Y,C,A,G,S,C,P,R,E,A,H,T,Q,H,S,L,V,L,A,R,L,R,R,Q,G,R,A,H,G,Q,S,C,C,Q,P,T,S,Y,A,D,V,T,F,L,D,D,R,H,R,W,Q,Q,L,P,Q,L,S,A,A,A,C,G,C,G,G
Dasypus_novemcinctus,-,-,-,-,-,-,-,-,-,-,-,-,-,-,-,-,-,-,-,-,-,-,-,-,-,-,-,-,-,-,-,-,-,-,-,-,-,-,Q,A,A,K,A,G,G,T,A,R,L,R,R,A,P,A,S,P,C,Q,L,W,S,L,T,L,P,V,A,E,L,G,L,G,Y,A,S,E,E,K,V,I,F,R,Y,C,A,G,S,C,P,R,G,A,R,T,Q,H,G,L,V,L,A,R,L,R,G,Q,G,R,A,H,G,G,P,C,C,R,P,T,R,F,T,D,V,V,F,L,D,D,H,H,R,W,Q,R,L,S,Q,L,S,A,A,A,C,S,C,G,A
Dipodomys_ordii,M,A,T,G,R,V,L,C,V,C,L,L,F,L,S,L,Q,L,G,-,-,-,-,-,-,-,-,-,-,-,-,-,-,-,-,-,-,-,-,-,-,-,-,-,-,-,-,-,L,R,R,A,P,A,T,A,C,Q,L,W,S,L,T,L,P,V,A,E,L,G,L,G,Y,A,S,E,E,K,V,I,F,H,Y,C,A,G,S,C,L,R,G,A,R,T,Q,H,G,L,M,L,A,R,L,R,G,Q,G,R,A,H,G,G,P,C,C,R,P,T,R,Y,A,D,V,A,F,L,D,D,R,L,R,W,Q,R,L,P,Q,L,S,A,A,A,C,G,C,G,-
Dipodomys_spectabilis,M,A,T,G,R,V,L,C,V,C,L,L,F,L,S,L,Q,L,G,-,-,-,-,-,-,-,-,-,-,-,-,-,-,-,-,-,-,-,-,-,-,-,-,-,-,-,-,-,L,R,R,A,L,A,T,A,C,Q,L,W,S,L,T,L,P,V,A,E,L,G,L,G,Y,A,S,E,E,K,V,I,F,H,Y,C,A,G,S,C,L,R,G,A,R,T,Q,H,G,L,M,L,A,R,L,R,G,Q,G,R,A,H,G,G,P,C,C,R,P,T,R,Y,A,D,V,A,F,L,D,D,R,L,R,W,Q,R,L,P,Q,L,S,A,A,A,C,G,C,G,-
Dromiciops_gliroides,-,-,-,-,-,-,-,-,-,-,-,-,-,-,-,-,-,-,-,-,-,-,-,-,-,-,-,-,-,-,-,-,-,-,-,-,-,-,-,-,-,-,-,-,-,T,-,-,-,-,-,-,L,-,-,-,C,Q,L,W,S,L,L,L,P,V,N,Q,L,G,L,G,Y,D,S,D,E,T,I,A,F,R,Y,C,A,G,S,C,-,H,S,P,H,T,H,H,G,L,T,L,A,R,L,S,G,E,G,R,V,M,G,Q,P,C,C,H,P,T,R,Y,E,D,V,A,F,L,D,N,N,H,H,W,H,H,L,P,Q,L,S,A,A,A,C,S,C,G,I
Elephantulus_edwardii,-,-,-,-,-,-,-,-,-,-,-,-,-,-,-,-,-,-,-,-,-,-,-,-,-,-,-,-,-,-,-,-,-,-,-,-,-,-,-,-,-,-,-,-,-,-,-,R,L,R,R,A,P,T,S,P,C,Q,L,R,S,L,T,L,P,V,A,E,L,G,L,G,Y,S,S,E,E,K,V,V,F,S,Y,C,T,G,S,C,L,H,S,A,R,T,Q,H,G,L,T,L,A,R,L,Q,R,Q,G,R,A,H,G,G,P,C,C,R,P,T,R,Y,A,D,V,A,F,L,D,D,H,H,R,W,Q,R,L,V,Q,L,S,A,A,A,C,G,C,S,D
Equus_caballus,M,A,T,G,R,L,L,L,C,S,L,L,L,L,S,L,Q,L,G,L,G,G,D,P,G,A,R,G,A,V,A,E,G,Q,L,L,S,E,L,A,A,H,R,-,G,T,A,R,L,R,R,A,A,A,S,Q,C,Q,L,W,S,L,S,L,P,V,A,E,L,G,L,G,Y,T,S,E,E,T,V,I,F,R,Y,C,A,G,S,C,P,R,G,A,R,T,Q,H,G,L,T,L,A,R,L,R,G,Q,G,R,A,H,G,G,P,C,C,Q,P,T,R,Y,A,D,V,A,F,L,D,D,R,H,R,W,Q,R,L,P,Q,L,S,A,A,A,C,G,C,G,G
Erinaceus_europaeus,-,-,-,-,-,-,-,-,-,-,-,-,-,-,-,-,-,-,-,-,-,-,-,-,-,-,-,-,-,-,-,-,-,-,-,-,-,-,-,-,-,-,-,-,-,-,-,R,L,R,R,A,P,G,G,P,C,Q,L,W,S,L,A,L,P,V,A,E,L,G,L,G,Y,A,S,E,E,T,V,I,F,R,Y,C,A,G,A,C,P,R,G,A,R,S,Q,H,G,L,A,L,A,R,L,R,G,Q,G,R,A,H,G,G,P,C,C,R,P,T,R,Y,T,D,V,A,F,L,D,E,R,H,R,W,Q,R,L,P,Q,L,S,A,A,A,C,S,C,G,S
Eumetopias_jubatus,M,A,T,G,R,L,L,L,C,A,L,L,L,L,S,L,Q,R,G,L,S,R,G,P,G,A,W,G,A,V,A,E,E,E,-,-,-,-,-,-,-,-,-,-,-,-,A,R,L,R,R,A,L,A,S,P,C,Q,L,W,S,L,P,L,P,V,A,E,L,G,L,G,Y,A,S,E,E,T,V,I,F,R,Y,C,A,G,S,C,P,R,G,A,R,T,Q,H,G,L,T,L,A,R,L,R,G,Q,G,R,A,H,G,G,P,C,C,R,P,T,R,Y,A,D,V,A,F,L,D,D,R,H,R,W,Q,R,L,P,Q,L,S,A,A,A,C,S,C,G,A
Felis_catus,M,A,T,G,R,V,L,L,C,S,L,L,L,L,S,L,Q,P,G,L,G,R,G,P,-,-,-,-,-,-,-,-,-,E,-,-,-,-,-,-,-,-,-,-,-,-,A,R,L,R,R,A,L,A,S,P,C,Q,L,W,S,L,P,L,P,V,A,E,L,G,L,G,Y,A,S,E,E,T,V,I,F,R,Y,C,A,G,S,C,P,R,G,A,R,T,Q,H,G,L,T,L,A,R,L,R,G,Q,G,R,A,H,G,G,P,C,C,Q,P,T,R,Y,T,D,V,A,F,L,D,D,R,H,R,W,Q,R,L,P,Q,L,S,A,A,A,C,S,C,G,G
Fukomys_damarensis,M,A,T,G,R,V,L,L,A,S,L,L,L,L,L,L,Q,L,G,L,G,W,G,P,D,A,Q,G,A,V,V,E,G,E,-,-,-,-,-,-,-,-,-,-,-,-,A,R,L,R,R,A,P,G,S,P,C,Q,L,W,S,L,T,L,P,V,A,E,L,G,L,G,Y,A,S,D,E,K,V,T,F,C,Y,C,A,G,S,C,P,R,G,A,R,T,Q,H,G,L,T,L,-,-,-,-,-,-,-,-,-,-,-,-,-,C,C,R,P,T,R,Y,A,D,V,A,F,L,D,D,R,H,R,W,Q,R,L,P,Q,L,S,A,A,A,C,G,C,G,G
Galeopterus_variegatus,M,A,A,G,R,V,L,L,S,S,L,L,L,L,L,L,P,L,G,L,H,W,G,P,V,A,Q,G,A,V,A,E,G,D,Y,S,S,E,Q,A,T,E,T,R,G,T,A,R,L,R,R,A,L,A,S,P,C,Q,L,W,S,L,T,L,P,V,A,E,L,G,L,G,Y,A,S,E,E,K,V,I,F,R,Y,C,A,G,S,C,P,R,G,A,R,T,Q,H,G,L,T,L,A,W,L,R,G,Q,G,R,A,H,G,R,P,C,C,Q,P,T,R,Y,A,D,V,A,F,L,D,D,H,H,R,W,Q,R,L,P,Q,L,S,A,A,A,C,G,C,G,G
Gracilinanus_agilis,-,-,-,-,-,-,-,-,-,-,-,-,-,-,-,-,-,-,-,-,-,-,-,-,-,-,-,-,-,-,-,-,-,-,-,-,-,-,-,-,-,-,-,-,-,-,A,R,L,T,R,A,L,-,-,-,C,Q,L,Q,S,L,L,L,S,V,K,E,L,G,L,G,Y,D,S,D,E,I,I,A,F,R,Y,C,A,G,S,C,-,H,R,P,H,S,R,H,G,L,T,L,A,R,L,L,D,E,G,R,V,M,G,Q,P,C,C,H,P,T,Q,Y,E,D,V,A,F,L,D,N,D,Q,H,W,H,H,L,P,Q,L,S,A,A,A,C,G,C,G,I
Grammomys_surdaster,M,A,A,G,R,L,W,I,M,S,L,L,L,L,S,L,H,L,G,L,G,-,-,-,-,-,-,-,-,-,-,-,-,-,-,-,-,-,-,-,-,-,-,-,-,-,-,R,L,P,R,A,L,G,G,S,C,R,L,W,S,L,T,L,P,V,A,E,L,G,L,G,Y,A,S,E,E,K,V,I,F,R,Y,C,A,G,S,C,P,Q,E,A,G,T,Q,H,S,L,V,L,A,R,L,R,G,Q,G,L,A,H,G,R,P,C,C,Q,P,T,S,Y,A,D,V,T,F,L,D,D,H,H,R,W,R,Q,L,P,H,L,S,A,A,A,C,G,C,G,G
Heterocephalus_glaber,M,A,T,G,R,V,L,L,A,S,L,L,L,L,S,L,Q,L,G,L,G,W,G,P,D,A,R,G,A,L,V,E,G,E,F,L,P,E,H,I,A,E,-,-,-,-,A,R,L,R,R,A,P,G,S,P,C,Q,L,W,S,L,T,L,P,V,A,E,L,G,L,G,Y,A,S,D,E,K,V,T,F,R,Y,C,A,G,S,C,P,R,G,A,R,T,Q,H,G,L,T,L,A,R,L,R,G,Q,G,Q,A,H,G,G,P,C,C,R,P,T,R,Y,A,D,V,A,F,L,D,D,R,H,R,W,Q,R,L,P,Q,L,S,A,A,A,C,G,C,G,G
Hyaena_hyaena,M,A,P,G,K,V,L,L,C,S,L,L,L,L,L,P,E,Q,G,L,S,R,G,S,R,A,W,G,A,V,V,E,E,E,-,-,-,-,-,-,-,P,Q,-,G,T,A,R,L,R,R,A,L,A,G,P,C,Q,L,W,S,L,P,L,P,V,A,E,L,G,L,G,Y,A,S,E,E,T,V,I,F,R,Y,C,A,G,S,C,P,R,G,A,R,T,Q,H,G,L,T,L,A,R,L,R,G,Q,G,R,A,H,G,G,P,C,C,R,P,T,R,Y,A,D,V,A,F,L,D,D,R,H,R,W,Q,R,V,P,Q,L,S,A,A,A,C,S,C,G,S
Jaculus_jaculus,M,A,P,G,R,L,L,L,I,S,L,L,L,L,S,L,Q,L,-,-,-,-,-,-,-,-,-,-,-,-,-,-,-,-,-,-,-,-,-,-,-,-,-,-,-,-,-,R,L,R,R,A,P,A,S,Q,C,Q,L,W,S,L,T,L,P,V,A,E,L,G,L,G,Y,T,S,E,E,K,V,I,F,R,Y,C,A,G,S,C,P,R,G,A,R,T,Q,H,S,L,T,L,A,R,L,R,G,Q,G,R,A,H,G,R,P,C,C,R,P,T,R,Y,A,D,V,A,F,L,D,E,R,H,R,W,Q,R,L,P,Q,L,S,A,A,A,C,G,C,G,G
Lemur_catta,M,A,P,G,M,A,L,L,C,S,L,L,L,L,S,L,Q,L,G,L,G,W,G,P,N,A,K,G,T,-,-,-,-,-,-,-,-,-,-,-,-,-,-,-,-,-,A,R,L,R,R,A,P,A,S,P,C,Q,L,W,S,L,T,L,P,V,V,E,L,G,L,G,Y,T,S,E,E,K,V,I,F,R,Y,C,A,G,S,C,P,R,G,A,R,T,Q,H,G,L,V,L,A,W,L,R,G,Q,G,R,A,H,G,G,P,C,C,Q,P,T,R,Y,A,D,V,A,F,L,D,D,G,H,R,W,Q,R,L,P,Q,L,S,A,A,A,C,G,C,G,G
Leptonychotes_weddellii,M,A,M,G,R,V,L,L,C,S,L,L,L,L,S,L,Q,R,G,L,S,R,G,P,G,A,R,G,A,V,A,E,E,E,L,-,-,-,-,-,-,-,R,-,G,T,A,R,L,R,R,A,L,A,S,P,C,Q,L,W,S,L,P,L,P,V,A,E,L,G,L,G,Y,A,S,E,E,T,V,I,F,R,Y,C,A,G,S,C,P,R,G,A,R,T,Q,H,G,L,T,L,A,R,L,R,G,Q,G,R,A,H,G,G,P,C,C,R,P,T,R,Y,A,D,V,A,F,L,D,D,R,H,R,W,Q,R,L,P,Q,L,S,A,A,A,C,S,C,G,A
Lontra_canadensis,M,G,T,R,R,V,L,L,C,S,L,L,L,L,L,L,W,L,G,L,T,R,G,P,G,A,W,G,A,V,V,E,E,E,L,R,-,-,-,-,-,-,-,-,G,T,A,R,P,R,R,A,L,A,T,P,C,Q,L,W,S,L,S,L,P,V,A,E,L,G,L,G,Y,T,S,E,E,T,V,V,F,R,Y,C,A,G,S,C,P,R,D,A,R,T,Q,H,G,L,T,L,A,H,L,R,G,Q,G,R,A,H,G,G,P,C,C,R,P,T,R,Y,A,D,V,A,F,L,D,D,R,H,H,W,Q,W,L,P,Q,L,S,A,A,A,C,S,C,G,A
Lynx_canadensis,M,A,T,G,R,V,L,L,C,S,L,L,L,L,S,L,Q,P,G,L,G,R,G,P,G,A,R,G,A,V,V,G,E,E,P,-,-,-,-,-,-,-,R,-,G,T,A,R,L,R,R,A,L,A,S,P,C,Q,L,W,S,L,P,L,P,V,A,E,L,G,L,G,Y,A,S,E,E,T,V,I,F,R,Y,C,A,G,S,C,P,R,G,A,R,T,Q,H,G,L,T,L,A,R,L,R,G,Q,G,R,A,H,G,G,P,C,C,Q,P,T,R,Y,T,D,V,A,F,L,D,D,R,H,R,W,Q,R,L,P,Q,L,S,A,A,A,C,S,C,G,G
Manis_javanica,M,A,T,G,R,A,L,L,S,S,L,L,L,L,S,L,Q,L,G,L,G,E,G,P,G,A,R,G,T,V,A,E,G,E,I,L,S,E,A,A,A,D,R,-,G,T,A,R,L,R,R,A,L,V,S,P,C,Q,L,W,S,L,S,L,P,V,V,E,L,G,L,G,Y,T,S,E,E,T,V,I,F,H,Y,C,A,G,S,C,P,R,G,A,R,T,Q,H,G,L,T,L,A,R,L,W,G,Q,G,R,A,H,G,G,P,C,C,R,P,T,R,Y,A,D,V,A,F,L,D,D,R,H,H,W,Q,R,L,P,Q,L,S,A,A,A,C,G,C,G,-
Manis_pentadactyla,M,A,T,G,R,A,L,L,S,S,L,L,L,L,S,L,Q,L,G,L,G,E,G,P,G,A,Q,G,T,V,A,E,G,E,V,L,S,E,A,A,A,D,R,-,G,T,A,R,L,R,R,A,L,V,G,P,C,Q,L,W,S,L,S,L,P,V,A,E,L,G,L,G,Y,T,S,E,E,T,V,I,F,H,Y,C,A,G,S,C,P,R,G,A,R,T,Q,H,G,L,T,L,A,R,L,R,G,Q,G,R,V,H,G,G,P,C,C,Q,P,T,R,Y,A,D,V,A,F,L,D,D,R,H,H,W,Q,R,L,P,Q,L,S,A,A,A,C,G,C,G,-
Mastomys_coucha,M,A,A,G,R,L,W,I,M,C,L,L,L,L,S,L,H,L,S,L,G,-,-,-,-,-,-,-,-,-,V,A,D,E,L,S,S,G,K,M,A,E,T,G,G,T,V,R,L,P,R,A,L,A,G,S,C,Q,L,W,S,L,T,L,P,V,A,E,L,G,L,G,Y,A,S,E,E,K,V,I,F,R,Y,C,A,G,S,C,P,Q,E,A,R,T,Q,H,S,L,V,L,A,R,L,R,R,Q,G,R,A,H,G,R,S,C,C,Q,P,T,S,Y,A,D,V,T,F,L,D,D,H,H,H,W,Q,Q,L,P,Q,L,S,A,A,A,C,G,C,G,G
Meles_meles,M,G,T,G,R,V,L,L,C,S,L,L,L,L,S,L,R,L,G,V,T,G,G,P,G,A,W,G,A,V,T,E,E,E,L,R,-,-,-,-,-,-,-,-,G,T,A,R,P,R,R,A,L,A,S,P,C,Q,L,W,S,L,S,L,P,V,A,E,L,G,L,G,Y,A,S,E,E,T,V,V,F,R,Y,C,A,G,S,C,P,R,D,A,R,T,Q,H,G,R,T,L,A,R,L,R,G,Q,G,R,A,H,G,G,P,C,C,R,P,T,R,Y,A,D,V,A,F,L,D,D,R,H,R,W,Q,W,L,P,Q,L,S,A,A,A,C,S,C,G,A
Meriones_unguiculatus,M,A,A,G,R,L,P,I,T,F,-,L,L,L,S,L,H,L,G,L,G,-,-,-,-,-,-,-,-,-,-,-,-,-,-,-,-,-,-,-,-,-,-,-,-,-,-,R,L,P,R,A,L,A,G,P,C,Q,L,W,S,L,T,L,P,V,A,E,L,G,L,G,Y,A,S,E,E,K,V,I,F,R,Y,C,A,G,S,C,P,R,E,A,R,T,Q,H,S,L,V,L,A,R,L,R,G,Q,G,R,A,H,G,R,P,C,C,Q,P,T,S,Y,T,D,V,T,F,L,D,D,R,H,R,W,Q,Q,L,P,Q,L,S,A,A,A,C,G,C,G,G
Mesocricetus_auratus,M,A,A,G,R,L,A,R,M,F,L,L,L,L,S,L,H,L,G,L,G,W,D,R,D,P,H,G,D,V,A,E,N,E,M,S,S,E,E,M,A,-,-,-,-,-,-,R,L,P,R,A,L,A,G,P,C,Q,L,W,S,L,T,L,P,V,A,E,L,G,L,G,Y,T,S,E,E,K,V,I,F,R,Y,C,A,G,S,C,P,R,E,A,H,T,Q,H,S,L,V,L,A,R,L,R,G,L,G,R,A,R,G,R,P,C,C,Q,P,T,S,Y,A,D,V,T,F,L,D,D,R,H,R,W,Q,Q,L,P,Q,L,S,A,A,A,C,G,C,G,G
Microcebus_murinus,M,A,S,G,M,A,L,L,C,T,L,L,L,L,S,L,Q,L,G,L,G,-,-,-,-,-,-,-,-,-,-,-,-,-,-,-,-,-,-,-,-,-,-,-,-,-,A,R,L,R,R,A,P,A,S,P,C,Q,L,W,S,L,N,L,P,V,A,E,L,G,L,G,Y,T,S,E,E,K,V,I,F,R,Y,C,A,G,S,C,P,R,G,A,R,T,Q,H,G,L,V,L,A,R,L,R,G,Q,G,R,A,H,G,G,P,C,C,R,P,T,R,Y,T,D,V,A,F,L,D,D,R,H,R,W,Q,R,L,P,Q,L,S,A,A,A,C,G,C,G,G
Microtus_fortis,M,A,A,G,R,L,T,L,V,F,L,L,L,L,S,L,H,L,G,L,G,W,G,F,D,P,Q,G,A,T,A,E,-,E,I,S,S,E,E,M,A,E,-,-,-,-,-,R,L,P,R,A,L,A,G,P,C,Q,L,W,S,L,T,L,P,V,A,E,L,G,L,G,Y,A,S,E,E,K,V,I,F,R,Y,C,A,G,S,C,P,R,E,A,R,T,Q,H,S,L,V,L,A,R,L,R,G,Q,G,R,A,H,G,R,P,C,C,R,P,T,S,Y,A,D,V,T,F,L,D,D,R,H,R,W,Q,Q,L,P,Q,L,S,A,A,A,C,G,C,G,G
Microtus_ochrogaster,M,A,A,G,R,L,T,L,M,F,L,L,L,L,S,L,H,L,G,L,G,W,G,-,-,-,-,-,-,-,-,-,-,-,-,-,-,-,-,-,-,-,-,-,-,-,-,R,L,P,R,A,L,A,G,P,C,Q,L,W,S,L,T,L,P,V,A,E,L,G,L,G,Y,A,S,E,E,K,V,I,F,R,Y,C,A,G,S,C,P,R,E,A,R,T,Q,H,S,L,V,L,A,R,L,R,G,Q,G,R,A,H,G,R,P,C,C,Q,P,T,S,Y,A,D,V,T,F,L,D,D,R,H,R,W,Q,Q,L,P,Q,L,S,A,A,A,C,G,C,G,G
Microtus_oregoni,M,A,A,G,R,L,T,L,M,F,L,L,L,L,S,L,H,L,G,L,G,W,G,S,D,P,Q,R,A,T,A,E,-,E,L,L,F,E,E,M,A,E,T,G,G,T,V,R,L,S,R,A,L,A,G,P,C,Q,L,W,S,L,T,L,P,V,A,E,L,G,L,G,Y,A,S,E,E,K,V,I,F,R,Y,C,A,G,S,C,P,R,E,A,R,T,Q,H,S,L,V,L,A,R,L,R,G,Q,G,R,A,H,G,R,P,C,C,R,P,T,S,Y,A,D,V,T,F,L,D,D,R,H,R,W,Q,Q,L,P,Q,L,S,A,A,A,C,G,C,G,G
Mirounga_angustirostris,M,A,M,G,R,V,L,L,C,S,L,L,L,L,S,L,Q,P,G,L,S,R,G,P,G,A,R,G,A,V,A,E,E,E,L,-,-,-,-,-,-,-,R,-,G,T,A,R,L,R,R,A,L,A,S,P,C,Q,L,W,S,L,P,L,P,V,A,E,L,G,L,G,Y,A,S,E,E,T,V,I,F,R,Y,C,A,G,S,C,P,R,G,A,R,T,Q,H,G,L,T,L,A,R,L,R,G,Q,G,R,A,H,G,G,P,C,C,R,P,T,R,Y,A,D,V,A,F,L,D,D,R,H,R,W,Q,R,L,P,Q,L,S,A,A,A,C,S,C,G,A
Mirounga_leonina,M,A,M,G,R,V,L,L,C,S,L,L,L,L,S,L,Q,P,G,L,S,R,G,P,G,A,R,G,A,V,A,E,E,E,-,-,-,-,-,-,-,-,-,-,-,-,A,R,L,R,R,A,L,A,S,P,C,Q,L,W,S,L,P,L,P,V,A,E,L,G,L,G,Y,A,S,E,E,T,V,I,F,R,Y,C,A,G,S,C,P,R,G,A,R,T,Q,H,G,L,T,L,A,R,L,R,G,Q,G,R,A,H,G,G,P,C,C,R,P,T,R,Y,A,D,V,A,F,L,D,D,R,H,R,W,Q,R,L,P,Q,L,S,A,A,A,C,S,C,G,A
Monodelphis_domestica,-,-,-,-,-,-,-,-,-,-,-,-,-,-,-,-,-,-,-,-,-,-,-,-,-,-,-,-,-,-,-,-,-,-,-,-,-,-,-,-,-,-,-,-,-,-,-,-,-,-,-,-,-,-,-,-,-,-,-,-,-,-,-,-,-,-,-,-,-,-,-,-,-,-,-,-,-,-,-,-,-,-,-,-,-,-,-,-,-,-,-,-,-,-,-,-,-,-,-,-,-,-,-,-,-,-,-,-,-,-,-,-,-,-,-,-,-,-,-,-,-,-,-,-,-,-,-,-,-,-,-,-,-,-,-,-,-,-,-,-,-,-,-,-,-,-,-
Mus_caroli,M,A,A,G,R,L,R,I,L,C,L,L,L,L,S,L,H,P,S,L,G,-,-,-,-,-,-,-,-,-,V,A,D,K,L,S,S,G,K,M,A,E,T,G,G,T,-,R,L,P,R,A,L,A,G,S,C,R,L,W,S,L,T,L,P,V,A,E,L,G,L,G,Y,A,S,E,E,K,V,I,F,R,Y,C,A,G,S,C,P,Q,E,A,R,T,Q,H,S,L,V,L,A,R,L,R,G,R,G,R,A,H,G,R,P,C,C,Q,P,T,S,Y,A,D,V,T,F,L,D,D,Q,H,H,W,Q,H,L,P,Q,L,S,A,A,A,C,G,C,G,G
Mus_musculus,M,A,A,G,R,L,R,I,L,C,L,L,L,L,S,L,H,P,S,L,G,-,-,-,-,-,-,-,-,-,-,-,-,-,-,-,-,-,-,-,-,-,-,-,-,-,-,R,L,P,R,A,L,A,G,S,C,R,L,W,S,L,T,L,P,V,A,E,L,G,L,G,Y,A,S,E,E,K,V,I,F,R,Y,C,A,G,S,C,P,Q,E,A,H,T,Q,H,S,L,V,L,A,R,L,R,G,R,G,R,A,H,G,R,P,C,C,Q,P,T,S,Y,A,D,V,T,F,L,D,D,Q,H,H,W,Q,Q,L,P,Q,L,S,A,A,A,C,G,C,G,G
Mus_pahari,M,A,A,G,R,L,W,I,M,C,L,L,L,L,S,L,-,-,-,-,-,-,-,-,-,-,-,-,-,-,V,A,D,E,L,S,S,G,K,M,A,E,N,G,G,T,V,R,L,P,R,T,L,A,G,S,C,R,L,W,S,L,T,L,P,V,A,D,L,G,L,G,Y,A,S,E,E,K,V,I,F,R,Y,C,A,G,S,C,P,Q,E,A,R,T,Q,H,S,L,V,L,A,R,L,R,R,Q,G,R,A,H,G,R,P,C,C,Q,P,T,S,Y,A,D,V,T,F,L,D,R,Q,H,H,W,Q,Q,L,P,Q,L,S,A,A,A,C,G,C,G,G
Mustela_erminea,M,G,T,G,R,V,L,L,C,S,L,L,I,L,S,L,R,L,G,L,T,G,G,P,G,A,W,G,A,V,A,E,E,E,L,R,-,-,-,-,-,-,-,-,G,T,A,R,P,R,R,A,L,A,T,P,C,Q,L,W,S,L,S,L,P,V,A,E,L,G,L,G,Y,A,S,E,E,T,V,V,F,R,Y,C,A,G,S,C,P,R,D,A,R,T,Q,H,G,L,T,L,A,H,L,R,G,Q,G,R,A,H,G,G,P,C,C,R,P,T,R,Y,T,D,V,A,F,L,D,D,H,H,R,W,Q,W,L,P,Q,L,S,A,A,A,C,S,C,G,A
Mustela_putorius_furo,M,G,T,G,R,V,L,L,C,S,L,L,I,L,S,L,R,L,G,L,T,R,G,P,G,V,W,G,A,V,A,E,E,E,L,R,-,-,-,-,-,-,-,-,G,T,A,R,P,R,R,A,L,A,T,P,C,Q,L,W,S,L,S,L,P,V,A,E,L,G,L,G,Y,A,S,E,E,T,V,V,F,R,Y,C,A,G,S,C,P,R,D,A,R,T,Q,H,G,L,T,L,A,H,L,R,G,Q,G,R,A,H,G,G,P,C,C,R,P,T,R,Y,T,D,V,A,F,L,D,D,H,H,R,W,Q,W,L,P,Q,L,S,A,A,A,C,S,C,G,A
Myodes_glareolus,M,A,A,G,R,L,T,L,M,F,L,L,L,L,S,L,H,L,G,L,G,W,G,S,D,P,Q,G,A,T,A,E,-,E,-,-,-,-,-,-,-,-,-,-,-,-,-,R,L,P,R,A,L,A,G,P,C,Q,L,W,S,L,T,L,P,V,A,E,L,G,L,G,Y,A,S,E,E,K,V,I,F,R,Y,C,A,G,S,C,P,R,E,A,R,T,Q,H,S,L,V,L,A,R,L,R,G,Q,G,R,A,H,G,R,P,C,C,R,P,T,S,Y,A,D,V,T,F,L,D,D,H,H,R,W,Q,Q,L,P,Q,L,S,A,A,A,C,G,C,G,G
Neogale_vison,M,G,T,G,R,V,L,L,C,S,L,L,I,L,S,L,R,L,G,L,T,G,G,P,G,A,W,G,A,V,A,E,E,E,L,Q,-,-,-,-,-,-,-,-,G,T,A,R,P,R,R,A,L,A,T,P,C,Q,L,W,S,L,S,L,P,V,A,E,L,G,L,G,Y,V,S,E,E,T,V,V,F,R,Y,C,A,G,S,C,P,R,D,A,R,T,Q,H,G,L,T,L,A,H,L,R,G,Q,G,R,A,H,G,G,P,C,C,R,P,T,R,Y,T,D,V,A,F,L,D,D,H,H,R,W,Q,W,L,P,Q,L,S,A,A,A,C,S,C,G,A
Odobenus_rosmarus_divergens,M,A,T,G,R,L,L,L,C,A,L,L,L,L,S,L,Q,R,G,L,S,R,G,P,G,A,W,G,A,V,V,E,E,E,L,-,-,-,-,-,-,-,R,-,G,T,A,R,L,R,R,A,L,A,S,P,C,Q,L,W,S,L,P,L,P,V,A,E,L,G,L,G,Y,A,S,E,E,T,V,I,F,R,Y,C,A,G,S,C,P,R,G,A,R,T,Q,H,G,L,T,L,A,R,L,R,G,Q,G,R,A,H,G,G,P,C,C,R,P,T,R,Y,A,D,V,A,F,L,D,D,R,H,R,W,Q,R,L,P,Q,L,S,A,A,A,C,S,C,G,A
Odocoileus_virginianus_texanus,M,A,T,G,R,V,L,L,G,S,L,L,L,L,I,L,H,L,D,L,G,G,S,R,G,A,W,E,A,V,A,E,R,E,L,S,F,E,P,A,V,D,R,-,E,T,A,R,L,R,R,S,L,T,S,P,C,Q,L,W,S,L,S,L,P,V,A,E,L,G,L,G,Y,M,S,E,E,T,V,I,F,R,Y,C,A,G,S,C,P,R,G,A,R,T,Q,H,G,L,T,L,A,R,L,R,G,Q,G,R,A,H,G,G,P,C,C,R,P,T,R,Y,A,D,V,T,F,L,D,D,R,H,R,W,Q,R,L,P,Q,L,S,A,A,A,C,G,C,G,G
Onychomys_torridus,M,A,A,G,R,L,T,L,R,F,L,L,L,L,F,L,H,L,G,L,G,W,G,P,G,P,Q,G,A,V,A,E,D,E,I,S,S,E,E,M,A,E,T,G,E,T,V,R,L,P,R,A,L,A,G,P,C,Q,L,W,S,L,T,L,P,V,A,E,L,G,L,G,Y,A,S,E,E,K,V,I,F,R,Y,C,A,G,S,C,P,R,E,A,R,T,Q,H,S,L,V,L,A,R,L,R,G,Q,G,R,A,H,G,Q,P,C,C,Q,P,T,S,Y,A,D,V,T,F,L,D,H,R,H,R,W,Q,Q,L,P,Q,L,S,A,A,A,C,G,C,G,G
Ornithorhynchus_anatinus,M,D,S,A,L,L,L,L,G,F,L,L,L,L,S,S,Q,P,G,V,G,E,T,P,-,-,-,-,-,-,-,-,-,-,-,-,-,-,-,-,-,-,-,-,-,-,-,-,-,P,R,A,L,A,-,-,C,Q,L,R,S,L,P,L,Q,V,K,E,L,G,L,G,Y,A,S,D,E,T,I,V,F,R,Y,C,A,G,R,C,P,R,-,A,R,T,Q,H,A,L,I,L,A,R,L,Q,G,Q,A,E,W,H,G,E,P,C,C,R,P,T,G,Y,E,D,V,A,F,L,D,N,Q,H,H,W,H,H,L,P,Q,L,S,A,G,G,C,S,C,V,G
Orycteropus_afer_afer,-,-,-,-,-,-,-,-,-,-,-,-,-,-,-,-,-,-,-,L,S,W,G,P,A,A,L,G,S,V,A,S,G,E,I,S,A,E,H,T,V,E,A,G,G,T,A,R,L,R,R,A,L,A,S,P,C,Q,L,W,S,L,T,L,P,V,A,E,L,G,L,G,Y,T,S,E,E,R,V,I,F,R,Y,C,A,G,S,C,P,R,G,A,H,T,Q,H,G,L,T,L,A,R,L,R,G,Q,G,R,A,Y,G,G,P,C,C,R,P,T,R,Y,A,D,V,T,F,L,D,D,R,H,H,W,Q,R,L,V,Q,L,S,A,A,A,C,S,C,S,E
Oryctolagus_cuniculus,-,-,-,-,-,-,-,-,-,-,-,-,-,-,-,-,-,-,-,-,-,-,-,-,-,-,-,-,-,-,-,-,-,-,-,-,-,-,-,-,-,-,-,-,-,-,-,-,-,-,-,-,-,-,-,-,-,-,-,-,-,-,-,-,-,-,-,-,-,-,-,-,-,-,-,-,-,-,-,-,-,-,-,-,-,-,-,-,-,-,-,-,-,-,-,-,-,-,-,-,-,-,-,-,-,-,-,-,-,-,-,-,-,-,-,-,-,-,-,-,-,-,-,-,-,-,-,-,-,-,-,-,-,-,-,-,-,-,-,-,-,-,-,-,-,-,-
Oryx_dammah,M,A,T,G,R,V,L,L,G,S,L,L,L,L,I,L,H,L,D,L,G,-,-,-,-,-,-,-,-,V,A,E,K,E,L,S,S,E,P,A,V,D,R,-,E,T,A,R,L,R,R,A,L,T,S,P,C,Q,L,W,S,L,S,L,P,V,A,E,L,G,L,G,Y,T,S,E,E,T,V,I,F,R,Y,C,A,G,S,C,S,H,G,A,R,T,Q,H,G,L,T,L,A,R,L,R,G,Q,G,R,A,H,G,G,P,C,C,Q,P,T,R,Y,A,D,V,T,F,L,D,D,S,Y,R,W,Q,R,L,P,Q,L,S,A,A,A,C,G,C,G,G
Otolemur_garnettii,M,A,T,G,T,V,L,L,C,F,L,L,L,L,S,L,Q,S,G,L,G,W,G,P,S,G,W,G,V,M,A,E,G,E,F,L,S,E,Q,A,A,E,A,-,G,-,A,R,L,R,R,A,P,A,G,P,C,Q,L,W,S,L,T,L,P,V,A,E,L,G,L,G,Y,T,S,E,E,K,V,I,F,R,Y,C,A,G,R,C,P,L,G,A,R,T,Q,H,G,L,V,L,A,R,L,R,G,Q,G,R,A,H,G,G,P,C,C,L,P,T,D,Y,A,D,V,A,F,L,D,D,R,H,R,W,Q,R,L,P,Q,L,S,A,A,A,C,G,C,G,G
Panthera_leo,M,A,T,G,R,V,L,L,C,S,L,L,L,L,S,L,Q,P,G,L,T,R,G,P,G,A,R,G,A,V,V,E,E,E,P,-,-,-,-,-,-,-,R,-,G,T,A,R,L,R,R,A,L,A,G,P,C,Q,L,W,S,L,P,L,P,V,A,E,L,G,L,G,Y,A,S,E,E,T,V,I,F,R,Y,C,A,G,S,C,P,R,G,A,R,T,Q,H,G,L,T,L,A,R,L,R,G,Q,G,R,A,H,G,G,P,C,C,Q,P,T,R,Y,T,D,V,A,F,L,D,D,R,H,R,W,Q,R,L,P,Q,L,S,A,A,A,C,S,C,G,G
Panthera_pardus,M,A,T,E,R,V,L,L,C,S,L,L,L,L,S,L,Q,P,G,L,G,R,G,P,E,-,-,-,-,-,-,-,-,-,-,-,-,-,-,-,-,-,-,-,-,-,A,R,L,R,R,A,L,A,A,P,C,Q,L,W,S,L,P,L,P,V,A,E,L,G,L,G,Y,A,S,E,E,T,V,I,F,R,Y,C,A,G,S,C,P,R,G,A,R,T,Q,H,G,L,T,L,A,R,L,R,G,Q,G,R,A,H,G,G,P,C,C,Q,P,T,R,Y,T,D,V,A,F,L,D,D,R,H,R,W,Q,R,L,P,Q,L,S,A,A,A,C,S,C,G,G
Panthera_uncia,M,A,T,G,R,V,L,L,C,S,L,L,L,L,S,L,Q,P,G,L,G,R,G,P,G,-,-,-,-,-,-,-,-,-,-,-,-,-,-,-,-,-,-,-,-,-,A,R,L,R,R,A,L,A,G,P,C,Q,L,W,S,L,P,L,P,V,A,E,L,G,L,G,Y,A,S,E,E,T,V,I,F,R,Y,C,A,G,S,C,P,R,G,A,R,T,Q,H,G,L,T,L,A,R,L,R,G,Q,G,R,A,H,G,G,P,C,C,Q,P,T,R,Y,T,D,V,A,F,L,D,D,R,H,R,W,Q,R,L,P,Q,L,S,A,A,A,C,S,C,G,G
Perognathus_longimembris_pacificus,M,A,T,G,R,V,V,R,V,S,L,L,F,L,S,L,Q,L,G,L,S,G,S,L,E,A,Q,Q,A,V,A,T,G,Q,F,L,S,Q,Q,T,E,E,A,G,G,T,-,P,L,R,R,A,P,A,A,A,C,Q,L,W,S,L,T,L,P,V,A,E,L,G,L,G,Y,A,S,K,D,K,V,T,F,H,Y,C,A,G,S,C,L,R,G,A,R,T,Q,H,G,L,T,L,A,W,L,R,G,Q,G,R,T,H,G,G,P,C,C,R,P,T,R,Y,A,D,V,A,F,L,D,D,R,L,R,W,Q,R,L,P,Q,L,S,A,A,A,C,G,C,G,-
Peromyscus_californicus_insignis,-,-,-,-,-,-,-,-,-,-,-,-,-,-,-,L,H,L,G,L,G,W,G,P,G,P,Q,G,A,A,A,E,E,E,I,S,S,E,E,M,A,E,-,-,-,-,-,R,L,P,R,A,L,A,A,P,C,Q,L,W,S,L,T,L,P,V,A,E,L,G,L,G,Y,A,S,E,E,K,V,I,F,R,Y,C,A,G,S,C,P,R,E,A,R,T,Q,H,S,L,V,L,A,R,L,R,G,Q,G,R,A,H,G,Q,P,C,C,Q,P,T,S,Y,A,D,V,T,F,L,D,D,R,H,R,W,R,Q,L,P,Q,L,S,A,A,A,C,G,C,G,G
Peromyscus_leucopus,M,A,A,G,R,L,M,L,V,F,L,L,L,L,F,L,Y,L,G,L,G,W,S,P,G,P,Q,G,A,A,A,E,D,E,I,S,S,E,E,M,A,E,-,-,-,-,-,R,L,P,R,A,L,A,G,P,C,Q,L,W,S,L,T,L,P,V,A,E,L,G,L,G,Y,A,S,E,E,K,V,I,F,R,Y,C,A,G,S,C,P,R,-,A,R,T,Q,H,S,L,V,L,A,R,L,R,G,Q,G,R,A,H,G,Q,P,C,C,Q,P,T,S,Y,A,D,V,T,F,L,D,D,R,H,R,W,R,Q,L,P,Q,L,S,A,A,A,C,G,C,G,G
Peromyscus_maniculatus_bairdii,M,A,A,G,R,L,M,L,M,F,L,L,L,L,F,V,H,L,G,L,G,W,S,P,G,P,Q,G,A,A,A,E,D,E,I,S,S,E,E,M,A,E,-,-,-,-,A,R,L,P,R,A,L,A,G,P,C,Q,L,W,S,L,T,L,P,V,A,E,L,G,L,G,Y,A,S,E,E,K,V,I,F,R,Y,C,A,G,S,C,P,R,E,A,R,T,Q,H,S,L,V,L,A,R,L,R,G,Q,G,R,A,H,G,Q,P,C,C,Q,P,T,S,Y,A,D,V,T,F,L,D,D,R,H,R,W,R,Q,L,P,Q,L,S,A,A,A,C,G,C,G,G
Phascolarctos_cinereus,M,A,R,A,L,V,L,L,T,-,L,L,L,L,P,P,S,L,G,-,-,-,-,-,-,-,-,-,-,-,-,-,-,-,-,-,-,-,-,-,-,-,-,-,-,-,-,-,-,E,R,A,L,P,-,E,C,Q,L,Q,S,V,L,L,S,V,T,E,L,G,L,G,Y,K,S,D,E,I,I,A,F,R,Y,C,A,G,S,C,-,H,S,P,R,T,H,H,G,M,T,L,A,R,L,L,H,K,G,R,V,M,G,Q,P,C,C,H,P,T,Q,Y,E,D,V,A,F,L,D,N,N,Q,Q,W,H,H,L,P,Q,V,S,A,A,A,C,S,C,D,S
Phoca_vitulina,M,A,M,G,R,V,L,L,C,S,L,L,L,L,S,L,Q,R,G,L,S,R,G,P,G,A,R,G,A,V,A,E,E,E,-,-,-,-,-,-,-,-,-,-,-,-,A,R,L,R,R,A,L,A,S,P,C,Q,L,W,S,L,P,L,P,V,A,E,L,G,L,G,Y,A,S,E,E,T,V,I,F,R,Y,C,A,G,S,C,P,R,G,A,R,T,Q,H,G,L,T,L,A,R,L,R,G,Q,G,R,A,H,G,G,P,C,C,R,P,T,R,Y,A,D,V,A,F,L,D,D,R,H,R,W,Q,R,L,P,Q,L,S,A,A,A,C,S,C,G,A
Phodopus_roborovskii,M,A,A,G,R,L,A,L,M,F,L,L,L,L,P,L,H,L,S,L,-,-,-,-,-,-,-,-,-,V,A,K,D,E,I,S,S,K,E,M,A,E,-,-,-,-,-,R,L,P,R,A,L,V,G,P,C,Q,L,W,S,L,T,L,P,V,A,E,L,G,L,G,Y,A,S,E,E,K,V,I,F,R,Y,C,A,G,S,C,L,R,E,A,H,T,Q,H,S,L,V,L,A,R,L,R,G,Q,G,R,A,H,G,Q,P,C,C,Q,P,T,S,Y,T,D,V,T,F,L,D,D,R,H,R,W,Q,Q,L,P,Q,L,S,A,A,A,C,G,C,G,G
Prionailurus_bengalensis_euptilurus,-,-,-,-,-,-,-,-,-,-,-,-,-,-,-,-,-,-,-,-,-,-,-,-,-,-,-,-,-,-,-,-,-,-,-,-,-,-,-,-,-,-,-,-,-,-,-,-,-,-,-,-,-,-,-,-,-,-,-,-,-,-,-,-,-,-,-,-,-,-,-,-,-,-,-,-,-,-,-,-,-,-,-,-,-,-,-,-,-,-,-,-,-,-,-,-,-,-,-,-,-,-,-,-,-,-,-,-,-,-,-,-,-,-,-,-,-,-,-,-,-,-,-,-,-,-,-,-,-,-,-,-,-,-,-,-,-,-,-,-,-,-,-,-,-,-,-
Puma_concolor,M,A,T,G,R,V,L,L,C,S,L,L,L,L,S,L,Q,P,G,L,G,R,G,P,G,A,R,G,A,V,V,E,E,E,-,-,-,-,-,-,-,-,-,-,-,-,A,R,L,R,R,A,L,A,S,P,C,Q,L,W,S,L,P,L,P,V,A,E,L,G,L,G,Y,A,S,E,E,T,V,I,F,R,Y,C,A,G,S,C,P,R,G,A,R,T,Q,H,G,L,T,L,A,R,L,R,G,Q,G,R,A,H,G,G,P,C,C,Q,P,T,R,Y,T,D,V,A,F,L,D,D,R,H,R,W,Q,R,L,P,Q,L,S,A,A,A,C,S,C,G,G
Puma_yagouaroundi,M,A,T,G,R,V,L,L,C,S,L,L,L,L,S,L,Q,P,G,L,G,R,G,P,G,A,R,G,A,V,V,E,E,E,P,-,-,-,-,-,-,-,R,-,G,T,A,R,L,R,R,A,L,A,S,P,C,Q,L,W,S,L,P,L,P,V,A,E,L,G,L,G,Y,A,S,E,E,T,V,I,F,R,Y,C,A,G,S,C,P,R,G,A,R,T,Q,H,G,L,T,L,A,R,L,R,G,Q,G,R,A,H,G,G,P,C,C,Q,P,T,R,Y,T,D,V,A,F,L,D,D,R,H,R,W,Q,R,L,P,Q,L,S,A,A,A,C,S,C,G,G
Rattus_norvegicus,M,A,A,G,R,L,R,I,L,F,L,L,L,L,S,L,H,L,G,L,G,-,-,-,-,-,-,-,-,-,A,A,D,E,L,S,S,G,K,M,A,E,-,-,-,-,-,R,L,P,R,A,L,P,G,L,C,R,L,W,S,L,T,L,P,V,A,E,L,G,L,G,Y,A,S,E,E,K,I,I,F,R,Y,C,A,G,S,C,P,Q,E,V,R,T,Q,H,S,L,V,L,A,R,L,R,G,Q,G,R,A,H,G,R,P,C,C,Q,P,T,S,Y,A,D,V,T,F,L,D,D,H,H,H,W,Q,Q,L,P,Q,L,S,A,A,A,C,G,C,G,G
Rattus_rattus,M,A,A,G,R,L,R,I,L,F,L,L,L,L,S,L,H,L,G,L,G,-,-,-,-,-,-,-,-,-,A,A,D,E,L,S,S,G,K,M,A,E,-,-,-,-,-,R,L,P,R,A,L,P,G,L,C,R,L,W,S,L,T,L,P,V,A,E,L,G,L,G,Y,A,S,E,E,K,I,I,F,R,Y,C,A,G,S,C,P,Q,E,A,R,T,Q,H,S,L,V,L,A,R,L,R,G,Q,G,R,A,H,G,R,P,C,C,Q,P,T,S,Y,A,D,V,T,F,L,D,D,H,H,H,W,Q,Q,L,P,Q,L,S,A,A,A,C,G,C,G,G
Sarcophilus_harrisii,-,-,-,-,-,-,-,-,-,-,-,-,-,-,-,-,-,-,-,-,-,-,-,-,-,-,-,-,-,-,-,-,-,-,-,-,-,-,-,-,-,-,-,-,-,-,-,-,-,-,-,-,-,-,-,-,C,Q,L,Q,S,L,L,L,P,V,T,E,L,G,L,G,Y,D,S,D,E,T,I,A,F,R,Y,C,A,G,S,C,-,H,S,P,Y,T,H,H,G,L,T,L,A,R,L,S,A,E,G,R,V,M,G,Q,P,C,C,H,P,T,Q,Y,E,D,V,A,F,L,D,N,H,H,H,W,H,H,L,P,Q,L,S,A,A,A,C,G,C,G,I
Suncus_etruscus,-,-,-,-,-,-,-,L,G,T,L,L,L,L,S,L,H,P,G,L,S,G,M,P,G,A,Q,G,S,V,T,-,G,E,V,W,P,D,S,A,A,S,R,-,G,I,G,R,S,R,R,A,L,A,G,P,C,Q,L,Q,S,L,S,L,P,V,A,E,L,G,L,G,Y,A,S,E,E,T,V,I,F,R,Y,C,S,G,S,C,P,R,G,A,R,T,Q,H,G,L,T,L,A,R,L,R,G,Q,G,R,V,H,G,G,P,C,C,Q,P,T,R,Y,V,D,V,A,F,L,D,D,R,H,R,W,Q,L,L,P,Q,F,S,A,A,A,C,S,C,G,G
Sus_scrofa,M,A,M,G,R,V,M,L,S,L,L,L,L,L,I,L,H,L,D,L,G,G,D,P,G,A,W,G,T,V,V,E,G,E,L,S,S,Q,P,A,A,D,R,-,G,I,A,R,L,P,R,A,L,A,G,P,C,Q,L,W,S,L,P,L,P,V,A,E,L,G,L,G,Y,T,S,E,E,M,V,I,F,H,Y,C,A,G,S,C,P,R,G,A,R,T,Q,H,G,L,T,L,A,R,L,R,G,Q,G,R,A,H,G,G,P,C,C,R,P,T,R,Y,A,D,V,A,F,L,D,D,R,H,R,W,Q,R,L,P,Q,L,S,A,A,A,C,A,C,S,D
Tachyglossus_aculeatus,M,D,S,A,L,L,L,L,G,F,L,L,L,L,S,P,Q,P,G,V,G,E,T,P,-,-,-,-,-,-,-,-,-,-,-,-,-,-,-,-,-,-,-,-,-,-,-,-,-,-,-,-,-,-,-,-,C,R,L,R,S,L,P,L,Q,V,K,E,L,G,L,G,Y,A,S,D,E,T,I,V,F,R,Y,C,A,G,R,C,P,R,-,A,R,T,Q,H,A,L,T,L,A,R,L,Q,G,Q,A,Q,W,H,G,E,P,C,C,R,P,T,R,Y,E,D,V,A,F,L,D,N,Q,H,Q,W,H,H,L,P,E,L,S,A,G,G,C,S,C,V,G
Talpa_occidentalis,M,A,T,G,G,V,L,L,G,S,L,V,L,L,L,L,Q,L,G,F,G,G,G,A,G,A,R,G,A,V,A,E,G,E,L,L,S,E,P,A,A,D,R,-,G,T,A,R,L,R,R,A,P,A,G,P,C,Q,L,W,S,L,P,L,P,V,A,E,L,G,L,G,Y,T,S,E,E,T,V,I,F,R,Y,C,A,G,S,C,P,R,G,A,R,T,Q,H,G,L,T,L,A,R,L,R,G,Q,G,R,A,H,G,G,P,C,C,R,P,T,R,Y,S,D,V,D,F,L,D,D,R,H,R,W,Q,R,L,P,Q,L,S,A,A,A,C,G,C,G,G
Trichechus_manatus_latirostris,-,-,-,-,-,-,-,-,-,-,-,-,-,-,-,-,-,-,-,L,S,W,G,P,A,A,L,G,S,V,V,S,G,E,F,W,A,E,H,I,A,E,A,G,G,N,A,R,L,R,R,A,A,A,G,P,C,Q,L,R,S,L,T,L,P,V,A,E,L,G,L,G,Y,A,S,E,E,R,V,V,F,S,Y,C,A,G,S,C,P,R,G,A,H,T,Q,H,G,L,T,L,A,R,L,W,G,Q,G,R,A,H,G,G,P,C,-,-,-,-,-,-,-,-,-,-,-,-,-,-,-,-,-,-,-,-,-,-,-,-,-,-,-,-,-,-,-,-,-
Trichosurus_vulpecula,M,A,R,A,L,I,L,L,T,L,S,L,L,L,P,P,S,L,G,E,S,-,-,-,-,-,-,-,-,-,-,-,-,-,-,-,-,-,-,-,-,-,-,-,P,T,A,R,V,S,R,A,L,-,-,-,C,Q,L,Q,S,L,L,L,P,V,T,K,L,G,L,G,Y,N,S,D,E,T,I,A,F,R,Y,C,A,G,S,C,-,H,S,P,H,T,H,H,G,L,T,L,A,R,L,S,G,E,G,R,A,M,G,Q,S,C,C,H,P,T,R,Y,E,D,V,A,F,L,D,N,N,H,H,W,H,H,L,P,Q,L,S,A,A,A,C,G,C,G,I
Ursus_arctos_horribilis,-,-,-,-,-,-,-,-,-,-,-,-,-,-,-,-,-,-,-,-,-,-,-,-,-,-,-,-,-,-,-,-,-,-,-,-,-,-,-,-,-,-,-,-,-,-,-,-,-,-,-,-,-,-,-,-,-,-,-,-,-,-,-,-,-,-,-,-,-,-,-,-,-,-,-,-,-,-,-,-,-,-,-,-,-,-,-,-,-,-,-,-,-,-,-,-,-,-,-,-,-,-,-,-,-,-,-,-,-,-,-,-,-,-,-,-,-,-,-,-,-,-,-,-,-,-,-,-,-,-,-,-,-,-,-,-,-,-,-,-,-,-,-,-,-,-,-
Vombatus_ursinus,-,-,-,-,-,-,-,-,-,-,-,-,-,-,-,-,-,-,-,-,-,-,-,-,-,-,-,-,-,-,-,-,-,-,-,-,-,-,-,-,-,-,-,-,-,-,A,R,V,S,R,A,P,P,-,E,C,Q,L,Q,S,L,I,L,S,V,T,E,L,G,L,G,Y,N,S,D,E,T,I,A,F,R,Y,C,A,G,S,C,-,-,-,-,-,-,-,-,-,-,-,-,-,-,-,-,-,-,-,-,-,-,-,-,-,C,C,H,P,T,Q,Y,E,D,V,V,F,L,D,N,K,Q,Q,W,H,H,L,P,Q,L,S,A,A,A,C,S,C,G,I
Vulpes_lagopus,M,A,P,G,R,V,L,L,C,S,L,L,L,L,S,L,Q,L,G,L,G,W,G,P,G,A,R,G,A,V,V,E,G,E,L,R,-,-,-,-,-,-,-,-,G,T,G,R,P,R,R,A,L,A,S,P,C,Q,L,W,S,L,S,L,P,V,A,E,L,G,L,G,Y,T,S,E,E,T,V,T,F,R,Y,C,A,G,S,C,P,R,G,A,R,T,Q,H,G,L,T,L,A,W,L,W,G,Q,G,R,A,L,G,G,P,C,C,R,P,T,R,Y,A,D,V,A,F,L,D,D,R,H,R,W,Q,R,L,P,Q,L,S,A,A,A,C,S,C,G,-
Vulpes_vulpes,M,A,P,G,R,V,L,L,C,S,L,L,L,L,S,L,Q,L,G,L,G,W,G,P,G,A,R,G,A,V,V,E,G,E,L,R,-,-,-,-,-,-,-,-,G,T,G,R,P,R,R,A,L,A,S,P,C,Q,L,W,S,L,S,L,P,V,A,E,L,G,L,G,Y,T,S,E,E,T,V,T,F,R,Y,C,A,G,S,C,P,R,G,A,R,T,Q,H,G,L,T,L,A,W,L,R,G,Q,G,R,A,L,G,G,P,C,C,R,P,T,R,Y,A,D,V,A,F,L,D,D,R,H,R,W,Q,W,L,P,Q,L,S,A,A,A,C,S,C,G,-
Zalophus_californianus,M,A,T,G,R,L,L,L,C,A,L,L,L,L,S,L,Q,R,G,L,S,R,G,P,G,A,W,G,A,V,A,E,E,E,L,-,-,-,-,-,-,-,R,-,G,T,A,R,L,R,R,A,L,A,S,P,C,Q,L,W,S,L,P,L,P,V,A,E,L,G,L,G,Y,A,S,E,E,T,V,I,F,R,Y,C,A,G,S,C,P,R,G,A,R,T,Q,H,G,L,T,L,A,R,L,R,G,Q,G,R,A,H,G,G,P,C,C,R,P,T,R,Y,A,D,V,A,F,L,D,D,R,H,R,W,Q,R,L,P,Q,L,S,A,A,A,C,S,C,G,A
shrew_mole,M,A,T,A,R,V,P,L,G,F,L,V,L,L,L,L,Q,L,G,F,G,G,D,P,G,A,R,G,V,L,V,E,G,E,L,L,S,A,A,A,A,D,R,-,G,T,T,R,L,R,R,A,P,A,G,P,C,Q,L,W,S,L,A,L,P,V,A,D,L,G,L,G,Y,A,S,E,E,T,V,I,F,R,Y,C,A,G,S,C,P,R,G,A,R,T,Q,H,G,L,T,L,A,R,L,R,G,L,G,R,A,H,G,G,P,C,C,R,P,T,R,Y,S,D,V,A,F,L,D,D,R,H,R,W,Q,R,L,P,Q,L,S,A,A,A,C,G,C,G,G
ZWS,-,-,-,-,-,-,-,-,-,-,-,-,-,-,-,-,-,-,-,-,-,-,-,-,-,-,-,-,-,-,-,-,-,-,-,-,-,-,-,-,-,-,-,-,-,-,-,-,-,-,-,-,-,-,-,-,-,-,-,-,-,-,-,-,-,-,-,-,-,-,-,-,-,-,-,-,-,-,-,-,-,-,-,-,-,-,-,-,-,-,-,-,-,-,-,-,-,-,-,-,-,-,-,-,-,-,-,-,-,-,-,-,-,-,-,-,-,-,-,-,-,-,-,-,-,-,-,-,-,-,-,-,-,-,-,-,-,-,-,-,-,-,-,-,-,-,-
