,RAB42 0,RAB42 1,RAB42 2,RAB42 3,RAB42 4,RAB42 5,RAB42 6,RAB42 7,RAB42 8,RAB42 9,RAB42 10,RAB42 11,RAB42 12,RAB42 13,RAB42 14,RAB42 15,RAB42 16,RAB42 17,RAB42 18,RAB42 19,RAB42 20,RAB42 21,RAB42 22,RAB42 23,RAB42 24,RAB42 25,RAB42 26,RAB42 27,RAB42 28,RAB42 29,RAB42 30,RAB42 31,RAB42 32,RAB42 33,RAB42 34,RAB42 35,RAB42 36,RAB42 37,RAB42 38,RAB42 39,RAB42 40,RAB42 41,RAB42 42,RAB42 43,RAB42 44,RAB42 45,RAB42 46,RAB42 47,RAB42 48,RAB42 49,RAB42 50,RAB42 51,RAB42 52,RAB42 53,RAB42 54,RAB42 55,RAB42 56,RAB42 57,RAB42 58,RAB42 59,RAB42 60,RAB42 61,RAB42 62,RAB42 63,RAB42 64,RAB42 65,RAB42 66,RAB42 67,RAB42 68,RAB42 69,RAB42 70,RAB42 71,RAB42 72,RAB42 73,RAB42 74,RAB42 75,RAB42 76,RAB42 77,RAB42 78,RAB42 79,RAB42 80,RAB42 81,RAB42 82,RAB42 83,RAB42 84,RAB42 85,RAB42 86,RAB42 87,RAB42 88,RAB42 89,RAB42 90,RAB42 91,RAB42 92,RAB42 93,RAB42 94,RAB42 95,RAB42 96,RAB42 97,RAB42 98,RAB42 99,RAB42 100,RAB42 101,RAB42 102,RAB42 103,RAB42 104,RAB42 105,RAB42 106,RAB42 107,RAB42 108,RAB42 109,RAB42 110,RAB42 111,RAB42 112,RAB42 113,RAB42 114,RAB42 115,RAB42 116,RAB42 117,RAB42 118,RAB42 119,RAB42 120,RAB42 121,RAB42 122,RAB42 123,RAB42 124,RAB42 125,RAB42 126,RAB42 127,RAB42 128,RAB42 129,RAB42 130,RAB42 131,RAB42 132,RAB42 133,RAB42 134,RAB42 135,RAB42 136,RAB42 137,RAB42 138,RAB42 139,RAB42 140,RAB42 141,RAB42 142,RAB42 143,RAB42 144,RAB42 145,RAB42 146,RAB42 147,RAB42 148,RAB42 149,RAB42 150,RAB42 151,RAB42 152,RAB42 153,RAB42 154,RAB42 155,RAB42 156,RAB42 157,RAB42 158,RAB42 159,RAB42 160,RAB42 161,RAB42 162,RAB42 163,RAB42 164,RAB42 165,RAB42 166,RAB42 167,RAB42 168,RAB42 169,RAB42 170,RAB42 171,RAB42 172,RAB42 173,RAB42 174,RAB42 175,RAB42 176,RAB42 177,RAB42 178,RAB42 179,RAB42 180,RAB42 181,RAB42 182,RAB42 183,RAB42 184,RAB42 185,RAB42 186,RAB42 187,RAB42 188,RAB42 189,RAB42 190,RAB42 191,RAB42 192,RAB42 193,RAB42 194,RAB42 195,RAB42 196,RAB42 197,RAB42 198,RAB42 199,RAB42 200,RAB42 201,RAB42 202,RAB42 203,RAB42 204,RAB42 205,RAB42 206,RAB42 207,RAB42 208,RAB42 209,RAB42 210,RAB42 211,RAB42 212,RAB42 213,RAB42 214,RAB42 215,RAB42 216,RAB42 217
Chrysochloris_asiatica,M,A,A,G,G,Y,H,C,Q,F,R,I,A,L,L,G,D,A,A,V,G,K,T,S,L,L,R,R,Y,V,A,G,A,P,G,S,C,E,P,E,P,E,P,D,P,T,V,G,V,E,F,Y,S,R,A,L,Q,L,R,T,G,P,R,V,K,L,Q,L,W,D,T,A,G,Q,E,R,F,R,C,I,T,R,S,F,Y,R,N,M,V,G,V,L,L,V,F,D,M,T,N,R,K,S,F,E,H,I,P,D,W,Y,Q,E,V,M,A,T,Q,G,P,D,K,A,V,F,L,L,V,G,H,K,S,D,L,Q,S,I,R,C,V,S,A,Q,E,A,E,E,L,A,T,S,L,G,M,S,F,V,E,T,S,A,R,N,N,S,N,V,D,L,A,F,D,T,L,A,D,A,I,Q,Q,A,L,Q,Q,G,D,I,K,L,E,E,D,W,G,G,V,R,L,I,Y,K,T,Q,S,P,G,A,P,S,R,K,Q,H,P,G,S,C,Q,C
Balaenoptera_acutorostrata_scammoni,M,E,A,G,G,C,R,Y,Q,F,R,I,A,L,L,G,D,A,A,V,G,K,T,S,L,L,W,R,Y,V,A,G,A,P,G,I,P,E,P,E,P,E,L,E,P,T,V,G,V,E,F,Y,S,R,T,L,Q,L,R,A,G,P,R,V,K,L,Q,L,W,D,T,A,G,Q,E,R,F,R,C,I,T,R,S,F,Y,R,N,V,V,G,V,L,L,V,F,D,V,T,N,R,K,S,F,E,H,I,R,D,W,H,Q,E,V,M,A,T,Q,G,P,D,K,A,I,F,L,L,V,G,H,K,S,D,L,Q,S,T,R,C,V,S,A,Q,E,A,E,E,L,A,A,S,L,G,M,A,F,M,E,T,S,A,K,N,N,C,N,V,D,L,A,F,N,T,L,T,D,A,I,Q,Q,A,L,Q,Q,G,D,I,K,L,E,E,D,W,G,G,V,R,L,I,Q,N,T,Q,I,S,R,P,P,S,R,T,Q,H,P,G,P,C,K,C
Balaenoptera_musculus,-,-,-,-,-,-,-,-,-,-,-,-,-,-,-,-,-,-,-,-,-,-,-,-,-,-,-,-,-,-,-,-,-,-,-,-,-,-,-,-,-,-,-,-,-,-,-,-,-,-,-,-,-,-,-,-,-,-,-,-,-,-,-,-,-,-,-,-,-,-,-,-,-,-,-,-,-,-,-,-,-,-,-,-,-,-,-,-,-,-,-,-,-,-,-,-,-,-,-,-,-,-,-,-,-,-,-,-,-,-,-,-,-,-,-,-,-,-,-,-,-,-,-,-,-,-,-,-,-,-,-,-,-,-,-,-,-,-,-,-,-,-,-,-,-,-,-,-,-,-,-,-,-,-,-,-,-,-,-,-,-,-,-,-,-,-,-,-,-,-,-,-,-,-,-,-,-,-,-,-,-,-,-,-,-,-,-,-,-,-,-,-,-,-,-,-,-,-,-,-,-,-,-,-,-,-,-,-,-,-,-,-,-,-,-,-,-,-
Echinops_telfairi,-,-,-,-,-,-,-,-,-,-,-,-,-,-,-,-,-,-,-,-,-,-,-,-,-,-,-,-,-,-,-,-,-,-,-,-,-,-,-,-,-,-,-,-,-,-,-,-,-,-,-,-,-,-,-,-,-,-,-,-,-,-,-,-,Q,L,Q,L,W,D,T,A,G,Q,E,R,F,R,C,I,T,R,S,F,Y,R,N,M,V,G,V,L,L,V,F,D,V,T,N,R,K,S,F,D,H,I,R,D,W,H,E,E,V,M,A,T,Q,G,P,H,K,A,V,F,M,L,V,G,H,K,S,D,L,Q,N,T,R,C,V,S,A,Q,E,A,E,E,L,A,A,S,L,G,M,A,F,V,E,T,S,A,R,S,H,S,N,V,D,L,A,F,D,T,L,A,N,A,I,Q,Q,A,L,R,Q,G,D,I,K,L,E,E,D,W,G,G,I,R,F,I,H,K,T,Q,S,P,G,P,P,K,R,K,P,H,P,G,P,C,Q,C
Delphinapterus_leucas,M,E,A,G,G,C,R,Y,Q,F,R,I,A,L,L,G,D,A,A,V,G,K,T,S,L,L,R,R,Y,V,A,G,A,P,G,I,L,E,P,E,P,E,L,E,P,T,V,G,V,E,F,Y,S,R,T,L,Q,L,R,A,G,P,R,V,K,L,Q,L,W,D,T,A,G,Q,E,R,F,R,C,I,T,R,S,F,Y,R,N,V,V,G,V,L,L,V,F,D,V,T,N,R,K,S,F,E,H,I,Q,D,W,H,Q,E,V,M,A,T,Q,G,P,D,K,V,I,F,L,L,V,G,H,K,S,D,L,Q,S,T,R,C,V,S,A,Q,E,A,E,E,L,A,A,S,L,G,M,A,F,M,E,T,S,A,K,N,N,C,N,V,D,L,A,F,N,T,L,T,D,A,I,Q,Q,A,L,Q,Q,G,D,I,K,L,E,E,D,W,G,G,V,R,L,T,Q,N,T,Q,I,P,R,P,P,S,S,T,Q,H,P,G,P,C,K,C
Globicephala_melas,M,E,A,G,G,C,R,Y,Q,F,R,I,A,L,L,G,D,A,A,V,G,K,T,S,L,L,R,R,Y,M,A,G,A,P,G,I,P,E,S,E,P,E,L,E,P,T,V,G,V,E,F,Y,S,R,T,L,Q,L,R,A,G,P,R,V,K,L,Q,L,W,D,T,A,G,Q,E,R,F,R,C,I,T,R,S,F,Y,R,N,V,V,G,V,L,L,V,F,D,V,T,N,R,K,S,F,E,H,I,Q,D,W,H,Q,E,V,M,A,T,Q,G,P,D,K,A,I,F,L,L,V,G,H,K,S,D,L,Q,S,T,R,C,V,S,A,Q,E,A,E,E,L,A,A,S,L,G,M,A,F,M,E,T,S,A,K,N,N,C,N,V,D,L,A,F,N,T,L,T,D,A,I,Q,Q,A,L,Q,Q,G,D,I,K,L,E,E,D,W,G,G,V,R,L,I,Q,N,T,Q,I,P,R,P,P,S,S,T,Q,H,P,G,P,C,K,C
Lagenorhynchus_obliquidens,M,E,A,G,G,C,R,Y,Q,F,R,I,A,L,L,G,D,A,A,V,G,K,T,S,L,L,R,R,Y,M,A,G,A,P,G,I,P,E,P,E,P,E,L,E,P,T,V,G,V,E,F,Y,S,R,T,L,Q,L,R,A,G,P,R,V,K,L,Q,L,W,D,T,A,G,Q,E,R,F,R,C,I,T,R,S,F,Y,R,N,L,V,G,V,L,L,V,F,D,V,T,N,R,K,S,F,E,H,I,Q,D,W,H,Q,E,V,M,A,T,Q,G,P,D,K,A,I,F,L,L,V,G,H,K,S,D,L,Q,S,T,R,C,V,S,A,Q,E,A,E,E,L,A,A,S,L,G,M,A,F,M,E,T,S,A,K,N,N,C,N,V,D,L,A,F,N,T,L,T,D,A,I,Q,Q,A,L,Q,Q,G,D,I,K,L,E,E,D,W,G,G,V,R,L,I,Q,N,T,Q,I,P,R,P,P,S,S,T,Q,H,P,G,P,C,K,C
Lipotes_vexillifer,M,E,A,G,G,C,R,Y,Q,F,R,I,A,L,L,G,D,A,A,V,G,K,T,S,L,L,R,R,Y,V,A,G,A,P,G,I,P,E,P,E,P,E,L,E,P,T,V,G,V,E,F,Y,S,R,T,L,Q,L,R,A,G,L,R,V,K,L,Q,L,W,D,T,A,G,Q,E,R,F,R,C,I,T,R,S,F,Y,R,N,V,V,G,V,L,L,V,F,D,V,T,N,R,K,S,F,E,H,I,Q,D,W,H,Q,E,V,M,A,T,Q,G,P,D,K,A,I,F,L,L,V,G,H,K,S,D,L,Q,S,T,R,C,V,S,A,Q,E,A,E,E,L,A,A,S,L,G,M,A,F,M,E,T,S,A,K,N,N,C,N,V,D,L,A,F,N,T,L,T,D,A,I,Q,Q,A,L,Q,Q,G,D,I,K,L,E,E,D,W,G,G,V,R,L,I,Q,N,T,Q,I,P,R,P,P,S,S,T,Q,H,P,G,P,C,K,C
Monodon_monoceros,M,E,A,G,G,C,R,Y,Q,F,R,I,A,L,L,G,D,A,A,V,G,K,T,S,L,L,R,R,Y,V,A,G,A,P,G,I,P,E,P,E,P,E,L,E,P,T,V,G,V,E,F,Y,S,R,T,L,Q,L,R,A,G,P,R,V,K,L,Q,L,W,D,T,A,G,Q,E,R,F,R,C,I,T,R,S,F,Y,R,N,V,V,G,V,L,L,V,F,D,V,T,N,R,K,S,F,E,H,I,Q,D,W,H,Q,E,V,M,A,T,Q,G,P,D,K,V,I,F,L,L,V,G,H,K,S,D,L,Q,S,T,R,C,V,S,A,Q,E,A,E,E,L,A,A,S,L,G,M,A,F,M,E,T,S,A,K,N,N,C,N,V,D,L,A,F,N,T,L,T,D,A,I,Q,Q,A,L,Q,Q,G,D,I,K,L,E,E,D,W,G,G,V,R,L,I,Q,N,T,Q,I,P,R,P,P,S,S,T,Q,H,P,G,P,C,K,C
Neophocaena_asiaeorientalis_asiaeorientalis,-,-,-,-,-,-,-,-,-,-,-,-,-,-,-,-,-,-,-,-,-,-,-,-,-,-,-,-,Y,V,A,G,A,P,G,I,P,E,P,E,P,E,L,E,P,T,V,G,V,E,F,Y,S,R,T,L,Q,L,R,A,G,P,-,-,-,-,-,-,-,-,-,-,-,-,-,-,-,-,C,I,T,R,S,F,Y,R,N,V,V,G,V,L,L,V,F,D,V,T,N,R,K,S,F,E,H,I,Q,Y,W,H,Q,E,V,M,A,T,Q,G,P,D,K,A,I,F,L,L,V,G,H,K,S,D,L,Q,S,T,R,C,V,S,A,Q,E,A,E,E,L,A,A,S,L,G,M,A,F,M,E,T,S,A,K,N,N,C,N,V,D,L,A,F,N,T,L,T,D,A,I,Q,Q,A,L,Q,Q,G,D,I,K,L,E,E,D,W,G,G,V,R,L,I,Q,N,T,Q,I,P,R,H,P,S,S,T,Q,H,P,G,P,C,K,C
Orcinus_orca,M,E,A,G,G,C,R,Y,Q,F,R,I,A,L,L,G,D,A,A,V,G,K,T,S,L,L,R,R,Y,V,A,G,A,P,G,I,P,E,P,E,P,E,L,E,P,T,V,G,V,E,F,Y,S,R,T,L,Q,L,R,A,G,P,R,V,K,L,Q,L,W,D,T,A,G,Q,E,R,F,R,C,I,T,R,S,F,Y,R,N,V,V,G,V,L,L,V,F,D,V,T,N,R,K,S,F,E,H,I,Q,D,W,H,Q,E,V,M,A,T,Q,G,P,D,K,A,I,F,L,L,V,G,H,K,S,D,L,Q,S,T,R,C,V,S,A,Q,E,A,E,E,L,A,A,S,L,G,M,A,F,M,E,T,S,A,K,N,N,C,N,V,D,L,A,F,N,T,L,T,D,A,I,Q,Q,A,L,Q,Q,G,D,I,K,L,E,D,D,W,G,G,V,R,L,I,Q,N,T,Q,I,P,R,P,P,S,S,T,Q,H,P,G,P,C,K,C
Phocoena_sinus,M,E,A,G,G,C,R,Y,Q,F,R,I,A,L,L,G,D,A,A,V,G,K,T,S,L,L,R,R,Y,V,A,G,A,P,G,I,P,E,P,E,P,E,L,E,P,T,V,G,V,E,F,Y,S,R,T,L,Q,L,R,A,G,P,R,V,K,L,Q,L,W,D,T,A,G,Q,E,R,F,R,C,I,T,R,S,F,Y,R,N,V,V,G,V,L,L,V,F,D,V,T,N,R,K,S,F,E,H,I,Q,Y,W,H,Q,E,V,M,A,T,Q,G,P,D,K,A,I,F,L,L,V,G,H,K,S,D,L,Q,S,T,R,C,V,S,A,Q,E,A,E,E,L,A,A,S,L,G,M,A,F,M,E,T,S,A,K,N,N,C,N,V,D,L,A,F,N,T,L,T,D,A,I,Q,Q,A,L,Q,Q,G,D,I,K,L,E,E,D,W,G,G,V,R,L,I,Q,N,T,Q,I,P,R,H,P,S,S,T,Q,H,P,G,P,C,K,C
Physeter_catodon,M,E,A,G,G,C,R,Y,Q,F,R,I,A,L,L,G,D,A,A,V,G,K,T,S,L,L,L,R,Y,V,A,G,A,P,G,I,P,E,P,E,P,E,L,E,P,T,V,G,V,E,F,Y,S,R,T,L,Q,L,R,A,G,P,R,V,K,L,Q,L,W,D,T,A,G,Q,E,R,F,R,C,I,T,R,S,F,Y,R,N,V,V,G,V,L,L,V,F,D,V,T,N,R,K,S,F,E,H,I,R,D,W,H,Q,E,V,M,A,T,Q,G,P,D,K,P,I,F,L,L,V,G,H,K,S,D,L,Q,S,T,R,C,V,S,A,Q,E,A,E,E,L,A,A,S,L,G,M,A,F,M,E,T,S,A,K,N,N,C,N,V,D,L,A,F,S,T,L,T,D,A,I,Q,H,A,L,Q,Q,G,D,V,K,L,E,E,D,W,G,G,V,R,L,I,Q,N,T,Q,I,P,R,P,P,S,S,T,Q,H,P,G,P,C,K,C
Tursiops_truncatus,M,E,A,G,G,C,R,Y,Q,F,R,I,A,L,L,G,D,A,A,V,G,K,T,S,L,L,R,R,Y,M,A,G,A,P,G,I,P,E,P,E,P,E,L,E,P,T,V,G,V,E,F,Y,S,R,T,L,Q,L,R,A,G,P,R,V,K,L,Q,L,W,D,T,A,G,Q,E,R,F,R,C,I,T,R,S,F,Y,R,N,V,V,G,V,L,L,V,F,D,V,T,N,R,K,S,F,E,H,I,Q,D,W,H,Q,E,V,M,A,T,Q,G,P,D,K,A,I,F,L,L,V,G,H,K,S,D,L,Q,S,T,R,C,V,S,A,Q,E,A,E,E,L,A,A,S,L,G,M,A,F,M,E,T,S,A,K,N,N,C,N,V,D,L,A,F,N,T,L,T,D,A,I,Q,Q,A,L,Q,Q,G,D,I,K,L,E,E,D,W,G,G,V,R,L,I,Q,N,T,Q,I,P,R,P,P,S,S,T,Q,H,P,G,P,C,K,C
Acinonyx_jubatus,M,E,A,P,D,C,H,Y,Q,F,R,I,A,L,L,G,D,A,A,V,G,K,T,S,L,L,R,R,Y,V,A,G,A,P,G,A,P,E,P,E,P,E,P,E,P,T,V,G,V,E,F,Y,S,R,K,L,Q,L,P,A,G,P,R,V,K,L,Q,L,W,D,T,A,G,H,E,R,Y,R,C,I,T,R,S,F,Y,R,N,V,V,G,V,L,L,V,F,D,V,T,N,R,K,S,F,E,H,I,C,D,W,H,Q,E,A,M,A,S,Q,G,P,N,K,V,I,F,L,L,V,G,H,K,S,D,L,Q,S,T,R,V,V,S,A,Q,E,A,E,E,L,A,A,S,L,G,M,A,F,M,E,T,S,A,K,K,N,C,N,V,D,L,A,F,N,T,L,A,D,A,I,Q,Q,A,L,E,Q,G,D,I,K,L,E,E,D,W,G,G,V,R,L,I,H,K,D,Q,V,P,R,S,P,H,R,K,Q,P,P,G,P,C,Q,C
Acomys_russatus,M,E,A,A,S,C,S,Y,Q,F,R,I,A,L,L,G,D,G,A,V,G,K,T,S,L,L,R,R,Y,V,A,G,A,S,P,V,A,E,P,E,P,E,P,E,P,T,V,G,V,E,F,Y,S,R,A,L,Q,L,S,P,G,R,Q,V,K,L,Q,L,W,D,T,A,G,Q,E,R,F,R,C,I,T,R,S,F,Y,R,N,M,V,G,A,L,L,V,F,D,V,T,N,R,E,S,F,E,H,I,Q,A,W,H,Q,E,V,L,S,T,Q,G,P,D,K,V,I,F,L,L,V,G,H,K,C,D,L,-,S,S,R,C,V,S,T,Q,E,A,E,E,L,A,A,S,L,G,M,A,F,L,E,T,S,A,K,S,N,C,N,V,D,L,A,F,D,T,I,T,C,A,I,E,Q,A,L,Q,Q,G,D,I,K,L,E,E,D,W,A,G,V,R,L,L,H,R,A,S,N,P,R,S,P,R,R,K,Q,D,S,G,P,C,Q,C
Arvicanthis_niloticus,M,E,V,P,G,C,N,Y,Q,F,R,I,V,L,L,G,D,A,A,V,G,K,T,S,L,L,R,C,Y,V,A,G,A,Q,G,A,A,-,-,-,-,E,P,D,P,T,V,G,V,E,F,Y,S,R,T,L,Q,L,P,A,G,L,R,V,K,L,Q,L,W,D,T,A,G,Q,E,R,F,R,C,I,T,R,S,F,Y,R,N,M,V,G,V,L,L,V,F,D,V,T,N,R,E,S,F,E,H,I,Q,D,W,H,Q,E,V,V,S,T,Q,G,P,D,K,V,V,F,L,L,V,G,H,K,C,D,L,-,S,T,R,C,V,S,T,Q,E,A,E,E,L,A,A,S,L,G,M,A,F,M,E,T,S,A,K,S,N,C,N,V,N,L,A,F,D,T,I,T,S,A,I,E,K,A,L,Q,Q,G,D,I,K,L,D,E,D,W,A,G,V,R,L,L,H,R,A,P,N,P,R,S,S,S,R,K,Q,D,S,G,S,C,Q,C
Bison_bison_bison,-,-,-,-,-,-,-,-,-,-,-,-,-,-,-,-,-,-,-,-,-,-,-,-,-,-,-,-,-,-,-,-,-,-,-,-,-,-,-,-,-,-,-,-,-,-,-,-,-,-,-,-,-,-,-,-,-,-,-,-,-,-,-,-,-,-,-,-,-,-,-,-,-,-,-,-,-,-,-,-,-,-,-,-,-,-,-,-,-,-,-,-,-,-,-,-,-,-,-,-,-,-,-,-,-,-,-,-,-,-,-,-,-,-,-,-,-,-,-,-,-,-,-,-,-,-,-,-,-,-,-,-,-,-,-,-,-,-,-,-,-,-,-,-,-,-,-,-,-,-,-,-,-,-,-,-,-,-,-,-,-,-,-,-,-,-,-,-,-,-,-,-,-,-,-,-,-,-,-,-,-,-,-,-,-,-,-,-,-,-,-,-,-,-,-,-,-,-,-,-,-,-,-,-,-,-,-,-,-,-,-,-,-,-,-,-,-,-
Bos_indicus,M,E,A,G,G,C,R,Y,Q,F,R,I,A,L,L,G,D,A,A,V,G,K,T,S,L,L,R,C,Y,M,R,G,A,P,G,I,P,E,P,E,L,E,L,E,P,T,V,G,V,E,F,Y,T,R,T,V,Q,L,Q,A,G,P,R,V,K,L,Q,L,W,D,T,A,G,Q,E,R,F,R,C,I,T,R,S,F,Y,R,N,V,V,G,V,L,L,V,F,D,V,T,N,R,K,S,F,E,H,I,L,D,W,H,Q,E,V,M,A,T,Q,G,P,D,K,A,I,F,L,L,I,G,H,K,S,D,L,Q,S,A,R,C,V,S,T,Q,E,A,E,E,L,A,A,S,L,G,I,G,F,M,E,T,S,A,K,S,N,C,N,V,D,L,A,F,D,T,L,A,N,T,I,Q,Q,A,L,W,Q,G,A,I,K,L,E,E,D,W,G,G,V,R,L,I,Q,N,T,Q,I,S,R,L,P,S,R,M,Q,H,P,G,P,C,R,C
Bos_mutus,-,-,-,-,-,-,R,Y,Q,F,R,I,A,L,L,G,D,A,A,V,G,K,T,S,L,L,R,C,Y,M,R,G,A,P,G,I,P,E,P,E,L,E,L,E,P,T,V,G,V,E,F,Y,T,R,T,V,Q,L,Q,A,G,P,R,V,K,L,Q,L,W,D,T,A,G,Q,E,R,F,R,C,I,T,R,S,F,Y,R,N,V,V,G,V,L,L,V,F,D,V,T,N,R,K,S,F,E,H,I,L,D,W,H,Q,E,V,M,A,T,Q,G,P,D,K,A,I,F,L,-,-,-,-,-,-,-,-,-,-,-,-,C,V,S,T,Q,E,A,E,E,L,A,A,S,L,G,I,G,F,M,E,T,S,A,K,S,N,C,N,V,D,L,A,F,D,T,L,A,N,T,I,Q,Q,A,L,W,Q,G,A,I,K,L,E,E,D,W,G,G,V,R,L,I,Q,N,T,Q,I,S,R,L,P,S,R,M,Q,H,P,G,P,C,R,C
Bos_taurus,M,E,A,G,G,C,R,Y,Q,F,R,I,A,L,L,G,D,A,A,V,G,K,T,S,L,L,R,C,Y,M,R,G,A,P,G,I,P,E,P,E,L,E,L,E,P,T,V,G,V,E,F,Y,T,R,T,V,Q,L,Q,A,G,P,R,V,K,L,Q,L,W,D,T,A,G,Q,E,R,F,R,C,I,T,R,S,F,Y,R,N,V,V,G,V,L,L,V,F,D,V,T,N,R,K,S,F,E,H,I,L,D,W,H,Q,E,V,M,A,T,Q,G,P,D,K,A,I,F,L,L,I,G,H,K,S,D,L,Q,S,A,R,C,V,S,T,Q,E,A,E,E,L,A,A,S,L,G,I,G,F,M,E,T,S,A,K,S,N,C,N,V,D,L,A,F,D,T,L,A,N,T,I,Q,Q,A,L,W,Q,G,A,I,K,L,E,E,D,W,G,G,V,R,L,I,Q,N,T,Q,I,S,R,L,P,S,R,M,Q,H,P,G,P,C,R,C
Bubalus_bubalis,M,E,A,G,G,C,R,Y,Q,F,R,I,A,L,L,G,D,A,A,V,G,K,T,S,L,L,R,C,Y,M,R,G,A,P,G,I,P,E,P,E,L,E,L,E,P,T,V,G,V,E,F,Y,T,R,T,V,Q,L,H,A,G,P,R,V,K,L,Q,L,W,D,T,A,G,Q,E,R,F,R,C,I,T,R,S,F,Y,R,N,V,V,G,V,L,L,V,F,D,V,T,N,R,K,S,F,E,H,I,Q,D,W,H,Q,E,V,L,A,T,Q,G,P,D,K,A,I,F,L,L,I,G,H,K,S,D,L,Q,S,A,R,C,V,S,T,Q,E,A,E,E,L,A,A,S,L,G,M,G,F,M,E,T,S,A,K,G,N,C,N,V,D,L,A,F,D,T,L,A,N,T,I,Q,Q,A,L,W,Q,G,A,I,K,L,E,E,D,W,G,G,V,R,L,I,Q,N,T,Q,I,S,R,L,P,S,R,M,Q,H,P,G,P,C,R,C
Budorcas_taxicolor,M,E,A,G,V,C,R,Y,Q,F,R,I,A,L,L,G,D,A,A,V,G,K,T,S,L,L,R,C,Y,M,R,G,A,P,G,I,P,E,P,E,L,E,L,E,P,T,V,G,V,E,F,Y,T,R,T,V,Q,L,Q,A,G,P,R,V,K,L,Q,L,W,D,T,A,G,Q,E,R,F,R,C,I,T,R,S,F,Y,R,N,V,V,G,V,L,L,V,F,D,V,T,N,R,K,S,F,E,H,I,R,D,W,H,Q,E,V,M,A,T,Q,G,P,D,K,A,I,F,L,L,V,G,H,K,S,D,L,Q,S,A,R,C,V,S,T,Q,E,A,E,E,L,A,A,S,L,G,M,G,F,M,E,T,S,T,K,S,N,C,N,V,D,L,A,F,D,T,L,A,N,T,I,Q,Q,A,L,W,Q,G,A,I,K,L,E,E,D,W,G,G,V,R,L,I,Q,N,T,Q,V,S,R,Q,P,S,R,M,Q,H,P,G,P,C,R,C
Callithrix_jacchus,M,E,A,E,G,C,R,Y,Q,F,R,V,V,L,L,G,D,A,A,V,G,K,T,S,L,L,R,S,Y,V,A,G,A,P,G,A,P,E,P,E,P,E,P,E,P,T,V,G,A,E,C,Y,R,R,A,L,Q,L,R,A,G,P,R,V,K,L,Q,L,W,D,T,A,G,Q,E,R,F,R,C,L,T,R,S,F,Y,R,N,V,V,G,V,L,L,V,F,D,V,T,N,R,K,S,F,E,H,I,H,D,W,H,E,E,V,M,A,T,Q,G,L,D,K,V,I,F,L,L,V,G,H,K,S,D,L,Q,S,T,R,C,V,S,A,Q,E,A,K,E,L,A,A,S,L,G,M,A,F,V,E,T,S,A,K,N,N,C,N,V,D,L,A,F,D,T,L,A,D,A,I,Q,Q,A,L,Q,Q,G,D,I,K,L,E,E,G,W,G,G,V,R,L,I,H,K,T,Q,I,P,R,S,A,S,R,K,Q,H,P,G,P,C,Q,C
Camelus_bactrianus,-,-,-,-,-,-,-,-,-,-,-,-,-,-,-,-,-,-,-,-,-,-,-,-,-,-,-,-,-,-,-,-,-,-,-,-,-,-,-,-,-,-,-,-,-,-,-,-,-,-,-,-,-,-,-,-,-,-,-,-,-,-,-,-,-,-,-,-,-,-,-,-,-,-,-,-,-,-,-,-,-,-,-,-,-,-,-,-,-,-,-,-,-,-,-,-,M,T,N,R,K,S,F,E,H,I,Q,D,W,H,Q,E,V,M,A,T,Q,G,P,D,K,A,I,F,L,L,V,G,H,K,S,D,L,Q,S,S,R,C,V,S,A,Q,E,A,E,E,L,A,A,S,L,G,M,A,F,M,E,T,S,A,K,N,N,C,N,V,D,L,A,F,N,T,L,A,E,A,I,Q,Q,A,L,Q,Q,G,D,I,K,L,E,E,D,W,G,G,V,R,L,I,H,N,I,Q,I,S,R,A,P,S,R,K,Q,H,P,G,P,C,Q,C
Camelus_dromedarius,-,-,-,-,-,C,R,Y,Q,F,R,I,A,V,L,G,D,A,A,V,G,K,T,S,L,L,R,R,Y,V,A,G,A,P,G,I,P,E,P,E,P,E,L,E,P,T,V,G,V,E,F,Y,S,R,A,L,Q,L,Q,A,G,P,R,V,K,L,Q,L,W,D,T,A,G,Q,E,R,F,R,C,I,T,R,S,F,Y,R,N,V,V,G,V,L,L,V,F,D,M,T,N,R,K,S,F,E,H,I,Q,D,W,H,Q,E,V,M,A,T,Q,G,P,D,K,A,I,F,L,L,V,G,H,K,S,D,L,Q,S,S,R,C,V,S,A,Q,E,A,E,E,L,A,A,S,L,G,M,A,F,M,E,T,S,A,K,N,N,C,N,V,D,L,A,F,N,T,L,A,E,A,I,Q,Q,A,L,Q,Q,G,D,I,K,L,E,E,D,W,G,G,V,R,L,I,H,N,I,Q,I,S,R,A,P,S,R,K,Q,H,P,G,P,C,Q,C
Camelus_ferus,-,-,-,-,-,C,R,Y,Q,F,R,I,A,V,L,G,D,A,A,V,G,K,T,S,L,L,R,R,Y,V,A,G,A,P,G,I,P,E,P,E,P,E,L,E,P,T,V,G,V,E,F,Y,S,R,A,L,Q,L,Q,A,G,P,R,V,K,L,Q,L,W,D,T,A,G,Q,E,R,F,R,C,I,T,R,S,F,Y,R,N,V,V,G,V,L,L,V,F,D,M,T,N,R,K,S,F,E,H,I,Q,D,W,H,Q,E,V,M,A,T,Q,G,P,D,K,A,I,F,L,L,V,G,H,K,S,D,L,Q,S,S,R,C,V,S,A,Q,E,A,E,E,L,A,A,S,L,G,M,A,F,M,E,T,S,A,K,N,N,C,N,V,D,L,A,F,N,T,L,A,E,A,I,Q,Q,A,L,Q,Q,G,D,I,K,L,E,E,D,W,G,G,V,R,L,I,H,N,I,Q,I,S,R,A,P,S,R,K,Q,H,P,G,P,C,Q,C
Capra_hircus,M,E,A,G,V,C,R,Y,Q,F,R,I,A,L,L,G,D,A,A,V,G,K,T,S,L,L,R,C,Y,M,R,G,A,P,G,I,P,E,P,E,L,E,L,E,P,T,V,G,V,E,F,Y,S,R,T,V,Q,L,Q,A,G,P,R,V,K,L,Q,L,W,D,T,A,G,Q,E,R,F,R,C,I,T,R,S,F,Y,R,N,V,V,G,V,L,L,V,F,D,V,T,N,R,K,S,F,E,H,I,R,D,W,H,Q,E,V,M,A,T,Q,G,P,D,K,A,I,F,L,L,V,G,H,K,S,D,L,Q,S,A,R,C,V,S,T,Q,E,A,E,E,L,A,A,S,L,G,M,G,F,M,E,T,S,T,K,S,N,C,N,V,D,L,A,F,D,T,L,A,N,T,I,Q,Q,A,L,W,Q,G,A,I,K,L,E,E,D,W,G,G,V,R,L,I,Q,N,T,Q,V,S,R,Q,P,S,R,M,Q,H,P,G,P,C,R,C
Cebus_imitator,M,E,T,E,G,C,R,Y,Q,F,R,V,A,L,L,G,D,A,A,V,G,K,T,S,L,L,R,S,Y,V,A,G,A,P,G,A,R,E,P,E,P,E,P,E,P,T,V,G,A,E,C,Y,R,H,A,L,Q,L,R,A,G,P,R,V,K,L,Q,L,W,D,T,A,G,Q,E,R,F,R,C,L,P,R,S,F,Y,R,N,V,V,G,V,L,L,V,F,D,V,T,N,R,K,S,F,E,H,I,Q,D,W,H,K,E,V,M,A,T,Q,G,P,D,K,V,I,F,L,L,V,G,H,K,S,D,L,Q,S,T,R,C,V,S,A,Q,E,A,K,E,L,A,A,S,L,G,M,A,F,V,E,T,S,A,K,N,N,C,N,V,D,L,A,F,D,T,L,A,D,A,I,Q,Q,A,L,Q,Q,G,D,I,K,L,E,E,G,W,G,G,V,R,L,I,H,K,T,Q,I,P,R,S,P,S,R,K,Q,H,P,G,P,C,Q,C
Ceratotherium_simum_simum,M,E,A,G,G,C,R,Y,Q,F,R,I,A,L,L,G,D,A,A,V,G,K,T,S,L,L,R,R,Y,V,A,G,A,P,R,T,P,E,P,E,P,E,A,E,P,T,V,G,V,E,F,Y,S,R,A,L,Q,L,P,A,G,P,R,V,K,L,Q,L,W,D,T,A,G,E,E,R,F,R,C,I,T,R,S,F,Y,R,N,M,V,G,V,L,L,V,F,D,V,T,N,R,K,S,F,E,H,I,P,D,W,H,Q,E,V,M,A,T,Q,G,P,D,K,A,I,F,L,L,V,G,H,K,S,D,L,Q,S,T,R,C,V,S,A,Q,E,A,E,E,L,A,A,S,L,G,M,A,F,M,E,T,S,A,K,S,N,C,N,V,D,L,A,F,D,T,L,A,D,A,I,Q,R,A,L,Q,Q,G,D,I,K,L,E,E,D,R,W,G,V,R,L,I,H,K,T,Q,I,A,R,P,P,S,R,K,Q,H,P,G,P,C,Q,C
Cercocebus_atys,-,-,-,-,-,-,-,-,-,-,-,-,-,-,-,-,-,-,-,-,-,-,-,-,-,-,-,-,-,-,-,-,-,-,-,-,-,-,-,-,-,-,-,-,-,-,-,-,-,-,-,-,-,-,-,-,-,-,-,-,-,-,-,-,-,-,-,-,-,-,-,-,-,-,-,-,-,-,C,I,T,R,S,F,Y,R,N,V,V,G,V,L,L,V,F,D,V,T,N,R,K,S,F,E,H,I,Q,D,W,H,Q,E,V,M,A,T,Q,G,P,D,K,V,I,F,L,L,V,G,H,K,S,D,L,Q,S,T,R,C,V,S,A,Q,E,A,E,E,L,A,A,S,L,G,M,A,F,V,E,T,S,V,K,N,N,C,N,V,D,L,A,F,D,I,L,A,D,A,I,Q,Q,A,L,Q,Q,G,D,I,K,L,E,E,G,C,G,G,V,R,L,I,H,K,T,Q,I,P,R,S,P,S,R,K,Q,H,P,G,P,C,Q,C
Cervus_canadensis,M,E,A,G,G,C,R,Y,Q,F,R,I,A,L,L,G,D,A,A,V,G,K,T,S,L,L,R,C,Y,M,R,G,A,P,G,I,S,E,P,E,L,Q,L,E,P,T,V,G,V,E,F,Y,T,R,T,V,Q,L,Q,A,G,P,R,V,K,L,Q,L,W,D,T,A,G,Q,E,R,F,R,C,I,T,R,S,F,Y,R,N,V,V,G,V,L,L,V,F,D,V,T,N,R,K,S,F,E,H,I,R,D,W,H,Q,E,V,M,A,T,Q,G,P,D,K,A,I,F,L,L,I,G,H,K,S,D,L,Q,S,A,R,C,V,S,T,Q,E,A,E,E,L,A,A,S,L,G,T,G,F,M,E,T,S,T,K,S,N,C,N,V,D,L,A,F,D,T,L,A,N,T,I,Q,Q,A,L,W,Q,G,D,I,K,L,E,E,D,W,G,G,V,R,L,I,Q,N,T,Q,I,S,R,L,P,S,R,I,Q,H,P,G,P,C,R,C
Chlorocebus_sabaeus,M,E,G,E,G,C,R,Y,Q,F,R,V,A,L,L,G,D,A,A,V,G,K,T,S,L,L,R,S,Y,V,A,G,A,P,G,A,P,E,P,E,P,E,P,E,P,T,V,G,A,E,C,Y,R,R,A,L,Q,L,R,A,G,P,R,V,K,L,Q,L,W,D,T,A,G,H,E,R,F,R,C,I,T,R,S,F,Y,R,N,V,V,G,V,L,L,V,F,D,V,T,N,R,K,S,F,E,H,I,Q,D,W,H,Q,E,V,M,A,T,Q,G,P,D,K,V,I,F,L,L,I,G,H,K,S,D,L,Q,S,T,R,C,V,S,A,Q,E,A,E,E,L,A,A,S,L,G,M,A,F,V,E,T,S,V,K,N,N,C,N,V,D,L,A,F,D,I,L,A,D,A,I,Q,Q,A,L,Q,Q,G,D,I,K,L,E,E,G,C,G,G,V,R,L,I,H,K,T,Q,I,P,R,S,P,S,R,K,Q,H,P,G,P,C,Q,C
Colobus_angolensis_palliatus,-,-,-,-,-,-,-,-,-,-,-,-,-,-,-,-,-,-,-,-,-,-,-,-,-,-,-,-,-,-,-,-,-,-,-,-,-,-,-,-,-,-,-,-,-,-,-,-,-,-,-,-,-,-,-,-,-,-,-,-,-,-,-,-,-,-,-,-,-,-,-,-,-,-,-,-,-,-,-,-,-,-,-,-,-,-,-,-,-,-,-,-,-,-,-,-,-,-,-,-,-,-,-,-,-,-,-,-,-,-,-,-,-,M,A,T,Q,G,P,D,K,V,I,F,L,L,V,G,H,K,S,D,L,Q,S,T,R,C,V,S,A,Q,E,A,E,E,L,A,A,S,L,G,M,A,F,V,E,T,S,V,K,N,N,C,N,V,D,L,A,F,D,I,L,A,D,A,I,Q,Q,A,L,Q,Q,G,D,I,K,L,E,E,G,W,G,G,V,R,L,I,H,K,A,Q,I,P,R,S,P,S,R,K,Q,H,P,G,P,C,H,C
Condylura_cristata,-,-,-,-,-,-,-,-,-,-,-,-,-,-,-,-,-,-,-,-,-,-,-,-,-,-,-,-,-,-,-,-,-,-,-,-,-,-,-,-,-,-,-,-,-,-,-,-,-,-,-,-,-,-,-,-,-,-,-,-,-,-,-,-,-,-,-,-,-,-,-,-,-,-,-,-,-,-,-,-,-,-,-,-,-,-,-,-,-,-,-,-,-,-,-,-,-,-,-,-,-,-,-,-,-,-,-,-,-,-,-,-,-,M,A,T,Q,G,P,D,K,A,I,F,L,L,V,G,H,K,S,D,L,Q,S,T,R,C,V,S,V,Q,E,A,E,E,L,A,A,S,L,G,M,A,F,M,E,T,S,A,Q,N,K,H,N,V,D,L,A,F,H,T,L,A,E,A,I,Q,Q,A,L,Q,R,G,D,I,R,L,E,E,H,C,G,G,V,R,L,I,-,-,-,Q,I,P,R,S,P,P,R,K,Q,Q,P,G,P,C,Q,C
Elephas_maximus_indicus,M,E,A,G,G,C,R,Y,Q,F,R,I,A,L,L,G,D,A,A,V,G,K,T,S,L,L,R,R,Y,V,A,G,T,P,G,A,R,E,P,E,P,E,F,E,P,T,V,G,V,E,F,Y,S,R,A,L,Q,L,Q,A,G,P,R,I,K,L,Q,L,W,D,T,A,G,H,E,R,Y,R,C,I,T,R,S,F,Y,R,N,V,V,G,V,L,L,V,F,D,M,T,N,R,K,S,F,E,H,I,Q,D,W,H,Q,E,V,M,A,T,Q,G,P,D,K,A,V,F,L,L,V,G,H,K,S,D,L,Q,S,S,R,C,V,S,A,Q,E,A,E,E,L,A,T,S,L,G,M,A,F,V,E,T,S,A,R,N,N,S,N,V,D,L,A,F,N,T,L,T,D,A,I,Q,Q,A,L,Q,Q,G,V,I,K,L,E,E,D,W,G,G,V,R,F,I,H,N,T,Q,S,P,R,P,P,R,R,K,Q,N,P,G,P,C,Q,C
Enhydra_lutris_kenyoni,M,E,A,G,G,C,R,Y,Q,F,R,I,A,L,L,G,D,A,A,V,G,K,T,S,L,L,R,R,Y,V,A,G,A,P,G,A,P,D,P,E,H,E,P,E,P,T,V,G,V,E,F,Y,S,R,K,L,Q,L,R,A,G,P,R,V,K,L,Q,L,W,D,T,A,G,H,E,R,F,R,C,I,T,R,S,F,Y,R,N,V,V,G,V,L,L,V,F,D,V,T,N,R,K,S,F,E,H,I,C,D,W,H,Q,E,V,V,A,T,Q,G,P,D,K,V,I,F,L,L,V,G,H,K,S,D,L,Q,S,T,R,C,V,S,A,Q,E,A,E,E,L,A,A,Y,L,G,M,A,F,M,E,T,S,A,K,N,N,Y,N,V,D,L,A,F,S,T,L,A,D,T,I,Q,Q,A,L,E,Q,G,D,I,K,L,E,E,D,W,G,G,V,R,L,I,H,E,T,Q,V,L,S,I,P,P,R,K,Q,P,P,R,P,C,Q,C
Equus_asinus,M,E,A,G,G,C,L,Y,Q,F,R,I,A,L,L,G,D,A,A,V,G,K,T,S,L,L,R,R,Y,V,A,G,A,P,G,A,P,Q,P,E,P,E,P,E,P,T,V,G,V,E,F,Y,S,R,A,L,Q,L,P,A,G,P,R,V,K,L,Q,L,W,D,T,A,G,H,E,R,Y,R,C,I,T,R,S,F,Y,R,N,V,V,G,V,L,L,V,F,D,V,T,N,R,K,S,F,E,H,I,P,D,W,H,Q,E,V,M,A,T,R,G,P,D,K,A,I,F,L,L,V,G,H,K,S,D,L,Q,S,T,R,C,V,S,A,Q,E,A,E,E,L,A,T,S,L,G,M,A,F,L,E,T,S,A,K,N,N,C,N,V,D,L,A,F,D,T,L,A,D,A,I,Q,Q,A,L,Q,Q,G,D,I,K,L,E,E,D,W,G,G,V,R,L,I,H,K,T,Q,I,A,R,S,T,S,R,K,Q,H,P,G,P,C,H,C
Equus_przewalskii,-,-,-,-,-,-,-,-,-,-,-,-,-,-,-,-,-,-,-,-,-,-,-,-,-,-,-,-,-,-,-,-,-,-,-,-,-,-,-,-,-,-,-,-,-,-,-,-,-,-,-,-,-,-,-,-,-,-,-,-,-,-,-,-,-,-,-,-,-,-,-,-,-,-,-,-,-,-,C,I,T,R,S,F,Y,R,N,V,V,G,V,L,L,V,F,D,V,T,N,R,K,S,F,E,H,I,P,D,W,H,Q,E,V,M,A,T,R,G,P,D,K,A,I,F,L,L,V,G,H,K,S,D,L,Q,S,T,R,C,V,S,A,Q,E,A,E,E,L,A,T,S,L,G,M,A,F,L,E,T,S,A,K,N,N,C,N,V,D,L,A,F,D,T,L,A,D,A,I,Q,Q,A,L,Q,Q,G,D,I,K,L,E,E,D,W,G,G,V,R,L,I,H,K,T,Q,I,A,R,S,T,S,R,K,Q,H,P,G,P,C,H,C
Equus_quagga,M,E,A,G,G,C,L,Y,Q,F,R,I,A,L,L,G,D,A,A,V,G,K,T,S,L,L,R,R,Y,V,A,G,A,P,G,A,P,Q,P,E,P,E,P,E,P,T,V,G,V,E,F,Y,S,R,A,L,Q,L,P,A,G,P,R,V,K,L,Q,L,W,D,T,A,G,H,E,R,Y,R,C,I,T,R,S,F,Y,R,N,V,V,G,V,L,L,V,F,D,V,T,N,R,K,S,F,E,H,I,P,D,W,H,Q,E,V,M,A,T,R,G,P,D,K,A,I,F,L,L,V,G,H,K,S,D,L,Q,S,T,R,C,V,S,A,Q,E,A,E,E,L,A,T,S,L,G,M,A,F,L,E,T,S,A,K,N,N,C,N,V,D,L,A,F,D,T,L,A,D,A,I,Q,Q,A,L,Q,Q,G,D,I,K,L,E,E,D,W,G,G,V,R,L,I,H,K,T,Q,I,A,R,S,T,S,R,K,Q,H,P,G,P,C,H,C
Gorilla_gorilla_gorilla,M,E,A,E,G,C,R,Y,Q,F,R,V,A,L,L,G,D,A,A,V,G,K,T,S,L,L,R,S,Y,V,A,G,A,P,G,A,P,E,P,E,P,E,P,E,P,T,V,G,A,E,C,Y,R,R,A,L,Q,L,R,A,G,P,R,V,K,L,Q,L,W,D,T,A,G,H,E,R,F,R,C,I,T,R,S,F,Y,R,N,V,V,G,V,L,L,V,F,D,V,T,N,R,K,S,F,E,H,I,Q,D,W,H,Q,E,V,M,A,T,Q,G,P,D,K,V,I,F,L,L,V,G,H,K,S,D,L,Q,S,T,R,C,V,S,A,Q,E,A,E,E,L,A,A,S,L,G,M,A,F,V,E,T,S,A,K,N,N,C,N,V,D,L,A,F,D,T,L,A,D,A,I,Q,Q,A,L,Q,Q,G,D,I,K,L,E,E,G,W,G,G,V,R,L,I,H,K,T,Q,I,P,R,S,P,S,R,K,Q,H,P,G,P,C,Q,C
Halichoerus_grypus,M,A,A,G,G,C,R,Y,Q,F,R,I,A,L,L,G,D,A,A,V,G,K,T,S,L,L,R,R,Y,V,A,G,A,P,G,A,P,E,P,E,P,E,S,E,P,T,V,G,V,E,F,Y,S,R,K,L,Q,L,R,A,G,P,R,V,K,L,Q,L,W,D,T,A,G,H,E,R,F,R,C,I,T,R,S,F,Y,R,N,V,V,G,V,L,L,V,F,D,V,T,N,R,K,S,F,E,H,I,C,D,W,H,Q,E,V,M,A,T,Q,G,P,D,K,A,I,F,L,L,V,G,H,K,S,D,L,Q,S,T,R,C,V,S,A,Q,E,A,E,E,L,A,A,S,L,G,M,A,F,M,E,T,S,A,K,N,N,C,N,V,D,L,A,F,S,T,L,A,D,A,I,Q,Q,A,L,D,Q,G,D,I,K,L,E,E,D,W,G,G,V,R,L,I,H,K,T,Q,V,P,S,A,P,P,R,K,Q,A,P,G,P,C,Q,C
Homo_sapiens,M,E,A,E,G,C,R,Y,Q,F,R,V,A,L,L,G,D,A,A,V,G,K,T,S,L,L,R,S,Y,V,A,G,A,P,G,A,P,E,P,E,P,E,P,E,P,T,V,G,A,E,C,Y,R,R,A,L,Q,L,R,A,G,P,R,V,K,L,Q,L,W,D,T,A,G,H,E,R,F,R,C,I,T,R,S,F,Y,R,N,V,V,G,V,L,L,V,F,D,V,T,N,R,K,S,F,E,H,I,Q,D,W,H,Q,E,V,M,A,T,Q,G,P,D,K,V,I,F,L,L,V,G,H,K,S,D,L,Q,S,T,R,C,V,S,A,Q,E,A,E,E,L,A,A,S,L,G,M,A,F,V,E,T,S,V,K,N,N,C,N,V,D,L,A,F,D,T,L,A,D,A,I,Q,Q,A,L,Q,Q,G,D,I,K,L,E,E,G,W,G,G,V,R,L,I,H,K,T,Q,I,P,R,S,P,S,R,K,Q,H,S,G,P,C,Q,C
Hylobates_moloch,M,E,A,E,G,C,R,Y,Q,F,R,V,A,L,L,G,D,A,A,V,G,K,T,S,L,L,R,S,Y,V,A,G,A,P,G,A,P,E,P,E,P,E,P,E,P,T,V,G,A,E,C,Y,R,R,A,L,Q,L,R,A,G,P,R,V,K,L,Q,L,W,D,T,A,G,Q,E,R,F,R,C,I,T,R,S,F,Y,R,N,V,V,G,V,L,L,V,F,D,V,T,N,R,K,S,F,E,H,I,Q,D,W,H,Q,E,V,M,A,T,Q,G,P,D,K,V,I,F,L,L,V,G,H,K,S,D,L,Q,S,A,R,C,V,S,A,Q,E,A,E,E,L,A,A,S,L,G,M,A,F,V,E,T,S,V,K,N,N,C,N,V,D,L,A,F,D,T,L,A,D,A,I,Q,Q,A,L,K,Q,G,D,I,K,L,E,E,G,W,G,G,V,R,L,I,Y,K,T,Q,I,P,R,S,P,S,R,K,Q,H,P,G,P,C,Q,C
Ictidomys_tridecemlineatus,M,E,T,W,G,C,R,Y,Q,F,R,I,A,L,L,G,E,A,A,V,G,K,T,S,L,L,R,R,Y,V,A,G,A,P,G,L,-,-,-,E,T,E,S,E,P,T,V,G,V,E,F,Y,S,R,A,L,Q,L,T,A,G,P,R,V,K,L,Q,L,W,D,T,A,G,Q,E,R,F,R,C,I,T,R,S,F,Y,R,N,V,V,G,V,L,L,V,F,D,V,T,N,R,K,S,F,E,H,I,P,D,W,H,Q,E,V,M,S,T,Q,G,P,N,K,V,I,F,L,L,V,G,H,K,S,D,L,Q,S,T,R,C,V,S,T,Q,E,E,E,E,L,A,A,S,L,G,M,A,F,V,E,T,S,A,K,N,N,C,N,V,A,L,A,F,D,V,L,T,T,G,I,Q,Q,A,L,Q,Q,G,D,I,K,L,E,E,D,W,G,G,V,R,L,I,H,R,A,Q,I,P,R,S,C,S,R,K,Q,H,P,G,S,C,Q,C
Leopardus_geoffroyi,M,E,A,P,D,C,H,Y,Q,F,R,I,A,L,L,G,D,A,A,V,G,K,T,S,L,L,R,R,Y,V,A,G,A,P,G,A,P,E,P,E,P,E,P,E,P,T,V,G,V,E,F,Y,S,R,K,L,Q,L,P,A,G,P,R,V,K,L,Q,L,W,D,T,A,G,H,E,R,F,R,C,I,T,R,S,F,Y,R,N,V,V,G,V,L,L,V,F,D,V,T,N,R,K,S,F,E,H,I,C,D,W,H,Q,E,V,M,A,T,Q,G,P,N,K,V,I,F,L,L,V,G,H,K,S,D,L,Q,S,T,R,V,V,S,A,Q,E,A,E,E,L,A,A,S,L,G,M,A,F,M,E,T,S,A,K,K,N,C,N,V,D,L,A,F,N,T,L,A,D,A,I,Q,Q,A,L,E,Q,G,D,I,K,L,E,E,D,W,G,G,V,R,L,I,H,K,A,Q,V,P,M,S,P,H,R,E,Q,P,P,G,P,C,Q,C
Loxodonta_africana,M,E,A,G,G,C,R,Y,Q,F,R,I,A,L,L,G,D,A,A,V,G,K,T,S,L,L,R,R,Y,V,A,G,T,P,G,-,P,R,A,E,P,E,F,E,P,T,V,G,V,E,F,Y,S,R,A,L,Q,L,Q,A,G,P,R,I,K,L,Q,L,W,D,T,A,G,H,E,R,Y,R,C,I,T,R,S,F,Y,R,N,V,V,G,V,L,L,V,F,V,M,T,N,R,K,S,F,E,H,F,Q,D,W,H,Q,E,V,M,A,T,Q,G,P,D,K,A,V,F,L,L,V,G,H,K,S,D,L,Q,S,S,R,C,V,S,A,Q,E,A,-,E,L,A,T,S,L,G,M,A,F,V,E,T,S,A,R,N,N,S,N,V,D,L,A,F,N,T,L,T,Y,A,I,Q,Q,A,L,H,Q,G,-,-,-,-,-,-,-,-,-,-,-,-,-,-,-,-,-,-,-,-,-,-,-,-,-,-,-,-,-,-,-,-,-,-
Macaca_fascicularis,M,E,G,E,G,C,S,Y,Q,F,R,V,A,L,L,G,D,A,A,V,G,K,T,S,L,L,R,S,Y,V,A,G,A,P,G,A,P,E,P,E,P,E,P,E,P,T,V,G,A,E,C,Y,R,R,A,L,Q,L,R,A,G,P,R,V,K,L,Q,L,W,D,T,A,G,H,E,R,F,R,C,I,T,R,S,F,Y,R,N,V,V,G,V,L,L,V,F,D,V,T,N,R,K,S,F,E,H,I,Q,D,W,H,Q,E,V,M,A,T,Q,G,P,D,K,V,I,F,L,L,V,G,H,K,S,D,L,Q,S,T,R,C,V,S,A,Q,E,A,E,E,L,A,A,S,L,G,M,A,F,V,E,T,S,V,K,N,N,C,N,V,D,L,A,F,D,I,L,A,D,A,I,Q,Q,A,L,Q,Q,G,D,I,K,L,E,E,G,C,G,G,V,R,L,I,H,K,T,Q,I,P,R,S,P,S,R,K,Q,H,P,G,P,C,Q,C
Macaca_mulatta,M,E,G,E,G,C,R,Y,Q,F,R,V,A,L,L,G,D,A,A,V,G,K,T,S,L,L,R,S,Y,V,T,G,A,P,G,A,P,E,P,E,P,E,P,E,P,T,V,G,A,E,C,Y,R,R,A,L,Q,L,R,A,G,P,R,V,K,L,Q,L,W,D,T,A,G,H,E,R,F,R,C,I,T,R,S,F,Y,R,N,V,V,G,V,L,L,V,F,D,V,T,N,R,K,S,F,E,H,I,Q,D,W,H,Q,E,V,M,A,T,Q,G,P,D,K,V,I,F,L,L,V,G,H,K,S,D,L,Q,S,T,R,C,V,S,A,Q,E,A,E,E,L,A,A,S,L,G,M,A,F,V,E,T,S,V,K,N,N,C,N,V,D,L,A,F,D,I,L,A,D,A,I,Q,Q,A,L,Q,Q,G,D,I,K,L,E,E,G,C,G,G,V,R,L,I,H,K,T,Q,I,P,R,S,P,S,R,K,Q,H,P,G,P,C,Q,C
Macaca_nemestrina,M,E,G,E,G,C,R,Y,Q,F,R,V,A,L,L,G,D,A,A,V,G,K,T,S,L,L,R,S,Y,V,A,G,A,P,G,A,P,E,P,E,P,E,P,E,P,T,V,G,A,E,C,Y,R,R,A,L,Q,L,R,A,G,P,R,V,K,L,Q,L,W,D,T,A,G,H,E,R,F,R,C,I,T,R,S,F,Y,R,N,V,V,G,V,L,L,I,F,D,V,T,N,R,K,S,F,E,H,I,Q,D,W,H,Q,E,V,M,A,T,Q,G,P,D,K,V,I,F,L,L,V,G,H,K,S,D,L,Q,S,T,R,C,V,S,A,Q,E,A,E,E,L,A,A,S,L,G,M,A,F,V,E,T,S,V,K,N,N,C,N,V,D,L,A,F,D,I,L,A,D,A,I,Q,Q,A,L,Q,Q,G,D,I,K,L,E,E,G,C,G,G,V,R,L,I,H,K,T,Q,I,P,R,S,P,S,R,K,Q,H,P,G,P,C,Q,C
Macaca_thibetana_thibetana,M,E,G,E,G,C,R,Y,Q,F,R,V,A,L,L,G,D,A,A,V,G,K,T,S,L,L,R,S,Y,V,T,G,A,P,G,A,P,E,P,E,P,E,P,E,P,T,V,G,A,E,C,Y,R,R,A,L,Q,L,R,A,G,P,R,V,K,L,Q,L,W,D,T,A,G,H,E,R,F,R,C,I,T,R,S,F,Y,R,N,V,V,G,V,L,L,V,F,D,V,T,N,R,K,S,F,E,H,I,Q,D,W,H,Q,E,V,M,A,T,Q,G,P,D,K,V,I,F,L,L,V,G,H,K,S,D,L,Q,S,T,R,C,V,S,A,Q,E,A,E,E,L,A,A,S,L,G,M,A,F,V,E,T,S,V,K,N,N,C,N,V,D,L,A,F,D,I,L,A,D,A,I,Q,Q,A,L,Q,Q,G,D,I,K,L,E,E,G,C,G,G,V,R,L,I,H,K,T,Q,I,P,R,S,P,S,R,K,Q,H,P,G,P,C,Q,C
Mandrillus_leucophaeus,-,-,-,-,-,-,-,-,-,-,-,-,-,-,-,-,-,-,-,-,-,-,-,-,-,-,-,-,-,-,-,-,-,-,-,-,-,-,-,-,-,-,-,-,-,-,-,-,-,-,-,-,-,-,-,-,-,-,-,-,-,-,-,-,-,-,-,-,-,-,-,-,-,-,-,-,-,-,-,-,-,-,-,-,-,-,-,-,-,-,-,-,-,-,-,-,-,-,-,-,-,-,-,-,-,-,-,-,-,-,-,-,-,-,-,-,-,-,-,-,-,-,-,-,-,-,-,-,-,-,-,-,-,-,-,-,-,-,-,-,-,-,-,-,-,-,-,-,-,-,-,-,-,-,-,-,-,-,-,-,-,-,-,-,-,-,-,-,-,-,-,-,-,-,-,-,-,-,-,-,-,-,-,-,-,-,-,-,-,-,-,-,-,-,-,-,-,-,-,-,-,-,-,-,-,-,-,-,-,-,-,-,-,-,-,-,-,-
Marmota_flaviventris,M,E,T,W,D,C,R,Y,Q,F,R,I,A,L,L,G,E,A,A,V,G,K,T,S,L,L,R,R,Y,V,A,G,A,P,G,L,-,-,-,E,T,E,S,E,P,T,V,G,V,E,F,Y,S,R,A,L,Q,L,T,D,G,P,R,V,K,L,Q,L,W,D,T,A,G,Q,E,R,F,R,C,I,T,R,S,F,Y,R,N,V,V,G,V,L,L,V,F,D,V,T,N,R,K,S,F,E,H,I,P,D,W,H,Q,E,V,M,S,T,Q,G,P,N,K,V,I,F,L,L,V,G,H,K,S,D,L,Q,S,T,R,C,V,S,T,Q,E,A,E,E,L,A,A,S,L,G,M,A,F,V,E,T,S,V,K,N,N,C,S,V,A,L,A,F,D,V,L,T,T,A,I,Q,Q,A,L,Q,Q,G,D,I,K,L,E,E,D,W,G,G,V,R,L,I,H,R,T,Q,I,P,R,S,S,S,R,K,Q,H,P,G,S,C,Q,C
Marmota_marmota_marmota,-,-,-,W,D,C,R,Y,Q,F,R,I,A,L,L,G,E,A,A,V,G,K,T,S,L,L,R,R,Y,V,A,G,A,P,G,L,-,-,-,E,T,E,S,E,P,T,V,G,V,E,F,Y,S,R,A,L,Q,L,T,D,G,P,R,V,K,L,Q,L,W,D,T,A,G,Q,E,R,F,R,C,I,T,R,S,F,Y,R,N,V,V,G,V,L,L,V,F,D,V,T,N,R,K,S,F,E,H,I,P,D,W,H,Q,E,V,M,S,T,Q,G,P,N,K,V,I,F,L,L,V,G,H,K,S,D,L,Q,S,T,R,C,V,S,T,Q,E,A,E,E,L,A,A,S,L,G,M,A,F,V,E,T,S,V,K,N,N,C,S,V,A,L,A,F,D,I,L,T,T,A,I,Q,Q,A,L,Q,Q,G,N,I,K,L,E,E,D,W,G,G,V,R,L,I,H,R,A,Q,I,P,R,S,S,S,R,K,Q,H,P,G,S,C,Q,C
Marmota_monax,M,E,T,W,D,C,R,Y,Q,F,R,I,A,L,L,G,E,A,A,V,G,K,T,S,L,L,R,R,Y,V,A,G,A,P,G,L,-,-,-,E,T,E,S,E,P,T,V,G,V,E,F,Y,S,R,A,L,Q,L,T,D,G,P,R,V,K,L,Q,L,W,D,T,A,G,Q,E,R,F,R,C,I,T,R,S,F,Y,R,N,V,V,G,V,L,L,V,F,D,V,T,N,R,K,S,F,E,H,I,P,D,W,H,Q,E,V,M,S,T,Q,G,P,N,K,V,I,F,L,L,V,G,H,K,S,D,L,Q,S,T,R,C,V,S,T,Q,E,A,E,E,L,A,A,S,L,G,M,A,F,V,E,T,S,V,K,N,N,C,S,V,A,L,A,F,D,V,L,T,T,A,I,Q,Q,A,L,Q,Q,G,D,I,K,L,E,E,D,W,G,G,V,R,L,I,H,R,A,Q,I,P,R,S,S,S,R,K,Q,H,P,G,S,C,Q,C
Nannospalax_galili,M,E,A,A,S,C,S,Y,Q,F,R,I,A,L,L,G,D,A,A,V,G,K,T,S,L,L,R,R,Y,V,A,G,A,P,R,A,E,E,P,-,-,E,L,E,P,T,V,G,V,E,F,Y,S,R,A,L,Q,L,P,-,G,L,R,V,K,L,Q,L,W,D,T,A,G,Q,E,R,F,R,S,I,T,R,S,F,Y,R,N,M,V,G,V,L,L,V,F,D,V,T,N,R,D,S,F,E,H,I,Q,D,W,H,Q,E,V,I,S,T,Q,D,P,D,K,V,I,F,L,L,V,G,H,K,S,D,L,-,S,T,R,C,V,S,T,Q,E,A,K,E,L,A,A,S,L,G,M,A,F,M,E,T,S,A,K,N,N,S,N,V,D,L,A,F,D,T,I,T,T,A,I,Q,Q,A,L,Q,Q,G,N,I,K,L,E,E,G,W,G,G,V,R,L,L,H,R,T,P,N,P,R,S,S,S,R,K,Q,H,S,G,P,C,Q,C
Neomonachus_schauinslandi,M,A,A,G,G,C,R,Y,Q,F,R,I,A,L,L,G,D,A,A,V,G,K,T,S,L,L,R,R,Y,V,A,G,A,P,G,A,P,E,P,E,P,E,S,E,P,T,V,G,V,E,F,Y,S,R,K,L,Q,L,R,A,G,P,R,V,K,L,Q,L,W,D,T,A,G,H,E,R,F,R,C,I,T,R,S,F,Y,R,N,V,L,G,V,L,L,V,F,D,V,T,N,R,K,S,F,E,H,I,C,D,W,H,Q,E,V,M,A,T,Q,G,P,D,K,V,I,F,L,L,V,G,H,K,S,D,L,Q,S,T,R,C,V,S,A,Q,E,A,E,E,L,A,A,S,L,G,M,A,F,M,E,T,S,A,K,N,N,C,N,V,D,L,A,F,S,T,L,A,D,A,I,Q,Q,A,L,D,Q,G,D,I,K,L,E,E,D,W,G,G,A,R,L,I,H,K,T,Q,V,P,S,A,P,P,G,K,Q,P,P,G,P,C,Q,C
Nomascus_leucogenys,M,E,A,E,G,C,R,Y,Q,F,R,V,A,L,L,G,D,A,A,V,G,K,T,S,L,L,R,S,Y,V,A,G,A,P,G,A,P,E,P,E,P,E,P,E,P,T,V,G,A,E,C,Y,R,R,A,L,Q,L,R,A,G,P,R,V,K,L,Q,L,W,D,T,A,G,Q,E,R,F,R,C,I,T,R,S,F,Y,R,N,V,V,G,V,L,L,V,F,D,V,T,N,R,K,S,F,E,H,I,Q,D,W,H,Q,E,V,M,A,T,Q,G,P,D,K,V,I,F,L,L,V,G,H,K,S,D,L,Q,S,A,R,C,V,S,A,Q,E,A,E,E,L,A,A,S,L,G,M,A,F,V,E,T,S,V,K,N,N,C,N,V,D,L,A,F,D,T,L,A,D,A,I,Q,Q,A,L,K,Q,G,D,I,K,L,E,E,G,W,G,G,V,R,L,I,Y,K,T,Q,I,P,R,S,P,S,R,K,Q,H,P,G,P,C,Q,C
Ochotona_curzoniae,M,E,A,E,D,C,R,Y,Q,F,R,I,A,L,L,G,D,A,T,V,G,K,T,S,L,L,R,R,Y,V,A,G,A,P,G,A,P,E,P,E,A,E,P,E,P,T,V,G,V,D,F,Y,R,R,A,L,Q,L,R,A,G,P,R,V,K,L,Q,L,W,D,T,A,G,H,E,R,F,R,C,I,T,R,S,F,Y,R,N,M,V,G,V,L,L,V,F,D,V,T,N,R,K,S,F,E,H,I,R,D,W,H,Q,D,V,L,A,T,Q,G,P,D,K,A,I,F,L,L,I,G,H,K,S,D,L,Q,S,A,R,C,I,S,A,Q,E,A,E,E,L,A,A,S,L,G,M,G,F,V,E,T,S,A,K,S,N,H,N,V,E,L,A,F,D,T,L,V,D,A,I,Q,Q,A,L,Q,Q,G,D,I,K,L,E,E,D,W,G,G,V,R,L,I,H,K,A,P,G,P,R,P,S,S,R,K,H,P,P,G,S,C,Q,C
Ochotona_princeps,M,E,A,E,D,C,R,Y,Q,F,R,I,A,L,L,G,D,A,T,V,G,K,T,S,L,L,R,R,Y,V,A,G,A,P,G,A,P,E,P,E,A,E,P,E,P,T,V,G,V,D,F,Y,R,R,A,L,Q,L,R,A,G,P,R,V,K,L,Q,L,W,D,T,A,G,H,E,R,F,R,C,I,T,R,S,F,Y,R,N,M,V,G,V,L,L,V,F,D,V,T,N,R,K,S,F,E,H,I,R,D,W,H,Q,D,V,L,A,T,Q,G,P,D,K,A,I,F,L,L,I,G,H,K,S,D,L,Q,S,A,R,C,I,S,A,Q,E,A,E,E,L,A,A,S,L,G,M,G,F,V,E,T,S,A,K,S,N,H,N,V,E,L,A,F,D,T,L,V,N,A,I,Q,Q,A,L,Q,Q,G,D,I,K,L,E,K,D,W,G,G,V,R,L,I,H,K,A,P,G,P,R,S,P,S,R,K,H,P,P,G,S,C,Q,C
Octodon_degus,M,E,A,R,G,Q,C,Y,Q,F,R,V,L,L,L,G,D,A,G,V,G,K,T,A,L,L,Q,R,Y,V,A,G,A,G,P,G,A,E,A,E,V,-,-,E,P,T,V,G,V,E,F,Y,S,R,A,L,Q,L,P,A,G,P,C,V,K,L,Q,L,W,D,T,A,G,Q,E,R,F,R,C,I,T,R,S,F,Y,R,N,V,A,G,V,L,L,V,Y,D,V,T,N,R,R,S,F,E,H,I,Q,D,W,H,A,E,V,L,A,T,Q,G,P,-,K,V,I,F,L,L,V,G,H,K,S,D,L,Q,S,S,R,C,V,S,P,Q,E,A,E,A,L,A,A,S,L,G,S,A,F,I,E,T,S,A,R,N,S,C,S,V,E,L,A,F,D,T,L,T,D,A,I,L,Q,A,L,Q,R,G,D,M,E,L,E,E,D,W,G,G,V,R,L,I,H,K,A,Q,V,P,R,S,P,V,K,E,Q,H,P,G,P,C,Q,C
Ovis_aries,M,E,A,G,V,C,R,Y,Q,F,R,I,A,L,L,G,D,A,A,V,G,K,T,S,L,L,R,C,Y,M,R,G,A,P,G,I,P,E,P,E,L,E,L,E,P,T,V,G,V,E,F,Y,T,R,T,V,Q,L,Q,A,G,P,R,V,K,L,Q,L,W,D,T,A,G,Q,E,R,F,R,C,I,T,R,S,F,Y,R,N,V,V,G,V,L,L,V,F,D,V,T,N,R,K,S,F,E,H,I,R,D,W,H,Q,E,V,M,A,T,Q,G,P,D,K,A,I,F,L,L,V,G,H,K,S,D,L,Q,S,A,R,C,V,S,T,Q,E,A,E,E,L,A,A,S,L,G,M,G,F,M,E,T,S,T,K,S,N,C,N,V,D,L,A,F,D,T,L,A,N,T,I,Q,Q,A,L,W,Q,G,A,I,K,L,E,E,D,W,G,G,V,R,L,I,Q,N,T,Q,V,S,R,Q,P,S,R,M,Q,H,P,G,P,C,R,C
Pan_paniscus,M,E,A,E,G,C,R,Y,Q,F,R,V,A,L,L,G,D,A,A,V,G,K,T,S,L,L,R,S,Y,V,A,G,A,P,G,A,P,E,P,E,P,E,P,E,P,T,V,G,A,E,C,Y,R,R,A,L,Q,L,R,A,G,P,R,V,K,L,Q,L,W,D,T,A,G,H,E,R,F,R,C,I,T,R,S,F,Y,R,N,V,V,G,V,L,L,V,F,D,V,T,N,R,K,S,F,E,H,I,Q,D,W,H,Q,E,V,M,A,T,Q,G,P,D,K,V,I,F,L,L,V,G,H,K,S,D,L,Q,S,T,R,C,V,S,A,Q,E,A,E,E,L,A,A,S,L,G,M,A,F,V,E,T,S,V,K,N,N,C,N,V,D,L,A,F,D,T,L,A,D,A,I,Q,Q,A,L,Q,Q,G,D,I,K,L,E,E,G,W,G,G,V,R,L,I,H,K,T,Q,I,P,R,S,P,S,R,K,Q,H,P,G,P,C,Q,C
Pan_troglodytes,M,E,A,E,G,C,R,Y,Q,F,R,V,A,L,L,G,D,A,A,V,G,K,T,S,L,L,R,S,Y,V,A,G,A,P,G,A,P,E,P,E,P,E,P,E,P,T,V,G,A,E,C,Y,R,R,A,L,Q,L,R,A,G,P,R,V,K,L,Q,L,W,D,T,A,G,H,E,R,F,R,C,I,T,R,S,F,Y,R,N,V,V,G,V,L,L,V,F,D,V,T,N,R,K,S,F,E,H,I,Q,D,W,H,Q,E,V,M,A,T,Q,G,P,D,K,V,I,F,L,L,V,G,H,K,S,D,L,Q,S,T,R,C,V,S,A,Q,E,A,E,E,L,A,A,S,L,G,M,A,F,V,E,T,S,V,K,N,N,C,N,V,D,L,A,F,D,T,L,A,D,A,I,Q,Q,A,L,Q,Q,G,D,I,K,L,E,E,G,W,G,G,V,R,L,I,H,K,T,Q,I,P,R,S,P,S,R,K,Q,H,P,G,P,C,Q,C
Panthera_tigris_altaica,-,-,-,-,-,-,-,-,-,-,-,-,-,-,-,-,-,-,-,-,-,-,-,-,-,-,-,-,-,-,-,-,-,-,-,-,-,-,-,-,-,-,-,-,-,-,-,-,-,-,-,-,-,-,-,-,-,-,-,-,-,-,-,-,-,-,-,-,-,-,-,-,-,-,-,-,-,-,-,-,-,-,-,-,-,-,-,-,-,-,-,-,-,-,-,-,-,-,-,-,-,-,-,-,-,-,-,-,-,-,-,-,-,-,-,-,-,-,-,-,-,-,-,-,-,-,-,-,-,-,-,-,-,-,-,-,-,-,-,-,-,-,-,-,-,-,-,-,-,-,-,-,-,-,-,-,-,-,-,-,-,-,-,-,-,-,-,-,-,-,-,-,-,-,-,-,-,-,-,-,-,-,-,-,-,-,-,-,-,-,-,-,-,-,-,-,-,-,-,-,-,-,-,-,-,-,-,-,-,-,-,-,-,-,-,-,-,-
Papio_anubis,M,E,G,E,G,C,R,Y,Q,F,R,V,V,L,L,G,D,A,A,V,G,K,T,S,L,L,R,S,Y,V,A,G,A,P,G,A,P,E,P,E,P,E,P,E,P,T,V,G,A,E,C,Y,R,R,A,L,Q,L,R,A,G,P,R,V,K,L,Q,L,W,D,T,A,G,H,E,R,F,R,C,I,T,R,S,F,Y,R,N,V,V,G,V,L,L,V,F,D,V,T,N,R,K,S,F,E,H,I,Q,D,W,H,Q,E,V,M,A,T,Q,G,P,D,K,V,I,F,L,L,V,G,H,K,S,D,L,Q,S,T,R,C,V,S,A,Q,E,A,E,E,L,A,A,S,L,G,M,A,F,V,E,T,S,V,K,N,N,C,N,V,D,L,A,F,D,I,L,A,A,A,I,Q,Q,A,L,Q,Q,G,D,I,K,L,E,E,G,C,G,G,V,R,L,I,H,K,T,Q,I,P,R,S,P,S,R,K,Q,H,P,G,P,C,Q,C
Piliocolobus_tephrosceles,M,E,G,E,G,C,R,Y,Q,F,R,I,A,L,L,G,D,A,A,V,G,K,T,S,L,L,R,S,Y,V,A,G,A,P,G,A,P,E,P,D,P,E,P,E,P,T,V,G,A,E,C,Y,R,R,A,L,Q,L,R,A,G,P,R,V,K,L,Q,L,W,D,T,A,G,H,E,R,F,R,C,I,T,R,S,F,Y,R,N,V,V,G,V,L,L,V,F,D,V,T,N,R,K,S,F,E,H,I,Q,D,W,H,Q,E,V,M,A,T,Q,G,P,D,K,V,I,F,L,L,V,G,H,K,S,D,L,Q,S,T,R,C,V,S,A,Q,E,A,E,E,L,A,A,S,L,G,M,A,F,V,E,T,S,V,K,N,N,C,N,V,D,L,A,F,D,I,L,A,D,A,I,Q,Q,A,L,Q,Q,G,D,I,K,L,E,E,G,W,G,G,V,R,L,I,H,K,A,Q,I,P,R,S,P,S,R,K,Q,H,P,G,P,C,Q,C
Pongo_abelii,M,E,A,E,G,C,R,Y,Q,F,R,V,A,L,L,G,D,A,A,V,G,K,T,S,L,L,R,S,Y,V,A,G,A,P,G,A,P,E,P,E,P,E,P,E,P,T,V,G,A,E,C,Y,R,R,A,L,Q,L,R,A,G,P,R,V,K,L,Q,L,W,D,T,A,G,H,E,R,F,R,C,I,T,R,S,F,Y,R,N,V,V,G,V,L,L,V,F,D,V,T,N,R,R,S,F,E,H,I,Q,D,W,H,Q,E,V,M,A,T,Q,G,P,D,K,V,I,F,L,L,V,G,H,K,S,D,L,Q,S,T,R,C,V,S,A,Q,E,A,E,E,L,A,A,S,L,G,M,V,F,V,E,T,S,V,K,N,N,C,N,V,D,L,A,F,D,T,L,A,D,A,I,Q,Q,A,L,Q,Q,G,D,I,K,L,E,E,G,W,G,G,V,R,L,I,H,K,T,Q,I,P,R,S,P,S,R,K,Q,H,P,G,P,C,Q,C
Propithecus_coquereli,M,E,A,G,G,C,R,Y,Q,F,R,I,A,L,L,G,D,A,A,V,G,K,T,S,L,L,R,R,Y,V,A,G,A,P,G,A,P,E,P,E,P,E,P,E,P,T,V,G,V,E,F,Y,R,R,A,L,Q,L,R,A,G,P,R,V,K,L,Q,L,W,D,T,A,G,Q,E,R,F,R,C,I,T,R,S,F,Y,R,N,V,V,G,V,L,L,V,F,D,V,T,N,R,K,S,F,E,H,I,Q,D,W,H,Q,E,V,M,A,T,Q,G,P,D,K,A,I,F,L,L,V,G,H,K,S,D,L,Q,S,T,R,C,V,S,A,Q,E,A,E,E,L,A,T,S,L,G,M,A,F,M,E,T,S,A,K,S,N,S,N,V,D,L,A,F,D,T,L,A,N,A,I,Q,Q,A,L,Q,R,G,D,I,K,L,E,E,H,W,G,G,V,R,L,I,C,K,T,H,I,S,R,S,P,S,R,K,Q,D,P,G,P,C,Q,C
Rhinopithecus_bieti,M,E,G,E,G,C,R,Y,Q,F,R,V,A,L,L,G,D,A,A,V,G,K,T,S,L,L,R,S,Y,V,A,G,A,P,G,A,P,E,P,E,P,E,P,E,P,T,V,G,A,E,C,Y,R,R,A,L,Q,L,R,A,G,P,R,V,K,L,Q,L,W,D,T,A,G,H,E,R,F,R,C,I,T,R,S,F,Y,R,N,V,V,G,V,L,L,V,F,D,V,T,N,R,K,S,F,E,H,I,Q,D,W,H,Q,E,V,M,A,T,Q,G,P,D,K,V,I,F,L,L,V,G,H,K,S,D,L,Q,S,T,R,C,V,S,A,Q,E,A,E,E,L,A,A,S,L,G,M,A,F,V,E,T,S,V,K,N,N,C,N,V,G,L,A,F,D,I,L,A,D,A,I,Q,Q,A,L,Q,Q,G,D,I,K,L,E,E,G,W,G,G,V,R,L,I,H,K,T,Q,I,P,R,S,P,S,R,K,Q,H,P,G,P,C,Q,C
Rhinopithecus_roxellana,M,E,G,E,G,C,R,Y,Q,F,R,V,A,L,L,G,D,A,A,V,G,K,T,S,L,L,R,S,Y,V,A,G,A,P,G,A,P,E,P,E,P,E,P,E,P,T,V,G,A,E,C,Y,R,R,A,L,Q,L,R,A,G,P,R,V,K,L,Q,L,W,D,T,A,G,H,E,R,F,R,C,I,T,R,S,F,Y,R,N,V,V,G,V,L,L,V,F,D,V,T,N,R,K,S,F,E,H,I,Q,D,W,H,Q,E,V,M,A,T,Q,G,P,D,K,V,I,F,L,L,V,G,H,K,S,D,L,Q,S,T,R,C,V,S,A,Q,E,A,E,E,L,A,A,S,L,G,M,A,F,V,E,T,S,V,K,N,N,C,N,V,G,L,A,F,D,I,L,A,D,A,I,Q,Q,A,L,Q,Q,G,D,I,K,L,E,E,G,W,G,G,V,R,L,I,H,K,T,Q,I,P,R,S,P,S,R,K,Q,H,P,G,P,C,Q,C
Saimiri_boliviensis_boliviensis,M,E,V,E,S,C,R,Y,Q,F,R,V,A,L,L,G,D,A,A,V,G,K,T,S,L,L,Q,S,Y,V,A,G,A,P,G,A,R,E,P,E,P,E,P,E,P,T,V,G,A,E,C,Y,R,R,A,L,Q,L,R,A,G,P,R,V,K,L,Q,L,W,D,T,A,G,Q,E,H,F,R,C,L,T,R,S,F,Y,R,N,V,V,G,V,L,L,V,F,D,V,T,N,R,K,S,F,E,H,I,Q,D,W,H,E,E,V,M,A,T,Q,G,P,D,K,V,I,F,L,L,V,G,H,K,S,D,L,Q,S,T,R,C,V,S,A,Q,E,A,K,E,L,A,A,S,L,G,M,A,F,V,E,T,S,A,K,N,N,C,N,V,D,L,A,F,D,T,L,A,D,A,I,Q,Q,A,L,Q,Q,G,D,I,K,L,E,E,G,W,G,G,V,R,L,I,H,K,T,Q,I,P,R,S,P,S,R,K,Q,H,P,G,P,C,Q,C
Sapajus_apella,M,E,T,E,G,C,R,Y,Q,F,R,V,A,L,L,G,D,A,A,V,G,K,T,S,L,L,R,S,Y,V,A,G,A,P,G,A,Q,E,P,E,P,E,P,E,P,T,V,G,A,E,C,Y,R,H,A,L,Q,L,R,A,G,P,R,V,K,L,Q,L,W,D,T,A,G,Q,E,R,F,R,C,L,P,R,S,F,Y,R,N,V,V,G,V,L,L,V,F,D,V,T,N,R,K,S,F,E,H,I,Q,D,W,H,K,E,V,M,A,T,Q,G,P,D,K,V,I,F,L,L,V,G,H,K,S,D,L,Q,S,T,R,C,V,S,A,Q,E,A,K,E,L,A,A,S,L,G,M,A,F,V,E,T,S,A,K,N,N,C,N,V,D,L,A,F,D,T,L,A,D,A,I,Q,Q,A,L,Q,Q,G,D,I,K,L,E,E,G,W,G,G,V,R,L,I,H,K,T,Q,I,P,R,S,P,S,R,N,Q,H,P,G,P,C,Q,C
Suricata_suricatta,M,E,V,L,D,C,R,Y,Q,F,R,I,A,L,L,G,D,A,A,V,G,K,T,S,L,L,R,R,Y,V,A,G,A,P,G,A,P,E,P,E,P,E,S,E,P,T,V,G,V,E,F,Y,S,R,K,L,Q,L,R,A,G,P,R,V,K,L,Q,L,W,D,T,A,G,H,E,R,F,R,C,I,T,R,S,F,Y,R,N,V,V,G,V,L,L,V,F,D,V,T,N,R,K,S,F,E,H,I,C,D,W,H,Q,E,V,M,A,T,Q,G,P,D,K,V,I,F,L,L,V,G,H,K,S,D,L,Q,S,T,R,V,V,S,A,Q,E,A,E,E,L,A,A,S,L,G,M,A,F,M,E,T,S,A,K,K,N,C,N,V,D,L,A,F,N,T,L,A,D,A,I,Q,Q,A,L,E,Q,G,D,I,K,L,E,E,D,W,G,G,V,R,L,I,H,K,N,Q,V,P,K,N,P,H,R,K,Q,P,P,G,P,C,Q,C
Theropithecus_gelada,M,E,G,E,G,C,R,Y,Q,F,R,V,A,L,L,G,D,A,A,V,G,K,T,S,L,L,R,S,Y,V,A,G,A,P,G,A,P,E,P,E,P,E,P,E,P,T,V,G,A,E,C,Y,R,R,A,L,Q,L,R,A,G,P,R,V,K,L,Q,L,W,D,T,A,G,H,E,R,F,R,C,I,T,R,S,F,Y,R,N,V,V,G,V,L,L,V,F,D,V,T,N,R,K,S,F,E,H,I,Q,D,W,H,Q,E,V,M,A,T,Q,G,P,D,K,V,I,F,L,L,V,G,H,K,S,D,L,Q,S,T,R,C,V,S,A,Q,E,A,E,E,L,A,A,S,L,G,M,A,F,V,E,T,S,V,K,N,N,C,N,V,D,L,A,F,D,I,L,A,A,A,I,Q,Q,A,L,Q,Q,G,D,I,K,L,E,E,G,C,G,G,V,R,L,I,H,K,T,Q,I,P,R,S,P,S,R,K,Q,H,P,G,P,C,Q,C
Trachypithecus_francoisi,M,E,G,E,G,C,R,Y,Q,F,R,V,A,L,L,G,D,A,A,V,G,K,T,S,L,L,R,S,Y,V,A,G,A,P,G,A,P,E,P,E,P,E,P,E,P,T,V,G,A,E,C,Y,R,R,A,L,Q,L,R,A,G,P,R,V,K,L,Q,L,W,D,T,A,G,H,E,R,F,R,C,I,T,R,S,F,Y,R,N,V,V,G,V,L,L,V,F,D,V,T,N,R,K,S,F,E,H,I,Q,D,W,H,Q,E,V,M,A,T,Q,G,P,D,K,V,I,F,L,L,V,G,H,K,S,D,L,Q,S,T,R,C,V,S,A,Q,E,A,E,E,L,A,A,S,L,G,M,A,F,V,E,T,S,V,K,N,N,C,N,V,G,L,A,F,D,I,L,A,D,A,I,Q,Q,A,L,Q,Q,G,D,I,K,L,E,E,G,W,G,G,V,R,L,I,H,K,T,Q,I,P,R,S,P,S,R,K,Q,H,P,G,P,C,Q,C
Tupaia_chinensis,-,-,-,-,-,-,-,-,-,-,-,-,-,-,-,-,-,-,-,-,-,-,-,-,-,-,-,-,-,-,-,-,-,-,-,-,-,-,-,-,-,-,-,-,-,-,-,-,-,-,-,-,-,-,-,-,-,-,-,-,-,-,-,-,-,-,-,-,-,-,-,-,-,-,-,-,-,-,-,-,-,-,-,-,-,-,-,-,-,-,-,-,-,-,-,-,-,-,-,-,-,-,-,-,-,-,-,-,-,-,-,-,-,-,-,-,-,-,-,-,-,-,-,-,-,-,-,-,-,-,-,-,-,-,-,-,-,-,-,-,-,-,-,-,-,-,-,-,-,-,-,-,-,-,-,-,-,-,-,-,-,-,-,-,-,-,-,-,-,-,-,-,-,-,-,-,-,-,-,-,-,-,-,-,-,-,-,-,-,-,-,-,-,-,-,-,-,-,-,-,-,-,-,-,-,-,-,-,-,-,-,-,-,-,-,-,-,-
Urocitellus_parryii,M,E,P,W,D,C,R,Y,Q,F,R,I,A,L,L,G,E,A,A,V,G,K,T,S,L,L,R,R,Y,V,A,G,A,P,G,L,-,-,-,E,T,E,S,E,P,T,V,G,V,E,F,Y,S,R,A,L,Q,L,T,A,G,P,R,V,K,L,Q,L,W,D,T,A,G,Q,E,R,F,R,C,I,T,R,S,F,Y,R,N,V,V,G,V,L,L,V,F,D,V,T,N,R,K,S,F,E,H,I,P,D,W,H,Q,E,V,K,S,T,Q,G,P,N,K,V,I,F,L,L,V,G,H,K,S,D,L,Q,S,T,R,C,V,S,T,Q,E,A,E,E,L,A,A,S,L,G,M,A,F,V,E,T,S,A,K,N,N,C,N,V,A,L,A,F,D,V,L,T,T,A,I,Q,Q,A,L,Q,Q,G,D,I,K,L,E,E,D,W,G,G,V,R,L,I,H,R,A,Q,I,P,R,S,S,S,R,K,Q,H,P,G,S,C,Q,C
Ursus_americanus,M,S,A,G,G,C,S,Y,Q,F,R,I,A,L,L,G,D,A,A,V,G,K,T,S,L,L,R,R,Y,V,A,G,E,P,G,A,P,E,P,E,P,E,P,E,P,T,V,G,V,E,F,Y,S,R,K,L,Q,L,R,A,G,P,R,V,K,L,Q,L,W,D,T,A,G,H,E,R,F,R,C,I,T,R,S,F,Y,R,N,V,V,G,V,L,L,V,F,D,V,T,N,R,K,S,F,E,H,I,C,D,W,H,Q,E,V,M,A,T,Q,G,P,H,K,V,I,F,L,L,V,G,H,K,S,D,L,Q,S,T,R,C,V,S,A,Q,E,A,E,A,L,A,A,S,L,G,M,A,F,M,E,T,S,A,K,N,N,C,N,V,D,L,A,F,D,T,L,A,D,A,I,Q,Q,A,L,E,Q,G,D,I,Q,L,Q,E,D,W,G,G,I,R,L,I,H,K,T,Q,V,P,S,G,P,P,R,K,Q,P,P,G,P,C,Q,C
Ursus_maritimus,M,S,A,G,G,C,S,Y,Q,F,R,I,A,L,L,G,D,A,A,V,G,K,T,S,L,L,R,R,Y,V,A,G,E,P,G,A,P,E,P,E,P,E,P,E,P,T,V,G,V,E,F,Y,S,R,K,L,Q,L,R,A,G,P,R,V,K,L,Q,L,W,D,T,A,G,H,E,R,F,R,C,I,T,R,S,F,Y,R,N,V,V,G,V,L,L,V,F,D,V,T,N,R,K,S,F,E,H,I,C,D,W,H,Q,E,V,M,A,T,Q,G,P,H,K,V,I,F,L,L,V,G,H,K,S,D,L,Q,S,T,R,C,V,S,A,Q,E,A,E,A,L,A,A,S,L,G,M,A,F,M,E,T,S,A,K,N,N,C,N,V,D,L,A,F,D,T,L,A,D,A,I,Q,Q,A,L,E,Q,G,D,I,Q,L,Q,E,D,W,G,G,I,R,L,I,H,K,T,Q,V,P,S,G,P,P,R,K,Q,P,P,G,P,C,Q,C
Vicugna_pacos,-,-,-,-,-,-,-,-,-,-,-,-,-,-,-,-,-,-,-,-,-,-,-,-,-,-,-,-,-,-,-,-,-,-,-,-,-,-,-,-,-,-,-,-,-,-,-,-,-,-,-,-,-,-,-,-,-,-,-,-,-,-,-,-,-,-,-,-,-,-,-,-,-,-,-,-,-,-,-,-,-,-,-,-,-,-,-,-,-,-,-,-,-,-,-,-,M,T,N,R,K,S,F,E,H,I,Q,D,W,H,Q,E,V,M,A,T,Q,G,P,D,K,A,I,F,L,L,V,G,H,K,S,D,L,Q,S,S,R,C,V,S,A,Q,E,A,E,E,L,A,A,S,L,G,M,A,F,M,E,T,S,A,K,N,N,C,N,V,D,L,A,F,N,T,L,A,E,A,I,Q,Q,A,L,Q,Q,G,D,I,K,L,E,E,D,W,G,G,V,R,L,I,H,N,I,Q,I,S,R,A,P,S,R,K,Q,H,P,G,P,C,Q,C
Artibeus_jamaicensis,M,E,A,G,G,C,R,Y,Q,F,R,I,L,L,L,G,D,A,A,V,G,K,T,S,L,L,R,R,Y,V,G,G,A,L,G,T,A,A,P,A,E,E,L,Q,P,T,V,G,V,E,F,Y,S,R,P,L,Q,L,G,A,G,P,W,V,K,L,Q,L,W,D,T,A,G,Q,E,R,F,R,C,I,T,R,S,F,Y,R,N,V,V,G,V,L,L,V,F,D,V,T,N,R,K,S,F,E,H,I,P,H,W,H,Q,E,V,V,A,T,Q,G,T,D,K,A,I,F,L,L,V,G,H,K,S,D,L,Q,N,T,R,C,V,S,A,Q,E,A,E,E,L,A,A,S,L,G,M,A,F,M,E,T,S,A,K,N,N,C,N,V,D,L,A,F,D,T,L,A,D,A,I,Q,Q,A,L,Q,Q,G,N,I,K,L,E,E,D,W,G,G,I,R,L,I,H,K,T,Q,T,P,R,H,P,S,R,Q,Q,R,A,G,P,C,Q,C
Desmodus_rotundus,M,E,A,G,G,C,R,Y,Q,F,R,I,L,L,L,G,D,A,A,V,G,K,T,S,L,L,R,R,Y,V,G,G,A,L,G,T,P,V,P,E,A,E,L,Q,P,T,V,G,V,E,F,Y,S,R,P,L,Q,L,G,A,G,P,W,V,K,L,Q,F,W,D,T,A,G,Q,E,R,F,R,C,I,T,R,S,F,Y,R,N,V,V,G,V,L,L,V,F,D,V,T,N,R,K,S,F,E,H,I,P,H,W,H,Q,E,V,M,A,T,Q,G,P,D,K,A,I,F,L,L,V,G,H,K,S,D,L,Q,S,T,R,C,V,S,A,Q,E,A,E,E,L,A,A,S,L,G,M,A,F,M,E,T,S,A,K,N,N,C,N,V,D,L,A,F,D,T,L,A,D,A,I,Q,Q,A,L,K,Q,G,S,I,K,L,E,E,D,W,G,G,V,R,L,I,N,K,T,Q,V,P,R,L,P,S,R,Q,Q,H,A,G,P,C,Q,C
Eptesicus_fuscus,M,E,A,E,G,C,R,Y,Q,F,R,I,V,V,L,G,D,A,T,V,G,K,T,S,L,L,R,R,F,V,E,G,A,A,G,T,L,E,P,G,P,E,P,E,P,T,V,G,V,E,F,Y,G,R,A,L,Q,L,P,A,G,P,R,V,K,L,Q,L,W,D,T,A,G,Q,E,R,F,R,C,I,T,R,S,F,Y,R,N,V,V,G,V,L,L,V,F,D,M,T,N,R,K,S,F,E,H,I,P,D,W,H,Q,E,V,M,A,T,Q,G,P,D,R,A,I,F,L,L,L,G,H,K,S,D,L,E,S,S,R,C,V,S,A,Q,E,A,E,E,L,A,A,S,L,G,M,A,F,M,E,T,S,A,R,N,N,C,N,V,D,L,A,F,Q,T,L,A,N,A,I,Q,Q,A,L,Q,Q,G,D,I,K,L,E,E,D,W,G,G,I,R,L,I,N,K,P,P,I,P,R,V,P,S,R,K,R,H,A,G,P,C,Q,C
Hipposideros_armiger,M,E,A,G,G,C,R,Y,Q,F,R,I,A,L,L,G,D,A,A,V,G,K,T,S,L,L,R,R,Y,V,E,G,A,T,G,T,P,E,-,-,-,-,-,E,P,T,V,G,V,E,F,Y,S,R,P,L,Q,L,R,A,G,P,R,V,K,L,Q,L,W,D,T,A,G,Q,E,R,F,R,C,I,T,R,S,F,Y,R,N,V,V,G,V,L,L,V,F,D,V,T,N,R,R,S,F,E,H,I,R,D,W,H,Q,E,V,T,A,T,Q,G,P,I,K,A,I,F,L,L,V,G,H,K,S,D,L,Q,S,T,R,C,V,S,V,Q,E,A,E,E,L,A,A,S,L,G,M,A,F,M,E,T,S,T,K,N,N,C,S,V,D,L,V,F,N,T,L,A,D,A,I,Q,Q,A,L,Q,Q,G,D,I,K,L,E,E,D,W,G,G,I,R,L,I,-,K,T,Q,T,P,K,T,P,S,R,K,Q,H,A,G,S,C,Q,C
Miniopterus_natalensis,M,E,A,G,D,C,R,Y,Q,F,R,I,A,L,L,G,D,A,A,V,G,K,T,S,L,L,Q,R,Y,V,E,G,A,P,G,A,L,E,P,G,P,G,P,E,P,T,V,G,V,E,F,Y,S,R,S,L,Q,L,R,A,G,P,R,V,K,L,Q,L,W,D,T,A,G,Q,E,R,F,R,S,I,T,R,S,F,Y,Q,N,V,V,G,V,L,L,I,F,D,V,T,N,R,K,S,F,E,H,I,P,D,W,H,Q,E,I,M,A,T,Q,G,P,D,K,A,I,F,L,L,V,G,H,K,N,D,L,Q,S,T,R,C,V,S,A,Q,E,A,E,E,L,A,A,S,L,G,M,A,F,M,E,T,S,A,K,N,N,C,N,V,D,L,A,F,N,T,L,A,D,A,I,Q,Q,A,L,Q,Q,G,D,I,K,L,E,E,D,W,G,G,I,R,L,I,N,K,T,Q,I,P,R,L,P,S,R,K,Q,H,A,D,L,C,Q,C
Molossus_molossus,M,E,A,G,G,C,R,Y,Q,F,R,V,A,L,L,G,D,S,A,V,G,K,T,S,L,L,R,R,Y,V,E,S,A,P,G,T,L,E,P,E,P,E,P,E,P,T,V,G,V,E,F,Y,S,R,A,L,Q,L,R,A,G,P,W,V,K,L,Q,L,W,D,T,A,G,L,E,R,F,R,C,I,T,R,S,F,Y,R,N,V,V,G,V,L,L,V,F,D,V,T,N,R,K,S,F,E,H,I,P,D,W,H,Q,E,V,M,A,T,Q,G,P,N,K,T,I,F,L,L,V,G,H,K,S,D,L,Q,S,T,R,C,V,S,A,Q,E,A,E,E,L,A,S,S,L,G,M,A,F,M,E,T,S,A,K,N,N,C,N,V,D,L,A,F,N,T,L,A,D,T,I,Q,Q,A,L,Q,Q,E,N,I,K,L,E,E,G,W,G,G,I,R,L,I,N,K,T,Q,I,P,R,L,P,S,R,K,Q,H,A,G,P,C,Q,C
Myotis_brandtii,M,E,A,K,G,C,R,Y,Q,F,R,I,V,V,L,G,D,A,T,V,G,K,T,S,L,L,R,R,F,V,E,G,A,A,G,T,L,E,P,E,P,E,L,E,P,T,V,G,V,E,F,Y,G,R,A,L,Q,L,P,A,G,P,W,V,K,L,Q,L,W,D,T,A,G,Q,E,R,F,R,C,M,T,R,S,F,Y,R,N,V,V,G,V,L,L,V,F,D,V,T,N,R,K,S,F,E,H,I,P,D,W,H,Q,E,V,M,A,T,Q,G,P,D,K,A,V,F,L,L,L,G,H,K,S,D,L,E,S,T,R,C,V,S,A,Q,E,A,E,E,L,A,A,S,L,G,M,A,F,M,E,T,S,A,K,K,N,C,N,V,D,Q,A,F,Q,T,L,A,N,A,I,Q,Q,A,L,Q,Q,G,D,I,R,L,E,E,D,W,G,G,I,R,L,I,-,K,P,Q,I,P,R,L,P,S,R,K,Q,H,A,G,P,C,Q,C
Myotis_davidii,-,-,-,-,-,-,-,-,-,-,-,-,-,-,-,-,-,-,-,-,-,-,-,-,-,-,-,-,-,-,-,-,-,-,-,-,-,-,-,-,-,-,-,-,-,-,-,-,-,-,-,-,-,-,-,-,-,-,-,-,-,-,-,-,-,-,-,-,-,-,-,-,-,-,-,-,-,-,-,M,T,R,S,F,Y,R,N,V,V,G,V,L,L,V,F,D,V,T,N,R,K,S,F,E,H,I,P,D,W,H,Q,E,V,M,A,T,Q,G,P,H,K,A,V,F,L,L,L,G,H,K,S,D,L,E,S,D,R,C,V,S,A,Q,E,A,E,E,L,A,A,S,L,G,M,A,F,M,E,T,S,A,K,K,N,C,N,V,D,Q,A,F,Q,T,L,A,N,A,I,Q,Q,A,L,Q,Q,G,D,L,K,L,E,E,D,W,G,G,I,R,L,I,-,K,P,Q,I,P,R,L,P,S,R,K,Q,H,A,G,P,C,Q,C
Myotis_lucifugus,M,E,A,K,G,C,R,Y,Q,F,R,V,V,V,L,G,D,A,T,V,G,K,T,S,L,L,R,R,F,V,E,G,A,A,G,T,L,E,P,E,P,E,P,E,P,T,V,G,V,E,F,Y,G,R,A,L,Q,L,P,A,G,P,W,V,K,L,Q,L,W,D,T,A,G,Q,E,R,F,R,C,M,T,R,S,F,Y,R,N,V,V,G,V,L,L,V,F,D,V,T,N,R,K,S,F,E,H,I,P,D,W,H,Q,E,V,M,A,T,Q,G,P,D,K,A,V,F,L,L,L,G,H,K,S,D,L,E,S,T,R,C,V,S,A,Q,E,A,E,E,L,A,A,S,L,G,M,A,F,M,E,T,S,A,K,K,N,C,N,V,D,Q,A,F,Q,T,L,A,N,A,I,Q,Q,A,L,Q,Q,G,D,I,R,L,E,E,D,W,G,G,V,R,L,I,-,K,P,Q,I,P,R,L,P,S,R,K,Q,H,A,G,P,C,Q,C
Myotis_myotis,M,E,G,K,G,C,R,Y,Q,F,R,V,V,V,L,G,D,A,T,V,G,K,T,S,L,L,R,R,F,V,E,G,A,A,G,T,L,E,P,E,P,E,L,E,P,T,V,G,V,E,F,Y,G,R,A,V,Q,L,P,A,G,P,W,V,K,L,Q,L,W,D,T,A,G,Q,E,R,F,R,C,M,T,R,S,F,Y,R,N,V,V,G,V,L,L,V,F,D,V,T,N,R,K,S,F,E,H,I,P,D,W,H,Q,E,V,M,A,T,Q,G,P,D,K,A,V,F,L,L,L,G,H,K,S,D,L,E,S,T,R,C,V,S,A,Q,E,A,E,E,L,A,A,S,L,G,M,A,F,M,E,T,S,A,T,K,N,C,N,V,D,Q,A,F,Q,T,L,A,N,A,I,Q,Q,A,L,Q,Q,G,D,I,K,L,E,E,D,W,G,G,I,R,L,I,-,K,P,Q,I,P,R,L,P,S,R,K,Q,H,A,G,P,C,Q,C
Phyllostomus_discolor,M,E,A,G,G,C,R,Y,Q,F,R,I,L,L,L,G,D,A,A,V,G,K,T,S,L,L,R,R,Y,V,G,G,A,-,-,-,-,-,P,E,A,E,L,Q,P,T,V,G,V,E,F,Y,S,R,L,L,Q,L,G,A,G,R,W,V,K,L,Q,L,W,D,T,A,G,Q,E,R,F,R,C,I,T,R,S,F,Y,R,N,V,V,G,V,L,L,V,F,D,V,T,N,R,K,S,F,E,H,I,P,H,W,H,Q,E,V,V,A,T,Q,G,P,D,K,A,I,F,L,L,V,G,H,K,S,D,L,Q,N,T,R,C,V,S,A,Q,E,A,E,E,L,A,A,S,L,G,M,A,F,M,E,T,S,A,K,N,N,C,N,V,D,L,A,F,D,T,L,A,D,T,I,Q,Q,A,L,Q,Q,G,N,I,K,L,E,E,D,W,G,G,I,R,L,I,K,K,T,Q,T,P,Q,H,P,S,R,Q,Q,Q,A,G,P,C,Q,C
Phyllostomus_hastatus,M,E,A,G,G,C,C,Y,Q,F,R,I,L,L,L,G,D,T,A,V,G,K,T,S,L,L,R,R,Y,V,G,G,A,-,-,-,-,-,P,E,A,E,L,Q,P,T,V,G,V,E,F,Y,S,R,L,L,Q,L,G,A,G,R,W,V,K,L,Q,L,W,D,T,A,G,Q,E,R,F,R,C,I,T,R,S,F,Y,R,N,V,V,G,V,L,L,V,F,D,V,T,N,R,K,S,F,E,H,I,P,H,W,H,Q,E,V,V,A,T,Q,G,P,D,K,A,I,F,L,L,V,G,H,K,S,D,L,Q,N,T,R,C,V,S,A,Q,E,A,E,E,L,A,A,S,L,G,M,A,F,M,E,T,S,A,K,N,N,C,N,V,D,L,A,F,D,T,L,A,D,T,I,Q,Q,A,L,Q,Q,G,N,I,K,L,E,E,D,W,G,G,I,R,L,I,K,K,T,Q,T,P,R,H,P,S,R,Q,Q,Q,A,G,P,C,Q,C
Pipistrellus_kuhlii,-,-,-,-,G,C,R,Y,Q,F,R,V,A,A,L,G,D,A,A,V,G,K,T,A,L,L,R,R,F,V,A,G,A,A,G,S,L,E,P,G,P,E,-,R,P,T,A,G,L,E,C,Y,G,R,A,L,R,L,P,A,G,P,R,V,K,L,Q,L,W,D,T,A,G,Q,E,R,F,R,C,I,T,R,S,F,Y,R,N,L,V,G,V,L,L,V,F,D,V,T,N,R,K,S,F,E,H,I,P,D,W,H,Q,E,V,L,A,T,Q,G,P,H,R,A,I,F,L,L,L,G,H,K,S,D,L,E,S,A,R,C,V,S,A,Q,E,A,E,A,L,A,A,S,L,G,M,A,F,M,E,T,S,A,V,N,N,C,N,V,D,L,A,F,Q,T,L,A,T,A,I,Q,Q,A,L,Q,Q,G,D,I,K,M,E,E,G,W,G,G,V,R,L,I,-,-,-,-,-,P,R,P,P,S,R,K,P,P,A,G,P,C,Q,C
Rhinolophus_ferrumequinum,M,E,A,G,G,C,R,Y,Q,F,R,I,A,L,L,G,D,A,A,V,G,K,T,S,L,L,R,R,Y,V,E,G,A,T,G,T,P,E,P,E,P,E,L,E,P,T,V,G,V,E,F,Y,S,R,A,L,Q,L,P,A,G,P,R,V,K,L,Q,L,W,D,T,A,G,Q,E,R,F,R,C,I,T,R,S,F,Y,R,N,V,V,G,V,L,L,V,F,D,V,T,N,R,R,S,F,E,H,I,R,D,W,H,Q,E,V,T,A,T,Q,G,P,I,K,A,I,F,L,L,V,G,H,K,S,D,L,Q,S,T,R,C,V,S,A,Q,E,A,E,E,L,A,A,S,L,G,M,A,F,M,E,T,S,A,K,N,N,C,S,V,D,L,A,F,N,T,L,A,D,A,I,Q,Q,A,L,Q,Q,G,D,I,K,L,E,E,D,W,G,G,I,R,L,I,N,K,T,Q,S,P,K,P,P,R,R,K,Q,H,A,G,S,C,Q,C
Sorex_araneus,-,-,-,-,-,-,-,-,-,-,-,-,-,-,-,-,-,-,-,-,-,-,-,-,-,-,-,-,-,-,-,-,-,-,-,-,-,-,-,-,-,-,-,-,-,-,-,-,-,-,-,-,-,-,-,-,-,-,-,-,-,-,-,-,-,-,-,-,-,-,-,-,-,-,-,-,-,-,-,-,-,-,-,-,-,-,-,-,-,-,-,-,-,-,-,-,-,-,-,-,-,-,-,-,-,-,-,-,-,-,-,-,-,-,-,-,-,-,-,-,-,-,-,-,-,-,-,-,-,-,-,-,-,-,-,-,-,-,-,-,-,-,-,-,-,-,-,-,-,-,-,-,-,-,-,-,-,-,-,-,-,-,-,-,-,-,-,-,-,-,-,-,-,-,-,-,-,-,-,-,-,-,-,-,-,-,-,-,-,-,-,-,-,-,-,-,-,-,-,-,-,-,-,-,-,-,-,-,-,-,-,-,-,-,-,-,-,-
Sturnira_hondurensis,M,E,A,G,G,C,H,Y,Q,F,R,I,L,L,L,G,D,A,A,V,G,K,T,S,L,L,R,R,Y,V,G,G,A,L,G,T,A,A,S,A,A,E,L,Q,P,T,V,G,V,E,F,Y,S,R,P,L,Q,L,G,A,G,P,W,V,K,L,Q,L,W,D,T,A,G,Q,E,R,F,R,C,I,T,R,S,F,Y,R,N,V,V,G,V,L,L,V,F,D,V,T,N,R,K,S,F,E,H,I,P,H,W,H,Q,E,V,V,A,T,Q,G,M,D,K,A,I,F,L,L,V,G,H,K,S,D,L,Q,N,A,R,C,V,S,A,Q,E,A,E,E,L,A,A,S,L,G,M,A,F,M,E,T,S,A,K,N,N,C,N,V,D,L,A,F,D,T,L,A,F,A,I,Q,Q,A,L,Q,Q,G,N,I,K,L,E,E,D,W,G,G,I,R,L,I,H,K,T,Q,T,P,R,H,P,S,R,Q,Q,H,A,G,P,C,Q,C
Pteropus_alecto,-,-,-,-,-,-,-,-,-,-,-,-,-,-,-,-,-,-,-,-,-,-,-,-,-,-,-,-,-,-,-,-,-,-,-,-,-,-,-,-,-,-,-,-,-,-,-,-,-,-,-,-,-,-,-,-,-,-,-,-,-,-,-,-,-,-,-,-,-,-,-,-,-,-,-,-,-,-,-,-,-,-,-,-,-,-,-,-,-,-,-,-,-,-,-,-,-,-,-,-,-,-,-,-,-,-,-,-,-,-,-,-,-,-,-,-,-,-,-,-,-,-,-,-,-,-,-,-,-,-,-,-,-,-,-,-,-,-,-,-,-,-,-,-,-,-,-,-,-,-,-,-,-,-,-,-,-,-,-,-,-,-,-,-,-,-,-,-,-,-,-,-,-,-,-,-,-,-,-,-,-,-,-,-,-,-,-,-,-,-,-,-,-,-,-,-,-,-,-,-,-,-,-,-,-,-,-,-,-,-,-,-,-,-,-,-,-,-
Pteropus_giganteus,M,E,A,G,D,C,R,Y,Q,F,R,I,A,L,L,G,D,A,A,V,G,K,T,S,L,L,R,R,Y,V,E,G,G,P,G,T,P,E,P,E,P,E,P,E,P,T,V,G,V,E,F,Y,S,R,A,L,Q,L,R,A,G,P,R,V,K,L,Q,L,W,D,T,A,G,Q,E,R,F,R,C,I,T,R,S,F,Y,R,N,V,V,G,V,L,L,V,F,D,M,T,N,R,K,S,F,E,H,I,R,D,W,H,Q,E,V,M,A,T,Q,G,P,D,K,A,I,F,L,L,V,G,H,K,S,D,L,Q,S,T,R,C,V,S,A,E,E,A,E,E,L,A,A,S,L,G,M,A,F,M,E,T,S,A,K,D,N,C,N,V,D,L,A,F,D,T,L,A,G,T,I,Q,Q,A,L,Q,Q,G,D,I,K,L,E,E,G,W,G,G,I,R,L,I,D,K,T,Q,I,S,R,P,R,S,R,K,Q,H,A,G,P,C,Q,C
Pteropus_vampyrus,M,E,A,G,D,C,R,Y,Q,F,R,I,A,L,L,G,D,A,A,V,G,K,T,S,L,L,R,R,Y,V,E,G,G,P,G,T,P,E,P,E,P,E,P,E,P,T,V,G,V,E,F,Y,S,R,A,L,Q,L,R,A,G,P,R,V,K,L,Q,L,W,D,T,A,G,Q,E,R,F,R,C,I,T,R,S,F,Y,R,N,V,V,G,V,L,L,V,F,D,M,T,N,R,K,S,F,E,H,I,R,D,W,H,Q,E,V,M,A,T,Q,G,P,D,K,A,I,F,L,L,V,G,H,K,S,D,L,Q,S,T,R,C,V,S,A,E,E,A,E,E,L,A,A,S,L,G,M,A,F,M,E,T,S,A,K,D,N,C,N,V,D,L,A,F,D,T,L,A,G,T,I,Q,Q,A,L,Q,Q,G,D,I,K,L,E,E,G,W,G,G,I,R,L,I,D,K,T,Q,I,S,R,P,R,S,R,K,Q,H,A,G,P,C,Q,C
Rousettus_aegyptiacus,M,E,A,G,D,C,-,Y,Q,F,R,I,A,L,L,G,D,A,A,V,G,K,T,S,L,L,R,R,Y,V,E,G,G,P,G,T,P,E,-,-,P,E,P,E,P,T,V,G,V,E,F,Y,S,R,A,L,Q,L,R,A,G,P,R,V,K,L,Q,L,W,D,T,A,G,Q,E,R,F,R,C,I,T,R,S,F,Y,R,N,M,V,G,V,L,L,V,F,D,M,T,N,R,K,S,F,E,H,I,R,D,W,H,Q,E,V,M,A,T,Q,G,P,D,K,A,I,F,L,L,V,G,H,K,S,D,L,Q,S,T,R,C,V,S,A,Q,E,A,E,E,L,A,A,S,L,G,M,A,F,M,E,T,S,A,K,D,N,C,N,V,D,L,A,F,D,T,L,A,G,T,I,Q,Q,A,L,Q,Q,G,D,I,K,L,E,D,G,W,G,G,I,R,L,I,H,K,T,Q,I,S,R,P,P,S,R,K,Q,H,A,G,P,C,Q,C
Ailuropoda_melanoleuca,M,S,A,G,G,C,S,Y,Q,F,R,I,A,L,L,G,D,A,A,V,G,K,T,S,L,L,R,R,Y,V,A,G,E,P,G,A,P,E,P,E,P,E,P,E,P,T,V,G,V,E,F,Y,S,R,K,L,Q,L,R,A,G,P,C,V,K,L,Q,L,W,D,T,A,G,H,E,R,F,R,C,I,T,R,S,F,Y,R,N,V,V,G,V,L,L,V,F,D,V,T,N,R,K,S,F,E,H,I,C,D,W,H,Q,E,V,M,A,T,Q,G,P,H,K,V,I,F,L,L,V,G,H,K,S,D,L,Q,S,T,R,C,V,S,A,Q,E,A,E,A,L,A,A,S,L,G,M,A,F,I,E,T,S,A,K,N,N,C,N,V,D,L,A,F,D,T,L,A,D,A,I,Q,Q,A,L,E,Q,G,D,I,Q,L,Q,E,D,W,G,G,I,R,L,I,H,K,T,Q,V,P,S,G,P,P,R,K,Q,P,P,G,P,C,Q,C
Antechinus_flavipes,-,-,-,-,-,-,Q,L,Q,F,R,V,L,L,L,G,D,A,D,V,G,K,S,S,L,L,R,R,Y,V,E,G,-,-,-,-,-,-,-,-,-,-,-,-,-,T,V,G,V,E,F,Y,C,R,I,L,E,L,A,S,G,S,R,V,K,L,Q,F,W,D,T,A,G,D,E,R,F,R,S,I,T,R,S,F,Y,R,N,M,V,G,V,L,L,V,F,D,V,T,N,R,K,S,F,D,H,I,K,D,W,Y,Q,E,V,A,S,M,Q,G,L,D,K,V,V,F,L,L,V,G,H,K,S,D,L,Q,Q,A,R,Q,V,S,T,Q,E,G,E,T,L,A,S,V,L,G,M,S,F,L,E,T,S,A,K,T,N,S,N,V,T,L,A,F,E,T,L,A,C,G,I,Q,Q,A,L,Q,N,G,E,I,K,-,-,-,-,-,-,-,-,-,-,-,-,-,-,-,-,-,-,-,-,-,-,-,-,-,-,-,-,-,-,-
Aotus_nancymaae,M,E,A,E,G,C,R,Y,Q,F,R,V,A,L,L,G,D,A,A,V,G,K,T,S,L,L,R,S,Y,V,A,G,A,P,G,A,R,-,-,E,P,E,P,E,P,T,V,G,A,E,C,Y,R,R,E,L,Q,L,R,A,G,P,R,V,K,L,Q,L,W,D,T,A,G,Q,E,R,F,R,C,L,T,R,S,F,Y,R,N,V,V,G,V,L,L,V,F,D,V,T,N,R,K,S,F,E,H,I,Q,D,W,H,E,E,V,M,A,T,Q,G,P,D,K,V,I,F,L,L,V,G,H,K,S,D,L,Q,S,T,R,C,V,S,A,Q,E,A,K,E,L,A,A,S,L,G,M,A,F,V,E,T,S,A,K,N,N,C,N,V,D,L,A,F,D,T,L,A,D,A,I,Q,Q,A,L,Q,Q,G,D,I,K,L,E,E,G,W,G,G,V,R,L,I,H,K,T,Q,I,P,R,S,P,S,R,K,Q,H,P,G,P,C,Q,C
Apodemus_sylvaticus,M,E,A,A,D,C,S,Y,Q,F,R,I,A,L,L,G,D,A,A,V,G,K,T,S,L,L,R,C,Y,V,A,G,A,R,G,A,A,-,-,-,-,E,P,D,P,T,V,G,V,E,F,Y,S,R,A,L,Q,L,P,A,G,L,R,V,K,L,Q,L,W,D,T,A,G,Q,E,R,F,R,C,I,T,R,S,F,Y,R,N,M,V,G,V,L,L,V,F,D,V,T,N,R,E,S,F,E,H,I,Q,A,W,H,Q,E,V,V,S,T,Q,G,P,D,K,V,V,F,L,L,V,G,H,K,C,D,L,-,S,T,R,C,V,S,T,Q,E,A,E,E,L,A,A,S,L,G,M,A,F,M,E,T,S,A,K,S,N,C,N,V,D,L,A,F,D,T,V,T,S,A,I,D,Q,A,L,Q,Q,G,D,I,K,L,E,G,D,R,A,G,V,R,L,L,H,R,S,P,N,P,R,S,P,S,R,K,Q,D,P,G,P,C,Q,C
Arvicola_amphibius,M,E,A,A,G,C,S,Y,Q,F,R,I,A,L,L,G,D,A,A,V,G,K,T,S,L,L,R,R,Y,V,A,G,A,R,G,A,V,-,-,-,-,E,P,E,P,T,V,G,V,E,F,Y,S,R,A,L,Q,L,P,A,G,L,R,V,K,L,Q,L,W,D,T,A,G,H,E,R,F,R,S,I,T,R,S,F,Y,R,N,M,V,G,V,L,L,V,F,D,V,T,N,R,E,S,F,E,H,I,Q,A,W,H,Q,E,V,L,S,S,Q,G,P,D,K,V,I,F,L,L,I,G,H,K,C,D,L,-,S,T,R,S,V,S,T,Q,E,A,E,E,L,A,A,S,L,G,M,A,F,M,E,T,S,A,K,S,N,C,N,V,D,L,A,F,D,T,V,A,R,A,I,E,Q,A,L,Q,Q,G,D,I,K,L,E,D,N,W,A,G,V,R,L,L,H,R,A,P,N,R,R,S,P,S,R,K,Q,D,S,G,P,C,Q,C
Callorhinus_ursinus,M,A,V,G,G,C,R,Y,Q,F,R,I,A,L,L,G,D,A,A,V,G,K,T,S,L,L,R,R,Y,V,A,G,A,P,G,A,A,E,P,E,P,E,S,E,P,T,V,G,V,E,F,Y,S,R,K,L,Q,L,R,A,G,P,R,V,K,L,Q,L,W,D,T,A,G,H,E,R,F,R,C,I,T,R,S,F,Y,R,N,M,V,G,V,L,L,V,F,D,V,T,N,R,K,S,F,E,H,I,C,D,W,H,Q,E,V,V,A,T,Q,G,L,D,K,V,I,F,L,L,V,G,H,K,S,D,L,Q,S,T,R,C,V,S,A,Q,E,A,E,E,L,A,A,S,L,G,M,A,F,M,E,T,S,A,K,N,N,C,N,V,D,L,A,F,S,T,L,A,D,A,I,Q,Q,A,L,D,Q,G,D,I,K,L,E,E,D,W,G,G,V,R,L,I,H,K,T,Q,V,P,S,A,P,P,R,K,Q,P,P,G,P,C,Q,C
Canis_lupus_dingo,M,A,A,G,G,C,R,Y,Q,F,R,I,A,L,L,G,D,A,A,V,G,K,T,S,L,L,R,R,Y,V,A,G,A,P,G,T,P,E,P,E,P,E,P,E,P,T,V,G,V,E,F,Y,S,R,M,L,Q,L,R,A,G,P,R,V,K,L,Q,L,W,D,T,A,G,H,E,R,F,R,C,I,T,R,S,F,Y,R,N,V,V,G,V,L,L,V,F,D,V,T,N,R,K,S,F,E,H,I,C,D,W,H,Q,E,V,I,A,T,Q,G,P,D,K,V,I,F,L,L,I,G,H,K,S,D,L,R,S,T,R,C,V,S,A,Q,E,A,E,E,L,A,A,S,L,G,M,A,F,M,E,T,S,A,K,N,N,C,N,V,D,L,A,F,N,T,I,A,D,S,I,Q,Q,A,L,E,Q,G,D,I,K,M,E,E,D,W,G,G,V,R,L,I,H,K,T,Q,V,P,R,A,P,P,R,Q,Q,P,P,G,P,C,Q,C
Carlito_syrichta,-,-,-,-,-,-,-,-,-,-,-,-,-,-,-,-,-,-,-,-,-,-,-,-,-,-,-,-,-,-,-,-,-,-,-,-,-,-,-,-,-,-,-,-,-,-,-,-,-,-,-,-,-,-,-,-,-,-,-,-,-,-,-,-,-,-,-,-,-,-,-,-,-,-,-,-,-,-,-,-,-,-,-,-,-,-,-,-,-,-,-,-,-,-,-,-,-,-,-,-,-,-,-,-,-,-,-,-,-,-,-,-,-,M,A,S,Q,G,P,C,K,A,I,F,L,L,V,G,H,K,S,D,L,Q,S,T,R,C,V,S,A,Q,E,A,E,E,L,A,A,S,L,G,M,A,F,V,E,T,S,A,K,T,N,C,N,V,D,L,A,F,D,T,L,A,N,A,I,Q,Q,A,L,Q,Q,G,D,I,K,L,E,E,D,W,G,G,V,R,L,I,H,R,A,R,A,P,R,S,P,S,G,R,Q,H,P,G,P,C,Q,C
Castor_canadensis,M,D,A,G,R,C,R,Y,Q,F,R,I,A,L,L,G,D,A,A,V,G,K,T,S,L,L,R,C,Y,-,-,-,-,-,-,-,-,-,-,-,-,-,-,-,P,T,A,G,V,E,F,Y,S,R,A,L,Q,L,P,A,G,P,R,V,K,L,Q,L,C,D,T,A,G,H,E,R,F,R,C,I,T,R,S,F,Y,R,N,V,V,G,V,L,L,V,F,D,V,T,N,R,E,S,F,E,H,I,Q,D,W,H,E,E,V,M,S,T,Q,G,P,N,K,V,I,F,L,L,V,G,H,K,S,D,L,Q,S,T,R,C,V,S,T,Q,E,A,E,E,L,A,T,S,L,G,M,A,F,M,E,T,S,A,K,T,N,W,N,V,D,L,A,F,D,T,L,T,D,A,I,Q,Q,A,L,Q,Q,G,H,I,K,L,E,E,G,W,G,G,V,R,L,I,H,K,A,H,V,P,Q,V,P,S,G,R,Q,H,P,G,P,C,Q,C
Cavia_porcellus,M,E,A,G,S,S,C,Y,Q,F,R,V,L,L,L,G,D,A,G,V,G,K,T,A,L,L,R,R,Y,V,A,G,A,P,G,A,A,E,P,E,P,E,-,E,P,T,V,G,V,E,F,Y,S,R,A,R,Q,L,P,A,G,P,R,V,K,L,Q,L,W,D,T,A,G,Q,E,R,F,R,C,I,T,R,S,F,Y,R,N,V,A,G,V,L,L,V,Y,D,V,T,N,R,K,S,F,E,H,I,Q,D,W,H,A,E,V,L,A,T,Q,G,P,-,K,V,I,F,L,L,V,G,H,K,S,D,L,Q,S,S,R,C,V,S,S,Q,E,A,E,E,L,A,T,S,L,G,S,A,F,I,E,T,S,A,R,N,N,C,N,V,E,M,A,F,D,T,L,T,D,A,I,L,Q,A,L,Q,Q,G,D,M,E,L,G,E,D,W,G,G,V,R,L,I,H,K,A,Q,V,P,S,S,P,S,R,K,Q,H,A,G,L,C,Q,C
Cervus_elaphus_hippelaphus,-,-,-,-,-,-,-,-,-,-,-,-,-,-,-,-,-,-,-,-,-,-,-,-,-,-,-,-,-,-,-,-,-,-,-,-,-,-,-,-,-,-,-,-,-,-,-,-,-,-,-,-,-,-,-,-,-,-,-,-,-,-,-,-,-,-,-,-,-,-,-,-,-,-,-,-,-,-,-,-,-,-,-,-,-,-,-,-,-,-,-,-,-,-,-,-,-,-,-,-,-,-,-,-,-,-,-,-,-,-,-,-,-,-,-,-,-,-,-,-,-,-,-,-,-,-,-,-,-,-,-,-,-,-,-,-,-,-,-,-,-,-,-,-,-,-,-,-,-,-,-,-,-,-,-,-,-,-,-,-,-,-,-,-,-,-,-,-,-,-,-,-,-,-,-,-,-,-,-,-,-,-,-,-,-,-,-,-,-,-,-,-,-,-,-,-,-,-,-,-,-,-,-,-,-,-,-,-,-,-,-,-,-,-,-,-,-,-
Chinchilla_lanigera,M,E,A,R,S,R,C,Y,Q,F,R,V,L,L,L,G,D,A,G,V,G,K,T,A,L,L,R,R,Y,V,A,G,T,P,G,A,A,G,P,A,A,E,A,E,P,T,V,G,V,E,F,Y,S,R,A,R,Q,L,P,A,G,P,R,V,K,L,Q,L,W,D,T,A,G,Q,E,R,F,R,C,I,T,R,S,F,Y,R,N,V,A,G,V,L,L,V,Y,D,V,T,N,R,R,S,F,E,H,I,Q,D,W,H,A,E,V,L,A,T,Q,G,P,-,R,V,I,F,L,L,V,G,H,K,S,D,L,Q,S,S,R,C,V,S,L,E,E,A,E,A,L,A,A,S,L,G,S,A,F,I,E,T,S,A,R,N,D,C,N,V,E,L,A,F,D,T,L,T,D,A,I,L,Q,A,L,Q,R,G,D,I,A,L,E,E,D,W,G,G,V,R,L,I,H,K,A,Q,V,P,R,-,-,-,-,-,-,-,-,-,-,-,-,-
Choloepus_didactylus,M,E,V,G,D,C,R,Y,Q,F,R,V,A,L,L,G,D,T,A,V,G,K,T,S,L,L,R,S,Y,V,A,G,A,P,G,T,L,G,P,E,P,G,L,E,P,T,V,G,V,E,F,Y,S,R,A,L,Q,L,R,A,G,P,R,V,K,L,Q,L,W,D,T,A,G,Q,E,R,F,R,C,I,T,R,S,F,Y,R,N,M,V,G,V,L,L,V,F,D,V,T,N,R,K,S,F,E,H,I,R,D,W,H,Q,E,V,M,A,T,Q,G,P,D,K,A,I,F,L,L,V,G,H,K,S,D,L,Q,S,T,R,C,V,S,A,Q,E,A,E,E,L,A,A,S,L,G,M,A,F,V,E,T,S,A,Q,N,N,S,N,V,D,L,A,F,D,T,L,A,N,A,I,R,Q,A,L,Q,Q,G,D,I,K,L,E,E,D,W,G,G,V,R,P,I,H,K,S,Q,S,P,G,P,P,S,R,R,Q,H,P,G,P,C,Q,C
Cricetulus_griseus,M,E,A,A,G,C,S,Y,Q,F,R,I,A,L,L,G,D,A,A,V,G,K,T,S,L,L,Q,R,Y,V,A,G,S,R,G,P,V,-,-,-,-,E,P,E,P,T,V,G,V,E,F,Y,S,R,E,L,L,L,P,P,G,L,R,I,K,L,Q,L,W,D,T,A,G,H,E,R,F,R,C,I,T,R,S,F,Y,R,N,L,V,G,V,L,L,V,F,D,V,T,N,R,E,S,F,E,H,I,Q,A,W,H,Q,E,V,V,S,S,Q,G,P,D,K,V,I,F,L,L,I,G,H,K,C,D,L,-,S,T,R,C,V,S,T,Q,E,A,E,E,L,A,A,S,L,G,M,A,F,M,E,T,S,A,K,S,N,C,N,V,D,L,A,F,D,T,V,T,S,A,I,E,Q,A,L,Q,Q,G,D,I,K,L,E,E,N,W,A,G,V,R,L,L,H,R,A,P,C,P,R,S,P,S,R,K,Q,D,S,G,P,C,Q,C
Dasypus_novemcinctus,M,E,A,G,D,C,R,Y,Q,F,R,V,A,L,L,G,D,A,A,V,G,K,T,A,L,L,R,R,Y,V,A,G,A,P,G,A,P,G,P,E,A,E,P,E,P,T,V,G,V,E,F,Y,S,R,A,L,Q,L,P,A,G,P,R,V,K,L,Q,L,W,D,T,A,G,Q,E,R,F,R,C,I,T,R,S,F,Y,R,N,M,V,G,V,L,L,V,F,D,V,T,N,R,K,S,F,E,H,I,R,D,W,H,Q,E,V,M,A,T,Q,G,P,N,K,A,V,F,L,L,V,G,H,K,S,D,L,Q,S,T,R,H,V,S,A,Q,E,A,E,E,L,A,A,S,L,G,M,A,F,V,E,T,S,A,Q,N,N,S,N,V,D,L,A,F,N,T,L,A,D,A,I,R,Q,A,L,Q,Q,G,D,I,K,L,E,E,D,W,G,G,V,R,L,I,Y,K,S,Q,S,P,G,P,P,S,R,K,Q,H,P,G,P,C,Q,C
Dipodomys_ordii,-,-,-,-,-,-,-,Y,Q,F,R,I,A,L,L,G,D,A,A,V,G,K,T,S,L,L,R,R,Y,V,R,-,-,-,-,P,P,E,P,Q,A,A,A,E,P,T,V,G,V,E,F,Y,S,R,V,L,Q,L,P,A,G,P,R,I,K,L,Q,L,W,D,T,A,G,H,E,R,F,R,C,I,T,R,S,F,Y,R,S,L,V,G,V,L,L,V,F,D,V,T,N,R,E,S,F,E,H,I,Q,Y,W,H,Q,E,V,L,S,T,Q,G,P,D,K,A,I,F,L,L,I,G,H,K,S,D,L,Q,S,T,R,C,V,S,T,Q,E,A,E,D,L,A,A,S,L,G,M,T,F,L,E,T,S,A,T,N,N,C,N,V,E,L,A,F,D,V,L,T,T,A,I,Q,Q,A,L,Q,Q,G,H,I,R,L,E,E,N,W,G,G,V,R,L,I,H,N,A,P,V,P,R,P,P,S,R,K,Q,H,P,A,P,C,Q,C
Dipodomys_spectabilis,-,-,-,-,-,-,-,Y,Q,F,R,I,A,L,L,G,D,A,A,V,G,K,T,S,L,L,R,R,Y,V,R,-,-,-,-,P,P,E,P,Q,A,A,A,E,P,T,V,G,V,E,F,Y,S,R,V,L,Q,L,P,A,G,P,R,I,K,L,Q,L,W,D,T,A,G,H,E,R,F,R,C,I,T,R,S,F,Y,R,S,L,V,G,V,L,L,V,F,D,V,T,N,R,E,S,F,E,H,I,Q,Y,W,H,Q,E,V,L,S,T,Q,G,P,D,K,A,I,F,L,L,I,G,H,K,S,D,L,Q,S,T,R,C,V,S,T,Q,E,A,E,D,L,A,A,S,L,G,M,T,F,L,E,T,S,A,T,N,N,C,N,V,E,L,A,F,D,V,L,T,A,A,I,Q,Q,A,L,Q,Q,G,H,I,R,L,E,E,N,W,G,G,V,R,L,I,H,N,A,P,V,P,R,P,P,S,S,K,Q,H,P,A,P,C,Q,C
Dromiciops_gliroides,-,-,-,-,-,-,-,-,Q,F,R,V,L,L,L,G,D,S,N,V,G,K,S,S,L,L,R,R,Y,V,E,G,D,F,W,T,D,S,H,-,-,-,-,-,S,T,V,G,V,E,F,Y,S,R,V,L,E,M,T,S,G,P,S,V,K,L,Q,F,W,D,T,A,G,D,E,R,Y,R,S,I,T,R,S,F,Y,R,N,M,V,G,V,L,L,V,F,D,V,T,N,R,K,S,F,D,H,V,A,D,W,Y,Q,E,V,A,S,V,Q,G,L,N,K,V,V,F,L,L,V,G,H,K,S,D,L,Q,Q,A,R,Q,V,S,T,Q,E,A,E,N,L,A,A,V,M,G,M,S,F,L,E,T,S,A,K,T,N,S,N,V,T,L,A,F,E,T,L,A,Q,N,I,Q,Q,G,I,Q,N,G,E,I,K,-,-,-,-,-,-,-,-,-,-,-,-,-,-,-,-,-,-,-,-,-,-,-,-,-,-,-,-,-,-,-
Elephantulus_edwardii,-,-,-,-,-,-,-,-,-,-,-,-,-,-,-,-,-,-,-,-,-,-,-,-,-,-,-,-,-,-,-,-,-,-,-,-,-,-,-,-,-,-,-,-,-,-,-,-,-,-,-,-,-,-,-,-,-,-,-,-,-,-,-,-,-,-,-,-,-,-,-,-,-,-,-,-,-,-,-,-,-,-,-,-,-,-,-,-,-,-,-,-,-,-,-,-,-,-,-,-,-,-,-,-,-,-,-,-,-,-,-,-,-,M,A,S,Q,G,P,D,K,A,V,F,L,L,V,G,H,K,S,D,L,Q,S,A,R,C,V,S,A,Q,E,A,E,E,L,A,A,S,L,G,M,A,F,V,E,T,S,A,R,N,N,S,N,V,D,L,A,F,D,I,L,A,D,A,I,Q,Q,A,L,Q,Q,G,D,I,K,L,E,E,D,W,G,G,I,R,L,I,Y,K,T,Q,S,P,G,P,P,S,R,K,Q,H,P,G,P,C,Q,C
Equus_caballus,M,E,A,G,G,C,L,Y,Q,F,R,I,A,L,L,G,D,A,A,V,G,K,T,S,L,L,R,R,Y,V,A,G,A,P,G,A,P,Q,P,E,P,E,P,E,P,T,V,G,V,E,F,Y,S,R,A,L,Q,L,P,A,G,P,R,V,K,L,Q,L,W,D,T,A,G,H,E,R,Y,R,C,I,T,R,S,F,Y,R,N,V,V,G,V,L,L,V,F,D,V,T,N,R,K,S,F,E,H,I,P,D,W,H,Q,E,V,M,A,T,R,G,P,D,K,A,I,F,L,L,V,G,H,K,S,D,L,Q,S,T,R,C,V,S,A,Q,E,A,E,E,L,A,T,S,L,G,M,A,F,L,E,T,S,A,K,N,N,C,N,V,D,L,A,F,D,T,L,A,D,A,I,Q,Q,A,L,Q,Q,G,D,I,K,L,E,E,D,W,G,G,V,R,L,I,H,K,T,Q,I,A,R,S,T,S,R,K,Q,H,P,G,P,C,H,C
Erinaceus_europaeus,M,E,A,A,G,C,R,Y,Q,L,R,I,A,L,L,G,D,A,A,V,G,K,T,S,L,L,R,R,Y,V,A,G,A,P,G,T,P,A,P,E,P,-,-,-,P,T,V,G,V,E,F,Y,S,R,A,M,Q,L,R,A,G,L,R,V,K,L,Q,L,W,D,T,A,G,H,E,R,F,R,C,I,T,R,S,F,Y,R,N,M,V,G,V,L,L,V,F,D,V,T,N,R,K,S,F,E,H,I,Q,D,W,H,Q,E,V,I,A,T,Q,G,P,N,K,V,I,F,L,L,V,G,H,K,S,D,L,Q,S,T,R,C,I,S,V,Q,E,A,E,E,L,A,A,S,L,G,I,A,F,L,E,T,S,A,K,N,N,Y,N,V,D,L,V,F,N,T,L,T,D,A,I,Q,Q,A,L,Q,Q,G,D,I,K,L,E,E,D,W,G,G,V,R,I,I,-,-,-,Q,I,P,K,A,P,C,R,K,Q,Q,S,G,S,C,Q,C
Eumetopias_jubatus,M,A,V,G,G,C,R,Y,Q,F,R,I,A,L,L,G,D,A,A,V,G,K,T,S,L,L,R,R,Y,V,A,G,A,P,G,A,A,E,P,E,P,E,S,E,P,T,V,G,V,E,F,Y,S,R,K,L,Q,L,R,A,G,P,R,V,K,L,Q,L,W,D,T,A,G,H,E,R,F,R,C,I,T,R,S,F,Y,R,N,V,V,G,V,L,L,V,F,D,V,T,N,R,K,S,F,E,H,I,C,N,W,H,Q,E,V,V,A,T,Q,G,P,D,K,V,I,F,L,L,V,G,H,K,S,D,L,Q,S,T,R,C,V,S,A,Q,E,A,E,E,L,A,A,S,L,G,M,A,F,M,E,T,S,A,K,N,N,C,N,V,D,L,A,F,S,T,L,A,D,A,I,Q,Q,A,L,D,Q,G,D,I,K,L,E,E,D,W,G,G,V,R,L,I,H,K,T,Q,V,P,S,A,P,P,R,K,Q,P,P,G,P,C,Q,C
Felis_catus,M,E,A,P,D,C,H,Y,Q,F,R,I,A,L,L,G,D,A,A,V,G,K,T,S,L,L,R,R,Y,V,A,G,A,P,G,A,P,E,P,E,P,E,P,E,P,T,V,G,V,E,F,Y,S,R,K,L,Q,L,P,A,G,P,R,V,K,L,Q,L,W,D,T,A,G,H,E,R,Y,R,C,I,T,R,S,F,Y,R,N,V,V,G,V,L,L,V,F,D,V,T,N,R,K,S,F,E,H,I,C,D,W,H,Q,E,A,M,A,T,Q,G,S,N,K,V,I,F,L,L,V,G,H,K,S,D,L,Q,S,T,R,V,V,S,A,Q,E,A,E,E,L,A,A,S,L,G,M,A,F,M,E,T,S,A,K,K,N,C,N,V,D,L,A,F,N,T,L,A,D,A,I,Q,Q,A,L,E,Q,G,D,I,K,L,E,E,D,W,G,G,V,R,L,I,H,K,A,Q,V,P,R,S,P,H,R,K,Q,P,P,G,P,C,Q,C
Fukomys_damarensis,-,-,-,-,-,-,-,-,-,-,-,-,-,-,-,-,-,-,-,-,-,-,-,-,-,-,-,-,-,-,-,-,-,-,-,-,-,-,-,-,-,-,-,-,-,-,-,-,-,-,-,-,-,-,-,-,-,-,-,-,-,-,-,-,-,-,-,-,-,-,-,-,-,-,-,-,-,-,C,I,T,R,S,F,Y,R,N,V,V,G,V,L,L,V,Y,D,V,T,N,R,K,S,F,E,H,I,Q,D,W,H,Q,E,V,L,S,T,Q,G,P,-,K,V,I,F,L,L,V,G,H,K,S,D,L,Q,S,T,R,C,V,S,T,Q,E,A,E,A,L,A,A,S,L,G,M,D,F,I,E,T,S,A,R,N,N,C,N,V,D,L,V,F,D,T,L,T,D,A,I,L,Q,A,L,Q,Q,G,D,I,K,L,E,E,D,C,G,G,V,R,L,I,R,R,A,Q,V,P,Q,S,P,S,R,K,Q,H,P,G,P,C,Q,C
Galeopterus_variegatus,M,E,A,G,S,C,R,Y,Q,F,R,I,A,L,L,G,D,A,A,V,G,K,T,S,L,L,R,R,Y,M,A,G,V,A,-,-,-,E,P,E,P,-,-,-,P,T,V,G,V,E,F,Y,R,R,E,L,Q,L,R,A,G,P,R,V,K,L,Q,L,W,D,T,A,G,H,E,R,F,R,C,I,T,R,S,F,Y,R,N,V,V,G,V,M,L,V,F,D,V,T,N,R,K,S,F,E,H,I,R,D,W,H,Q,E,V,M,A,N,Q,G,P,N,K,A,I,F,L,L,V,G,H,K,S,D,L,W,S,T,R,C,V,S,A,Q,E,A,E,E,L,A,A,S,L,G,I,A,F,M,E,A,S,A,K,N,N,C,N,V,D,L,T,F,D,T,L,A,H,A,I,Q,Q,A,L,Q,Q,G,D,I,K,L,E,E,D,W,G,G,V,R,L,I,H,K,T,Q,I,P,R,A,P,S,R,K,Q,H,P,G,P,C,Q,C
Gracilinanus_agilis,-,-,-,-,-,-,-,-,Q,F,R,I,L,L,L,G,D,A,D,V,G,K,T,S,L,L,R,R,Y,I,E,G,D,F,G,A,D,A,P,-,-,-,-,-,S,T,V,G,V,E,F,Y,S,R,M,L,K,L,A,S,G,P,R,V,K,L,Q,F,W,D,T,A,G,D,E,R,Y,R,C,I,T,R,S,F,Y,R,N,T,V,G,V,L,L,V,F,D,V,T,N,R,K,S,F,K,H,V,E,D,W,Y,Q,E,V,A,S,V,Q,G,P,D,K,V,V,F,L,L,V,G,H,K,C,D,L,Q,Q,A,R,Q,V,S,S,Q,E,A,E,T,L,A,A,V,W,G,M,S,F,L,E,T,S,A,K,T,D,C,N,V,T,L,A,F,E,T,L,V,H,E,I,Q,Q,A,L,Q,K,G,E,I,K,V,D,G,S,W,G,G,I,R,V,L,R,R,A,Q,P,P,L,N,Q,R,R,N,K,P,S,G,Q,C,Q,C
Grammomys_surdaster,M,E,V,A,G,C,S,Y,Q,F,R,I,A,L,L,G,D,A,A,V,G,K,T,S,L,L,R,C,Y,V,A,G,A,W,G,A,A,-,-,-,-,E,P,D,P,T,V,G,V,E,F,Y,S,R,K,L,Q,L,P,T,G,L,Q,V,K,L,Q,L,W,D,T,A,G,Q,E,R,F,R,C,I,T,R,S,F,Y,R,N,M,V,G,V,L,L,V,F,D,V,T,N,R,E,S,F,E,H,I,Q,A,W,H,Q,E,V,V,S,T,Q,G,P,D,K,V,V,F,L,L,V,G,H,K,C,D,L,-,S,T,R,C,V,S,T,Q,E,A,Q,E,L,A,A,S,L,G,M,A,F,M,E,T,S,A,K,S,N,R,S,V,N,L,A,F,D,T,V,T,S,A,I,E,Q,A,L,Q,Q,G,D,I,K,L,E,E,D,W,A,G,V,R,L,L,H,R,A,P,N,P,R,S,S,S,R,K,Q,D,S,G,S,C,Q,C
Heterocephalus_glaber,-,-,-,G,G,C,C,Y,Q,F,R,V,L,L,L,G,D,A,G,V,G,K,T,A,L,L,R,R,Y,V,E,G,S,P,G,A,A,E,P,E,A,-,-,K,P,T,V,G,V,E,F,Y,S,R,A,L,Q,L,P,A,G,P,R,V,K,L,Q,L,W,D,T,A,G,Q,E,R,F,R,C,I,T,R,S,F,Y,R,N,V,V,G,V,L,L,V,Y,D,V,T,N,R,K,S,F,E,H,I,Q,D,W,H,Q,E,V,L,S,T,Q,G,P,-,K,V,I,F,L,L,V,G,H,K,S,D,L,Q,S,T,R,C,V,S,N,Q,E,A,E,A,L,A,A,S,L,G,M,A,F,V,E,T,S,A,R,I,N,C,N,V,D,L,A,F,D,T,L,T,D,A,I,L,Q,A,L,Q,Q,G,D,I,K,L,E,E,D,C,G,G,V,R,L,I,Q,R,A,Q,V,P,R,S,P,S,R,K,Q,Y,P,G,P,C,Q,C
Hyaena_hyaena,M,E,A,R,E,C,S,Y,Q,F,R,I,A,L,L,G,D,A,A,V,G,K,T,S,L,L,R,R,Y,V,A,G,A,P,G,A,S,E,P,E,P,E,P,E,P,T,V,G,V,E,F,Y,S,R,K,L,Q,L,R,A,G,P,R,V,K,L,Q,L,W,D,T,A,G,H,E,R,F,R,C,I,T,R,S,F,Y,R,N,V,V,G,V,L,L,V,F,D,V,T,N,R,K,S,F,E,H,I,C,D,W,H,Q,E,V,M,A,T,Q,G,P,D,K,V,I,F,L,L,V,G,H,K,S,D,L,Q,S,T,R,V,V,S,A,Q,E,A,E,E,L,A,A,S,L,G,M,A,F,M,E,T,S,A,K,K,N,C,N,V,D,L,A,F,N,T,L,A,D,T,I,Q,Q,A,L,E,Q,G,D,I,K,L,E,E,D,W,G,G,V,R,L,I,H,K,A,Q,V,P,R,S,P,H,R,K,Q,P,S,R,P,C,P,C
Jaculus_jaculus,M,E,L,G,G,C,C,Y,Q,F,R,I,A,L,L,G,D,S,T,V,G,K,T,S,L,L,R,R,Y,V,S,G,A,P,G,A,A,E,A,E,P,G,L,E,A,T,V,G,V,E,F,Y,S,R,A,L,Q,P,P,A,G,P,R,V,K,L,Q,L,W,D,T,A,G,H,E,R,F,R,C,I,T,R,S,F,Y,R,N,V,V,G,V,M,L,V,F,D,V,T,N,R,A,S,F,E,H,I,R,D,W,H,Q,E,V,V,S,T,Q,G,P,D,K,V,I,F,L,L,V,G,H,K,C,D,L,Q,S,A,R,C,V,S,T,Q,E,A,E,E,L,A,M,S,L,G,M,A,F,M,E,T,S,V,K,S,K,C,N,V,D,Q,A,F,D,T,I,T,S,A,I,Q,Q,A,L,K,Q,G,D,I,K,L,E,E,D,W,G,G,I,R,C,L,Y,R,A,P,N,P,R,S,S,G,R,K,Q,G,P,G,P,C,Q,C
Lemur_catta,M,E,A,G,G,C,R,Y,Q,F,R,I,A,L,L,G,D,A,A,V,G,K,T,S,L,L,R,R,Y,V,A,G,A,P,G,A,P,E,P,E,P,D,P,E,P,T,V,G,V,E,V,Y,R,R,A,L,Q,L,R,A,G,P,R,V,K,L,Q,L,W,D,T,A,G,Q,E,R,F,R,C,I,T,R,S,F,Y,R,N,V,V,G,V,L,L,V,F,D,V,T,N,R,K,S,F,E,H,I,Q,D,W,H,Q,E,V,M,A,T,Q,G,P,D,K,A,I,F,L,L,V,G,H,K,S,D,L,Q,T,T,R,C,V,S,A,Q,E,A,E,E,L,A,A,S,L,G,M,A,F,M,E,T,S,A,K,S,N,S,N,V,D,L,A,F,D,T,L,A,N,A,I,Q,Q,A,L,Q,Q,G,D,I,K,L,E,E,H,W,G,G,V,R,L,I,H,K,T,H,T,S,R,S,P,S,K,K,Q,H,P,G,P,C,Q,C
Leptonychotes_weddellii,M,A,A,G,G,C,R,Y,Q,F,R,I,A,L,L,G,D,A,A,V,G,K,T,S,L,L,R,R,Y,V,A,G,A,P,G,A,P,E,P,E,P,E,S,E,P,T,V,G,V,E,F,Y,S,R,K,L,Q,L,R,A,G,P,C,V,K,L,Q,L,W,D,T,A,G,H,E,R,F,R,C,I,T,R,S,F,Y,R,N,V,L,G,V,L,L,V,F,D,V,T,N,R,K,S,F,E,H,I,C,D,W,H,Q,E,V,M,A,T,Q,G,P,D,K,V,I,F,L,L,V,G,H,K,S,D,L,Q,S,T,R,C,V,S,A,Q,E,A,E,E,L,A,A,S,L,G,M,A,F,M,E,T,S,A,K,N,N,C,N,V,D,L,A,F,S,T,L,A,D,A,I,Q,Q,A,L,D,Q,G,D,I,K,L,E,E,D,W,G,G,V,R,L,I,H,K,T,Q,V,P,S,A,P,P,R,K,Q,P,P,G,P,C,Q,C
Lontra_canadensis,M,E,A,G,G,C,R,Y,Q,F,R,I,A,L,L,G,D,A,A,V,G,K,T,S,L,L,R,R,Y,V,A,G,A,P,G,A,P,D,P,E,H,E,P,E,P,T,V,G,V,E,F,Y,S,R,K,L,Q,L,Q,A,G,P,R,V,K,L,Q,L,W,D,T,A,G,H,E,R,F,R,C,I,T,R,S,F,Y,R,N,V,V,G,V,L,L,V,F,D,V,T,N,R,K,S,F,E,H,I,C,D,W,H,Q,E,V,V,A,T,Q,G,P,D,K,V,I,F,L,L,V,G,H,K,S,D,L,Q,S,T,R,C,V,S,A,Q,E,A,E,E,L,A,A,S,L,G,M,A,F,M,E,T,S,A,K,N,N,Y,N,V,D,L,A,F,S,T,L,A,D,T,I,Q,Q,A,L,E,Q,G,D,I,K,L,E,E,D,W,G,G,V,R,L,I,H,E,T,Q,V,L,S,I,P,P,R,K,Q,P,P,R,P,C,Q,C
Lynx_canadensis,M,E,A,P,D,C,H,Y,Q,F,R,I,A,L,L,G,D,A,A,V,G,K,T,S,L,L,R,R,Y,V,A,G,A,P,G,A,P,E,P,E,P,E,P,E,P,T,V,G,V,E,F,Y,S,R,K,L,Q,L,P,A,G,P,R,V,K,L,Q,L,W,D,T,A,G,H,E,R,Y,R,C,I,T,R,S,F,Y,R,N,V,V,G,V,L,L,V,F,D,V,T,N,R,K,S,F,E,H,I,C,D,W,H,Q,E,A,M,A,T,Q,G,P,N,K,V,I,F,L,L,V,G,H,K,S,D,L,Q,S,T,R,V,V,S,A,Q,E,A,E,E,L,A,A,S,L,G,M,A,F,M,E,T,S,A,K,K,N,C,N,V,D,L,A,F,N,T,L,A,D,A,I,Q,Q,A,L,E,Q,G,D,I,K,L,E,E,D,W,G,G,V,R,L,I,H,K,A,Q,V,P,R,S,P,H,R,K,Q,P,P,G,P,C,Q,C
Manis_javanica,M,E,Q,G,G,C,S,Y,Q,F,R,I,A,L,L,G,D,A,A,V,G,K,T,S,L,L,W,R,Y,V,A,G,A,P,R,T,P,Q,-,-,P,E,P,D,P,T,V,G,V,E,F,Y,S,R,K,L,Q,L,P,A,G,P,P,V,K,L,Q,L,W,D,T,A,G,Q,E,R,F,R,C,I,T,R,S,F,Y,R,N,V,V,G,V,L,L,V,F,D,V,T,N,R,K,S,F,E,H,I,R,D,W,H,Q,E,V,M,A,T,Q,G,H,D,K,V,I,F,L,L,V,G,H,K,S,D,L,Q,S,T,R,C,V,S,A,Q,E,A,A,E,L,A,A,S,L,G,M,A,F,M,E,T,S,A,K,N,N,C,N,V,D,L,A,F,D,T,L,V,D,A,I,Q,Q,A,L,Q,Q,G,D,I,K,L,E,E,D,W,G,G,V,R,L,-,-,-,-,-,-,P,R,S,P,S,R,K,Q,H,P,G,L,C,Q,C
Manis_pentadactyla,M,E,Q,G,G,C,R,Y,Q,F,R,I,A,L,L,G,D,A,A,V,G,K,T,S,L,L,W,R,Y,V,A,G,A,P,R,T,P,Q,P,E,P,E,P,E,P,T,V,G,V,E,L,Y,S,R,K,L,Q,L,P,A,G,P,P,V,K,L,Q,L,W,D,T,A,G,Q,E,R,F,R,C,I,T,R,S,F,Y,R,N,V,V,G,V,L,L,V,L,D,V,T,N,R,K,S,F,E,H,I,R,D,W,H,Q,E,V,M,A,T,Q,G,H,D,K,A,I,F,L,V,V,G,H,K,S,D,L,Q,S,T,R,C,-,S,A,Q,E,A,A,E,L,A,A,S,L,G,V,A,F,M,E,T,S,A,K,N,N,C,N,V,D,L,A,F,D,T,L,V,D,A,I,Q,Q,A,L,Q,Q,G,D,I,K,L,-,E,D,W,G,W,V,Q,L,F,Y,E,T,Q,I,P,R,S,P,S,R,K,Q,H,P,G,L,C,Q,C
Mastomys_coucha,M,E,A,A,G,C,S,Y,Q,F,R,I,A,L,L,G,D,A,A,V,G,K,T,S,L,L,R,C,Y,V,A,G,A,R,G,A,A,-,-,-,-,E,P,D,P,T,V,G,V,E,F,Y,S,R,A,L,R,L,P,S,G,L,R,V,K,L,Q,L,W,D,T,A,G,Q,E,R,F,R,C,I,T,R,S,F,Y,R,N,M,V,G,V,L,L,V,F,D,V,T,N,R,E,S,F,E,H,I,Q,A,W,H,Q,E,V,L,S,T,Q,G,P,D,K,V,V,F,L,L,I,G,H,K,C,D,L,-,S,T,R,C,V,S,T,Q,E,A,E,E,V,A,A,S,L,G,M,A,F,M,E,T,S,A,K,S,N,Y,N,V,D,L,A,F,D,T,V,A,R,A,I,E,Q,A,L,Q,Q,G,D,I,K,L,E,E,D,W,A,G,V,R,L,I,H,R,A,P,N,P,R,S,P,S,R,K,Q,D,S,G,S,C,Q,C
Meles_meles,M,E,A,G,G,C,R,Y,Q,F,R,I,A,L,L,G,D,A,A,V,G,K,T,S,L,L,R,R,Y,V,A,G,A,P,G,A,P,E,P,E,P,E,P,E,P,T,V,G,V,E,F,Y,S,R,K,L,Q,L,R,A,G,P,R,I,K,L,Q,L,W,D,T,A,G,H,E,R,F,R,C,I,T,R,S,F,Y,R,N,V,V,G,V,L,L,V,F,D,V,T,N,R,K,S,F,E,H,I,C,N,W,H,Q,E,V,V,A,T,Q,G,P,D,K,V,I,F,L,L,V,G,H,K,S,D,L,Q,S,T,R,C,V,S,A,Q,E,A,E,D,L,A,A,S,L,G,M,A,F,M,E,T,S,A,K,D,N,Y,N,V,D,L,A,F,S,T,L,A,D,T,I,Q,Q,A,L,E,Q,G,D,I,K,L,E,E,A,W,G,G,V,R,L,I,H,E,T,R,V,P,S,T,S,P,R,K,Q,P,A,G,-,-,-,-
Meriones_unguiculatus,M,E,A,A,G,C,T,Y,Q,F,R,I,A,L,L,G,D,A,A,V,G,K,T,S,L,L,R,R,Y,V,A,G,A,R,R,A,-,-,-,-,-,E,P,E,P,T,V,G,V,D,V,C,S,R,V,L,Q,L,R,A,G,L,R,V,K,L,Q,L,W,D,T,A,G,H,E,R,F,R,C,V,T,R,S,F,Y,R,N,T,V,G,A,L,L,V,F,D,V,A,N,R,E,S,F,E,H,I,H,A,W,Q,Q,E,V,L,S,A,Q,G,P,G,K,V,I,F,L,L,V,G,H,K,C,D,L,-,S,T,R,C,V,S,T,Q,E,A,E,E,L,A,A,S,L,G,M,A,F,L,E,T,S,A,K,S,N,C,N,V,D,L,A,F,D,T,V,T,H,A,I,E,Q,A,L,Q,Q,G,D,I,K,L,E,E,D,W,T,G,V,R,L,L,H,R,A,P,T,P,R,S,P,R,R,K,Q,D,S,G,P,C,Q,C
Mesocricetus_auratus,M,E,V,A,G,C,S,Y,Q,F,R,I,A,L,L,G,D,A,A,V,G,K,T,S,L,L,Q,R,Y,V,A,G,S,R,G,A,V,-,-,-,-,E,P,E,P,T,V,G,V,E,F,Y,S,R,E,L,L,L,P,A,G,L,R,I,K,L,Q,L,W,D,T,A,G,H,E,R,F,R,C,I,T,R,S,F,Y,R,N,M,V,G,V,L,L,V,F,D,V,T,N,R,E,S,F,E,H,I,Q,A,W,H,Q,E,V,I,S,C,Q,G,P,D,K,V,I,F,L,L,I,G,H,K,C,D,L,-,S,T,R,C,V,S,T,Q,E,A,E,E,L,A,A,S,L,G,M,A,F,M,E,T,S,A,K,S,N,C,N,V,D,L,A,F,D,T,V,T,S,A,I,Q,Q,A,L,Q,Q,G,D,I,K,L,E,E,N,W,A,G,V,R,L,L,H,R,A,P,N,P,R,S,P,S,R,K,Q,D,S,G,P,C,Q,C
Microcebus_murinus,M,E,A,G,G,C,R,Y,Q,F,R,I,A,L,L,G,D,A,A,V,G,K,T,S,L,L,R,R,Y,A,A,G,A,P,G,P,A,E,P,E,P,E,P,E,P,T,V,G,V,E,F,Y,R,R,A,L,Q,L,R,A,G,P,R,V,K,L,Q,L,W,D,T,A,G,Q,E,R,F,R,C,I,T,R,S,F,Y,R,N,V,V,G,V,L,L,V,F,D,V,T,N,R,K,S,F,E,H,I,Q,D,W,H,Q,E,V,M,A,T,Q,G,P,D,K,A,I,F,L,L,V,G,H,K,S,D,L,Q,S,T,R,C,V,S,A,Q,E,A,K,E,L,A,A,S,L,G,M,A,F,I,E,T,S,A,K,S,N,S,N,V,D,L,A,F,D,T,L,A,N,A,I,Q,Q,A,L,Q,Q,G,D,I,K,L,E,E,H,W,G,G,V,R,F,I,H,K,T,H,I,S,R,S,P,S,R,K,Q,H,P,G,P,C,Q,C
Microtus_fortis,M,E,A,A,G,C,S,Y,Q,F,R,I,A,L,L,G,D,A,A,V,G,K,T,S,L,L,R,R,Y,V,A,G,A,R,G,A,V,-,-,-,-,E,P,E,P,T,V,G,V,E,F,Y,S,R,A,L,Q,L,P,A,G,L,R,V,K,L,Q,L,W,D,T,A,G,H,E,R,F,R,T,I,T,R,S,F,Y,R,N,M,V,G,V,L,L,V,F,D,V,T,N,R,E,S,F,E,H,I,Q,A,W,H,Q,E,V,L,S,S,Q,G,P,D,K,V,I,F,L,L,I,G,H,K,C,D,L,-,S,S,R,S,V,S,T,Q,E,A,E,E,L,A,A,S,L,G,M,A,F,M,E,T,S,A,K,S,N,C,N,V,D,L,A,F,D,T,V,A,R,A,I,E,Q,A,L,Q,Q,G,D,I,K,L,E,E,D,W,A,G,V,R,L,L,H,R,A,P,N,P,R,S,P,S,R,K,Q,D,S,G,P,C,Q,C
Microtus_ochrogaster,M,E,A,A,G,C,S,Y,Q,F,R,I,A,L,L,G,D,A,A,V,G,K,T,S,L,L,R,R,Y,V,A,G,A,R,G,A,V,-,-,-,-,E,P,E,P,T,V,G,V,E,F,Y,S,R,A,L,Q,L,P,A,G,L,R,V,K,L,Q,L,W,D,T,A,G,H,E,R,F,R,T,I,T,R,S,F,Y,R,N,M,V,G,V,L,L,V,F,D,V,T,N,R,E,S,F,E,H,I,Q,A,W,H,Q,E,V,L,S,S,Q,G,P,D,K,V,I,F,L,L,I,G,H,K,C,D,L,-,S,S,R,S,V,S,T,Q,E,A,E,E,L,A,A,S,L,G,M,A,F,M,E,T,S,A,K,S,N,C,N,V,D,L,A,F,D,T,V,A,R,A,I,E,Q,A,L,Q,Q,G,D,I,K,L,E,E,D,W,A,G,V,R,L,L,H,R,A,P,N,P,R,S,P,S,R,K,Q,D,S,G,P,C,Q,C
Microtus_oregoni,M,E,A,A,G,C,S,Y,Q,F,R,I,A,L,L,G,D,A,A,V,G,K,T,S,L,L,R,R,Y,V,A,G,A,R,G,A,V,-,-,-,-,E,P,E,P,T,V,G,V,E,F,Y,S,R,A,L,Q,L,P,A,G,L,R,V,K,L,Q,L,W,D,T,A,G,H,E,R,F,R,T,I,T,R,S,F,Y,R,N,M,V,G,V,L,L,V,F,D,V,T,N,R,E,S,F,E,H,I,Q,A,W,H,Q,E,V,L,S,S,Q,G,P,D,K,V,I,F,L,L,I,G,H,K,C,D,L,-,S,S,R,S,V,S,T,Q,E,A,E,E,L,A,A,S,L,G,M,A,F,M,E,T,S,A,K,S,N,C,N,V,D,L,A,F,D,T,V,A,R,A,I,E,Q,A,L,Q,Q,G,D,I,K,L,E,E,D,W,A,G,V,R,L,L,H,R,A,P,N,P,R,S,P,S,R,K,Q,D,S,G,P,C,Q,C
Mirounga_angustirostris,M,A,A,G,G,C,R,Y,Q,F,R,I,A,L,L,G,D,A,A,V,G,K,T,S,L,L,R,R,Y,V,A,G,A,P,G,A,P,E,P,E,P,E,S,E,P,T,V,G,V,E,F,Y,S,R,K,L,Q,L,R,A,G,P,R,V,K,L,Q,L,W,D,T,A,G,H,E,R,F,R,C,I,T,R,S,F,Y,R,N,V,L,G,V,L,L,V,F,D,V,T,N,R,K,S,F,E,H,I,C,D,W,H,Q,E,V,M,A,T,Q,G,P,D,K,V,I,F,L,L,V,G,H,K,S,D,L,Q,S,T,R,C,V,S,A,Q,E,A,E,E,L,A,A,S,L,G,M,A,F,M,E,T,S,A,K,N,N,C,N,V,D,L,A,F,S,T,L,A,D,A,I,Q,Q,A,L,D,Q,G,D,I,K,L,E,E,D,W,G,G,V,R,L,I,H,K,T,Q,V,P,S,A,T,P,R,K,Q,P,P,G,P,C,Q,C
Mirounga_leonina,M,A,A,G,G,C,R,Y,Q,F,R,I,A,L,L,G,D,A,A,V,G,K,T,S,L,L,R,R,Y,V,A,G,A,P,G,A,P,E,P,E,P,E,S,E,P,T,V,G,V,E,F,Y,S,R,K,L,Q,L,R,A,G,P,R,V,K,L,Q,L,W,D,T,A,G,H,E,R,F,R,C,I,T,R,S,F,Y,R,N,V,L,G,V,L,L,V,F,D,V,T,N,R,K,S,F,E,H,I,C,D,W,H,Q,E,V,M,A,T,Q,G,P,D,K,V,I,F,L,L,V,G,H,K,S,D,L,Q,S,T,R,C,V,S,A,Q,E,A,E,E,L,A,A,S,L,G,M,A,F,M,E,T,S,A,K,N,N,C,N,V,D,L,A,F,S,T,L,A,D,A,I,Q,Q,A,L,D,Q,G,D,I,K,L,E,E,D,W,G,G,V,R,L,I,H,K,T,Q,V,P,S,A,T,P,R,K,Q,P,P,G,P,C,Q,C
Monodelphis_domestica,-,-,-,-,-,-,-,-,Q,F,R,I,L,L,L,G,D,A,D,V,G,K,T,S,L,L,Q,R,Y,I,E,G,D,F,G,A,D,P,P,-,-,-,-,-,S,T,V,G,V,E,F,Y,S,R,M,L,Q,L,A,S,G,P,R,I,K,L,Q,F,W,D,T,A,G,D,E,R,Y,R,S,I,T,R,S,F,Y,R,N,T,V,G,V,L,L,V,F,D,V,T,N,R,K,S,F,N,H,V,E,D,W,Y,Q,E,V,A,S,V,Q,G,S,D,K,V,V,F,L,L,V,G,H,K,C,D,L,Q,Q,A,R,Q,V,S,T,Q,E,A,E,T,L,A,A,V,W,G,M,S,F,L,E,T,S,A,K,T,N,S,N,V,T,L,A,F,E,T,L,V,H,E,I,Q,Q,S,L,Q,R,G,E,I,K,V,D,G,S,W,G,G,V,R,V,I,H,R,A,Q,P,P,L,N,P,R,R,K,K,P,S,G,Q,C,Q,C
Mus_caroli,-,-,-,-,-,-,-,-,-,-,-,-,-,-,-,-,-,-,-,-,-,-,-,-,-,-,-,-,-,-,-,-,-,-,-,-,-,-,-,-,-,-,-,-,-,-,-,-,-,-,-,-,-,-,-,-,-,-,-,-,-,-,-,-,-,-,-,-,-,-,-,-,-,-,-,-,-,-,-,-,-,-,-,-,-,-,-,-,-,-,-,-,-,-,-,-,-,-,-,-,-,-,-,-,-,-,-,-,-,-,-,-,-,-,-,-,-,-,-,-,-,-,-,-,-,-,-,-,-,-,-,-,-,-,-,-,-,-,-,-,-,-,-,-,-,-,-,-,-,-,-,-,-,-,-,-,-,-,-,-,-,-,-,-,-,-,-,-,-,-,-,-,-,-,-,-,-,-,-,-,-,-,-,-,-,-,-,-,-,-,-,-,-,-,-,-,-,-,-,-,-,-,-,-,-,-,-,-,-,-,-,-,-,-,-,-,-,-
Mus_musculus,M,E,A,A,G,C,S,Y,Q,F,R,I,A,L,L,G,D,A,G,V,G,K,T,S,L,L,R,C,Y,V,A,G,A,R,G,A,A,-,-,-,-,E,P,D,P,T,V,G,V,E,F,Y,S,R,A,L,Q,L,P,A,G,L,R,V,K,L,Q,L,W,D,T,A,G,Q,E,C,F,R,C,I,T,R,S,F,Y,R,N,M,V,G,V,L,L,V,F,D,V,T,N,R,E,S,F,E,H,I,Q,A,W,H,Q,E,V,V,S,T,Q,G,P,D,K,V,V,F,L,L,V,G,H,K,C,D,L,-,N,T,R,C,V,S,S,Q,E,A,E,E,L,A,A,S,L,G,M,G,F,M,E,T,S,A,K,S,N,C,N,V,D,L,A,F,D,T,V,T,S,A,I,E,Q,A,L,Q,Q,G,D,I,K,L,D,K,D,W,A,G,V,R,L,L,H,R,S,P,N,P,R,S,S,S,R,K,Q,D,S,G,T,C,Q,C
Mus_pahari,M,E,A,A,G,C,S,Y,Q,F,R,I,A,L,L,G,D,A,R,V,G,K,T,S,L,L,R,C,Y,V,S,G,A,G,E,A,A,-,-,-,-,E,P,D,P,T,V,G,V,E,F,Y,S,R,S,L,Q,L,P,A,G,L,R,V,K,L,Q,L,W,D,T,A,G,Q,E,C,F,R,C,I,T,R,S,F,Y,R,N,M,V,G,V,L,L,V,F,D,V,T,N,R,E,S,F,E,H,I,Q,A,W,H,Q,E,V,V,S,T,Q,G,P,D,K,V,V,F,L,L,V,G,H,K,C,D,L,-,S,T,R,C,V,S,T,Q,E,A,E,E,L,A,A,S,L,G,M,G,F,M,E,T,S,A,K,S,N,C,N,V,D,L,A,F,D,T,V,T,S,A,I,E,R,A,L,Q,Q,G,N,I,K,L,D,E,D,W,A,G,V,R,L,L,H,R,S,P,N,S,R,S,S,S,R,K,Q,D,T,G,S,C,Q,C
Mustela_erminea,M,E,A,G,G,C,R,Y,Q,F,R,I,A,L,L,G,D,A,A,V,G,K,T,S,L,L,R,R,F,V,A,G,E,P,G,A,P,E,P,E,H,E,P,E,P,T,V,G,V,E,F,Y,S,R,K,L,Q,L,R,A,G,P,R,V,K,L,Q,L,W,D,T,A,G,H,E,R,F,R,C,I,T,R,S,F,Y,R,N,V,V,G,V,L,L,V,F,D,V,T,N,R,K,S,F,E,H,I,C,D,W,H,Q,E,V,V,A,T,Q,G,P,D,K,V,I,F,L,L,V,G,H,K,S,D,L,Q,S,T,R,C,V,S,A,Q,E,A,E,E,L,A,A,S,L,G,M,A,F,M,E,T,S,A,K,N,N,Y,N,V,D,L,A,F,S,T,L,A,D,T,I,Q,Q,A,L,E,Q,G,D,I,K,L,E,E,D,W,G,G,V,R,L,I,H,E,T,Q,V,L,S,I,P,P,R,K,Q,P,P,R,P,C,Q,C
Mustela_putorius_furo,M,E,A,G,G,C,R,Y,Q,F,R,I,A,L,L,G,D,A,A,V,G,K,T,S,L,L,R,R,F,V,A,G,A,P,G,A,P,E,P,E,H,E,P,E,P,T,V,G,V,E,F,Y,S,R,K,L,Q,L,R,A,G,P,R,V,K,L,Q,L,W,D,T,A,G,H,E,R,F,R,C,I,T,R,S,F,Y,R,N,V,V,G,V,L,L,V,F,D,V,T,N,R,K,S,F,E,H,I,C,D,W,H,Q,E,V,V,A,T,Q,G,P,D,K,V,I,F,L,L,V,G,H,K,S,D,L,Q,S,T,R,C,V,S,A,Q,E,A,E,E,L,A,A,S,L,G,M,A,F,M,E,T,S,A,K,N,N,Y,N,V,D,L,A,F,S,T,L,A,D,T,I,Q,Q,A,L,E,Q,G,D,I,K,L,E,E,D,W,G,G,V,R,L,I,H,E,T,Q,V,L,S,I,P,P,R,K,Q,P,P,R,P,C,Q,C
Myodes_glareolus,M,E,V,A,G,C,S,Y,Q,F,R,I,A,L,L,G,D,A,A,V,G,K,T,S,L,L,R,R,Y,V,A,G,A,R,G,A,V,-,-,-,-,E,P,E,P,T,V,G,V,E,F,Y,S,R,A,L,Q,L,P,A,G,L,R,V,K,L,Q,L,W,D,T,A,G,H,E,R,F,R,S,I,T,R,S,F,Y,R,N,M,V,G,V,L,L,V,F,D,V,T,N,R,E,S,F,E,H,I,Q,A,W,H,Q,E,V,L,A,S,Q,C,P,D,K,V,I,F,L,L,I,G,H,K,C,D,L,-,S,T,R,S,V,S,T,Q,E,A,E,E,L,A,A,S,L,G,M,A,F,M,E,T,S,A,K,S,N,C,N,V,D,L,A,F,D,T,V,A,R,A,I,E,Q,A,L,Q,L,G,D,I,K,L,E,E,D,W,A,G,V,R,L,L,H,R,A,P,N,P,R,S,P,S,R,K,Q,D,S,G,P,C,Q,C
Neogale_vison,M,E,A,G,G,C,R,Y,Q,F,R,I,A,L,L,G,D,A,A,V,G,K,T,S,L,L,R,R,F,V,A,G,A,P,G,A,P,E,P,E,H,E,P,E,P,T,V,G,V,E,F,Y,S,R,K,L,Q,L,R,A,G,P,R,V,K,L,Q,L,W,D,T,A,G,H,E,R,F,R,C,I,T,R,S,F,Y,R,N,V,V,G,V,L,L,V,F,D,V,T,N,R,K,S,F,E,H,I,C,D,W,H,Q,E,V,A,A,T,Q,G,P,D,K,V,I,F,L,L,V,G,H,K,S,D,L,Q,S,T,R,C,V,S,A,Q,E,A,E,E,L,A,A,S,L,G,M,A,F,M,E,T,S,A,K,N,N,Y,N,V,D,L,A,F,S,T,L,A,D,T,I,Q,Q,A,L,E,Q,G,D,I,K,L,E,E,D,W,G,G,V,R,L,I,H,E,T,Q,V,L,S,I,P,P,R,K,Q,P,P,R,P,C,Q,C
Odobenus_rosmarus_divergens,M,T,A,G,G,C,G,Y,Q,F,R,I,A,L,L,G,D,A,A,V,G,K,T,S,L,L,R,R,Y,V,A,G,A,P,G,A,A,E,P,E,P,E,S,E,P,T,V,G,V,E,F,Y,S,R,K,L,Q,L,R,A,G,P,R,V,K,L,Q,L,W,D,T,A,G,H,E,R,F,R,C,I,T,R,S,F,Y,R,N,V,V,G,V,L,L,V,F,D,V,T,N,R,K,S,F,E,H,I,C,D,W,H,Q,E,V,M,A,T,Q,G,P,D,K,V,I,F,L,L,V,G,H,K,S,D,L,Q,S,T,R,C,V,S,A,Q,E,A,E,E,L,A,A,S,L,G,M,A,F,M,E,T,S,A,K,N,N,C,N,V,D,L,A,F,S,T,L,A,D,A,I,Q,Q,A,L,D,Q,G,D,I,K,L,E,E,D,W,G,G,V,R,L,I,H,K,T,Q,V,P,S,A,P,P,R,K,Q,P,P,G,P,C,Q,C
Odocoileus_virginianus_texanus,M,E,A,G,G,C,R,Y,Q,F,R,I,A,L,L,G,D,A,A,V,G,K,T,S,L,L,R,C,Y,M,R,G,A,P,G,I,P,E,T,E,L,Q,L,E,P,T,V,G,V,E,F,Y,T,R,T,V,Q,L,Q,A,G,P,R,V,K,L,Q,L,W,D,T,A,G,Q,E,R,F,R,C,I,T,R,S,F,Y,R,N,V,V,G,V,L,L,V,F,D,V,T,N,R,K,S,F,E,H,I,R,D,W,H,Q,E,V,M,A,T,Q,G,P,D,K,A,I,F,L,L,I,G,H,K,S,D,L,Q,S,A,R,C,V,S,T,Q,E,A,E,E,L,A,A,S,L,G,M,G,F,M,E,T,S,T,K,S,N,C,N,V,D,L,A,F,D,T,L,A,N,T,I,Q,Q,A,L,W,Q,G,D,I,K,L,E,E,D,W,G,G,V,R,L,I,Q,N,T,Q,S,S,R,L,P,S,R,I,Q,H,P,G,P,C,R,C
Onychomys_torridus,M,E,A,S,D,C,S,Y,Q,F,R,I,A,L,L,G,D,A,A,V,G,K,T,S,L,L,R,C,Y,V,A,G,A,R,G,A,A,-,-,-,-,E,P,E,P,T,V,G,V,E,F,Y,S,R,A,L,Q,L,P,A,G,L,R,V,K,L,Q,L,W,D,T,A,G,H,E,R,F,R,C,I,T,R,S,F,Y,R,N,M,V,G,V,L,L,V,F,D,V,T,N,R,E,S,F,E,H,I,Q,A,W,H,Q,E,V,L,S,S,Q,S,P,G,K,V,I,F,L,L,I,G,H,K,C,D,L,-,S,T,R,C,V,S,T,R,E,A,E,E,L,A,A,S,M,G,M,A,F,M,E,T,S,A,Q,S,N,C,N,V,D,L,A,F,D,T,V,T,T,A,I,E,Q,A,L,R,Q,G,D,I,K,L,E,E,D,W,T,G,V,R,L,L,H,R,A,P,N,P,R,P,P,S,R,K,Q,D,S,G,P,C,Q,C
Ornithorhynchus_anatinus,-,-,-,-,-,-,-,Y,Q,F,R,I,V,V,L,G,D,A,A,V,G,K,T,A,L,L,R,R,Y,-,-,-,-,-,-,-,-,-,-,-,-,-,-,-,P,T,V,G,V,E,F,Y,S,R,A,L,H,L,P,P,G,L,T,V,K,L,Q,L,W,D,T,A,G,H,E,R,F,R,C,I,T,R,S,F,Y,R,N,V,V,G,V,L,L,V,F,D,S,S,N,R,S,S,F,E,H,I,P,D,W,Y,R,E,V,T,S,V,Q,G,L,E,K,A,I,F,L,L,V,G,H,K,S,D,L,Q,G,P,R,R,V,P,A,H,E,A,E,E,L,A,A,S,L,G,M,D,F,V,E,A,S,A,K,T,N,S,N,V,S,L,A,F,D,T,L,V,S,A,I,Q,R,A,L,Q,K,G,D,I,Q,L,G,G,G,W,D,G,V,K,V,V,H,K,A,Q,A,P,-,-,-,-,-,-,-,-,P,G,P,C,Q,C
Orycteropus_afer_afer,M,E,V,E,G,C,H,F,Q,F,R,I,A,L,L,G,D,A,A,V,G,K,T,S,L,L,L,R,Y,V,A,G,A,P,G,I,R,E,P,E,L,E,P,E,P,T,V,G,V,E,F,Y,S,R,A,L,Q,L,R,D,G,L,R,V,K,L,Q,L,W,D,T,A,G,H,E,R,F,R,C,I,T,R,S,F,Y,R,H,M,V,G,A,L,L,V,F,D,V,T,N,R,E,S,F,E,H,I,R,D,W,H,Q,E,V,M,A,T,Q,G,P,D,K,A,V,F,L,L,V,G,H,K,S,D,L,Q,S,S,R,C,V,S,A,Q,E,A,E,E,L,A,T,S,L,G,M,A,F,V,E,T,S,A,R,N,N,S,N,V,D,L,A,F,D,T,L,T,S,A,I,Q,Q,A,L,Q,Q,G,D,I,K,L,E,E,D,W,G,G,I,R,F,I,H,K,T,R,S,P,G,P,S,S,R,N,Q,H,P,G,S,C,Q,C
Oryctolagus_cuniculus,M,E,A,E,G,C,R,Y,Q,F,R,I,A,L,L,G,D,A,A,V,G,K,T,S,L,L,R,C,Y,V,A,G,A,P,G,A,P,E,P,E,A,E,P,E,P,T,V,G,V,D,F,Y,R,R,A,L,Q,L,R,A,G,P,R,V,K,L,Q,L,W,D,T,A,G,H,E,R,F,R,C,I,T,R,S,F,Y,R,N,V,V,G,V,L,L,V,F,D,V,T,N,R,K,S,F,E,H,I,R,D,W,H,Q,D,V,M,A,T,Q,G,P,D,K,A,I,F,L,L,I,G,H,K,S,D,L,Q,S,A,R,C,V,S,T,Q,E,A,Q,E,L,A,A,S,L,G,V,A,F,M,E,T,S,A,R,N,C,C,N,V,E,L,A,F,D,T,L,A,D,A,I,Q,Q,A,L,Q,Q,G,D,I,K,L,Q,E,D,W,G,G,V,R,L,I,H,K,A,Q,S,P,R,S,P,S,R,K,H,H,P,G,P,C,Q,C
Oryx_dammah,M,E,A,G,G,C,R,Y,Q,F,R,I,A,L,L,G,D,A,A,V,G,K,T,S,L,L,R,C,Y,M,R,G,A,P,G,I,P,E,P,E,L,E,L,E,P,T,V,G,V,E,F,Y,T,R,T,V,Q,L,Q,A,G,P,R,V,K,L,Q,L,W,D,T,A,G,Q,E,R,F,R,C,I,T,R,S,F,Y,R,N,V,V,G,V,L,L,V,F,D,V,T,N,R,K,S,F,E,H,I,R,D,W,H,Q,E,V,I,A,T,Q,G,L,D,K,A,I,F,L,L,V,G,H,K,S,D,L,Q,S,A,R,C,V,S,T,Q,E,A,E,E,L,A,A,S,L,G,M,G,F,M,E,T,S,T,K,S,N,C,N,V,D,L,A,F,D,T,L,A,N,T,I,Q,Q,A,L,W,Q,G,A,I,K,L,E,E,D,W,G,G,V,R,L,I,Q,N,T,Q,V,S,R,L,P,S,R,M,Q,H,P,G,P,C,R,C
Otolemur_garnettii,M,E,A,G,G,C,H,Y,Q,F,R,I,V,L,L,G,D,A,A,V,G,K,T,S,L,L,R,R,Y,V,S,G,A,P,G,T,P,E,P,E,P,E,P,E,P,T,V,G,V,E,F,Y,R,R,A,L,Q,L,R,A,G,P,R,V,K,L,Q,L,W,D,T,A,G,Q,E,R,F,R,C,I,T,R,S,F,Y,R,N,V,V,G,V,L,L,V,F,D,V,T,N,R,K,S,F,E,H,I,Q,D,W,H,Q,E,V,T,A,T,Q,G,P,D,K,A,I,F,L,L,V,G,H,K,S,D,L,Q,S,T,R,C,V,S,A,Q,E,A,E,E,L,A,T,S,L,G,M,A,F,M,E,T,S,A,K,S,N,L,N,V,D,L,A,F,D,T,L,A,N,A,I,Q,Q,A,L,Q,Q,G,D,I,K,L,E,E,D,W,G,G,I,R,L,I,H,K,T,Q,I,T,R,S,P,S,R,K,Q,H,P,G,P,C,Q,C
Panthera_leo,M,E,A,P,D,C,H,Y,Q,F,R,I,A,L,L,G,D,A,A,V,G,K,T,S,L,L,R,R,Y,V,A,G,A,P,G,A,P,E,P,E,P,E,P,E,P,T,V,G,V,E,F,Y,S,R,K,L,Q,L,P,A,G,P,R,V,K,L,Q,L,W,D,T,A,G,H,E,R,F,R,C,I,T,R,S,F,Y,R,N,V,V,G,V,L,L,V,F,D,V,T,N,R,K,S,F,E,H,I,C,D,W,H,Q,E,V,M,A,T,Q,G,P,N,K,V,I,F,L,L,V,G,H,K,S,D,L,Q,S,T,R,V,V,S,A,Q,E,A,E,E,L,A,A,S,L,G,M,A,F,M,E,T,S,A,K,K,N,C,N,V,D,L,A,F,N,T,L,A,D,A,I,Q,Q,A,L,E,Q,G,D,I,K,L,E,E,D,W,G,G,V,R,L,I,H,K,A,Q,V,P,R,S,P,H,R,K,Q,P,P,G,P,C,Q,C
Panthera_pardus,M,E,A,P,D,C,H,Y,Q,F,R,I,A,L,L,G,D,A,A,V,G,K,T,S,L,L,R,R,Y,V,A,G,A,P,G,A,P,E,P,E,P,E,P,E,P,T,V,G,V,E,F,Y,S,R,K,L,Q,L,P,A,G,P,R,V,K,L,Q,L,W,D,T,A,G,H,E,R,F,R,C,I,T,R,S,F,Y,R,N,V,V,G,V,L,L,V,F,D,V,T,N,R,K,S,F,E,H,I,C,D,W,H,Q,E,V,M,A,T,Q,G,P,N,K,V,I,F,L,L,V,G,H,K,S,D,L,Q,S,T,R,V,V,S,A,Q,E,A,E,E,L,A,A,S,L,G,M,A,F,M,E,T,S,A,K,K,N,C,N,V,D,L,A,F,N,T,L,A,D,A,I,Q,Q,A,L,E,Q,G,D,I,K,L,E,E,D,W,G,G,V,R,L,I,H,K,A,Q,V,P,R,S,P,H,R,K,Q,P,P,G,P,C,Q,C
Panthera_uncia,M,E,A,P,D,C,H,Y,Q,F,R,I,A,L,L,G,D,A,A,V,G,K,T,S,L,L,R,R,Y,V,A,G,A,P,G,A,P,E,P,E,P,E,P,K,P,T,V,G,V,E,F,Y,S,R,K,L,Q,L,S,A,G,P,R,V,K,L,Q,L,W,D,T,A,G,H,E,R,F,R,C,I,T,R,S,F,Y,R,N,V,V,G,V,L,L,V,F,D,V,T,N,R,K,S,F,E,H,I,C,D,W,H,Q,E,V,M,A,T,Q,G,P,N,K,V,I,F,L,L,V,G,H,K,S,D,L,Q,S,T,R,V,V,S,A,Q,E,A,E,E,L,A,A,S,L,G,M,A,F,M,E,T,S,A,K,K,N,C,N,V,D,L,A,F,N,T,L,A,D,A,I,Q,Q,A,L,E,Q,G,D,I,K,L,E,E,D,W,G,G,V,R,L,I,H,K,A,Q,V,P,R,S,P,H,R,K,Q,P,P,G,P,C,Q,C
Perognathus_longimembris_pacificus,-,-,-,-,-,-,-,Y,Q,F,R,I,A,L,L,G,D,A,A,V,G,K,T,S,L,L,R,R,Y,V,G,-,-,-,-,T,P,E,P,Q,A,E,A,E,P,T,V,G,V,E,F,Y,S,R,V,L,Q,L,P,A,G,P,S,V,K,L,Q,L,W,D,T,A,G,H,E,R,F,R,C,I,T,R,S,F,Y,R,N,L,V,G,V,L,L,V,F,D,V,T,N,R,E,S,F,E,H,I,Q,Y,W,H,Q,E,V,L,S,I,Q,G,P,D,K,V,I,F,L,L,V,G,H,K,S,D,L,Q,N,T,R,C,V,S,T,Q,E,A,E,G,L,A,A,S,L,G,M,T,F,L,E,T,S,A,T,N,N,C,N,V,E,L,A,F,D,V,L,I,V,T,I,Q,Q,A,L,Q,Q,G,H,I,R,L,E,E,D,W,G,G,I,R,L,L,H,K,A,P,V,I,R,P,P,S,R,K,Q,H,P,G,P,C,Q,C
Peromyscus_californicus_insignis,-,-,-,-,-,C,S,Y,Q,F,R,I,A,L,L,G,D,A,A,V,G,K,T,S,L,L,R,C,Y,V,A,G,A,E,-,-,P,-,-,-,-,E,P,E,P,T,V,G,V,E,F,Y,S,R,A,L,Q,L,P,A,G,L,R,V,K,L,Q,L,W,D,T,A,G,H,E,R,F,R,C,I,T,R,S,F,Y,R,N,M,V,G,V,L,L,V,F,D,V,T,N,R,E,S,F,E,H,I,Q,A,W,H,Q,E,V,L,S,S,Q,C,P,G,K,V,I,F,L,L,I,G,H,K,C,D,L,-,S,T,R,C,V,S,T,Q,E,A,E,E,L,A,A,S,M,G,M,A,F,V,E,T,S,A,K,S,N,C,N,V,D,L,A,F,D,T,V,T,T,A,I,E,Q,A,L,R,Q,G,D,I,K,L,E,E,D,W,A,G,I,R,L,L,H,R,A,P,N,P,R,R,P,S,R,K,Q,D,S,-,-,C,Q,C
Peromyscus_leucopus,M,E,A,A,D,C,S,Y,Q,F,R,V,A,L,L,G,D,A,A,V,G,K,T,S,L,L,R,C,Y,V,A,G,A,R,G,A,A,-,-,-,-,E,P,E,P,T,V,G,V,E,F,Y,S,R,A,L,Q,L,P,A,G,L,R,V,K,L,Q,L,W,D,T,A,G,H,E,R,F,R,C,I,T,R,S,F,Y,R,N,M,V,G,V,L,L,V,F,D,V,T,N,R,E,S,F,E,H,I,Q,A,W,H,Q,E,V,L,S,S,Q,C,P,G,K,V,I,F,L,L,I,G,H,K,C,D,L,-,S,T,R,C,V,S,T,Q,E,A,E,E,L,A,A,S,M,G,M,A,F,M,E,T,S,A,K,S,N,C,N,V,D,L,A,F,D,H,V,T,T,A,I,E,Q,A,L,R,Q,G,D,I,K,L,E,E,D,W,A,G,V,R,L,L,H,R,A,P,N,P,R,H,P,N,R,K,Q,D,S,G,P,C,Q,C
Peromyscus_maniculatus_bairdii,M,E,A,A,D,C,S,Y,Q,F,R,I,A,L,L,G,D,A,A,V,G,K,T,S,L,L,R,C,Y,V,A,G,A,R,G,A,A,-,-,-,-,E,P,E,P,T,V,G,V,E,F,Y,S,R,A,L,Q,L,P,A,G,L,R,V,K,L,Q,L,W,D,T,A,G,H,E,R,F,R,C,I,T,R,S,F,Y,R,N,M,V,G,V,L,L,V,F,D,V,T,N,R,E,S,F,E,H,I,Q,A,W,H,Q,E,V,L,S,S,Q,C,P,G,K,V,I,F,L,L,I,G,H,K,C,D,L,-,S,T,R,C,V,S,T,Q,E,A,E,E,L,A,A,S,M,G,M,A,F,M,E,T,S,A,K,S,N,C,N,V,D,L,A,F,D,H,V,T,T,A,I,E,Q,A,L,R,Q,G,D,I,K,L,E,E,D,W,A,G,V,R,L,L,H,R,A,P,N,P,R,R,S,N,R,K,Q,D,S,G,P,C,Q,C
Phascolarctos_cinereus,-,-,-,-,-,-,-,-,Q,F,R,I,L,L,L,G,D,A,E,V,G,K,T,S,L,L,L,R,Y,L,E,G,D,F,W,D,D,Q,P,-,-,-,-,-,S,T,V,G,V,E,F,Y,C,R,M,L,E,L,A,S,G,L,R,V,K,L,Q,L,W,D,T,A,G,A,E,R,Y,R,S,I,T,R,S,F,Y,R,N,M,A,G,V,L,L,V,F,D,V,T,N,R,T,S,F,D,H,I,E,D,W,Y,Q,Q,V,A,S,M,Q,V,Q,Y,K,V,L,Y,V,L,L,G,H,K,S,D,L,Q,Q,A,R,Q,V,S,T,Q,E,A,E,H,L,A,A,V,L,G,T,S,F,L,E,T,S,A,K,T,N,S,N,V,A,L,A,F,E,T,L,T,H,D,I,Q,Q,A,L,Q,N,G,E,I,K,V,D,G,T,W,G,G,V,K,V,I,H,G,A,Q,P,P,Q,N,Q,R,R,K,K,P,S,Q,Q,C,Q,C
Phoca_vitulina,M,A,A,G,G,C,R,Y,Q,F,R,I,A,L,L,G,D,A,A,V,G,K,T,S,L,L,R,R,Y,V,A,G,A,P,G,A,P,E,P,E,P,E,S,E,P,T,V,G,V,E,F,Y,S,R,K,L,Q,L,R,A,G,P,R,V,K,L,Q,L,W,D,T,A,G,H,E,R,F,R,C,I,T,R,S,F,Y,R,N,V,V,G,V,L,L,V,F,D,V,T,N,R,K,S,F,E,H,I,C,D,W,H,Q,E,V,M,A,T,Q,G,P,D,K,A,I,F,L,L,V,G,H,K,S,D,L,Q,S,T,R,C,V,S,A,Q,E,A,E,E,L,A,A,S,L,G,M,A,F,M,E,T,S,A,K,N,N,C,N,V,D,L,A,F,S,T,L,A,D,A,I,Q,Q,A,L,D,Q,G,D,I,K,L,E,E,D,W,G,G,V,R,L,I,H,K,T,Q,V,P,S,A,P,P,R,K,Q,A,P,G,P,C,Q,C
Phodopus_roborovskii,M,E,A,A,S,Y,S,Y,Q,F,R,I,A,L,L,G,D,A,S,V,G,K,T,S,L,L,Q,R,Y,V,A,G,A,R,G,A,V,-,-,-,-,E,P,E,P,T,V,G,V,E,F,Y,S,R,E,L,Q,L,P,A,G,L,R,I,K,L,Q,L,W,D,T,A,G,H,E,R,F,R,C,I,T,R,S,F,Y,R,N,M,V,G,V,L,L,V,F,D,V,T,N,R,E,S,F,E,H,I,Q,A,W,H,Q,E,V,V,S,S,Q,G,H,D,K,V,I,F,L,L,I,G,H,K,C,D,L,-,S,T,R,C,V,S,T,Q,E,A,E,E,L,A,A,S,L,G,M,A,F,M,E,T,S,A,K,S,N,C,N,V,D,L,A,F,D,T,V,T,S,A,I,E,Q,A,L,Q,Q,G,D,I,K,L,E,E,D,R,A,G,V,R,L,L,H,R,A,P,N,P,R,S,P,S,R,K,Q,D,S,G,L,C,Q,C
Prionailurus_bengalensis_euptilurus,-,-,-,-,-,-,-,-,-,-,-,-,-,-,-,-,-,-,-,-,-,-,-,-,-,-,-,-,-,-,-,-,-,-,-,-,-,-,-,-,-,-,-,-,-,-,-,-,-,-,-,-,-,-,-,-,-,-,-,-,-,-,-,-,-,-,-,-,-,-,-,-,-,-,-,-,-,-,-,-,-,-,-,-,-,-,-,-,-,-,-,-,-,-,-,-,-,-,-,-,-,-,-,-,-,-,-,-,-,-,-,-,-,-,-,-,-,-,-,-,-,-,-,-,-,-,-,-,-,-,-,-,-,-,-,-,-,-,-,-,-,-,-,-,-,-,-,-,-,-,-,-,-,-,-,-,-,-,-,-,-,-,-,-,-,-,-,-,-,-,-,-,-,-,-,-,-,-,-,-,-,-,-,-,-,-,-,-,-,-,-,-,-,-,-,-,-,-,-,-,-,-,-,-,-,-,-,-,-,-,-,-,-,-,-,-,-,-
Puma_concolor,M,E,A,P,D,C,H,Y,Q,F,R,I,A,L,L,G,D,A,A,V,G,K,T,S,L,L,R,R,Y,V,A,G,A,P,G,A,P,E,P,E,P,E,P,E,P,T,V,G,V,E,F,Y,S,R,K,L,Q,L,P,A,G,P,P,V,K,L,Q,L,W,D,T,A,G,H,E,R,Y,R,C,I,T,R,S,F,Y,R,N,V,V,G,V,L,L,V,F,D,V,T,N,R,K,S,F,E,H,I,C,D,W,H,Q,E,A,M,A,T,Q,G,P,N,K,V,I,F,L,L,V,G,H,K,S,D,L,Q,S,T,R,V,V,S,A,Q,E,A,E,E,L,A,A,S,L,G,M,A,F,M,E,T,S,A,K,K,N,C,N,V,D,L,A,F,N,T,L,A,D,A,I,Q,Q,A,L,E,Q,G,D,I,K,L,E,E,D,W,G,G,V,R,L,I,H,K,A,Q,V,P,R,S,P,H,R,K,Q,P,P,G,P,C,Q,C
Puma_yagouaroundi,M,E,A,P,D,C,H,Y,Q,F,R,I,A,L,L,G,D,A,A,V,G,K,T,S,L,L,R,R,Y,V,A,G,A,P,G,A,P,E,P,E,P,E,P,E,P,T,V,G,V,E,F,Y,S,R,K,L,Q,L,P,A,G,P,P,V,K,L,Q,L,W,D,T,A,G,H,E,R,Y,R,C,I,T,R,S,F,Y,R,N,V,V,G,V,L,L,V,F,D,V,T,N,R,K,S,F,E,H,I,C,D,W,H,Q,E,A,M,A,T,Q,G,P,N,K,V,I,F,L,L,V,G,H,K,S,D,L,Q,S,T,R,V,V,S,A,Q,E,A,E,E,L,A,A,S,L,G,M,A,F,M,E,T,S,A,K,K,N,C,N,V,D,L,A,F,N,T,L,A,D,A,I,Q,Q,A,L,E,Q,G,D,I,K,L,E,E,D,W,G,G,V,R,L,I,H,K,A,Q,V,P,R,S,P,H,R,K,Q,P,P,G,P,C,Q,C
Rattus_norvegicus,M,E,A,A,G,C,S,Y,Q,F,R,I,A,L,L,G,D,A,A,V,G,K,T,S,L,L,R,C,Y,V,A,G,A,R,G,A,A,-,-,-,-,E,L,D,P,T,V,G,V,E,F,Y,S,R,A,L,R,L,P,A,G,L,R,V,K,L,Q,L,W,D,T,A,G,Q,E,R,F,R,C,I,T,R,S,F,Y,R,N,M,V,G,V,L,L,V,F,D,V,T,N,R,E,S,F,E,H,I,Q,A,W,H,Q,E,V,I,S,T,H,G,S,D,K,V,I,F,L,L,V,G,H,K,C,D,L,-,S,T,R,C,V,S,T,Q,E,A,E,E,L,A,A,S,L,G,M,A,F,V,E,T,S,A,K,S,N,C,N,V,D,L,A,F,D,T,V,T,S,A,I,E,Q,A,L,Q,Q,G,D,I,K,L,E,E,D,W,A,G,V,R,L,L,H,R,A,P,N,P,R,S,S,S,R,K,Q,D,S,G,P,C,Q,C
Rattus_rattus,M,E,A,A,G,C,S,Y,Q,F,R,I,A,L,L,G,D,A,A,V,G,K,T,S,L,L,R,C,Y,V,A,G,A,R,G,A,A,-,-,-,-,E,L,D,P,T,V,G,V,E,F,Y,S,R,A,L,R,L,P,A,G,L,R,V,K,L,Q,L,W,D,T,A,G,Q,E,R,F,R,C,I,T,R,S,F,Y,R,N,M,V,G,V,L,L,V,F,D,V,T,N,R,E,S,F,E,H,I,Q,A,W,H,Q,E,V,I,S,T,H,G,P,D,K,V,V,F,L,L,V,G,H,K,C,D,L,-,S,T,R,C,V,S,T,Q,E,A,E,E,L,A,A,S,L,G,M,A,F,V,E,T,S,A,K,S,N,C,N,V,D,L,A,F,D,T,V,T,S,A,I,E,Q,A,L,Q,Q,G,D,I,K,L,E,E,D,W,A,G,V,R,L,L,H,R,A,P,N,P,R,S,S,S,R,K,Q,D,S,G,P,C,Q,C
Sarcophilus_harrisii,-,-,-,-,-,-,-,-,Q,F,R,V,L,L,L,G,D,A,D,V,G,K,S,S,L,L,R,R,Y,V,E,G,D,S,W,A,D,P,P,-,-,-,-,-,S,T,V,G,V,E,F,S,C,R,V,L,E,L,A,S,G,S,R,V,K,L,Q,F,W,D,T,A,G,D,E,R,F,R,S,I,T,R,S,F,Y,R,N,M,V,G,V,L,L,V,F,D,V,T,N,R,K,S,F,N,H,I,K,D,W,Y,Q,E,V,A,S,M,Q,G,L,D,K,V,I,F,L,L,V,G,H,K,N,D,L,Q,Q,A,R,Q,V,S,T,Q,E,G,E,T,L,A,S,V,L,G,M,P,F,L,E,T,S,A,K,T,N,S,N,V,T,L,A,F,E,T,L,A,C,G,I,Q,Q,A,L,Q,N,G,E,I,K,-,-,-,-,-,-,-,-,-,-,-,-,-,-,-,-,-,-,-,-,-,-,-,-,-,-,-,-,-,-,-
Suncus_etruscus,-,-,-,-,G,C,R,Y,Q,F,R,I,L,L,L,G,D,A,A,V,G,K,T,S,L,L,Q,R,Y,V,A,G,T,P,G,T,P,E,P,-,-,E,L,E,P,T,V,G,V,E,F,Y,S,R,A,L,Q,L,R,A,G,P,R,V,K,L,Q,L,W,D,T,A,G,H,E,R,F,R,C,I,T,R,S,F,Y,R,N,V,V,G,V,L,L,V,F,D,V,T,N,R,K,S,F,E,H,I,R,D,W,H,Q,E,V,V,A,T,Q,G,L,D,K,V,I,F,L,L,V,G,H,K,S,D,L,Q,S,K,R,C,V,L,A,Q,E,A,E,E,L,A,A,S,L,G,M,T,F,L,E,T,S,A,T,N,D,C,N,V,D,L,A,F,H,T,L,A,Y,A,I,Q,Q,A,L,Q,Q,G,A,I,K,L,E,K,D,W,G,G,V,R,L,M,-,-,-,Q,I,S,R,P,P,C,R,Q,Q,R,A,G,Q,C,Q,C
Sus_scrofa,M,E,A,G,G,F,R,Y,Q,F,R,I,A,L,L,G,D,T,A,V,G,K,T,S,L,L,R,R,Y,V,A,D,A,P,W,I,P,E,P,E,P,E,L,E,P,T,V,G,V,E,F,Y,S,R,T,L,Q,L,R,A,G,P,R,V,K,L,Q,L,W,D,T,A,G,Q,E,R,F,R,C,I,T,R,S,F,Y,R,N,V,V,G,V,L,L,V,F,D,V,T,N,R,K,S,F,E,H,I,R,D,W,H,Q,E,V,M,A,T,Q,G,P,D,K,A,I,F,L,L,V,G,H,K,S,D,L,Q,S,M,R,C,V,S,A,Q,E,A,E,E,L,A,A,S,L,G,M,A,F,V,E,T,S,A,K,N,N,C,N,V,D,L,A,F,N,T,V,A,D,A,I,Q,Q,A,L,Q,Q,G,D,I,K,L,E,E,D,W,G,G,V,R,L,I,N,-,T,Q,P,P,R,P,L,S,R,K,Q,H,P,G,P,C,Q,C
Tachyglossus_aculeatus,-,-,-,-,-,-,H,Y,Q,F,R,I,V,V,L,G,D,A,A,V,G,K,T,A,L,L,R,R,Y,-,-,-,-,-,-,-,-,-,-,-,-,-,-,-,P,T,V,G,V,E,F,Y,S,R,A,L,H,L,P,P,A,L,T,V,K,L,Q,L,W,D,T,A,G,H,E,R,F,R,C,I,T,R,S,F,Y,R,N,V,V,G,V,L,L,V,F,D,S,S,N,R,S,S,F,E,H,I,P,D,W,Y,R,E,V,T,A,A,Q,G,P,E,K,A,V,F,L,L,V,G,H,K,S,D,L,-,-,-,-,-,-,-,-,-,E,A,E,E,L,A,A,S,L,G,M,D,F,V,E,A,S,A,K,T,D,S,N,V,S,L,A,F,D,T,L,V,S,A,I,R,R,A,L,R,R,G,D,I,R,L,G,G,G,W,D,G,V,R,L,-,-,-,-,-,-,-,-,-,-,-,-,-,-,-,-,-,-,-,-,-
Talpa_occidentalis,M,D,A,G,G,C,R,H,Q,F,R,I,A,L,L,G,D,A,A,V,G,K,T,S,L,L,R,R,Y,V,A,G,A,P,G,T,P,E,-,-,-,-,-,-,-,-,-,-,V,E,V,H,S,R,P,L,Q,L,R,A,G,P,R,V,K,L,Q,L,W,D,T,A,G,Q,E,R,F,R,C,I,T,R,S,F,Y,R,N,L,V,G,V,L,L,V,F,D,V,T,N,R,K,S,F,E,H,I,R,D,W,H,R,E,V,T,A,T,Q,G,P,N,K,A,I,F,L,L,V,G,H,K,S,D,L,Q,S,T,R,C,V,S,V,Q,E,A,E,E,L,A,A,S,L,G,M,A,F,V,E,T,S,A,Q,N,K,R,N,V,D,L,A,F,D,T,L,A,E,A,I,Q,L,A,L,Q,Q,G,D,I,K,L,E,E,D,W,-,G,V,R,L,I,-,-,-,Q,I,P,R,P,P,P,R,K,Q,Q,P,G,P,C,Q,C
Trichechus_manatus_latirostris,M,E,A,G,G,C,R,Y,Q,F,R,I,V,L,L,G,D,A,A,V,G,K,T,S,L,L,R,R,Y,V,A,G,T,P,G,A,R,E,P,E,P,E,S,E,P,T,V,G,V,E,F,Y,S,R,A,L,Q,L,R,A,G,P,R,I,K,L,Q,L,W,D,T,A,G,H,E,R,F,R,C,I,T,R,S,F,Y,R,N,V,V,G,V,L,L,V,F,D,M,T,N,R,K,S,F,E,H,I,Q,D,W,H,Q,E,V,M,A,T,Q,G,P,D,K,A,V,F,L,L,V,G,H,K,S,D,L,Q,S,T,R,C,V,S,A,Q,E,A,E,E,L,A,T,S,L,G,M,A,F,V,E,T,S,A,R,N,N,S,N,V,D,L,A,F,D,T,L,A,D,A,I,R,Q,A,L,Q,R,G,D,I,K,L,E,E,D,W,G,G,V,R,F,I,H,K,T,Q,S,P,G,P,P,S,R,K,Q,N,P,G,P,C,Q,C
Trichosurus_vulpecula,-,-,-,-,-,-,-,-,Q,L,R,I,L,L,L,G,D,A,G,V,G,K,T,S,L,L,Q,R,Y,V,-,-,-,-,-,-,-,-,-,-,-,-,-,-,-,T,V,G,V,E,F,Y,C,R,M,L,E,L,A,S,G,P,R,V,K,L,Q,L,W,D,T,A,G,E,E,R,Y,R,S,I,T,R,S,F,Y,R,N,T,V,G,V,L,L,V,F,D,V,T,N,R,K,S,F,D,H,I,E,D,W,Y,Q,Q,V,A,S,Q,Q,G,L,D,K,V,I,F,L,L,V,G,H,K,T,D,L,Q,Q,A,H,Q,V,S,T,Q,E,A,E,N,L,A,S,V,L,G,M,T,F,L,E,T,S,A,K,T,N,S,N,V,T,L,A,F,E,T,L,A,G,D,I,Q,Q,A,L,Q,N,G,E,I,K,V,D,G,V,C,G,G,V,R,V,I,H,R,A,Q,-,-,-,-,-,-,-,-,-,-,-,-,-,-,-,-
Ursus_arctos_horribilis,-,-,-,-,-,-,-,-,-,-,-,-,-,-,-,-,-,-,-,-,-,-,-,-,-,-,-,-,-,-,-,-,-,-,-,-,-,-,-,-,-,-,-,-,-,-,-,-,-,-,-,-,-,-,-,-,-,-,-,-,-,-,-,-,-,-,-,-,-,-,-,-,-,-,-,-,-,-,-,-,-,-,-,-,-,-,-,-,-,-,-,-,-,-,-,-,-,-,-,-,-,-,-,-,-,-,-,-,-,-,-,-,-,-,-,-,-,-,-,-,-,-,-,-,-,-,-,-,-,-,-,-,-,-,-,-,-,-,-,-,-,-,-,-,-,-,-,-,-,-,-,-,-,-,-,-,-,-,-,-,-,-,-,-,-,-,-,-,-,-,-,-,-,-,-,-,-,-,-,-,-,-,-,-,-,-,-,-,-,-,-,-,-,-,-,-,-,-,-,-,-,-,-,-,-,-,-,-,-,-,-,-,-,-,-,-,-,-
Vombatus_ursinus,-,-,-,-,-,-,-,-,Q,F,R,I,L,L,L,G,D,A,D,V,G,K,T,S,L,L,L,R,Y,-,-,-,-,-,-,-,-,-,-,-,-,-,-,-,-,T,V,G,V,E,F,Y,C,R,M,L,E,L,A,S,G,P,R,V,K,L,Q,L,W,D,T,A,G,A,E,R,Y,R,S,I,T,R,S,F,Y,R,N,T,V,G,V,L,L,V,F,D,V,T,N,R,T,S,F,D,H,I,E,D,W,Y,Q,Q,V,A,S,M,Q,V,P,D,K,V,L,Y,L,L,V,G,H,K,S,D,L,Q,Q,A,R,Q,V,S,T,Q,E,A,E,N,L,A,A,V,L,G,T,S,F,L,E,T,S,A,K,T,N,S,N,V,A,L,A,F,E,T,L,A,H,D,I,Q,Q,A,L,Q,N,G,A,I,K,V,D,G,V,W,G,G,V,R,V,I,H,R,A,Q,P,P,R,N,Q,R,R,K,K,P,S,R,Q,C,Q,C
Vulpes_lagopus,M,A,A,G,G,C,R,Y,Q,F,R,I,A,L,L,G,D,A,A,V,G,K,T,S,L,L,R,R,Y,V,A,G,A,P,G,T,P,E,P,E,P,E,P,E,P,T,V,G,V,E,F,Y,S,R,L,L,Q,L,R,A,G,P,R,V,K,L,Q,L,W,D,T,A,G,H,E,R,F,R,C,I,T,R,S,F,Y,R,N,V,V,G,V,L,L,V,F,D,V,T,N,R,K,S,F,E,H,I,F,D,W,H,Q,E,V,I,A,T,Q,G,P,D,K,V,I,F,L,L,I,G,H,K,S,D,L,R,S,T,R,C,V,S,A,Q,E,A,E,E,L,A,A,S,L,G,M,A,F,M,E,T,S,A,K,N,N,C,N,V,D,L,A,F,N,T,I,A,D,S,I,Q,Q,A,L,E,Q,G,D,I,K,M,E,E,D,W,G,G,V,R,L,I,H,K,T,Q,V,P,R,A,P,P,R,Q,Q,P,P,G,P,C,Q,C
Vulpes_vulpes,M,A,A,G,G,C,R,Y,Q,F,R,I,A,L,L,G,D,A,A,V,G,K,T,S,L,L,R,R,Y,V,A,G,A,P,G,T,P,E,P,E,P,E,P,E,P,T,V,G,V,E,F,Y,S,R,L,L,Q,L,R,A,G,P,R,V,K,L,Q,L,W,D,T,A,G,H,E,R,F,R,C,I,T,R,S,F,Y,R,N,V,V,G,V,L,L,V,F,D,V,T,N,R,K,S,F,E,H,I,C,D,W,H,Q,E,V,I,A,T,Q,G,P,D,K,V,I,F,L,L,I,G,H,K,S,D,L,R,S,T,R,C,V,S,A,Q,E,A,E,E,L,A,A,S,L,G,M,A,F,M,E,T,S,A,K,N,N,C,N,V,D,L,A,F,N,T,I,A,D,S,I,Q,Q,A,L,E,Q,G,D,I,K,M,E,E,D,W,G,G,V,R,L,I,H,K,T,Q,V,P,R,A,P,P,R,Q,Q,P,P,G,P,C,Q,C
Zalophus_californianus,M,A,V,G,G,C,R,Y,Q,F,R,I,A,L,L,G,D,A,A,V,G,K,T,S,L,L,R,R,Y,V,A,G,A,P,G,A,A,E,P,E,P,E,S,E,P,T,V,G,V,E,F,Y,S,R,K,L,Q,L,R,A,G,P,R,V,K,L,Q,L,W,D,T,A,G,H,E,R,F,R,C,I,T,R,S,F,Y,R,N,V,V,G,V,L,L,V,F,D,V,T,N,R,K,S,F,E,H,I,C,D,W,H,Q,E,V,V,A,T,Q,G,P,D,K,V,I,F,L,L,V,G,H,K,S,D,L,Q,S,T,R,C,V,S,A,Q,E,A,E,E,L,A,A,S,L,G,M,A,F,M,E,T,S,A,K,N,N,C,N,V,D,L,A,F,S,T,L,A,D,A,I,Q,Q,A,L,D,Q,G,D,I,K,L,E,E,D,W,G,G,V,R,L,I,H,K,T,Q,V,P,S,A,P,P,R,K,Q,P,P,-,-,-,-,-
shrew_mole,M,D,A,G,G,C,R,Y,Q,F,R,I,A,L,L,G,D,A,A,V,G,K,T,S,L,L,R,C,Y,V,A,A,A,P,G,T,G,E,P,R,E,E,P,E,P,T,V,G,V,E,F,Y,S,R,A,L,Q,L,R,S,G,P,R,V,K,L,Q,L,W,D,T,A,G,Q,E,R,F,R,C,I,T,R,S,F,Y,R,N,M,V,G,V,L,L,V,F,D,V,T,N,R,K,S,F,E,H,I,R,D,W,H,Q,E,V,T,A,T,Q,G,P,D,K,A,L,F,L,L,V,G,H,K,S,D,L,Q,S,A,R,C,V,S,V,Q,E,A,E,E,L,A,A,S,L,G,M,A,F,V,E,T,S,A,Q,N,H,R,S,V,D,L,A,F,N,T,L,A,E,A,I,Q,Q,A,L,Q,Q,G,D,I,K,L,E,E,D,W,G,G,V,R,L,I,-,-,-,Q,I,P,R,P,H,P,R,K,Q,Q,P,G,P,C,Q,C
ZWS,M,E,A,G,G,C,R,Y,Q,F,R,I,A,L,L,G,D,A,A,V,G,K,T,S,L,L,R,R,Y,V,E,G,A,P,G,A,A,E,P,-,-,E,P,E,P,T,V,G,V,E,F,Y,S,R,A,L,Q,L,P,A,G,L,R,V,K,L,Q,L,W,D,T,A,G,H,E,R,F,R,C,I,T,R,S,F,Y,R,N,V,V,G,V,L,L,V,F,D,V,T,N,R,E,S,F,E,H,I,H,D,W,H,Q,E,V,V,S,T,R,G,P,D,K,V,I,F,L,L,V,G,H,K,C,D,L,-,S,S,R,C,V,S,T,Q,E,A,E,A,L,A,S,S,L,G,M,A,F,M,E,T,S,A,R,N,N,C,N,V,D,L,A,F,D,T,I,T,N,A,I,Q,Q,A,L,W,Q,G,D,I,K,L,E,E,D,W,G,G,V,R,L,L,H,R,T,P,N,P,K,S,P,S,R,E,Q,H,P,G,L,C,Q,C
