,SPATA3 0,SPATA3 1,SPATA3 2,SPATA3 3,SPATA3 4,SPATA3 5,SPATA3 6,SPATA3 7,SPATA3 8,SPATA3 9,SPATA3 10,SPATA3 11,SPATA3 12,SPATA3 13,SPATA3 14,SPATA3 15,SPATA3 16,SPATA3 17,SPATA3 18,SPATA3 19,SPATA3 20,SPATA3 21,SPATA3 22,SPATA3 23,SPATA3 24,SPATA3 25,SPATA3 26,SPATA3 27,SPATA3 28,SPATA3 29,SPATA3 30,SPATA3 31,SPATA3 32,SPATA3 33,SPATA3 34,SPATA3 35,SPATA3 36,SPATA3 37,SPATA3 38,SPATA3 39,SPATA3 40,SPATA3 41,SPATA3 42,SPATA3 43,SPATA3 44,SPATA3 45,SPATA3 46,SPATA3 47,SPATA3 48,SPATA3 49,SPATA3 50,SPATA3 51,SPATA3 52,SPATA3 53,SPATA3 54,SPATA3 55,SPATA3 56,SPATA3 57,SPATA3 58,SPATA3 59,SPATA3 60,SPATA3 61,SPATA3 62,SPATA3 63,SPATA3 64,SPATA3 65,SPATA3 66,SPATA3 67,SPATA3 68,SPATA3 69,SPATA3 70,SPATA3 71,SPATA3 72,SPATA3 73,SPATA3 74,SPATA3 75,SPATA3 76,SPATA3 77,SPATA3 78,SPATA3 79,SPATA3 80,SPATA3 81,SPATA3 82,SPATA3 83,SPATA3 84,SPATA3 85,SPATA3 86,SPATA3 87,SPATA3 88,SPATA3 89,SPATA3 90,SPATA3 91,SPATA3 92,SPATA3 93,SPATA3 94,SPATA3 95,SPATA3 96,SPATA3 97,SPATA3 98,SPATA3 99,SPATA3 100,SPATA3 101,SPATA3 102,SPATA3 103,SPATA3 104,SPATA3 105,SPATA3 106,SPATA3 107,SPATA3 108,SPATA3 109,SPATA3 110,SPATA3 111,SPATA3 112,SPATA3 113,SPATA3 114,SPATA3 115,SPATA3 116,SPATA3 117,SPATA3 118,SPATA3 119,SPATA3 120,SPATA3 121,SPATA3 122,SPATA3 123,SPATA3 124,SPATA3 125,SPATA3 126,SPATA3 127,SPATA3 128,SPATA3 129,SPATA3 130,SPATA3 131,SPATA3 132,SPATA3 133,SPATA3 134,SPATA3 135,SPATA3 136,SPATA3 137,SPATA3 138,SPATA3 139,SPATA3 140,SPATA3 141,SPATA3 142,SPATA3 143,SPATA3 144,SPATA3 145,SPATA3 146,SPATA3 147,SPATA3 148,SPATA3 149,SPATA3 150,SPATA3 151,SPATA3 152,SPATA3 153,SPATA3 154,SPATA3 155,SPATA3 156,SPATA3 157,SPATA3 158,SPATA3 159,SPATA3 160,SPATA3 161,SPATA3 162,SPATA3 163,SPATA3 164,SPATA3 165,SPATA3 166,SPATA3 167,SPATA3 168,SPATA3 169,SPATA3 170,SPATA3 171,SPATA3 172,SPATA3 173,SPATA3 174,SPATA3 175,SPATA3 176,SPATA3 177,SPATA3 178
Chrysochloris_asiatica,M,R,K,G,K,R,K,R,P,G,A,R,R,-,R,D,S,A,S,H,N,S,L,E,S,T,-,-,-,-,-,-,S,A,P,Q,-,-,-,-,-,-,-,-,-,-,-,-,-,-,-,-,-,-,S,S,S,E,S,A,L,P,A,L,P,A,P,E,-,-,-,-,-,-,-,-,-,-,-,-,-,-,-,-,-,-,-,-,-,L,T,P,V,G,P,H,S,C,A,C,V,P,C,P,G,S,S,A,C,C,R,H,L,G,Q,C,H,S,R,I,C,D,T,L,M,P,R,D,W,H,P,L,P,G,R,G,I,P,S,L,L,T,F,Y,R,R,S,G,R,K,H,S,F,Y,R,S,A,R,A,P,G,S,R,D,R,C,C,G,S,G,N,P,G,S,C,F,L,H,H
Balaenoptera_acutorostrata_scammoni,M,K,K,G,K,R,Q,K,S,E,A,R,R,-,R,G,S,T,S,Q,R,A,S,E,S,S,P,Q,Q,S,S,E,S,S,S,Q,Q,P,I,S,R,S,S,P,P,P,S,P,-,-,-,-,-,Q,P,S,S,E,S,V,P,Q,A,L,P,A,P,E,L,R,R,S,A,R,G,V,V,S,P,D,T,D,T,K,A,S,P,R,S,V,T,R,A,G,P,R,P,C,S,C,S,A,C,P,G,S,S,A,C,W,R,R,L,G,P,C,H,S,R,I,F,D,V,L,L,P,L,A,W,P,P,M,P,G,R,R,F,P,N,F,L,T,F,Y,R,R,P,A,S,K,H,S,T,H,R,N,S,R,A,P,S,P,R,D,C,C,C,G,S,G,S,P,G,S,C,L,L,H,H
Balaenoptera_musculus,M,K,K,G,K,R,Q,K,S,E,A,R,R,-,R,G,S,T,S,Q,R,A,S,E,S,S,P,Q,Q,S,S,E,S,S,S,Q,Q,P,I,S,R,S,S,P,P,P,S,P,-,-,-,-,-,Q,P,S,S,E,S,V,P,Q,A,L,P,A,P,E,L,G,R,S,A,R,G,V,V,S,P,D,T,D,T,K,A,S,P,R,S,V,T,P,A,G,P,R,P,C,S,C,S,A,C,P,G,S,S,A,C,W,R,R,L,G,L,C,H,S,R,I,F,D,V,L,L,P,R,A,W,P,T,M,P,G,R,R,F,P,N,F,L,T,F,Y,R,R,P,A,S,K,H,S,T,H,R,N,S,R,A,P,S,P,R,D,C,C,C,G,S,G,S,P,G,N,C,L,L,H,H
Echinops_telfairi,M,R,K,G,K,R,K,G,H,D,S,R,R,-,R,D,S,A,T,-,-,-,-,-,-,-,-,-,-,-,-,-,-,-,-,-,-,-,-,-,-,-,-,-,-,-,-,-,-,-,-,-,-,H,P,S,M,E,S,V,L,Q,A,L,P,A,P,E,I,S,R,P,T,D,C,L,L,P,L,D,-,-,-,-,-,-,-,-,-,-,-,-,-,-,-,-,S,C,T,C,I,P,C,P,G,S,S,A,C,C,H,R,L,G,Q,C,H,C,R,I,N,D,V,L,-,-,-,-,-,-,-,V,P,G,R,G,T,P,S,L,L,T,F,Y,R,R,S,G,R,K,H,S,F,H,R,N,P,R,A,P,S,S,R,D,S,S,C,G,P,G,G,P,G,R,C,L,L,H,H
Delphinapterus_leucas,M,K,K,G,K,G,Q,K,S,K,A,R,R,-,R,G,S,A,S,Q,H,A,S,E,G,T,G,S,S,P,-,-,-,-,-,-,P,P,S,P,P,P,T,P,P,P,S,S,G,V,T,S,-,Q,P,S,S,E,S,V,P,Q,A,L,P,S,P,E,V,S,R,W,A,R,G,V,V,S,P,D,T,G,T,K,A,S,P,R,S,V,T,R,A,G,P,C,A,C,S,C,S,A,C,P,G,S,S,A,C,W,H,R,L,G,L,C,H,S,R,I,F,D,V,L,L,P,R,A,W,P,T,M,P,G,R,G,F,P,N,L,L,T,F,Y,R,R,P,A,S,K,H,S,T,H,R,N,L,R,A,P,S,P,W,D,C,C,C,G,S,G,S,P,G,S,C,L,L,H,H
Globicephala_melas,M,K,K,G,K,G,Q,K,S,K,A,R,R,-,R,G,S,A,S,Q,H,A,S,-,-,-,-,-,-,-,-,-,-,-,-,-,-,-,-,-,-,-,-,-,-,-,-,-,-,-,-,-,-,Q,P,S,S,E,S,V,P,Q,A,L,P,A,P,E,V,S,R,W,A,R,G,V,V,S,P,D,T,G,T,K,A,S,P,R,S,V,T,Q,A,G,P,R,A,C,S,C,S,A,C,P,G,S,S,A,C,W,H,R,L,G,L,C,H,S,R,I,F,D,V,L,L,P,R,A,W,P,T,M,P,G,R,G,F,P,N,L,L,T,F,Y,R,R,P,A,S,K,H,S,T,H,R,N,L,R,A,P,S,P,W,D,C,C,C,G,S,G,S,P,R,S,C,L,L,H,H
Lagenorhynchus_obliquidens,M,K,K,G,K,G,Q,K,S,K,A,R,R,-,R,G,S,A,S,Q,H,A,S,-,-,-,-,-,-,-,-,-,-,-,-,-,-,-,-,-,-,-,-,-,-,-,-,-,-,-,-,-,-,Q,P,S,S,E,S,V,P,Q,A,L,P,A,P,E,V,S,R,W,A,R,G,V,A,S,P,D,T,G,T,K,A,S,P,R,S,V,T,R,A,G,P,R,A,C,S,C,F,A,C,P,G,S,S,A,C,W,H,R,L,G,L,C,H,S,R,I,F,D,V,L,L,P,R,A,W,P,T,M,P,G,R,G,F,P,N,L,L,T,F,Y,R,R,P,A,S,K,H,S,T,H,R,N,L,R,A,P,S,P,W,D,C,C,C,G,S,G,S,P,R,S,C,L,L,H,H
Lipotes_vexillifer,M,K,K,G,K,V,Q,K,S,E,A,R,R,-,R,G,S,A,S,R,R,A,S,E,C,T,S,-,-,-,-,-,-,-,-,-,-,-,-,-,-,-,-,-,-,-,-,-,-,-,-,-,-,Q,P,S,S,E,S,V,P,Q,A,L,P,A,P,E,V,S,R,S,A,R,G,V,V,A,P,D,T,D,T,K,A,S,P,R,S,V,M,R,A,G,P,R,A,C,S,C,S,A,C,P,Y,S,S,A,C,W,H,R,L,G,L,C,H,S,R,T,F,D,V,L,L,P,R,A,W,P,T,M,L,G,R,G,F,P,N,L,L,T,F,Y,R,R,P,A,S,K,H,S,T,H,G,N,S,R,A,P,S,P,Q,D,C,C,C,G,S,G,S,P,G,S,C,L,L,Y,R
Monodon_monoceros,M,K,K,G,K,G,Q,K,S,K,A,R,R,-,R,G,S,A,S,Q,H,A,S,E,G,T,G,S,S,P,-,-,-,-,-,-,P,P,S,P,P,P,T,P,P,P,S,S,G,V,T,S,-,Q,P,S,S,E,S,V,P,Q,A,L,P,S,P,E,V,S,R,W,A,R,G,V,V,S,P,D,T,G,T,K,A,S,P,R,S,V,T,R,A,G,P,R,A,C,S,C,S,A,C,P,G,S,S,A,C,W,H,R,L,G,L,C,H,S,R,I,F,D,V,L,L,P,R,A,W,P,T,M,P,G,R,G,F,P,N,L,L,T,F,Y,R,R,P,A,S,K,H,S,T,H,R,N,L,R,A,P,S,P,W,D,C,C,C,G,S,G,S,P,G,S,C,L,L,H,P
Neophocaena_asiaeorientalis_asiaeorientalis,M,K,K,G,K,G,Q,K,S,K,A,R,R,-,R,G,S,A,S,Q,H,A,S,E,G,T,G,S,S,P,-,-,-,-,-,-,P,P,S,P,P,P,T,P,P,P,S,S,G,V,T,S,-,Q,P,S,S,E,S,V,P,Q,A,L,P,A,P,E,V,S,R,W,A,Q,G,V,V,S,P,D,T,G,T,K,A,S,P,R,S,V,M,R,A,G,P,R,S,C,S,C,S,A,C,P,G,S,S,A,C,W,H,R,L,G,L,C,H,S,R,I,F,D,V,L,L,P,R,A,W,P,T,M,P,G,R,G,F,P,N,L,L,T,F,Y,R,K,P,A,S,K,H,S,T,H,H,N,-,-,-,-,-,-,-,D,C,C,C,G,S,G,S,P,G,S,C,L,L,H,H
Orcinus_orca,M,K,K,G,K,G,Q,K,S,K,A,R,R,-,R,G,S,A,S,Q,H,A,S,-,-,-,-,-,-,-,-,-,-,-,-,-,-,-,-,-,-,-,-,-,-,-,-,-,-,-,-,-,-,Q,P,S,S,E,S,V,P,Q,A,L,P,A,P,E,V,S,R,-,-,-,-,-,-,-,-,-,-,-,T,K,A,S,P,R,S,V,T,R,A,G,P,R,A,C,S,C,S,A,C,P,G,S,S,A,C,W,H,R,L,G,L,C,H,S,R,I,F,D,V,L,L,P,R,A,W,P,T,M,P,G,R,G,F,P,N,L,L,T,F,Y,R,R,P,A,S,K,H,S,T,H,R,N,L,R,A,P,S,P,W,D,C,C,C,G,S,G,S,P,R,S,C,L,L,H,H
Phocoena_sinus,M,K,K,G,K,G,Q,K,S,K,A,R,R,-,R,G,S,A,S,Q,H,A,S,E,G,T,G,S,S,P,-,-,-,-,-,-,-,-,-,-,-,-,-,-,-,-,-,-,-,-,-,S,-,Q,P,S,S,E,S,V,P,Q,A,L,P,A,P,E,V,S,R,W,A,Q,G,V,V,S,P,D,T,G,T,K,A,S,P,R,S,V,T,R,A,G,P,R,S,C,S,C,S,A,C,P,G,S,S,A,C,W,H,R,L,G,L,C,H,S,R,I,F,D,V,L,L,P,R,A,W,P,T,M,P,G,R,G,F,P,N,L,L,T,F,Y,R,K,P,A,S,K,H,S,T,H,H,N,-,-,-,-,-,-,-,D,C,C,C,G,S,G,S,P,G,S,C,L,L,H,H
Physeter_catodon,M,K,K,G,R,R,Q,K,S,E,A,R,R,-,R,G,P,T,S,Q,R,A,S,E,C,T,P,Q,Q,S,S,E,S,G,S,Q,Q,P,V,S,G,S,S,P,S,-,-,S,G,V,T,S,-,Q,T,S,S,E,S,V,P,Q,A,L,P,A,P,E,V,S,R,W,A,R,G,V,V,S,P,D,T,D,T,K,A,S,P,R,S,V,T,R,A,G,P,R,T,C,S,C,S,T,C,P,G,I,S,A,C,W,R,R,L,G,L,C,H,G,R,I,F,D,V,L,L,P,R,A,W,P,T,T,P,G,R,G,V,P,N,L,L,T,F,Y,R,R,P,T,S,K,H,S,T,H,R,N,S,R,A,P,S,P,R,G,C,C,C,G,S,G,N,P,G,S,C,P,P,H,H
Tursiops_truncatus,M,K,K,G,K,G,Q,K,S,K,A,R,R,-,R,G,S,A,S,Q,H,A,S,-,-,-,-,-,-,-,-,-,-,-,-,-,-,-,-,-,-,-,-,-,-,-,-,-,-,-,-,-,-,Q,P,S,S,E,S,V,P,Q,A,L,P,A,P,E,V,S,R,W,A,R,G,V,A,S,P,D,T,G,T,K,A,S,P,R,S,V,T,R,A,G,P,R,T,C,S,C,S,A,C,P,G,S,S,A,C,W,H,R,L,G,L,C,H,S,R,I,F,D,V,L,L,P,R,A,W,P,T,M,P,G,R,G,F,P,N,L,L,T,F,Y,R,R,P,A,S,K,H,S,T,H,R,N,L,R,A,P,S,P,W,D,C,C,C,G,S,G,S,P,R,S,C,L,L,H,H
Acinonyx_jubatus,M,R,K,G,K,K,K,K,P,E,S,R,R,-,R,G,S,T,P,Q,H,A,-,-,-,-,-,-,-,-,-,-,-,-,-,-,H,A,S,S,E,S,T,P,R,P,S,P,G,S,T,P,-,Q,P,S,S,G,S,A,P,Q,A,L,P,A,P,E,S,R,P,S,A,R,-,-,L,P,P,D,P,T,T,K,A,P,S,R,S,L,T,R,A,G,P,R,A,C,S,C,S,A,C,P,G,S,S,A,C,W,R,R,L,G,P,C,H,S,R,I,F,D,V,L,L,P,L,P,W,P,T,M,P,G,R,G,F,P,S,L,L,T,F,-,-,-,-,-,-,-,-,-,-,-,-,-,-,-,-,-,-,-,-,-,-,-,-,-,-,-,-,-,-,-,-,-,-,-,-
Acomys_russatus,M,K,K,V,K,K,K,K,A,E,S,R,R,R,R,D,S,T,S,P,Q,A,S,D,S,S,S,S,E,T,P,P,A,C,P,E,P,V,S,P,-,-,-,-,-,P,C,Q,E,S,T,P,Q,Q,V,N,P,E,P,T,Q,Q,A,L,R,K,A,-,-,-,-,-,-,-,-,-,-,-,-,-,-,-,-,-,-,-,-,G,A,L,T,Y,V,A,P,P,S,C,S,C,A,A,C,P,G,S,S,T,C,W,R,R,L,G,L,C,H,S,R,I,S,D,V,L,L,P,R,D,C,Q,A,I,P,G,R,G,F,P,N,L,L,T,F,Y,R,F,P,S,-,-,-,-,-,-,-,-,-,-,-,-,-,-,-,-,-,-,-,-,-,-,-,-,-,-,-,-,-,-,-
Arvicanthis_niloticus,M,K,K,V,K,K,K,K,S,D,S,R,R,R,R,N,S,I,S,P,Q,T,S,D,S,S,S,S,E,T,P,P,S,C,P,E,P,A,S,P,-,P,Q,P,Q,P,-,-,-,-,-,-,-,-,-,-,-,-,-,-,-,-,-,-,-,-,-,-,-,-,-,-,-,-,-,-,-,-,-,-,-,-,-,-,-,-,-,-,-,L,T,Y,L,A,P,R,S,C,P,C,V,A,C,P,G,S,S,A,C,W,R,R,L,G,L,C,H,S,R,I,F,D,V,L,L,P,R,D,W,S,S,M,P,G,R,G,F,P,N,L,L,T,F,Y,R,K,P,S,R,K,Y,C,I,S,R,N,S,R,A,S,S,S,R,N,C,C,C,G,S,G,S,P,G,S,C,L,L,H,G
Bison_bison_bison,M,K,K,G,K,R,K,K,S,E,T,R,R,-,R,G,S,T,S,R,H,A,S,E,S,T,P,Q,Q,S,S,E,S,S,S,Q,Q,P,V,S,G,P,S,P,L,P,S,P,K,P,T,S,Q,Q,P,S,S,N,S,A,R,R,A,L,P,A,P,E,V,K,A,S,S,R,-,-,-,-,-,-,-,-,-,-,S,R,K,A,A,L,I,R,V,G,P,R,A,C,S,C,S,I,C,P,G,S,S,A,C,W,R,R,L,G,L,C,H,S,R,I,F,D,V,L,L,P,R,A,W,P,T,M,S,G,R,G,F,P,N,L,L,T,F,Y,R,R,P,S,R,K,H,S,T,H,H,N,S,R,A,P,S,P,R,N,C,C,C,G,S,G,S,P,R,S,C,L,L,H,P
Bos_indicus,M,K,K,G,K,R,K,K,S,E,T,R,R,-,R,G,S,T,S,R,H,A,S,E,S,T,P,Q,Q,S,S,E,S,S,S,Q,Q,P,V,S,G,S,S,P,P,P,S,P,K,P,T,S,Q,Q,P,S,S,N,S,A,R,R,A,L,P,A,P,E,V,K,A,S,S,R,-,-,-,-,-,-,-,-,-,-,S,R,K,A,A,L,I,R,V,G,P,R,A,C,S,C,S,I,C,P,G,S,S,A,C,W,R,R,L,G,L,C,H,S,R,I,F,D,V,L,L,P,R,A,W,P,T,M,S,G,R,G,F,P,N,L,L,T,F,Y,R,R,P,S,R,K,H,S,T,H,R,N,S,R,A,P,S,P,R,N,C,C,C,G,S,G,S,P,R,S,C,L,L,H,P
Bos_mutus,M,K,K,G,K,R,K,K,S,E,T,R,R,-,R,G,S,T,S,R,H,A,S,E,S,T,P,Q,Q,S,S,E,S,S,S,Q,Q,P,V,S,G,P,S,P,P,P,S,P,K,P,T,S,Q,Q,P,S,S,N,S,A,R,R,A,L,P,A,P,E,V,K,A,S,S,R,-,-,-,-,-,-,-,-,-,-,S,R,K,A,A,L,I,R,V,G,P,R,A,C,S,C,S,I,C,P,G,S,S,A,C,W,R,R,L,G,L,C,H,S,R,I,F,D,V,L,L,P,R,A,W,P,T,M,S,G,R,G,F,P,N,L,L,T,F,Y,R,R,P,S,R,K,H,S,T,H,R,N,S,R,A,P,S,P,R,N,C,C,C,G,S,G,S,P,R,S,C,L,L,H,P
Bos_taurus,-,-,-,-,-,-,-,-,-,-,-,-,-,-,-,-,-,-,-,-,-,-,-,-,-,-,-,-,-,-,-,-,-,-,-,-,-,-,-,-,-,-,-,-,-,-,-,-,-,-,-,-,-,-,-,-,-,-,-,-,-,-,-,-,-,-,-,-,-,-,-,-,-,-,-,-,-,-,-,-,-,-,-,-,-,-,-,-,-,-,-,-,-,-,-,-,-,-,-,-,-,-,-,-,-,-,-,-,-,-,-,-,-,-,-,-,-,-,-,-,-,-,-,-,-,-,-,-,-,-,-,-,-,-,-,-,-,-,-,-,-,-,-,-,-,-,-,-,-,-,-,-,-,-,-,-,-,-,-,-,-,-,-,-,-,-,-,-,-,-,-,-,-,-,-,-,-,-,-
Bubalus_bubalis,-,-,-,-,-,-,-,-,-,-,-,-,-,-,-,-,-,-,-,-,-,-,-,-,-,-,-,-,-,-,-,-,-,-,-,-,-,-,-,-,-,-,-,-,-,-,-,-,-,-,-,-,-,-,-,-,-,-,-,-,-,-,-,-,-,-,-,-,-,-,-,-,-,-,-,-,-,-,-,-,-,-,-,-,-,-,-,-,-,-,-,-,-,-,-,-,-,-,-,-,-,-,-,-,-,-,-,-,-,-,-,-,-,-,-,-,-,-,-,-,-,-,-,-,-,-,-,-,-,-,-,-,-,-,-,-,-,-,-,-,-,-,-,-,-,-,-,-,-,-,-,-,-,-,-,-,-,-,-,-,-,-,-,-,-,-,-,-,-,-,-,-,-,-,-,-,-,-,-
Budorcas_taxicolor,M,K,K,G,K,R,K,K,S,E,T,R,R,-,R,G,S,T,S,Q,H,A,S,E,S,T,P,Q,Q,S,S,E,S,S,S,Q,Q,P,V,S,G,S,S,P,P,P,S,P,K,P,T,S,Q,Q,P,S,S,N,S,A,P,R,A,L,P,A,P,E,V,K,A,S,S,Q,-,-,-,-,-,-,-,-,-,-,S,R,K,A,A,L,I,R,V,G,P,R,A,C,S,C,S,L,C,P,G,S,S,A,C,W,R,R,L,G,L,C,H,S,R,I,F,D,V,L,L,P,R,A,W,P,T,M,S,G,R,G,F,P,N,L,L,T,F,Y,R,R,P,P,R,K,H,S,T,H,R,N,S,R,A,P,S,P,R,N,C,C,C,G,S,G,S,P,R,S,C,L,L,H,P
Callithrix_jacchus,M,K,K,V,K,K,K,K,S,E,A,R,R,H,R,E,S,T,G,Q,H,P,S,N,S,T,S,Q,Q,S,P,A,S,T,P,Q,Q,S,S,P,A,S,T,-,-,-,-,-,Q,S,S,P,Q,Q,S,S,L,E,T,A,S,Q,A,F,L,A,P,E,V,R,R,S,S,R,C,L,L,S,P,D,A,N,V,K,A,S,P,Q,S,L,T,H,A,A,P,R,S,C,S,Y,A,T,C,P,C,S,S,A,C,W,R,R,L,G,L,C,H,S,R,I,F,D,I,L,L,P,R,D,W,Q,M,A,P,G,R,R,L,P,N,L,L,T,F,Y,R,G,S,S,R,K,P,S,S,H,R,N,A,C,P,S,S,P,Q,N,C,G,C,G,S,G,G,S,G,S,C,L,L,H,H
Camelus_bactrianus,M,K,K,G,K,K,K,K,S,E,S,R,R,-,R,G,S,T,S,Q,R,A,S,E,S,T,P,Q,Q,S,S,E,S,S,S,Q,Q,P,I,S,G,S,T,P,G,-,-,-,-,-,-,-,-,-,-,-,-,-,-,-,S,Q,A,L,P,A,P,E,V,S,H,S,A,G,G,V,L,S,P,D,T,D,T,K,A,S,P,R,S,L,T,R,A,G,P,R,A,C,S,C,S,T,C,P,G,S,L,A,C,W,R,R,L,G,L,C,H,S,R,I,F,D,V,L,L,P,R,A,W,P,S,M,P,G,R,A,F,P,N,L,L,T,F,Y,R,R,P,T,R,K,H,S,A,H,R,N,S,H,A,P,S,P,R,D,C,C,C,G,S,G,G,P,G,S,C,L,L,H,H
Camelus_dromedarius,M,K,K,G,K,K,K,K,S,E,S,R,R,-,R,G,S,T,S,Q,R,A,S,E,S,T,P,Q,Q,S,S,E,S,S,S,Q,Q,P,I,S,G,S,T,P,L,S,S,P,G,P,T,P,Q,P,Q,H,N,E,S,G,P,Q,A,L,P,A,P,E,V,S,H,S,A,G,G,V,L,S,P,D,T,D,T,K,A,S,P,R,S,-,-,-,-,-,-,-,-,-,-,-,-,-,-,-,-,-,-,-,-,-,-,-,-,-,-,-,-,-,-,-,-,-,-,-,-,-,-,-,-,-,-,-,-,-,-,-,-,-,-,-,-,-,-,-,-,R,P,T,R,K,H,S,A,H,R,N,S,H,A,P,S,P,R,D,C,C,C,G,S,G,G,P,G,S,C,L,L,H,H
Camelus_ferus,M,K,K,G,K,K,K,K,S,E,S,R,R,-,R,G,S,T,S,Q,R,A,S,E,S,T,P,Q,Q,S,S,E,S,S,S,Q,Q,P,I,S,G,S,T,P,G,-,-,-,-,-,-,-,-,-,-,-,-,-,-,-,P,Q,A,L,P,A,P,E,V,S,H,S,A,G,G,V,L,S,P,D,T,D,T,K,A,S,P,R,S,L,T,R,A,G,P,R,A,C,S,C,S,T,C,P,G,S,L,A,C,W,R,R,L,G,L,C,H,S,R,I,F,D,V,L,L,P,R,A,W,P,S,M,P,G,R,A,F,P,N,L,L,T,F,Y,R,R,P,T,R,K,H,S,A,H,R,N,S,H,A,P,S,P,R,D,C,C,C,G,S,G,G,P,G,S,C,L,L,H,H
Capra_hircus,-,-,-,-,-,-,-,-,-,-,-,-,-,-,-,-,-,-,-,-,-,-,-,-,-,-,-,-,-,-,-,-,-,-,-,-,-,-,-,-,-,-,-,-,-,-,-,-,-,-,-,-,-,-,-,-,-,-,-,-,-,-,-,-,-,-,-,-,-,-,-,-,-,-,-,-,-,-,-,-,-,-,-,-,-,-,-,-,-,-,-,-,-,-,-,-,-,-,-,-,-,-,-,-,-,-,-,-,-,-,-,-,-,-,-,-,-,-,-,-,-,-,-,-,-,-,-,-,-,-,-,-,-,-,-,-,-,-,-,-,-,-,-,-,-,-,-,-,-,-,-,-,-,-,-,-,-,-,-,-,-,-,-,-,-,-,-,-,-,-,-,-,-,-,-,-,-,-,-
Cebus_imitator,M,K,K,V,K,K,K,R,S,E,A,R,R,H,R,E,S,T,G,Q,H,P,S,N,S,T,S,Q,Q,S,P,E,S,T,P,Q,Q,P,S,P,E,S,T,P,Q,P,S,P,E,S,T,P,Q,Q,S,S,L,E,T,A,S,Q,A,L,P,A,P,E,V,R,R,S,S,R,C,L,F,S,P,N,A,N,V,K,A,S,P,Q,S,L,T,H,A,A,P,H,S,C,S,Y,A,T,C,P,C,S,S,A,C,W,R,R,L,G,L,C,H,S,R,I,F,D,V,L,L,P,R,D,W,Q,M,V,P,G,R,G,L,P,N,L,L,T,F,Y,R,R,S,S,R,K,P,S,S,H,R,N,A,C,P,P,S,P,R,N,C,G,C,G,A,G,G,S,G,S,C,L,L,H,H
Ceratotherium_simum_simum,M,K,K,G,K,R,K,K,P,E,A,R,R,-,R,G,S,S,S,Q,H,T,S,E,S,T,S,Q,Q,S,S,E,P,S,P,Q,Q,P,G,S,G,S,A,P,-,-,-,-,-,-,-,-,-,-,-,-,-,-,-,A,P,Q,A,L,P,A,P,E,V,S,H,S,A,Q,G,P,L,P,P,D,T,D,T,K,A,A,P,Q,S,L,T,R,A,G,P,R,P,C,S,C,S,A,C,P,G,S,S,A,C,W,R,R,L,G,L,C,H,S,H,I,F,D,V,L,L,P,R,A,W,P,T,M,P,G,R,G,L,P,N,L,L,T,F,Y,R,R,P,S,R,K,P,S,V,H,R,N,A,R,A,P,S,P,R,D,C,C,C,G,S,G,G,P,G,S,C,L,L,H,H
Cercocebus_atys,M,K,K,V,K,K,K,R,S,E,A,K,R,H,R,D,S,T,P,Q,H,A,S,N,S,T,S,Q,Q,S,P,E,S,T,P,Q,E,P,S,P,E,S,T,P,Q,P,S,P,E,S,T,P,Q,Q,S,S,L,E,T,A,S,Q,A,L,P,A,P,E,I,R,R,S,S,R,C,L,L,S,P,D,A,N,M,K,A,A,P,Q,S,L,T,R,A,G,P,H,S,C,S,C,A,T,C,P,C,S,S,A,C,W,R,R,L,G,L,C,H,S,R,I,F,D,V,L,L,P,R,D,W,Q,M,A,P,G,R,G,L,P,N,L,L,T,F,Y,R,K,P,S,R,K,P,S,S,H,R,N,T,C,P,P,S,P,R,N,C,G,C,G,S,G,G,S,R,S,C,L,L,H,H
Cervus_canadensis,M,K,K,G,K,R,K,K,S,E,T,R,R,-,R,G,S,T,S,Q,R,A,S,E,S,T,P,Q,Q,S,S,E,S,S,S,Q,Q,P,V,S,G,S,S,P,P,P,S,P,K,P,T,A,Q,Q,H,S,S,N,S,A,P,R,A,L,P,A,P,E,V,K,A,S,S,R,-,-,-,-,-,-,-,-,-,-,S,R,K,A,A,L,V,R,V,G,P,R,A,C,S,C,S,V,C,P,G,S,S,A,C,W,R,R,L,G,L,C,H,S,R,I,F,D,V,L,L,P,R,A,W,P,T,M,S,G,R,G,F,P,N,L,L,T,F,Y,R,R,P,S,R,K,H,S,T,H,R,N,S,R,A,P,S,P,R,N,C,C,C,G,S,G,S,P,R,S,C,L,L,H,P
Chlorocebus_sabaeus,M,K,K,V,K,K,K,R,S,E,A,K,R,H,R,D,S,T,S,Q,H,A,S,N,S,T,S,Q,Q,S,P,E,S,T,P,Q,E,P,S,P,E,S,T,P,R,P,S,P,E,S,T,P,Q,Q,S,S,L,E,T,A,S,Q,A,L,P,A,P,E,I,R,R,S,S,R,C,L,L,S,P,D,A,N,M,K,A,A,P,Q,S,L,T,H,A,G,P,H,S,C,S,C,A,T,C,P,C,S,S,A,C,W,R,R,L,G,L,C,H,S,R,I,F,D,V,L,L,P,R,D,W,Q,M,A,P,G,R,G,L,P,N,L,L,T,F,Y,R,K,P,S,R,K,P,S,S,H,R,N,T,C,P,P,S,P,R,N,C,G,C,G,S,G,G,S,R,S,C,L,L,H,H
Colobus_angolensis_palliatus,M,K,K,V,K,K,K,R,S,E,A,K,R,H,R,D,S,T,S,Q,H,A,S,N,S,T,S,Q,Q,S,P,E,S,T,P,Q,Q,P,S,P,E,S,T,P,R,P,S,P,E,S,T,P,Q,Q,S,S,L,E,T,A,A,Q,A,L,P,A,P,K,I,R,R,S,S,R,C,L,L,S,P,D,A,N,T,K,A,A,P,Q,S,L,I,R,A,D,P,H,S,C,S,C,A,T,C,P,C,S,S,A,C,W,R,R,L,G,L,C,H,S,R,I,F,D,V,L,L,P,R,D,W,Q,M,V,P,G,R,G,L,P,N,L,L,T,F,Y,R,K,P,S,R,K,P,S,S,H,R,N,T,C,P,P,S,P,R,N,C,G,C,G,S,G,G,S,R,S,C,L,L,H,H
Condylura_cristata,M,K,K,G,K,R,K,N,S,K,A,R,R,-,R,G,S,T,S,Q,H,A,S,E,S,T,P,Q,Q,S,I,E,A,S,P,Q,Q,S,S,C,G,A,T,P,Q,T,A,P,-,-,-,-,-,-,-,-,-,-,-,-,-,-,-,-,-,-,-,-,-,-,-,-,-,-,-,-,-,-,-,-,-,-,-,-,-,-,-,-,-,Q,P,N,S,G,S,T,P,C,S,C,S,A,C,P,G,N,S,A,C,W,R,H,L,G,V,C,H,S,R,I,F,D,A,L,L,P,R,A,W,P,T,M,P,G,R,D,L,P,N,L,L,T,F,Y,R,R,P,A,R,K,H,S,S,H,R,N,P,R,A,P,S,S,R,D,C,C,C,S,S,G,G,P,G,R,C,V,L,H,R
Elephas_maximus_indicus,M,K,K,G,K,R,K,K,S,D,T,R,R,-,R,G,S,T,S,Q,H,P,S,E,S,T,P,P,Q,S,Y,D,S,A,P,Q,P,P,S,S,E,S,T,-,-,-,-,-,-,-,-,-,-,-,P,S,S,E,S,E,S,N,A,L,P,A,P,E,I,S,H,P,T,Q,C,L,L,P,L,D,N,S,T,K,V,A,S,P,S,L,T,H,V,G,P,H,T,C,F,C,V,P,C,P,G,S,F,A,C,W,R,R,L,G,Q,C,H,S,R,I,F,D,V,L,M,P,R,D,W,H,L,L,P,G,R,G,I,P,S,L,L,T,F,Y,R,R,S,G,R,K,H,S,V,S,R,N,S,R,A,P,S,S,R,D,R,C,C,S,S,G,S,P,G,S,C,L,L,H,H
Enhydra_lutris_kenyoni,M,R,K,G,K,R,K,K,Q,E,S,R,R,-,H,G,S,T,S,Q,R,T,S,E,S,T,P,Q,Q,S,P,A,S,T,P,Q,Q,P,S,P,R,S,S,P,E,P,S,P,A,S,T,P,Q,-,-,H,S,V,S,A,P,Q,A,L,P,A,P,E,T,N,S,S,T,R,G,L,L,P,Q,D,T,N,T,K,A,S,S,R,S,V,T,R,A,G,P,R,A,C,S,C,S,T,C,P,G,S,S,A,C,W,R,R,L,G,L,C,H,S,R,I,F,D,V,L,L,P,R,V,W,P,T,M,P,G,R,G,S,P,S,L,L,T,F,Y,R,K,P,T,R,K,H,S,T,H,R,N,S,R,A,P,S,S,R,D,C,C,C,G,S,G,G,P,R,S,C,L,L,H,H
Equus_asinus,-,-,-,-,-,-,-,-,-,-,-,-,-,-,-,-,-,-,-,-,-,-,-,-,-,-,-,-,-,-,-,-,-,-,-,-,-,-,-,-,-,-,-,-,-,-,-,-,-,-,-,-,-,-,-,-,-,-,-,-,-,-,-,-,-,-,-,-,-,-,-,-,-,-,-,-,-,-,-,-,-,-,-,-,-,-,-,-,-,-,-,-,-,-,-,-,-,-,-,-,-,-,-,-,-,-,-,-,-,-,-,-,-,-,-,-,-,-,-,-,-,-,-,-,-,-,-,-,-,-,-,-,-,-,-,-,-,-,-,-,-,-,-,-,-,-,-,-,-,-,-,-,-,-,-,-,-,-,-,-,-,-,-,-,-,-,-,-,-,-,-,-,-,-,-,-,-,-,-
Equus_przewalskii,M,K,K,G,K,R,K,K,T,E,T,K,R,-,H,G,S,T,S,H,H,S,S,E,S,S,P,Q,Q,S,S,E,S,S,P,R,Q,P,S,S,A,A,T,L,Q,P,A,P,-,-,-,-,-,Q,P,S,S,E,S,A,P,Q,A,I,P,A,P,E,V,N,T,S,A,R,G,P,V,P,Q,D,T,D,A,K,A,S,S,R,S,L,T,R,A,G,P,H,P,C,S,C,A,A,C,P,S,R,S,A,C,W,R,R,L,G,L,C,H,S,H,I,F,D,V,L,L,P,R,A,W,P,T,I,P,G,R,E,L,P,N,L,L,T,F,Y,R,R,P,T,R,K,L,S,I,H,R,N,S,R,A,P,S,P,R,D,C,C,C,G,S,G,G,P,G,S,C,L,L,H,H
Equus_quagga,M,K,K,G,K,R,K,K,T,E,T,K,R,-,H,G,S,T,S,H,H,S,S,E,S,S,P,Q,Q,S,S,E,S,S,P,R,Q,P,S,S,A,A,T,L,Q,P,A,P,-,-,-,-,-,Q,P,S,S,E,S,A,P,Q,A,I,P,A,P,E,V,N,T,S,A,R,G,P,V,P,Q,D,T,D,A,K,A,S,S,R,S,L,T,R,A,G,P,H,P,C,S,C,A,A,C,P,S,R,S,A,C,W,R,R,L,G,L,C,H,S,H,I,F,D,V,V,L,P,R,A,W,P,T,I,P,G,R,E,L,P,N,L,L,T,F,Y,R,R,P,T,R,K,L,S,I,H,R,N,S,R,A,P,S,P,R,D,C,C,C,G,S,G,G,P,G,S,C,L,L,H,H
Gorilla_gorilla_gorilla,M,K,K,V,K,K,K,R,S,E,A,R,R,H,R,D,S,T,S,Q,H,A,S,N,S,T,S,Q,Q,S,P,E,S,T,P,Q,Q,P,S,P,E,S,T,P,Q,P,S,P,E,S,T,P,Q,H,S,S,L,E,T,A,S,Q,A,L,P,A,P,E,I,R,R,S,S,C,C,L,L,S,P,E,A,N,M,K,A,A,P,Q,S,L,T,R,A,G,P,H,S,C,S,C,A,T,C,P,C,S,S,A,C,W,R,R,L,G,L,C,H,S,H,I,F,D,V,L,L,P,R,D,W,Q,M,A,P,G,R,G,L,P,N,L,L,T,F,Y,R,K,S,A,R,K,P,S,S,H,R,N,A,C,P,P,S,P,R,N,C,G,C,G,S,G,G,S,R,S,C,L,L,H,H
Halichoerus_grypus,M,R,K,G,K,R,K,K,P,E,S,R,R,-,R,G,S,T,S,Q,R,A,S,E,S,T,P,Q,N,S,S,E,S,T,P,Q,H,A,S,S,E,S,T,P,Q,P,S,P,G,S,T,P,Q,Q,P,S,P,G,S,T,P,-,-,-,P,A,P,E,T,N,S,S,T,Q,G,L,L,P,Q,D,T,N,T,K,A,S,S,R,S,V,A,R,A,G,P,R,A,C,S,C,S,T,C,P,G,S,S,A,C,W,R,R,L,G,L,C,H,S,R,I,F,D,V,L,L,P,R,V,W,P,T,M,P,G,R,G,S,P,S,L,L,T,F,Y,R,K,P,T,R,K,H,S,T,H,R,N,S,R,A,P,S,S,R,D,C,C,C,G,S,G,S,P,R,S,C,L,L,H,H
Homo_sapiens,M,K,K,V,K,K,K,R,S,E,A,R,R,H,R,D,S,T,S,Q,H,A,S,N,S,T,S,Q,Q,S,P,E,S,T,P,Q,Q,P,S,P,E,S,T,P,Q,P,S,P,E,S,T,P,Q,H,S,S,L,E,T,A,F,Q,A,L,P,A,P,E,I,R,R,S,S,C,C,L,L,S,P,D,A,N,V,K,A,A,P,Q,S,L,I,R,A,G,P,H,S,C,S,C,A,T,C,P,C,S,S,A,C,W,R,R,L,G,L,C,H,S,R,I,F,D,V,L,L,P,R,D,W,Q,M,A,P,G,R,G,L,P,N,L,L,T,F,Y,R,K,S,S,R,K,P,S,S,H,R,N,A,C,P,P,S,P,R,N,C,G,C,G,S,G,G,S,R,S,C,L,L,H,H
Hylobates_moloch,M,K,K,V,K,K,K,R,S,E,A,R,R,H,R,D,S,T,S,Q,H,A,S,N,S,T,S,Q,Q,T,P,E,S,T,P,Q,Q,P,S,P,E,S,T,-,Q,P,S,P,E,S,T,-,Q,Q,S,S,L,E,T,A,S,Q,A,L,P,A,P,K,I,R,R,S,S,H,C,L,L,S,P,D,A,N,V,K,A,A,P,Q,S,L,T,R,A,G,P,H,S,C,S,C,A,T,C,P,C,S,S,A,C,W,R,R,L,G,L,C,H,S,R,I,F,D,V,L,L,P,W,D,W,Q,M,A,P,G,R,G,L,P,N,L,L,T,F,Y,R,K,P,S,R,K,P,S,S,H,R,N,A,C,P,P,S,P,R,N,C,G,C,G,S,G,G,S,R,S,G,L,L,H,H
Ictidomys_tridecemlineatus,-,-,-,-,-,-,-,-,-,-,-,-,-,-,-,-,-,-,-,-,-,-,-,-,-,-,-,-,-,-,-,-,-,-,-,-,-,-,-,-,-,-,-,-,-,-,-,-,-,-,-,-,-,-,-,-,-,-,-,-,-,-,-,-,-,-,-,-,-,-,-,-,-,-,-,-,-,-,-,-,-,-,-,-,-,-,-,-,-,-,-,-,-,-,-,-,-,-,-,-,-,-,-,-,-,-,-,-,-,-,-,-,-,-,-,-,-,-,-,-,-,-,-,-,-,-,-,-,-,-,-,-,-,-,-,-,-,-,-,-,-,-,-,-,-,-,-,-,-,-,-,-,-,-,-,-,-,-,-,-,-,-,-,-,-,-,-,-,-,-,-,-,-,-,-,-,-,-,-
Leopardus_geoffroyi,M,R,K,G,K,K,K,K,P,E,S,R,R,-,R,G,S,T,P,Q,H,A,S,E,S,T,P,Q,H,S,S,E,S,T,P,Q,H,A,S,S,E,S,T,P,H,A,S,S,E,S,T,-,-,-,-,-,-,-,A,A,P,Q,A,L,P,A,P,E,S,R,P,S,A,R,-,-,-,-,-,-,-,-,-,K,A,P,S,Q,S,L,T,R,A,G,P,R,A,C,S,C,S,A,C,P,G,S,S,A,C,W,R,R,L,G,L,C,H,S,R,I,F,D,V,L,L,P,L,P,W,P,T,M,P,G,R,G,F,P,S,L,L,T,F,Y,R,E,P,A,R,K,H,S,T,H,R,N,S,R,A,P,S,S,R,A,C,R,C,G,S,G,S,P,G,G,C,L,L,H,H
Loxodonta_africana,M,K,K,G,K,R,K,K,S,D,T,R,R,-,R,G,S,T,S,Q,H,P,S,E,S,T,P,P,Q,S,Y,D,S,A,P,Q,P,P,S,S,E,S,T,-,-,-,-,-,-,-,-,-,-,-,P,S,S,E,S,E,S,N,A,L,P,A,P,E,I,S,H,P,T,Q,C,L,L,P,L,D,N,S,T,K,V,A,S,E,S,L,T,H,V,G,P,H,T,C,F,C,V,P,C,P,G,S,S,A,C,W,R,R,L,G,Q,C,H,S,R,I,F,D,V,L,M,P,R,D,W,H,L,L,P,G,R,G,I,P,S,L,L,T,F,Y,R,R,S,G,R,K,H,S,V,S,R,N,S,R,A,P,S,S,R,D,R,C,C,S,S,G,S,P,G,S,C,L,L,H,H
Macaca_fascicularis,M,K,K,V,K,K,K,R,S,E,A,K,R,H,R,D,S,T,S,Q,H,A,S,N,S,T,S,Q,Q,S,P,E,S,T,P,Q,E,P,S,P,E,S,T,-,Q,P,S,P,E,S,T,-,Q,Q,S,S,L,E,T,A,S,Q,A,L,P,A,P,E,I,R,R,S,S,R,C,L,L,S,P,D,A,N,M,K,A,A,P,Q,S,L,T,R,A,G,P,H,S,C,S,C,A,T,C,P,C,S,S,A,C,W,R,R,L,G,L,C,H,S,R,I,F,D,V,L,L,P,R,D,W,Q,M,A,P,G,R,G,L,P,N,L,L,T,F,Y,R,K,P,S,R,K,P,S,S,H,R,N,T,C,P,P,S,P,R,N,C,G,C,G,S,G,G,S,R,S,C,L,L,H,H
Macaca_mulatta,M,K,K,V,K,K,K,R,S,E,A,K,R,H,R,D,S,T,S,Q,H,A,S,N,S,T,S,Q,Q,S,P,E,S,T,P,Q,E,P,S,P,E,S,T,-,Q,P,S,P,E,S,T,-,Q,Q,S,S,L,E,T,A,S,Q,A,L,P,A,P,E,I,R,R,S,S,R,C,L,L,S,P,D,A,N,M,K,A,A,P,Q,S,L,T,R,A,G,P,H,S,C,S,C,A,T,C,P,C,S,S,A,C,W,R,R,L,G,L,C,H,S,R,I,F,D,V,L,L,P,R,D,W,Q,M,A,P,G,R,G,L,P,N,L,L,T,F,Y,R,K,P,S,R,K,P,S,S,H,R,N,T,C,P,P,S,P,R,N,C,G,C,G,S,G,G,S,R,S,C,L,L,H,H
Macaca_nemestrina,M,K,K,V,K,K,K,R,S,E,A,K,R,H,R,D,S,T,S,Q,H,A,S,N,S,T,S,Q,Q,S,P,E,S,T,P,Q,E,P,S,P,E,S,T,-,Q,P,S,P,E,S,T,-,Q,Q,S,S,L,E,T,A,S,Q,A,L,P,A,P,E,I,R,R,S,S,R,C,L,L,S,P,D,A,N,M,K,A,A,P,Q,S,L,T,R,A,G,P,H,S,C,S,C,A,T,C,P,C,S,S,A,C,W,R,R,L,G,L,C,H,S,R,I,F,D,V,L,L,P,R,D,W,Q,M,A,P,G,R,G,L,P,N,L,L,T,F,Y,R,K,P,S,R,K,P,S,S,H,R,N,T,C,P,P,S,P,R,N,C,G,C,G,S,G,G,S,R,S,C,L,L,H,H
Macaca_thibetana_thibetana,M,K,K,V,K,K,K,R,S,E,A,K,R,H,R,D,S,T,S,Q,H,A,S,N,S,T,S,Q,Q,S,P,E,S,T,P,Q,E,P,S,P,E,S,T,-,Q,P,S,P,E,S,T,-,Q,Q,S,S,L,E,T,A,S,Q,A,L,P,A,P,E,I,R,R,S,S,R,C,L,L,S,P,D,A,N,M,K,A,A,P,Q,S,L,T,R,A,G,P,H,S,C,S,C,A,T,C,P,C,S,S,A,C,W,R,R,L,G,L,C,H,S,R,I,F,D,V,L,L,P,R,D,W,Q,M,A,P,G,R,G,L,P,N,L,L,T,F,Y,R,K,P,S,R,K,P,S,S,H,R,N,T,C,P,P,S,P,R,N,C,G,C,G,S,G,G,S,R,S,C,L,L,H,H
Mandrillus_leucophaeus,M,K,K,V,K,K,K,R,S,E,A,K,R,H,R,D,S,T,P,Q,H,A,S,N,S,T,S,Q,Q,S,P,E,S,T,P,Q,E,P,S,P,E,S,T,P,Q,P,S,P,E,S,T,P,Q,Q,S,S,L,E,T,A,S,Q,A,L,P,A,P,E,I,R,R,S,S,R,C,L,L,S,P,D,A,N,M,K,A,A,P,Q,S,L,T,R,A,G,P,H,S,C,S,C,A,T,C,P,C,S,S,A,C,W,R,R,L,G,L,C,H,S,R,I,F,D,V,L,L,P,R,D,W,Q,M,A,P,G,R,G,L,P,N,L,L,T,F,Y,R,K,P,S,R,K,P,S,S,H,R,N,T,C,P,P,S,P,R,N,C,G,C,G,S,G,G,S,R,S,C,L,L,H,H
Marmota_flaviventris,M,K,K,S,K,K,K,K,S,E,A,R,P,P,R,D,S,S,S,P,R,G,S,D,S,S,T,S,Q,-,-,-,-,-,-,-,-,-,-,-,-,-,-,-,-,-,-,-,-,-,-,-,-,-,Q,S,S,E,S,K,S,Q,A,L,P,E,P,E,-,-,-,-,-,-,-,-,-,-,-,-,-,-,-,K,A,A,S,S,P,Q,T,Q,V,G,T,Q,T,C,S,C,A,V,C,P,G,S,F,A,C,W,R,R,L,G,L,C,H,R,R,I,F,D,V,L,L,P,Q,H,C,Q,A,M,S,G,R,G,L,P,N,H,L,T,F,Y,R,F,P,S,A,K,R,S,S,R,H,N,S,-,-,-,-,-,-,-,-,-,-,-,-,-,-,-,-,-,-,-,-,-,-
Marmota_marmota_marmota,-,-,-,-,-,-,-,-,-,-,-,-,-,-,-,-,-,-,-,-,-,-,-,-,-,-,-,-,-,-,-,-,-,-,-,-,-,-,-,-,-,-,-,-,-,-,-,-,-,-,-,-,-,-,-,-,-,-,-,-,-,-,-,-,-,-,-,-,-,-,-,-,-,-,-,-,-,-,-,-,-,-,-,-,-,-,-,-,-,-,-,-,-,-,-,-,-,-,-,-,-,-,-,-,-,-,-,-,-,-,-,-,-,-,-,-,-,-,-,-,-,-,-,-,-,-,-,-,-,-,-,-,-,-,-,-,-,-,-,-,-,-,-,-,-,-,-,-,-,-,-,-,-,-,-,-,-,-,-,-,-,-,-,-,-,-,-,-,-,-,-,-,-,-,-,-,-,-,-
Marmota_monax,M,K,K,S,K,K,K,K,S,E,A,R,P,P,R,H,S,S,S,P,R,G,S,D,S,S,T,S,Q,-,-,-,-,-,-,-,-,-,-,-,-,-,-,-,-,-,-,-,-,-,-,-,-,-,Q,S,S,E,S,A,S,Q,A,L,P,E,P,E,-,-,-,-,-,-,-,-,-,-,-,-,-,-,-,K,A,A,S,S,P,Q,T,Q,V,G,T,Q,T,C,S,C,A,V,C,P,G,S,F,A,C,W,R,R,L,G,L,C,H,R,R,I,F,D,V,L,L,P,Q,H,C,Q,A,M,S,G,R,G,L,P,N,H,L,T,F,Y,R,-,P,S,R,K,R,S,S,R,H,N,S,R,A,P,S,P,W,V,C,C,C,G,S,G,G,P,G,S,C,L,L,H,H
Nannospalax_galili,-,-,-,-,-,-,-,-,-,-,-,-,-,-,-,-,-,-,-,-,-,-,-,-,-,-,-,-,-,-,-,-,-,-,-,-,-,-,-,-,-,-,-,-,-,-,-,-,-,-,-,-,-,-,-,-,-,-,-,-,-,-,-,-,-,-,-,-,-,-,-,-,-,-,-,-,-,-,-,-,-,-,-,-,-,-,-,-,-,-,-,-,-,-,-,-,-,-,-,-,-,-,-,-,-,-,-,-,-,-,-,-,-,-,-,-,-,-,-,-,-,-,-,-,-,-,-,-,-,-,-,-,-,-,-,-,-,-,-,-,-,-,-,-,-,-,-,-,-,-,-,-,-,-,-,-,-,-,-,-,-,-,-,-,-,-,-,-,-,-,-,-,-,-,-,-,-,-,-
Neomonachus_schauinslandi,M,R,K,G,K,R,K,K,P,E,S,R,C,-,R,G,S,T,S,Q,R,A,S,E,S,T,P,Q,N,S,S,E,S,T,P,Q,H,A,S,S,E,S,T,P,Q,P,S,P,G,S,T,P,Q,Q,P,S,P,G,S,T,P,-,-,-,P,A,P,E,T,N,S,S,T,R,G,L,L,P,Q,D,T,N,T,K,A,S,S,R,S,V,A,R,A,G,P,R,A,C,S,C,S,T,C,P,G,S,S,A,C,W,R,R,L,G,L,C,H,S,R,I,F,D,V,L,L,P,R,V,W,P,T,M,P,G,R,G,S,P,S,L,L,T,F,Y,R,K,P,T,R,K,H,S,T,H,R,N,S,R,A,P,S,S,R,D,C,C,C,G,S,G,G,P,R,S,C,L,L,H,H
Nomascus_leucogenys,M,K,K,V,K,K,K,R,S,E,A,R,R,H,R,D,S,T,S,Q,H,A,S,N,S,T,S,Q,Q,T,P,E,S,T,P,Q,Q,P,S,P,E,S,T,-,Q,P,S,P,E,S,T,-,Q,Q,S,S,L,E,T,A,S,Q,T,L,P,A,P,E,I,R,R,S,S,H,C,L,L,S,P,D,A,N,V,K,A,A,P,Q,S,L,T,R,A,G,P,H,S,C,S,C,A,T,C,P,C,S,S,A,C,W,R,R,L,G,L,C,H,S,R,I,F,D,V,L,L,P,R,D,W,Q,M,A,P,G,R,G,L,P,N,L,L,T,F,Y,R,K,P,S,R,K,P,S,S,H,R,N,A,C,P,P,S,P,R,N,C,G,C,G,S,G,G,S,R,S,C,L,L,H,H
Ochotona_curzoniae,M,K,K,V,K,K,K,R,S,E,A,K,R,Q,R,D,S,N,S,Q,H,G,S,N,S,T,P,Q,Q,S,L,E,N,P,P,Q,Q,-,-,-,-,-,-,-,-,-,-,-,-,-,-,-,-,-,-,R,P,E,T,A,P,V,A,Q,P,H,P,E,-,-,-,A,A,P,S,L,L,S,P,D,S,N,S,K,A,V,P,Q,S,L,T,H,S,S,P,R,S,C,P,C,A,V,C,P,G,S,S,A,C,W,R,R,L,G,L,C,H,S,R,I,F,D,V,L,L,P,R,D,W,Q,L,V,P,G,R,G,C,P,S,L,L,T,F,Y,R,R,P,S,R,K,H,S,S,H,R,N,T,R,A,P,C,P,R,D,C,G,C,G,S,G,G,P,R,S,C,L,L,H,R
Ochotona_princeps,M,K,K,V,K,K,K,R,S,E,A,K,R,Q,R,D,S,N,S,Q,H,G,S,N,S,T,P,Q,Q,S,L,E,N,P,P,Q,Q,-,-,-,-,-,-,-,-,-,-,-,-,-,-,-,-,-,-,R,P,E,T,A,P,V,A,Q,P,H,P,E,-,-,-,A,A,P,S,L,L,S,P,D,S,N,S,K,A,V,P,Q,S,L,T,H,S,S,P,R,S,C,P,C,A,V,C,P,G,S,S,A,C,W,R,R,L,G,L,C,H,S,R,I,F,D,V,L,L,P,R,D,W,Q,L,V,P,G,R,G,C,P,S,L,L,T,F,Y,R,R,P,S,R,K,H,S,S,H,R,N,T,R,A,P,C,P,R,D,C,G,C,G,S,G,G,P,R,S,C,L,L,H,R
Octodon_degus,M,K,K,V,K,K,K,K,A,E,T,R,R,R,R,E,S,M,S,Q,Q,T,S,D,S,S,E,P,T,P,P,-,-,-,-,-,-,-,-,-,-,-,-,-,Q,P,G,R,E,A,S,A,Q,Q,P,R,P,K,P,E,A,Q,A,L,P,A,P,E,T,R,H,S,A,G,S,L,S,P,S,D,-,-,P,K,A,A,P,P,P,V,T,P,V,G,L,R,L,C,S,C,A,A,C,P,G,S,S,T,C,W,L,R,L,G,L,C,H,S,R,I,F,D,V,L,L,P,R,D,W,Q,G,V,P,G,R,G,F,P,N,L,L,T,F,Y,R,K,P,P,R,K,H,C,I,P,R,N,S,R,A,P,S,P,R,D,C,G,C,G,S,G,G,P,G,S,C,L,L,H,H
Ovis_aries,-,-,-,-,-,-,-,-,-,-,-,-,-,-,-,-,-,-,-,-,-,-,-,-,-,-,-,-,-,-,-,-,-,-,-,-,-,-,-,-,-,-,-,-,-,-,-,-,-,-,-,-,-,-,-,-,-,-,-,-,-,-,-,-,-,-,-,-,-,-,-,-,-,-,-,-,-,-,-,-,-,-,-,-,-,-,-,-,-,-,-,-,-,-,-,-,-,-,-,-,-,-,-,-,-,-,-,-,-,-,-,-,-,-,-,-,-,-,-,-,-,-,-,-,-,-,-,-,-,-,-,-,-,-,-,-,-,-,-,-,-,-,-,-,-,-,-,-,-,-,-,-,-,-,-,-,-,-,-,-,-,-,-,-,-,-,-,-,-,-,-,-,-,-,-,-,-,-,-
Pan_paniscus,M,K,K,V,K,K,K,R,S,E,A,R,R,H,R,D,S,T,S,Q,H,A,S,N,S,T,S,-,-,-,-,-,-,-,-,Q,Q,P,S,P,E,S,T,P,Q,P,S,P,E,S,T,P,Q,H,S,S,L,E,T,A,S,Q,A,L,P,A,P,E,I,R,R,S,S,R,C,L,L,S,P,D,A,N,V,K,A,A,P,Q,S,L,T,R,A,G,P,H,S,C,S,C,A,T,C,P,C,S,S,A,C,W,R,R,L,G,L,C,H,S,R,I,F,D,V,F,L,P,R,D,W,Q,M,A,P,G,R,G,L,P,N,L,L,T,F,Y,R,K,S,S,R,K,P,S,S,H,R,N,A,C,P,P,S,P,R,N,C,G,C,G,S,G,G,S,G,S,C,L,L,H,H
Pan_troglodytes,M,K,K,V,K,K,K,R,S,E,A,R,R,H,R,D,S,T,S,Q,H,A,S,N,S,T,S,Q,Q,S,P,E,S,T,P,Q,Q,P,S,P,E,S,T,P,Q,P,S,P,E,F,T,P,Q,H,S,S,L,E,T,A,S,Q,A,L,P,A,P,E,I,R,R,S,S,R,C,L,L,S,P,D,A,N,V,K,A,A,P,Q,S,L,T,R,A,G,P,H,S,C,S,C,A,T,C,P,C,S,S,A,C,W,R,R,L,G,L,C,H,S,R,I,F,D,V,F,L,P,R,D,W,Q,M,A,P,G,R,G,L,P,N,L,L,T,F,Y,R,K,S,S,R,K,P,S,S,H,R,N,A,C,P,P,S,P,R,N,C,G,C,G,S,G,G,S,G,S,C,L,L,H,H
Panthera_tigris_altaica,-,-,-,-,-,-,-,-,-,-,-,-,-,-,-,-,-,-,-,-,-,-,-,-,-,-,-,-,-,-,-,-,-,-,-,-,-,-,-,-,-,-,-,-,-,-,-,-,-,-,-,-,-,-,-,-,-,-,-,-,-,-,-,-,-,-,-,-,-,-,-,-,-,-,-,-,-,-,-,-,-,-,-,-,-,-,-,-,-,-,-,-,-,-,-,-,-,-,-,-,-,-,-,-,-,-,-,-,-,-,-,-,-,-,-,-,-,-,-,-,-,-,-,-,-,-,-,-,-,-,-,-,-,-,-,-,-,-,-,-,-,-,-,-,-,-,-,-,-,-,-,-,-,-,-,-,-,-,-,-,-,-,-,-,-,-,-,-,-,-,-,-,-,-,-,-,-,-,-
Papio_anubis,M,K,K,V,K,K,K,R,S,E,A,K,R,H,R,D,S,T,S,Q,H,A,S,N,S,T,S,Q,Q,S,P,E,S,T,P,Q,E,P,S,P,E,S,T,-,Q,P,S,P,E,S,T,-,Q,Q,S,S,L,E,T,A,S,Q,A,L,P,A,P,E,I,R,R,S,S,R,C,L,L,S,P,D,A,N,M,K,A,A,P,Q,S,L,T,R,A,G,P,H,S,C,S,C,A,T,C,P,C,S,S,A,C,W,R,R,L,G,L,C,H,S,R,I,F,D,V,L,L,P,R,D,W,Q,M,A,P,G,R,G,L,P,N,L,L,T,F,Y,R,K,P,S,R,K,P,S,S,H,R,N,T,C,P,P,S,P,R,N,C,G,C,G,S,G,G,S,R,S,C,L,L,H,H
Piliocolobus_tephrosceles,M,K,K,V,K,K,K,R,S,E,A,K,R,H,R,D,S,T,S,Q,H,A,S,N,S,T,S,Q,Q,S,P,E,S,T,P,Q,Q,P,S,P,E,S,T,P,Q,P,S,P,E,S,T,P,Q,Q,S,S,L,E,T,A,S,Q,A,L,P,A,P,K,I,R,R,S,S,R,C,L,L,S,P,D,A,N,M,K,A,A,P,Q,S,L,T,P,A,G,P,H,S,C,S,C,A,T,C,P,C,S,S,A,C,W,R,R,L,G,L,C,H,S,R,I,F,D,V,L,L,P,R,D,W,Q,M,A,P,G,R,G,L,P,N,L,L,T,F,Y,R,K,P,S,R,K,P,S,S,H,R,N,T,C,P,P,S,P,R,N,C,G,C,G,S,G,G,S,R,S,C,L,L,H,H
Pongo_abelii,M,K,K,V,K,K,K,R,S,E,A,R,R,H,Q,D,S,T,S,P,H,A,S,N,S,T,S,Q,Q,S,P,E,S,T,P,Q,Q,P,S,P,E,S,T,P,Q,P,S,P,E,S,T,P,Q,Q,S,S,L,E,T,A,S,Q,A,L,P,A,P,E,I,R,R,S,S,R,C,L,L,S,P,D,A,N,V,K,A,A,P,Q,S,L,T,R,A,G,P,H,S,C,S,C,A,T,C,P,C,S,S,A,C,W,R,R,L,G,L,C,H,S,R,I,F,D,V,L,L,P,R,D,W,Q,M,A,P,G,R,G,L,P,N,L,L,T,F,Y,R,K,P,S,R,K,P,S,S,H,R,N,V,C,P,P,S,P,R,N,C,G,C,G,S,G,G,S,R,S,C,L,L,H,H
Propithecus_coquereli,M,K,K,V,K,K,K,K,P,E,A,R,H,R,R,D,S,A,S,Q,H,S,T,S,S,-,-,-,-,-,-,E,S,S,S,Q,Q,P,S,T,E,S,S,S,R,Q,S,P,E,S,S,S,Q,Q,P,S,P,E,S,T,Q,Q,P,S,-,-,-,-,-,-,-,-,-,-,-,-,-,-,-,-,-,-,L,E,S,A,P,Q,A,L,V,H,E,G,P,H,S,C,S,C,A,T,C,P,G,S,N,A,C,W,R,R,L,G,L,C,H,S,R,I,F,D,V,L,L,P,R,D,W,Q,I,V,P,G,R,G,L,P,S,L,L,T,F,Y,R,K,P,T,R,K,L,S,S,S,R,N,S,R,P,P,S,S,R,G,C,C,C,G,S,R,G,P,G,S,C,L,L,H,H
Rhinopithecus_bieti,M,K,K,V,K,K,K,R,S,E,A,K,R,H,R,D,S,T,S,Q,H,P,S,N,S,T,S,Q,Q,S,P,E,S,T,P,Q,Q,P,S,P,E,S,T,-,Q,P,S,P,E,S,T,-,Q,Q,S,S,L,E,T,A,S,Q,A,L,P,A,P,K,I,R,R,S,S,R,C,L,L,S,P,D,A,N,M,K,A,V,P,Q,S,L,T,R,A,S,P,H,S,C,S,C,A,T,C,P,C,S,S,A,C,W,P,R,L,G,L,C,H,S,R,I,F,D,V,L,L,P,R,D,W,Q,M,A,P,G,R,G,L,P,N,L,L,T,F,Y,R,K,P,S,R,K,P,S,S,H,R,N,T,C,P,P,S,P,R,N,C,G,C,G,S,G,G,S,R,S,C,L,L,H,H
Rhinopithecus_roxellana,M,K,K,V,K,K,K,R,S,E,A,K,R,H,R,D,S,T,S,Q,H,P,S,N,S,T,S,Q,Q,S,P,E,S,T,P,Q,Q,P,S,P,E,S,T,-,Q,P,S,P,E,S,T,-,Q,Q,S,S,L,E,T,A,S,Q,A,L,P,A,P,K,I,R,R,S,S,R,C,L,L,S,P,D,A,N,M,K,A,A,P,Q,S,L,T,R,A,G,P,H,S,C,S,C,A,T,C,P,C,S,S,A,C,W,R,R,L,G,L,C,H,S,R,I,F,D,V,L,L,P,R,D,W,Q,M,A,P,G,R,G,L,P,N,L,L,T,F,Y,R,K,P,S,R,K,P,S,S,H,R,N,T,C,P,P,S,P,R,N,C,G,C,G,S,G,G,S,R,S,C,L,L,H,H
Saimiri_boliviensis_boliviensis,M,K,K,V,K,K,K,R,S,E,A,R,R,H,R,E,S,T,G,Q,H,P,S,N,S,T,S,Q,Q,S,P,E,S,T,P,Q,Q,P,S,P,E,S,T,P,Q,P,S,P,E,S,T,P,Q,Q,S,S,L,E,T,A,S,Q,A,L,P,A,P,E,V,R,R,S,S,R,C,L,L,P,P,D,A,N,V,K,A,S,P,Q,P,L,T,H,A,A,P,H,S,C,S,Y,A,T,C,P,C,S,S,A,C,W,R,R,L,G,L,C,H,S,R,I,F,D,V,L,L,P,R,D,W,Q,M,A,P,G,R,G,L,P,N,L,L,T,F,Y,R,R,S,S,R,K,P,S,S,H,R,N,A,C,P,P,S,P,R,N,C,G,C,G,S,G,G,S,R,S,C,L,L,H,H
Sapajus_apella,M,K,K,V,K,K,K,R,S,E,A,R,R,H,R,E,S,T,G,Q,H,P,S,N,S,T,S,Q,Q,S,P,E,S,T,P,Q,Q,P,S,P,E,S,T,P,Q,P,S,P,E,S,T,P,Q,Q,S,S,L,E,T,A,S,Q,A,L,P,A,P,E,V,R,R,S,S,R,C,L,F,S,P,D,A,N,V,K,A,S,P,Q,S,L,T,H,A,A,P,H,S,C,S,Y,A,T,C,P,C,S,S,A,C,W,R,R,L,G,L,C,H,S,R,I,F,D,V,L,L,P,R,D,W,Q,M,V,P,G,R,G,L,P,N,L,L,T,F,Y,R,R,S,S,R,K,P,S,S,H,R,N,A,C,P,P,S,P,R,N,C,G,C,G,S,G,G,S,G,S,C,L,L,H,H
Suricata_suricatta,M,R,K,G,K,K,K,K,P,E,S,R,R,-,H,G,S,I,S,Q,R,A,S,E,S,T,S,Q,Q,S,S,E,S,T,P,Q,Q,A,N,S,E,S,T,P,Q,A,S,P,E,S,T,P,Q,S,P,R,S,T,P,A,P,Q,A,L,P,A,P,E,S,R,A,S,A,R,-,-,L,P,Q,D,P,A,T,K,A,S,S,R,P,L,T,H,A,G,P,R,A,C,S,C,S,A,C,P,R,G,S,T,C,W,R,H,L,G,L,C,H,S,R,I,F,D,V,L,L,P,R,A,W,P,I,M,P,G,R,G,F,P,N,L,L,T,F,Y,R,R,P,E,R,K,H,S,S,H,R,N,S,R,A,P,S,S,R,D,C,C,C,G,S,G,S,P,R,G,C,L,L,H,H
Theropithecus_gelada,M,K,K,V,K,K,K,R,S,E,A,K,R,H,R,D,S,T,S,Q,H,A,S,N,S,T,S,Q,Q,S,P,E,S,T,P,Q,E,P,S,P,E,S,T,-,Q,P,S,P,E,S,T,-,Q,Q,S,S,L,E,T,A,S,Q,A,L,P,A,P,E,I,R,R,S,S,R,C,L,L,S,P,D,A,N,M,K,A,A,P,Q,S,L,T,R,A,G,P,H,S,C,S,C,A,T,C,P,C,S,S,A,C,W,R,R,L,G,L,C,H,S,R,I,F,D,V,L,L,P,R,D,W,Q,M,A,P,G,R,G,L,P,N,L,L,T,F,Y,R,K,P,S,R,K,P,S,S,H,R,N,T,C,P,P,S,P,R,N,C,G,C,G,S,G,G,S,R,S,C,L,L,H,H
Trachypithecus_francoisi,M,K,K,V,K,K,K,R,S,E,A,K,R,H,R,D,S,A,S,Q,H,A,S,N,S,T,S,Q,Q,S,P,E,S,T,P,Q,Q,P,S,P,E,S,T,-,Q,P,S,P,E,S,T,-,Q,Q,S,S,L,E,T,A,S,Q,A,L,P,A,P,E,I,C,R,S,S,C,C,L,L,S,P,D,A,N,M,K,A,A,P,Q,S,L,T,R,A,G,P,H,S,C,S,C,A,T,C,P,C,S,S,A,C,W,R,R,L,G,L,C,H,S,R,I,F,D,V,L,L,P,R,D,W,Q,M,A,P,G,R,G,L,P,N,L,L,T,F,Y,R,K,P,S,R,K,P,F,S,H,R,N,T,C,P,P,S,P,R,N,C,G,C,G,S,G,G,S,R,S,C,L,L,H,H
Tupaia_chinensis,M,K,K,G,K,K,K,R,S,E,P,R,R,R,R,D,S,N,S,Q,H,T,S,D,S,T,P,P,Q,S,Y,D,A,S,P,R,Q,P,S,P,E,P,A,-,-,-,-,-,-,-,-,-,-,Q,P,N,P,E,A,E,P,P,A,L,P,P,P,E,A,R,R,S,S,R,C,L,L,S,A,D,A,K,A,K,A,A,P,Q,S,L,T,H,A,G,P,R,P,C,S,C,A,T,C,P,G,S,S,A,C,R,H,R,L,G,L,C,H,S,R,I,F,D,V,L,L,P,R,D,W,Q,A,V,P,G,R,G,L,P,N,L,L,T,F,Y,R,K,P,A,R,K,H,S,S,H,-,-,-,-,-,-,-,-,-,-,-,-,-,-,-,-,-,-,-,-,-,-,-,-,-
Urocitellus_parryii,M,K,K,S,K,K,K,K,S,E,A,R,P,P,R,D,S,S,S,P,R,G,S,D,S,S,T,S,Q,-,-,-,-,-,-,-,-,-,-,-,-,-,-,-,-,-,-,-,-,-,-,-,-,-,Q,S,S,E,S,A,S,Q,A,L,P,E,P,E,-,-,-,-,-,-,-,-,-,-,-,-,-,-,-,-,-,-,-,-,-,Q,T,Q,V,G,T,Q,T,C,S,C,A,V,C,P,G,S,F,A,C,W,R,R,L,G,L,C,H,R,R,I,F,D,V,L,L,P,Q,H,C,Q,A,M,S,G,R,G,L,P,S,H,L,T,F,-,-,-,-,-,-,-,-,-,-,-,-,-,-,-,-,-,-,-,-,-,-,-,-,-,-,-,-,-,-,-,-,-,-,-,-
Ursus_americanus,M,R,K,G,K,R,K,K,P,E,S,K,R,-,H,G,S,T,S,Q,R,A,S,E,S,T,P,Q,H,S,S,E,S,T,P,Q,Q,P,S,P,R,S,T,P,Q,P,S,P,-,-,-,-,-,Q,P,S,C,E,S,T,P,Q,A,L,P,A,P,E,S,N,P,S,T,R,G,L,A,P,Q,D,T,N,T,K,A,S,S,R,S,V,T,R,A,G,P,R,A,C,S,C,S,T,C,P,G,S,S,A,C,W,R,R,L,G,L,C,H,S,R,I,F,D,V,L,L,P,R,A,W,P,T,M,P,G,R,G,S,P,S,L,L,T,F,Y,R,K,P,T,R,K,H,S,T,H,R,N,S,R,A,P,S,S,R,D,C,C,C,G,S,G,G,P,R,S,C,L,L,H,H
Ursus_maritimus,M,R,K,G,K,R,K,K,P,E,S,K,R,-,H,G,S,T,S,Q,R,A,S,E,S,T,P,Q,H,S,S,E,S,T,P,Q,Q,P,S,P,R,S,T,P,Q,P,S,P,-,-,-,-,-,Q,P,S,C,E,S,T,P,Q,A,L,P,A,P,E,S,N,P,S,T,R,G,L,A,P,Q,D,T,N,T,K,A,S,S,R,S,V,T,R,A,G,P,R,A,C,S,C,S,T,C,P,G,S,S,A,C,W,R,R,L,G,L,C,H,S,R,I,F,D,V,L,L,P,R,A,W,P,T,M,P,G,R,G,S,P,S,L,L,T,F,Y,R,K,P,T,R,K,H,S,T,H,R,N,S,R,A,P,S,S,R,D,C,C,C,G,S,G,G,P,R,S,C,L,L,H,H
Vicugna_pacos,M,K,K,G,K,K,K,K,S,E,S,R,H,-,R,G,S,T,S,Q,H,A,S,E,S,T,P,Q,Q,S,S,E,S,S,S,Q,Q,P,I,S,G,S,T,P,L,S,S,P,G,P,T,P,Q,P,Q,H,N,E,S,G,P,Q,A,L,P,S,P,E,V,S,H,S,A,G,G,V,L,S,P,D,T,D,T,K,A,S,P,R,S,-,-,-,-,-,-,-,-,-,-,-,-,-,-,-,-,-,-,-,-,-,-,-,-,-,-,-,-,-,-,-,-,-,-,-,-,-,-,-,-,-,-,-,-,-,-,-,-,-,-,-,-,-,-,-,-,R,P,T,R,K,H,S,A,H,R,N,S,R,A,P,S,P,R,D,C,C,C,G,S,G,G,P,G,S,C,L,L,H,H
Artibeus_jamaicensis,-,-,-,-,-,-,-,-,-,-,-,-,-,-,-,-,-,-,-,-,-,-,-,-,-,-,-,-,-,-,-,-,-,-,-,-,-,-,-,-,-,-,-,-,-,-,-,-,-,-,-,-,-,-,-,-,-,-,-,-,-,-,-,-,-,-,-,-,-,-,-,-,-,-,-,-,-,-,-,-,-,-,-,-,-,-,-,-,-,-,T,R,Q,A,P,R,P,C,S,C,T,T,C,P,G,S,S,A,C,W,R,R,L,G,L,C,H,S,R,I,F,D,V,L,L,P,R,A,W,P,T,M,P,G,R,G,I,P,S,L,L,T,F,Y,R,R,P,A,R,K,H,S,S,H,R,N,S,R,A,P,S,S,R,D,C,G,C,G,S,G,G,P,G,S,R,L,P,H,H
Desmodus_rotundus,M,K,K,G,K,K,K,K,A,E,S,R,R,-,R,G,S,T,S,Q,H,S,S,D,S,C,P,Q,Q,S,S,D,S,P,C,Q,Q,P,S,S,G,S,T,P,Q,P,S,S,G,S,T,P,Q,Q,P,S,S,G,S,V,S,Q,A,L,A,I,P,E,V,R,R,S,A,Q,-,-,-,-,-,-,-,-,-,-,-,-,-,-,-,-,-,-,-,-,-,-,-,C,S,C,T,T,C,P,G,S,S,A,C,W,R,R,L,G,L,C,H,S,R,I,F,D,V,L,L,P,R,A,W,P,T,M,P,G,R,G,I,P,S,L,L,T,F,Y,R,R,P,A,R,K,H,S,S,H,R,N,S,R,A,P,S,S,R,D,C,G,C,G,S,G,G,L,G,S,R,L,P,H,H
Eptesicus_fuscus,-,-,-,-,-,-,-,-,-,-,-,-,-,-,-,-,-,-,-,-,-,-,-,-,-,-,-,-,-,-,-,-,-,-,-,-,-,-,-,-,-,-,-,-,-,-,-,-,-,-,-,-,-,-,-,-,-,-,-,-,-,-,-,-,-,-,-,-,-,-,-,-,-,-,-,-,-,-,-,-,-,-,-,-,-,-,-,-,-,-,-,-,-,-,-,-,-,-,-,-,-,-,-,-,-,-,-,-,-,-,-,-,-,-,-,-,-,-,-,-,-,-,-,-,-,-,-,-,-,-,-,-,-,-,-,-,-,-,-,-,-,-,-,-,-,-,-,-,-,-,-,-,-,-,-,-,-,-,-,-,-,-,-,-,-,-,-,-,-,-,-,-,-,-,-,-,-,-,-
Hipposideros_armiger,-,-,-,-,-,-,-,-,-,-,-,-,-,-,-,-,-,-,-,-,-,-,-,-,-,-,-,-,-,-,-,-,-,-,-,-,-,-,-,-,-,-,-,-,-,-,-,-,-,-,-,-,-,-,-,-,-,-,-,-,-,-,-,-,-,-,-,-,-,-,-,-,-,-,-,-,-,-,-,-,-,-,-,-,-,-,-,-,-,-,-,-,-,-,-,-,-,-,-,-,-,-,-,-,-,-,-,-,-,-,-,-,-,-,-,-,-,-,-,-,-,-,-,-,-,-,-,-,-,-,-,-,-,-,-,-,-,-,-,-,-,-,-,-,-,-,-,-,-,-,-,-,-,-,-,-,-,-,-,-,-,-,-,-,-,-,-,-,-,-,-,-,-,-,-,-,-,-,-
Miniopterus_natalensis,M,K,K,G,K,K,K,K,P,E,S,K,H,-,R,G,S,T,S,R,H,C,S,E,S,T,P,Q,Q,S,S,E,S,T,P,Q,Q,P,S,S,G,S,V,P,Q,P,S,L,K,S,T,P,Q,Q,P,S,S,G,S,V,P,P,A,L,P,A,P,Q,V,S,Q,S,A,Q,G,L,L,A,Q,N,T,G,T,K,A,S,P,G,S,P,T,R,A,G,P,R,P,C,S,C,T,T,C,P,G,S,S,T,C,W,R,R,L,G,L,C,H,S,R,I,F,D,V,L,L,P,R,V,W,L,T,V,S,G,R,G,F,P,N,L,L,T,F,Y,R,R,S,T,R,K,H,S,S,H,R,N,S,H,A,P,S,S,R,D,C,G,C,S,S,G,S,P,G,S,C,L,L,R,H
Molossus_molossus,-,-,-,-,-,-,-,-,-,-,-,-,-,-,-,-,-,-,-,-,-,-,-,-,-,-,-,-,-,-,-,-,-,-,-,-,-,-,-,-,-,-,-,-,-,-,-,-,-,-,-,-,-,-,-,-,-,-,-,-,-,-,-,-,-,-,-,-,-,-,-,-,-,-,-,-,-,-,-,-,-,-,-,-,-,-,-,-,-,-,-,-,-,-,-,-,-,-,-,-,-,-,-,-,-,-,-,-,-,-,-,-,-,-,-,-,-,-,-,-,-,-,-,-,-,-,-,-,-,-,-,-,-,-,-,-,-,-,-,-,-,-,-,-,-,-,-,-,-,-,-,-,-,-,-,-,-,-,-,-,-,-,-,-,-,-,-,-,-,-,-,-,-,-,-,-,-,-,-
Myotis_brandtii,M,K,K,G,K,K,K,K,P,E,S,K,R,-,R,G,S,N,S,R,R,C,S,D,S,T,S,R,Q,S,E,R,S,T,P,H,Q,P,C,S,E,P,T,P,Q,P,A,S,G,S,T,P,Q,Q,P,S,V,G,S,V,I,W,A,L,P,A,P,Q,T,S,Q,S,A,Q,G,L,L,T,Q,N,A,G,T,K,T,P,H,G,S,P,T,-,-,-,-,R,P,C,S,C,T,T,C,P,G,S,S,A,C,W,R,R,L,G,L,C,H,S,R,I,S,D,V,L,L,P,R,A,W,L,T,V,P,G,R,G,F,P,N,L,L,T,F,Y,R,G,P,A,R,K,H,T,S,H,R,N,S,C,A,P,G,S,R,D,C,S,C,G,S,G,G,P,S,N,C,L,L,R,H
Myotis_davidii,M,K,K,G,K,K,K,K,P,E,S,K,R,-,R,G,S,N,S,R,R,C,S,D,S,T,S,R,Q,S,-,-,P,T,P,Q,Q,P,C,P,E,S,T,P,Q,P,I,S,G,S,T,P,Q,Q,P,S,A,G,S,V,I,W,A,L,P,A,P,Q,T,S,Q,S,A,Q,G,L,L,T,P,N,T,G,T,K,T,S,H,G,S,P,T,-,-,-,-,R,P,C,S,C,T,T,C,P,G,S,S,A,C,W,R,R,L,G,L,C,H,S,R,I,S,D,V,L,L,P,R,A,W,L,T,V,S,G,R,G,F,P,N,L,L,T,F,Y,R,G,P,A,R,K,H,T,S,H,R,N,S,R,A,P,G,S,R,D,C,G,C,G,S,G,C,P,S,N,C,L,L,R,H
Myotis_lucifugus,M,K,K,G,K,K,K,K,P,E,S,K,R,-,R,G,S,N,A,R,R,C,S,D,S,T,S,R,Q,S,L,R,S,T,P,H,Q,P,C,S,E,S,T,P,Q,P,A,S,G,S,T,P,Q,Q,P,S,A,G,S,V,I,W,A,L,P,A,P,Q,T,S,Q,S,A,Q,-,-,-,-,-,-,-,-,-,-,-,-,-,-,-,P,T,-,-,-,-,R,P,C,S,C,T,T,C,P,G,S,S,A,C,W,R,R,L,G,L,C,H,S,R,I,S,D,V,L,L,P,R,A,W,L,T,V,P,G,R,G,F,P,N,L,L,T,F,Y,R,G,P,A,R,K,H,T,S,H,R,N,S,C,A,P,G,S,R,D,C,S,C,G,S,G,G,P,S,N,C,L,L,R,H
Myotis_myotis,-,-,-,-,-,-,-,-,-,-,-,-,-,-,-,-,-,-,-,-,-,-,-,-,-,-,-,-,-,-,-,-,-,-,-,-,-,-,-,-,-,-,-,-,-,-,-,-,-,-,-,-,-,-,-,-,-,-,-,-,-,-,-,-,-,-,-,-,-,-,-,-,-,-,-,-,-,-,-,-,-,-,-,-,-,-,-,-,-,-,-,-,-,-,-,-,-,-,-,-,-,-,-,-,-,-,-,-,-,-,-,-,-,-,-,-,-,-,-,-,-,-,-,-,-,-,-,-,-,-,-,-,-,-,-,-,-,-,-,-,-,-,-,-,-,-,-,-,-,-,-,-,-,-,-,-,-,-,-,-,-,-,-,-,-,-,-,-,-,-,-,-,-,-,-,-,-,-,-
Phyllostomus_discolor,-,-,-,-,-,-,-,-,-,-,-,-,-,-,-,-,-,-,-,-,-,-,-,-,-,-,-,-,-,-,-,-,-,-,-,-,-,-,-,-,-,-,-,-,-,-,-,-,-,-,-,-,-,-,-,-,-,-,-,-,-,-,-,-,-,-,-,-,-,-,-,-,-,-,-,-,-,-,-,-,-,-,-,-,-,-,-,-,-,-,-,-,-,-,-,-,-,-,-,-,-,-,-,-,-,-,-,-,-,-,-,-,-,-,-,-,-,-,-,-,-,-,-,-,-,-,-,-,-,-,-,-,-,-,-,-,-,-,-,-,-,-,-,-,-,-,-,-,-,-,-,-,-,-,-,-,-,-,-,-,-,-,-,-,-,-,-,-,-,-,-,-,-,-,-,-,-,-,-
Phyllostomus_hastatus,-,-,-,-,-,-,-,-,-,-,-,-,-,-,-,-,-,-,-,-,-,-,-,-,-,-,-,-,-,-,-,-,-,-,-,-,-,-,-,-,-,-,-,-,-,-,-,-,-,-,-,-,-,-,-,-,-,-,-,-,-,-,-,-,-,-,-,-,-,-,-,-,-,-,-,-,-,-,-,-,-,-,-,-,-,-,-,-,-,-,-,-,-,-,-,-,-,-,-,-,-,-,-,-,-,-,-,-,-,-,-,-,-,-,-,-,-,-,-,-,-,-,-,-,-,-,-,-,-,-,-,-,-,-,-,-,-,-,-,-,-,-,-,-,-,-,-,-,-,-,-,-,-,-,-,-,-,-,-,-,-,-,-,-,-,-,-,-,-,-,-,-,-,-,-,-,-,-,-
Pipistrellus_kuhlii,-,-,-,-,-,-,-,-,-,-,-,-,-,-,-,-,-,-,-,-,-,-,-,-,-,-,-,-,-,-,-,-,-,-,-,-,-,-,-,-,-,-,-,-,-,-,-,-,-,-,-,-,-,-,-,-,-,-,-,-,-,-,-,-,-,-,-,-,-,-,-,-,-,-,-,-,-,-,-,-,-,-,-,-,-,-,-,-,-,-,-,-,-,-,-,-,-,-,-,-,-,-,-,-,-,-,-,-,-,-,-,-,-,-,-,-,-,-,-,-,-,-,-,-,-,-,-,-,-,-,-,-,-,-,-,-,-,-,-,-,-,-,-,-,-,-,-,-,-,-,-,-,-,-,-,-,-,-,-,-,-,-,-,-,-,-,-,-,-,-,-,-,-,-,-,-,-,-,-
Rhinolophus_ferrumequinum,M,K,K,D,K,R,K,K,S,E,A,R,R,-,R,G,S,I,L,Q,H,G,S,E,S,A,S,Q,Q,S,S,R,S,-,-,Q,Q,P,S,S,G,F,S,S,Q,-,-,-,-,-,-,-,-,-,-,-,-,-,-,-,-,-,-,-,-,-,-,-,-,-,-,-,-,-,-,-,-,-,-,-,-,-,-,-,-,-,Q,Q,P,L,T,Q,P,G,P,H,P,C,S,C,S,A,C,P,C,S,S,T,C,W,R,R,L,G,L,C,H,S,R,I,F,D,V,L,L,P,R,V,W,P,T,M,P,G,R,G,F,P,N,L,L,T,F,Y,R,K,P,T,R,K,H,S,I,H,R,N,S,R,A,P,S,S,R,D,C,D,S,S,S,G,G,T,G,S,S,L,L,H,H
Sorex_araneus,-,-,-,-,-,-,-,-,-,-,-,-,-,-,-,-,-,-,-,-,-,-,-,-,-,-,-,-,-,-,-,-,-,-,-,-,-,-,-,-,-,-,-,-,-,-,-,-,-,-,-,-,-,-,-,-,-,-,-,-,-,-,-,-,-,-,-,-,-,-,-,-,-,-,-,-,-,-,-,-,-,-,-,-,-,-,-,-,-,-,-,-,-,-,-,-,-,-,-,-,-,-,-,-,-,-,-,-,-,-,-,-,-,-,-,-,-,-,-,-,-,-,-,-,-,-,-,-,-,-,-,-,-,-,-,-,-,-,-,-,-,-,-,-,-,-,-,-,-,-,-,-,-,-,-,-,-,-,-,-,-,-,-,-,-,-,-,-,-,-,-,-,-,-,-,-,-,-,-
Sturnira_hondurensis,M,K,K,G,K,K,K,K,A,G,S,R,R,-,R,G,S,T,S,Q,H,S,S,D,S,S,P,P,Q,S,S,N,S,T,P,Q,Q,P,S,L,G,S,T,P,Q,P,S,S,G,S,T,P,Q,Q,P,S,S,G,S,V,C,Q,A,L,A,V,P,E,V,R,R,S,A,Q,G,L,L,S,Q,N,S,S,T,K,A,S,P,G,S,P,T,R,Q,V,P,R,P,C,S,C,T,T,C,P,G,S,A,A,C,W,R,R,L,G,L,C,H,S,R,I,C,D,V,L,L,P,R,A,W,P,T,T,P,G,R,G,I,P,S,L,L,T,F,Y,R,R,P,S,R,K,H,S,S,H,R,N,S,R,A,P,S,S,R,D,C,G,C,G,S,G,G,P,G,S,R,L,P,H,H
Pteropus_alecto,M,K,K,G,K,R,K,K,P,D,A,R,R,-,R,G,S,N,S,Q,H,G,S,E,S,T,S,A,S,S,P,A,P,A,P,Q,Q,P,S,S,A,P,A,P,Q,T,T,S,A,S,T,S,Q,Q,P,S,S,G,S,E,S,Q,A,L,P,G,P,E,S,S,Q,S,A,R,-,-,-,-,-,-,-,-,-,-,-,-,-,-,-,L,T,R,A,S,P,H,P,C,S,C,S,T,C,P,G,S,S,A,C,W,R,R,L,G,L,C,H,S,R,I,F,D,V,L,L,P,R,A,W,P,T,M,P,G,R,G,F,P,N,L,L,T,F,Y,-,R,P,A,R,K,H,T,G,N,R,N,A,R,A,P,S,S,R,D,C,S,S,G,S,G,S,P,G,S,C,L,L,H,H
Pteropus_giganteus,M,K,K,G,K,R,K,K,P,D,A,R,R,-,R,G,S,N,S,Q,H,G,S,E,S,T,S,-,-,-,-,-,-,T,P,Q,Q,P,S,S,A,P,A,P,-,-,-,-,-,-,-,-,-,-,-,-,-,-,-,E,S,Q,A,L,P,G,P,E,S,S,Q,S,A,R,-,-,-,-,-,-,-,-,-,-,-,-,-,-,-,L,T,R,A,S,P,H,P,C,S,C,S,T,C,P,G,S,S,A,C,W,R,R,L,G,L,C,H,S,R,I,F,D,V,L,L,P,R,A,W,P,T,M,P,G,R,G,F,P,N,L,L,T,F,Y,R,R,P,A,R,K,H,T,G,N,R,N,A,R,A,P,S,S,R,D,C,S,S,G,S,G,G,P,G,S,C,L,L,H,H
Pteropus_vampyrus,M,K,K,G,K,R,K,K,P,D,A,R,R,-,R,G,S,N,S,Q,H,G,S,E,S,T,S,A,S,S,P,A,P,A,P,Q,Q,P,S,S,A,P,A,P,Q,T,T,S,A,S,T,S,Q,Q,P,S,S,G,S,E,S,Q,A,L,P,G,P,E,S,S,Q,S,A,R,-,-,-,-,-,-,-,-,-,-,-,-,-,-,-,L,T,R,A,S,P,H,P,C,S,C,S,T,C,P,G,S,S,A,C,W,R,R,L,G,L,C,H,S,R,I,F,D,V,L,L,P,R,A,W,P,T,M,P,G,R,G,F,P,N,L,L,T,F,Y,R,R,P,A,R,K,H,T,G,N,R,N,A,R,A,P,S,S,R,D,C,S,S,G,S,G,G,P,G,S,C,L,L,H,H
Rousettus_aegyptiacus,-,-,-,-,-,-,-,-,-,-,-,-,-,-,-,-,-,-,-,-,-,-,-,-,-,-,-,-,-,-,-,-,-,-,-,-,-,-,-,-,-,-,-,-,-,-,-,-,-,-,-,-,-,-,-,-,-,-,-,-,-,-,-,-,-,-,-,-,-,-,-,-,-,-,-,-,-,-,-,-,-,-,-,-,-,-,-,-,-,-,-,-,-,-,-,-,-,-,-,-,-,-,-,-,-,-,-,-,-,-,-,-,-,-,-,-,-,-,-,-,-,-,-,-,-,-,-,-,-,-,-,-,-,-,-,-,-,-,-,-,-,-,-,-,-,-,-,-,-,-,-,-,-,-,-,-,-,-,-,-,-,-,-,-,-,-,-,-,-,-,-,-,-,-,-,-,-,-,-
Ailuropoda_melanoleuca,M,R,K,G,K,K,K,K,P,E,S,R,R,-,H,G,S,T,S,Q,R,A,S,E,S,T,P,Q,H,S,S,E,S,T,P,Q,Q,P,S,P,R,S,T,P,Q,P,S,P,G,S,T,P,Q,Q,P,S,C,E,S,T,P,Q,A,L,P,A,P,E,S,N,P,S,T,R,G,L,A,P,Q,D,T,N,T,K,A,S,S,R,S,V,T,R,A,G,P,R,A,C,S,C,S,T,C,P,G,S,S,A,C,W,C,R,L,G,L,C,H,S,R,I,F,D,V,L,L,P,R,A,W,P,T,M,P,G,R,G,S,P,S,L,L,T,F,Y,R,K,P,T,R,K,H,S,T,H,R,N,S,R,A,P,S,S,R,D,C,C,C,G,S,G,G,P,R,S,C,L,L,H,H
Antechinus_flavipes,-,-,-,-,-,-,-,-,-,-,-,-,-,-,-,-,-,-,-,-,-,-,-,-,-,-,-,-,-,-,-,-,-,-,-,-,-,-,-,-,-,-,-,-,-,-,-,-,-,-,-,-,-,-,-,-,-,-,-,-,-,-,-,-,-,-,-,-,-,-,-,-,-,-,-,-,-,-,-,-,-,-,-,-,-,-,-,-,-,-,-,-,-,-,-,-,-,-,-,-,-,-,-,-,-,-,-,-,-,-,-,-,-,-,-,-,-,-,-,-,-,-,-,-,-,-,-,-,-,-,-,-,-,-,-,-,-,-,-,-,-,-,-,-,-,-,-,-,-,-,-,-,-,-,-,-,-,-,-,-,-,-,-,-,-,-,-,-,-,-,-,-,-,-,-,-,-,-,-
Aotus_nancymaae,-,-,-,-,-,-,-,-,-,-,-,-,-,-,-,-,-,-,-,-,-,-,-,-,-,-,-,-,-,-,-,-,-,-,-,-,-,-,-,-,-,-,-,-,-,-,-,-,-,-,-,-,-,-,-,-,-,-,-,-,-,-,-,-,-,-,-,-,-,-,-,-,-,-,-,-,-,-,-,-,-,-,-,-,-,-,-,-,-,-,-,-,-,-,-,-,-,-,-,-,-,-,-,-,-,-,-,-,-,-,-,-,-,-,-,-,-,-,-,-,-,-,-,-,-,-,-,-,-,-,-,-,-,-,-,-,-,-,-,-,-,-,-,-,-,-,-,-,-,-,-,-,-,-,-,-,-,-,-,-,-,-,-,-,-,-,-,-,-,-,-,-,-,-,-,-,-,-,-
Apodemus_sylvaticus,M,K,K,V,K,K,K,K,S,D,S,R,R,R,R,N,S,I,S,P,Q,T,S,D,S,S,S,S,E,T,P,P,S,C,P,E,P,A,S,P,-,P,Q,P,Q,P,C,Q,E,S,A,P,H,Q,V,N,P,E,P,T,P,Q,P,L,P,P,P,E,-,-,-,-,-,-,-,-,-,-,-,-,-,-,-,-,-,-,-,-,-,L,T,Y,V,A,P,R,S,C,P,C,V,I,C,P,G,S,S,A,C,W,R,R,L,G,L,C,H,S,R,I,F,D,V,L,L,P,R,D,W,S,S,M,P,G,R,G,F,P,N,L,L,T,F,Y,R,K,P,S,R,K,Y,C,T,P,R,N,Y,R,A,A,S,S,R,N,C,C,C,G,S,G,G,L,G,S,C,L,L,H,G
Arvicola_amphibius,M,K,K,V,K,K,K,K,S,D,S,R,R,R,R,D,S,I,S,P,Q,A,S,D,S,S,S,S,E,S,P,P,T,C,-,-,-,-,-,-,-,-,-,-,-,-,-,-,-,-,-,-,-,-,-,-,-,-,-,-,-,-,-,-,-,-,-,-,-,-,-,-,-,-,-,-,-,-,-,K,A,S,S,P,S,R,K,P,A,L,T,Y,M,A,P,R,S,C,S,C,M,A,C,P,G,S,S,A,C,W,R,R,L,G,L,C,H,S,R,I,F,D,V,L,L,P,R,D,W,Q,A,M,P,G,R,G,F,P,N,L,L,T,F,Y,R,K,P,S,R,K,Y,C,T,S,R,N,S,R,T,S,G,S,R,D,C,C,C,V,S,G,G,P,G,S,C,L,L,H,R
Callorhinus_ursinus,M,R,K,G,K,R,K,K,P,E,S,R,R,-,H,G,S,T,S,L,R,A,S,E,S,T,P,Q,N,S,S,E,S,T,P,Q,Q,P,S,P,G,S,T,P,Q,P,S,-,-,-,-,-,-,-,P,S,S,E,S,V,P,Q,A,L,P,A,P,K,T,N,S,S,T,R,G,L,L,P,Q,D,T,N,T,R,A,S,S,Q,P,V,T,R,A,G,P,R,A,C,S,C,S,T,C,P,G,S,S,A,C,W,R,R,L,G,L,C,H,S,R,I,F,D,V,L,L,P,R,V,W,P,T,M,P,G,R,G,S,P,S,L,L,T,F,Y,R,K,P,T,R,K,H,S,T,H,R,N,S,R,A,P,S,S,R,D,C,C,C,G,S,G,G,P,G,S,C,L,L,H,H
Canis_lupus_dingo,M,R,K,G,K,R,K,K,P,E,S,R,R,-,R,G,S,T,P,Q,Q,A,S,E,A,T,P,Q,Q,N,S,E,A,T,P,Q,Q,-,-,-,E,S,T,S,Q,P,S,P,G,S,T,P,-,Q,P,S,S,E,S,A,P,Q,A,V,P,A,P,E,T,N,P,L,T,R,S,L,V,P,Q,D,T,N,T,K,A,S,S,R,S,L,T,R,A,G,P,R,A,C,S,C,S,S,C,P,G,S,S,A,C,W,R,R,L,G,L,C,H,S,R,I,F,D,V,L,L,P,R,A,W,P,T,M,P,G,R,G,S,P,S,L,L,T,F,Y,R,K,P,T,R,K,H,S,S,H,R,N,S,R,A,P,S,S,Q,D,C,C,C,G,S,G,G,P,R,S,C,V,L,H,H
Carlito_syrichta,M,K,K,V,K,K,K,R,S,E,T,R,R,H,R,D,S,T,S,Q,H,S,S,D,S,N,S,Q,Q,S,P,D,V,T,S,Q,Q,P,S,P,E,S,T,S,-,-,-,-,-,-,-,-,-,-,-,-,-,-,-,-,-,-,-,-,P,A,P,E,I,R,H,S,S,P,C,L,L,S,P,D,A,N,P,T,A,A,P,Q,S,L,T,H,A,G,P,Q,S,C,I,C,A,T,C,P,C,S,S,A,C,W,C,R,L,G,L,Y,H,N,R,I,F,D,V,L,L,P,Q,D,W,Q,T,V,P,G,R,G,L,P,N,L,L,T,F,Y,R,R,P,S,I,K,P,S,S,P,H,D,S,R,S,P,S,P,R,D,C,C,C,A,S,G,G,P,G,S,C,L,L,H,H
Castor_canadensis,M,K,K,V,K,K,K,K,S,T,P,R,R,R,R,D,S,T,S,P,Q,A,S,D,S,M,S,S,D,-,-,-,-,-,-,-,-,-,-,-,-,-,-,-,-,-,-,-,-,-,-,-,-,-,-,S,A,Q,Q,I,P,R,A,L,P,L,S,E,T,Y,Y,S,S,R,S,L,L,P,-,-,-,-,-,-,-,-,S,K,A,L,I,H,M,S,P,L,S,C,S,C,A,T,C,P,G,S,S,T,C,W,R,R,L,G,L,C,H,S,R,I,F,D,V,L,L,P,R,N,C,P,A,M,T,G,R,G,L,P,G,L,L,T,F,Y,R,K,P,S,R,K,P,S,T,T,S,N,S,R,A,P,D,P,Q,D,C,C,C,G,P,R,S,S,G,S,C,L,L,H,R
Cavia_porcellus,M,K,K,V,K,K,K,K,A,E,A,R,H,R,R,E,S,L,S,Q,Q,T,S,D,S,S,S,S,T,P,S,-,-,-,-,-,-,-,-,-,-,-,-,-,-,-,-,-,-,-,-,-,-,-,-,-,-,-,-,-,-,-,-,-,P,A,P,E,V,R,-,-,-,-,-,-,-,-,-,-,-,-,-,-,-,-,-,-,-,-,-,-,-,-,-,-,-,C,S,W,A,A,C,P,G,S,S,T,C,W,R,R,L,G,L,C,H,N,R,I,F,D,V,L,L,P,R,D,W,Q,V,V,P,G,R,G,L,P,S,L,L,T,F,Y,R,K,S,P,R,K,H,C,T,S,R,N,S,R,T,A,S,P,R,N,C,C,C,G,P,G,G,P,G,G,C,L,L,H,H
Cervus_elaphus_hippelaphus,-,-,-,-,-,-,-,-,-,-,-,-,-,-,-,-,-,-,-,-,-,-,-,-,-,-,-,-,-,-,-,-,-,-,-,-,-,-,-,-,-,-,-,-,-,-,-,-,-,-,-,-,-,-,-,-,-,-,-,-,-,-,-,-,-,-,-,-,-,-,-,-,-,-,-,-,-,-,-,-,-,-,-,-,-,-,-,-,-,-,-,-,-,-,-,-,-,-,-,-,-,-,-,-,-,-,-,-,-,-,-,-,-,-,-,-,-,-,-,-,-,-,-,-,-,-,-,-,-,-,-,-,-,-,-,-,-,-,-,-,-,-,-,-,-,-,-,-,-,-,-,-,-,-,-,-,-,-,-,-,-,-,-,-,-,-,-,-,-,-,-,-,-,-,-,-,-,-,-
Chinchilla_lanigera,-,-,-,-,-,-,-,-,-,-,-,-,-,-,-,-,-,-,-,-,-,-,-,-,-,-,-,-,-,-,-,-,-,-,-,-,-,-,-,-,-,-,-,-,-,-,-,-,-,-,-,-,-,-,-,-,-,-,-,-,-,-,-,-,-,-,-,-,-,-,-,-,-,-,-,-,-,-,-,-,-,-,-,-,-,-,-,-,-,-,-,-,-,-,-,-,-,-,-,-,-,-,-,-,-,-,-,-,-,-,-,-,-,-,-,-,-,-,-,-,-,-,-,-,-,-,-,-,-,-,-,-,-,-,-,-,-,-,-,-,-,-,-,-,-,-,-,-,-,-,-,-,-,-,-,-,-,-,-,-,-,-,-,-,-,-,-,-,-,-,-,-,-,-,-,-,-,-,-
Choloepus_didactylus,M,K,K,G,K,R,K,K,P,E,A,R,R,S,R,D,S,N,S,Q,H,P,S,D,S,T,P,P,Q,E,Y,T,S,Q,P,S,S,-,-,-,-,-,-,-,-,-,-,-,-,-,-,-,-,-,-,-,S,D,S,P,S,H,T,L,P,A,P,E,I,H,N,S,S,G,S,L,L,S,P,D,A,G,S,S,A,A,P,Q,S,W,T,Q,G,V,P,R,P,C,S,C,A,V,C,P,G,S,S,A,C,L,R,R,L,G,L,C,H,G,R,I,F,D,V,L,L,P,R,D,W,H,T,I,P,G,R,G,I,P,S,L,L,T,F,Y,R,R,P,T,R,K,H,S,V,H,R,S,S,R,P,P,S,S,K,N,C,C,C,G,A,G,S,P,R,S,C,L,L,H,H
Cricetulus_griseus,M,K,K,V,K,K,K,K,S,D,S,R,R,R,R,E,S,I,S,P,Q,A,S,D,S,S,S,S,E,T,P,-,S,C,-,-,-,-,-,-,-,-,-,-,-,-,-,-,-,-,-,-,-,-,-,-,-,-,-,-,-,-,-,-,-,-,-,-,-,-,-,-,-,-,-,-,-,-,-,-,-,-,-,-,-,-,-,-,-,L,T,Y,V,A,P,G,S,C,S,C,A,A,C,P,G,S,S,T,C,W,R,R,L,G,L,C,H,S,R,I,F,D,V,L,L,P,R,D,W,Q,G,A,P,G,R,G,F,P,N,L,L,T,F,Y,R,K,P,S,R,K,H,C,T,P,R,N,S,R,A,S,G,S,R,N,C,C,C,G,S,G,G,P,G,S,C,L,L,H,R
Dasypus_novemcinctus,M,K,K,G,K,R,K,K,Q,E,A,R,R,-,R,D,S,-,S,Q,H,P,S,D,S,S,P,P,H,S,S,E,S,A,P,Q,A,-,-,-,-,-,-,-,-,-,-,-,-,-,-,-,-,-,-,-,-,-,-,-,A,Q,A,L,P,A,P,E,V,R,G,S,A,G,S,L,L,S,P,D,A,G,S,N,A,A,P,Q,A,R,T,Q,G,G,P,R,P,C,S,C,A,A,C,P,G,S,N,T,C,S,R,R,L,G,L,C,H,S,R,I,F,D,V,L,L,P,R,A,W,L,T,I,P,G,R,G,F,P,S,L,L,T,F,Y,R,R,P,T,R,K,H,S,I,H,R,S,S,R,P,P,S,S,R,N,C,C,C,G,S,G,G,P,G,S,C,L,L,H,H
Dipodomys_ordii,M,K,K,V,K,K,K,K,A,T,A,R,R,R,R,D,S,T,S,P,Q,A,S,D,S,S,-,-,-,-,-,-,-,-,-,-,-,-,-,-,-,-,-,-,-,-,-,-,-,-,-,-,-,-,-,-,-,-,-,-,-,-,-,-,P,A,P,E,P,R,L,S,T,R,C,L,L,S,-,-,-,-,-,-,-,-,S,K,A,L,T,Y,A,G,L,R,S,C,S,C,S,T,C,P,G,S,S,A,C,W,R,R,L,G,L,C,H,S,R,I,F,D,V,L,L,P,R,D,C,Q,A,I,P,E,S,G,F,P,N,L,L,T,F,Y,R,R,P,S,G,K,-,-,-,-,-,-,S,R,A,P,N,P,W,D,C,C,C,S,T,W,G,P,G,S,C,I,L,H,H
Dipodomys_spectabilis,M,K,K,V,K,K,K,K,A,T,A,R,R,R,R,D,S,T,S,P,Q,A,S,D,S,S,-,-,-,-,-,-,-,-,-,-,-,-,-,-,-,-,-,-,-,-,-,-,-,-,-,-,-,-,-,-,-,-,-,-,-,-,-,-,P,A,P,E,P,R,L,S,T,R,C,L,L,S,-,-,-,-,-,-,-,-,S,K,A,L,T,Y,A,G,L,R,S,C,S,C,S,T,C,P,G,S,S,A,C,W,R,R,L,G,L,C,H,S,R,I,F,D,V,L,L,P,R,D,C,Q,A,I,P,E,S,G,F,P,N,L,L,T,F,Y,R,R,P,S,G,K,-,-,-,-,-,-,S,R,A,P,N,P,W,D,C,C,C,S,T,W,G,P,G,S,C,I,L,H,H
Dromiciops_gliroides,-,-,-,-,-,-,-,-,-,-,-,-,-,-,-,-,-,-,-,-,-,-,-,-,-,-,-,-,-,-,-,-,-,-,-,-,-,-,-,-,-,-,-,-,-,-,-,-,-,-,-,-,-,-,-,-,-,-,-,-,-,-,-,-,-,-,-,-,-,-,-,-,-,-,-,-,-,-,-,-,-,-,-,-,-,-,-,-,-,-,-,-,-,-,-,-,-,-,-,-,-,-,-,-,-,-,-,-,-,-,-,-,-,-,-,-,-,-,-,-,-,-,-,-,-,-,-,-,-,-,-,-,-,-,-,-,-,-,-,-,-,-,-,-,-,-,-,-,-,-,-,-,-,-,-,-,-,-,-,-,-,-,-,-,-,-,-,-,-,-,-,-,-,-,-,-,-,-,-
Elephantulus_edwardii,-,-,-,-,-,-,-,-,-,-,-,-,-,-,-,-,-,-,-,-,-,-,-,-,-,-,-,-,-,-,-,-,-,-,-,-,-,-,-,-,-,-,-,-,-,-,-,-,-,-,-,-,-,-,-,-,-,-,-,-,-,-,-,-,-,-,-,-,-,-,-,-,-,-,-,-,-,-,-,-,-,-,-,-,-,-,-,-,-,-,-,-,-,-,-,-,-,-,-,-,-,-,-,-,-,-,-,-,-,-,-,-,-,-,-,-,-,-,-,-,-,-,-,-,-,-,-,-,-,-,-,-,-,-,-,-,-,-,-,-,-,-,-,-,-,-,-,-,-,-,-,-,-,-,-,-,-,-,-,-,-,-,-,-,-,-,-,-,-,-,-,-,-,-,-,-,-,-,-
Equus_caballus,-,-,-,-,-,-,-,-,-,-,-,-,-,-,-,-,-,-,-,-,-,-,-,-,-,-,-,-,-,-,-,-,-,-,-,-,-,-,-,-,-,-,-,-,-,-,-,-,-,-,-,-,-,-,-,-,-,-,-,-,-,-,-,-,-,-,-,-,-,-,-,-,-,-,-,-,-,-,-,-,-,-,-,-,-,-,-,-,-,-,-,-,-,-,-,-,-,-,-,-,-,-,-,-,-,-,-,-,-,-,-,-,-,-,-,-,-,-,-,-,-,-,-,-,-,-,-,-,-,-,-,-,-,-,-,-,-,-,-,-,-,-,-,-,-,-,-,-,-,-,-,-,-,-,-,-,-,-,-,-,-,-,-,-,-,-,-,-,-,-,-,-,-,-,-,-,-,-,-
Erinaceus_europaeus,-,-,-,-,-,-,-,-,-,-,-,-,-,-,-,-,-,-,-,-,-,-,-,-,-,-,-,-,-,-,-,-,-,-,-,-,-,-,-,-,-,-,-,-,-,-,-,-,-,-,-,-,-,-,-,-,-,-,-,-,-,-,-,-,-,-,-,-,-,-,-,-,-,-,-,-,-,-,-,-,-,-,-,-,-,-,-,-,-,-,-,-,-,-,-,-,-,-,-,-,-,-,-,-,-,-,-,-,-,-,-,-,-,-,-,-,-,-,-,-,-,-,-,-,-,-,-,-,-,-,-,-,-,-,-,-,-,-,-,-,-,-,-,-,-,-,-,-,-,-,-,-,-,-,-,-,-,-,-,-,-,-,-,-,-,-,-,-,-,-,-,-,-,-,-,-,-,-,-
Eumetopias_jubatus,M,R,K,G,K,R,K,K,P,E,S,R,R,-,H,G,S,T,S,Q,R,A,S,E,S,T,P,Q,N,S,S,E,S,T,P,Q,Q,P,S,P,G,S,T,P,Q,P,S,-,-,-,-,-,-,-,P,S,S,E,S,V,P,Q,A,L,P,A,P,E,T,N,S,S,T,R,G,L,L,P,Q,D,T,N,T,R,A,S,S,Q,P,V,T,R,A,G,P,R,A,C,S,C,S,T,C,P,G,S,S,A,C,W,R,R,L,G,L,C,H,S,R,I,F,D,V,L,L,P,R,V,W,P,T,M,P,G,R,G,S,P,S,L,L,T,F,Y,R,K,P,T,R,K,H,S,T,H,R,N,S,R,A,P,S,S,R,D,C,C,C,G,S,G,G,P,G,S,C,L,L,H,H
Felis_catus,M,R,K,G,K,K,K,K,P,E,S,R,R,-,R,G,S,T,P,Q,H,A,-,-,S,T,P,Q,H,S,S,E,S,S,T,P,H,A,S,S,E,S,N,P,R,P,S,P,G,S,T,L,-,Q,P,S,S,G,S,A,P,Q,A,L,P,A,P,E,S,R,P,S,A,R,-,-,L,P,P,D,P,T,T,K,A,P,S,R,S,L,T,R,A,G,P,R,A,C,S,C,S,A,C,P,G,S,S,A,C,W,R,R,L,G,L,C,H,S,R,I,F,D,V,L,L,P,L,P,W,P,T,M,P,G,R,G,F,P,S,L,L,T,F,-,-,-,-,-,-,-,-,-,-,-,-,-,-,-,-,-,-,-,-,-,-,-,-,-,-,-,-,-,-,-,-,-,-,-,-
Fukomys_damarensis,M,K,K,V,K,K,K,K,A,E,A,R,R,R,R,E,S,L,T,Q,R,A,S,D,S,S,-,-,-,-,-,-,-,-,-,-,-,-,-,-,-,-,-,-,-,-,-,-,-,-,-,-,-,-,-,-,-,-,-,-,-,-,-,-,P,A,P,E,T,H,R,S,S,G,S,L,-,-,-,-,-,-,-,-,-,-,-,-,-,-,S,P,A,G,L,R,P,C,S,C,A,A,C,P,G,S,S,A,C,W,H,R,L,G,L,C,H,S,R,I,F,D,V,L,L,P,R,D,W,Q,A,M,P,G,R,G,F,P,N,L,L,T,F,Y,R,K,P,P,R,K,H,C,A,P,R,N,S,S,T,P,S,P,R,D,C,G,C,G,S,G,G,P,G,G,C,L,L,H,H
Galeopterus_variegatus,M,R,K,V,R,K,K,R,S,N,T,R,R,H,Q,E,P,T,S,Q,R,A,S,E,S,T,T,Q,Q,S,P,E,S,T,L,Q,Q,P,S,P,E,S,T,P,Q,P,S,L,E,N,T,P,Q,Q,P,S,S,E,P,A,T,P,A,L,P,A,P,K,T,R,R,S,S,G,H,L,S,S,S,N,N,D,K,K,A,A,H,Q,P,L,T,H,A,G,P,R,S,C,S,C,A,T,C,P,G,S,T,A,C,W,H,R,L,G,L,C,H,G,R,I,F,D,V,L,L,P,R,Y,W,Q,A,V,P,G,R,G,C,P,S,L,L,T,F,Y,R,R,P,S,R,K,H,S,S,N,H,N,S,R,A,P,S,P,R,D,C,C,C,S,S,G,G,P,G,S,C,L,L,H,R
Gracilinanus_agilis,-,-,-,-,-,-,-,-,-,-,-,-,-,-,-,-,-,-,-,-,-,-,-,-,-,-,-,-,-,-,-,-,-,-,-,-,-,-,-,-,-,-,-,-,-,-,-,-,-,-,-,-,-,-,-,-,-,-,-,-,-,-,-,-,-,-,-,-,-,-,-,-,-,-,-,-,-,-,-,-,-,-,-,-,-,-,-,-,-,-,-,-,-,-,-,-,-,-,-,-,-,-,-,-,-,-,-,-,-,-,-,-,-,-,-,-,-,-,-,-,-,-,-,-,-,-,-,-,-,-,-,-,-,-,-,-,-,-,-,-,-,-,-,-,-,-,-,-,-,-,-,-,-,-,-,-,-,-,-,-,-,-,-,-,-,-,-,-,-,-,-,-,-,-,-,-,-,-,-
Grammomys_surdaster,M,K,K,V,K,K,K,K,S,D,S,R,R,R,R,N,S,I,S,P,Q,T,S,D,S,S,S,S,E,T,P,P,S,C,P,E,P,A,S,P,-,P,Q,P,Q,P,-,-,-,-,-,-,-,-,-,-,-,-,-,-,-,-,-,-,-,-,-,-,-,-,-,-,-,-,-,-,-,-,-,-,-,-,-,-,-,-,-,-,-,L,T,Y,V,A,P,R,S,C,P,C,V,A,C,P,G,S,S,A,C,W,R,R,L,G,L,C,H,S,R,I,F,D,V,L,L,P,R,D,W,S,S,M,P,G,R,G,F,P,N,L,L,T,F,Y,R,K,P,S,R,K,Y,C,T,S,R,N,Y,R,A,S,S,S,R,N,C,C,C,G,S,G,S,P,G,S,C,L,L,H,G
Heterocephalus_glaber,M,K,K,V,K,K,K,K,A,E,A,R,R,R,R,E,S,M,T,Q,R,A,S,D,S,S,S,S,E,A,A,-,-,-,-,-,-,-,-,-,-,-,-,-,-,-,-,-,-,-,-,-,-,Q,P,G,T,E,P,E,A,Q,A,L,P,E,P,E,T,R,R,S,P,G,S,L,S,P,P,S,-,-,P,Q,A,A,P,P,A,V,T,L,A,G,L,R,P,C,S,R,A,A,C,P,G,S,S,T,C,W,H,C,L,G,L,C,H,S,R,I,F,D,V,L,L,P,W,D,W,Q,A,M,P,G,R,G,F,P,N,L,L,T,F,Y,R,K,P,P,R,K,H,C,A,P,L,N,S,H,A,P,R,P,L,D,C,G,C,G,S,G,G,A,G,G,C,L,L,H,H
Hyaena_hyaena,M,R,K,G,K,K,K,K,P,E,S,R,R,-,R,G,S,T,S,Q,R,A,S,E,S,T,P,Q,Q,S,S,E,S,T,P,Q,Q,A,S,S,E,S,T,S,Q,A,S,P,-,-,-,-,-,Q,S,S,C,E,S,A,P,Q,A,L,P,A,P,E,S,R,P,S,A,R,-,-,-,-,-,-,-,-,T,K,A,S,S,R,S,L,T,R,A,G,P,R,A,C,S,C,S,A,C,P,G,S,S,A,C,W,R,R,L,G,L,C,H,S,R,I,F,D,V,L,L,P,R,A,W,P,T,M,P,G,R,G,F,P,N,L,L,T,F,Y,R,R,P,E,R,K,H,P,T,H,R,N,S,R,A,P,S,P,R,D,C,C,C,G,S,G,S,P,G,G,C,L,L,H,H
Jaculus_jaculus,M,K,K,V,K,K,K,K,S,E,T,R,R,R,R,G,S,I,S,P,Q,T,S,D,S,S,S,S,E,T,P,P,L,V,P,S,K,-,-,-,-,-,-,-,-,-,-,-,-,-,-,-,-,-,-,-,-,-,-,-,-,-,-,-,-,-,-,-,-,-,-,-,-,-,-,-,-,-,-,-,-,-,-,-,-,A,E,T,K,L,I,Y,A,S,P,S,P,C,S,C,A,T,C,P,G,S,C,A,C,W,R,R,L,G,L,C,H,S,R,I,F,D,V,L,L,P,R,A,C,P,A,M,P,G,R,G,F,P,N,L,L,T,F,Y,R,R,P,S,R,K,H,F,P,P,R,N,T,R,T,A,S,P,R,D,C,C,C,G,S,G,G,P,R,S,C,L,L,Y,R
Lemur_catta,M,K,K,V,K,K,K,K,P,E,A,R,R,R,R,D,S,A,S,Q,H,S,S,-,-,-,-,-,-,-,P,E,S,T,S,Q,Q,P,S,S,E,S,T,P,Q,L,S,P,E,S,T,P,Q,Q,P,S,L,E,N,A,P,Q,A,L,-,-,-,-,-,-,-,-,-,-,-,-,-,-,-,-,-,-,T,K,A,A,P,Q,S,T,T,H,A,G,P,H,S,C,S,C,V,A,C,P,G,S,N,A,C,W,R,R,L,G,L,C,H,S,R,I,F,D,V,L,L,P,R,D,W,Q,L,V,P,G,R,G,L,P,S,L,L,T,F,Y,R,K,P,T,R,K,L,S,S,P,R,N,S,C,P,P,I,S,G,D,C,C,C,G,S,R,G,S,G,S,C,L,L,H,H
Leptonychotes_weddellii,-,-,-,-,-,-,-,-,-,-,-,-,-,-,-,-,-,-,-,-,-,-,-,-,-,-,-,-,-,-,-,-,-,-,-,-,-,-,-,-,-,-,-,-,-,-,-,-,-,-,-,-,-,-,-,-,-,-,-,-,-,-,-,-,-,-,-,-,-,-,-,-,-,-,-,-,-,-,-,-,-,-,-,-,-,-,-,-,-,-,-,-,-,-,-,-,-,-,-,-,-,-,-,-,-,-,-,-,-,-,-,-,-,-,-,-,-,-,-,-,-,-,-,-,-,-,-,-,-,-,-,-,-,-,-,-,-,-,-,-,-,-,-,-,-,-,-,-,-,-,-,-,-,-,-,-,-,-,-,-,-,-,-,-,-,-,-,-,-,-,-,-,-,-,-,-,-,-,-
Lontra_canadensis,-,-,-,-,-,-,-,-,-,-,-,-,-,-,-,-,-,-,-,-,-,-,-,-,-,-,-,-,-,-,-,-,-,-,-,-,-,-,-,-,-,-,-,-,-,-,-,-,-,-,-,-,-,-,-,-,-,-,-,-,-,-,-,-,-,-,-,-,-,-,-,-,-,-,-,-,-,-,-,-,-,-,-,-,-,-,-,-,-,-,-,-,-,-,-,-,-,-,-,-,-,-,-,-,-,-,-,-,-,-,-,-,-,-,-,-,-,-,-,-,-,-,-,-,-,-,-,-,-,-,-,-,-,-,-,-,-,-,-,-,-,-,-,-,-,-,-,-,-,-,-,-,-,-,-,-,-,-,-,-,-,-,-,-,-,-,-,-,-,-,-,-,-,-,-,-,-,-,-
Lynx_canadensis,M,R,K,G,K,K,K,K,P,E,S,R,R,-,R,G,S,T,P,Q,H,A,S,E,S,T,P,Q,H,S,S,E,S,T,P,Q,H,A,S,S,E,S,T,P,H,A,S,-,-,-,-,-,-,-,-,-,-,-,S,A,P,Q,A,L,P,A,P,E,S,R,P,S,A,R,-,-,L,P,P,D,P,T,T,K,A,P,S,R,S,L,T,R,A,G,P,R,A,C,S,C,S,A,C,P,G,S,S,A,C,W,R,R,L,G,L,C,H,S,R,I,F,D,V,L,L,P,L,P,W,P,T,M,P,G,R,G,F,P,S,L,L,T,F,Y,R,E,P,A,R,K,H,S,T,H,R,N,S,R,A,P,S,S,R,A,C,R,C,G,S,G,S,P,G,G,C,L,L,H,H
Manis_javanica,-,-,-,-,-,-,-,-,-,-,-,-,-,-,-,-,-,-,-,-,-,-,-,-,-,-,-,-,-,-,-,-,-,-,-,-,-,-,-,-,-,-,-,-,-,-,-,-,-,-,-,-,-,-,-,-,-,-,-,-,-,-,-,-,-,-,-,-,-,-,-,-,-,-,-,-,-,-,-,-,-,-,-,-,-,-,-,-,-,-,-,-,-,-,-,-,-,-,-,-,-,-,-,-,-,-,-,-,-,-,-,-,-,-,-,-,-,-,-,-,-,-,-,-,-,-,-,-,-,-,-,-,-,-,-,-,-,-,-,-,-,-,-,-,-,-,-,-,-,-,-,-,-,-,-,-,-,-,-,-,-,-,-,-,-,-,-,-,-,-,-,-,-,-,-,-,-,-,-
Manis_pentadactyla,-,-,-,-,-,-,-,-,-,-,-,-,-,-,-,-,-,-,-,-,-,-,-,-,-,-,-,-,-,-,-,-,-,-,-,-,-,-,-,-,-,-,-,-,-,-,-,-,-,-,-,-,-,-,-,-,-,-,-,-,-,-,-,-,-,-,-,-,-,-,-,-,-,-,-,-,-,-,-,-,-,-,-,-,-,-,-,-,-,-,-,-,-,-,-,-,-,-,-,-,-,-,-,-,-,-,-,-,-,-,-,-,-,-,-,-,-,-,-,-,-,-,-,-,-,-,-,-,-,-,-,-,-,-,-,-,-,-,-,-,-,-,-,-,-,-,-,-,-,-,-,-,-,-,-,-,-,-,-,-,-,-,-,-,-,-,-,-,-,-,-,-,-,-,-,-,-,-,-
Mastomys_coucha,M,K,K,V,K,K,K,K,C,D,S,R,R,R,R,N,S,I,S,P,Q,T,-,-,-,-,S,S,E,T,P,P,S,C,-,-,-,-,-,-,-,-,-,-,-,-,-,-,-,-,-,-,-,-,-,-,-,-,-,-,-,-,-,-,-,-,-,-,-,-,-,-,-,-,-,-,-,-,-,-,-,-,-,-,-,-,-,-,-,L,T,Y,V,T,P,V,S,C,S,C,V,A,C,P,G,S,S,A,C,W,R,R,L,G,L,C,H,S,R,I,F,D,V,L,L,P,R,D,W,S,T,M,P,G,R,G,F,P,N,L,L,T,F,Y,R,K,P,S,R,K,Y,C,T,P,R,N,P,R,P,S,S,S,R,N,C,C,C,G,S,G,S,P,G,S,C,L,L,H,G
Meles_meles,-,-,-,-,-,-,-,-,-,-,-,-,-,-,-,-,-,-,-,-,-,-,-,-,-,-,-,-,-,-,-,-,-,-,-,-,-,-,-,-,-,-,-,-,-,-,-,-,-,-,-,-,-,-,-,-,-,-,-,-,-,-,-,-,-,-,-,-,-,-,-,-,-,-,-,-,-,-,-,-,-,-,-,-,-,-,-,-,-,-,-,-,-,-,-,-,-,-,-,-,-,-,-,-,-,-,-,-,-,-,-,-,-,-,-,-,-,-,-,-,-,-,-,-,-,-,-,-,-,-,-,-,-,-,-,-,-,-,-,-,-,-,-,-,-,-,-,-,-,-,-,-,-,-,-,-,-,-,-,-,-,-,-,-,-,-,-,-,-,-,-,-,-,-,-,-,-,-,-
Meriones_unguiculatus,M,K,K,V,K,K,K,K,A,E,S,R,R,R,R,D,S,I,S,R,Q,A,S,D,S,S,-,-,-,-,-,-,-,-,-,-,-,-,-,-,-,-,-,-,-,-,-,-,-,-,-,-,-,Q,V,N,P,E,P,-,T,Q,V,F,P,A,S,E,-,-,-,-,-,-,-,-,-,-,-,-,-,-,-,-,-,-,-,-,-,L,T,Y,V,A,P,P,S,C,S,C,S,A,C,P,G,S,S,T,C,W,R,R,L,G,L,C,H,S,R,I,F,D,V,L,L,P,R,D,C,P,A,M,P,G,R,D,S,S,N,L,L,T,F,Y,R,K,P,S,R,K,-,-,-,-,-,-,-,-,-,-,S,S,R,N,Y,C,C,G,P,G,G,P,G,S,C,L,L,H,H
Mesocricetus_auratus,-,-,-,-,-,-,-,-,-,-,-,-,-,-,-,-,-,-,-,-,-,-,-,-,-,-,-,-,-,-,-,-,-,-,-,-,-,-,-,-,-,-,-,-,-,-,-,-,-,-,-,-,-,-,-,-,-,-,-,-,-,-,-,-,-,-,-,-,-,-,-,-,-,-,-,-,-,-,-,-,-,-,-,-,-,-,-,-,-,-,-,-,-,-,-,-,-,-,-,-,-,-,-,-,-,-,-,-,-,-,-,-,-,-,-,-,-,-,-,-,-,-,-,-,-,-,-,-,-,-,-,-,-,-,-,-,-,-,-,-,-,-,-,-,-,-,-,-,-,-,-,-,-,-,-,-,-,-,-,-,-,-,-,-,-,-,-,-,-,-,-,-,-,-,-,-,-,-,-
Microcebus_murinus,M,K,K,V,K,K,K,K,V,E,A,R,R,R,R,D,S,N,S,H,H,S,T,S,P,-,-,-,-,R,S,E,S,A,S,Q,Q,P,S,P,E,S,T,L,R,T,S,P,E,S,S,L,Q,Q,S,S,L,E,T,A,P,Q,A,F,S,A,S,N,-,-,-,-,-,-,-,-,-,-,-,-,-,-,-,-,-,-,-,-,-,-,I,R,R,G,P,Y,S,C,S,C,A,A,C,P,G,S,N,A,C,C,R,R,L,G,L,C,H,S,R,I,F,D,V,L,L,P,R,D,W,Q,F,V,P,G,R,G,I,P,S,L,L,T,F,Y,R,K,P,S,R,K,L,A,S,A,R,D,S,C,P,P,S,P,R,D,C,C,C,G,S,R,G,P,G,S,C,L,L,H,N
Microtus_fortis,M,K,K,V,K,K,K,K,S,D,S,R,R,R,R,D,T,I,S,P,Q,A,S,D,S,S,S,S,E,T,P,P,T,C,P,E,S,T,S,P,-,P,Q,P,Q,P,C,Q,E,S,T,P,-,Q,V,N,P,E,P,A,P,Q,A,L,P,A,A,E,-,-,-,-,-,-,-,-,-,-,-,-,-,-,-,-,-,-,-,-,-,L,T,Y,M,A,P,R,S,C,S,C,M,A,C,P,G,S,S,A,C,W,R,R,L,G,L,C,H,S,R,I,F,D,V,L,L,P,R,D,W,Q,A,M,P,G,R,G,F,P,N,L,L,T,F,Y,R,K,P,S,R,K,Y,C,T,S,R,N,S,R,T,S,G,S,R,D,C,C,C,V,S,G,G,P,G,S,C,L,L,H,R
Microtus_ochrogaster,M,K,K,V,K,K,K,K,S,D,S,R,R,R,R,D,S,I,S,P,R,A,S,D,S,S,S,S,E,T,P,P,T,C,-,-,-,-,-,-,-,-,-,-,-,-,-,-,-,-,-,-,-,-,-,-,-,-,-,A,P,P,A,L,P,A,A,E,-,-,-,-,-,-,-,-,-,-,-,K,A,S,S,P,S,R,K,P,A,L,T,Y,M,A,P,R,S,C,S,C,M,A,C,P,G,S,S,A,C,W,R,R,L,G,L,C,H,S,R,I,F,D,V,L,L,P,R,D,W,Q,A,M,P,G,R,G,F,P,N,L,L,T,F,Y,R,K,P,S,R,K,Y,C,T,S,R,N,S,R,T,S,G,S,R,D,C,C,C,V,S,G,G,P,G,S,C,L,L,H,R
Microtus_oregoni,M,K,K,V,K,K,K,K,S,D,S,R,R,R,R,E,S,I,S,P,Q,A,S,D,S,S,I,S,E,T,P,P,T,C,P,E,P,T,S,P,-,P,Q,P,Q,P,C,Q,E,S,T,P,-,Q,V,N,P,E,P,A,P,P,A,L,P,A,A,E,-,-,-,-,-,-,-,-,-,-,-,K,A,S,S,P,S,R,K,P,G,L,T,Y,M,A,P,R,S,C,S,C,M,A,C,P,G,S,S,A,C,W,R,R,L,G,L,C,H,S,R,I,F,D,V,L,L,P,R,D,W,Q,A,M,P,G,R,G,F,P,N,L,L,T,F,Y,R,K,P,S,R,K,Y,C,T,S,R,N,S,R,T,S,G,S,R,D,C,C,C,V,S,G,S,P,G,S,C,L,L,H,R
Mirounga_angustirostris,M,R,K,G,K,R,K,K,P,E,S,R,R,-,R,G,S,T,S,Q,R,A,S,E,S,T,P,Q,N,S,S,E,S,T,P,Q,H,A,S,S,E,S,T,P,Q,P,S,P,G,S,T,P,Q,Q,P,S,P,G,S,T,P,-,-,-,P,A,P,E,T,N,S,S,T,R,G,L,L,P,Q,D,T,N,T,K,A,S,S,R,S,V,A,R,A,G,P,R,A,C,S,C,S,T,C,P,G,S,S,A,C,W,R,R,L,G,L,C,H,S,R,I,F,D,V,L,L,P,R,V,W,P,T,M,P,G,R,G,S,P,S,L,L,T,F,Y,R,K,P,T,R,K,H,S,T,H,R,N,S,R,V,P,S,S,R,D,C,C,C,G,S,G,G,P,R,S,C,L,L,H,H
Mirounga_leonina,M,R,K,G,K,R,K,K,P,E,S,R,R,-,R,G,S,T,S,Q,R,A,S,E,S,T,P,Q,N,S,S,E,S,T,P,Q,H,A,S,S,E,S,T,P,Q,P,S,P,G,S,T,P,Q,Q,P,S,P,G,S,T,P,-,-,-,P,A,P,E,T,N,S,S,T,R,G,L,L,P,Q,D,T,N,T,K,A,S,S,R,S,V,A,R,A,G,P,R,A,C,S,C,S,T,C,P,G,S,S,A,C,W,R,R,L,G,L,C,H,S,R,I,F,D,V,L,L,P,R,V,W,P,T,M,P,G,R,G,S,P,S,L,L,T,F,Y,R,K,P,T,R,K,H,S,T,H,R,N,S,R,V,P,S,S,R,D,C,C,C,G,S,G,G,P,R,S,C,L,L,H,H
Monodelphis_domestica,-,-,-,-,-,-,-,-,-,-,-,-,-,-,-,-,-,-,-,-,-,-,-,-,-,-,-,-,-,-,-,-,-,-,-,-,-,-,-,-,-,-,-,-,-,-,-,-,-,-,-,-,-,-,-,-,-,-,-,-,-,-,-,-,-,-,-,-,-,-,-,-,-,-,-,-,-,-,-,-,-,-,-,-,-,-,-,-,-,-,-,-,-,-,-,-,-,-,-,-,-,-,-,-,-,-,-,-,-,-,-,-,-,-,-,-,-,-,-,-,-,-,-,-,-,-,-,-,-,-,-,-,-,-,-,-,-,-,-,-,-,-,-,-,-,-,-,-,-,-,-,-,-,-,-,-,-,-,-,-,-,-,-,-,-,-,-,-,-,-,-,-,-,-,-,-,-,-,-
Mus_caroli,-,-,-,-,-,-,-,-,-,-,-,-,-,-,-,-,-,-,-,-,-,-,-,-,-,-,-,-,-,-,-,-,-,-,-,-,-,-,-,-,-,-,-,-,-,-,-,-,-,-,-,-,-,-,-,-,-,-,-,-,-,-,-,-,-,-,-,-,-,-,-,-,-,-,-,-,-,-,-,-,-,-,-,-,-,-,-,-,-,-,-,-,-,-,-,-,-,-,-,-,-,-,-,-,-,-,-,-,-,-,-,-,-,-,-,-,-,-,-,-,-,-,-,-,-,-,-,-,-,-,-,-,-,-,-,-,-,-,-,-,-,-,-,-,-,-,-,-,-,-,-,-,-,-,-,-,-,-,-,-,-,-,-,-,-,-,-,-,-,-,-,-,-,-,-,-,-,-,-
Mus_musculus,M,K,K,V,K,K,K,K,S,D,S,R,R,R,R,N,S,I,S,P,Q,T,S,D,S,S,S,S,E,T,P,P,S,C,P,E,P,A,S,P,-,P,K,P,Q,P,C,Q,E,S,T,T,H,Q,V,N,P,E,P,T,P,Q,P,L,P,P,P,E,-,-,-,-,-,-,-,-,-,-,-,-,-,-,-,-,-,-,-,-,-,L,T,Y,V,A,P,R,S,C,S,C,A,A,C,P,G,S,S,A,C,W,H,R,L,G,L,C,H,S,R,I,F,D,V,L,L,P,R,D,W,S,S,M,P,G,R,G,V,P,N,L,L,T,F,Y,R,K,P,S,R,K,Y,C,A,P,R,N,S,R,A,S,S,S,R,N,C,C,C,G,S,G,G,L,G,S,C,L,L,H,G
Mus_pahari,M,K,K,V,K,K,K,K,S,D,S,R,R,R,R,N,S,I,S,P,Q,T,S,D,S,S,S,S,E,T,P,P,S,C,-,-,-,-,-,-,-,-,-,-,-,-,-,-,-,-,-,-,H,Q,V,N,P,E,P,-,P,Q,P,L,P,P,P,E,-,-,-,-,-,-,-,-,-,-,-,-,-,-,-,-,-,-,-,-,-,L,T,Y,V,A,P,R,S,C,S,C,A,A,C,P,G,S,S,A,C,W,R,R,L,G,L,C,H,S,R,I,F,D,V,L,L,P,R,D,W,S,S,M,P,G,R,G,F,P,N,L,L,T,F,Y,R,K,P,S,R,K,Y,C,A,P,R,N,S,R,A,S,S,S,R,D,C,C,C,G,S,G,G,L,G,S,C,L,L,H,G
Mustela_erminea,-,-,-,-,-,-,-,-,-,-,-,-,-,-,-,-,-,-,-,-,-,-,-,-,-,-,-,-,-,-,-,-,-,-,-,-,-,-,-,-,-,-,-,-,-,-,-,-,-,-,-,-,-,-,-,-,-,-,-,-,-,-,-,-,-,-,-,-,-,-,-,-,-,-,-,-,-,-,-,-,-,-,-,-,-,-,-,-,-,-,-,-,-,-,-,-,-,-,-,-,-,-,-,-,-,-,-,-,-,-,-,-,-,-,-,-,-,-,-,-,-,-,-,-,-,-,-,-,-,-,-,-,-,-,-,-,-,-,-,-,-,-,-,-,-,-,-,-,-,-,-,-,-,-,-,-,-,-,-,-,-,-,-,-,-,-,-,-,-,-,-,-,-,-,-,-,-,-,-
Mustela_putorius_furo,-,-,-,-,-,-,-,-,-,-,-,-,-,-,-,-,-,-,-,-,-,-,-,-,-,-,-,-,-,-,-,-,-,-,-,-,-,-,-,-,-,-,-,-,-,-,-,-,-,-,-,-,-,-,-,-,-,-,-,-,-,-,-,-,-,-,-,-,-,-,-,-,-,-,-,-,-,-,-,-,-,-,-,-,-,-,-,-,-,-,-,-,-,-,-,-,-,-,-,-,-,-,-,-,-,-,-,-,-,-,-,-,-,-,-,-,-,-,-,-,-,-,-,-,-,-,-,-,-,-,-,-,-,-,-,-,-,-,-,-,-,-,-,-,-,-,-,-,-,-,-,-,-,-,-,-,-,-,-,-,-,-,-,-,-,-,-,-,-,-,-,-,-,-,-,-,-,-,-
Myodes_glareolus,M,K,K,V,K,K,K,K,S,D,S,R,R,R,R,D,S,I,S,P,Q,A,S,D,S,S,N,S,E,T,P,P,S,C,P,E,P,T,S,P,-,P,Q,P,Q,P,C,Q,E,S,T,P,-,Q,V,N,P,E,P,A,P,Q,A,L,P,A,A,E,-,R,R,S,S,-,-,-,-,-,-,K,A,S,S,P,S,R,K,A,A,L,T,Y,M,A,P,R,S,C,S,C,M,A,C,P,G,S,S,A,C,W,R,R,L,G,L,C,H,S,R,I,F,D,V,L,L,P,R,D,W,Q,A,M,P,G,R,G,F,P,N,L,L,T,F,Y,R,K,P,S,R,K,Y,C,T,P,R,N,S,R,T,S,G,S,R,D,C,C,C,V,S,G,S,P,G,S,C,L,L,H,R
Neogale_vison,M,R,K,G,K,R,K,K,P,E,S,R,R,-,H,G,S,T,S,Q,R,T,S,E,S,T,P,Q,Q,S,P,A,S,T,P,Q,Q,P,S,P,R,S,S,P,Q,P,S,P,A,S,T,P,Q,Q,P,S,S,V,S,A,P,Q,A,L,P,A,T,E,T,N,S,S,T,R,G,L,L,P,Q,D,T,N,S,K,A,S,S,R,S,V,T,R,A,G,P,R,A,C,S,C,S,T,C,P,G,S,S,A,C,W,R,R,L,G,L,C,H,S,R,I,F,D,V,L,L,P,R,V,W,P,T,M,P,G,R,G,S,P,S,L,L,T,F,Y,R,K,P,T,R,K,H,S,T,H,R,N,S,R,A,P,S,S,R,D,C,C,C,S,S,G,G,P,R,S,C,L,L,H,H
Odobenus_rosmarus_divergens,M,R,K,G,K,R,K,K,P,E,S,R,R,-,H,G,S,T,S,Q,R,A,S,E,S,M,P,Q,N,S,S,Q,S,T,P,Q,N,A,S,S,E,S,T,P,Q,P,S,-,-,-,-,-,-,-,P,S,S,E,S,V,P,Q,A,L,P,A,P,E,T,N,S,S,P,R,G,L,L,P,Q,D,T,N,T,K,A,S,S,Q,P,V,T,R,T,G,P,R,A,C,S,C,S,T,C,P,G,S,S,A,C,W,R,R,L,G,L,C,H,S,R,I,F,D,V,L,L,P,R,V,W,P,T,M,P,G,R,G,S,P,S,L,L,T,F,Y,R,K,P,T,R,K,H,S,T,H,R,N,S,R,A,P,S,S,R,D,C,C,C,G,S,G,G,P,G,S,C,L,L,H,H
Odocoileus_virginianus_texanus,M,K,K,G,K,R,K,K,S,E,T,R,R,-,R,G,S,T,S,Q,R,T,S,E,S,T,P,Q,Q,S,S,D,S,S,S,Q,Q,P,V,S,G,S,S,P,P,P,S,P,K,P,T,A,Q,Q,P,S,G,N,S,A,P,R,A,L,P,A,P,E,V,K,A,S,S,Q,-,-,-,-,-,-,-,-,-,-,S,R,K,A,A,L,V,R,V,G,P,R,A,C,S,C,S,V,C,P,G,S,S,A,C,W,R,R,L,G,L,C,H,S,R,I,F,D,V,L,L,P,R,A,W,P,T,M,P,G,R,G,F,P,N,L,L,T,F,Y,R,R,P,S,R,K,Q,S,T,H,R,N,S,R,A,P,S,P,R,N,C,C,C,G,S,G,S,P,R,S,C,L,L,H,P
Onychomys_torridus,-,-,-,-,-,-,-,-,-,-,-,-,-,-,-,-,-,-,-,-,-,-,-,-,-,-,-,-,-,-,-,-,-,-,-,-,-,-,-,-,-,-,-,-,-,-,-,-,-,-,-,-,-,-,-,-,-,-,-,-,-,-,-,-,-,-,-,-,-,-,-,-,-,-,-,-,-,-,-,-,-,-,-,-,-,-,-,-,-,-,-,-,-,-,-,-,-,-,-,-,-,-,-,-,-,-,-,-,-,-,-,-,-,-,-,-,-,-,-,-,-,-,-,-,-,-,-,-,-,-,-,-,-,-,-,-,-,-,-,-,-,-,-,-,-,-,-,-,-,-,-,-,-,-,-,-,-,-,-,-,-,-,-,-,-,-,-,-,-,-,-,-,-,-,-,-,-,-,-
Ornithorhynchus_anatinus,-,-,-,-,-,-,-,-,-,-,-,-,-,-,-,-,-,-,-,-,-,-,-,-,-,-,-,-,-,-,-,-,-,-,-,-,-,-,-,-,-,-,-,-,-,-,-,-,-,-,-,-,-,-,-,-,-,-,-,-,-,-,-,-,-,-,-,-,-,-,-,-,-,-,-,-,-,-,-,-,-,-,-,-,-,-,-,-,-,-,-,-,-,-,-,-,-,-,-,-,-,-,-,-,-,-,-,-,-,-,-,-,-,-,-,-,-,-,-,-,-,-,-,-,-,-,-,-,-,-,-,-,-,-,-,-,-,-,-,-,-,-,-,-,-,-,-,-,-,-,-,-,-,-,-,-,-,-,-,-,-,-,-,-,-,-,-,-,-,-,-,-,-,-,-,-,-,-,-
Orycteropus_afer_afer,M,R,K,G,K,R,K,K,S,D,A,R,R,-,R,N,S,A,S,Q,N,P,S,E,S,S,P,P,H,S,S,D,S,A,P,Q,L,P,S,S,D,S,T,-,-,-,-,-,-,-,-,-,-,-,P,S,S,E,S,V,P,Q,A,L,P,A,P,E,-,-,-,-,-,-,-,-,-,-,-,-,-,-,-,-,-,-,-,-,-,L,T,H,V,G,P,H,F,C,S,C,A,R,C,P,G,S,S,A,C,W,R,R,L,G,Q,C,H,S,R,I,S,D,A,L,M,P,R,D,W,H,P,L,P,G,R,E,T,P,S,L,L,T,F,Y,R,K,S,G,R,K,H,S,V,H,R,N,L,R,T,P,S,S,R,D,R,C,C,G,P,G,S,P,G,S,C,L,L,H,H
Oryctolagus_cuniculus,M,K,K,V,K,K,K,R,S,E,A,K,R,H,R,D,S,N,S,Q,H,A,S,N,S,T,P,Q,Q,R,P,E,A,A,P,Q,Q,P,-,-,-,-,-,-,-,-,-,-,-,-,-,-,-,-,-,R,P,V,S,T,A,Q,A,P,P,D,P,E,S,R,H,S,S,G,S,L,L,S,P,D,S,N,T,K,A,A,P,H,S,L,T,Y,S,S,P,R,S,C,P,C,A,A,C,P,G,S,S,A,C,W,R,R,L,G,L,C,H,S,R,I,F,D,V,L,L,P,R,D,W,Q,L,V,P,G,R,G,C,P,S,L,L,T,F,Y,R,R,P,S,R,K,H,S,S,H,R,N,S,R,A,P,C,P,R,D,C,G,C,G,S,G,G,P,G,S,C,L,L,H,R
Oryx_dammah,M,K,K,G,K,R,K,K,S,E,A,R,R,-,R,G,S,T,S,R,H,A,S,E,S,T,P,Q,Q,S,S,E,S,S,S,Q,Q,P,V,S,G,S,S,P,P,P,S,P,K,P,T,-,-,-,-,-,-,-,-,A,P,R,A,L,P,A,P,E,V,S,H,S,A,R,D,V,V,S,P,D,A,N,S,K,A,S,S,Q,S,L,I,R,V,G,P,R,A,C,S,C,S,V,C,P,G,S,S,A,C,W,R,R,L,G,L,C,H,S,R,I,F,D,V,L,L,P,R,A,W,P,T,M,S,G,T,G,F,P,N,L,L,T,F,Y,R,R,P,S,R,K,H,S,T,H,R,N,S,R,A,P,S,P,R,N,C,C,C,G,S,G,S,P,R,S,C,L,L,H,P
Otolemur_garnettii,M,K,K,G,K,K,K,R,T,E,A,K,R,-,S,D,S,L,S,Q,Q,S,P,E,S,S,S,Q,Q,-,-,-,-,-,-,-,-,P,S,I,E,S,S,S,Q,H,S,S,D,S,T,P,Q,H,P,S,L,E,T,A,A,Q,T,V,P,S,S,E,-,-,-,-,-,-,-,L,V,P,S,K,A,D,-,-,-,-,-,-,-,-,Q,K,A,A,P,Q,S,C,S,C,A,L,C,P,G,R,S,T,C,W,C,R,L,G,L,C,H,S,R,I,F,G,I,L,L,P,R,D,W,Q,I,V,P,G,R,G,F,P,N,L,L,T,F,Y,R,R,P,R,R,K,-,-,-,-,-,-,-,-,-,P,S,P,W,D,C,C,C,G,S,G,G,P,G,S,C,L,L,H,H
Panthera_leo,M,R,K,G,K,K,K,K,P,E,S,R,R,-,R,G,S,T,P,Q,H,A,S,D,S,T,P,Q,Q,S,S,E,-,S,T,P,H,A,S,S,E,S,T,P,R,P,S,P,G,S,T,P,-,Q,P,S,S,G,S,A,P,Q,A,L,P,A,P,E,S,R,P,S,A,R,-,-,L,P,P,D,P,T,T,K,A,S,S,R,S,L,T,R,A,G,P,R,A,C,S,C,S,A,C,P,G,S,S,A,C,W,R,R,L,G,L,C,H,S,R,I,F,D,V,L,L,P,L,P,W,P,T,M,P,G,R,G,F,P,S,L,L,T,F,Y,R,E,P,A,R,K,H,S,T,H,R,N,S,R,A,P,S,S,R,A,C,R,C,G,S,G,S,P,G,G,C,L,L,H,H
Panthera_pardus,M,R,K,G,K,K,K,K,P,E,S,R,R,-,R,G,S,T,P,Q,H,A,S,E,S,T,P,Q,Q,S,S,E,-,S,T,P,H,A,S,S,E,S,T,P,R,P,S,P,G,S,T,P,-,Q,P,S,S,G,S,A,P,Q,A,L,P,A,P,E,S,R,P,S,A,R,-,-,L,P,P,D,P,T,T,K,A,S,S,R,S,L,T,R,A,G,P,R,A,C,S,C,S,A,C,P,G,S,S,A,C,W,R,R,L,G,L,C,H,S,R,I,F,D,V,L,L,P,L,P,W,P,T,M,P,G,R,G,F,P,S,L,L,T,F,Y,R,E,P,A,R,K,H,S,T,H,R,N,S,R,A,P,S,S,R,A,C,R,C,G,S,G,S,P,G,G,C,L,L,H,H
Panthera_uncia,M,R,K,G,K,K,K,K,P,E,S,R,R,-,R,G,S,T,P,Q,H,A,S,E,S,T,P,Q,Q,S,S,E,-,S,T,P,H,A,S,S,E,S,T,P,R,P,S,P,G,S,T,P,-,Q,P,S,S,G,S,A,P,Q,A,L,P,A,P,E,S,R,P,S,A,R,-,-,L,P,P,D,P,T,T,K,A,S,S,R,S,L,T,R,A,G,P,R,A,C,S,C,S,A,C,P,G,S,S,A,C,W,R,R,L,G,L,C,H,S,R,I,F,D,V,L,L,P,L,P,W,P,T,M,P,G,R,G,F,P,S,L,L,T,F,Y,R,E,P,A,R,K,H,S,T,H,R,N,S,R,A,P,S,S,R,A,C,R,C,G,S,G,S,P,G,G,C,L,L,H,H
Perognathus_longimembris_pacificus,M,K,K,V,K,K,K,K,A,T,A,R,R,R,R,D,S,T,S,P,Q,A,S,D,S,S,-,-,-,-,-,-,-,-,-,-,-,-,-,-,-,-,-,-,-,-,-,-,-,-,-,-,-,-,-,-,-,-,-,-,-,-,-,-,P,A,P,E,P,R,L,S,T,R,C,L,L,S,-,-,-,-,-,-,-,-,S,K,A,L,A,Y,T,G,L,R,S,C,S,C,S,A,C,P,G,S,S,A,C,W,R,R,L,G,L,C,H,S,R,I,F,D,V,L,L,P,R,D,C,Q,A,M,S,E,S,G,F,P,N,L,L,T,F,Y,R,R,P,S,G,K,-,S,A,G,R,N,S,R,A,A,N,P,W,D,C,C,C,G,T,W,G,P,G,S,C,L,L,H,H
Peromyscus_californicus_insignis,-,-,-,-,-,-,-,-,-,-,-,-,-,-,-,-,-,-,-,-,-,-,-,-,-,-,-,-,-,-,-,-,-,-,-,-,-,-,-,-,-,-,-,-,-,-,-,-,-,-,-,-,-,-,-,-,-,-,-,-,-,-,-,-,-,-,-,-,-,-,-,-,-,-,-,-,-,-,-,-,-,-,-,-,-,-,-,-,-,-,-,-,-,-,-,-,-,-,-,-,-,-,-,-,-,-,-,-,-,-,-,-,-,-,-,-,-,-,-,-,-,-,-,-,-,-,-,-,-,-,-,-,-,-,-,-,-,-,-,-,-,-,-,-,-,-,-,-,-,-,-,-,-,-,-,-,-,-,-,-,-,-,-,-,-,-,-,-,-,-,-,-,-,-,-,-,-,-,-
Peromyscus_leucopus,-,-,-,-,-,-,-,-,-,-,-,-,-,-,-,-,-,-,-,-,-,-,-,-,-,-,-,-,-,-,-,-,-,-,-,-,-,-,-,-,-,-,-,-,-,-,-,-,-,-,-,-,-,-,-,-,-,-,-,-,-,-,-,-,-,-,-,-,-,-,-,-,-,-,-,-,-,-,-,-,-,-,-,-,-,-,-,-,-,-,-,-,-,-,-,-,-,-,-,-,-,-,-,-,-,-,-,-,-,-,-,-,-,-,-,-,-,-,-,-,-,-,-,-,-,-,-,-,-,-,-,-,-,-,-,-,-,-,-,-,-,-,-,-,-,-,-,-,-,-,-,-,-,-,-,-,-,-,-,-,-,-,-,-,-,-,-,-,-,-,-,-,-,-,-,-,-,-,-
Peromyscus_maniculatus_bairdii,-,-,-,-,-,-,-,-,-,-,-,-,-,-,-,-,-,-,-,-,-,-,-,-,-,-,-,-,-,-,-,-,-,-,-,-,-,-,-,-,-,-,-,-,-,-,-,-,-,-,-,-,-,-,-,-,-,-,-,-,-,-,-,-,-,-,-,-,-,-,-,-,-,-,-,-,-,-,-,-,-,-,-,-,-,-,-,-,-,-,-,-,-,-,-,-,-,-,-,-,-,-,-,-,-,-,-,-,-,-,-,-,-,-,-,-,-,-,-,-,-,-,-,-,-,-,-,-,-,-,-,-,-,-,-,-,-,-,-,-,-,-,-,-,-,-,-,-,-,-,-,-,-,-,-,-,-,-,-,-,-,-,-,-,-,-,-,-,-,-,-,-,-,-,-,-,-,-,-
Phascolarctos_cinereus,-,-,-,-,-,-,-,-,-,-,-,-,-,-,-,-,-,-,-,-,-,-,-,-,-,-,-,-,-,-,-,-,-,-,-,-,-,-,-,-,-,-,-,-,-,-,-,-,-,-,-,-,-,-,-,-,-,-,-,-,-,-,-,-,-,-,-,-,-,-,-,-,-,-,-,-,-,-,-,-,-,-,-,-,-,-,-,-,-,-,-,-,-,-,-,-,-,-,-,-,-,-,-,-,-,-,-,-,-,-,-,-,-,-,-,-,-,-,-,-,-,-,-,-,-,-,-,-,-,-,-,-,-,-,-,-,-,-,-,-,-,-,-,-,-,-,-,-,-,-,-,-,-,-,-,-,-,-,-,-,-,-,-,-,-,-,-,-,-,-,-,-,-,-,-,-,-,-,-
Phoca_vitulina,-,-,-,-,-,-,-,-,-,-,-,-,-,-,-,-,-,-,-,-,-,-,-,-,-,-,-,-,-,-,-,-,-,-,-,-,-,-,-,-,-,-,-,-,-,-,-,-,-,-,-,-,-,-,-,-,-,-,-,-,-,-,-,-,-,-,-,-,-,-,-,-,-,-,-,-,-,-,-,-,-,-,-,-,-,-,-,-,-,-,-,-,-,-,-,-,-,-,-,-,-,-,-,-,-,-,-,-,-,-,-,-,-,-,-,-,-,-,-,-,-,-,-,-,-,-,-,-,-,-,-,-,-,-,-,-,-,-,-,-,-,-,-,-,-,-,-,-,-,-,-,-,-,-,-,-,-,-,-,-,-,-,-,-,-,-,-,-,-,-,-,-,-,-,-,-,-,-,-
Phodopus_roborovskii,M,K,K,V,K,K,K,K,S,D,S,R,R,R,R,D,S,T,S,P,Q,A,S,D,S,S,S,S,E,T,P,P,S,C,-,-,-,-,-,-,-,-,-,-,-,-,-,-,-,-,-,-,-,-,-,-,-,-,-,-,-,-,-,-,-,-,-,-,-,-,-,-,-,-,-,-,-,-,-,-,-,-,-,-,-,-,-,-,-,L,T,C,V,A,P,H,S,C,S,C,A,A,C,P,G,S,S,A,C,W,R,R,L,G,L,C,H,S,R,I,F,D,V,L,L,P,R,E,-,-,A,M,P,G,R,E,F,P,N,L,L,T,F,Y,R,K,P,S,R,K,H,C,T,P,R,N,S,R,A,S,G,S,R,N,C,C,C,G,S,G,G,P,G,S,C,L,L,H,C
Prionailurus_bengalensis_euptilurus,-,-,-,-,-,-,-,-,-,-,-,-,-,-,-,-,-,-,-,-,-,-,-,-,-,-,-,-,-,-,-,-,-,-,-,-,-,-,-,-,-,-,-,-,-,-,-,-,-,-,-,-,-,-,-,-,-,-,-,-,-,-,-,-,-,-,-,-,-,-,-,-,-,-,-,-,-,-,-,-,-,-,-,-,-,-,-,-,-,-,-,-,-,-,-,-,-,-,-,-,-,-,-,-,-,-,-,-,-,-,-,-,-,-,-,-,-,-,-,-,-,-,-,-,-,-,-,-,-,-,-,-,-,-,-,-,-,-,-,-,-,-,-,-,-,-,-,-,-,-,-,-,-,-,-,-,-,-,-,-,-,-,-,-,-,-,-,-,-,-,-,-,-,-,-,-,-,-,-
Puma_concolor,M,R,K,G,K,K,K,K,P,E,S,R,R,-,R,G,S,T,P,Q,H,A,-,-,-,-,-,-,-,-,-,-,-,-,-,-,H,A,S,S,E,S,T,P,R,P,S,P,G,S,T,P,-,Q,P,S,S,G,S,A,P,Q,A,L,P,A,P,E,S,R,P,S,A,R,-,-,L,P,P,D,P,T,T,K,A,P,S,R,S,L,T,R,A,G,P,R,A,C,S,C,S,A,C,P,G,S,S,A,C,W,R,R,L,G,L,C,H,S,R,I,F,D,V,L,L,P,L,P,W,P,T,M,P,G,R,G,F,P,S,L,L,T,F,Y,R,E,P,A,R,K,H,S,T,H,R,N,S,R,A,P,S,S,R,A,C,R,C,G,S,G,S,P,G,G,C,L,L,H,H
Puma_yagouaroundi,M,R,K,G,K,K,K,K,P,E,S,R,R,-,R,G,S,T,P,Q,H,A,-,-,-,-,-,-,-,-,-,-,-,-,-,-,H,A,S,S,E,S,T,P,R,P,S,P,G,S,T,P,-,Q,P,S,S,G,S,A,P,Q,A,L,P,A,P,E,S,R,P,S,A,R,-,-,L,P,P,D,P,T,T,K,A,P,S,Q,S,L,T,R,A,G,P,R,A,C,S,C,S,A,C,P,G,S,S,A,C,W,R,R,L,G,L,C,H,S,R,I,F,D,V,L,L,P,L,P,W,P,T,M,P,G,R,G,F,P,S,L,L,T,F,-,-,-,-,-,-,-,-,-,-,-,-,-,-,-,-,-,-,-,-,-,-,-,-,-,-,-,-,-,-,-,-,-,-,-,-
Rattus_norvegicus,M,K,K,V,K,K,K,K,S,D,S,R,R,R,R,N,S,I,S,P,Q,T,S,D,C,S,-,-,-,-,-,-,-,-,-,-,-,-,-,-,-,-,-,-,-,-,-,-,-,-,-,-,-,-,-,-,-,-,-,-,-,-,-,-,-,-,-,-,-,-,-,-,-,-,-,-,-,-,-,-,-,-,-,-,-,-,-,-,-,L,T,Y,A,A,P,R,S,C,S,C,V,V,C,P,G,S,S,A,C,W,R,R,L,G,L,C,H,S,R,I,F,D,V,L,L,P,R,D,W,S,S,M,P,G,R,G,F,P,N,L,L,T,F,Y,R,K,P,S,R,K,Y,C,T,S,R,N,S,R,A,S,S,P,R,N,C,C,C,G,S,G,G,P,G,S,C,L,L,H,G
Rattus_rattus,M,K,K,V,K,K,K,K,S,D,S,R,R,R,R,N,S,I,S,P,Q,T,S,D,C,S,-,-,-,-,-,-,-,-,-,-,-,-,-,-,-,-,-,-,-,-,-,-,-,-,-,-,-,-,-,-,-,-,-,-,-,-,-,-,-,-,-,-,-,-,-,-,-,-,-,-,-,-,-,-,-,-,-,-,-,-,-,-,-,L,T,Y,A,A,P,R,S,C,S,C,V,V,C,P,G,S,S,A,C,W,R,R,L,G,L,C,H,S,R,I,F,D,V,L,L,P,R,D,W,S,S,M,P,G,R,G,F,P,N,L,L,T,F,Y,R,K,P,S,R,K,Y,C,T,S,R,N,S,R,A,S,S,P,R,N,C,C,C,G,S,G,G,P,G,S,C,L,L,H,G
Sarcophilus_harrisii,-,-,-,-,-,-,-,-,-,-,-,-,-,-,-,-,-,-,-,-,-,-,-,-,-,-,-,-,-,-,-,-,-,-,-,-,-,-,-,-,-,-,-,-,-,-,-,-,-,-,-,-,-,-,-,-,-,-,-,-,-,-,-,-,-,-,-,-,-,-,-,-,-,-,-,-,-,-,-,-,-,-,-,-,-,-,-,-,-,-,-,-,-,-,-,-,-,-,-,-,-,-,-,-,-,-,-,-,-,-,-,-,-,-,-,-,-,-,-,-,-,-,-,-,-,-,-,-,-,-,-,-,-,-,-,-,-,-,-,-,-,-,-,-,-,-,-,-,-,-,-,-,-,-,-,-,-,-,-,-,-,-,-,-,-,-,-,-,-,-,-,-,-,-,-,-,-,-,-
Suncus_etruscus,-,-,-,-,-,-,-,-,-,-,-,-,-,-,-,-,-,-,-,-,-,-,-,-,-,-,-,-,-,-,-,-,-,-,-,-,-,-,-,-,-,-,-,-,-,-,-,-,-,-,-,-,-,-,-,-,-,-,-,-,-,-,-,-,-,-,-,-,-,-,-,-,-,-,-,-,-,-,-,-,-,-,-,-,-,-,-,-,-,-,-,-,-,-,-,-,-,-,-,-,-,-,-,-,-,-,-,-,-,-,-,-,-,-,-,-,-,-,-,-,-,-,-,-,-,-,-,-,-,-,-,-,-,-,-,-,-,-,-,-,-,-,-,-,-,-,-,-,-,-,-,-,-,-,-,-,-,-,-,-,-,-,-,-,-,-,-,-,-,-,-,-,-,-,-,-,-,-,-
Sus_scrofa,M,K,K,G,K,R,K,K,T,E,A,K,R,-,Q,G,S,T,S,Q,R,A,S,E,S,T,S,P,Q,S,S,E,S,S,S,Q,Q,P,I,S,K,S,T,-,-,-,-,-,-,-,-,-,-,-,-,-,-,-,-,V,P,Q,A,L,P,A,P,Q,V,S,P,S,A,R,G,V,A,S,Q,D,T,D,S,K,A,P,P,R,S,L,T,R,A,G,P,R,A,C,S,C,S,A,C,P,G,S,S,A,C,W,C,R,L,G,L,C,H,S,R,I,F,D,V,L,L,P,R,A,W,P,A,L,P,G,R,G,F,P,N,L,L,T,F,Y,R,R,P,T,R,K,H,S,T,H,R,N,S,R,A,P,S,P,R,H,C,C,C,G,S,G,S,P,R,S,C,L,L,H,H
Tachyglossus_aculeatus,-,-,-,-,-,-,-,-,-,-,-,-,-,-,-,-,-,-,-,-,-,-,-,-,-,-,-,-,-,-,-,-,-,-,-,-,-,-,-,-,-,-,-,-,-,-,-,-,-,-,-,-,-,-,-,-,-,-,-,-,-,-,-,-,-,-,-,-,-,-,-,-,-,-,-,-,-,-,-,-,-,-,-,-,-,-,-,-,-,-,-,-,-,-,-,-,-,-,-,-,-,-,-,-,-,-,-,-,-,-,-,-,-,-,-,-,-,-,-,-,-,-,-,-,-,-,-,-,-,-,-,-,-,-,-,-,-,-,-,-,-,-,-,-,-,-,-,-,-,-,-,-,-,-,-,-,-,-,-,-,-,-,-,-,-,-,-,-,-,-,-,-,-,-,-,-,-,-,-
Talpa_occidentalis,M,K,K,G,K,R,K,S,S,K,A,R,R,-,R,G,S,T,S,Q,H,A,S,E,S,T,P,Q,Q,S,N,E,P,S,P,Q,Q,S,S,S,G,A,A,Q,Q,T,N,P,G,G,T,-,-,-,-,-,-,-,-,-,-,-,-,-,-,-,-,-,-,-,-,-,-,-,-,-,-,-,-,-,-,-,-,-,-,-,T,Q,Q,S,S,R,E,G,M,P,P,C,S,C,S,A,C,P,G,N,A,A,C,W,R,H,L,G,L,C,H,S,R,I,F,D,V,L,L,P,R,A,W,P,T,M,A,G,R,D,L,P,N,L,L,T,F,Y,R,R,P,A,R,K,H,A,S,H,R,H,A,R,A,P,S,S,R,D,C,C,C,S,S,G,G,P,G,R,C,L,L,H,H
Trichechus_manatus_latirostris,-,-,-,-,-,-,-,-,-,-,-,-,-,-,-,-,-,-,-,-,-,-,-,-,-,-,-,-,-,-,-,-,-,-,-,-,-,-,-,-,-,-,-,-,-,-,-,-,-,-,-,-,-,-,-,-,-,-,-,-,-,-,-,-,-,-,-,-,-,-,-,-,-,-,-,-,-,-,-,-,-,-,-,-,-,-,-,-,-,-,-,-,-,-,-,-,-,-,-,-,-,-,-,-,-,-,-,-,-,-,-,-,-,-,-,-,-,-,-,-,-,-,-,-,-,-,-,-,-,-,-,-,-,-,-,-,-,-,-,-,-,-,-,-,-,-,-,-,-,-,-,-,-,-,-,-,-,-,-,-,-,-,-,-,-,-,-,-,-,-,-,-,-,-,-,-,-,-,-
Trichosurus_vulpecula,-,-,-,-,-,-,-,-,-,-,-,-,-,-,-,-,-,-,-,-,-,-,-,-,-,-,-,-,-,-,-,-,-,-,-,-,-,-,-,-,-,-,-,-,-,-,-,-,-,-,-,-,-,-,-,-,-,-,-,-,-,-,-,-,-,-,-,-,-,-,-,-,-,-,-,-,-,-,-,-,-,-,-,-,-,-,-,-,-,-,-,-,-,-,-,-,-,-,-,-,-,-,-,-,-,-,-,-,-,-,-,-,-,-,-,-,-,-,-,-,-,-,-,-,-,-,-,-,-,-,-,-,-,-,-,-,-,-,-,-,-,-,-,-,-,-,-,-,-,-,-,-,-,-,-,-,-,-,-,-,-,-,-,-,-,-,-,-,-,-,-,-,-,-,-,-,-,-,-
Ursus_arctos_horribilis,-,-,-,-,-,-,-,-,-,-,-,-,-,-,-,-,-,-,-,-,-,-,-,-,-,-,-,-,-,-,-,-,-,-,-,-,-,-,-,-,-,-,-,-,-,-,-,-,-,-,-,-,-,-,-,-,-,-,-,-,-,-,-,-,-,-,-,-,-,-,-,-,-,-,-,-,-,-,-,-,-,-,-,-,-,-,-,-,-,-,-,-,-,-,-,-,-,-,-,-,-,-,-,-,-,-,-,-,-,-,-,-,-,-,-,-,-,-,-,-,-,-,-,-,-,-,-,-,-,-,-,-,-,-,-,-,-,-,-,-,-,-,-,-,-,-,-,-,-,-,-,-,-,-,-,-,-,-,-,-,-,-,-,-,-,-,-,-,-,-,-,-,-,-,-,-,-,-,-
Vombatus_ursinus,-,-,-,-,-,-,-,-,-,-,-,-,-,-,-,-,-,-,-,-,-,-,-,-,-,-,-,-,-,-,-,-,-,-,-,-,-,-,-,-,-,-,-,-,-,-,-,-,-,-,-,-,-,-,-,-,-,-,-,-,-,-,-,-,-,-,-,-,-,-,-,-,-,-,-,-,-,-,-,-,-,-,-,-,-,-,-,-,-,-,-,-,-,-,-,-,-,-,-,-,-,-,-,-,-,-,-,-,-,-,-,-,-,-,-,-,-,-,-,-,-,-,-,-,-,-,-,-,-,-,-,-,-,-,-,-,-,-,-,-,-,-,-,-,-,-,-,-,-,-,-,-,-,-,-,-,-,-,-,-,-,-,-,-,-,-,-,-,-,-,-,-,-,-,-,-,-,-,-
Vulpes_lagopus,M,R,K,G,K,R,K,K,P,E,S,R,R,-,R,G,S,T,P,Q,Q,A,S,E,A,T,P,Q,Q,S,S,E,A,I,P,Q,Q,-,-,-,E,S,T,S,Q,P,S,P,G,S,T,P,-,Q,P,S,S,E,S,A,P,Q,A,V,P,A,P,E,T,N,P,P,T,R,S,L,V,P,Q,D,T,N,T,K,A,S,S,R,S,L,T,R,A,G,P,R,A,C,S,C,S,S,C,P,G,S,S,A,C,W,R,R,L,G,L,C,H,S,R,I,F,D,V,L,L,P,R,A,W,P,T,M,P,G,R,G,S,P,S,L,L,T,F,Y,R,K,P,T,R,K,H,S,S,H,R,N,S,R,P,P,S,S,R,D,C,C,C,G,S,G,G,P,R,S,C,L,L,H,H
Vulpes_vulpes,M,R,K,G,K,R,K,K,P,E,S,R,R,-,R,G,S,T,P,Q,Q,A,S,E,A,T,P,Q,Q,S,S,E,A,T,P,Q,Q,-,-,-,E,S,T,S,Q,P,S,P,G,S,T,P,-,Q,P,S,S,E,S,A,P,Q,A,V,P,A,P,E,T,N,P,P,T,R,S,L,V,P,Q,D,T,N,T,K,A,S,S,R,S,L,T,R,A,G,P,R,A,C,S,C,S,S,C,P,G,S,S,A,C,W,R,R,L,G,L,C,H,S,R,I,F,D,V,L,L,P,R,A,W,P,T,M,P,G,R,G,S,P,S,L,L,T,F,Y,R,K,P,T,R,K,H,S,S,H,R,N,S,R,P,P,S,S,R,D,C,C,C,G,S,G,G,P,R,S,C,L,L,H,H
Zalophus_californianus,-,-,-,-,-,-,-,-,-,-,-,-,-,-,-,-,-,-,-,-,-,-,-,-,-,-,-,-,-,-,-,-,-,-,-,-,-,-,-,-,-,-,-,-,-,-,-,-,-,-,-,-,-,-,-,-,-,-,-,-,-,-,-,-,-,-,-,-,-,-,-,-,-,-,-,-,-,-,-,-,-,-,-,-,-,-,-,-,-,-,-,-,-,-,-,-,-,-,-,-,-,-,-,-,-,-,-,-,-,-,-,-,-,-,-,-,-,-,-,-,-,-,-,-,-,-,-,-,-,-,-,-,-,-,-,-,-,-,-,-,-,-,-,-,-,-,-,-,-,-,-,-,-,-,-,-,-,-,-,-,-,-,-,-,-,-,-,-,-,-,-,-,-,-,-,-,-,-,-
shrew_mole,M,K,K,G,K,R,K,N,S,K,A,R,R,-,R,G,S,T,S,Q,Q,S,L,E,T,S,P,Q,Q,I,C,G,A,T,P,Q,Q,P,A,L,G,A,T,P,L,P,S,P,G,A,A,L,Q,Q,T,S,S,E,C,A,P,Q,Q,L,T,G,P,K,A,S,Q,S,A,R,H,V,S,S,R,E,S,N,T,R,A,S,K,P,G,L,A,R,E,G,L,L,P,C,S,C,A,-,C,P,G,N,S,A,C,W,R,H,L,G,L,C,H,S,R,I,F,D,V,L,L,P,R,A,W,P,T,M,P,G,R,D,L,P,N,L,L,T,F,Y,R,F,-,-,-,-,-,-,-,-,-,-,-,-,-,-,-,-,-,-,-,C,S,G,G,L,A,P,R,A,-,-,L,A,S
ZWS,-,-,-,-,-,-,-,-,-,-,-,-,-,-,-,-,-,-,-,-,-,-,-,-,-,-,-,-,-,-,-,-,-,-,-,-,-,-,-,-,-,-,-,-,-,-,-,-,-,-,-,-,-,-,-,-,-,-,-,-,-,-,-,-,-,-,-,-,-,-,-,-,-,-,-,-,-,-,-,-,-,-,-,-,-,-,-,-,-,-,-,-,-,-,-,-,-,-,-,-,-,-,-,-,-,-,-,-,-,-,-,-,-,-,-,-,-,-,-,-,-,-,-,-,-,-,-,-,-,-,-,-,-,-,-,-,-,-,-,-,-,-,-,-,-,-,-,-,-,-,-,-,-,-,-,-,-,-,-,-,-,-,-,-,-,-,-,-,-,-,-,-,-,-,-,-,-,-,-
