,STARD4 0,STARD4 1,STARD4 2,STARD4 3,STARD4 4,STARD4 5,STARD4 6,STARD4 7,STARD4 8,STARD4 9,STARD4 10,STARD4 11,STARD4 12,STARD4 13,STARD4 14,STARD4 15,STARD4 16,STARD4 17,STARD4 18,STARD4 19,STARD4 20,STARD4 21,STARD4 22,STARD4 23,STARD4 24,STARD4 25,STARD4 26,STARD4 27,STARD4 28,STARD4 29,STARD4 30,STARD4 31,STARD4 32,STARD4 33,STARD4 34,STARD4 35,STARD4 36,STARD4 37,STARD4 38,STARD4 39,STARD4 40,STARD4 41,STARD4 42,STARD4 43,STARD4 44,STARD4 45,STARD4 46,STARD4 47,STARD4 48,STARD4 49,STARD4 50,STARD4 51,STARD4 52,STARD4 53,STARD4 54,STARD4 55,STARD4 56,STARD4 57,STARD4 58,STARD4 59,STARD4 60,STARD4 61,STARD4 62,STARD4 63,STARD4 64,STARD4 65,STARD4 66,STARD4 67,STARD4 68,STARD4 69,STARD4 70,STARD4 71,STARD4 72,STARD4 73,STARD4 74,STARD4 75,STARD4 76,STARD4 77,STARD4 78,STARD4 79,STARD4 80,STARD4 81,STARD4 82,STARD4 83,STARD4 84,STARD4 85,STARD4 86,STARD4 87,STARD4 88,STARD4 89,STARD4 90,STARD4 91,STARD4 92,STARD4 93,STARD4 94,STARD4 95,STARD4 96,STARD4 97,STARD4 98,STARD4 99,STARD4 100,STARD4 101,STARD4 102,STARD4 103,STARD4 104,STARD4 105,STARD4 106,STARD4 107,STARD4 108,STARD4 109,STARD4 110,STARD4 111,STARD4 112,STARD4 113,STARD4 114,STARD4 115,STARD4 116,STARD4 117,STARD4 118,STARD4 119,STARD4 120,STARD4 121,STARD4 122,STARD4 123,STARD4 124,STARD4 125,STARD4 126,STARD4 127,STARD4 128,STARD4 129,STARD4 130,STARD4 131,STARD4 132,STARD4 133,STARD4 134,STARD4 135,STARD4 136,STARD4 137,STARD4 138,STARD4 139,STARD4 140,STARD4 141,STARD4 142,STARD4 143,STARD4 144,STARD4 145,STARD4 146,STARD4 147,STARD4 148,STARD4 149,STARD4 150,STARD4 151,STARD4 152,STARD4 153,STARD4 154,STARD4 155,STARD4 156,STARD4 157,STARD4 158,STARD4 159,STARD4 160,STARD4 161,STARD4 162,STARD4 163,STARD4 164,STARD4 165,STARD4 166,STARD4 167,STARD4 168,STARD4 169,STARD4 170,STARD4 171,STARD4 172,STARD4 173,STARD4 174,STARD4 175,STARD4 176,STARD4 177,STARD4 178,STARD4 179,STARD4 180,STARD4 181,STARD4 182,STARD4 183,STARD4 184,STARD4 185,STARD4 186,STARD4 187,STARD4 188,STARD4 189,STARD4 190,STARD4 191,STARD4 192,STARD4 193,STARD4 194,STARD4 195,STARD4 196,STARD4 197,STARD4 198,STARD4 199,STARD4 200,STARD4 201,STARD4 202,STARD4 203,STARD4 204
Chrysochloris_asiatica,M,E,G,L,P,D,A,A,A,F,S,T,K,L,K,N,T,L,I,N,Y,H,S,I,E,D,D,K,W,R,V,A,K,K,T,K,D,V,T,V,W,R,K,P,S,E,E,F,S,G,Y,L,Y,K,A,Q,G,V,I,D,D,V,V,N,S,V,I,D,H,I,R,P,G,P,C,R,L,D,W,D,S,L,V,T,S,L,D,I,L,E,H,F,E,E,N,C,C,V,I,R,Y,T,T,A,G,Q,L,W,N,T,V,S,P,R,E,F,V,D,F,S,Y,T,V,N,Y,K,E,G,L,L,S,C,G,K,S,L,D,W,S,E,K,R,N,E,F,V,R,G,Y,N,H,P,C,G,W,F,C,V,P,L,K,D,N,P,N,Q,S,L,L,T,G,Y,I,Q,T,D,L,G,G,M,I,P,H,S,A,V,D,I,A,M,A,S,T,L,I,N,F,Y,G,D,L,Q,K,V,L
Balaenoptera_acutorostrata_scammoni,M,E,D,L,P,D,A,A,V,L,A,T,R,L,K,N,T,L,I,Q,Y,H,S,L,E,D,D,K,W,R,V,A,K,K,M,K,D,V,T,V,W,R,K,P,S,E,E,F,N,G,Y,L,F,K,A,Q,G,V,I,D,D,V,V,N,S,V,I,D,H,I,R,P,G,P,C,R,L,D,W,D,S,L,M,T,S,L,D,I,L,E,Y,F,E,E,N,C,C,V,M,R,Y,T,T,A,G,Q,L,W,N,I,I,S,P,R,E,F,V,D,F,S,Y,T,V,D,Y,K,E,G,L,L,S,C,G,I,S,L,D,W,S,E,K,R,S,E,F,V,R,G,Y,N,H,P,C,G,W,F,C,V,P,L,K,D,S,P,N,R,S,L,L,T,G,Y,I,Q,T,D,L,R,G,M,I,P,Q,S,A,V,D,T,A,M,A,S,T,L,I,N,F,Y,G,D,L,Q,K,A,L
Balaenoptera_musculus,M,E,D,L,P,D,A,A,V,L,A,T,R,L,K,N,T,L,I,Q,Y,H,S,L,E,D,D,K,W,R,V,A,K,K,M,K,D,V,T,I,W,R,K,P,S,E,E,F,N,G,Y,L,F,K,A,Q,G,V,I,D,D,V,V,N,S,V,I,D,H,I,R,P,G,P,C,R,L,D,W,D,S,L,M,T,S,L,D,I,L,E,Y,F,E,E,N,C,C,V,M,R,Y,T,T,A,G,Q,L,W,N,I,I,S,P,R,E,F,V,D,F,S,Y,T,V,D,Y,K,E,G,L,L,S,C,G,I,S,L,D,W,S,E,K,R,S,E,F,V,R,G,Y,N,H,P,C,G,W,F,C,V,P,L,K,D,S,P,N,R,S,L,L,T,G,Y,I,Q,T,D,L,R,G,M,I,P,Q,S,A,V,D,T,A,M,A,S,T,L,I,N,F,Y,G,D,L,Q,K,A,L
Echinops_telfairi,M,E,S,L,A,D,A,A,A,F,S,T,K,L,K,N,T,L,I,Q,Y,H,N,I,E,D,D,N,W,R,V,A,K,K,T,K,G,V,T,V,W,R,K,P,S,E,E,F,S,G,Y,L,Y,K,A,Q,G,V,L,D,D,S,V,N,N,I,I,D,H,I,R,P,G,P,C,R,L,D,W,D,S,L,M,T,S,L,D,I,L,E,H,F,E,E,N,C,C,V,M,R,Y,T,T,A,G,Q,L,W,N,I,I,S,P,R,E,F,V,D,F,S,Y,T,V,D,Y,K,E,G,L,L,S,C,G,I,S,L,D,W,S,E,K,R,S,E,F,V,R,G,Y,N,H,P,C,G,W,F,C,V,P,Q,K,D,N,T,S,Q,S,L,L,T,G,Y,I,Q,T,D,L,R,G,M,I,P,Q,S,A,V,D,T,A,M,A,S,T,L,T,N,F,Y,G,D,L,Q,K,V,L
Delphinapterus_leucas,M,E,D,L,P,D,A,A,V,L,A,T,R,L,K,N,T,L,I,Q,Y,H,S,L,E,D,D,K,W,R,V,A,K,K,M,K,D,V,T,I,W,R,K,P,S,E,E,F,N,G,Y,L,F,K,A,Q,G,V,I,D,D,V,V,N,S,V,I,D,H,I,R,P,G,P,C,R,L,D,W,D,S,L,M,T,S,L,D,I,L,E,Y,F,E,E,N,C,C,V,M,R,Y,T,T,A,G,Q,L,W,N,I,I,S,P,R,E,F,V,D,F,S,Y,T,V,D,Y,K,E,G,L,L,S,C,G,I,S,L,D,W,S,E,K,R,S,E,F,V,R,G,Y,N,H,P,C,G,W,F,C,V,P,L,K,D,S,P,N,R,S,L,L,T,G,Y,I,Q,T,D,L,R,G,M,I,P,Q,S,A,V,D,T,A,M,A,S,T,L,I,N,F,Y,G,D,L,Q,K,A,L
Globicephala_melas,M,E,D,L,P,D,A,A,V,L,A,T,R,L,K,N,T,L,I,Q,Y,H,S,L,E,D,D,K,W,R,V,A,K,K,M,K,D,V,T,I,W,R,K,P,S,E,E,F,N,G,Y,L,F,K,A,Q,G,V,I,D,D,V,V,N,S,V,I,D,H,I,R,P,G,P,C,R,L,D,W,D,S,L,M,T,S,L,D,I,L,E,Y,F,E,E,N,C,C,V,M,R,Y,T,T,A,G,Q,L,W,N,I,I,S,P,R,E,F,V,D,F,S,Y,T,V,D,Y,K,E,G,L,L,S,C,G,I,S,L,D,W,S,E,K,R,S,E,F,V,R,G,Y,N,H,P,C,G,W,F,C,V,P,L,K,D,S,P,N,R,S,L,L,T,G,Y,I,Q,T,D,L,R,G,M,I,P,Q,S,A,V,D,T,A,M,A,S,T,L,I,N,F,Y,G,D,L,Q,K,A,L
Lagenorhynchus_obliquidens,M,E,D,L,P,D,A,A,V,L,A,T,R,L,K,N,T,L,I,Q,Y,H,S,L,E,D,D,K,W,R,V,A,K,K,M,K,D,V,T,I,W,R,K,P,S,E,E,F,N,G,Y,L,F,K,A,Q,G,V,I,D,D,V,V,N,S,V,I,D,H,I,R,P,G,P,C,R,L,D,W,D,S,L,M,T,S,L,D,I,L,E,Y,F,E,E,N,C,C,V,M,R,Y,T,T,A,G,Q,L,W,N,I,I,S,P,R,E,F,V,D,F,S,Y,T,V,D,Y,K,E,G,L,L,S,C,G,I,S,L,D,W,S,E,K,R,S,E,F,V,R,G,Y,N,H,P,C,G,W,F,C,V,P,L,K,D,S,P,N,R,S,L,L,T,G,Y,I,Q,T,D,L,R,G,M,I,P,Q,S,A,V,D,T,A,M,A,S,T,L,I,N,F,Y,G,D,L,Q,K,A,L
Lipotes_vexillifer,M,E,D,L,P,D,A,A,V,L,A,T,R,L,K,N,T,L,I,Q,Y,H,S,L,E,D,D,K,W,R,V,A,K,K,M,K,G,V,T,I,W,R,K,P,S,E,E,F,N,G,Y,L,F,K,A,Q,G,V,I,D,D,V,V,N,S,V,I,D,H,I,R,P,G,P,C,R,L,D,W,D,S,L,M,T,S,L,D,I,L,E,Y,F,E,E,N,C,C,V,M,R,Y,T,T,A,G,Q,L,W,N,I,I,S,P,R,E,F,V,D,F,S,Y,T,V,D,Y,K,E,G,L,L,S,C,G,I,S,L,D,W,S,E,K,R,S,E,F,V,R,G,Y,N,H,P,C,G,W,F,C,V,P,L,K,D,S,P,N,R,S,L,L,T,G,Y,I,Q,T,E,L,R,G,M,I,P,Q,S,A,V,D,T,A,M,A,S,T,L,I,N,F,Y,G,D,L,Q,K,A,L
Monodon_monoceros,M,E,D,L,P,D,A,A,V,L,A,T,R,L,K,N,T,L,I,Q,Y,H,S,L,E,D,D,K,W,R,V,A,K,K,M,K,D,V,T,I,W,R,K,P,S,E,E,F,N,G,Y,L,F,K,A,Q,G,V,I,D,D,V,V,N,S,V,I,D,H,I,R,P,G,P,C,R,L,D,W,D,S,L,M,T,S,L,D,I,L,E,Y,F,E,E,N,C,C,V,M,R,Y,T,T,A,G,Q,L,W,N,I,I,S,P,R,E,F,V,D,F,S,Y,T,V,D,Y,K,E,G,L,L,S,C,G,I,S,L,D,W,S,E,K,R,S,E,F,V,R,G,Y,N,H,P,C,G,W,F,C,V,P,L,K,D,S,P,N,R,S,L,L,T,G,Y,I,Q,T,D,L,R,G,M,I,P,Q,S,A,V,N,T,A,M,A,S,T,L,I,N,F,Y,G,D,L,Q,K,A,L
Neophocaena_asiaeorientalis_asiaeorientalis,M,E,D,L,P,D,A,A,V,L,A,T,R,L,K,N,T,L,I,Q,Y,H,S,L,E,D,D,K,W,R,V,A,K,K,M,K,D,V,T,I,W,R,K,P,S,E,E,F,N,G,Y,L,F,K,A,Q,G,V,I,D,D,V,V,N,S,V,I,D,H,I,R,P,G,P,C,R,L,D,W,D,S,L,M,T,S,L,D,I,L,E,Y,F,E,E,N,C,C,V,M,R,Y,T,T,A,G,Q,L,W,N,I,I,S,P,R,E,F,V,D,F,S,Y,T,V,D,Y,K,E,G,L,L,S,C,G,V,S,L,D,W,S,E,K,R,S,E,F,V,R,G,Y,N,H,P,C,G,W,F,C,V,P,L,K,D,S,P,N,R,S,L,L,T,G,Y,I,Q,T,D,L,R,G,M,I,P,Q,S,A,V,D,T,A,M,A,S,T,L,I,N,F,Y,G,D,L,Q,K,A,L
Orcinus_orca,M,E,D,L,P,D,A,A,V,L,A,T,R,L,K,N,T,L,I,Q,Y,H,S,L,E,D,D,K,W,R,V,A,K,K,M,K,D,V,T,I,W,R,K,P,S,E,E,F,N,G,Y,L,F,K,A,Q,G,V,I,D,D,V,V,N,S,V,I,D,H,I,R,P,G,P,C,R,L,D,W,D,S,L,M,T,S,L,D,I,L,E,Y,F,E,E,N,C,C,V,M,R,Y,T,T,A,G,Q,L,W,N,I,I,S,P,R,E,F,V,D,F,S,Y,T,V,D,Y,K,E,G,L,L,S,C,G,I,S,L,D,W,S,E,K,R,S,E,F,V,R,G,Y,N,H,P,C,G,W,F,C,V,P,L,K,D,S,P,N,R,S,L,L,T,G,Y,I,Q,T,D,L,R,G,M,I,P,Q,S,A,V,D,T,A,M,A,S,T,L,I,N,F,Y,G,D,L,Q,K,A,L
Phocoena_sinus,M,E,D,L,P,D,A,A,V,L,A,T,R,L,K,N,T,L,I,Q,Y,H,S,L,E,D,D,K,W,R,V,A,K,K,M,K,D,V,T,I,W,R,K,P,S,E,E,F,N,G,Y,L,F,K,A,Q,G,V,I,D,D,V,V,N,S,V,I,D,H,I,R,P,G,P,C,R,L,D,W,D,S,L,M,T,S,L,D,I,L,E,Y,F,E,E,N,C,C,V,M,R,Y,T,T,A,G,Q,L,W,N,I,I,S,P,R,E,F,V,D,F,S,Y,T,V,D,Y,K,E,G,L,L,S,C,G,V,S,L,D,W,S,E,K,R,S,E,F,V,R,G,Y,N,H,P,C,G,W,F,C,V,P,L,K,D,S,P,N,R,S,L,L,T,G,Y,I,Q,T,D,L,R,G,M,I,P,Q,S,A,V,D,T,A,M,A,S,T,L,I,N,F,Y,G,D,L,Q,K,A,L
Physeter_catodon,M,E,D,L,P,D,A,V,V,L,A,T,R,L,K,N,T,L,I,Q,Y,H,S,L,E,D,D,K,W,R,V,A,K,K,M,K,D,V,T,I,W,R,K,P,S,E,E,F,N,G,Y,L,F,K,A,Q,G,V,V,D,D,V,V,N,S,V,I,D,H,I,R,P,G,P,C,R,L,D,W,D,S,L,M,T,S,L,D,I,L,E,Y,F,E,E,N,C,C,V,M,R,Y,T,T,A,G,Q,L,W,N,I,I,S,P,R,E,F,V,D,F,S,Y,T,V,D,Y,K,E,G,L,L,S,C,G,I,S,L,D,W,S,E,K,R,S,E,F,V,R,G,Y,N,H,P,C,G,W,F,C,V,P,L,K,D,S,P,N,R,S,L,L,T,G,Y,I,Q,T,D,L,R,G,M,I,P,Q,S,A,V,D,T,A,M,A,S,T,L,I,N,F,Y,G,D,L,Q,K,A,L
Tursiops_truncatus,M,E,D,L,P,D,A,A,V,L,A,T,R,L,K,N,T,L,I,Q,Y,H,S,L,E,D,D,K,W,R,V,A,K,K,M,K,D,V,T,I,W,R,K,P,S,E,E,F,N,G,Y,L,F,K,A,Q,G,V,I,D,D,V,V,N,S,V,I,D,H,I,R,P,G,P,C,R,L,D,W,D,S,L,M,T,S,L,D,I,L,E,Y,F,E,E,N,C,C,V,M,R,Y,T,T,A,G,Q,L,W,N,I,I,S,P,R,E,F,V,D,F,S,Y,T,V,D,Y,K,E,G,L,L,S,C,G,I,S,L,D,W,S,E,K,R,S,E,F,V,R,G,Y,N,H,P,C,G,W,F,C,V,P,L,K,D,S,P,N,R,S,L,L,T,G,Y,I,Q,T,D,L,R,G,M,I,P,Q,S,A,V,D,T,A,M,A,S,T,L,I,N,F,Y,G,D,L,Q,K,A,L
Acinonyx_jubatus,M,E,G,L,P,D,A,A,V,F,A,T,R,L,K,N,T,L,I,Q,Y,H,S,I,E,D,D,K,W,R,V,A,K,K,M,K,D,V,T,I,W,R,K,P,S,E,E,F,N,G,Y,L,F,K,A,Q,G,V,I,D,D,I,V,N,S,V,I,D,H,I,R,P,G,P,C,R,L,D,W,D,S,L,M,T,S,M,D,I,L,E,H,F,E,E,N,C,C,V,M,R,Y,T,T,A,G,Q,L,W,N,I,I,S,P,R,E,F,V,D,F,S,Y,T,V,G,Y,E,E,G,L,L,S,C,G,V,S,L,D,W,S,E,K,R,P,E,F,I,R,G,Y,N,H,P,C,G,W,F,C,V,P,L,K,D,N,P,R,Q,S,L,L,T,G,Y,I,Q,T,D,L,R,G,M,I,P,Q,S,A,V,N,T,A,M,A,S,T,L,I,N,F,Y,G,D,L,Q,K,A,L
Acomys_russatus,M,E,G,L,S,D,V,A,S,F,S,T,K,L,Q,N,T,L,I,Q,Y,H,S,I,D,E,D,E,W,R,V,A,K,K,G,K,D,V,T,V,W,R,K,P,S,E,K,F,N,G,Y,L,Y,K,A,Q,G,V,M,D,D,T,V,N,N,V,I,D,F,I,R,P,G,P,W,R,L,E,W,D,Q,L,M,T,S,L,D,I,L,E,H,F,E,E,S,C,C,V,M,R,Y,T,T,A,G,Q,L,L,N,I,I,S,P,R,E,F,V,D,F,S,Y,T,V,G,Y,E,E,G,L,L,S,C,G,V,S,V,D,W,S,E,T,R,P,E,F,V,R,G,Y,N,H,P,C,G,W,F,C,I,P,L,K,D,N,P,N,Q,S,L,L,T,G,Y,I,Q,T,D,L,R,G,M,I,P,Q,S,A,V,D,T,A,M,A,S,T,L,T,N,F,Y,G,D,L,R,K,A,L
Arvicanthis_niloticus,M,E,G,L,S,D,V,A,F,V,S,T,K,L,Q,N,T,L,I,Q,Y,H,S,I,E,E,D,H,W,R,V,A,K,K,V,K,D,V,T,V,W,R,K,P,S,A,E,F,S,G,Y,L,Y,K,A,Q,G,V,M,D,D,V,V,N,N,V,I,D,H,I,R,P,G,P,W,R,L,D,W,D,R,L,M,T,S,L,D,I,L,E,H,F,E,E,N,C,C,V,M,R,Y,T,T,A,G,Q,L,L,N,I,I,S,P,R,E,F,V,D,F,S,Y,T,V,G,Y,E,E,G,L,L,S,C,G,V,S,V,E,W,S,E,T,R,P,E,F,V,R,G,Y,N,H,P,C,G,W,F,C,V,P,L,K,D,N,P,N,Q,S,L,L,T,G,Y,I,Q,T,D,L,R,G,M,I,P,Q,S,A,V,D,T,A,M,A,S,T,L,A,N,F,Y,S,D,L,R,K,A,L
Bison_bison_bison,M,E,A,L,P,N,A,A,V,L,A,T,R,L,K,N,T,L,I,Q,Y,H,N,L,E,D,E,K,W,R,V,A,K,K,T,K,D,V,T,I,W,R,K,P,S,E,E,F,N,G,Y,L,F,K,A,Q,G,V,I,D,D,L,V,N,S,V,I,D,H,I,R,P,G,P,C,R,L,D,W,D,S,L,M,T,S,L,D,I,L,E,H,F,E,E,N,C,C,V,M,R,Y,T,T,A,G,Q,L,W,N,I,I,S,P,R,E,F,V,D,F,S,Y,T,V,G,Y,K,E,G,L,L,S,C,G,I,S,L,D,W,S,E,K,R,S,E,F,V,R,G,Y,N,H,P,C,G,W,F,C,V,P,L,K,E,S,P,S,R,S,L,L,T,G,Y,I,Q,T,D,L,R,G,M,I,P,Q,S,A,V,D,T,A,M,A,S,T,L,I,N,F,Y,G,D,L,Q,K,A,L
Bos_indicus,-,-,-,-,-,-,-,-,-,-,-,-,-,-,-,-,-,-,-,-,-,-,-,-,-,-,-,-,-,-,-,-,-,-,-,-,-,-,-,-,-,-,-,-,-,-,-,-,-,-,-,-,-,-,-,-,-,-,-,-,-,-,-,-,-,-,-,-,-,-,-,-,-,-,-,-,-,-,-,-,-,-,-,-,-,-,-,-,-,-,-,-,-,-,-,-,-,-,-,-,-,-,-,-,-,-,-,-,-,-,-,-,-,-,-,-,-,-,-,-,-,-,-,-,-,-,-,-,-,-,-,-,-,-,-,-,-,-,-,-,-,-,-,-,-,-,-,-,-,-,-,-,-,-,-,-,-,-,-,-,-,-,-,-,-,-,-,-,-,-,-,-,-,-,-,-,-,-,-,-,-,-,-,-,-,-,-,-,-,-,-,-,-,-,-,-,-,-,-,-,-,-,-,-,-
Bos_mutus,M,E,A,L,P,D,A,A,A,L,A,T,R,L,K,N,T,L,I,Q,Y,H,S,L,E,D,E,K,W,R,V,A,K,K,T,K,D,V,T,I,W,R,K,P,S,E,E,F,N,G,Y,L,F,K,A,Q,G,V,I,D,D,L,V,N,S,V,I,D,H,I,R,P,G,P,C,R,L,D,W,D,S,L,M,T,S,L,D,I,L,E,H,F,E,E,N,C,C,V,M,R,Y,T,T,A,G,Q,L,W,N,I,I,S,P,R,E,F,V,D,F,S,Y,T,V,G,Y,K,E,G,L,L,S,C,G,I,S,L,D,W,S,E,K,R,S,E,F,V,R,G,Y,N,H,P,C,G,W,F,C,V,P,L,K,E,S,P,S,R,S,L,L,T,G,Y,I,Q,T,D,L,R,G,M,I,P,Q,S,A,V,D,T,A,M,A,S,T,L,I,N,F,Y,G,D,L,Q,K,A,L
Bos_taurus,-,-,-,-,-,-,-,-,-,-,-,-,-,-,-,-,-,-,-,-,-,-,-,-,-,-,-,-,-,-,-,-,-,-,-,-,-,-,-,-,-,-,-,-,-,-,-,-,-,-,-,-,-,-,-,-,-,-,-,-,-,-,-,-,-,-,-,-,-,-,-,-,-,-,-,-,-,-,-,-,-,-,-,-,-,-,-,-,-,-,-,-,-,-,-,-,-,-,-,-,-,-,-,-,-,-,-,-,-,-,-,-,-,-,-,-,-,-,-,-,-,-,-,-,-,-,-,-,-,-,-,-,-,-,-,-,-,-,-,-,-,-,-,-,-,-,-,-,-,-,-,-,-,-,-,-,-,-,-,-,-,-,-,-,-,-,-,-,-,-,-,-,-,-,-,-,-,-,-,-,-,-,-,-,-,-,-,-,-,-,-,-,-,-,-,-,-,-,-,-,-,-,-,-,-
Bubalus_bubalis,M,E,A,L,P,D,T,A,V,L,A,T,R,L,K,N,T,L,I,Q,Y,H,N,L,E,D,E,K,W,R,V,A,K,K,T,K,D,V,T,I,W,R,K,P,S,E,E,F,N,G,Y,L,F,K,A,Q,G,V,I,G,D,A,V,N,S,V,I,D,H,I,R,P,G,P,C,R,L,D,W,D,S,L,M,T,S,L,D,I,L,E,H,F,E,E,N,C,C,V,M,R,Y,T,T,A,G,Q,L,W,N,I,I,S,P,R,E,F,V,D,F,S,Y,T,V,G,Y,K,E,G,L,L,S,C,G,I,S,L,D,W,S,E,K,R,S,E,F,V,R,G,Y,N,H,P,C,G,W,F,C,V,P,L,K,E,S,P,S,R,S,L,L,T,G,Y,I,Q,T,D,L,R,G,M,I,P,Q,S,A,V,D,T,A,M,-,-,-,-,-,-,-,-,-,-,-,-,-,-,-
Budorcas_taxicolor,M,E,A,L,P,D,A,A,V,L,A,T,R,L,K,N,T,L,I,Q,Y,H,N,L,E,D,E,K,W,R,V,A,K,K,T,K,D,V,T,I,W,R,K,P,S,E,E,F,N,G,Y,L,F,K,A,Q,G,V,I,D,D,V,V,N,S,V,I,D,H,I,R,P,G,P,C,R,L,D,W,D,S,L,M,T,S,L,D,I,L,E,H,F,E,E,N,C,C,V,M,R,Y,T,T,S,G,Q,L,W,N,I,I,S,P,R,E,F,V,D,F,S,Y,T,V,G,Y,E,E,G,L,L,S,C,G,K,S,L,D,W,S,E,K,R,S,E,F,V,R,G,Y,N,H,P,C,G,W,F,C,V,P,L,K,D,S,P,S,R,S,L,L,T,G,Y,I,Q,T,D,L,R,G,M,I,P,Q,S,A,V,D,T,A,M,A,S,T,L,I,N,F,Y,G,D,L,Q,K,A,L
Callithrix_jacchus,M,E,G,L,S,D,V,A,S,L,A,T,K,L,K,N,T,L,I,Q,Y,H,S,I,E,E,D,K,W,R,V,A,K,K,T,K,D,V,T,V,W,R,K,P,S,E,E,F,N,G,Y,L,Y,K,A,Q,G,V,I,E,D,L,V,N,S,I,I,D,H,I,R,P,G,P,C,R,L,D,W,D,S,L,M,T,S,L,D,I,L,E,N,F,E,E,N,C,C,V,M,R,Y,T,T,A,G,Q,L,W,N,I,I,S,P,R,E,F,V,D,F,S,Y,T,V,G,Y,K,E,G,L,L,S,C,G,I,S,L,D,W,D,E,K,R,P,E,F,V,R,G,Y,N,H,P,C,G,W,F,C,V,P,L,K,D,N,P,N,Q,S,L,L,T,G,Y,I,Q,T,D,L,R,G,M,I,P,Q,S,A,V,D,T,A,M,A,S,T,L,T,N,F,Y,G,D,L,R,K,A,L
Camelus_bactrianus,M,E,S,L,P,D,A,A,V,L,A,T,R,L,K,N,T,L,I,Q,Y,H,S,I,E,D,D,K,W,R,V,A,K,K,M,K,D,V,T,I,W,R,K,P,S,E,E,F,N,G,Y,L,F,K,A,Q,G,V,I,D,D,V,V,N,N,I,I,D,H,I,R,P,G,P,C,R,L,D,W,D,S,L,M,T,S,L,D,I,L,E,H,F,E,E,N,C,C,V,M,R,Y,T,T,A,G,Q,L,W,N,I,I,S,P,R,E,F,V,D,F,S,Y,T,V,G,Y,K,E,G,L,L,S,C,G,I,S,L,D,W,S,E,K,R,P,E,F,V,R,G,Y,N,H,P,C,G,W,F,C,V,P,L,R,D,N,P,N,R,S,L,L,T,G,Y,I,Q,T,D,L,R,G,M,I,P,Q,S,A,V,D,T,A,M,A,S,T,L,I,N,F,Y,G,D,L,Q,K,A,L
Camelus_dromedarius,M,E,S,L,P,D,A,A,V,L,A,T,R,L,K,N,T,L,I,Q,Y,H,S,I,E,D,D,K,W,R,V,A,K,K,M,K,D,V,T,I,W,R,K,P,S,E,E,F,N,G,Y,L,F,K,A,Q,G,V,I,D,D,V,V,N,N,I,I,D,H,I,R,P,G,P,C,R,L,D,W,D,S,L,M,T,S,L,D,I,L,E,H,F,E,E,N,C,C,V,M,R,Y,T,T,A,G,Q,L,W,N,I,I,S,P,R,E,F,V,D,F,S,Y,T,V,G,Y,K,E,G,L,L,S,C,G,I,S,L,D,W,S,E,K,R,P,E,F,V,R,G,Y,N,H,P,C,G,W,F,C,V,P,L,R,D,N,P,N,R,S,L,L,T,G,Y,I,Q,T,D,L,R,G,M,I,P,Q,S,A,V,D,T,A,M,A,S,T,L,I,N,F,Y,G,D,L,Q,K,A,L
Camelus_ferus,M,E,S,L,P,D,A,A,V,L,A,T,R,L,K,N,T,L,I,Q,Y,H,S,I,E,D,D,K,W,R,V,A,K,K,M,K,D,V,T,I,W,R,K,P,S,E,E,F,N,G,Y,L,F,K,A,Q,G,V,I,D,D,V,V,N,N,I,I,D,H,I,R,P,G,P,C,R,L,D,W,D,S,L,M,T,S,L,D,I,L,E,H,F,E,E,N,C,C,V,M,R,Y,T,T,A,G,Q,L,W,N,I,I,S,P,R,E,F,V,D,F,S,Y,T,V,G,Y,K,E,G,L,L,S,C,G,I,S,L,D,W,S,E,K,R,P,E,F,V,R,G,Y,N,H,P,C,G,W,F,C,V,P,L,R,D,N,P,N,R,S,L,L,T,G,Y,I,Q,T,D,L,R,G,M,I,P,Q,S,A,V,D,T,A,M,A,S,T,L,I,N,F,Y,G,D,L,Q,K,A,L
Capra_hircus,M,E,A,L,P,D,A,A,V,L,A,T,R,L,K,N,T,L,I,Q,Y,H,N,L,E,D,E,K,W,R,V,A,K,K,T,K,D,V,T,I,W,R,K,P,S,E,E,F,N,G,Y,L,F,K,A,Q,G,V,I,D,D,V,V,N,S,V,I,D,H,I,R,P,G,P,C,R,L,D,W,D,S,L,M,T,S,L,D,I,L,E,H,F,E,E,N,C,C,V,M,R,Y,T,T,A,G,Q,L,W,N,I,I,S,P,R,E,F,V,D,F,S,Y,T,V,G,Y,K,E,G,L,L,S,C,G,I,S,L,D,W,S,E,K,R,S,E,F,V,R,G,Y,N,H,P,C,G,W,F,C,V,P,L,K,D,S,P,S,Q,S,L,L,T,G,Y,I,Q,T,D,L,R,G,M,I,P,Q,S,A,V,D,T,A,M,A,S,T,L,I,N,F,Y,G,D,L,Q,K,A,L
Cebus_imitator,M,E,G,L,S,D,V,A,S,L,A,T,K,L,K,N,T,L,I,Q,Y,H,S,I,E,E,D,K,W,R,V,A,K,K,T,K,D,V,T,V,W,R,K,P,S,E,E,F,N,G,Y,L,Y,K,A,Q,G,V,I,E,D,L,V,N,S,I,I,D,H,I,R,P,G,P,C,R,L,D,W,D,S,L,M,T,S,L,D,I,L,E,N,F,E,E,N,C,C,V,M,R,Y,T,T,A,G,Q,L,W,N,I,I,S,P,R,E,F,V,D,F,S,Y,T,V,G,Y,K,E,G,L,L,S,C,G,I,S,L,D,W,D,E,K,R,P,E,F,V,R,G,Y,N,H,P,C,G,W,F,C,V,P,L,K,D,N,P,N,Q,S,L,L,T,G,Y,I,Q,T,D,L,R,G,M,I,P,Q,S,A,V,D,T,A,M,A,S,T,L,T,N,F,Y,G,D,L,R,K,A,L
Ceratotherium_simum_simum,M,E,G,L,P,D,V,A,A,F,A,T,E,L,K,K,T,L,I,Q,Y,H,S,I,E,D,D,K,W,R,V,V,K,K,T,K,D,V,T,I,W,R,K,P,S,E,E,F,N,G,H,L,F,K,A,Q,G,V,I,D,D,I,V,N,S,V,I,D,N,I,R,P,G,P,C,R,L,D,W,D,S,L,M,T,S,L,D,V,L,E,H,F,E,E,N,C,C,V,M,R,Y,T,T,A,G,Q,L,W,N,I,I,S,P,R,E,F,V,D,F,S,Y,T,V,G,Y,K,E,G,L,L,S,C,G,I,S,L,D,W,S,E,K,R,P,E,F,V,R,G,Y,N,H,P,C,G,W,F,C,V,P,L,K,D,T,P,N,Q,S,L,L,T,G,Y,I,Q,T,D,L,R,G,M,I,P,Q,S,A,V,D,T,A,M,A,S,T,L,I,N,F,Y,G,D,L,R,K,V,L
Cercocebus_atys,M,E,G,L,S,D,V,A,S,F,A,T,K,L,K,N,T,L,I,Q,Y,H,S,I,E,E,D,K,W,R,V,A,K,K,T,K,D,V,T,V,W,R,K,P,S,E,E,F,N,G,Y,L,Y,K,A,Q,G,V,I,D,D,L,V,N,S,I,I,N,H,I,R,P,G,P,C,R,L,D,W,D,S,L,M,T,S,L,D,I,L,E,N,F,E,E,N,C,C,V,M,R,Y,T,T,A,G,Q,L,W,N,I,I,S,P,R,E,F,V,D,F,S,Y,T,V,G,Y,K,E,G,L,L,S,C,G,I,S,L,D,W,D,E,K,R,P,E,F,V,R,G,Y,N,H,P,C,G,W,F,C,V,P,L,K,D,N,P,N,Q,S,L,L,T,G,Y,I,Q,T,D,L,R,G,M,I,P,Q,S,A,V,D,T,A,M,A,S,T,L,T,N,F,Y,G,D,L,R,K,A,L
Cervus_canadensis,M,E,A,L,P,D,V,A,V,L,A,T,R,L,K,N,T,L,I,Q,Y,H,N,L,E,D,E,K,W,R,V,A,K,K,T,K,D,V,T,I,W,R,K,P,S,E,E,F,N,G,Y,L,F,K,A,Q,G,V,I,D,D,V,V,N,S,V,I,D,H,I,R,P,G,P,C,R,L,D,W,D,S,L,M,T,S,L,D,I,L,E,H,F,E,E,N,C,C,V,M,R,Y,T,T,A,G,Q,L,W,N,I,I,S,P,R,E,F,V,D,F,S,Y,T,V,G,Y,K,E,G,L,L,S,C,G,I,S,L,D,W,S,E,K,R,S,E,F,V,R,G,Y,N,H,P,C,G,W,F,C,V,P,L,K,E,S,P,S,R,S,L,L,T,G,Y,I,Q,T,D,L,R,G,M,I,P,Q,S,A,V,D,T,A,M,A,S,T,L,I,N,F,Y,G,D,L,Q,R,A,L
Chlorocebus_sabaeus,M,E,G,L,S,D,V,A,S,F,A,T,K,L,K,N,T,L,I,Q,Y,H,S,I,E,E,D,K,W,R,V,A,K,K,T,K,D,V,T,V,W,R,K,P,S,E,E,F,N,G,Y,L,Y,K,A,Q,G,V,I,D,D,L,V,N,S,I,I,D,H,I,R,P,G,P,C,R,L,D,W,D,S,L,M,T,S,L,D,I,L,E,N,F,E,E,N,C,C,V,M,R,Y,T,T,A,G,Q,L,W,N,I,I,S,P,R,E,F,V,D,F,S,Y,T,V,G,Y,K,E,G,L,L,S,C,G,I,S,L,D,W,D,E,K,R,P,E,F,V,R,G,Y,N,H,P,C,G,W,F,C,V,P,L,K,D,N,P,N,Q,S,L,L,T,G,Y,I,Q,T,D,L,R,G,M,I,P,Q,S,A,V,D,T,A,M,A,S,T,L,T,N,F,Y,G,D,L,R,K,A,L
Colobus_angolensis_palliatus,M,E,G,L,S,D,V,A,S,F,A,T,K,L,K,N,T,L,I,Q,Y,H,S,I,E,E,E,K,W,R,V,A,K,K,T,K,D,V,T,V,W,R,K,P,S,E,E,F,N,G,Y,L,Y,K,A,Q,G,V,I,D,D,F,V,N,N,I,I,D,H,I,R,P,G,P,C,R,L,D,W,D,S,L,M,T,S,L,D,I,L,E,N,F,E,E,N,C,C,V,M,R,Y,T,T,A,G,Q,L,W,N,I,I,S,P,R,E,F,V,D,F,S,Y,T,V,G,Y,K,E,G,L,L,S,C,G,I,S,L,D,W,E,E,K,R,P,G,F,V,R,G,Y,N,H,P,C,G,W,F,C,V,P,L,K,D,N,P,N,Q,S,L,L,T,G,Y,I,Q,T,D,L,R,G,M,I,P,Q,S,A,V,D,T,A,M,A,S,T,L,T,N,F,Y,G,D,L,R,K,A,L
Condylura_cristata,M,E,D,L,S,D,A,A,A,F,A,T,R,L,K,N,T,L,I,Q,Y,H,N,I,E,D,D,K,W,R,V,A,K,K,M,K,D,V,T,I,W,R,K,P,S,E,E,F,N,G,Y,L,F,K,A,E,G,I,I,D,D,V,V,N,S,V,I,D,H,I,R,P,G,P,C,R,L,D,W,D,S,L,M,T,S,L,D,I,L,E,Q,F,E,E,N,S,C,V,M,R,Y,T,T,A,G,Q,L,W,N,I,I,S,P,R,E,F,V,D,F,S,Y,T,V,G,Y,K,E,G,L,L,S,C,G,I,S,L,D,W,S,E,K,R,P,E,F,V,R,G,Y,N,H,P,C,G,W,F,C,V,P,L,K,D,N,P,N,Q,S,L,L,T,G,Y,I,Q,T,D,L,R,G,M,V,P,Q,S,A,V,D,T,A,M,A,S,T,L,I,S,F,Y,A,D,L,R,K,T,L
Elephas_maximus_indicus,-,-,-,-,-,-,-,-,-,-,-,-,-,-,-,-,-,-,-,-,-,-,-,-,-,-,-,-,-,-,-,-,-,R,V,K,D,V,T,V,W,R,K,P,S,E,E,F,S,G,Y,L,Y,K,A,Q,G,V,V,D,D,T,V,N,C,V,I,D,H,L,R,P,G,P,C,R,L,Y,W,D,S,L,M,T,S,L,D,I,L,E,H,F,E,E,N,C,C,V,M,R,Y,T,T,A,G,Q,L,W,N,I,I,S,P,R,E,F,V,D,F,S,Y,T,V,G,Y,K,E,G,L,L,S,C,G,I,S,L,D,W,S,E,K,R,S,E,F,V,R,G,Y,N,H,P,C,G,W,F,C,V,P,L,K,D,S,P,N,Q,S,L,L,T,G,Y,I,Q,T,D,L,R,G,M,I,P,Q,S,A,V,D,T,A,M,A,S,T,L,T,N,F,Y,G,D,L,R,K,A,L
Enhydra_lutris_kenyoni,M,E,G,L,P,N,A,A,A,F,A,T,R,L,K,N,I,L,I,Q,Y,H,S,I,E,D,D,K,W,R,V,A,K,K,T,K,D,V,T,I,W,R,K,P,S,E,E,F,N,G,Y,L,F,K,A,Q,G,V,I,D,D,S,V,N,S,V,I,D,H,I,R,P,G,P,C,R,L,D,W,D,S,L,M,T,S,M,D,I,L,E,H,F,E,E,N,C,C,V,M,R,Y,T,T,A,G,Q,L,W,N,I,I,S,P,R,E,F,V,D,F,S,Y,T,V,G,Y,E,E,G,L,L,S,C,G,L,S,V,D,W,N,E,K,R,P,E,F,I,R,G,Y,N,H,P,C,G,W,F,C,V,P,L,K,D,S,P,Y,Q,S,L,L,T,G,Y,I,Q,T,D,L,R,G,M,I,P,Q,S,A,V,D,T,A,M,A,S,T,L,I,N,F,Y,G,D,L,Q,K,A,L
Equus_asinus,M,E,G,L,P,D,A,A,A,F,A,T,K,L,K,N,T,L,I,Q,Y,H,S,I,E,D,D,K,W,R,V,V,K,K,T,K,D,V,T,I,W,R,K,P,S,E,E,F,N,G,H,L,F,K,A,Q,G,V,I,D,D,V,V,N,S,V,I,D,H,I,R,P,G,P,C,R,L,D,W,D,S,L,M,T,S,L,D,I,L,E,H,F,E,E,N,C,C,V,M,R,Y,T,T,A,G,Q,L,L,N,I,I,S,P,R,E,F,V,D,F,S,Y,T,V,G,Y,K,E,G,L,L,S,C,G,I,S,L,D,W,S,E,K,R,P,E,F,V,R,G,Y,N,H,P,C,G,W,F,C,V,P,L,K,D,I,P,N,Q,S,L,L,T,G,Y,I,Q,T,D,L,R,G,M,I,P,Q,S,A,V,D,T,A,M,A,S,T,L,I,N,F,Y,G,D,L,R,K,V,L
Equus_przewalskii,M,E,G,L,P,D,A,A,A,F,A,T,K,L,K,N,T,L,I,Q,Y,H,S,I,E,D,D,K,W,R,V,V,K,K,T,K,D,V,T,I,W,R,K,P,S,E,E,F,N,G,H,L,F,K,A,Q,G,V,I,D,D,V,V,N,S,V,I,D,H,I,R,P,G,P,C,R,L,D,W,D,S,L,M,T,S,L,D,I,L,E,H,F,E,E,N,C,C,V,M,R,Y,T,T,A,G,Q,L,L,N,I,I,S,P,R,E,F,V,D,F,S,Y,T,V,G,Y,K,E,G,L,L,S,C,G,I,S,L,D,W,S,E,K,R,P,E,F,V,R,G,Y,N,H,P,C,G,W,F,C,V,P,L,K,D,I,P,N,Q,S,L,L,T,G,Y,I,Q,T,D,L,R,G,M,I,P,Q,S,A,V,D,T,A,M,A,S,T,L,I,N,F,Y,G,D,L,R,K,V,L
Equus_quagga,M,E,G,L,P,D,A,A,A,F,A,T,K,L,K,N,T,L,I,Q,Y,H,S,I,E,D,D,K,W,R,V,V,K,K,T,K,D,V,T,I,W,R,K,P,S,E,E,F,N,G,H,L,F,K,A,Q,G,V,I,D,D,V,V,N,S,V,I,D,H,I,R,P,G,P,C,R,L,D,W,D,S,L,M,T,S,L,D,I,L,E,H,F,E,E,N,C,C,V,M,R,Y,T,T,A,G,Q,L,L,N,I,I,S,P,R,E,F,V,D,F,S,Y,T,V,G,Y,K,E,G,L,L,S,C,G,V,S,L,D,W,S,E,K,R,P,E,F,V,R,G,Y,N,H,P,C,G,W,F,C,V,P,L,K,D,I,P,N,Q,S,L,L,T,G,Y,I,Q,T,D,L,R,G,M,I,P,Q,S,A,V,D,T,A,M,A,S,T,L,I,N,F,Y,G,D,L,R,K,V,L
Gorilla_gorilla_gorilla,M,E,G,L,S,D,V,A,S,F,A,T,K,L,K,N,T,L,I,Q,Y,H,S,I,E,E,D,K,W,R,V,A,K,K,T,K,D,V,T,V,W,R,K,P,S,E,E,F,N,G,Y,L,Y,K,A,Q,G,V,I,D,D,L,V,N,S,I,I,D,H,I,R,P,G,P,C,R,L,D,W,D,S,L,M,T,S,L,D,I,L,E,N,F,E,E,N,C,C,V,M,R,Y,T,T,A,G,Q,L,W,N,I,I,S,P,R,E,F,V,D,F,S,Y,T,V,G,Y,K,E,G,L,L,S,C,G,I,S,L,D,W,D,E,K,R,P,E,F,V,R,G,Y,N,H,P,C,G,W,F,C,V,P,L,K,D,N,P,N,Q,S,L,L,T,G,Y,I,Q,T,D,L,R,G,M,I,P,Q,S,A,V,D,T,A,M,A,S,T,L,T,N,F,Y,G,D,L,R,K,A,L
Halichoerus_grypus,M,E,G,L,P,D,A,A,A,F,A,T,R,L,K,N,T,L,I,Q,Y,H,S,I,E,D,D,K,W,R,V,A,K,K,T,K,D,V,T,I,W,R,K,P,S,E,E,F,N,G,Y,L,F,K,A,Q,G,V,I,D,D,N,V,N,S,V,I,D,H,I,R,P,G,P,C,R,L,D,W,D,S,L,M,T,S,M,D,I,L,E,H,F,E,E,N,C,C,V,M,R,Y,T,T,A,G,Q,L,W,N,I,I,S,P,R,E,F,V,D,F,S,Y,T,V,G,Y,E,E,G,L,L,S,C,G,L,S,V,D,W,S,E,K,R,P,E,F,I,R,G,Y,N,H,P,C,G,W,F,C,V,P,H,K,D,N,P,H,Q,S,L,L,T,G,Y,I,Q,T,D,L,H,G,M,I,P,Q,S,A,V,D,T,A,M,A,S,T,L,V,N,F,Y,G,D,L,Q,K,A,L
Homo_sapiens,M,E,G,L,S,D,V,A,S,F,A,T,K,L,K,N,T,L,I,Q,Y,H,S,I,E,E,D,K,W,R,V,A,K,K,T,K,D,V,T,V,W,R,K,P,S,E,E,F,N,G,Y,L,Y,K,A,Q,G,V,I,D,D,L,V,Y,S,I,I,D,H,I,R,P,G,P,C,R,L,D,W,D,S,L,M,T,S,L,D,I,L,E,N,F,E,E,N,C,C,V,M,R,Y,T,T,A,G,Q,L,W,N,I,I,S,P,R,E,F,V,D,F,S,Y,T,V,G,Y,K,E,G,L,L,S,C,G,I,S,L,D,W,D,E,K,R,P,E,F,V,R,G,Y,N,H,P,C,G,W,F,C,V,P,L,K,D,N,P,N,Q,S,L,L,T,G,Y,I,Q,T,D,L,R,G,M,I,P,Q,S,A,V,D,T,A,M,A,S,T,L,T,N,F,Y,G,D,L,R,K,A,L
Hylobates_moloch,M,E,G,L,S,D,V,A,S,F,A,T,K,L,K,N,T,L,I,Q,Y,H,S,I,E,E,D,K,W,R,V,A,K,K,T,K,D,V,T,V,W,R,K,P,S,E,E,F,N,G,Y,L,Y,K,A,Q,G,V,I,D,D,L,V,N,S,V,I,D,H,I,R,P,G,P,C,R,L,D,W,D,S,L,M,T,S,L,D,I,L,E,N,F,E,E,N,C,C,V,M,R,Y,T,T,A,G,Q,L,W,N,I,I,S,P,R,E,F,V,D,F,S,Y,T,V,G,Y,K,E,G,L,L,S,C,G,I,S,L,D,W,D,E,K,R,P,E,F,V,R,G,Y,N,H,P,C,G,W,F,C,V,P,L,K,D,N,P,N,Q,S,L,L,T,G,Y,I,Q,T,D,L,R,G,M,I,P,Q,S,A,V,D,T,A,M,A,S,T,L,T,N,F,Y,G,D,L,R,K,A,L
Ictidomys_tridecemlineatus,M,E,G,L,P,D,V,A,S,F,S,S,R,L,K,N,T,L,I,Q,Y,H,N,I,E,D,D,N,W,R,V,A,K,K,T,K,D,V,T,V,W,R,K,P,S,E,E,F,N,G,Y,L,Y,K,A,Q,G,V,I,D,D,I,V,N,S,V,I,D,H,I,R,P,G,P,C,R,L,D,W,D,R,L,M,T,S,L,D,I,L,E,H,F,E,E,N,C,C,V,M,R,Y,T,T,A,G,Q,L,W,N,I,I,S,P,R,E,F,V,D,F,S,Y,T,V,G,Y,K,D,G,L,L,S,C,G,I,S,L,D,W,S,E,K,R,P,E,F,V,R,G,Y,N,H,P,C,G,W,F,C,V,P,L,K,D,N,P,N,Q,S,L,L,T,G,Y,I,Q,T,D,L,C,G,M,I,P,Q,S,A,V,D,T,A,M,A,S,T,L,T,N,F,Y,S,D,L,R,K,A,L
Leopardus_geoffroyi,M,E,G,L,P,D,A,A,V,F,A,T,R,L,K,N,T,L,I,Q,Y,H,S,I,E,D,D,K,W,R,V,A,K,K,M,K,D,V,T,I,W,R,K,P,S,E,E,F,N,G,Y,L,F,K,A,Q,G,V,I,D,D,I,V,N,S,V,I,D,H,I,R,P,G,P,C,R,L,D,W,D,S,L,M,T,S,M,D,I,L,E,H,F,E,E,N,C,C,V,M,R,Y,T,T,A,G,Q,L,W,N,I,I,S,P,R,E,F,V,D,F,S,Y,T,V,G,Y,E,E,G,L,L,S,C,G,V,S,L,D,W,S,E,K,R,P,E,F,I,R,G,Y,N,H,P,C,G,W,F,C,V,P,L,K,D,N,P,H,Q,S,L,L,T,G,Y,I,Q,T,D,L,R,G,M,I,P,Q,S,A,V,N,T,A,M,A,S,T,L,I,N,F,Y,G,D,L,Q,K,A,L
Loxodonta_africana,-,-,-,-,-,-,-,-,-,-,-,-,-,-,-,-,-,-,-,-,-,-,-,-,-,-,-,-,-,-,-,-,-,R,V,K,D,V,T,V,W,R,K,P,S,E,E,F,S,G,Y,L,Y,K,A,Q,G,V,V,D,D,T,V,N,C,V,I,D,H,L,R,P,G,P,C,R,L,Y,W,D,S,L,M,T,S,L,D,I,L,E,H,F,E,E,N,C,C,V,M,R,Y,T,T,A,G,Q,L,W,N,I,I,S,P,R,E,F,V,D,F,S,Y,T,V,G,Y,K,E,G,L,L,S,C,G,I,S,L,D,W,S,E,K,R,S,E,F,V,R,G,Y,N,H,P,C,G,W,F,C,V,P,L,K,D,S,P,N,Q,S,L,L,T,G,Y,I,Q,T,D,L,R,G,M,I,P,Q,S,A,V,D,T,A,M,A,S,T,L,T,N,F,Y,G,D,L,R,K,A,L
Macaca_fascicularis,M,E,G,L,S,D,V,A,S,F,A,T,K,L,K,N,T,L,I,Q,Y,H,S,I,E,E,D,K,W,R,V,A,K,K,T,K,D,V,T,V,W,R,K,P,S,E,E,F,N,G,Y,L,Y,K,A,Q,G,V,I,D,D,L,V,N,S,I,I,D,H,I,R,P,G,P,C,R,L,D,W,D,S,L,M,T,S,L,D,I,L,E,N,F,E,E,N,C,C,V,M,R,Y,T,T,A,G,Q,L,W,N,I,I,S,P,R,E,F,V,D,F,S,Y,T,V,G,Y,K,E,G,L,L,S,C,G,I,S,L,D,W,D,E,K,R,P,E,F,V,R,G,Y,N,H,P,C,G,W,F,C,V,P,L,K,D,N,P,N,Q,S,L,L,T,G,Y,I,Q,T,D,L,R,G,M,I,P,Q,S,A,V,D,T,A,M,A,S,T,L,T,N,F,Y,G,D,L,R,K,A,L
Macaca_mulatta,M,E,G,L,S,D,V,A,S,F,A,T,K,L,K,N,T,L,I,Q,Y,H,S,I,E,E,D,K,W,R,V,A,K,K,T,K,D,V,T,V,W,R,K,P,S,E,E,F,N,G,Y,L,Y,K,A,Q,G,V,I,D,D,L,V,N,S,I,I,D,H,I,R,P,G,P,C,R,L,D,W,D,S,L,M,T,S,L,D,I,L,E,N,F,E,E,N,C,C,V,M,R,Y,T,T,A,G,Q,L,W,N,I,I,S,P,R,E,F,V,D,F,S,Y,T,V,G,Y,K,E,G,L,L,S,C,G,I,S,L,D,W,D,E,K,R,P,E,F,V,R,G,Y,N,H,P,C,G,W,F,C,V,P,L,K,D,N,P,N,Q,S,L,L,T,G,Y,I,Q,T,D,L,R,G,M,I,P,Q,S,A,V,D,T,A,M,A,S,T,L,T,N,F,Y,G,D,L,R,K,A,L
Macaca_nemestrina,M,E,G,L,S,D,V,A,S,F,A,T,K,L,K,N,T,L,I,Q,Y,H,S,I,E,E,D,K,W,R,V,A,K,K,T,K,D,V,T,V,W,R,K,P,S,E,E,F,N,G,Y,L,Y,K,A,Q,G,V,I,D,D,L,V,N,S,I,I,D,H,I,R,P,G,P,C,R,L,D,W,D,S,L,M,T,S,L,D,I,L,E,N,F,E,E,N,C,C,V,M,R,Y,T,T,A,G,Q,L,W,N,I,I,S,P,R,E,F,V,D,F,S,Y,T,V,G,Y,K,E,G,L,L,S,C,G,I,S,L,D,W,D,E,K,R,P,E,F,V,R,G,Y,N,H,P,C,G,W,F,C,V,P,L,K,D,N,P,N,Q,S,L,L,T,G,Y,I,Q,T,D,L,R,G,M,I,P,Q,S,A,V,D,T,A,M,A,S,T,L,T,N,F,Y,G,D,L,R,K,A,L
Macaca_thibetana_thibetana,M,E,G,L,S,D,V,A,S,F,A,T,K,L,K,N,T,L,I,Q,Y,H,S,I,E,E,D,K,W,R,V,A,K,K,T,K,D,V,T,V,W,R,K,P,S,E,E,F,N,G,Y,L,Y,K,A,Q,G,V,I,D,D,L,V,N,S,I,I,D,H,I,R,P,G,P,C,R,L,D,W,D,S,L,M,T,S,L,D,I,L,E,N,F,E,E,D,C,C,V,M,R,Y,T,T,A,G,Q,L,W,N,I,I,S,P,R,E,F,V,D,F,S,Y,T,V,G,Y,K,E,G,L,L,S,C,G,I,S,L,D,W,D,E,K,R,P,E,F,V,R,G,Y,N,H,P,C,G,W,F,C,V,P,L,K,D,N,P,N,Q,S,L,L,T,G,Y,I,Q,T,D,L,R,G,M,I,P,Q,S,A,V,D,T,A,M,A,S,T,L,T,N,F,Y,G,D,L,R,K,A,L
Mandrillus_leucophaeus,M,E,G,L,S,D,V,A,S,F,A,T,K,L,K,N,T,L,I,Q,Y,H,S,I,E,E,D,K,W,R,V,A,K,K,T,K,D,V,T,V,W,R,K,P,S,E,E,F,N,G,Y,L,Y,K,A,Q,G,V,I,D,D,L,V,N,S,I,I,D,H,I,R,P,G,P,C,R,L,D,W,D,S,L,M,T,S,L,D,I,L,E,N,F,E,E,N,C,C,V,M,R,Y,T,T,A,G,Q,L,W,N,I,I,S,P,R,E,F,V,D,F,S,Y,T,V,G,Y,K,E,G,L,L,S,C,G,I,S,L,D,W,D,E,K,R,P,E,F,V,R,G,Y,N,H,P,C,G,W,F,C,V,P,L,K,D,N,P,N,Q,S,L,L,T,G,Y,I,Q,T,D,L,R,G,M,I,P,Q,S,A,V,D,T,A,M,A,S,T,L,T,N,F,Y,G,D,L,R,K,A,L
Marmota_flaviventris,M,E,G,L,P,D,V,A,S,F,S,S,R,L,K,N,T,L,I,Q,Y,H,N,I,E,D,D,K,W,R,V,A,K,K,T,K,D,V,T,V,W,R,K,P,S,E,E,F,N,G,Y,L,Y,K,A,Q,G,V,I,D,D,I,V,N,S,V,I,D,H,I,R,P,G,P,C,R,L,D,W,D,R,L,M,T,S,L,D,I,L,E,H,F,E,E,N,C,C,V,M,R,Y,T,T,A,G,Q,L,W,N,I,I,S,P,R,E,F,V,D,F,S,Y,T,V,G,Y,K,E,G,L,L,S,C,G,I,S,L,D,W,S,E,K,R,P,E,F,V,R,G,Y,N,H,P,C,G,W,F,C,V,P,L,K,D,N,P,N,Q,S,L,L,T,G,Y,I,Q,T,D,L,C,G,M,I,P,Q,S,A,V,D,T,A,M,A,S,T,L,T,N,F,Y,S,D,L,R,K,A,L
Marmota_marmota_marmota,M,E,G,L,P,D,V,A,S,F,S,S,R,L,K,N,T,L,I,Q,Y,H,N,I,E,D,D,K,W,R,V,A,K,K,T,K,D,V,T,V,W,R,K,P,S,E,E,F,N,G,Y,L,Y,K,A,Q,G,V,I,D,D,I,V,N,S,V,I,D,H,I,R,P,G,P,C,R,L,D,W,D,R,L,M,T,S,L,D,I,L,E,H,F,E,E,N,C,C,V,M,R,Y,T,T,A,G,Q,L,W,N,I,I,S,P,R,E,F,V,D,F,S,Y,T,V,G,Y,K,E,G,L,L,S,C,G,I,S,L,D,W,S,E,K,R,P,E,F,V,R,G,Y,N,H,P,C,G,W,F,C,V,P,L,K,D,N,P,N,Q,S,L,L,T,G,Y,I,Q,T,D,L,C,G,M,I,P,Q,S,A,V,D,T,A,M,A,S,T,L,T,N,F,Y,S,D,L,R,K,A,L
Marmota_monax,M,E,G,L,P,D,V,A,S,F,S,S,R,L,K,N,T,L,I,Q,Y,H,N,I,E,D,D,K,W,R,V,A,K,K,T,K,D,V,T,V,W,R,K,P,S,E,E,F,N,G,Y,L,Y,K,A,Q,G,V,I,D,D,I,V,N,S,V,I,D,H,I,R,P,G,P,C,R,L,D,W,D,R,L,M,T,S,L,D,I,L,E,H,F,E,E,N,C,C,V,M,R,Y,T,T,A,G,Q,L,W,N,I,I,S,P,R,E,F,V,D,F,S,Y,T,V,G,Y,K,E,G,L,L,S,C,G,I,S,L,D,W,S,E,K,R,P,E,F,V,R,G,Y,N,H,P,C,G,W,F,C,V,P,L,K,D,N,P,N,Q,S,L,L,T,G,Y,I,Q,T,D,L,C,G,M,I,P,Q,S,A,V,D,T,A,M,A,S,T,L,T,N,F,Y,S,D,L,R,K,A,L
Nannospalax_galili,M,E,G,L,P,D,V,A,S,F,S,I,K,L,K,N,T,L,I,Q,Y,H,N,I,E,D,D,K,W,R,V,A,K,K,T,K,D,V,T,V,W,R,K,P,S,E,E,F,N,G,Y,L,Y,K,V,Q,G,V,I,D,D,I,V,N,S,V,I,D,H,I,R,P,G,P,W,R,L,D,W,D,R,L,M,T,S,L,D,I,L,E,H,F,E,E,N,C,C,V,M,R,Y,T,T,A,G,Q,L,W,N,I,I,S,P,R,E,F,V,D,F,S,Y,T,V,G,Y,E,E,G,L,L,S,C,G,V,S,L,D,W,S,E,T,R,P,E,F,V,R,G,Y,N,H,P,C,G,W,F,C,V,P,L,K,D,N,P,N,Q,S,L,L,T,G,Y,I,Q,T,D,L,R,G,I,I,P,Q,S,A,V,D,T,A,M,A,S,T,L,T,N,F,Y,G,D,L,R,K,A,L
Neomonachus_schauinslandi,M,E,G,L,P,D,A,A,A,F,A,T,R,L,K,N,T,L,I,Q,Y,H,S,I,E,D,D,K,W,R,V,A,K,K,T,K,D,V,T,I,W,R,K,P,S,E,E,F,N,G,Y,L,F,K,A,Q,G,V,I,D,D,S,I,N,S,V,I,D,H,I,R,P,G,P,C,R,L,D,W,D,S,L,M,T,S,M,D,I,L,E,H,F,E,E,N,C,C,V,M,R,Y,T,T,A,G,Q,L,W,N,I,I,S,P,R,E,F,V,D,F,S,Y,T,V,G,Y,E,E,G,L,L,S,C,G,L,S,V,D,W,S,E,K,R,P,E,F,I,R,G,Y,N,H,P,C,G,W,F,C,V,P,H,K,D,N,P,H,Q,S,L,L,T,G,Y,I,Q,T,D,L,R,G,M,I,P,Q,S,A,V,D,T,A,M,A,S,T,L,V,N,F,Y,G,D,L,Q,K,A,L
Nomascus_leucogenys,M,E,G,L,S,D,V,A,S,F,A,T,K,L,K,N,T,L,I,Q,Y,H,S,I,E,E,D,K,W,R,V,A,K,K,T,K,D,V,T,V,W,R,K,P,S,E,E,F,N,G,Y,L,Y,K,A,Q,G,V,I,D,D,L,V,N,S,V,I,D,H,I,R,P,G,P,C,R,L,D,W,D,S,L,M,T,S,L,D,I,L,E,N,F,E,E,N,C,C,V,M,R,Y,T,T,A,G,Q,L,W,N,I,I,S,P,R,E,F,V,D,F,S,Y,T,V,G,Y,K,E,G,L,L,S,C,G,I,S,L,D,W,D,E,K,R,P,E,F,V,R,G,Y,N,H,P,C,G,W,F,C,V,P,L,K,D,N,P,N,Q,S,L,L,T,G,Y,I,Q,T,D,L,R,G,M,I,P,Q,S,A,V,D,T,A,M,A,S,T,L,T,N,F,Y,G,D,L,R,K,A,L
Ochotona_curzoniae,M,E,S,L,P,D,T,T,A,F,A,T,R,L,K,N,T,L,V,R,Y,H,S,L,D,D,D,A,W,R,V,V,K,K,T,K,D,V,T,V,W,R,K,P,S,E,E,F,N,G,Y,L,Y,K,A,Q,G,V,I,D,D,T,V,N,A,I,V,D,H,I,R,P,G,P,C,R,L,D,W,D,S,L,M,T,S,L,D,I,L,K,H,F,E,E,S,C,C,V,M,R,Y,T,T,A,G,Q,L,W,N,I,I,A,P,R,E,F,V,D,F,S,Y,T,V,G,H,E,E,G,L,L,S,C,G,V,S,L,D,W,S,E,K,R,P,E,F,V,R,G,Y,N,H,P,C,G,W,F,C,V,P,L,K,D,S,P,H,Q,S,L,L,T,G,Y,I,Q,T,D,L,R,G,R,I,P,Q,S,A,V,D,T,A,M,A,S,T,L,A,N,F,Y,G,D,L,R,K,A,L
Ochotona_princeps,M,E,S,L,P,D,A,A,A,F,A,T,H,L,K,N,T,L,I,R,Y,H,S,L,G,D,D,E,W,R,V,V,K,K,A,K,D,V,T,V,W,R,K,P,S,E,E,F,N,G,Y,L,Y,K,A,Q,G,V,I,E,D,T,V,N,A,I,V,D,H,I,R,P,G,P,C,R,L,D,W,D,S,L,M,T,S,L,D,I,L,K,H,F,E,E,N,C,C,V,M,R,Y,T,T,A,G,Q,L,W,N,V,I,A,P,R,E,F,V,D,F,S,Y,T,V,G,Y,E,E,G,L,L,S,C,G,V,S,L,D,W,R,E,K,R,P,E,F,V,R,G,Y,N,H,P,C,G,W,F,C,V,P,L,K,D,R,P,H,Q,S,L,L,T,G,F,I,Q,T,D,L,R,G,R,I,P,Q,S,A,V,D,T,A,M,A,S,T,L,A,N,F,Y,G,D,L,R,R,A,L
Octodon_degus,M,E,D,L,P,D,V,A,S,F,S,T,K,L,K,N,T,L,I,L,Y,H,N,I,E,D,D,K,W,R,V,A,K,K,T,K,D,V,A,V,W,R,K,A,S,E,E,F,N,G,Y,L,Y,K,A,Q,G,V,V,D,D,V,V,N,T,I,I,D,H,I,R,P,G,P,F,R,L,D,W,D,R,L,M,T,S,L,D,I,L,K,H,F,E,E,N,C,C,V,M,R,Y,T,T,A,G,Q,L,W,D,I,I,S,P,R,E,F,V,D,F,S,Y,T,V,G,Y,Q,E,G,L,L,S,C,G,I,S,L,D,W,S,E,K,R,P,E,F,V,R,G,F,N,H,P,C,G,W,F,C,V,P,L,K,D,S,P,H,Q,S,L,L,T,G,Y,I,Q,T,D,L,R,G,M,I,P,Q,S,A,V,D,T,A,M,A,S,T,L,T,N,F,Y,V,D,L,R,K,A,S
Ovis_aries,M,E,A,L,P,D,A,A,V,L,A,T,R,L,K,N,T,L,I,Q,Y,H,N,L,E,D,E,K,W,R,V,A,K,K,T,K,D,V,T,I,W,R,K,P,S,E,E,F,N,G,Y,L,F,K,A,Q,G,V,I,D,D,V,V,N,S,V,I,D,H,I,R,P,G,P,C,R,L,D,W,D,S,L,M,T,S,L,D,I,L,E,H,F,E,E,N,C,C,V,M,R,Y,T,T,A,G,Q,L,W,N,I,I,S,P,R,E,F,V,D,F,S,Y,T,V,G,Y,K,E,G,L,L,S,C,G,I,S,L,D,W,S,E,K,R,S,E,F,V,R,G,Y,N,H,P,C,G,W,F,C,V,P,L,K,D,S,P,S,R,S,L,L,T,G,Y,I,Q,T,D,L,R,G,M,I,P,Q,S,A,V,D,T,A,M,A,S,T,L,I,N,F,Y,G,D,L,Q,K,A,L
Pan_paniscus,M,E,G,L,S,D,V,A,S,F,A,T,K,L,K,N,T,L,I,Q,Y,H,S,I,E,E,D,K,W,R,V,A,K,K,T,K,D,V,T,V,W,R,K,P,S,E,E,F,N,G,Y,L,Y,K,A,Q,G,V,I,D,D,L,V,N,S,I,I,D,H,I,R,P,G,P,C,R,L,D,W,D,S,L,M,T,S,L,D,I,L,E,N,F,E,E,N,C,C,V,M,R,Y,T,T,A,G,Q,L,W,N,I,I,S,P,R,E,F,V,D,F,S,Y,T,V,G,Y,K,E,G,L,L,S,C,G,I,S,L,D,W,D,E,K,R,P,E,F,V,R,G,Y,N,H,P,C,G,W,F,C,V,P,L,K,D,N,P,N,Q,S,L,L,T,G,Y,I,Q,T,D,L,R,G,M,I,P,Q,S,A,V,D,T,A,M,A,S,T,L,T,N,F,Y,G,D,L,R,K,A,L
Pan_troglodytes,M,E,G,L,S,D,V,A,S,F,A,T,K,L,K,N,T,L,I,Q,Y,H,S,I,E,E,D,K,W,R,V,A,K,K,T,K,D,V,T,V,W,R,K,P,S,E,E,F,N,G,Y,L,Y,K,A,Q,G,V,I,D,D,L,V,N,S,I,I,D,H,I,R,P,G,P,C,R,L,D,W,D,S,L,M,T,S,L,D,I,L,E,N,F,E,E,N,C,C,V,M,R,Y,T,T,A,G,Q,L,W,N,I,I,S,P,R,E,F,V,D,F,S,Y,T,V,G,Y,K,E,G,L,L,S,C,G,I,S,L,D,W,D,E,K,R,P,E,F,V,R,G,Y,N,H,P,C,G,W,F,C,V,P,L,K,D,N,P,N,Q,S,L,L,T,G,Y,I,Q,T,D,L,R,G,M,I,P,Q,S,A,V,D,T,A,M,A,S,T,L,T,N,F,Y,G,D,L,R,K,A,L
Panthera_tigris_altaica,-,-,-,-,-,-,-,-,-,-,-,-,-,-,-,-,-,-,-,-,-,-,-,-,-,-,-,-,-,-,-,-,-,-,-,-,-,-,-,-,-,-,-,-,-,-,-,-,-,-,-,-,-,-,-,-,-,-,-,-,-,-,-,-,-,-,-,-,-,-,-,-,-,-,-,-,-,-,-,-,-,-,-,-,-,-,-,-,-,-,-,-,-,-,-,-,-,-,-,-,-,-,-,-,-,-,-,-,-,-,-,-,-,-,-,-,-,-,-,-,-,-,-,-,-,-,-,-,-,-,-,-,-,-,-,-,-,-,-,-,-,-,-,-,-,-,-,-,-,-,-,-,-,-,-,-,-,-,-,-,-,-,-,-,-,-,-,-,-,-,-,-,-,-,-,-,-,-,-,-,-,-,-,-,-,-,-,-,-,-,-,-,-,-,-,-,-,-,-,-,-,-,-,-,-
Papio_anubis,M,E,G,L,S,D,V,A,S,F,A,T,K,L,K,N,T,L,I,Q,Y,H,S,I,E,E,D,K,W,R,V,A,K,K,T,K,D,V,T,V,W,R,K,P,S,E,E,F,N,G,Y,L,Y,K,A,Q,G,V,I,D,D,L,V,N,S,I,I,N,H,I,R,P,G,P,C,R,L,D,W,D,S,L,M,T,S,L,D,I,L,E,N,F,E,E,N,C,C,V,M,R,Y,T,T,A,G,Q,L,W,N,I,I,S,P,R,E,F,V,D,F,S,Y,T,V,G,Y,K,E,G,L,L,S,G,G,I,S,L,D,W,D,E,K,R,P,E,F,V,R,G,Y,N,H,P,C,G,W,F,C,V,P,L,K,D,N,P,N,Q,S,L,L,T,G,Y,I,Q,T,D,L,R,G,M,I,P,Q,S,A,V,D,T,A,M,A,S,T,L,T,N,F,Y,G,D,L,R,K,A,L
Piliocolobus_tephrosceles,M,E,G,L,S,D,V,A,S,F,A,T,K,L,K,N,T,L,I,Q,Y,H,S,I,E,E,E,K,W,R,V,A,K,K,T,K,D,V,T,V,W,R,K,P,S,E,E,F,N,G,Y,L,Y,K,A,Q,G,V,I,D,D,F,V,N,S,I,I,D,H,I,R,P,G,P,C,R,L,D,W,D,S,L,M,T,S,L,D,I,L,E,N,F,E,E,N,C,C,V,M,R,Y,T,T,A,G,Q,L,W,N,I,I,S,P,R,E,F,V,D,F,S,Y,T,V,G,Y,K,E,G,L,L,S,C,G,I,S,L,D,W,E,E,K,R,P,E,F,V,R,G,Y,N,H,P,C,G,W,F,C,V,P,L,K,D,N,P,N,Q,S,L,L,T,G,Y,I,Q,T,D,L,R,G,M,I,P,Q,S,A,V,D,T,A,M,A,S,T,L,T,N,F,Y,G,D,L,R,K,A,L
Pongo_abelii,M,E,S,L,S,D,V,A,A,F,A,T,K,L,K,N,T,L,I,Q,Y,H,S,I,E,E,D,K,W,R,V,A,K,K,T,K,D,V,T,V,W,R,K,P,S,E,E,F,N,G,Y,L,Y,K,A,Q,G,V,I,D,D,L,V,N,S,I,I,D,H,I,R,P,G,P,C,R,L,D,W,D,S,L,M,T,S,L,D,I,L,E,N,F,E,E,N,C,C,V,M,R,Y,T,T,A,G,Q,L,W,N,I,I,S,P,R,E,F,V,D,F,S,Y,T,V,G,Y,K,E,G,L,L,S,C,G,I,S,L,D,W,D,E,K,R,P,E,F,V,R,G,Y,N,H,P,C,G,W,F,C,V,P,L,K,D,N,P,N,Q,S,L,L,T,G,Y,I,Q,T,D,L,R,G,M,I,P,R,S,A,V,D,T,A,M,A,S,T,L,T,N,F,Y,G,D,L,R,K,A,L
Propithecus_coquereli,M,E,G,L,P,D,V,T,S,F,A,T,K,L,K,N,T,L,V,Q,Y,H,N,I,E,D,D,K,W,R,V,A,K,K,T,K,D,V,T,V,W,R,K,P,S,E,E,F,N,G,Y,L,Y,K,A,Q,G,V,I,D,D,I,V,N,S,V,I,D,H,I,R,P,G,P,C,R,L,D,W,D,S,L,M,T,S,L,D,I,L,E,H,L,E,E,N,C,C,V,M,R,Y,T,T,A,G,Q,L,W,N,I,I,S,P,R,E,F,V,D,F,S,Y,T,V,G,Y,K,E,G,L,L,S,C,G,I,S,L,D,W,S,E,K,R,P,E,F,V,R,G,Y,N,H,P,C,G,W,F,C,V,P,L,K,D,N,P,N,Q,S,L,L,T,G,Y,I,Q,T,D,L,R,G,M,I,P,Q,S,A,V,D,T,A,M,A,S,T,L,A,N,F,Y,V,D,L,R,K,A,L
Rhinopithecus_bieti,M,E,G,L,S,D,V,A,S,F,A,T,K,L,K,N,T,L,I,Q,Y,H,S,I,E,E,D,K,W,R,V,A,K,K,T,K,D,V,T,V,W,R,K,P,S,E,E,F,N,G,Y,L,Y,K,A,Q,G,L,I,D,D,F,V,N,S,I,I,D,H,I,R,P,G,P,C,R,L,D,W,D,S,L,M,T,S,L,D,I,L,E,N,F,E,E,N,C,C,V,M,R,Y,T,T,A,G,Q,L,W,N,I,I,S,P,R,E,F,V,D,F,S,Y,T,V,G,Y,K,E,G,L,L,S,C,G,I,S,L,D,W,E,E,K,R,P,E,F,V,R,G,Y,N,H,P,C,G,W,F,C,V,P,L,K,D,N,P,N,Q,S,L,L,T,G,Y,I,Q,T,D,L,R,G,M,I,P,Q,S,A,V,D,T,A,M,A,S,T,L,T,N,F,Y,G,D,L,R,K,A,L
Rhinopithecus_roxellana,M,E,G,L,S,D,V,A,S,F,A,T,K,L,K,N,T,L,I,Q,Y,H,S,I,E,E,D,K,W,R,V,A,K,K,T,K,D,V,T,V,W,R,K,P,S,E,E,F,N,G,Y,L,Y,K,A,Q,G,V,I,D,D,F,V,N,S,I,I,D,H,I,R,P,G,P,C,R,L,D,W,D,S,L,M,T,S,L,D,I,L,E,N,F,E,E,N,C,C,V,M,R,Y,T,T,A,G,Q,L,W,N,I,I,S,P,R,E,F,V,D,F,S,Y,T,V,G,Y,K,E,G,L,L,S,C,G,I,S,L,D,W,E,E,K,R,P,E,F,V,R,G,Y,N,H,P,C,G,W,F,C,V,P,L,K,D,N,P,N,Q,S,L,L,T,G,Y,I,Q,T,D,L,R,G,M,I,P,Q,S,A,V,D,T,A,M,A,S,T,L,T,N,F,Y,G,D,L,R,K,A,L
Saimiri_boliviensis_boliviensis,M,E,G,L,S,D,V,A,S,L,A,T,K,L,K,N,T,L,I,Q,Y,H,S,I,E,E,D,K,W,R,V,A,K,K,T,K,D,V,T,V,W,R,K,P,S,E,E,F,N,G,Y,L,Y,K,A,Q,G,V,I,E,D,L,V,N,S,I,I,D,H,I,R,P,G,P,C,R,L,D,W,D,S,L,M,T,S,L,D,I,L,E,N,F,E,E,N,C,C,V,M,R,Y,T,T,A,G,Q,L,W,N,I,I,S,P,R,E,F,V,D,F,S,Y,T,V,G,Y,K,E,G,L,L,S,C,G,I,S,L,D,W,D,E,K,R,P,E,F,V,R,G,Y,N,H,P,C,G,W,F,C,V,P,L,K,D,N,P,N,Q,S,L,L,T,G,Y,I,Q,T,D,L,R,G,M,I,P,Q,S,A,V,D,T,A,M,A,S,T,L,T,N,F,Y,G,D,L,R,K,A,L
Sapajus_apella,M,E,G,L,S,D,V,A,S,L,A,T,K,L,K,N,T,L,I,Q,Y,H,S,I,E,E,D,K,W,R,V,A,K,K,T,K,D,V,T,V,W,R,K,P,S,E,E,F,N,G,Y,L,Y,K,A,Q,G,V,I,E,D,L,V,N,S,I,I,D,H,I,R,P,G,P,C,R,L,D,W,D,S,L,M,T,S,L,D,I,L,E,N,F,E,E,N,C,C,V,M,R,Y,T,T,A,G,Q,L,W,N,I,I,S,P,R,E,F,V,D,F,S,Y,T,V,G,Y,K,E,G,L,L,S,C,G,I,S,L,D,W,D,E,K,R,P,E,F,V,R,G,Y,N,H,P,C,G,W,F,C,V,P,L,K,D,N,P,N,Q,S,L,L,T,G,Y,I,Q,T,D,L,R,G,M,I,P,Q,S,A,V,D,T,A,M,A,S,T,L,T,N,F,Y,G,D,L,R,K,A,L
Suricata_suricatta,M,E,G,L,P,D,A,A,V,F,A,T,R,L,K,N,T,L,I,Q,Y,H,S,I,E,D,D,K,W,R,V,A,K,K,M,K,D,V,T,I,W,R,K,P,S,E,E,F,N,G,Y,L,F,K,A,Q,G,V,I,D,D,I,V,N,S,V,I,D,H,I,R,P,G,P,C,R,L,D,W,D,S,L,M,T,S,M,D,I,L,E,H,F,E,E,N,C,C,V,M,R,Y,T,T,A,G,Q,L,W,N,V,I,S,P,R,E,F,V,D,F,S,Y,T,V,G,Y,E,E,G,L,L,S,C,G,V,S,L,D,W,S,E,E,R,P,E,F,I,R,G,Y,N,H,P,C,G,W,F,C,V,P,L,K,D,N,P,H,Q,S,L,L,T,G,Y,I,Q,T,D,L,R,G,M,I,P,Q,S,A,V,N,T,A,M,A,S,T,L,A,T,F,Y,G,D,L,Q,K,A,L
Theropithecus_gelada,M,E,G,L,S,D,V,A,S,F,A,T,K,L,K,N,T,L,I,Q,Y,H,S,I,E,E,D,K,W,R,V,A,K,K,T,K,D,V,T,V,W,R,K,P,S,E,E,F,N,G,Y,L,Y,K,A,Q,G,V,I,D,D,L,V,N,S,I,I,D,H,I,R,P,G,P,C,R,L,D,W,D,S,L,M,T,S,L,D,I,L,E,N,F,E,E,N,C,C,V,M,R,Y,T,T,A,G,Q,L,W,N,I,I,S,P,R,E,F,V,D,F,S,Y,T,V,G,Y,K,E,G,L,L,S,C,G,I,S,L,D,W,D,E,K,R,P,E,F,V,R,G,Y,N,H,P,C,G,W,F,C,V,P,L,K,D,N,P,N,Q,S,L,L,T,G,Y,I,Q,T,D,L,R,G,M,I,P,Q,S,A,V,D,T,A,M,A,S,T,L,T,N,F,Y,G,D,L,R,K,A,L
Trachypithecus_francoisi,M,E,G,L,S,D,V,A,S,F,A,T,K,L,K,N,T,L,I,Q,Y,H,S,I,E,E,D,K,W,R,V,A,K,K,T,K,D,V,T,V,W,R,K,P,S,E,E,F,N,G,Y,L,Y,K,A,Q,G,V,I,D,D,F,V,N,S,I,I,D,H,I,R,P,G,P,C,R,L,D,W,D,S,L,M,T,S,L,D,I,L,E,N,F,E,E,N,C,C,V,M,R,Y,T,T,A,G,Q,L,W,N,I,I,S,P,R,E,F,V,D,F,S,Y,T,V,G,Y,K,E,G,L,L,S,C,G,I,S,L,D,W,E,E,K,R,P,E,F,V,R,G,Y,N,H,P,C,G,W,F,C,V,P,L,K,D,N,P,N,Q,S,L,L,T,G,Y,I,Q,T,D,L,R,G,M,I,P,Q,S,A,V,D,T,A,M,A,S,T,L,T,N,F,Y,G,D,L,R,K,A,L
Tupaia_chinensis,M,E,G,L,P,D,V,A,A,F,A,T,K,L,K,N,T,L,I,Q,Y,H,S,I,E,D,D,K,W,R,V,A,K,K,M,K,D,V,T,V,W,R,K,P,S,E,E,F,N,G,Y,L,Y,K,A,Q,G,V,I,D,D,I,V,F,S,I,I,D,H,I,R,P,G,P,C,R,L,Y,W,D,S,L,M,T,S,L,D,V,L,E,H,F,E,E,N,C,C,V,M,R,Y,T,T,A,G,Q,L,W,N,I,I,S,P,R,E,F,V,D,F,S,Y,T,V,G,Y,E,E,G,L,L,S,C,G,I,S,L,D,W,S,E,K,R,P,E,F,V,R,G,Y,N,H,P,C,G,W,F,C,V,P,L,K,D,H,P,S,Q,S,L,L,T,G,Y,I,Q,T,D,L,R,G,M,I,P,Q,S,A,V,D,T,A,M,A,S,T,L,T,N,F,Y,G,D,L,R,K,A,L
Urocitellus_parryii,M,E,G,L,P,D,V,A,S,F,S,S,Q,L,K,N,T,L,I,Q,Y,H,N,I,E,D,D,K,W,R,V,A,K,K,T,K,D,V,T,V,W,R,K,P,S,E,E,F,N,G,Y,L,Y,K,A,Q,G,V,I,D,D,I,V,N,S,V,I,D,H,I,R,P,G,P,C,R,L,D,W,D,R,L,M,T,S,L,D,I,L,E,H,F,E,E,N,C,C,V,M,R,Y,T,T,A,G,Q,L,W,N,I,I,S,P,R,E,F,V,D,F,S,Y,T,V,D,Y,K,D,G,L,L,S,C,G,I,S,L,D,W,S,E,K,R,P,E,F,V,R,G,Y,N,H,P,C,G,W,F,C,V,P,L,K,D,N,P,N,Q,S,L,L,T,G,Y,I,Q,T,D,L,C,G,M,I,P,Q,S,A,V,D,T,A,M,A,S,T,L,T,N,F,Y,S,D,L,R,K,A,L
Ursus_americanus,M,E,G,L,P,D,A,A,A,F,A,T,R,L,K,N,T,L,I,Q,Y,H,S,I,E,D,D,K,W,R,L,A,K,K,T,K,D,V,T,I,W,R,K,P,S,E,E,F,N,G,Y,L,F,K,A,Q,G,V,I,D,D,T,V,N,S,V,I,D,H,I,R,P,G,P,C,R,L,D,W,D,S,L,M,T,S,M,D,I,L,E,H,F,E,E,N,C,C,V,M,R,Y,T,T,A,G,Q,L,W,N,I,I,S,P,R,E,F,V,D,F,S,Y,T,V,G,Y,E,E,G,L,L,S,C,G,L,S,V,D,W,S,E,K,R,P,E,F,I,R,G,Y,N,H,P,C,G,W,F,C,V,P,L,K,D,S,P,Y,Q,S,L,L,T,G,Y,I,Q,T,D,L,R,G,M,I,P,Q,S,A,V,D,T,A,M,A,S,T,L,I,N,F,Y,G,D,L,Q,K,A,L
Ursus_maritimus,M,E,G,L,P,D,A,A,A,F,A,T,R,L,K,N,T,L,I,Q,Y,H,S,I,E,D,D,K,W,R,L,A,K,K,T,K,D,V,T,I,W,R,K,P,S,E,E,F,N,G,Y,L,F,K,A,Q,G,V,I,D,D,T,V,N,S,V,I,D,H,I,R,P,G,P,C,R,L,D,W,D,S,L,M,T,S,M,D,I,L,E,H,F,E,E,N,C,C,V,M,R,Y,T,T,A,G,Q,L,W,N,I,I,S,P,R,E,F,V,D,F,S,Y,T,V,G,Y,E,E,G,L,L,S,C,G,L,S,V,D,W,S,E,K,R,P,E,F,I,R,G,Y,N,H,P,C,G,W,F,C,V,P,L,K,D,S,P,Y,Q,S,L,L,T,G,Y,I,Q,T,D,L,R,G,M,I,P,Q,S,A,V,D,T,A,M,A,S,T,L,I,N,F,Y,G,D,L,Q,K,A,L
Vicugna_pacos,M,E,S,L,P,D,A,A,V,L,A,T,R,L,K,N,T,L,I,Q,Y,H,S,I,E,D,D,K,W,R,V,A,K,K,M,K,D,V,T,I,W,R,K,P,S,E,E,F,N,G,Y,L,F,K,A,Q,G,V,I,D,D,G,V,N,N,I,I,D,H,I,R,P,G,P,C,R,L,D,W,D,S,L,M,T,S,L,D,I,L,E,H,F,E,E,N,C,C,V,M,R,Y,T,T,A,G,Q,L,W,N,I,I,S,P,R,E,F,V,D,F,S,Y,T,V,G,Y,K,E,G,L,L,S,C,G,I,S,L,D,W,N,E,K,R,P,E,F,V,R,G,Y,N,H,P,C,G,W,F,C,V,P,L,R,D,N,P,N,R,S,L,L,T,G,Y,I,Q,T,D,L,R,G,M,I,P,Q,S,A,V,D,T,A,M,A,S,T,L,I,N,F,Y,G,D,L,Q,K,A,L
Artibeus_jamaicensis,M,E,G,L,P,D,A,A,A,F,A,T,K,L,K,N,T,L,I,Q,Y,H,S,I,E,D,D,M,W,R,V,A,K,K,T,R,D,V,T,I,W,R,K,P,S,E,E,F,N,G,Y,L,F,K,A,Q,G,V,I,D,D,V,V,N,A,V,M,D,H,I,C,P,G,P,C,R,L,D,W,D,S,L,M,T,S,L,D,I,L,E,H,F,E,E,N,C,C,V,M,R,Y,T,T,A,G,Q,L,W,N,I,I,S,P,R,E,F,V,D,F,S,Y,T,V,D,Y,Q,G,G,L,L,S,C,G,R,S,L,E,W,S,E,K,R,P,E,F,V,H,G,Y,N,H,P,C,G,W,F,C,V,P,L,K,D,S,A,H,Q,S,L,L,T,G,Y,I,Q,T,D,L,R,G,M,I,P,Q,S,A,V,D,T,A,M,A,S,T,L,T,N,F,Y,G,D,L,R,K,A,L
Desmodus_rotundus,M,E,G,L,P,D,A,A,A,F,A,T,K,L,K,N,T,L,I,Q,Y,H,S,I,E,D,D,M,W,R,V,A,K,K,T,R,D,V,T,I,W,R,K,P,S,E,E,F,N,G,Y,L,F,K,A,Q,G,V,V,D,D,V,V,S,S,V,M,D,H,I,C,P,G,P,C,R,L,D,W,D,S,L,M,T,S,L,D,I,L,E,H,S,E,E,N,C,C,V,M,R,Y,T,T,A,G,Q,L,W,D,I,I,S,P,R,E,F,V,D,F,S,Y,T,V,E,Y,Q,G,G,L,L,S,C,G,R,S,L,E,W,S,E,K,R,P,E,F,V,R,G,Y,N,H,P,C,G,W,F,C,V,P,L,K,D,S,A,D,Q,S,L,L,T,G,Y,I,Q,T,D,L,R,G,M,I,P,Q,S,A,V,D,T,A,M,A,S,T,L,I,N,F,Y,G,D,L,R,K,A,L
Eptesicus_fuscus,M,E,G,L,P,D,A,A,A,F,A,T,K,L,K,N,T,L,I,Q,Y,H,S,I,E,D,D,K,W,R,V,A,K,K,T,R,D,V,T,I,W,R,K,P,S,E,E,F,S,G,Y,L,-,-,-,-,-,-,-,-,-,-,-,-,-,-,-,-,-,-,-,-,-,-,-,-,-,-,-,-,-,-,-,-,-,-,-,-,-,-,-,-,-,-,N,C,C,V,M,R,Y,T,T,A,G,Q,L,W,N,I,I,A,P,R,E,F,V,D,F,S,Y,T,V,D,Y,N,G,G,L,L,S,C,G,I,S,L,D,W,S,E,K,R,A,E,F,V,R,G,Y,N,H,P,C,G,W,F,C,V,P,L,K,D,N,T,N,Q,S,L,L,T,G,Y,I,Q,T,D,L,R,G,M,I,P,Q,S,A,V,D,T,A,M,A,S,T,L,I,N,F,Y,G,D,L,Q,K,A,L
Hipposideros_armiger,M,E,A,L,P,D,T,S,A,F,A,A,K,L,Q,N,T,L,I,Q,Y,H,S,I,E,D,D,K,W,R,V,A,K,K,M,K,D,V,T,I,W,R,K,P,S,E,E,F,N,G,H,L,F,K,A,Q,G,V,I,D,D,F,V,N,A,V,I,D,H,I,R,P,G,P,C,R,L,D,W,D,S,L,M,T,S,M,D,I,L,E,H,F,E,E,N,C,C,V,M,R,Y,T,T,A,G,Q,L,W,N,I,I,S,P,R,E,F,V,D,F,S,Y,T,V,G,Y,N,E,G,L,L,S,C,G,V,S,L,D,W,S,E,K,K,P,E,F,V,R,G,Y,N,H,P,C,G,W,F,C,V,P,L,K,D,N,A,K,Q,S,L,L,T,G,Y,I,Q,T,D,L,R,G,M,I,P,Q,S,A,V,D,T,A,M,A,S,T,L,I,N,F,Y,G,D,L,R,K,A,L
Miniopterus_natalensis,M,E,G,L,P,D,A,A,A,F,A,T,K,L,K,N,T,L,I,Q,Y,H,S,T,E,D,D,K,W,R,V,A,K,K,T,R,D,V,T,I,W,R,K,P,S,E,E,F,N,G,Y,L,F,K,A,Q,G,V,I,D,D,S,V,N,G,I,M,D,H,I,C,P,G,P,C,R,L,D,W,D,S,L,M,T,S,L,D,I,L,K,Q,F,E,E,N,C,C,V,M,R,Y,T,T,A,G,Q,L,W,N,I,I,S,P,R,E,F,V,D,F,S,Y,T,V,D,Y,K,E,G,L,L,S,C,G,V,S,L,D,W,S,E,K,R,A,D,F,V,R,G,Y,N,H,P,C,G,W,F,C,V,P,L,K,D,N,A,N,Q,S,L,L,T,G,Y,I,Q,T,D,L,R,G,M,I,P,Q,S,A,V,D,T,A,M,A,S,T,L,I,N,F,Y,G,D,L,R,K,A,L
Molossus_molossus,M,E,G,L,P,D,A,A,D,F,A,T,K,L,K,N,T,L,I,Q,Y,H,S,I,E,D,D,M,W,R,V,A,K,K,T,R,D,V,T,I,W,R,K,P,S,E,E,F,N,G,Y,L,F,K,A,Q,G,V,I,D,D,V,V,S,S,V,M,D,H,I,R,P,G,P,C,R,L,D,W,D,R,L,M,T,S,L,D,I,L,E,H,F,E,E,N,C,C,V,M,R,Y,T,T,A,G,Q,L,W,N,I,I,S,P,R,E,F,V,D,F,S,Y,T,V,D,Y,K,G,G,L,L,S,C,G,V,S,L,D,W,S,E,K,R,A,E,F,V,R,G,Y,N,H,P,C,G,W,F,C,V,P,L,K,D,N,A,N,Q,S,L,L,T,G,Y,I,Q,T,D,L,H,G,M,I,P,Q,S,A,V,D,T,A,M,A,S,T,L,I,N,F,Y,G,D,L,R,K,A,L
Myotis_brandtii,M,E,G,L,P,D,A,A,A,F,A,T,K,L,K,N,T,L,I,Q,Y,H,S,I,E,E,D,K,W,R,V,A,K,K,T,R,D,V,T,I,W,R,K,P,S,E,E,F,N,G,Y,L,F,K,A,Q,G,I,I,D,G,V,V,N,D,I,M,D,H,I,R,P,G,P,C,R,L,D,W,D,S,L,M,T,S,L,D,I,L,E,N,F,E,E,N,C,C,V,M,R,Y,T,T,A,G,Q,L,W,N,I,I,S,P,R,E,F,V,D,F,S,Y,T,V,D,Y,N,G,G,L,L,S,C,G,I,S,L,D,W,S,E,K,R,A,E,F,V,R,G,Y,N,H,P,C,G,W,F,C,V,P,L,K,D,N,T,N,Q,S,L,L,T,G,Y,I,Q,T,D,L,R,G,M,I,P,Q,S,A,V,D,T,A,M,A,S,T,L,I,N,F,Y,G,D,L,Q,K,A,L
Myotis_davidii,M,E,G,L,P,D,A,A,A,F,A,T,K,L,K,N,T,L,I,Q,Y,H,S,I,E,D,D,K,W,R,V,A,K,K,T,R,D,V,T,I,W,R,K,P,S,E,E,F,N,G,Y,L,F,K,A,Q,G,I,I,D,G,V,V,N,D,I,M,D,H,I,R,P,G,P,C,R,L,D,W,D,S,L,M,T,S,L,D,I,L,E,N,F,E,E,N,C,C,V,M,R,Y,T,T,A,G,Q,L,W,N,I,I,S,P,R,E,F,V,D,F,S,Y,T,V,D,Y,N,G,G,L,L,S,C,G,V,S,L,D,W,S,E,K,R,A,E,F,V,R,G,Y,N,H,P,C,G,W,F,C,V,P,L,K,D,N,T,N,Q,S,L,L,T,G,Y,I,Q,T,D,L,R,G,M,I,P,Q,S,A,V,D,T,A,M,A,S,T,L,I,N,F,Y,G,D,L,Q,K,A,L
Myotis_lucifugus,M,E,G,L,P,D,A,A,A,F,A,T,K,L,K,N,T,L,I,Q,Y,H,S,I,E,E,D,K,W,R,V,A,K,K,T,R,D,V,T,I,W,R,K,P,S,E,E,F,N,G,Y,L,F,K,A,Q,G,I,I,D,G,V,V,N,D,I,M,D,H,I,R,P,G,P,C,R,L,D,W,D,S,L,M,T,S,L,D,I,L,E,N,F,E,E,N,C,C,V,M,R,Y,T,T,A,G,Q,L,W,N,I,I,S,P,R,E,F,V,D,F,S,Y,T,V,D,Y,N,G,G,L,L,S,C,G,I,S,L,D,W,S,E,K,R,A,E,F,V,R,G,Y,N,H,P,C,G,W,F,C,V,P,L,K,D,N,T,N,Q,S,L,L,T,G,Y,I,Q,T,D,L,R,G,M,I,P,Q,S,A,V,D,T,A,M,A,S,T,L,V,N,F,Y,G,D,L,Q,K,A,L
Myotis_myotis,M,E,G,L,P,D,A,A,A,F,A,T,K,L,K,N,T,L,I,Q,Y,H,S,I,E,D,D,K,W,R,V,A,K,K,T,R,N,V,T,I,W,R,K,P,S,E,E,F,N,G,Y,L,F,K,A,Q,G,I,I,D,G,V,V,N,D,I,M,D,H,I,R,P,G,P,C,R,L,D,W,D,S,L,M,T,S,L,D,I,L,E,N,F,E,E,N,C,C,V,M,R,Y,T,T,A,G,Q,L,W,N,I,I,S,P,R,E,F,V,D,F,S,Y,T,V,D,Y,N,G,G,L,L,S,C,G,V,S,L,D,W,S,E,K,R,A,E,F,V,R,G,Y,N,H,P,C,G,W,F,C,V,P,L,K,D,N,T,N,Q,S,L,L,T,G,Y,I,Q,T,D,L,R,G,M,I,P,Q,S,A,V,D,T,A,M,A,S,T,L,I,N,F,Y,G,D,L,Q,K,A,L
Phyllostomus_discolor,M,E,G,L,P,D,A,A,A,F,A,T,K,L,K,N,T,L,I,Q,Y,H,S,I,E,D,D,L,W,R,V,A,K,K,T,R,D,V,T,I,W,R,K,P,S,E,E,F,N,G,Y,L,F,K,A,Q,G,V,I,D,D,V,V,N,S,V,M,D,H,I,C,P,G,P,C,R,L,D,W,D,S,L,M,T,S,L,D,I,L,E,H,F,E,E,N,C,C,V,M,R,Y,T,T,A,G,Q,L,W,N,I,I,S,P,R,E,F,V,D,F,S,Y,T,V,D,Y,Q,G,G,L,L,S,C,G,R,S,L,E,W,S,E,K,R,P,E,F,V,R,G,Y,N,H,P,C,G,W,F,C,V,P,L,K,D,S,A,H,Q,S,L,L,T,G,Y,I,Q,T,D,L,R,G,M,I,P,Q,S,A,V,D,T,A,M,A,S,T,L,I,N,F,Y,G,D,L,R,K,A,L
Phyllostomus_hastatus,M,E,G,L,P,D,A,A,A,F,A,T,K,L,K,N,T,L,I,Q,Y,H,S,I,E,D,D,L,W,R,V,A,K,K,T,R,D,V,T,I,W,R,K,P,S,E,E,F,N,G,Y,L,F,K,A,Q,G,V,I,D,D,V,V,N,S,V,M,D,H,I,C,P,G,P,C,R,L,D,W,D,S,L,M,T,S,L,D,I,L,E,H,F,E,E,N,C,C,V,M,R,Y,T,T,A,G,Q,L,W,N,I,I,S,P,R,E,F,V,D,F,S,Y,T,V,D,Y,Q,G,G,L,L,S,C,G,R,S,L,E,W,S,E,K,R,P,E,F,V,R,G,Y,N,H,P,C,G,W,F,C,V,P,L,K,D,S,A,H,Q,S,L,L,T,G,Y,I,Q,T,D,L,R,G,M,I,P,Q,S,A,V,D,T,A,M,A,S,T,L,I,N,F,Y,G,D,L,R,K,A,L
Pipistrellus_kuhlii,M,E,G,L,P,D,A,A,A,F,A,T,K,L,K,N,T,L,I,Q,Y,H,S,I,E,E,D,K,W,R,V,A,K,K,T,R,D,V,T,I,W,R,K,P,S,E,E,F,N,G,Y,L,F,K,A,Q,G,I,I,D,G,V,V,N,D,I,M,D,H,I,R,P,G,P,C,R,L,D,W,D,S,L,M,T,S,L,D,I,L,E,N,F,E,E,N,C,C,V,M,R,Y,T,T,A,G,Q,L,W,N,I,I,S,P,R,E,F,V,D,F,S,Y,T,V,D,Y,N,G,G,L,L,S,C,G,I,S,L,D,W,S,E,K,R,A,A,F,V,R,G,Y,N,H,P,C,G,W,F,C,V,P,L,T,D,N,A,N,Q,S,L,L,T,G,Y,I,Q,T,D,L,R,G,M,I,P,Q,S,A,V,D,T,A,M,A,S,T,L,I,N,F,Y,G,D,L,Q,K,A,L
Rhinolophus_ferrumequinum,M,E,A,L,P,D,A,T,A,F,A,T,K,V,Q,N,T,L,I,Q,Y,H,S,I,D,D,D,K,W,R,V,A,K,K,T,K,D,V,T,I,W,R,K,P,S,E,E,F,N,G,Y,L,F,K,A,Q,G,V,I,D,D,N,V,N,S,V,I,D,H,I,L,P,G,P,C,R,L,D,W,D,S,L,M,T,S,M,D,I,L,K,Q,F,E,E,N,C,C,V,L,R,Y,T,T,A,G,Q,L,W,N,I,V,S,P,R,E,F,V,D,L,S,Y,T,V,A,Y,E,E,G,L,L,S,C,G,V,S,L,D,W,G,E,K,K,P,E,F,V,R,G,Y,N,H,P,C,G,W,F,C,V,P,L,K,D,N,A,K,Q,S,L,L,T,G,Y,I,Q,T,D,L,R,G,M,L,P,Q,S,A,V,D,T,A,M,A,S,T,L,I,N,F,F,G,D,L,R,K,A,L
Sorex_araneus,M,E,E,L,S,D,V,D,A,F,A,T,R,L,K,N,T,L,I,Q,Y,H,G,I,E,D,D,N,W,R,M,V,K,K,M,K,D,V,I,V,W,R,K,P,S,E,E,F,N,G,Y,L,F,K,A,Q,G,I,I,N,D,T,V,N,A,V,I,D,H,I,R,P,G,P,C,R,L,D,W,D,S,L,M,T,S,L,D,I,L,E,Q,F,E,E,N,C,C,V,M,R,Y,T,T,A,G,Q,L,W,N,I,I,S,P,R,E,F,V,D,F,S,Y,T,I,G,Y,K,E,G,L,L,S,C,G,I,S,L,D,W,N,E,K,R,P,E,F,V,R,G,Y,N,H,P,C,G,W,F,C,V,P,L,K,D,N,P,N,Q,S,V,L,T,G,Y,I,Q,T,D,L,R,G,M,I,P,Q,S,A,V,D,T,A,M,A,S,T,L,I,N,F,Y,G,D,L,R,K,I,L
Sturnira_hondurensis,M,E,G,L,P,D,A,A,A,F,A,T,K,L,K,N,T,L,I,Q,Y,H,S,I,E,D,D,V,W,R,V,A,K,K,T,R,D,V,T,I,W,R,K,P,S,E,E,F,N,G,Y,L,F,K,A,Q,G,V,I,D,D,V,V,N,A,V,M,D,H,I,C,P,G,P,C,R,L,D,W,D,S,L,M,T,S,L,D,I,L,E,H,F,E,E,N,C,C,V,M,R,Y,T,T,A,G,Q,L,W,N,I,I,S,P,R,E,F,V,D,F,S,Y,T,V,D,Y,Q,G,G,L,L,S,C,G,R,S,L,E,W,S,E,K,R,P,E,F,V,R,G,Y,N,H,P,C,G,W,F,C,V,P,L,K,E,S,A,H,Q,S,L,L,T,G,Y,I,Q,T,D,L,R,G,M,I,P,Q,S,A,V,D,T,A,M,A,S,T,L,I,N,F,Y,G,D,L,R,K,A,L
Pteropus_alecto,M,E,G,L,P,D,A,A,A,F,A,T,K,L,K,N,T,L,I,Q,Y,H,I,I,E,D,D,K,W,R,V,A,K,K,T,K,D,V,T,I,W,R,K,P,S,E,E,F,N,G,Y,L,F,K,A,Q,G,V,I,D,D,V,V,N,S,I,I,D,H,I,R,P,G,P,C,R,L,D,W,D,S,L,M,T,S,M,D,I,L,E,H,F,E,E,N,C,C,V,M,R,Y,T,T,A,S,Q,L,W,N,I,I,S,P,R,E,F,V,D,F,S,Y,T,V,G,H,K,E,G,L,L,S,C,G,I,S,L,D,W,N,E,K,R,P,E,F,V,R,G,Y,N,H,P,C,G,W,F,C,V,P,L,K,D,N,A,N,Q,S,L,L,T,G,Y,I,Q,T,D,L,R,G,M,I,P,Q,S,A,V,D,T,A,M,A,S,T,L,I,N,F,Y,G,D,L,R,K,A,L
Pteropus_giganteus,M,E,G,L,S,D,A,A,A,F,A,T,K,L,K,N,T,L,I,Q,Y,H,T,I,E,D,D,K,W,R,V,A,K,K,T,K,D,V,T,I,W,R,K,P,S,E,E,F,N,G,Y,L,F,K,A,Q,G,V,I,D,D,V,V,N,S,I,I,D,H,I,R,P,G,P,C,R,L,D,W,D,S,L,M,T,S,M,D,I,L,E,H,F,E,E,N,C,C,V,M,R,Y,T,T,A,S,Q,L,W,N,I,I,S,P,R,E,F,V,D,F,S,Y,T,V,G,H,K,E,G,L,L,S,C,G,I,S,L,D,W,N,E,K,R,P,E,F,V,R,G,Y,N,H,P,C,G,W,F,C,V,P,L,K,D,N,A,N,Q,S,L,L,T,G,Y,I,Q,T,D,L,R,G,M,I,P,Q,S,A,V,D,T,A,M,A,S,T,L,I,N,F,Y,G,D,L,R,K,A,L
Pteropus_vampyrus,M,E,G,L,S,D,A,A,A,F,A,T,K,L,K,N,T,L,I,Q,Y,H,T,I,E,D,D,K,W,R,V,A,K,K,T,K,D,V,T,I,W,R,K,P,S,E,E,F,N,G,Y,L,F,K,A,Q,G,V,I,D,D,V,V,N,S,I,I,D,H,I,R,P,G,P,C,R,L,D,W,D,S,L,M,T,S,M,D,I,L,E,H,F,E,E,N,C,C,V,M,R,Y,T,T,A,S,Q,L,W,N,I,I,S,P,R,E,F,V,D,F,S,Y,T,V,G,H,K,E,G,L,L,S,C,G,I,S,L,D,W,N,E,K,R,P,E,F,V,R,G,Y,N,H,P,C,G,W,F,C,V,P,L,K,D,N,A,N,Q,S,L,L,T,G,Y,I,Q,T,D,L,R,G,M,I,P,Q,S,A,V,D,T,A,M,A,S,T,L,I,N,F,Y,G,D,L,R,K,A,L
Rousettus_aegyptiacus,M,E,G,L,T,D,T,A,A,F,A,T,K,L,K,N,T,L,I,Q,Y,H,T,I,E,D,D,K,W,R,V,A,K,K,T,K,D,V,T,I,W,R,K,P,S,E,E,F,N,G,Y,L,F,K,A,Q,G,V,I,D,D,V,V,N,S,I,I,D,H,I,R,P,G,P,C,R,L,D,W,D,S,L,M,T,S,M,D,I,L,E,H,F,E,E,N,C,C,V,M,R,Y,T,T,A,S,Q,L,W,N,I,I,S,P,R,E,F,V,D,F,S,Y,T,V,G,H,K,E,G,L,L,S,C,G,I,S,L,D,W,S,E,K,R,P,E,F,V,R,G,Y,N,H,P,C,G,W,F,C,V,P,L,K,D,N,A,N,Q,S,L,L,T,G,Y,I,Q,T,D,L,R,G,M,I,P,Q,S,A,V,D,T,A,M,A,S,T,L,I,N,F,Y,E,D,L,R,R,A,L
Ailuropoda_melanoleuca,M,E,G,L,P,D,A,A,A,F,A,T,R,L,K,N,T,L,I,Q,Y,H,S,I,E,D,D,E,W,R,I,A,K,K,T,K,D,V,T,I,W,R,K,P,S,E,E,F,N,G,Y,L,F,L,V,-,-,-,-,-,-,-,-,-,-,-,-,-,-,-,-,-,-,-,-,-,-,-,-,-,-,-,-,-,-,-,-,-,-,-,-,-,-,-,-,-,-,-,-,-,-,-,-,-,-,-,-,-,-,-,-,-,-,-,-,-,-,-,-,-,-,-,-,-,-,-,-,-,-,-,-,-,G,L,S,V,D,W,S,E,K,R,P,E,F,I,R,G,Y,N,H,P,C,G,W,F,C,V,P,V,K,D,S,P,Y,Q,S,L,L,T,G,Y,I,Q,T,D,L,R,G,M,I,P,Q,S,A,V,D,T,A,M,A,S,T,L,I,N,F,Y,G,D,L,Q,K,A,L
Antechinus_flavipes,M,E,T,L,T,D,A,P,F,L,A,T,K,V,K,N,T,L,C,Q,Y,H,S,I,K,D,D,K,W,R,I,A,K,K,T,K,D,V,T,V,W,R,K,P,S,E,E,F,S,G,Y,L,Y,K,A,Q,G,V,M,E,D,S,T,N,N,I,I,D,Y,I,R,P,G,P,R,R,L,H,W,D,S,L,I,T,S,L,D,I,I,E,Q,F,E,E,N,C,C,V,V,R,Y,T,T,A,G,Q,L,F,N,L,I,A,P,R,E,F,V,D,F,S,Y,T,T,Q,Y,E,E,G,L,I,S,C,G,I,S,V,H,Y,E,E,V,T,P,Q,F,V,R,A,Y,N,H,P,C,G,W,F,C,V,P,L,K,D,S,P,D,Q,S,L,L,T,G,Y,I,Q,T,D,L,R,G,M,L,P,Q,S,A,V,D,T,A,M,A,S,T,L,V,N,F,F,G,D,L,R,K,V,L
Aotus_nancymaae,M,E,G,L,S,D,V,A,S,L,A,T,K,L,K,N,T,L,I,Q,Y,H,S,I,E,E,D,K,W,R,V,A,K,K,T,K,D,V,T,V,W,R,K,P,S,E,E,F,N,G,Y,L,Y,K,A,Q,G,V,I,E,D,L,V,N,S,I,I,D,H,I,R,P,G,P,C,R,L,D,W,D,S,L,M,T,S,L,D,I,L,E,N,F,E,E,N,C,C,V,M,R,Y,T,T,A,G,Q,L,W,N,I,I,S,P,R,E,F,V,D,F,S,Y,T,V,G,Y,K,E,G,L,L,S,C,G,V,S,L,D,W,D,E,K,R,P,E,F,V,R,G,Y,N,H,P,C,G,W,F,C,V,P,L,K,D,N,P,N,Q,S,L,L,T,G,Y,I,Q,T,D,L,R,G,M,I,P,Q,S,A,V,D,T,A,M,A,S,T,L,T,N,F,Y,G,D,L,R,K,A,L
Apodemus_sylvaticus,-,-,G,L,S,D,V,A,S,I,S,T,K,L,Q,N,T,L,I,Q,Y,H,S,I,D,E,D,Q,W,R,V,A,K,K,V,K,D,V,T,V,W,R,K,P,S,E,E,F,N,G,Y,L,Y,K,A,Q,G,V,M,D,D,V,V,N,S,V,I,D,Y,I,R,P,G,P,W,R,L,D,W,D,R,L,M,T,S,L,D,I,L,E,H,F,E,E,N,C,C,V,M,R,Y,T,T,A,G,Q,L,L,N,I,I,S,P,R,E,F,V,D,F,S,Y,T,V,G,Y,E,E,G,L,L,S,C,G,V,S,V,E,W,G,E,T,R,P,E,F,V,R,G,Y,N,H,P,C,G,W,F,C,V,P,L,K,D,S,P,N,Q,S,L,L,T,G,Y,I,Q,T,D,L,R,G,M,L,P,Q,S,A,V,D,T,A,M,A,G,T,L,T,N,F,Y,G,D,L,R,K,A,L
Arvicola_amphibius,M,E,G,L,T,D,V,A,S,F,S,T,K,L,Q,N,T,L,I,Q,Y,H,N,I,E,E,D,K,W,R,V,A,K,K,M,K,D,V,T,V,W,R,K,P,S,E,E,F,N,G,Y,L,Y,K,A,Q,G,V,M,D,D,I,V,N,N,V,I,D,H,I,R,P,G,P,W,R,L,D,W,D,R,L,M,T,S,L,D,I,L,E,H,F,E,E,N,C,C,V,M,R,Y,T,T,A,G,Q,L,L,N,I,I,S,P,R,E,F,V,D,F,S,Y,T,V,G,Y,E,E,G,L,L,S,C,G,V,S,L,D,W,S,E,T,R,P,E,F,V,R,G,Y,N,H,P,C,G,W,F,C,V,P,L,K,D,N,P,N,Q,S,L,L,T,G,Y,I,Q,T,D,L,R,G,M,I,P,Q,S,A,V,D,T,A,M,A,S,T,L,T,N,F,Y,G,D,L,R,K,A,L
Callorhinus_ursinus,M,E,G,L,P,D,A,A,A,F,A,A,K,L,K,N,T,L,I,Q,Y,H,S,I,E,D,D,K,W,R,V,A,K,K,T,K,D,V,T,I,W,R,K,P,S,E,E,F,N,G,Y,L,F,K,A,Q,G,A,I,D,D,S,V,N,S,V,I,D,H,I,R,P,G,P,C,R,L,D,W,D,S,L,M,T,S,M,D,I,L,E,H,F,E,E,N,C,C,V,I,R,Y,T,T,A,G,Q,L,W,N,I,I,S,P,R,E,F,V,D,F,S,Y,T,V,G,Y,E,E,G,L,L,S,C,G,L,S,V,D,W,N,E,K,R,P,E,F,I,R,G,Y,N,H,P,C,G,W,F,C,V,R,H,K,D,N,P,H,Q,S,L,L,T,G,Y,I,Q,T,D,L,R,G,M,I,P,Q,S,A,V,D,T,A,M,A,S,T,L,V,N,F,Y,G,D,L,Q,K,A,L
Canis_lupus_dingo,M,E,G,L,P,D,A,A,A,F,A,T,R,L,K,N,T,L,I,Q,Y,H,S,I,E,D,D,K,W,R,V,A,K,K,V,K,D,V,T,I,W,R,K,P,S,E,E,F,N,G,Y,L,F,K,A,Q,G,V,I,D,D,I,V,N,S,V,I,D,H,I,R,P,G,P,Y,R,L,D,W,D,S,L,M,T,S,M,D,I,L,E,H,F,E,E,N,C,C,V,M,R,Y,T,T,A,G,Q,L,W,N,I,I,S,P,R,E,F,V,D,F,S,Y,T,V,D,Y,E,D,G,L,L,S,C,G,L,S,V,D,W,S,E,Q,R,P,E,F,I,R,G,F,N,H,P,C,G,W,F,C,V,P,R,K,D,N,P,Q,Q,S,L,L,T,G,Y,I,Q,T,D,L,R,G,M,I,P,Q,S,A,V,D,T,A,M,A,S,T,L,I,S,F,Y,V,D,L,R,K,A,L
Carlito_syrichta,M,E,S,L,P,D,A,A,S,F,A,T,K,L,K,N,T,L,I,Q,Y,H,S,I,E,E,D,K,W,R,I,A,K,K,K,K,D,V,T,V,W,R,K,P,S,E,E,F,N,G,Y,L,Y,K,A,Q,G,V,I,N,D,S,V,N,S,I,I,D,H,I,R,P,G,P,C,R,V,D,W,D,S,L,M,T,S,L,D,I,L,E,H,L,E,E,N,C,C,V,M,R,Y,T,T,A,G,Q,L,W,N,I,I,S,P,R,E,F,V,D,F,S,Y,T,V,G,Y,K,D,G,L,L,S,C,G,I,S,L,D,W,S,E,K,R,P,E,F,V,R,G,Y,N,H,P,C,G,W,F,C,V,P,L,K,D,N,S,D,Q,S,V,L,T,G,Y,I,Q,T,D,L,R,G,I,I,P,Q,S,A,V,D,T,A,M,A,S,T,L,I,N,F,Y,G,D,L,R,K,A,L
Castor_canadensis,M,E,G,L,P,D,V,A,S,F,S,T,K,L,K,N,T,L,L,Q,Y,H,S,I,E,D,D,K,W,R,V,T,K,K,M,K,D,V,T,V,W,R,K,P,S,E,E,F,N,G,Y,L,Y,K,A,Q,G,V,V,D,D,T,V,N,S,V,I,D,H,I,R,P,G,P,W,R,L,D,W,D,R,L,M,T,S,L,D,I,V,E,H,F,E,E,N,C,C,V,M,R,Y,T,T,A,G,Q,L,W,N,I,I,S,P,R,E,F,V,D,F,S,Y,T,V,A,Y,E,E,G,L,L,S,C,G,I,S,L,D,W,S,E,K,R,P,E,F,V,R,G,Y,N,H,P,C,G,W,F,C,V,P,L,K,D,N,P,K,Q,S,L,L,T,G,Y,I,Q,T,D,L,R,G,M,I,P,Q,S,A,V,D,T,A,M,A,S,T,L,T,N,F,Y,V,D,L,R,K,A,L
Cavia_porcellus,M,E,D,V,P,D,I,A,S,F,S,S,K,L,K,N,T,L,I,L,Y,H,N,I,E,D,E,K,W,R,V,A,K,K,T,R,D,V,T,V,W,R,K,P,S,E,E,F,N,G,Y,L,Y,K,A,Q,G,V,V,D,D,V,V,N,A,I,I,D,H,I,R,P,G,P,F,R,L,D,W,D,R,L,M,T,S,L,D,I,L,K,H,L,E,E,N,S,C,V,M,R,Y,T,T,A,G,Q,L,W,D,L,I,S,P,R,E,F,I,D,F,S,Y,T,V,D,Y,K,E,G,L,L,S,C,G,V,S,V,D,W,S,E,K,R,P,E,F,V,R,G,F,N,H,P,C,G,W,F,C,V,P,L,K,D,N,P,N,Q,S,L,L,T,G,Y,I,Q,T,D,L,R,G,M,I,P,Q,S,A,V,D,T,A,M,A,S,T,L,T,N,F,Y,G,D,L,R,K,A,L
Cervus_elaphus_hippelaphus,-,-,-,-,-,-,-,-,-,-,-,-,-,-,-,-,-,-,-,-,-,-,-,-,-,-,-,-,-,-,-,-,-,-,-,-,-,-,-,-,-,-,-,-,-,-,-,-,-,-,-,-,-,-,-,-,-,-,-,-,-,-,-,-,-,-,-,-,-,-,-,-,-,-,-,-,-,-,-,-,-,-,-,-,-,-,-,-,-,-,-,-,-,-,-,-,-,-,-,-,-,-,-,-,-,-,-,-,-,-,-,-,-,-,-,-,-,-,-,-,-,-,-,-,-,-,-,-,-,-,-,-,-,-,-,-,-,-,-,-,-,-,-,-,-,-,-,-,-,-,-,-,-,-,-,-,-,-,-,-,-,-,-,-,-,-,-,-,-,-,-,-,-,-,-,-,-,-,-,-,-,-,-,-,-,-,-,-,-,-,-,-,-,-,-,-,-,-,-,-,-,-,-,-,-
Chinchilla_lanigera,M,E,H,L,P,D,V,A,S,F,S,T,K,L,K,N,T,L,I,L,Y,H,N,I,E,D,D,K,W,R,V,A,K,K,T,K,D,V,T,V,W,R,K,P,S,E,E,F,N,G,Y,L,Y,K,A,Q,G,V,V,D,D,D,V,N,T,I,I,D,H,I,R,P,G,P,F,R,L,D,W,D,R,L,M,T,S,L,D,I,L,K,Q,F,E,E,N,C,C,V,M,R,Y,T,T,A,G,Q,L,W,D,I,I,S,P,R,E,F,V,D,F,S,Y,T,V,A,Y,K,E,G,L,L,S,C,G,I,S,L,D,W,S,E,K,R,P,E,F,V,R,G,F,N,H,P,C,G,W,F,C,V,P,L,K,D,S,P,N,Q,S,V,L,T,G,Y,I,Q,T,D,L,R,G,M,I,P,Q,S,A,V,D,T,A,M,A,S,T,L,T,N,F,Y,G,D,L,R,K,A,L
Choloepus_didactylus,M,E,N,L,S,D,A,A,A,F,A,T,E,L,K,N,T,L,I,H,Y,H,S,I,E,D,D,K,W,R,V,A,K,E,V,K,D,V,T,V,W,K,I,P,S,E,E,F,S,G,Y,L,Y,K,A,Q,G,V,I,D,D,I,V,N,S,I,I,D,H,I,R,P,G,P,C,R,L,Y,W,D,S,L,M,T,S,M,D,I,L,E,H,F,E,E,N,C,C,V,M,R,Y,T,T,A,G,Q,L,F,N,I,I,S,P,R,E,F,V,D,F,S,Y,T,V,G,Y,K,E,G,L,L,S,C,G,V,S,L,D,W,N,E,K,R,P,E,F,V,R,G,Y,N,H,P,C,G,W,F,C,V,P,L,K,D,S,P,N,Q,S,L,L,T,G,Y,I,Q,T,D,L,R,G,M,I,P,Q,S,A,V,D,T,A,M,A,G,T,L,T,N,F,Y,G,D,L,R,K,A,L
Cricetulus_griseus,M,E,S,L,S,D,V,A,S,F,S,T,K,L,Q,N,T,L,I,Q,Y,H,S,I,E,E,D,K,W,R,V,A,K,K,M,K,D,V,T,V,W,R,K,P,S,E,E,F,S,G,Y,L,Y,K,A,Q,G,V,M,D,D,V,V,N,S,V,I,D,H,I,R,P,G,P,W,R,L,D,W,D,R,L,M,T,S,L,D,I,L,E,H,F,E,E,N,C,C,V,M,R,Y,T,T,A,G,Q,L,L,N,I,I,S,P,R,E,F,V,D,F,S,Y,T,V,G,Y,E,E,G,L,L,S,C,G,V,S,L,D,W,S,E,T,R,P,E,F,V,R,G,Y,N,Y,P,W,G,W,V,C,V,P,V,K,D,N,P,S,Q,S,L,L,T,G,Y,I,Q,T,D,L,R,G,M,I,P,Q,S,A,V,D,T,A,M,A,S,T,L,T,N,F,Y,G,D,L,R,K,A,L
Dasypus_novemcinctus,M,E,R,L,P,D,A,A,A,F,A,T,K,L,K,N,T,L,I,Q,Y,H,S,I,E,D,D,K,W,R,V,A,K,K,V,K,D,V,T,V,W,K,K,P,S,E,E,F,C,G,Y,L,Y,K,A,Q,G,I,I,D,D,A,V,N,N,V,I,D,H,I,R,P,G,P,C,R,L,D,W,D,R,L,M,T,S,L,D,I,L,E,H,F,E,E,N,C,C,V,M,R,Y,T,T,A,G,Q,L,L,N,I,I,S,P,R,E,F,V,D,F,S,Y,T,V,G,Y,K,E,G,L,L,S,C,G,I,S,L,D,W,S,E,K,R,P,E,F,V,R,G,Y,N,H,P,C,G,W,F,C,V,P,L,K,D,S,P,N,Q,S,L,L,T,G,Y,I,Q,T,D,L,R,G,M,I,P,Q,S,A,V,D,T,A,M,A,S,T,L,T,N,F,Y,G,D,L,R,K,V,L
Dipodomys_ordii,M,E,S,L,S,D,V,A,A,F,S,T,K,L,K,N,T,L,I,Q,Y,H,S,I,E,D,D,Q,W,R,I,A,K,K,A,K,D,V,T,V,W,R,K,P,S,E,E,F,N,G,Y,L,Y,K,A,Q,G,V,I,D,D,I,V,N,N,V,I,D,H,I,R,P,G,P,W,R,L,D,W,D,R,L,M,T,S,L,D,V,L,E,R,F,E,E,N,S,C,V,M,R,Y,T,T,A,G,Q,L,L,N,I,I,S,P,R,E,F,V,D,F,S,Y,T,V,G,Y,E,E,G,L,L,S,C,G,V,S,V,D,W,S,E,K,R,P,E,F,V,R,G,Y,N,H,P,C,G,W,F,C,V,P,L,K,D,S,P,S,Q,S,V,L,T,G,Y,I,Q,T,D,L,R,G,M,I,P,Q,S,A,V,D,T,A,M,A,S,T,L,A,N,F,Y,T,D,L,R,K,A,L
Dipodomys_spectabilis,M,E,S,L,S,D,V,A,A,F,S,T,K,L,K,N,T,L,I,Q,Y,H,S,I,E,D,D,Q,W,R,I,A,K,K,A,K,D,V,T,V,W,R,K,P,S,E,E,F,N,G,Y,L,Y,K,A,Q,G,V,I,D,D,I,V,I,N,V,I,D,H,I,R,P,G,P,W,R,L,D,W,D,R,L,M,T,S,L,D,V,L,E,R,F,E,E,N,S,C,V,M,R,Y,T,T,A,G,Q,L,L,N,I,I,S,P,R,E,F,V,D,F,S,Y,T,V,G,Y,E,E,G,L,L,S,C,G,V,S,V,D,W,S,E,K,R,P,E,F,V,R,G,Y,N,H,P,C,G,W,F,C,V,P,L,K,D,S,P,S,Q,S,V,L,T,G,Y,I,Q,T,D,L,R,G,M,I,P,Q,S,A,V,D,T,A,M,A,S,T,L,A,N,F,Y,T,D,L,R,K,A,L
Dromiciops_gliroides,M,E,T,L,T,D,A,T,F,L,A,T,K,I,K,N,T,L,C,Q,Y,H,S,I,E,D,D,K,W,R,I,A,K,K,T,K,D,V,T,V,W,R,K,P,S,D,E,F,S,G,Y,L,Y,K,A,Q,G,V,M,E,D,V,T,N,N,V,I,D,Y,I,R,P,G,P,R,R,L,D,W,D,S,L,M,T,S,M,D,I,V,E,Q,F,E,E,N,C,C,V,M,R,Y,T,T,A,G,Q,L,W,N,L,I,A,P,R,E,F,I,D,F,S,Y,T,T,Q,Y,E,E,G,L,L,S,C,G,I,S,V,H,Y,E,E,M,R,P,D,F,V,R,G,Y,N,H,P,C,G,W,F,C,V,P,L,K,D,N,L,D,Q,S,L,L,T,G,Y,I,Q,T,D,L,R,G,M,L,P,Q,S,A,V,D,T,A,M,A,S,T,L,V,N,F,F,G,D,L,R,K,A,L
Elephantulus_edwardii,M,E,S,L,S,D,A,D,A,F,A,T,K,L,Q,N,T,L,I,Q,Y,H,S,I,D,D,D,K,W,R,V,A,K,K,M,K,D,V,T,V,W,R,K,P,S,E,E,F,S,G,Y,L,Y,K,A,Q,G,V,I,D,D,T,V,N,S,V,I,D,H,I,R,P,G,P,C,R,L,D,W,D,S,L,M,T,S,L,D,I,L,E,H,F,E,E,N,C,C,V,M,R,Y,T,T,A,G,Q,L,W,N,I,I,S,P,R,E,F,V,D,F,S,Y,T,V,G,Y,K,D,G,L,L,S,C,G,V,S,L,D,W,S,E,K,R,T,E,F,V,R,G,Y,N,H,P,C,G,W,F,C,V,P,L,K,D,N,P,N,Q,S,L,L,T,G,Y,I,Q,T,D,L,R,G,M,I,P,Q,S,A,V,D,T,A,M,A,S,T,L,V,N,F,Y,G,D,L,R,K,A,L
Equus_caballus,M,E,G,L,P,D,A,A,A,F,A,T,K,L,K,N,T,L,I,Q,Y,H,S,I,E,D,D,K,W,R,V,V,K,K,T,K,D,V,T,I,W,R,K,P,S,E,E,F,N,G,H,L,F,K,A,Q,G,V,I,D,D,V,V,N,S,V,I,D,H,I,R,P,G,P,C,R,L,D,W,D,S,L,M,T,S,L,D,I,L,E,H,F,E,E,N,C,C,V,M,R,Y,T,T,A,G,Q,L,L,N,I,I,S,P,R,E,F,V,D,F,S,Y,T,V,G,Y,K,E,G,L,L,S,C,G,I,S,L,D,W,S,E,K,R,P,E,F,V,R,G,Y,N,H,P,C,G,W,F,C,V,P,L,K,D,I,P,N,Q,S,L,L,T,G,Y,I,Q,T,D,L,R,G,M,I,P,Q,S,A,V,D,T,A,M,A,S,T,L,I,N,F,Y,G,D,L,R,K,V,L
Erinaceus_europaeus,M,E,G,L,S,D,V,A,A,F,A,I,R,L,K,N,T,L,I,Q,Y,H,S,I,E,E,D,K,W,R,V,A,K,K,M,K,D,V,T,I,W,R,K,P,S,E,E,F,N,G,Y,L,F,K,A,Q,G,I,I,D,D,T,V,N,S,V,I,D,H,I,R,P,G,P,C,R,L,D,W,D,S,L,M,T,S,M,D,I,L,E,Q,F,E,E,N,C,C,V,M,R,Y,T,T,A,G,Q,L,W,N,V,I,S,P,R,E,F,V,D,F,S,Y,T,V,G,Y,R,E,G,L,L,S,C,G,I,S,L,D,W,N,E,K,R,P,E,F,V,R,G,Y,N,H,P,C,G,W,F,C,V,P,L,K,D,N,P,S,Q,S,L,L,T,G,Y,I,Q,T,D,L,R,G,M,I,P,Q,S,A,V,D,T,A,M,A,S,T,L,V,N,F,Y,G,D,L,Q,K,T,L
Eumetopias_jubatus,M,E,G,L,P,D,A,A,A,F,A,A,K,L,K,N,T,L,I,Q,Y,H,S,I,E,D,D,K,W,R,V,A,K,K,T,K,D,V,T,I,W,R,K,P,S,E,E,F,N,G,Y,L,F,K,A,Q,G,A,I,D,D,S,V,N,S,V,I,D,H,I,R,P,G,P,C,R,L,D,W,D,S,L,M,T,S,M,D,I,L,E,H,F,E,E,N,C,C,V,I,R,Y,T,T,A,G,Q,L,W,N,I,I,S,P,R,E,F,V,D,F,S,Y,T,V,G,Y,E,E,G,L,L,S,C,G,L,S,V,D,W,S,E,K,R,P,E,F,I,R,G,Y,N,H,P,C,G,W,F,C,V,R,H,K,D,N,P,H,Q,S,L,L,T,G,Y,I,Q,T,D,L,R,G,M,I,P,Q,S,A,V,D,T,A,M,A,S,T,L,V,N,F,Y,G,D,L,Q,K,A,L
Felis_catus,M,E,G,L,P,D,A,A,V,F,A,T,R,L,K,N,T,L,I,Q,Y,H,S,I,E,D,D,K,W,R,V,A,K,K,M,K,D,V,T,I,W,R,K,P,S,E,E,F,N,G,Y,L,F,K,A,Q,G,V,I,D,D,I,V,N,S,V,I,D,H,I,R,P,G,P,C,R,L,D,W,D,S,L,M,T,S,M,D,I,L,E,H,F,E,E,N,C,C,V,M,R,Y,T,T,A,G,Q,L,W,N,I,I,S,P,R,E,F,V,D,F,S,Y,T,V,G,Y,E,E,G,L,L,S,C,G,V,S,L,D,W,S,E,K,R,P,E,F,I,R,G,Y,N,H,P,C,G,W,F,C,V,P,L,K,D,N,P,H,Q,S,L,L,T,G,Y,I,Q,T,D,L,R,G,M,I,P,Q,S,A,V,N,T,A,M,A,S,T,L,I,N,F,Y,G,D,L,Q,K,A,L
Fukomys_damarensis,M,E,V,L,P,D,V,V,S,F,S,T,K,L,K,N,T,L,I,L,Y,H,N,I,E,D,D,K,W,R,V,A,K,K,T,K,D,V,T,V,W,R,K,P,S,E,E,F,N,G,Y,L,Y,K,A,Q,G,V,V,D,D,V,V,N,A,I,I,D,H,I,R,P,G,P,F,R,L,D,W,D,R,L,M,T,S,L,D,I,L,K,H,F,E,E,N,C,C,V,M,R,Y,T,T,A,G,Q,L,W,D,I,I,S,P,R,E,F,V,D,F,S,Y,T,V,G,Y,K,E,G,L,L,S,C,G,I,S,L,D,W,N,E,K,R,P,E,F,V,R,G,F,N,H,P,C,G,W,F,C,V,P,L,K,D,T,P,N,Q,S,L,L,T,G,Y,I,Q,T,D,L,R,G,M,I,P,Q,S,A,V,D,T,A,M,A,S,T,L,T,N,F,Y,G,D,L,R,K,A,L
Galeopterus_variegatus,M,E,G,L,P,D,A,A,S,F,A,I,K,L,K,N,T,L,I,Q,Y,H,S,I,E,D,D,K,W,R,V,A,K,K,T,K,D,V,T,V,W,R,K,P,S,E,E,F,N,G,Y,L,Y,K,V,Q,G,V,V,D,D,I,V,N,S,I,I,D,H,I,R,P,G,P,C,R,L,D,W,D,S,L,M,T,S,M,D,I,L,E,Y,F,E,E,N,C,C,V,M,R,Y,T,T,A,G,Q,L,W,N,I,I,S,P,R,E,F,V,D,F,S,Y,T,V,G,Y,K,E,G,L,L,S,C,G,V,S,L,D,W,S,E,K,R,P,E,F,V,R,G,Y,N,H,P,C,G,W,F,C,V,P,L,Q,D,S,P,N,Q,S,L,L,T,G,Y,I,Q,T,D,L,R,G,M,I,P,H,S,A,V,D,T,A,M,A,S,T,L,T,T,F,Y,G,D,L,R,K,A,L
Gracilinanus_agilis,M,E,A,L,T,D,A,T,L,L,A,T,K,I,K,N,T,L,C,Q,Y,H,S,I,E,D,N,K,W,R,I,A,K,K,T,K,D,I,T,V,W,R,K,P,S,D,E,F,N,G,Y,L,Y,K,V,Q,G,V,I,E,D,V,T,N,N,I,I,D,C,I,R,P,G,P,R,R,L,D,W,D,S,L,M,T,S,M,D,I,I,E,Q,F,E,E,N,C,C,V,M,R,Y,T,T,A,G,Q,L,W,N,L,I,A,P,R,E,F,V,D,F,S,Y,T,T,Q,Y,E,E,G,L,L,S,C,G,I,S,L,H,Y,E,E,M,R,P,D,F,V,R,G,Y,N,H,P,C,G,W,F,C,V,P,L,Q,D,N,L,A,K,S,L,L,T,G,Y,I,Q,T,D,L,K,G,M,L,P,Q,S,A,V,D,T,A,M,A,S,T,L,V,N,F,F,G,D,L,R,K,T,L
Grammomys_surdaster,M,E,G,P,S,D,V,A,S,I,S,T,K,L,Q,N,T,L,I,Q,Y,H,S,I,E,D,D,H,W,R,V,A,K,K,V,K,D,V,T,V,W,R,K,P,S,E,E,F,N,G,Y,L,Y,K,A,Q,G,V,M,D,D,V,V,N,N,V,I,D,H,I,R,P,G,P,W,R,L,D,W,D,R,L,M,T,S,L,D,I,L,E,H,F,E,E,N,C,C,V,M,R,Y,T,T,A,G,Q,L,L,N,I,I,S,P,R,E,F,V,D,F,S,Y,T,V,G,Y,E,E,G,L,L,S,C,G,V,S,V,E,W,S,E,T,R,P,E,F,V,R,G,Y,N,H,P,C,G,W,F,C,V,P,L,K,D,N,P,N,Q,S,L,L,T,G,Y,I,Q,T,D,L,R,G,M,I,P,Q,S,A,V,D,T,A,M,A,S,T,L,A,N,F,Y,S,D,L,R,R,A,L
Heterocephalus_glaber,M,E,D,L,P,D,V,A,S,F,S,T,K,L,K,N,T,L,I,L,Y,H,N,M,E,D,D,K,W,R,V,A,K,K,T,K,D,V,T,V,W,R,K,P,S,E,E,F,N,G,Y,L,Y,K,A,Q,G,V,V,D,D,V,V,N,V,I,I,D,H,I,R,P,G,P,F,R,L,D,W,D,R,L,M,T,S,L,D,I,L,K,N,F,E,E,N,C,C,V,M,R,Y,T,T,A,G,Q,L,W,D,I,I,A,P,R,E,F,V,D,L,S,Y,T,V,G,Y,K,E,G,H,L,S,C,G,V,S,L,D,W,N,E,K,R,P,E,F,V,R,G,F,N,H,P,C,G,W,F,C,V,P,L,K,D,N,P,N,Q,S,L,L,T,G,Y,I,Q,T,D,L,R,G,M,I,P,Q,S,A,V,D,T,A,M,A,S,T,L,T,N,F,Y,G,D,L,R,K,S,L
Hyaena_hyaena,M,E,A,L,P,D,A,A,V,F,A,T,R,L,K,N,T,L,I,Q,Y,H,S,I,E,D,D,K,W,R,V,A,K,K,M,K,D,V,T,I,W,R,K,P,S,E,E,F,N,G,Y,L,F,K,A,Q,G,V,I,D,N,V,V,N,S,V,V,D,H,I,R,P,G,P,C,R,L,D,W,D,S,L,M,T,S,M,D,I,L,E,H,F,E,E,N,C,C,V,M,R,Y,T,T,A,G,Q,L,W,N,M,I,S,P,R,E,F,V,D,F,S,Y,T,V,D,Y,E,E,G,L,L,S,C,G,V,S,L,D,W,S,E,K,R,P,E,F,I,R,G,Y,N,H,P,C,G,W,F,C,V,P,L,K,D,N,P,H,Q,S,L,L,T,G,Y,I,Q,T,D,L,R,G,M,I,P,Q,S,A,V,N,T,A,M,A,S,T,L,T,N,F,Y,V,D,L,R,K,A,L
Jaculus_jaculus,M,E,G,L,L,D,V,A,S,F,S,T,K,L,Q,N,T,L,I,Q,Y,H,S,I,E,D,D,K,W,R,V,A,K,K,M,K,D,V,T,V,W,R,I,P,S,E,E,F,N,G,Y,L,Y,K,A,Q,G,V,I,D,D,I,F,S,R,V,I,D,H,I,R,P,G,P,W,R,L,D,W,D,R,L,M,T,S,L,D,I,L,E,H,F,E,E,N,C,C,V,M,R,Y,T,T,A,G,Q,L,W,N,I,I,S,P,R,E,F,V,D,F,S,Y,T,V,G,Y,E,E,G,L,L,S,C,G,I,S,L,D,W,S,E,K,R,T,E,F,V,R,G,Y,N,H,P,C,G,W,F,C,V,P,L,K,D,N,P,N,Q,S,L,L,T,G,Y,I,Q,T,D,L,R,G,M,I,P,Q,S,A,V,D,T,A,M,S,S,T,L,T,N,F,Y,G,D,L,R,K,A,L
Lemur_catta,M,E,G,L,P,D,V,T,S,F,A,T,K,L,K,N,T,L,I,Q,Y,H,N,I,E,D,D,K,W,Q,V,A,K,K,T,K,D,V,T,V,W,R,K,P,S,E,E,F,N,G,Y,L,Y,K,A,Q,G,V,I,D,D,I,V,N,S,V,I,D,H,I,R,P,G,P,C,R,L,D,W,D,S,L,M,T,S,L,D,I,L,E,H,L,E,E,N,C,C,V,M,R,Y,T,T,A,G,Q,L,W,N,I,I,S,P,R,E,F,I,D,F,S,Y,T,V,D,Y,K,E,G,L,L,S,C,G,V,S,L,D,W,S,E,K,R,P,E,F,V,R,G,Y,N,H,P,C,G,W,F,C,V,P,L,K,D,N,P,N,Q,S,L,L,T,G,Y,I,Q,T,D,L,R,G,M,I,P,Q,S,A,V,D,T,A,M,A,S,T,L,A,N,F,Y,G,D,L,R,K,A,L
Leptonychotes_weddellii,M,E,G,L,P,D,A,A,A,F,A,T,R,L,K,N,T,L,I,Q,Y,H,S,I,E,D,D,K,W,R,V,A,K,K,T,K,D,V,T,I,W,R,K,P,S,E,E,F,N,G,Y,L,F,K,A,Q,G,V,I,D,D,S,I,N,S,V,I,D,H,I,R,P,G,P,C,R,L,D,W,D,S,L,M,T,S,M,D,I,L,E,H,F,E,E,N,C,C,V,M,R,Y,T,T,A,G,Q,L,W,N,I,I,S,P,R,E,F,V,D,F,S,Y,T,V,G,Y,E,E,G,L,L,S,C,G,-,-,-,-,-,-,-,-,-,-,-,-,-,-,-,-,-,-,-,-,-,-,-,-,-,-,-,-,-,-,-,-,-,-,-,-,-,-,-,-,-,-,-,-,-,-,-,-,-,-,-,-,-,-,-,-,-,-,-,-,-,-,-,-,-,-,-,-,-,-,-,-
Lontra_canadensis,M,E,G,L,P,D,A,A,A,F,A,T,R,L,K,N,T,L,I,Q,Y,H,S,I,E,D,D,K,W,R,V,A,K,K,T,K,D,V,T,I,W,R,K,P,S,E,E,F,N,G,Y,L,F,K,A,Q,G,V,I,D,D,S,V,N,S,V,I,D,H,I,R,P,G,P,C,R,L,D,W,D,S,L,M,T,S,M,D,I,L,E,H,F,E,E,N,C,C,V,M,R,Y,T,T,A,G,Q,L,W,N,I,I,S,P,R,E,F,V,D,F,S,Y,T,V,G,Y,E,E,G,L,L,S,C,G,L,S,V,D,W,N,E,K,R,P,E,F,I,R,G,Y,N,H,P,C,G,W,F,C,V,P,L,K,D,S,P,Y,Q,S,L,L,T,G,Y,I,Q,T,D,L,R,G,M,I,P,Q,S,A,V,D,T,A,M,A,S,T,L,I,N,F,Y,G,D,L,Q,K,A,L
Lynx_canadensis,M,E,G,L,P,D,A,A,V,F,A,T,R,L,K,N,T,L,I,Q,Y,H,S,I,E,D,D,K,W,R,V,A,K,K,M,K,D,V,T,I,W,R,K,P,S,E,E,F,N,G,Y,L,F,K,A,Q,G,V,I,D,D,I,V,N,S,V,I,D,H,I,R,P,G,P,C,R,L,D,W,D,S,L,M,T,S,M,D,I,L,E,H,F,E,E,N,C,C,V,M,R,Y,T,T,A,G,Q,L,W,N,I,I,S,P,R,E,F,V,D,F,S,Y,T,V,G,Y,E,E,G,L,L,S,C,G,V,S,L,D,W,S,E,K,R,P,E,F,I,R,G,Y,N,H,P,C,G,W,F,C,V,P,L,K,D,N,P,H,Q,S,L,L,T,G,Y,I,Q,T,D,L,R,G,M,I,P,Q,S,A,V,N,T,A,M,A,S,T,L,I,N,F,Y,G,D,L,Q,K,A,L
Manis_javanica,M,E,G,L,P,D,T,A,A,F,A,T,R,L,K,N,T,L,I,Q,Y,H,S,I,E,D,D,K,W,R,V,A,K,K,M,K,D,V,T,I,W,R,K,P,S,E,E,F,N,G,Y,L,F,K,A,Q,G,V,I,D,D,I,V,N,S,V,I,D,H,I,R,P,G,P,C,R,L,D,W,D,S,L,M,T,S,M,D,I,V,E,H,L,E,E,N,C,C,V,M,R,Y,T,T,A,G,Q,L,W,N,I,I,S,P,R,E,F,V,D,F,S,Y,T,V,R,Y,K,D,G,L,L,S,C,G,L,S,L,D,W,N,E,K,R,P,E,F,V,R,G,Y,N,H,P,C,G,W,F,C,V,P,L,K,D,N,P,N,Q,S,L,L,T,G,Y,I,Q,T,D,L,R,G,M,I,P,Q,S,A,V,D,T,A,M,A,S,T,L,I,N,F,Y,G,D,L,R,K,A,L
Manis_pentadactyla,M,E,G,L,T,D,T,A,A,F,A,T,R,L,K,N,T,L,I,Q,Y,H,S,I,E,D,D,K,W,R,V,A,K,K,M,K,D,V,T,I,W,R,K,P,S,E,E,F,N,G,Y,L,F,K,A,Q,G,V,I,D,D,I,V,N,S,V,I,D,H,I,R,P,G,P,C,R,L,D,W,D,S,L,M,T,S,M,D,I,V,E,H,L,E,E,N,C,C,V,M,R,Y,T,T,A,G,Q,L,W,N,I,I,S,P,R,E,F,V,D,F,S,Y,T,V,R,Y,K,D,G,L,L,S,C,G,L,S,L,D,W,N,E,K,R,P,E,F,V,R,G,Y,N,H,P,C,G,W,F,C,V,P,L,K,D,S,P,N,Q,S,L,L,T,G,Y,I,Q,T,D,L,R,G,M,I,P,Q,S,A,V,D,T,A,M,A,S,T,L,V,N,F,Y,G,D,L,R,K,A,L
Mastomys_coucha,M,E,G,L,S,D,V,A,S,I,S,T,K,L,Q,N,T,L,I,Q,Y,H,S,I,D,E,D,Q,W,R,V,A,K,K,A,K,D,V,T,V,W,R,K,P,S,E,E,F,S,G,H,L,Y,K,A,Q,G,V,I,D,D,V,V,N,N,V,I,D,H,I,R,P,G,P,W,R,L,D,W,D,R,L,M,T,S,L,D,I,L,E,H,F,E,E,N,C,C,V,M,R,Y,T,T,A,G,Q,L,L,N,I,I,S,P,R,E,F,V,D,F,S,Y,T,V,G,Y,E,E,G,L,L,S,C,G,V,S,V,E,W,S,E,T,R,P,E,F,V,R,G,Y,N,H,P,C,G,W,F,C,V,P,L,K,D,S,P,N,Q,S,L,L,T,G,Y,I,Q,T,D,L,R,G,M,I,P,Q,S,A,V,D,T,A,M,A,S,T,L,A,N,F,Y,S,D,L,R,K,A,L
Meles_meles,M,E,G,L,P,D,A,A,A,F,A,T,R,L,K,N,T,L,I,Q,Y,H,S,I,E,E,D,K,W,R,V,A,K,K,T,K,D,V,T,I,W,R,K,P,S,E,E,F,N,G,Y,L,F,K,A,Q,G,V,I,D,D,S,V,N,S,V,I,D,H,I,R,P,G,P,C,R,L,D,W,D,S,L,M,T,S,M,D,I,L,E,H,F,E,E,N,C,C,V,M,R,Y,T,T,A,G,Q,L,W,N,I,I,S,P,R,E,F,V,D,F,S,Y,T,V,G,Y,E,E,G,L,L,S,C,G,L,S,V,D,W,N,E,K,R,P,E,F,I,R,G,Y,N,H,P,C,G,W,F,C,V,P,L,K,D,S,P,H,Q,S,L,L,T,G,Y,I,Q,T,D,L,R,G,M,I,P,Q,S,A,-,-,-,-,-,-,-,-,-,-,-,-,-,-,-,-,-,-,-,-
Meriones_unguiculatus,-,-,-,-,-,-,-,-,-,-,-,-,-,-,-,-,-,-,-,-,-,-,-,-,-,-,-,-,-,-,-,-,-,-,-,-,-,-,-,-,-,-,-,-,-,-,-,-,-,-,-,-,-,-,-,-,-,-,M,D,D,T,V,N,N,V,I,D,H,I,R,P,G,P,W,R,L,D,W,D,R,L,M,T,S,L,D,I,L,E,H,F,E,E,S,C,C,V,M,R,Y,T,T,A,G,Q,L,L,N,I,I,S,P,R,E,F,V,D,F,S,Y,T,V,G,Y,E,E,G,L,L,S,C,G,R,S,V,D,W,S,E,T,R,P,E,F,V,R,G,Y,N,H,P,C,G,W,F,C,V,P,L,K,D,N,P,N,Q,S,L,L,T,G,Y,I,Q,T,D,L,R,G,M,I,P,Q,S,A,V,D,T,A,M,A,G,T,L,T,N,F,Y,S,D,L,R,K,A,L
Mesocricetus_auratus,M,E,G,L,S,D,I,A,S,F,S,T,K,L,Q,N,T,L,I,H,Y,H,S,I,E,E,D,K,W,R,V,A,K,K,M,K,D,V,T,V,W,R,K,P,S,E,E,F,S,G,Y,L,Y,K,A,Q,G,V,M,D,D,V,V,N,S,V,I,D,H,I,R,P,G,P,W,R,L,D,W,D,R,L,M,T,S,L,D,I,L,E,H,F,E,E,N,C,C,V,M,R,Y,T,T,A,G,Q,L,L,N,I,I,S,P,R,E,F,V,D,F,S,Y,T,V,G,Y,Q,E,G,L,L,S,C,G,V,S,L,D,W,S,E,T,R,P,E,F,V,R,G,Y,N,H,P,C,G,W,F,C,V,P,L,K,D,N,P,S,Q,S,L,L,T,G,Y,I,Q,T,D,L,R,G,M,I,P,Q,S,A,V,D,T,A,M,A,S,T,L,T,N,F,Y,G,D,L,R,K,A,L
Microcebus_murinus,M,E,G,L,P,D,V,T,S,F,A,T,K,L,K,N,T,L,I,Q,Y,H,N,I,E,D,D,K,W,R,V,A,K,K,T,K,D,V,T,V,W,R,K,P,S,E,E,F,N,G,Y,L,Y,K,A,Q,G,V,L,D,D,I,V,N,N,I,I,D,H,I,R,P,G,P,C,R,L,D,W,D,S,L,M,T,S,L,D,V,L,E,H,L,E,E,N,C,C,V,M,R,Y,T,T,A,G,Q,L,W,N,I,I,S,P,R,E,F,V,D,F,S,Y,T,V,G,Y,K,E,G,L,L,S,C,G,I,S,L,D,W,S,E,K,R,P,E,F,V,R,G,Y,N,H,P,C,G,W,F,C,V,P,L,K,D,N,P,N,Q,S,L,L,T,G,Y,I,Q,T,D,L,R,G,M,I,P,Q,S,A,V,D,T,A,M,A,S,T,L,A,N,F,Y,V,D,L,R,K,A,L
Microtus_fortis,M,E,G,L,T,D,V,A,S,F,S,T,K,L,Q,N,T,L,I,Q,Y,H,N,I,E,E,D,K,W,R,V,A,K,K,M,K,D,V,T,V,W,R,K,P,S,E,E,F,S,G,Y,L,Y,K,A,Q,G,V,M,D,D,I,V,N,N,V,I,D,H,I,R,P,G,P,W,R,L,D,W,D,R,L,M,T,S,L,D,I,L,E,H,F,E,E,N,C,C,V,M,R,Y,T,T,A,G,Q,L,L,N,I,I,S,P,R,E,F,V,D,F,S,Y,T,V,G,Y,E,E,G,L,L,S,C,G,V,S,L,D,W,N,E,M,R,P,E,F,V,R,G,Y,N,H,P,C,G,W,F,C,V,P,L,K,D,N,P,S,Q,S,L,L,T,G,Y,I,Q,T,D,L,R,G,M,I,P,Q,S,A,V,D,T,A,M,A,S,T,L,T,N,F,Y,G,D,L,R,K,A,L
Microtus_ochrogaster,M,E,G,L,T,D,V,A,S,F,S,T,K,L,Q,N,T,L,I,Q,Y,H,N,I,E,E,D,K,W,R,V,A,K,K,M,K,D,V,T,V,W,R,K,P,S,E,E,F,N,G,Y,L,Y,K,A,Q,G,V,M,D,D,I,V,N,N,V,I,D,H,I,R,P,G,P,W,R,L,D,W,D,R,L,M,T,S,L,D,I,L,E,H,F,E,E,N,C,C,V,M,R,Y,T,T,A,G,Q,L,L,N,I,I,S,P,R,E,F,V,D,F,S,Y,T,V,G,Y,E,E,G,L,L,S,C,G,V,S,L,D,W,S,E,T,R,P,E,F,V,R,G,Y,N,H,P,C,G,W,F,C,V,P,L,K,D,N,P,S,Q,S,L,L,T,G,Y,I,Q,T,D,L,R,G,M,I,P,Q,S,A,V,D,T,A,M,A,S,T,L,T,N,F,Y,G,D,L,R,K,A,L
Microtus_oregoni,M,E,G,L,T,D,V,A,S,F,S,T,K,L,Q,N,T,L,I,Q,Y,H,N,I,E,E,D,K,W,R,V,A,K,K,M,K,D,V,T,V,W,R,K,P,S,E,E,F,N,G,Y,L,Y,K,A,Q,G,V,M,D,D,I,V,N,N,V,I,D,H,I,R,P,G,P,W,R,L,D,W,D,R,L,M,T,S,L,D,I,L,E,H,F,E,E,N,C,C,V,M,R,Y,T,T,A,G,Q,L,L,N,I,I,S,P,R,E,F,V,D,F,S,Y,T,V,G,Y,E,E,G,L,L,S,C,G,V,S,L,D,W,S,E,T,R,P,E,F,V,R,G,Y,N,H,P,C,G,W,F,C,V,P,L,K,D,N,P,S,Q,S,L,L,T,G,Y,I,Q,T,D,L,R,G,M,I,P,Q,S,A,V,D,T,A,M,A,S,T,L,T,N,F,Y,G,D,L,R,K,A,L
Mirounga_angustirostris,M,E,G,L,P,D,A,A,A,F,A,T,R,L,K,N,T,L,I,Q,Y,H,S,I,E,D,D,K,W,R,V,A,K,K,T,K,D,V,T,I,W,R,K,P,S,E,E,F,N,G,Y,L,F,K,A,Q,G,V,I,D,D,S,I,N,S,V,I,D,H,I,R,P,G,P,C,R,L,D,W,D,S,L,M,T,S,M,D,I,L,E,H,F,E,E,N,C,C,V,M,R,Y,T,T,A,G,Q,L,W,N,I,I,S,P,R,E,F,V,D,F,S,Y,T,V,G,Y,E,E,G,L,L,S,C,G,L,S,V,D,W,S,E,K,R,P,E,F,I,R,G,Y,N,H,P,C,G,W,F,C,V,P,H,K,D,N,P,H,Q,S,L,L,T,G,Y,I,Q,T,D,L,R,G,M,I,P,Q,S,A,V,D,T,A,M,A,S,T,L,V,N,F,Y,G,D,L,Q,K,A,L
Mirounga_leonina,M,E,G,L,P,D,A,A,A,F,A,T,R,L,K,N,T,L,I,Q,Y,H,S,I,E,D,D,K,W,R,V,A,K,K,T,K,D,V,T,I,W,R,K,P,S,E,E,F,N,G,Y,L,F,K,A,Q,G,V,I,D,D,S,I,N,S,V,I,D,H,I,R,P,G,P,C,R,L,D,W,D,S,L,M,T,S,M,D,I,L,E,H,F,E,E,N,C,C,V,M,R,Y,T,T,A,G,Q,L,W,N,I,I,S,P,R,E,F,V,D,F,S,Y,T,V,G,Y,E,E,G,L,L,S,C,G,L,S,V,D,W,S,E,K,R,P,E,F,I,R,G,Y,N,H,P,C,G,W,F,C,V,P,H,K,D,N,P,H,Q,S,L,L,T,G,Y,I,Q,T,D,L,R,G,M,I,P,Q,S,A,V,D,T,A,M,A,S,T,L,V,N,F,Y,G,D,L,Q,K,A,L
Monodelphis_domestica,M,E,A,L,T,D,A,T,L,L,A,T,K,I,K,T,T,L,C,Q,Y,H,S,I,E,D,N,K,W,R,I,A,K,K,T,K,D,I,T,V,W,R,K,P,S,D,E,F,N,G,Y,L,Y,K,V,Q,G,V,I,E,D,V,A,N,N,I,I,D,C,I,R,P,G,P,R,R,L,D,W,D,S,L,M,T,S,M,D,I,V,E,Q,F,E,E,N,C,C,V,M,R,Y,T,T,A,G,Q,L,W,N,L,I,A,P,R,E,F,V,D,F,S,Y,T,T,Q,Y,E,E,G,L,L,S,C,G,I,S,I,H,Y,E,E,M,R,P,D,F,V,R,G,Y,N,H,P,C,G,W,F,C,V,P,L,Q,D,N,L,A,K,S,L,L,T,G,Y,V,Q,T,D,L,R,G,M,L,P,Q,S,A,V,D,T,A,M,A,S,T,L,V,N,F,V,G,D,L,R,K,T,L
Mus_caroli,-,E,G,L,S,D,V,A,S,I,S,T,K,L,Q,N,T,L,I,Q,Y,H,S,I,E,E,D,E,W,R,V,A,K,K,V,K,D,V,T,V,W,R,K,P,S,E,E,F,N,G,Y,L,Y,K,A,Q,G,V,M,D,D,V,V,N,N,V,I,D,H,I,R,P,G,P,W,R,L,D,W,D,R,L,M,T,S,L,D,V,L,E,H,F,E,E,N,C,C,V,M,R,Y,T,T,A,G,Q,L,L,N,I,I,S,P,R,E,F,V,D,F,S,Y,T,V,G,Y,E,E,G,L,L,S,C,G,V,S,V,E,W,S,E,L,R,P,E,F,V,R,G,Y,N,H,P,C,G,W,F,C,V,P,L,K,D,S,P,N,Q,S,L,L,T,G,Y,I,Q,T,D,L,R,G,M,I,P,Q,S,A,V,D,T,A,M,A,S,T,L,A,N,F,Y,S,D,L,R,K,A,L
Mus_musculus,-,E,G,L,S,D,V,A,S,I,S,T,K,L,Q,N,T,L,I,Q,Y,H,S,I,E,E,D,E,W,R,V,A,K,K,A,K,D,V,T,V,W,R,K,P,S,E,E,F,N,G,Y,L,Y,K,A,Q,G,V,M,D,D,V,V,N,N,V,I,D,H,I,R,P,G,P,W,R,L,D,W,D,R,L,M,T,S,L,D,V,L,E,H,F,E,E,N,C,C,V,M,R,Y,T,T,A,G,Q,L,L,N,I,I,S,P,R,E,F,V,D,F,S,Y,T,V,G,Y,E,E,G,L,L,S,C,G,V,S,V,E,W,S,E,T,R,P,E,F,V,R,G,Y,N,H,P,C,G,W,F,C,V,P,L,K,D,S,P,S,Q,S,L,L,T,G,Y,I,Q,T,D,L,R,G,M,I,P,Q,S,A,V,D,T,A,M,A,S,T,L,A,N,F,Y,S,D,L,R,K,G,L
Mus_pahari,-,E,G,L,S,D,V,A,F,I,S,T,K,L,Q,N,T,L,I,Q,Y,H,S,I,E,E,D,Q,W,R,V,A,K,K,V,K,D,V,T,V,W,R,K,P,S,E,E,F,N,G,Y,L,Y,K,A,Q,G,V,M,D,D,V,V,N,N,V,I,D,H,I,R,P,G,P,W,R,L,D,W,D,R,L,M,T,S,L,D,V,L,E,H,F,E,E,N,C,C,V,M,R,Y,T,T,A,G,Q,L,L,N,I,I,S,P,R,E,F,V,D,F,S,Y,T,V,G,Y,E,E,G,L,L,S,C,G,V,S,V,E,W,S,E,S,R,P,E,F,V,R,G,Y,N,H,P,C,G,W,F,C,V,P,L,Q,D,S,P,N,Q,S,L,L,T,G,Y,I,Q,T,D,L,R,G,M,I,P,Q,S,A,V,D,T,A,M,A,S,T,L,A,N,F,Y,S,D,L,R,K,A,L
Mustela_erminea,M,E,G,L,P,D,A,T,A,F,A,T,R,L,K,N,T,L,I,Q,Y,H,S,I,E,D,D,K,W,R,V,A,K,K,T,K,D,V,T,I,W,R,K,P,S,E,E,F,N,G,Y,L,F,K,A,Q,G,V,I,E,D,S,V,N,S,V,I,D,H,I,R,P,G,P,C,R,L,D,W,D,S,L,M,T,S,M,D,I,L,E,H,F,E,E,N,C,C,V,M,R,Y,T,T,A,G,Q,L,W,N,I,I,S,P,R,E,F,V,D,F,S,Y,T,V,G,Y,E,E,G,L,L,S,C,G,L,S,V,D,W,N,E,K,R,P,E,F,I,R,G,Y,N,H,P,C,G,W,F,C,V,P,L,K,D,S,P,H,Q,S,L,L,T,G,Y,I,Q,T,D,L,R,G,M,I,P,Q,S,A,V,D,T,A,M,A,S,T,L,I,N,F,Y,G,D,L,Q,K,A,L
Mustela_putorius_furo,M,E,G,L,P,D,A,T,A,F,A,T,R,L,K,N,T,L,I,Q,Y,H,S,I,E,D,D,K,W,R,V,A,K,K,T,K,D,V,T,I,W,R,K,P,S,E,E,F,N,G,Y,L,F,K,A,Q,G,V,I,E,D,S,V,N,S,V,I,D,H,I,R,P,G,P,C,R,L,D,W,D,S,L,M,T,S,M,D,I,L,E,H,F,E,E,N,C,C,V,M,R,Y,T,T,A,G,Q,L,W,N,I,I,S,P,R,E,F,V,D,F,S,Y,T,V,G,Y,E,E,G,L,L,S,C,G,L,S,V,D,W,N,E,K,R,P,E,F,I,R,G,Y,N,H,P,C,G,W,F,C,V,P,L,K,D,S,P,H,Q,S,L,L,T,G,Y,I,Q,T,D,L,R,G,M,I,P,Q,S,A,V,D,T,A,M,A,S,T,L,I,N,F,Y,G,D,L,Q,K,A,L
Myodes_glareolus,M,E,G,L,T,D,V,A,S,F,S,T,K,L,Q,N,T,L,I,Q,Y,H,N,I,E,E,D,K,W,R,V,A,K,K,T,K,D,V,T,V,W,R,K,P,S,E,E,F,N,G,Y,L,Y,K,A,Q,G,V,V,D,D,I,V,N,N,V,I,D,H,I,R,P,G,P,W,R,L,D,W,D,R,L,M,T,S,L,D,I,L,E,H,F,E,E,N,C,C,V,M,R,Y,T,T,A,G,Q,L,L,N,I,I,S,P,R,E,F,V,D,F,S,Y,T,V,G,Y,E,E,G,L,L,S,C,G,V,S,L,D,W,S,E,T,R,P,E,F,V,R,G,Y,N,H,P,C,G,W,F,C,V,P,L,K,D,N,P,S,Q,S,L,L,T,G,Y,I,Q,T,D,L,R,G,M,I,P,Q,S,A,V,D,T,A,M,A,S,T,L,T,N,F,Y,G,D,L,R,K,A,L
Neogale_vison,M,E,G,L,P,D,A,T,A,F,A,T,R,L,K,N,T,L,I,Q,Y,H,S,I,E,D,D,K,W,R,V,A,K,K,T,K,D,V,T,I,W,R,K,P,S,E,E,F,N,G,Y,L,F,K,A,Q,G,V,I,E,D,S,V,N,S,V,I,D,H,I,R,P,G,P,C,R,L,D,W,D,S,L,M,T,S,M,D,I,L,E,H,F,E,E,N,C,C,V,M,R,Y,T,T,A,G,Q,L,W,N,I,I,S,P,R,E,F,V,D,F,S,Y,T,V,G,Y,E,E,G,L,L,S,C,G,L,S,V,D,W,N,E,K,R,P,E,F,I,R,G,Y,N,H,P,C,G,W,F,C,V,P,L,K,D,S,P,H,Q,S,L,L,T,G,Y,I,Q,T,D,L,R,G,M,I,P,Q,S,A,V,D,T,A,M,A,S,T,L,I,N,F,Y,G,D,L,Q,K,A,L
Odobenus_rosmarus_divergens,M,E,G,L,P,D,A,A,A,F,A,T,K,L,K,N,T,L,I,Q,Y,H,S,I,E,D,D,K,W,R,V,A,K,K,T,K,D,V,T,I,W,R,K,P,S,E,E,F,N,G,Y,L,F,K,A,Q,G,A,I,D,D,S,V,N,S,V,I,D,H,I,R,P,G,P,C,R,L,D,W,D,S,L,M,T,S,M,D,I,L,E,H,F,E,E,N,C,C,V,M,R,Y,T,T,A,G,Q,L,W,N,I,I,S,P,R,E,F,V,D,F,S,Y,T,V,G,Y,E,E,G,L,L,S,C,G,L,S,V,D,W,S,E,K,R,P,E,F,I,R,G,Y,N,H,P,C,G,W,F,C,V,P,H,K,D,N,P,H,Q,S,L,L,T,G,Y,I,Q,T,D,L,R,G,M,I,P,Q,S,A,V,D,T,A,M,A,S,T,L,V,N,F,Y,S,D,L,Q,K,A,L
Odocoileus_virginianus_texanus,M,E,A,L,P,D,V,A,V,L,A,T,R,L,K,N,T,L,I,Q,Y,H,N,L,E,D,E,K,W,R,V,A,K,K,T,K,D,V,T,I,W,R,K,P,S,E,E,F,N,G,Y,L,F,K,A,Q,G,V,I,D,D,V,A,N,S,V,I,D,H,I,R,P,G,P,C,R,L,D,W,D,S,L,M,A,S,L,D,I,L,E,H,F,E,E,N,C,C,V,M,R,Y,T,T,A,G,Q,L,W,N,I,I,S,P,R,E,F,V,D,F,S,Y,T,V,D,Y,K,E,G,L,L,S,C,G,I,S,L,D,W,S,E,K,R,S,E,F,V,R,G,Y,N,H,P,C,G,W,F,C,V,P,L,K,E,S,P,G,R,S,L,L,T,G,Y,I,Q,T,E,L,R,G,M,I,P,Q,S,A,V,D,T,A,M,A,S,T,L,I,N,F,Y,G,D,L,Q,R,A,L
Onychomys_torridus,M,E,G,L,S,D,V,A,S,F,S,T,K,L,Q,N,T,L,I,Q,Y,H,N,I,E,E,E,K,W,R,V,A,K,K,M,K,D,V,T,V,W,R,K,P,S,E,E,F,N,G,Y,L,Y,K,A,Q,G,V,M,D,D,I,F,S,N,V,I,D,H,I,R,P,G,P,S,R,L,C,W,D,P,L,M,T,S,L,D,I,L,E,H,L,E,E,N,C,C,V,M,R,Y,T,T,A,G,Q,L,L,N,I,I,S,P,R,E,F,I,D,F,S,Y,T,V,A,Y,E,E,G,L,L,S,C,G,V,S,L,D,W,S,E,T,R,P,E,F,V,R,G,Y,N,H,P,C,G,W,F,C,V,P,L,K,D,N,P,S,Q,S,L,L,T,G,Y,I,Q,T,D,L,R,G,M,I,P,Q,S,A,V,D,T,A,M,A,S,T,L,T,N,F,Y,G,D,L,R,K,A,L
Ornithorhynchus_anatinus,M,E,H,L,P,D,V,S,S,L,A,N,K,L,H,N,T,L,I,Q,Y,H,N,I,E,E,D,K,W,R,L,V,K,K,T,K,D,V,T,I,W,R,K,P,S,E,E,F,N,G,W,L,Y,K,A,Q,G,V,V,E,N,V,A,N,R,V,I,D,H,I,C,P,G,P,C,R,L,D,W,D,S,L,M,T,T,M,D,I,I,E,Q,F,E,E,N,C,C,V,M,R,Y,T,T,A,G,Q,L,W,N,I,I,A,P,R,E,F,V,D,F,S,Y,T,T,Q,Y,Q,E,G,L,L,S,C,G,V,S,L,I,Y,G,E,T,R,P,N,F,I,R,G,H,N,H,P,C,G,W,F,C,V,P,L,P,G,N,P,K,H,S,L,L,T,G,Y,I,Q,T,D,L,R,G,L,L,P,Q,S,A,V,D,T,A,M,A,S,T,L,A,N,F,Y,S,D,L,R,K,A,L
Orycteropus_afer_afer,-,-,-,-,-,-,-,-,-,-,-,-,-,-,-,-,-,-,-,-,-,-,-,-,-,-,-,-,-,-,-,-,-,-,-,-,-,-,-,-,-,-,-,-,-,-,-,-,-,-,-,-,-,-,-,-,-,-,-,-,-,-,-,-,-,-,-,-,-,-,-,-,-,-,-,-,M,D,W,D,S,L,M,T,S,L,D,I,L,E,H,F,E,E,N,C,C,V,V,R,Y,T,T,A,G,Q,L,W,N,I,I,S,P,R,E,F,V,D,F,S,Y,T,V,G,Y,K,E,G,L,L,S,C,G,I,S,L,D,W,S,E,K,R,S,E,F,V,R,G,Y,N,H,P,C,G,W,F,C,V,P,L,K,D,N,R,N,Q,S,L,L,T,G,Y,I,Q,T,D,L,R,G,M,I,P,Q,S,A,V,D,S,A,V,A,S,T,L,T,N,F,Y,G,D,L,R,K,A,L
Oryctolagus_cuniculus,M,E,S,L,P,D,A,A,T,F,S,T,K,L,K,N,T,L,I,Q,Y,H,S,I,D,S,D,Q,W,R,V,V,K,K,T,K,D,V,T,V,W,R,K,P,S,E,E,F,N,G,Y,L,Y,K,A,Q,G,V,I,D,D,V,V,N,T,V,V,D,H,I,R,P,G,P,C,R,L,N,W,D,S,L,M,T,S,L,D,I,L,K,H,F,E,E,N,C,C,V,M,R,Y,T,T,A,G,Q,L,W,N,I,I,S,P,R,E,F,V,D,F,S,Y,T,V,G,Y,K,E,G,L,L,S,C,G,I,S,L,D,W,S,E,K,R,P,E,F,V,R,G,Y,N,H,P,C,G,W,F,C,V,P,L,K,E,S,P,H,Q,S,L,L,T,G,Y,I,Q,T,D,L,R,G,M,V,P,Q,S,A,V,D,T,A,M,A,S,T,L,T,N,F,Y,G,D,L,R,K,A,L
Oryx_dammah,M,E,A,L,P,D,A,A,V,L,A,T,K,L,K,N,T,L,I,Q,Y,H,S,L,E,D,E,K,W,R,V,A,K,K,T,K,D,V,T,I,W,R,K,P,S,E,E,F,N,G,Y,L,F,K,A,Q,G,V,I,D,D,V,V,N,S,V,I,D,H,I,R,P,G,P,C,R,L,D,W,D,S,L,M,T,S,L,D,I,L,E,H,F,E,E,N,C,C,V,M,R,Y,T,T,A,G,Q,L,W,N,I,I,S,P,R,E,F,V,D,F,S,Y,T,V,G,Y,K,E,G,L,L,S,C,G,I,S,L,D,W,S,E,K,R,S,E,F,V,R,G,Y,N,H,P,C,G,W,F,C,V,P,L,K,D,D,P,S,R,S,L,L,T,G,Y,I,Q,T,D,L,R,G,M,I,P,Q,S,A,V,D,T,A,M,A,S,T,L,I,N,F,Y,G,D,L,Q,K,A,L
Otolemur_garnettii,M,E,A,L,P,D,V,T,S,F,G,T,K,L,K,N,T,L,I,Q,Y,H,S,T,E,D,D,K,W,R,V,A,K,K,T,K,D,V,T,V,W,R,K,P,S,E,L,F,N,G,Y,L,Y,K,A,Q,G,V,I,D,D,V,F,S,S,T,I,D,H,I,R,P,G,P,C,R,L,D,W,D,S,L,M,T,S,L,D,I,L,E,H,F,E,E,N,C,C,V,M,R,Y,T,T,A,G,Q,L,W,N,I,I,S,P,R,E,F,V,D,F,S,Y,T,V,S,Y,Q,E,G,L,L,S,C,G,I,S,L,D,W,S,E,K,R,P,E,F,V,R,G,Y,N,H,P,C,G,W,F,C,V,P,L,K,D,N,P,S,Q,S,L,L,T,G,Y,I,Q,T,D,L,R,G,M,I,P,Q,S,A,V,D,T,A,M,A,S,T,L,T,N,F,Y,G,D,L,R,K,A,L
Panthera_leo,M,E,G,L,P,D,A,A,D,F,A,T,R,L,K,N,T,L,I,Q,Y,H,S,I,E,D,D,K,W,R,V,A,K,K,M,K,D,V,T,I,W,R,K,P,S,E,E,F,N,G,Y,L,F,K,A,Q,G,V,I,D,D,I,V,N,S,V,I,D,H,I,R,P,G,P,C,R,L,D,W,D,S,L,M,T,S,M,D,I,L,E,H,F,E,E,N,C,C,V,M,R,Y,T,T,A,G,Q,L,W,N,I,I,S,P,R,E,F,V,D,F,S,Y,T,V,G,Y,E,E,G,L,L,S,C,G,V,S,L,D,W,S,E,K,R,P,E,F,I,R,G,Y,N,H,P,C,G,W,F,C,V,P,L,K,D,N,P,H,Q,S,L,L,T,G,Y,I,Q,T,D,L,R,G,M,I,P,Q,S,A,V,N,T,A,M,A,S,T,L,I,N,F,Y,G,D,L,Q,K,A,L
Panthera_pardus,M,E,G,L,P,D,A,A,D,F,A,T,R,L,K,N,T,L,I,Q,Y,H,S,I,E,D,D,K,W,R,V,A,K,K,M,K,D,V,T,I,W,R,K,P,S,E,E,F,N,G,Y,L,F,K,A,Q,G,V,I,D,D,I,V,N,S,V,I,D,H,I,R,P,G,P,C,R,L,D,W,D,S,L,M,T,S,M,D,I,L,E,H,F,E,E,N,C,C,V,M,R,Y,T,T,A,G,Q,L,W,N,I,I,S,P,R,E,F,V,D,F,S,Y,T,V,G,Y,E,E,G,L,L,S,C,G,V,S,L,D,W,S,E,K,R,P,E,F,I,R,G,Y,N,H,P,C,G,W,F,C,V,P,L,K,D,N,P,H,Q,S,L,L,T,G,Y,I,Q,T,D,L,R,G,M,I,P,Q,S,A,V,N,T,A,M,A,S,T,L,I,N,F,Y,G,D,L,Q,K,A,L
Panthera_uncia,M,E,G,L,P,D,A,A,D,F,A,T,R,L,K,N,T,L,I,Q,Y,H,S,I,E,D,D,K,W,R,V,A,K,K,M,K,D,V,T,I,W,R,K,P,S,E,E,F,N,G,Y,L,F,K,A,Q,G,V,I,D,D,I,V,N,S,V,I,D,H,I,R,P,G,P,C,R,L,D,W,D,S,L,M,T,S,M,D,I,L,E,H,F,E,E,N,C,C,V,M,R,Y,T,T,A,G,Q,L,W,N,I,I,S,P,R,E,F,V,D,F,S,Y,T,V,G,Y,E,E,G,L,L,S,C,G,V,S,L,D,W,S,E,K,R,P,E,F,I,R,G,Y,N,H,P,C,G,W,F,C,V,P,L,K,D,N,P,H,Q,S,L,L,T,G,Y,I,Q,T,D,L,R,G,M,I,P,Q,S,A,V,N,T,A,M,A,S,T,L,I,N,F,Y,G,D,L,Q,K,A,L
Perognathus_longimembris_pacificus,M,E,S,L,S,D,V,A,A,F,S,T,K,L,K,N,T,L,I,Q,Y,H,S,I,E,G,D,Q,W,R,I,A,K,K,T,K,D,V,T,V,W,R,K,P,S,E,E,F,N,G,Y,L,Y,K,A,Q,G,V,I,D,N,I,V,N,N,V,I,D,H,I,R,P,G,P,W,R,L,D,W,D,R,L,M,T,S,L,D,V,L,E,R,F,E,E,N,S,C,V,M,R,Y,T,T,A,G,Q,L,L,N,I,I,S,P,R,E,F,V,D,F,S,Y,T,V,G,Y,Q,E,G,L,L,S,C,G,V,S,V,D,W,S,E,K,R,S,E,F,V,R,G,Y,N,H,P,C,G,W,F,C,V,P,L,K,D,N,P,S,Q,S,I,L,T,G,Y,I,Q,T,D,L,R,G,M,I,P,Q,S,A,V,D,T,A,M,A,S,T,L,A,N,F,Y,T,D,L,R,K,A,L
Peromyscus_californicus_insignis,M,E,G,L,S,D,V,A,S,F,S,T,K,L,Q,N,T,L,I,Q,Y,H,N,I,E,E,D,K,W,R,V,A,K,K,M,K,D,V,T,V,W,R,K,P,S,E,E,F,N,G,Y,L,Y,K,A,Q,G,V,M,D,D,I,V,S,N,V,I,D,H,I,R,P,G,P,S,R,L,Y,W,D,P,L,M,T,S,L,D,I,L,E,H,L,E,E,N,C,C,V,M,R,Y,T,T,A,G,Q,L,L,N,I,I,S,P,R,E,F,V,D,F,S,Y,T,V,G,Y,E,E,G,L,L,S,C,G,V,S,L,D,W,S,E,T,R,P,E,F,V,R,G,Y,N,H,P,C,G,W,F,C,V,P,L,K,D,S,P,S,Q,S,L,L,T,G,Y,I,Q,T,D,L,R,G,M,I,P,Q,S,A,V,D,T,A,M,A,S,T,L,T,S,F,Y,G,D,L,R,K,A,L
Peromyscus_leucopus,M,E,G,L,S,D,V,A,S,F,S,T,K,L,Q,N,T,L,I,Q,Y,H,N,I,E,E,D,K,W,R,V,A,K,K,M,K,D,V,T,V,W,R,K,P,S,E,E,F,N,G,Y,L,Y,K,A,Q,G,V,M,D,D,I,V,S,N,V,I,D,H,I,R,P,G,P,S,R,L,F,W,D,P,L,M,T,S,L,D,I,L,E,H,L,E,E,N,C,C,V,M,R,Y,T,T,A,G,Q,L,L,N,I,I,S,P,R,E,F,V,D,F,S,Y,T,V,G,Y,E,E,G,L,L,S,C,G,V,S,L,D,W,S,E,T,R,P,E,F,V,R,G,Y,N,H,P,C,G,W,F,C,V,P,L,K,N,S,P,S,Q,S,L,L,T,G,Y,I,Q,T,D,L,R,G,M,I,P,Q,S,A,V,D,T,A,M,A,S,T,L,T,N,F,Y,G,D,L,R,K,A,L
Peromyscus_maniculatus_bairdii,-,-,-,-,-,-,-,-,-,-,-,-,-,-,-,-,-,-,-,-,-,-,-,-,-,-,-,-,-,-,-,-,-,-,-,-,-,-,-,-,-,-,-,-,-,-,-,-,-,-,-,-,-,-,-,-,-,-,-,-,-,-,-,-,-,-,-,-,-,-,-,-,-,-,-,-,-,-,-,-,-,-,-,-,-,-,-,-,-,-,-,-,-,-,-,-,-,-,M,R,Y,T,T,A,G,Q,L,L,N,I,I,S,P,R,E,F,V,D,F,S,Y,T,V,G,Y,E,E,G,L,L,S,C,G,V,S,L,D,W,S,E,T,R,P,E,F,V,R,G,Y,N,H,P,C,G,W,F,C,V,P,L,K,D,S,P,S,Q,S,L,L,T,G,Y,I,Q,T,D,L,R,G,M,I,P,Q,S,A,V,D,T,A,M,A,S,T,L,T,N,F,Y,G,D,L,R,K,A,L
Phascolarctos_cinereus,M,E,A,L,T,D,A,T,F,L,A,S,K,I,E,N,T,L,C,Q,Y,H,R,V,E,D,D,K,W,R,V,A,K,K,T,K,D,V,T,V,W,R,K,P,S,D,E,F,N,G,Y,L,Y,K,A,Q,G,I,M,E,D,V,T,N,N,V,I,D,Y,I,R,P,G,P,R,R,L,D,W,D,T,L,M,T,S,M,D,I,V,E,Q,F,E,E,N,C,C,V,M,R,Y,T,T,A,G,Q,L,W,N,L,I,A,P,R,E,F,V,D,F,S,Y,T,T,Q,Y,E,E,G,L,L,S,C,G,V,S,V,H,Y,E,E,M,R,P,D,F,V,R,G,Y,N,H,P,C,G,W,F,C,V,P,L,K,D,S,L,D,R,S,L,L,T,G,Y,I,Q,T,D,L,R,G,M,L,P,Q,S,A,V,D,T,A,M,A,S,T,L,V,N,F,F,G,D,L,R,K,A,L
Phoca_vitulina,M,E,G,L,P,D,A,A,A,F,A,T,R,L,K,N,T,L,I,Q,Y,H,S,I,E,D,D,K,W,R,V,A,K,K,T,K,D,V,T,I,W,R,K,P,S,E,E,F,N,G,Y,L,F,K,A,Q,G,V,I,D,D,S,V,N,S,V,I,D,H,I,R,P,G,P,C,R,L,D,W,D,S,L,M,T,S,M,D,I,L,E,H,F,E,E,N,C,C,V,M,R,Y,T,T,A,G,Q,L,W,N,I,I,S,P,R,E,F,V,D,F,S,Y,T,V,G,Y,E,E,G,L,L,S,C,G,L,S,V,D,W,S,E,K,R,P,E,F,I,R,G,Y,N,H,P,C,G,W,F,C,V,P,H,K,D,N,P,H,Q,S,L,L,T,G,Y,I,Q,T,D,L,H,G,M,I,P,Q,S,A,V,D,T,A,M,A,S,T,L,V,N,F,Y,G,D,L,Q,K,A,L
Phodopus_roborovskii,M,E,S,L,S,D,V,A,S,F,S,T,K,L,Q,N,T,L,I,Q,Y,H,S,I,E,E,D,K,W,R,V,A,K,K,M,K,D,V,T,V,W,R,K,P,S,E,E,F,S,G,Y,L,Y,K,A,Q,G,V,M,D,D,V,V,N,N,V,I,D,H,I,R,P,G,P,W,R,L,D,W,D,R,L,M,T,S,L,D,I,L,E,H,F,E,E,N,C,C,V,M,R,Y,T,T,A,G,Q,L,L,N,I,I,S,P,R,E,F,V,D,F,S,Y,T,V,G,Y,E,E,G,L,L,S,C,G,V,S,L,D,W,S,E,T,R,P,E,F,V,R,G,Y,N,H,P,C,G,W,F,C,V,P,L,K,D,N,P,S,Q,S,L,L,T,G,Y,I,Q,T,D,L,R,G,M,I,P,Q,S,A,V,D,T,A,M,A,S,T,L,T,N,F,Y,G,D,L,R,K,A,L
Prionailurus_bengalensis_euptilurus,-,-,-,-,-,-,-,-,-,-,-,-,-,-,-,-,-,-,-,-,-,-,-,-,-,-,-,-,-,-,-,-,-,-,-,-,-,-,-,-,-,-,-,-,-,-,-,-,-,-,-,-,-,-,-,-,-,-,-,-,-,-,-,-,-,-,-,-,-,-,-,-,-,-,-,-,-,-,-,-,-,-,-,-,-,-,-,-,-,-,-,-,-,-,-,-,-,-,-,-,-,-,-,-,-,-,-,-,-,-,-,-,-,-,-,-,-,-,-,-,-,-,-,-,-,-,-,-,-,-,-,-,-,-,-,-,-,-,-,-,-,-,-,-,-,-,-,-,-,-,-,-,-,-,-,-,-,-,-,-,-,-,-,-,-,-,-,-,-,-,-,-,-,-,-,-,-,-,-,-,-,-,-,-,-,-,-,-,-,-,-,-,-,-,-,-,-,-,-,-,-,-,-,-,-
Puma_concolor,M,E,G,L,P,D,A,A,V,F,A,T,R,L,K,N,T,L,I,Q,Y,H,S,I,E,D,D,K,W,R,V,A,K,K,M,K,D,V,T,I,W,R,K,P,S,E,E,F,N,G,Y,L,F,K,A,Q,G,V,I,D,D,I,V,N,S,V,I,D,H,I,R,P,G,P,C,R,L,D,W,D,S,L,M,T,S,M,D,I,L,E,H,F,E,E,N,C,C,V,M,R,Y,T,T,A,G,Q,L,W,N,I,I,S,P,R,E,F,V,D,F,S,Y,T,V,G,Y,E,E,G,L,L,S,C,G,V,S,L,D,W,S,E,K,R,P,E,F,I,R,G,Y,N,H,P,C,G,W,F,C,V,P,L,K,D,N,P,H,Q,S,L,L,T,G,Y,I,Q,T,D,L,R,G,M,I,P,Q,S,A,V,N,T,A,M,A,S,T,L,I,N,F,Y,G,D,L,Q,K,A,L
Puma_yagouaroundi,M,E,G,L,P,D,A,A,V,F,A,T,R,L,K,N,T,L,I,Q,Y,H,S,I,E,D,D,K,W,R,V,A,K,K,M,K,D,V,T,I,W,R,K,P,S,E,E,F,N,G,Y,L,F,K,A,Q,G,V,I,D,D,V,V,N,S,V,I,D,H,I,R,P,G,P,C,R,L,D,W,D,S,L,M,T,S,M,D,I,L,E,H,F,E,E,N,C,C,V,M,R,Y,T,T,A,G,Q,L,W,N,I,I,S,P,R,E,F,V,D,F,S,Y,T,V,G,Y,E,E,G,L,L,S,C,G,V,S,L,D,W,S,E,K,R,P,E,F,I,R,G,Y,N,H,P,C,G,W,F,C,V,P,L,K,D,N,P,H,Q,S,L,L,T,G,Y,I,Q,T,D,L,R,G,M,I,P,Q,S,A,V,N,T,A,M,A,S,T,L,I,N,F,Y,G,D,L,Q,K,A,L
Rattus_norvegicus,M,E,G,L,S,D,V,A,S,I,S,T,K,L,Q,N,T,L,I,Q,Y,H,S,I,E,E,D,Q,W,R,V,A,K,K,V,K,D,V,T,V,W,R,K,P,S,E,E,F,N,G,Y,L,Y,K,A,Q,G,V,M,D,D,V,V,N,N,V,I,D,H,I,R,P,G,P,W,R,L,D,W,D,R,L,M,T,S,L,D,I,L,E,H,F,E,E,N,C,C,V,M,R,Y,T,T,A,G,Q,L,L,N,I,I,S,P,R,E,F,V,D,F,S,Y,T,V,G,Y,E,E,G,L,L,S,C,G,V,S,V,E,W,S,E,T,R,P,E,F,V,R,G,Y,N,H,P,C,G,W,F,C,V,P,L,K,D,S,P,N,Q,S,L,L,T,G,Y,I,Q,T,D,L,R,G,M,I,P,Q,S,A,V,D,T,A,M,A,S,T,L,A,N,F,Y,S,D,L,R,K,A,L
Rattus_rattus,M,E,G,L,S,D,V,A,S,I,S,T,K,L,Q,N,T,L,I,Q,Y,H,S,I,E,E,D,Q,W,R,V,A,K,K,V,K,D,V,T,V,W,R,K,P,S,E,E,F,N,G,Y,L,Y,K,A,Q,G,V,M,D,D,V,V,N,N,V,I,D,H,I,R,P,G,P,W,R,L,D,W,D,R,L,M,T,S,L,D,I,L,E,H,F,E,E,N,C,C,V,M,R,Y,T,T,A,G,Q,L,L,N,I,I,S,P,R,E,F,V,D,F,S,Y,T,V,G,Y,E,E,G,L,L,S,C,G,V,S,V,E,W,S,E,T,R,P,E,F,V,R,G,Y,N,H,P,C,G,W,F,C,V,P,L,K,D,S,P,N,Q,S,L,L,T,G,Y,I,Q,T,D,L,R,G,M,I,P,Q,S,A,V,D,T,A,M,A,S,T,L,A,N,F,Y,S,D,L,R,K,A,L
Sarcophilus_harrisii,M,E,T,L,T,D,A,P,F,L,A,T,K,V,K,N,T,L,C,Q,Y,H,S,I,K,D,D,K,W,R,I,A,K,K,T,K,D,V,T,V,W,R,K,P,S,E,E,F,S,G,Y,L,Y,K,A,Q,G,V,M,E,D,S,T,N,N,I,I,D,Y,I,R,P,G,P,C,R,L,H,W,D,S,L,I,T,S,L,D,I,I,E,Q,F,E,E,N,C,C,V,V,R,Y,T,T,A,G,Q,L,F,N,L,I,A,P,R,E,F,V,D,F,S,Y,T,T,Q,Y,E,E,G,L,M,S,C,G,I,S,-,-,-,-,-,-,-,-,-,F,V,R,A,Y,N,H,P,C,G,W,F,C,V,P,L,K,D,G,L,D,Q,S,L,L,T,G,Y,I,Q,T,D,L,R,G,M,L,P,Q,S,A,V,D,T,A,M,G,S,T,L,V,N,F,F,G,D,L,R,K,V,L
Suncus_etruscus,M,E,G,L,S,D,V,H,A,F,A,S,T,L,R,N,T,L,I,Q,Y,H,N,I,E,D,D,N,W,R,V,V,K,K,M,K,D,V,T,V,W,R,K,P,S,E,E,F,N,G,Y,L,F,K,A,Q,G,I,M,D,D,T,V,N,A,V,I,D,H,I,R,P,G,P,C,R,L,D,W,D,S,L,M,T,S,L,D,I,L,E,Q,F,E,E,N,C,C,V,M,R,Y,T,T,A,G,Q,L,W,N,I,I,S,P,R,E,F,V,D,F,S,Y,T,V,D,Y,K,G,G,L,L,S,C,G,I,S,L,D,W,N,E,K,R,P,E,F,V,R,G,Y,N,H,P,C,G,W,F,C,V,P,L,K,D,N,R,N,Q,S,L,L,T,G,Y,I,Q,T,D,L,R,G,M,I,P,Q,S,A,V,D,T,A,M,A,S,T,L,I,N,F,Y,G,D,L,R,K,I,L
Sus_scrofa,M,E,G,L,P,D,A,A,V,L,A,T,R,L,K,N,T,L,L,Q,Y,H,S,I,E,D,D,K,W,R,V,A,K,K,M,K,D,V,T,I,W,R,K,P,S,E,E,F,N,G,H,L,F,K,A,Q,G,V,I,D,D,V,V,N,N,V,I,D,H,I,R,P,G,P,C,R,L,D,W,D,S,L,M,T,S,M,D,I,L,E,H,F,E,E,N,C,C,V,M,R,Y,T,T,A,G,Q,L,W,N,I,I,S,P,R,E,F,V,D,F,S,Y,T,V,G,Y,E,E,G,L,L,S,C,G,I,S,L,D,W,S,E,K,R,S,E,F,V,R,G,Y,N,H,P,C,G,W,F,C,V,P,L,K,D,N,P,N,R,S,L,L,T,G,Y,I,Q,T,D,L,R,G,M,I,P,Q,S,A,V,D,T,A,M,A,S,T,L,I,N,F,Y,G,D,L,Q,K,A,L
Tachyglossus_aculeatus,M,E,C,L,L,D,V,S,A,L,A,I,K,L,N,N,T,L,I,Q,Y,H,S,I,E,G,D,K,W,R,V,V,K,K,T,K,D,V,T,V,W,R,K,P,S,E,E,F,N,G,Y,L,Y,K,A,Q,G,I,V,K,D,V,A,N,R,V,I,D,H,I,R,P,G,P,C,R,L,D,W,D,S,L,M,T,T,M,D,I,V,E,Q,F,E,E,N,C,C,V,M,C,Y,T,T,A,G,Q,L,W,N,I,I,A,P,R,E,F,V,D,F,S,Y,T,T,Q,Y,Q,E,G,L,L,S,C,G,V,S,L,N,Y,G,E,T,R,P,N,F,V,R,G,H,N,H,P,C,G,W,F,C,V,P,L,P,D,N,L,D,H,S,L,L,T,G,Y,I,Q,T,D,L,R,G,R,L,P,Q,S,A,V,D,T,A,M,A,S,T,L,A,N,F,Y,S,D,L,R,K,A,L
Talpa_occidentalis,M,E,D,L,S,D,A,A,A,F,A,T,R,L,K,N,T,L,I,Q,Y,H,S,I,E,D,D,K,W,R,V,A,K,K,T,K,D,V,T,I,W,R,K,P,S,E,E,F,N,G,Y,L,F,K,A,Q,G,I,V,D,D,V,V,N,S,V,I,N,H,I,R,P,G,P,C,R,V,D,W,D,S,L,M,T,S,L,D,I,L,E,Q,F,E,E,N,C,C,V,M,R,Y,T,T,A,G,Q,L,W,N,I,I,S,P,R,E,F,V,D,F,S,Y,T,V,G,Y,K,E,G,L,L,S,C,G,I,S,L,D,W,N,E,N,R,P,E,F,V,R,G,F,N,Y,P,C,G,W,F,C,V,P,L,K,D,N,P,N,Q,S,L,L,T,G,Y,I,Q,T,D,L,R,G,M,V,P,Q,S,A,V,D,T,A,M,A,S,T,L,I,S,F,Y,D,D,L,R,K,T,L
Trichechus_manatus_latirostris,M,E,D,L,P,D,A,S,A,F,S,T,K,L,K,N,T,L,I,Q,Y,H,S,I,E,D,D,K,W,R,V,A,K,K,T,K,D,V,T,V,W,R,K,P,S,E,E,F,S,G,Y,L,Y,K,A,Q,G,V,I,D,D,I,V,N,S,V,I,D,H,I,R,P,G,P,C,R,L,D,W,D,S,L,M,T,S,L,D,I,L,E,H,F,E,E,N,C,C,V,M,R,Y,T,T,A,G,Q,L,W,N,I,I,S,P,R,E,F,V,D,F,S,Y,T,V,G,Y,K,E,G,L,L,S,C,G,I,S,L,D,W,S,E,K,R,S,E,F,V,R,G,Y,N,H,P,C,G,W,F,C,V,P,L,K,D,N,P,D,Q,S,L,L,T,G,Y,I,Q,T,D,L,R,G,M,I,P,Q,S,A,V,D,T,A,M,A,S,T,L,T,N,F,Y,G,D,L,R,K,A,L
Trichosurus_vulpecula,M,E,T,L,T,D,A,T,F,L,A,T,K,I,K,N,T,L,C,Q,Y,H,R,I,E,D,D,K,W,R,V,A,K,K,T,K,D,V,T,V,W,R,K,P,S,D,E,F,S,G,Y,L,Y,K,A,Q,G,V,M,E,H,V,T,N,D,V,I,D,H,I,R,P,G,P,C,R,L,D,W,D,S,L,M,T,S,M,D,I,V,E,Q,F,E,E,N,C,C,V,M,R,Y,T,T,A,G,Q,L,W,N,L,I,A,P,R,E,F,V,D,F,S,Y,T,T,Q,Y,E,D,G,L,L,S,C,G,I,S,V,H,Y,E,E,V,R,P,D,F,V,R,G,Y,N,H,P,C,G,W,F,C,V,P,L,K,D,S,F,D,R,S,L,L,T,G,Y,I,Q,T,D,L,R,G,M,L,P,Q,S,A,V,D,T,A,M,A,S,T,L,V,N,F,F,G,D,L,R,K,A,L
Ursus_arctos_horribilis,-,-,-,-,-,-,-,-,-,-,-,-,-,-,-,-,-,-,-,-,-,-,-,-,-,-,-,-,-,-,-,-,-,-,-,-,-,-,-,-,-,-,-,-,-,-,-,-,-,-,-,-,-,-,-,-,-,-,-,-,-,-,-,-,-,-,-,-,-,-,-,-,-,-,-,-,-,-,-,-,-,-,-,-,-,-,-,-,-,-,-,-,-,-,-,-,-,-,-,-,-,-,-,-,-,-,-,-,-,-,-,-,-,-,-,-,-,-,-,-,-,-,-,-,-,-,-,-,-,-,-,-,-,-,-,-,-,-,-,-,-,-,-,-,-,-,-,-,-,-,-,-,-,-,-,-,-,-,-,-,-,-,-,-,-,-,-,-,-,-,-,-,-,-,-,-,-,-,-,-,-,-,-,-,-,-,-,-,-,-,-,-,-,-,-,-,-,-,-,-,-,-,-,-,-
Vombatus_ursinus,M,E,A,L,T,D,A,T,F,L,A,T,K,I,K,N,T,L,Y,Q,Y,H,R,V,E,D,D,K,W,R,V,A,K,K,T,K,D,V,T,V,W,R,K,P,S,D,E,F,N,G,Y,L,Y,K,A,Q,G,I,M,E,D,V,T,D,N,V,I,D,Y,I,R,P,G,P,R,R,L,D,W,D,S,L,M,T,S,M,D,I,V,E,Q,F,E,E,N,C,C,V,M,R,Y,T,T,A,G,Q,L,W,N,L,I,A,P,R,E,F,V,D,F,S,Y,T,T,Q,Y,E,T,G,L,L,S,C,G,V,S,V,H,Y,E,E,V,R,P,D,F,V,R,G,Y,N,H,P,C,G,W,F,C,V,P,L,K,D,S,L,D,Q,S,L,L,T,G,Y,I,Q,T,D,L,R,G,M,L,P,Q,S,A,V,D,T,A,M,A,S,T,L,V,N,F,F,G,D,L,R,K,A,L
Vulpes_lagopus,M,E,G,L,P,D,A,A,A,F,A,T,R,L,K,N,T,L,I,Q,Y,H,S,I,E,D,D,K,W,R,V,A,K,K,V,K,D,V,T,I,W,R,K,P,S,E,E,F,N,G,Y,L,F,K,A,Q,G,V,I,D,D,I,V,S,S,V,I,D,H,I,R,P,G,P,Y,R,L,D,W,D,S,L,M,T,S,M,D,I,L,E,H,F,E,E,N,C,C,V,M,R,Y,T,T,A,G,Q,L,W,N,I,I,S,P,R,E,F,V,D,F,S,Y,T,V,G,Y,E,D,G,L,L,S,C,G,L,S,V,D,W,S,E,Q,R,P,E,F,I,R,G,F,N,H,P,C,G,W,F,C,V,P,R,K,D,N,P,Q,Q,S,L,L,T,G,Y,I,Q,T,D,L,R,G,M,I,P,Q,S,A,V,D,T,A,M,A,S,T,L,I,S,F,Y,A,D,L,R,K,A,L
Vulpes_vulpes,M,E,G,L,P,D,A,A,A,F,A,T,R,L,K,N,T,L,I,Q,Y,H,S,I,E,D,D,K,W,R,V,A,K,K,V,K,D,V,T,I,W,R,K,P,S,E,E,F,N,G,Y,L,F,K,A,Q,G,V,I,D,D,I,V,N,S,V,I,D,H,I,R,P,G,P,Y,R,L,D,W,D,S,L,M,T,S,M,D,I,L,E,H,F,E,E,N,C,C,V,M,R,Y,T,T,A,G,Q,L,W,N,I,I,S,P,R,E,F,V,D,F,S,Y,T,V,G,Y,E,D,G,L,L,S,C,G,L,S,V,D,W,S,E,Q,R,P,E,F,I,R,G,F,N,H,P,C,G,W,F,C,V,P,R,K,D,N,P,Q,Q,S,L,L,T,G,Y,I,Q,T,D,L,R,G,M,I,P,Q,S,A,V,D,T,A,M,A,S,T,L,I,S,F,Y,A,D,L,R,K,A,L
Zalophus_californianus,M,E,G,L,P,D,A,A,A,F,A,A,K,L,K,N,T,L,I,Q,Y,H,S,I,E,D,D,K,W,R,V,A,K,K,T,K,D,V,T,I,W,R,K,P,S,E,E,F,N,G,Y,L,F,K,A,Q,G,A,I,D,D,S,V,N,S,V,I,D,H,I,R,P,G,P,C,R,L,D,W,D,S,L,M,T,S,M,D,I,L,E,H,F,E,E,N,C,C,V,I,R,Y,T,T,A,G,Q,L,W,N,I,I,S,P,R,E,F,V,D,F,S,Y,T,V,G,Y,E,E,G,L,L,S,C,G,L,S,V,D,W,S,E,K,R,P,E,F,I,R,G,Y,N,H,P,C,G,W,F,C,V,R,H,K,D,N,P,H,Q,S,L,L,T,G,Y,I,Q,T,D,L,R,G,M,I,P,Q,S,A,V,D,T,A,M,A,S,T,L,V,N,F,Y,G,D,L,Q,K,A,L
shrew_mole,M,E,D,L,S,D,A,T,A,F,A,T,R,L,K,N,T,L,I,Q,Y,H,S,I,E,D,D,K,W,R,V,A,K,K,M,K,D,V,T,I,W,R,K,P,S,E,E,F,N,G,Y,L,F,K,A,Q,G,I,M,D,D,M,V,N,N,V,I,D,Y,I,R,P,G,P,C,R,L,D,W,D,S,L,M,T,S,L,D,I,L,E,Q,F,E,E,N,C,C,V,M,R,Y,T,T,A,G,Q,L,W,N,I,I,S,P,R,E,F,V,D,F,S,Y,T,I,G,Y,K,E,G,L,L,S,C,G,I,S,L,N,W,S,E,K,R,P,E,F,V,R,G,Y,N,H,P,C,G,W,F,C,E,P,L,K,D,N,P,N,Q,S,L,L,T,G,Y,I,Q,T,D,L,R,G,M,V,P,Q,S,A,V,D,T,A,M,A,S,T,L,I,S,F,Y,E,D,L,R,K,A,L
ZWS,M,E,G,L,P,D,V,A,S,F,S,T,K,L,Q,N,T,L,I,Q,Y,H,N,I,E,D,D,K,W,R,V,A,K,K,V,K,D,V,T,V,W,R,K,P,S,E,E,F,N,G,Y,L,Y,K,A,Q,G,V,I,D,D,I,V,I,N,I,I,D,H,I,R,P,G,P,W,R,L,D,W,D,R,L,M,T,S,M,D,I,L,E,H,F,E,E,N,C,C,V,M,R,Y,T,T,A,S,Q,L,W,N,I,I,S,P,R,E,F,V,D,F,S,Y,T,V,G,Y,K,G,G,L,L,S,C,G,S,S,L,E,S,S,G,-,-,-,-,-,-,-,-,-,-,-,-,-,-,-,-,-,-,P,L,L,-,-,-,-,-,-,-,-,-,-,-,-,-,-,-,-,-,-,-,-,-,-,-,-,-,-,-,-,-,-,-,-,-,-,-,-,-,-,-,-,-,-,-,-
