,THEM4 0,THEM4 1,THEM4 2,THEM4 3,THEM4 4,THEM4 5,THEM4 6,THEM4 7,THEM4 8,THEM4 9,THEM4 10,THEM4 11,THEM4 12,THEM4 13,THEM4 14,THEM4 15,THEM4 16,THEM4 17,THEM4 18,THEM4 19,THEM4 20,THEM4 21,THEM4 22,THEM4 23,THEM4 24,THEM4 25,THEM4 26,THEM4 27,THEM4 28,THEM4 29,THEM4 30,THEM4 31,THEM4 32,THEM4 33,THEM4 34,THEM4 35,THEM4 36,THEM4 37,THEM4 38,THEM4 39,THEM4 40,THEM4 41,THEM4 42,THEM4 43,THEM4 44,THEM4 45,THEM4 46,THEM4 47,THEM4 48,THEM4 49,THEM4 50,THEM4 51,THEM4 52,THEM4 53,THEM4 54,THEM4 55,THEM4 56,THEM4 57,THEM4 58,THEM4 59,THEM4 60,THEM4 61,THEM4 62,THEM4 63,THEM4 64,THEM4 65,THEM4 66,THEM4 67,THEM4 68,THEM4 69,THEM4 70,THEM4 71,THEM4 72,THEM4 73,THEM4 74,THEM4 75,THEM4 76,THEM4 77,THEM4 78,THEM4 79,THEM4 80,THEM4 81,THEM4 82,THEM4 83,THEM4 84,THEM4 85,THEM4 86,THEM4 87,THEM4 88,THEM4 89,THEM4 90,THEM4 91,THEM4 92,THEM4 93,THEM4 94,THEM4 95,THEM4 96,THEM4 97,THEM4 98,THEM4 99,THEM4 100,THEM4 101,THEM4 102,THEM4 103,THEM4 104,THEM4 105,THEM4 106,THEM4 107,THEM4 108,THEM4 109,THEM4 110,THEM4 111,THEM4 112,THEM4 113,THEM4 114,THEM4 115,THEM4 116,THEM4 117,THEM4 118,THEM4 119,THEM4 120,THEM4 121,THEM4 122,THEM4 123,THEM4 124,THEM4 125,THEM4 126,THEM4 127,THEM4 128,THEM4 129,THEM4 130,THEM4 131,THEM4 132,THEM4 133,THEM4 134,THEM4 135,THEM4 136,THEM4 137,THEM4 138,THEM4 139,THEM4 140,THEM4 141,THEM4 142,THEM4 143,THEM4 144,THEM4 145,THEM4 146,THEM4 147,THEM4 148,THEM4 149,THEM4 150,THEM4 151,THEM4 152,THEM4 153,THEM4 154,THEM4 155,THEM4 156,THEM4 157,THEM4 158,THEM4 159,THEM4 160,THEM4 161,THEM4 162,THEM4 163,THEM4 164,THEM4 165,THEM4 166,THEM4 167,THEM4 168,THEM4 169,THEM4 170,THEM4 171,THEM4 172,THEM4 173,THEM4 174,THEM4 175,THEM4 176,THEM4 177,THEM4 178,THEM4 179,THEM4 180,THEM4 181,THEM4 182,THEM4 183,THEM4 184,THEM4 185,THEM4 186,THEM4 187,THEM4 188,THEM4 189,THEM4 190,THEM4 191,THEM4 192,THEM4 193,THEM4 194,THEM4 195,THEM4 196,THEM4 197,THEM4 198,THEM4 199,THEM4 200,THEM4 201,THEM4 202,THEM4 203,THEM4 204,THEM4 205,THEM4 206,THEM4 207,THEM4 208,THEM4 209,THEM4 210,THEM4 211,THEM4 212,THEM4 213,THEM4 214,THEM4 215,THEM4 216,THEM4 217,THEM4 218,THEM4 219,THEM4 220,THEM4 221,THEM4 222,THEM4 223,THEM4 224,THEM4 225,THEM4 226,THEM4 227,THEM4 228
Chrysochloris_asiatica,M,L,R,S,C,A,V,R,L,R,T,L,R,V,L,-,-,-,-,-,-,-,-,P,R,S,F,S,S,E,E,V,T,L,E,D,Q,A,L,P,K,P,S,W,N,K,D,I,R,F,L,F,D,Q,F,M,K,K,C,E,D,G,S,W,E,R,L,M,S,T,-,-,-,-,-,-,-,-,-,-,-,-,-,-,-,-,-,-,-,-,-,K,E,D,L,I,S,Q,A,R,L,F,T,R,S,F,E,D,G,M,G,F,E,Y,V,M,F,Y,N,E,D,E,K,R,M,V,C,L,F,Q,G,G,P,Y,L,Q,G,A,P,G,F,A,H,G,G,S,L,A,A,M,M,D,I,P,V,G,-,-,-,-,-,-,-,-,-,-,-,-,-,-,-,-,-,-,-,-,-,-,-,-,-,-,-,-,-,-,-,-,-,-,-,-,-,-,-,-,-,-,-,-,-,-,-,-,-,-,-,-,-,-,-,-,-,-,-,-,-,-,-,-,-,-,-,-,-,-,-,-,-
Balaenoptera_acutorostrata_scammoni,M,L,R,S,C,T,A,A,L,R,T,L,R,T,L,P,A,A,R,D,P,V,L,A,R,W,F,S,T,E,K,V,I,P,K,D,H,A,L,P,N,P,S,W,S,K,D,L,R,L,L,F,D,Q,F,M,K,K,C,E,D,G,S,W,E,R,L,P,S,Y,K,-,-,-,-,-,-,-,-,-,-,-,-,-,-,-,N,S,K,L,V,K,-,E,Q,L,S,Q,A,Q,L,F,T,R,G,Y,E,D,G,L,G,F,E,Y,V,I,F,Y,N,D,D,E,K,R,T,V,C,L,F,Q,G,G,P,Y,L,Q,G,V,P,G,F,L,H,G,G,A,I,A,T,M,I,D,A,T,V,G,M,C,A,A,I,P,G,G,I,V,M,T,A,N,L,N,I,N,F,K,R,P,I,P,L,C,S,V,V,V,I,N,S,Q,L,D,K,I,E,G,R,K,L,F,L,S,C,N,V,R,S,V,D,E,K,I,L,Y,S,E,A,T,G,L,F,I,K,L,D,P,E,K,S
Balaenoptera_musculus,M,L,R,S,C,T,A,A,L,R,T,L,R,A,L,P,A,A,R,D,P,-,-,-,R,W,F,S,T,E,K,V,I,P,K,D,H,A,L,P,N,P,S,W,S,K,D,L,R,L,L,F,D,Q,F,M,K,K,C,E,D,G,S,W,E,R,L,P,S,Y,K,-,-,-,-,-,-,-,-,-,-,-,-,-,-,-,N,S,K,L,V,K,-,E,Q,L,S,Q,A,Q,L,F,T,R,G,Y,E,D,G,L,G,F,E,Y,V,I,F,Y,N,D,D,E,K,R,T,V,C,L,F,Q,G,G,P,Y,L,Q,G,V,P,G,F,L,H,G,G,A,I,A,T,M,I,D,A,T,V,G,M,C,A,A,I,P,G,G,I,V,M,T,A,N,L,N,I,N,F,K,R,P,I,P,L,C,S,V,V,V,I,N,S,Q,L,D,K,I,E,G,R,K,L,F,L,S,C,N,V,R,S,V,D,E,K,I,L,Y,S,E,A,T,G,L,F,I,K,L,D,P,E,K,S
Echinops_telfairi,-,-,-,-,-,-,-,-,-,-,-,-,-,-,-,-,-,-,-,-,-,-,-,-,R,L,F,S,S,E,E,V,S,L,K,D,H,A,L,P,K,P,S,W,I,K,E,F,R,L,L,F,D,Q,F,M,K,K,C,E,D,G,S,W,E,R,L,P,S,Y,R,Y,-,-,-,-,-,-,-,-,-,-,-,-,-,-,-,-,-,-,-,-,-,-,-,-,E,Q,A,R,L,F,T,R,S,F,E,D,G,L,G,F,E,Y,V,M,F,Y,N,D,H,E,K,R,I,V,C,L,F,Q,G,G,P,Y,L,Q,G,P,P,G,F,M,H,G,G,A,I,S,T,L,I,D,A,T,L,G,M,N,A,M,I,V,G,G,L,I,M,T,G,N,L,N,I,N,F,R,R,-,-,-,-,-,-,-,-,-,-,-,-,-,-,-,-,-,-,-,-,-,-,-,-,-,-,-,-,-,-,-,-,-,-,-,-,-,-,-,-,-,-,-,-,-,-,-,-,-,-,-,-
Delphinapterus_leucas,M,L,R,S,C,T,A,A,L,R,T,L,R,A,L,P,A,A,R,D,P,V,L,A,R,W,F,S,T,E,K,V,I,P,K,D,H,A,L,P,N,P,S,W,S,K,D,L,R,L,L,F,D,Q,F,M,K,K,C,E,D,G,S,W,E,R,L,P,S,Y,K,-,-,-,-,-,-,-,-,-,-,-,-,-,-,-,N,S,K,L,V,K,-,E,Q,L,S,Q,A,Q,L,F,T,R,G,Y,E,D,G,L,G,F,E,Y,V,I,F,Y,N,D,D,E,K,R,T,V,C,L,F,Q,G,G,P,Y,L,Q,G,V,P,G,F,L,H,G,G,A,I,A,T,M,I,D,A,T,V,G,M,C,A,A,I,P,G,G,I,V,M,T,A,N,L,N,I,N,F,K,R,P,I,P,L,C,S,V,V,V,I,N,S,Q,L,D,K,I,E,G,R,K,L,F,L,S,C,N,V,R,S,A,D,E,K,I,L,Y,S,E,A,T,G,L,F,I,K,L,D,P,E,K,S
Globicephala_melas,M,L,R,S,C,T,A,A,L,R,T,L,R,A,L,P,A,A,R,D,P,V,L,A,R,W,F,S,T,E,K,V,I,P,R,D,H,A,L,P,N,P,S,W,S,K,D,L,R,L,L,F,D,Q,F,M,K,K,C,E,D,G,S,W,E,R,L,P,S,Y,K,-,-,-,-,-,-,-,-,-,-,-,-,-,-,-,N,S,K,L,V,K,-,E,Q,L,S,Q,A,Q,L,F,T,R,G,Y,E,D,G,L,G,F,E,Y,V,I,F,Y,N,D,D,E,K,R,T,V,C,L,F,Q,G,G,P,Y,L,Q,G,V,P,G,F,L,H,G,G,A,I,A,T,M,I,D,A,T,V,G,M,C,A,A,I,P,G,G,I,V,M,T,A,N,L,N,I,N,F,K,R,P,I,P,L,C,S,V,V,V,I,N,S,Q,L,D,K,I,E,G,R,K,F,F,L,S,C,T,V,R,S,V,D,E,K,I,L,Y,S,E,A,T,G,L,F,I,K,L,D,P,E,K,S
Lagenorhynchus_obliquidens,M,L,R,S,C,T,A,A,L,R,T,L,R,A,L,P,A,A,R,D,P,V,L,A,R,W,F,S,T,E,K,V,I,P,K,D,Y,A,L,P,N,P,S,W,S,K,D,L,R,L,L,F,D,Q,F,M,K,K,C,E,D,G,S,W,E,R,L,P,S,Y,K,-,-,-,-,-,-,-,-,-,-,-,-,-,-,-,N,S,K,L,V,K,-,E,Q,L,S,Q,A,Q,L,F,T,R,G,Y,E,D,G,L,G,F,E,Y,V,I,F,Y,N,D,D,E,K,R,T,V,C,L,F,Q,G,G,P,Y,L,Q,G,V,P,G,F,L,H,G,G,A,I,A,T,M,I,D,A,T,V,G,M,C,A,A,I,P,G,G,I,V,M,T,A,N,L,N,I,N,F,K,R,P,I,P,L,C,S,V,V,V,I,N,S,Q,L,D,K,I,E,G,R,K,F,F,L,S,C,T,V,R,S,V,D,E,K,I,L,Y,S,E,A,T,G,L,F,I,K,L,D,P,E,K,S
Lipotes_vexillifer,M,L,R,S,C,T,A,A,L,R,T,L,Q,A,L,P,A,A,R,D,P,V,L,A,R,W,F,S,T,E,K,V,I,P,K,D,H,A,L,P,N,P,S,W,S,K,D,L,R,L,L,F,D,Q,F,M,K,K,C,E,D,G,S,W,E,R,L,P,S,Y,K,S,K,Y,T,Q,K,S,E,D,F,K,T,Y,F,L,D,S,K,L,V,K,-,E,Q,L,S,Q,A,Q,L,F,T,R,G,Y,E,D,G,L,G,F,E,Y,V,I,F,Y,N,D,D,E,K,R,T,V,C,L,F,Q,G,G,P,Y,L,Q,G,V,P,G,F,L,H,G,G,A,I,A,T,M,I,D,A,A,V,G,M,C,A,A,I,P,G,G,I,V,M,T,A,N,L,N,I,N,F,K,R,P,I,P,L,C,S,V,V,V,I,N,S,Q,L,D,K,I,E,G,R,K,L,F,L,S,C,N,V,R,S,V,D,E,K,I,L,Y,S,E,A,T,G,L,F,I,K,L,D,P,E,K,S
Monodon_monoceros,M,L,R,S,C,T,A,A,L,R,T,L,R,A,L,P,A,A,R,D,P,V,L,A,R,W,F,S,T,E,K,V,I,P,K,D,H,A,L,P,N,P,S,W,S,K,D,L,R,L,L,F,D,Q,F,M,K,K,C,E,D,G,S,W,E,R,L,P,S,Y,K,-,-,-,-,-,-,-,-,-,-,-,-,-,-,-,N,S,K,L,V,K,-,E,Q,L,S,Q,A,Q,L,F,T,R,G,Y,E,D,G,L,G,F,E,Y,V,I,F,Y,N,D,D,E,K,R,T,V,C,L,F,Q,G,G,P,Y,L,Q,G,V,P,G,F,L,H,G,G,A,I,A,T,M,I,D,A,T,V,G,M,C,A,A,I,P,G,G,I,V,M,T,A,N,L,N,I,N,F,K,R,P,I,P,L,C,S,V,V,V,I,N,S,Q,L,D,K,I,E,G,R,K,L,F,L,S,C,N,V,R,S,A,D,E,K,I,L,Y,S,E,A,T,G,L,F,I,K,L,D,P,E,K,S
Neophocaena_asiaeorientalis_asiaeorientalis,M,L,R,S,C,T,A,A,L,R,T,L,R,A,L,P,A,A,R,D,P,V,L,A,R,W,F,S,T,E,K,V,I,P,K,D,H,A,L,P,N,P,S,W,S,K,D,L,R,L,L,F,D,Q,F,M,K,K,C,E,D,G,S,W,E,R,L,P,S,Y,K,-,-,-,-,-,-,-,-,-,-,-,-,-,-,-,N,S,K,L,V,K,-,E,Q,L,S,Q,A,Q,L,F,T,R,G,Y,E,D,G,L,G,F,E,Y,V,I,F,Y,N,D,D,E,K,R,T,V,C,L,F,Q,G,G,P,Y,L,Q,G,V,P,G,F,L,H,G,G,A,I,A,T,M,I,D,A,A,V,G,M,C,A,A,I,P,G,G,I,V,M,T,A,N,L,N,I,N,F,K,R,P,I,P,L,C,S,V,V,V,I,N,S,Q,L,D,K,I,E,G,R,K,L,F,L,S,C,T,V,R,S,A,D,E,K,I,L,Y,S,E,A,T,G,L,F,I,K,L,D,P,E,K,S
Orcinus_orca,M,L,R,R,C,T,A,A,L,R,T,L,R,A,L,P,A,A,R,D,P,V,L,A,R,W,F,S,T,E,K,V,I,P,K,D,Y,A,L,P,N,P,S,W,S,K,D,L,R,L,L,F,D,Q,F,M,K,K,C,E,D,G,S,W,E,R,L,P,S,Y,K,-,-,-,-,-,-,-,-,-,-,-,-,-,-,-,N,S,K,L,V,K,-,E,Q,L,S,Q,A,Q,L,F,T,R,G,Y,E,D,G,L,G,F,E,Y,V,I,F,Y,N,D,D,E,K,R,T,V,C,L,F,Q,G,G,P,Y,L,Q,G,V,P,G,F,L,H,G,G,A,I,A,T,M,I,D,A,T,V,G,M,C,A,A,I,P,G,G,I,V,M,T,A,N,L,N,I,N,F,K,R,P,I,P,L,C,S,V,V,V,I,N,S,Q,L,D,K,I,E,G,R,K,F,F,L,S,C,T,V,R,S,V,D,E,K,I,L,Y,S,E,A,T,G,L,F,I,K,L,D,P,E,K,S
Phocoena_sinus,M,L,R,S,C,T,A,A,L,R,T,L,R,A,L,P,A,A,R,D,P,V,L,A,R,W,F,S,T,E,K,V,I,P,K,D,H,A,L,P,N,P,S,W,S,K,D,L,R,L,L,F,D,Q,F,M,K,K,C,E,D,G,S,W,E,R,L,P,S,Y,K,-,-,-,-,-,-,-,-,-,-,-,-,-,-,-,N,S,K,L,V,K,-,E,Q,L,S,Q,A,Q,L,F,T,R,G,Y,E,D,G,L,G,F,E,Y,V,I,F,Y,N,D,D,E,K,R,T,V,C,L,F,Q,G,G,P,Y,L,Q,G,V,P,G,F,L,H,G,G,A,I,A,T,M,I,D,A,A,V,G,M,C,A,A,I,P,G,G,I,V,M,T,A,N,L,N,I,N,F,K,R,P,I,P,L,C,S,V,V,V,I,N,S,Q,L,D,K,I,E,G,R,K,L,F,L,S,C,T,V,R,S,A,D,E,K,I,L,Y,S,E,A,T,G,L,F,I,K,L,D,P,E,K,S
Physeter_catodon,M,M,R,S,C,T,A,A,L,R,T,L,R,V,L,P,A,A,R,H,P,V,L,A,R,W,F,S,T,E,K,V,I,P,K,D,Q,A,L,P,N,P,S,W,S,K,D,L,R,L,L,F,D,Q,F,M,K,K,C,E,D,G,S,W,E,R,L,P,S,Y,K,-,-,-,-,-,-,-,-,-,-,-,-,-,-,-,N,S,K,L,V,K,-,E,Q,L,S,Q,A,Q,L,F,T,R,G,Y,E,D,G,L,G,F,E,Y,V,M,F,Y,N,D,D,E,K,R,T,V,C,L,F,Q,G,G,P,Y,L,Q,G,V,P,G,F,L,H,G,G,A,I,A,T,M,I,D,A,T,V,G,V,C,A,A,I,P,G,G,I,V,M,T,A,N,L,N,I,N,F,K,R,P,I,P,L,C,S,V,V,V,I,N,S,Q,L,D,K,I,E,G,R,K,L,F,L,S,C,D,V,R,S,V,D,E,K,I,L,Y,S,E,A,T,S,L,F,I,K,L,D,P,E,K,S
Tursiops_truncatus,M,L,R,S,C,T,A,A,L,R,T,L,R,A,L,P,A,A,R,D,P,V,L,V,R,W,F,S,T,E,K,V,I,P,K,D,Y,A,L,P,N,P,S,W,S,K,D,L,R,L,L,F,D,Q,F,M,K,K,C,E,D,G,S,W,E,R,L,P,S,Y,K,-,-,-,-,-,-,-,-,-,-,-,-,-,-,-,N,S,K,L,V,K,-,E,Q,L,S,Q,A,Q,L,F,T,R,G,Y,E,D,G,L,G,F,E,Y,V,I,F,Y,N,D,D,E,K,R,T,V,C,L,F,Q,G,G,P,Y,L,Q,G,V,P,G,F,L,H,G,G,A,I,A,T,M,I,D,A,T,V,G,M,C,A,A,I,P,G,G,I,V,M,T,A,N,L,N,I,N,F,K,R,P,I,P,L,C,S,V,V,V,I,N,S,Q,L,D,K,I,E,G,R,K,F,F,L,S,C,T,V,R,S,V,D,E,K,I,L,Y,S,E,A,T,G,L,F,I,K,L,D,P,E,K,S
Acinonyx_jubatus,M,L,R,S,C,V,S,R,L,R,T,L,A,V,L,L,P,A,K,D,-,-,-,P,R,S,F,S,S,E,-,V,I,H,M,D,L,S,L,P,N,P,S,W,N,E,D,M,R,L,L,F,D,Q,F,M,K,K,S,E,D,G,S,W,K,R,L,P,S,Y,K,S,K,F,T,Q,R,T,E,D,I,K,I,Y,F,-,D,A,K,L,M,K,E,K,-,L,S,Q,A,Q,L,F,P,R,S,L,E,E,G,L,G,F,E,Y,A,M,F,H,N,C,V,E,D,R,T,V,C,I,F,Q,G,G,P,Y,L,Q,G,A,P,G,F,L,H,G,G,A,I,A,T,M,I,D,A,T,L,G,T,C,A,V,V,A,V,G,V,A,M,T,A,S,L,N,I,S,F,K,R,P,I,P,L,G,S,V,V,V,I,N,S,Q,V,D,K,V,E,G,R,K,L,F,L,S,C,N,I,Q,S,V,D,E,K,T,V,Y,S,E,A,T,S,L,F,V,K,L,D,P,K,T,R
Acomys_russatus,M,L,R,S,C,A,V,R,L,R,A,L,G,A,-,P,P,A,R,G,P,G,A,A,R,L,F,S,S,E,E,V,T,Q,K,D,Y,A,L,P,N,P,S,W,D,K,D,L,R,L,L,F,G,Q,F,M,K,K,C,E,D,G,S,W,K,R,L,P,S,Y,R,Q,N,P,S,Q,V,L,Q,D,F,H,T,R,F,V,D,P,R,L,R,K,E,E,-,-,-,-,A,Q,Q,F,T,R,S,L,E,E,G,L,G,F,E,Y,V,M,F,H,N,S,I,E,K,R,V,V,C,I,F,Q,G,G,L,H,L,Q,G,V,P,G,F,V,H,G,G,A,I,A,T,M,V,D,A,T,T,G,T,C,A,I,-,S,E,G,I,A,M,T,A,N,L,N,I,N,Y,R,K,P,I,P,L,S,S,V,V,V,L,N,S,Q,L,Q,K,I,E,G,R,K,L,Y,V,S,C,T,I,Q,S,A,D,E,K,I,L,Y,T,E,A,T,A,L,F,I,K,L,D,P,D,K,R
Arvicanthis_niloticus,M,L,R,R,C,A,M,R,L,R,T,F,G,A,-,T,P,A,R,R,P,G,A,A,R,L,F,S,S,E,K,V,I,R,K,D,Y,A,L,P,N,P,S,W,T,K,D,L,R,L,L,F,D,Q,F,M,K,K,C,E,D,G,S,W,K,R,L,P,S,Y,R,Q,T,P,T,Q,T,L,Q,E,F,Q,T,R,F,V,D,S,K,F,K,K,E,E,Q,M,S,K,A,Q,Q,F,S,R,S,L,E,E,G,Q,G,F,E,Y,V,M,F,Y,N,N,V,E,K,R,M,V,C,L,F,Q,G,G,L,H,L,Q,G,A,P,G,F,V,H,G,G,A,I,A,T,I,I,D,I,T,T,G,M,C,A,I,-,A,E,G,V,A,M,T,A,N,L,N,I,N,Y,K,K,P,I,P,L,L,S,V,V,V,V,N,S,Q,L,Q,K,I,E,G,R,K,L,F,I,S,C,T,I,Q,S,I,D,E,K,T,L,Y,T,E,A,T,A,L,F,I,K,L,D,P,D,K,P
Bison_bison_bison,M,L,R,S,C,T,A,G,L,R,S,I,W,A,L,-,-,-,-,-,-,-,-,A,R,L,F,S,T,E,K,V,I,H,K,D,W,A,L,P,N,P,S,W,S,K,D,L,K,L,L,F,D,Q,F,M,K,K,C,E,D,G,S,W,E,R,L,P,S,Y,K,R,R,S,T,Q,E,S,E,D,F,T,T,Y,F,L,D,P,K,L,G,E,E,E,R,L,S,Q,A,Q,L,F,T,R,G,F,E,D,G,L,G,F,E,Y,V,I,F,K,N,N,D,E,K,R,T,V,C,L,F,Q,G,G,P,Y,L,Q,G,V,P,G,L,L,H,G,G,A,M,A,T,M,I,D,I,A,L,G,S,C,-,-,-,T,G,G,A,V,M,T,A,N,L,N,I,N,F,K,R,P,V,P,L,C,S,V,V,V,I,N,S,Q,L,D,K,L,E,G,R,K,L,F,L,S,C,N,V,R,S,V,D,E,K,T,L,Y,S,E,A,T,G,L,F,I,K,V,D,P,E,K,R
Bos_indicus,M,L,R,S,C,T,A,G,L,R,S,I,W,A,L,-,-,-,-,-,-,-,-,A,R,L,F,S,T,E,K,V,I,H,K,D,W,A,L,P,N,P,S,W,S,K,D,L,K,L,L,F,D,Q,F,M,K,K,C,E,D,G,S,W,E,R,L,P,S,Y,K,-,R,S,T,Q,E,S,E,D,F,K,T,Y,F,L,D,P,K,L,V,E,E,-,-,-,-,-,A,Q,L,F,T,R,G,F,E,D,G,L,G,F,E,Y,V,I,F,K,N,N,D,E,K,R,T,V,C,L,F,Q,G,G,P,Y,L,Q,G,V,P,G,L,L,H,G,G,A,M,A,T,M,I,D,I,A,L,G,S,C,-,-,-,T,G,G,A,V,M,T,A,N,L,N,I,N,F,K,R,P,V,P,L,C,S,V,V,V,I,N,S,Q,L,D,K,L,E,G,R,K,L,F,L,S,C,N,V,R,S,V,D,E,K,T,L,Y,S,E,A,T,G,L,F,I,K,L,D,P,E,K,S
Bos_mutus,M,L,R,S,C,T,A,G,L,R,S,I,W,A,L,-,-,-,-,-,-,-,-,A,R,L,F,S,T,E,K,V,I,H,K,D,W,A,L,P,N,P,S,W,S,K,D,L,K,L,L,F,D,Q,F,M,K,K,C,E,D,G,S,W,E,R,L,P,S,Y,K,R,R,S,T,Q,E,S,E,D,F,K,T,Y,F,L,D,P,K,L,G,E,E,E,R,L,S,Q,A,Q,L,F,T,R,G,F,E,D,G,L,G,F,E,Y,V,I,F,K,N,N,D,E,K,R,T,V,C,L,F,Q,G,G,P,Y,L,Q,G,V,P,G,L,L,H,G,G,A,M,A,T,M,I,D,I,A,L,G,S,C,-,-,-,T,G,G,A,V,M,T,A,N,L,N,I,N,F,K,R,P,V,P,L,C,S,V,V,V,I,N,S,Q,L,D,K,L,E,G,R,K,L,F,L,S,C,N,V,R,S,V,D,E,K,T,L,Y,S,E,A,T,G,L,F,I,K,L,D,P,E,K,R
Bos_taurus,M,L,R,S,C,T,A,G,L,R,S,I,W,A,L,-,-,-,-,-,-,-,-,A,R,L,F,S,T,E,K,V,I,H,K,D,W,A,L,P,N,P,S,W,S,K,D,L,K,L,L,F,D,Q,F,M,K,K,C,E,D,G,S,W,E,R,L,P,S,Y,K,R,R,S,T,Q,E,S,E,D,F,K,T,Y,F,L,D,P,K,L,V,E,E,E,R,L,S,Q,A,Q,L,F,T,R,G,F,E,D,G,L,G,F,E,Y,V,I,F,K,N,N,D,E,K,R,T,V,C,L,F,Q,G,G,P,Y,L,Q,G,V,P,G,L,L,H,G,G,A,M,A,T,M,I,D,I,A,L,G,S,C,-,-,-,T,G,G,A,V,M,T,A,N,L,N,I,N,F,K,R,P,V,P,L,C,S,V,V,V,I,N,S,Q,L,D,K,L,E,G,R,K,L,F,L,S,C,N,V,R,S,V,D,E,K,T,L,Y,S,E,A,T,G,L,F,I,K,L,D,P,E,K,S
Bubalus_bubalis,M,L,R,S,C,T,A,G,L,R,S,L,W,A,L,-,-,-,-,-,-,-,-,A,R,L,F,S,T,E,K,V,I,H,K,D,W,A,L,P,N,P,S,W,S,K,D,F,K,L,L,F,D,Q,F,M,K,K,C,E,D,G,S,W,E,R,L,P,S,Y,K,H,R,S,T,Q,E,S,E,D,S,K,T,N,F,F,D,P,K,L,V,E,E,E,R,L,S,Q,V,Q,L,F,T,R,S,F,E,D,G,L,G,F,E,Y,V,I,F,K,N,N,D,E,K,R,T,V,C,L,F,Q,G,G,P,Y,L,Q,G,I,P,G,L,L,H,G,G,A,M,A,T,M,I,D,I,A,L,G,S,C,-,-,-,T,G,E,A,I,M,T,A,N,L,N,I,N,F,K,R,P,V,P,L,C,S,V,V,V,I,N,S,Q,L,D,K,L,E,G,R,K,L,F,L,S,C,N,V,R,S,V,D,E,K,T,L,Y,S,E,A,T,G,L,F,I,K,L,N,P,E,K,R
Budorcas_taxicolor,M,L,R,S,C,T,A,G,L,R,S,L,W,A,L,-,-,-,-,-,-,-,-,A,R,L,F,S,T,E,K,A,I,H,K,D,W,A,L,P,N,P,S,W,S,K,D,L,K,L,L,F,D,Q,F,M,K,K,C,E,D,G,S,W,E,R,L,P,S,Y,K,H,R,S,T,Q,K,S,E,D,F,K,T,Y,F,L,D,P,Q,L,V,E,G,E,G,S,S,Q,A,Q,L,F,T,R,G,F,E,D,G,L,G,F,E,Y,V,I,F,N,N,N,D,E,K,R,T,V,C,L,F,Q,G,G,P,Y,L,Q,G,I,P,G,F,L,H,G,G,A,I,A,T,V,I,D,V,A,L,G,S,C,T,A,V,S,G,G,A,V,M,T,A,N,L,N,I,N,F,K,R,P,V,P,L,C,S,V,V,V,I,N,S,Q,L,D,K,V,E,G,R,K,L,F,V,S,C,N,V,R,S,V,D,E,K,T,L,Y,S,E,A,T,G,L,F,I,K,L,D,P,K,K,S
Callithrix_jacchus,M,L,R,S,C,A,A,R,L,R,T,L,G,A,V,-,-,-,-,-,-,-,-,-,R,S,F,S,S,E,E,V,F,L,K,D,C,S,V,P,N,P,S,W,N,K,D,L,R,L,L,F,D,Q,F,T,K,K,C,E,D,G,S,W,K,R,L,S,S,Y,K,R,V,S,A,P,V,I,K,D,F,K,T,H,F,L,D,P,E,H,M,T,E,E,Q,M,S,Q,A,Q,L,F,T,R,S,F,D,E,G,L,G,F,E,Y,V,M,F,Y,N,D,V,E,K,R,M,V,C,L,F,Q,A,G,P,Y,L,E,G,V,P,G,F,L,H,G,G,A,I,A,T,M,V,D,A,T,L,G,T,C,A,M,I,I,G,G,V,V,M,T,A,N,L,N,I,N,Y,K,R,P,V,P,L,C,S,V,L,V,I,N,S,Q,L,D,K,V,E,G,R,K,L,F,F,S,C,N,V,Q,S,V,D,E,K,T,L,Y,S,E,A,T,S,L,L,I,K,L,K,P,-,-,-
Camelus_bactrianus,-,-,-,-,-,-,-,-,-,-,-,-,-,-,-,-,-,-,-,-,-,-,-,-,R,S,F,S,T,E,K,V,I,H,K,D,H,S,L,P,N,P,S,W,S,K,D,L,R,L,L,F,D,Q,F,M,K,K,C,E,D,G,S,W,K,H,L,P,S,-,-,-,-,-,-,-,-,-,-,-,F,K,T,Y,F,L,D,S,K,P,V,K,E,D,Q,L,S,Q,A,R,P,F,T,R,S,Y,E,V,G,Q,G,F,E,Y,A,M,F,Y,N,E,D,E,K,R,T,V,C,L,F,Q,G,G,P,Y,L,E,G,P,P,G,F,L,H,G,G,A,L,A,T,M,I,D,T,T,L,G,V,C,-,-,-,-,-,-,-,-,M,T,A,N,L,N,I,N,F,K,S,P,I,P,L,C,S,V,V,V,I,S,S,Q,L,D,K,V,E,G,R,K,V,F,V,S,C,N,V,R,S,V,D,E,K,T,L,H,S,D,A,T,-,-,-,-,-,-,-,-,-,-,-
Camelus_dromedarius,M,L,R,S,C,A,A,R,P,R,T,L,S,A,L,R,P,A,R,D,P,G,P,A,R,S,F,S,T,E,K,V,I,H,K,D,R,S,L,P,N,P,S,W,S,K,D,L,R,L,L,F,D,Q,F,M,K,K,C,E,D,G,S,W,K,H,L,P,S,-,-,-,-,-,-,-,-,-,-,-,F,K,T,Y,F,L,D,S,K,P,V,K,E,D,Q,L,S,Q,A,R,P,F,T,R,S,Y,E,V,G,Q,G,F,E,Y,V,M,F,Y,N,E,D,E,K,R,T,V,C,L,F,Q,G,G,P,Y,L,E,G,P,P,G,F,L,H,G,G,A,L,A,T,M,I,D,T,T,L,G,V,C,-,-,-,-,-,-,-,-,M,T,A,N,L,N,I,N,F,K,S,P,I,P,L,C,S,V,V,V,I,S,S,Q,L,D,K,V,E,G,R,K,V,F,V,S,C,N,V,R,S,V,D,E,K,T,L,H,S,D,A,T,-,-,-,-,-,-,-,-,-,-,-
Camelus_ferus,M,L,R,S,C,A,A,R,P,R,T,L,S,A,L,R,P,A,R,D,P,G,P,A,R,S,F,S,T,E,K,V,I,H,K,D,H,S,L,P,N,P,S,W,S,K,D,L,R,L,L,F,D,Q,F,M,K,K,C,E,D,G,S,W,K,H,L,P,S,-,-,-,-,-,-,-,-,-,-,-,F,K,T,Y,F,L,D,S,K,P,V,K,E,D,Q,L,S,Q,A,R,P,F,T,R,S,Y,E,V,G,Q,G,F,E,Y,A,M,F,Y,N,E,D,E,K,R,T,V,C,L,F,Q,G,G,P,Y,L,E,G,P,P,G,F,L,H,G,G,A,L,A,T,M,I,D,T,T,L,G,V,C,-,-,-,-,-,-,-,-,M,T,A,N,L,N,I,N,F,K,S,P,I,P,L,C,S,V,V,V,I,S,S,Q,L,D,K,V,E,G,R,K,V,F,V,S,C,N,V,R,S,V,D,E,K,T,L,H,S,D,A,T,-,-,-,-,-,-,-,-,-,-,-
Capra_hircus,M,L,R,S,C,T,A,G,L,R,S,L,W,A,L,-,-,-,-,-,-,-,-,A,R,L,F,S,T,E,K,A,V,H,K,D,W,A,L,P,N,P,S,W,S,K,D,L,K,L,L,F,D,Q,F,M,K,K,C,E,D,G,S,W,E,R,L,P,S,Y,K,H,T,C,T,Q,K,N,E,D,F,K,T,Y,F,L,D,P,Q,L,V,E,-,E,G,L,S,Q,A,Q,L,F,T,R,G,F,E,D,G,L,G,F,E,Y,V,I,F,N,N,N,D,E,K,R,T,V,C,L,F,Q,G,G,P,Y,L,Q,G,I,P,G,F,L,H,G,G,A,I,A,T,M,I,D,V,A,L,G,S,C,A,A,V,S,G,G,A,I,M,T,A,N,L,N,I,N,F,K,R,P,V,P,L,C,S,V,V,V,V,N,S,Q,L,D,K,L,E,G,R,K,L,F,V,S,C,N,I,R,S,V,D,E,K,T,L,Y,S,E,A,T,G,L,F,I,K,L,D,P,K,K,K
Cebus_imitator,M,L,R,S,C,A,A,R,L,R,T,L,R,A,-,-,-,-,-,E,P,R,A,A,R,S,F,S,S,E,E,V,F,H,K,D,C,A,V,P,N,P,S,W,N,K,D,L,R,L,L,F,D,Q,F,T,K,K,C,E,D,G,S,W,K,R,L,S,S,Y,K,-,-,-,-,-,-,-,-,D,F,Q,T,H,F,L,D,P,K,H,M,K,E,E,Q,T,S,K,A,R,L,F,T,R,S,F,D,E,G,L,G,F,E,Y,V,M,F,Y,N,D,I,E,K,R,M,V,C,F,F,Q,G,G,P,H,L,E,G,T,P,G,F,L,H,G,G,A,I,A,T,M,V,D,A,T,F,G,M,C,A,I,I,T,G,G,V,V,M,T,A,N,L,N,I,N,Y,K,R,P,V,P,L,C,S,V,V,V,I,N,C,Q,L,D,K,V,E,G,R,K,I,F,V,S,C,S,V,Q,S,V,D,E,K,T,L,Y,S,E,A,T,S,L,F,I,K,L,E,P,-,-,-
Ceratotherium_simum_simum,M,L,R,S,C,L,A,R,L,R,T,L,G,A,L,P,P,A,T,D,T,G,P,A,R,L,F,S,S,E,E,V,I,L,K,D,Y,S,V,P,N,P,S,W,S,K,D,L,R,L,L,Y,D,Q,Y,M,K,K,C,E,D,G,S,W,K,R,L,P,S,Y,R,D,V,A,-,-,-,-,-,-,-,-,-,-,H,L,D,S,K,L,I,K,E,E,Q,M,P,Q,A,R,I,F,I,R,S,Y,E,D,G,L,G,F,E,F,V,M,F,H,N,D,V,E,K,K,T,V,C,L,F,Q,G,G,P,Y,L,Q,G,L,S,G,W,L,H,G,G,A,M,A,T,M,I,D,I,T,S,G,M,A,A,S,I,-,G,E,R,I,V,T,A,N,L,N,I,D,F,K,R,P,V,P,L,Y,S,V,V,V,I,N,S,Q,L,Y,K,A,E,G,R,K,L,F,V,S,C,D,V,R,S,V,D,G,K,T,L,Y,A,E,A,T,S,L,F,V,K,L,D,P,E,K,S
Cercocebus_atys,M,L,R,S,C,A,A,R,L,R,T,L,G,A,L,L,P,G,R,E,P,R,P,A,R,S,F,S,S,E,E,V,I,L,K,D,Y,S,V,P,N,P,S,W,N,K,D,L,R,L,L,F,D,Q,F,M,K,K,C,E,D,G,S,W,K,R,L,P,S,Y,K,R,I,P,A,E,K,I,Q,D,F,K,T,H,L,L,D,P,K,L,V,K,E,E,Q,M,S,Q,T,Q,L,F,T,R,S,F,D,D,G,L,G,F,E,Y,V,M,F,Y,S,D,V,E,K,R,M,V,C,L,F,Q,G,G,P,Y,L,E,G,P,P,G,F,V,H,G,G,A,I,A,T,M,I,D,S,T,V,G,M,C,A,L,M,A,G,G,V,V,M,T,A,N,L,N,I,N,Y,K,R,P,I,P,L,C,S,V,V,M,I,N,S,Q,L,D,K,V,E,G,R,K,F,F,V,S,C,N,V,Q,S,V,D,E,Q,T,L,Y,S,E,A,T,S,T,L,I,-,-,-,-,-,-,-
Cervus_canadensis,M,L,R,S,C,T,A,G,L,R,S,L,W,A,L,R,P,S,T,D,L,Q,P,A,R,L,F,S,A,E,K,V,I,H,K,D,W,A,L,P,N,P,S,W,S,K,D,L,K,L,L,F,D,Q,F,M,K,K,C,E,D,G,S,W,Q,R,L,P,S,Y,R,H,T,S,T,Q,I,R,E,D,F,K,T,Y,F,L,E,Q,K,V,V,K,E,G,R,L,S,Q,V,Q,L,F,T,R,G,F,E,D,G,L,G,F,E,Y,V,I,F,S,N,N,D,E,K,R,T,V,C,L,F,Q,G,G,P,Y,L,E,G,K,P,G,F,L,H,G,G,A,I,A,A,I,I,D,T,A,L,G,S,C,A,T,I,P,G,K,V,V,M,T,A,N,L,N,I,N,F,K,R,P,V,P,L,C,S,V,V,V,I,N,S,Q,L,D,K,L,E,G,R,K,L,F,T,S,C,N,V,R,S,V,D,E,K,T,L,Y,S,E,A,T,G,L,F,I,K,L,Y,P,E,K,S
Chlorocebus_sabaeus,-,-,-,-,-,-,-,-,-,-,-,-,-,-,-,-,-,-,-,-,-,-,-,-,-,-,-,-,-,-,-,-,-,-,-,-,-,-,-,-,-,-,-,-,-,-,-,-,-,-,-,-,-,-,-,-,-,-,-,-,-,-,-,-,-,-,-,-,-,-,-,-,-,-,-,-,-,-,-,-,-,-,-,-,-,-,-,-,-,-,-,-,-,-,-,-,-,-,-,-,-,-,-,-,-,-,-,-,-,-,-,-,-,-,-,-,-,-,-,-,-,-,-,-,-,-,-,-,-,-,-,-,-,-,-,-,-,-,-,-,-,-,-,-,-,-,-,-,-,-,-,-,-,-,-,-,-,-,-,-,-,-,-,-,-,-,-,-,-,-,-,-,-,-,-,-,-,-,-,-,-,-,-,-,-,-,-,-,-,-,-,-,-,-,-,-,-,-,-,-,-,-,-,-,-,-,-,-,-,-,-,-,-,-,-,-,-,-,-,-,-,-,-,-,-,-,-,-,-
Colobus_angolensis_palliatus,-,-,-,-,-,-,-,-,-,-,-,-,-,-,-,-,-,-,-,-,R,R,G,A,R,L,F,S,S,E,E,V,I,L,R,D,Y,S,V,P,N,P,S,W,N,K,D,L,R,L,L,F,D,Q,F,M,K,K,C,E,D,G,S,W,K,R,L,P,S,Y,K,R,I,P,A,E,K,I,E,D,F,K,T,H,L,L,D,P,K,L,M,K,E,E,Q,M,S,Q,T,Q,L,F,T,R,S,F,D,D,G,L,G,F,E,Y,V,M,F,Y,S,D,V,E,K,R,M,V,C,L,F,Q,G,G,P,Y,L,E,G,P,P,G,F,V,H,G,G,A,I,A,T,M,I,D,T,T,V,G,M,C,A,L,M,A,G,G,V,V,M,T,A,N,L,N,I,N,Y,K,R,P,I,P,L,C,S,A,V,M,I,N,S,Q,L,D,K,V,E,G,R,K,C,F,V,S,C,N,V,Q,S,V,D,E,K,T,L,Y,S,E,A,T,S,I,F,I,K,L,N,P,A,K,S
Condylura_cristata,Y,-,-,-,-,A,A,R,L,R,V,L,G,A,L,P,L,A,G,D,P,R,P,A,K,S,F,S,T,E,K,V,T,L,K,D,R,S,L,P,N,P,S,W,S,K,D,L,R,L,L,F,D,Q,F,M,K,K,C,E,D,G,S,W,E,N,L,-,-,-,-,-,-,-,-,-,-,-,-,-,-,-,-,-,-,-,-,-,-,-,-,K,E,E,Q,N,S,E,A,R,L,F,T,R,S,Y,E,E,G,L,G,F,E,Y,A,M,F,Y,N,D,V,E,K,R,I,V,C,L,F,Q,G,G,P,Y,L,Q,G,A,P,G,F,L,H,G,G,A,T,A,T,M,I,D,T,T,V,G,M,S,A,I,I,A,G,G,I,V,M,T,A,N,L,N,I,N,Y,K,R,P,I,P,L,C,S,V,V,V,I,N,S,Q,L,D,K,V,E,G,R,K,L,F,F,S,C,S,V,Q,S,V,D,E,K,T,L,Y,T,E,A,T,S,L,F,I,K,L,D,P,N,K,S
Elephas_maximus_indicus,M,L,R,S,C,A,A,R,L,R,T,L,R,V,L,L,P,G,S,H,P,G,S,G,R,S,F,S,F,E,D,V,T,E,K,D,Q,A,L,P,K,P,S,W,S,K,D,L,R,L,L,F,D,K,F,M,K,K,C,E,D,G,S,W,K,R,L,P,S,Y,K,-,-,-,-,-,-,-,-,-,-,-,-,-,-,-,-,-,-,-,-,K,E,E,L,I,S,Q,A,R,V,F,T,R,S,F,E,D,G,L,G,F,E,Y,V,M,F,Y,N,D,D,E,K,R,V,V,C,I,C,Q,G,G,L,Y,L,Q,G,P,P,G,F,L,H,G,G,A,L,A,T,L,I,D,I,T,L,G,T,N,A,M,V,A,G,G,P,V,M,T,A,N,L,D,I,S,F,K,R,P,V,P,L,C,S,V,V,V,I,N,S,Q,L,D,K,V,E,G,R,K,F,F,V,S,C,N,V,R,S,A,D,E,Q,T,L,H,T,E,G,T,G,L,F,I,K,L,E,P,G,K,S
Enhydra_lutris_kenyoni,M,L,R,S,C,V,Y,R,L,W,T,P,G,V,L,P,P,A,R,N,S,W,P,L,R,S,Y,S,S,E,-,V,A,H,V,D,H,S,L,P,N,P,S,W,S,K,D,M,R,L,I,F,D,Q,F,M,K,K,S,E,D,R,S,W,K,R,L,P,S,Y,K,F,T,S,S,K,R,L,E,E,A,-,-,-,-,-,D,A,K,P,V,K,E,E,P,L,S,Q,A,R,L,F,P,R,S,L,E,E,G,L,G,F,E,Y,A,M,F,H,N,L,V,E,N,R,T,V,C,I,L,Q,G,G,P,Y,L,Q,G,I,P,G,F,L,H,G,G,A,I,A,T,M,I,D,S,T,V,G,M,C,A,F,I,T,G,G,A,V,M,T,A,N,L,N,I,S,F,R,R,P,I,P,L,C,S,V,V,V,I,N,S,Q,L,D,K,I,E,G,R,K,L,F,V,S,C,N,V,Q,S,V,D,E,K,T,L,Y,S,E,A,T,S,L,F,V,K,L,D,P,K,K,S
Equus_asinus,M,L,R,S,C,A,P,R,L,R,T,L,G,A,L,-,-,-,-,-,-,-,-,A,R,L,F,S,S,E,K,F,I,D,K,D,R,S,L,P,N,P,S,W,S,K,E,I,R,L,L,F,D,Q,F,M,K,K,C,E,D,G,S,W,K,R,V,P,S,Y,R,Y,I,S,P,Q,-,-,-,-,-,-,-,-,-,-,D,S,K,P,T,K,E,E,Q,M,S,R,A,R,I,F,S,R,S,Y,D,D,G,L,G,F,E,F,V,M,F,H,N,D,V,E,K,R,T,V,C,F,F,Q,G,G,P,H,L,Q,G,P,S,G,L,L,H,G,G,A,L,A,T,M,I,D,V,T,G,G,V,T,A,I,M,T,G,E,F,V,M,T,A,N,L,N,I,N,F,K,R,P,I,P,L,G,S,V,I,V,I,N,S,Q,I,D,K,V,E,G,R,K,F,F,V,S,C,D,V,Q,S,V,D,E,K,T,L,Y,S,N,A,T,G,L,F,I,S,L,D,P,E,K,K
Equus_przewalskii,M,L,R,S,C,A,P,R,L,R,T,L,G,A,L,-,-,-,-,-,-,-,-,A,R,L,F,S,S,E,K,F,I,D,K,D,R,S,L,P,N,P,S,W,S,K,E,I,R,L,L,F,D,Q,F,M,K,K,C,E,D,G,S,W,K,R,V,P,S,Y,R,Y,I,S,P,Q,-,-,-,-,-,-,-,-,-,-,D,S,K,P,T,K,E,E,Q,M,S,R,A,R,I,F,S,R,S,Y,D,D,G,L,G,F,E,F,V,M,F,H,N,D,V,E,K,R,T,V,C,F,F,Q,G,G,P,H,L,Q,G,P,S,G,L,L,H,G,G,A,L,A,T,M,I,D,V,T,G,G,V,T,A,V,M,T,G,E,F,V,M,T,A,N,L,N,I,N,F,K,R,P,I,P,L,G,S,V,I,V,I,N,S,Q,I,D,K,V,E,G,R,K,F,F,V,S,C,D,V,Q,S,V,D,E,K,T,L,Y,S,N,A,T,G,L,F,I,S,L,D,P,E,K,K
Equus_quagga,M,L,R,S,C,A,P,R,L,R,T,L,G,A,L,-,-,-,-,-,-,-,-,A,R,L,F,S,S,E,K,F,I,D,K,D,R,S,L,P,N,P,S,W,S,K,E,I,R,L,L,F,D,Q,F,M,K,K,C,E,D,G,S,W,K,R,V,P,S,Y,R,Y,I,S,P,Q,-,-,-,-,-,-,-,-,-,-,D,S,K,P,T,K,E,E,Q,M,S,R,A,R,I,F,S,R,S,Y,D,D,G,L,G,F,E,F,V,M,F,H,N,D,V,E,K,R,T,V,C,F,F,Q,G,G,P,H,L,Q,G,P,S,G,L,L,H,G,G,A,L,A,T,M,I,D,V,T,G,G,V,T,A,V,M,T,G,E,S,V,M,T,A,N,L,N,I,N,F,K,R,P,I,P,L,G,S,V,I,V,I,N,S,Q,I,D,K,V,E,G,R,K,F,F,V,S,C,D,V,R,S,V,D,E,K,T,L,Y,S,N,A,T,G,L,F,I,S,L,D,P,E,K,K
Gorilla_gorilla_gorilla,M,L,R,S,C,A,A,R,L,R,T,L,G,-,-,L,P,G,S,E,P,R,P,E,R,S,F,S,S,E,E,V,I,L,K,D,C,S,V,P,N,P,S,W,N,K,D,L,R,L,L,F,D,Q,F,M,K,K,C,E,D,G,S,W,K,R,L,P,S,Y,K,R,T,P,T,E,R,I,Q,D,F,K,T,R,F,L,D,P,K,L,M,K,E,E,Q,M,S,Q,A,Q,L,F,T,R,S,F,D,D,G,L,G,F,E,Y,V,M,F,Y,N,D,I,E,K,R,M,V,C,L,F,Q,G,G,P,Y,L,E,G,P,P,G,F,I,H,G,G,A,I,A,T,M,I,D,A,T,V,G,M,C,A,M,M,A,G,G,I,V,M,T,A,N,L,N,I,N,Y,K,R,P,I,P,L,C,S,V,V,M,I,N,S,Q,L,D,K,V,E,G,R,K,F,F,V,S,C,N,V,Q,S,V,D,E,K,T,L,Y,S,E,A,T,S,L,F,I,K,L,N,P,D,K,S
Halichoerus_grypus,M,L,R,S,C,A,S,R,L,R,T,P,G,A,L,P,P,A,R,D,S,R,P,P,R,S,F,S,S,E,-,V,I,Y,V,D,R,S,L,P,N,P,S,W,S,K,D,M,R,L,L,F,D,Q,F,M,K,K,T,E,D,G,S,W,K,R,L,P,S,H,K,S,V,S,P,Q,R,T,E,K,I,K,T,F,F,P,D,A,K,P,I,K,E,H,-,M,S,Q,A,Q,L,F,P,R,S,L,E,E,G,L,G,F,E,Y,A,M,F,H,N,H,V,E,N,R,T,V,C,I,F,Q,G,G,P,Y,L,Q,G,A,P,G,F,L,H,G,G,A,I,A,T,M,I,D,S,T,L,G,M,C,A,L,T,A,E,G,V,V,M,T,A,N,L,N,I,N,F,R,R,P,I,P,L,C,S,V,V,V,I,N,S,Q,L,D,K,V,E,G,R,K,L,F,V,S,C,N,V,R,S,V,D,E,K,T,L,Y,S,E,A,T,S,L,F,V,K,L,D,P,K,K,S
Homo_sapiens,M,L,R,S,C,A,A,R,L,R,T,L,G,A,L,L,P,G,S,E,P,R,P,E,R,S,F,S,S,E,E,V,I,L,K,D,C,S,V,P,N,P,S,W,N,K,D,L,R,L,L,F,D,Q,F,M,K,K,C,E,D,G,S,W,K,R,L,P,S,Y,K,R,T,P,T,E,W,I,Q,D,F,K,T,H,F,L,D,P,K,L,M,K,E,E,Q,M,S,Q,A,Q,L,F,T,R,S,F,D,D,G,L,G,F,E,Y,V,M,F,Y,N,D,I,E,K,R,M,V,C,L,F,Q,G,G,P,Y,L,E,G,P,P,G,F,I,H,G,G,A,I,A,T,M,I,D,A,T,V,G,M,C,A,M,M,A,G,G,I,V,M,T,A,N,L,N,I,N,Y,K,R,P,I,P,L,C,S,V,V,M,I,N,S,Q,L,D,K,V,E,G,R,K,F,F,V,S,C,N,V,Q,S,V,D,E,K,T,L,Y,S,E,A,T,S,L,F,I,K,L,N,P,A,K,S
Hylobates_moloch,M,L,R,S,C,A,A,C,L,R,T,P,G,A,L,L,P,G,S,E,P,R,P,A,R,S,F,S,S,E,E,V,I,L,K,D,Y,S,V,P,N,P,G,W,N,K,D,L,R,L,L,F,D,Q,F,M,K,K,C,E,D,G,S,W,K,R,L,P,S,Y,K,R,T,P,T,E,R,I,Q,D,F,K,T,R,F,L,D,P,K,L,M,K,E,E,Q,M,S,Q,A,Q,L,F,T,R,S,F,D,D,G,L,G,F,E,Y,V,M,F,Y,N,D,V,E,K,R,M,V,C,L,F,Q,G,G,P,Y,L,E,G,P,P,G,F,V,H,G,G,A,I,A,T,M,I,D,A,T,V,G,M,C,A,M,M,A,G,G,I,V,M,T,A,N,L,N,I,N,Y,K,R,P,I,P,L,C,S,V,V,M,I,N,S,Q,L,D,K,V,E,G,R,K,F,F,V,S,C,N,V,Q,S,V,D,E,K,T,L,Y,S,E,A,T,-,-,-,-,-,-,-,-,-,-,-
Ictidomys_tridecemlineatus,-,-,-,-,-,-,-,-,-,-,-,-,-,-,-,-,-,-,-,-,-,-,-,-,R,S,F,S,S,E,K,V,I,Q,K,D,C,A,L,P,N,P,S,W,S,K,D,L,R,L,L,F,D,R,F,M,K,K,C,E,D,G,S,W,K,R,L,P,S,Y,K,-,-,-,-,-,-,-,-,-,F,Q,T,L,Y,L,D,P,S,L,V,K,G,E,-,-,E,R,A,Q,L,F,T,R,S,F,E,D,G,L,G,F,E,Y,V,M,F,Y,N,D,A,E,K,R,V,L,C,F,L,Q,V,G,P,H,L,Q,G,A,P,G,F,V,H,G,G,A,I,A,T,M,M,D,S,T,T,G,T,C,A,C,R,A,G,G,I,A,M,T,A,N,L,N,I,N,F,K,R,P,I,P,L,C,S,V,V,V,I,D,S,Q,L,D,K,V,E,G,R,K,L,F,V,S,C,N,V,R,S,V,D,E,K,T,L,H,S,E,A,S,A,L,F,I,K,L,D,P,D,K,S
Leopardus_geoffroyi,M,L,R,S,C,V,S,R,L,R,T,L,A,V,L,L,P,A,K,D,-,-,-,P,R,S,F,S,S,E,-,V,I,H,M,D,L,S,L,P,N,P,S,W,N,E,D,M,R,L,L,F,D,Q,F,M,K,K,S,E,D,G,S,W,K,H,L,P,S,Y,K,S,K,F,T,Q,S,T,E,D,I,K,I,Y,F,P,D,A,K,L,M,E,E,K,-,L,S,Q,A,Q,L,F,P,R,S,L,E,E,G,L,G,F,E,Y,A,M,F,H,N,C,V,E,D,R,T,V,C,I,F,Q,G,G,P,Y,L,Q,G,A,P,G,F,L,H,G,G,A,I,A,T,M,I,D,A,T,L,G,M,C,A,I,V,A,I,G,V,A,M,T,A,S,L,N,I,S,F,K,R,P,I,P,L,G,S,V,V,V,I,N,S,Q,V,D,K,V,E,G,R,K,L,F,L,S,C,N,I,R,S,V,D,E,K,T,V,Y,S,E,A,T,S,L,F,V,K,L,D,P,K,T,R
Loxodonta_africana,M,L,R,S,C,A,A,R,L,R,T,L,R,V,L,L,P,G,S,Q,P,G,S,G,R,S,F,S,F,E,D,V,T,E,K,D,Q,A,L,P,K,P,S,W,S,K,D,L,R,L,L,F,D,K,F,M,K,K,C,E,D,G,S,W,K,R,L,P,S,Y,K,-,-,-,-,-,-,-,-,-,-,-,-,-,-,-,-,-,-,-,-,K,E,E,L,M,S,Q,A,R,L,F,T,R,S,F,E,D,G,L,G,F,E,Y,V,M,F,Y,N,D,D,E,K,R,V,V,C,I,C,Q,G,G,L,Y,L,Q,G,P,P,G,F,L,H,G,G,A,L,A,T,L,I,D,I,T,L,G,T,N,A,M,V,A,G,G,P,V,M,T,A,N,L,D,I,S,F,K,R,P,V,P,L,C,S,V,V,V,I,N,S,Q,L,D,K,V,E,G,R,K,F,F,V,S,C,N,V,R,S,V,D,E,Q,T,L,H,T,E,G,T,G,L,F,I,K,L,E,P,G,K,S
Macaca_fascicularis,M,L,R,S,C,A,A,R,L,R,T,L,G,A,L,L,P,G,R,E,P,R,P,A,R,S,F,S,S,E,E,V,I,L,K,D,Y,S,V,P,N,P,S,W,N,K,D,L,R,L,L,F,D,Q,F,M,E,K,C,E,D,G,S,W,K,R,L,P,S,Y,K,R,I,P,A,E,K,I,Q,D,F,K,T,H,L,L,D,P,K,F,V,K,E,E,Q,L,S,Q,T,Q,L,F,T,R,S,F,D,D,G,L,G,F,E,Y,V,M,F,Y,S,D,V,E,K,R,M,V,C,L,F,Q,G,G,P,Y,L,E,G,P,P,G,F,V,H,G,G,A,I,A,T,M,I,D,S,T,V,G,M,C,A,L,M,A,G,G,V,V,V,T,A,N,L,N,I,N,Y,K,R,P,I,P,L,C,S,V,V,M,I,N,S,Q,L,D,K,V,E,G,R,K,F,F,V,S,C,N,V,Q,S,V,D,E,K,T,L,Y,S,E,A,T,-,-,-,-,-,-,-,-,-,-,-
Macaca_mulatta,M,L,R,S,C,A,A,R,L,R,T,L,G,A,L,L,P,G,R,E,P,R,P,A,R,S,F,S,S,E,E,V,I,L,K,D,Y,S,V,P,N,P,S,W,N,K,D,L,R,L,L,F,D,Q,F,M,E,K,C,E,D,G,S,W,K,R,L,P,S,Y,K,R,I,P,A,E,K,I,Q,D,F,K,T,H,L,L,D,P,K,L,V,K,E,E,Q,L,S,Q,T,Q,L,F,T,R,S,F,D,D,G,L,G,F,E,Y,V,M,F,Y,S,D,V,E,K,R,M,V,C,L,F,Q,G,G,P,Y,L,E,G,P,P,G,F,V,H,G,G,A,I,A,T,M,I,D,S,T,V,G,M,C,A,L,M,A,G,G,V,V,V,T,A,N,L,N,I,N,Y,K,R,P,I,P,L,C,S,V,V,M,I,N,S,Q,L,D,K,V,E,G,R,K,F,F,V,S,C,N,V,Q,S,V,D,E,K,T,L,Y,S,E,A,T,-,-,-,-,-,-,-,-,-,-,-
Macaca_nemestrina,M,L,R,S,C,A,A,R,L,R,T,L,G,A,L,L,P,G,R,E,P,R,P,A,R,S,F,S,S,E,E,V,I,L,K,D,Y,S,V,P,N,P,S,W,N,K,D,L,R,L,L,F,D,Q,F,M,K,K,C,E,D,G,S,W,K,R,L,P,S,Y,K,R,I,P,A,E,K,I,Q,D,F,K,T,H,L,L,D,P,K,L,V,K,E,E,Q,M,S,Q,T,Q,L,F,T,R,S,F,D,D,G,L,G,F,E,Y,V,M,F,Y,S,D,V,E,K,R,M,V,C,L,F,Q,G,G,P,Y,L,E,G,P,P,G,F,V,H,G,G,A,I,A,T,M,I,D,S,T,V,G,M,C,A,L,M,A,G,G,V,V,V,T,A,N,L,N,I,N,Y,K,R,P,I,P,L,C,S,V,V,M,I,N,S,Q,L,D,K,V,E,G,R,K,F,F,V,S,C,N,V,Q,S,V,D,E,Q,T,L,Y,S,E,A,T,-,-,-,-,-,-,-,-,-,-,-
Macaca_thibetana_thibetana,M,L,R,S,C,A,A,R,L,R,T,L,G,A,L,L,P,G,R,E,P,R,P,A,R,S,F,S,S,E,E,V,I,L,K,D,Y,S,V,P,N,P,S,W,N,K,D,L,R,L,L,F,D,Q,F,M,E,K,C,E,D,G,S,W,K,R,L,P,S,Y,K,R,I,P,A,E,K,I,Q,D,F,K,T,H,L,L,D,P,K,F,V,K,E,E,Q,L,S,Q,T,Q,L,F,T,R,S,F,D,D,G,L,G,F,E,Y,V,M,F,Y,S,D,V,E,K,R,M,V,C,L,F,Q,G,G,P,Y,L,E,G,P,P,G,F,V,H,G,G,A,I,A,T,M,I,D,S,T,V,G,M,C,A,L,M,A,G,G,V,V,V,T,A,N,L,N,I,N,Y,K,R,P,I,P,L,C,S,V,V,M,I,N,S,Q,L,D,K,V,E,G,R,K,F,F,V,S,C,N,V,Q,S,V,D,E,K,T,L,Y,S,E,A,T,-,-,-,-,-,-,-,-,-,-,-
Mandrillus_leucophaeus,M,L,R,S,C,A,A,R,L,R,T,L,G,A,L,L,P,G,R,E,P,L,P,A,R,S,F,S,S,E,E,V,I,L,K,D,Y,S,V,P,N,P,S,W,N,K,D,L,R,L,L,F,D,Q,F,M,K,K,C,E,D,G,S,W,K,R,L,P,S,Y,K,R,I,P,A,E,K,I,Q,D,F,K,T,H,L,L,D,P,K,L,V,K,E,E,Q,M,S,Q,T,Q,L,F,T,R,S,F,D,D,G,L,G,F,E,Y,V,M,F,Y,S,D,V,E,K,R,M,V,C,L,F,Q,G,G,P,Y,L,E,G,P,P,G,F,V,H,G,G,A,I,A,T,M,I,D,S,T,V,G,M,C,A,L,M,A,G,G,V,V,M,T,A,N,L,N,I,N,Y,K,R,P,I,P,L,C,S,V,V,M,I,N,S,Q,L,D,K,V,E,G,R,K,F,F,V,S,C,N,V,Q,S,V,D,E,Q,T,L,Y,S,E,A,T,S,I,F,I,K,L,N,-,-,-,-
Marmota_flaviventris,M,L,R,S,C,A,A,L,L,R,T,P,G,A,R,-,-,-,-,-,P,G,A,P,R,S,F,S,S,E,K,V,V,Q,K,D,C,A,L,P,N,P,S,W,S,K,D,L,R,L,L,F,D,Q,F,M,K,K,C,E,D,G,S,W,K,R,L,P,S,Y,K,-,-,-,-,-,-,-,-,-,F,Q,T,L,Y,L,D,P,S,L,V,K,G,E,-,-,E,R,A,Q,L,F,T,R,S,F,E,N,G,L,G,F,E,Y,V,M,F,Y,N,D,A,E,K,R,V,L,C,F,L,Q,V,G,P,H,L,Q,G,A,P,G,F,V,H,G,G,A,I,A,T,M,M,D,S,T,T,G,T,C,A,C,R,A,G,G,I,A,M,T,A,N,L,N,I,N,F,K,R,P,I,P,L,S,S,V,V,V,I,D,S,Q,L,D,R,V,E,G,R,K,L,F,V,S,C,N,V,R,S,V,D,E,K,T,L,H,S,E,A,S,A,L,F,I,K,L,D,P,D,K,S
Marmota_marmota_marmota,-,-,-,-,-,-,-,-,-,-,-,-,-,-,-,-,-,-,-,-,-,-,-,-,R,S,F,S,S,E,K,V,V,Q,K,D,C,A,L,P,N,P,S,W,S,K,D,L,R,L,L,F,D,Q,F,M,K,K,C,E,D,G,S,W,K,R,L,P,S,Y,K,H,I,F,S,K,N,F,Q,E,F,Q,T,L,Y,L,D,P,S,L,V,K,G,E,-,-,E,R,A,Q,L,F,T,R,S,F,E,N,G,L,G,F,E,Y,V,M,F,Y,N,D,A,E,K,R,V,L,C,F,L,Q,V,G,P,H,L,Q,G,A,P,G,F,V,H,G,G,A,I,A,T,M,M,D,S,T,T,G,T,C,A,C,R,A,G,G,I,A,M,T,A,N,L,N,I,N,F,K,R,P,I,P,L,S,S,V,V,V,I,D,S,Q,L,D,R,V,E,G,R,K,L,F,V,S,C,N,V,R,S,V,D,E,N,T,L,H,S,E,A,S,A,L,F,I,K,L,D,P,D,K,S
Marmota_monax,M,L,R,S,C,A,A,F,L,R,T,P,G,A,R,-,-,-,-,-,Q,G,A,P,R,S,F,S,S,E,K,V,V,Q,K,D,C,A,L,P,N,P,S,W,S,K,D,L,R,L,L,F,D,Q,F,M,K,K,C,E,D,G,S,W,K,R,L,P,S,Y,K,Q,I,F,S,K,N,F,Q,E,F,Q,T,L,Y,L,D,P,S,L,V,K,G,E,-,-,E,R,A,Q,L,F,T,R,S,F,E,N,G,L,G,F,E,Y,V,M,F,Y,N,D,A,E,K,R,V,L,C,F,L,Q,V,G,P,H,L,Q,G,A,P,G,F,V,H,G,G,A,I,A,T,M,M,D,S,T,T,G,T,C,A,C,R,A,G,G,I,A,M,T,A,N,L,N,I,N,F,K,R,P,I,P,L,S,S,V,V,V,I,D,S,Q,L,D,R,V,E,G,R,K,L,F,V,S,C,N,V,R,S,V,D,E,K,T,L,H,S,E,A,S,A,L,F,I,K,L,D,P,D,K,S
Nannospalax_galili,-,-,-,-,-,-,-,-,-,-,-,-,-,-,-,-,-,-,-,-,-,-,-,-,R,L,F,S,S,E,K,V,V,H,K,D,Y,A,L,P,N,P,S,W,S,K,D,L,R,L,R,F,D,Q,F,M,K,K,C,E,D,G,S,W,K,R,I,P,S,-,-,-,-,-,-,-,-,-,-,-,-,-,-,-,-,-,D,P,K,F,M,K,E,E,K,M,S,K,A,Q,K,F,T,R,S,F,E,V,G,L,G,F,E,Y,V,M,F,F,N,G,A,E,K,R,V,V,C,F,F,Q,G,G,P,H,L,Q,G,L,P,G,F,V,H,G,G,A,I,A,T,I,I,D,I,T,T,G,A,C,V,N,I,S,E,G,I,A,M,T,A,N,L,N,I,N,Y,K,R,P,I,P,L,C,S,V,V,V,L,N,S,Q,L,H,K,I,E,G,R,K,H,F,V,S,C,T,V,Q,S,N,D,E,K,T,L,H,A,E,A,A,A,L,F,I,K,L,D,P,D,K,R
Neomonachus_schauinslandi,M,L,R,S,C,A,S,R,L,R,T,P,G,A,L,P,P,A,R,D,S,R,P,P,R,S,F,S,S,E,-,V,I,Y,V,D,H,S,L,P,N,P,S,W,S,K,D,M,R,L,L,F,D,Q,F,M,K,K,T,E,D,G,S,W,K,R,L,P,S,H,K,S,V,S,P,Q,R,T,E,E,V,K,T,F,F,P,D,A,K,P,I,K,E,H,-,M,S,Q,A,Q,L,F,P,R,S,L,E,E,G,L,G,F,E,Y,A,M,F,H,N,H,V,E,N,R,T,V,C,I,F,Q,G,G,P,Y,L,Q,G,V,P,G,F,L,H,G,G,A,I,A,T,M,I,D,S,T,V,G,M,C,A,V,L,A,E,G,V,V,M,T,A,N,L,N,I,N,F,R,R,P,I,P,L,C,S,V,V,V,I,N,S,Q,L,D,K,V,E,G,R,K,L,F,V,S,C,N,V,R,S,V,D,E,K,T,L,Y,S,E,A,T,S,L,F,V,K,L,D,P,K,K,S
Nomascus_leucogenys,M,L,R,S,C,A,A,C,L,R,T,P,G,A,L,L,P,G,S,E,P,R,P,V,R,S,F,S,S,E,E,V,I,L,K,D,C,S,V,P,N,P,S,W,N,K,D,L,R,L,L,F,D,Q,F,M,K,K,C,E,D,G,S,W,K,R,L,P,S,Y,K,R,T,P,T,E,R,I,Q,D,F,K,T,R,F,L,D,P,K,L,M,K,E,E,Q,M,S,Q,A,Q,L,F,T,R,S,F,D,D,G,L,G,F,E,Y,V,M,F,Y,N,D,V,E,K,R,M,V,C,L,F,Q,G,G,P,Y,L,E,G,P,P,G,F,V,H,G,G,A,I,A,T,M,I,D,A,T,V,G,M,C,A,M,M,A,G,G,I,V,M,T,A,N,L,N,I,N,Y,K,R,P,I,P,L,C,S,V,V,M,I,N,S,Q,L,D,K,V,E,G,R,K,F,F,V,S,C,N,V,Q,S,V,D,E,K,T,L,Y,S,E,A,T,S,L,F,I,K,L,N,P,A,K,S
Ochotona_curzoniae,M,L,R,S,C,A,A,R,L,R,A,L,S,A,L,W,P,A,S,P,P,G,P,A,R,L,F,S,S,E,K,D,T,L,R,D,Y,S,L,P,N,P,S,W,N,K,D,I,R,L,L,F,D,Q,F,M,K,K,C,E,D,G,S,W,K,R,L,P,S,Y,-,-,-,-,-,-,-,-,-,-,-,-,-,-,-,-,-,-,-,-,-,-,-,-,-,-,-,-,A,Q,M,F,T,R,S,L,E,E,G,M,G,F,E,Y,V,L,F,H,N,D,T,E,K,R,M,V,C,L,L,Q,A,G,P,H,L,Q,G,N,H,G,Y,V,H,G,G,A,I,A,T,M,I,D,M,T,A,G,S,C,V,F,V,T,G,G,F,V,M,T,A,N,M,N,I,D,Y,R,R,P,I,P,L,Y,S,V,V,V,I,N,S,R,I,D,K,I,E,G,R,K,Y,F,V,S,C,D,I,R,S,V,D,N,K,T,L,Y,T,E,A,T,L,L,F,V,K,P,D,P,N,K,S
Ochotona_princeps,M,L,R,S,C,A,A,R,L,R,I,L,S,A,L,W,P,A,S,P,P,G,P,A,R,L,F,S,S,E,K,D,T,L,R,D,Y,S,L,P,N,P,S,W,N,K,D,L,R,L,L,F,D,Q,F,M,K,K,C,E,D,G,S,W,K,R,L,P,S,Y,R,C,K,S,T,P,R,I,Q,N,C,K,N,L,F,L,-,-,-,-,-,-,-,-,-,-,-,-,A,Q,N,F,T,R,S,F,E,E,G,M,G,F,E,Y,A,L,F,H,N,D,A,E,K,R,T,V,C,V,L,Q,A,G,P,H,L,Q,G,N,H,G,Y,V,H,G,G,A,I,A,T,M,I,D,L,T,T,G,S,C,V,F,V,T,G,G,F,V,M,T,A,N,M,N,I,D,F,R,R,P,I,P,L,Y,S,V,V,V,I,N,C,Q,I,D,K,I,E,G,R,K,Y,F,I,S,C,D,I,R,S,V,D,N,K,T,L,Y,S,E,A,T,-,-,-,-,-,-,-,-,-,-,-
Octodon_degus,M,L,R,S,C,A,M,R,L,R,T,F,G,A,-,-,-,-,-,-,P,R,T,A,R,S,F,V,S,E,-,V,V,D,K,D,C,A,L,P,N,P,S,W,S,K,D,L,R,L,L,F,D,Q,F,M,K,K,C,E,E,G,S,W,K,R,L,P,S,Y,K,R,T,L,T,Q,H,F,K,D,F,R,T,H,Y,V,D,P,K,L,L,K,E,E,Q,I,P,N,A,Q,I,F,T,R,S,F,E,D,G,L,G,F,E,Y,V,M,F,C,N,D,A,E,K,K,V,V,C,F,F,Q,G,G,P,H,L,Q,G,T,P,G,-,-,-,-,-,-,-,-,-,-,-,-,-,-,-,-,-,-,-,-,-,-,-,-,-,-,-,-,-,-,-,-,-,-,-,-,-,-,-,-,-,-,-,-,-,-,-,-,-,-,-,-,-,-,-,-,-,-,-,-,-,-,-,-,-,-,-,-,-,-,-,-,-,-,-,-,-,-,-,-,-,-,-,-,-,-,-,-,-
Ovis_aries,M,L,R,S,C,T,A,G,L,R,S,L,W,A,L,-,-,-,-,-,-,-,-,A,R,L,F,S,T,E,K,A,V,H,K,D,W,A,L,P,N,P,S,W,S,K,D,L,K,L,L,F,D,Q,F,M,K,K,C,E,D,G,S,W,E,R,L,P,S,-,-,-,-,-,-,-,-,-,E,D,F,K,T,Y,F,L,D,P,Q,L,V,E,G,E,G,L,S,Q,A,Q,L,F,T,R,G,F,E,D,G,L,G,F,E,Y,V,I,F,N,N,N,D,E,K,R,T,V,C,L,F,Q,G,G,P,Y,L,Q,G,I,P,G,F,L,H,G,G,A,I,A,T,M,I,D,V,A,F,G,S,C,A,A,I,S,G,G,A,V,M,T,A,N,L,N,I,N,F,K,R,P,V,P,L,C,S,V,V,V,I,H,S,Q,L,D,K,L,E,G,R,K,L,F,V,S,C,N,V,R,S,V,D,E,K,T,L,Y,S,E,A,T,G,L,F,I,K,L,D,P,K,K,S
Pan_paniscus,M,L,R,S,C,A,A,R,L,R,T,L,W,A,L,-,-,-,-,-,-,-,-,-,R,S,F,S,S,E,E,V,I,L,K,D,C,S,V,P,N,P,S,W,N,K,D,L,R,L,L,F,D,Q,F,M,K,K,C,E,D,G,S,W,K,R,L,P,S,Y,K,R,T,P,T,E,R,I,Q,D,F,K,T,R,F,L,D,P,K,L,M,K,E,E,Q,M,S,Q,A,Q,L,F,T,R,S,F,D,D,G,L,G,F,E,Y,V,M,F,Y,N,D,I,E,K,R,M,V,C,L,F,Q,G,G,P,Y,L,E,G,P,P,G,F,I,H,G,G,A,I,A,T,M,I,D,S,T,V,G,M,C,A,M,M,A,G,G,I,V,M,T,A,N,L,N,I,N,Y,K,R,P,I,P,L,C,S,V,V,M,I,N,S,Q,L,D,K,V,E,G,R,K,F,F,V,S,C,N,V,Q,S,V,D,E,K,T,L,Y,S,E,A,T,S,L,F,I,K,L,N,P,A,K,S
Pan_troglodytes,M,L,R,S,C,A,A,R,L,R,T,L,W,A,L,-,-,-,-,-,-,-,-,-,R,S,F,S,S,E,E,V,I,L,K,D,C,S,V,P,N,P,S,W,N,K,D,L,R,L,L,F,D,Q,F,M,K,K,C,E,D,G,S,W,K,R,L,P,S,Y,K,R,T,P,T,E,R,I,Q,D,F,K,T,R,F,L,D,P,K,L,M,K,E,E,Q,M,S,Q,A,Q,L,F,T,R,S,F,D,D,G,L,G,F,E,Y,V,M,F,Y,N,D,I,E,K,R,M,V,C,L,F,Q,G,G,P,Y,L,E,G,P,P,G,F,I,H,G,G,A,I,A,T,M,I,D,S,T,V,G,M,C,A,M,M,A,G,G,I,V,M,T,A,N,L,N,I,N,Y,K,R,P,I,P,L,C,S,V,V,M,I,N,S,Q,L,D,E,V,E,G,R,K,F,F,V,S,C,N,V,Q,S,V,D,E,K,T,L,Y,S,E,A,T,S,L,F,I,K,L,N,P,A,K,S
Panthera_tigris_altaica,-,-,-,-,-,-,-,-,-,-,-,-,-,-,-,-,-,-,-,-,-,-,-,-,-,-,-,-,-,-,-,-,-,-,-,-,-,-,-,-,-,-,-,-,-,-,-,-,-,-,-,-,-,-,-,-,-,-,-,-,-,-,-,-,-,-,-,-,-,-,-,-,-,-,-,-,-,-,-,-,-,-,-,-,-,-,-,-,-,-,-,-,-,-,-,-,-,-,-,-,-,-,-,-,-,-,-,-,-,-,-,-,-,-,-,-,-,-,-,-,-,-,-,-,-,-,-,-,-,-,-,-,-,-,-,-,-,-,-,-,-,-,-,-,-,-,-,-,-,-,-,-,-,-,-,-,-,-,-,-,-,-,-,-,-,-,-,-,-,-,-,-,-,-,-,-,-,-,-,-,-,-,-,-,-,-,-,-,-,-,-,-,-,-,-,-,-,-,-,-,-,-,-,-,-,-,-,-,-,-,-,-,-,-,-,-,-,-,-,-,-,-,-,-,-,-,-,-,-
Papio_anubis,M,L,R,S,C,A,A,R,L,R,T,L,G,A,L,L,P,G,R,E,P,R,P,A,R,S,F,S,S,E,E,V,I,L,K,D,Y,S,V,P,N,P,S,W,N,K,D,L,R,L,L,F,D,Q,F,M,K,K,C,E,D,G,S,W,K,R,L,P,S,Y,K,R,I,P,A,E,K,I,Q,D,F,K,T,H,L,L,D,P,K,L,V,K,E,E,Q,M,S,Q,T,Q,L,F,T,R,S,F,D,D,G,L,G,F,E,Y,V,M,F,Y,S,D,V,E,K,R,M,V,C,L,F,Q,G,G,P,Y,L,E,G,P,P,G,F,V,H,G,G,A,I,A,T,I,I,D,S,T,V,G,M,C,A,L,M,A,G,G,V,V,V,T,A,N,L,N,I,N,Y,K,R,P,I,P,L,C,S,V,V,M,I,N,S,Q,L,D,K,V,E,G,R,K,F,F,V,S,C,N,V,Q,S,V,D,E,Q,T,L,Y,S,E,A,T,-,-,-,-,-,-,-,-,-,-,-
Piliocolobus_tephrosceles,M,L,R,S,C,A,K,L,L,R,T,L,G,A,V,L,P,G,S,E,P,R,P,A,R,L,F,S,S,E,E,V,I,L,R,D,Y,S,V,P,N,P,S,W,N,K,D,L,R,L,L,F,D,Q,F,M,K,K,C,E,D,S,S,W,K,R,L,P,S,Y,K,R,I,P,A,E,K,I,Q,D,F,K,T,H,L,L,D,P,K,L,M,K,E,E,Q,M,S,Q,T,Q,L,F,T,R,S,F,D,D,G,L,G,F,E,Y,V,M,F,Y,S,D,V,E,K,R,M,V,C,L,F,Q,G,G,P,Y,L,E,G,P,P,G,F,V,H,G,G,A,I,A,T,M,I,D,T,T,I,G,M,C,A,L,M,A,G,G,V,V,V,T,A,N,L,N,I,N,Y,K,R,P,I,P,L,C,S,A,V,M,I,N,S,Q,L,D,K,V,E,G,R,K,F,F,V,S,C,N,V,Q,S,A,D,E,K,T,L,Y,S,E,A,T,-,-,-,-,-,-,-,-,-,-,-
Pongo_abelii,M,L,R,S,C,A,A,R,F,R,T,L,G,A,L,L,P,G,S,E,P,R,P,A,R,S,F,S,S,E,E,V,I,L,K,D,Y,S,V,P,N,T,S,W,N,K,D,L,R,L,L,F,D,Q,F,M,K,K,C,E,D,G,S,W,K,R,L,P,S,Y,K,R,T,P,T,E,R,I,Q,D,F,K,T,R,F,L,D,P,K,L,M,K,E,E,Q,M,S,Q,A,Q,L,F,T,R,S,F,D,D,G,L,G,F,E,Y,V,M,F,Y,N,D,V,E,K,R,M,V,C,L,F,Q,G,G,P,Y,L,E,G,P,P,G,F,I,H,G,G,A,I,A,T,M,I,D,A,T,V,G,M,C,A,M,M,A,G,G,I,V,M,T,A,N,L,N,I,N,Y,K,R,P,I,P,L,C,S,V,V,M,I,N,S,Q,L,D,K,V,E,G,R,K,F,F,V,S,C,N,V,Q,S,V,D,E,K,T,L,Y,S,E,A,T,S,L,F,I,K,L,N,P,A,K,S
Propithecus_coquereli,M,L,R,S,C,A,A,H,L,R,A,L,G,A,L,P,P,L,C,E,P,R,P,A,R,S,F,S,S,E,K,V,V,Y,K,D,F,S,I,P,N,P,S,W,N,K,D,I,R,L,L,F,D,Q,F,M,K,K,C,E,D,G,S,W,K,-,-,-,-,-,-,-,-,-,-,-,-,-,-,-,-,-,-,-,-,-,-,-,-,-,-,-,-,-,-,-,-,-,-,-,-,-,-,-,-,-,-,-,-,-,-,-,-,-,-,-,-,-,-,-,-,-,-,-,-,-,-,-,-,-,-,-,-,-,-,-,-,-,-,-,-,L,H,G,G,A,I,A,T,M,I,D,N,T,V,G,A,S,A,M,I,A,G,G,T,V,M,T,A,N,L,N,I,N,F,R,R,P,I,P,I,C,S,V,V,V,I,N,S,Q,L,D,K,V,E,G,R,K,F,F,V,S,A,N,V,Q,S,V,D,E,K,T,L,Y,S,E,A,T,S,L,F,I,K,L,D,P,D,K,S
Rhinopithecus_bieti,-,-,-,-,-,-,-,-,-,-,-,-,-,-,-,-,-,-,-,-,-,-,-,-,R,S,F,S,S,E,E,V,I,L,R,D,Y,S,V,P,N,P,S,W,N,K,D,L,R,L,L,F,D,Q,F,M,K,K,C,E,D,G,S,W,K,R,L,P,S,Y,K,R,I,P,A,E,K,I,Q,D,F,K,T,H,L,L,D,P,K,L,M,K,E,E,Q,M,S,Q,T,Q,L,F,T,R,S,F,D,D,G,L,G,F,E,Y,V,M,F,Y,S,D,V,E,K,R,M,V,C,L,F,Q,G,G,P,Y,L,E,G,P,P,G,F,V,H,G,G,A,I,A,T,M,I,D,T,T,V,G,M,C,A,L,M,A,G,G,V,V,M,T,A,N,L,N,I,N,Y,K,R,P,I,P,L,C,S,A,V,T,I,N,S,Q,L,D,K,V,E,G,R,K,F,F,V,S,C,N,V,Q,S,V,D,E,K,T,L,Y,S,E,A,T,S,T,L,I,-,-,-,-,-,-,-
Rhinopithecus_roxellana,M,L,R,S,C,A,A,R,L,R,T,L,G,A,L,L,P,G,S,E,P,R,P,A,R,S,F,S,S,E,E,V,I,L,R,D,Y,S,V,P,N,P,S,W,N,K,D,L,R,L,L,F,D,Q,F,M,K,K,C,E,D,G,S,W,K,R,L,P,S,Y,K,R,I,P,A,E,K,I,Q,D,F,K,T,H,L,L,D,P,K,L,M,K,E,E,Q,M,S,Q,T,Q,L,F,T,R,S,F,D,D,G,L,G,F,E,Y,V,M,F,Y,S,D,V,E,K,R,M,V,C,L,F,Q,G,G,P,Y,L,E,G,P,P,G,F,V,H,G,G,A,I,A,T,M,I,D,T,T,V,G,M,C,A,L,M,A,G,G,V,V,M,T,A,N,L,N,I,N,Y,K,R,P,I,P,L,C,S,A,V,T,I,N,S,Q,L,D,K,V,E,G,R,K,F,F,V,S,C,N,V,Q,S,V,D,E,K,T,L,Y,S,E,A,T,-,-,-,-,-,-,-,-,-,-,-
Saimiri_boliviensis_boliviensis,M,L,R,S,C,A,A,G,L,R,P,L,G,T,L,A,P,G,S,E,P,R,A,A,R,S,F,S,S,E,E,G,F,L,K,D,C,S,V,P,N,P,S,W,N,K,D,L,R,L,L,F,D,Q,F,T,K,K,C,E,N,G,S,W,K,H,L,S,S,Y,K,R,G,P,A,T,R,I,K,D,F,K,N,-,F,L,D,P,E,H,M,K,E,E,Q,M,S,Q,T,Q,L,F,T,R,S,F,D,E,G,L,G,F,E,Y,V,M,F,Y,N,E,V,E,K,R,V,V,C,L,F,Q,G,G,P,Y,L,E,G,A,P,G,F,L,H,G,G,A,L,A,T,M,V,D,A,T,L,A,T,C,V,M,I,F,G,G,V,A,M,T,A,N,L,N,I,N,Y,K,R,P,V,P,L,C,S,V,V,V,I,N,S,Q,L,D,K,V,E,G,R,K,C,F,V,S,C,N,V,Q,S,V,D,E,K,T,L,Y,S,E,A,T,-,-,-,-,-,-,-,-,-,-,-
Sapajus_apella,M,L,R,S,C,A,A,R,L,R,T,L,G,A,-,-,-,-,-,E,P,R,A,A,R,S,F,S,S,E,E,V,F,H,K,D,Y,A,V,P,N,P,S,W,N,K,D,L,R,L,L,F,D,Q,F,T,K,K,C,E,D,G,S,W,K,R,L,S,S,Y,K,-,-,-,-,-,-,-,-,D,F,Q,T,H,F,L,D,P,K,H,M,K,E,E,Q,T,S,K,A,Q,L,F,T,R,S,F,D,E,G,L,G,F,E,Y,V,M,F,Y,S,D,V,E,K,R,M,V,C,L,F,Q,G,G,P,H,L,E,G,A,P,G,F,L,H,G,G,A,I,A,T,I,V,D,T,T,T,G,T,C,A,V,I,T,G,G,V,V,M,T,A,N,L,N,I,N,Y,K,R,P,V,P,L,C,S,V,V,V,I,N,C,Q,L,D,K,V,E,G,R,K,I,F,I,S,C,S,V,Q,S,V,D,E,K,T,L,Y,S,E,A,T,-,-,-,-,-,-,-,-,-,-,-
Suricata_suricatta,-,-,-,-,-,-,-,-,-,-,-,-,-,-,-,-,-,-,-,-,-,-,-,-,-,-,-,-,-,-,-,-,-,-,M,D,L,S,L,P,N,P,S,W,S,K,D,M,R,L,L,F,D,Q,F,M,K,K,S,E,D,G,S,W,K,H,L,P,S,Y,K,N,K,F,S,R,R,I,E,D,I,K,V,F,F,P,D,A,K,L,I,K,E,K,-,I,S,Q,A,Q,L,F,P,R,N,F,E,E,G,L,G,F,E,Y,A,M,F,H,N,H,A,E,D,R,T,V,C,I,F,Q,G,G,P,Y,L,Q,G,A,P,G,F,L,H,G,G,A,I,A,T,M,I,D,S,T,L,G,M,T,A,L,I,A,G,G,I,V,M,T,A,N,L,N,I,N,F,K,R,P,I,P,L,C,S,V,V,V,I,N,S,Q,V,D,K,V,E,G,R,K,L,F,L,S,C,N,I,R,S,V,D,E,Q,T,L,Y,S,E,A,T,-,L,F,V,K,L,D,P,E,K,S
Theropithecus_gelada,M,L,R,S,C,A,A,R,L,R,T,L,G,A,L,L,P,G,R,E,P,R,P,A,R,S,F,S,S,E,E,V,I,L,K,D,Y,S,V,P,N,P,S,W,N,K,D,L,R,L,L,F,D,Q,F,M,K,K,C,E,D,G,S,W,K,R,L,P,S,Y,K,R,I,P,A,E,K,I,Q,D,F,K,T,H,L,L,D,P,K,L,V,K,E,E,Q,M,S,Q,T,Q,L,F,T,R,S,F,D,D,G,L,G,F,E,Y,V,M,F,Y,S,D,V,E,K,R,M,V,C,L,F,Q,G,G,P,Y,L,E,G,P,P,G,F,V,H,G,G,A,I,A,T,M,I,D,S,T,V,G,M,C,A,L,M,A,G,G,V,V,V,T,A,N,L,N,I,N,Y,K,R,P,I,P,L,C,S,V,V,M,I,N,S,Q,L,D,K,V,E,G,R,K,F,F,V,S,C,N,V,Q,S,V,D,E,Q,T,L,Y,S,E,A,T,S,I,F,I,K,L,N,-,-,-,-
Trachypithecus_francoisi,M,L,R,S,C,A,A,R,L,R,T,L,G,A,V,L,T,G,S,E,P,R,P,A,R,S,F,S,S,E,E,V,I,L,R,D,Y,S,V,P,N,P,S,W,N,K,D,L,R,L,L,F,D,Q,F,M,K,K,C,E,D,G,S,W,K,R,L,P,S,Y,K,R,I,P,A,E,K,I,Q,D,F,K,T,H,F,L,D,P,K,L,M,K,E,E,Q,M,S,Q,T,Q,L,F,T,R,S,F,D,D,G,L,G,F,E,Y,V,M,F,Y,S,D,V,E,K,R,M,V,C,L,F,Q,G,G,P,Y,L,E,G,P,P,G,F,V,H,G,G,A,I,A,T,M,I,D,T,T,V,G,M,C,A,L,M,A,G,G,V,V,M,T,A,N,L,N,I,N,Y,K,R,P,I,P,L,C,S,A,V,T,I,N,S,Q,L,D,K,V,E,G,R,K,F,F,V,S,C,N,V,Q,S,V,D,E,K,T,L,Y,S,E,A,T,-,-,-,-,-,-,-,-,-,-,-
Tupaia_chinensis,M,L,R,S,C,A,P,R,L,R,T,L,G,A,L,P,P,A,S,E,P,G,P,A,R,S,F,S,S,E,K,D,I,L,V,D,F,A,L,P,N,P,S,W,S,Q,D,I,R,L,L,F,D,Q,F,M,K,K,C,E,D,G,S,W,K,R,L,P,S,Y,K,R,G,S,T,Q,R,T,Q,E,F,K,T,R,F,L,D,P,K,L,M,K,D,E,-,L,P,Q,A,Q,L,F,T,R,S,I,E,D,G,L,G,F,E,Y,V,M,F,Y,N,N,A,E,E,R,V,V,C,L,F,Q,G,G,P,Y,L,Q,G,A,P,G,F,I,H,G,G,A,I,A,T,M,I,D,A,T,V,G,M,T,A,L,I,A,G,G,I,V,M,T,A,N,L,N,I,N,Y,K,R,P,I,P,L,C,S,V,V,V,I,N,S,Q,L,D,K,V,E,G,R,K,Y,F,V,S,C,K,V,Q,S,V,D,E,K,T,L,H,S,E,A,T,S,L,F,I,K,L,D,P,D,K,S
Urocitellus_parryii,M,L,R,S,C,A,A,L,L,R,T,P,G,A,P,-,-,-,-,-,P,G,A,P,R,S,F,S,S,E,K,V,V,Q,K,D,C,A,L,P,N,P,S,W,S,K,D,L,R,L,L,F,D,Q,F,M,K,K,C,E,D,G,S,W,K,R,L,P,S,Y,K,-,-,-,-,-,-,-,-,-,F,Q,T,L,Y,L,D,P,S,L,V,K,G,E,-,-,E,H,A,Q,L,F,T,R,S,F,E,D,G,L,G,F,E,Y,V,M,F,Y,N,D,A,E,K,R,V,L,C,F,L,Q,V,G,P,H,L,Q,G,A,P,G,F,V,H,G,G,A,I,A,T,M,M,D,S,T,T,G,T,C,A,C,R,A,G,G,I,A,M,T,A,N,L,N,I,N,F,K,R,P,I,P,L,C,S,V,V,V,I,D,S,Q,L,D,K,V,E,G,R,K,L,F,V,S,C,N,V,R,S,V,D,E,K,T,L,H,S,E,A,S,A,L,F,I,K,L,D,P,D,K,S
Ursus_americanus,M,L,R,S,G,A,L,R,L,C,P,P,G,A,L,P,P,A,R,E,S,R,P,P,R,S,F,A,S,E,-,A,I,R,V,D,L,S,L,P,N,P,S,W,S,K,D,M,R,L,L,F,D,Q,F,M,K,K,T,E,D,G,S,W,K,R,L,P,S,Y,K,Y,V,S,P,Q,S,T,E,-,V,K,T,F,F,P,D,A,K,P,V,K,-,-,-,-,-,Q,A,Q,L,F,P,R,S,L,E,E,G,R,G,F,E,Y,A,M,F,H,N,H,V,E,N,R,T,V,C,I,F,Q,G,G,P,Y,L,Q,G,A,S,G,F,L,H,G,G,A,I,A,T,M,M,D,S,T,L,G,A,C,A,L,R,A,G,G,V,A,M,T,A,N,L,N,I,N,F,R,R,P,I,P,L,C,S,V,V,V,I,N,S,Q,L,D,K,V,E,G,R,K,L,F,V,S,C,N,V,Q,S,V,D,G,K,T,L,H,S,E,A,T,S,L,F,V,K,L,N,P,K,K,V
Ursus_maritimus,M,L,R,S,G,A,L,R,L,C,P,P,G,A,L,P,P,A,R,E,S,R,P,P,R,S,F,A,S,E,-,A,I,R,V,D,L,S,L,P,N,P,S,W,S,K,D,M,R,L,L,F,D,Q,F,M,K,K,T,E,D,G,S,W,K,R,L,P,S,Y,K,Y,V,S,P,Q,S,T,E,-,V,K,T,F,F,P,D,A,K,P,V,K,-,-,-,-,-,Q,A,Q,L,F,P,R,S,L,E,E,G,R,G,F,E,Y,A,M,F,H,N,H,V,E,H,R,T,V,C,I,F,Q,G,G,P,Y,L,Q,G,A,S,G,F,L,H,G,G,A,I,A,T,M,M,D,S,T,L,G,A,C,A,L,R,A,G,G,V,A,M,T,A,N,L,N,I,N,F,R,R,P,I,P,L,C,S,V,V,V,I,N,S,Q,L,D,K,V,E,G,R,K,L,F,V,S,C,N,V,Q,S,V,D,G,K,T,L,H,S,E,A,T,S,L,F,V,K,L,N,P,K,K,V
Vicugna_pacos,M,L,R,S,C,A,A,R,P,R,T,L,G,A,L,-,P,G,T,E,P,R,-,H,R,S,F,S,T,E,K,I,I,H,K,D,R,C,L,P,N,P,S,W,S,K,D,L,R,L,L,F,D,Q,F,M,K,K,C,E,D,G,S,W,K,H,L,P,S,S,E,C,K,S,P,Q,R,I,H,S,F,K,T,Y,F,L,D,S,K,P,V,K,E,D,Q,L,S,Q,A,R,P,F,T,R,S,Y,E,V,G,Q,G,F,E,Y,V,M,F,Y,N,D,D,E,K,R,T,V,C,L,F,Q,G,G,P,Y,L,E,G,P,P,G,F,V,H,G,G,A,L,A,T,M,I,D,T,T,L,G,M,C,-,-,-,-,-,-,-,-,M,T,A,N,L,N,I,N,F,K,S,P,I,P,L,C,S,V,V,V,I,S,S,Q,L,D,K,V,E,G,R,K,L,F,A,S,C,D,V,R,S,V,D,E,K,T,L,H,S,D,A,T,G,L,F,I,K,L,D,P,E,K,S
Artibeus_jamaicensis,-,-,-,-,-,-,-,-,-,-,-,-,-,-,-,-,-,-,-,-,-,-,-,-,-,-,-,-,-,-,-,-,-,-,-,-,-,S,L,P,K,P,S,W,S,K,D,M,R,L,L,F,D,Q,F,M,K,K,C,E,D,G,S,W,T,L,L,P,A,-,-,-,-,-,-,-,-,-,-,-,-,-,-,-,-,-,-,-,K,L,I,D,K,E,Q,L,S,Q,A,P,V,F,T,E,S,L,K,D,V,L,G,F,E,H,V,M,F,Y,N,D,V,E,K,R,T,V,C,L,F,E,G,G,P,H,L,Q,G,M,L,G,F,L,H,G,G,A,L,A,T,M,I,D,A,T,I,G,I,S,A,M,R,A,K,R,F,A,M,T,A,N,L,N,I,N,F,K,R,P,V,P,L,G,S,V,V,V,I,N,S,Q,L,D,K,I,E,G,R,K,V,F,I,S,C,D,V,R,S,V,D,E,N,I,L,Y,S,E,A,T,-,-,-,-,-,-,-,-,-,-,-
Desmodus_rotundus,-,-,-,-,-,-,-,-,-,-,-,-,-,-,-,-,-,-,-,-,-,-,-,-,-,-,-,-,-,-,-,-,-,-,-,-,-,-,-,-,-,-,-,-,-,-,-,-,-,-,-,-,-,-,-,M,K,K,C,E,D,G,S,W,T,P,L,P,-,-,-,-,-,-,-,-,-,-,-,-,-,-,-,-,-,-,-,-,K,L,I,D,K,E,Q,L,S,Q,A,Q,I,F,T,E,S,F,K,D,G,L,G,F,E,Y,V,M,F,Y,N,D,V,E,K,R,I,V,C,L,F,Q,G,G,P,H,L,Q,G,M,P,G,F,L,H,G,G,A,V,A,T,M,I,D,A,T,V,G,M,S,A,M,R,A,E,G,L,V,M,T,A,N,L,N,I,N,F,K,R,P,V,P,L,C,S,V,V,V,I,N,S,Q,L,D,K,I,E,G,R,K,L,F,I,S,C,D,V,R,S,V,D,E,N,T,L,Y,S,E,A,T,S,L,F,I,K,L,D,P,E,K,N
Eptesicus_fuscus,-,-,-,-,-,-,-,-,-,-,A,L,G,A,L,P,P,A,R,-,-,-,-,-,R,L,L,S,F,E,K,V,F,D,K,D,H,S,L,P,K,P,C,W,S,K,D,M,R,L,L,F,D,Q,F,M,K,K,C,E,D,G,S,W,I,L,L,P,S,Y,E,Y,I,S,T,Q,-,-,-,-,-,-,-,-,-,-,-,-,R,L,V,N,K,E,K,L,S,Q,A,Q,L,F,T,R,S,F,E,D,G,L,G,F,E,Y,V,M,F,Y,N,E,A,E,K,R,I,V,C,V,F,Q,G,G,P,H,L,Q,G,M,P,G,F,F,H,G,G,A,T,A,T,M,I,D,S,T,V,G,M,N,A,I,V,S,G,G,I,V,M,T,A,N,L,N,I,N,F,K,R,P,I,P,L,C,S,T,V,L,I,N,S,Q,L,D,K,M,E,G,R,K,L,F,V,S,C,N,V,Q,S,V,D,E,K,I,L,Y,T,E,A,T,S,L,F,I,V,L,D,A,K,K,K
Hipposideros_armiger,M,L,R,S,C,A,A,R,L,R,T,L,G,T,L,P,P,T,R,N,P,I,P,A,R,L,F,S,S,E,E,V,I,P,K,D,R,S,L,P,N,P,S,W,N,K,E,L,R,L,L,F,E,Q,F,M,K,K,C,E,D,G,S,W,T,H,M,P,S,Y,S,S,L,N,T,Q,-,I,R,D,F,K,T,-,-,-,-,-,-,-,-,-,-,-,-,-,-,-,-,-,-,-,-,-,-,-,-,-,-,-,-,-,-,-,-,-,-,-,-,-,-,-,-,-,-,-,-,-,-,-,-,-,-,-,-,-,-,-,-,-,L,M,H,-,-,-,-,-,-,-,-,-,-,-,-,-,-,-,-,-,-,-,-,-,-,-,-,-,-,-,-,-,-,-,-,-,-,-,-,-,-,-,-,-,-,-,-,-,-,-,-,-,-,-,-,-,-,-,-,-,-,-,-,-,-,-,-,-,-,-,-,-,-,-,-,-,-,-,-,-,-,-,-,-,-,-,-,-,-
Miniopterus_natalensis,-,-,-,-,-,-,-,-,-,-,-,-,-,-,-,-,-,-,-,-,-,-,-,-,-,-,-,-,-,-,-,-,-,-,-,-,-,-,-,-,-,-,-,-,-,-,-,M,R,L,L,F,D,Q,F,M,K,K,C,E,D,G,S,W,T,L,L,P,S,-,-,-,-,-,-,-,-,-,-,-,-,-,-,-,-,-,-,-,-,-,-,-,-,E,K,L,S,Q,A,Q,L,F,G,T,N,F,K,D,G,L,G,F,E,Y,V,M,F,Y,N,D,V,E,Q,R,I,V,C,V,F,Q,G,G,P,H,L,Q,G,M,P,G,F,L,H,G,G,A,I,A,T,M,I,D,I,T,L,G,M,S,A,I,I,A,G,E,I,V,M,T,A,N,L,N,I,N,F,K,R,P,I,S,L,R,S,V,V,L,I,N,S,Q,L,D,K,I,E,G,R,K,L,F,F,S,S,N,I,Q,S,I,D,E,K,I,L,Y,T,E,A,T,G,L,F,I,K,L,D,P,E,K,K
Molossus_molossus,M,L,R,S,C,A,A,R,L,H,A,V,G,A,L,-,-,-,-,-,-,-,-,-,-,-,-,-,-,-,-,-,-,-,-,-,-,-,-,-,-,-,-,-,-,-,-,-,-,-,-,-,-,-,-,-,-,-,-,-,-,-,-,-,-,-,-,-,-,-,-,-,-,-,-,-,-,-,-,-,-,-,-,-,-,-,-,-,K,L,I,N,E,E,K,L,L,Q,A,K,I,F,T,R,N,F,E,D,G,L,G,F,E,Y,V,M,F,Y,N,D,V,E,K,R,V,V,C,V,F,E,G,G,P,Y,L,Q,G,M,P,G,C,L,H,G,G,A,I,A,T,M,I,D,A,T,V,G,T,S,A,M,I,A,E,G,I,V,M,T,A,N,L,N,I,N,F,K,R,P,V,P,L,C,S,V,V,L,I,N,S,Q,L,D,K,I,E,G,R,K,L,F,I,S,C,N,V,Q,S,V,D,E,K,T,L,Y,T,E,A,T,S,L,F,I,K,L,D,P,E,K,Q
Myotis_brandtii,-,-,-,-,-,-,-,-,-,-,-,-,-,-,-,-,-,-,-,-,-,-,-,-,-,-,-,-,-,-,-,-,-,-,-,-,-,-,-,-,-,-,-,-,-,-,-,-,-,-,-,-,-,-,-,-,-,-,-,-,-,-,-,-,-,-,-,-,-,-,-,-,-,-,-,-,-,-,-,-,-,-,-,-,-,-,-,-,-,-,-,-,-,-,-,-,-,-,-,-,-,-,-,-,-,-,-,-,-,-,-,-,-,-,-,-,-,-,-,-,-,-,-,-,-,-,-,-,-,-,-,-,-,-,-,-,-,-,-,-,-,-,-,-,-,-,-,-,-,-,-,-,-,-,-,-,-,-,-,-,-,-,-,-,-,-,-,-,-,-,-,-,-,-,-,-,-,-,-,-,-,-,-,-,-,-,-,-,-,-,-,-,-,-,-,-,-,-,-,-,-,-,-,-,-,-,-,-,-,-,-,-,-,-,-,-,-,-,-,-,-,-,-,-,-,-,-,-,-
Myotis_davidii,M,L,G,R,C,A,A,-,-,R,A,L,G,A,L,P,P,A,R,S,P,G,P,S,R,L,L,S,S,E,K,V,S,E,K,D,H,S,L,P,K,P,C,W,S,K,D,M,R,L,L,F,D,Q,F,M,K,K,C,E,D,G,S,W,I,H,L,P,S,Y,E,E,I,A,T,Q,R,S,Q,D,F,-,-,-,-,-,-,-,-,-,-,-,-,E,K,L,S,Q,G,R,L,F,T,R,S,F,E,D,G,L,G,F,E,Y,V,M,F,Y,N,D,A,E,K,R,I,V,C,V,F,Q,G,G,P,H,L,Q,G,M,P,G,F,F,H,G,G,A,I,A,T,M,I,D,A,T,V,G,M,N,A,I,V,S,G,G,I,V,M,T,A,N,L,N,I,N,F,K,R,P,I,P,L,C,S,V,V,L,I,N,S,Q,L,D,K,I,E,G,R,K,L,L,V,S,C,N,V,Q,S,V,D,E,K,I,L,Y,T,E,A,T,S,L,F,V,K,L,N,P,E,K,-
Myotis_lucifugus,M,L,G,R,C,A,A,-,-,R,A,L,G,A,L,P,P,A,R,S,P,G,P,S,R,L,L,S,S,E,K,V,S,D,E,N,H,S,L,P,K,P,C,W,S,K,D,M,R,L,L,F,D,Q,F,M,K,K,C,E,D,G,S,W,I,H,L,P,S,Y,E,Y,I,A,T,Q,R,S,Q,D,F,-,-,-,-,-,-,-,-,-,-,-,-,E,K,L,S,Q,G,R,L,F,T,K,S,F,E,D,G,L,G,F,E,Y,V,M,F,Y,N,D,A,E,K,R,I,V,C,V,F,Q,G,G,P,H,L,Q,G,M,P,G,F,F,H,G,G,A,I,A,T,M,I,D,A,T,V,G,M,N,A,I,V,S,G,G,I,V,M,T,A,N,L,N,I,D,F,K,R,P,I,P,L,C,S,I,V,L,I,N,S,Q,L,D,K,I,E,G,R,K,L,F,V,S,C,N,V,Q,S,V,D,K,K,I,L,Y,T,E,A,T,S,L,F,V,K,L,D,L,E,K,-
Myotis_myotis,-,-,-,-,C,A,A,-,-,R,A,L,G,A,L,P,P,A,R,S,P,G,P,S,R,L,L,S,S,E,K,V,S,E,K,D,H,S,L,P,K,P,C,W,S,K,D,M,R,L,L,F,D,Q,F,M,K,K,C,E,D,G,S,W,I,H,L,P,S,Y,E,D,I,A,T,Q,R,S,Q,D,F,S,T,-,-,-,-,-,-,-,-,-,-,E,K,L,S,Q,G,R,I,F,T,R,S,F,E,D,G,L,G,F,E,Y,V,M,F,Y,N,D,A,E,K,R,I,V,C,V,F,Q,G,G,P,H,L,Q,G,M,P,G,F,F,H,G,G,A,I,A,T,M,I,D,A,T,V,G,M,N,A,I,V,S,G,G,I,V,M,T,A,N,L,N,I,N,F,K,R,P,I,P,L,C,S,I,V,L,I,N,S,Q,L,D,K,I,E,G,R,K,L,L,V,S,C,N,V,Q,S,V,D,E,K,I,L,Y,T,E,A,T,S,L,F,I,K,L,N,P,E,K,-
Phyllostomus_discolor,M,L,R,S,C,A,A,R,L,H,A,L,G,A,L,P,P,A,R,S,P,G,P,-,-,-,-,-,-,-,-,-,-,A,K,D,S,S,L,P,K,P,S,W,S,K,D,M,R,L,L,F,D,Q,F,M,K,K,C,E,D,G,S,W,T,R,L,P,S,T,-,-,-,-,-,-,-,-,-,-,-,-,-,-,-,-,-,A,K,L,V,D,K,E,Q,L,S,Q,A,Q,I,F,T,E,S,F,K,D,G,L,G,F,E,Y,V,M,F,Y,N,D,A,E,K,R,T,V,C,L,F,Q,G,G,P,H,L,Q,G,M,P,G,F,L,H,G,G,A,V,A,T,M,I,D,A,T,V,G,M,S,A,I,K,A,E,G,L,V,M,T,A,N,L,N,I,N,F,K,R,P,V,P,L,C,S,V,V,V,I,N,S,H,L,D,K,T,E,G,R,K,L,F,I,S,C,D,V,R,S,V,D,E,T,T,L,Y,S,E,A,T,-,-,-,-,-,-,-,-,-,-,-
Phyllostomus_hastatus,M,L,R,S,C,A,A,R,L,H,A,L,G,A,L,P,P,A,R,S,P,-,-,-,-,-,-,-,-,-,-,-,-,-,K,D,S,S,L,P,K,P,S,W,S,K,D,M,R,L,L,F,D,Q,F,M,K,K,C,E,D,G,S,W,T,R,L,P,T,T,-,-,-,-,-,-,-,-,-,-,-,-,-,-,-,-,-,A,K,L,V,D,K,E,Q,L,S,Q,A,Q,I,F,T,E,T,F,K,D,G,L,G,F,E,Y,V,M,F,Y,N,D,V,E,K,R,T,V,C,L,F,Q,G,G,P,H,L,Q,G,M,P,G,F,L,H,G,G,A,V,A,T,M,I,D,A,T,V,G,M,S,A,M,K,A,E,G,L,V,M,T,A,N,L,N,I,N,F,K,R,P,V,P,L,C,S,V,V,V,I,N,S,Q,L,D,K,T,E,G,R,K,L,F,I,S,C,D,V,R,S,V,D,E,T,T,L,Y,S,E,A,T,S,L,F,I,K,L,D,P,K,K,N
Pipistrellus_kuhlii,-,-,-,-,-,-,-,-,-,-,A,L,G,A,L,P,P,A,R,-,-,-,-,-,-,-,-,-,-,-,K,V,L,D,K,D,H,F,L,P,K,P,C,W,G,K,D,M,R,R,L,F,D,Q,F,T,K,K,C,E,D,G,S,W,I,Q,L,P,S,Y,E,H,I,S,S,Q,R,S,Q,D,F,-,-,-,-,-,-,-,-,-,-,-,-,E,K,L,S,Q,A,Q,L,F,T,R,G,F,E,D,G,M,G,F,E,Y,V,M,F,Y,N,E,A,E,K,R,I,V,C,V,F,Q,G,G,P,H,L,Q,G,M,P,G,F,F,H,G,G,A,T,A,T,I,I,D,A,T,V,G,M,N,A,I,V,S,G,G,I,V,M,T,A,N,L,N,I,N,F,K,S,P,I,P,L,C,S,T,V,L,V,N,S,Q,L,D,K,I,E,G,R,K,L,F,V,S,C,K,V,Q,S,I,D,E,K,I,L,Y,T,E,A,T,-,-,-,-,-,-,-,-,-,-,-
Rhinolophus_ferrumequinum,M,L,R,S,C,A,A,R,L,R,T,L,G,A,G,P,P,A,G,N,P,G,P,A,R,W,F,S,S,E,-,-,-,-,K,D,R,S,L,P,N,P,S,W,N,K,D,L,R,L,L,F,E,Q,F,M,K,K,C,E,D,G,S,W,T,H,M,P,S,Y,S,Y,K,N,T,L,S,T,Q,D,F,T,T,L,I,R,D,G,K,L,-,P,N,K,H,L,S,Q,A,Q,L,F,T,R,S,Y,E,E,G,L,G,F,E,Y,V,M,F,Y,N,D,A,E,N,R,T,I,C,F,F,Q,G,G,P,Y,L,Q,G,A,P,G,F,L,H,G,G,A,I,S,T,M,I,D,A,T,L,G,T,S,A,M,I,A,V,G,I,V,M,T,A,N,L,N,I,T,F,K,R,P,I,P,L,G,S,A,V,V,I,N,S,Q,V,D,K,I,E,G,R,K,V,F,V,S,C,N,V,R,S,A,D,E,K,T,V,Y,T,E,A,T,S,L,F,I,K,L,E,P,G,K,S
Sorex_araneus,-,-,-,-,-,-,-,-,-,-,-,-,-,-,-,-,-,-,-,-,-,-,-,-,R,S,F,S,S,E,K,V,T,P,K,D,R,S,L,P,N,K,C,W,N,Q,D,L,K,L,L,F,E,Q,F,M,K,K,C,E,D,G,S,W,E,R,L,S,S,F,D,-,-,-,T,Q,R,E,E,S,F,R,T,Y,F,L,D,A,K,F,M,K,E,E,Q,T,S,L,A,Q,L,F,T,R,S,F,Q,E,G,L,G,F,E,Y,V,M,F,H,K,E,A,E,K,R,T,V,C,L,F,Q,G,G,P,Y,L,Q,G,A,P,G,F,L,H,G,G,A,I,A,T,M,I,D,A,T,V,G,A,S,A,L,M,A,G,G,I,V,M,T,A,N,L,N,I,N,Y,K,K,P,I,P,L,L,S,T,V,V,I,D,S,Q,V,D,K,I,E,G,R,K,I,F,V,S,C,T,V,Q,S,A,D,E,K,T,L,H,T,E,A,T,S,L,F,I,K,L,D,I,D,K,F
Sturnira_hondurensis,M,L,R,S,C,A,A,R,L,L,A,L,G,-,-,-,-,-,-,-,-,-,-,-,-,-,-,-,-,-,-,-,-,-,K,D,C,S,L,P,K,P,S,W,S,K,D,M,R,L,L,F,D,Q,F,M,K,K,C,E,D,G,S,W,T,L,L,P,S,Y,-,-,-,-,-,-,-,-,-,-,-,-,-,-,-,-,-,A,K,L,V,D,K,E,Q,L,S,Q,A,H,I,F,T,E,S,F,K,D,G,L,G,F,E,Y,V,M,F,S,N,D,V,E,K,R,T,V,C,L,F,Q,G,G,P,C,L,Q,G,M,P,G,F,V,H,G,G,A,V,A,T,M,I,D,A,A,L,G,M,S,A,I,R,A,K,G,L,V,M,T,A,N,L,N,I,N,F,K,R,P,V,P,L,G,S,V,V,V,I,S,T,Q,L,D,N,I,E,G,R,K,L,F,I,S,C,D,V,R,S,V,D,K,N,T,L,Y,S,E,A,T,S,L,F,I,Q,L,D,P,E,K,N
Pteropus_alecto,-,-,-,-,-,-,-,-,-,-,-,-,-,-,-,-,-,-,-,-,-,-,-,-,-,-,-,-,-,-,-,-,-,-,-,-,-,-,-,-,-,-,-,-,-,-,-,-,-,-,-,-,-,-,-,-,-,-,-,-,-,-,-,-,-,-,-,-,-,-,-,-,-,-,-,-,-,-,-,-,-,-,-,-,-,-,-,-,-,-,-,-,-,-,-,-,-,-,A,Q,L,F,T,R,S,Y,D,D,G,L,C,F,E,Y,V,M,F,Y,N,H,V,E,K,R,I,V,C,L,F,Q,G,G,-,-,L,Q,G,V,P,G,F,L,H,G,G,A,N,V,A,M,I,A,A,I,V,S,M,S,V,I,I,V,G,G,I,V,M,T,A,N,L,N,I,N,-,K,R,P,I,P,L,C,S,V,V,V,I,N,S,Q,L,D,K,I,E,G,R,K,V,F,V,C,C,N,I,R,-,I,N,E,K,T,L,H,S,E,A,T,D,L,F,T,K,L,D,P,E,K,H
Pteropus_giganteus,-,-,-,-,-,-,-,-,-,-,-,-,-,-,-,-,-,-,-,-,-,-,-,-,-,-,-,-,-,-,-,-,-,-,-,-,-,-,-,-,-,-,-,-,-,-,-,-,-,-,-,-,-,-,-,-,-,-,-,-,-,-,-,-,-,-,-,-,-,-,-,-,-,-,-,-,-,-,-,-,-,-,-,-,-,-,-,-,-,-,-,-,-,-,-,-,-,-,-,-,-,-,-,-,-,-,-,-,-,-,-,-,-,-,-,-,-,-,-,-,-,-,-,-,-,-,-,-,-,-,-,-,-,-,-,-,-,-,-,-,-,-,-,-,-,-,-,-,-,-,-,-,-,-,-,-,-,-,-,-,-,-,-,-,-,-,-,-,-,-,-,-,-,-,-,-,-,-,-,-,-,-,-,-,-,-,-,-,-,-,-,-,-,-,-,-,-,-,-,-,-,-,-,-,-,-,-,-,-,-,-,-,-,-,-,-,-,-,-,-,-,-,-,-,-,-,-,-,-
Pteropus_vampyrus,M,L,R,S,C,A,A,R,L,R,M,L,G,A,L,-,-,-,-,-,-,-,-,-,R,W,F,S,S,E,-,-,-,-,K,D,F,C,L,P,N,P,S,W,S,E,D,L,R,H,L,F,H,Q,F,M,K,K,C,E,D,G,S,W,-,-,-,-,-,-,-,-,-,-,-,-,-,-,-,-,-,-,-,-,-,-,-,-,-,-,-,-,-,-,-,-,-,-,-,-,-,-,T,R,N,F,Q,E,G,L,G,F,E,Y,A,M,F,Y,N,K,D,E,R,R,I,V,C,L,F,Q,G,G,P,L,L,Q,G,F,P,G,L,L,H,G,G,A,I,V,T,M,V,D,-,-,-,-,-,-,-,-,-,-,-,-,-,-,M,T,A,Y,I,N,I,T,Y,K,R,P,I,P,I,G,S,V,V,V,I,N,G,Q,V,D,K,I,E,E,R,K,V,F,L,S,S,S,V,H,S,A,D,E,K,T,L,Y,S,E,A,T,S,L,F,V,Q,L,N,L,E,K,S
Rousettus_aegyptiacus,-,-,-,-,-,-,-,-,-,-,-,-,-,-,-,-,-,-,-,-,P,R,P,A,R,S,F,S,S,E,K,-,-,-,-,-,-,-,-,-,-,D,S,W,S,E,E,L,R,L,L,S,H,Q,F,M,K,K,C,D,N,G,S,W,-,-,-,-,-,-,-,-,-,-,-,-,-,-,-,-,-,-,-,-,-,-,-,-,-,-,-,-,-,-,-,-,-,-,-,-,-,-,-,-,-,-,-,-,-,L,G,F,E,Y,A,L,F,Y,N,K,D,E,R,R,V,V,C,F,F,Q,G,G,P,L,L,Q,G,F,P,G,L,L,H,G,G,A,T,A,T,L,I,D,-,-,-,-,-,-,-,-,-,-,-,-,-,-,-,-,-,-,L,N,I,T,Y,K,R,P,I,A,I,G,S,V,V,V,L,N,I,Q,V,D,K,I,E,G,K,K,V,F,L,S,C,S,V,R,S,A,D,E,K,I,L,Y,S,E,A,T,S,L,Y,I,K,L,D,L,E,K,R
Ailuropoda_melanoleuca,M,L,R,S,G,A,L,R,L,C,A,P,G,V,L,P,P,T,R,E,S,R,P,P,R,S,F,A,S,E,-,V,I,R,V,D,L,S,L,P,N,P,S,W,S,K,D,M,R,L,L,F,D,Q,F,M,K,K,T,E,D,G,S,W,K,R,L,P,S,Y,K,Y,V,S,P,Q,R,T,E,-,V,K,T,F,F,P,D,G,K,P,V,K,E,D,H,M,P,Q,A,Q,L,F,P,R,S,L,E,E,G,L,G,F,E,Y,A,M,F,H,N,H,V,E,N,R,T,V,C,I,F,Q,G,G,P,Y,L,Q,G,A,S,G,F,L,H,G,G,A,I,A,T,M,M,D,S,T,L,G,V,C,A,L,T,A,G,G,V,A,M,T,A,N,L,N,I,N,F,R,R,P,I,P,L,C,S,V,V,V,I,N,S,Q,L,D,K,V,E,G,R,K,L,F,V,S,C,N,V,Q,S,V,D,G,K,T,L,H,S,K,A,T,S,L,F,V,K,L,N,P,K,E,V
Antechinus_flavipes,-,-,-,-,-,-,-,-,-,-,-,-,-,-,-,-,-,-,-,-,-,-,-,-,-,-,-,-,-,-,-,-,-,-,-,-,-,-,-,-,-,-,-,-,-,-,-,-,-,-,-,-,-,-,-,-,-,-,-,-,-,-,-,-,-,-,-,-,-,-,-,-,-,-,-,-,-,-,-,-,-,-,-,-,-,-,-,-,-,-,-,-,-,-,-,-,-,-,-,-,-,-,-,-,-,-,-,-,-,-,-,-,-,-,-,-,-,-,-,-,-,-,-,-,-,-,-,-,-,-,-,-,-,-,-,-,-,-,-,-,-,-,-,-,-,-,-,-,-,-,-,-,-,-,-,-,-,-,-,-,-,-,-,-,-,-,-,-,-,-,-,-,-,-,-,-,-,-,-,-,-,-,-,-,-,-,-,-,-,-,-,-,-,-,-,-,-,-,-,-,-,-,-,-,-,-,-,-,-,-,-,-,-,-,-,-,-,-,-,-,-,-,-,-,-,-,-,-,-
Aotus_nancymaae,M,L,R,S,C,A,A,R,L,R,T,L,G,V,L,A,P,G,S,E,P,R,P,A,R,L,F,S,S,E,E,V,F,L,K,D,Y,S,V,P,N,P,S,W,N,K,D,L,R,L,L,F,D,Q,F,T,K,K,C,E,D,G,S,W,K,R,L,S,S,Y,K,R,E,S,A,A,M,M,K,D,F,K,T,H,F,L,D,P,E,H,M,K,E,E,Q,I,S,Q,A,Q,L,F,T,R,S,F,D,E,G,L,G,F,E,Y,V,M,F,Y,N,D,V,E,K,R,M,V,C,L,F,Q,G,G,P,Y,L,E,G,A,P,G,C,L,H,G,G,A,I,A,T,M,V,D,V,T,L,G,T,C,A,M,I,A,G,G,I,V,M,T,A,N,L,N,I,N,Y,K,R,P,V,P,L,C,S,V,V,V,I,N,S,Q,L,D,K,V,E,G,R,K,F,F,V,S,C,N,V,Q,S,V,D,E,K,T,L,Y,S,E,A,T,G,L,F,I,K,L,K,P,-,-,-
Apodemus_sylvaticus,-,-,-,-,-,-,-,-,-,-,-,-,-,-,-,-,-,-,-,-,-,-,-,-,-,-,-,-,-,-,-,-,-,-,-,-,-,-,-,-,-,-,-,-,-,-,-,-,-,-,-,-,-,-,-,-,-,-,-,-,-,-,-,-,-,-,-,-,-,-,-,-,-,-,-,-,-,-,-,-,-,-,-,-,-,-,-,-,-,-,-,-,-,-,-,-,-,-,-,-,-,-,-,-,-,-,-,-,-,-,-,-,-,-,-,-,-,-,-,-,-,-,-,-,-,-,-,-,-,-,-,-,-,-,-,-,-,-,-,-,-,-,-,-,-,-,-,-,-,-,-,-,-,-,-,-,-,-,-,-,-,-,-,-,-,-,-,-,-,-,-,-,-,-,-,-,-,-,-,-,-,-,-,-,-,-,-,-,-,-,-,-,-,-,-,-,-,-,-,-,-,-,-,-,-,-,-,-,-,-,-,-,-,-,-,-,-,-,-,-,-,-,-,-,-,-,-,-,-
Arvicola_amphibius,M,L,R,S,C,A,T,R,L,R,A,L,G,V,-,P,P,A,R,R,P,G,A,V,R,L,F,S,S,E,K,V,I,P,K,D,Y,G,L,P,N,P,S,W,S,K,D,L,R,L,L,F,D,Q,F,M,K,K,C,E,D,G,S,W,K,R,L,P,S,Y,R,Q,N,P,T,Q,T,L,K,D,F,Q,T,R,F,V,D,P,R,F,V,N,E,E,Q,M,S,K,A,Q,Q,F,S,R,S,L,E,E,G,L,G,F,E,Y,V,M,F,Y,N,K,V,E,K,K,M,V,C,L,F,Q,G,G,L,H,L,Q,G,V,P,G,F,V,H,G,G,A,I,A,T,I,I,D,V,T,T,G,M,C,A,I,-,A,E,G,V,A,M,T,A,N,L,N,I,N,Y,K,K,P,I,P,L,C,S,V,V,V,V,T,S,Q,L,S,K,T,E,G,R,K,L,F,I,S,C,T,V,Q,S,V,D,E,K,T,L,Y,T,Q,A,T,A,L,F,I,K,L,D,P,D,K,R
Callorhinus_ursinus,-,-,-,-,-,-,-,-,-,-,-,-,G,A,L,P,P,A,R,G,S,R,P,S,R,S,F,S,S,E,-,V,I,Y,V,D,R,S,L,P,N,P,S,W,S,K,D,M,R,L,L,F,D,Q,F,M,K,K,T,E,D,G,S,W,K,P,L,P,S,Y,K,S,V,S,P,Q,R,I,E,E,V,K,I,F,F,P,D,A,K,P,I,K,E,H,-,M,S,Q,A,Q,L,F,P,R,S,L,E,E,D,L,G,F,E,Y,A,M,F,H,N,H,V,E,-,R,T,V,C,I,F,Q,G,G,P,Y,L,Q,G,A,P,G,F,L,L,G,G,A,I,A,T,M,I,D,S,T,V,G,M,C,A,V,I,A,E,G,I,V,L,T,A,N,L,N,I,S,F,R,R,P,I,P,L,C,S,V,V,V,I,N,S,Q,L,D,K,V,E,G,R,K,L,F,V,S,C,N,V,Q,S,V,D,E,K,T,L,Y,S,E,A,T,S,L,F,V,K,L,D,P,K,K,S
Canis_lupus_dingo,-,-,-,-,-,-,-,-,-,-,-,-,-,-,-,-,-,-,-,-,-,-,-,-,R,S,F,S,S,E,-,V,L,H,V,D,H,S,L,P,N,P,S,W,N,E,D,M,R,L,L,F,D,Q,F,M,K,K,S,E,D,G,S,W,K,R,L,P,S,Y,K,C,N,P,P,E,R,I,E,D,V,K,I,F,F,P,D,A,K,L,L,K,E,Q,-,M,S,Q,A,Q,Q,F,P,R,S,L,G,E,G,V,G,F,E,Y,A,M,F,H,N,H,V,E,D,R,T,V,C,I,F,Q,G,G,P,H,L,Q,G,V,P,G,F,L,H,G,G,A,I,A,T,M,I,D,S,A,L,G,M,C,A,I,L,T,G,G,I,A,M,T,A,N,L,N,I,N,F,R,R,P,I,P,L,C,S,V,V,V,I,N,C,Q,L,D,R,V,E,G,R,K,L,F,V,S,C,N,I,R,S,M,D,E,K,T,L,Y,S,E,A,T,-,-,-,-,-,-,-,-,-,-,-
Carlito_syrichta,-,-,-,-,-,-,-,R,L,R,T,L,R,A,L,-,-,-,-,-,-,-,-,A,R,S,F,S,S,E,K,V,V,P,K,D,C,S,L,P,N,P,S,W,N,K,D,I,R,L,L,F,D,Q,F,M,K,K,C,E,D,G,S,W,K,R,L,P,S,Y,K,S,E,S,S,R,R,A,Q,D,F,K,T,L,Y,L,G,P,K,L,S,K,-,E,L,T,S,Q,A,Q,L,F,T,R,S,L,E,D,G,L,G,F,E,Y,V,M,F,Y,N,D,V,E,Q,R,V,V,C,L,F,Q,G,G,P,Y,L,Q,G,A,P,G,F,L,H,G,G,A,I,A,T,M,I,D,A,T,V,G,T,C,A,L,I,A,G,G,I,V,M,T,A,N,L,N,I,N,Y,K,R,P,I,P,L,C,S,V,V,V,I,N,S,Q,L,D,K,A,E,G,R,K,F,F,V,S,C,N,V,R,S,V,D,E,K,T,L,Y,S,E,A,T,S,L,F,I,K,L,D,P,D,K,S
Castor_canadensis,M,L,R,S,C,A,A,L,L,R,T,L,G,A,P,-,-,-,-,-,P,G,V,V,R,S,F,S,S,E,K,V,I,H,K,D,F,A,V,P,N,P,S,W,S,K,D,L,R,L,L,F,D,Q,F,M,K,K,C,E,D,G,S,W,E,R,L,P,S,H,R,Q,T,P,L,Q,K,F,E,D,F,K,T,H,F,L,D,S,K,H,M,K,E,E,Q,M,S,Q,A,Q,N,F,T,R,S,F,E,D,G,L,G,F,E,Y,V,M,F,C,N,D,I,E,K,M,V,V,C,F,F,Q,G,G,P,H,L,Q,G,V,P,G,F,I,H,G,G,A,I,A,T,I,I,D,A,T,V,G,M,C,A,N,R,A,G,G,A,A,M,T,A,N,L,N,I,N,F,K,R,P,I,P,L,C,S,V,V,V,L,K,S,Q,L,D,K,V,E,G,R,K,L,F,V,S,C,S,V,R,S,I,D,E,K,T,L,H,S,E,A,T,S,L,F,I,K,L,D,P,N,K,R
Cavia_porcellus,M,L,R,S,C,A,A,R,L,R,T,L,G,-,-,-,-,-,-,-,P,R,G,A,R,S,F,A,S,E,E,V,I,D,K,D,H,A,L,P,N,P,S,W,S,T,D,L,R,F,L,F,D,Q,F,M,K,K,C,E,E,G,S,W,K,R,L,P,S,Y,K,R,N,S,T,Q,K,F,Q,D,F,K,T,H,Y,V,D,P,K,L,L,K,E,E,Q,M,P,G,A,Q,L,F,T,R,S,F,E,D,G,L,G,F,E,Y,V,M,F,C,N,D,V,E,N,R,V,V,C,F,F,Q,G,G,P,H,L,Q,G,M,P,G,F,T,H,G,G,A,I,A,A,I,I,D,A,T,V,G,T,C,A,F,R,A,R,G,I,V,M,T,A,N,L,N,I,N,Y,K,R,P,I,P,L,-,S,V,V,V,I,N,S,Q,L,D,K,V,E,G,R,K,V,F,V,S,C,D,V,R,S,V,K,E,E,T,L,Y,S,E,A,T,G,L,F,I,T,L,D,P,N,K,K
Cervus_elaphus_hippelaphus,-,-,-,-,-,-,-,-,-,-,-,-,-,-,-,-,-,-,-,-,-,-,-,-,-,-,-,-,-,-,-,-,-,-,-,-,-,-,-,-,-,-,-,-,-,-,-,-,-,-,-,-,-,-,-,-,-,-,-,-,-,-,-,-,-,-,-,-,-,-,-,-,-,-,-,-,-,-,-,-,-,-,-,-,-,-,-,-,-,-,-,-,-,-,-,-,-,-,-,-,-,-,-,-,-,-,-,-,-,-,-,-,-,-,-,-,-,-,-,-,-,-,-,-,-,-,-,-,-,-,-,-,-,-,-,-,-,-,-,-,-,-,-,-,-,-,-,-,-,-,-,-,-,-,-,-,-,-,-,-,-,-,-,-,-,-,-,-,-,-,-,-,-,-,-,-,-,-,-,-,-,-,-,-,-,-,-,-,-,-,-,-,-,-,-,-,-,-,-,-,-,-,-,-,-,-,-,-,-,-,-,-,-,-,-,-,-,-,-,-,-,-,-,-,-,-,-,-,-
Chinchilla_lanigera,M,L,R,S,C,A,A,R,L,R,T,L,G,A,S,-,G,A,R,G,P,G,A,A,R,S,F,A,S,E,E,V,V,D,K,D,C,A,L,P,N,P,S,W,S,K,D,L,R,L,L,F,D,Q,F,M,K,K,C,E,E,G,S,W,K,R,L,P,S,Y,K,R,S,S,T,Q,N,F,K,D,F,R,T,H,Y,V,D,P,K,L,L,K,E,E,Q,M,S,E,A,Q,L,F,T,R,S,F,E,D,G,L,G,F,E,Y,V,M,F,C,N,D,A,E,K,R,V,V,C,F,F,Q,G,G,P,R,L,Q,G,V,P,G,F,T,H,G,G,A,I,A,S,I,I,D,A,T,V,G,T,C,A,F,R,A,G,G,V,V,M,T,A,N,L,N,I,N,Y,K,R,P,I,P,L,C,S,V,V,V,I,D,G,Q,L,D,R,V,E,G,R,K,F,F,V,S,C,S,V,R,S,V,S,E,E,T,L,Y,S,E,A,T,S,L,F,I,A,L,D,P,N,K,K
Choloepus_didactylus,M,L,R,S,F,A,A,R,L,R,A,L,G,T,L,-,-,-,-,-,-,-,-,-,R,S,F,S,S,E,E,F,I,W,K,D,H,S,L,P,K,P,S,W,S,K,D,I,K,L,L,F,D,K,F,M,K,K,C,E,D,G,S,W,E,R,L,P,S,Y,N,S,L,F,H,K,R,V,Q,E,V,K,T,F,F,P,D,S,K,L,-,-,-,-,-,-,-,-,V,Q,L,F,T,R,N,F,E,D,G,L,G,F,E,Y,V,M,F,Q,N,E,D,E,K,R,I,V,C,L,F,Q,G,G,P,H,L,Q,G,A,P,G,F,L,H,G,G,A,I,A,T,M,I,D,A,T,L,G,M,C,A,S,V,A,G,G,V,V,M,T,A,N,L,N,I,N,F,K,R,P,I,P,L,S,S,V,V,V,I,N,S,Q,L,D,K,L,E,G,R,K,V,F,V,S,C,N,V,Q,S,I,D,E,K,T,L,Y,S,E,G,T,G,L,F,V,K,L,D,P,D,K,N
Cricetulus_griseus,M,L,R,S,C,A,A,R,L,R,T,L,V,A,-,A,P,A,R,R,P,G,P,V,R,L,F,S,S,E,K,V,V,H,K,D,Y,G,L,P,N,P,S,W,S,K,D,L,R,L,L,F,D,Q,F,M,K,K,C,E,D,G,S,W,K,R,L,S,S,Y,R,Q,N,P,T,R,V,L,K,D,F,Q,T,R,F,V,D,P,R,F,M,K,E,E,Q,M,S,K,A,Q,Q,F,T,R,S,F,E,E,G,L,G,F,E,Y,V,M,F,Y,N,K,V,E,R,R,M,V,C,L,F,Q,S,G,L,H,L,Q,G,V,P,G,Y,V,H,G,G,A,I,A,T,I,I,D,V,T,T,G,M,C,A,Y,-,A,E,G,V,A,M,T,A,N,L,N,I,D,Y,K,K,P,I,P,L,C,S,V,V,V,V,N,C,Q,I,S,N,T,E,G,R,K,L,F,V,S,C,S,I,Q,S,V,D,E,K,T,L,Y,T,E,A,T,A,L,F,V,K,L,D,P,D,K,R
Dasypus_novemcinctus,-,-,-,-,-,-,-,-,-,-,-,-,-,-,-,-,-,-,-,-,-,-,-,-,-,-,-,-,-,-,-,-,-,-,-,-,-,-,-,-,-,-,-,-,-,-,-,-,-,-,-,-,-,-,-,-,-,-,-,-,-,-,-,-,-,-,-,-,-,-,-,-,-,-,-,-,-,-,-,-,-,-,-,-,-,-,-,-,-,-,-,-,-,-,-,-,-,-,-,-,-,-,-,-,-,-,-,-,-,-,-,-,-,-,-,-,-,-,-,-,-,-,-,-,-,-,-,-,-,-,-,-,-,-,-,-,-,-,-,-,-,-,-,-,-,-,-,-,-,-,-,-,-,-,-,-,-,-,-,-,-,-,-,-,-,-,-,-,-,-,-,-,-,-,-,-,-,-,-,-,-,-,-,-,-,-,-,-,-,-,-,-,-,-,-,-,-,-,-,-,-,-,-,-,-,-,-,-,-,-,-,-,-,-,-,-,-,-,-,-,-,-,-,-,-,-,-,-,-
Dipodomys_ordii,-,-,-,-,-,-,-,-,-,-,-,-,-,-,-,-,-,-,-,-,-,-,-,-,R,S,F,S,S,E,K,V,T,H,K,D,H,A,V,P,N,P,S,W,S,K,D,L,R,F,L,F,D,Q,F,M,K,K,C,E,D,G,S,W,K,R,L,S,S,Y,-,-,-,-,-,-,-,-,-,-,-,-,-,-,-,-,-,-,-,-,-,-,-,-,-,-,-,-,-,Q,L,F,T,R,S,F,E,D,G,M,G,F,E,Y,V,V,F,C,N,D,V,E,K,K,T,V,C,L,F,Q,G,G,P,F,L,Q,G,V,P,G,F,L,H,G,G,A,T,A,S,I,I,D,V,A,L,G,K,C,A,A,R,A,G,G,I,V,M,T,A,N,L,N,I,N,Y,K,R,-,-,-,-,-,-,-,-,-,-,-,-,-,-,-,-,-,-,-,-,-,-,-,-,-,-,-,-,-,-,-,-,-,-,-,-,-,-,-,-,-,-,-,-,-,-,-,-,-,-,-,-
Dipodomys_spectabilis,M,L,R,S,C,A,T,H,L,R,T,L,-,-,-,-,-,-,-,-,-,-,-,-,R,S,F,S,S,E,K,V,T,H,K,D,Y,A,V,P,N,P,S,W,S,K,D,L,R,F,L,F,D,Q,F,M,K,K,C,E,D,G,S,W,K,R,L,S,S,Y,R,K,I,P,P,E,H,L,K,D,F,Q,T,-,-,-,-,-,-,-,-,-,-,-,-,-,-,Q,F,Q,L,F,T,R,S,F,E,D,G,M,G,F,E,Y,V,V,F,C,N,D,V,E,K,K,V,V,C,L,F,Q,G,G,P,F,L,Q,G,V,P,G,F,L,H,G,G,A,A,A,S,I,I,D,V,A,L,G,K,C,A,A,R,A,G,G,I,V,M,T,A,N,L,N,I,N,Y,K,R,P,I,P,L,C,S,V,S,V,I,N,S,Q,I,D,K,I,E,G,R,K,L,F,L,S,C,N,F,Q,S,S,D,E,K,I,S,Y,A,D,A,T,G,L,F,I,K,L,D,P,K,K,R
Dromiciops_gliroides,-,-,-,-,-,-,-,-,-,-,-,-,-,-,-,-,-,-,-,-,-,-,-,-,-,-,-,-,-,-,-,-,-,-,-,-,-,-,-,-,-,-,-,-,-,-,-,-,-,-,-,-,-,-,-,-,-,-,-,-,-,-,-,-,-,-,-,-,-,-,-,-,-,-,-,-,-,-,-,-,-,-,-,-,-,-,-,-,-,-,-,-,-,-,-,-,-,-,-,-,-,-,-,-,-,-,-,-,-,-,-,-,-,-,-,-,-,-,-,-,-,-,-,-,-,-,-,-,-,-,-,-,-,-,-,-,-,-,-,-,-,-,-,-,-,-,-,-,-,-,-,-,-,-,-,-,-,-,-,-,-,-,-,-,-,-,-,-,-,-,-,-,-,-,-,-,-,-,-,-,-,-,-,-,-,-,-,-,-,-,-,-,-,-,-,-,-,-,-,-,-,-,-,-,-,-,-,-,-,-,-,-,-,-,-,-,-,-,-,-,-,-,-,-,-,-,-,-,-
Elephantulus_edwardii,M,L,R,S,C,A,A,R,L,R,T,L,A,V,L,-,-,-,-,-,-,-,-,-,R,S,F,S,S,E,-,V,T,E,K,D,L,A,L,P,Q,P,S,W,S,K,D,I,R,L,L,F,D,Q,Y,M,K,K,C,E,D,G,S,W,E,R,L,P,S,Y,-,-,-,-,-,-,-,-,-,-,-,-,-,-,-,-,D,S,K,L,F,K,E,-,-,-,-,-,-,-,L,F,T,R,S,F,D,D,G,L,G,F,E,H,V,M,F,Y,N,K,D,E,K,R,M,V,C,I,F,Q,G,G,P,Y,L,Q,G,I,P,G,F,L,H,G,G,A,I,S,A,L,I,D,D,T,L,G,M,N,A,M,V,A,G,G,I,V,M,T,A,N,L,N,I,N,F,K,R,P,I,C,I,N,S,V,A,V,I,N,S,Q,L,D,K,V,E,R,R,K,L,F,I,S,F,N,V,R,S,V,D,E,K,T,L,H,A,E,G,T,S,L,F,I,K,L,D,L,D,K,S
Equus_caballus,M,L,R,S,C,A,P,R,L,R,T,L,G,A,L,-,-,-,-,-,-,-,-,A,R,L,F,S,S,E,K,F,I,D,K,D,R,S,L,P,N,P,S,W,S,K,E,I,R,L,L,F,D,Q,F,M,K,K,C,E,D,G,S,W,K,R,V,P,S,Y,R,Y,I,S,P,Q,-,-,-,-,-,-,-,-,-,-,D,S,K,P,T,K,E,E,Q,M,S,R,A,R,I,F,S,R,S,Y,D,D,G,L,G,F,E,F,V,M,F,H,N,D,V,E,K,R,T,V,C,F,F,Q,G,G,P,H,L,Q,G,P,S,G,L,L,H,G,G,A,L,A,T,M,I,D,V,T,G,G,V,T,A,V,M,T,G,E,F,V,M,T,A,N,L,N,I,N,F,K,R,P,I,P,L,G,S,V,I,V,I,N,S,Q,I,D,K,V,E,G,R,K,F,F,V,S,C,D,V,Q,S,V,D,E,K,T,L,Y,S,N,A,T,G,L,F,I,S,L,D,P,E,K,K
Erinaceus_europaeus,M,F,P,A,C,A,V,R,L,R,A,L,H,I,L,P,P,A,G,E,R,R,A,A,K,L,F,S,S,E,K,V,I,H,K,D,R,S,L,P,N,S,S,W,N,S,D,L,K,L,M,F,D,Q,F,M,K,K,C,E,D,G,S,W,E,H,L,P,S,Y,G,S,R,S,S,Q,I,V,Q,Y,F,K,E,V,F,L,E,T,K,L,R,K,D,E,M,L,S,Q,A,R,L,F,T,R,S,Y,E,D,G,L,G,F,E,Y,V,M,F,H,N,E,Q,E,K,R,T,V,C,F,C,Q,G,G,P,Y,L,Q,G,P,P,G,F,L,H,G,G,S,I,A,T,I,I,D,E,T,A,S,M,T,A,I,I,A,G,G,I,V,M,T,V,N,L,N,I,N,Y,K,R,P,I,P,L,C,S,V,V,V,I,N,C,Q,V,D,K,I,E,G,R,K,L,F,I,S,C,D,V,R,S,I,D,E,K,T,L,Y,S,D,A,T,S,L,F,I,K,L,D,P,N,K,S
Eumetopias_jubatus,M,L,R,S,C,A,S,R,L,-,-,P,G,A,L,P,P,A,R,G,S,R,P,S,R,S,F,S,S,E,-,V,I,Y,V,D,R,S,L,P,N,P,S,W,S,K,D,M,R,L,L,F,D,Q,F,M,K,K,T,E,D,G,S,W,K,R,L,P,S,Y,K,S,V,S,P,Q,R,I,E,E,V,K,T,F,F,P,D,A,K,P,I,K,E,H,-,M,S,Q,A,Q,L,F,P,R,S,L,E,E,D,L,G,F,E,Y,A,V,F,H,N,H,V,E,-,R,T,V,C,I,F,Q,G,G,P,Y,L,Q,G,A,P,G,F,L,H,G,G,A,I,A,T,M,I,D,S,T,V,G,M,C,A,L,I,A,E,R,I,V,L,T,A,N,L,N,I,S,F,R,R,P,I,P,L,C,S,V,V,V,I,N,S,Q,L,D,K,V,E,G,R,K,L,F,V,S,C,N,V,Q,S,V,D,E,K,T,L,Y,S,E,A,T,S,L,F,V,K,L,D,P,K,K,S
Felis_catus,M,L,R,S,C,V,S,R,L,R,T,L,A,V,L,L,P,A,K,D,-,-,-,P,R,S,F,S,S,E,-,V,I,H,M,D,L,S,L,P,N,P,S,W,N,E,D,M,R,L,L,F,D,Q,F,M,K,K,S,E,D,G,S,W,K,H,L,P,S,Y,K,S,K,F,T,Q,R,T,E,D,I,K,I,Y,F,P,D,A,K,L,M,K,E,K,-,L,S,Q,A,Q,L,F,P,R,S,L,E,E,G,L,G,F,E,Y,A,M,F,H,N,C,V,E,D,R,I,V,C,I,F,Q,G,G,P,Y,L,Q,G,A,P,G,F,L,H,G,G,A,I,A,T,M,I,D,A,T,L,G,A,C,A,I,V,A,V,G,V,A,M,T,A,S,L,N,I,S,F,K,R,P,I,P,L,G,S,V,V,V,I,N,S,Q,V,D,K,V,E,G,R,K,L,F,L,S,C,N,I,R,S,V,D,E,K,T,V,Y,S,E,A,T,S,L,F,V,K,L,D,P,K,T,R
Fukomys_damarensis,-,-,-,-,-,-,-,-,-,-,-,-,-,-,-,-,-,-,-,-,-,-,-,-,R,S,F,A,S,E,N,V,V,N,R,D,H,A,L,P,N,P,S,W,N,K,D,L,R,L,L,F,D,Q,F,M,R,K,C,E,A,G,S,W,K,R,L,P,S,N,N,H,-,S,P,Q,S,F,Q,D,F,Q,T,R,F,V,D,P,K,L,P,K,-,E,Q,I,S,Q,A,R,L,F,T,R,S,F,E,D,G,L,G,F,E,Y,V,M,F,C,N,D,A,E,K,R,V,V,C,F,F,Q,A,G,P,Y,L,Q,G,A,P,G,F,T,H,G,G,A,I,A,T,M,I,D,A,T,T,G,M,C,A,F,R,A,G,G,V,V,M,T,A,N,L,N,I,N,Y,K,R,P,I,P,L,C,S,V,V,V,M,K,S,Q,I,D,K,V,E,G,R,K,V,F,V,S,C,N,V,R,S,V,D,E,E,T,L,Y,S,E,A,T,S,L,F,I,K,L,D,P,N,K,K
Galeopterus_variegatus,-,-,-,-,-,-,-,-,-,-,-,-,-,-,-,-,-,-,-,-,-,-,-,-,-,-,-,-,-,-,-,-,-,-,-,-,-,-,-,-,-,-,-,-,-,-,-,-,-,-,-,-,-,-,-,-,-,-,-,-,-,-,-,-,-,-,-,-,-,-,-,-,-,-,-,-,-,-,-,-,-,-,-,-,-,-,-,-,-,-,-,-,-,-,-,-,-,-,-,-,-,-,-,-,-,-,-,-,-,-,-,-,-,-,-,-,-,-,-,-,-,-,-,-,-,-,-,-,-,-,-,-,-,-,-,-,-,-,-,-,-,-,-,-,-,-,-,-,-,-,-,-,-,-,-,-,-,-,-,-,-,-,-,-,-,-,-,-,-,-,-,-,-,-,-,-,-,-,-,-,-,-,-,-,-,-,-,-,-,-,-,-,-,-,-,-,-,-,-,-,-,-,-,-,-,-,-,-,-,-,-,-,-,-,-,-,-,-,-,-,-,-,-,-,-,-,-,-,-
Gracilinanus_agilis,-,-,-,-,-,-,-,-,-,-,-,-,-,-,-,-,-,-,-,-,-,-,-,-,-,-,-,-,-,-,-,-,-,-,-,-,-,-,-,-,-,-,-,-,-,-,-,-,-,-,-,-,-,-,-,-,-,-,-,-,-,-,-,-,-,-,-,-,-,-,-,-,-,-,-,-,-,-,-,-,-,-,-,-,-,-,-,-,-,-,-,-,-,-,-,-,-,-,-,-,-,-,-,-,-,-,-,-,-,-,-,-,-,-,-,-,-,-,-,-,-,-,-,-,-,-,-,-,-,-,-,-,-,-,-,-,-,-,-,-,-,-,-,-,-,-,-,-,-,-,-,-,-,-,-,-,-,-,-,-,-,-,-,-,-,-,-,-,-,-,-,-,-,-,-,-,-,-,-,-,-,-,-,-,-,-,-,-,-,-,-,-,-,-,-,-,-,-,-,-,-,-,-,-,-,-,-,-,-,-,-,-,-,-,-,-,-,-,-,-,-,-,-,-,-,-,-,-,-
Grammomys_surdaster,M,L,R,R,C,A,M,R,L,R,T,F,G,A,-,T,P,A,R,R,P,G,A,A,R,L,S,S,S,E,K,V,I,H,K,D,Y,A,L,P,N,P,S,W,T,K,D,L,R,L,L,F,D,Q,F,M,K,K,C,E,D,G,S,W,K,R,L,P,S,Y,R,Q,N,P,T,Q,A,L,Q,E,F,Q,T,R,F,V,D,S,K,F,K,K,E,E,Q,M,S,K,A,Q,Q,F,S,R,S,L,E,E,G,L,G,F,E,Y,V,M,F,Y,N,N,V,E,K,R,M,V,C,L,F,Q,G,G,L,H,L,Q,G,V,P,G,F,V,H,G,G,A,I,A,T,I,I,D,I,T,T,G,M,C,A,I,-,A,E,G,V,A,M,T,A,N,L,N,I,D,Y,K,K,P,I,P,L,L,S,V,V,V,V,N,S,Q,L,Q,K,I,E,G,R,K,L,F,I,S,C,T,I,Q,S,I,D,E,K,T,L,Y,T,E,A,T,A,L,F,I,K,L,D,P,D,K,P
Heterocephalus_glaber,M,L,R,S,C,A,A,R,F,R,A,L,G,A,P,-,-,-,-,-,-,-,-,-,R,S,F,A,S,E,N,V,P,D,R,D,H,A,L,P,N,F,S,W,H,K,D,L,R,L,L,F,D,Q,F,M,K,K,C,E,A,G,S,W,K,R,L,P,S,Y,K,-,-,-,-,-,-,-,-,D,F,Q,T,L,Y,V,D,P,K,L,L,K,K,Q,P,I,S,Q,A,Q,L,F,T,R,S,F,E,D,G,L,G,F,E,Y,V,M,F,C,N,D,A,E,K,R,V,V,C,F,F,Q,G,G,P,H,L,Q,G,T,P,G,F,T,H,G,G,A,I,A,S,I,I,D,V,T,T,G,T,C,A,F,R,A,G,G,A,V,M,T,A,N,L,N,I,N,Y,K,R,P,I,P,L,C,S,V,V,V,I,K,S,Q,L,D,K,V,E,G,R,K,F,F,V,S,C,N,V,R,S,V,D,D,E,T,L,Y,S,E,A,T,S,L,F,I,M,L,D,P,N,K,K
Hyaena_hyaena,M,L,R,S,C,A,L,R,L,R,T,P,G,L,V,L,P,A,R,D,P,W,S,P,R,S,F,S,A,E,-,V,S,H,V,D,H,S,L,P,N,P,S,W,S,K,D,M,R,L,L,F,D,Q,F,M,K,K,S,E,D,G,S,W,Q,R,L,P,S,Y,K,S,K,-,-,-,-,-,-,-,-,-,-,-,-,-,D,A,K,P,I,K,E,-,Q,R,S,Q,P,Q,L,F,P,R,N,F,E,E,G,L,G,F,E,Y,V,M,F,H,N,H,A,E,D,K,T,V,C,I,F,Q,G,G,P,Y,L,Q,G,A,P,G,F,L,H,G,G,A,I,A,T,M,I,D,S,T,F,G,I,S,A,L,I,V,G,G,I,V,M,T,A,S,L,N,I,N,F,K,R,P,I,P,L,Y,S,V,V,V,I,N,S,Q,V,D,K,V,E,G,R,K,L,F,L,S,C,N,V,Q,S,V,D,E,K,T,L,Y,S,E,A,T,-,-,-,-,-,-,-,-,-,-,-
Jaculus_jaculus,M,L,R,G,C,A,A,R,L,R,-,-,-,-,-,-,-,-,-,-,-,-,-,-,R,S,F,S,S,E,K,D,I,H,K,D,Y,A,V,P,N,P,T,W,S,E,D,L,R,L,L,Y,E,Q,F,M,K,K,C,E,D,G,S,W,E,R,L,P,S,Y,-,-,-,-,-,-,-,-,-,-,-,-,-,-,-,-,-,-,-,-,-,-,-,-,-,-,S,R,A,R,L,F,T,R,S,F,E,D,G,L,G,F,E,Y,V,M,F,C,N,D,A,E,K,R,V,V,C,I,L,Q,G,G,P,H,L,Q,G,M,P,G,L,F,H,G,G,A,I,L,T,I,I,D,A,T,A,G,M,C,A,K,R,I,G,K,V,V,L,T,A,N,L,N,V,N,F,K,R,P,I,P,L,C,S,V,V,V,L,N,A,Q,L,E,K,A,E,G,R,K,F,F,V,S,C,T,V,H,S,G,D,G,R,T,L,H,T,E,A,T,S,L,F,I,K,-,-,-,-,-,-
Lemur_catta,M,L,R,S,C,A,K,R,L,R,A,L,G,S,L,-,-,-,-,E,P,R,P,A,R,S,F,S,S,K,K,V,V,Y,K,D,F,S,I,P,N,P,S,W,S,K,D,I,R,L,L,F,D,E,F,M,K,K,C,E,D,G,S,W,K,R,F,P,S,C,K,Y,G,S,I,Q,R,T,Q,D,F,K,T,F,H,L,D,R,E,L,T,K,E,D,L,R,T,Q,T,R,L,F,T,S,S,F,E,E,G,L,G,F,E,H,V,I,F,C,N,D,V,E,K,R,T,V,C,L,F,Q,G,G,P,Y,L,E,G,M,P,G,F,L,H,G,G,A,I,A,T,I,I,D,T,T,L,G,V,S,A,A,I,A,G,G,T,V,M,T,A,N,L,N,I,N,F,K,R,P,I,P,L,C,S,V,V,V,I,N,T,Q,L,D,K,V,E,G,R,K,F,F,V,S,G,N,V,Q,S,A,D,E,K,T,L,Y,S,E,A,T,S,L,F,I,K,L,D,P,D,K,S
Leptonychotes_weddellii,-,-,-,-,-,-,-,-,-,-,-,-,-,-,-,-,-,-,-,-,-,-,-,-,-,-,-,-,-,-,-,-,-,-,-,-,-,-,-,-,-,-,-,-,-,-,-,-,-,-,-,-,-,-,-,-,-,-,-,-,-,-,-,-,-,-,-,-,-,-,-,-,-,-,-,-,-,-,-,-,-,-,-,-,-,-,-,-,-,-,-,-,-,-,-,-,-,-,-,-,-,-,-,-,-,-,-,-,-,-,-,-,-,-,-,-,-,-,-,-,-,-,-,-,-,-,-,-,-,-,-,-,-,-,-,-,-,-,-,-,-,-,-,-,-,-,-,-,-,-,-,-,-,-,-,-,-,-,-,-,-,-,-,-,-,-,-,-,-,-,-,-,-,-,-,-,-,-,-,-,-,-,-,-,-,-,-,-,-,-,-,-,-,-,-,-,-,-,-,-,-,-,-,-,-,-,-,-,-,-,-,-,-,-,-,-,-,-,-,-,-,-,-,-,-,-,-,-,-
Lontra_canadensis,M,L,R,S,-,-,-,-,L,R,T,P,G,V,L,P,P,A,R,-,-,-,-,-,R,S,Y,S,S,E,-,V,V,H,V,D,H,S,L,P,N,P,S,W,S,K,D,M,R,L,I,F,D,Q,F,M,K,K,S,E,D,S,S,W,K,R,L,P,S,Y,K,F,T,S,S,K,R,L,E,E,V,K,T,F,F,P,D,A,K,P,V,K,E,E,P,L,S,Q,A,R,L,F,P,R,S,F,E,E,G,L,G,F,E,Y,A,M,F,H,N,H,V,E,N,R,T,V,C,I,L,Q,G,G,P,Y,L,Q,G,I,P,G,F,L,H,G,G,A,I,A,T,M,I,D,S,T,V,G,M,C,A,L,I,T,G,G,A,V,M,T,A,N,L,N,I,N,F,R,R,P,I,P,L,C,S,V,V,V,I,N,S,Q,L,D,K,I,E,G,R,K,L,F,V,S,C,N,V,Q,S,V,D,E,K,T,L,Y,S,E,A,T,S,L,F,V,K,L,D,P,K,K,S
Lynx_canadensis,M,L,R,S,C,V,S,R,L,R,M,L,A,V,L,L,P,A,K,D,-,-,-,P,R,S,F,S,S,E,-,V,I,H,M,D,L,S,L,P,N,P,S,W,S,E,D,M,R,L,L,F,D,Q,F,M,K,K,S,E,D,G,S,W,K,H,L,P,S,Y,K,S,K,F,T,Q,R,T,E,D,I,K,I,Y,F,P,D,A,K,L,M,K,E,K,-,L,S,Q,A,Q,L,F,P,R,S,F,E,E,G,L,G,F,E,Y,A,M,F,H,N,C,V,E,D,R,T,V,C,I,F,Q,G,G,P,Y,L,Q,G,V,P,G,F,L,H,G,G,A,I,A,T,M,I,D,A,T,L,G,M,C,A,I,V,A,I,G,F,A,M,T,A,S,L,N,I,S,F,K,R,P,I,P,L,G,S,V,V,V,I,N,S,Q,V,D,K,V,E,G,R,K,L,F,L,S,C,N,I,R,S,V,D,E,K,T,V,Y,S,E,A,T,S,L,F,V,K,L,D,P,K,T,R
Manis_javanica,-,-,-,-,-,-,-,-,-,-,-,-,-,-,-,-,-,-,-,-,-,-,-,-,-,-,-,-,-,-,-,-,-,-,-,-,-,-,-,-,-,-,-,-,-,-,-,-,-,-,-,-,-,-,-,-,-,-,-,-,-,-,-,-,-,-,-,-,-,-,-,-,-,-,-,-,-,-,-,-,-,-,-,-,-,-,-,-,-,-,-,-,-,-,-,-,-,-,-,-,-,-,-,-,-,-,-,-,-,-,-,-,-,-,-,-,-,-,-,-,-,-,-,-,-,-,-,-,-,-,-,-,-,-,-,-,-,-,-,-,-,-,-,-,-,-,-,-,-,-,-,-,-,-,-,-,-,-,-,-,-,-,-,-,-,-,-,-,-,-,-,-,-,-,-,-,-,-,-,-,-,-,-,-,-,-,-,-,-,-,-,-,-,-,-,-,-,-,-,-,-,-,-,-,-,-,-,-,-,-,-,-,-,-,-,-,-,-,-,-,-,-,-,-,-,-,-,-,-
Manis_pentadactyla,-,-,-,-,-,-,-,-,-,-,-,-,-,-,-,-,-,-,-,-,-,-,-,-,-,-,-,-,-,-,-,-,-,-,-,-,-,-,-,-,-,-,-,-,-,-,-,-,-,-,-,-,-,-,-,-,-,-,-,-,-,-,-,-,-,-,-,-,-,-,-,-,-,-,-,-,-,-,-,-,-,-,-,-,-,-,-,-,-,-,-,-,-,-,-,-,-,-,-,-,-,-,-,-,-,-,-,-,-,-,-,-,-,-,-,-,-,-,-,-,-,-,-,-,-,-,-,-,-,-,-,-,-,-,-,-,-,-,-,-,-,-,-,-,-,-,-,-,-,-,-,-,-,-,-,-,-,-,-,-,-,-,-,-,-,-,-,-,-,-,-,-,-,-,-,-,-,-,-,-,-,-,-,-,-,-,-,-,-,-,-,-,-,-,-,-,-,-,-,-,-,-,-,-,-,-,-,-,-,-,-,-,-,-,-,-,-,-,-,-,-,-,-,-,-,-,-,-,-
Mastomys_coucha,M,L,R,S,C,A,M,R,L,R,T,L,G,-,-,-,-,-,-,-,-,-,-,A,R,L,F,S,S,E,K,D,T,H,K,D,Y,A,L,P,N,P,S,W,T,K,D,L,R,L,L,F,D,Q,F,M,K,R,C,E,D,G,S,W,K,R,L,P,S,Y,R,Q,N,P,A,Q,A,L,Q,E,F,Q,T,R,F,V,D,S,K,F,K,K,E,N,H,M,S,K,A,Q,Q,F,S,R,S,F,E,E,G,L,G,F,E,Y,V,M,F,Y,N,S,V,E,K,R,M,V,C,L,F,Q,G,G,L,H,L,Q,G,V,P,G,F,V,H,G,G,A,I,A,T,V,V,D,I,T,T,G,L,C,A,I,-,A,E,G,V,A,M,T,A,N,L,N,I,D,Y,K,K,P,I,P,L,L,S,V,V,V,V,N,S,Q,L,Q,K,I,E,G,R,K,L,F,I,S,C,T,I,Q,S,I,D,E,K,T,L,Y,T,E,A,T,A,L,F,I,K,L,D,P,D,K,P
Meles_meles,M,L,R,R,C,V,S,R,L,R,T,P,G,A,L,P,P,A,R,D,S,W,S,P,R,S,Y,S,S,E,-,V,V,H,V,D,H,S,L,P,N,P,S,W,S,K,D,M,R,L,I,F,Y,Q,F,M,K,K,S,E,D,G,S,W,K,R,L,P,S,Y,R,F,T,S,S,K,R,L,E,E,V,K,I,F,F,P,D,A,K,P,V,K,E,E,P,L,S,Q,A,R,V,F,P,R,S,L,E,E,G,L,G,F,E,Y,A,M,F,Y,N,H,V,E,N,R,T,V,C,I,L,Q,G,G,P,Y,L,Q,G,V,P,G,F,L,H,G,G,A,I,A,T,M,I,D,S,T,V,G,M,C,A,L,K,T,G,R,T,V,M,T,A,N,L,N,I,N,F,R,R,P,I,P,L,C,S,V,V,V,I,N,S,Q,L,D,K,I,E,G,R,K,L,F,V,S,C,S,V,R,S,V,D,E,K,T,L,Y,S,E,A,T,S,L,F,V,K,L,D,P,K,K,S
Meriones_unguiculatus,M,L,R,S,C,A,I,R,L,R,A,L,G,S,-,P,P,A,R,P,P,E,A,T,R,L,F,S,S,E,K,A,I,H,K,D,Y,A,L,P,N,P,S,W,S,K,D,L,R,L,L,F,D,Q,F,M,R,K,C,E,D,G,S,W,K,R,L,P,S,Y,K,Q,N,P,S,Q,V,F,R,E,F,Q,T,R,F,V,D,P,S,L,K,K,E,E,Q,M,S,K,A,Q,Q,F,T,R,S,F,E,E,G,L,G,F,E,Y,V,M,F,Y,S,N,A,E,K,R,I,V,C,F,F,Q,G,G,L,H,L,Q,G,V,P,G,F,L,H,G,G,A,I,A,T,I,I,D,V,T,A,G,M,C,A,I,-,A,E,G,I,V,M,T,A,N,L,N,I,N,Y,K,K,P,I,P,L,C,S,V,V,V,L,N,S,Q,L,D,K,V,E,G,R,K,V,F,I,S,C,T,V,Q,S,I,D,E,K,T,V,H,T,E,A,T,-,-,-,-,-,-,-,-,-,-,-
Mesocricetus_auratus,M,L,R,S,C,A,A,R,L,R,T,L,G,A,-,P,P,A,R,R,P,-,-,-,R,L,F,S,S,E,K,V,I,H,K,D,Y,G,L,P,N,P,S,W,S,K,D,L,R,L,L,F,D,Q,F,M,K,K,C,E,D,G,S,W,K,R,L,P,S,Y,R,Q,N,P,-,Q,I,F,K,D,F,Q,T,R,F,V,D,P,R,F,A,K,E,E,Q,M,S,K,A,Q,Q,F,T,R,S,F,E,E,G,L,G,F,E,Y,V,M,F,Y,N,K,A,E,K,R,M,V,C,L,F,Q,S,G,L,H,L,Q,G,V,P,G,Y,V,H,G,G,A,I,A,T,I,I,D,V,T,T,G,T,C,A,I,-,A,E,G,I,A,M,T,A,N,L,N,I,D,Y,K,K,P,I,P,L,C,S,V,V,V,I,N,C,Q,I,T,K,T,E,G,R,K,L,F,V,S,C,A,V,Q,S,V,D,E,K,T,L,H,T,E,A,T,A,L,F,I,K,L,D,P,D,K,R
Microcebus_murinus,M,L,R,S,C,A,A,P,L,R,S,L,G,A,L,P,P,L,C,E,P,R,P,A,R,S,F,S,S,E,K,V,I,Y,K,D,F,S,I,P,N,P,S,W,S,K,D,L,R,L,L,F,D,Q,F,M,K,K,C,E,D,G,S,W,K,C,L,P,L,Y,K,H,G,S,L,Q,R,I,Q,D,F,K,T,F,F,H,D,P,K,F,T,K,E,D,V,M,T,Q,T,R,L,F,T,S,S,F,E,E,G,L,G,F,E,H,A,M,F,Y,N,D,V,E,K,R,T,V,C,L,F,Q,G,G,L,Y,L,E,G,M,P,G,F,L,H,G,G,A,I,A,T,M,I,D,S,T,L,G,M,S,A,L,I,A,G,G,I,V,M,T,A,N,L,N,I,N,F,K,R,P,I,P,L,C,S,V,V,V,I,N,S,Q,V,D,K,V,E,G,R,K,I,F,V,S,G,N,V,Q,S,A,D,E,K,T,L,H,S,E,A,T,G,L,F,I,Q,L,D,P,D,K,S
Microtus_fortis,M,L,R,S,C,A,T,R,L,R,A,L,G,V,-,P,P,A,R,R,P,G,A,V,R,L,F,S,S,E,K,V,I,P,K,D,Y,G,L,P,N,P,S,W,S,K,D,L,R,L,L,F,D,Q,F,M,K,K,C,E,D,G,S,W,K,R,L,P,S,Y,R,Q,N,P,T,Q,T,L,K,D,F,Q,T,R,F,V,D,P,R,F,M,N,E,E,Q,V,S,K,A,Q,Q,F,S,R,S,L,E,E,G,L,G,F,E,Y,V,M,F,Y,N,K,V,E,K,K,M,V,C,L,F,Q,G,G,L,H,L,Q,G,V,P,G,F,V,H,G,G,A,I,A,T,I,I,D,V,T,T,G,M,C,A,I,-,A,E,G,I,A,M,T,A,N,L,N,I,D,Y,K,K,P,I,P,L,C,S,V,V,V,V,T,S,Q,L,S,K,T,E,G,R,K,L,F,I,S,C,T,V,Q,S,I,D,E,K,T,L,Y,T,Q,A,T,A,L,F,I,K,L,D,P,D,K,R
Microtus_ochrogaster,M,L,R,S,C,A,T,R,L,R,A,L,A,V,-,P,P,A,R,R,P,G,A,V,R,L,F,S,S,E,K,V,I,P,K,D,Y,G,L,P,N,P,S,W,S,K,D,L,R,L,L,F,D,Q,F,M,K,K,C,E,D,G,S,W,K,R,L,P,S,Y,R,Q,N,P,T,Q,T,L,K,D,F,Q,T,R,F,V,D,P,R,F,M,N,E,E,Q,V,S,K,A,Q,Q,F,S,R,S,L,E,E,G,L,G,F,E,Y,V,M,F,Y,N,K,V,E,K,K,M,V,C,L,F,Q,G,G,L,H,L,Q,G,V,P,G,F,V,H,G,G,A,I,A,T,I,I,D,V,T,T,G,M,C,A,I,-,A,E,G,I,A,M,T,A,N,L,N,I,D,Y,K,K,P,I,P,L,C,S,V,V,V,V,T,S,Q,L,S,K,T,E,G,R,K,L,F,I,S,C,T,V,Q,S,V,D,E,K,T,L,Y,T,Q,A,T,A,L,F,I,K,L,D,P,D,K,R
Microtus_oregoni,-,-,-,-,-,-,-,-,-,-,-,-,-,-,-,-,-,-,-,-,-,-,-,-,-,-,-,-,-,-,-,-,-,-,-,-,-,-,-,-,-,-,-,-,-,-,-,-,-,-,-,-,-,-,-,-,-,-,-,-,-,-,-,-,-,-,-,-,-,-,-,-,-,-,-,-,-,-,-,-,-,-,-,-,-,-,-,-,-,-,-,-,-,-,-,-,-,-,-,-,-,-,-,-,-,-,-,-,-,-,-,-,-,-,-,-,-,-,-,-,-,-,-,-,-,-,-,-,-,-,-,-,-,-,-,-,-,-,-,-,-,-,-,-,-,-,-,-,-,-,-,-,-,-,-,-,-,-,-,-,-,-,-,-,-,-,-,-,-,-,-,-,-,-,-,-,-,-,-,-,-,-,-,-,-,-,-,-,-,-,-,-,-,-,-,-,-,-,-,-,-,-,-,-,-,-,-,-,-,-,-,-,-,-,-,-,-,-,-,-,-,-,-,-,-,-,-,-,-
Mirounga_angustirostris,M,L,R,S,C,A,S,R,L,R,T,P,G,A,L,P,P,A,R,D,S,R,P,P,R,S,F,S,S,E,-,V,I,Y,V,D,H,S,L,P,N,P,S,W,S,K,D,M,R,L,L,F,D,Q,F,M,K,K,T,E,D,G,S,W,K,R,L,P,S,H,K,S,V,S,P,Q,R,T,E,E,V,K,T,F,F,P,D,A,K,P,I,K,E,H,-,M,S,Q,A,K,L,F,P,R,S,L,E,E,G,L,G,F,E,Y,A,M,F,H,N,H,V,E,N,R,T,V,C,I,F,Q,G,G,P,Y,L,Q,G,V,P,G,F,L,H,G,G,A,I,A,T,M,I,D,S,T,V,G,M,C,A,V,I,T,E,G,V,V,M,T,A,N,L,N,I,N,F,R,R,P,I,P,L,C,S,V,V,V,I,N,S,Q,L,D,K,V,E,G,R,K,L,F,V,S,C,N,V,R,S,V,D,E,K,T,L,Y,S,E,A,T,-,-,-,-,-,-,-,-,-,-,-
Mirounga_leonina,M,L,R,S,C,A,S,R,L,R,T,P,G,A,L,P,P,A,R,D,S,R,P,P,R,S,F,S,S,E,-,V,I,Y,V,D,H,S,L,P,N,P,S,W,S,K,D,M,R,L,L,F,D,Q,F,M,K,K,T,E,D,G,S,W,K,R,L,P,S,H,K,S,V,S,P,Q,R,T,E,E,V,K,T,F,F,P,D,A,K,P,I,K,E,H,-,M,S,Q,A,K,L,F,P,R,S,L,E,E,G,L,G,F,E,Y,A,M,F,H,N,H,V,E,N,R,T,V,C,I,F,Q,G,G,P,Y,L,Q,G,V,P,G,F,L,H,G,G,A,I,A,T,M,I,D,S,T,V,G,M,C,A,V,I,T,E,G,V,V,M,T,A,N,L,N,I,N,F,R,R,P,I,P,L,C,S,V,V,V,I,N,S,Q,L,D,K,V,E,G,R,K,L,F,V,S,C,N,V,R,S,V,D,E,K,T,L,Y,S,E,A,T,-,-,-,-,-,-,-,-,-,-,-
Monodelphis_domestica,-,-,-,-,-,-,-,-,-,-,-,-,-,-,-,-,-,-,-,-,-,-,-,-,-,-,-,-,-,-,-,-,-,-,-,-,-,-,-,-,-,-,-,-,-,-,-,-,-,-,-,-,-,-,-,-,-,-,-,-,-,-,-,-,-,-,-,-,-,-,-,-,-,-,-,-,-,-,-,-,-,-,-,-,-,-,-,-,-,-,-,-,-,-,-,-,-,-,-,-,-,-,-,-,-,-,-,-,-,-,-,-,-,-,-,-,-,-,-,-,-,-,-,-,-,-,-,-,-,-,-,-,-,-,-,-,-,-,-,-,-,-,-,-,-,-,-,-,-,-,-,-,-,-,-,-,-,-,-,-,-,-,-,-,-,-,-,-,-,-,-,-,-,-,-,-,-,-,-,-,-,-,-,-,-,-,-,-,-,-,-,-,-,-,-,-,-,-,-,-,-,-,-,-,-,-,-,-,-,-,-,-,-,-,-,-,-,-,-,-,-,-,-,-,-,-,-,-,-
Mus_caroli,-,-,-,-,-,-,-,-,-,-,-,-,-,-,-,-,-,-,-,-,-,-,-,-,R,L,F,S,S,E,K,V,I,P,K,D,Y,A,L,P,N,P,S,W,T,K,D,L,R,L,L,F,D,Q,F,M,K,K,C,E,D,G,S,W,K,R,M,P,S,-,-,-,-,-,-,-,-,-,-,-,-,-,-,-,-,-,-,-,-,-,-,-,-,-,-,-,-,-,-,-,-,-,-,-,-,-,-,-,-,-,-,-,-,-,-,-,-,-,-,-,-,-,-,-,-,-,-,-,-,-,-,-,-,-,-,-,-,-,-,-,-,-,H,G,G,A,I,A,T,I,I,D,V,T,T,G,T,C,A,F,-,S,E,G,I,A,M,T,A,N,L,N,I,N,Y,K,K,P,I,P,L,L,S,V,V,V,V,N,S,Q,L,Q,K,I,E,G,R,K,L,F,V,S,C,T,I,Q,S,I,D,E,K,T,L,H,T,E,A,T,A,L,F,I,K,L,D,P,E,K,P
Mus_musculus,M,L,R,N,C,A,M,R,L,R,T,L,G,A,-,T,P,A,R,R,P,G,A,A,R,L,F,S,S,E,K,V,I,R,K,D,Y,A,L,P,N,P,S,W,T,K,D,L,R,L,L,F,D,Q,F,M,K,K,C,E,D,G,S,W,K,R,M,P,S,H,R,Q,N,P,T,R,A,I,Q,E,F,Q,T,L,F,V,D,S,K,F,K,K,E,E,Q,M,S,K,A,Q,Q,F,T,R,S,F,E,E,G,L,G,F,E,Y,A,M,F,Y,N,K,V,E,K,R,T,V,S,L,F,Q,G,G,L,H,L,Q,G,V,P,G,F,V,H,G,G,A,I,A,T,I,I,D,V,T,T,G,T,C,A,I,-,S,E,G,V,A,M,T,A,N,L,N,I,T,Y,K,K,P,I,P,L,L,S,V,V,V,V,N,S,Q,L,Q,K,I,E,G,R,K,L,F,V,S,C,T,I,Q,S,I,D,E,K,T,L,Y,T,E,A,T,A,L,F,I,K,L,D,P,E,K,P
Mus_pahari,M,L,R,S,C,A,M,R,L,R,T,L,G,A,-,T,P,A,R,W,P,G,A,A,R,L,F,S,S,E,K,V,I,R,K,D,Y,A,L,P,N,P,S,W,T,Q,D,L,R,L,L,F,D,Q,F,M,K,K,C,E,D,G,S,W,K,R,L,P,S,H,R,Q,N,P,A,Q,V,L,Q,E,F,Q,A,L,F,V,D,S,K,F,K,K,E,E,Q,M,S,K,A,Q,Q,F,T,R,S,F,E,E,G,L,G,F,E,Y,V,M,F,Y,N,T,V,E,K,R,I,V,C,L,F,Q,G,G,L,H,L,Q,G,V,P,G,F,V,H,G,G,A,I,A,T,I,I,D,I,T,T,G,M,C,A,I,-,A,E,G,V,A,M,T,A,N,L,N,I,N,Y,K,R,P,I,P,L,L,S,V,V,V,V,N,S,Q,L,E,K,I,E,G,R,K,L,F,V,S,C,T,I,Q,S,I,D,E,K,T,L,H,A,E,A,T,A,L,F,I,K,L,D,P,G,K,P
Mustela_erminea,M,L,R,S,C,V,S,L,L,R,T,P,G,V,L,P,L,A,R,D,S,W,P,-,R,S,Y,S,S,E,-,V,A,H,R,D,H,S,L,P,N,P,S,W,S,K,D,M,R,L,I,F,D,Q,F,M,K,K,S,E,D,G,S,W,K,R,L,P,S,Y,K,F,T,S,S,K,R,L,E,E,V,K,I,F,F,P,D,A,K,P,V,K,E,E,P,L,S,Q,A,R,L,F,P,R,S,L,E,E,G,L,G,F,E,Y,A,M,F,H,N,Q,V,E,N,R,T,V,C,I,L,Q,G,G,P,Y,L,Q,G,V,P,G,F,L,H,G,G,A,I,A,T,M,I,D,S,T,V,G,M,C,A,I,L,T,G,G,A,V,M,T,A,N,L,N,I,N,F,R,R,P,I,P,L,C,S,V,V,V,I,N,S,Q,L,D,K,I,E,G,R,K,L,F,I,S,C,N,V,Q,S,V,D,E,K,T,L,Y,S,E,A,T,S,L,F,V,K,L,D,P,K,K,S
Mustela_putorius_furo,M,L,R,S,C,V,S,L,L,R,T,P,G,V,L,-,-,-,-,-,-,-,-,-,R,S,Y,S,S,E,-,V,A,H,R,D,H,S,L,P,N,P,S,W,S,K,D,M,R,L,I,F,D,Q,F,M,K,K,S,E,D,G,S,W,K,R,L,P,S,Y,K,F,I,S,S,K,R,L,E,E,V,K,I,F,F,P,D,S,K,P,V,K,E,E,P,L,S,Q,A,R,L,F,P,R,S,L,E,E,G,L,G,F,E,Y,A,M,F,H,N,Q,V,E,N,R,T,V,C,I,L,Q,G,G,P,Y,L,Q,G,I,P,G,F,L,H,G,G,A,I,A,T,M,I,D,S,T,V,G,M,C,A,V,L,T,G,G,A,V,M,T,A,N,L,N,I,N,F,R,R,P,I,P,L,C,S,V,V,V,I,N,S,Q,L,D,K,I,E,G,R,K,L,F,V,S,C,N,V,Q,S,L,D,E,K,T,L,Y,S,E,A,T,S,L,F,V,K,L,D,P,K,K,-
Myodes_glareolus,M,L,R,S,C,A,T,R,L,R,A,L,G,V,-,P,P,A,R,R,P,G,A,V,R,L,F,S,S,E,K,I,I,P,K,D,Y,G,L,P,N,P,S,W,S,K,D,L,R,L,L,F,D,Q,F,M,K,K,C,E,D,G,S,W,K,R,L,P,S,Y,R,Q,S,S,T,Q,T,L,K,N,F,Q,T,R,F,V,D,P,R,F,M,N,E,E,Q,M,S,K,A,Q,Q,F,S,R,S,L,E,E,G,L,G,F,E,Y,A,L,F,Y,N,K,V,E,K,R,M,V,C,L,F,Q,G,G,L,H,L,Q,G,V,P,G,F,V,H,G,G,A,I,A,T,I,I,D,V,T,T,G,T,C,A,F,-,A,E,G,V,A,M,T,A,N,L,N,I,N,Y,K,K,P,I,P,L,G,S,V,V,V,V,T,S,Q,L,S,K,T,E,G,R,K,L,F,I,S,C,T,V,Q,S,V,D,E,K,T,L,Y,T,Q,A,T,A,L,F,I,K,L,D,P,D,K,R
Neogale_vison,M,L,R,S,C,V,S,R,L,R,T,P,G,V,L,P,L,A,R,D,S,R,P,L,R,S,Y,S,S,E,-,V,V,H,M,D,H,S,L,P,N,P,S,W,S,K,D,M,R,L,I,F,D,Q,F,M,K,K,S,E,D,G,S,W,K,R,L,P,S,Y,K,F,T,S,S,K,R,L,E,E,V,K,I,F,F,P,D,A,K,P,V,K,E,E,S,L,S,Q,A,R,L,F,P,R,S,L,E,E,G,L,G,F,E,Y,A,M,F,H,N,H,V,E,N,R,T,A,C,I,L,Q,G,G,P,Y,L,Q,G,I,P,G,F,L,H,G,G,A,I,A,T,M,I,D,S,T,V,G,M,C,A,V,L,T,G,G,A,V,M,T,A,N,L,N,I,N,F,R,R,P,I,P,L,C,S,V,V,V,I,N,S,Q,L,D,K,I,E,G,R,K,L,F,V,S,C,N,V,Q,S,V,D,E,K,T,L,Y,S,E,A,T,-,-,-,-,-,-,-,-,-,-,-
Odobenus_rosmarus_divergens,M,L,R,S,C,A,S,R,L,R,K,P,G,A,L,P,P,A,R,-,-,-,-,-,R,S,F,S,S,E,-,V,I,Y,V,D,H,S,L,P,N,S,S,W,S,K,D,M,R,L,L,F,D,Q,F,M,K,K,T,E,D,G,S,W,K,R,L,P,S,Y,K,S,V,S,P,Q,R,I,E,E,L,K,T,F,F,P,D,A,K,P,I,K,E,H,-,M,S,Q,A,Q,L,F,P,R,S,L,E,E,G,L,G,F,E,Y,A,M,F,H,N,H,V,E,N,R,T,V,C,I,F,Q,G,G,P,Y,L,Q,G,V,P,G,F,L,H,G,G,A,I,A,T,M,I,D,S,T,V,G,M,C,A,F,I,A,E,G,I,V,M,T,A,N,L,N,I,S,F,R,R,P,I,P,L,C,S,V,V,V,I,N,S,Q,L,D,K,V,E,G,R,K,L,F,V,S,C,N,V,Q,S,V,D,E,K,T,L,Y,S,E,A,T,S,L,F,V,K,L,D,P,K,K,S
Odocoileus_virginianus_texanus,M,L,R,S,C,T,A,G,L,R,S,L,W,A,L,-,-,-,-,-,-,-,-,-,R,L,F,S,A,E,K,V,I,H,T,D,C,A,L,P,N,P,S,W,S,K,D,L,K,L,L,F,D,Q,F,M,K,K,C,E,D,G,S,W,E,R,L,P,S,Y,R,H,R,S,T,Q,I,S,E,D,F,K,T,Y,F,L,E,Q,K,P,V,K,E,G,R,L,S,Q,V,R,L,F,T,R,G,F,E,D,G,L,G,F,E,Y,V,I,F,K,N,N,D,E,K,R,T,V,C,L,F,Q,G,G,P,Y,L,Q,G,I,P,G,F,L,H,G,G,A,I,A,T,I,I,D,T,A,L,G,L,C,A,T,V,P,G,E,A,V,M,T,A,N,L,N,I,N,F,K,R,P,V,P,L,C,S,V,V,V,I,N,S,Q,L,D,K,L,E,G,R,K,L,F,V,S,C,N,V,Q,S,V,D,E,K,T,L,Y,S,E,A,T,G,L,F,I,K,L,D,P,E,K,-
Onychomys_torridus,M,L,R,S,C,A,A,R,L,R,T,L,G,A,-,-,-,-,-,-,-,-,-,-,R,L,F,S,S,E,K,V,I,H,K,D,Y,G,L,P,N,P,S,W,S,K,D,L,R,L,L,F,D,Q,F,M,K,K,C,E,D,G,S,W,K,R,L,P,S,Y,-,-,-,-,-,-,-,-,-,-,-,-,-,-,-,-,-,-,-,-,-,K,E,E,Q,I,S,K,A,Q,Q,F,S,R,S,L,E,E,G,L,G,F,E,Y,V,M,F,Y,N,K,G,E,K,R,V,V,C,L,F,Q,G,G,L,H,L,Q,G,V,P,G,F,V,H,G,G,A,I,A,T,V,I,D,I,T,T,G,M,C,A,L,-,A,E,G,V,A,M,T,A,N,L,N,I,D,Y,K,K,P,V,P,L,C,S,V,V,V,V,N,S,R,L,S,K,T,E,G,R,K,L,F,I,S,C,D,I,Q,S,I,D,E,K,T,L,Y,T,S,A,T,A,L,F,I,K,L,D,P,D,K,R
Ornithorhynchus_anatinus,-,-,-,-,-,-,-,-,-,-,-,-,-,-,-,-,-,-,-,-,-,-,-,-,-,-,-,-,-,-,-,-,-,-,-,-,-,-,-,-,-,-,-,-,-,-,-,-,-,-,-,-,-,-,-,-,-,-,-,-,-,-,-,-,-,-,-,-,-,-,-,-,-,-,-,-,-,-,-,-,-,-,-,-,-,-,-,-,-,-,-,-,-,-,-,-,-,-,-,-,-,-,-,-,-,-,-,-,-,-,-,-,-,-,-,-,-,-,-,-,-,-,-,-,-,-,-,-,-,-,-,-,-,-,-,-,-,-,-,-,-,-,-,-,-,-,-,-,-,-,-,-,-,-,-,-,-,-,-,-,-,-,-,-,-,-,-,-,-,-,-,-,-,-,-,-,-,-,-,-,-,-,-,-,-,-,-,-,-,-,-,-,-,-,-,-,-,-,-,-,-,-,-,-,-,-,-,-,-,-,-,-,-,-,-,-,-,-,-,-,-,-,-,-,-,-,-,-,-
Orycteropus_afer_afer,M,L,R,S,C,A,A,R,L,R,T,L,A,V,L,-,-,-,-,-,C,L,S,T,R,S,F,S,S,E,E,A,T,Q,K,D,Q,A,L,P,N,P,S,W,S,K,E,I,R,L,L,F,D,Q,F,M,K,K,C,E,D,G,T,W,K,R,F,P,S,H,H,S,-,-,-,-,-,-,-,-,-,-,-,-,-,-,-,-,-,-,-,K,E,E,L,M,S,Q,A,R,L,F,T,R,S,F,E,E,G,L,G,F,E,Y,V,M,F,Y,N,E,D,E,K,R,V,V,C,L,F,Q,G,G,P,Y,L,Q,G,G,P,G,F,L,H,G,G,A,M,A,T,L,I,D,A,T,L,F,M,N,A,Q,L,A,G,G,I,V,M,T,A,N,L,N,I,N,F,K,R,-,-,-,-,-,-,-,-,-,-,-,-,-,-,-,-,-,-,-,-,-,-,-,-,-,-,-,-,-,-,-,-,-,-,-,-,-,-,-,-,-,-,-,-,-,-,-,-,-,-,-,-
Oryctolagus_cuniculus,M,L,R,S,C,A,A,R,L,R,T,L,G,A,V,-,-,-,-,-,P,G,P,A,R,S,F,S,S,E,K,A,T,Q,K,D,Y,S,L,P,N,P,S,W,T,K,D,I,R,L,L,Y,D,Q,F,M,K,K,C,E,D,G,S,W,K,R,L,P,S,Y,K,Y,T,-,-,-,-,-,-,-,-,-,-,-,-,-,-,-,K,F,V,-,E,E,Q,T,P,K,A,Q,I,F,T,R,S,L,E,E,G,L,G,F,E,Y,V,M,F,H,N,E,A,E,K,R,V,V,C,V,F,Q,G,G,P,H,L,Q,G,N,H,G,Y,V,H,G,G,A,I,A,T,M,I,D,I,T,A,G,T,C,A,V,L,T,G,G,Y,A,M,T,A,N,L,N,I,N,F,R,R,P,I,P,L,C,S,V,V,V,I,N,S,Q,I,D,K,I,E,G,R,K,Y,F,I,S,C,D,I,R,S,V,D,E,K,T,L,Y,S,E,A,T,S,L,F,I,K,L,D,P,N,K,A
Oryx_dammah,M,L,R,S,C,T,A,G,L,R,S,V,W,A,L,-,-,-,-,-,-,-,-,A,-,-,F,S,T,E,K,A,I,H,K,D,W,A,L,P,N,P,S,W,S,K,D,L,K,L,L,F,D,Q,F,M,K,K,C,E,D,G,S,W,E,R,L,P,S,Y,K,H,R,S,T,Q,K,S,E,E,F,K,T,Y,F,L,D,P,K,L,V,K,E,E,G,L,S,Q,A,Q,L,F,T,R,G,F,E,D,G,L,G,F,E,Y,V,I,F,S,N,N,D,E,K,R,T,V,C,L,F,Q,G,G,P,H,L,Q,G,L,P,G,F,L,H,G,G,A,T,A,T,M,I,D,V,A,L,G,S,C,A,T,I,P,G,G,A,V,M,T,A,N,L,N,I,N,F,K,R,P,V,P,L,C,S,V,V,V,I,N,S,Q,L,D,K,L,E,G,R,K,L,F,L,S,C,N,V,R,S,V,D,E,K,T,L,Y,S,E,A,T,G,L,F,I,K,L,D,P,K,K,N
Otolemur_garnettii,M,L,R,R,C,A,A,H,F,R,A,L,G,A,L,-,-,-,-,-,-,-,-,-,-,-,F,S,F,E,K,I,V,Y,K,D,C,S,I,P,N,P,S,W,N,K,D,I,R,L,L,F,D,Q,F,M,Q,K,C,E,D,G,S,W,T,R,L,P,S,Y,R,R,G,S,T,E,S,I,Q,D,F,K,T,-,-,-,-,-,-,-,-,-,-,-,-,-,-,-,-,L,L,F,T,R,S,F,E,D,G,L,G,F,E,Y,V,M,F,Y,N,D,V,E,K,R,M,V,C,L,F,Q,G,G,P,Y,L,E,G,A,P,G,F,L,H,G,G,A,I,A,T,M,I,D,A,T,L,G,M,T,A,I,M,A,G,G,I,V,M,T,A,N,L,N,I,N,F,K,R,P,I,P,L,C,S,V,V,V,I,N,S,Q,L,D,K,V,E,E,R,K,F,F,V,S,C,S,V,Q,S,V,D,E,K,T,L,Y,S,E,A,T,S,L,F,I,K,L,D,P,D,K,S
Panthera_leo,M,L,R,S,C,V,S,R,L,R,T,L,A,V,Q,L,P,A,K,D,-,-,-,P,R,S,F,S,S,E,-,V,M,H,M,D,L,S,L,P,N,P,S,W,S,E,D,M,R,L,L,F,D,Q,F,M,K,K,S,E,D,G,S,W,K,H,L,P,S,Y,K,S,K,F,T,Q,E,T,E,D,I,K,I,Y,F,P,D,A,K,L,M,K,E,K,-,L,S,Q,A,Q,L,F,P,R,S,L,E,E,G,L,G,F,E,Y,A,M,F,H,N,C,V,E,D,R,T,V,C,I,F,Q,G,G,P,Y,L,Q,G,V,P,G,F,L,H,G,G,A,I,A,T,M,I,D,A,T,L,G,T,C,A,V,V,A,I,G,V,A,M,T,A,S,L,N,I,S,F,K,R,P,I,P,L,G,S,V,V,V,I,N,S,Q,V,D,K,V,E,G,R,K,L,F,L,S,C,N,I,R,S,V,D,E,K,T,V,Y,S,E,A,T,S,L,F,V,K,L,D,P,K,T,R
Panthera_pardus,M,L,R,S,C,V,S,R,L,R,T,L,A,V,Q,L,P,A,K,D,-,-,-,P,R,S,F,S,S,E,-,V,M,H,M,D,L,S,L,P,N,P,S,W,S,E,D,M,R,L,L,F,D,Q,F,M,K,K,S,E,D,G,S,W,K,H,L,P,S,Y,K,S,K,F,T,Q,E,T,E,D,I,K,I,Y,F,P,D,A,K,L,M,K,E,K,-,L,S,Q,A,Q,L,F,P,R,S,L,E,E,G,L,G,F,E,Y,A,M,F,H,N,C,V,E,D,R,T,V,C,I,F,Q,G,G,P,Y,L,Q,G,V,P,G,F,L,H,G,G,A,I,A,T,M,I,D,A,T,L,G,T,C,A,V,V,A,I,G,V,A,M,T,A,S,L,N,I,S,F,K,R,P,I,P,L,G,S,V,V,V,I,N,S,Q,V,D,K,V,E,G,R,K,L,F,L,S,C,N,I,R,S,V,D,E,K,T,V,Y,S,E,A,T,S,L,F,V,K,L,D,P,K,T,R
Panthera_uncia,M,L,R,S,C,V,S,R,L,R,T,L,A,V,Q,L,P,A,K,D,-,-,-,P,R,S,F,S,S,E,-,V,M,H,M,D,L,S,L,P,N,P,S,W,S,E,D,M,R,L,L,F,D,Q,F,M,K,K,S,E,D,G,S,W,K,H,L,P,S,Y,K,S,K,F,T,Q,E,T,E,D,I,K,I,Y,F,P,D,A,K,L,M,K,E,K,-,L,S,Q,A,Q,L,F,P,R,S,L,E,E,G,L,G,F,E,Y,A,M,F,H,N,C,V,E,D,R,T,V,C,I,F,Q,G,G,P,Y,L,Q,G,V,P,G,F,L,H,G,G,A,I,A,T,M,I,D,A,T,L,G,T,C,A,V,V,A,I,G,V,A,M,T,A,S,L,N,I,S,F,K,R,P,I,P,L,G,S,V,V,V,I,N,S,Q,V,D,K,V,E,G,R,K,L,F,L,S,C,N,I,R,S,V,D,E,K,T,V,Y,S,E,A,T,S,L,F,V,K,L,D,P,K,T,R
Perognathus_longimembris_pacificus,-,-,-,-,-,-,-,-,-,-,-,-,-,-,-,-,-,-,-,-,-,-,-,-,-,-,-,-,-,-,-,-,-,-,-,-,-,-,-,-,-,-,-,-,-,-,-,-,-,-,-,-,-,-,-,-,-,-,-,-,-,-,-,-,-,-,-,-,-,-,-,-,-,-,-,-,-,-,-,-,-,-,-,-,-,-,-,-,-,-,-,-,-,-,-,-,-,-,-,-,-,-,-,-,-,-,-,-,-,-,-,-,-,-,-,-,-,-,-,-,-,-,-,-,-,-,-,-,-,-,-,-,-,-,-,-,-,-,-,-,-,-,-,-,-,-,-,-,-,-,-,-,-,-,-,-,-,-,-,-,-,-,-,-,-,-,-,-,-,-,-,-,-,-,-,-,-,-,-,-,-,-,-,-,-,-,-,-,-,-,-,-,-,-,-,-,-,-,-,-,-,-,-,-,-,-,-,-,-,-,-,-,-,-,-,-,-,-,-,-,-,-,-,-,-,-,-,-,-
Peromyscus_californicus_insignis,M,L,R,R,C,A,T,R,L,R,T,L,A,A,-,-,-,-,-,-,-,-,-,-,R,L,F,S,S,E,K,V,I,R,K,D,Y,G,L,P,N,P,S,W,S,K,D,L,R,R,L,F,D,Q,F,M,K,K,C,E,D,G,S,W,K,R,L,P,S,Y,-,-,-,-,-,-,-,-,-,-,-,-,-,-,-,-,-,-,-,-,-,K,E,E,Q,M,S,N,A,Q,Q,F,S,R,S,L,E,E,G,L,G,F,E,Y,V,M,F,Y,N,K,E,E,K,R,M,V,C,L,F,Q,G,G,L,H,L,Q,G,V,P,G,F,L,H,G,G,A,I,A,T,I,I,D,I,T,T,G,M,C,A,L,-,A,E,G,V,A,M,T,A,N,L,N,I,D,Y,K,K,P,I,P,L,C,S,V,V,V,V,N,S,Q,L,S,K,T,E,G,R,K,L,F,I,S,C,D,I,Q,S,I,D,E,K,T,L,Y,T,S,A,T,T,L,F,I,K,L,D,P,D,K,R
Peromyscus_leucopus,M,L,R,S,C,A,T,R,L,R,T,L,G,A,-,P,P,A,K,Q,P,-,-,-,R,L,F,S,S,E,K,V,I,H,K,D,Y,G,L,P,N,P,S,W,S,K,D,L,R,L,L,F,D,Q,F,M,K,K,C,E,D,G,S,W,K,R,L,P,S,Y,-,-,-,-,-,-,-,-,-,-,-,-,-,-,-,-,-,-,-,-,-,K,E,E,Q,M,S,K,A,Q,Q,F,S,R,S,L,E,E,G,L,G,F,E,Y,V,L,F,Y,N,K,G,E,K,R,M,V,C,L,F,Q,G,G,L,H,L,Q,G,V,P,G,Y,V,H,G,G,A,I,A,T,M,I,D,I,T,T,G,M,C,A,L,-,A,E,G,V,A,M,T,A,N,L,N,I,D,Y,K,K,P,I,P,L,C,S,V,V,V,V,N,S,K,L,S,K,T,E,G,R,K,L,F,I,S,C,D,I,Q,S,I,D,E,K,T,L,Y,T,S,A,T,A,L,F,I,K,L,D,P,D,K,R
Peromyscus_maniculatus_bairdii,M,L,R,S,C,A,T,R,L,R,T,L,G,A,-,P,P,A,K,Q,P,G,A,V,R,L,F,S,S,E,K,V,I,H,K,D,Y,G,L,P,N,P,S,W,S,K,D,L,R,L,L,F,D,Q,F,M,K,K,C,E,D,G,S,W,K,R,L,P,S,Y,-,-,-,-,-,-,-,-,-,-,-,-,-,-,-,-,-,-,-,-,-,K,E,E,Q,M,S,K,A,Q,Q,F,S,R,S,L,E,E,G,L,G,F,E,Y,V,M,F,Y,N,K,G,E,K,R,M,V,C,L,F,Q,G,G,L,H,L,Q,G,V,P,G,F,V,H,G,G,A,I,A,T,M,I,D,I,T,T,G,M,C,A,L,-,A,E,G,V,A,M,T,A,N,L,N,I,D,Y,K,K,P,I,P,L,C,S,V,V,V,V,N,S,K,L,S,K,T,E,G,R,K,L,F,I,S,C,D,I,Q,S,I,D,E,K,T,L,Y,T,S,A,T,A,L,F,I,K,L,D,P,D,K,R
Phascolarctos_cinereus,-,-,-,-,-,-,-,-,-,-,-,-,-,-,-,-,-,-,-,-,-,-,-,-,-,-,-,-,-,-,-,-,-,-,-,-,-,-,-,-,-,-,-,-,-,-,-,-,-,-,-,-,-,-,-,-,-,-,-,-,-,-,-,-,-,-,-,-,-,-,-,-,-,-,-,-,-,-,-,-,-,-,-,-,-,-,-,-,-,-,-,-,-,-,-,-,-,-,-,-,-,-,-,-,-,-,-,-,-,-,-,-,-,-,-,-,-,-,-,-,-,-,-,-,-,-,-,-,-,-,-,-,-,-,-,-,-,-,-,-,-,-,-,-,-,-,-,-,-,-,-,-,-,-,-,-,-,-,-,-,-,-,-,-,-,-,-,-,-,-,-,-,-,-,-,-,-,-,-,-,-,-,-,-,-,-,-,-,-,-,-,-,-,-,-,-,-,-,-,-,-,-,-,-,-,-,-,-,-,-,-,-,-,-,-,-,-,-,-,-,-,-,-,-,-,-,-,-,-
Phoca_vitulina,M,L,R,S,C,A,S,R,L,R,T,P,G,A,L,P,P,A,R,D,S,R,P,P,R,S,F,S,S,E,-,V,I,Y,V,D,R,S,L,P,N,P,S,W,S,K,D,M,R,L,L,F,D,Q,F,M,K,K,T,E,D,G,S,W,K,R,L,P,S,H,K,S,V,S,P,Q,R,T,E,K,I,K,T,F,F,P,D,A,K,P,I,K,E,H,-,M,S,Q,A,Q,L,F,P,R,S,L,E,E,G,L,G,F,E,Y,A,M,F,H,N,H,V,E,N,R,T,V,C,I,F,Q,G,G,P,Y,L,Q,G,A,P,G,F,L,H,G,G,A,I,A,T,M,I,D,S,T,L,G,M,C,A,L,T,A,E,G,V,V,M,T,A,N,L,N,I,N,F,R,R,P,I,P,L,C,S,V,V,V,I,N,S,Q,L,D,K,V,E,G,R,K,L,F,V,S,C,N,V,R,S,V,D,E,K,T,L,Y,S,E,A,T,R,L,H,R,-,-,-,-,-,-,-
Phodopus_roborovskii,M,L,R,S,C,V,A,R,L,R,V,L,G,A,-,P,P,A,R,R,P,G,P,V,R,L,F,S,S,E,K,V,I,R,K,D,Y,G,L,P,N,P,S,W,S,K,D,L,R,L,L,F,D,Q,F,M,K,K,C,E,D,G,S,W,K,R,L,P,S,Y,R,Q,N,P,T,Q,I,L,K,D,F,Q,T,R,F,V,D,P,S,F,T,K,E,E,Q,M,S,K,A,Q,Q,F,S,R,S,F,E,E,G,L,G,F,E,Y,V,M,F,Y,N,K,V,E,K,R,T,V,C,L,F,Q,A,G,L,H,L,Q,G,V,P,G,Y,V,H,G,G,A,I,A,T,I,V,D,I,T,T,G,M,C,A,L,-,A,E,G,I,A,M,T,A,N,L,N,I,D,Y,K,K,P,I,P,L,C,S,V,V,V,V,N,C,Q,I,S,K,T,E,G,R,K,L,F,V,S,C,S,I,Q,S,V,D,E,K,T,L,H,T,E,A,T,A,L,F,I,K,L,D,P,D,K,R
Prionailurus_bengalensis_euptilurus,-,-,-,-,-,-,-,-,-,-,-,-,-,-,-,-,-,-,-,-,-,-,-,-,-,-,-,-,-,-,-,-,-,-,-,-,-,-,-,-,-,-,-,-,-,-,-,-,-,-,-,-,-,-,-,-,-,-,-,-,-,-,-,-,-,-,-,-,-,-,-,-,-,-,-,-,-,-,-,-,-,-,-,-,-,-,-,-,-,-,-,-,-,-,-,-,-,-,-,-,-,-,-,-,-,-,-,-,-,-,-,-,-,-,-,-,-,-,-,-,-,-,-,-,-,-,-,-,-,-,-,-,-,-,-,-,-,-,-,-,-,-,-,-,-,-,-,-,-,-,-,-,-,-,-,-,-,-,-,-,-,-,-,-,-,-,-,-,-,-,-,-,-,-,-,-,-,-,-,-,-,-,-,-,-,-,-,-,-,-,-,-,-,-,-,-,-,-,-,-,-,-,-,-,-,-,-,-,-,-,-,-,-,-,-,-,-,-,-,-,-,-,-,-,-,-,-,-,-
Puma_concolor,M,L,R,S,C,V,S,L,L,R,T,L,A,V,L,L,P,A,K,D,-,-,-,P,R,S,F,S,S,E,-,V,I,H,M,D,L,S,L,P,N,P,S,W,N,E,D,M,R,L,L,F,D,Q,F,M,K,K,S,E,D,G,S,W,K,H,L,P,S,Y,K,S,K,F,T,Q,R,T,E,D,I,K,I,Y,F,P,D,A,K,L,M,K,E,K,-,L,S,Q,A,Q,L,F,P,R,S,L,E,E,G,L,G,F,E,Y,A,M,F,H,N,C,V,E,D,R,T,V,C,I,F,Q,G,G,P,Y,L,Q,G,A,P,G,F,L,H,G,G,A,I,A,T,M,I,D,A,T,L,G,T,C,A,V,V,A,V,G,I,A,M,T,A,S,L,N,I,S,F,K,R,P,I,P,L,G,S,V,V,V,I,N,S,Q,V,D,K,V,E,G,R,K,L,F,L,S,C,N,I,R,S,V,D,E,K,T,V,Y,S,E,A,T,S,L,F,V,K,L,D,P,K,T,R
Puma_yagouaroundi,M,L,R,S,C,V,S,R,L,R,T,L,A,V,L,L,P,A,K,D,-,-,-,P,R,S,F,S,S,E,-,V,I,H,M,D,L,S,L,P,N,P,S,W,N,E,D,M,R,L,L,F,D,Q,F,M,K,K,S,E,D,G,S,W,K,H,L,P,S,Y,K,S,K,F,T,Q,R,T,E,D,I,K,I,Y,F,-,D,A,K,L,M,K,E,K,-,L,S,Q,A,Q,L,F,P,R,S,L,E,E,G,L,G,F,E,Y,A,M,F,H,N,C,V,E,D,R,T,V,C,I,F,Q,G,G,P,Y,L,Q,G,A,P,G,F,L,H,G,G,A,I,A,T,M,I,D,A,T,L,G,T,C,A,V,V,A,V,G,V,A,M,T,A,S,L,N,I,S,F,K,R,P,I,P,L,G,S,V,V,V,I,N,S,Q,V,D,K,V,E,G,R,K,L,F,L,S,C,N,I,R,S,V,D,E,K,T,V,Y,S,E,A,T,S,L,F,V,K,L,D,P,K,T,R
Rattus_norvegicus,M,L,R,S,C,A,M,R,L,R,T,L,G,A,-,T,P,A,R,R,P,E,A,T,R,L,F,S,S,E,E,V,V,C,K,D,Y,A,L,P,N,P,S,W,T,K,D,L,R,L,L,F,D,Q,F,M,K,K,C,E,D,G,S,W,K,R,L,P,S,Y,R,Q,N,P,P,Q,A,L,Q,E,F,Q,T,H,F,V,D,S,K,F,K,K,E,E,Q,M,S,K,A,Q,Q,F,T,R,S,L,E,E,G,L,G,F,E,Y,A,M,F,Y,N,K,A,E,K,R,I,V,C,L,F,Q,G,G,L,H,L,Q,G,M,P,G,F,V,H,G,G,A,I,A,T,I,I,D,I,T,A,G,M,C,A,F,-,S,E,G,I,V,M,T,A,N,L,N,I,D,Y,K,K,P,I,P,L,L,S,V,V,V,V,N,S,Q,L,Q,K,I,E,G,R,K,L,F,V,S,C,T,I,Q,S,T,D,E,K,T,L,H,T,Q,A,T,A,L,F,I,K,L,D,P,D,K,P
Rattus_rattus,M,L,R,S,C,A,M,R,L,R,T,L,G,A,-,T,P,A,R,R,P,E,A,T,R,L,F,S,S,E,E,V,I,R,K,D,Y,A,L,P,N,P,S,W,T,K,D,L,R,L,L,F,D,Q,F,M,K,K,C,E,D,G,S,W,K,R,L,P,S,Y,R,Q,N,P,P,Q,A,L,Q,E,F,Q,T,R,F,V,D,S,K,F,K,K,E,E,Q,M,S,K,A,Q,Q,F,T,R,S,L,E,E,G,L,G,F,E,Y,A,M,F,Y,N,K,A,E,K,R,I,V,C,L,F,Q,G,G,L,H,L,Q,G,V,P,G,F,V,H,G,G,A,I,A,T,I,I,D,I,T,A,G,M,C,A,F,-,S,E,G,I,V,M,T,A,N,L,N,I,D,Y,K,K,P,I,P,L,L,S,V,V,V,V,N,S,Q,L,Q,K,I,E,G,R,K,L,F,V,S,C,T,I,Q,S,I,D,E,K,T,L,H,T,Q,A,T,A,L,F,I,K,L,D,P,D,K,P
Sarcophilus_harrisii,-,-,-,-,-,-,-,-,-,-,-,-,-,-,-,-,-,-,-,-,-,-,-,-,-,-,-,-,-,-,-,-,-,-,-,-,-,-,-,-,-,-,-,-,-,-,-,-,-,-,-,-,-,-,-,-,-,-,-,-,-,-,-,-,-,-,-,-,-,-,-,-,-,-,-,-,-,-,-,-,-,-,-,-,-,-,-,-,-,-,-,-,-,-,-,-,-,-,-,-,-,-,-,-,-,-,-,-,-,-,-,-,-,-,-,-,-,-,-,-,-,-,-,-,-,-,-,-,-,-,-,-,-,-,-,-,-,-,-,-,-,-,-,-,-,-,-,-,-,-,-,-,-,-,-,-,-,-,-,-,-,-,-,-,-,-,-,-,-,-,-,-,-,-,-,-,-,-,-,-,-,-,-,-,-,-,-,-,-,-,-,-,-,-,-,-,-,-,-,-,-,-,-,-,-,-,-,-,-,-,-,-,-,-,-,-,-,-,-,-,-,-,-,-,-,-,-,-,-
Suncus_etruscus,-,-,-,-,-,-,-,-,-,-,-,-,-,-,-,L,-,-,-,-,K,D,A,Q,R,S,F,S,S,A,Q,V,S,Q,K,D,C,S,L,P,N,N,C,W,N,Q,D,L,K,R,L,F,E,Q,F,M,K,K,C,E,D,G,S,W,E,R,I,P,S,Y,K,-,-,-,P,Q,Q,D,Q,D,Y,K,T,H,L,L,D,A,K,K,I,K,E,E,Q,M,S,L,A,R,L,F,T,R,S,L,E,D,G,L,G,F,E,Y,V,M,F,Y,T,E,A,E,K,R,T,V,C,L,F,Q,G,G,P,F,L,Q,G,G,P,G,F,L,H,G,G,A,I,A,T,M,I,D,G,T,V,G,T,A,A,L,I,F,G,G,I,V,M,T,A,N,L,N,I,N,Y,K,K,P,I,P,L,L,S,T,V,I,I,N,S,Q,V,D,K,I,E,G,R,K,V,Y,V,S,C,T,V,Q,S,A,D,E,K,T,L,Y,T,E,A,T,S,L,F,I,K,L,D,L,D,K,S
Sus_scrofa,-,-,-,-,-,-,-,-,-,-,-,-,-,-,-,-,-,-,-,-,-,-,-,-,-,-,-,-,-,-,-,-,-,-,-,-,-,-,-,-,-,-,-,-,-,-,-,-,-,-,-,-,-,-,-,-,-,-,-,-,-,-,-,-,-,-,-,-,-,-,-,-,-,-,-,-,-,-,-,-,-,-,-,-,-,-,-,-,-,-,-,-,-,-,-,-,-,-,-,-,-,-,-,-,-,-,-,-,-,-,-,-,-,-,-,-,-,-,-,-,-,-,-,-,-,-,-,-,-,-,-,-,-,-,-,-,-,-,-,-,-,-,-,-,-,-,-,-,-,-,-,-,-,-,-,-,-,-,-,-,-,-,-,-,-,-,-,-,-,-,-,-,-,-,-,-,-,-,-,-,-,-,-,-,-,-,-,-,-,-,-,-,-,-,-,-,-,-,-,-,-,-,-,-,-,-,-,-,-,-,-,-,-,-,-,-,-,-,-,-,-,-,-,-,-,-,-,-,-
Tachyglossus_aculeatus,-,-,-,-,-,-,-,-,-,-,-,-,-,-,-,-,-,-,-,-,-,-,-,-,-,-,-,-,-,-,-,-,-,-,K,D,Y,S,L,P,N,A,S,W,S,R,E,L,R,G,L,Y,A,Q,Y,M,E,R,C,E,D,D,D,W,E,R,L,P,S,F,-,-,-,-,-,-,-,-,-,-,-,-,-,-,-,-,-,-,-,-,-,-,-,-,-,-,-,-,-,-,-,-,-,-,-,-,-,-,-,-,-,-,-,-,-,-,-,-,-,-,-,-,-,-,-,-,C,L,F,Q,S,G,P,F,L,E,G,A,P,G,F,V,H,G,G,A,I,A,T,M,V,D,S,I,M,A,T,C,A,V,L,V,S,G,A,V,M,T,A,N,L,N,I,N,Y,K,S,P,V,P,L,G,S,T,I,V,L,K,S,W,V,D,R,L,E,G,R,K,I,F,I,T,C,H,I,L,S,A,N,Q,E,T,L,H,A,D,A,T,S,L,F,V,K,L,D,P,D,K,M
Talpa_occidentalis,-,-,-,-,-,-,-,-,-,-,-,-,-,-,-,-,-,-,-,-,-,-,-,-,-,-,-,-,-,-,-,-,-,-,-,-,-,-,-,-,-,-,-,-,-,-,-,-,-,-,-,-,-,-,-,-,-,-,-,-,-,-,-,-,-,-,-,-,-,-,-,-,-,-,-,-,-,-,-,-,-,-,-,-,-,-,-,-,-,-,-,-,-,-,-,-,-,-,-,-,-,-,-,-,-,-,-,-,-,-,-,-,-,-,-,-,-,-,-,-,-,-,-,-,-,-,-,-,-,-,-,-,-,-,-,-,-,-,-,-,-,-,-,-,-,-,-,-,-,-,-,-,-,-,-,-,-,-,-,-,-,-,-,-,-,-,-,-,-,-,-,-,-,-,-,-,-,-,-,-,-,-,-,-,-,-,-,-,-,-,-,-,-,-,-,-,-,-,-,-,-,-,-,-,-,-,-,-,-,-,-,-,-,-,-,-,-,-,-,-,-,-,-,-,-,-,-,-,-
Trichechus_manatus_latirostris,M,L,R,S,C,A,A,R,L,R,P,L,L,V,A,-,-,-,-,-,-,-,-,L,S,T,F,S,F,E,E,V,T,Q,K,D,H,A,L,P,K,P,S,W,S,K,D,L,R,L,L,F,D,Q,F,M,K,K,C,E,D,G,S,W,E,R,L,P,S,V,-,-,-,-,-,-,-,-,-,-,-,-,-,-,-,-,-,-,-,-,-,K,E,E,Q,I,S,Q,A,K,F,F,P,R,S,F,E,D,G,L,G,F,E,Y,A,M,F,W,S,K,D,E,K,R,I,V,C,L,F,Q,G,G,L,Y,L,Q,G,I,P,G,F,L,H,G,G,A,L,V,T,L,I,D,T,T,L,G,T,H,A,M,L,A,G,G,A,V,M,T,A,N,L,S,I,N,F,K,R,P,M,P,L,C,S,V,G,V,I,N,T,Q,L,D,K,I,E,G,R,K,L,F,V,S,C,N,I,Q,S,V,D,E,K,T,V,Y,T,E,-,-,-,-,-,-,-,-,-,-,-,-,-
Trichosurus_vulpecula,-,-,-,-,-,-,-,-,-,-,-,-,-,-,-,-,-,-,-,-,-,-,-,-,-,-,-,-,-,-,-,-,-,-,-,-,-,-,-,-,-,-,-,-,-,-,-,-,-,-,-,-,-,-,-,-,-,-,-,-,-,-,-,-,-,-,-,-,-,-,-,-,-,-,-,-,-,-,-,-,-,-,-,-,-,-,-,-,-,-,-,-,-,-,-,-,-,-,-,-,-,-,-,-,-,-,-,-,-,-,-,-,-,-,-,-,-,-,-,-,-,-,-,-,-,-,-,-,-,-,-,-,-,-,-,-,-,-,-,-,-,-,-,-,-,-,-,-,-,-,-,-,-,-,-,-,-,-,-,-,-,-,-,-,-,-,-,-,-,-,-,-,-,-,-,-,-,-,-,-,-,-,-,-,-,-,-,-,-,-,-,-,-,-,-,-,-,-,-,-,-,-,-,-,-,-,-,-,-,-,-,-,-,-,-,-,-,-,-,-,-,-,-,-,-,-,-,-,-
Ursus_arctos_horribilis,-,-,-,-,-,-,-,-,-,-,-,-,-,-,-,-,-,-,-,-,-,-,-,-,-,-,-,-,-,-,-,-,-,-,-,-,-,-,-,-,-,-,-,-,-,-,-,-,-,-,-,-,-,-,-,-,-,-,-,-,-,-,-,-,-,-,-,-,-,-,-,-,-,-,-,-,-,-,-,-,-,-,-,-,-,-,-,-,-,-,-,-,-,-,-,-,-,-,-,-,-,-,-,-,-,-,-,-,-,-,-,-,-,-,-,-,-,-,-,-,-,-,-,-,-,-,-,-,-,-,-,-,-,-,-,-,-,-,-,-,-,-,-,-,-,-,-,-,-,-,-,-,-,-,-,-,-,-,-,-,-,-,-,-,-,-,-,-,-,-,-,-,-,-,-,-,-,-,-,-,-,-,-,-,-,-,-,-,-,-,-,-,-,-,-,-,-,-,-,-,-,-,-,-,-,-,-,-,-,-,-,-,-,-,-,-,-,-,-,-,-,-,-,-,-,-,-,-,-
Vombatus_ursinus,-,-,-,-,-,-,-,-,-,-,-,-,-,-,-,-,-,-,-,-,-,-,-,-,-,-,-,-,-,-,-,-,-,-,-,-,-,-,-,-,-,-,-,-,-,-,-,-,-,-,-,-,-,-,-,-,-,-,-,-,-,-,-,-,-,-,-,-,-,-,-,-,-,-,-,-,-,-,-,-,-,-,-,-,-,-,-,-,-,-,-,-,-,-,-,-,-,-,-,-,-,-,-,-,-,-,-,-,-,-,-,-,-,-,-,-,-,-,-,-,-,-,-,-,-,-,-,-,-,-,-,-,-,-,-,-,-,-,-,-,-,-,-,-,-,-,-,-,-,-,-,-,-,-,-,-,-,-,-,-,-,-,-,-,-,-,-,-,-,-,-,-,-,-,-,-,-,-,-,-,-,-,-,-,-,-,-,-,-,-,-,-,-,-,-,-,-,-,-,-,-,-,-,-,-,-,-,-,-,-,-,-,-,-,-,-,-,-,-,-,-,-,-,-,-,-,-,-,-
Vulpes_lagopus,-,-,-,-,-,-,-,-,-,-,-,-,-,-,-,-,-,-,-,-,-,-,-,-,R,S,F,S,S,E,-,V,L,H,V,D,H,S,L,P,N,P,S,W,N,E,D,M,R,L,L,F,D,Q,F,M,K,K,S,E,D,G,S,W,K,R,L,P,S,Y,K,Y,N,P,T,E,R,I,E,D,V,K,I,F,F,P,D,A,K,L,L,K,E,Q,-,M,S,Q,A,Q,L,F,P,R,S,L,G,E,G,V,G,F,E,Y,A,M,F,H,N,H,V,E,D,R,T,V,C,I,F,Q,G,G,P,H,L,Q,G,A,P,G,F,L,H,G,G,A,I,A,T,M,I,D,S,T,L,G,M,C,A,I,L,T,G,G,I,A,M,T,A,N,L,N,I,N,F,R,R,P,I,P,L,C,S,V,V,V,I,N,C,Q,L,D,R,V,E,G,R,K,L,F,V,S,C,N,V,R,S,M,D,E,K,T,L,Y,S,E,A,T,S,T,F,V,K,L,D,P,K,K,-
Vulpes_vulpes,-,-,-,-,-,-,-,-,-,-,-,-,-,-,-,-,-,-,-,-,-,-,-,-,R,S,F,S,S,E,-,V,L,H,V,D,H,S,L,P,N,P,S,W,N,E,D,M,R,L,L,F,D,Q,F,M,K,K,S,E,D,G,S,W,K,R,L,P,S,Y,K,Y,N,P,T,E,R,I,E,D,V,K,I,F,F,P,D,A,K,L,L,K,E,Q,-,M,S,Q,A,Q,L,F,P,R,S,L,G,E,G,V,G,F,E,Y,A,M,F,H,N,H,V,E,D,R,T,V,C,I,F,Q,G,G,P,H,L,Q,G,A,P,G,F,L,H,G,G,A,I,A,T,M,I,D,S,T,L,G,M,C,A,I,L,T,G,G,I,A,M,T,A,N,L,N,I,N,F,R,R,P,I,P,L,C,S,V,V,V,I,N,C,Q,L,D,R,V,E,G,R,K,L,F,V,S,C,N,V,R,S,M,D,E,K,T,L,Y,S,E,A,T,S,T,F,V,K,L,D,P,K,K,-
Zalophus_californianus,M,L,R,S,C,A,S,R,L,-,-,P,G,A,L,P,P,A,R,G,S,R,P,S,R,S,F,S,S,E,-,V,I,Y,V,D,R,S,L,P,N,P,S,W,S,K,D,M,R,L,L,F,D,Q,F,M,K,K,T,E,D,G,S,W,K,R,L,P,S,Y,K,S,V,S,P,Q,R,I,E,E,V,K,T,F,F,P,D,A,K,P,I,K,E,H,-,M,S,Q,A,Q,L,F,P,R,S,L,E,E,D,L,G,F,E,Y,A,V,F,H,N,H,V,N,-,R,T,V,C,I,F,Q,G,G,P,Y,L,Q,G,A,P,G,F,L,H,G,G,A,I,A,T,M,I,D,S,T,V,G,M,C,A,V,I,A,E,R,I,V,L,T,A,N,L,N,I,S,F,R,R,P,I,P,L,C,S,V,V,V,I,N,S,Q,L,D,K,V,E,G,R,K,L,F,V,S,C,N,V,Q,S,V,D,E,K,T,L,Y,S,E,A,T,S,L,F,V,K,L,D,P,K,K,S
shrew_mole,-,-,-,-,-,-,-,-,-,-,-,-,-,-,-,-,-,-,-,-,-,-,-,-,-,-,-,-,-,-,-,-,-,-,-,-,-,-,-,-,-,-,-,-,-,-,-,M,R,L,F,F,D,Q,Y,M,T,K,C,E,D,G,S,W,K,P,V,L,P,C,K,S,F,R,T,-,-,-,Q,E,F,K,D,F,F,L,D,S,N,L,-,K,E,E,Q,M,S,V,A,R,L,F,T,R,S,Y,E,E,G,L,G,F,E,H,V,M,F,Y,N,D,A,E,K,R,I,I,C,L,F,Q,G,G,P,Y,L,Q,G,V,P,G,F,L,H,G,G,A,I,A,T,M,I,D,T,S,V,G,M,C,A,M,M,A,G,G,I,V,M,T,A,N,L,T,I,N,Y,K,R,P,I,P,L,C,S,V,V,V,I,N,S,Q,L,D,K,V,E,R,R,K,L,F,V,S,C,N,V,Q,S,V,D,E,K,T,L,Y,T,Q,A,T,S,L,L,I,K,L,D,P,N,K,S
ZWS,M,L,R,S,C,A,A,R,L,R,T,P,G,A,-,P,P,A,S,R,P,R,A,W,R,S,F,S,S,E,K,D,L,P,K,D,C,A,L,P,N,S,S,W,S,K,D,L,R,L,L,F,D,Q,F,M,K,K,C,E,D,G,S,W,K,R,L,P,S,Y,R,R,N,P,T,E,F,L,Q,A,F,Q,T,R,F,L,D,S,R,Y,M,K,E,E,Q,I,S,Q,A,K,Q,F,T,R,S,I,E,D,G,L,G,F,E,Y,V,M,F,Y,N,E,E,E,K,K,L,V,C,I,F,Q,G,G,P,H,L,Q,G,V,P,G,F,L,H,G,G,A,I,A,T,I,I,D,V,S,L,G,M,C,A,A,K,A,Q,G,A,A,M,T,A,N,L,N,V,N,Y,K,R,P,V,P,L,C,S,V,V,V,I,N,S,Q,L,D,K,I,E,G,R,K,L,Y,V,S,C,T,V,Q,S,T,D,E,K,T,V,H,T,E,A,T,G,G,D,I,Q,C,P,A,E,W,S
