,THYN1 0,THYN1 1,THYN1 2,THYN1 3,THYN1 4,THYN1 5,THYN1 6,THYN1 7,THYN1 8,THYN1 9,THYN1 10,THYN1 11,THYN1 12,THYN1 13,THYN1 14,THYN1 15,THYN1 16,THYN1 17,THYN1 18,THYN1 19,THYN1 20,THYN1 21,THYN1 22,THYN1 23,THYN1 24,THYN1 25,THYN1 26,THYN1 27,THYN1 28,THYN1 29,THYN1 30,THYN1 31,THYN1 32,THYN1 33,THYN1 34,THYN1 35,THYN1 36,THYN1 37,THYN1 38,THYN1 39,THYN1 40,THYN1 41,THYN1 42,THYN1 43,THYN1 44,THYN1 45,THYN1 46,THYN1 47,THYN1 48,THYN1 49,THYN1 50,THYN1 51,THYN1 52,THYN1 53,THYN1 54,THYN1 55,THYN1 56,THYN1 57,THYN1 58,THYN1 59,THYN1 60,THYN1 61,THYN1 62,THYN1 63,THYN1 64,THYN1 65,THYN1 66,THYN1 67,THYN1 68,THYN1 69,THYN1 70,THYN1 71,THYN1 72,THYN1 73,THYN1 74,THYN1 75,THYN1 76,THYN1 77,THYN1 78,THYN1 79,THYN1 80,THYN1 81,THYN1 82,THYN1 83,THYN1 84,THYN1 85,THYN1 86,THYN1 87,THYN1 88,THYN1 89,THYN1 90,THYN1 91,THYN1 92,THYN1 93,THYN1 94,THYN1 95,THYN1 96,THYN1 97,THYN1 98,THYN1 99,THYN1 100,THYN1 101,THYN1 102,THYN1 103,THYN1 104,THYN1 105,THYN1 106,THYN1 107,THYN1 108,THYN1 109,THYN1 110,THYN1 111,THYN1 112,THYN1 113,THYN1 114,THYN1 115,THYN1 116,THYN1 117,THYN1 118,THYN1 119,THYN1 120,THYN1 121,THYN1 122,THYN1 123,THYN1 124,THYN1 125,THYN1 126,THYN1 127,THYN1 128,THYN1 129,THYN1 130,THYN1 131,THYN1 132,THYN1 133,THYN1 134,THYN1 135,THYN1 136,THYN1 137,THYN1 138,THYN1 139,THYN1 140,THYN1 141,THYN1 142,THYN1 143,THYN1 144,THYN1 145,THYN1 146,THYN1 147,THYN1 148,THYN1 149,THYN1 150,THYN1 151,THYN1 152,THYN1 153,THYN1 154,THYN1 155,THYN1 156,THYN1 157,THYN1 158,THYN1 159,THYN1 160,THYN1 161,THYN1 162,THYN1 163,THYN1 164,THYN1 165,THYN1 166,THYN1 167,THYN1 168,THYN1 169,THYN1 170,THYN1 171,THYN1 172,THYN1 173,THYN1 174,THYN1 175,THYN1 176,THYN1 177,THYN1 178,THYN1 179,THYN1 180,THYN1 181,THYN1 182,THYN1 183,THYN1 184,THYN1 185,THYN1 186,THYN1 187,THYN1 188,THYN1 189,THYN1 190,THYN1 191,THYN1 192,THYN1 193,THYN1 194,THYN1 195,THYN1 196,THYN1 197,THYN1 198,THYN1 199,THYN1 200,THYN1 201,THYN1 202,THYN1 203,THYN1 204,THYN1 205,THYN1 206,THYN1 207,THYN1 208,THYN1 209,THYN1 210,THYN1 211,THYN1 212,THYN1 213,THYN1 214,THYN1 215,THYN1 216
Chrysochloris_asiatica,-,-,-,-,-,-,-,-,-,-,-,-,-,-,-,-,-,-,-,-,-,-,-,-,-,-,-,-,-,-,-,-,-,-,-,-,-,-,-,-,-,-,-,-,-,-,-,-,-,-,-,-,-,-,-,-,-,-,-,-,-,-,-,-,-,-,-,-,-,-,-,-,-,-,-,-,-,-,-,-,-,-,-,-,-,-,-,-,-,-,-,-,-,-,-,-,-,-,-,-,-,-,-,-,-,-,-,-,-,-,-,-,-,-,-,-,-,-,-,-,-,-,-,-,-,-,-,-,-,-,-,-,-,-,-,-,-,-,-,-,-,-,-,-,-,-,-,-,-,-,-,-,-,-,-,-,-,-,-,-,-,-,-,-,-,-,-,-,-,-,-,-,-,-,-,-,-,-,-,-,-,-,-,-,-,-,-,-,-,-,-,-,-,-,-,-,-,-,-,-,-,-,-,-,-,-,-,-,-,-,-,-,-,-,-,-,-
Balaenoptera_acutorostrata_scammoni,A,R,K,R,A,G,V,V,K,G,P,E,G,K,R,T,K,T,E,N,P,G,D,T,S,A,K,V,E,N,S,S,F,Q,E,T,S,A,S,K,D,C,G,K,N,L,S,S,Y,W,L,M,K,S,E,P,E,S,R,L,E,K,G,V,D,V,K,F,S,I,E,D,L,K,A,Q,P,K,Q,T,A,C,W,D,G,V,R,N,Y,A,R,N,F,L,R,A,M,K,L,E,E,E,A,F,F,Y,H,S,N,C,R,E,P,G,I,V,G,L,M,K,I,V,K,E,A,Y,P,D,H,T,Q,F,E,K,N,N,P,H,Y,D,P,S,S,K,E,D,N,P,K,W,S,M,V,D,V,Q,F,V,R,M,M,K,R,F,I,P,L,A,E,L,K,T,H,H,Q,A,H,R,A,T,G,G,P,L,Q,N,M,A,L,F,T,R,Q,R,L,S,V,Q,P,L,S,R,E,E,F,D,F,I,L,S,L,E,E,K,E,P,S
Balaenoptera_musculus,A,R,K,R,A,G,A,A,K,G,P,E,G,K,R,T,K,T,E,N,P,G,E,A,S,A,K,V,E,N,S,S,L,Q,E,T,S,A,S,K,D,C,G,K,N,L,S,S,Y,W,L,M,K,S,E,P,E,S,R,L,E,K,G,V,D,V,K,F,S,I,E,D,L,K,A,Q,P,K,Q,T,A,C,W,D,G,V,R,N,Y,A,R,N,F,L,R,A,M,K,L,E,E,E,A,F,F,Y,H,S,N,C,R,E,P,G,I,V,G,L,M,K,I,V,K,E,A,Y,P,D,H,T,Q,F,E,K,N,N,P,H,Y,D,P,S,S,K,E,D,D,P,K,W,S,M,V,D,V,Q,F,V,R,M,M,K,R,F,I,P,L,A,E,L,K,T,H,H,Q,A,H,R,A,T,G,G,P,L,Q,N,M,A,L,F,T,R,Q,R,L,S,V,Q,P,L,S,R,E,E,F,D,F,I,L,S,L,E,E,K,E,P,S
Echinops_telfairi,-,-,-,-,-,-,-,-,-,-,-,-,-,-,-,-,-,-,-,-,-,-,-,-,-,-,-,-,-,-,-,-,-,-,-,-,-,-,-,-,-,-,-,-,-,-,-,-,-,-,-,-,-,-,-,-,-,-,-,-,-,-,-,-,-,-,-,-,-,-,-,-,-,-,-,-,-,-,-,-,-,-,-,-,-,-,-,-,-,-,-,-,-,-,-,-,-,-,-,-,-,-,-,-,-,-,-,-,-,-,-,-,-,-,-,-,-,-,-,-,-,-,-,-,-,-,-,-,-,-,-,-,-,-,-,-,-,-,-,-,-,-,-,-,-,-,-,-,-,-,-,-,-,-,-,-,-,-,-,-,-,-,-,-,-,-,-,-,-,-,-,-,-,-,-,-,-,-,-,-,-,-,-,-,-,-,-,-,-,-,-,-,-,-,-,-,-,-,-,-,-,-,-,-,-,-,-,-,-,-,-,-,-,-,-,-,-
Delphinapterus_leucas,A,R,K,R,A,G,A,A,K,G,P,G,G,K,R,T,K,T,E,D,P,G,E,A,S,A,K,V,E,N,S,S,L,Q,E,T,S,A,S,R,D,C,G,K,N,L,S,S,Y,W,L,M,K,S,E,P,E,S,R,L,E,R,G,V,D,V,K,F,S,I,E,D,L,R,A,Q,P,K,Q,T,A,C,W,D,G,V,R,N,Y,A,R,N,F,L,R,A,M,K,L,E,E,E,A,F,F,Y,H,S,N,C,R,E,P,G,I,A,G,L,M,K,I,V,K,E,A,Y,P,D,H,T,Q,F,E,K,N,N,P,H,Y,D,P,S,S,K,E,D,N,P,K,W,S,M,V,D,V,Q,F,V,R,M,M,K,R,F,I,P,L,A,E,L,K,T,H,H,Q,A,H,R,A,T,G,G,P,L,K,N,M,A,L,F,T,R,Q,R,L,S,V,Q,P,L,T,-,-,-,-,-,-,-,-,-,-,-,-,-,-,-,-
Globicephala_melas,A,R,K,R,A,G,A,A,K,G,P,G,G,K,R,T,K,T,E,D,P,G,E,A,S,A,K,V,E,N,S,S,L,Q,E,T,S,A,S,R,D,C,G,K,N,L,S,S,Y,W,L,M,K,S,E,P,E,S,R,L,E,K,G,V,D,V,K,F,S,I,E,D,L,R,A,Q,P,K,Q,T,A,C,W,D,G,V,R,N,Y,A,R,N,F,L,R,A,M,K,L,E,E,E,A,F,F,Y,H,S,N,C,R,E,P,G,I,A,G,L,M,K,I,V,K,E,A,Y,P,D,H,T,Q,F,E,K,N,N,P,H,Y,D,P,S,S,K,E,D,N,P,K,W,S,M,V,D,V,Q,F,V,R,M,M,K,R,F,I,P,L,A,E,L,K,T,H,H,Q,A,H,R,A,T,G,G,P,L,K,N,M,A,L,F,T,R,Q,R,L,S,V,Q,P,L,T,-,-,-,-,-,-,-,-,-,-,-,-,-,-,-,-
Lagenorhynchus_obliquidens,A,R,K,R,A,G,A,A,K,G,P,G,R,K,R,T,K,T,E,D,P,G,E,A,S,A,K,V,E,N,S,S,L,Q,E,T,S,A,S,R,D,C,G,K,N,L,S,S,Y,W,L,M,K,S,E,P,E,S,R,L,E,K,G,V,D,V,K,F,S,I,E,D,L,R,A,Q,P,K,Q,T,A,C,W,D,G,V,R,N,Y,A,R,N,F,L,R,A,M,K,L,E,E,E,A,F,F,Y,H,S,N,C,R,E,P,G,I,A,G,L,M,K,I,V,K,E,A,Y,P,D,H,T,Q,F,E,K,N,N,P,H,Y,D,P,S,S,K,E,D,N,P,K,W,S,M,V,D,V,Q,F,V,R,M,M,K,R,F,I,P,L,A,E,L,K,T,H,H,Q,A,H,R,A,T,G,G,P,L,K,N,M,A,L,F,T,R,Q,R,L,S,V,Q,P,L,T,-,-,-,-,-,-,-,-,-,-,-,-,-,-,-,-
Lipotes_vexillifer,V,R,K,R,A,G,A,A,E,G,P,A,G,K,R,T,N,T,E,K,P,G,E,A,S,A,K,V,G,N,S,S,L,Q,E,T,S,A,S,R,D,R,G,K,N,L,S,S,C,W,L,M,K,S,E,P,E,S,R,L,E,K,G,V,D,V,K,F,S,I,E,D,L,R,A,Q,P,K,Q,T,A,C,W,D,G,V,R,N,Y,A,R,N,F,L,R,A,M,K,L,Q,E,E,A,F,F,Y,H,S,N,C,R,E,P,G,I,A,G,L,M,K,I,V,K,E,A,Y,P,D,H,T,Q,F,E,K,N,N,P,H,Y,D,P,S,S,K,E,D,N,P,K,W,S,M,V,D,V,Q,F,V,R,M,M,K,R,F,I,P,L,A,E,L,K,T,H,H,Q,A,H,R,A,T,G,G,P,L,K,N,M,A,L,F,T,R,Q,R,L,S,V,Q,P,L,T,-,-,-,-,-,-,-,-,-,-,-,-,-,-,-,-
Monodon_monoceros,A,R,K,R,A,G,A,A,K,G,P,G,G,K,R,T,K,T,E,D,P,G,E,A,S,A,K,V,E,N,S,S,L,Q,E,T,S,A,S,R,D,W,G,K,N,L,S,S,Y,W,L,M,K,S,E,P,E,S,R,L,E,K,G,V,D,V,K,F,S,I,E,D,L,R,A,Q,P,K,Q,T,A,C,W,D,G,V,R,N,Y,A,R,N,F,L,R,A,M,K,L,E,E,E,A,F,F,Y,H,S,N,C,R,E,P,G,I,A,G,L,M,K,I,V,K,E,A,Y,P,D,H,T,Q,F,E,K,N,N,P,H,Y,D,P,S,S,K,E,D,N,P,K,W,S,M,V,D,V,Q,F,V,R,M,M,K,R,F,I,P,L,A,E,L,K,T,H,H,Q,A,H,R,A,T,G,G,P,L,K,N,M,A,L,F,T,R,Q,R,L,S,V,Q,P,L,T,-,-,-,-,-,-,-,-,-,-,-,-,-,-,-,-
Neophocaena_asiaeorientalis_asiaeorientalis,A,R,K,R,A,G,A,A,K,G,P,G,G,K,R,T,K,T,E,D,P,G,E,A,S,A,K,V,E,N,S,S,L,Q,E,T,S,A,S,R,D,C,G,K,N,L,S,S,Y,W,L,M,K,S,E,P,E,S,R,L,E,K,G,V,D,V,K,F,S,I,E,D,L,R,A,Q,P,K,Q,T,A,C,W,D,G,V,R,N,Y,A,R,N,F,L,R,A,M,K,L,E,E,E,A,F,F,Y,H,S,N,C,R,E,P,G,I,A,G,L,M,K,I,V,K,E,A,Y,P,D,H,T,Q,F,E,K,N,N,P,H,Y,D,P,S,S,K,E,D,N,P,K,W,S,M,V,D,V,Q,F,V,R,M,M,K,R,F,I,P,L,A,E,L,K,T,H,H,Q,A,H,R,A,T,G,G,P,L,K,N,M,A,L,F,T,R,Q,R,L,S,V,Q,P,L,T,-,-,-,-,-,-,-,-,-,-,-,-,-,-,-,-
Orcinus_orca,A,R,K,R,A,G,A,A,K,G,P,G,G,K,R,T,K,T,E,D,P,G,E,A,S,A,K,V,E,N,S,S,L,Q,E,T,S,A,S,R,D,C,G,K,N,L,S,S,Y,W,L,M,K,S,E,P,E,S,R,L,E,K,G,V,D,V,K,F,S,I,E,D,L,R,A,Q,P,K,Q,T,A,C,W,D,G,V,R,N,Y,A,R,N,F,L,R,A,M,K,L,E,E,E,A,F,F,Y,H,S,N,C,R,E,P,G,I,A,G,L,M,K,I,V,K,E,A,Y,P,D,H,T,Q,F,E,K,N,N,P,H,Y,D,P,S,S,K,E,D,N,P,K,W,S,M,V,D,V,Q,F,V,R,M,M,K,R,F,I,P,L,A,E,L,K,T,H,H,Q,A,H,R,A,T,G,G,P,L,K,N,M,A,L,F,T,R,Q,R,L,S,V,Q,P,L,T,-,-,-,-,-,-,-,-,-,-,-,-,-,-,-,-
Phocoena_sinus,A,R,K,R,A,G,A,A,K,G,P,G,G,K,R,T,N,T,E,D,P,G,E,A,S,A,K,V,E,N,S,S,L,Q,E,T,S,A,S,R,D,C,G,K,N,L,S,S,Y,W,L,M,K,S,E,P,E,S,R,L,E,K,G,V,D,V,K,F,S,I,E,D,L,R,A,Q,P,K,Q,T,A,C,W,D,G,V,R,N,Y,A,R,N,F,L,R,A,M,K,L,E,E,E,A,F,F,Y,H,S,N,C,R,E,P,G,I,A,G,L,M,K,I,V,K,E,A,Y,P,D,H,T,Q,F,E,K,N,N,P,H,Y,D,P,S,S,K,E,D,N,P,K,W,S,M,V,D,V,Q,F,V,R,M,M,K,R,F,I,P,L,A,E,L,K,T,H,H,Q,A,H,R,A,T,G,G,P,L,K,N,M,A,L,F,T,R,Q,R,L,S,V,Q,P,L,T,-,-,-,-,-,-,-,-,-,-,-,-,-,-,-,-
Physeter_catodon,V,R,K,R,A,G,A,A,K,G,P,K,G,K,R,T,K,T,D,N,Q,G,E,A,S,A,K,V,E,N,S,S,L,Q,E,T,S,A,S,K,D,C,G,K,N,L,S,S,Y,W,L,M,K,S,E,P,E,S,R,L,E,K,G,I,D,V,K,F,S,I,E,D,L,K,A,Q,P,K,Q,T,A,C,W,D,G,V,R,N,Y,A,R,N,F,L,R,A,M,K,L,E,E,E,A,F,F,Y,H,S,N,C,R,E,P,G,I,A,G,L,M,K,I,V,K,E,A,Y,P,D,H,T,Q,F,E,K,N,S,P,H,Y,D,P,S,S,K,E,D,N,P,K,W,S,M,V,D,V,Q,F,V,R,M,M,K,R,F,I,P,L,A,E,L,K,T,Y,H,Q,A,H,R,A,T,G,G,P,L,K,N,M,A,L,F,T,R,Q,R,L,S,V,Q,P,L,T,Q,-,-,-,-,-,-,-,-,-,-,-,-,-,-,-
Tursiops_truncatus,A,R,K,R,A,G,A,A,K,G,P,G,G,K,R,T,K,T,E,D,P,G,E,A,S,A,K,V,E,N,S,S,L,Q,E,T,S,A,S,R,D,C,G,K,N,L,S,S,Y,W,L,M,K,S,E,P,E,S,R,L,E,K,G,V,D,V,K,F,S,I,E,D,L,R,A,Q,P,K,Q,T,A,C,W,D,G,V,R,N,Y,A,R,N,F,L,R,A,M,K,L,E,E,E,A,F,F,Y,H,S,N,C,R,E,P,G,I,A,G,L,M,K,I,V,K,E,A,Y,P,D,H,T,Q,F,E,K,N,N,P,H,Y,D,P,S,S,K,E,D,N,P,K,W,S,M,V,D,V,Q,F,V,R,M,M,K,R,F,I,P,L,A,E,L,K,T,H,H,Q,A,H,R,A,T,G,G,P,L,K,N,M,A,L,F,T,R,Q,R,L,S,V,Q,P,L,T,-,-,-,-,-,-,-,-,-,-,-,-,-,-,-,-
Acinonyx_jubatus,P,R,K,R,A,G,S,A,K,G,P,A,G,K,R,T,K,T,K,N,P,V,G,A,S,A,Q,V,V,N,S,S,P,Q,K,T,S,A,S,K,T,C,G,K,N,L,S,S,Y,W,L,M,K,S,E,A,E,S,R,L,E,K,G,V,D,V,K,F,S,I,E,D,L,K,A,Q,P,K,Q,T,A,C,W,D,G,V,R,N,Y,A,R,N,F,L,R,A,M,K,L,E,Q,E,A,F,F,Y,H,S,N,C,K,E,P,G,I,A,G,L,V,K,I,V,K,E,A,Y,P,D,H,T,Q,F,E,K,N,N,P,H,Y,D,P,S,S,K,E,D,N,P,K,W,S,M,V,D,V,Q,F,V,R,M,M,K,R,F,I,T,L,A,E,L,K,T,H,H,Q,A,H,K,A,T,G,G,P,L,K,N,M,A,L,F,S,R,Q,R,L,S,I,Q,P,L,T,Q,E,E,F,D,F,I,L,S,L,E,E,K,E,P,S
Acomys_russatus,P,R,K,R,T,A,P,A,K,E,L,S,E,K,R,A,K,T,E,N,S,E,A,T,S,V,K,L,E,S,T,S,P,Q,K,T,S,A,S,N,N,C,G,K,N,V,S,N,Y,W,L,M,K,S,E,P,E,S,R,L,E,K,G,V,D,V,K,F,S,I,E,D,L,K,A,Q,P,K,Q,T,A,C,W,D,G,V,R,N,Y,A,R,N,F,L,R,A,M,K,L,E,E,K,A,F,F,Y,H,S,N,C,K,Q,P,G,I,A,G,L,M,K,I,V,K,E,A,Y,P,D,H,T,Q,F,E,K,N,N,P,H,Y,D,P,S,S,K,E,D,N,P,K,W,S,M,V,D,V,Q,F,V,R,M,M,K,R,F,I,S,L,D,E,L,K,A,H,H,Q,A,H,K,A,T,G,G,P,L,K,T,M,T,L,F,T,R,Q,R,L,S,V,Q,P,L,T,Q,E,E,F,D,F,I,L,S,L,E,E,T,E,P,S
Arvicanthis_niloticus,P,R,K,R,A,G,A,A,K,K,L,S,G,K,R,T,K,T,E,N,S,-,-,-,-,-,-,-,E,N,S,S,P,E,K,T,T,T,F,K,N,G,G,-,-,-,-,N,Y,W,L,M,K,S,E,P,E,S,R,L,E,N,G,I,D,M,K,F,S,I,E,D,L,K,A,Q,P,K,Q,T,A,C,W,D,G,V,R,N,Y,A,R,N,F,L,R,A,M,K,L,E,D,E,A,F,F,Y,H,S,N,C,K,Q,P,G,I,V,G,L,M,K,I,V,K,E,A,Y,P,D,H,T,Q,F,E,K,S,N,P,H,Y,D,P,S,S,K,E,D,N,P,K,W,S,M,V,D,V,Q,F,V,R,M,M,K,R,F,I,S,L,E,E,L,K,T,Y,H,Q,T,H,K,V,T,G,G,P,L,Q,S,M,T,L,F,T,R,Q,R,L,S,V,Q,R,L,T,Q,-,-,-,-,-,-,-,-,-,-,-,-,-,-,-
Bison_bison_bison,-,-,-,-,-,-,-,-,K,G,P,E,E,K,R,T,K,T,K,N,L,G,R,A,S,A,Q,V,E,N,S,S,L,Q,K,T,-,-,-,-,-,S,G,E,A,L,S,S,Y,W,L,M,K,S,E,P,E,S,R,L,E,K,G,V,D,V,K,F,S,I,E,D,L,Q,A,Q,P,R,Q,T,T,C,W,D,G,V,R,N,Y,A,R,N,F,L,R,A,M,R,L,D,E,E,A,F,F,Y,H,S,N,C,R,E,P,G,I,A,G,L,V,K,I,V,K,E,A,Y,P,D,H,T,Q,F,E,K,N,N,P,H,Y,D,A,S,S,K,E,D,N,P,K,W,S,M,V,D,V,Q,F,V,R,T,M,K,R,F,I,P,L,A,E,L,R,A,H,H,Q,A,H,R,A,S,G,G,P,L,K,N,M,A,L,F,T,H,Q,R,L,S,V,Q,R,L,T,R,E,E,F,D,F,I,L,S,L,E,E,K,E,P,S
Bos_indicus,A,R,R,R,-,-,-,-,K,G,P,E,E,K,R,T,K,T,K,N,L,G,R,A,S,A,Q,V,E,N,S,S,L,Q,K,T,P,V,S,E,D,S,G,E,A,L,S,S,Y,W,L,M,K,S,E,P,E,S,R,L,E,K,G,V,D,V,K,F,S,I,E,D,L,Q,A,Q,P,R,Q,T,T,C,W,D,G,V,R,N,Y,A,R,N,F,L,R,A,M,R,L,D,E,E,A,F,F,Y,H,S,N,C,R,E,P,G,I,A,G,L,V,K,I,V,K,E,A,Y,P,D,H,T,Q,F,E,K,N,N,P,H,Y,D,A,S,S,K,E,D,N,P,K,W,S,M,V,D,V,Q,F,V,R,T,M,K,R,F,I,P,L,A,E,L,R,A,H,H,Q,A,H,R,A,S,G,G,P,L,K,N,M,A,L,F,T,H,Q,R,L,S,V,Q,R,L,T,R,E,E,F,D,F,I,L,S,L,E,E,K,E,P,S
Bos_mutus,-,-,-,-,-,-,-,-,K,G,P,E,E,K,R,T,K,T,K,N,L,G,R,A,S,A,Q,V,E,N,S,S,L,Q,K,T,-,-,-,-,-,S,G,E,A,L,S,S,Y,W,L,M,K,S,E,P,E,S,R,L,E,K,G,V,D,V,K,F,S,I,E,D,L,Q,A,Q,P,R,Q,T,T,C,W,D,G,V,R,N,Y,A,R,N,F,L,R,A,M,R,L,D,E,E,A,F,F,Y,H,S,N,C,R,E,P,G,I,A,G,L,V,K,I,V,K,E,A,Y,P,D,H,T,Q,F,E,K,N,N,P,H,Y,D,A,S,S,K,E,D,N,P,K,W,S,M,V,D,V,Q,F,V,R,T,M,K,R,F,I,P,L,A,E,L,R,A,H,H,Q,A,H,R,A,S,G,G,P,L,K,N,M,A,L,F,T,H,Q,R,L,S,V,Q,R,L,T,-,-,-,-,-,-,-,-,-,-,-,-,-,-,-,-
Bos_taurus,-,-,-,-,-,-,-,-,K,G,P,E,E,K,R,T,K,T,K,N,L,G,R,A,S,A,Q,V,E,N,S,S,L,Q,K,T,P,V,S,E,D,S,G,E,A,L,S,S,Y,W,L,M,K,S,E,P,E,S,R,L,E,K,G,V,D,V,K,F,S,I,E,D,L,Q,A,Q,P,R,Q,T,T,C,W,D,G,V,R,N,Y,A,R,N,F,L,R,A,M,R,L,D,E,E,A,F,F,Y,H,S,N,C,R,E,P,G,I,A,G,L,V,K,I,V,K,E,A,Y,P,D,H,T,Q,F,E,K,N,N,P,Y,Y,D,A,S,S,K,E,D,N,P,K,W,S,M,V,D,V,Q,F,V,R,T,M,K,R,F,I,P,L,A,E,L,R,A,H,H,Q,A,H,R,A,S,G,G,P,L,K,N,M,A,L,F,T,H,Q,R,L,S,V,Q,R,L,T,-,-,E,F,D,F,I,L,S,L,E,E,K,E,P,S
Bubalus_bubalis,-,-,-,-,-,-,-,-,K,G,P,E,E,K,R,T,K,T,K,N,L,G,G,A,S,A,Q,V,E,N,C,S,L,Q,K,T,-,-,-,-,-,S,G,E,A,L,S,S,Y,W,L,M,K,S,E,P,E,S,R,L,E,K,G,V,D,V,K,F,S,I,E,D,L,Q,A,Q,P,R,Q,T,T,C,W,D,G,V,R,N,Y,A,R,N,F,L,R,A,M,R,L,D,E,E,A,F,F,Y,H,S,N,C,R,E,P,G,I,A,G,L,V,K,I,V,K,E,A,Y,P,D,H,T,Q,F,E,R,N,N,P,H,Y,D,S,S,S,K,E,D,N,P,K,W,S,M,V,D,V,Q,F,V,R,T,M,K,R,F,I,P,L,A,E,L,R,A,H,H,Q,A,H,K,A,S,G,G,P,L,K,N,M,A,L,F,T,H,Q,R,L,S,V,Q,R,L,T,R,E,E,F,D,F,I,L,S,L,E,E,K,E,P,S
Budorcas_taxicolor,A,R,R,R,-,-,-,-,K,G,P,E,G,K,R,S,K,T,K,S,L,G,G,A,S,A,Q,V,E,S,S,S,L,Q,R,T,P,A,S,E,D,G,G,E,A,L,G,S,Y,W,L,M,K,S,E,P,E,S,R,L,E,K,G,V,D,V,K,F,S,I,E,D,L,Q,A,Q,P,R,Q,T,T,C,W,D,G,V,R,N,Y,A,R,N,F,L,R,A,M,R,L,D,E,E,A,F,F,Y,H,S,N,C,R,A,P,G,I,A,G,L,V,K,I,V,K,E,A,Y,P,D,H,T,Q,F,E,K,N,N,P,H,Y,D,S,S,S,K,E,D,N,P,K,W,S,M,V,D,V,Q,F,V,R,M,M,K,R,F,I,P,L,A,E,L,R,A,H,H,Q,A,H,K,A,S,G,G,P,L,K,N,M,A,L,F,T,H,Q,R,L,S,V,Q,R,L,T,R,E,E,F,D,F,I,L,S,L,E,E,K,E,P,S
Callithrix_jacchus,P,R,K,R,S,E,T,S,K,G,L,S,G,K,R,T,K,T,G,D,S,G,E,A,L,D,K,V,E,D,S,N,P,Q,K,T,S,A,T,K,H,C,V,N,N,L,S,S,H,W,L,M,K,S,E,P,E,S,R,L,E,K,G,V,D,V,K,F,S,I,E,D,L,K,A,Q,P,K,Q,T,T,C,W,D,G,V,R,N,Y,A,R,N,F,L,R,A,M,K,L,G,E,E,A,F,F,Y,H,S,N,C,K,E,P,G,I,A,G,L,M,K,I,V,K,E,A,Y,P,D,H,T,Q,F,E,K,N,D,P,H,Y,D,P,S,S,K,E,D,N,P,K,W,S,M,V,D,V,Q,F,V,R,M,M,K,R,F,I,P,L,A,E,L,K,S,Y,H,Q,A,H,K,A,S,G,G,P,L,K,N,M,A,L,F,T,R,Q,R,L,S,I,Q,P,L,T,Q,E,E,F,D,F,I,L,S,L,E,K,K,E,A,S
Camelus_bactrianus,-,-,-,-,A,G,A,A,K,G,P,E,G,K,R,A,K,T,E,A,P,G,E,A,L,A,K,V,E,N,S,S,L,Q,K,T,S,A,S,K,D,C,G,E,N,L,S,R,Y,W,L,M,K,S,E,P,E,S,R,L,E,K,G,V,D,V,K,F,S,I,E,D,L,K,A,Q,P,E,Q,T,A,C,W,D,G,V,R,N,Y,A,R,N,F,L,R,A,M,K,L,E,E,A,A,F,F,Y,H,S,N,C,R,E,P,G,I,A,G,L,M,K,I,V,K,E,A,Y,P,D,H,T,Q,F,E,K,N,S,P,H,Y,D,P,S,S,K,E,D,N,P,K,W,S,M,V,D,V,Q,F,V,R,M,M,K,R,F,I,P,L,A,E,L,R,T,H,H,Q,A,H,R,A,T,G,G,P,L,K,N,M,A,L,F,T,R,Q,R,L,S,V,Q,P,L,T,R,E,E,F,D,F,I,L,S,L,E,E,E,E,P,T
Camelus_dromedarius,P,R,K,R,A,G,A,A,K,G,P,E,G,K,R,A,K,T,E,A,P,G,E,A,L,A,K,V,E,N,S,S,L,Q,K,T,S,A,S,K,D,C,G,E,N,L,S,R,Y,W,L,M,K,S,E,P,E,S,R,L,E,K,G,V,D,V,K,F,S,I,E,D,L,K,A,Q,P,E,Q,T,A,C,W,D,G,V,R,N,Y,A,R,N,F,L,R,A,M,K,L,E,E,A,A,F,F,Y,H,S,N,C,R,E,P,G,I,A,G,L,M,K,I,V,K,E,A,Y,P,D,H,T,Q,F,E,K,N,S,P,H,Y,D,P,S,S,K,E,D,N,P,K,W,S,M,V,D,V,Q,F,V,R,M,M,K,R,F,I,P,L,A,E,L,R,T,H,H,Q,A,H,R,A,T,G,G,P,L,K,N,M,A,L,F,T,R,Q,R,L,S,V,Q,P,L,T,R,E,E,F,D,F,I,L,S,L,E,E,E,E,P,T
Camelus_ferus,P,R,K,R,A,G,A,A,K,G,P,E,G,K,R,A,K,T,E,A,P,G,E,A,L,A,K,V,E,N,S,S,L,Q,K,T,S,A,S,K,D,C,G,E,N,L,S,R,Y,W,L,M,K,S,E,P,E,S,R,L,E,K,G,V,D,V,K,F,S,I,E,D,L,K,A,Q,P,E,Q,T,A,C,W,D,G,V,R,N,Y,A,R,N,F,L,R,A,M,K,L,E,E,A,A,F,F,Y,H,S,N,C,R,E,P,G,I,A,G,L,M,K,I,V,K,E,A,Y,P,D,H,T,Q,F,E,K,N,S,P,H,Y,D,P,S,S,K,E,D,N,P,K,W,S,M,V,D,V,Q,F,V,R,M,M,K,R,F,I,P,L,A,E,L,R,T,H,H,Q,A,H,R,A,T,G,G,P,L,K,N,M,A,L,F,T,R,Q,R,L,S,V,Q,P,L,T,R,E,E,F,D,F,I,L,S,L,E,E,E,E,P,T
Capra_hircus,A,R,R,R,-,-,-,-,K,G,P,E,G,K,R,S,K,T,K,N,L,G,G,A,S,A,Q,V,E,S,S,S,L,Q,R,T,P,A,S,E,D,G,G,E,A,L,G,S,Y,W,L,M,K,S,E,P,E,S,R,L,E,K,G,V,D,V,K,F,S,I,E,D,L,Q,A,Q,P,R,Q,T,T,C,W,D,G,V,R,N,Y,A,R,N,F,L,R,A,M,R,L,D,E,E,A,F,F,Y,H,S,N,C,R,A,P,G,I,A,G,L,V,K,I,V,K,E,A,Y,P,D,H,T,Q,F,E,K,N,S,P,H,Y,D,S,S,S,K,E,D,N,P,K,W,S,M,V,D,V,Q,F,V,R,M,M,K,R,F,I,P,L,A,E,L,R,A,H,H,Q,A,H,K,A,S,G,G,P,L,K,N,M,A,L,F,T,H,Q,R,L,S,V,Q,R,L,T,R,E,E,F,D,F,I,L,S,L,E,E,K,E,P,S
Cebus_imitator,P,R,K,R,S,E,T,S,K,G,L,S,G,K,R,T,K,T,G,N,S,G,E,A,L,D,Q,V,E,D,S,N,P,Q,T,T,S,A,T,K,H,C,V,K,N,L,S,S,H,W,L,M,K,S,E,P,E,S,R,L,E,K,G,V,D,V,K,F,S,I,E,D,L,K,A,Q,P,K,Q,T,T,C,W,D,G,V,R,N,Y,A,R,N,F,L,R,A,M,K,L,G,E,E,A,F,F,Y,H,S,N,C,K,E,P,G,I,A,G,L,M,K,I,V,K,E,A,Y,P,D,H,T,Q,F,E,K,N,D,P,H,Y,D,P,S,S,K,E,D,N,P,K,W,S,M,V,D,V,Q,F,V,R,M,M,K,R,F,I,P,L,A,E,L,K,S,Y,H,Q,A,H,K,A,S,G,G,P,L,K,N,M,V,L,F,T,R,Q,R,L,S,I,Q,P,L,T,Q,E,E,F,D,F,I,L,S,L,E,K,K,E,P,S
Ceratotherium_simum_simum,P,Q,K,R,P,G,A,A,E,G,P,A,G,K,H,T,K,T,K,N,P,G,E,A,S,A,K,V,K,N,S,S,P,Q,K,T,S,A,F,K,T,C,E,K,N,L,S,S,Y,W,L,M,K,S,E,P,E,S,R,L,E,K,G,V,D,V,K,F,S,I,E,D,L,K,A,E,P,K,Q,T,A,C,W,D,G,V,R,N,Y,A,R,N,F,L,R,A,M,K,L,E,E,E,A,F,F,Y,H,S,N,C,K,E,P,G,I,A,G,L,M,K,I,V,K,E,A,Y,P,D,H,T,Q,F,E,K,N,N,P,H,Y,D,P,S,S,K,E,D,N,P,K,W,S,M,V,D,V,Q,F,V,R,M,M,K,R,F,I,S,L,A,E,L,K,T,H,H,Q,A,H,K,A,T,G,G,P,L,K,N,M,A,L,F,T,R,Q,R,L,S,I,Q,P,V,T,Q,E,E,F,D,F,I,L,S,L,E,E,E,E,P,S
Cercocebus_atys,P,R,K,R,A,G,T,S,K,G,L,S,G,K,R,T,K,T,E,H,-,-,-,-,S,A,E,V,E,D,S,N,P,Q,K,T,S,A,T,K,N,C,V,K,N,L,S,S,H,W,L,M,K,S,E,P,E,S,R,L,E,K,G,V,D,V,K,F,S,I,E,D,L,K,A,Q,P,K,Q,T,T,C,W,D,G,V,R,N,Y,A,R,N,F,L,R,A,M,K,L,G,E,E,A,F,F,Y,H,S,-,-,-,-,P,G,I,A,G,L,M,K,I,V,F,F,F,Y,P,D,H,T,Q,F,E,K,N,N,P,H,Y,D,P,S,S,K,E,D,N,P,K,W,S,M,-,-,-,-,-,-,-,-,-,-,-,-,-,-,-,-,-,-,-,-,-,-,-,-,-,-,-,-,-,-,-,-,-,-,-,-,-,-,-,-,-,-,-,-,-,-,-,-,-,-,-,-,-,-,-,-,-,-,-,-,-,-,-,-,-
Cervus_canadensis,A,R,R,R,-,-,-,-,K,G,P,E,G,K,R,T,K,T,K,N,L,G,G,A,S,A,Q,V,E,N,S,S,L,Q,K,T,P,A,S,E,D,G,G,E,T,L,S,S,Y,W,L,M,K,S,E,P,E,S,R,L,E,K,G,V,D,V,K,F,S,I,E,D,L,Q,A,Q,P,R,Q,T,T,C,W,D,G,V,R,N,Y,A,R,N,F,L,R,A,M,R,L,D,E,E,A,F,F,Y,H,S,N,C,R,E,P,G,I,A,G,L,M,K,I,V,K,E,A,Y,P,D,H,T,Q,F,E,K,N,S,P,H,Y,D,S,S,S,K,E,D,N,P,K,W,S,M,V,D,V,Q,F,V,R,M,M,R,R,F,I,P,L,A,E,L,R,A,H,H,E,A,H,K,A,S,G,G,P,L,K,N,M,A,L,F,T,R,Q,R,L,S,V,Q,R,L,T,R,E,E,F,D,F,I,L,S,L,E,E,K,E,P,S
Chlorocebus_sabaeus,P,R,K,R,A,G,T,S,K,G,L,S,G,K,R,T,K,T,E,N,S,G,E,A,L,A,E,V,E,D,S,N,P,Q,K,T,S,A,T,K,N,C,V,K,N,L,S,S,H,W,L,M,K,S,E,P,E,S,R,L,E,K,G,V,D,V,K,F,S,I,E,D,L,K,A,Q,P,R,Q,T,T,C,W,D,G,V,R,N,Y,A,R,N,F,L,R,A,M,K,L,G,E,E,A,F,F,Y,H,S,N,C,K,E,P,G,I,A,G,L,M,K,I,V,K,E,A,Y,P,D,H,T,Q,F,E,K,N,N,P,H,Y,D,P,S,S,K,E,D,N,P,K,W,S,M,V,D,V,Q,F,V,R,M,M,K,R,F,I,P,L,A,E,L,K,S,Y,H,Q,A,H,K,A,T,G,G,P,L,K,N,M,T,L,F,S,R,Q,R,L,S,I,Q,P,L,T,Q,E,E,F,D,F,V,L,S,L,E,E,K,E,P,S
Colobus_angolensis_palliatus,P,R,K,R,A,G,T,S,K,G,L,S,G,K,C,T,K,T,E,N,S,G,E,A,L,A,K,V,E,D,S,N,P,Q,K,T,S,A,T,K,N,C,V,K,N,L,S,S,H,W,L,M,K,S,E,P,E,S,R,L,E,K,G,V,D,V,K,F,S,I,E,D,L,K,A,Q,P,K,Q,T,T,C,W,D,G,V,R,N,Y,A,R,N,F,L,R,A,M,K,L,G,E,Q,A,F,F,Y,H,S,N,C,K,E,P,G,I,A,G,L,M,K,I,V,K,E,A,Y,P,D,H,T,Q,F,E,K,N,N,P,H,Y,D,P,S,S,K,E,D,N,P,K,W,S,M,V,D,V,Q,F,V,R,M,M,K,R,F,I,P,L,A,E,L,K,S,Y,H,Q,A,H,K,A,T,G,G,P,L,K,N,M,V,L,F,S,R,Q,R,L,S,I,Q,P,L,T,Q,-,-,-,-,-,-,-,-,-,-,-,-,-,-,-
Condylura_cristata,P,R,K,R,A,G,A,A,K,G,P,A,G,K,R,T,K,A,K,S,I,G,E,A,S,A,K,V,E,N,A,S,P,Q,K,I,A,A,S,E,N,D,E,K,S,L,S,S,Y,W,L,M,K,S,E,P,E,S,R,I,E,K,G,V,D,V,K,F,S,I,E,D,L,K,A,Q,P,R,Q,T,A,C,W,D,G,V,R,N,Y,A,R,N,F,L,R,A,M,R,L,E,E,K,A,F,F,Y,H,S,N,C,K,E,P,G,I,A,G,L,M,K,I,V,K,E,A,Y,P,D,H,T,Q,F,E,K,N,N,P,H,Y,D,P,S,S,K,E,D,N,P,K,W,S,M,V,D,V,Q,F,V,R,M,M,K,R,F,I,P,L,A,E,L,K,T,Y,H,Q,A,H,K,A,S,G,G,P,L,K,S,M,A,L,F,T,R,Q,R,L,S,I,Q,P,L,T,Q,E,E,F,D,F,V,L,S,L,E,E,K,E,P,S
Elephas_maximus_indicus,S,Q,K,R,T,G,A,A,K,G,P,S,G,K,R,T,K,T,G,N,P,D,G,A,S,A,K,M,E,N,S,S,P,Q,K,T,S,A,S,K,N,C,G,K,N,S,S,S,H,W,L,M,K,S,E,P,E,S,R,L,E,K,G,V,D,V,K,F,G,I,E,D,L,K,A,Q,P,N,Q,T,T,C,W,D,G,V,R,N,Y,A,R,N,F,L,R,A,M,K,L,E,E,E,A,F,F,Y,H,S,N,C,K,D,P,G,I,A,G,L,M,K,I,V,K,E,A,Y,P,D,H,T,Q,F,E,K,N,S,P,H,Y,D,P,S,S,K,K,D,N,P,K,W,S,M,V,D,V,Q,F,V,R,M,M,K,R,F,I,P,L,A,E,L,K,T,H,H,Q,A,H,K,A,T,G,G,P,L,K,D,M,V,L,F,T,R,Q,R,L,S,V,Q,P,L,T,Q,-,-,-,-,-,-,-,-,-,-,-,-,-,-,-
Enhydra_lutris_kenyoni,P,R,K,R,S,G,A,A,K,G,P,A,G,K,R,T,K,T,K,N,P,A,G,A,L,A,A,M,G,N,S,S,P,E,K,T,S,A,S,K,N,C,G,K,N,L,S,S,Y,W,L,M,K,S,E,P,E,S,R,L,E,K,G,V,D,V,K,F,S,I,E,D,L,K,A,E,P,K,Q,T,A,C,W,D,G,V,R,N,Y,A,R,N,F,L,R,A,M,K,L,E,Q,E,A,F,F,Y,H,S,N,C,K,E,P,G,I,A,G,L,V,K,I,V,K,E,A,Y,P,D,H,T,Q,F,E,K,N,S,P,Y,Y,D,P,S,S,K,E,D,N,P,K,W,S,M,V,D,V,Q,F,V,R,M,M,K,R,Y,I,T,L,A,E,L,K,T,H,H,Q,A,H,K,T,T,G,G,P,L,K,D,M,A,L,F,T,R,Q,R,L,S,V,Q,P,L,T,P,-,-,-,-,-,-,-,-,-,-,-,-,-,-,-
Equus_asinus,P,R,K,R,P,G,A,A,E,G,P,A,G,K,R,T,Q,T,K,N,P,G,E,A,S,A,K,V,E,N,S,S,P,Q,K,T,S,A,S,K,N,C,A,K,N,L,S,S,Y,W,L,M,K,S,E,P,E,S,R,L,A,K,G,V,D,V,K,F,S,I,E,D,L,K,A,Q,P,K,Q,T,A,C,W,D,G,V,R,N,Y,A,R,N,F,L,R,A,M,K,L,E,E,E,A,F,F,Y,H,S,N,C,K,E,P,G,I,A,G,L,M,K,I,V,K,E,A,Y,P,D,H,T,Q,F,E,K,N,N,P,H,Y,D,P,S,S,K,E,D,N,P,K,W,S,M,V,D,V,Q,F,V,R,M,M,K,R,F,I,S,L,A,E,L,K,T,H,H,Q,A,H,K,A,T,G,G,P,L,K,N,M,V,L,F,T,R,Q,R,L,S,I,Q,P,V,T,Q,E,E,F,D,F,I,L,S,L,E,E,E,E,P,S
Equus_przewalskii,P,R,K,R,P,G,A,A,E,G,P,A,G,K,R,T,Q,T,K,N,P,G,E,A,S,A,K,V,E,N,S,S,P,Q,K,T,S,A,S,K,N,C,A,K,N,L,S,S,Y,W,L,M,K,S,E,P,E,S,R,L,A,K,G,V,D,V,K,F,S,I,E,D,L,K,A,Q,P,K,Q,T,A,C,W,D,G,V,R,N,Y,A,R,N,F,L,R,A,M,K,L,E,E,E,A,F,F,Y,H,S,N,C,K,E,P,G,I,A,G,L,M,K,I,V,K,E,A,Y,P,D,H,T,Q,F,E,K,N,N,P,H,Y,D,P,S,S,K,E,D,N,P,K,W,S,M,V,D,V,Q,F,V,R,M,M,K,R,F,I,S,L,A,E,L,K,T,H,H,Q,A,H,K,A,T,G,G,P,L,K,N,M,V,L,F,T,R,Q,R,L,S,I,Q,P,V,T,Q,E,E,F,D,F,I,L,S,L,E,E,E,E,P,S
Equus_quagga,P,R,K,R,P,G,A,A,E,G,P,A,G,K,R,T,Q,T,K,N,P,G,E,A,S,A,K,V,E,N,S,S,P,Q,K,T,S,A,S,K,N,C,A,K,N,L,S,S,Y,W,L,M,K,S,E,P,E,S,R,L,A,K,G,V,D,V,K,F,S,I,E,D,L,K,A,Q,P,K,Q,T,A,C,W,D,G,V,R,N,Y,A,R,N,F,L,R,A,M,K,L,E,E,E,A,F,F,Y,H,S,N,C,K,E,P,G,I,A,G,L,M,K,I,V,K,E,A,Y,P,D,H,T,Q,F,E,K,N,N,P,H,Y,D,P,S,S,K,E,D,N,P,K,W,S,M,V,D,V,Q,F,V,R,M,M,K,R,F,I,S,L,A,E,L,K,T,H,H,Q,A,H,K,A,T,G,G,P,L,K,N,M,V,L,F,T,R,Q,R,L,S,I,Q,P,V,T,Q,E,E,F,D,F,I,L,S,L,E,E,E,E,P,S
Gorilla_gorilla_gorilla,P,R,K,R,A,G,T,S,K,G,L,S,G,K,H,T,K,T,E,N,S,G,E,A,L,A,K,V,E,D,S,N,P,Q,K,T,S,A,T,K,N,C,L,K,N,L,S,S,H,W,L,M,K,S,E,P,E,S,R,L,E,K,G,V,D,V,K,F,S,I,E,D,L,K,A,Q,P,K,Q,T,T,C,W,D,G,V,R,N,Y,A,R,N,F,L,R,A,M,K,L,G,E,E,A,F,F,Y,H,S,N,C,K,E,P,G,I,A,G,L,M,K,I,V,K,E,A,Y,P,D,H,T,Q,F,E,K,N,N,P,H,Y,D,P,S,S,K,E,D,N,P,K,W,S,M,V,D,V,Q,F,V,R,M,M,K,R,F,I,P,L,A,E,L,K,S,Y,H,Q,A,H,K,A,T,G,G,P,L,K,N,M,V,L,F,T,R,Q,R,L,S,I,Q,P,L,T,Q,E,E,F,D,F,V,L,S,L,E,E,K,E,P,S
Halichoerus_grypus,P,R,K,R,A,G,A,A,K,G,P,A,G,K,R,T,K,T,K,N,P,V,G,T,S,A,T,M,G,N,S,S,P,E,K,T,S,A,S,K,N,C,G,K,N,L,S,S,Y,W,L,M,K,S,E,P,E,S,R,L,E,K,G,V,D,V,K,F,S,I,E,D,L,Q,A,Q,P,K,Q,T,A,C,W,D,G,V,R,N,Y,A,R,N,F,L,R,A,M,Q,L,E,Q,E,A,F,F,Y,H,S,N,C,K,E,P,G,I,A,G,L,V,K,I,V,K,E,A,Y,P,D,H,T,Q,F,E,K,N,S,P,H,Y,D,P,S,S,K,E,D,N,P,K,W,S,M,V,D,V,Q,F,V,R,M,M,K,R,Y,I,T,L,A,E,L,K,T,H,Y,Q,A,H,K,T,T,G,G,P,L,K,N,M,A,L,F,T,R,Q,R,L,S,I,Q,P,L,T,P,E,E,F,D,F,I,L,S,L,E,E,K,E,P,S
Homo_sapiens,P,R,K,R,A,G,T,S,K,G,L,S,G,K,R,T,K,T,E,N,S,G,E,A,L,A,K,V,E,D,S,N,P,Q,K,T,S,A,T,K,N,C,L,K,N,L,S,S,H,W,L,M,K,S,E,P,E,S,R,L,E,K,G,V,D,V,K,F,S,I,E,D,L,K,A,Q,P,K,Q,T,T,C,W,D,G,V,R,N,Y,A,R,N,F,L,R,A,M,K,L,G,E,E,A,F,F,Y,H,S,N,C,K,E,P,G,I,A,G,L,M,K,I,V,K,E,A,Y,P,D,H,T,Q,F,E,K,N,N,P,H,Y,D,P,S,S,K,E,D,N,P,K,W,S,M,V,D,V,Q,F,V,R,M,M,K,R,F,I,P,L,A,E,L,K,S,Y,H,Q,A,H,K,A,T,G,G,P,L,K,N,M,V,L,F,T,R,Q,R,L,S,I,Q,P,L,T,Q,E,E,F,D,F,V,L,S,L,E,E,K,E,P,S
Hylobates_moloch,P,R,K,R,A,G,T,S,K,G,L,S,G,K,R,T,K,T,E,N,S,G,E,A,L,A,K,V,E,D,S,N,P,Q,K,T,S,A,T,K,T,C,S,K,N,L,S,S,H,W,L,M,K,S,E,P,E,S,R,L,E,K,G,V,D,V,K,F,S,I,E,D,L,K,A,Q,P,K,Q,T,T,C,W,D,G,V,R,N,Y,A,R,N,F,L,R,A,M,K,L,G,E,E,A,F,F,Y,H,S,N,C,K,E,P,G,I,A,G,L,M,K,I,V,K,E,A,Y,P,D,H,T,Q,F,E,K,N,N,P,H,Y,D,P,S,S,K,E,D,N,P,K,W,S,M,V,D,V,Q,F,V,R,M,M,K,R,F,I,P,L,A,E,L,K,S,Y,H,Q,A,H,K,A,T,G,G,P,L,K,N,M,V,L,F,T,R,Q,R,L,S,V,Q,P,L,T,Q,E,E,F,D,F,V,L,G,L,E,E,K,E,P,S
Ictidomys_tridecemlineatus,P,R,K,R,T,G,A,A,K,G,Q,S,E,K,R,T,K,F,E,N,S,G,E,A,S,A,K,V,E,N,S,S,P,Q,N,T,S,V,F,K,N,C,G,K,K,L,S,N,Y,W,L,M,K,S,E,P,E,S,R,L,D,K,G,I,D,V,K,F,S,I,E,D,L,K,A,Q,P,M,Q,T,A,C,W,D,G,V,R,N,Y,A,R,N,F,L,R,A,M,K,L,E,E,E,A,F,F,Y,H,S,N,C,K,E,P,G,I,V,G,L,M,K,I,V,K,E,A,Y,P,D,H,T,Q,F,E,K,N,S,P,H,Y,D,P,S,S,K,E,D,N,P,K,W,S,M,-,-,-,-,-,-,-,-,-,-,-,-,-,-,-,-,-,-,-,-,-,-,-,-,-,-,-,-,-,-,-,-,-,-,-,-,-,-,-,-,-,-,-,-,-,-,-,-,-,-,-,-,-,-,-,-,-,-,-,-,-,-,-,-,-
Leopardus_geoffroyi,P,R,K,R,A,G,S,A,K,G,P,A,G,K,R,T,K,T,K,N,P,V,G,T,S,A,Q,V,V,N,S,S,P,Q,K,T,S,A,S,K,T,C,G,K,N,L,S,S,Y,W,L,M,K,S,E,A,E,S,R,L,E,K,G,V,D,V,K,F,S,I,E,D,L,K,A,Q,P,K,Q,T,A,C,W,D,G,V,R,N,Y,A,R,N,F,L,R,A,M,K,L,E,Q,E,A,F,F,Y,H,S,N,C,K,E,P,G,I,A,G,L,V,K,I,V,K,E,A,Y,P,D,H,T,Q,F,E,K,N,N,P,H,Y,D,P,S,S,K,E,D,N,P,K,W,S,M,V,D,V,Q,F,V,R,M,M,K,R,F,I,T,L,A,E,L,K,T,H,H,Q,A,H,K,A,T,G,G,P,L,K,N,M,A,L,F,S,R,Q,R,L,S,I,Q,P,L,T,Q,E,E,F,D,F,I,L,S,L,E,E,K,E,P,S
Loxodonta_africana,S,Q,K,R,T,G,A,A,K,G,P,S,G,K,R,T,K,T,G,N,P,D,G,A,S,A,K,M,E,N,S,S,P,Q,K,T,S,A,S,K,N,C,G,K,N,S,S,S,H,W,L,M,K,S,E,P,E,S,R,L,E,K,G,V,D,V,K,F,G,I,E,D,L,K,A,Q,P,N,Q,T,T,C,W,D,G,V,R,N,Y,A,R,N,F,L,R,A,M,K,L,E,E,E,A,F,F,Y,H,S,N,C,K,D,P,G,I,A,G,L,M,K,I,V,K,E,A,Y,P,D,H,T,Q,F,E,K,N,S,P,H,Y,D,P,S,S,K,K,D,N,P,K,W,S,M,V,D,V,Q,F,V,R,M,M,K,R,F,I,P,L,A,E,L,K,T,H,H,Q,A,H,K,A,T,G,G,P,L,K,D,M,A,L,F,T,R,Q,R,L,S,V,Q,P,L,T,Q,E,E,F,D,F,I,L,S,L,E,E,K,E,P,S
Macaca_fascicularis,P,R,K,R,A,G,T,S,K,G,L,S,G,K,R,T,K,T,E,N,S,G,E,A,L,A,E,V,E,D,S,N,P,Q,K,T,S,V,T,K,N,C,V,K,N,L,S,S,H,W,L,M,K,S,E,P,E,S,R,L,E,K,G,V,D,V,K,F,S,I,E,D,L,K,A,Q,P,K,Q,T,T,C,W,D,G,V,R,N,Y,A,R,N,F,L,R,A,M,K,L,G,E,E,A,F,F,Y,H,S,N,C,K,E,P,G,I,A,G,L,M,K,I,V,K,E,A,Y,P,D,H,T,Q,F,E,K,N,N,P,H,Y,D,P,S,S,K,E,D,N,P,K,W,S,M,V,D,V,Q,F,V,R,M,M,K,R,F,I,P,L,A,E,L,K,S,Y,H,Q,A,H,K,A,T,G,G,P,L,K,N,M,T,L,F,S,R,Q,R,L,S,I,Q,P,L,T,Q,E,E,F,D,F,V,L,S,L,E,E,K,E,P,S
Macaca_mulatta,P,R,K,R,A,G,T,S,K,G,L,S,G,K,R,T,K,T,E,N,S,G,E,A,L,A,E,V,E,D,S,N,P,Q,K,T,S,V,T,K,N,C,V,K,N,L,S,S,H,W,L,M,K,S,E,P,E,S,R,L,E,K,G,V,D,V,K,F,S,I,E,D,L,K,A,Q,P,K,Q,T,T,C,W,D,G,V,R,N,Y,A,R,N,F,L,R,A,M,K,L,G,E,E,A,F,F,Y,H,S,N,C,K,E,P,G,I,A,G,L,M,K,I,V,K,E,A,Y,P,D,H,T,Q,F,E,K,N,N,P,H,Y,D,P,S,S,K,E,D,N,P,K,W,C,M,V,D,V,Q,F,V,R,M,M,K,R,F,I,P,L,A,E,L,K,S,Y,H,Q,A,H,K,A,T,G,G,P,L,K,N,M,T,L,F,S,R,Q,R,L,S,I,Q,P,L,T,Q,E,E,F,D,F,V,L,S,L,E,E,K,E,P,S
Macaca_nemestrina,P,R,K,R,A,G,T,S,K,G,L,S,G,K,R,T,K,T,E,N,S,G,E,A,L,A,E,V,E,D,S,N,P,Q,K,T,S,A,T,K,N,C,V,K,N,L,S,S,H,W,L,M,K,S,E,P,E,S,R,L,E,K,G,V,D,V,K,F,S,I,E,D,L,K,A,Q,P,K,Q,T,T,C,W,D,G,V,R,N,Y,A,R,N,F,L,R,A,M,K,L,G,E,A,A,F,F,Y,H,S,N,C,K,E,P,G,I,A,G,L,M,K,I,V,K,E,A,Y,P,D,H,T,Q,F,E,K,N,N,P,H,Y,D,P,S,S,K,E,D,N,P,K,W,S,M,V,D,V,Q,F,V,R,M,M,K,R,F,I,P,L,A,E,L,K,S,Y,H,Q,A,H,K,A,T,G,G,P,L,K,N,M,T,L,F,S,R,Q,R,L,S,I,Q,P,L,T,Q,E,E,F,D,F,V,L,S,L,E,E,K,E,P,S
Macaca_thibetana_thibetana,P,R,K,R,A,G,T,S,K,G,L,S,G,K,R,T,K,T,E,N,S,G,E,A,L,A,E,V,E,D,S,N,P,Q,K,T,S,A,T,K,N,C,V,K,N,L,S,S,H,W,L,M,K,S,E,P,E,S,R,L,E,K,G,V,D,V,K,F,S,I,E,D,L,K,A,Q,P,K,Q,T,T,C,W,D,G,V,R,N,Y,A,R,N,F,L,R,A,M,K,L,G,E,E,A,F,F,Y,H,S,N,C,K,E,P,G,I,A,G,L,M,K,I,V,K,E,A,Y,P,D,H,T,Q,F,E,K,N,N,P,H,Y,D,P,S,S,K,E,D,N,P,K,W,S,M,V,D,V,Q,F,V,R,M,M,K,R,F,I,P,L,A,E,L,K,S,Y,H,Q,A,H,K,A,T,G,G,P,L,K,N,M,T,L,F,S,R,Q,R,L,S,I,Q,P,L,T,Q,E,E,F,D,F,V,L,S,L,E,E,K,E,P,S
Mandrillus_leucophaeus,P,R,K,R,A,G,T,S,K,G,L,S,G,K,R,T,K,T,E,N,S,G,E,A,L,A,E,V,E,D,F,N,P,Q,K,T,S,A,T,K,N,C,V,K,N,L,S,S,H,W,L,M,K,S,E,P,E,S,R,L,E,K,G,V,D,V,K,F,S,I,E,D,L,K,A,Q,P,K,Q,T,T,C,W,D,G,V,R,N,Y,A,R,N,F,L,R,A,M,K,L,G,E,E,A,F,F,Y,H,S,N,C,K,E,P,G,I,A,G,L,M,K,I,V,K,E,A,Y,P,D,H,T,Q,F,E,K,N,N,P,H,Y,D,P,S,S,K,E,D,N,P,K,W,S,M,V,D,V,Q,F,V,R,M,M,K,R,F,I,P,L,A,E,L,K,S,Y,H,Q,A,H,K,A,T,G,G,P,L,K,N,M,T,L,F,S,R,Q,R,L,S,I,Q,P,L,T,Q,E,E,F,D,F,V,L,S,L,E,E,K,E,P,S
Marmota_flaviventris,P,R,K,R,A,G,A,A,N,G,Q,S,E,K,H,T,K,F,E,N,S,G,E,A,S,A,K,V,E,N,S,S,P,Q,K,T,S,V,F,K,N,C,G,R,N,L,S,N,Y,W,L,M,K,S,E,P,E,S,R,L,D,K,G,V,D,V,K,F,S,I,E,D,L,K,A,Q,P,L,Q,T,A,C,W,D,G,V,R,N,Y,A,-,N,F,L,R,A,M,K,L,E,E,E,A,F,F,Y,H,S,N,C,K,E,P,G,I,V,G,L,M,K,I,V,K,E,A,Y,P,D,H,T,Q,F,E,K,N,S,P,H,Y,D,P,S,S,K,E,D,N,P,K,W,S,M,V,D,V,Q,F,V,R,M,M,K,R,F,I,S,L,A,E,L,K,T,Y,H,Q,S,H,K,A,T,G,G,P,L,K,D,M,A,L,F,T,R,Q,R,L,S,V,Q,P,L,T,Q,E,E,F,D,F,I,L,S,L,E,E,K,E,P,S
Marmota_marmota_marmota,P,R,K,R,A,G,A,A,N,G,Q,S,E,K,H,T,K,F,E,N,S,G,E,A,S,A,K,V,E,N,S,S,P,Q,K,T,S,V,F,K,N,C,G,R,N,L,S,N,Y,W,L,M,K,S,E,P,E,S,R,L,D,K,G,V,D,V,K,F,S,I,E,D,L,K,A,Q,P,L,Q,T,A,C,W,D,G,V,R,N,Y,A,R,N,F,L,R,A,M,K,L,E,E,E,A,F,F,Y,H,S,N,C,K,E,P,G,I,V,G,L,M,K,I,V,K,E,A,Y,P,D,H,T,Q,F,E,K,N,S,P,H,Y,D,P,S,S,K,E,D,N,P,K,W,S,M,V,D,V,Q,F,V,R,M,M,K,R,F,I,S,L,A,E,L,K,T,C,H,Q,S,H,K,A,T,G,G,P,L,K,D,M,A,L,F,T,R,Q,R,L,S,V,Q,P,L,T,Q,E,E,F,D,F,I,L,S,L,E,E,K,E,P,S
Marmota_monax,P,R,K,R,A,G,A,A,N,G,Q,S,E,K,H,T,K,F,E,N,S,G,E,A,S,A,K,V,E,N,S,S,P,Q,K,T,S,V,F,K,N,C,G,R,N,L,S,N,Y,W,L,M,K,S,E,P,E,S,R,L,D,K,G,V,D,V,K,F,S,I,E,D,L,K,A,Q,P,L,Q,T,A,C,W,D,G,V,R,N,Y,A,R,N,F,L,R,A,M,K,L,E,E,E,A,F,F,Y,H,S,N,C,K,E,P,G,I,V,G,L,M,K,I,V,K,E,A,Y,P,D,H,T,Q,F,E,K,N,S,P,H,Y,D,P,S,S,K,E,D,N,P,K,W,S,M,V,D,V,Q,F,V,R,M,M,K,R,F,I,S,L,A,E,L,K,T,C,H,Q,S,H,K,A,T,G,G,P,L,K,D,M,A,L,F,T,R,Q,R,L,S,V,Q,P,L,T,Q,-,-,-,-,-,-,-,-,-,-,-,-,-,-,-
Nannospalax_galili,P,R,K,R,A,G,A,A,K,G,L,L,G,K,R,T,K,T,E,N,T,E,N,T,S,T,K,L,E,N,S,S,P,Q,K,T,P,A,S,K,N,C,G,K,N,S,S,N,Y,W,L,M,K,S,E,P,E,S,R,L,E,K,G,V,D,V,K,F,S,I,E,D,L,K,A,Q,P,K,Q,R,A,C,W,D,G,V,R,N,Y,A,R,N,F,L,R,A,M,K,L,E,E,E,A,F,F,Y,H,S,N,C,K,Q,P,G,I,M,G,L,M,K,I,V,K,E,A,Y,P,D,H,T,Q,F,E,K,S,N,P,H,Y,D,P,S,S,K,E,D,N,P,K,W,S,M,V,D,V,Q,F,V,R,M,L,K,R,F,I,S,L,D,E,L,K,T,C,H,Q,A,H,K,A,T,G,G,P,L,K,S,M,A,L,F,T,H,Q,R,L,S,V,Q,P,L,T,Q,E,E,F,D,F,I,L,S,L,E,E,T,E,P,S
Neomonachus_schauinslandi,P,R,K,R,A,G,A,A,K,G,P,A,G,K,R,T,K,T,K,N,P,V,G,A,S,A,T,M,G,N,S,S,P,E,K,T,S,A,S,K,N,C,G,K,N,L,S,S,Y,W,L,M,K,S,E,P,E,S,R,L,E,K,G,V,D,V,K,F,S,I,E,D,L,Q,A,Q,P,K,Q,T,A,C,W,D,G,V,R,N,Y,A,R,N,F,L,R,A,M,Q,L,E,Q,E,A,F,F,Y,H,S,N,C,K,E,P,G,I,A,G,L,V,K,I,V,K,E,A,Y,P,D,H,T,Q,F,E,K,N,S,P,H,Y,D,P,S,S,K,E,D,N,P,K,W,S,M,V,D,V,Q,F,V,R,M,M,K,R,Y,I,T,L,A,E,L,K,T,H,Y,Q,A,H,K,T,T,G,G,P,L,K,N,M,A,L,F,T,R,Q,R,L,S,I,Q,P,L,T,P,E,E,F,D,F,I,L,S,L,E,E,K,E,P,S
Nomascus_leucogenys,P,R,K,R,A,G,T,S,K,G,L,S,G,K,R,T,K,T,E,N,S,G,E,A,L,A,K,V,E,D,S,N,P,Q,K,T,S,A,T,K,T,C,S,K,N,L,S,S,H,W,L,M,K,S,E,P,E,S,R,L,E,K,G,V,D,V,K,F,S,I,E,D,L,K,A,Q,P,R,Q,T,T,C,W,D,G,V,R,N,Y,A,R,N,F,L,R,A,M,K,L,G,E,E,A,F,F,Y,H,S,N,C,K,E,P,G,I,A,G,I,M,K,I,V,K,E,A,Y,P,D,H,T,Q,F,E,K,N,N,P,H,Y,D,P,S,S,K,E,D,N,P,K,W,S,M,V,D,V,Q,F,V,R,M,M,K,R,F,I,P,L,A,E,L,K,S,Y,H,Q,A,H,K,A,T,G,G,P,L,K,N,M,V,L,F,T,R,Q,R,L,S,V,Q,P,L,T,Q,-,-,-,-,-,-,-,-,-,-,-,-,-,-,-
Ochotona_curzoniae,P,R,K,R,-,-,-,-,-,K,R,S,E,K,R,S,R,T,E,N,S,G,E,A,S,D,Q,V,D,S,T,S,P,E,K,A,S,T,-,-,N,R,E,K,A,P,S,S,H,W,L,M,K,S,E,P,E,S,R,L,E,K,G,V,D,V,K,F,G,I,E,D,L,K,A,Q,P,K,Q,T,A,C,W,D,G,V,R,N,Y,A,R,N,F,L,R,A,M,K,L,E,Q,E,A,F,F,Y,H,S,N,C,K,Q,P,G,I,A,G,L,M,K,I,V,K,E,A,Y,P,D,H,T,Q,F,E,K,S,S,P,H,Y,D,P,S,S,K,E,D,N,P,K,W,S,M,V,D,V,Q,F,V,R,M,M,K,R,F,I,P,L,A,E,L,K,T,Y,H,Q,A,H,K,V,T,G,G,P,L,K,N,M,A,L,F,T,R,Q,R,L,S,V,Q,P,L,T,Q,E,E,F,N,F,I,L,S,L,E,E,K,E,P,S
Ochotona_princeps,P,R,K,R,-,-,-,-,-,K,R,S,E,K,R,S,K,T,E,N,S,G,E,A,S,-,-,-,-,-,-,-,-,-,-,-,-,-,-,-,-,-,-,-,-,-,S,S,H,W,L,M,K,S,E,P,E,S,R,L,E,K,G,V,D,V,K,F,G,I,E,D,L,K,A,Q,P,K,Q,T,A,C,W,D,G,V,R,N,Y,A,R,N,F,L,R,A,M,K,L,E,Q,E,A,F,F,Y,H,S,N,C,K,Q,P,G,I,A,G,L,M,K,I,V,K,E,A,Y,P,D,H,T,Q,F,E,R,S,S,P,H,Y,D,P,S,S,K,E,D,N,P,K,W,S,M,V,D,V,Q,F,V,R,M,M,K,R,F,I,P,L,A,E,L,K,T,Y,H,Q,A,H,K,V,T,G,G,P,L,K,N,M,A,L,F,T,R,Q,R,L,S,V,Q,P,L,T,Q,E,E,F,N,F,I,L,S,L,E,E,K,E,P,S
Octodon_degus,P,Q,K,R,A,G,A,A,K,G,L,S,V,K,R,T,K,T,K,N,S,D,E,T,S,G,H,K,E,N,S,S,P,Q,V,T,P,D,L,K,N,C,G,Q,N,L,K,N,Y,W,L,M,K,S,E,P,E,S,R,L,E,K,G,V,D,V,K,F,S,I,E,D,L,K,A,Q,P,E,Q,I,A,C,W,D,G,V,R,N,Y,A,R,N,F,L,K,A,M,K,L,D,D,E,A,F,F,Y,H,S,N,C,K,E,P,G,I,A,G,L,T,K,I,V,K,E,A,Y,P,D,H,T,Q,F,Q,K,N,N,P,Y,Y,D,P,S,S,K,E,D,S,P,K,W,F,M,V,D,V,Q,F,V,R,I,M,K,R,F,I,S,L,A,E,L,K,T,Y,H,Q,A,H,K,A,S,G,G,P,L,K,N,M,A,L,F,T,R,Q,R,L,S,V,Q,S,L,T,Q,E,E,F,D,F,I,L,S,L,E,D,K,E,P,S
Ovis_aries,A,R,R,R,-,-,-,-,K,G,P,E,G,K,R,S,K,T,K,N,L,G,G,A,S,A,Q,V,E,S,S,S,L,Q,R,T,P,A,S,E,D,G,G,E,A,L,G,S,Y,W,L,M,K,S,E,P,E,S,R,L,E,K,G,V,D,V,K,F,S,I,E,D,L,Q,A,Q,P,R,Q,T,T,C,W,D,G,V,R,N,Y,A,R,N,F,L,R,A,M,R,L,D,E,E,A,F,F,Y,H,S,N,C,R,A,P,G,I,A,G,L,V,K,I,V,K,E,A,Y,P,D,H,T,Q,F,E,K,N,N,P,H,Y,D,S,S,S,K,E,D,N,P,K,W,S,M,V,D,V,Q,F,V,R,M,M,K,R,F,I,P,L,A,E,L,R,A,H,H,Q,A,H,K,A,S,G,G,P,L,K,N,M,A,L,F,T,H,Q,R,L,S,V,Q,R,L,T,R,E,E,F,D,F,I,L,S,L,E,E,K,E,P,S
Pan_paniscus,P,R,K,R,A,G,T,S,K,G,L,S,G,K,R,T,K,T,E,N,S,G,E,A,L,A,E,V,E,D,S,N,P,Q,K,T,S,A,T,K,N,C,L,E,N,L,S,S,H,W,L,M,K,S,E,P,E,S,R,L,E,K,G,V,D,V,K,F,S,I,E,D,L,K,A,Q,P,K,Q,T,T,C,W,D,G,V,R,N,Y,A,R,N,F,L,R,A,M,K,L,G,E,E,A,F,F,Y,H,S,N,C,K,E,P,G,I,A,G,L,M,K,I,V,K,E,A,Y,P,D,H,T,Q,F,E,K,N,N,P,H,Y,D,P,S,S,K,E,D,N,P,K,W,S,M,V,D,V,Q,F,V,R,M,M,K,R,F,I,P,L,A,E,L,K,S,Y,H,Q,A,H,K,A,T,G,G,P,L,K,N,M,V,L,F,T,R,Q,R,L,S,I,Q,P,L,T,Q,E,E,F,D,F,V,L,S,L,E,E,K,E,P,S
Pan_troglodytes,-,-,-,-,-,-,-,-,K,G,L,S,G,K,R,T,K,T,E,N,S,G,E,A,L,A,K,V,E,D,S,N,P,Q,K,T,S,A,T,K,N,C,L,E,N,L,S,S,H,W,L,M,K,S,E,P,E,S,R,L,E,K,G,V,D,V,K,F,S,I,E,D,L,K,A,Q,P,K,Q,T,T,C,W,D,G,V,R,N,Y,A,R,N,F,L,R,A,M,K,L,G,E,E,A,F,F,Y,H,S,N,C,K,E,P,G,I,A,G,L,M,K,I,V,K,E,A,Y,P,D,H,T,Q,F,E,K,N,N,P,H,Y,D,P,S,S,K,E,D,N,P,K,W,S,M,V,D,V,Q,F,V,R,M,M,K,R,F,I,P,L,A,E,L,K,S,Y,H,Q,A,H,K,A,T,G,G,P,L,K,N,M,V,L,F,T,R,Q,R,L,S,I,Q,P,L,T,Q,E,E,F,D,F,V,L,S,L,E,E,K,E,P,S
Panthera_tigris_altaica,-,-,-,-,-,-,-,-,-,-,-,-,-,-,-,-,-,-,-,-,-,-,-,-,-,-,-,-,-,-,-,-,-,-,-,-,-,-,-,-,-,-,-,-,-,-,-,-,-,-,-,-,-,-,-,-,-,-,-,-,-,-,-,-,-,-,-,-,-,-,-,-,-,-,-,-,-,-,-,-,-,-,-,-,-,-,-,-,-,-,-,-,-,-,-,-,-,-,-,-,-,-,-,-,-,-,-,-,-,-,-,-,-,-,-,-,-,-,-,-,-,-,-,-,-,-,-,-,-,-,-,-,-,-,-,-,-,-,-,-,-,-,-,-,-,-,-,-,-,-,-,-,-,-,-,-,-,-,-,-,-,-,-,-,-,-,-,-,-,-,-,-,-,-,-,-,-,-,-,-,-,-,-,-,-,-,-,-,-,-,-,-,-,-,-,-,-,-,-,-,-,-,-,-,-,-,-,-,-,-,-,-,-,-,-,-,-
Papio_anubis,P,R,K,R,A,G,T,S,K,G,L,S,G,K,R,T,K,T,E,N,S,G,E,A,L,A,E,V,E,D,S,N,P,Q,K,T,S,A,T,K,N,C,V,K,N,L,S,S,H,W,L,M,K,S,E,P,E,S,R,L,E,K,G,V,D,V,K,F,S,I,E,D,L,K,A,Q,P,K,Q,T,T,C,W,D,G,V,R,N,Y,A,R,N,F,L,R,A,M,K,L,G,E,E,A,F,F,Y,H,S,N,C,K,E,P,G,I,A,G,L,M,K,I,V,K,E,A,Y,P,D,H,T,Q,F,E,K,N,N,P,H,Y,D,P,S,S,K,E,D,N,P,K,W,S,M,V,D,V,Q,F,V,R,M,M,K,R,F,I,P,L,A,E,L,K,S,Y,H,Q,A,H,K,A,T,G,G,P,L,K,N,M,T,L,F,S,R,Q,R,L,S,I,Q,P,L,T,Q,E,E,F,D,F,V,L,S,L,E,E,K,E,P,S
Piliocolobus_tephrosceles,P,R,K,R,A,G,T,S,K,G,L,S,G,K,R,T,K,T,E,N,S,G,E,A,L,A,K,V,E,D,S,N,P,Q,K,T,S,A,T,K,N,C,V,K,N,L,S,S,H,W,L,M,K,S,E,P,E,S,R,L,E,K,G,V,D,V,K,F,S,I,E,D,L,K,A,Q,P,K,Q,T,T,C,W,D,G,V,R,N,Y,A,R,N,F,L,R,A,M,K,L,G,E,E,A,F,F,Y,H,S,N,C,K,E,P,G,I,A,G,L,M,K,I,V,K,E,A,Y,P,D,H,T,Q,F,E,K,N,N,P,H,Y,D,P,S,S,K,E,D,N,P,K,W,S,M,V,D,V,Q,F,V,R,M,M,K,R,F,I,P,L,A,E,L,K,S,Y,H,Q,A,H,K,A,T,G,G,P,L,K,N,M,V,L,F,S,R,Q,R,L,S,I,Q,P,L,T,Q,E,E,F,D,F,V,L,S,L,E,E,K,E,P,N
Pongo_abelii,P,R,K,R,A,G,T,S,K,G,L,S,G,K,R,T,K,T,E,N,S,G,E,A,L,A,K,V,E,D,S,N,P,Q,K,T,S,A,T,K,N,C,L,K,N,L,S,S,H,W,L,M,K,S,E,P,E,S,R,L,E,K,G,V,D,V,K,F,S,I,E,D,L,K,A,Q,P,K,Q,T,T,C,W,D,G,V,R,N,Y,A,R,N,F,L,R,A,M,K,L,G,E,A,A,F,F,Y,H,S,N,C,K,E,P,G,I,A,G,L,M,K,I,V,K,E,A,Y,P,D,H,T,Q,F,E,K,N,N,P,H,Y,D,P,S,S,K,E,D,N,P,K,W,S,M,V,D,V,Q,F,V,R,M,M,K,R,F,I,P,L,A,E,L,K,S,Y,H,Q,A,H,K,A,T,G,G,P,L,K,N,M,V,L,F,T,R,Q,R,L,S,I,Q,P,L,T,Q,E,E,F,D,F,V,L,S,L,E,E,K,E,P,S
Propithecus_coquereli,P,Q,K,R,A,G,D,A,K,G,L,L,G,K,R,T,K,T,E,D,A,G,E,V,S,A,K,V,E,N,S,S,P,Q,K,I,S,A,S,K,N,S,V,K,K,L,S,S,Y,W,L,M,K,S,E,P,E,S,R,L,E,K,G,V,D,V,K,F,G,I,E,D,L,K,A,Q,P,K,Q,T,T,C,W,D,G,V,R,N,Y,A,R,N,F,L,R,A,M,K,L,E,E,E,A,F,F,Y,H,S,N,C,K,E,P,G,I,A,G,L,M,K,I,V,K,E,A,Y,P,D,H,T,Q,F,E,K,N,N,P,H,Y,D,P,S,S,K,E,D,N,P,K,W,S,M,V,D,V,Q,F,V,R,M,M,K,R,F,I,P,L,A,E,L,K,T,Y,H,Q,A,H,K,A,T,G,G,P,L,K,N,M,T,L,F,T,R,Q,R,L,S,I,Q,P,L,T,Q,E,E,F,D,F,I,L,S,L,E,E,K,E,P,S
Rhinopithecus_bieti,P,R,K,R,A,G,T,S,K,G,L,S,G,K,R,T,K,T,E,N,S,G,E,A,L,A,K,V,E,D,S,N,P,Q,K,T,S,A,T,K,N,C,V,K,N,L,S,S,H,W,L,M,K,S,E,P,E,S,R,L,E,K,G,V,D,V,K,F,S,I,E,D,L,K,A,Q,P,K,Q,T,T,C,W,D,G,V,R,N,Y,A,R,N,F,L,R,A,M,K,L,G,E,E,A,F,F,Y,H,S,N,C,K,E,P,G,I,A,G,L,M,K,I,V,K,E,A,Y,P,D,H,T,Q,F,E,K,N,N,P,H,Y,D,P,S,S,K,E,D,N,P,K,W,S,M,V,D,V,Q,F,V,R,M,M,K,R,F,I,P,L,A,E,L,K,S,Y,H,Q,A,H,K,A,T,G,G,P,L,K,N,M,V,L,F,S,R,Q,R,L,S,I,Q,P,L,T,Q,E,E,F,D,F,V,L,S,L,E,E,K,E,P,S
Rhinopithecus_roxellana,P,R,K,R,A,G,T,S,K,G,L,S,G,K,R,T,K,T,E,N,S,G,E,A,L,A,K,V,E,D,S,N,P,Q,K,T,S,A,T,K,N,C,V,K,N,L,S,S,H,W,L,M,K,S,E,P,E,S,R,L,E,K,G,V,D,V,K,F,S,I,E,D,L,K,A,Q,P,K,Q,T,T,C,W,D,G,V,R,N,Y,A,R,N,F,L,R,A,M,K,L,G,E,E,A,F,F,Y,H,S,N,C,K,E,P,G,I,A,G,L,M,K,I,V,K,E,A,Y,P,D,H,T,Q,F,E,K,N,N,P,H,Y,D,P,S,S,K,E,D,N,P,K,W,S,M,V,D,V,Q,F,V,R,M,M,K,R,F,I,P,L,A,E,L,K,S,Y,H,Q,A,H,K,A,T,G,G,P,L,K,N,M,V,L,F,S,R,Q,R,L,S,I,Q,P,L,T,Q,E,E,F,N,F,V,L,S,L,E,E,K,E,P,S
Saimiri_boliviensis_boliviensis,P,R,K,R,S,E,T,S,K,G,L,S,G,K,R,T,K,T,G,D,S,G,E,A,L,D,K,G,E,E,S,D,P,Q,K,T,S,A,T,K,H,C,V,K,K,P,S,S,C,W,L,M,K,S,E,P,E,S,R,L,E,K,G,V,D,V,K,F,S,I,E,D,L,K,A,Q,P,K,Q,T,T,C,W,D,G,V,R,N,Y,A,R,N,F,L,R,A,M,K,L,G,E,E,A,F,F,Y,H,S,N,C,K,E,P,G,I,A,G,L,M,K,I,V,K,E,A,Y,P,D,H,T,Q,F,E,K,N,D,P,H,Y,D,P,S,S,K,E,D,N,P,K,W,S,M,V,D,V,Q,F,V,R,M,M,K,R,F,I,P,L,A,E,L,K,S,Y,H,Q,A,H,K,A,S,G,G,P,L,K,N,M,V,L,F,T,R,Q,R,L,S,I,Q,P,L,T,Q,-,-,-,-,-,-,-,-,-,-,-,-,-,-,-
Sapajus_apella,P,R,K,R,S,E,T,S,K,G,L,S,G,K,R,T,K,T,G,N,S,G,E,A,L,D,Q,V,E,D,S,N,P,Q,T,T,S,A,S,K,H,C,V,K,N,L,S,S,H,W,L,M,K,S,E,P,E,S,R,L,E,K,G,V,D,V,K,F,S,I,E,D,L,K,A,Q,P,K,Q,T,T,C,W,D,G,V,R,N,Y,A,R,N,F,L,R,A,M,K,L,G,E,E,A,F,F,Y,H,S,N,C,K,E,P,G,I,A,G,L,M,K,I,V,K,E,A,Y,P,D,H,T,Q,F,E,K,N,D,P,H,Y,D,P,S,S,K,E,D,N,P,K,W,S,M,V,D,V,Q,F,V,R,M,M,K,R,F,I,P,L,A,E,L,K,S,Y,H,Q,A,H,K,A,S,G,G,P,L,K,N,M,V,L,F,T,R,Q,R,L,S,I,Q,P,L,T,Q,E,E,F,D,F,I,L,S,L,E,K,K,E,P,S
Suricata_suricatta,P,R,K,R,A,G,T,A,K,G,P,E,G,K,R,P,K,T,K,N,P,A,G,A,S,V,K,V,V,N,S,S,P,Q,K,T,S,A,S,K,N,C,G,K,N,L,S,S,Y,W,L,L,K,S,E,P,E,S,Q,L,E,K,G,V,D,V,K,F,S,I,E,D,L,K,A,Q,P,K,Q,T,T,C,W,D,G,V,R,N,Y,A,R,N,F,L,R,A,M,K,L,E,Q,E,A,F,F,Y,H,S,N,C,K,E,P,G,I,A,G,L,V,K,I,V,K,E,A,Y,P,D,H,T,Q,F,E,K,N,S,P,H,Y,D,P,S,S,K,E,D,S,P,K,W,S,M,V,D,V,Q,F,V,R,M,M,K,R,F,I,T,L,A,E,L,K,T,H,H,Q,A,H,K,E,T,G,G,P,L,K,N,M,A,L,F,S,H,Q,R,L,S,V,Q,P,L,T,Q,E,E,F,D,F,I,L,S,L,E,E,K,E,P,S
Theropithecus_gelada,P,R,K,R,A,G,T,S,K,G,L,S,G,K,R,T,K,T,E,N,S,G,E,A,L,A,E,V,E,D,S,N,P,Q,K,T,S,A,T,K,N,C,V,K,N,L,S,S,H,W,L,M,K,S,E,P,E,S,R,L,E,K,G,V,D,V,K,F,S,I,E,D,L,K,A,Q,P,K,Q,T,T,C,W,D,G,V,R,N,Y,A,R,N,F,L,R,A,M,K,L,G,E,E,A,F,F,Y,H,S,N,C,K,E,P,G,I,A,G,L,M,K,I,V,K,E,A,Y,P,D,H,T,Q,F,E,K,S,N,P,H,Y,D,P,S,S,K,E,D,N,P,K,W,S,M,V,D,V,Q,F,V,R,M,M,K,R,F,I,P,L,A,E,L,K,S,Y,H,Q,A,H,K,A,T,G,G,P,L,K,N,M,T,L,F,S,R,Q,R,L,S,I,Q,P,L,T,Q,E,E,F,D,F,V,L,S,L,E,E,K,E,P,S
Trachypithecus_francoisi,P,R,K,R,A,G,T,S,K,G,L,S,G,K,R,T,K,T,E,N,S,G,E,A,L,A,K,V,E,D,S,S,P,Q,K,T,S,A,T,K,N,C,V,K,N,L,S,S,H,W,L,M,K,S,E,P,E,S,R,L,E,K,G,V,D,V,K,F,S,I,E,D,L,K,A,Q,P,K,Q,T,T,C,W,D,G,V,R,N,Y,A,R,N,F,L,R,A,M,K,L,G,E,E,A,F,F,Y,H,S,N,C,K,E,P,G,I,A,G,L,M,K,I,V,K,E,A,Y,P,D,H,T,Q,F,E,K,N,N,P,H,Y,D,P,S,S,K,E,D,N,P,K,W,S,M,V,D,V,Q,F,V,R,M,M,K,R,F,I,P,L,A,E,L,K,S,Y,H,Q,A,H,K,A,T,G,G,P,L,K,N,M,V,L,F,S,R,Q,R,L,S,I,Q,P,L,T,Q,E,E,F,D,F,V,L,S,L,E,E,K,E,P,S
Tupaia_chinensis,P,R,K,R,A,G,A,A,K,G,L,V,G,K,R,N,K,T,E,N,S,G,E,T,A,A,E,-,E,N,S,S,P,Q,K,S,V,A,S,K,D,C,G,K,S,L,S,S,Y,W,L,M,K,S,E,P,E,S,R,L,E,K,G,V,D,V,K,F,S,I,E,D,L,R,A,Q,P,K,Q,T,T,C,W,D,G,V,R,N,Y,A,R,N,F,L,R,A,M,K,L,E,E,E,A,F,F,Y,H,S,N,C,K,E,P,G,I,A,G,L,I,K,I,V,K,E,A,Y,P,D,H,T,Q,F,E,K,N,D,P,H,Y,D,P,S,S,K,K,D,N,P,K,W,S,M,V,D,V,Q,L,V,R,M,M,K,R,F,I,P,L,A,E,L,K,T,Y,H,Q,A,H,K,A,S,G,G,P,L,K,N,M,A,L,F,T,R,Q,R,L,S,V,Q,P,V,T,Q,-,-,-,-,-,-,-,-,-,-,-,-,-,-,-
Urocitellus_parryii,P,R,K,R,A,G,A,A,K,G,Q,S,E,K,R,T,K,F,E,N,S,G,E,A,S,A,K,V,E,N,S,S,P,Q,K,T,S,V,F,K,N,C,G,R,N,L,S,N,Y,W,L,M,K,S,E,P,E,S,R,L,D,K,G,I,D,V,K,F,S,I,E,D,L,K,A,Q,P,M,Q,T,A,C,W,D,G,V,R,N,Y,A,R,N,F,L,R,A,M,K,L,E,E,E,A,F,F,Y,H,S,N,C,K,E,P,G,I,V,G,L,M,K,I,V,K,E,A,Y,P,D,H,T,Q,F,E,K,N,S,P,Y,Y,D,P,S,S,K,E,D,N,P,K,W,S,M,V,D,V,Q,F,I,R,M,M,K,R,F,I,S,L,A,E,L,K,T,Y,H,Q,S,H,K,A,T,G,G,P,L,K,D,M,A,L,F,T,R,K,R,L,S,V,Q,P,L,T,Q,-,-,-,-,-,-,-,-,-,-,-,-,-,-,-
Ursus_americanus,-,-,-,-,-,-,-,-,K,G,P,A,G,K,R,T,K,T,K,N,P,A,G,A,S,A,T,M,G,N,S,S,P,E,K,T,S,A,S,K,D,S,G,K,N,L,S,N,Y,W,L,M,K,S,E,P,E,S,R,L,E,K,G,V,D,V,K,F,S,I,E,D,L,K,A,Q,P,K,Q,T,A,C,W,D,G,V,R,N,Y,A,R,N,F,L,R,A,M,K,L,E,Q,E,A,F,F,Y,H,S,N,C,K,E,P,G,I,A,G,L,V,-,-,-,-,-,-,-,-,-,-,-,-,-,-,-,-,-,-,-,-,-,-,-,-,-,-,-,-,-,-,-,-,-,-,-,-,-,-,-,-,-,-,-,-,-,-,-,-,-,-,-,-,-,-,-,-,-,-,-,-,-,-,-,-,-,-,-,-,-,-,-,-,-,-,-,-,-,-,-,-,-,-,-,-,-,-,-,-,-,-,-,-,-,-,-,-,-,-
Ursus_maritimus,P,R,K,R,A,G,A,A,K,G,P,A,G,K,R,T,K,T,K,N,P,A,G,A,S,A,T,M,G,N,S,S,P,E,K,T,S,A,S,K,D,S,G,K,N,L,S,N,Y,W,L,M,K,S,E,P,E,S,R,L,E,K,G,V,D,V,K,F,S,I,E,D,L,K,A,Q,P,K,Q,T,A,C,W,D,G,V,R,N,Y,A,R,N,F,L,R,A,M,K,L,E,Q,E,A,F,F,Y,H,S,N,C,K,E,P,G,I,A,G,L,V,K,I,V,K,E,A,Y,P,D,H,T,Q,F,E,K,N,N,P,H,Y,D,P,S,S,K,E,D,N,P,K,W,S,M,V,D,V,Q,F,V,R,M,M,K,R,Y,I,T,L,A,E,L,K,T,H,Y,Q,A,H,K,T,T,G,G,P,L,K,N,M,A,L,F,T,R,Q,R,L,S,V,Q,P,L,T,P,E,E,F,N,F,I,L,S,L,E,E,K,E,P,S
Vicugna_pacos,P,R,K,R,A,G,A,A,K,G,P,E,G,K,R,A,K,T,E,A,P,G,E,A,L,A,K,V,E,N,S,S,L,Q,K,T,S,A,S,K,D,C,G,E,N,L,S,R,Y,W,L,M,K,S,E,P,E,S,W,L,E,K,G,V,D,V,K,F,S,I,E,D,L,K,A,Q,P,E,Q,T,A,C,W,D,G,V,R,N,Y,A,R,N,F,L,R,A,M,K,L,E,E,A,A,F,F,Y,H,S,N,C,R,E,P,G,I,A,G,L,M,K,I,V,K,E,A,Y,P,D,H,T,Q,F,E,K,N,S,P,H,Y,D,P,S,S,K,E,D,N,P,K,W,S,M,V,D,V,Q,F,V,R,M,M,K,R,F,I,P,L,A,E,L,R,T,H,H,Q,A,H,R,A,T,G,G,P,L,K,N,M,A,L,F,T,R,Q,R,L,S,V,Q,P,L,T,R,E,E,F,D,F,I,L,S,L,E,E,E,E,P,S
Artibeus_jamaicensis,P,R,K,R,A,G,V,S,K,G,P,A,G,K,R,I,K,T,K,N,A,N,E,A,S,A,K,V,E,N,S,S,P,P,R,T,S,A,L,K,R,C,G,K,S,S,S,S,Y,W,L,M,K,S,E,P,E,S,R,L,E,K,G,V,D,V,K,F,S,I,E,D,L,K,A,E,P,K,Q,T,A,C,W,D,G,V,R,N,Y,A,R,N,F,L,R,A,M,K,L,E,E,E,A,F,F,Y,H,S,N,C,K,E,P,G,I,A,G,I,V,K,I,V,K,E,A,Y,P,D,H,T,Q,F,E,K,N,S,P,Y,Y,D,P,S,S,K,K,D,N,P,K,W,S,M,V,D,V,Q,F,V,R,M,M,K,R,F,L,P,L,A,E,L,K,T,H,H,L,T,H,K,A,T,G,G,P,L,K,N,M,A,L,F,T,L,Q,R,L,S,V,Q,P,L,T,Q,E,E,F,D,F,I,L,S,L,E,E,K,E,P,S
Desmodus_rotundus,P,R,K,R,A,G,V,S,K,G,P,A,G,K,R,T,K,T,E,S,A,S,E,A,S,T,K,M,E,N,S,S,P,Q,R,T,S,A,L,K,K,C,G,K,N,L,S,S,Y,W,L,M,K,S,E,P,E,S,R,L,E,K,G,V,D,V,K,F,S,I,E,D,L,K,A,E,P,K,Q,T,A,C,W,D,G,V,R,N,Y,A,R,N,F,L,R,A,M,K,L,E,E,E,A,F,F,Y,H,S,N,C,K,E,P,G,I,A,G,V,V,K,I,V,K,E,A,Y,P,D,H,T,Q,F,E,K,S,S,P,H,Y,D,P,S,S,K,K,D,N,P,K,W,S,M,V,D,V,Q,F,V,R,M,M,K,R,F,L,P,L,A,E,L,K,T,H,H,Q,A,H,K,A,T,G,G,P,L,K,N,M,A,L,F,T,R,Q,R,L,S,V,Q,P,L,T,Q,E,E,F,D,F,I,L,S,L,E,E,K,E,P,S
Eptesicus_fuscus,P,R,K,R,Y,G,T,A,Q,G,P,A,G,K,R,T,K,T,K,N,P,G,E,A,P,T,T,V,E,R,S,S,P,Q,E,T,S,A,L,K,K,R,G,N,N,V,S,S,Y,W,L,M,K,S,E,P,E,S,R,L,E,K,G,V,D,V,K,F,S,I,E,D,L,K,A,Q,P,K,Q,T,A,C,W,D,G,V,R,N,Y,A,R,N,F,L,R,A,M,K,L,G,Q,E,A,F,F,Y,H,S,N,C,K,E,P,G,I,A,G,L,V,K,I,V,K,E,A,Y,P,D,H,T,Q,F,E,K,S,S,P,H,Y,D,P,S,S,K,K,D,N,P,K,W,S,M,V,D,V,Q,F,V,R,M,M,K,R,F,I,P,L,A,E,L,R,T,H,H,Q,A,H,K,A,S,G,G,P,L,Q,H,V,A,L,F,T,L,Q,R,L,S,V,Q,P,L,T,R,E,E,F,D,F,I,L,S,L,E,E,K,E,P,S
Hipposideros_armiger,P,K,K,R,A,G,A,A,K,G,P,A,G,K,R,T,K,T,K,N,L,G,E,A,S,T,K,V,E,N,S,S,P,R,K,T,S,T,S,K,N,C,G,K,N,L,N,S,Y,W,L,M,K,S,E,P,E,S,R,L,E,K,G,V,D,V,K,-,-,-,-,-,-,-,-,-,-,-,-,-,-,-,-,-,-,-,-,-,-,A,R,N,F,L,R,A,M,K,L,E,E,E,A,F,F,Y,H,S,N,C,K,E,P,G,I,A,G,L,V,K,I,V,K,E,A,Y,P,D,H,T,Q,F,E,K,S,N,P,Y,Y,D,P,S,S,K,E,D,N,P,K,W,S,M,V,D,V,Q,F,V,R,M,M,K,R,F,I,P,L,A,E,L,K,T,H,H,Q,A,H,K,A,T,G,G,P,L,K,N,M,A,L,F,T,Q,Q,R,L,S,V,Q,P,L,T,Q,E,E,F,D,F,V,L,S,L,E,E,K,E,L,S
Miniopterus_natalensis,P,R,K,R,A,G,A,A,K,G,P,A,G,K,R,T,K,T,K,N,P,G,E,A,S,A,K,A,E,N,S,S,P,Q,K,T,S,A,L,K,K,C,G,K,N,L,S,S,F,W,L,M,K,S,E,P,E,S,R,L,E,K,G,V,D,V,K,F,S,I,E,D,L,K,A,Q,P,K,Q,T,A,C,W,D,G,V,R,N,Y,A,R,N,F,L,R,A,M,K,L,E,E,E,A,F,F,Y,H,S,N,C,K,E,P,G,I,A,G,L,I,K,I,V,K,E,A,Y,P,D,H,T,Q,F,E,K,S,N,P,Y,Y,D,P,S,S,K,K,D,N,P,K,W,S,M,V,D,V,Q,F,V,R,M,M,K,R,F,I,P,L,A,E,L,K,T,Y,H,Q,A,H,K,N,S,G,G,P,L,K,T,M,A,L,F,T,R,Q,R,L,S,V,Q,P,L,T,-,-,-,-,-,-,-,-,-,-,-,-,-,-,-,-
Molossus_molossus,S,R,K,R,A,G,P,A,K,G,P,A,G,K,R,M,K,T,K,N,P,G,E,A,S,T,R,V,E,N,S,S,P,Q,K,T,S,A,L,K,E,C,E,K,N,L,S,R,Y,W,L,M,K,S,E,P,E,S,R,L,E,K,G,V,D,V,K,F,S,I,E,D,L,K,A,Q,P,K,Q,T,A,C,W,D,G,V,R,N,Y,A,R,N,F,L,R,A,M,K,L,E,E,E,A,F,F,Y,H,S,N,C,K,E,P,G,I,A,G,L,V,K,I,V,K,E,A,Y,P,D,H,T,Q,F,E,K,S,N,P,Y,Y,D,P,S,S,K,R,D,N,P,K,W,S,M,V,D,V,Q,F,V,R,M,M,K,R,F,I,P,L,A,E,L,K,T,H,H,Q,A,H,K,A,T,G,G,P,L,K,N,M,A,L,F,T,L,Q,R,L,S,V,Q,P,L,T,Q,E,E,F,D,F,I,L,S,L,E,E,K,E,S,S
Myotis_brandtii,-,-,-,-,-,-,-,-,E,G,P,A,G,K,R,T,K,T,K,N,P,G,E,A,P,T,T,V,E,K,S,S,P,Q,E,T,S,A,L,K,K,C,G,N,N,A,S,S,Y,W,L,M,K,S,E,P,E,S,R,L,E,K,G,V,D,V,K,F,S,I,E,D,L,Q,A,Q,P,K,Q,T,T,C,W,D,G,V,R,N,Y,A,R,N,F,L,R,A,M,K,L,G,Q,E,A,F,F,Y,H,S,N,C,K,E,P,G,I,A,G,L,V,K,I,V,K,E,A,Y,P,D,H,T,Q,F,E,K,S,N,P,H,Y,D,P,S,S,K,K,D,N,P,K,W,S,M,V,D,V,Q,F,V,R,M,M,K,R,F,I,P,L,A,E,L,R,T,H,H,Q,A,H,K,A,T,G,G,P,L,Q,H,M,A,L,F,T,L,Q,R,L,S,V,Q,P,L,T,R,E,E,F,D,F,I,L,S,L,E,E,K,E,P,S
Myotis_davidii,P,R,K,R,H,G,T,A,E,G,P,A,G,K,R,T,K,A,K,N,P,G,E,A,P,A,T,V,E,K,S,S,P,R,E,T,S,A,L,T,K,C,G,N,N,V,S,S,Y,W,L,M,K,S,E,P,E,S,R,L,E,K,G,V,D,V,K,F,S,I,E,D,L,Q,A,Q,P,K,Q,M,T,C,W,D,G,V,R,N,Y,A,R,N,F,L,R,A,M,K,L,G,Q,E,A,F,F,Y,H,S,N,C,K,E,P,G,I,A,G,L,V,K,I,V,K,E,A,Y,P,D,H,T,Q,F,E,K,S,N,P,H,Y,D,P,S,S,K,K,D,N,P,K,W,F,M,V,D,V,Q,F,V,R,M,M,K,R,F,I,P,L,A,E,L,R,A,H,H,Q,A,H,K,A,T,G,G,P,L,Q,H,M,A,L,F,T,L,Q,R,L,S,V,Q,P,L,T,Q,E,E,F,D,F,I,L,S,L,E,E,K,E,P,S
Myotis_lucifugus,P,R,K,R,H,G,T,A,E,G,P,A,G,K,R,T,K,T,K,N,P,G,E,A,P,T,T,V,E,K,S,S,P,Q,E,T,S,A,L,K,K,C,G,N,N,A,S,S,Y,W,L,M,K,S,E,P,E,S,R,L,E,K,G,V,D,V,K,F,S,I,E,D,L,Q,A,Q,P,K,Q,T,T,C,W,D,G,V,R,N,Y,A,R,N,F,L,R,A,M,K,L,G,Q,E,A,F,F,Y,H,S,N,C,K,E,P,G,I,A,G,L,V,K,I,V,K,E,A,Y,P,D,H,T,Q,F,E,K,S,N,P,H,Y,D,P,S,S,K,K,D,N,P,K,W,S,M,V,D,V,Q,F,V,R,M,M,K,R,F,I,P,L,A,E,L,R,T,H,H,Q,A,H,K,A,T,G,G,P,L,Q,H,M,A,L,F,T,L,Q,R,L,S,V,Q,P,L,T,R,E,E,F,D,F,I,L,S,L,E,E,K,E,P,S
Myotis_myotis,P,R,K,R,H,G,T,A,E,G,P,A,G,K,R,T,K,A,K,N,P,G,E,A,P,A,T,M,E,K,S,S,P,R,E,T,S,A,L,K,K,C,G,N,N,V,S,S,Y,W,L,M,K,S,E,P,E,S,R,L,E,K,G,V,D,V,K,F,S,I,E,D,L,Q,A,E,P,K,Q,M,T,C,W,D,G,V,R,N,Y,A,R,N,F,L,R,A,M,K,L,G,Q,E,A,F,F,Y,H,S,N,C,K,E,P,G,I,A,G,L,V,K,I,V,K,E,A,Y,P,D,H,T,Q,F,E,K,S,N,P,H,Y,D,P,S,S,K,K,D,N,P,K,W,S,M,V,D,V,Q,F,V,R,M,M,K,R,F,I,P,L,A,E,L,R,T,H,H,Q,A,H,K,A,T,G,G,P,L,Q,N,M,A,L,F,T,L,Q,R,L,S,V,Q,P,L,T,-,-,-,-,-,-,-,-,-,-,-,-,-,-,-,-
Phyllostomus_discolor,P,R,K,R,A,G,V,S,K,G,P,A,G,K,R,T,K,T,K,N,A,S,E,A,S,A,E,V,E,N,S,S,P,Q,R,T,S,A,L,K,K,C,G,K,N,L,S,S,Y,W,L,M,K,S,E,P,D,S,R,L,E,K,G,V,D,V,K,F,S,I,E,D,L,K,A,E,P,K,Q,T,A,C,W,D,G,V,R,N,Y,A,R,N,F,L,R,A,M,K,L,E,E,K,A,F,F,Y,H,S,N,C,K,E,P,G,I,A,G,V,V,K,I,V,K,E,A,Y,P,D,H,T,Q,F,E,K,S,S,P,Y,Y,D,P,S,S,K,K,D,N,P,K,W,S,M,V,D,V,Q,F,V,R,M,M,K,R,F,L,P,L,A,E,L,K,T,H,H,Q,A,H,K,A,T,G,G,P,L,K,N,M,A,L,F,T,L,Q,R,L,S,V,Q,P,L,T,Q,E,E,F,D,F,I,L,S,L,E,E,K,E,P,S
Phyllostomus_hastatus,P,R,K,R,A,G,V,S,K,G,P,A,G,K,R,T,K,T,K,N,A,S,E,A,S,A,E,V,E,N,S,S,P,Q,R,T,S,A,L,K,K,C,G,K,N,L,S,S,Y,W,L,M,K,S,E,P,E,S,R,L,E,K,G,V,D,V,K,F,S,I,E,D,L,K,A,E,P,K,Q,T,A,C,W,D,G,V,R,N,Y,A,R,N,F,L,R,A,M,K,L,E,E,E,A,F,F,Y,H,S,N,C,K,E,P,G,I,A,G,V,V,K,I,V,K,E,A,Y,P,D,H,T,Q,F,E,K,S,S,P,Y,Y,D,P,S,S,K,K,D,N,P,K,W,S,M,V,D,V,Q,F,V,R,M,M,K,R,F,L,P,L,A,E,L,K,T,L,H,Q,A,H,K,A,T,G,G,P,L,K,N,M,A,L,F,T,L,Q,R,L,S,V,Q,P,L,T,Q,E,E,F,D,F,I,L,S,L,E,E,K,E,P,S
Pipistrellus_kuhlii,L,R,K,R,N,G,T,A,K,G,P,A,G,K,R,T,K,T,K,N,P,G,E,A,P,A,T,V,E,R,P,S,P,R,E,T,S,A,L,K,K,C,G,D,N,V,S,S,Y,W,L,M,K,S,E,P,E,S,R,L,E,K,G,V,D,V,K,F,S,I,E,D,L,K,A,E,P,K,Q,T,A,C,W,D,G,V,R,N,Y,A,R,N,F,L,R,A,M,K,L,G,Q,E,A,F,F,Y,H,S,N,C,K,E,P,G,I,A,G,L,V,K,I,V,K,E,A,Y,P,D,H,T,Q,F,E,K,S,N,P,H,Y,D,P,S,S,K,K,D,N,P,K,W,S,M,V,D,V,Q,F,V,R,M,L,K,R,F,I,P,L,A,E,L,R,T,H,H,Q,V,H,K,A,S,G,G,P,L,Q,H,M,A,L,F,T,L,Q,R,L,S,V,Q,P,L,T,R,-,-,-,-,-,-,-,-,-,-,-,-,-,-,-
Rhinolophus_ferrumequinum,P,R,K,R,A,G,A,A,K,G,P,A,G,K,R,T,K,T,K,N,P,G,E,A,S,T,K,V,K,N,S,S,P,Q,-,T,S,T,S,Q,N,C,G,K,N,L,S,K,Y,W,L,M,K,S,E,P,E,S,R,L,E,K,G,V,D,V,K,F,S,I,E,D,L,K,A,Q,P,K,Q,I,A,G,W,D,G,V,R,N,Y,A,R,N,F,L,R,A,M,K,L,E,E,K,A,F,F,Y,H,S,N,C,K,E,P,G,I,A,G,L,V,K,I,V,K,E,A,Y,P,D,H,T,Q,F,E,K,S,N,P,Y,Y,D,P,S,S,K,E,D,N,P,K,W,S,M,V,D,V,Q,F,V,R,M,M,K,R,F,I,P,L,A,E,L,K,T,H,H,Q,A,H,K,A,T,G,G,P,L,K,N,M,A,L,F,T,H,Q,R,L,S,V,Q,P,L,T,P,E,E,F,D,F,V,L,S,L,E,E,K,E,P,S
Sorex_araneus,P,Q,K,R,A,G,A,A,K,G,P,T,G,K,R,-,-,-,-,-,-,-,-,-,-,-,-,-,-,-,-,-,-,-,-,-,-,-,-,-,-,-,-,-,-,-,-,-,-,W,L,M,K,S,E,P,E,S,R,L,E,K,G,V,D,V,K,F,S,I,E,D,L,Q,A,E,P,G,Q,T,A,C,W,D,G,V,R,N,Y,A,R,N,F,L,R,A,M,K,L,E,E,K,A,F,F,Y,H,S,N,C,R,E,P,G,I,A,G,L,M,K,I,V,K,E,A,Y,P,D,H,T,Q,F,E,K,S,S,P,H,Y,D,P,S,S,R,D,D,D,P,K,W,S,M,V,D,V,Q,F,V,R,M,M,R,R,F,I,P,L,A,E,L,K,T,H,H,Q,A,H,K,A,T,G,G,P,L,R,N,M,A,L,F,T,R,Q,R,L,S,V,Q,P,L,T,P,E,E,F,D,F,I,L,S,L,E,E,Q,E,P,S
Sturnira_hondurensis,P,R,K,R,A,G,V,S,K,G,P,A,G,K,R,I,R,T,K,N,A,N,E,A,S,A,K,V,E,N,S,S,P,Q,K,T,S,A,L,K,R,C,G,K,N,L,S,S,Y,W,L,M,K,S,E,P,E,S,R,L,E,K,G,V,D,V,K,F,S,I,E,D,L,K,A,E,P,K,Q,T,A,C,W,D,G,V,R,N,Y,A,R,N,F,L,R,A,M,K,L,E,E,E,A,F,F,Y,H,S,N,C,K,E,P,G,I,A,G,I,V,K,I,V,K,E,A,Y,P,D,H,T,Q,F,E,K,S,S,P,Y,Y,D,P,S,S,K,K,D,N,P,K,W,S,M,V,D,V,Q,F,V,R,M,M,K,R,F,L,P,L,A,E,L,K,T,H,H,L,A,H,K,A,T,G,G,P,L,K,N,M,A,L,F,T,L,Q,R,L,S,V,Q,P,L,T,Q,E,E,F,D,F,I,L,S,L,E,E,K,E,P,S
Pteropus_alecto,P,K,K,R,A,G,A,A,K,G,P,A,G,K,R,P,K,I,K,N,L,G,E,T,S,T,K,V,E,N,S,S,P,Q,K,T,S,T,S,K,N,C,T,K,N,L,S,S,Y,W,L,M,K,S,E,P,E,S,R,L,E,K,G,V,D,V,K,F,S,I,E,D,L,K,A,Q,P,K,Q,T,A,C,W,D,G,V,R,N,Y,A,R,N,F,L,R,A,M,K,L,E,E,E,A,F,F,Y,H,S,N,C,K,E,P,G,I,A,G,L,I,K,I,V,K,E,A,Y,P,D,H,T,Q,F,E,K,S,N,P,Y,Y,D,P,S,S,K,E,D,N,P,K,W,A,M,V,D,V,Q,F,V,R,M,M,K,R,F,I,S,L,A,E,L,K,T,H,H,Q,A,H,K,A,T,G,G,P,L,K,N,M,A,L,F,T,R,Q,R,L,S,I,Q,P,L,T,Q,E,E,F,D,F,I,L,S,L,E,E,K,E,P,S
Pteropus_giganteus,P,K,K,R,A,G,A,A,K,G,P,A,G,K,R,P,K,I,K,N,L,G,E,T,S,T,K,V,E,N,S,S,P,Q,K,T,S,T,S,K,N,C,T,K,N,L,S,S,Y,W,L,M,K,S,E,P,E,S,R,L,E,K,G,V,D,V,K,F,S,I,E,D,L,K,A,Q,P,K,Q,T,A,C,W,D,G,V,R,N,Y,A,R,N,F,L,R,A,M,K,L,E,E,E,A,F,F,Y,H,S,N,C,K,E,P,G,I,A,G,L,I,K,I,V,K,E,A,Y,P,D,H,T,Q,F,E,K,S,N,P,Y,Y,D,P,S,S,K,E,D,N,P,K,W,A,M,V,D,V,Q,F,V,R,M,M,K,R,F,I,S,L,A,E,L,K,T,H,H,Q,A,H,K,A,T,G,G,P,L,K,N,M,A,L,F,T,R,Q,R,L,S,I,Q,P,L,T,Q,E,E,F,D,F,I,L,S,L,E,E,K,E,P,S
Pteropus_vampyrus,P,K,K,R,A,G,A,A,K,G,P,A,G,K,R,P,K,I,K,N,L,G,E,T,S,T,K,V,E,N,S,S,P,Q,K,T,S,T,S,K,N,C,T,K,N,L,S,S,Y,W,L,M,K,S,E,P,E,S,R,L,E,K,G,V,D,V,K,F,S,I,E,D,L,K,A,Q,P,K,Q,T,A,C,W,D,G,V,R,N,Y,A,R,N,F,L,R,A,M,K,L,E,E,E,A,F,F,Y,H,S,N,C,K,E,P,G,I,A,G,L,I,K,I,V,K,E,A,Y,P,D,H,T,Q,F,E,K,S,N,P,Y,Y,D,P,S,S,K,E,D,N,P,K,W,A,M,V,D,V,Q,F,V,R,M,M,K,R,F,I,S,L,A,E,L,K,T,H,H,Q,A,H,K,A,T,G,G,P,L,K,N,M,A,L,F,T,R,Q,R,L,S,I,Q,P,L,T,Q,E,E,F,D,F,I,L,S,L,E,E,K,E,P,S
Rousettus_aegyptiacus,P,K,K,R,A,G,A,A,K,E,P,A,G,K,C,T,K,I,K,N,L,G,E,T,S,T,E,V,E,N,S,S,P,Q,K,T,S,A,S,K,N,C,G,K,N,L,S,S,Y,W,L,M,K,S,E,P,E,S,R,L,E,K,G,V,D,V,K,F,S,I,E,D,L,K,A,E,P,K,Q,T,A,C,W,D,G,V,R,N,Y,A,R,N,F,L,R,A,M,K,L,E,E,E,A,F,F,Y,H,S,N,C,K,E,P,G,I,A,G,L,I,K,I,V,K,E,A,Y,P,D,H,T,Q,F,E,K,S,N,P,Y,Y,D,P,S,S,K,E,D,N,P,K,W,A,M,V,D,V,Q,F,V,R,M,M,K,R,F,I,S,L,A,E,L,K,T,H,H,Q,A,H,K,A,T,G,G,P,L,K,N,M,A,L,F,T,R,R,R,L,S,I,Q,P,L,T,K,E,E,F,D,F,I,L,S,L,E,E,K,E,P,S
Ailuropoda_melanoleuca,P,R,K,R,A,G,A,A,K,G,P,A,G,K,R,T,K,T,K,N,P,A,G,A,S,A,T,M,G,N,S,S,P,E,K,T,S,A,S,I,D,S,G,K,N,L,S,N,Y,W,L,M,K,S,E,P,E,S,R,L,E,K,G,V,D,V,K,F,S,I,E,D,L,K,A,Q,P,K,Q,T,A,C,W,D,G,V,R,N,Y,A,R,N,F,L,R,A,M,K,L,E,Q,E,A,F,F,Y,H,S,N,C,K,E,P,G,I,A,G,L,V,-,-,-,-,-,-,-,-,-,-,-,-,-,-,-,-,-,-,-,-,-,-,-,-,-,-,-,-,-,-,-,-,-,-,-,-,-,-,-,-,-,-,-,-,-,-,-,-,-,-,-,-,-,-,-,-,-,-,-,-,-,-,-,-,-,-,-,-,-,-,-,-,-,-,-,-,-,-,-,-,-,-,-,-,-,-,-,-,-,-,-,-,-,-,-,-,-,-
Antechinus_flavipes,Q,A,K,R,C,R,N,A,E,V,P,S,G,K,R,T,K,-,-,-,-,-,-,-,-,-,-,-,-,-,-,S,T,Q,K,A,Q,A,A,Q,N,C,G,N,E,P,S,R,Y,W,L,M,K,S,E,P,E,S,R,I,E,K,G,V,D,V,K,F,G,I,E,D,L,K,A,Q,P,K,Q,T,A,C,W,D,G,V,R,N,Y,A,R,N,F,L,R,A,M,K,V,G,E,E,A,F,F,Y,H,S,N,C,K,E,P,G,I,A,G,L,M,K,I,V,K,E,A,Y,P,D,H,T,Q,F,E,K,G,S,P,H,Y,D,S,S,S,K,K,D,N,P,K,W,S,V,V,D,V,Q,F,I,R,M,T,K,R,F,I,P,L,A,E,L,K,V,H,H,Q,A,H,K,A,N,G,G,P,L,E,N,M,A,L,F,T,R,Q,R,L,S,V,Q,P,L,T,Q,G,E,F,D,F,V,L,S,L,E,D,K,K,P,S
Aotus_nancymaae,P,R,K,R,S,E,T,S,K,G,L,S,G,K,R,T,K,T,G,N,S,G,E,A,L,D,K,V,E,D,S,N,P,Q,K,T,S,A,T,K,H,C,V,K,N,L,S,S,H,W,L,M,K,S,E,P,E,S,R,L,E,K,G,V,D,V,K,F,S,I,E,D,L,K,A,Q,P,K,Q,T,T,C,W,D,G,V,R,N,Y,A,R,N,F,L,R,A,M,K,L,G,E,E,A,F,F,Y,H,S,N,C,K,E,P,G,I,A,G,L,M,K,I,V,K,E,A,Y,P,D,H,T,Q,F,E,K,N,D,P,H,Y,D,P,S,S,K,E,D,N,P,K,W,S,M,V,D,V,Q,F,V,R,M,M,K,R,F,I,P,L,A,E,L,K,S,Y,H,Q,A,H,K,A,S,G,G,P,L,K,N,M,A,L,F,T,R,Q,R,L,S,I,Q,P,L,T,Q,E,E,F,D,F,I,L,S,L,E,K,K,E,P,S
Apodemus_sylvaticus,P,R,K,R,I,G,T,A,K,K,L,S,G,K,R,I,K,T,E,N,S,E,S,T,S,V,K,L,V,N,S,S,L,E,K,T,T,T,F,K,N,G,G,E,T,L,S,N,Y,W,L,M,K,S,E,P,E,S,R,L,E,K,G,I,D,M,K,F,S,I,E,D,L,K,A,Q,P,K,Q,T,A,C,W,D,G,V,R,N,Y,A,R,N,F,L,R,A,M,K,L,E,D,E,A,F,F,Y,H,S,N,C,K,Q,P,G,I,V,G,L,I,K,I,V,K,E,A,Y,P,D,H,T,Q,F,E,K,S,N,P,H,Y,D,P,S,S,K,E,D,S,P,K,W,S,M,V,D,V,Q,F,V,R,M,M,K,R,F,I,P,L,D,E,L,K,T,H,H,Q,A,H,K,A,T,G,G,P,L,K,S,M,T,L,F,T,R,Q,R,L,S,V,Q,P,L,T,Q,E,E,F,E,F,I,L,S,L,E,E,T,E,P,S
Arvicola_amphibius,P,R,K,R,T,G,A,A,K,E,P,S,E,K,R,T,K,T,E,S,S,G,D,T,S,A,K,L,E,S,P,S,P,Q,K,T,S,T,S,T,N,G,G,K,N,S,S,S,Y,W,L,M,K,S,E,P,E,S,R,L,E,K,G,V,D,V,K,F,G,I,E,D,L,K,A,Q,P,K,Q,T,A,C,W,D,G,V,R,N,Y,A,R,N,F,L,R,A,M,K,L,E,E,E,A,F,F,Y,H,S,N,C,K,Q,P,G,I,V,G,L,M,K,I,V,K,E,A,Y,P,D,H,T,Q,F,E,K,N,N,P,H,Y,D,P,S,S,K,K,D,N,P,K,W,S,M,V,D,V,Q,F,V,R,M,M,K,R,F,I,P,L,E,E,L,K,A,H,H,H,A,H,K,A,S,G,G,P,L,K,S,M,T,L,F,T,R,Q,R,L,S,V,Q,P,V,T,R,E,E,F,D,F,I,L,S,L,E,E,T,E,P,S
Callorhinus_ursinus,P,R,K,R,A,G,A,A,K,G,P,A,G,K,R,T,K,T,K,N,P,V,G,T,S,A,T,L,G,N,S,S,P,E,K,T,S,A,S,K,N,C,G,K,N,L,S,S,Y,W,L,M,K,S,E,P,E,S,R,L,E,K,G,V,D,V,K,F,S,I,E,D,L,K,A,Q,P,K,Q,T,A,C,W,D,G,V,R,N,Y,A,R,N,F,L,R,A,M,Q,L,G,Q,E,A,F,F,Y,H,S,N,C,K,E,P,G,I,A,G,L,V,K,I,V,K,E,A,Y,P,D,H,T,Q,F,E,K,N,N,P,H,Y,D,P,S,S,K,E,D,N,P,K,W,S,M,V,D,V,Q,F,V,R,M,M,K,R,Y,I,T,L,A,E,L,K,T,H,Y,Q,A,H,K,T,T,G,G,P,L,K,N,M,A,L,F,T,R,Q,R,L,S,V,Q,P,L,T,R,E,E,F,D,F,I,L,S,L,E,E,K,E,P,S
Canis_lupus_dingo,P,R,K,R,A,G,A,A,K,R,P,A,G,K,H,T,K,T,R,K,P,T,G,T,S,T,R,V,G,D,S,S,P,E,K,T,S,A,S,K,N,C,G,N,N,Q,S,S,Y,W,L,M,K,S,E,P,Q,S,R,I,E,K,G,V,D,V,K,F,S,I,E,D,L,K,A,E,P,K,Q,T,A,C,W,D,G,V,R,N,Y,A,R,N,F,L,R,A,M,K,L,E,Q,K,A,F,F,Y,H,S,N,C,K,E,P,G,I,A,G,L,V,K,I,V,K,E,A,Y,P,D,H,T,Q,F,E,K,N,N,P,Y,Y,D,P,S,S,K,E,D,N,P,K,W,S,M,V,D,V,Q,F,V,R,L,M,K,R,Y,I,T,L,T,E,L,K,A,N,H,Q,A,H,K,A,T,G,G,P,L,K,N,M,A,L,F,T,H,P,R,L,S,V,Q,P,L,T,P,E,E,F,E,F,I,L,S,L,E,E,K,E,P,S
Carlito_syrichta,P,R,K,R,A,G,T,A,K,R,L,S,G,K,R,T,K,T,E,N,S,G,E,A,S,P,Q,V,E,N,S,S,P,Q,N,T,S,S,S,E,I,C,V,K,N,L,S,R,Y,W,L,M,K,S,E,P,E,S,R,I,E,K,G,V,D,V,K,F,G,I,E,D,L,K,A,Q,P,K,H,T,T,C,W,D,G,I,R,N,Y,A,R,N,F,L,R,A,M,K,L,E,E,E,A,F,F,Y,H,S,N,C,K,E,P,G,I,A,G,L,M,K,I,V,K,E,A,Y,P,D,H,T,Q,F,E,K,N,S,P,H,Y,D,P,S,S,K,K,E,D,P,K,W,S,M,V,D,V,Q,F,V,R,M,M,K,R,F,I,P,L,A,E,L,K,T,Y,H,Q,A,H,K,A,T,G,G,P,L,K,N,M,T,L,F,T,R,Q,R,L,S,V,Q,P,L,T,K,E,E,F,D,F,I,L,S,L,E,K,K,E,P,S
Castor_canadensis,P,R,K,R,A,G,A,A,K,G,P,S,G,K,H,S,K,T,E,N,S,D,E,A,S,A,E,V,V,N,S,R,S,Q,K,T,S,A,S,K,N,C,G,K,N,L,S,N,Y,W,L,M,K,S,E,P,E,S,R,L,E,K,G,V,D,V,K,F,S,I,E,D,L,K,A,Q,P,K,Q,T,A,C,W,D,G,V,R,N,Y,A,R,N,F,L,R,A,M,K,L,E,E,E,A,F,F,Y,H,S,N,C,K,E,P,G,I,V,G,L,M,K,I,V,K,E,A,Y,P,D,H,T,Q,F,E,K,E,N,P,H,Y,D,P,S,S,K,E,D,N,P,K,W,S,M,V,D,V,Q,F,V,R,M,M,K,R,F,I,S,L,T,E,L,K,T,Y,Y,Q,A,H,K,A,T,G,G,P,L,K,N,M,A,L,F,T,R,Q,R,L,S,V,Q,P,L,T,Q,E,E,F,D,F,I,L,S,L,E,E,K,E,L,S
Cavia_porcellus,P,W,K,R,A,G,T,S,K,G,L,S,G,K,R,T,K,T,E,N,S,N,E,L,S,A,L,V,E,N,S,N,A,Q,T,T,S,D,S,K,N,H,G,Q,N,L,S,N,Y,W,L,M,K,T,E,P,E,S,R,L,E,K,G,V,D,V,K,F,S,I,E,D,L,K,A,E,P,E,Q,T,A,C,W,D,G,V,R,N,Y,A,R,N,F,L,R,A,M,K,L,E,D,E,A,F,F,Y,H,S,N,C,K,E,P,G,I,A,G,L,V,K,I,V,K,E,A,Y,P,D,H,T,Q,F,E,K,N,S,P,H,Y,D,P,S,S,K,K,D,N,P,K,W,F,M,V,D,V,Q,L,V,R,K,L,K,R,F,I,S,L,A,E,L,K,T,Y,H,Q,A,H,K,T,S,D,G,P,L,K,N,M,A,L,F,T,R,Q,R,L,S,I,Q,S,L,T,Q,E,E,F,D,F,I,L,H,L,E,E,K,E,A,N
Cervus_elaphus_hippelaphus,-,-,-,-,-,-,-,-,-,-,-,-,-,-,-,-,-,-,-,-,-,-,-,-,-,-,-,-,-,-,-,-,-,-,-,-,-,-,-,-,-,-,-,-,-,-,-,-,-,-,-,-,-,-,-,-,-,-,-,-,-,-,-,-,-,-,-,-,-,-,-,-,-,-,-,-,-,-,-,-,-,-,-,-,-,-,-,-,-,-,-,-,-,-,-,-,-,-,-,-,-,-,-,-,-,-,-,-,-,-,-,-,-,-,-,-,-,-,-,-,-,-,-,-,-,-,-,-,-,-,-,-,-,-,-,-,-,-,-,-,-,-,-,-,-,-,-,-,-,-,-,-,-,-,-,-,-,-,-,-,-,-,-,-,-,-,-,-,-,-,-,-,-,-,-,-,-,-,-,-,-,-,-,-,-,-,-,-,-,-,-,-,-,-,-,-,-,-,-,-,-,-,-,-,-,-,-,-,-,-,-,-,-,-,-,-,-
Chinchilla_lanigera,-,-,-,-,-,-,-,-,K,E,L,S,G,K,H,I,K,T,E,N,S,N,E,T,S,A,H,V,E,N,S,S,P,E,T,V,S,D,S,K,N,C,G,K,N,L,S,N,Y,W,L,M,K,S,E,P,E,S,R,L,E,K,G,V,D,V,K,F,S,I,E,D,L,K,A,Q,P,E,Q,T,A,C,W,D,G,V,R,N,Y,A,R,N,F,L,R,A,M,K,L,E,D,E,V,F,F,Y,H,S,N,C,K,E,P,G,I,A,G,L,M,K,I,V,K,E,A,Y,P,D,H,T,Q,F,E,K,N,N,P,Y,Y,D,P,S,S,K,K,D,N,P,K,W,F,M,V,D,V,Q,F,I,R,I,M,K,R,F,I,S,L,A,E,L,K,T,Y,H,Q,A,H,K,A,S,G,G,P,L,K,N,M,A,L,F,T,R,Q,R,L,S,V,Q,S,L,T,Q,E,E,F,D,F,I,L,S,L,E,E,K,E,P,S
Choloepus_didactylus,P,R,K,R,A,G,P,A,K,G,P,S,G,K,H,P,K,S,E,N,P,G,E,S,L,A,K,V,E,N,S,S,P,Q,K,T,P,A,S,N,N,C,G,K,N,A,S,S,H,W,L,M,K,S,E,P,E,S,R,L,E,K,G,V,D,V,K,F,G,I,E,D,L,K,A,Q,P,R,Q,T,A,C,W,D,G,V,R,N,Y,A,R,N,F,L,R,A,M,K,L,E,E,E,A,F,F,Y,H,S,N,C,K,E,P,G,I,A,G,L,M,K,I,V,K,E,A,Y,P,D,H,T,Q,F,E,K,N,N,P,H,Y,D,P,S,S,K,K,D,N,P,K,W,S,M,V,D,V,Q,F,T,R,M,M,K,R,F,I,P,L,A,E,L,K,T,H,Y,Q,A,H,K,A,T,G,G,P,L,K,N,M,A,L,F,T,R,Q,R,L,S,V,Q,P,L,T,Q,E,E,F,D,F,I,L,S,L,E,E,K,E,P,S
Cricetulus_griseus,P,R,K,R,T,G,A,A,K,E,L,S,E,K,R,T,K,T,E,N,S,E,N,T,P,A,K,L,E,S,P,S,P,Q,K,T,S,T,S,K,N,C,G,K,N,V,S,N,Y,W,L,M,K,S,E,P,E,S,R,L,E,K,G,V,D,M,K,F,S,I,E,D,L,K,A,Q,P,K,Q,T,A,C,W,D,G,V,R,N,Y,A,R,N,F,L,R,A,M,K,L,E,E,E,A,F,F,Y,H,S,N,C,K,Q,P,G,I,V,G,L,M,K,I,V,K,E,A,Y,P,D,H,T,Q,F,E,K,N,N,P,H,Y,D,P,S,S,K,E,D,N,P,K,W,S,M,V,D,V,Q,F,V,R,M,M,K,R,F,I,S,L,D,E,L,K,A,Y,H,Q,A,H,K,A,T,G,G,P,L,K,S,M,T,L,F,T,R,Q,R,L,S,V,Q,P,L,T,R,E,E,F,D,F,I,L,S,L,E,E,T,E,P,R
Dasypus_novemcinctus,P,R,K,R,A,G,P,A,K,G,P,S,G,K,R,P,K,S,E,N,P,G,E,L,S,A,T,V,E,L,S,G,S,Q,K,T,A,A,S,N,N,C,G,E,T,P,S,N,H,W,L,M,K,S,E,P,E,S,R,L,E,K,G,V,D,V,K,F,G,I,E,D,L,K,A,Q,P,K,Q,T,A,C,W,D,G,V,R,N,Y,A,R,N,F,L,R,A,M,K,L,E,E,E,A,F,F,Y,H,S,N,C,K,E,P,G,I,A,G,I,M,K,I,V,K,E,A,Y,P,D,H,T,Q,F,E,K,N,N,P,H,Y,D,P,S,S,K,K,D,N,P,K,W,S,M,V,D,V,Q,F,I,R,M,M,K,R,F,I,P,L,A,E,L,K,T,H,Y,Q,A,H,K,A,T,G,G,P,L,K,N,M,A,L,F,T,R,Q,R,L,S,I,Q,L,L,T,Q,E,E,F,D,F,I,L,S,L,E,E,K,E,P,S
Dipodomys_ordii,P,R,K,R,A,G,A,A,K,E,L,S,G,K,R,S,K,T,S,N,S,G,K,A,L,T,K,E,E,N,C,S,P,Q,K,T,S,A,P,K,N,G,G,K,N,V,S,K,Y,W,L,M,K,S,E,P,E,S,R,L,E,K,G,V,D,V,K,F,G,I,D,D,L,K,A,E,P,K,Q,T,A,C,W,D,G,V,R,N,Y,A,R,N,F,L,R,A,M,K,L,E,E,E,A,F,F,Y,H,S,N,C,K,E,P,G,I,V,G,L,M,K,I,V,K,E,A,Y,P,D,H,T,Q,F,D,K,N,N,P,H,Y,D,P,S,S,K,E,D,N,P,K,W,S,M,V,D,V,Q,F,V,R,M,M,K,R,F,I,S,L,A,E,L,K,T,Y,H,Q,T,H,K,T,T,G,G,P,L,K,N,M,A,L,F,T,R,Q,R,L,S,I,Q,P,L,T,Q,E,E,F,D,F,I,L,S,L,E,K,K,E,P,S
Dipodomys_spectabilis,P,R,K,R,A,G,A,A,K,G,L,S,G,K,R,S,K,T,S,N,S,-,-,-,-,-,-,-,E,N,C,S,P,Q,K,T,S,A,P,K,N,D,G,K,N,V,S,K,Y,W,L,M,K,S,E,P,E,S,R,L,E,K,G,V,D,V,K,F,G,I,E,D,L,K,A,E,P,K,Q,T,A,C,W,D,G,V,R,N,Y,A,R,N,F,L,R,A,M,K,L,E,E,E,A,F,F,Y,H,S,N,C,K,E,P,G,I,V,G,L,M,K,I,V,K,E,A,Y,P,D,H,T,Q,F,D,K,N,N,P,H,Y,D,P,S,S,K,E,D,N,P,K,W,S,M,V,D,V,Q,F,V,R,M,M,K,R,F,I,S,L,A,E,L,K,T,Y,H,Q,T,H,K,T,T,G,G,P,L,K,N,M,A,L,F,T,R,Q,R,L,S,I,Q,P,L,T,Q,E,E,F,D,F,I,L,S,L,E,E,K,E,P,S
Dromiciops_gliroides,H,Q,K,R,-,-,-,-,-,-,P,S,G,K,R,T,K,-,-,-,-,-,-,-,-,-,-,-,-,-,-,-,-,-,-,-,-,-,-,-,-,-,-,-,-,-,-,-,Y,W,L,M,K,S,E,P,E,S,R,L,E,K,G,V,D,V,K,F,G,I,E,D,L,K,A,Q,P,K,Q,T,A,C,W,D,G,V,R,N,Y,A,R,N,F,L,R,A,M,K,V,G,D,E,A,F,F,Y,H,S,N,C,K,E,P,G,I,A,G,L,M,K,I,V,K,E,A,Y,P,D,H,T,Q,F,E,K,D,S,P,H,Y,D,P,S,S,K,K,E,N,P,K,W,F,M,V,D,V,Q,F,I,R,M,T,K,R,F,I,P,L,A,E,L,K,G,H,-,-,-,H,K,A,N,G,G,P,L,E,K,M,A,L,F,T,R,Q,R,L,S,V,Q,P,L,T,Q,G,E,F,D,F,V,L,S,L,E,D,K,K,P,S
Elephantulus_edwardii,P,Q,K,R,-,-,-,-,-,-,-,-,-,-,-,-,-,-,-,-,-,-,-,A,S,A,K,T,E,D,-,S,P,E,K,V,S,A,S,-,N,F,G,K,N,P,S,S,H,W,L,M,K,S,E,P,E,S,R,L,E,K,G,V,D,V,K,F,G,I,E,D,L,K,E,Q,P,N,Q,T,T,C,W,D,G,V,R,N,Y,A,R,N,F,L,R,A,M,K,L,E,E,E,A,F,F,Y,H,S,N,C,K,E,P,G,I,A,G,L,M,K,I,V,K,E,A,Y,P,D,H,T,Q,F,E,K,N,N,P,H,Y,D,P,S,S,K,K,E,N,P,K,W,S,M,V,D,V,Q,F,V,R,M,M,K,R,F,I,P,L,A,E,L,K,T,Y,Y,Q,A,H,K,T,T,G,G,P,L,K,N,M,A,L,F,T,S,Q,R,L,S,V,Q,P,L,T,Q,E,E,F,D,F,I,L,E,L,E,K,K,Q,P,T
Equus_caballus,P,R,K,R,P,G,A,A,E,G,P,A,G,K,R,T,Q,T,K,N,P,G,E,A,S,A,K,V,E,N,S,S,P,Q,K,T,S,A,S,K,N,C,A,K,N,L,S,S,Y,W,L,M,K,S,E,P,E,S,R,L,A,K,G,V,D,V,K,F,S,I,E,D,L,K,A,Q,P,K,Q,T,A,C,W,D,G,V,R,N,Y,A,R,N,F,L,R,A,M,K,L,E,E,E,A,F,F,Y,H,S,N,C,K,E,P,G,I,A,G,L,M,K,I,V,K,E,A,Y,P,D,H,T,Q,F,E,K,N,N,P,H,Y,D,P,S,S,K,E,D,N,P,K,W,S,M,V,D,V,Q,F,V,R,M,M,K,R,F,I,S,L,A,E,L,K,T,H,H,Q,A,H,K,A,T,G,G,P,L,K,N,M,V,L,F,T,R,Q,R,L,S,I,Q,P,V,T,Q,E,E,F,D,F,I,L,S,L,E,E,E,E,P,S
Erinaceus_europaeus,-,-,-,-,-,-,-,-,K,G,P,A,G,K,H,V,K,T,K,N,-,-,-,-,-,-,-,-,E,S,S,S,P,Q,K,I,P,A,S,K,N,C,E,K,N,T,G,S,Y,W,L,M,K,S,E,P,E,S,R,L,E,K,G,V,D,V,K,F,G,I,E,D,L,K,A,Q,P,K,Q,T,A,C,W,D,G,V,R,N,Y,A,R,N,F,L,R,A,M,K,V,D,E,E,A,F,F,Y,H,S,N,C,K,E,P,G,I,A,G,L,M,K,I,V,K,E,A,Y,P,D,H,T,Q,F,E,K,T,N,P,H,Y,D,P,S,S,K,E,D,N,P,K,W,S,M,V,D,V,Q,F,V,R,M,M,K,R,F,I,P,L,A,E,L,K,T,H,H,Q,A,H,K,A,T,G,G,P,L,K,N,M,A,L,F,T,R,Q,R,L,S,V,Q,P,L,T,Q,E,E,F,D,F,I,L,S,L,E,E,K,-,-,-
Eumetopias_jubatus,P,R,K,R,A,G,A,A,K,G,P,A,G,K,R,T,K,T,K,N,P,V,G,T,S,A,T,L,G,N,S,S,P,E,K,T,S,A,S,K,N,C,G,K,N,L,S,S,Y,W,L,M,K,S,E,P,E,S,R,L,E,K,G,V,D,V,K,F,S,I,E,D,L,K,A,Q,P,K,Q,T,A,C,W,D,G,V,R,N,Y,A,R,N,F,L,R,A,M,Q,L,G,Q,E,A,F,F,Y,H,S,N,C,K,E,P,G,I,A,G,L,V,K,I,V,K,E,A,Y,P,D,H,T,Q,F,E,K,N,N,P,H,Y,D,P,S,S,K,E,D,N,P,K,W,S,M,V,D,V,Q,F,V,R,M,M,K,R,Y,I,T,L,A,E,L,K,T,H,Y,Q,A,H,K,T,T,G,G,P,L,K,N,M,A,L,F,T,R,Q,R,L,S,I,Q,P,L,T,R,E,K,M,T,-,-,-,-,-,-,-,-,-,-,-
Felis_catus,P,R,K,R,A,G,S,A,K,G,P,A,G,K,R,T,K,T,K,N,P,V,G,A,S,A,Q,V,V,N,S,S,P,Q,K,T,S,A,S,K,T,C,G,K,N,L,S,S,Y,W,L,M,K,S,E,A,E,S,R,L,E,K,G,V,D,V,K,F,S,I,E,D,L,K,A,Q,P,K,Q,T,A,C,W,D,G,V,R,N,Y,A,R,N,F,L,R,A,M,K,L,E,Q,E,A,F,F,Y,H,S,N,C,K,E,P,G,I,A,G,L,V,K,I,V,K,E,A,Y,P,D,H,T,Q,F,E,K,N,N,P,H,Y,D,P,S,S,K,E,D,N,P,K,W,S,M,V,D,V,Q,F,V,R,M,M,K,R,F,I,T,L,A,E,L,K,T,H,H,Q,A,H,K,A,T,G,G,P,L,K,N,M,A,L,F,S,R,Q,R,L,S,I,Q,P,L,T,Q,E,E,F,D,F,I,L,S,L,E,E,K,E,P,S
Fukomys_damarensis,P,G,K,R,A,G,A,A,K,G,L,S,G,K,R,T,K,T,E,N,S,D,E,T,S,A,Q,V,E,N,S,S,P,Q,T,T,S,D,S,K,K,Y,G,K,N,L,S,N,Y,W,L,M,K,S,E,P,E,S,R,I,E,K,G,V,D,V,K,F,S,I,E,D,L,K,A,Q,P,E,Q,I,A,C,W,D,G,V,R,N,Y,A,R,N,F,L,R,A,M,K,L,E,D,E,A,F,F,Y,H,S,N,C,K,E,P,G,I,V,G,L,M,K,I,V,K,E,A,Y,P,D,H,T,Q,F,E,K,N,N,P,H,Y,D,P,S,S,K,E,D,N,P,K,W,F,M,V,D,V,Q,F,V,R,I,M,K,R,F,I,S,L,A,E,L,K,T,Y,H,Q,A,H,K,A,T,G,G,P,L,K,N,M,A,L,F,T,R,Q,R,L,S,V,Q,S,L,T,Q,-,-,-,-,-,-,-,-,-,-,-,-,-,-,-
Galeopterus_variegatus,P,R,K,R,A,A,A,A,K,G,L,S,G,K,R,T,K,T,E,N,S,G,E,A,S,A,K,V,E,N,S,S,P,Q,K,I,S,D,S,K,N,C,G,K,N,L,S,S,H,W,L,M,K,S,E,P,E,S,R,L,E,K,G,V,D,V,K,F,G,I,E,D,L,K,A,Q,P,K,Q,T,A,C,W,D,G,V,R,N,Y,A,R,N,Y,L,R,A,M,K,L,E,E,E,A,F,F,Y,H,S,N,C,K,E,P,G,I,A,G,L,M,K,I,V,K,E,A,Y,P,D,H,T,Q,F,E,K,N,S,P,Y,Y,D,P,S,S,K,K,D,N,P,K,W,S,M,V,D,V,Q,F,V,R,M,M,K,R,F,I,P,L,A,E,L,K,T,Y,H,Q,A,H,K,G,T,G,G,P,L,K,N,M,V,L,F,T,R,Q,R,L,S,I,Q,P,L,T,Q,E,E,F,D,F,I,L,S,L,E,E,K,E,P,S
Gracilinanus_agilis,-,-,-,-,-,-,-,-,-,-,-,-,-,-,-,-,-,-,-,-,-,-,-,-,-,-,-,-,-,-,-,-,-,-,-,-,-,-,-,-,-,-,-,-,Q,L,K,R,Y,W,L,M,K,S,E,P,E,S,R,L,E,K,G,I,D,V,K,F,G,I,E,D,L,K,A,Q,P,K,Q,T,A,C,W,D,G,V,R,N,Y,A,R,N,F,L,R,T,M,K,L,G,E,K,A,F,F,Y,H,S,N,C,K,E,P,G,I,A,G,L,V,E,I,V,K,E,A,Y,P,D,H,T,Q,F,E,K,D,S,P,H,Y,D,P,S,S,K,K,D,N,P,K,W,S,M,V,D,V,Q,F,V,R,M,T,K,R,F,I,P,L,T,E,L,K,G,H,Y,H,T,H,K,A,I,G,G,P,L,Q,N,M,A,L,F,T,R,Q,R,L,S,V,Q,P,V,T,Q,G,E,F,D,F,I,L,S,L,E,D,K,K,P,N
Grammomys_surdaster,P,R,K,R,T,G,A,A,K,K,L,S,G,K,R,T,K,T,E,N,S,G,S,T,S,V,K,L,E,N,S,S,P,E,K,T,T,T,F,K,N,G,G,K,N,L,N,N,Y,W,L,M,K,S,E,P,E,S,R,L,E,K,G,I,D,M,K,F,S,I,E,D,L,K,A,Q,P,K,Q,T,A,C,W,D,G,V,R,N,Y,A,R,N,F,L,R,A,M,K,L,E,D,E,A,F,F,Y,H,S,N,C,K,Q,P,G,I,V,G,L,M,K,I,V,K,E,A,Y,P,D,H,T,Q,F,E,R,S,N,P,H,Y,D,P,S,S,K,E,D,N,P,K,W,S,M,V,D,V,Q,F,V,R,M,M,K,R,F,I,S,L,D,E,L,K,T,Y,H,Q,T,H,K,A,T,G,G,P,L,Q,S,M,T,L,F,T,R,Q,R,L,S,V,Q,P,L,T,Q,E,E,F,D,F,I,L,S,L,E,E,T,E,P,S
Heterocephalus_glaber,P,W,K,R,A,G,A,A,K,G,L,S,R,K,R,T,K,T,E,N,S,D,E,T,S,A,Q,V,E,N,F,S,P,Q,T,T,S,D,S,K,N,Y,G,K,N,L,S,N,Y,W,L,M,K,S,E,P,E,S,R,L,E,K,G,V,D,V,K,F,S,I,E,D,L,K,A,Q,P,K,Q,T,A,S,W,D,G,V,R,N,Y,A,R,N,F,L,R,A,M,K,L,E,D,E,A,F,F,Y,H,S,N,C,K,E,P,G,I,V,G,L,I,K,I,V,K,E,A,Y,P,D,H,T,Q,F,E,E,N,N,P,H,Y,D,P,S,S,K,E,D,N,P,K,W,F,M,V,D,V,Q,F,V,R,I,M,K,R,F,I,S,L,A,E,L,K,T,Y,H,Q,A,H,K,A,T,G,G,P,L,K,N,M,A,L,F,T,R,Q,R,L,S,V,Q,S,L,T,Q,-,-,-,-,-,-,-,-,-,-,-,-,-,-,-
Hyaena_hyaena,-,-,-,-,-,-,-,-,K,G,P,A,E,K,R,T,K,T,K,N,P,A,G,A,S,S,K,V,V,N,S,N,P,Q,E,T,S,A,S,K,N,C,G,K,N,L,S,S,Y,W,L,M,K,S,E,P,E,S,R,L,E,K,G,V,D,V,K,F,S,I,E,D,L,K,A,Q,P,K,Q,T,A,C,W,D,G,V,R,N,Y,A,R,N,F,L,R,A,M,K,L,E,Q,E,A,F,F,Y,H,S,N,C,K,E,P,G,I,A,G,L,V,K,I,V,K,E,A,Y,P,D,H,T,Q,F,E,K,N,N,P,H,Y,D,P,S,S,K,E,D,N,P,K,W,S,M,V,D,V,Q,F,V,R,M,M,K,R,F,I,T,L,A,E,L,K,T,H,H,Q,A,H,K,A,T,G,G,P,L,K,N,M,A,L,F,S,R,Q,R,L,S,V,Q,P,L,T,Q,E,E,F,D,F,I,L,S,L,E,E,K,E,P,S
Jaculus_jaculus,P,R,K,R,A,G,A,A,R,A,-,S,G,K,C,P,K,T,E,N,L,D,E,A,L,A,K,V,E,K,S,N,H,W,K,T,S,A,F,K,N,H,G,K,I,L,-,N,Y,W,L,M,K,S,E,P,E,S,R,M,E,K,G,V,D,V,K,F,S,I,E,D,L,K,A,Q,P,K,Q,T,A,C,W,D,G,V,R,N,Y,A,R,N,F,L,R,T,M,K,V,E,D,E,A,F,F,Y,H,S,N,C,K,Q,P,G,I,V,G,L,V,K,I,V,K,E,A,Y,P,D,Y,T,Q,F,E,K,N,N,P,H,Y,D,P,S,S,K,E,D,N,P,K,W,S,M,V,D,V,Q,F,V,R,M,M,K,R,F,I,S,L,A,E,L,K,A,Y,H,Q,A,H,R,V,T,G,G,P,L,K,N,M,A,L,F,I,H,Q,R,L,S,V,Q,P,L,T,Q,E,E,F,D,F,I,L,S,L,E,E,M,E,P,N
Lemur_catta,P,Q,K,R,A,G,A,A,K,G,L,S,G,K,R,T,K,T,E,D,A,G,E,V,S,A,K,V,E,N,S,S,P,Q,K,T,S,A,S,K,N,S,V,K,K,L,S,S,Y,W,L,M,K,S,E,P,E,S,R,L,E,K,G,V,D,M,K,F,G,I,E,D,L,K,A,Q,P,K,Q,T,T,C,W,D,G,V,R,N,Y,A,R,N,F,L,R,A,M,K,L,E,E,E,A,F,F,Y,H,S,N,C,K,E,P,G,I,A,G,L,M,K,I,V,K,E,A,Y,P,D,H,T,Q,F,E,K,N,N,P,H,Y,D,P,S,S,K,E,D,N,P,K,W,S,M,V,D,V,Q,F,V,R,M,M,K,R,F,I,P,L,A,E,L,K,T,Y,H,Q,A,H,K,A,T,G,G,P,L,K,N,M,A,L,F,T,R,Q,R,L,S,I,Q,P,L,T,Q,-,-,-,-,-,-,-,-,-,-,-,-,-,-,-
Leptonychotes_weddellii,P,R,K,R,A,G,A,A,K,G,P,A,G,K,R,T,K,T,K,N,P,V,G,A,S,A,T,M,G,N,S,S,P,E,K,T,S,A,S,K,N,C,G,K,N,L,S,S,Y,W,L,M,K,S,E,P,E,S,R,L,E,K,G,V,D,V,K,F,S,I,E,D,L,Q,A,Q,P,K,Q,T,A,C,W,D,G,V,R,N,Y,A,R,N,F,L,R,A,M,Q,L,E,Q,E,A,F,F,Y,H,S,N,C,K,E,P,G,I,A,G,L,V,K,I,V,K,E,A,Y,P,D,H,T,Q,F,E,K,N,S,P,H,Y,D,P,S,S,K,E,D,N,P,K,W,S,M,V,D,V,Q,F,V,R,M,M,K,R,Y,I,T,L,A,E,L,K,T,H,Y,Q,A,H,K,T,T,G,G,P,L,K,N,M,A,L,F,T,R,Q,R,L,S,I,Q,P,L,T,P,E,E,F,D,F,I,L,S,L,E,E,K,E,P,S
Lontra_canadensis,P,R,K,R,S,G,A,A,K,G,P,V,G,K,R,T,K,A,K,N,P,A,G,A,L,A,A,M,G,N,S,S,P,E,K,T,S,A,S,K,N,G,G,K,N,L,S,S,Y,W,L,M,K,S,E,P,E,S,R,L,E,K,G,V,D,V,K,F,S,I,E,D,L,K,A,E,P,K,Q,T,A,C,W,D,G,V,R,N,Y,A,R,N,F,L,R,A,M,K,L,E,Q,E,A,F,F,Y,H,S,N,C,K,E,P,G,I,A,G,L,V,K,I,V,K,E,A,Y,P,D,H,T,Q,F,E,K,N,S,P,Y,Y,D,P,S,S,K,E,D,N,P,K,W,S,M,V,D,V,Q,F,V,R,M,M,K,R,Y,I,T,L,A,E,L,K,T,H,Y,Q,A,H,K,T,T,G,G,P,L,K,D,M,A,L,F,T,R,Q,R,L,S,V,Q,P,L,T,P,E,E,F,Y,F,I,L,S,L,E,E,K,E,P,S
Lynx_canadensis,P,R,K,R,A,G,S,A,K,G,P,A,G,K,R,T,K,T,K,N,P,V,G,A,S,A,Q,V,V,N,S,S,P,Q,K,T,S,A,S,K,T,C,G,K,N,L,S,S,Y,W,L,M,K,S,E,A,E,S,R,L,E,K,G,V,D,V,K,F,S,I,E,D,L,K,A,Q,P,K,Q,T,A,C,W,D,G,V,R,N,Y,A,R,N,F,L,R,A,M,K,L,E,Q,E,A,F,F,Y,H,S,N,C,K,E,P,G,I,A,G,L,V,K,I,V,K,E,A,Y,P,D,H,T,Q,F,E,K,N,N,P,H,Y,D,P,S,S,K,E,D,N,P,K,W,S,M,V,D,V,Q,F,V,R,M,M,K,R,F,I,T,L,A,E,L,K,T,H,H,Q,A,H,K,A,T,G,G,P,L,K,N,M,A,L,F,S,R,Q,R,L,S,I,Q,P,L,T,Q,E,E,F,D,F,I,L,S,L,E,E,K,E,P,S
Manis_javanica,P,R,K,R,A,G,A,A,K,R,P,V,G,K,R,T,K,T,K,N,P,G,E,A,S,P,E,V,E,N,S,S,S,Q,E,T,S,A,S,K,H,C,G,K,N,L,R,S,Y,W,L,M,K,S,E,P,E,S,R,L,E,K,G,V,D,V,K,F,S,I,E,D,L,K,A,Q,P,K,Q,T,A,C,W,D,G,V,R,N,Y,A,R,N,F,L,R,A,M,K,L,E,E,E,A,F,F,Y,H,S,N,C,K,K,P,G,I,A,G,L,M,K,I,V,K,E,A,Y,P,D,H,T,Q,F,E,K,N,N,P,H,Y,D,P,S,S,K,E,D,N,P,K,W,S,M,V,D,V,Q,L,V,R,M,M,K,R,F,I,P,L,A,E,L,K,A,Y,H,Q,A,H,K,T,T,S,G,P,L,K,N,M,V,L,F,T,R,Q,R,L,S,V,Q,P,L,T,Q,E,E,F,D,F,I,L,S,L,E,E,E,E,P,S
Manis_pentadactyla,P,R,K,R,A,G,A,A,K,R,P,V,G,K,R,T,K,T,K,N,P,G,E,A,S,P,E,V,G,N,S,S,S,Q,E,T,S,A,S,K,H,C,G,K,N,L,R,S,Y,W,L,M,K,S,E,P,E,S,R,L,E,K,G,V,D,V,K,F,S,I,E,D,L,K,A,Q,P,K,Q,T,A,C,W,D,G,V,R,N,Y,A,R,N,F,L,R,A,M,K,L,E,E,E,A,F,F,Y,H,S,N,C,K,K,P,G,I,A,G,L,M,K,I,V,K,E,A,Y,P,D,H,T,Q,F,E,K,N,N,P,H,Y,D,P,S,S,K,E,D,N,P,K,W,S,M,V,D,V,Q,L,V,R,M,M,K,R,F,I,P,L,A,E,L,K,A,Y,H,Q,A,H,K,T,T,S,G,P,L,K,N,M,V,L,F,T,R,Q,R,L,S,V,Q,P,L,T,Q,E,E,F,D,F,I,L,S,L,E,E,E,E,-,-
Mastomys_coucha,P,R,K,R,T,G,T,A,K,K,I,S,G,K,R,S,K,T,E,S,S,E,S,T,S,V,K,I,E,N,S,S,L,E,K,T,T,T,F,K,N,G,G,K,N,L,S,N,Y,W,L,M,K,S,E,P,E,S,R,L,E,K,G,I,D,V,K,F,S,I,E,D,L,K,A,Q,P,K,Q,T,A,C,W,D,G,V,R,N,Y,A,R,N,F,L,R,A,M,K,L,E,D,E,A,F,F,Y,H,S,N,C,K,Q,P,G,I,V,G,L,M,K,I,V,K,E,A,Y,P,D,H,T,Q,F,E,K,S,N,P,H,Y,D,P,S,S,K,E,D,N,P,K,W,S,M,V,D,V,Q,F,V,R,M,M,K,R,F,I,P,L,D,E,L,K,T,Y,H,Q,A,H,K,A,T,G,G,P,L,K,S,M,T,L,F,T,R,Q,R,L,S,V,Q,P,L,T,Q,E,E,F,D,F,I,L,S,L,E,E,T,E,P,S
Meles_meles,P,R,K,R,G,R,A,A,K,G,P,A,G,K,R,T,K,T,K,N,P,A,G,A,L,A,A,K,G,N,S,S,P,E,K,A,S,A,S,K,N,C,G,K,N,L,S,S,Y,W,L,M,K,S,E,P,E,S,R,L,E,K,G,V,D,V,K,F,S,I,E,D,L,K,A,E,P,K,Q,T,A,C,W,D,G,V,R,N,Y,A,R,N,F,L,R,A,M,K,L,E,Q,E,A,F,F,Y,H,S,N,C,K,E,P,G,I,A,G,L,V,K,I,V,K,E,A,Y,P,D,H,T,Q,F,E,K,N,S,P,Y,Y,D,P,S,S,K,E,D,N,P,K,W,S,M,V,D,V,Q,F,V,R,M,M,K,R,Y,I,T,L,A,E,L,K,T,H,Y,R,A,H,K,T,T,G,G,P,L,K,D,M,A,L,F,T,R,Q,R,L,S,V,Q,P,L,T,P,E,E,F,Y,F,I,L,S,L,E,E,K,E,P,S
Meriones_unguiculatus,P,R,K,R,T,T,A,A,K,E,L,S,E,K,R,T,K,T,E,N,S,E,N,T,S,V,N,L,E,N,S,S,L,P,K,T,S,A,S,Q,N,C,G,K,N,L,N,N,Y,W,L,M,K,S,E,P,E,S,R,L,E,K,G,V,D,M,K,F,S,I,E,D,L,K,A,Q,P,K,Q,T,A,C,W,D,G,V,R,N,Y,A,R,N,F,L,R,A,M,K,L,E,E,E,A,F,F,Y,H,S,N,C,K,Q,P,G,I,V,G,L,M,K,I,V,K,E,A,Y,P,D,H,T,Q,F,E,K,N,S,P,H,Y,D,P,S,S,K,E,D,N,P,K,W,S,M,V,D,V,Q,F,V,R,M,M,K,R,F,I,S,L,D,E,L,K,A,Y,H,Q,T,H,K,A,T,G,G,P,L,K,S,M,T,L,F,T,R,Q,R,L,S,V,Q,P,L,T,Q,E,E,F,D,F,I,L,S,L,E,G,T,E,P,S
Mesocricetus_auratus,P,R,K,R,T,G,A,A,K,E,L,S,E,K,R,I,K,T,K,N,S,E,N,A,S,A,K,L,E,S,P,S,P,Q,M,T,S,T,S,K,N,C,D,K,N,V,S,N,Y,W,L,M,K,S,E,P,E,S,R,L,E,K,G,V,D,M,K,F,S,I,E,D,L,K,A,Q,P,K,Q,T,A,C,W,D,G,V,R,N,Y,A,R,N,F,L,K,A,M,K,L,E,E,E,A,F,F,Y,H,S,N,C,K,Q,P,G,I,V,G,L,M,K,I,V,K,E,A,Y,P,D,H,T,Q,F,E,K,N,N,P,H,Y,D,P,S,S,K,E,D,N,P,K,W,S,M,V,D,V,Q,F,V,R,M,M,K,R,F,I,S,L,G,E,L,K,A,Y,H,Q,A,H,K,A,T,G,G,P,L,K,S,M,A,L,F,T,R,Q,R,L,S,V,Q,P,L,S,R,E,E,F,D,F,I,L,S,L,E,E,T,E,S,S
Microcebus_murinus,P,Q,K,R,A,G,T,A,K,G,L,P,G,K,R,A,K,T,E,D,A,G,E,I,S,A,K,V,E,N,S,S,L,Q,K,I,S,A,S,K,D,S,V,K,K,L,S,S,Y,W,L,M,K,S,E,P,E,S,R,L,E,K,G,V,D,V,K,F,G,I,E,D,L,K,A,Q,P,K,Q,T,T,C,W,D,G,V,R,N,Y,A,R,N,F,L,R,A,M,K,L,E,E,A,A,F,F,Y,H,S,N,C,K,E,P,G,I,A,G,L,M,K,I,V,K,E,A,Y,P,D,H,T,Q,F,E,K,N,N,P,H,Y,D,P,S,S,K,E,D,D,P,K,W,S,M,V,D,V,Q,F,V,R,M,M,K,R,F,I,P,L,A,E,L,K,T,Y,H,Q,A,H,K,A,T,G,G,P,L,K,N,M,T,L,F,T,R,Q,R,L,S,I,Q,P,L,T,Q,E,E,F,D,F,I,L,S,L,E,E,K,E,P,S
Microtus_fortis,T,R,K,R,T,G,A,A,K,E,P,S,E,K,R,T,K,T,E,S,S,G,D,T,S,T,K,L,E,S,P,S,P,Q,K,T,S,T,S,K,N,G,G,K,N,S,S,N,Y,W,L,M,K,S,E,P,E,S,R,L,E,K,G,V,D,V,K,F,G,I,E,D,L,K,A,Q,P,K,Q,T,A,C,W,D,G,V,R,N,Y,A,R,N,F,L,R,A,M,K,L,E,E,E,A,F,F,Y,H,S,N,C,K,Q,P,G,I,V,G,L,M,K,I,V,K,E,A,Y,P,D,H,T,Q,F,E,K,N,N,P,H,Y,D,P,S,S,K,E,D,N,P,K,W,S,M,V,D,V,Q,F,F,R,M,M,K,R,F,I,P,L,E,E,L,K,A,H,H,H,A,H,K,A,S,G,G,P,L,K,S,M,T,L,F,T,R,Q,R,L,S,V,Q,P,V,T,P,E,E,F,D,F,I,L,S,L,E,E,T,E,P,S
Microtus_ochrogaster,T,R,K,R,T,G,A,A,K,E,P,S,E,K,R,T,K,T,E,S,S,G,D,T,S,A,K,L,E,S,P,S,T,Q,K,T,S,T,S,K,N,N,G,K,N,S,S,N,Y,W,L,M,K,S,E,P,E,S,R,I,E,K,G,V,D,V,K,F,G,I,E,D,L,K,A,Q,P,K,Q,T,A,C,W,D,G,V,R,N,Y,A,R,N,F,L,R,A,M,K,L,E,E,E,A,F,F,Y,H,S,N,C,K,Q,P,G,I,V,G,L,M,K,I,V,K,E,A,Y,P,D,H,T,Q,F,E,K,N,N,P,H,Y,D,P,S,S,K,E,D,N,P,K,W,S,M,V,D,V,Q,F,V,R,M,M,K,R,F,I,P,L,E,E,L,K,A,H,H,H,A,H,K,A,S,G,G,P,L,K,S,M,T,L,F,T,R,Q,R,L,S,V,Q,P,V,T,R,E,E,F,D,F,I,L,S,L,E,E,T,E,P,S
Microtus_oregoni,T,R,K,R,T,G,A,A,K,E,P,S,E,K,R,T,K,T,E,S,S,G,D,T,S,A,K,L,E,S,P,S,P,Q,K,T,S,T,S,K,N,G,G,K,N,S,S,N,Y,W,L,M,K,S,E,P,E,S,R,L,E,K,G,V,D,V,K,F,G,I,E,D,L,K,A,Q,P,K,Q,T,A,C,W,D,G,V,R,N,Y,A,R,N,F,L,R,A,M,K,L,E,E,E,A,F,F,Y,H,S,N,C,K,Q,P,G,I,V,G,L,M,K,I,V,K,E,A,Y,P,D,H,T,Q,F,E,K,N,N,P,H,Y,D,P,S,S,K,E,D,N,P,K,W,S,M,V,D,V,Q,F,V,R,M,M,K,R,F,I,P,L,E,E,L,K,A,H,H,H,A,H,K,A,S,G,G,P,L,K,S,M,T,L,F,T,R,Q,R,L,S,V,Q,P,V,T,R,E,E,F,D,F,I,L,S,L,E,E,T,E,P,S
Mirounga_angustirostris,P,R,K,R,A,G,A,A,K,G,P,A,G,K,R,T,K,T,K,N,P,V,G,A,S,A,T,M,G,N,S,S,P,E,K,A,S,A,S,K,N,C,G,K,N,L,S,S,Y,W,L,M,K,S,E,P,E,S,R,L,E,K,G,V,D,V,K,F,S,I,E,D,L,Q,A,Q,P,K,Q,T,A,C,W,D,G,V,R,N,Y,A,R,N,F,L,R,A,M,Q,L,E,Q,E,A,F,F,Y,H,S,N,C,K,E,P,G,I,A,G,L,V,K,I,V,K,E,A,Y,P,D,H,T,Q,F,E,K,N,S,P,H,Y,D,P,S,S,K,E,D,N,P,K,W,S,M,V,D,V,Q,F,V,R,M,M,K,R,Y,I,T,L,A,E,L,K,T,H,Y,Q,A,H,K,T,T,G,G,P,L,K,N,M,V,L,F,T,R,Q,R,L,S,I,Q,P,L,T,P,E,E,F,D,F,I,L,S,L,E,E,K,E,P,S
Mirounga_leonina,P,R,K,R,A,G,A,A,K,G,P,A,G,K,R,T,K,T,K,N,P,V,G,A,S,A,T,M,G,N,S,S,P,E,K,A,S,A,S,K,N,C,G,K,N,L,S,S,Y,W,L,M,K,S,E,P,E,S,R,L,E,K,G,V,D,V,K,F,S,I,E,D,L,Q,A,Q,P,K,Q,T,A,C,W,D,G,V,R,N,Y,A,R,N,F,L,R,A,M,Q,L,E,Q,E,A,F,F,Y,H,S,N,C,K,E,P,G,I,A,G,L,V,K,I,V,K,E,A,Y,P,D,H,T,Q,F,E,K,N,S,P,H,Y,D,P,S,S,K,E,D,N,P,K,W,S,M,V,D,V,Q,F,V,R,M,M,K,R,Y,I,T,L,A,E,L,K,T,H,Y,Q,A,H,K,T,T,G,G,P,L,K,N,M,V,L,F,T,R,Q,R,L,S,I,Q,P,L,T,P,E,E,F,D,F,I,L,S,L,E,E,K,E,P,S
Monodelphis_domestica,Q,R,K,R,-,-,-,-,-,-,-,-,-,-,-,-,-,-,-,-,-,-,-,-,-,-,-,-,-,-,-,S,P,E,K,N,R,A,T,K,E,S,G,N,E,T,S,R,Y,W,L,M,K,S,E,P,E,S,R,L,E,K,G,I,D,V,K,F,G,I,E,D,L,K,A,Q,P,R,Q,T,A,C,W,D,G,V,R,N,Y,A,R,N,F,L,R,T,M,K,L,G,E,K,A,F,F,Y,H,S,N,C,K,E,P,G,I,A,G,L,V,K,I,V,K,E,A,Y,P,D,H,T,Q,F,E,K,D,S,P,H,Y,D,P,S,S,K,K,D,N,P,K,W,S,M,V,D,V,Q,F,I,R,M,T,K,R,F,I,P,L,A,E,L,K,G,Y,Y,H,A,H,K,D,I,G,G,P,L,Q,N,M,A,L,F,T,R,Q,R,L,S,V,Q,P,V,T,Q,G,E,F,D,F,V,L,S,L,E,D,K,K,P,S
Mus_caroli,P,R,K,R,T,G,T,A,K,K,L,S,G,K,R,T,K,T,E,N,S,E,S,T,S,V,K,L,E,N,S,S,L,E,K,M,T,T,F,K,N,G,G,T,D,L,S,N,Y,W,L,M,K,S,E,P,E,S,R,L,E,K,G,I,D,M,K,F,S,I,E,D,L,K,A,Q,P,K,Q,T,A,C,W,D,G,V,R,N,Y,A,R,N,F,L,R,A,M,K,L,E,D,E,A,F,F,Y,H,S,N,C,K,Q,P,G,I,V,G,L,M,K,I,V,K,E,A,Y,P,D,H,T,Q,F,E,K,S,N,P,H,Y,D,P,S,S,K,E,D,N,P,K,W,S,M,V,D,V,Q,F,V,R,M,M,K,R,F,I,P,L,D,E,L,K,T,Y,H,Q,A,H,K,A,I,G,G,P,L,K,S,M,T,L,F,T,R,Q,R,L,S,V,Q,P,L,T,Q,E,E,F,D,F,I,L,S,L,E,E,T,E,P,S
Mus_musculus,P,R,K,R,T,G,T,A,K,K,L,S,G,K,R,T,K,T,E,N,S,E,S,T,S,V,K,L,E,N,S,S,L,E,M,T,T,T,F,K,N,G,G,K,N,L,S,N,Y,W,L,M,K,S,E,P,E,S,R,L,E,K,G,I,D,M,K,F,S,I,E,D,L,K,A,Q,P,K,Q,T,A,C,W,D,G,V,R,N,Y,A,R,N,F,L,R,A,M,K,L,E,D,E,A,F,F,Y,H,S,N,C,K,Q,P,G,I,V,G,L,M,K,I,V,K,E,A,Y,P,D,H,T,Q,F,E,K,S,N,P,H,Y,D,P,S,S,K,E,D,D,P,K,W,S,M,V,D,V,Q,F,V,R,M,M,K,R,F,I,P,L,E,E,L,K,T,Y,H,Q,A,H,K,A,T,G,G,P,L,K,S,M,T,L,F,T,R,Q,R,L,S,V,Q,P,L,T,Q,E,E,F,D,F,I,L,S,L,E,E,T,E,P,S
Mus_pahari,P,R,K,R,T,G,T,A,R,K,L,S,G,K,R,T,K,T,E,N,S,E,S,T,S,V,K,L,E,N,S,S,L,E,K,T,T,T,F,E,N,G,G,K,N,L,S,N,Y,W,L,M,K,S,E,P,E,S,R,L,E,N,G,I,D,M,K,F,S,I,E,D,L,K,A,Q,P,K,Q,T,T,C,W,D,G,V,R,N,Y,A,R,N,F,L,R,A,M,K,L,E,D,E,A,F,F,Y,H,S,N,C,K,Q,P,G,I,V,G,L,M,K,I,V,K,E,A,Y,P,D,H,T,Q,F,E,K,S,N,P,H,Y,D,P,S,S,K,E,D,N,P,K,W,S,M,V,D,V,Q,F,V,R,M,M,K,R,F,I,P,L,D,E,L,K,T,Y,H,Q,A,H,K,A,T,G,G,P,L,K,S,M,T,L,F,T,R,Q,R,L,S,V,Q,P,L,T,Q,E,E,F,D,F,I,L,S,L,E,E,T,E,P,S
Mustela_erminea,-,-,-,-,G,G,A,A,K,R,P,A,G,K,H,T,K,T,K,N,P,A,G,A,L,A,A,M,G,N,S,S,P,E,K,T,S,D,S,K,N,C,G,K,N,L,S,S,Y,W,L,M,K,S,E,P,E,S,R,L,E,K,G,V,D,V,K,F,S,I,E,D,L,K,A,E,P,K,Q,T,A,C,W,D,G,V,R,N,Y,A,R,N,F,L,R,A,M,K,L,E,Q,E,A,F,F,Y,H,S,N,C,K,E,P,G,I,A,G,L,V,K,I,V,K,E,A,Y,P,D,H,T,Q,F,E,K,N,S,P,Y,Y,D,P,S,S,K,E,D,N,P,K,W,S,M,V,D,V,Q,F,V,R,M,M,K,R,Y,I,T,L,A,E,L,K,T,H,Y,Q,A,H,K,T,T,G,G,P,L,K,D,M,A,L,F,T,R,Q,R,L,S,V,Q,P,L,T,P,E,E,F,Y,F,I,L,S,L,E,E,K,E,P,S
Mustela_putorius_furo,P,R,K,R,G,G,A,A,K,G,P,A,G,K,H,T,K,T,K,N,P,A,G,A,L,A,A,M,G,N,S,S,P,E,K,T,S,A,S,K,N,C,G,K,N,L,S,S,Y,W,L,M,K,S,E,P,E,S,R,L,E,K,G,V,D,V,K,F,S,I,E,D,L,K,A,E,P,K,Q,T,A,C,W,D,G,V,R,N,Y,A,R,N,F,L,R,A,M,K,L,E,Q,E,A,F,F,Y,H,S,N,C,K,E,P,G,I,A,G,L,V,K,I,V,K,E,A,Y,P,D,H,T,Q,F,E,K,N,S,P,Y,Y,D,P,S,S,K,E,D,N,P,K,W,S,M,V,D,V,Q,F,V,R,M,M,K,R,Y,I,T,L,A,E,L,K,T,H,Y,Q,A,H,K,T,T,G,G,P,L,K,D,M,A,L,F,T,R,Q,R,L,S,V,Q,T,L,T,P,E,E,F,Y,F,I,L,S,L,E,E,K,E,P,S
Myodes_glareolus,T,R,K,R,T,G,A,A,K,E,R,S,E,K,R,T,K,T,E,S,S,E,D,T,S,A,K,P,E,S,L,S,P,Q,K,T,P,T,S,K,N,G,G,K,N,S,S,N,Y,W,L,M,K,S,E,P,E,S,R,L,E,K,G,V,D,V,K,F,S,I,E,D,L,Q,A,Q,P,K,Q,T,A,C,W,D,G,V,R,N,Y,A,R,N,F,L,R,A,M,K,L,E,E,E,A,F,F,Y,H,S,N,C,K,Q,P,G,I,V,G,L,M,K,I,V,K,E,A,Y,P,D,H,T,Q,F,E,K,N,N,P,H,Y,D,P,S,S,K,E,D,N,P,K,W,S,M,V,D,V,Q,F,V,R,M,M,K,R,F,I,P,L,E,E,L,K,A,H,H,H,A,H,K,A,S,G,G,P,L,K,S,M,T,L,F,T,R,Q,R,L,S,V,Q,P,V,T,R,E,E,F,D,F,I,L,S,L,E,E,T,E,P,S
Neogale_vison,-,-,-,-,-,-,-,-,K,G,P,A,G,K,Q,T,K,T,K,N,P,A,G,A,L,A,A,M,G,N,S,S,P,E,K,T,S,A,S,K,N,C,G,K,N,L,S,S,Y,W,L,M,K,S,E,P,E,S,R,L,E,K,G,V,D,V,K,F,S,I,E,D,L,K,A,E,P,K,Q,T,A,C,W,D,G,V,R,N,Y,A,R,N,F,L,R,A,M,K,L,E,Q,E,A,F,F,Y,H,S,N,C,K,E,P,G,I,A,G,L,V,K,I,V,K,E,A,Y,P,D,H,T,Q,F,E,K,N,S,P,Y,Y,D,P,S,S,K,E,D,N,P,K,W,S,M,V,D,V,Q,F,V,R,M,M,K,R,Y,I,T,L,A,E,L,K,T,H,Y,Q,A,H,K,T,T,G,G,P,L,K,D,M,A,L,F,T,R,Q,R,L,S,V,Q,P,L,T,P,E,E,F,Y,F,I,L,S,L,E,E,K,E,P,S
Odobenus_rosmarus_divergens,P,R,K,R,A,G,A,A,K,G,P,A,G,K,R,T,K,T,K,N,P,V,G,A,S,A,T,L,G,N,S,S,P,E,K,T,S,A,S,K,N,C,G,K,N,L,S,S,Y,W,L,M,K,S,E,P,E,S,R,L,E,K,G,V,D,V,K,F,S,I,E,D,L,K,A,Q,P,K,Q,T,A,C,W,D,G,V,R,N,Y,A,R,N,F,L,R,A,M,Q,L,G,Q,E,A,F,F,Y,H,S,N,C,K,E,P,G,I,A,G,L,V,K,I,V,K,E,A,Y,P,D,H,T,Q,F,E,K,N,N,P,H,Y,D,P,S,S,K,E,D,N,P,K,W,S,M,V,D,V,Q,F,V,R,M,M,K,R,Y,I,T,L,A,E,L,K,I,H,Y,Q,A,H,K,T,T,G,G,P,L,K,N,M,A,L,F,T,R,Q,R,L,S,I,Q,P,L,T,R,E,E,F,D,F,I,L,S,L,E,E,K,E,P,S
Odocoileus_virginianus_texanus,-,-,-,-,-,-,-,-,K,G,Q,E,G,K,R,T,K,A,Q,N,L,G,G,A,S,A,Q,V,E,N,S,S,L,Q,K,T,P,A,S,E,D,G,G,E,A,L,S,S,Y,W,L,M,K,S,E,P,D,S,R,L,E,K,G,V,D,V,K,F,S,I,E,D,L,Q,A,Q,P,G,Q,T,T,C,W,D,G,V,R,N,Y,A,R,N,F,L,R,A,M,R,L,D,E,Q,A,F,F,Y,H,S,N,C,R,E,P,G,I,A,G,L,M,K,I,V,K,E,A,Y,P,D,H,T,Q,F,E,K,N,N,P,H,Y,D,S,S,S,K,E,D,N,P,K,W,S,M,V,D,V,Q,F,V,R,M,M,R,R,F,I,P,L,A,E,L,R,A,H,H,E,A,H,K,A,S,G,G,P,L,K,N,M,A,L,F,T,R,Q,R,L,S,V,Q,R,L,T,R,-,-,-,-,-,-,-,-,-,-,-,-,-,-,-
Onychomys_torridus,P,R,K,R,T,G,A,A,K,G,L,S,E,K,R,P,K,T,E,N,S,E,N,T,S,A,K,L,E,N,A,S,L,Q,K,T,S,-,-,K,N,C,D,K,N,L,S,N,Y,W,L,M,K,S,E,P,E,S,R,L,E,K,G,V,D,M,K,F,S,I,E,D,L,K,A,Q,P,K,Q,I,A,C,W,D,G,V,R,N,Y,-,-,-,-,-,-,-,-,-,-,-,-,-,-,-,-,-,-,-,-,-,-,-,-,-,-,-,-,-,-,-,-,-,-,-,-,-,-,-,-,-,-,-,-,-,-,-,-,-,-,-,-,-,-,-,-,-,-,-,-,-,-,-,-,-,-,-,-,-,-,-,-,-,-,-,-,-,-,-,-,-,-,-,-,-,-,-,-,-,-,-,-,-,-,-,-,-,-,-,-,-,-,-,-,-,-,-,-,-,-,-,-,-,-,-,-,-,-,-,-,-,-,-,-,-,-,-,-
Ornithorhynchus_anatinus,-,-,-,-,-,-,-,-,-,-,-,-,-,-,-,-,-,-,-,-,-,-,-,-,-,-,-,-,-,-,-,-,-,-,-,-,-,-,-,-,-,-,-,-,-,-,-,-,-,W,L,M,K,S,E,P,E,S,R,L,E,K,G,V,D,V,K,F,S,I,E,D,L,K,A,Q,P,N,Q,T,T,C,W,D,G,V,R,N,Y,A,R,N,F,M,R,R,M,K,V,G,E,E,S,F,F,Y,H,C,N,C,R,H,P,G,I,V,G,V,M,R,V,V,K,T,A,Y,P,D,H,T,Q,F,E,P,K,A,P,H,Y,D,A,S,S,S,K,D,N,P,K,W,C,M,V,D,V,Q,F,V,R,M,T,K,R,L,I,P,L,A,E,L,K,A,Y,H,L,E,H,K,A,S,G,G,P,L,K,A,L,A,L,F,T,R,P,K,L,I,V,Q,P,V,T,P,E,E,F,E,F,I,V,S,L,E,D,K,K,P,T
Orycteropus_afer_afer,T,R,K,R,A,G,T,T,K,G,P,S,R,K,R,I,Q,T,E,N,P,D,G,A,S,A,K,M,E,N,P,S,P,Q,K,I,L,A,S,K,N,Y,G,K,N,P,G,S,H,W,L,M,K,S,E,P,E,S,R,L,E,K,G,V,D,V,K,F,A,I,E,D,L,K,V,Q,P,N,Q,T,A,C,W,D,G,V,R,N,Y,A,R,N,F,L,R,A,M,K,L,E,E,E,V,F,F,Y,H,S,N,C,K,E,P,G,I,A,G,L,M,K,I,V,K,E,A,Y,P,D,H,T,Q,F,E,K,N,N,P,H,Y,D,P,S,S,T,K,D,N,P,K,W,S,M,V,D,V,Q,F,V,R,M,M,K,R,F,I,P,L,A,E,L,K,T,Y,Y,Q,A,H,K,A,T,G,G,P,L,K,D,M,A,L,F,T,C,Q,R,L,S,V,Q,P,L,T,Q,E,E,F,D,F,I,L,S,L,E,E,K,E,P,S
Oryctolagus_cuniculus,P,R,K,R,A,E,T,A,K,R,L,S,E,K,C,T,K,T,E,N,-,-,-,-,S,A,D,V,G,N,C,S,P,Q,K,A,P,T,S,K,N,R,E,K,T,P,H,S,H,W,L,M,K,S,E,P,E,S,R,L,E,K,G,V,D,V,K,F,G,I,E,D,L,K,A,Q,P,K,Q,T,A,C,W,D,G,V,R,N,Y,A,R,N,F,L,R,S,M,K,L,E,E,E,A,F,F,Y,H,S,N,C,K,Q,P,G,I,A,G,L,M,K,I,V,K,E,A,Y,P,D,H,T,Q,F,E,K,N,S,P,H,Y,D,P,S,S,K,E,D,N,P,K,W,S,M,V,D,V,Q,F,V,R,M,M,K,R,F,I,P,L,A,E,L,K,T,Y,H,Q,A,H,K,A,T,G,G,P,L,K,N,M,A,L,F,T,R,Q,R,L,S,V,Q,P,L,T,Q,E,E,F,D,F,I,L,S,L,E,E,K,E,P,S
Oryx_dammah,-,-,-,-,-,-,-,-,K,G,P,E,G,K,R,P,K,T,K,N,L,G,G,A,S,A,Q,V,E,S,S,S,L,Q,R,T,P,A,S,E,D,G,G,E,A,L,G,S,Y,W,L,M,K,S,E,P,E,S,R,L,E,K,G,V,D,V,K,F,S,I,K,D,L,Q,A,Q,P,R,Q,T,T,C,W,D,G,V,R,N,Y,A,R,N,F,L,R,A,M,R,L,D,E,E,A,F,F,Y,H,S,N,C,R,E,P,G,I,A,G,L,V,K,I,V,K,E,A,Y,P,D,H,T,Q,F,E,K,N,N,P,H,Y,D,S,S,S,K,E,D,N,P,K,W,S,M,V,D,V,Q,F,V,R,M,M,K,R,F,I,P,L,A,E,L,R,A,H,H,Q,A,H,K,A,S,G,G,P,L,K,N,M,A,L,F,T,H,Q,R,L,S,V,Q,R,L,T,R,E,E,F,D,F,I,L,S,L,E,E,Q,E,P,S
Otolemur_garnettii,P,Q,K,R,A,A,A,A,K,K,L,S,G,K,R,T,K,T,E,D,A,A,Q,A,S,A,N,I,E,D,S,G,P,Q,K,T,S,A,S,K,N,C,V,K,S,L,S,S,Y,W,L,M,K,S,E,P,E,S,R,L,E,K,G,V,D,V,K,F,G,I,E,D,L,K,A,Q,P,K,Q,T,T,C,W,D,G,V,R,N,Y,A,R,N,F,L,R,A,M,K,L,E,E,A,A,F,F,Y,H,S,N,C,K,E,P,G,I,A,G,L,M,K,I,V,K,E,A,Y,P,D,H,T,Q,F,D,K,N,S,P,Y,Y,D,P,S,S,K,E,D,S,P,K,W,S,M,V,D,V,Q,F,V,R,M,M,K,R,F,I,P,L,A,E,L,K,T,Y,H,Q,A,H,K,A,T,G,G,P,L,K,N,M,A,L,F,T,R,Q,R,L,S,V,Q,P,L,T,Q,E,E,F,D,F,I,L,S,L,E,E,K,E,S,R
Panthera_leo,P,R,K,R,L,A,G,S,K,G,P,A,G,K,R,T,K,T,K,N,P,V,G,A,S,A,Q,V,V,N,S,S,P,Q,K,T,S,A,S,K,T,C,G,K,Y,L,S,S,Y,W,L,M,K,S,E,A,E,S,R,L,E,K,G,V,D,V,K,F,S,I,E,D,L,K,A,Q,P,K,Q,T,A,C,W,D,G,V,R,N,Y,A,R,N,F,L,R,A,M,K,L,E,Q,E,A,F,F,Y,H,S,N,C,K,E,P,G,I,A,G,L,V,K,I,V,K,E,A,Y,P,D,H,T,Q,F,E,K,N,N,P,H,Y,D,P,S,S,K,E,D,N,P,K,W,S,M,V,D,V,Q,F,V,R,M,M,K,R,F,I,T,L,A,E,L,K,T,H,H,Q,A,H,K,A,T,G,G,P,L,K,N,M,A,L,F,S,R,Q,R,L,S,I,Q,P,L,T,Q,E,E,F,D,F,I,L,S,L,E,E,K,E,P,S
Panthera_pardus,P,R,K,R,L,A,G,S,K,G,P,A,G,K,R,T,K,T,K,N,P,V,G,A,S,A,Q,V,V,N,S,S,P,Q,K,T,S,A,S,K,T,C,G,K,Y,L,S,S,Y,W,L,M,K,S,E,A,E,S,R,L,E,E,G,V,D,V,K,F,S,I,E,D,L,K,A,Q,P,K,Q,T,A,C,W,D,G,V,R,N,Y,A,R,N,F,L,R,A,M,K,L,E,Q,E,A,F,F,Y,H,S,N,C,K,E,P,G,I,A,G,L,V,K,I,V,K,E,A,Y,P,D,H,T,Q,F,E,K,N,N,P,H,Y,D,P,S,S,K,E,D,N,P,K,W,S,M,V,D,V,Q,F,V,R,M,M,K,R,F,I,T,L,A,E,L,K,T,H,H,Q,A,H,K,A,T,G,G,P,L,K,N,M,A,L,F,S,R,Q,R,L,S,I,Q,P,L,T,Q,E,E,F,D,F,I,L,S,L,E,E,K,E,P,S
Panthera_uncia,P,R,K,R,A,G,S,A,K,G,P,A,G,K,R,T,K,T,K,N,P,V,G,A,S,A,Q,V,V,N,S,S,P,Q,K,T,S,A,S,K,T,C,G,K,Y,L,S,S,Y,W,L,M,K,S,E,A,E,S,R,L,E,K,G,V,D,V,K,F,S,I,E,D,L,K,A,Q,P,K,Q,T,A,C,W,D,G,V,R,N,Y,A,R,N,F,L,R,A,M,K,L,E,Q,E,A,F,F,Y,H,S,N,C,K,E,P,G,I,A,G,L,V,K,I,V,K,E,A,Y,P,D,H,T,Q,F,E,K,N,N,P,H,Y,D,P,S,S,K,E,D,N,P,K,W,S,M,V,D,V,Q,F,V,R,M,M,K,R,F,I,T,L,A,E,L,K,T,H,H,Q,A,H,K,A,T,G,G,P,L,K,N,M,A,L,F,S,R,Q,R,L,S,I,Q,P,L,T,Q,-,E,F,D,F,I,L,S,L,E,E,K,E,P,S
Perognathus_longimembris_pacificus,P,R,K,R,A,G,T,A,K,G,L,S,G,K,R,S,K,T,S,N,S,D,K,A,P,-,K,E,E,N,S,S,P,Q,K,T,S,A,S,K,T,G,G,N,N,V,S,K,Y,W,L,M,K,S,E,P,E,S,R,L,E,K,G,V,D,V,K,F,G,I,E,D,L,K,A,Q,P,K,Q,T,A,C,W,D,G,V,R,N,Y,A,R,N,F,L,R,A,M,K,L,E,E,E,A,F,F,Y,H,S,N,C,K,E,P,G,I,V,G,L,M,K,I,V,K,E,A,Y,P,D,H,T,Q,F,E,K,N,N,P,H,Y,D,P,S,S,K,E,D,N,P,K,W,S,M,V,D,V,Q,F,V,R,M,M,R,R,F,I,S,L,A,E,L,K,T,Y,Y,Q,A,H,K,T,T,G,G,P,L,K,D,M,A,L,F,T,R,Q,R,L,S,I,Q,P,L,T,Q,E,E,F,D,F,I,L,S,L,E,E,K,E,P,S
Peromyscus_californicus_insignis,P,R,K,R,T,G,A,A,K,G,L,S,E,K,R,S,R,T,E,N,S,E,N,T,S,A,K,L,E,N,A,S,P,Q,K,T,S,T,S,K,N,C,G,K,N,L,S,N,Y,W,L,M,K,S,E,P,E,S,R,L,E,K,G,V,D,V,K,F,S,I,E,D,L,K,A,Q,P,K,Q,I,A,C,W,D,G,V,R,N,Y,A,R,N,F,L,R,A,M,K,L,E,E,D,A,F,F,Y,H,S,N,C,K,Q,P,G,I,V,G,L,M,K,I,V,K,E,A,Y,P,D,H,T,Q,F,E,K,N,N,P,H,Y,D,P,S,S,K,E,D,N,P,K,W,S,M,V,D,V,Q,F,V,R,M,M,K,R,F,I,S,L,D,E,L,K,T,Y,H,Q,A,H,K,A,T,G,G,P,L,K,N,M,T,L,F,T,R,Q,R,L,S,V,Q,P,L,T,R,E,E,F,D,F,I,L,S,L,E,E,T,E,P,S
Peromyscus_leucopus,P,R,K,R,T,G,A,P,K,G,L,S,E,K,R,P,K,T,E,N,S,E,N,T,S,A,K,L,E,N,A,S,P,Q,K,T,S,T,S,K,N,C,G,K,N,L,S,N,Y,W,L,M,K,S,E,P,E,S,R,L,E,K,G,V,D,V,K,F,S,I,E,D,L,K,A,Q,P,K,Q,T,-,C,W,D,G,V,R,N,Y,A,R,N,F,L,R,A,M,K,L,E,E,E,A,F,F,Y,H,S,N,C,K,Q,P,G,I,V,G,L,M,K,I,V,K,E,A,Y,P,D,H,T,Q,F,E,K,N,N,P,H,Y,D,P,S,S,K,E,D,N,P,K,W,S,M,V,D,V,Q,F,V,R,M,M,K,R,F,I,S,L,D,E,L,K,T,Y,H,Q,A,H,K,A,T,G,G,P,L,K,N,M,T,L,F,T,R,Q,R,L,S,V,Q,P,L,T,Q,E,E,F,D,F,I,L,G,L,E,E,T,E,P,S
Peromyscus_maniculatus_bairdii,P,R,K,R,T,G,A,P,K,G,L,S,E,K,R,P,K,T,E,N,S,E,N,T,S,A,K,L,E,N,A,S,P,Q,K,T,S,T,S,K,N,C,G,K,N,L,S,N,Y,W,L,M,K,S,E,P,E,S,R,L,E,K,G,V,D,V,K,F,S,I,E,D,L,K,A,Q,P,K,Q,T,A,C,W,D,G,V,R,N,Y,A,R,N,F,L,R,A,M,K,L,E,E,E,A,F,F,Y,H,S,N,C,K,Q,P,G,I,V,G,L,M,K,I,V,K,E,A,Y,P,D,H,T,Q,F,E,K,N,N,P,H,Y,D,P,S,S,K,E,D,N,P,K,W,S,M,V,D,V,Q,F,V,R,M,M,K,R,F,I,S,L,D,E,L,K,T,Y,H,Q,A,H,K,A,T,G,G,P,L,K,N,M,T,L,F,T,R,Q,R,L,S,V,Q,P,L,T,Q,-,-,-,-,-,-,-,-,-,-,-,-,-,-,-
Phascolarctos_cinereus,Q,R,K,R,S,R,G,A,E,A,P,S,G,K,R,T,K,-,-,-,-,-,-,-,-,-,-,-,-,-,-,S,P,K,K,D,Q,A,T,K,R,C,G,N,E,L,S,G,Y,W,L,M,K,S,E,P,E,S,R,L,E,K,G,V,D,V,K,F,G,I,E,D,L,K,S,Q,P,K,Q,T,A,C,W,D,G,V,R,N,Y,A,R,N,F,L,R,A,M,K,V,G,E,E,A,F,F,Y,H,S,N,C,K,E,P,G,I,A,G,L,M,K,I,V,K,E,A,Y,P,D,H,T,Q,F,E,K,D,S,P,H,Y,D,P,S,S,K,K,D,N,P,K,W,S,M,V,D,V,Q,F,I,R,T,T,K,R,F,I,P,L,A,E,L,K,V,H,H,Q,A,H,K,A,N,G,G,P,L,E,N,M,A,L,F,T,R,Q,R,L,S,V,Q,P,L,T,Q,G,E,F,D,F,V,L,S,L,E,E,K,K,T,S
Phoca_vitulina,P,R,K,R,A,G,A,A,K,G,P,A,G,K,R,T,K,T,K,N,P,V,G,T,S,A,T,M,G,N,S,S,P,E,K,T,S,A,S,K,N,C,G,K,N,L,S,S,Y,W,L,M,K,S,E,P,E,S,R,L,E,K,G,V,D,V,K,F,S,I,E,D,L,Q,A,Q,P,K,Q,T,A,C,W,D,G,V,R,N,Y,A,R,N,F,L,R,A,M,Q,L,E,Q,E,A,F,F,Y,H,S,N,C,K,E,P,G,I,A,G,L,V,K,I,V,K,E,A,Y,P,D,H,T,Q,F,E,K,N,S,P,H,Y,D,P,S,S,K,E,D,N,P,K,W,S,M,V,D,V,Q,F,V,R,M,M,K,R,Y,I,T,L,A,E,L,K,T,H,Y,Q,A,H,K,T,T,G,G,P,L,K,N,M,A,L,F,T,R,Q,R,L,S,I,Q,P,L,T,P,E,E,F,D,F,I,L,S,L,E,E,K,E,P,S
Phodopus_roborovskii,P,R,K,R,I,G,A,T,K,E,L,S,E,K,R,T,K,T,E,N,S,E,N,T,S,A,K,L,G,S,S,S,P,Q,K,T,S,T,S,K,N,G,G,K,N,V,S,S,Y,W,L,M,K,S,E,P,E,S,R,L,E,K,G,V,D,V,K,F,S,I,E,D,L,K,A,Q,P,K,Q,I,A,C,W,D,G,V,R,N,Y,A,R,N,F,L,R,A,M,K,L,E,E,E,A,F,F,Y,H,S,N,C,K,Q,P,G,I,V,G,L,M,K,I,V,K,E,A,Y,P,D,H,T,Q,F,E,K,N,N,P,H,Y,D,P,S,S,K,E,D,N,P,K,W,S,M,V,D,V,Q,F,V,R,M,M,K,R,F,I,S,L,D,E,L,K,V,Y,H,Q,T,H,K,A,T,G,G,P,L,K,S,M,T,L,F,T,R,Q,R,L,S,V,Q,P,L,T,Q,E,E,F,D,F,I,L,S,L,E,E,T,E,P,S
Prionailurus_bengalensis_euptilurus,-,-,-,-,-,-,-,-,-,-,-,-,-,-,-,-,-,-,-,-,-,-,-,-,-,-,-,-,-,-,-,-,-,-,-,-,-,-,-,-,-,-,-,-,-,-,-,-,-,-,-,-,-,-,-,-,-,-,-,-,-,-,-,-,-,-,-,-,-,-,-,-,-,-,-,-,-,-,-,-,-,-,-,-,-,-,-,-,-,-,-,-,-,-,-,-,-,-,-,-,-,-,-,-,-,-,-,-,-,-,-,-,-,-,-,-,-,-,-,-,-,-,-,-,-,-,-,-,-,-,-,-,-,-,-,-,-,-,-,-,-,-,-,-,-,-,-,-,-,-,-,-,-,-,-,-,-,-,-,-,-,-,-,-,-,-,-,-,-,-,-,-,-,-,-,-,-,-,-,-,-,-,-,-,-,-,-,-,-,-,-,-,-,-,-,-,-,-,-,-,-,-,-,-,-,-,-,-,-,-,-,-,-,-,-,-,-
Puma_concolor,P,R,K,R,A,G,S,A,K,G,P,A,G,K,R,T,K,T,K,N,P,V,G,A,S,A,Q,V,V,N,S,S,P,Q,K,T,S,A,S,K,T,C,G,K,N,L,S,S,Y,W,L,M,K,S,E,A,E,S,R,L,E,K,G,V,D,V,K,F,S,I,E,D,L,K,A,Q,P,K,Q,T,A,C,W,D,G,V,R,N,Y,A,R,N,F,L,R,A,M,K,L,E,Q,E,A,F,F,Y,H,S,N,C,K,E,P,G,I,A,G,L,V,K,I,V,K,E,A,Y,P,D,H,T,Q,F,E,K,N,N,P,H,Y,D,P,S,S,K,E,D,N,P,K,W,S,M,V,D,V,Q,F,V,R,M,M,K,R,F,I,T,L,A,E,L,K,T,H,H,Q,A,H,K,A,T,G,G,P,L,K,N,M,A,L,F,S,R,Q,R,L,S,I,Q,P,L,T,Q,E,E,F,D,F,I,L,T,L,E,E,K,E,P,S
Puma_yagouaroundi,P,R,K,R,A,G,S,A,K,G,P,A,G,K,R,T,K,T,K,N,P,V,G,A,S,A,Q,V,V,N,S,S,P,Q,K,T,S,A,S,K,T,C,G,K,N,L,S,S,Y,W,L,M,K,S,E,A,E,S,R,L,E,K,G,V,D,V,K,F,S,I,E,D,L,K,A,Q,P,K,Q,T,A,C,W,D,G,V,R,N,Y,A,R,N,F,L,R,A,M,K,L,E,Q,E,A,F,F,Y,H,S,N,C,K,E,P,G,I,A,G,L,V,K,I,V,K,E,A,Y,P,D,H,T,Q,F,E,K,N,N,P,H,Y,D,P,S,S,K,E,D,N,P,K,W,S,M,V,D,V,Q,F,V,R,M,M,K,R,F,I,T,L,A,E,L,K,T,H,H,Q,A,H,K,A,T,G,G,P,L,K,N,M,A,L,F,S,R,Q,R,L,S,I,Q,P,L,T,Q,E,E,F,D,F,I,L,S,L,E,E,K,E,P,S
Rattus_norvegicus,P,R,K,R,A,G,A,A,K,Q,L,S,G,K,R,T,K,T,E,N,S,E,S,A,S,V,K,L,E,N,S,S,L,E,K,T,T,T,F,K,T,C,G,K,N,L,S,N,Y,W,L,M,K,S,E,P,E,S,R,L,E,K,G,I,D,M,K,F,S,I,E,D,L,Q,A,Q,P,K,Q,T,T,C,W,D,G,V,R,N,Y,A,W,N,F,L,R,A,M,K,L,E,D,E,A,F,F,Y,H,S,N,C,K,Q,P,G,I,V,G,L,M,K,I,V,K,E,A,Y,P,D,H,T,Q,F,E,K,N,D,P,H,Y,D,P,S,S,K,E,D,N,P,K,W,S,M,V,D,V,Q,F,V,R,M,M,K,R,F,I,S,L,D,E,L,K,T,Y,H,Q,A,H,K,A,T,G,G,P,L,K,S,M,T,L,F,T,R,Q,R,L,S,V,Q,P,L,T,Q,E,E,F,D,F,I,L,S,L,E,E,A,E,P,S
Rattus_rattus,P,R,K,R,T,G,A,A,K,Q,L,S,G,K,R,T,K,T,E,N,S,E,S,V,S,V,K,L,E,N,S,S,L,E,K,T,T,T,F,K,T,C,G,K,N,L,S,N,Y,W,L,M,K,S,E,P,E,S,R,L,E,K,G,I,D,M,K,F,S,I,E,D,L,Q,A,Q,P,K,Q,T,T,C,W,D,G,V,R,N,Y,A,R,N,F,L,R,A,M,K,L,E,D,E,A,F,F,Y,H,S,N,C,K,Q,P,G,I,V,G,L,I,K,I,V,K,E,A,Y,P,D,H,T,Q,F,E,K,N,D,P,H,Y,D,P,S,S,K,E,D,N,P,K,W,S,M,V,D,V,Q,F,V,R,M,M,K,R,F,I,S,L,D,E,L,K,T,Y,H,Q,A,H,K,A,T,G,G,P,L,K,S,M,T,L,F,T,R,Q,R,L,S,V,Q,P,L,T,Q,E,E,F,D,F,I,L,S,L,E,E,A,E,P,S
Sarcophilus_harrisii,-,-,-,-,-,-,-,-,-,-,P,S,G,K,R,T,K,-,-,-,-,-,-,-,-,-,-,-,-,-,-,-,-,-,-,-,-,-,-,-,-,-,-,-,-,-,S,R,Y,W,L,M,K,S,E,P,E,S,R,M,E,K,G,V,D,V,K,F,G,I,E,D,L,K,A,Q,P,K,Q,T,A,C,W,D,G,V,R,N,Y,A,R,N,F,L,R,A,M,K,V,G,E,E,A,F,F,Y,H,S,N,C,K,E,P,G,I,A,G,L,M,K,I,V,K,E,A,Y,P,D,H,T,Q,F,E,K,G,S,P,H,Y,D,P,S,S,K,K,D,N,P,K,W,S,V,V,D,V,Q,F,I,R,M,T,K,R,F,I,P,L,A,E,L,K,V,H,H,Q,A,H,K,A,S,G,G,P,L,E,N,M,A,L,F,T,R,Q,R,L,S,V,Q,P,L,T,K,G,E,F,D,F,V,L,S,L,E,D,K,K,P,S
Suncus_etruscus,-,-,-,-,-,-,-,-,-,-,-,-,-,-,-,-,-,-,-,-,-,-,-,-,-,-,-,-,-,-,-,-,-,-,-,-,-,-,-,-,-,-,-,-,-,-,-,S,Y,W,L,M,K,S,E,P,E,S,R,L,E,K,G,V,D,V,K,F,S,I,E,D,L,Q,A,E,P,K,Q,T,A,C,W,D,G,V,R,N,Y,A,R,N,F,L,R,A,M,K,L,E,E,K,A,F,F,Y,H,S,N,C,R,E,P,G,I,A,G,L,V,K,I,V,K,E,A,Y,P,D,H,T,Q,F,E,K,C,N,P,H,Y,D,P,S,S,K,E,D,N,P,K,W,S,M,V,D,V,Q,F,V,R,L,M,K,R,F,I,P,L,A,E,L,K,T,H,H,Q,A,H,K,V,S,G,G,P,L,R,N,M,L,L,F,T,R,Q,R,L,S,I,Q,P,L,T,P,E,E,F,E,F,I,L,S,L,E,-,-,-,-,-
Sus_scrofa,A,R,K,R,A,G,A,A,K,G,P,E,G,K,R,T,K,T,K,N,E,C,E,A,S,A,K,V,E,N,S,G,L,Q,E,T,S,A,S,E,D,C,G,K,N,L,N,R,Y,W,L,M,K,S,E,P,E,S,R,L,E,K,G,V,D,V,K,F,S,I,E,D,L,K,A,Q,P,K,Q,T,T,C,W,D,G,V,R,N,Y,A,R,N,F,L,R,A,M,K,L,E,E,D,A,F,F,Y,H,S,N,C,R,K,P,G,I,A,G,L,M,K,I,V,K,E,A,Y,P,D,H,T,Q,F,E,K,N,S,P,H,Y,D,P,S,S,K,E,D,N,P,K,W,S,M,V,D,V,Q,F,V,R,M,M,K,R,F,I,P,L,A,E,L,K,T,H,H,Q,A,H,R,A,T,G,G,P,L,K,N,M,V,L,F,T,R,Q,R,L,S,V,Q,P,L,T,R,E,E,F,D,F,I,L,S,L,E,E,K,E,P,S
Tachyglossus_aculeatus,-,-,-,-,-,-,-,-,-,-,-,-,-,-,-,-,-,-,-,-,-,-,-,-,-,-,-,-,-,-,-,-,-,-,-,-,-,-,-,-,-,-,-,-,-,-,-,-,-,W,L,M,K,S,E,P,E,S,R,L,E,K,G,V,D,V,K,F,S,I,E,D,L,K,V,Q,P,N,Q,T,T,C,W,D,G,V,R,N,Y,A,R,N,F,M,R,R,M,K,V,G,E,E,S,F,F,Y,H,C,N,C,R,H,P,G,I,V,G,V,M,R,V,V,K,T,A,Y,P,D,H,T,Q,F,E,P,K,A,P,H,Y,D,A,S,S,S,K,D,N,P,K,W,C,M,V,D,V,Q,F,V,R,M,T,K,R,L,I,P,L,A,E,L,K,A,Y,H,L,E,H,K,A,S,G,G,P,L,K,A,L,A,L,F,T,R,P,K,L,I,V,Q,P,V,T,P,E,E,F,D,F,I,V,S,L,E,D,K,K,P,T
Talpa_occidentalis,P,R,K,R,A,G,A,A,K,G,P,A,G,K,R,T,K,A,K,N,T,D,E,T,S,A,K,V,E,N,S,S,P,Q,K,I,A,A,S,K,N,C,E,K,S,L,S,S,Y,W,L,M,K,S,E,P,E,S,R,L,E,K,G,V,D,V,K,F,S,I,E,D,L,K,A,Q,P,K,Q,M,A,C,W,D,G,V,R,N,Y,A,R,N,F,L,R,A,M,R,L,E,E,K,A,F,F,Y,H,S,N,C,K,E,P,G,I,A,G,L,M,K,I,V,K,E,A,Y,P,D,H,T,Q,F,E,K,N,N,P,H,Y,D,P,S,S,K,E,D,N,P,K,W,S,M,V,D,V,Q,F,V,R,M,M,K,R,F,I,P,L,A,E,L,K,T,H,H,Q,A,H,K,A,T,G,G,P,L,K,N,M,A,L,F,T,R,Q,R,L,S,V,Q,P,L,T,Q,E,E,F,D,F,I,L,S,L,E,E,K,E,P,S
Trichechus_manatus_latirostris,P,R,K,R,T,G,A,A,K,G,P,S,G,K,R,T,K,T,G,N,P,D,E,T,S,A,K,M,E,N,S,S,P,Q,K,T,S,A,T,N,N,C,G,K,N,P,S,S,H,W,L,M,K,S,E,P,E,S,R,L,E,K,G,V,D,V,K,F,G,I,E,D,L,K,A,Q,P,N,Q,T,A,C,W,D,G,V,R,N,Y,A,R,N,F,L,R,A,M,K,L,E,E,E,A,F,F,Y,H,S,N,C,K,E,P,G,I,A,G,L,M,K,I,V,K,E,A,Y,P,D,H,T,Q,F,E,K,K,S,P,H,Y,D,P,S,S,K,K,D,N,P,K,W,S,M,V,D,V,Q,F,V,R,M,M,K,R,F,I,P,L,A,E,L,K,T,H,H,K,A,H,K,A,T,G,G,P,L,K,D,V,A,L,F,T,C,Q,R,L,S,V,Q,P,L,T,Q,E,E,F,N,F,I,L,S,L,E,E,K,E,A,S
Trichosurus_vulpecula,Q,R,K,R,-,-,-,-,-,-,P,S,G,K,R,T,K,-,-,-,-,-,-,-,-,-,-,-,-,-,-,-,-,-,-,-,-,-,-,-,-,-,-,-,-,-,-,-,Y,W,L,M,K,S,E,P,E,S,R,L,E,K,G,I,D,V,K,F,G,I,E,D,L,K,A,Q,P,K,Q,T,A,C,W,D,G,V,R,N,Y,A,R,N,F,L,R,A,M,K,L,G,E,E,A,F,F,Y,H,S,N,C,K,E,P,G,I,A,G,L,V,K,I,V,K,E,A,Y,P,D,H,T,Q,F,E,K,N,S,P,H,Y,D,P,S,S,K,K,D,N,P,K,W,S,M,V,D,V,Q,F,I,R,M,T,K,R,F,I,P,L,A,E,L,K,V,H,H,Q,A,H,K,A,N,G,G,P,L,E,N,M,A,L,F,T,R,Q,R,L,S,V,Q,P,L,T,Q,G,E,F,E,F,V,L,S,L,E,D,K,K,P,S
Ursus_arctos_horribilis,-,-,-,-,-,-,-,-,-,-,-,-,-,-,-,-,-,-,-,-,-,-,-,-,-,-,-,-,-,-,-,-,-,-,-,-,-,-,-,-,-,-,-,-,-,-,-,-,-,-,-,-,-,-,-,-,-,-,-,-,-,-,-,-,-,-,-,-,-,-,-,-,-,-,-,-,-,-,-,-,-,-,-,-,-,-,-,-,-,-,-,-,-,-,-,-,-,-,-,-,-,-,-,-,-,-,-,-,-,-,-,-,-,-,-,-,-,-,-,-,-,-,-,-,-,-,-,-,-,-,-,-,-,-,-,-,-,-,-,-,-,-,-,-,-,-,-,-,-,-,-,-,-,-,-,-,-,-,-,-,-,-,-,-,-,-,-,-,-,-,-,-,-,-,-,-,-,-,-,-,-,-,-,-,-,-,-,-,-,-,-,-,-,-,-,-,-,-,-,-,-,-,-,-,-,-,-,-,-,-,-,-,-,-,-,-,-
Vombatus_ursinus,Q,R,K,R,S,G,C,A,E,A,P,S,G,K,R,T,K,-,-,-,-,-,-,-,-,-,-,-,-,-,-,S,P,K,K,D,Q,A,S,K,H,C,G,N,E,P,S,A,Y,W,L,M,K,S,E,P,E,S,R,L,E,K,G,I,D,V,K,F,G,I,E,D,L,K,A,Q,P,K,Q,T,A,C,W,D,G,V,R,N,Y,A,R,N,F,L,R,A,M,K,L,G,E,E,A,F,F,Y,H,S,N,C,K,E,P,G,I,A,G,L,M,K,I,V,K,E,A,Y,P,D,H,T,Q,F,E,K,D,S,P,H,Y,D,P,S,S,K,K,D,N,P,K,W,S,M,V,D,V,Q,F,I,R,M,T,K,R,F,I,P,L,A,E,L,K,V,H,H,Q,A,H,K,A,N,G,G,P,L,Q,N,M,A,L,F,T,R,Q,R,L,S,V,Q,P,L,T,Q,G,E,F,D,F,V,L,S,L,E,D,K,K,P,S
Vulpes_lagopus,P,R,K,R,A,G,A,A,K,R,P,A,G,K,R,T,K,T,R,K,P,T,G,T,S,A,R,V,G,D,S,S,P,E,K,T,S,A,S,K,N,C,G,N,N,Q,S,S,Y,W,L,M,K,S,E,P,Q,S,R,I,E,K,G,V,D,V,K,F,S,I,E,D,L,K,A,E,P,K,Q,T,A,C,W,D,G,V,R,N,Y,A,R,N,F,L,R,A,M,K,L,E,Q,K,A,F,F,Y,H,S,N,C,K,E,P,G,I,A,G,L,V,K,I,V,K,E,A,Y,P,D,H,T,Q,F,E,K,N,N,P,Y,Y,D,P,S,S,K,E,D,N,P,K,W,S,M,V,D,V,Q,F,V,R,L,M,K,R,Y,I,T,L,T,E,L,K,A,N,H,Q,A,H,K,A,T,G,G,P,L,K,N,M,A,L,F,T,H,P,R,L,S,V,Q,P,L,T,P,E,E,F,E,F,I,L,S,L,E,E,K,E,P,S
Vulpes_vulpes,-,-,-,-,-,-,-,-,K,R,P,A,G,K,R,T,K,T,R,K,P,T,G,T,S,A,R,V,G,D,S,S,P,E,K,T,S,A,S,K,N,C,G,N,N,Q,S,S,Y,W,L,M,K,S,E,P,Q,S,R,I,E,K,G,V,D,V,K,F,S,I,E,D,L,K,A,E,P,K,Q,T,A,C,W,D,G,V,R,N,Y,A,R,N,F,L,R,A,M,K,L,E,Q,K,A,F,F,Y,H,S,N,C,K,E,P,G,I,A,G,L,V,K,I,V,K,E,A,Y,P,D,H,T,Q,F,E,K,N,N,P,Y,Y,D,P,S,S,K,E,D,N,P,K,W,S,M,V,D,V,Q,F,V,R,L,M,K,R,Y,I,T,L,T,E,L,K,A,N,H,Q,A,H,K,A,T,G,G,P,L,K,N,M,A,L,F,T,H,P,R,L,S,V,Q,P,L,T,P,E,E,F,E,F,I,L,S,L,E,E,K,E,P,S
Zalophus_californianus,P,R,K,R,A,G,A,A,K,G,P,A,G,K,R,T,K,T,K,N,P,V,G,T,S,A,T,L,G,N,S,S,P,E,K,T,S,A,S,K,N,C,G,K,N,L,S,S,Y,W,L,M,K,S,E,P,E,S,R,L,E,K,G,V,D,V,K,F,S,I,E,D,L,K,A,Q,P,K,Q,T,A,C,W,D,G,V,R,N,Y,A,R,N,F,L,R,A,M,Q,L,G,Q,E,A,F,F,Y,H,S,N,C,K,E,P,G,I,A,G,L,V,K,I,V,K,E,A,Y,P,D,H,T,Q,F,E,K,N,N,P,H,Y,D,P,S,S,K,E,D,N,P,K,W,S,M,V,D,V,Q,F,V,R,M,M,K,R,Y,I,T,L,A,E,L,K,T,H,Y,Q,A,H,K,T,T,G,G,P,L,K,N,M,A,L,F,T,R,Q,R,L,S,I,Q,P,L,T,R,E,E,F,D,F,I,L,S,L,E,E,K,E,P,S
shrew_mole,P,R,K,R,A,G,S,A,N,G,P,S,G,K,L,T,K,T,K,N,T,G,D,T,S,A,K,V,E,N,S,S,L,Q,K,T,A,A,S,K,N,C,E,R,-,-,-,S,Y,W,L,M,K,S,E,P,E,T,R,L,E,K,G,V,D,V,K,F,S,I,E,D,L,K,A,Q,P,K,Q,T,A,C,W,D,G,V,R,N,Y,A,R,N,F,L,R,A,M,K,L,E,E,K,A,F,F,Y,H,S,N,C,K,E,P,G,I,A,G,L,M,K,I,V,K,E,A,Y,P,D,H,T,Q,F,E,K,N,N,P,H,Y,D,P,S,S,K,E,D,N,P,K,W,S,M,V,D,V,E,F,V,R,M,M,K,R,F,I,P,L,A,E,L,K,T,H,H,Q,A,H,K,A,N,S,G,P,L,K,N,M,A,L,F,T,R,Q,R,L,S,V,Q,P,L,T,Q,E,E,F,D,F,I,L,S,L,E,E,K,E,P,N
ZWS,P,Q,K,R,L,A,R,S,K,R,Q,A,E,K,R,A,K,A,N,N,P,T,E,P,S,V,R,Q,E,G,S,G,P,Q,-,A,P,G,T,K,N,G,A,K,T,S,V,N,Y,W,L,M,K,S,E,P,E,S,R,L,H,R,G,V,D,M,K,F,S,I,E,D,L,K,A,Q,P,Q,Q,T,A,C,W,D,G,V,R,N,Y,A,R,N,F,M,R,A,M,K,V,E,E,K,A,F,F,Y,H,S,N,C,K,Q,P,G,I,V,G,L,M,K,I,V,K,E,A,Y,P,D,H,T,Q,F,E,R,H,N,P,H,Y,D,P,S,S,S,A,E,N,P,K,W,S,M,V,D,V,Q,Y,V,R,M,M,K,R,F,I,S,L,A,E,L,K,I,C,H,K,A,H,K,V,T,G,G,P,L,Q,S,M,T,L,F,N,R,Q,R,L,S,V,Q,P,V,T,Q,E,E,F,D,F,I,M,S,L,E,E,K,E,P,I
