,TMEM267 0,TMEM267 1,TMEM267 2,TMEM267 3,TMEM267 4,TMEM267 5,TMEM267 6,TMEM267 7,TMEM267 8,TMEM267 9,TMEM267 10,TMEM267 11,TMEM267 12,TMEM267 13,TMEM267 14,TMEM267 15,TMEM267 16,TMEM267 17,TMEM267 18,TMEM267 19,TMEM267 20,TMEM267 21,TMEM267 22,TMEM267 23,TMEM267 24,TMEM267 25,TMEM267 26,TMEM267 27,TMEM267 28,TMEM267 29,TMEM267 30,TMEM267 31,TMEM267 32,TMEM267 33,TMEM267 34,TMEM267 35,TMEM267 36,TMEM267 37,TMEM267 38,TMEM267 39,TMEM267 40,TMEM267 41,TMEM267 42,TMEM267 43,TMEM267 44,TMEM267 45,TMEM267 46,TMEM267 47,TMEM267 48,TMEM267 49,TMEM267 50,TMEM267 51,TMEM267 52,TMEM267 53,TMEM267 54,TMEM267 55,TMEM267 56,TMEM267 57,TMEM267 58,TMEM267 59,TMEM267 60,TMEM267 61,TMEM267 62,TMEM267 63,TMEM267 64,TMEM267 65,TMEM267 66,TMEM267 67,TMEM267 68,TMEM267 69,TMEM267 70,TMEM267 71,TMEM267 72,TMEM267 73,TMEM267 74,TMEM267 75,TMEM267 76,TMEM267 77,TMEM267 78,TMEM267 79,TMEM267 80,TMEM267 81,TMEM267 82,TMEM267 83,TMEM267 84,TMEM267 85,TMEM267 86,TMEM267 87,TMEM267 88,TMEM267 89,TMEM267 90,TMEM267 91,TMEM267 92,TMEM267 93,TMEM267 94,TMEM267 95,TMEM267 96,TMEM267 97,TMEM267 98,TMEM267 99,TMEM267 100,TMEM267 101,TMEM267 102,TMEM267 103,TMEM267 104,TMEM267 105,TMEM267 106,TMEM267 107,TMEM267 108,TMEM267 109,TMEM267 110,TMEM267 111,TMEM267 112,TMEM267 113,TMEM267 114,TMEM267 115,TMEM267 116,TMEM267 117,TMEM267 118,TMEM267 119,TMEM267 120,TMEM267 121,TMEM267 122,TMEM267 123,TMEM267 124,TMEM267 125,TMEM267 126,TMEM267 127,TMEM267 128,TMEM267 129,TMEM267 130,TMEM267 131,TMEM267 132,TMEM267 133,TMEM267 134,TMEM267 135,TMEM267 136,TMEM267 137,TMEM267 138,TMEM267 139,TMEM267 140,TMEM267 141,TMEM267 142,TMEM267 143,TMEM267 144,TMEM267 145,TMEM267 146,TMEM267 147,TMEM267 148,TMEM267 149,TMEM267 150,TMEM267 151,TMEM267 152,TMEM267 153,TMEM267 154,TMEM267 155,TMEM267 156,TMEM267 157,TMEM267 158,TMEM267 159,TMEM267 160,TMEM267 161,TMEM267 162,TMEM267 163,TMEM267 164,TMEM267 165,TMEM267 166,TMEM267 167,TMEM267 168,TMEM267 169,TMEM267 170,TMEM267 171,TMEM267 172,TMEM267 173,TMEM267 174,TMEM267 175,TMEM267 176,TMEM267 177,TMEM267 178,TMEM267 179,TMEM267 180,TMEM267 181,TMEM267 182,TMEM267 183,TMEM267 184,TMEM267 185,TMEM267 186,TMEM267 187,TMEM267 188,TMEM267 189,TMEM267 190,TMEM267 191,TMEM267 192,TMEM267 193,TMEM267 194,TMEM267 195,TMEM267 196,TMEM267 197,TMEM267 198,TMEM267 199,TMEM267 200,TMEM267 201,TMEM267 202,TMEM267 203,TMEM267 204,TMEM267 205,TMEM267 206,TMEM267 207,TMEM267 208,TMEM267 209,TMEM267 210,TMEM267 211,TMEM267 212,TMEM267 213,TMEM267 214
Chrysochloris_asiatica,-,-,-,-,-,-,-,-,-,-,-,-,-,-,-,-,-,-,-,-,-,-,-,-,-,-,-,-,-,-,-,-,-,-,-,-,-,-,-,-,-,-,-,-,-,-,-,-,-,-,-,-,-,-,-,-,-,-,-,-,-,-,-,-,-,-,-,-,-,-,-,-,-,-,-,-,-,-,-,-,-,-,-,-,-,-,-,-,-,-,-,-,-,-,-,-,-,-,-,-,-,-,-,-,-,-,-,-,-,-,-,-,-,-,-,-,-,-,-,-,-,-,-,-,-,-,-,-,-,-,-,-,-,-,-,-,-,-,-,-,-,-,-,-,-,-,-,-,-,-,-,-,-,-,-,-,-,-,-,-,-,-,-,-,-,-,-,-,-,-,-,-,-,-,-,-,-,-,-,-,-,-,-,-,-,-,-,-,-,-,-,-,-,-,-,-,-,-,-,-,-,-,-,-,-,-,-,-,-,-,-,-,-,-,-
Balaenoptera_acutorostrata_scammoni,M,A,S,E,T,E,K,T,H,A,L,L,Q,S,C,S,T,E,S,L,I,S,S,L,G,L,G,I,F,C,L,V,A,D,R,L,L,Q,F,S,I,I,Q,Q,N,D,W,L,R,A,L,S,D,N,S,V,H,C,V,I,G,M,W,S,W,A,I,V,I,G,I,K,K,K,T,D,I,G,E,I,I,L,A,G,F,L,A,S,V,I,D,I,D,H,F,F,L,A,G,S,L,S,L,K,A,A,I,T,L,P,R,R,P,F,L,H,C,S,T,V,I,P,A,V,V,L,T,L,K,F,T,M,H,L,F,K,L,K,D,S,W,C,F,L,P,W,M,L,F,I,S,W,T,S,H,H,V,R,D,G,I,R,H,G,L,W,I,C,P,F,G,E,T,S,P,L,P,F,W,L,Y,V,I,I,T,S,S,L,P,H,I,C,S,F,V,M,Y,F,T,G,T,S,Q,V,M,S,S,K,H,G,I,H,I,D,V
Balaenoptera_musculus,M,A,S,E,T,E,K,T,H,A,L,L,Q,S,C,S,T,E,S,L,I,S,S,L,G,L,G,I,F,C,L,V,A,D,R,L,L,Q,F,S,I,I,Q,Q,N,D,W,L,R,A,L,S,D,N,S,V,H,C,V,I,G,M,W,S,W,A,I,V,I,G,I,K,K,K,T,D,I,G,E,I,I,L,A,G,F,L,A,S,V,I,D,I,D,H,F,F,L,A,G,S,L,S,L,K,A,A,I,T,L,P,R,R,P,F,L,H,C,S,T,V,I,P,A,V,V,L,T,L,K,F,T,M,H,L,F,K,L,K,D,S,W,C,F,L,P,W,M,L,F,I,S,W,T,S,H,H,V,R,D,G,I,R,H,G,L,W,I,C,P,F,G,E,T,S,P,L,P,F,W,L,Y,V,I,I,T,S,S,L,P,H,I,C,S,F,V,M,Y,F,T,G,T,S,Q,V,M,S,S,K,H,G,I,H,I,D,V
Echinops_telfairi,M,A,S,E,T,E,K,T,H,A,L,L,Q,S,C,S,T,E,S,L,L,S,S,F,G,L,G,I,F,C,L,V,A,D,R,L,L,Q,F,S,T,I,Q,Q,N,T,W,L,R,A,L,S,D,N,A,V,H,C,V,I,G,M,W,S,W,A,V,V,I,G,V,K,K,K,T,D,L,G,E,I,I,L,A,G,F,L,A,S,I,I,D,I,D,H,F,F,L,A,G,S,L,S,L,K,A,A,L,T,L,P,R,R,P,S,L,H,C,S,T,V,I,P,I,V,A,L,A,L,K,L,A,M,H,L,F,K,L,K,D,S,W,C,F,L,P,W,M,L,F,I,S,W,T,S,H,H,I,R,D,G,I,R,H,G,L,W,L,C,P,F,G,K,T,S,P,V,P,F,W,L,Y,V,I,I,T,S,S,L,P,H,I,C,S,F,V,M,C,L,T,G,T,R,Q,V,L,S,S,K,H,G,I,R,I,D,V
Delphinapterus_leucas,M,A,S,E,T,E,K,T,H,A,L,L,Q,S,C,S,T,E,S,L,I,S,S,L,G,L,G,I,F,C,L,V,A,D,R,L,L,Q,F,S,I,I,Q,Q,N,D,W,L,R,A,L,S,D,N,S,V,H,C,V,I,G,M,W,S,W,A,I,V,I,G,I,K,K,K,T,D,I,G,E,I,V,L,A,G,F,L,A,S,V,I,D,I,D,H,F,F,L,A,G,S,L,S,L,K,A,A,I,T,L,P,R,R,P,F,L,H,C,S,T,V,I,P,A,V,V,L,T,L,K,F,T,M,H,L,F,K,L,K,D,S,W,C,F,L,P,W,M,L,F,I,S,W,T,S,H,H,V,R,D,G,I,R,H,G,L,W,I,C,P,F,G,E,T,S,P,L,P,F,W,L,Y,V,I,I,T,S,S,L,P,H,I,C,S,F,V,M,Y,F,T,G,T,N,Q,V,M,S,S,K,H,G,N,Y,I,D,V
Globicephala_melas,M,A,S,E,T,E,K,T,H,A,L,L,Q,S,C,S,T,E,S,L,I,S,S,L,G,L,G,I,F,C,L,V,A,D,R,L,L,Q,F,S,I,I,Q,R,N,D,W,L,R,A,L,S,D,N,S,V,H,C,V,I,G,M,W,S,W,A,I,V,I,G,I,K,K,K,T,D,I,G,E,I,V,L,A,G,F,L,A,S,V,I,D,I,D,H,F,F,L,A,G,S,L,S,L,K,A,A,I,T,L,P,R,R,P,F,L,H,C,S,T,V,I,P,A,V,V,L,T,L,K,F,M,M,H,L,F,K,L,K,D,S,W,C,C,L,P,W,M,F,F,I,S,W,T,S,H,H,I,R,D,A,I,R,H,G,L,W,I,C,P,F,G,E,T,S,P,L,P,F,W,L,Y,V,I,I,T,S,S,L,P,H,I,C,S,F,V,M,Y,F,T,G,T,S,Q,V,M,S,S,K,H,G,N,Y,I,D,V
Lagenorhynchus_obliquidens,M,A,S,E,T,E,K,T,H,A,L,L,Q,S,C,S,T,E,S,L,I,S,S,L,G,L,G,I,F,C,L,V,A,D,R,L,L,Q,F,S,I,I,Q,R,N,D,W,L,R,A,L,S,D,N,S,V,H,C,V,I,G,M,W,S,W,A,I,V,I,G,I,K,K,K,T,D,I,G,E,I,V,L,A,G,F,L,A,S,V,I,D,I,D,H,F,F,L,A,G,S,L,S,L,K,A,A,I,T,L,P,R,R,P,F,L,H,C,S,T,V,I,P,A,V,V,L,T,L,K,F,T,M,H,L,F,K,L,K,D,S,W,C,C,L,P,W,M,L,F,I,S,W,T,S,H,H,I,R,D,A,I,R,H,G,L,W,I,C,P,F,G,E,T,S,P,L,P,F,W,L,Y,V,I,I,T,S,S,L,P,H,I,C,S,F,V,M,Y,F,T,G,T,S,Q,V,M,S,S,K,H,G,N,Y,I,D,V
Lipotes_vexillifer,M,A,S,E,T,E,K,T,H,A,L,L,Q,S,C,S,T,E,S,L,I,S,S,L,G,L,G,I,F,C,L,V,A,D,R,L,L,Q,F,S,I,I,Q,Q,N,D,W,L,R,A,L,S,D,N,S,V,H,C,M,I,G,M,W,S,W,A,I,V,I,G,I,K,K,K,T,D,I,G,E,I,V,L,A,G,F,L,A,S,V,I,D,I,D,H,F,F,L,A,G,S,L,S,L,K,A,A,I,T,L,P,R,R,P,F,L,H,C,S,T,V,I,P,A,V,V,L,T,L,K,F,T,M,H,L,F,K,L,K,D,S,W,C,F,L,P,W,M,L,F,I,S,W,T,S,H,H,V,R,D,G,I,R,H,G,L,W,I,C,P,F,G,E,T,S,P,L,P,F,W,L,Y,V,I,I,T,S,S,L,P,H,I,C,S,F,V,M,Y,F,T,G,T,S,Q,V,M,S,S,K,H,G,N,Y,I,H,V
Monodon_monoceros,M,A,S,E,T,E,K,T,H,A,L,L,Q,S,C,S,T,E,S,L,I,S,S,L,G,L,G,I,F,C,L,V,A,D,R,L,L,Q,F,S,I,I,Q,Q,N,D,W,L,R,A,L,S,D,N,S,V,H,C,V,I,G,M,W,S,W,A,I,V,I,G,I,K,K,K,T,D,I,G,E,I,V,L,A,G,F,L,A,S,V,I,D,I,D,H,F,F,L,A,G,S,L,S,L,K,A,A,I,T,L,P,R,R,P,F,L,H,C,S,T,V,I,P,A,V,V,L,T,L,K,F,T,M,H,L,F,K,L,K,D,S,W,C,F,L,P,W,M,L,F,I,S,W,T,S,H,H,V,R,D,G,I,R,H,G,L,W,I,C,P,F,G,E,T,S,P,L,P,F,W,L,Y,V,I,I,T,S,S,L,P,H,I,C,S,F,V,M,Y,F,T,G,T,N,Q,V,M,S,S,K,H,G,N,Y,I,D,V
Neophocaena_asiaeorientalis_asiaeorientalis,M,A,S,E,T,E,K,T,H,A,L,L,Q,S,C,S,T,E,S,L,I,S,S,L,G,L,G,I,F,C,L,V,A,D,R,L,L,Q,F,S,I,I,Q,R,N,D,W,L,R,A,L,S,D,N,S,V,H,C,V,I,G,M,W,S,W,A,I,V,I,G,I,K,K,K,T,D,I,G,E,I,V,L,A,G,F,L,A,S,V,I,D,I,D,H,F,F,L,A,G,S,L,S,L,K,A,A,I,T,L,P,R,R,P,F,L,H,C,S,T,V,I,P,A,V,V,L,T,L,K,F,T,M,H,L,F,K,L,K,D,S,W,C,F,L,P,W,M,L,F,I,S,W,T,S,H,H,V,R,D,G,I,R,H,G,L,W,I,C,P,F,G,E,T,S,P,L,P,F,W,L,Y,V,I,I,T,S,S,L,P,H,I,C,S,F,V,M,Y,F,T,G,T,S,Q,V,M,S,S,K,H,G,N,Y,I,D,V
Orcinus_orca,M,A,S,E,T,E,K,T,H,A,L,L,Q,S,C,S,T,E,S,L,I,S,S,L,G,L,G,I,F,C,L,V,A,D,R,L,L,Q,F,S,I,I,Q,R,N,D,W,L,R,V,L,S,D,N,S,V,H,C,V,I,G,M,W,S,W,A,I,V,I,G,I,K,K,K,T,D,I,G,E,I,V,L,A,G,F,L,A,S,V,I,D,I,D,H,F,F,L,A,G,S,L,S,L,K,A,A,I,T,L,P,R,R,P,F,L,H,C,S,T,V,I,P,A,V,V,L,T,L,K,F,T,M,H,L,F,K,L,K,D,S,W,C,C,L,P,W,M,L,F,I,S,W,T,S,H,H,V,R,D,A,I,R,H,G,L,W,I,C,P,F,G,E,T,S,P,L,P,F,W,L,Y,V,I,I,T,S,S,L,P,H,I,C,S,F,V,M,Y,F,T,G,T,S,Q,V,M,S,S,K,H,G,N,Y,I,D,V
Phocoena_sinus,M,A,S,E,T,E,K,T,H,A,L,L,Q,S,C,S,T,E,S,L,I,S,S,L,G,L,G,I,F,C,L,V,A,D,R,L,L,Q,F,S,I,I,Q,R,N,D,W,L,R,A,L,S,D,N,S,V,H,C,V,I,G,M,W,S,W,A,I,V,I,G,I,K,K,K,T,D,I,G,E,I,V,L,A,G,F,L,A,S,V,I,D,I,D,H,F,F,L,A,G,S,L,S,L,K,A,A,I,T,L,P,R,R,P,F,L,H,C,S,T,V,I,P,A,V,V,L,T,L,K,F,T,M,H,L,F,K,L,K,D,S,W,C,F,L,P,W,M,L,F,I,S,W,T,S,H,H,V,R,D,G,I,R,H,G,L,W,I,C,P,F,G,E,T,S,P,L,P,F,W,L,Y,V,I,I,T,S,S,L,P,H,I,C,S,F,V,M,Y,F,T,G,T,S,Q,V,M,S,S,K,H,G,N,Y,I,D,V
Physeter_catodon,M,A,S,E,T,E,K,T,H,A,L,L,Q,S,C,S,T,E,S,L,I,S,S,L,G,L,G,I,F,C,L,V,A,D,R,L,L,Q,F,S,I,I,Q,Q,N,D,W,L,R,A,L,S,D,N,S,V,H,C,V,I,G,M,W,S,W,A,I,V,I,G,I,K,K,K,T,D,I,G,E,I,V,L,A,G,F,L,A,S,V,I,D,I,D,H,F,F,L,A,G,S,L,S,L,K,A,A,I,T,L,P,R,R,P,F,L,H,C,S,T,V,I,P,A,V,V,L,T,L,K,F,M,M,H,L,F,K,L,K,D,S,W,C,F,L,P,W,M,L,F,I,S,W,T,S,H,H,V,R,D,G,I,R,H,G,L,W,I,C,P,F,G,E,T,S,P,L,P,F,W,L,Y,V,I,I,T,S,S,L,P,H,I,C,S,F,V,M,Y,F,T,G,T,S,Q,V,M,S,S,K,H,G,I,H,I,D,V
Tursiops_truncatus,M,A,S,E,T,E,K,T,H,A,L,L,Q,S,C,S,T,E,S,L,I,S,S,L,G,L,G,I,F,C,L,V,A,D,R,L,L,Q,F,S,I,I,Q,R,N,D,W,L,R,A,L,S,D,N,S,V,H,C,V,I,G,M,W,S,W,A,I,V,I,G,I,K,K,K,T,D,I,G,E,I,V,L,A,G,F,L,A,S,V,I,D,I,D,H,F,F,L,A,G,S,L,S,L,K,A,A,L,T,L,P,R,R,P,F,L,H,C,S,T,V,I,P,A,V,V,L,T,L,K,F,M,M,H,L,F,K,L,K,D,S,W,C,C,L,P,W,M,L,F,I,S,W,T,S,H,H,V,R,D,A,I,R,H,G,L,W,I,C,P,F,G,E,T,S,P,L,P,F,W,L,Y,V,I,I,T,S,S,L,P,H,I,C,S,F,V,M,Y,F,T,G,T,S,Q,V,M,S,S,K,H,G,N,Y,I,D,V
Acinonyx_jubatus,M,A,S,E,A,E,K,T,H,A,L,L,Q,S,C,S,T,E,S,L,F,S,S,L,G,L,G,I,F,C,L,V,A,D,R,L,L,Q,F,S,I,I,Q,Q,N,D,W,L,R,A,L,S,D,N,A,V,H,C,V,I,G,M,W,L,W,A,I,V,I,G,V,K,K,T,T,D,F,G,E,I,I,L,A,G,F,L,A,S,V,I,D,V,D,H,F,F,L,A,G,S,L,S,L,K,A,A,L,T,L,P,R,R,P,F,L,H,C,S,T,V,I,P,V,V,A,L,T,L,K,F,T,M,H,L,F,K,L,K,D,S,W,C,F,L,P,W,M,L,F,I,S,W,T,S,H,H,I,R,D,G,I,R,H,G,L,W,I,C,P,F,G,K,T,S,P,L,P,F,W,L,Y,V,I,I,T,S,S,L,P,H,I,C,S,F,V,M,Y,L,T,G,T,R,Q,M,M,S,A,K,H,G,I,Q,I,D,V
Acomys_russatus,M,A,S,E,V,E,K,I,H,A,L,P,Q,C,C,S,T,E,S,L,I,S,S,L,G,L,G,I,F,C,L,V,A,D,R,L,L,Q,F,S,V,I,Q,Q,H,D,W,L,R,A,L,S,D,N,T,V,H,G,V,I,G,M,W,S,W,A,V,A,I,G,I,K,K,K,T,D,F,G,E,V,L,L,A,G,F,L,A,S,V,I,D,I,D,H,F,F,L,A,R,S,L,S,L,K,A,A,L,T,L,P,R,R,P,F,L,H,C,S,T,V,V,P,I,T,V,L,C,V,K,L,M,T,H,L,L,K,L,R,D,S,W,S,F,L,P,W,M,L,F,I,S,W,T,S,H,H,I,R,D,G,I,R,H,G,L,W,I,C,P,F,G,K,T,P,P,L,P,H,W,L,Y,V,I,S,T,L,F,L,P,H,V,C,S,L,L,M,Y,L,T,G,T,R,Q,M,M,S,P,K,Y,G,M,R,I,D,V
Arvicanthis_niloticus,M,A,S,K,V,E,K,T,R,A,L,L,P,C,C,S,I,E,S,L,I,C,S,V,G,L,G,I,F,C,L,V,A,D,R,L,L,R,F,S,I,I,Q,Q,N,N,W,L,R,A,L,S,D,N,I,V,H,G,V,I,G,L,W,S,W,A,V,V,I,G,I,R,K,K,S,D,F,G,E,V,L,L,A,G,F,L,A,S,V,I,D,I,D,H,F,V,Q,A,R,S,L,S,L,Q,A,A,L,T,L,P,R,R,P,F,L,H,C,S,T,V,I,P,I,T,V,V,S,V,K,L,A,M,H,L,F,K,L,R,D,S,W,R,F,L,P,W,M,I,F,I,S,W,T,S,H,H,I,R,D,G,I,R,H,G,L,W,I,C,P,F,G,K,T,P,P,L,P,F,W,F,Y,V,I,S,T,L,S,L,P,H,M,C,S,F,L,M,Y,L,T,G,T,R,Q,T,M,S,S,K,H,G,M,R,I,D,V
Bison_bison_bison,M,A,S,E,T,E,K,T,H,A,L,L,Q,S,C,S,T,E,S,L,L,S,S,L,G,L,G,L,F,C,T,V,A,D,R,L,L,Q,F,P,I,I,Q,Q,N,A,W,L,R,A,L,S,D,N,S,V,H,C,V,I,G,M,W,S,W,A,I,V,I,G,I,R,K,K,T,D,F,G,E,I,I,L,A,G,F,L,A,S,V,I,D,I,D,H,F,L,L,S,G,S,L,S,L,K,A,A,L,S,L,P,R,R,P,F,L,H,C,S,T,V,I,P,T,V,V,L,T,L,K,F,T,M,H,F,F,K,L,K,D,S,W,C,F,L,P,W,M,L,F,I,S,W,T,S,H,H,I,R,D,G,I,R,H,G,L,W,M,C,P,F,G,K,T,S,P,L,P,F,W,L,Y,V,I,I,T,S,S,L,P,H,I,C,S,F,V,M,Y,F,T,G,T,R,Q,M,M,S,S,K,H,G,I,H,I,D,V
Bos_indicus,M,A,S,E,T,E,K,T,H,A,L,L,Q,S,C,S,T,E,S,L,L,S,S,L,G,L,G,L,F,C,T,V,A,D,R,L,L,Q,F,P,I,I,Q,Q,N,A,W,L,R,A,L,S,D,N,S,V,H,C,V,I,G,M,W,S,W,A,I,V,I,G,I,R,K,K,T,D,F,G,E,I,I,L,A,G,F,L,A,S,V,I,D,I,D,H,F,L,L,S,G,S,L,S,L,K,A,A,L,S,L,P,R,R,P,F,L,H,C,S,T,V,I,P,T,V,V,L,T,L,K,F,T,M,H,F,F,K,L,K,D,S,W,C,F,L,P,W,M,L,F,I,S,W,T,S,H,H,I,R,D,G,I,R,H,G,L,W,M,C,P,F,G,K,T,S,P,L,P,F,W,L,Y,V,I,I,T,S,S,L,P,H,I,C,S,F,V,M,Y,F,T,G,T,R,Q,M,M,S,S,K,H,G,I,H,I,D,V
Bos_mutus,M,A,S,E,T,E,K,T,H,A,L,L,Q,S,C,S,T,E,S,L,L,S,S,L,G,L,G,L,F,C,T,V,A,D,R,L,L,Q,F,P,I,I,Q,Q,N,A,W,L,R,A,L,S,D,N,S,V,H,C,V,I,G,M,W,S,W,A,I,V,I,G,I,R,K,K,T,D,F,G,E,I,I,L,A,G,F,L,A,S,V,I,D,I,D,H,F,L,L,S,G,S,L,S,L,K,A,A,L,S,L,P,R,R,P,F,L,H,C,S,T,V,I,P,T,V,V,L,T,L,K,F,T,M,H,F,F,K,L,K,D,S,W,C,F,L,P,W,M,L,F,I,S,W,T,S,H,H,I,R,D,G,I,R,H,G,L,W,M,C,P,F,G,K,T,S,P,L,P,F,W,L,Y,V,I,I,T,S,S,L,P,H,I,C,S,F,V,M,Y,F,T,G,T,R,Q,M,M,S,S,K,H,G,I,H,I,D,V
Bos_taurus,M,A,S,E,T,E,K,T,H,A,L,L,Q,S,C,S,T,E,S,L,L,S,S,L,G,L,G,L,F,C,T,V,A,D,R,L,L,Q,F,P,I,I,Q,Q,N,A,W,L,R,A,L,S,D,N,S,V,H,C,V,I,G,M,W,S,W,A,I,V,I,G,I,R,K,K,T,D,F,G,E,I,I,L,A,G,F,L,A,S,V,I,D,I,D,H,F,L,L,S,G,S,L,S,L,K,A,A,L,S,L,P,R,R,P,F,L,H,C,S,T,V,I,P,T,V,V,L,T,L,K,F,T,M,H,F,F,K,L,K,D,S,W,C,F,L,P,W,M,L,F,I,S,W,T,S,H,H,I,R,D,G,I,R,H,G,L,W,M,C,P,F,G,K,T,S,P,L,P,F,W,L,Y,V,I,I,T,S,S,L,P,H,I,C,S,F,V,M,Y,F,T,G,T,R,Q,M,M,S,S,K,H,G,I,H,I,D,V
Bubalus_bubalis,M,A,S,E,T,E,K,T,H,A,L,L,Q,T,C,S,T,E,S,L,L,S,S,L,G,L,G,L,F,C,T,V,A,D,R,L,L,Q,F,P,I,I,Q,Q,N,A,W,L,R,A,L,S,D,N,S,V,H,C,V,I,G,M,W,S,W,A,I,V,I,G,I,R,K,K,T,D,F,G,E,I,I,L,A,G,F,L,A,S,V,I,D,I,D,H,F,L,L,S,G,S,L,S,L,K,A,A,L,S,L,P,R,R,P,F,L,H,C,S,T,V,I,P,T,V,V,L,T,L,K,F,T,M,H,F,F,K,L,K,D,S,W,C,F,L,P,W,M,L,F,I,S,W,T,S,H,H,I,R,D,G,I,R,H,G,L,W,I,C,P,F,G,K,T,S,P,L,P,F,W,L,Y,V,I,I,T,S,S,L,P,H,I,C,S,F,V,M,Y,F,T,G,T,R,Q,M,M,S,S,K,H,G,I,H,I,D,V
Budorcas_taxicolor,M,A,S,E,T,E,K,T,H,A,L,L,Q,S,C,S,T,E,S,L,L,S,S,L,G,L,G,L,F,C,A,V,A,D,R,L,L,Q,F,P,I,I,Q,Q,N,A,W,L,R,A,L,S,D,N,S,V,H,C,V,I,G,M,W,S,W,A,I,V,I,G,I,R,K,K,T,D,F,G,E,I,I,L,A,G,F,L,A,S,V,I,D,I,D,H,F,L,L,S,G,S,M,S,L,K,A,A,L,S,L,P,R,R,P,F,L,H,C,S,T,V,I,P,T,V,V,L,T,L,K,F,T,M,H,F,F,K,L,K,D,S,W,C,F,L,P,W,M,L,F,I,S,W,T,S,H,H,I,R,D,G,I,R,H,G,L,W,I,C,P,F,G,K,T,S,P,L,P,F,W,L,Y,V,I,I,T,S,S,L,P,H,I,C,S,F,V,M,Y,F,T,G,T,R,Q,M,M,S,S,K,H,G,I,H,I,D,V
Callithrix_jacchus,M,A,S,E,T,E,K,T,H,A,L,L,Q,T,C,S,T,E,S,L,I,S,S,L,G,L,G,V,F,C,L,V,A,D,R,L,L,Q,F,S,T,I,Q,Q,N,D,W,L,R,A,L,S,D,N,A,V,H,C,V,I,G,M,W,S,W,A,V,V,I,G,I,K,K,K,T,D,F,G,E,I,I,L,A,G,F,L,A,S,V,I,D,V,D,H,F,F,L,A,G,S,L,S,L,K,A,A,L,T,L,P,R,R,P,F,L,H,C,S,S,V,I,P,V,V,V,L,T,L,K,F,T,M,H,L,F,K,L,K,D,S,W,C,F,L,P,W,M,L,F,I,S,W,T,S,H,H,I,R,D,G,I,R,H,G,L,W,I,C,P,F,G,K,T,S,P,L,P,F,W,L,Y,V,I,I,T,S,S,L,P,H,I,C,S,F,I,M,Y,L,T,G,T,R,Q,M,M,S,S,K,H,G,I,R,I,D,V
Camelus_bactrianus,M,A,S,E,T,E,K,T,H,A,L,L,Q,S,C,S,P,G,S,L,I,S,S,L,G,L,G,L,F,C,F,V,A,D,R,L,L,Q,F,S,V,I,Q,Q,N,D,W,L,R,A,L,S,D,N,S,V,H,C,M,I,G,M,W,S,W,A,I,V,I,G,I,K,K,K,T,D,F,G,E,I,V,L,A,G,F,L,A,S,V,I,D,V,D,H,F,F,L,A,G,S,L,S,L,K,A,A,L,A,L,P,R,R,P,F,L,H,C,S,T,V,I,P,V,V,V,L,T,L,K,F,T,M,H,L,F,K,L,K,D,S,W,C,F,L,P,W,M,L,F,I,S,W,T,S,H,H,V,R,D,G,I,R,H,G,L,W,M,C,P,F,G,K,T,S,P,L,P,F,W,L,Y,V,I,I,T,S,S,L,P,H,I,C,S,F,I,M,Y,F,T,G,T,R,Q,M,M,S,S,K,H,G,I,H,I,D,V
Camelus_dromedarius,M,A,S,E,T,E,K,T,H,A,L,L,Q,S,C,S,P,G,S,L,I,S,S,L,G,L,G,L,F,C,F,V,A,D,R,L,L,Q,F,S,V,I,Q,Q,N,D,W,L,R,A,L,S,D,N,S,V,H,C,M,I,G,M,W,S,W,A,I,V,I,G,I,K,K,K,T,D,F,G,E,I,V,L,A,G,F,L,A,S,V,I,D,V,D,H,F,F,L,A,G,S,L,S,L,K,A,A,L,A,L,P,R,R,P,F,L,H,C,S,T,V,I,P,V,V,V,L,T,L,K,F,T,M,H,L,F,K,L,K,D,S,W,C,F,L,P,W,M,L,F,I,S,W,T,S,H,H,V,R,D,G,I,R,H,G,L,W,M,C,P,F,G,K,T,S,P,L,P,F,W,L,Y,V,I,I,T,S,S,L,P,H,I,C,S,F,I,M,Y,F,T,G,T,R,Q,M,M,S,S,K,H,G,I,H,I,D,V
Camelus_ferus,M,A,S,E,T,E,K,T,H,A,L,L,Q,S,C,S,P,G,S,L,I,S,S,L,G,L,G,L,F,C,F,V,A,D,R,L,L,Q,F,S,V,I,Q,Q,N,D,W,L,R,A,L,S,D,N,S,V,H,C,M,I,G,M,W,S,W,A,I,V,I,G,I,K,K,K,T,D,F,G,E,I,V,L,A,G,F,L,A,S,V,I,D,V,D,H,F,F,L,A,G,S,L,S,L,K,A,A,L,A,L,P,R,R,P,F,L,H,C,S,T,V,I,P,V,V,V,L,T,L,K,F,T,M,H,L,F,K,L,K,D,S,W,C,F,L,P,W,M,L,F,I,S,W,T,S,H,H,V,R,D,G,I,R,H,G,L,W,M,C,P,F,G,K,T,S,P,L,P,F,W,L,Y,V,I,I,T,S,S,L,P,H,I,C,S,F,I,M,Y,F,T,G,T,R,Q,M,M,S,S,K,H,G,I,H,I,D,V
Capra_hircus,M,A,S,E,T,E,K,T,H,A,L,L,Q,S,C,S,T,E,S,L,L,S,S,L,G,L,G,L,F,C,T,V,A,D,R,L,L,Q,F,P,I,I,Q,Q,N,A,W,L,R,A,L,S,D,N,S,V,H,C,V,I,G,M,W,S,W,A,I,V,I,G,I,R,K,K,T,D,F,G,E,I,I,L,A,G,F,L,A,S,F,I,D,I,D,H,F,L,L,S,G,S,M,S,L,K,A,A,L,S,L,P,R,R,P,F,L,H,C,S,T,V,I,P,T,V,V,L,T,L,K,F,T,M,H,F,F,K,L,K,D,S,W,C,F,L,P,W,M,L,F,I,S,W,T,S,H,H,I,R,D,G,I,R,H,G,L,W,I,C,P,F,G,K,T,S,P,L,P,F,W,L,Y,V,I,I,T,S,S,L,P,H,I,C,S,F,V,M,Y,F,T,G,T,R,Q,M,M,S,S,K,H,G,I,H,I,D,V
Cebus_imitator,M,A,S,E,T,E,K,T,H,A,L,L,Q,T,C,S,T,E,S,L,I,S,S,L,G,L,G,V,F,C,L,V,A,D,R,L,L,Q,F,S,T,I,Q,Q,N,D,W,L,R,A,L,S,D,N,A,V,H,C,V,I,G,M,W,S,W,A,V,V,I,G,I,K,K,K,T,D,F,G,E,I,I,L,A,G,F,L,A,S,A,I,D,V,D,H,F,F,L,A,G,S,L,S,L,K,A,A,L,T,L,P,R,R,P,F,L,H,C,S,S,V,I,P,V,V,V,L,T,L,K,F,T,M,H,L,F,K,L,K,D,S,W,C,F,L,P,W,M,L,F,I,S,W,T,S,H,H,I,R,D,G,I,R,H,G,L,W,I,C,P,F,G,K,T,S,P,L,P,F,W,L,Y,V,I,I,T,S,S,L,P,H,I,C,S,F,I,M,Y,L,T,G,T,R,Q,M,M,S,S,K,H,G,I,R,I,D,V
Ceratotherium_simum_simum,M,A,S,E,T,E,M,T,H,A,L,L,Q,S,C,S,P,E,S,L,I,S,S,L,G,L,G,I,F,S,L,V,A,D,R,L,L,Q,F,S,I,I,Q,Q,N,D,W,L,R,A,L,S,D,N,A,V,H,C,V,I,G,M,W,S,W,A,I,V,I,G,V,K,K,K,T,D,F,G,E,V,I,L,A,G,F,L,A,S,V,I,D,V,D,H,F,L,L,A,G,S,L,S,L,K,A,A,L,T,L,P,R,R,P,F,L,H,C,S,T,V,I,P,V,V,A,L,T,L,K,F,T,V,H,F,F,K,L,R,D,S,W,C,S,L,P,W,M,L,F,I,S,W,S,S,H,H,V,R,D,G,I,R,H,G,L,W,I,C,P,F,G,K,T,S,P,L,P,F,W,L,Y,V,I,I,T,S,S,L,P,H,I,C,S,F,V,M,Y,L,T,G,T,R,R,M,M,S,S,K,H,G,I,L,I,D,V
Cercocebus_atys,M,A,S,E,T,E,K,T,H,A,L,L,Q,T,C,S,T,E,S,L,I,S,S,L,G,L,G,V,F,C,L,V,A,D,R,L,L,Q,F,S,T,I,Q,Q,N,D,W,L,R,A,V,S,D,N,A,V,H,C,V,I,G,M,W,S,W,A,V,V,I,G,I,K,K,K,T,D,F,G,E,I,I,L,A,G,F,L,A,S,V,I,D,V,D,H,F,F,L,A,G,S,M,S,L,K,A,A,L,T,L,P,R,R,P,F,L,H,C,S,T,V,I,P,V,V,V,L,T,L,K,F,T,M,H,L,F,K,L,K,D,S,W,C,F,L,P,W,M,L,F,I,S,W,T,S,H,H,I,R,D,G,I,R,H,G,L,W,I,C,P,F,G,K,T,S,P,L,P,F,W,L,Y,V,I,I,T,S,S,L,P,H,I,C,S,F,V,M,Y,L,T,G,T,R,Q,M,M,S,S,K,H,G,V,R,I,D,V
Cervus_canadensis,M,A,S,E,T,E,K,S,H,A,L,L,Q,S,C,S,T,E,S,L,L,S,S,L,G,L,G,L,F,C,A,V,A,D,R,L,L,Q,F,P,I,I,Q,Q,N,A,W,L,R,A,L,S,D,N,S,V,H,C,V,I,G,M,W,S,W,A,V,V,I,G,I,R,K,K,T,D,F,G,E,I,I,L,A,G,F,L,A,S,V,I,D,I,D,H,F,L,L,S,G,S,L,S,L,K,A,A,L,S,L,P,R,R,P,F,L,H,C,S,T,V,I,P,T,V,V,L,T,L,K,F,T,M,H,F,F,K,L,K,D,S,W,C,F,L,P,W,M,L,F,I,S,W,T,S,H,H,I,R,D,G,I,R,H,G,L,W,I,C,P,F,G,K,T,S,P,L,P,F,W,L,Y,V,I,I,T,S,S,L,P,H,I,C,S,L,V,M,Y,F,T,G,T,R,Q,M,M,S,S,K,H,G,I,H,I,D,V
Chlorocebus_sabaeus,M,A,S,E,T,E,K,T,H,A,L,L,Q,T,C,S,T,E,S,L,I,S,S,L,G,L,G,V,F,C,L,V,A,D,R,L,L,Q,F,S,T,I,Q,Q,N,D,W,L,R,A,L,S,D,N,A,V,H,C,V,I,G,M,W,S,W,A,V,V,I,G,I,K,K,K,T,D,F,G,E,I,I,L,A,G,F,L,A,S,V,I,D,V,D,H,F,F,L,A,G,S,M,S,L,K,A,A,L,T,L,P,R,R,P,F,L,H,C,S,T,V,I,P,V,V,V,L,T,L,K,F,T,M,H,L,F,K,L,K,D,S,W,C,F,L,P,W,M,L,F,I,S,W,T,S,H,H,I,R,D,G,I,R,H,G,L,W,I,C,P,F,G,K,T,S,P,L,P,F,W,L,Y,V,I,M,T,S,S,L,P,H,I,C,S,F,V,M,Y,L,T,G,T,R,Q,M,M,S,S,K,H,G,V,R,I,D,V
Colobus_angolensis_palliatus,M,A,S,E,T,E,K,T,H,A,L,L,Q,T,C,S,T,E,S,L,I,S,S,L,G,L,G,V,F,C,L,V,A,D,R,L,L,Q,F,S,T,I,Q,Q,N,D,W,L,R,A,L,S,D,N,A,V,H,C,V,I,G,M,W,S,W,A,V,V,I,G,I,K,K,K,T,D,F,G,E,I,I,L,A,G,F,L,A,S,V,I,D,V,D,H,F,F,L,A,G,S,M,S,L,K,A,A,L,T,L,P,R,R,P,F,L,H,C,S,T,V,I,P,V,V,V,L,T,L,K,F,T,M,H,L,F,K,L,K,D,S,W,C,F,L,P,W,M,L,F,I,S,W,T,S,H,H,I,R,D,G,I,R,H,G,L,W,I,C,P,F,G,K,T,S,P,L,P,F,W,L,Y,V,I,I,T,S,S,L,P,H,I,C,S,F,V,M,Y,L,T,G,T,R,Q,M,M,S,S,K,H,G,V,H,I,D,V
Condylura_cristata,M,E,S,E,T,E,K,T,R,A,L,L,Q,S,C,S,T,E,S,L,I,S,S,L,G,L,G,V,F,C,V,V,A,D,R,L,L,Q,F,S,I,I,Q,Q,N,D,W,L,R,A,L,S,D,N,A,V,H,C,V,I,G,M,W,S,W,A,V,V,I,G,I,R,K,K,T,D,L,G,E,V,I,L,A,G,F,L,A,S,V,I,D,V,D,H,F,F,L,A,G,S,L,S,L,K,A,A,L,T,L,P,R,R,P,F,L,H,C,S,T,V,I,P,V,V,A,L,S,M,K,F,T,M,H,L,F,K,L,K,D,S,W,C,F,L,P,W,M,L,F,I,S,W,T,S,H,H,I,R,D,G,V,R,H,G,L,W,I,C,P,F,G,K,T,S,P,L,P,F,W,L,Y,V,T,M,T,S,S,L,P,H,I,C,S,F,V,M,Y,L,T,G,T,R,Q,V,M,S,S,K,H,G,I,L,I,D,I
Elephas_maximus_indicus,M,A,S,E,T,E,K,T,H,A,L,L,Q,S,C,S,T,E,S,L,I,S,S,L,G,L,G,I,F,C,L,V,A,D,R,L,L,Q,F,S,I,I,Q,Q,N,D,W,L,R,A,L,S,D,N,A,I,H,C,T,I,G,M,W,S,W,A,I,V,I,G,V,K,K,K,T,D,F,G,E,I,I,L,A,G,F,L,A,S,V,I,D,I,D,H,F,F,L,A,G,S,L,S,L,K,A,A,L,T,L,P,R,R,P,F,L,H,C,S,A,V,I,P,I,V,A,L,T,L,K,F,A,M,H,L,F,K,L,K,D,S,W,C,F,L,P,W,M,L,F,I,S,W,T,S,H,H,I,R,D,G,I,R,H,G,L,W,I,C,P,F,G,K,T,S,P,L,P,F,W,L,Y,V,I,I,T,S,S,L,P,H,I,C,S,F,V,M,Y,L,T,G,T,R,Q,M,M,S,S,K,H,G,I,R,I,D,V
Enhydra_lutris_kenyoni,M,A,S,E,A,E,K,T,H,A,L,L,Q,S,C,S,T,E,S,L,I,S,S,L,G,L,G,M,F,C,L,V,A,D,R,L,L,Q,F,S,I,I,Q,Q,N,D,W,L,R,A,L,S,D,N,A,I,H,C,V,I,G,M,W,L,W,A,I,V,I,G,V,K,K,M,T,D,F,G,E,I,M,L,A,G,F,L,A,S,V,I,D,V,D,H,F,F,L,A,G,S,L,S,L,K,A,A,L,T,L,P,R,R,P,F,L,H,C,S,T,V,I,P,V,V,V,L,T,L,R,F,T,M,H,L,F,K,L,K,D,S,W,C,F,L,P,W,M,L,F,I,S,W,T,S,H,H,I,R,D,G,I,R,H,G,L,W,I,C,P,F,G,K,T,S,P,L,P,F,W,L,Y,V,V,I,T,S,S,L,P,H,I,C,S,F,I,M,Y,F,T,G,T,R,Q,M,M,S,S,K,H,G,I,H,I,D,V
Equus_asinus,M,A,S,E,T,E,K,T,H,T,L,L,Q,S,C,S,T,E,S,L,I,S,S,L,G,L,G,I,F,C,L,V,A,D,R,L,L,Q,F,S,I,I,Q,Q,N,D,W,V,R,A,L,S,D,N,A,V,H,C,V,I,G,M,W,S,W,A,I,V,I,G,V,K,K,K,T,D,F,G,E,I,V,L,A,G,F,L,A,S,V,I,D,V,D,H,F,L,L,A,G,S,L,S,L,Q,A,A,L,T,L,P,R,R,P,F,L,H,C,S,T,V,I,P,V,V,V,L,T,L,K,F,T,V,H,F,F,K,L,K,D,L,W,C,F,L,P,W,M,L,F,I,S,W,T,S,H,H,I,R,D,G,I,R,H,G,L,W,I,C,P,F,G,K,T,S,P,L,P,F,W,L,Y,V,I,I,T,S,S,L,P,H,I,C,S,F,V,M,Y,L,T,G,T,R,R,A,M,S,S,K,H,G,I,H,I,D,V
Equus_przewalskii,-,-,-,-,-,-,-,-,-,-,-,-,-,-,-,-,-,-,-,-,-,-,-,-,-,-,-,-,-,-,-,-,-,-,-,-,-,-,-,-,-,-,-,-,-,-,-,-,-,-,-,-,-,-,-,-,-,-,-,-,-,-,-,-,-,-,-,-,-,-,-,-,-,-,-,-,-,-,-,-,-,-,-,-,-,-,-,-,-,-,-,-,-,-,-,-,-,-,-,-,-,-,-,-,A,A,L,T,L,P,R,R,P,F,L,H,C,S,T,V,I,P,V,V,V,L,T,L,K,F,T,V,H,F,F,K,L,K,D,L,W,S,F,L,P,W,M,L,F,I,S,W,T,S,H,H,I,R,D,G,I,R,H,G,L,W,I,C,P,F,G,K,T,S,P,L,P,F,W,L,Y,V,I,I,T,S,S,L,P,H,I,C,S,F,V,M,Y,L,T,G,T,R,R,A,M,S,S,K,H,G,I,H,I,D,V
Equus_quagga,M,A,S,E,T,E,K,T,H,T,L,L,Q,S,C,S,T,E,S,L,I,S,S,L,G,L,G,I,F,C,L,V,A,D,R,L,L,Q,F,S,I,I,Q,Q,N,D,W,V,R,A,L,S,D,N,A,V,H,C,V,I,G,M,W,S,W,A,I,V,I,G,V,K,K,K,T,D,F,G,E,I,V,L,A,G,F,L,A,S,V,I,D,V,D,H,F,L,L,A,G,S,L,S,L,Q,A,A,L,T,L,P,R,R,P,F,L,H,C,S,T,V,I,P,V,V,V,L,T,L,K,F,T,V,H,F,F,K,L,K,D,L,W,C,F,L,P,W,M,L,F,I,S,W,T,S,H,H,I,R,D,G,I,R,H,G,L,W,I,C,P,F,G,K,T,S,P,L,P,F,W,L,Y,V,I,I,T,S,S,L,P,H,I,C,S,F,V,M,Y,L,T,G,T,R,R,A,M,S,S,K,H,G,I,H,I,D,V
Gorilla_gorilla_gorilla,M,A,S,E,T,E,K,T,H,A,L,L,Q,T,C,S,T,E,S,L,I,S,S,L,G,L,G,A,F,C,L,I,A,D,R,L,L,H,F,S,T,I,Q,Q,N,D,W,L,R,A,L,S,D,N,A,V,H,C,V,I,G,M,W,S,W,A,V,V,T,G,I,K,K,K,T,D,F,G,E,I,I,L,A,G,F,L,A,S,V,I,D,V,D,H,F,F,L,A,G,S,M,S,L,K,A,A,L,T,L,P,R,R,P,F,L,H,C,S,T,V,I,P,V,V,V,L,T,L,K,F,T,M,H,L,F,K,L,K,D,S,W,C,F,L,P,W,M,L,F,I,S,W,T,S,H,H,I,R,D,G,I,R,H,G,L,W,I,C,P,F,G,K,T,S,P,L,P,F,W,L,Y,V,I,I,T,S,S,L,P,H,I,C,S,F,V,M,Y,L,T,G,T,R,Q,M,M,S,S,K,H,G,V,H,I,D,V
Halichoerus_grypus,M,A,S,E,A,E,K,T,H,A,L,L,Q,S,C,S,T,E,S,L,I,S,S,L,G,L,G,I,F,C,L,V,A,D,R,L,L,Q,F,S,I,I,Q,Q,N,D,W,L,R,A,L,S,D,N,A,V,H,C,V,I,G,M,W,L,W,A,I,V,I,G,V,K,K,T,T,D,F,G,E,I,I,L,A,G,F,L,A,S,V,I,D,V,D,H,F,F,L,A,G,S,L,S,L,K,A,A,L,T,L,P,R,R,P,V,L,H,C,S,T,V,I,P,V,V,V,L,T,L,R,L,T,M,H,L,F,K,L,K,D,S,W,C,F,L,P,W,M,L,F,I,S,W,T,S,H,H,I,R,D,G,I,R,H,G,L,W,I,C,P,F,G,K,T,S,P,L,P,F,W,L,Y,V,I,I,T,S,S,L,P,H,I,C,S,F,V,M,Y,F,T,G,T,R,Q,M,M,S,S,K,H,G,I,H,I,D,V
Homo_sapiens,M,A,S,E,T,E,K,T,H,A,L,L,Q,T,C,S,T,E,S,L,I,S,S,L,G,L,G,A,F,C,L,V,A,D,R,L,L,Q,F,S,T,I,Q,Q,N,D,W,L,R,A,L,S,D,N,A,V,H,C,V,I,G,M,W,S,W,A,V,V,T,G,I,K,K,K,T,D,F,G,E,I,I,L,A,G,F,L,A,S,V,I,D,V,D,H,F,F,L,A,G,S,M,S,L,K,A,A,L,T,L,P,R,R,P,F,L,H,C,S,T,V,I,P,V,V,V,L,T,L,K,F,T,M,H,L,F,K,L,K,D,S,W,C,F,L,P,W,M,L,F,I,S,W,T,S,H,H,I,R,D,G,I,R,H,G,L,W,I,C,P,F,G,K,T,S,P,L,P,F,W,L,Y,V,I,I,T,S,S,L,P,H,I,C,S,F,V,M,Y,L,T,G,T,R,Q,M,M,S,S,K,H,G,V,R,I,D,V
Hylobates_moloch,M,A,S,E,T,E,K,T,H,A,L,L,Q,T,C,S,T,E,S,L,I,S,S,L,G,L,G,V,F,C,L,V,A,D,R,L,L,Q,F,S,T,I,Q,Q,N,D,W,L,R,A,L,S,D,N,A,V,H,C,V,I,G,M,W,S,W,A,V,V,T,G,I,K,K,K,T,D,F,G,E,I,I,L,A,G,F,L,A,S,V,I,D,V,D,H,F,F,L,A,G,S,M,S,L,K,A,A,L,T,L,P,R,R,P,F,L,H,C,S,T,V,I,P,I,V,V,L,T,L,K,F,T,M,H,L,F,K,L,K,D,S,W,C,F,L,P,W,M,L,F,I,S,W,T,S,H,H,I,R,D,G,I,R,H,G,L,W,I,C,P,F,G,K,T,S,P,L,P,F,W,L,Y,V,I,I,T,S,S,L,P,H,I,C,S,F,V,M,Y,L,T,G,T,R,Q,M,M,S,S,K,H,G,V,R,I,D,V
Ictidomys_tridecemlineatus,M,A,S,E,T,E,K,T,H,A,L,L,Q,S,C,S,T,E,S,L,I,S,S,L,G,L,G,I,F,C,L,V,A,D,K,L,L,Q,F,S,I,I,Q,Q,N,D,W,L,R,A,L,S,D,N,A,V,H,C,V,I,G,M,W,S,W,A,I,V,I,G,I,K,K,K,T,D,F,G,E,I,I,L,A,G,F,L,A,S,V,I,D,V,D,H,F,L,L,A,R,S,L,S,L,K,A,A,L,S,L,P,Q,R,P,F,F,H,C,S,T,V,I,P,V,V,V,L,I,L,K,L,T,M,H,L,F,K,L,K,D,S,W,C,F,L,P,W,M,L,F,I,S,W,T,S,H,H,I,R,D,G,I,R,H,G,L,W,M,C,P,F,G,K,T,S,P,L,P,F,W,L,Y,V,I,T,T,S,S,L,P,H,I,C,S,F,A,M,Y,L,T,G,T,R,Q,V,M,S,S,K,H,G,I,H,I,D,V
Leopardus_geoffroyi,M,A,S,E,A,E,K,T,H,A,L,L,Q,S,C,S,T,E,S,L,F,S,S,L,G,L,G,I,F,C,L,V,A,D,R,L,L,Q,F,S,I,I,Q,Q,N,D,W,L,R,A,L,S,D,N,A,V,H,C,V,I,G,M,W,L,W,A,I,V,I,G,V,K,K,T,T,D,F,G,E,I,I,L,A,G,F,L,A,S,V,I,D,V,D,H,F,F,L,A,G,S,L,S,L,K,A,A,L,T,L,P,R,R,P,F,L,H,C,S,T,V,I,P,V,V,A,L,T,L,K,F,T,M,H,L,F,K,L,K,D,S,W,C,F,L,P,W,M,L,F,I,S,W,T,S,H,H,I,R,D,G,I,R,H,G,L,W,I,C,P,F,G,K,T,S,P,L,P,F,W,L,Y,V,I,I,T,S,S,L,P,H,I,C,S,F,V,M,Y,L,T,G,T,R,Q,M,M,S,A,K,H,G,I,Q,I,D,V
Loxodonta_africana,M,A,S,E,T,E,K,T,H,A,L,L,Q,S,C,S,T,E,S,L,I,S,S,L,G,L,G,I,F,C,L,V,A,D,R,L,L,Q,F,S,I,I,Q,Q,N,D,W,L,R,A,L,S,D,N,A,I,H,C,T,I,G,M,W,S,W,A,I,V,I,G,V,K,K,K,T,D,F,G,E,I,I,L,A,G,F,L,A,S,V,I,D,I,D,H,F,F,L,A,G,S,L,S,L,K,A,A,L,T,L,P,R,R,P,F,L,H,C,S,A,V,I,P,I,V,A,L,T,L,K,F,A,M,H,L,F,K,L,K,D,S,W,C,F,L,P,W,M,L,F,I,S,W,T,S,H,H,I,R,D,G,I,R,H,G,L,W,I,C,P,F,G,K,T,S,P,L,P,F,W,L,Y,V,I,I,T,S,S,L,P,H,I,C,S,F,V,M,Y,L,T,G,T,R,Q,M,M,S,S,K,H,G,I,R,I,D,V
Macaca_fascicularis,M,A,S,E,T,E,K,T,H,A,L,L,Q,T,C,S,T,E,S,L,I,S,S,L,G,L,G,V,F,C,L,V,A,D,R,L,L,Q,F,S,T,I,Q,Q,N,D,W,L,R,A,V,S,D,N,S,V,H,C,V,I,G,M,W,S,W,A,V,V,I,G,I,K,K,K,T,D,F,G,E,I,I,L,A,G,F,L,A,S,V,I,D,V,D,H,F,F,L,A,G,S,M,S,L,K,A,A,L,T,L,P,R,R,P,F,L,H,C,S,T,V,I,P,V,V,V,L,T,L,K,F,T,M,H,L,F,K,L,K,D,S,W,C,F,L,P,W,M,L,F,I,S,W,T,S,H,H,I,R,D,G,I,R,H,G,L,W,I,C,P,F,G,K,T,S,P,L,P,F,W,L,Y,V,I,I,T,S,S,L,P,H,I,C,S,F,I,M,Y,L,T,G,T,R,Q,M,M,S,S,K,H,G,V,R,I,D,V
Macaca_mulatta,M,A,S,E,T,E,K,T,H,A,L,L,Q,T,C,S,T,E,S,L,I,S,S,L,G,L,G,V,F,C,L,V,A,D,R,L,L,Q,F,S,T,I,Q,Q,N,D,W,L,R,A,V,S,D,N,A,V,H,C,V,I,G,M,W,S,W,A,V,V,I,G,I,K,K,K,T,D,F,G,E,I,I,L,A,G,F,L,A,S,V,I,D,V,D,H,F,F,L,A,G,S,M,S,L,K,A,A,L,T,L,P,R,R,P,F,L,H,C,S,T,V,I,P,V,V,V,L,T,L,K,F,T,M,H,L,F,K,L,K,D,S,W,C,F,L,P,W,M,L,F,I,S,W,T,S,H,H,I,R,D,G,I,R,H,G,L,W,I,C,P,F,G,K,T,S,P,L,P,F,W,L,Y,V,I,I,T,S,S,L,P,H,I,C,S,F,I,M,Y,L,T,G,T,R,Q,M,M,S,S,K,H,G,V,R,I,D,V
Macaca_nemestrina,M,A,S,E,T,E,K,T,H,A,L,L,Q,T,C,S,T,E,S,L,I,S,S,L,G,L,G,V,F,C,L,V,A,D,R,L,L,Q,F,S,T,I,Q,Q,N,D,W,L,R,A,V,S,D,N,A,V,H,C,V,I,G,M,W,S,W,A,V,V,I,G,I,K,K,K,T,D,F,G,E,I,I,L,A,G,F,L,A,S,V,I,D,V,D,H,F,F,L,A,G,S,M,S,L,K,A,A,L,T,L,P,R,R,P,F,L,H,C,S,T,V,I,P,V,V,V,L,T,L,K,F,T,M,H,L,F,K,L,K,D,S,W,C,F,L,P,W,M,L,F,I,S,W,T,S,H,H,I,R,D,G,I,R,H,G,L,W,I,C,P,F,G,K,T,S,P,L,P,F,W,L,Y,V,I,I,T,S,S,L,P,H,I,C,S,F,I,M,Y,L,T,G,T,R,Q,M,M,S,S,K,H,G,V,R,I,D,V
Macaca_thibetana_thibetana,M,A,S,E,T,E,K,T,H,A,L,L,Q,T,C,S,T,E,S,L,I,S,S,L,G,L,G,V,F,C,L,V,A,D,R,L,L,Q,F,S,T,I,Q,Q,N,D,W,L,R,A,V,S,D,N,A,V,H,C,V,I,G,M,W,S,W,A,V,V,I,G,I,K,K,K,T,D,F,G,E,I,I,L,A,G,F,L,A,S,V,T,D,V,D,H,F,F,L,A,G,S,M,S,L,K,A,A,L,T,L,P,R,R,P,F,L,H,C,S,T,V,I,P,V,V,V,L,T,L,K,F,T,M,H,L,F,K,L,K,D,S,W,C,F,L,P,W,M,L,F,I,S,W,T,S,H,H,I,R,D,G,I,R,H,G,L,W,I,C,P,F,G,K,T,S,P,L,P,F,W,L,Y,V,I,I,T,S,S,L,P,H,I,C,S,F,I,M,Y,L,T,G,T,R,Q,M,M,S,S,K,H,G,V,R,I,D,V
Mandrillus_leucophaeus,M,A,S,E,T,E,K,T,H,A,L,L,Q,T,C,S,T,E,S,L,I,S,S,L,G,L,G,V,F,C,L,V,A,D,R,L,L,Q,F,S,T,I,Q,Q,N,D,W,L,R,A,V,S,D,N,A,V,H,C,V,I,G,M,W,S,W,A,V,V,I,G,I,K,K,K,T,D,F,G,E,I,I,L,A,G,F,L,A,S,V,I,D,V,D,H,F,F,L,A,G,S,M,S,L,K,A,A,L,T,L,P,R,R,P,F,L,H,C,S,T,V,I,P,V,V,V,L,T,L,K,F,T,M,H,L,F,K,L,K,D,S,W,C,F,L,P,W,M,L,F,I,S,W,T,S,H,H,I,R,D,G,I,R,H,G,L,W,I,C,P,F,G,K,T,S,P,L,P,F,W,L,Y,V,I,I,T,S,S,L,P,H,I,C,S,F,V,M,Y,L,T,G,T,R,Q,M,M,S,S,K,H,G,V,R,I,D,V
Marmota_flaviventris,M,A,S,E,T,E,K,T,H,A,L,L,Q,S,C,S,T,E,S,L,I,S,S,L,G,L,G,I,F,C,L,V,A,D,K,L,L,Q,F,S,I,I,Q,Q,N,D,W,L,R,A,L,S,D,N,A,V,H,C,V,I,G,M,W,S,W,A,I,V,I,G,I,K,K,K,T,D,F,G,E,I,I,L,A,G,F,L,A,S,V,I,D,V,D,H,F,L,L,A,R,S,L,S,L,K,A,A,L,S,L,P,R,R,P,F,F,H,C,S,T,V,I,P,I,V,V,L,I,L,K,L,T,M,H,L,F,K,L,K,D,S,W,C,F,L,P,W,M,L,F,I,S,W,T,S,H,H,I,R,D,G,I,R,H,G,L,W,M,C,P,F,G,K,T,S,P,L,P,F,W,L,Y,V,I,T,T,S,S,L,P,H,I,C,S,F,A,M,Y,L,T,G,T,R,Q,V,M,S,S,K,H,G,I,H,I,D,V
Marmota_marmota_marmota,M,A,S,E,T,E,K,T,H,A,L,L,Q,S,C,S,T,E,S,L,I,S,S,L,G,L,G,I,F,C,L,V,A,D,K,L,L,Q,F,S,I,I,Q,Q,N,D,W,L,R,A,L,S,D,N,A,V,H,C,V,I,G,M,W,S,W,A,I,V,I,G,I,K,K,K,T,D,F,G,E,I,I,L,A,G,F,L,A,S,V,I,D,V,D,H,F,L,L,A,R,S,L,S,L,K,A,A,L,S,L,P,R,R,P,F,F,H,C,S,T,V,I,P,I,V,V,L,I,L,K,L,T,M,H,L,F,K,L,K,D,S,W,C,F,L,P,W,M,L,F,I,S,W,T,S,H,H,I,R,D,G,I,R,H,G,L,W,M,C,P,F,G,K,T,S,P,L,P,F,W,L,Y,V,I,T,T,S,S,L,P,H,I,C,S,F,A,M,Y,L,T,G,T,R,Q,L,M,S,S,K,H,G,I,H,I,D,V
Marmota_monax,M,A,S,E,T,E,K,T,H,A,L,L,Q,S,C,S,T,E,S,L,I,S,S,L,G,L,G,I,F,C,L,V,A,D,K,L,L,Q,F,S,I,I,Q,Q,N,D,W,L,R,A,L,S,D,N,A,V,H,C,V,I,G,M,W,S,W,A,I,V,I,G,I,K,K,K,T,D,F,G,E,I,I,L,A,G,F,L,A,S,V,I,D,V,D,H,F,L,L,A,R,S,L,S,L,K,A,A,L,S,L,P,R,R,P,F,F,H,C,S,T,V,I,P,I,V,V,L,I,L,K,L,T,M,H,L,F,K,L,R,D,S,W,C,F,L,P,W,M,L,F,I,S,W,T,S,H,H,I,R,D,G,I,R,H,G,L,W,M,C,P,F,G,K,T,S,P,L,P,F,W,L,Y,V,I,T,T,S,S,L,P,H,I,C,S,F,A,M,Y,L,T,G,T,R,Q,V,M,S,S,K,H,G,I,H,I,D,V
Nannospalax_galili,M,A,S,E,V,E,K,T,H,A,L,L,Q,S,C,S,T,E,S,L,I,S,S,L,G,L,G,I,F,C,L,I,A,D,K,L,L,Q,F,S,T,V,Q,Q,N,D,W,L,R,A,L,S,D,N,T,V,H,G,V,I,G,M,W,S,W,S,I,V,I,G,I,K,K,K,T,D,L,G,E,V,L,L,A,G,F,L,A,S,V,I,D,I,D,H,F,F,L,A,R,S,L,S,L,K,A,A,L,T,L,P,R,R,P,F,L,H,C,S,T,V,I,P,I,V,V,L,T,L,K,L,V,M,H,L,L,K,P,K,D,S,W,R,F,L,P,W,M,L,F,M,S,W,T,S,H,H,I,R,D,G,I,R,H,G,L,W,L,C,P,F,G,K,T,S,P,L,P,F,W,L,Y,V,V,T,T,S,S,L,P,H,M,C,S,F,L,M,Y,L,A,G,T,R,Q,M,M,A,S,E,H,G,M,H,I,D,V
Neomonachus_schauinslandi,M,A,S,E,A,E,K,T,H,A,L,L,Q,S,C,S,T,E,S,L,I,S,S,L,G,L,G,I,F,C,L,V,A,D,R,L,L,Q,F,S,V,I,Q,Q,N,D,W,L,R,A,L,S,D,N,A,I,H,C,V,I,G,M,W,L,W,A,I,V,I,G,V,K,K,T,T,D,F,G,E,I,I,L,A,G,F,L,A,S,V,I,D,V,D,H,F,F,L,A,G,S,L,S,L,K,A,A,L,T,L,P,R,R,P,V,L,H,C,S,T,V,I,P,V,V,V,L,T,L,R,L,T,M,H,L,F,K,L,K,D,S,W,C,F,L,P,W,M,L,F,I,S,W,T,S,H,H,I,R,D,G,I,R,H,G,L,W,I,C,P,F,G,K,T,S,P,L,P,F,W,L,Y,V,I,I,T,S,S,L,P,H,I,C,S,F,I,M,Y,F,T,G,T,R,Q,M,M,S,S,K,H,G,I,H,I,D,V
Nomascus_leucogenys,M,A,S,E,T,E,K,T,H,A,L,L,Q,T,C,S,T,E,S,L,I,S,S,L,G,L,G,V,F,C,L,V,A,D,R,L,L,Q,F,S,T,I,Q,Q,N,D,W,L,R,A,L,S,D,N,A,V,H,C,V,I,G,M,W,S,W,A,V,V,T,G,I,K,K,K,T,D,F,G,E,I,I,L,A,G,F,L,A,S,V,I,D,V,D,H,F,F,L,A,G,S,M,S,L,K,A,A,L,T,L,P,R,R,P,F,L,H,C,S,T,V,I,P,I,V,V,L,T,L,K,F,T,M,H,L,F,K,L,K,D,S,W,C,F,L,P,W,M,L,F,I,S,W,T,S,H,H,I,R,D,G,I,R,H,G,L,W,I,C,P,F,G,K,T,S,P,L,P,F,W,L,Y,V,I,I,T,S,S,L,P,H,I,C,S,F,V,M,Y,L,T,G,T,R,Q,M,M,S,S,K,H,G,V,R,I,D,V
Ochotona_curzoniae,M,A,T,E,T,G,K,T,H,A,S,L,Q,A,C,S,T,E,S,L,L,S,S,L,G,L,G,I,F,C,L,V,A,D,R,I,L,Q,F,S,I,I,Q,Q,S,D,W,I,R,A,L,S,D,N,A,V,H,C,V,I,G,M,W,S,W,A,I,V,I,G,I,K,K,K,T,D,V,G,E,I,V,L,A,G,F,L,A,S,V,I,D,I,D,H,F,L,L,A,R,S,L,S,L,K,A,A,L,S,L,P,R,R,P,V,L,H,C,S,T,V,I,P,V,A,V,L,T,L,K,L,V,M,H,L,L,K,L,K,D,S,W,C,F,L,P,W,M,L,F,I,S,W,A,S,H,H,I,R,D,G,I,R,H,G,L,W,I,C,P,F,G,K,T,S,P,L,P,F,W,L,Y,V,I,A,T,S,W,L,P,H,L,C,S,F,L,M,C,L,A,G,T,R,Q,V,M,S,S,K,N,G,I,R,I,D,V
Ochotona_princeps,M,A,A,E,T,E,K,T,H,A,L,L,Q,A,C,S,T,E,S,L,L,S,S,L,G,L,G,I,F,C,L,V,A,D,R,I,L,Q,F,S,I,I,Q,Q,S,D,W,I,R,A,L,S,D,N,A,V,H,C,V,I,G,M,W,S,W,A,I,V,I,G,I,K,K,K,T,D,V,G,E,I,V,L,A,G,F,L,A,S,V,I,D,I,D,H,F,F,L,A,R,S,L,S,L,K,A,A,L,S,L,P,R,R,P,V,L,H,C,S,T,V,I,P,V,V,V,L,T,L,K,L,A,M,H,L,L,K,L,K,D,S,W,C,F,L,P,W,M,L,F,I,S,W,A,S,H,H,I,R,D,G,I,R,H,G,L,W,I,C,P,F,G,K,T,S,P,L,P,F,W,L,Y,V,I,T,T,S,W,L,P,H,L,C,S,F,L,M,C,L,T,G,T,R,Q,V,M,S,S,K,N,G,I,R,I,D,V
Octodon_degus,-,-,-,-,-,-,-,-,-,-,-,-,-,-,-,-,-,-,-,-,-,-,-,-,-,-,-,L,F,C,L,V,A,D,R,L,L,Q,L,P,V,I,Q,R,H,D,W,L,R,A,L,S,D,S,A,V,H,G,V,I,G,M,W,S,W,A,G,V,A,G,V,R,K,K,A,D,L,A,E,A,I,L,A,G,C,L,A,S,V,I,D,V,D,H,F,F,L,A,R,S,L,S,L,K,A,A,L,T,L,P,R,R,P,F,L,H,C,S,T,V,I,P,I,V,A,L,A,L,K,F,L,V,H,L,L,K,L,R,D,S,W,C,R,L,P,W,M,V,F,V,S,W,T,S,H,H,I,R,D,G,I,R,H,G,L,W,L,C,P,F,G,K,T,S,P,V,P,F,W,L,Y,V,I,A,T,S,S,L,P,S,I,C,S,F,M,M,A,L,A,G,T,R,Q,R,P,S,S,K,H,G,I,P,M,D,V
Ovis_aries,M,A,S,E,T,E,K,T,H,A,L,L,Q,S,C,S,T,E,S,L,L,S,S,L,G,L,G,L,F,C,T,V,A,D,R,L,L,Q,F,P,I,I,Q,Q,N,A,W,L,R,A,L,S,D,N,S,V,H,C,V,I,G,M,W,S,W,A,I,V,I,G,I,R,K,K,T,D,F,G,E,I,I,L,A,G,F,L,A,S,V,I,D,I,D,H,F,L,L,S,G,S,M,S,L,K,A,A,L,S,L,P,R,R,P,F,L,H,C,S,T,V,I,P,T,V,V,L,T,L,K,F,T,M,H,F,F,K,L,K,D,S,W,C,F,L,P,W,M,L,F,I,S,W,T,S,H,H,I,R,D,G,I,R,H,G,L,W,I,C,P,F,G,K,T,S,P,L,P,F,W,L,Y,V,I,I,T,S,S,L,P,H,I,C,S,F,V,M,Y,F,T,G,T,R,Q,M,M,S,S,K,H,G,I,H,I,D,V
Pan_paniscus,M,A,S,E,T,E,K,T,H,A,L,L,Q,T,C,S,T,E,S,L,I,S,S,L,G,L,G,A,F,C,L,V,A,D,R,L,L,Q,F,S,T,I,Q,Q,N,D,W,L,R,A,L,S,D,N,A,V,H,C,V,I,G,M,W,S,W,A,V,V,I,G,I,K,K,K,T,D,F,G,E,I,I,L,A,G,F,L,A,S,V,I,D,V,D,H,F,F,L,A,G,S,M,S,L,K,A,A,L,T,L,P,R,R,P,F,L,H,C,S,T,V,I,P,V,V,V,L,T,L,K,F,T,M,H,L,F,K,L,K,D,S,W,C,F,L,P,W,M,L,F,I,S,W,T,S,H,H,I,R,D,G,I,R,H,G,L,W,I,C,P,F,G,K,T,S,P,L,P,F,W,L,Y,V,I,I,T,S,S,L,P,H,I,C,S,F,V,M,Y,L,T,G,T,R,Q,M,M,S,S,K,H,G,V,R,I,D,V
Pan_troglodytes,M,A,S,E,T,E,K,T,H,A,L,L,Q,T,C,S,T,E,S,L,I,S,S,L,G,L,G,A,F,C,L,V,A,D,R,L,L,Q,F,S,T,I,Q,Q,N,D,W,L,R,A,L,S,D,N,A,V,H,C,V,I,G,M,W,S,W,A,V,V,I,G,I,K,K,K,T,D,F,G,E,I,I,L,A,G,F,L,A,S,V,I,D,V,D,H,F,F,L,A,G,S,M,S,L,K,A,A,L,T,L,P,R,R,P,F,L,H,C,S,T,V,I,P,V,V,V,L,T,L,K,F,T,M,H,L,F,K,L,K,D,S,W,C,F,L,P,W,M,L,F,I,S,W,T,S,H,H,I,R,D,G,I,R,H,G,L,W,I,C,P,F,G,K,T,S,P,L,P,F,W,L,Y,V,I,I,T,S,S,L,P,H,I,C,S,F,V,M,Y,L,T,G,T,R,Q,M,M,S,S,K,H,G,V,R,I,D,V
Panthera_tigris_altaica,-,-,-,-,-,-,-,-,-,-,-,-,-,-,-,-,-,-,-,-,-,-,-,-,-,-,-,-,-,-,-,-,-,-,-,-,-,-,-,-,-,-,-,-,-,-,-,-,-,-,-,-,-,-,-,-,-,-,-,-,-,-,-,-,-,-,-,-,-,-,-,-,-,-,-,-,-,-,-,-,-,-,-,-,-,-,-,-,-,-,-,-,-,-,-,-,-,-,-,-,-,-,-,-,-,-,-,-,-,-,-,-,-,-,-,-,-,-,-,-,-,-,-,-,-,-,-,-,-,-,-,-,-,-,-,-,-,-,-,-,-,-,-,-,-,-,-,-,-,-,-,-,-,-,-,-,-,-,-,-,-,-,-,-,-,-,-,-,-,-,-,-,-,-,-,-,-,-,-,-,-,-,-,-,-,-,-,-,-,-,-,-,-,-,-,-,-,-,-,-,-,-,-,-,-,-,-,-,-,-,-,-,-,-,-
Papio_anubis,M,A,S,E,T,E,K,T,H,A,L,L,Q,T,C,S,T,E,S,L,I,S,S,L,G,L,G,V,F,C,L,V,A,D,R,L,L,Q,F,S,T,I,Q,Q,N,D,W,L,R,A,V,S,D,N,A,V,H,C,V,I,G,M,W,S,W,A,V,V,I,G,I,K,K,K,T,D,F,G,E,I,I,L,A,G,F,L,A,S,V,I,D,V,D,H,F,F,L,A,G,S,I,S,L,K,A,A,L,T,L,P,R,R,P,F,L,H,C,S,T,V,I,P,V,V,V,L,T,L,K,F,T,M,H,L,F,K,L,K,D,S,W,C,F,L,P,W,M,L,F,I,S,W,T,S,H,H,I,R,D,G,I,R,H,G,L,W,I,C,P,F,G,K,T,S,P,L,P,F,W,L,Y,V,I,I,T,S,S,L,P,H,I,C,S,F,I,M,Y,L,T,G,T,R,Q,M,M,S,S,K,H,G,V,R,I,D,V
Piliocolobus_tephrosceles,M,A,S,E,T,E,K,T,H,A,L,L,Q,T,C,S,T,E,S,L,I,S,S,L,G,L,G,V,F,C,L,I,A,D,R,L,L,Q,F,S,T,I,Q,Q,N,D,W,L,R,A,L,S,D,N,A,V,H,C,V,I,G,M,W,S,W,A,V,V,I,G,I,K,K,K,T,D,F,G,E,I,I,L,A,G,F,L,A,S,V,I,D,V,D,H,F,F,L,A,G,S,M,S,L,K,A,A,L,T,L,P,R,R,P,F,L,H,C,S,T,V,I,P,V,V,V,L,T,L,K,F,T,M,H,L,F,K,L,K,D,S,W,C,F,L,P,W,M,L,F,I,S,W,T,S,H,H,I,R,D,G,I,R,H,G,L,W,I,C,P,F,G,K,T,S,P,L,P,F,W,L,Y,V,I,I,T,S,S,L,P,H,I,C,S,F,V,M,Y,L,T,G,T,R,Q,M,M,S,S,K,H,G,V,R,I,D,V
Pongo_abelii,M,A,S,E,T,E,K,T,H,A,L,L,Q,T,C,S,T,E,S,L,I,S,S,L,G,L,G,V,F,C,L,V,A,D,R,L,L,Q,F,S,T,I,Q,Q,N,D,W,L,R,A,L,S,D,N,A,V,H,C,V,I,G,M,W,S,W,A,V,V,I,G,I,K,K,K,T,D,F,G,E,I,I,L,A,G,F,L,A,S,V,I,D,V,D,H,F,F,L,A,G,S,M,S,L,K,A,A,L,T,L,P,R,R,P,F,L,H,C,S,T,V,I,P,V,V,V,L,T,L,K,F,T,M,H,L,F,K,L,K,D,S,W,C,F,L,P,W,M,L,F,I,S,W,T,S,H,H,I,R,D,G,I,R,H,G,L,W,I,C,P,F,G,K,T,S,P,L,P,F,W,F,Y,V,I,I,T,S,S,L,P,H,I,C,S,F,V,M,Y,L,T,G,T,R,Q,M,M,S,S,K,H,G,V,R,I,D,V
Propithecus_coquereli,M,A,S,E,T,E,K,T,H,A,L,L,Q,S,F,S,T,E,S,L,I,S,S,L,G,L,G,I,F,C,L,V,A,D,R,L,L,Q,F,S,T,V,Q,Q,N,D,W,L,R,A,F,S,D,N,A,V,H,C,V,I,G,M,W,S,W,A,I,V,I,G,I,K,K,K,T,D,F,G,E,I,I,L,A,G,F,L,A,S,V,I,D,V,D,H,F,F,L,A,G,S,L,S,L,K,A,A,L,T,L,P,R,R,P,F,L,H,C,S,T,V,I,P,V,V,V,L,T,L,K,F,T,M,H,L,F,K,L,K,D,S,W,C,F,L,P,W,M,L,F,I,S,W,T,S,H,H,I,R,D,G,I,R,H,G,L,W,I,C,P,F,G,K,T,S,P,L,P,F,W,L,Y,V,I,I,T,S,S,L,P,H,I,C,S,F,V,M,Y,L,T,G,T,R,Q,M,M,S,S,K,H,G,I,H,I,D,V
Rhinopithecus_bieti,M,A,S,E,T,E,K,T,H,A,L,L,Q,T,C,S,T,E,S,L,I,S,S,L,G,L,G,V,F,C,L,V,A,D,R,L,L,Q,F,P,T,I,Q,Q,N,D,W,L,R,A,L,S,D,N,A,V,H,C,V,I,G,M,W,S,W,A,V,V,I,G,I,K,K,K,T,D,F,G,E,I,I,L,A,G,F,L,A,S,V,I,D,V,D,H,F,F,L,A,G,S,M,S,L,K,A,A,L,T,L,P,R,R,P,F,L,H,C,S,T,V,I,P,V,V,V,L,T,L,K,F,T,M,H,L,F,K,L,K,D,S,W,C,F,L,P,W,M,L,F,I,S,W,T,S,H,H,I,R,D,G,I,R,H,G,L,W,I,C,P,F,G,K,T,S,P,L,P,F,W,L,Y,V,I,I,T,S,S,L,P,H,I,C,S,F,V,M,Y,L,T,G,T,R,Q,M,M,S,S,K,H,G,V,R,I,D,V
Rhinopithecus_roxellana,M,A,S,E,T,E,K,T,H,A,L,L,Q,T,C,S,T,E,S,L,I,S,S,L,G,L,G,V,F,C,L,V,A,D,R,L,L,Q,F,P,T,I,Q,Q,N,D,W,L,R,A,L,S,D,N,A,V,H,C,V,I,G,M,W,S,W,A,V,V,I,G,I,K,K,K,T,D,F,G,E,I,I,L,A,G,F,L,A,S,V,I,D,V,D,H,F,F,L,A,G,S,M,S,L,K,A,A,L,T,L,P,R,R,P,F,L,H,C,S,T,V,I,P,V,V,V,L,T,L,K,F,T,M,H,L,F,K,L,K,D,S,W,C,F,L,P,W,M,L,F,I,S,W,T,S,H,H,I,R,D,G,I,R,H,G,L,W,I,C,P,F,G,K,T,S,P,L,P,F,W,L,Y,V,I,I,T,S,S,L,P,H,I,C,S,F,V,M,Y,L,T,G,T,R,Q,M,M,S,S,K,H,G,V,R,I,D,V
Saimiri_boliviensis_boliviensis,M,A,S,E,T,E,K,T,H,A,L,L,Q,T,C,S,T,E,S,L,I,S,S,L,G,L,G,V,F,C,L,V,A,D,R,L,L,Q,F,S,T,I,Q,Q,N,D,W,L,R,A,L,S,D,N,A,V,H,C,M,I,G,M,W,S,W,A,V,V,I,G,I,K,K,R,T,D,F,G,E,I,I,L,A,G,F,L,A,S,V,I,D,V,D,H,F,F,L,A,G,S,L,S,L,K,A,A,L,T,L,P,R,R,P,F,L,H,C,S,S,V,I,P,V,V,V,L,T,L,K,F,T,M,H,L,F,K,L,K,D,S,W,C,F,L,P,W,M,L,F,I,S,W,T,S,H,H,I,R,D,G,I,R,H,G,L,W,I,C,P,F,G,K,T,S,P,L,P,F,W,L,Y,V,I,I,T,S,S,L,P,H,I,C,S,F,V,M,Y,L,T,G,T,R,Q,M,M,S,S,K,H,G,I,R,I,D,V
Sapajus_apella,M,A,S,E,T,E,K,T,H,A,L,L,Q,T,C,S,T,E,S,L,I,S,S,L,G,L,G,V,F,C,L,V,A,D,R,L,L,Q,F,S,T,I,Q,Q,N,D,W,L,R,A,L,S,D,N,A,V,H,C,V,I,G,M,W,S,W,A,V,V,I,G,I,K,K,K,T,D,F,G,E,I,I,L,A,G,F,L,A,S,A,I,D,V,D,H,F,F,L,A,G,S,L,S,L,K,A,A,L,T,L,P,R,R,P,F,L,H,C,S,S,V,I,P,V,V,V,L,T,L,K,F,T,M,H,L,F,R,L,K,D,S,W,C,F,L,P,W,M,L,F,I,S,W,T,S,H,H,I,R,D,G,I,R,H,G,L,W,I,C,P,F,G,K,T,S,P,L,P,F,W,L,Y,V,I,I,T,S,S,L,P,H,I,C,S,F,I,M,Y,L,T,G,T,R,Q,M,M,S,S,K,H,G,I,R,I,D,V
Suricata_suricatta,M,A,S,E,A,E,K,A,H,A,L,L,Q,S,W,S,T,E,S,L,V,S,S,L,G,L,G,V,F,C,L,V,A,D,R,L,L,Q,F,S,V,I,Q,Q,N,D,W,L,R,A,L,S,D,N,A,V,H,G,V,I,G,M,W,L,W,A,I,V,I,G,V,K,K,T,T,D,F,G,E,I,I,L,A,G,L,L,A,S,V,I,D,I,D,H,F,F,L,A,G,S,L,S,L,K,A,A,L,T,L,P,R,R,P,F,L,H,C,S,T,V,I,P,V,A,A,L,T,L,K,F,T,M,H,L,F,R,L,K,D,S,W,C,F,L,P,W,M,L,F,I,S,W,T,S,H,H,I,R,D,G,I,R,H,G,L,W,I,C,P,F,G,K,T,S,P,L,P,F,W,L,Y,V,I,I,T,S,S,L,P,H,I,C,S,F,V,M,Y,L,T,G,T,R,Q,M,M,S,A,K,H,G,I,Q,I,D,V
Theropithecus_gelada,M,A,S,E,T,E,K,T,H,A,L,L,Q,T,C,S,T,E,S,L,I,S,S,L,G,L,G,V,F,C,L,V,A,D,R,L,L,Q,F,S,T,I,Q,Q,N,D,W,L,R,A,V,S,D,N,A,V,H,C,V,I,G,M,W,S,W,A,V,V,I,G,I,K,K,K,T,D,F,G,E,I,I,L,A,G,F,L,A,S,V,I,D,V,D,H,F,F,L,A,G,S,M,S,L,K,A,A,L,T,L,P,R,R,P,F,L,H,C,S,T,V,I,P,V,V,V,L,T,L,K,F,T,M,H,L,F,K,L,K,D,S,W,C,F,L,P,W,M,L,F,I,S,W,T,S,H,H,I,R,D,G,I,R,H,G,L,W,I,C,P,F,G,K,T,S,P,L,P,F,W,L,Y,V,I,I,T,S,S,L,P,H,I,C,S,F,I,M,Y,L,T,G,T,R,Q,M,M,S,S,K,H,G,V,R,I,D,V
Trachypithecus_francoisi,-,-,-,-,-,-,-,-,-,-,-,-,-,-,-,-,-,-,-,-,-,-,-,-,-,-,-,-,-,-,-,-,-,-,-,-,-,-,-,-,-,-,-,-,-,-,-,-,-,-,-,-,-,-,-,-,-,-,-,-,-,-,-,-,-,-,-,-,-,-,-,-,-,-,-,-,-,-,-,-,-,-,-,-,-,-,-,-,-,-,-,-,-,-,-,-,-,-,-,-,-,-,-,-,-,-,-,-,-,-,-,-,-,-,-,-,-,-,-,-,-,-,-,-,-,-,-,-,-,-,-,-,-,-,-,-,-,-,-,-,-,-,-,-,-,-,-,-,-,-,-,-,-,-,-,-,-,-,-,-,-,-,-,-,-,-,-,-,-,-,-,-,-,-,-,-,-,-,-,-,-,-,-,-,-,-,-,-,-,-,-,-,-,-,-,-,-,-,-,-,-,-,-,-,-,-,-,-,-,-,-,-,-,-,-
Tupaia_chinensis,M,A,S,E,T,E,K,T,H,A,L,L,Q,S,C,S,T,E,S,L,T,A,S,L,G,L,G,I,F,C,L,V,A,D,R,L,L,Q,F,T,I,I,Q,Q,N,D,W,L,R,A,L,S,D,N,A,V,H,G,V,I,G,M,W,S,W,A,I,V,T,G,I,K,K,K,T,D,F,G,E,I,I,L,A,G,F,L,A,S,V,I,D,M,D,H,F,I,L,A,G,S,L,S,L,K,A,A,L,T,L,P,R,R,P,F,L,H,C,S,T,V,I,P,I,V,A,L,T,L,K,F,V,M,H,L,F,K,L,K,D,S,W,C,F,L,P,W,M,I,F,I,S,W,T,S,H,H,I,R,D,G,I,R,H,G,L,W,L,C,P,F,G,K,T,S,P,L,P,F,W,L,Y,V,M,I,T,S,S,L,P,H,V,C,S,F,V,M,Y,L,T,G,T,R,Q,V,M,S,S,K,H,G,I,H,I,D,V
Urocitellus_parryii,M,A,S,E,T,E,K,T,H,A,L,L,Q,S,C,S,T,E,S,L,I,S,S,L,G,L,G,I,F,C,L,V,A,D,K,L,L,Q,F,S,I,I,Q,Q,N,D,W,L,R,A,L,S,D,N,A,V,H,C,V,I,G,M,W,S,W,A,I,V,I,G,I,K,K,K,T,D,F,G,E,I,I,L,A,G,F,L,A,S,V,I,D,V,D,H,F,L,L,A,R,S,L,S,L,K,A,A,L,S,L,P,R,R,P,F,F,H,C,S,T,V,I,P,V,V,V,L,I,L,K,L,T,M,H,L,F,K,L,K,D,S,W,C,F,L,P,W,M,L,F,I,S,W,T,S,H,H,I,R,D,G,I,R,H,G,L,W,M,C,P,F,G,K,T,S,P,L,P,F,W,L,Y,V,I,T,T,S,S,L,P,H,I,C,S,F,A,M,Y,L,T,G,T,R,Q,V,M,S,S,K,H,G,I,H,I,D,V
Ursus_americanus,M,A,S,E,A,E,K,T,H,A,L,L,Q,S,C,S,T,E,S,L,I,S,S,L,G,L,G,I,F,C,L,V,A,D,R,L,L,Q,F,S,I,I,Q,Q,N,D,W,L,R,A,L,S,D,N,A,V,H,C,V,I,G,M,W,L,W,A,I,V,I,G,V,K,K,T,T,D,F,G,E,I,V,L,A,G,F,L,A,S,V,I,D,V,D,H,F,F,L,A,G,S,L,S,L,K,A,A,L,T,L,P,R,R,P,F,L,H,C,S,T,V,I,P,V,V,V,V,T,L,K,F,T,M,H,L,F,K,L,K,D,S,W,C,F,L,P,W,M,L,F,I,S,W,T,S,H,H,I,R,D,G,I,R,H,G,L,W,I,C,P,F,G,K,T,S,P,L,P,F,W,L,Y,V,V,I,T,S,S,L,P,H,I,C,S,F,V,M,Y,F,T,G,T,R,Q,M,M,S,S,K,H,G,I,H,I,D,V
Ursus_maritimus,M,A,S,E,A,E,K,T,H,A,L,L,Q,S,C,S,T,E,S,L,I,S,S,L,G,L,G,I,F,C,L,V,A,D,R,L,L,Q,F,S,I,I,Q,Q,N,D,W,L,R,A,L,S,D,N,A,V,H,C,V,I,G,M,W,L,W,A,I,V,I,G,V,K,K,T,T,D,F,G,E,I,V,L,A,G,F,L,A,S,V,I,D,V,D,H,F,F,L,A,G,S,L,S,L,K,A,A,L,T,L,P,R,R,P,F,L,H,C,S,T,V,I,P,V,V,V,V,T,L,K,F,T,M,H,L,F,K,L,K,D,S,W,C,F,L,P,W,M,L,F,I,S,W,T,S,H,H,I,R,D,G,I,R,H,G,L,W,I,C,P,F,G,K,T,S,P,L,P,F,W,L,Y,V,V,I,T,S,S,L,P,H,I,C,S,F,V,M,Y,F,T,G,T,R,Q,M,M,S,S,K,H,G,I,H,I,D,V
Vicugna_pacos,M,A,S,E,T,E,K,T,H,A,L,L,Q,S,C,S,P,G,S,L,I,S,S,L,G,L,G,L,F,C,F,V,A,D,R,L,L,Q,F,S,I,I,Q,Q,N,D,W,L,R,A,L,S,D,N,S,V,H,C,M,I,G,M,W,S,W,A,I,V,I,G,I,K,K,K,T,D,F,G,E,I,V,L,A,G,F,L,A,S,V,I,D,V,D,H,F,F,L,A,G,S,L,S,L,Q,A,A,L,A,L,P,R,R,P,F,L,H,C,S,T,V,I,P,V,V,V,L,T,L,K,F,T,M,H,L,F,K,L,K,D,S,W,C,F,L,P,W,M,L,F,I,S,W,T,S,H,H,V,R,D,G,I,R,H,G,L,W,M,C,P,F,G,K,T,S,P,L,P,F,W,L,Y,V,I,I,T,S,S,L,P,H,I,C,S,F,I,M,Y,F,T,G,T,R,Q,M,M,S,S,K,H,G,I,H,I,D,V
Artibeus_jamaicensis,-,-,-,-,-,-,-,-,-,-,-,-,-,-,-,-,-,-,-,-,-,-,-,-,-,-,-,-,-,-,-,-,-,-,-,-,-,-,-,-,-,-,-,-,-,-,-,-,-,-,-,-,-,-,-,-,-,-,-,-,-,-,-,-,-,-,-,-,-,-,-,-,-,-,-,-,-,-,-,-,-,-,-,-,-,-,-,-,-,-,-,-,-,-,-,-,-,-,-,-,-,-,-,-,-,-,-,-,-,-,-,-,-,-,-,-,-,-,-,-,-,-,-,-,-,-,-,-,-,-,-,-,-,-,-,-,-,-,-,-,-,-,-,-,-,-,-,-,-,-,-,-,-,-,-,-,-,-,-,-,-,-,-,-,-,-,-,-,-,-,-,-,-,-,-,-,-,-,-,-,-,-,-,-,-,-,-,-,-,-,-,-,-,-,-,-,-,-,-,-,-,-,-,-,-,-,-,-,-,-,-,-,-,-,-
Desmodus_rotundus,M,A,S,E,A,E,K,T,Q,A,L,L,Q,S,C,S,P,E,S,L,L,S,S,L,G,L,G,V,F,C,L,V,A,D,R,L,L,Q,F,P,V,V,Q,Q,N,P,W,L,R,A,L,S,D,N,S,V,H,G,V,I,G,M,W,S,W,A,I,V,I,G,V,K,K,K,T,D,L,R,E,V,V,L,A,G,F,L,A,S,V,I,D,V,D,H,F,F,L,A,R,S,L,S,L,Q,A,A,L,T,L,P,R,R,P,F,L,H,C,S,T,V,I,P,A,V,A,L,T,L,K,F,M,M,H,L,F,K,L,K,D,S,W,C,F,L,P,W,M,V,F,M,S,W,T,S,H,H,V,R,D,G,I,R,H,G,L,W,I,C,P,F,G,K,T,S,P,L,P,F,W,L,Y,V,V,V,T,S,S,L,P,H,V,C,S,L,A,M,Y,F,T,G,T,R,Q,V,M,S,S,K,H,G,I,R,I,D,V
Eptesicus_fuscus,M,A,S,E,A,E,K,T,Q,A,L,L,Q,S,C,S,A,Q,S,L,L,S,S,L,G,L,G,I,F,C,L,V,A,D,R,L,L,Q,F,S,I,I,Q,Q,N,A,W,L,R,A,L,S,D,N,A,V,H,G,V,I,G,M,W,S,W,A,I,V,I,G,I,K,K,K,T,D,L,R,E,I,F,L,A,G,F,L,A,S,V,I,D,V,D,H,F,L,Q,A,R,S,L,S,L,K,A,A,L,T,L,P,R,R,P,F,L,H,C,S,T,V,I,P,A,V,V,L,T,L,K,C,T,M,H,L,F,K,L,K,D,S,W,C,F,L,P,W,M,V,F,I,S,W,T,S,H,H,I,R,D,G,L,R,H,G,L,W,L,C,P,F,G,K,T,P,P,L,P,L,W,L,Y,V,V,S,T,A,S,L,P,H,I,C,S,M,V,M,Y,L,T,G,T,R,Q,V,M,S,S,K,H,G,I,R,I,D,V
Hipposideros_armiger,M,A,S,E,T,E,K,T,H,A,L,L,Q,S,C,S,T,E,S,L,I,S,S,I,G,L,G,I,F,C,L,M,A,D,R,L,L,Q,I,S,I,I,Q,Q,N,D,W,L,R,A,L,S,D,N,A,V,H,G,V,I,G,M,W,S,W,A,I,V,I,G,I,K,K,K,T,D,L,R,E,I,I,L,A,G,F,L,A,S,V,I,D,V,D,H,F,L,L,A,G,S,L,S,L,K,A,A,L,T,L,P,R,R,P,F,L,H,C,S,T,V,I,P,V,V,V,L,T,L,K,F,T,M,H,L,F,K,L,K,D,S,W,C,F,L,P,W,M,L,L,I,S,W,T,S,H,H,I,R,D,G,I,R,H,G,L,W,I,C,P,F,G,K,T,S,P,L,P,F,W,L,Y,V,I,I,T,S,S,L,P,H,I,C,S,L,V,M,Y,L,T,G,T,R,Q,M,M,S,S,K,H,G,I,Y,I,D,V
Miniopterus_natalensis,M,A,S,E,A,E,K,T,Q,A,L,L,Q,S,C,S,A,Q,S,L,L,S,S,L,G,L,G,L,F,C,I,V,A,D,R,L,L,Q,F,S,I,I,Q,Q,N,N,W,L,R,A,L,S,D,N,A,V,H,G,V,I,G,M,W,S,W,A,I,V,I,G,V,K,K,K,T,D,L,R,E,I,F,L,A,G,F,L,A,S,V,I,D,L,D,H,F,V,L,A,R,S,L,S,L,K,A,A,L,T,L,P,R,R,P,F,L,H,C,S,T,V,I,P,A,V,V,L,A,L,K,C,T,M,H,L,F,K,L,K,D,S,W,C,F,L,P,W,M,V,F,I,S,W,T,S,H,H,I,R,D,G,I,R,H,G,L,W,I,C,P,F,G,K,T,S,P,L,P,F,W,L,Y,V,V,S,T,S,S,L,P,H,I,C,S,L,V,M,Y,V,T,G,T,R,Q,V,M,S,S,K,H,G,I,H,I,D,V
Molossus_molossus,M,A,S,E,T,E,K,T,Q,A,L,L,Q,S,C,S,T,E,S,L,L,S,S,L,G,L,G,I,F,C,L,V,A,D,K,L,L,Q,F,P,T,V,Q,Q,N,D,W,L,R,A,L,S,D,N,A,V,H,G,V,I,G,M,W,S,W,A,V,V,I,G,V,K,K,K,T,D,L,R,E,I,F,L,A,G,F,L,A,S,V,I,D,V,D,H,F,L,L,A,Q,S,L,S,L,K,A,A,L,T,L,P,R,R,P,F,L,H,C,S,T,V,I,P,A,V,V,L,T,L,K,L,I,M,H,L,F,K,L,K,D,S,W,C,F,L,P,W,M,V,F,I,S,W,T,S,H,H,I,R,D,G,I,R,H,G,L,W,L,C,P,F,G,K,T,P,P,L,P,F,W,L,Y,V,V,S,T,A,S,L,P,H,I,C,S,L,V,M,Y,L,T,G,T,R,Q,V,M,S,S,K,H,G,I,R,I,D,V
Myotis_brandtii,M,A,S,E,T,E,K,T,Q,A,L,L,Q,S,C,S,T,Q,S,L,L,S,S,L,G,L,G,I,F,C,L,V,A,D,R,L,L,Q,F,S,I,I,Q,Q,N,N,W,L,R,A,L,S,D,N,A,V,H,G,V,I,G,M,W,S,W,A,I,V,I,G,I,K,K,K,T,D,L,R,E,I,F,L,A,G,F,L,A,S,V,I,D,V,D,H,F,L,L,A,R,S,L,S,L,K,A,A,L,T,L,P,R,R,P,F,L,H,C,S,T,V,I,P,A,V,V,L,T,L,K,C,T,M,H,L,F,K,L,K,D,S,W,C,F,L,P,W,M,V,F,I,S,W,T,S,H,H,I,R,D,G,L,R,H,G,L,W,I,C,P,F,G,K,T,P,P,L,P,L,W,L,Y,V,V,S,T,A,S,L,P,H,I,C,S,L,V,M,Y,L,T,G,T,R,Q,V,M,S,S,K,H,G,I,R,I,D,V
Myotis_davidii,M,A,S,E,A,E,K,T,Q,A,L,L,Q,S,C,S,T,Q,S,L,L,S,S,L,G,L,G,I,F,C,L,V,A,D,R,L,L,Q,L,S,I,I,Q,Q,N,N,W,I,R,A,L,S,D,N,A,V,H,G,V,I,G,M,W,S,W,A,I,V,I,G,I,K,K,K,T,D,V,R,E,I,F,L,A,G,F,L,A,S,V,I,D,V,D,H,F,L,L,A,R,S,L,S,L,K,A,A,L,T,L,P,R,R,P,F,L,H,C,S,T,V,I,P,A,V,V,L,T,L,R,C,T,M,H,L,F,K,L,K,D,S,W,C,F,L,P,W,M,V,F,I,S,W,T,S,H,H,I,R,D,G,L,R,H,G,L,W,I,C,P,F,G,K,T,P,P,L,P,L,W,L,Y,V,V,S,T,A,S,L,P,H,I,C,S,L,V,M,Y,L,T,G,T,R,E,V,M,S,S,K,H,G,I,H,I,D,V
Myotis_lucifugus,M,A,S,E,T,E,K,T,Q,A,L,L,Q,S,C,S,T,Q,S,L,L,S,S,L,G,L,G,I,F,C,L,V,A,D,R,L,L,Q,F,S,I,I,Q,Q,N,N,W,L,R,A,L,S,D,N,A,V,H,G,V,I,G,M,W,S,W,A,I,V,I,G,I,K,K,K,T,D,L,R,E,I,F,L,A,G,F,L,A,S,V,I,D,V,D,H,F,L,L,A,R,S,L,S,L,K,A,A,L,T,L,P,R,R,P,F,L,H,C,S,T,V,I,P,A,V,V,L,T,L,K,C,T,M,H,L,F,K,L,K,D,S,W,C,F,L,P,W,M,V,F,I,S,W,T,S,H,H,I,R,D,G,L,R,H,G,L,W,I,C,P,F,G,K,T,P,P,L,P,L,W,L,Y,V,V,S,T,A,S,L,P,H,I,C,S,L,V,M,Y,L,T,G,T,R,Q,V,M,S,S,K,H,G,I,H,I,D,V
Myotis_myotis,M,A,S,E,T,E,K,A,Q,A,L,L,Q,S,C,S,T,Q,A,L,L,S,S,L,G,L,G,I,F,C,L,V,A,D,R,L,L,Q,F,S,I,I,Q,Q,N,N,W,L,R,A,L,S,D,N,A,V,H,G,V,I,G,M,W,S,W,A,I,V,I,G,I,K,K,K,T,D,L,R,E,I,F,L,A,G,F,L,A,S,V,I,D,V,D,H,F,L,L,A,R,S,L,S,L,K,A,A,L,T,L,P,R,R,P,F,L,H,C,S,T,V,I,P,A,V,V,L,T,L,K,C,T,M,H,L,F,K,L,K,D,S,W,C,F,L,P,W,M,V,F,I,S,W,T,S,H,H,I,R,D,G,L,R,H,G,L,W,I,C,P,F,G,K,T,P,P,L,P,P,W,L,Y,V,V,S,T,A,S,L,P,H,I,C,S,L,V,M,Y,L,T,G,T,R,Q,V,M,S,S,K,H,G,I,H,I,D,V
Phyllostomus_discolor,-,-,-,-,-,-,-,-,-,-,-,-,-,-,-,-,-,-,-,-,-,-,-,-,-,-,-,-,-,-,-,-,-,-,-,-,-,-,-,-,-,-,-,-,-,-,-,-,-,-,-,-,-,-,-,-,-,-,-,-,-,-,-,-,-,-,-,-,-,-,-,-,-,-,-,-,-,-,-,-,-,-,-,-,-,-,-,-,-,-,-,-,-,-,-,-,-,-,-,-,-,-,-,-,-,-,-,-,-,-,-,-,-,-,-,-,-,-,-,-,-,-,-,-,-,-,-,-,-,-,-,-,-,-,-,-,-,-,-,-,-,-,-,-,-,-,-,-,-,-,-,-,-,-,-,-,-,-,-,-,-,-,-,-,-,-,-,-,-,-,-,-,-,-,-,-,-,-,-,-,-,-,-,-,-,-,-,-,-,-,-,-,-,-,-,-,-,-,-,-,-,-,-,-,-,-,-,-,-,-,-,-,-,-,-
Phyllostomus_hastatus,-,-,-,-,-,-,-,-,-,-,-,-,-,-,-,-,-,-,-,-,-,-,-,-,-,-,-,-,-,-,-,-,-,-,-,-,-,-,-,-,-,-,-,-,-,-,-,-,-,-,-,-,-,-,-,-,-,-,-,-,-,-,-,-,-,-,-,-,-,-,-,-,-,-,-,-,-,-,-,-,-,-,-,-,-,-,-,-,-,-,-,-,-,-,-,-,-,-,-,-,-,-,-,-,-,-,-,-,-,-,-,-,-,-,-,-,-,-,-,-,-,-,-,-,-,-,-,-,-,-,-,-,-,-,-,-,-,-,-,-,-,-,-,-,-,-,-,-,-,-,-,-,-,-,-,-,-,-,-,-,-,-,-,-,-,-,-,-,-,-,-,-,-,-,-,-,-,-,-,-,-,-,-,-,-,-,-,-,-,-,-,-,-,-,-,-,-,-,-,-,-,-,-,-,-,-,-,-,-,-,-,-,-,-,-
Pipistrellus_kuhlii,M,A,S,E,T,E,K,T,Q,A,L,L,Q,S,C,S,T,Q,A,L,L,S,S,L,G,L,G,T,F,C,L,V,A,D,R,L,L,Q,F,P,I,I,Q,H,N,T,W,L,R,A,L,S,D,N,A,V,H,G,V,I,G,M,W,S,W,A,I,V,I,G,I,K,K,K,T,D,L,R,E,I,F,L,A,G,F,L,A,S,V,I,D,V,D,H,F,L,L,A,R,S,L,S,L,Q,A,A,L,T,L,P,R,R,P,F,L,H,C,S,T,L,I,P,I,V,V,L,T,L,K,A,T,M,H,L,F,K,L,K,D,S,W,C,F,L,P,W,M,V,F,I,S,W,T,S,H,H,I,R,D,G,L,R,R,G,L,W,L,C,P,F,G,K,T,P,P,L,P,V,W,L,Y,V,V,S,T,A,S,L,P,H,F,C,S,M,V,M,Y,L,T,G,T,R,Q,V,M,S,S,K,H,G,I,R,I,D,V
Rhinolophus_ferrumequinum,M,A,S,E,T,E,K,T,H,A,L,L,Q,S,C,S,T,E,S,L,I,S,S,L,G,L,G,I,F,C,L,I,A,D,R,L,L,Q,F,S,I,I,Q,Q,N,D,W,L,R,A,L,S,D,N,A,V,H,G,V,I,G,M,W,S,W,A,I,V,I,G,I,R,K,K,T,D,L,R,E,I,I,L,A,G,F,L,A,S,V,I,D,V,D,H,F,F,L,A,G,S,L,S,L,K,A,A,L,T,L,P,R,R,P,F,L,H,C,S,T,V,I,P,I,V,V,L,T,L,K,F,A,M,H,L,F,K,L,K,D,S,W,C,F,L,P,W,M,L,F,I,S,W,T,S,H,H,I,R,D,G,I,R,H,G,L,W,I,C,P,F,G,K,T,S,P,L,P,F,W,L,Y,V,I,I,T,S,S,L,P,H,I,C,S,L,V,M,Y,L,T,G,T,R,Q,M,M,S,S,K,H,G,I,Y,I,D,V
Sorex_araneus,M,A,S,E,A,E,K,T,R,A,L,L,Q,S,C,G,A,E,S,L,L,S,S,L,G,L,G,V,F,C,L,V,V,D,R,L,L,Q,F,S,I,I,Q,Q,N,D,W,L,R,A,L,S,D,N,A,V,H,C,V,I,G,M,W,S,W,A,I,V,I,G,I,K,K,K,T,D,I,G,E,I,I,V,A,G,L,L,A,S,V,I,D,I,D,H,F,L,L,A,G,S,L,S,L,K,A,A,L,N,L,P,R,R,P,F,L,H,C,S,T,V,I,P,V,V,A,L,T,L,K,F,I,M,H,I,L,K,L,K,D,S,W,C,F,L,P,W,M,L,F,L,S,W,T,S,H,H,I,R,D,G,I,R,H,G,L,W,I,C,P,F,G,K,T,S,P,L,P,F,W,L,Y,V,V,I,T,A,S,L,P,H,I,C,S,F,I,M,Y,L,T,G,T,R,Q,I,M,S,S,K,H,G,I,R,I,D,V
Sturnira_hondurensis,M,A,S,E,A,E,K,T,Q,A,L,L,Q,S,C,S,T,E,S,V,L,S,S,L,G,L,G,L,F,C,L,V,A,D,R,L,L,Q,F,S,L,I,Q,Q,N,P,W,L,R,A,L,S,D,N,A,V,H,G,V,I,G,M,W,S,W,A,I,V,I,G,V,K,K,K,T,D,L,R,E,I,V,L,A,G,F,L,A,S,V,I,D,V,D,H,F,F,L,A,R,S,L,S,L,K,A,A,L,T,L,P,R,R,P,F,L,H,C,S,T,V,I,P,A,V,A,L,T,L,K,F,T,M,L,L,F,K,L,K,D,S,W,C,F,L,P,W,M,V,F,M,S,W,T,S,H,H,V,R,D,G,I,R,H,G,L,W,I,C,P,F,G,N,T,A,P,L,P,F,W,L,Y,V,V,V,T,S,S,L,P,H,V,C,S,L,A,M,Y,F,T,G,A,R,H,V,M,S,S,K,H,G,I,R,I,D,V
Pteropus_alecto,M,A,S,E,T,E,K,T,H,A,L,L,Q,S,C,S,T,E,S,L,I,S,S,L,G,L,G,I,F,C,L,V,A,D,R,L,L,Q,F,S,I,I,Q,Q,N,D,W,L,R,A,L,S,D,N,A,V,H,G,V,I,G,M,W,S,W,A,I,V,I,G,V,K,K,K,T,D,L,R,E,I,V,L,A,G,F,L,A,S,I,I,D,V,D,H,F,F,L,A,G,S,L,S,L,K,A,A,L,T,L,P,R,R,P,F,L,H,C,S,T,V,I,P,V,V,V,L,T,L,K,F,T,M,H,L,F,K,L,K,D,S,W,C,F,L,P,W,M,L,F,M,S,W,T,S,H,H,I,R,D,G,I,R,H,G,L,W,I,C,P,F,G,K,T,S,P,L,P,F,W,L,Y,V,V,I,T,S,S,L,P,H,I,C,S,L,V,M,Y,L,T,G,T,R,Q,M,M,S,S,K,H,G,I,H,I,D,V
Pteropus_giganteus,M,A,S,E,T,E,K,T,H,A,L,L,Q,S,C,S,T,E,S,L,I,S,S,L,G,L,G,I,F,C,L,V,A,D,R,L,L,Q,F,S,I,I,Q,R,N,D,W,L,R,A,L,S,D,N,A,V,H,G,V,I,G,M,W,S,W,A,I,V,I,G,V,K,K,K,T,D,L,R,E,I,V,L,A,G,F,L,A,S,V,I,D,V,D,H,F,F,L,A,G,S,L,S,L,K,A,A,L,T,L,P,R,R,P,F,L,H,C,S,T,V,I,P,I,V,V,L,T,L,K,F,T,M,H,L,F,K,L,K,D,S,W,C,F,L,P,W,M,L,F,M,S,W,T,S,H,H,I,R,D,G,I,R,H,G,L,W,I,C,P,F,G,K,T,S,P,L,P,F,W,L,Y,V,V,I,T,S,S,L,P,H,I,C,S,L,V,M,Y,L,T,G,T,R,Q,M,M,S,S,K,H,G,I,H,I,D,V
Pteropus_vampyrus,M,A,S,E,T,E,K,T,H,A,L,L,Q,S,C,S,T,E,S,L,I,S,S,L,G,L,G,I,F,C,L,V,A,D,R,L,L,Q,F,S,I,I,Q,R,N,D,W,L,R,A,L,S,D,N,A,V,H,G,V,I,G,M,W,S,W,A,I,V,I,G,V,K,K,K,T,D,L,R,E,I,V,L,A,G,F,L,A,S,V,I,D,V,D,H,F,F,L,A,G,S,L,S,L,K,A,A,L,T,L,P,R,R,P,F,L,H,C,S,T,V,I,P,I,V,V,L,S,L,K,F,T,M,H,L,F,K,L,K,D,S,W,C,F,L,P,W,M,L,F,M,S,W,T,S,H,H,I,R,D,G,I,R,H,G,L,W,I,C,P,F,G,K,T,S,P,L,P,F,W,L,Y,V,V,I,T,S,S,L,P,H,I,C,S,L,V,M,Y,L,T,G,T,R,Q,M,M,S,S,K,H,G,I,H,I,D,V
Rousettus_aegyptiacus,M,A,S,E,I,E,K,T,H,A,L,L,Q,S,C,S,T,E,S,L,I,S,S,L,G,L,G,I,F,C,L,V,A,D,R,L,L,Q,F,S,I,I,Q,Q,N,D,W,L,R,A,L,S,D,N,A,V,H,G,V,I,G,M,W,S,W,A,I,V,I,G,V,K,K,T,T,D,L,R,E,I,V,L,A,G,F,L,A,S,I,I,D,V,D,H,F,F,L,A,G,S,L,S,L,K,A,A,L,T,L,P,R,R,P,F,L,H,C,S,T,V,I,P,V,V,V,M,T,L,K,F,T,M,H,L,F,K,L,K,D,S,W,C,F,L,P,W,M,L,F,M,S,W,T,S,H,H,I,R,D,G,I,R,H,G,L,W,I,C,P,F,G,K,T,S,P,L,P,F,W,L,Y,V,V,M,T,S,S,L,P,H,I,C,S,L,V,M,Y,L,T,G,T,R,Q,M,M,S,S,K,H,G,I,H,I,D,V
Ailuropoda_melanoleuca,M,A,S,E,A,E,K,T,H,A,L,L,Q,S,C,S,T,E,S,L,I,S,S,L,G,L,G,I,F,C,L,V,A,D,R,L,L,Q,F,S,I,I,Q,Q,N,D,W,L,R,A,L,S,D,N,A,V,H,C,V,I,G,M,W,L,W,A,I,V,I,G,V,K,K,T,N,D,F,G,E,I,I,L,A,G,F,L,A,S,V,I,D,V,D,H,F,F,L,A,G,S,L,S,L,K,A,A,L,T,L,P,R,R,P,F,L,H,C,S,T,V,I,P,V,V,V,V,T,L,K,F,T,M,H,L,F,K,L,K,D,S,W,C,F,L,P,W,M,L,F,I,S,W,T,S,H,H,I,R,D,G,I,R,H,G,L,W,I,C,P,F,G,K,T,S,P,L,P,F,W,L,Y,V,V,I,T,S,S,L,P,H,I,C,S,F,V,M,Y,F,T,G,T,R,Q,M,M,S,S,K,H,G,I,H,I,D,V
Antechinus_flavipes,M,A,T,E,T,E,K,T,F,A,L,L,Q,T,F,S,T,L,S,V,I,S,S,L,G,L,G,L,F,C,F,A,A,D,R,L,F,Q,F,S,S,I,Q,Q,N,D,W,L,R,A,L,S,D,N,A,V,H,G,I,I,G,M,W,S,W,A,I,V,I,G,L,K,K,K,S,D,F,G,E,I,I,L,A,G,F,L,A,S,F,I,D,V,D,H,F,F,L,A,G,S,L,S,L,K,A,A,L,N,L,P,H,R,P,F,L,H,C,S,T,L,I,P,I,V,V,L,A,L,K,L,I,I,H,L,F,Q,L,K,D,S,W,C,F,L,P,W,M,L,F,I,S,W,T,S,H,H,V,R,D,G,I,R,H,G,L,W,I,C,P,F,G,K,T,S,P,L,P,Y,W,L,Y,V,T,I,T,A,S,L,P,H,L,S,S,F,I,M,Y,L,A,R,T,R,E,-,M,S,I,K,H,G,I,H,I,D,V
Aotus_nancymaae,M,A,S,E,T,E,K,T,H,A,L,L,Q,T,C,S,T,E,S,L,I,S,S,L,G,L,G,V,F,C,L,V,A,D,R,L,L,Q,F,S,T,I,Q,Q,N,D,W,L,R,A,L,S,D,N,A,V,H,C,V,I,G,M,W,S,W,A,V,V,I,G,I,K,K,K,T,D,F,G,E,I,I,L,A,G,F,L,A,S,V,I,D,V,D,H,F,F,L,A,G,S,L,S,L,K,A,A,L,S,L,P,R,R,P,F,L,H,C,S,S,V,I,P,V,V,V,L,T,L,K,F,T,M,H,L,F,K,L,K,D,S,-,C,F,L,P,W,M,L,F,I,S,W,T,S,H,H,I,R,D,G,I,R,H,G,L,W,I,C,P,F,G,K,T,S,P,L,P,F,W,L,Y,V,I,I,T,S,S,L,P,H,I,C,S,F,I,M,Y,L,T,G,T,R,Q,M,M,S,S,K,H,G,I,H,I,D,V
Apodemus_sylvaticus,-,A,S,K,V,E,K,T,R,A,L,S,P,C,C,S,P,E,S,L,I,S,S,V,G,L,G,I,F,C,L,V,A,D,R,L,L,R,F,P,I,I,Q,Q,N,D,W,L,R,A,L,S,D,N,L,V,H,G,V,I,G,M,W,S,W,A,V,V,I,G,I,R,K,K,S,D,F,G,E,V,L,L,A,G,F,L,A,S,V,I,D,I,D,H,F,F,Q,A,R,S,L,S,L,Q,A,A,L,T,L,P,R,R,P,F,L,H,C,S,T,V,I,P,I,A,V,L,S,V,K,L,A,T,H,L,F,R,L,R,D,S,W,H,F,L,P,W,V,I,F,I,S,W,T,S,H,H,I,R,D,G,I,R,H,G,L,W,I,C,P,F,G,K,T,P,P,L,P,F,W,F,Y,V,I,S,T,L,S,L,P,H,V,C,S,F,L,M,Y,V,T,G,T,R,Q,T,M,S,P,K,H,G,M,R,I,D,I
Arvicola_amphibius,M,A,S,K,V,E,K,T,E,A,L,Q,Q,C,F,G,T,E,S,L,I,S,S,L,G,L,G,I,F,C,L,V,A,D,R,F,L,R,F,S,V,I,H,Q,S,D,W,L,R,A,L,S,D,N,I,V,H,G,V,I,G,M,W,S,W,A,L,V,V,G,I,K,K,K,A,D,L,G,E,V,L,L,A,G,F,L,A,S,V,I,D,I,D,H,F,F,L,A,R,S,L,S,L,K,A,A,L,T,L,P,R,R,P,F,L,H,C,S,T,V,I,P,V,A,V,V,V,L,K,L,A,M,H,L,F,R,L,R,D,S,W,C,F,L,P,W,M,L,F,I,S,W,A,S,H,H,I,R,D,G,I,R,H,G,L,W,I,C,P,F,G,K,T,S,P,L,P,F,W,L,Y,V,T,T,T,L,S,L,P,H,L,C,S,F,L,M,Y,L,T,G,T,R,Q,T,I,S,S,K,H,G,M,R,V,D,V
Callorhinus_ursinus,M,A,S,E,A,E,K,T,H,A,L,L,Q,S,C,S,T,E,S,L,I,S,S,L,G,L,G,I,F,C,L,V,A,D,R,L,L,Q,F,S,I,I,Q,Q,N,D,W,L,R,A,L,S,D,N,A,V,H,C,V,I,G,M,W,L,W,A,I,V,I,G,V,K,K,T,T,D,F,G,E,I,I,L,A,G,F,L,A,S,V,I,D,V,D,H,F,F,L,A,G,S,L,S,L,K,A,A,L,T,L,P,R,R,P,F,L,H,C,S,T,V,I,P,V,V,V,L,T,L,R,F,T,M,H,L,F,K,L,K,D,S,W,C,F,L,P,W,M,L,F,I,S,W,T,S,H,H,I,R,D,G,I,R,H,G,L,W,I,C,P,F,G,K,T,S,P,L,P,F,W,L,Y,V,I,I,T,A,S,L,P,H,I,C,S,F,V,M,Y,F,T,G,T,R,Q,M,M,S,S,K,H,G,I,H,I,D,V
Canis_lupus_dingo,M,A,S,E,A,E,K,T,H,A,L,L,Q,S,C,S,T,E,S,L,I,S,S,L,G,L,G,I,F,C,L,V,A,D,R,L,L,Q,F,S,I,I,Q,Q,N,D,W,L,R,A,L,S,D,N,A,V,H,C,V,I,G,M,W,L,W,A,I,V,I,G,V,K,K,T,T,D,F,G,E,I,I,L,A,G,F,L,A,S,V,I,D,V,D,H,F,F,L,A,G,S,L,S,L,K,A,A,L,T,L,P,R,R,P,F,L,H,C,S,T,V,I,P,V,V,A,L,T,L,K,F,T,M,H,L,F,K,L,K,D,S,W,C,F,L,P,W,M,L,F,I,S,W,T,S,H,H,I,R,D,G,V,R,H,G,L,W,I,C,P,F,G,K,T,S,P,L,P,F,W,L,Y,V,I,I,T,S,S,L,P,H,I,C,S,F,I,M,Y,L,T,G,T,R,Q,M,M,S,S,K,H,G,I,H,I,D,V
Carlito_syrichta,M,A,S,E,T,E,K,T,H,A,L,L,Q,T,C,S,V,Q,S,L,I,S,S,L,A,L,G,I,F,C,L,I,A,D,R,L,L,Q,F,S,T,I,Q,Q,N,A,W,L,R,A,L,S,D,N,A,V,H,C,V,I,G,M,W,S,W,A,I,V,I,G,I,K,K,K,T,D,L,G,E,I,I,L,A,G,F,L,A,S,V,I,D,I,D,H,F,L,L,A,G,S,L,S,L,K,A,A,L,T,L,P,R,R,P,F,L,H,C,S,T,V,I,P,I,V,V,L,T,L,K,F,T,M,H,F,F,K,L,K,D,S,W,C,F,L,P,W,M,L,F,I,S,W,T,S,H,H,I,R,D,G,I,R,H,G,L,W,I,C,P,F,G,K,T,S,P,L,P,F,W,L,Y,V,T,I,T,A,S,L,P,H,I,C,S,F,I,M,Y,L,T,G,T,R,Q,M,M,S,S,K,H,G,I,H,I,D,V
Castor_canadensis,M,A,S,E,M,D,K,T,R,A,L,L,Q,S,C,S,T,E,S,I,I,S,S,L,G,L,G,I,F,C,M,V,A,D,K,L,L,Q,F,S,I,I,H,Q,S,E,W,L,R,S,L,S,D,N,A,I,H,G,V,I,G,M,W,S,W,A,I,V,I,G,I,K,K,K,A,D,V,G,E,I,I,L,A,G,F,L,A,S,V,I,D,I,D,H,F,F,L,A,K,S,L,S,L,K,A,A,L,S,L,P,R,R,P,F,L,H,C,S,T,V,I,P,I,A,A,L,T,L,K,F,I,M,H,I,F,K,L,K,D,S,W,H,F,L,P,W,M,L,F,V,S,W,T,S,H,H,I,R,D,G,I,R,H,G,L,W,I,C,P,F,G,K,T,S,P,L,P,F,W,L,Y,V,I,M,T,S,T,L,P,H,M,C,S,F,V,M,Y,L,T,G,T,R,Q,M,M,P,S,K,P,G,I,R,I,D,V
Cavia_porcellus,M,A,S,E,A,E,K,T,H,A,L,L,Q,S,C,S,A,E,S,L,L,S,S,F,G,L,G,I,F,C,L,V,A,E,R,L,L,Q,F,P,V,I,Q,R,S,D,W,L,R,A,L,S,D,N,A,V,H,C,V,I,G,M,W,S,W,A,I,V,I,G,V,K,K,K,T,D,F,G,E,V,I,L,A,G,I,L,A,S,V,I,D,L,D,H,F,F,V,A,R,S,F,S,L,K,A,A,L,T,L,P,R,R,P,F,L,H,C,S,T,V,I,P,V,V,A,L,T,L,K,F,A,M,H,L,F,K,L,R,D,S,W,C,F,L,P,W,M,L,F,I,S,W,T,S,H,H,I,R,D,G,I,R,H,G,L,W,I,C,P,F,G,K,T,S,P,V,P,F,W,L,Y,I,I,I,T,S,S,L,P,H,V,C,S,F,I,M,Y,L,T,G,T,R,Q,K,L,S,S,K,Y,G,I,R,I,D,V
Cervus_elaphus_hippelaphus,-,-,-,-,-,-,-,-,-,-,-,-,-,-,-,-,-,-,-,-,-,-,-,-,-,-,-,-,-,-,-,-,-,-,-,-,-,-,-,-,-,-,-,-,-,-,-,-,-,-,-,-,-,-,-,-,-,-,-,-,-,-,-,-,-,-,-,-,-,-,-,-,-,-,-,-,-,-,-,-,-,-,-,-,-,-,-,-,-,-,-,-,-,-,-,-,-,-,-,-,-,-,-,-,-,-,-,-,-,-,-,-,-,-,-,-,-,-,-,-,-,-,-,-,-,-,-,-,-,-,-,-,-,-,-,-,-,-,-,-,-,-,-,-,-,-,-,-,-,-,-,-,-,-,-,-,-,-,-,-,-,-,-,-,-,-,-,-,-,-,-,-,-,-,-,-,-,-,-,-,-,-,-,-,-,-,-,-,-,-,-,-,-,-,-,-,-,-,-,-,-,-,-,-,-,-,-,-,-,-,-,-,-,-,-
Chinchilla_lanigera,M,A,S,E,A,E,K,T,P,A,L,L,Q,S,C,G,T,E,S,V,I,S,S,F,G,L,G,M,F,C,L,V,A,D,R,L,L,Q,F,S,I,I,Q,Q,N,D,W,L,R,A,L,S,D,N,A,V,H,G,V,I,G,M,W,S,W,A,I,V,T,G,I,K,K,K,T,D,F,G,E,V,I,L,A,G,F,L,A,S,V,I,D,V,D,H,F,F,L,A,G,S,L,S,L,K,A,A,L,T,L,P,R,R,P,I,L,H,C,S,T,V,I,P,I,A,A,L,T,L,K,C,I,M,H,L,F,K,L,K,D,S,W,Y,F,L,P,W,M,L,F,I,S,W,T,S,H,H,I,R,D,G,I,R,H,G,L,W,I,C,P,F,G,K,T,S,P,V,P,F,W,L,Y,V,I,T,T,S,S,L,P,H,V,C,S,F,I,M,C,L,T,G,T,R,Q,K,M,S,S,N,H,G,I,R,M,D,V
Choloepus_didactylus,M,A,S,E,T,E,K,T,H,A,L,L,Q,S,C,S,T,E,S,L,I,S,S,L,G,L,G,I,F,C,L,V,A,D,R,L,L,R,F,S,I,I,Q,Q,N,D,W,L,R,A,L,S,D,N,S,V,H,C,V,I,G,M,W,S,W,A,I,V,T,G,V,K,K,K,T,D,F,G,E,I,L,L,A,G,I,L,A,S,I,I,D,V,D,H,F,L,L,A,G,S,L,S,L,K,A,A,L,T,L,P,R,R,P,F,L,H,C,S,T,V,I,P,T,V,V,L,T,L,K,L,T,M,H,L,F,K,L,K,D,S,W,C,F,L,P,W,M,L,F,I,S,W,T,S,H,H,I,R,D,G,I,R,H,G,L,W,I,C,P,F,G,K,T,S,P,L,P,F,W,L,Y,V,I,M,T,S,S,L,P,H,I,C,S,F,V,M,Y,L,T,G,T,R,Q,M,M,S,S,K,H,G,I,R,I,D,V
Cricetulus_griseus,M,A,S,K,V,E,K,T,H,A,L,Q,Q,C,F,S,T,E,S,L,I,S,S,L,G,L,G,I,F,C,L,V,A,D,R,F,L,R,F,S,I,I,H,Q,N,D,W,L,R,A,L,S,D,N,I,V,H,G,V,I,G,M,W,S,W,A,V,V,I,G,I,K,K,K,A,D,F,G,E,V,L,L,A,G,F,L,A,S,V,I,D,I,D,H,F,F,L,A,G,S,L,S,L,K,A,A,L,T,L,P,R,R,P,F,L,H,C,S,T,V,I,P,V,A,V,V,S,V,K,L,A,M,H,L,L,R,L,R,D,T,W,C,F,L,P,W,M,L,F,I,S,W,A,S,H,H,I,R,D,G,I,R,H,G,L,W,I,C,P,F,G,K,T,S,P,L,P,F,W,L,Y,V,I,T,T,L,S,L,P,H,M,C,S,F,L,M,Y,L,T,G,T,R,Q,V,M,S,S,K,Q,E,M,R,I,D,V
Dasypus_novemcinctus,M,A,S,E,T,E,K,T,H,A,L,L,Q,S,C,I,T,D,S,L,I,S,S,L,G,L,G,I,F,C,L,V,A,D,R,L,L,Q,F,S,M,I,Q,Q,N,D,W,L,R,A,L,S,D,N,A,V,H,C,V,I,G,M,W,S,W,A,V,V,T,G,V,K,K,M,T,D,F,R,E,I,I,L,A,G,I,L,A,S,I,I,D,V,D,H,F,F,L,A,G,S,L,S,L,K,A,A,L,T,L,P,R,R,P,F,L,H,C,S,T,V,I,P,I,V,V,L,T,L,K,L,T,M,H,L,F,K,L,K,D,S,W,C,F,L,P,W,M,L,F,I,S,W,T,S,H,H,I,R,D,G,I,R,H,G,L,W,L,C,P,F,G,K,T,S,P,L,P,F,W,F,Y,V,I,M,T,S,S,L,P,H,I,C,S,F,V,M,Y,V,T,G,T,R,Q,M,M,T,S,K,H,G,I,R,I,D,V
Dipodomys_ordii,M,A,S,E,T,E,K,T,R,A,L,L,Q,A,C,S,T,E,S,I,V,C,S,I,G,L,G,I,F,C,L,V,A,D,R,L,L,Q,L,P,L,I,Q,Q,S,D,W,L,R,A,L,S,D,N,A,V,H,G,M,I,G,M,W,S,W,A,I,I,T,G,V,K,K,K,T,D,F,G,E,V,I,L,A,G,F,L,A,S,V,I,D,I,D,H,F,F,L,A,R,S,L,S,L,K,A,A,L,T,L,P,R,R,P,F,L,H,C,S,T,M,I,P,I,M,V,L,T,L,K,F,T,M,Y,L,L,K,V,R,D,S,W,C,F,L,P,W,M,L,F,V,S,W,T,S,H,H,I,R,D,A,I,R,H,G,L,W,I,C,P,F,G,K,T,S,P,L,P,F,W,L,Y,V,M,T,T,S,S,L,P,H,I,C,S,L,G,M,Y,V,T,G,T,R,Q,L,I,S,S,T,Q,G,T,L,I,N,V
Dipodomys_spectabilis,M,A,S,E,T,E,K,T,H,A,L,L,Q,A,C,S,T,E,S,I,V,C,S,I,G,L,G,I,F,C,L,V,A,D,R,L,L,Q,L,P,L,I,Q,Q,S,D,W,L,R,A,L,S,D,N,A,V,H,G,M,I,G,M,W,S,W,A,V,I,T,G,V,K,K,K,T,D,F,G,E,V,I,L,A,G,F,L,A,S,V,I,D,I,D,H,F,F,L,A,R,S,L,S,L,K,A,A,L,T,L,P,R,R,P,F,L,H,C,S,T,M,I,P,I,M,V,L,T,L,K,F,T,M,Y,L,L,K,V,R,D,S,W,C,F,L,P,W,M,L,F,V,S,W,T,S,H,H,I,R,D,A,I,R,H,G,L,W,I,C,P,F,G,K,T,S,P,L,P,F,W,L,Y,V,M,T,T,S,S,L,P,H,I,C,S,L,G,M,Y,V,T,G,T,R,Q,L,I,S,S,T,Q,G,T,L,I,N,V
Dromiciops_gliroides,M,A,T,E,T,E,K,T,F,A,L,L,Q,T,F,S,T,L,S,V,I,S,S,L,G,L,G,L,F,C,F,V,A,D,R,L,F,Q,F,S,F,I,Q,Q,N,D,W,L,R,A,L,S,D,N,A,V,H,G,I,I,G,M,W,S,W,A,I,V,I,G,L,K,K,K,S,D,F,G,E,V,I,L,A,G,F,L,A,S,F,I,D,V,D,H,F,F,L,A,G,S,L,S,L,K,A,A,L,N,L,P,H,R,P,F,L,H,C,S,T,L,I,P,I,V,V,L,T,L,K,L,I,M,H,L,F,R,L,K,D,S,W,C,F,L,P,W,M,L,F,I,S,W,T,S,H,H,V,R,D,G,I,R,H,G,L,W,I,C,P,F,G,K,T,S,P,L,P,Y,W,L,Y,V,T,I,T,A,S,L,P,H,L,C,S,F,I,M,Y,L,T,G,T,R,E,M,M,S,I,K,H,G,M,H,I,D,V
Elephantulus_edwardii,M,P,S,E,D,E,K,T,H,A,L,L,H,S,C,S,A,A,S,L,V,S,S,L,G,L,G,M,F,C,L,V,A,D,R,L,L,Q,F,S,L,I,Q,H,N,V,W,L,R,A,L,A,D,N,A,V,H,C,V,I,G,M,W,S,W,A,V,V,I,G,V,R,K,K,N,D,L,G,E,I,M,L,A,G,F,L,A,S,V,I,D,I,D,H,F,F,L,A,G,S,L,S,L,K,A,A,L,A,L,P,R,R,P,P,L,H,C,S,T,V,I,P,A,V,A,L,A,L,R,V,V,M,H,L,F,R,I,K,D,S,W,C,V,L,P,W,M,L,F,I,S,W,T,S,H,H,V,R,D,G,I,R,H,G,L,W,L,C,P,F,G,K,T,S,P,L,P,F,W,L,Y,V,A,I,T,S,S,L,P,H,I,C,S,V,A,M,Y,L,T,G,T,R,Q,V,M,S,S,K,H,G,I,H,I,D,V
Equus_caballus,M,A,S,E,T,E,K,T,H,T,L,L,Q,S,C,S,T,E,S,L,I,S,S,L,G,L,G,I,F,C,L,V,A,D,R,L,L,Q,F,S,I,I,Q,Q,N,D,W,V,R,A,L,S,D,N,A,V,H,C,V,I,G,M,W,S,W,A,I,V,I,G,V,K,K,K,T,D,F,G,E,I,V,L,A,G,F,L,A,S,V,I,D,V,D,H,F,L,L,A,G,S,L,S,L,Q,A,A,L,T,L,P,R,R,P,F,L,H,C,S,T,V,I,P,V,V,V,L,T,L,K,F,T,V,H,F,F,K,L,K,D,L,W,S,F,L,P,W,M,L,F,I,S,W,T,S,H,H,I,R,D,G,I,R,H,G,L,W,I,C,P,F,G,K,T,S,P,L,P,F,W,L,Y,V,I,I,T,S,S,L,P,H,I,C,S,F,V,M,Y,L,T,G,T,R,R,A,M,S,S,K,H,G,I,H,I,D,V
Erinaceus_europaeus,M,A,S,E,T,E,K,T,R,A,L,L,Q,S,C,S,P,Q,S,L,M,C,S,L,G,L,G,V,F,C,L,V,V,D,R,L,L,Q,F,P,V,I,Q,Q,S,D,W,L,R,A,L,S,D,N,A,V,H,C,V,I,G,M,W,S,W,A,I,V,T,G,I,K,K,K,T,D,F,G,E,V,L,F,A,G,F,L,A,S,V,I,D,I,D,H,F,F,L,A,G,S,L,S,L,K,A,A,L,T,L,P,R,R,P,F,L,H,C,S,T,V,I,P,V,V,A,L,T,L,K,L,A,M,H,L,L,K,L,K,D,S,W,C,F,L,P,W,M,L,C,I,A,W,S,S,H,H,I,R,D,G,I,R,H,G,L,W,L,C,P,F,G,K,T,S,P,L,P,F,W,L,Y,V,I,V,T,A,S,L,P,H,V,C,S,V,V,M,H,L,T,G,A,R,Q,I,M,S,S,K,H,G,V,L,I,D,V
Eumetopias_jubatus,M,A,S,E,A,E,K,T,H,A,L,L,Q,S,C,S,T,E,S,L,I,S,S,L,G,L,G,I,F,C,L,V,A,D,R,L,L,Q,F,S,I,I,Q,Q,N,D,W,L,R,A,L,S,D,N,A,V,H,C,V,I,G,M,W,L,W,A,I,V,I,G,V,K,K,T,T,D,F,G,E,I,I,L,A,G,F,L,A,S,V,I,D,V,D,H,F,F,L,A,G,S,L,S,L,K,A,A,L,T,L,P,R,R,P,F,L,H,C,S,T,V,I,P,V,V,V,L,T,L,R,F,T,M,H,L,F,K,L,K,D,S,W,C,F,L,P,W,M,L,F,I,S,W,T,S,H,H,I,R,D,G,I,R,H,G,L,W,I,C,P,F,G,K,T,S,P,L,P,F,W,L,Y,V,I,I,T,S,S,L,P,H,I,C,S,F,V,M,Y,F,T,G,T,R,Q,M,M,S,S,K,H,G,I,H,I,D,V
Felis_catus,M,A,S,E,A,E,K,T,H,A,L,L,Q,S,C,S,T,E,S,L,F,S,S,L,G,L,G,I,F,C,L,V,A,D,R,L,L,Q,F,S,I,I,Q,Q,N,D,W,L,R,A,L,S,D,N,A,V,H,C,V,I,G,M,W,L,W,A,I,V,I,G,V,K,K,T,T,D,F,G,E,I,M,L,A,G,F,L,A,S,V,I,D,V,D,H,F,F,L,A,G,S,L,S,L,K,A,A,L,T,L,P,R,R,P,F,L,H,C,S,T,V,I,P,V,V,A,L,T,L,K,F,T,M,H,L,F,K,L,K,D,S,W,C,F,L,P,W,M,L,F,I,S,W,T,S,H,H,I,R,D,G,I,R,H,G,L,W,I,C,P,F,G,K,T,S,P,L,P,F,W,L,Y,V,I,I,T,S,S,L,P,H,I,C,S,F,V,M,Y,L,T,G,T,R,Q,M,M,S,A,K,H,G,I,Q,I,D,V
Fukomys_damarensis,M,A,S,E,A,Q,K,T,Y,A,L,F,Q,S,C,S,T,D,S,L,I,S,S,F,G,L,G,I,F,C,L,V,A,D,R,L,L,Q,F,S,I,I,Q,Q,N,D,W,L,R,A,L,S,D,N,A,V,H,C,V,I,G,M,W,S,W,A,I,V,T,G,T,K,K,K,T,D,F,G,E,V,I,L,A,G,F,L,A,S,V,I,D,V,D,H,F,F,L,A,R,S,L,S,L,K,A,A,L,S,L,P,R,R,P,F,L,H,C,S,T,V,I,P,I,V,A,L,T,L,K,F,T,M,H,L,F,K,L,K,D,S,W,Y,F,L,P,W,M,L,F,I,S,W,T,S,H,H,I,R,D,G,I,R,H,G,L,W,I,C,P,F,G,K,T,S,P,V,P,F,W,L,Y,V,V,T,T,S,S,L,P,H,V,C,S,F,I,M,Y,L,T,G,T,R,Q,T,I,S,S,K,H,G,I,R,L,D,V
Galeopterus_variegatus,M,A,S,E,T,E,K,T,H,A,L,L,Q,T,C,S,T,E,S,L,I,S,S,L,G,L,G,I,F,C,L,V,A,E,R,L,L,Q,F,S,I,I,Q,Q,N,D,W,V,R,A,L,S,D,N,A,V,H,C,V,I,G,M,W,S,W,A,I,V,I,G,I,K,K,K,T,D,F,G,E,I,I,L,A,G,C,L,A,S,I,I,D,V,D,H,F,F,L,A,R,S,L,S,L,K,A,A,L,T,L,P,R,R,P,F,L,H,C,S,T,V,I,P,I,V,V,L,T,L,K,I,A,M,H,V,F,K,L,K,D,S,W,C,F,L,P,W,M,L,F,I,S,W,T,S,H,H,I,R,D,G,I,R,H,G,L,W,I,C,P,F,G,K,T,S,P,L,P,F,W,L,Y,V,I,I,T,S,S,L,P,H,I,C,S,L,V,M,Y,L,T,G,T,R,Q,M,M,S,S,K,H,G,I,R,I,D,V
Gracilinanus_agilis,M,A,T,E,T,E,K,T,F,A,L,L,Q,T,F,S,T,L,S,I,I,S,S,L,G,L,G,L,F,C,F,I,A,D,R,L,F,Q,F,P,F,I,Q,Q,N,D,W,L,R,A,L,S,D,N,A,V,H,G,I,I,G,M,W,S,W,A,I,V,I,G,L,K,K,R,N,D,F,G,E,I,I,L,A,G,F,L,A,S,V,I,D,V,D,H,F,L,L,A,G,S,L,S,L,K,D,A,L,N,L,P,H,R,P,F,F,H,C,S,T,L,I,P,V,V,V,L,T,L,K,F,I,M,H,L,F,R,L,K,D,S,W,C,F,L,P,W,M,L,F,I,S,W,T,S,H,H,V,R,D,G,I,R,H,G,L,W,I,C,P,F,G,K,T,S,P,L,P,Y,W,L,Y,V,T,I,T,A,S,L,P,H,L,C,S,F,I,M,Y,L,T,G,T,R,E,M,M,S,I,K,H,G,I,H,I,D,V
Grammomys_surdaster,M,A,S,K,V,E,K,T,R,A,-,-,-,-,-,S,T,E,S,L,I,S,S,L,G,L,G,I,F,C,L,V,V,D,R,L,L,R,F,S,I,I,Q,Q,N,N,W,L,R,A,L,S,D,N,I,V,H,G,V,I,G,M,W,S,W,A,V,V,I,G,I,R,R,K,S,D,F,G,E,V,L,L,A,G,F,L,A,S,V,I,D,I,D,H,F,V,Q,A,R,S,L,S,L,Q,A,A,L,T,L,P,R,R,P,F,L,H,C,S,T,V,I,P,I,T,V,L,S,V,K,L,A,M,H,L,F,K,L,R,D,S,W,R,F,L,P,W,M,I,F,I,S,W,T,S,H,H,I,R,D,G,I,R,H,G,L,W,I,C,P,F,G,K,T,P,P,L,P,F,W,F,Y,V,I,S,T,L,S,L,P,H,M,C,S,F,L,M,Y,L,T,G,T,R,Q,T,M,S,P,K,H,G,L,R,V,D,V
Heterocephalus_glaber,M,A,S,E,A,E,K,T,Y,A,L,L,Q,S,C,S,T,E,S,L,I,S,S,F,G,L,G,I,F,C,L,A,A,D,R,L,L,Q,F,S,I,I,Q,Q,S,D,W,I,R,A,L,S,D,N,A,V,H,S,V,I,G,M,W,S,W,A,I,V,T,G,V,K,K,K,T,D,F,G,E,V,I,L,A,G,F,L,A,S,V,I,D,V,D,H,F,F,L,A,R,S,L,S,L,K,A,A,L,T,L,P,Q,R,P,F,L,H,C,S,T,V,I,P,I,V,A,L,T,L,K,F,T,V,H,L,F,K,L,K,D,S,W,Y,F,L,P,W,M,L,F,I,S,W,T,S,H,H,I,R,D,G,I,R,H,G,L,W,I,C,P,F,G,K,T,S,P,V,P,F,W,L,Y,V,V,T,T,S,S,L,P,H,V,C,S,F,I,M,Y,L,T,G,T,R,Q,K,I,S,S,K,H,G,L,C,I,D,V
Hyaena_hyaena,M,A,S,E,A,E,K,T,H,A,L,L,Q,S,C,S,T,E,S,L,F,S,S,L,G,L,G,V,F,C,L,V,A,D,R,L,L,Q,F,S,V,I,Q,Q,S,D,W,L,R,A,L,S,D,N,A,V,H,C,V,I,G,M,W,L,W,A,I,V,I,G,V,K,K,T,T,D,F,G,E,I,I,L,A,G,F,L,A,S,V,I,D,V,D,H,F,F,L,A,G,S,L,S,L,K,A,A,L,T,L,P,R,R,P,F,L,H,C,S,T,V,I,P,V,A,A,L,T,L,K,F,T,M,H,L,F,K,L,K,D,S,W,C,F,L,P,W,M,L,F,I,S,W,T,S,H,H,I,R,D,G,I,R,H,G,L,W,I,C,P,F,G,K,T,S,P,L,P,F,W,L,Y,V,I,I,T,S,S,L,P,H,I,C,S,F,V,M,Y,L,T,G,T,R,Q,M,M,S,A,K,H,G,I,Q,I,D,V
Jaculus_jaculus,M,A,S,G,M,E,K,A,H,A,L,L,Q,S,C,S,T,D,S,L,V,G,S,L,G,L,G,V,F,C,L,V,A,D,K,L,L,Q,F,P,I,I,Q,Q,N,N,W,L,R,A,L,S,D,N,A,I,H,G,V,I,G,M,W,S,W,A,V,V,I,G,I,K,K,K,T,N,F,G,E,V,I,L,A,G,F,L,A,S,V,I,D,V,D,H,F,F,L,A,R,S,L,S,L,E,A,A,L,T,L,P,R,R,P,F,L,H,C,S,T,V,I,P,I,T,V,L,A,L,T,L,A,V,H,L,L,K,L,R,D,L,W,C,V,L,P,W,M,L,F,V,S,W,T,S,H,H,V,R,D,G,I,R,H,G,L,W,I,C,P,F,G,K,T,S,P,L,P,F,W,L,Y,V,I,T,T,L,T,L,P,H,M,C,S,F,L,M,Y,L,T,G,T,R,Q,M,L,S,S,K,H,R,M,H,L,D,V
Lemur_catta,M,A,S,E,T,E,K,T,H,A,L,L,Q,S,C,S,T,E,S,L,V,S,S,L,G,L,G,I,F,C,L,V,A,D,R,L,L,Q,F,S,T,V,Q,Q,N,D,W,L,R,A,F,S,D,N,A,V,H,C,V,I,G,M,W,S,W,A,V,V,I,G,I,K,K,K,T,D,F,G,E,I,I,L,A,G,F,L,A,S,V,I,D,V,D,H,F,F,L,A,G,S,L,S,L,K,A,V,L,T,L,P,R,R,P,F,L,H,C,S,T,V,I,P,I,V,V,L,T,L,K,L,T,M,H,L,F,K,L,K,D,S,W,C,F,L,P,W,M,L,F,I,S,W,T,S,H,H,I,R,D,G,I,R,H,G,L,W,I,C,P,F,G,K,T,S,P,L,P,F,W,L,Y,V,I,I,T,S,S,L,P,H,I,C,S,F,V,M,Y,L,T,G,T,R,Q,M,M,S,S,K,H,G,I,H,I,D,V
Leptonychotes_weddellii,M,A,S,E,A,E,K,T,H,A,L,L,Q,S,C,S,T,E,S,L,I,S,S,L,G,L,G,I,F,C,L,V,A,D,R,L,L,Q,F,S,V,I,Q,Q,N,D,W,L,R,A,L,S,D,N,A,V,H,C,V,I,G,M,W,L,W,A,I,V,I,G,V,K,K,T,T,D,F,G,E,I,I,L,A,G,F,L,A,S,V,I,D,V,D,H,F,F,L,A,G,S,L,S,L,K,A,A,L,T,L,P,R,R,P,V,L,H,C,S,T,V,I,P,V,V,V,L,T,L,R,L,T,M,H,L,F,K,L,K,D,S,W,C,F,L,P,W,M,L,F,I,S,W,T,S,H,H,I,R,D,G,I,R,H,G,L,W,I,C,P,F,G,K,T,S,P,L,P,F,W,L,Y,V,I,I,T,S,S,L,P,H,I,C,S,F,I,M,Y,F,T,G,T,R,Q,M,M,S,S,K,H,G,I,H,I,D,V
Lontra_canadensis,M,A,S,E,A,E,K,T,H,A,L,L,Q,S,C,S,T,E,S,L,I,S,S,L,G,L,G,M,F,C,L,V,A,D,R,L,L,Q,F,S,V,I,Q,Q,N,D,W,L,R,A,L,S,D,N,T,I,H,C,V,I,G,M,W,L,W,A,I,V,I,G,V,K,K,T,T,D,F,G,E,I,I,L,A,G,F,L,A,S,V,I,D,V,D,H,F,F,L,A,G,S,L,S,L,K,A,A,L,T,L,P,R,R,P,F,L,H,C,S,T,V,I,P,V,V,V,L,T,L,R,F,T,M,H,L,F,K,L,K,D,S,W,C,F,L,P,W,M,L,F,I,S,W,T,S,H,H,I,R,D,G,I,R,H,G,L,W,I,C,P,F,G,K,T,S,P,L,P,F,W,L,Y,V,V,I,T,S,S,L,P,H,I,C,S,F,V,M,Y,F,T,G,T,R,Q,M,M,S,S,K,Y,G,I,H,I,D,V
Lynx_canadensis,M,A,S,E,A,E,K,T,H,A,L,L,Q,S,C,S,T,E,S,L,F,S,S,L,G,L,G,I,F,C,L,V,A,D,R,L,L,Q,F,S,I,I,Q,Q,N,D,W,L,R,A,L,S,D,N,A,V,H,C,V,I,G,M,W,L,W,A,I,V,I,G,V,K,K,T,T,D,F,G,E,I,I,L,A,G,F,L,A,S,V,I,D,V,D,H,F,F,L,A,G,S,L,S,L,K,A,A,L,T,L,P,R,R,P,F,L,H,C,S,T,V,I,P,V,V,A,L,T,L,K,F,T,M,H,L,F,K,L,K,D,S,W,C,F,L,P,W,M,L,F,I,S,W,T,S,H,H,I,R,D,G,I,R,H,G,L,W,I,C,P,F,G,K,T,S,P,L,P,F,W,L,Y,V,I,I,T,S,S,L,P,H,I,C,S,F,V,M,Y,L,T,G,T,R,Q,M,M,S,A,K,H,G,I,Q,I,D,V
Manis_javanica,M,A,S,E,T,E,K,T,H,A,L,L,Q,S,C,S,T,D,S,L,I,A,S,L,G,L,G,L,F,A,L,V,A,D,R,I,L,Q,F,S,I,I,Q,Q,N,D,W,L,R,A,L,S,D,N,A,V,H,C,A,I,G,M,W,S,W,A,I,V,I,G,I,K,K,K,T,D,F,G,E,I,I,L,A,G,F,L,A,S,V,I,D,V,D,H,F,F,L,A,G,S,L,S,L,K,S,A,L,T,L,P,R,R,P,F,L,H,C,S,T,V,I,P,V,V,V,L,T,L,R,F,T,M,H,L,F,K,L,K,D,S,W,C,F,L,P,W,M,L,F,I,S,W,S,S,H,H,I,R,D,G,I,R,H,G,L,W,I,C,P,F,G,K,T,S,P,L,P,F,W,L,Y,V,I,I,T,S,S,L,P,H,I,C,S,F,I,M,Y,L,T,G,T,R,Q,M,M,S,S,K,H,G,I,R,I,D,V
Manis_pentadactyla,M,A,S,E,T,E,K,T,H,A,L,L,Q,S,C,S,T,D,S,L,I,A,S,L,G,L,G,L,F,A,L,V,A,D,R,I,L,Q,F,S,I,I,Q,Q,N,D,W,L,R,A,L,S,D,N,A,V,H,C,A,I,G,M,W,S,W,A,I,V,I,G,I,K,K,K,T,D,F,G,E,I,V,L,A,G,F,L,A,S,V,I,D,V,D,H,F,F,L,A,G,S,L,S,L,K,S,A,L,T,L,P,R,R,P,F,L,H,C,S,T,V,I,P,V,V,V,L,T,V,R,F,T,M,H,L,F,K,L,K,D,S,W,C,F,L,P,W,M,L,F,I,S,W,S,S,H,H,I,R,D,G,I,R,H,G,L,W,I,C,P,F,G,K,T,S,P,L,P,F,W,L,Y,V,I,I,T,S,S,L,P,H,I,C,S,F,I,M,Y,L,T,G,T,R,Q,M,M,S,S,K,H,G,I,R,I,D,V
Mastomys_coucha,M,A,S,K,V,E,K,T,R,A,L,P,L,C,C,S,T,E,S,L,I,S,S,I,G,L,G,I,F,C,L,V,A,D,R,L,L,Q,F,P,I,I,Q,Q,N,D,W,L,R,A,L,S,D,N,A,V,H,G,V,I,G,L,W,S,W,A,V,V,I,G,I,R,K,K,S,D,F,G,E,V,L,F,A,G,F,L,A,S,V,I,D,I,D,H,F,F,Q,A,R,S,L,S,L,Q,A,A,L,T,L,P,R,R,P,F,L,H,C,S,T,V,I,P,V,T,V,L,S,V,K,L,A,M,H,L,F,R,L,R,D,S,W,R,F,L,P,W,M,I,F,V,S,W,T,S,H,H,I,R,D,G,I,R,H,G,L,W,I,C,P,F,G,K,T,P,P,L,P,F,S,F,Y,V,I,S,T,L,S,L,P,H,L,C,S,F,L,I,N,L,T,G,T,R,Q,T,M,S,S,K,Y,G,V,R,I,D,V
Meles_meles,M,A,S,E,A,E,K,T,H,A,L,L,Q,S,C,S,T,E,S,L,I,S,S,L,G,L,G,M,F,C,L,V,A,D,R,L,L,Q,F,S,V,I,Q,E,N,D,W,L,R,A,L,S,D,N,A,I,H,G,V,I,G,M,W,L,W,A,I,V,I,G,V,K,K,T,T,D,F,G,E,I,I,L,A,G,F,L,A,S,V,I,D,V,D,H,F,F,L,A,G,S,L,S,L,K,A,A,L,T,L,P,R,R,P,F,L,H,C,S,T,V,I,P,V,V,V,L,T,L,R,F,T,M,H,L,F,K,L,K,D,S,W,C,F,L,P,W,M,L,F,I,S,W,T,S,H,H,I,R,D,G,L,R,H,G,L,W,I,C,P,F,G,K,T,S,P,L,P,F,W,L,Y,V,V,I,T,S,S,L,P,H,I,C,S,F,I,M,Y,F,T,G,T,R,Q,M,M,S,S,K,H,G,I,H,I,D,V
Meriones_unguiculatus,M,A,S,K,L,E,K,T,H,A,L,S,H,C,C,S,T,D,S,L,I,T,S,L,G,L,G,I,F,C,L,V,A,D,I,L,L,Q,F,S,I,I,Q,Q,N,D,W,L,R,A,L,S,D,N,L,V,H,G,V,I,G,M,W,S,W,A,A,V,T,G,V,T,K,K,T,D,F,G,E,V,L,L,A,G,F,L,A,S,V,I,D,I,D,H,F,F,Q,A,R,S,L,S,L,K,A,A,L,T,L,P,R,R,P,F,L,H,C,S,T,V,I,P,I,T,V,L,S,V,K,L,A,V,H,I,F,K,L,R,D,S,W,C,F,L,P,W,M,I,F,I,S,W,T,S,H,H,I,R,D,G,I,R,H,G,L,W,I,W,P,F,G,K,T,P,P,L,P,F,W,L,Y,V,I,S,T,L,S,L,P,H,L,C,S,F,L,M,S,L,T,G,T,R,H,M,T,S,S,K,H,G,M,P,I,H,V
Mesocricetus_auratus,M,A,S,K,V,E,K,T,H,A,L,Q,Q,C,F,S,T,E,S,L,I,S,S,L,G,L,G,I,F,C,L,V,A,D,R,L,L,R,F,P,I,I,H,Q,N,D,W,L,R,A,L,S,D,N,I,V,H,G,V,I,G,M,W,S,W,A,V,V,I,G,I,K,K,K,A,D,F,G,E,V,L,L,A,G,F,L,A,S,V,I,D,I,D,H,F,F,L,A,R,S,L,S,L,K,A,A,L,T,L,P,R,R,P,F,L,H,C,S,T,V,I,P,V,A,V,M,S,V,K,L,A,M,H,L,L,R,L,R,D,A,W,C,F,L,P,W,M,L,F,I,S,W,A,S,H,H,I,R,D,G,I,R,H,G,L,W,I,C,P,F,G,K,T,S,P,L,P,F,W,L,Y,V,I,T,T,L,S,L,P,H,M,C,S,F,L,M,H,L,T,G,T,R,Q,M,M,S,S,K,H,G,M,R,I,D,V
Microcebus_murinus,M,A,S,E,T,E,K,T,H,A,L,L,Q,S,C,S,T,E,S,L,I,S,S,L,G,L,G,I,F,C,L,V,A,D,R,L,L,Q,F,S,T,V,Q,Q,N,D,W,L,R,A,F,S,D,N,A,V,H,C,V,I,G,M,W,S,W,A,I,V,T,G,I,K,K,K,T,D,F,G,E,I,I,L,A,G,F,L,A,S,V,I,D,V,D,H,F,F,L,A,G,S,L,S,L,K,A,A,L,T,L,P,R,R,P,F,L,H,C,S,T,V,I,P,I,V,V,L,T,L,K,F,T,M,H,L,F,K,L,K,D,S,W,C,F,L,P,W,M,L,F,I,S,W,T,S,H,H,I,R,D,G,I,R,H,G,L,W,I,C,P,F,G,K,T,S,P,L,P,F,W,L,Y,V,I,I,T,S,S,L,P,H,I,C,S,F,V,M,Y,L,T,G,T,R,Q,M,M,S,S,K,H,G,I,H,I,D,V
Microtus_fortis,M,A,S,K,V,E,K,T,Q,A,L,Q,Q,C,F,S,T,E,S,L,I,S,S,L,G,L,G,I,F,C,L,V,A,D,R,L,L,R,F,S,V,I,H,Q,N,D,W,L,R,A,L,S,D,N,I,V,H,G,V,I,G,M,W,S,W,A,V,V,I,G,I,K,K,K,A,D,F,G,E,V,L,L,A,G,F,L,A,S,V,I,D,I,D,H,F,L,L,A,R,S,L,S,L,K,A,A,L,T,L,P,R,R,P,F,L,H,C,S,T,V,I,P,V,A,V,V,S,L,K,L,A,M,H,L,F,R,L,R,D,S,W,C,F,L,P,W,M,L,F,I,S,W,A,S,H,H,I,R,D,G,I,R,H,G,L,W,I,C,P,F,G,K,T,S,P,L,P,F,W,L,Y,V,T,T,T,L,S,L,P,H,L,C,S,F,L,M,Y,L,T,G,T,R,Q,T,I,S,S,K,H,G,M,R,V,D,V
Microtus_ochrogaster,M,A,S,K,V,E,K,T,Q,A,L,Q,Q,C,F,S,T,E,S,L,I,S,S,L,G,L,G,I,F,C,L,V,A,D,R,L,L,R,F,S,V,I,H,Q,N,D,W,L,R,A,L,S,D,N,I,V,H,G,V,I,G,M,W,S,W,A,V,V,I,G,I,K,K,K,A,D,F,G,E,V,L,L,A,G,F,L,A,S,V,I,D,I,D,H,F,F,L,A,R,S,L,S,L,K,A,A,L,T,L,P,R,R,P,F,L,H,C,S,T,V,I,P,V,A,V,V,S,L,K,L,T,M,H,L,F,R,L,R,D,S,W,C,F,L,P,W,M,L,F,I,S,W,A,S,H,H,I,R,D,G,I,R,H,G,L,W,I,C,P,F,G,K,T,S,P,L,P,F,W,L,Y,V,I,T,T,L,S,L,P,H,L,C,S,F,L,M,Y,L,T,G,T,R,Q,T,I,S,S,K,H,G,M,L,V,D,V
Microtus_oregoni,M,A,S,K,V,E,K,T,Q,A,L,Q,Q,C,F,S,T,E,S,L,I,S,S,L,G,L,G,V,F,C,L,V,A,D,R,L,L,R,F,S,V,I,H,Q,N,D,W,L,R,A,L,S,D,N,I,V,H,G,M,I,G,M,W,S,W,A,V,V,I,G,I,K,K,K,A,D,F,G,E,V,L,L,A,G,F,L,A,S,V,I,D,I,D,H,F,F,L,A,R,S,L,S,L,K,A,A,L,T,L,P,R,R,P,F,L,H,C,S,T,V,I,P,V,A,V,V,S,L,K,L,A,M,H,L,F,R,L,R,D,S,W,C,F,L,P,W,M,L,F,I,S,W,A,S,H,H,I,R,D,G,I,R,H,G,L,W,I,C,P,F,G,K,T,S,P,L,P,F,W,L,Y,V,T,T,T,L,S,L,P,H,L,C,S,F,L,M,Y,L,T,G,T,R,Q,T,I,S,S,K,H,G,M,L,V,D,V
Mirounga_angustirostris,M,A,S,E,A,E,K,T,H,A,L,L,Q,S,C,S,T,E,S,L,I,S,S,L,G,L,G,I,F,C,L,V,A,D,R,L,L,Q,F,S,V,I,Q,Q,N,D,W,L,R,A,L,S,D,N,A,V,H,C,V,I,G,M,W,L,W,A,I,V,I,G,V,K,K,T,T,D,F,G,E,I,I,L,A,G,F,L,A,S,V,I,D,V,D,H,F,F,L,A,G,S,L,S,L,K,A,A,L,T,L,P,R,R,P,V,L,H,C,S,T,V,I,P,V,V,V,L,T,L,R,L,T,M,H,L,F,K,L,K,D,S,W,C,F,L,P,W,M,L,F,I,S,W,T,S,H,H,I,R,D,G,I,R,H,G,L,W,I,C,P,F,G,K,T,S,P,L,P,F,W,L,Y,V,I,I,T,S,S,L,P,H,I,C,S,F,V,M,Y,F,T,G,T,R,Q,M,M,S,S,K,H,G,I,H,I,D,V
Mirounga_leonina,-,-,-,-,-,-,-,-,-,-,-,-,-,-,-,-,-,-,-,-,-,-,-,-,-,-,-,-,-,-,-,-,-,-,-,-,-,-,-,-,-,-,-,-,-,-,-,-,-,-,-,-,-,-,-,-,-,-,-,-,-,-,-,-,-,-,-,-,-,-,-,-,-,-,-,-,-,-,-,-,-,-,-,-,-,-,-,-,-,-,-,-,-,-,-,-,-,-,-,-,-,-,-,-,-,-,-,-,-,-,-,-,-,-,-,-,-,-,-,-,-,-,-,-,-,-,-,-,-,-,-,-,-,-,-,-,-,-,-,-,-,-,-,-,-,-,-,-,-,-,-,-,-,-,-,-,-,-,-,-,-,-,-,-,-,-,-,-,-,-,-,-,-,-,-,-,-,-,-,-,-,-,-,-,-,-,-,-,-,-,-,-,-,-,-,-,-,-,-,-,-,-,-,-,-,-,-,-,-,-,-,-,-,-,-
Monodelphis_domestica,M,A,T,E,T,E,K,T,F,A,L,L,Q,T,F,S,T,L,S,I,I,S,S,L,G,L,G,L,F,C,F,I,A,D,R,L,F,Q,F,P,F,I,Q,Q,N,D,W,L,R,A,L,S,D,N,A,V,H,G,I,I,G,M,W,S,W,A,I,V,I,G,L,K,K,K,N,D,F,G,E,I,I,L,A,G,F,L,A,S,V,I,D,V,D,H,F,L,L,A,G,S,L,S,L,K,D,A,L,N,L,P,H,R,P,F,F,H,C,S,T,L,I,P,V,V,V,L,T,L,K,F,I,M,H,L,F,R,L,K,D,S,W,C,F,L,P,W,M,L,F,I,S,W,T,S,H,H,V,R,D,G,I,R,H,G,L,W,I,C,P,F,G,K,T,S,P,L,P,Y,W,L,Y,V,T,I,T,A,S,L,P,H,L,C,S,F,I,M,Y,L,T,G,T,R,E,M,M,S,I,K,H,G,I,H,I,D,V
Mus_caroli,M,A,S,K,V,E,K,T,P,A,L,P,P,C,C,S,T,E,S,L,I,S,S,I,G,L,G,I,F,C,L,V,A,D,R,L,L,R,F,P,I,I,Q,H,N,D,W,L,R,A,L,S,D,N,I,V,H,G,V,I,G,M,W,S,W,A,V,V,T,G,I,R,K,K,S,D,F,G,E,V,L,L,A,G,F,L,A,S,V,I,D,V,D,H,F,F,Q,A,R,S,L,S,L,Q,A,A,L,T,L,P,R,R,P,F,L,H,C,S,T,V,I,P,I,T,V,L,S,V,K,L,A,V,H,L,F,K,L,R,D,S,W,R,F,L,P,W,M,I,F,L,S,W,T,S,H,H,I,R,D,G,I,R,H,G,L,W,I,C,P,F,G,K,T,P,P,L,P,F,S,F,Y,V,I,S,T,L,S,L,P,H,L,C,S,F,L,M,Y,L,T,G,T,R,Q,T,M,S,S,K,Y,G,M,R,I,D,V
Mus_musculus,M,A,S,K,V,E,K,T,H,A,L,P,P,C,C,S,T,E,S,L,I,S,S,I,G,L,G,I,F,C,L,V,A,D,R,L,L,R,F,P,I,I,Q,H,N,D,W,L,R,A,I,S,D,N,I,V,H,G,V,I,G,M,W,S,W,A,V,V,T,G,I,R,K,K,S,D,F,G,E,V,L,L,A,G,F,L,A,S,V,I,D,V,D,H,F,F,Q,A,R,S,L,S,L,Q,A,A,L,T,L,P,R,R,P,F,L,H,C,S,T,V,I,P,I,A,V,L,S,V,K,L,A,V,H,L,F,K,L,R,D,S,W,R,F,L,P,W,M,I,L,V,S,W,T,S,H,H,I,R,D,G,I,R,H,G,L,W,I,C,P,F,G,K,T,P,P,L,P,S,S,F,Y,V,I,S,T,L,S,L,P,H,L,C,S,F,L,M,Y,L,T,G,T,R,Q,T,V,S,S,K,Y,G,M,R,I,D,V
Mus_pahari,M,A,S,K,V,E,K,T,R,A,L,P,P,C,C,S,T,E,S,L,I,S,S,I,G,L,G,I,F,C,L,V,A,D,R,L,L,R,F,P,I,I,Q,H,N,D,W,L,R,A,L,S,D,N,I,V,H,G,V,I,G,M,W,S,W,A,V,V,T,G,I,R,K,K,S,D,F,G,E,V,L,L,A,G,F,L,A,S,V,I,D,V,D,H,F,F,Q,A,R,S,L,S,L,Q,A,A,L,T,L,P,R,R,P,F,L,H,C,S,T,V,I,P,V,A,V,L,S,V,K,L,A,L,H,L,F,K,L,R,D,S,W,R,F,L,P,W,M,V,F,V,S,W,T,S,H,H,I,R,D,G,I,R,H,G,L,W,I,C,P,F,G,K,T,P,P,L,P,F,S,F,Y,V,I,S,T,L,S,L,P,H,L,C,S,C,L,M,Y,L,T,G,T,R,Q,T,M,S,S,K,Y,G,V,R,I,D,V
Mustela_erminea,M,A,S,E,A,E,K,T,H,A,L,L,Q,S,C,S,T,E,S,L,I,S,S,L,G,L,G,M,F,C,L,V,A,D,R,L,L,Q,F,S,I,I,Q,Q,N,D,W,L,R,A,L,S,D,N,A,I,H,C,V,I,G,M,W,L,W,A,I,V,I,G,V,K,K,T,T,D,F,G,E,I,I,L,A,G,F,L,A,S,V,I,D,V,D,H,F,F,L,A,G,S,L,S,L,K,A,A,L,T,L,P,R,R,P,F,L,H,C,S,T,V,I,P,V,V,V,L,T,L,R,F,T,M,H,L,F,K,L,K,D,S,W,C,F,L,P,W,M,L,F,I,S,W,T,S,H,H,I,R,D,G,I,R,H,G,L,W,I,C,P,F,G,K,T,S,P,L,P,F,W,L,Y,V,V,I,T,S,S,L,P,H,I,C,S,F,V,M,Y,F,T,G,T,R,Q,M,M,S,S,K,H,G,I,H,I,D,V
Mustela_putorius_furo,M,A,S,E,A,E,K,T,H,A,L,L,Q,S,C,S,T,E,S,L,I,S,S,L,G,L,G,M,F,C,L,V,A,D,R,L,L,Q,F,S,I,I,Q,Q,N,D,W,L,R,A,L,S,D,N,A,I,H,C,V,I,G,M,W,L,W,A,I,V,I,G,V,K,K,T,T,D,F,G,E,I,I,L,A,G,F,L,A,S,V,I,D,V,D,H,F,F,L,A,G,S,L,S,L,K,A,A,L,T,L,P,R,R,P,F,L,H,C,S,T,V,I,P,V,V,V,L,T,L,R,F,T,M,H,L,F,K,L,K,D,S,W,C,F,L,P,W,M,L,F,I,S,W,T,S,H,H,I,R,D,G,I,R,H,G,L,W,I,C,P,F,G,K,T,S,P,L,P,F,W,L,Y,V,V,I,T,S,S,L,P,H,I,C,S,F,V,M,Y,F,T,G,T,R,Q,M,M,S,S,K,H,G,I,H,I,D,V
Myodes_glareolus,M,A,S,K,V,E,K,T,Q,A,L,P,Q,C,F,S,A,E,S,L,I,S,S,L,G,L,G,I,F,C,L,V,A,D,R,L,L,R,F,S,V,I,H,Q,N,D,W,L,R,A,L,S,D,N,I,V,H,G,V,I,G,M,W,S,W,A,V,V,T,G,I,K,K,K,A,D,F,G,E,V,L,L,A,G,F,L,A,S,V,I,D,I,D,H,F,F,L,A,R,S,L,S,L,K,A,A,L,T,L,P,R,R,P,F,L,H,C,S,T,V,I,P,V,A,V,V,S,L,K,L,A,M,H,L,F,R,F,R,D,S,W,C,F,L,P,W,M,L,F,I,S,W,A,S,H,H,I,R,D,G,I,R,H,G,L,W,I,C,P,F,G,K,T,S,P,L,P,F,W,L,Y,V,T,T,T,L,S,L,P,H,L,C,S,F,L,M,Y,L,T,G,T,R,Q,T,I,S,S,K,H,G,M,R,V,D,I
Neogale_vison,M,A,S,E,A,E,K,T,H,A,L,L,Q,S,C,S,T,E,S,L,I,S,S,L,G,L,G,M,F,C,L,V,A,D,R,L,L,Q,F,S,I,I,Q,Q,N,D,W,L,R,A,L,S,D,N,A,I,H,C,V,I,G,M,W,L,W,A,I,V,I,G,V,K,K,T,T,D,F,G,E,I,I,L,A,G,F,L,A,S,V,I,D,V,D,H,F,F,L,A,G,S,L,S,L,K,A,A,L,T,L,P,R,R,P,F,L,H,C,S,T,V,I,P,V,V,V,L,T,L,R,F,T,M,H,L,F,K,L,K,D,S,W,C,F,L,P,W,M,L,F,I,S,W,T,S,H,H,I,R,D,G,I,R,H,G,L,W,I,C,P,F,G,K,T,S,P,L,P,F,W,L,Y,V,V,I,T,S,S,L,P,H,I,C,S,F,I,M,Y,F,T,G,T,R,Q,M,M,S,S,K,H,G,I,H,I,D,V
Odobenus_rosmarus_divergens,M,A,S,E,A,E,K,T,H,A,L,L,Q,S,C,S,S,E,S,L,I,S,S,L,G,L,G,I,F,C,L,V,A,D,R,L,L,Q,F,S,I,I,Q,Q,N,D,W,L,R,A,L,S,D,N,A,V,H,C,V,I,G,M,W,L,W,A,I,V,I,G,V,K,K,T,T,D,F,G,E,I,I,L,A,G,F,L,A,S,V,I,D,V,D,H,F,F,L,A,G,S,L,S,L,K,A,A,L,T,L,P,R,R,P,F,L,H,C,S,T,V,I,P,V,V,V,L,T,L,R,F,T,M,H,L,F,K,L,K,D,S,W,C,F,L,P,W,M,L,F,I,S,W,T,S,H,H,I,R,D,G,I,R,H,G,L,W,I,C,P,F,G,K,T,S,P,L,P,F,W,L,Y,V,I,I,T,S,S,L,P,H,I,C,S,F,I,M,Y,F,T,G,T,R,Q,M,M,S,S,K,H,G,I,H,I,D,V
Odocoileus_virginianus_texanus,M,A,S,E,T,E,K,S,H,A,L,L,Q,S,C,S,T,E,S,L,L,S,S,L,G,L,G,L,F,C,A,V,A,D,R,L,L,Q,F,P,I,I,Q,Q,N,A,W,L,R,A,L,S,D,N,S,V,H,C,V,I,G,M,W,S,W,A,I,V,I,G,I,R,K,K,T,D,F,G,E,I,I,L,A,G,F,L,A,S,V,I,D,I,D,H,F,L,L,S,G,S,L,S,L,K,A,A,L,S,L,P,R,R,P,F,L,H,C,S,T,V,I,P,T,V,V,L,T,L,K,F,T,M,H,F,F,K,L,K,D,S,W,C,F,L,P,W,M,L,F,I,S,W,T,S,H,H,I,R,D,G,I,R,H,G,L,W,I,C,P,F,G,K,T,S,P,L,P,F,W,L,Y,V,I,I,T,S,S,L,P,H,I,C,S,F,V,M,Y,F,T,G,T,R,Q,M,M,S,S,K,H,G,I,H,I,D,V
Onychomys_torridus,M,T,S,K,V,E,K,T,H,A,L,Q,Q,C,F,S,T,E,S,L,I,S,S,L,G,L,G,I,F,C,L,V,A,D,R,L,L,R,F,S,V,I,Q,Q,N,D,W,L,R,A,L,S,D,N,I,V,H,G,V,I,G,M,W,S,W,A,V,V,I,G,I,K,K,K,A,D,F,G,E,V,L,L,A,G,F,L,A,S,V,I,D,I,D,H,F,F,L,A,R,S,L,S,L,K,A,A,L,T,L,P,R,R,P,F,L,H,C,S,T,V,I,P,I,A,V,V,S,V,K,L,A,I,H,L,L,R,L,R,D,S,W,C,F,L,P,W,M,L,F,I,S,W,T,S,H,H,I,R,D,G,I,R,H,G,L,W,I,C,P,F,G,K,T,S,P,L,P,F,W,L,Y,V,I,T,T,L,S,L,P,H,M,C,S,F,L,M,Y,L,T,G,T,R,Q,M,M,S,S,K,Q,G,M,S,I,D,V
Ornithorhynchus_anatinus,-,-,-,-,-,-,-,-,-,A,L,L,Q,T,F,S,S,A,S,V,V,S,G,L,G,L,G,A,F,C,F,V,A,D,R,V,L,Q,L,S,A,V,Q,Q,H,D,W,L,R,A,L,A,D,N,A,V,H,G,A,V,G,M,W,S,W,A,I,V,I,G,L,R,K,K,S,D,F,G,E,V,L,L,A,G,F,L,A,S,V,I,D,L,D,H,F,F,L,A,G,S,L,S,L,K,A,A,L,N,L,P,Q,R,P,F,L,H,C,S,T,V,I,P,V,V,A,L,T,L,K,F,I,M,H,L,F,R,L,K,D,S,W,C,F,L,P,W,M,L,F,L,S,W,T,S,H,H,V,R,D,G,I,R,H,G,L,W,I,C,P,F,G,K,T,A,P,L,P,Y,W,L,Y,V,T,I,T,A,S,S,P,H,L,C,S,F,I,M,Y,L,T,G,T,R,E,M,M,S,I,K,H,G,I,H,I,D,V
Orycteropus_afer_afer,M,A,A,E,T,E,K,I,H,A,L,L,Q,S,C,S,T,E,S,L,I,S,S,L,G,L,G,M,F,C,L,V,A,D,R,L,L,L,F,P,I,I,H,Q,N,D,W,L,R,A,L,S,D,N,A,V,H,C,V,I,G,M,W,S,W,A,V,V,I,G,V,K,K,K,T,D,L,G,E,I,I,L,A,G,I,L,A,S,V,I,D,I,D,H,F,F,L,A,G,S,L,S,L,K,A,A,L,T,L,P,R,R,P,F,L,H,C,S,T,V,I,P,I,V,V,L,T,L,K,F,A,M,Y,L,F,K,L,K,D,S,W,C,F,L,P,W,M,L,F,I,S,W,T,S,H,H,I,R,D,G,I,R,H,G,L,W,I,C,P,F,G,K,T,S,P,L,P,F,W,L,Y,V,I,I,T,S,S,L,P,H,I,C,S,L,V,M,Y,V,T,G,T,R,Q,M,M,S,S,K,H,G,I,R,I,D,V
Oryctolagus_cuniculus,M,A,S,E,T,E,K,T,H,A,L,L,Q,S,C,S,T,E,S,L,I,S,S,L,G,L,G,I,F,C,L,V,A,D,R,I,L,Q,F,P,I,I,Q,Q,N,D,W,I,R,A,L,S,D,N,A,A,H,C,V,I,G,M,W,S,W,A,I,V,I,G,I,K,K,K,T,D,C,G,E,I,I,L,A,G,F,L,A,S,V,I,D,V,D,H,F,F,L,A,R,S,L,S,L,K,V,A,L,T,L,P,R,R,P,F,L,H,C,S,T,V,I,P,I,V,V,L,T,L,K,L,I,M,H,L,F,K,L,K,D,S,W,C,F,L,P,W,M,L,F,I,S,W,A,S,H,H,I,R,D,G,I,R,H,G,L,W,I,C,P,F,G,K,T,S,P,L,P,F,W,L,Y,V,I,T,T,A,S,L,P,H,L,C,S,F,I,M,C,L,T,G,T,R,Q,V,M,S,S,K,H,G,I,R,I,D,V
Oryx_dammah,M,A,S,E,T,E,K,T,H,A,L,L,Q,S,C,S,T,E,S,L,L,S,S,L,G,L,G,L,F,C,A,V,A,D,R,L,L,Q,F,P,I,I,Q,Q,N,A,W,L,R,A,L,S,D,N,S,V,H,C,M,I,G,M,W,S,W,A,I,V,I,G,I,R,K,K,T,D,F,G,E,I,I,L,A,G,F,L,A,S,V,I,D,I,D,H,F,L,L,S,G,S,M,S,L,K,A,A,L,S,L,P,R,R,P,F,L,H,C,S,T,V,I,P,A,V,V,L,T,L,K,F,T,M,H,F,F,K,L,K,D,S,W,C,F,L,P,W,M,L,F,I,S,W,T,S,H,H,I,R,D,G,I,R,H,G,L,W,I,C,P,F,G,K,T,S,P,L,P,F,W,L,Y,V,I,I,T,S,S,L,P,H,I,C,S,F,I,M,Y,F,T,G,T,R,Q,M,M,S,S,K,H,G,V,H,I,D,V
Otolemur_garnettii,M,A,S,E,T,E,K,T,H,A,L,L,Q,S,C,S,T,E,S,L,I,S,S,F,G,L,G,I,F,C,L,V,A,D,R,L,L,Q,F,S,P,V,Q,Q,N,D,W,L,R,A,F,S,D,N,A,I,H,C,V,I,G,M,W,S,W,A,I,V,T,G,I,K,K,K,T,D,L,G,E,I,I,L,A,G,F,L,A,S,V,I,D,V,D,H,F,F,L,A,G,S,L,S,L,K,A,A,L,T,L,P,R,R,P,F,L,H,C,S,T,V,I,P,I,V,V,L,S,L,K,F,T,M,Y,L,F,K,L,K,D,S,W,C,F,L,P,W,M,L,F,I,S,W,T,S,H,H,I,R,D,G,I,R,H,G,L,W,I,C,P,F,G,K,T,S,P,L,P,F,W,L,Y,V,I,I,T,S,S,L,P,H,M,C,S,F,V,M,Y,L,T,G,T,R,Q,M,M,S,S,K,H,G,I,R,I,D,V
Panthera_leo,M,A,S,E,A,E,K,T,H,A,L,L,Q,S,C,S,T,E,S,L,F,S,S,L,G,L,G,I,F,C,L,V,A,D,R,L,L,Q,F,S,I,I,Q,Q,N,D,W,L,R,A,L,S,D,N,A,V,H,C,V,I,G,M,W,L,W,A,I,V,I,G,V,K,K,T,T,D,F,G,E,I,I,L,A,G,F,L,A,S,V,I,D,V,D,H,F,F,L,A,G,S,L,S,L,K,A,A,L,T,L,P,R,R,P,F,L,H,C,S,T,V,I,P,V,V,A,L,T,L,K,F,T,M,H,L,F,K,L,K,D,S,W,C,F,L,P,W,M,L,F,I,S,W,T,S,H,H,I,R,D,G,I,R,H,G,L,W,I,C,P,F,G,K,T,S,P,L,P,F,W,L,Y,V,I,I,T,S,S,L,P,H,I,C,S,F,V,M,Y,L,T,G,T,R,Q,M,M,S,A,K,H,G,I,Q,I,D,V
Panthera_pardus,M,A,S,E,A,E,K,T,H,A,L,L,Q,S,C,S,T,E,S,L,F,S,S,L,G,L,G,I,F,C,L,V,A,D,R,L,L,Q,F,S,I,I,Q,Q,N,D,W,L,R,A,L,S,D,N,A,V,H,C,V,I,G,M,W,L,W,A,I,V,I,G,V,K,K,T,T,D,F,G,E,I,I,L,A,G,F,L,A,S,V,I,D,V,D,H,F,F,L,A,G,S,L,S,L,K,A,A,L,T,L,P,R,R,P,F,L,H,C,S,T,V,I,P,V,V,A,L,T,L,K,F,T,M,H,L,F,K,L,K,D,S,W,C,F,L,P,W,M,L,F,I,S,W,T,S,H,H,I,R,D,G,I,R,H,G,L,W,I,C,P,F,G,K,T,S,P,L,P,F,W,L,Y,V,I,I,T,S,S,L,P,H,I,C,S,F,V,M,Y,L,T,G,T,R,Q,M,M,S,A,K,H,G,I,Q,I,D,V
Panthera_uncia,M,A,S,E,A,E,K,T,H,A,L,L,Q,S,C,S,T,E,S,L,F,S,S,L,G,L,G,I,F,C,L,V,A,D,R,L,L,Q,F,S,I,I,Q,Q,N,D,W,L,R,A,L,S,D,N,A,V,H,C,V,I,G,M,W,L,W,A,I,V,I,G,V,K,K,T,T,D,F,G,E,I,I,L,A,G,F,L,A,S,V,I,D,V,D,H,F,F,L,A,G,S,L,S,L,K,A,A,L,T,L,P,R,R,P,F,L,H,C,S,T,V,I,P,V,V,A,L,T,L,K,F,T,M,H,L,F,K,L,K,D,S,W,C,F,L,P,W,M,L,F,I,S,W,T,S,H,H,I,R,D,G,I,R,H,G,L,W,I,C,P,F,G,K,T,S,P,L,P,F,W,L,Y,V,I,I,T,S,S,L,P,H,I,C,S,F,V,M,Y,L,T,G,T,R,Q,M,M,S,A,K,H,G,I,Q,I,D,V
Perognathus_longimembris_pacificus,M,A,S,E,T,E,K,T,R,A,L,L,Q,A,C,S,T,E,S,I,V,C,S,I,G,L,G,T,F,C,L,V,A,D,K,L,L,Q,L,P,L,I,Q,Q,S,D,W,L,R,A,L,S,D,N,A,V,H,G,V,I,G,M,W,S,W,A,I,I,I,G,V,K,K,K,A,D,L,G,E,V,I,L,A,G,F,L,A,S,I,I,D,V,D,H,F,F,Q,A,R,S,L,S,L,K,A,A,L,T,L,P,R,R,P,F,L,H,C,S,T,M,I,P,I,M,V,L,T,L,K,L,T,M,Y,L,F,K,V,R,D,W,W,C,F,L,P,W,M,L,F,V,S,W,T,S,H,H,I,R,D,A,I,R,H,G,L,W,I,C,P,F,G,K,T,S,P,L,P,F,W,F,Y,V,I,T,T,L,S,L,P,H,I,C,S,L,G,M,Y,L,T,G,A,R,Q,L,M,S,S,T,Q,G,T,L,I,H,V
Peromyscus_californicus_insignis,M,A,S,K,V,E,K,T,Q,A,L,Q,Q,C,F,S,A,E,S,L,I,S,S,L,G,L,G,I,F,C,L,V,A,D,R,L,L,R,F,S,V,I,Q,Q,N,D,W,L,R,A,L,S,D,N,I,V,H,G,V,I,G,M,W,S,W,A,V,V,I,G,I,K,K,K,A,D,F,G,E,I,L,L,A,G,F,L,A,S,V,I,D,I,D,H,F,F,L,A,R,S,L,S,L,K,A,A,L,T,L,P,R,R,P,F,L,H,C,S,T,V,I,P,I,A,V,V,S,V,K,L,A,M,H,L,F,R,L,R,D,S,W,C,F,L,P,W,M,L,F,I,S,W,T,S,H,H,I,R,D,G,I,R,H,G,L,W,I,C,P,F,G,K,T,S,P,L,P,F,W,L,Y,V,I,T,T,L,S,L,P,H,M,C,S,F,L,M,Y,L,T,G,T,R,Q,M,M,S,S,K,H,G,M,R,I,D,V
Peromyscus_leucopus,M,A,S,K,V,E,K,T,H,A,L,Q,Q,C,F,S,T,E,S,L,V,S,S,L,G,L,G,I,F,C,L,V,A,D,R,L,L,R,F,S,V,I,Q,Q,N,D,W,L,R,A,L,S,D,N,I,V,H,G,V,I,G,M,W,S,W,A,V,V,I,G,I,K,K,K,A,D,F,G,E,I,L,L,A,G,F,L,A,S,V,I,D,I,D,H,F,F,L,A,R,S,L,S,L,K,A,A,L,T,L,P,R,R,P,F,L,H,C,S,T,V,I,P,V,A,V,V,S,V,K,L,A,M,H,L,F,R,L,R,D,S,W,C,F,L,P,W,M,L,F,I,S,W,T,S,H,H,I,R,D,G,I,R,H,G,L,W,I,C,P,F,G,K,T,S,P,L,P,F,W,L,Y,V,I,T,T,L,S,L,P,H,M,C,S,F,L,M,Y,L,T,G,T,R,Q,M,M,S,S,K,H,G,M,R,I,D,V
Peromyscus_maniculatus_bairdii,M,A,S,K,V,E,K,T,H,A,L,Q,Q,C,F,S,T,E,S,L,V,S,S,L,G,L,G,I,F,C,L,V,A,D,R,L,L,R,F,S,V,I,Q,Q,N,D,W,L,R,A,L,S,D,N,I,V,H,G,V,I,G,M,W,S,W,A,V,V,I,G,I,K,K,K,A,D,F,G,E,I,L,L,A,G,F,L,A,S,V,I,D,I,D,H,F,F,L,A,R,S,L,S,L,K,A,A,L,T,L,P,R,R,P,F,L,H,C,S,T,V,I,P,V,A,V,V,S,V,K,L,A,M,Y,L,F,R,L,R,D,S,W,C,F,L,P,W,M,L,F,I,S,W,T,S,H,H,I,R,D,G,I,R,H,G,L,W,I,C,P,F,G,K,T,S,P,L,P,F,W,L,Y,V,I,T,T,L,S,L,P,H,M,C,S,F,L,M,Y,L,T,G,T,R,Q,M,M,S,S,K,H,G,M,R,I,D,V
Phascolarctos_cinereus,M,A,T,E,T,E,K,T,F,A,L,L,Q,T,F,S,T,L,S,V,V,S,S,L,G,L,G,L,F,C,F,V,A,D,R,L,V,Q,F,S,F,I,Q,Q,N,D,W,L,R,A,L,S,D,S,A,V,H,G,I,I,G,M,W,S,W,A,I,V,I,G,L,K,K,K,S,D,F,G,E,V,I,L,A,G,F,L,A,S,F,I,D,V,D,H,F,F,L,A,G,S,L,S,L,K,A,A,L,N,L,P,H,R,P,F,L,H,C,S,T,L,I,P,I,V,V,L,T,L,K,L,V,M,H,L,F,R,L,K,D,S,W,C,F,L,P,W,M,L,F,M,S,W,T,S,H,H,V,R,D,G,I,R,H,G,L,W,I,C,P,F,G,R,T,S,P,L,P,Y,W,L,Y,V,T,I,T,A,S,L,P,H,L,S,S,F,V,M,Y,L,T,G,T,R,E,M,M,S,I,K,H,G,I,H,I,D,V
Phoca_vitulina,M,A,S,E,A,E,K,T,H,A,L,L,Q,S,C,S,T,E,S,L,I,S,S,L,G,L,G,I,F,C,L,V,A,D,R,L,L,Q,F,S,I,I,Q,Q,N,D,W,L,R,A,L,S,D,N,A,V,H,C,V,I,G,M,W,L,W,A,I,V,I,G,V,K,K,T,T,D,F,G,E,I,I,L,A,G,F,L,A,S,V,I,D,V,D,H,F,F,L,A,G,S,L,S,L,K,A,A,L,T,L,P,R,R,P,V,L,H,C,S,T,V,I,P,V,V,V,L,T,L,R,L,T,M,H,L,F,K,L,K,D,S,W,C,F,L,P,W,M,L,F,I,S,W,T,S,H,H,I,R,D,G,I,R,H,G,L,W,I,C,P,F,G,K,T,S,P,L,P,F,W,L,Y,V,I,I,T,S,S,L,P,H,I,C,S,F,V,M,Y,F,T,G,T,R,Q,M,M,S,S,K,H,G,I,H,I,D,V
Phodopus_roborovskii,M,A,S,K,V,E,K,T,Q,A,L,Q,Q,C,F,S,T,E,S,L,I,S,S,L,G,L,G,I,F,C,L,V,A,D,R,L,L,R,F,S,I,I,H,Q,N,D,W,L,R,A,L,S,D,N,I,V,H,G,V,I,G,M,W,S,W,A,V,V,T,G,I,K,K,K,A,D,F,G,E,V,L,L,A,G,F,L,A,S,V,I,D,I,D,H,F,F,L,A,R,S,L,S,L,K,A,A,L,T,L,P,R,R,P,F,L,H,C,S,T,V,I,P,V,A,V,V,S,V,K,I,A,M,H,L,L,R,L,R,D,S,W,C,F,L,P,W,M,L,F,I,S,W,A,S,H,H,I,R,D,G,I,R,H,G,L,W,I,C,P,F,G,K,T,S,P,L,P,F,W,L,Y,V,I,T,T,L,S,L,P,H,M,C,S,F,L,M,Y,L,T,G,T,R,Q,M,M,S,S,K,H,R,M,R,I,D,V
Prionailurus_bengalensis_euptilurus,-,-,-,-,-,-,-,-,-,-,-,-,-,-,-,-,-,-,-,-,-,-,-,-,-,-,-,-,-,-,-,-,-,-,-,-,-,-,-,-,-,-,-,-,-,-,-,-,-,-,-,-,-,-,-,-,-,-,-,-,-,-,-,-,-,-,-,-,-,-,-,-,-,-,-,-,-,-,-,-,-,-,-,-,-,-,-,-,-,-,-,-,-,-,-,-,-,-,-,-,-,-,-,-,-,-,-,-,-,-,-,-,-,-,-,-,-,-,-,-,-,-,-,-,-,-,-,-,-,-,-,-,-,-,-,-,-,-,-,-,-,-,-,-,-,-,-,-,-,-,-,-,-,-,-,-,-,-,-,-,-,-,-,-,-,-,-,-,-,-,-,-,-,-,-,-,-,-,-,-,-,-,-,-,-,-,-,-,-,-,-,-,-,-,-,-,-,-,-,-,-,-,-,-,-,-,-,-,-,-,-,-,-,-,-
Puma_concolor,M,A,S,E,A,E,K,T,H,A,L,L,Q,S,C,S,T,E,S,L,F,S,S,L,G,L,G,I,F,C,L,V,A,D,R,L,L,Q,F,S,I,I,Q,Q,N,D,W,L,R,A,L,S,D,N,A,V,H,C,V,I,G,M,W,L,W,A,I,V,I,G,V,K,K,T,T,D,F,G,E,I,I,L,A,G,F,L,A,S,V,I,D,V,D,H,F,F,L,A,G,S,L,S,L,K,A,A,L,T,L,P,R,R,P,F,L,H,C,S,T,V,I,P,V,V,A,L,T,L,K,F,T,M,H,L,F,K,L,K,D,S,W,C,F,L,P,W,M,L,F,I,S,W,T,S,H,H,I,R,D,G,I,R,H,G,L,W,I,C,P,F,G,K,T,S,P,L,P,F,W,L,Y,V,I,I,T,S,S,L,P,H,I,C,S,F,V,M,Y,L,T,G,T,R,Q,M,M,S,A,K,H,G,I,Q,I,D,V
Puma_yagouaroundi,M,A,S,E,A,E,K,T,H,A,L,L,Q,S,C,S,T,E,S,L,F,S,S,L,G,L,G,I,F,C,L,V,A,D,R,L,L,Q,F,S,I,I,Q,Q,N,D,W,L,R,A,L,S,D,N,A,V,H,C,V,I,G,M,W,L,W,A,I,V,I,G,V,K,K,T,T,D,F,G,E,I,I,L,A,G,F,L,A,S,V,I,D,V,D,H,F,F,L,A,G,S,L,S,L,K,A,A,L,T,L,P,R,R,P,F,L,H,C,S,T,V,I,P,V,V,A,L,T,L,K,F,T,M,H,L,F,K,L,K,D,S,W,C,F,L,P,W,M,L,F,I,S,W,T,S,H,H,I,R,D,G,I,R,H,G,L,W,I,C,P,F,G,K,T,S,P,L,P,F,W,L,Y,V,I,I,T,S,S,L,P,H,I,C,S,F,V,M,Y,L,T,G,T,R,Q,M,M,S,A,K,H,G,I,Q,I,D,V
Rattus_norvegicus,M,A,S,K,V,E,K,T,H,A,L,P,P,C,Y,S,T,E,S,L,I,S,S,L,G,L,G,I,F,C,L,I,A,D,R,L,L,R,F,S,I,I,Q,Q,S,D,W,L,R,A,L,S,D,N,V,V,H,G,V,I,G,M,W,S,W,A,V,V,I,G,I,R,K,K,S,D,F,A,E,V,L,L,A,G,F,L,A,S,V,I,D,V,D,H,F,F,M,A,R,S,L,S,L,Q,A,A,L,T,L,Q,R,R,P,F,L,H,C,S,T,V,I,P,I,T,V,L,S,V,K,L,A,M,H,L,F,K,L,R,D,S,W,R,F,L,P,W,M,I,F,I,S,W,T,S,H,H,I,R,D,G,I,R,H,G,L,W,I,C,P,F,G,K,T,P,P,L,P,F,W,F,Y,V,I,S,T,L,S,L,P,H,T,C,S,F,L,M,Y,L,T,G,T,R,E,T,M,S,S,K,H,E,M,R,I,D,V
Rattus_rattus,M,A,S,K,V,E,K,T,H,A,L,P,P,C,Y,S,T,E,S,L,I,S,S,L,G,L,G,I,F,C,L,V,A,D,R,L,L,R,F,S,I,I,Q,Q,N,D,W,L,R,A,L,S,D,N,M,V,H,G,V,I,G,M,W,S,W,A,V,V,I,G,I,R,K,K,S,D,F,A,E,V,L,L,A,G,F,L,A,S,V,I,D,V,D,H,F,F,M,A,R,S,L,S,L,Q,A,A,L,T,L,P,R,R,P,F,L,H,C,S,T,V,I,P,I,T,V,L,S,V,K,L,A,M,H,L,F,K,L,R,D,S,W,R,F,L,P,W,M,I,F,I,S,W,T,S,H,H,I,R,D,G,I,R,H,G,L,W,I,C,P,F,G,K,T,P,P,L,P,F,W,L,Y,V,I,S,T,L,S,L,P,H,T,C,S,F,L,M,Y,L,T,G,T,R,E,T,M,S,S,K,H,E,M,R,I,D,V
Sarcophilus_harrisii,M,A,T,E,T,E,K,T,F,A,L,L,Q,T,F,S,T,L,S,V,I,S,S,L,G,L,G,L,F,C,F,V,A,D,R,L,F,Q,F,S,S,I,Q,Q,N,D,W,L,R,A,L,S,D,N,A,V,H,G,I,I,G,M,W,S,W,A,I,V,I,G,L,K,K,K,S,D,F,G,E,I,I,L,A,G,F,L,A,S,F,I,D,V,D,H,F,F,L,A,G,S,L,S,L,K,A,A,L,N,L,P,H,R,P,F,L,H,C,S,T,L,I,P,I,V,V,L,A,L,K,L,I,M,H,L,F,Q,L,K,D,S,W,C,F,L,P,W,M,L,F,I,S,W,T,S,H,H,V,R,D,G,I,R,H,G,L,W,I,C,P,F,G,K,T,S,P,L,P,Y,W,L,Y,V,T,I,T,A,S,L,P,H,L,S,S,F,I,M,Y,L,A,R,T,R,E,-,M,S,I,K,H,G,I,H,I,D,V
Suncus_etruscus,M,A,S,E,M,E,K,T,R,A,L,L,Q,S,C,S,T,E,S,L,L,S,S,L,G,L,G,L,F,C,L,V,I,D,K,L,L,Q,F,S,V,I,Q,Q,N,D,W,L,R,A,L,S,D,N,A,A,H,C,V,I,G,M,W,S,W,A,V,V,I,G,I,K,K,K,T,D,F,G,E,I,I,L,A,G,L,L,A,S,V,I,D,V,D,H,F,C,L,A,G,S,L,S,L,K,A,A,L,N,L,P,R,R,P,F,L,H,C,S,T,V,I,P,V,A,V,L,T,L,K,F,T,M,H,L,F,K,L,K,D,S,W,C,F,L,P,W,M,L,F,I,S,W,T,S,H,H,I,R,D,G,I,R,H,G,L,W,L,C,P,F,G,K,T,S,P,L,P,F,W,L,Y,V,I,I,T,A,S,L,P,H,I,C,S,I,V,M,Y,F,T,G,T,R,Q,I,M,S,S,K,H,G,I,L,I,D,V
Sus_scrofa,M,A,S,E,T,E,K,T,H,A,L,L,Q,S,C,S,T,E,S,L,I,S,S,L,G,L,G,I,F,C,L,V,A,D,R,L,L,Q,F,S,I,I,Q,Q,N,D,W,L,R,A,L,S,D,N,S,V,H,C,V,I,G,M,W,S,W,T,I,V,I,G,I,K,K,K,T,D,F,G,E,I,I,L,A,G,F,L,A,S,I,I,D,I,D,H,F,F,L,A,G,S,L,S,L,K,A,A,L,T,L,P,R,R,P,F,L,H,C,S,T,V,I,P,I,V,V,L,T,V,K,F,T,M,H,L,F,K,L,K,D,S,W,C,F,L,P,W,M,L,F,I,S,W,T,S,H,H,V,R,D,G,I,R,H,G,L,W,I,C,P,F,G,K,T,S,P,L,P,F,W,L,Y,V,I,I,T,S,S,L,P,H,I,C,S,F,V,M,Y,F,T,G,T,R,Q,V,M,S,S,K,H,G,I,H,I,D,V
Tachyglossus_aculeatus,-,-,-,-,-,-,-,-,-,A,L,L,Q,T,F,S,S,A,S,V,V,S,G,L,G,L,G,A,F,C,F,V,A,D,R,L,L,Q,L,S,V,V,Q,Q,H,D,W,L,R,A,L,A,D,N,T,V,H,G,A,V,G,M,W,S,W,A,I,V,I,G,L,R,K,K,N,D,F,G,E,V,L,L,A,G,F,L,A,S,V,I,D,V,D,H,F,F,L,A,G,S,L,S,L,K,A,A,L,N,L,P,Q,R,P,F,L,H,C,S,T,V,I,P,V,V,A,L,T,L,K,F,I,M,H,L,F,R,L,K,D,S,W,C,F,L,P,W,M,L,F,L,S,W,T,S,H,H,V,R,D,G,I,R,H,G,L,W,I,C,P,F,G,K,T,A,P,L,P,Y,W,L,Y,V,T,I,T,A,S,S,P,H,L,C,S,F,V,M,Y,L,T,G,T,R,E,M,M,S,I,K,H,G,I,H,I,D,V
Talpa_occidentalis,M,E,S,E,T,E,K,T,R,A,L,L,Q,S,C,S,T,E,S,L,I,S,S,L,G,L,G,I,F,C,L,V,A,D,R,L,L,Q,F,S,I,I,Q,Q,N,D,W,L,R,A,L,S,D,N,A,V,H,C,V,I,G,M,W,S,W,A,I,V,I,G,I,R,K,K,T,D,I,G,E,V,I,L,A,G,F,L,A,S,V,I,D,V,D,H,F,F,L,A,G,S,L,S,L,K,A,A,L,T,L,P,R,R,P,F,L,H,C,S,T,V,I,P,V,V,A,L,T,L,K,F,T,M,H,L,L,K,L,K,D,S,W,C,F,L,P,W,M,L,F,I,S,W,T,S,H,H,I,R,D,G,I,R,H,G,L,W,I,C,P,F,G,K,T,S,P,L,P,F,W,L,Y,V,T,M,T,S,S,L,P,H,I,C,S,F,V,M,Y,L,T,G,T,R,Q,M,M,S,S,K,H,G,I,L,I,D,V
Trichechus_manatus_latirostris,M,A,S,E,T,E,K,I,H,A,L,L,Q,P,C,S,T,E,S,L,I,S,S,L,G,L,G,I,L,C,L,V,A,D,R,L,L,Q,F,P,I,I,Q,Q,N,D,W,L,R,A,L,S,D,N,A,V,H,C,M,I,G,M,W,S,W,A,I,V,I,G,V,K,K,K,T,D,L,G,E,I,V,L,A,G,F,L,A,S,V,I,D,I,D,H,F,F,L,A,G,S,V,S,L,K,A,A,L,T,L,P,R,R,P,F,L,H,C,S,T,V,I,P,I,V,A,L,T,L,K,F,V,M,H,L,F,K,L,K,G,S,W,C,F,L,P,W,M,L,F,I,S,W,T,S,H,H,I,R,D,G,I,R,H,G,L,W,I,C,P,F,G,K,T,S,P,L,P,F,W,L,Y,V,I,I,T,S,S,L,P,H,I,C,S,F,V,M,Y,L,T,G,T,R,Q,M,M,S,S,K,R,G,I,H,I,D,V
Trichosurus_vulpecula,M,A,T,E,T,E,K,T,F,A,L,L,Q,T,F,S,T,L,S,V,I,S,S,L,G,L,G,L,F,C,F,V,A,D,R,L,L,Q,F,S,F,I,Q,Q,N,D,W,L,R,A,L,S,D,N,A,V,H,S,I,I,G,M,W,S,W,A,I,V,V,G,L,K,K,K,S,D,F,G,E,V,I,L,A,G,F,L,A,S,I,I,D,V,D,H,F,F,L,A,G,S,L,S,L,K,A,A,L,N,L,P,H,R,P,F,L,H,C,S,T,L,I,P,I,V,V,L,T,L,K,L,I,M,H,L,F,R,L,K,D,S,W,C,F,L,P,W,L,L,F,I,S,W,T,S,H,H,V,R,D,G,I,R,H,G,L,W,I,C,P,F,G,K,T,A,P,L,P,Y,W,L,Y,V,T,I,T,A,S,L,P,H,L,S,S,F,I,M,Y,L,T,G,T,R,E,M,M,S,I,K,H,G,I,H,I,D,V
Ursus_arctos_horribilis,-,-,-,-,-,-,-,-,-,-,-,-,-,-,-,-,-,-,-,-,-,-,-,-,-,-,-,-,-,-,-,-,-,-,-,-,-,-,-,-,-,-,-,-,-,-,-,-,-,-,-,-,-,-,-,-,-,-,-,-,-,-,-,-,-,-,-,-,-,-,-,-,-,-,-,-,-,-,-,-,-,-,-,-,-,-,-,-,-,-,-,-,-,-,-,-,-,-,-,-,-,-,-,-,-,-,-,-,-,-,-,-,-,-,-,-,-,-,-,-,-,-,-,-,-,-,-,-,-,-,-,-,-,-,-,-,-,-,-,-,-,-,-,-,-,-,-,-,-,-,-,-,-,-,-,-,-,-,-,-,-,-,-,-,-,-,-,-,-,-,-,-,-,-,-,-,-,-,-,-,-,-,-,-,-,-,-,-,-,-,-,-,-,-,-,-,-,-,-,-,-,-,-,-,-,-,-,-,-,-,-,-,-,-,-
Vombatus_ursinus,M,A,T,E,T,E,K,T,F,A,L,L,Q,T,F,S,T,L,S,V,I,S,S,L,G,L,G,L,F,C,F,V,T,D,R,L,V,Q,F,S,F,I,Q,Q,N,D,W,L,R,A,L,S,D,N,A,V,H,G,M,I,G,M,W,S,W,A,I,V,I,G,L,K,K,K,S,D,F,G,E,V,I,L,A,G,F,L,A,S,F,I,D,V,D,H,F,F,L,A,G,S,L,S,L,K,A,A,L,N,L,P,Y,R,P,F,L,H,C,S,T,L,I,P,I,V,V,L,T,L,K,L,V,M,H,L,F,R,L,K,D,S,W,C,F,L,P,W,M,L,F,M,S,W,T,S,H,H,V,R,D,G,I,R,H,G,L,W,I,C,P,F,G,K,T,S,P,L,P,Y,W,L,Y,V,T,I,T,A,S,L,P,H,L,S,S,F,I,M,Y,L,T,G,T,R,E,M,M,S,I,K,H,G,I,H,I,D,V
Vulpes_lagopus,M,A,S,E,A,E,K,T,H,A,L,L,Q,S,C,S,T,E,S,L,I,S,S,L,G,L,G,I,F,C,L,V,A,D,R,L,L,Q,F,S,I,I,Q,Q,N,D,W,L,R,A,L,S,D,N,A,V,H,C,V,I,G,M,W,L,W,A,I,V,I,G,V,K,K,T,T,D,F,G,E,I,I,L,A,G,F,L,A,S,I,I,D,V,D,H,F,F,L,A,G,S,L,S,L,K,A,A,L,T,L,P,R,R,P,F,L,H,C,S,T,V,I,P,V,V,A,L,T,L,K,F,T,M,H,L,F,K,L,K,D,S,W,C,F,L,P,W,M,L,F,I,S,W,T,S,H,H,I,R,D,G,I,R,H,G,L,W,I,C,P,F,G,K,T,S,P,L,P,F,W,L,Y,V,I,I,T,S,S,L,P,H,I,C,S,F,I,M,Y,L,T,G,T,R,Q,M,M,S,S,K,H,G,I,H,I,D,V
Vulpes_vulpes,M,A,S,E,A,E,K,T,H,A,L,L,Q,S,C,S,T,E,S,L,I,S,S,L,G,L,G,I,F,C,L,V,A,D,R,L,L,Q,F,S,I,I,Q,Q,N,D,W,L,R,A,L,S,D,N,A,V,H,C,V,I,G,M,W,L,W,A,I,V,I,G,V,K,K,T,T,D,F,G,E,I,I,L,A,G,F,L,A,S,I,I,D,V,D,H,F,F,L,A,G,S,L,S,L,K,A,A,L,T,L,P,R,R,P,F,L,H,C,S,T,V,I,P,V,V,A,L,T,L,K,F,T,M,H,L,F,K,L,K,D,S,W,C,F,L,P,W,M,L,F,I,S,W,T,S,H,H,I,R,D,G,I,R,H,G,L,W,I,C,P,F,G,K,T,S,P,L,P,F,W,L,Y,V,I,I,T,S,S,L,P,H,I,C,S,F,I,M,Y,L,T,G,T,R,Q,M,M,S,S,K,H,G,I,H,I,D,V
Zalophus_californianus,M,A,S,E,A,E,K,T,H,A,L,L,Q,S,C,S,T,E,S,L,I,S,S,L,G,L,G,I,F,C,L,V,A,D,R,L,L,Q,F,S,I,I,Q,Q,N,D,W,L,R,A,L,S,D,N,A,V,H,C,V,I,G,M,W,L,W,A,I,V,I,G,V,K,K,T,T,D,F,G,E,I,I,L,A,G,F,L,A,S,V,I,D,V,D,H,F,F,L,A,G,S,L,S,L,K,A,A,L,T,L,P,R,R,P,F,L,H,C,S,T,V,I,P,V,V,V,L,T,L,R,F,T,M,H,L,F,K,L,K,D,S,W,C,F,L,P,W,M,L,F,I,S,W,T,S,H,H,I,R,D,G,I,R,H,G,L,W,I,C,P,F,G,K,T,S,P,L,P,F,W,L,Y,V,I,I,T,S,S,L,P,H,I,C,S,F,V,M,Y,F,T,G,T,R,Q,M,M,S,S,K,H,G,I,H,I,D,V
shrew_mole,M,E,P,E,T,E,N,T,R,A,L,L,Q,S,C,S,T,E,S,L,I,S,S,L,G,L,G,V,F,C,L,V,A,D,R,L,L,Q,F,S,I,I,Q,Q,N,D,W,L,R,A,L,S,D,N,A,V,H,C,V,I,G,M,W,S,W,A,I,V,I,G,I,R,K,K,T,D,L,G,E,I,I,L,A,G,F,L,A,S,V,I,D,V,D,H,F,F,L,A,G,S,L,S,L,K,A,A,L,T,L,P,R,R,P,F,L,H,C,S,T,V,I,P,V,V,A,L,T,L,K,F,T,M,H,L,F,K,L,K,D,S,W,C,F,L,P,W,M,L,F,I,S,W,T,S,H,H,I,R,D,G,I,R,H,G,L,W,I,C,P,F,G,K,T,S,P,L,P,F,W,L,Y,V,T,M,T,S,S,L,P,H,I,C,S,F,V,M,Y,L,T,G,T,R,Q,M,M,S,S,K,H,G,I,L,I,D,V
ZWS,M,A,S,E,V,E,K,T,R,A,L,L,Q,S,C,S,T,E,S,L,V,S,S,L,A,L,G,M,F,C,L,V,A,D,R,L,L,Q,F,S,I,I,Q,Q,N,D,W,F,R,A,L,S,D,N,A,V,H,G,V,I,G,M,W,S,W,A,V,V,T,G,I,K,K,K,T,D,F,G,E,V,V,L,A,G,F,L,A,S,V,I,D,V,D,H,F,F,L,A,R,S,L,S,L,K,M,S,Q,A,V,-,-,-,-,-,-,-,-,-,-,-,-,-,-,-,-,-,-,-,-,-,-,-,-,-,-,-,-,-,-,-,-,-,-,-,-,-,-,-,-,-,-,-,-,-,-,-,-,-,-,-,-,-,-,-,-,-,-,-,-,-,-,-,-,-,-,-,-,-,-,-,-,-,-,-,-,-,-,-,-,-,-,-,-,-,-,-,-,-,-,-,-,-,-,-,-,-,-,-,-,-,-,-,-,-,L
