,TNFSF9 0,TNFSF9 1,TNFSF9 2,TNFSF9 3,TNFSF9 4,TNFSF9 5,TNFSF9 6,TNFSF9 7,TNFSF9 8,TNFSF9 9,TNFSF9 10,TNFSF9 11,TNFSF9 12,TNFSF9 13,TNFSF9 14,TNFSF9 15,TNFSF9 16,TNFSF9 17,TNFSF9 18,TNFSF9 19,TNFSF9 20,TNFSF9 21,TNFSF9 22,TNFSF9 23,TNFSF9 24,TNFSF9 25,TNFSF9 26,TNFSF9 27,TNFSF9 28,TNFSF9 29,TNFSF9 30,TNFSF9 31,TNFSF9 32,TNFSF9 33,TNFSF9 34,TNFSF9 35,TNFSF9 36,TNFSF9 37,TNFSF9 38,TNFSF9 39,TNFSF9 40,TNFSF9 41,TNFSF9 42,TNFSF9 43,TNFSF9 44,TNFSF9 45,TNFSF9 46,TNFSF9 47,TNFSF9 48,TNFSF9 49,TNFSF9 50,TNFSF9 51,TNFSF9 52,TNFSF9 53,TNFSF9 54,TNFSF9 55,TNFSF9 56,TNFSF9 57,TNFSF9 58,TNFSF9 59,TNFSF9 60,TNFSF9 61,TNFSF9 62,TNFSF9 63,TNFSF9 64,TNFSF9 65,TNFSF9 66,TNFSF9 67,TNFSF9 68,TNFSF9 69,TNFSF9 70,TNFSF9 71,TNFSF9 72,TNFSF9 73,TNFSF9 74,TNFSF9 75,TNFSF9 76,TNFSF9 77,TNFSF9 78,TNFSF9 79,TNFSF9 80,TNFSF9 81,TNFSF9 82,TNFSF9 83,TNFSF9 84,TNFSF9 85,TNFSF9 86,TNFSF9 87,TNFSF9 88,TNFSF9 89,TNFSF9 90,TNFSF9 91,TNFSF9 92,TNFSF9 93,TNFSF9 94,TNFSF9 95,TNFSF9 96,TNFSF9 97,TNFSF9 98,TNFSF9 99,TNFSF9 100,TNFSF9 101,TNFSF9 102,TNFSF9 103,TNFSF9 104,TNFSF9 105,TNFSF9 106,TNFSF9 107,TNFSF9 108,TNFSF9 109,TNFSF9 110,TNFSF9 111,TNFSF9 112,TNFSF9 113,TNFSF9 114,TNFSF9 115,TNFSF9 116,TNFSF9 117,TNFSF9 118,TNFSF9 119,TNFSF9 120,TNFSF9 121,TNFSF9 122,TNFSF9 123,TNFSF9 124,TNFSF9 125,TNFSF9 126,TNFSF9 127,TNFSF9 128,TNFSF9 129,TNFSF9 130,TNFSF9 131,TNFSF9 132,TNFSF9 133,TNFSF9 134,TNFSF9 135,TNFSF9 136,TNFSF9 137,TNFSF9 138,TNFSF9 139,TNFSF9 140,TNFSF9 141,TNFSF9 142,TNFSF9 143,TNFSF9 144,TNFSF9 145,TNFSF9 146,TNFSF9 147,TNFSF9 148,TNFSF9 149,TNFSF9 150,TNFSF9 151,TNFSF9 152,TNFSF9 153,TNFSF9 154,TNFSF9 155,TNFSF9 156,TNFSF9 157,TNFSF9 158,TNFSF9 159,TNFSF9 160,TNFSF9 161,TNFSF9 162,TNFSF9 163,TNFSF9 164,TNFSF9 165,TNFSF9 166,TNFSF9 167,TNFSF9 168,TNFSF9 169,TNFSF9 170,TNFSF9 171,TNFSF9 172,TNFSF9 173,TNFSF9 174,TNFSF9 175,TNFSF9 176,TNFSF9 177,TNFSF9 178,TNFSF9 179,TNFSF9 180,TNFSF9 181,TNFSF9 182,TNFSF9 183,TNFSF9 184,TNFSF9 185,TNFSF9 186,TNFSF9 187,TNFSF9 188,TNFSF9 189,TNFSF9 190,TNFSF9 191,TNFSF9 192,TNFSF9 193,TNFSF9 194,TNFSF9 195,TNFSF9 196,TNFSF9 197,TNFSF9 198,TNFSF9 199,TNFSF9 200,TNFSF9 201,TNFSF9 202,TNFSF9 203,TNFSF9 204,TNFSF9 205,TNFSF9 206
Chrysochloris_asiatica,R,T,C,R,P,L,D,W,V,L,G,A,L,L,L,V,A,A,A,C,W,V,V,P,D,A,-,-,-,-,-,-,-,-,-,-,-,-,-,-,-,-,-,-,-,-,-,-,-,-,-,G,G,F,A,Q,L,V,S,V,Q,L,T,N,G,T,L,K,W,Y,I,D,Q,G,V,A,G,V,V,L,A,Q,D,L,Q,Y,N,T,K,K,Q,E,L,M,V,T,Q,G,G,V,Y,Y,V,F,L,H,L,E,M,E,R,V,V,V,G,L,G,S,G,L,V,S,V,A,L,H,Q,H,P,-,-,-,-,G,G,S,E,A,L,S,L,R,V,T,L,P,A,A,S,S,-,-,-,-,-,-,-,-,-,-,-,-,-,-,-,-,-,-,-,Q,R,L,S,V,H,M,R,I,S,G,E,A,H,S,A,W,Q,L,T,Q,G,A,T,V,L,G,L,F,R,V,-,-,-,-,-,-,-
Balaenoptera_acutorostrata_scammoni,-,-,-,-,-,-,-,-,-,-,-,-,L,L,L,L,A,A,A,C,W,A,A,P,G,A,P,A,S,P,V,P,G,S,A,P,R,L,P,E,G,L,G,L,T,P,D,G,R,T,R,G,V,F,A,Q,L,V,V,V,Q,L,T,E,G,P,L,H,W,C,S,E,R,G,M,T,G,V,T,L,A,P,G,V,S,Y,D,K,H,T,H,E,V,V,V,A,Q,A,G,V,Y,Y,V,F,L,H,L,A,L,K,R,A,M,A,S,N,S,S,G,S,V,S,V,A,L,R,L,R,P,L,Q,-,-,A,G,A,A,A,L,A,L,T,L,D,L,P,P,P,S,S,G,-,-,N,S,T,A,G,F,R,S,G,L,L,H,L,D,A,G,Q,R,L,S,V,D,L,R,-,-,-,-,-,-,-,A,W,Q,L,S,A,D,A,T,V,W,G,L,F,-,-,-,-,-,-,-,-,-
Balaenoptera_musculus,R,S,C,H,P,L,P,W,A,L,S,A,L,L,L,L,A,A,A,C,W,A,A,P,G,A,P,A,S,P,V,P,G,S,A,P,R,L,P,E,G,L,G,L,T,P,D,G,R,T,R,G,V,F,A,Q,L,V,V,V,Q,L,T,E,G,P,L,H,W,C,S,E,R,G,M,T,G,V,T,L,A,P,G,V,S,Y,D,K,H,T,H,E,V,V,V,A,Q,A,G,V,Y,Y,V,F,L,H,L,A,L,K,R,-,-,-,-,-,-,S,C,S,V,S,V,A,L,R,L,R,P,L,Q,-,-,A,G,A,A,T,P,A,L,T,L,D,L,P,L,P,S,S,G,-,-,N,S,T,A,G,F,R,S,G,L,L,H,L,D,A,G,Q,R,L,S,V,D,L,R,-,-,-,-,-,-,-,A,W,Q,L,S,A,D,G,T,V,W,G,L,F,H,V,A,T,-,-,-,-,-
Echinops_telfairi,R,A,C,R,P,L,D,W,L,L,G,L,L,L,L,L,T,A,A,W,W,A,A,P,A,A,-,A,S,P,R,P,-,-,-,-,-,-,-,-,-,-,-,-,-,-,-,-,-,-,-,-,-,F,A,Q,L,V,A,V,L,L,T,N,G,T,L,L,W,H,S,D,Q,G,L,A,G,V,F,L,A,G,D,L,R,Y,E,E,R,D,R,Q,L,V,V,E,E,A,G,V,Y,E,V,F,L,H,L,E,L,Q,R,V,L,A,-,-,-,-,G,W,V,S,A,D,L,R,L,Q,P,G,R,-,-,-,-,S,S,A,L,T,L,R,V,A,L,P,A,A,S,S,-,-,-,D,L,A,E,G,S,R,N,R,L,L,R,L,R,A,G,Q,R,L,S,V,H,L,R,T,S,A,T,A,H,P,T,W,Q,L,A,Q,G,A,T,V,L,S,L,F,R,V,A,T,-,-,-,-,-
Delphinapterus_leucas,R,S,C,H,P,L,P,W,A,V,S,A,L,L,L,L,A,A,A,C,W,A,A,P,G,A,P,A,S,Q,V,P,G,S,A,R,R,L,P,E,G,L,E,L,T,P,D,A,R,T,R,G,V,F,A,Q,L,V,V,V,Q,L,T,E,G,P,L,H,W,C,S,E,R,G,M,T,G,V,T,L,A,P,G,V,S,Y,D,K,H,T,H,E,V,V,V,A,Q,A,G,V,Y,Y,V,F,L,H,L,A,L,K,R,A,M,A,S,N,S,S,G,S,V,S,V,A,L,N,L,R,P,L,Q,-,-,A,G,A,A,A,L,A,L,T,L,D,L,P,P,P,S,S,G,-,-,N,S,A,A,G,F,R,S,G,L,L,H,L,D,A,G,Q,R,L,S,V,H,L,R,-,-,-,-,-,-,-,A,W,Q,L,S,A,D,A,T,V,L,G,L,F,H,V,N,T,Q,V,P,T,G
Globicephala_melas,R,S,C,H,P,L,P,W,A,L,S,A,L,L,L,L,A,A,A,C,W,A,A,P,G,A,P,A,S,Q,V,P,G,S,A,R,R,L,P,E,G,L,E,L,M,P,D,A,R,T,R,G,V,F,A,Q,L,V,V,V,Q,L,T,E,G,P,L,H,W,C,S,E,R,G,M,T,G,V,T,L,A,P,G,V,S,Y,D,K,H,T,H,E,V,V,V,A,Q,A,G,V,Y,Y,V,F,L,H,L,A,L,K,R,A,M,A,S,N,S,S,G,S,V,S,V,A,L,N,L,R,P,L,Q,-,-,A,G,A,A,A,L,A,L,T,L,D,L,P,P,P,S,S,G,-,-,N,S,V,A,G,F,R,S,G,L,L,H,L,D,A,G,Q,R,L,S,V,H,L,-,-,-,-,-,-,-,-,A,W,Q,L,S,A,D,A,T,V,L,G,L,F,H,V,N,T,Q,V,P,T,G
Lagenorhynchus_obliquidens,R,S,C,H,P,L,P,W,A,L,S,A,L,L,L,L,A,A,A,C,W,A,A,P,G,A,P,A,S,Q,V,P,G,S,A,R,R,L,P,E,G,L,E,L,M,P,D,A,R,T,R,G,V,F,A,Q,L,V,V,V,Q,L,T,E,G,P,L,H,W,C,S,E,R,G,M,T,G,V,T,L,A,P,G,V,S,Y,D,K,H,T,H,E,V,V,V,A,Q,A,G,V,Y,Y,V,F,L,H,L,A,L,K,R,A,M,A,S,N,S,S,G,S,V,S,V,A,L,N,L,R,P,L,Q,-,-,A,G,A,A,A,L,A,L,T,L,D,L,P,P,P,S,S,G,-,-,N,S,V,A,G,F,R,S,G,L,L,H,L,D,A,G,Q,R,L,S,V,H,L,-,-,-,-,-,-,-,-,A,W,Q,L,S,A,D,A,T,V,L,G,L,F,H,V,N,T,Q,V,P,T,G
Lipotes_vexillifer,R,S,C,H,P,L,P,W,A,L,S,A,L,L,L,L,A,A,A,C,W,A,A,P,G,A,P,A,S,Q,V,P,G,S,A,R,R,L,P,E,G,L,E,L,T,P,D,A,R,T,R,G,V,F,A,Q,L,V,V,V,Q,L,T,E,G,P,L,H,W,C,S,E,Q,G,M,T,G,V,T,L,A,P,G,V,S,Y,D,K,H,T,H,E,V,V,V,V,Q,A,G,V,Y,Y,V,F,L,H,L,A,L,K,R,A,M,A,S,N,S,S,G,S,V,S,V,A,L,N,L,R,P,L,Q,-,-,A,G,A,A,A,L,A,L,T,L,D,L,P,P,P,S,S,G,-,-,N,S,A,A,G,F,R,S,G,L,L,H,L,D,A,G,Q,R,L,S,V,H,L,R,-,-,-,-,-,-,-,A,W,Q,L,S,A,D,A,T,V,L,G,L,F,H,V,A,T,Q,V,P,T,G
Monodon_monoceros,R,S,C,H,P,L,P,W,A,L,S,A,L,L,L,L,A,A,A,C,W,A,A,P,G,A,P,A,S,Q,V,P,G,S,A,R,R,L,P,E,G,L,E,L,T,P,D,A,R,T,R,G,V,F,A,Q,L,V,V,V,Q,L,T,E,G,P,L,H,W,C,S,E,R,G,M,T,G,V,T,L,A,P,G,V,S,Y,D,K,H,T,H,E,V,V,V,A,Q,A,G,V,Y,Y,V,F,L,H,L,A,L,K,R,A,M,A,S,N,S,S,G,S,V,S,V,A,L,N,L,R,P,L,Q,-,-,A,G,A,A,A,L,A,L,T,L,D,L,P,P,P,S,S,G,-,-,N,S,A,A,G,F,R,S,G,L,L,H,L,D,A,G,Q,R,L,S,V,H,L,R,-,-,-,-,-,-,-,A,W,Q,L,S,A,D,A,T,V,L,G,L,F,H,V,N,T,Q,V,P,T,G
Neophocaena_asiaeorientalis_asiaeorientalis,-,-,-,-,-,-,-,-,-,-,-,-,-,-,-,-,-,-,-,-,-,-,-,-,-,-,-,-,-,-,-,-,-,-,-,-,R,L,P,E,G,L,E,L,T,P,D,A,R,T,R,G,V,F,A,Q,L,V,V,V,Q,L,T,E,G,P,L,H,W,C,S,E,R,G,M,T,G,V,T,L,A,P,G,V,S,Y,D,K,H,T,H,E,V,V,V,A,Q,A,G,V,Y,Y,V,F,L,H,L,A,L,K,R,A,M,A,S,N,S,S,G,S,V,S,V,A,L,N,L,R,P,L,Q,-,-,A,G,A,A,A,L,A,L,T,L,D,L,P,P,P,S,S,G,-,-,N,S,A,A,G,F,R,S,G,L,L,H,L,D,A,G,Q,R,L,S,V,H,L,R,-,-,-,-,-,-,-,A,W,Q,F,S,A,D,A,T,V,L,G,L,F,H,V,N,T,Q,V,P,T,G
Orcinus_orca,R,S,C,H,P,L,P,W,A,L,S,A,L,L,L,L,A,A,A,C,W,A,A,P,G,A,P,A,S,Q,V,P,G,S,A,R,R,L,P,E,G,L,E,L,M,P,D,A,R,T,R,G,V,F,A,Q,L,V,V,V,Q,L,T,E,G,P,L,H,W,C,S,E,R,G,M,T,G,V,T,L,A,P,G,V,S,Y,D,K,H,R,H,E,V,V,V,A,Q,A,G,V,Y,Y,V,F,L,H,L,A,L,K,R,A,M,A,S,N,S,S,G,S,V,S,V,A,L,N,L,R,P,L,Q,-,-,A,G,A,A,A,L,A,L,T,L,D,L,P,P,P,S,S,G,-,-,N,S,V,A,G,F,R,S,G,L,L,H,L,D,A,G,Q,R,L,S,V,H,L,-,-,-,-,-,-,-,-,A,W,Q,L,S,A,D,A,T,V,L,G,L,F,H,V,N,T,Q,V,P,T,G
Phocoena_sinus,R,S,C,H,P,L,P,W,A,L,S,A,L,L,L,L,A,A,A,C,W,A,A,P,G,A,P,A,S,Q,V,P,G,S,A,R,R,L,P,E,G,L,E,L,T,P,D,A,R,T,R,G,V,F,A,Q,L,V,V,V,Q,L,T,E,G,P,L,H,W,C,S,E,R,G,M,T,G,V,T,L,A,P,G,V,S,Y,D,K,H,T,H,E,V,V,V,A,Q,A,G,V,Y,Y,V,F,L,H,L,A,L,K,R,A,M,A,S,N,S,S,G,S,V,S,V,A,L,N,L,R,P,L,Q,-,-,A,G,A,A,A,L,A,L,T,L,D,L,P,P,P,S,S,G,-,-,N,S,A,A,G,F,R,S,G,L,L,H,L,D,A,G,Q,R,L,S,V,H,L,R,-,-,-,-,-,-,-,A,W,Q,F,S,A,D,A,T,V,L,G,L,F,H,V,N,T,Q,V,P,T,G
Physeter_catodon,-,-,-,-,-,-,-,-,-,-,-,-,-,-,-,-,-,-,-,-,-,-,-,-,-,-,-,-,-,-,-,-,-,-,-,-,-,-,-,-,-,-,-,-,-,-,-,-,-,-,-,-,-,-,-,-,-,-,-,-,-,-,-,-,-,-,-,-,-,-,-,-,-,-,-,-,-,-,-,-,-,-,-,-,-,-,-,-,-,-,-,-,-,-,-,-,-,-,-,-,-,-,-,-,-,-,-,-,-,-,-,-,-,-,-,-,-,-,-,-,-,-,-,-,-,-,-,-,-,-,-,-,-,-,-,-,-,-,-,-,-,-,-,-,-,-,-,-,-,-,-,-,-,-,-,-,-,-,-,-,-,-,-,-,-,-,-,-,-,-,-,-,-,-,-,-,-,-,-,-,-,-,-,-,-,-,-,-,-,-,-,-,-,-,-,-,-,-,-,-,-,-,-,-,-,-,-
Tursiops_truncatus,R,S,C,H,P,L,P,W,A,L,S,A,L,L,L,L,A,A,A,C,W,A,A,P,G,A,P,A,S,Q,V,P,G,S,A,R,R,L,P,E,G,L,E,L,M,P,D,A,R,T,R,G,V,F,A,Q,L,V,V,V,Q,L,T,E,G,P,L,H,W,C,S,E,R,G,M,T,G,V,T,L,A,P,G,V,S,Y,D,K,H,T,H,E,V,V,V,A,Q,A,G,V,Y,Y,V,F,L,H,L,A,L,K,R,A,M,A,S,N,S,S,G,S,V,S,V,A,L,N,L,R,P,L,Q,-,-,A,G,A,A,A,L,A,L,T,L,D,L,P,P,P,S,S,G,-,-,N,S,V,A,G,F,R,S,G,L,L,H,L,D,A,G,Q,R,L,S,V,H,L,-,-,-,-,-,-,-,-,A,W,Q,L,S,A,D,A,T,V,L,G,L,F,H,V,N,T,Q,V,P,T,G
Acinonyx_jubatus,P,A,C,R,P,L,P,W,A,L,S,V,L,L,L,L,A,G,T,C,W,V,A,P,A,T,S,A,A,P,G,P,S,-,-,-,-,L,P,R,V,P,E,Q,P,P,D,A,R,A,R,A,V,F,A,Q,L,V,A,V,Q,L,T,E,G,P,L,R,W,Y,S,D,P,G,L,A,G,V,F,L,G,P,G,L,S,Y,D,Q,H,S,R,E,L,M,V,A,E,P,G,V,Y,Y,V,F,L,H,L,K,L,Q,R,V,V,S,S,F,G,S,G,S,V,S,V,A,L,H,L,Q,P,L,G,-,-,A,G,A,A,A,L,A,L,T,L,D,L,P,P,P,S,S,K,A,P,D,S,A,S,G,F,R,S,S,L,M,H,L,G,A,G,Q,R,L,V,V,H,L,R,A,E,A,G,A,H,L,A,W,Q,L,A,Q,G,A,T,I,L,G,L,F,R,V,A,T,K,V,P,A,G
Acomys_russatus,-,-,-,-,-,-,-,-,-,-,-,-,-,-,-,-,-,-,-,-,-,-,-,-,-,-,-,-,-,-,-,-,-,-,-,-,-,-,-,-,-,-,-,-,-,-,-,-,-,-,-,-,-,-,A,K,L,L,A,A,L,L,N,N,K,T,L,K,W,H,S,E,D,G,A,G,T,S,Y,L,S,P,D,L,R,Y,R,E,D,Q,N,Q,V,V,V,T,K,P,G,L,Y,L,V,S,L,Q,L,K,L,K,K,V,-,-,-,-,-,-,-,-,-,-,-,-,-,-,-,-,-,-,-,-,-,-,-,-,-,-,-,-,-,-,-,-,-,-,-,-,-,-,-,-,-,-,-,-,-,-,-,-,-,-,L,M,H,L,E,A,G,H,R,L,S,V,D,L,R,-,-,-,-,-,-,-,-,W,Q,L,S,Y,-,-,-,-,-,-,-,-,-,-,-,-,-,-,-,-,-
Arvicanthis_niloticus,-,-,-,-,-,-,-,-,-,-,-,-,-,-,-,-,-,-,-,-,-,-,-,-,-,-,-,-,-,-,-,-,-,-,-,-,-,-,-,-,-,-,-,-,-,-,-,-,-,-,-,-,V,F,A,K,L,L,A,A,L,L,S,N,T,T,L,N,W,H,S,Q,N,G,A,G,S,V,Y,L,S,H,G,L,R,Y,E,E,D,K,R,E,L,V,V,D,S,P,G,L,Y,Y,V,F,L,E,L,K,L,-,-,-,-,-,-,-,-,-,-,-,-,-,-,-,-,-,-,-,-,-,-,-,-,-,-,-,-,-,L,T,L,T,V,E,L,F,P,C,S,M,E,N,-,K,L,V,D,G,S,W,S,H,L,L,F,L,K,A,G,H,R,L,S,V,G,L,R,A,-,-,-,-,-,-,-,-,-,-,-,-,-,-,T,S,F,G,L,F,L,V,K,P,D,T,P,R,E
Bison_bison_bison,-,-,-,-,-,-,-,-,-,-,-,-,-,-,-,-,-,-,-,-,-,-,-,-,-,-,-,-,-,-,-,-,-,-,-,-,-,-,-,-,-,-,-,-,-,-,-,-,-,-,-,-,-,-,-,-,-,-,-,-,-,-,-,-,-,-,-,-,-,-,-,-,-,-,-,-,-,-,-,-,-,-,-,-,-,-,-,-,-,-,-,-,-,-,-,-,-,-,-,-,-,-,-,-,-,-,-,-,-,-,-,-,-,-,-,-,-,-,-,-,-,-,-,-,-,-,-,-,-,-,-,-,-,-,-,-,-,-,-,-,-,-,-,-,-,-,-,-,-,-,-,-,-,-,-,-,-,-,-,-,-,-,-,-,-,-,-,-,-,-,-,-,-,-,-,-,-,-,-,-,-,-,-,-,-,-,-,-,-,-,-,-,-,-,-,-,-,-,-,-,-,-,-,-,-,-,-
Bos_indicus,R,V,C,N,P,L,P,W,A,L,S,A,L,L,L,L,A,A,A,C,W,G,V,P,G,T,P,A,S,P,V,S,S,P,A,P,I,L,P,Q,-,-,-,-,-,-,-,-,-,-,-,G,V,F,A,Q,L,V,V,A,Q,L,T,E,G,P,V,Q,W,R,S,E,Q,G,L,T,G,V,T,L,A,P,G,V,H,Y,D,K,R,T,Q,E,L,V,V,P,E,A,G,V,Y,Y,V,F,L,H,L,T,L,K,R,V,M,A,-,-,-,-,-,S,I,S,V,A,L,D,L,Q,P,Y,Q,-,-,A,G,-,A,A,L,T,L,T,L,D,L,P,P,P,P,L,G,-,-,N,S,A,A,G,F,R,S,S,L,L,H,L,D,A,G,Q,R,L,S,V,H,L,R,-,-,-,-,-,-,-,-,W,Q,L,S,A,E,A,T,V,W,G,L,F,R,V,A,T,Q,V,P,S,G
Bos_mutus,-,-,-,-,-,-,-,-,-,-,-,-,-,-,-,-,-,-,-,-,-,-,-,-,-,-,-,-,-,-,-,-,-,-,-,-,-,-,-,Q,-,-,-,-,-,-,-,-,-,-,-,G,V,F,A,Q,L,V,V,A,Q,L,T,E,G,P,V,Q,W,R,S,E,R,G,L,T,G,V,T,L,A,P,G,V,H,Y,D,K,R,T,Q,E,L,V,V,P,E,A,G,V,Y,Y,V,F,L,H,L,T,L,K,R,V,M,A,-,-,-,-,-,S,V,S,V,A,L,D,L,Q,P,Y,Q,-,-,A,G,-,A,A,L,T,L,T,L,D,L,P,P,P,P,L,G,-,-,N,S,A,A,G,F,R,S,S,L,L,H,L,D,A,G,Q,R,L,S,V,H,L,R,-,-,-,-,-,-,-,-,W,Q,L,S,A,E,A,T,V,W,G,L,F,R,V,A,T,Q,V,P,S,G
Bos_taurus,R,V,C,N,P,L,P,W,A,L,S,A,L,L,L,L,A,A,A,C,W,G,V,P,G,T,P,A,S,P,V,S,S,P,A,P,I,L,P,Q,-,-,-,-,-,-,-,-,-,-,-,G,V,F,A,Q,L,V,V,A,Q,L,T,E,G,P,V,Q,W,R,S,E,Q,G,L,T,G,V,T,L,A,P,G,V,H,Y,D,K,R,T,Q,E,L,V,V,P,E,A,G,V,Y,Y,V,F,L,H,L,T,L,K,R,V,M,A,-,-,-,-,-,S,I,S,V,A,L,D,L,Q,P,Y,Q,-,-,A,G,-,A,A,L,T,L,T,L,D,L,P,P,P,P,L,G,-,-,N,S,A,A,G,F,R,S,S,L,L,H,L,D,A,G,Q,R,L,S,V,H,L,R,-,-,-,-,-,-,-,-,W,Q,L,S,A,E,A,T,V,W,G,L,F,R,V,A,T,Q,V,P,S,G
Bubalus_bubalis,R,V,C,N,P,L,P,W,A,L,S,A,L,L,L,L,A,A,A,C,W,G,V,P,G,T,P,A,S,P,V,S,S,P,A,P,I,L,P,Q,-,-,-,-,-,-,-,-,-,-,-,G,V,F,A,Q,L,V,V,A,Q,L,T,E,G,P,V,Q,W,R,S,E,Q,G,L,T,G,V,T,L,A,P,G,V,D,Y,D,K,R,T,Q,E,L,V,V,P,E,A,G,V,Y,Y,V,F,L,H,L,T,L,K,R,V,M,A,-,-,-,-,-,S,V,S,V,A,L,D,L,R,P,H,Q,-,-,A,G,-,A,A,L,T,L,T,L,D,L,P,P,P,P,L,G,-,-,N,S,A,A,G,F,R,S,S,L,L,H,L,D,A,G,Q,R,L,S,V,H,L,-,-,-,-,-,-,-,-,-,W,Q,L,S,A,E,A,T,V,W,G,L,F,R,V,A,A,Q,V,P,S,G
Budorcas_taxicolor,R,V,C,N,P,L,P,W,A,L,S,A,L,L,L,L,A,A,A,C,W,G,I,P,G,T,P,A,S,P,V,S,S,P,A,P,I,L,P,Q,-,-,-,-,-,-,-,-,-,-,-,G,V,F,A,Q,L,V,V,A,R,L,T,E,G,P,V,Q,W,R,S,E,P,G,L,T,G,V,T,L,A,P,G,M,R,Y,D,K,R,T,Q,E,L,V,V,P,E,A,G,V,Y,Y,I,F,L,H,L,T,L,K,R,V,M,A,-,-,-,-,-,S,V,S,V,A,L,D,L,Q,P,H,Q,-,-,A,G,-,A,A,L,T,L,T,L,D,L,P,A,P,P,S,G,-,-,N,S,A,A,G,F,R,S,S,L,L,H,L,D,A,G,Q,R,L,S,V,H,L,R,-,-,-,-,-,-,-,-,W,Q,L,S,A,E,S,T,V,W,G,L,F,R,V,A,A,Q,V,P,S,G
Callithrix_jacchus,R,S,C,R,P,L,L,W,V,L,V,A,L,L,L,L,A,A,V,C,W,A,V,S,G,A,H,A,S,P,S,S,V,P,S,P,R,L,R,D,S,P,E,L,S,P,G,D,P,A,R,G,M,F,A,Q,L,V,A,V,L,L,T,D,G,P,L,S,W,Y,S,D,P,G,L,A,G,V,S,L,A,R,G,L,S,Y,E,E,D,T,K,E,L,V,V,G,T,A,G,V,Y,Y,V,F,L,Q,L,E,L,Q,R,V,V,A,G,Q,G,S,G,S,V,S,L,A,L,H,L,K,P,-,-,-,-,-,G,A,T,A,L,A,L,T,V,D,L,P,P,T,S,S,E,P,R,N,S,A,F,G,F,R,S,C,L,L,H,L,G,A,G,Q,R,L,G,V,R,L,H,T,D,A,G,T,H,H,A,W,Q,L,T,Q,G,A,T,V,L,G,L,F,R,V,T,P,E,V,P,A,G
Camelus_bactrianus,-,-,-,-,-,-,-,-,-,-,-,-,-,-,-,-,-,-,-,-,-,-,-,-,-,-,-,-,-,-,-,-,-,-,-,-,-,-,-,-,-,-,-,-,-,-,-,-,-,-,-,-,-,-,-,-,-,-,-,-,-,-,-,-,-,-,-,-,-,-,-,-,-,-,-,-,-,-,-,-,-,-,-,-,-,-,-,-,-,-,-,-,-,-,-,-,-,-,-,-,-,-,-,-,-,-,-,-,-,-,-,-,-,-,-,-,-,-,-,-,-,-,-,-,-,-,-,-,-,-,-,-,-,-,-,-,-,-,-,-,-,-,-,-,-,-,-,-,-,-,-,-,-,-,-,-,-,-,-,-,-,-,-,-,-,-,-,-,-,-,-,-,-,-,-,-,-,-,-,-,-,-,-,-,-,-,-,-,-,-,-,-,-,-,-,-,-,-,-,-,-,-,-,-,-,-,-
Camelus_dromedarius,-,-,-,-,-,-,-,W,-,-,-,-,-,-,-,-,-,-,-,-,-,-,-,-,-,-,-,-,-,-,-,-,-,-,-,-,-,-,-,-,-,-,-,-,-,-,-,A,L,S,A,G,A,F,A,Q,L,V,A,V,Q,L,T,E,G,P,L,R,W,Y,S,D,P,S,L,T,G,V,T,L,A,P,G,M,S,Y,D,K,Q,T,H,E,L,V,V,A,E,A,G,V,Y,Y,V,F,L,N,L,G,L,K,R,V,V,A,-,-,-,S,G,S,V,S,V,A,L,H,L,Q,S,L,H,-,-,A,R,A,A,S,P,A,L,T,L,D,L,P,L,P,S,L,G,-,-,N,S,V,S,G,F,R,G,G,L,L,H,V,G,A,G,Q,R,L,G,V,H,L,-,-,-,-,-,-,-,-,-,W,Q,L,S,Q,-,A,T,V,L,G,L,F,R,V,A,T,E,V,P,A,G
Camelus_ferus,R,A,C,G,P,L,P,W,A,L,S,A,L,L,L,L,A,A,A,C,W,A,A,P,G,A,P,V,S,P,S,P,G,P,A,P,R,L,P,E,G,P,E,L,A,P,D,A,R,A,R,G,A,F,A,Q,L,V,A,V,Q,L,T,E,G,P,L,R,W,Y,S,D,P,S,L,T,G,V,T,L,A,P,G,M,S,Y,D,K,Q,T,H,E,L,V,V,A,E,A,G,V,Y,Y,V,F,L,N,L,G,L,K,R,V,V,A,-,-,-,S,G,S,V,S,V,A,L,H,L,Q,S,L,H,-,-,A,R,A,A,S,P,A,L,T,L,D,L,P,L,P,S,L,G,-,-,N,S,V,S,G,F,R,G,G,L,L,H,V,G,A,G,Q,R,L,G,V,H,L,-,-,-,-,-,-,-,-,-,W,Q,L,S,Q,-,A,T,V,L,G,L,F,R,V,A,T,E,V,P,A,G
Capra_hircus,R,V,C,N,P,L,P,W,A,L,S,A,L,L,L,L,A,A,A,C,W,G,I,P,G,T,P,A,P,P,V,S,S,P,A,P,I,L,P,Q,-,-,-,-,-,-,-,-,-,-,-,G,V,F,A,Q,L,V,V,A,Q,L,T,E,G,P,V,Q,W,C,S,E,P,G,L,T,G,V,T,L,A,P,G,M,R,Y,D,K,H,T,Q,E,L,V,V,P,E,A,G,V,Y,Y,I,F,L,H,L,T,L,K,R,V,M,A,-,-,-,-,-,S,V,S,V,A,L,D,L,Q,P,H,Q,-,-,A,G,-,A,A,L,T,L,T,L,D,L,P,P,P,P,S,G,-,-,N,S,A,A,G,F,R,S,S,L,L,H,L,D,A,G,Q,R,L,S,V,H,L,R,-,-,-,-,-,-,-,-,W,Q,L,S,A,E,S,T,V,W,G,L,F,R,V,A,A,Q,V,P,S,G
Cebus_imitator,R,S,C,R,P,L,R,W,V,L,V,A,L,L,L,L,A,A,A,C,W,A,V,S,G,A,Q,A,S,P,S,S,V,P,S,P,R,L,R,Y,S,P,E,L,S,P,G,D,P,A,G,G,M,F,A,Q,L,V,A,V,L,L,T,D,G,P,L,S,W,Y,S,D,P,G,L,A,G,V,S,L,A,Q,G,L,S,Y,E,E,D,T,K,E,L,V,V,G,T,A,G,V,Y,Y,V,F,L,Q,L,E,L,H,R,V,V,A,G,Q,G,S,G,S,V,S,L,A,L,H,L,Q,P,-,-,-,-,-,G,A,T,A,L,A,L,T,V,D,L,P,P,T,S,S,E,A,R,N,S,A,F,G,F,R,S,C,L,L,H,L,G,A,G,Q,R,L,G,V,H,L,H,T,D,A,G,T,H,H,A,W,Q,L,T,Q,G,A,T,V,L,G,L,F,R,V,T,P,E,V,P,A,G
Ceratotherium_simum_simum,R,G,C,H,P,L,P,W,A,L,S,A,L,L,L,F,A,G,A,C,W,V,V,P,G,A,P,A,G,P,S,P,G,P,A,P,R,L,P,E,V,P,E,L,P,P,D,A,S,A,R,G,V,F,A,Q,L,V,A,V,Q,L,T,E,G,P,L,P,W,F,S,H,P,G,V,A,G,V,S,L,A,P,G,L,S,Y,D,E,K,A,R,E,L,V,V,A,E,A,G,V,Y,Y,V,F,L,R,V,E,L,R,R,V,V,A,A,A,G,S,G,S,V,S,I,D,L,R,L,Q,P,L,S,-,-,T,G,A,A,A,L,A,M,T,L,D,L,P,P,-,-,-,-,-,-,-,-,-,-,G,F,R,G,S,L,L,H,L,G,A,G,Q,R,L,G,V,H,L,R,P,G,P,G,A,H,P,A,W,Q,L,A,Q,T,N,T,V,L,G,L,F,R,V,A,T,K,V,P,A,G
Cercocebus_atys,R,A,C,R,L,L,P,W,A,L,V,A,L,L,L,L,V,A,A,C,W,A,V,S,G,A,H,A,S,P,G,S,A,A,S,P,R,L,R,E,G,P,E,L,S,P,D,N,P,A,G,G,M,F,A,Q,L,V,A,V,L,L,T,D,G,P,L,S,W,Y,S,D,P,G,L,A,G,V,S,L,A,E,G,L,S,Y,K,E,D,T,K,E,L,V,V,A,K,A,G,V,Y,Y,V,F,L,Q,L,E,L,Q,R,V,V,A,G,E,G,S,G,S,V,S,L,A,L,H,L,Q,P,L,R,S,A,A,G,A,A,A,L,A,L,T,V,D,L,P,S,A,S,S,E,A,R,N,S,A,F,G,F,Q,G,R,L,L,H,L,G,A,G,Q,R,L,G,V,H,L,H,T,E,A,R,A,C,H,A,W,Q,L,T,Q,G,A,T,V,L,G,L,F,R,V,T,P,E,V,P,A,G
Cervus_canadensis,R,V,C,N,P,L,P,W,A,L,S,A,L,L,L,L,A,A,A,C,W,G,V,P,G,T,P,A,S,P,V,S,S,P,A,P,I,L,P,Q,-,-,-,-,-,-,-,-,-,-,-,G,V,F,A,Q,L,V,V,A,Q,L,T,E,G,P,V,Q,W,R,S,E,Q,G,L,T,G,V,T,L,A,P,G,V,R,Y,D,K,H,T,Q,E,L,V,V,P,E,A,G,V,Y,Y,V,F,L,H,L,T,L,K,R,V,M,A,S,N,S,S,D,S,V,S,V,A,L,D,P,Q,P,R,Q,-,-,A,G,-,A,A,L,T,L,T,L,D,L,P,P,P,P,S,G,-,-,N,S,A,A,G,F,R,S,S,L,L,H,L,D,A,G,Q,R,L,S,V,Y,L,R,-,-,-,-,-,-,-,-,W,Q,L,S,A,E,A,T,V,W,G,L,F,R,V,A,A,Q,V,P,S,G
Chlorocebus_sabaeus,R,A,C,R,L,L,P,W,A,L,V,A,L,L,L,L,V,A,A,C,W,A,V,S,G,A,H,A,S,P,G,S,A,A,S,P,R,L,R,E,G,P,E,L,S,P,D,N,P,A,G,G,M,F,A,Q,L,V,A,V,L,L,T,D,G,P,L,S,W,Y,S,D,P,G,L,A,G,V,S,L,A,E,G,L,R,Y,K,E,D,T,K,E,L,V,V,A,K,A,G,V,Y,Y,V,F,L,Q,L,E,L,Q,R,V,V,A,G,E,G,S,G,S,V,S,L,A,L,H,L,Q,P,L,R,-,-,-,-,-,A,A,L,A,L,T,V,D,L,P,S,A,S,S,E,A,R,N,S,A,F,G,F,Q,G,R,L,L,H,L,G,A,G,Q,R,L,G,V,H,L,H,T,E,A,R,A,C,H,A,W,Q,L,T,Q,G,A,T,V,L,G,L,F,R,V,T,P,E,V,P,A,R
Colobus_angolensis_palliatus,-,-,-,-,-,-,-,-,-,-,-,-,-,-,-,-,-,-,-,-,-,-,-,-,-,-,-,-,-,-,-,-,-,-,-,-,-,-,-,-,-,-,-,-,-,-,-,-,-,-,-,-,-,-,-,-,-,-,-,-,-,-,-,-,-,-,-,-,-,-,-,-,-,-,-,-,-,-,-,-,-,-,-,-,-,-,-,-,-,-,-,-,-,-,-,-,-,-,-,-,-,-,-,-,-,-,-,-,-,-,-,-,-,-,-,-,-,-,-,-,-,-,-,-,-,-,-,-,-,-,-,-,-,-,-,-,-,-,-,-,-,-,-,-,-,-,-,-,-,-,-,-,-,-,-,-,-,-,-,-,-,-,-,-,-,-,-,-,-,-,-,-,-,-,-,-,-,-,-,-,-,-,-,-,-,-,-,-,-,-,-,-,-,-,-,-,-,-,-,-,-,-,-,-,-,-,-
Condylura_cristata,R,A,C,C,L,L,P,W,V,L,S,A,L,L,L,L,A,G,I,L,W,I,L,P,S,A,P,A,S,L,S,Q,D,P,A,P,T,L,P,E,V,-,-,-,-,-,-,-,-,-,-,G,L,F,A,K,L,V,V,A,Q,L,T,D,G,P,L,R,W,H,S,N,R,G,L,A,G,V,Y,L,S,P,G,L,S,Y,D,E,N,T,Q,E,L,V,V,P,E,A,G,L,Y,Y,V,F,L,N,L,E,L,R,R,V,-,-,-,-,-,-,-,-,V,S,V,S,L,Q,L,Q,T,Q,G,-,-,L,G,G,E,A,L,A,L,T,L,N,L,P,P,L,S,S,G,-,-,N,S,T,A,A,F,R,S,G,Q,L,N,L,A,A,C,H,R,L,G,V,H,L,-,-,-,-,-,-,-,-,-,W,Q,L,S,Q,-,A,T,V,L,G,L,-,-,-,-,-,-,-,-,-,-
Elephas_maximus_indicus,S,A,C,R,R,L,D,W,V,L,G,A,L,L,L,L,A,A,A,C,W,L,V,P,A,A,P,G,-,-,-,-,-,P,V,P,S,P,H,A,G,P,E,P,Q,P,G,A,R,F,R,D,G,F,A,Q,L,V,A,A,Q,L,T,N,G,T,L,S,W,H,S,D,S,G,L,A,G,V,F,L,A,P,G,L,S,Y,D,A,L,S,R,E,L,V,V,A,E,G,G,I,Y,Y,V,F,L,R,L,E,L,Q,R,V,V,A,G,E,G,S,G,W,V,S,M,A,L,H,L,Q,P,D,R,-,-,-,-,-,A,A,L,T,L,T,V,A,L,P,T,A,S,L,-,-,-,D,S,A,G,G,S,R,G,H,L,L,R,L,S,V,G,Q,R,L,A,V,H,L,R,A,S,A,A,A,H,P,A,W,Q,L,T,Q,G,A,T,V,L,G,L,F,R,V,A,-,-,-,-,-,-
Enhydra_lutris_kenyoni,S,A,C,R,P,L,S,W,A,L,S,A,L,L,L,L,A,G,T,C,W,A,W,P,S,A,P,A,A,P,G,P,G,-,-,-,-,-,-,-,-,-,-,-,-,P,D,A,G,A,R,G,V,F,A,Q,L,V,A,V,Q,L,T,E,G,P,L,R,W,Y,S,D,P,G,L,A,G,V,F,L,G,P,G,L,S,Y,D,Q,H,T,G,E,L,M,V,A,E,P,G,V,Y,Y,V,F,L,H,L,K,L,Q,R,V,V,S,S,Q,G,S,G,S,V,S,A,A,L,H,L,Q,P,I,S,-,-,A,P,G,A,A,L,A,L,T,L,D,L,P,P,P,S,S,E,A,R,D,S,A,A,G,F,R,G,S,L,L,H,L,D,A,G,Q,R,L,G,V,H,L,R,A,E,A,G,T,H,L,A,W,Q,L,A,Q,G,A,T,V,L,G,L,F,R,V,A,T,K,V,P,A,G
Equus_asinus,S,A,W,R,S,L,P,W,A,V,S,A,L,L,L,F,A,G,A,C,W,A,L,P,G,A,P,A,G,P,S,P,G,P,A,P,R,L,P,E,V,P,E,L,P,P,D,A,S,A,R,G,V,F,A,Q,L,V,A,V,R,L,T,K,G,L,L,R,W,H,S,D,P,G,L,A,G,V,S,L,A,P,G,L,S,Y,D,E,S,T,Q,E,L,V,V,A,E,A,G,V,Y,Y,V,F,L,H,L,E,L,K,P,V,V,A,S,A,G,S,G,S,V,S,A,A,L,R,L,K,P,P,R,-,-,T,G,A,A,A,L,A,M,T,L,D,L,P,P,P,S,S,G,A,R,D,S,A,V,G,F,R,G,S,L,L,H,L,G,A,G,Q,R,L,S,V,H,L,P,A,A,A,G,A,P,P,T,W,Q,L,A,Q,G,A,T,F,L,G,L,F,R,V,A,-,-,-,P,A,G
Equus_przewalskii,R,A,W,R,S,L,P,W,A,L,S,A,-,-,-,-,-,-,-,-,-,-,-,-,-,-,-,-,-,P,G,P,A,P,S,S,R,L,P,E,V,P,E,L,P,P,D,A,S,A,R,-,-,-,-,-,-,-,-,V,R,L,T,K,G,L,L,R,W,H,S,D,P,G,L,A,G,V,S,L,A,P,G,L,S,Y,D,E,S,T,Q,E,L,V,V,A,E,A,G,V,Y,Y,V,F,L,H,L,E,L,Q,R,V,V,A,S,A,G,S,G,S,V,S,A,A,L,R,L,K,P,P,R,-,-,T,G,A,A,A,L,A,M,T,L,D,L,P,P,P,S,S,G,A,R,D,S,A,V,G,F,R,G,S,L,L,H,L,G,A,G,Q,R,L,S,V,H,L,P,A,A,A,G,A,P,P,T,W,Q,L,V,Q,G,A,T,F,L,G,L,F,R,V,A,-,-,-,P,A,G
Equus_quagga,S,A,W,R,S,L,P,W,A,V,S,A,L,L,L,F,A,G,A,C,W,A,L,P,G,A,P,A,G,P,S,P,G,P,A,P,R,L,P,E,V,P,E,L,P,P,D,A,S,A,R,G,V,F,A,Q,L,V,A,-,-,L,T,K,G,L,L,R,W,H,S,D,P,G,L,A,G,V,S,L,A,P,G,L,S,Y,D,E,S,T,Q,E,L,V,V,A,E,A,G,V,Y,Y,V,F,L,H,L,E,L,K,P,V,V,A,S,A,G,S,G,S,V,S,A,A,L,R,L,K,P,P,R,-,-,T,G,A,A,A,L,A,M,T,L,D,L,P,P,P,S,S,G,A,R,D,S,A,V,G,F,R,G,S,L,L,H,L,G,A,G,Q,R,L,S,V,H,L,P,A,A,A,G,A,P,P,T,W,Q,L,A,Q,G,A,T,F,L,G,L,F,R,V,A,-,-,-,P,A,G
Gorilla_gorilla_gorilla,R,A,C,R,V,L,P,W,A,L,V,A,L,L,L,L,A,A,A,C,W,A,V,S,G,A,R,A,S,P,G,S,A,A,S,P,R,L,R,E,G,P,E,L,S,P,D,D,P,A,G,G,M,F,A,Q,L,V,A,V,L,L,I,D,G,P,L,S,W,Y,S,D,P,G,L,A,G,V,S,L,T,G,G,L,S,Y,K,E,D,T,K,E,L,V,V,A,K,A,G,V,Y,Y,V,F,F,Q,L,E,L,Q,R,V,V,A,G,E,G,S,G,S,V,S,L,A,L,H,L,Q,P,L,R,S,A,A,G,A,A,A,L,A,L,T,V,D,L,P,P,A,S,S,E,A,R,N,S,A,F,G,F,Q,G,R,L,L,H,L,S,A,G,Q,R,L,G,V,H,L,H,T,E,A,R,A,R,H,A,W,Q,L,T,Q,G,A,T,V,L,G,L,F,R,V,T,P,E,I,P,A,G
Halichoerus_grypus,S,A,C,R,P,L,P,W,A,L,S,A,L,L,L,L,A,G,T,G,W,A,A,P,R,A,P,A,A,P,G,P,G,-,-,-,-,L,P,E,L,P,E,L,L,P,D,A,R,A,R,G,V,F,A,Q,L,V,A,V,Q,L,T,E,G,P,L,H,W,Y,S,D,P,G,L,A,G,V,F,L,G,P,G,L,S,Y,D,Q,H,T,G,E,L,M,V,A,E,P,G,V,Y,Y,V,F,L,N,L,K,L,Q,R,V,V,S,G,K,G,S,G,S,V,S,A,A,L,H,L,Q,P,L,G,-,-,V,G,A,A,A,L,A,L,T,L,D,L,P,P,P,S,S,E,A,R,D,S,A,A,G,F,W,G,S,L,L,Q,L,G,A,G,Q,R,L,G,V,H,L,R,A,E,E,G,A,H,L,A,W,Q,L,A,Q,G,A,T,I,L,G,L,F,R,V,A,T,K,V,P,A,G
Homo_sapiens,R,A,C,R,V,L,P,W,A,L,V,A,L,L,L,L,A,A,A,C,W,A,V,S,G,A,R,A,S,P,G,S,A,A,S,P,R,L,R,E,G,P,E,L,S,P,D,D,P,A,G,G,M,F,A,Q,L,V,A,V,L,L,I,D,G,P,L,S,W,Y,S,D,P,G,L,A,G,V,S,L,T,G,G,L,S,Y,K,E,D,T,K,E,L,V,V,A,K,A,G,V,Y,Y,V,F,F,Q,L,E,L,R,R,V,V,A,G,E,G,S,G,S,V,S,L,A,L,H,L,Q,P,L,R,S,A,A,G,A,A,A,L,A,L,T,V,D,L,P,P,A,S,S,E,A,R,N,S,A,F,G,F,Q,G,R,L,L,H,L,S,A,G,Q,R,L,G,V,H,L,H,T,E,A,R,A,R,H,A,W,Q,L,T,Q,G,A,T,V,L,G,L,F,R,V,T,P,E,I,P,A,G
Hylobates_moloch,R,A,C,R,L,L,P,W,A,L,V,A,L,L,L,L,A,A,A,C,W,A,V,S,G,A,R,A,S,P,G,S,A,A,S,P,R,L,R,E,G,P,E,L,S,P,D,D,P,A,G,G,M,F,A,Q,L,V,A,V,L,L,T,D,G,P,L,S,W,Y,S,D,P,G,L,A,G,V,S,L,A,G,G,L,S,Y,K,E,D,T,K,E,L,V,V,A,K,A,G,V,Y,Y,V,F,F,Q,L,E,L,Q,R,V,V,A,G,E,G,S,G,S,V,S,L,A,L,H,L,Q,P,L,R,S,A,A,G,A,A,A,L,A,L,T,V,D,L,P,P,A,S,S,E,A,P,N,S,A,F,G,F,Q,G,R,L,L,H,L,S,A,G,Q,R,L,G,I,H,L,H,T,E,A,R,A,R,H,A,W,Q,L,T,Q,G,A,T,V,L,G,L,F,R,V,T,P,E,I,P,A,G
Ictidomys_tridecemlineatus,S,S,C,R,-,-,-,-,-,-,-,-,-,-,-,-,-,-,-,-,-,-,-,-,-,-,-,-,-,-,G,P,G,S,T,T,A,S,T,Q,V,P,Q,L,P,P,-,-,-,-,-,-,-,F,A,K,L,L,T,V,L,L,R,N,E,T,L,S,W,Y,S,Q,P,G,L,K,G,V,Y,L,S,P,G,L,N,Y,S,E,D,T,R,E,L,V,M,A,Q,D,G,A,Y,Y,V,F,L,Q,L,E,L,Q,R,-,-,-,-,-,-,-,G,E,V,S,L,T,L,L,L,Q,P,P,Q,-,-,V,G,A,A,A,L,G,L,T,V,H,L,-,P,C,S,S,E,S,R,N,S,A,G,G,F,R,G,G,L,L,H,L,S,A,G,Q,R,L,S,V,H,L,H,G,K,A,N,A,Q,D,A,W,Q,L,A,Q,G,G,T,A,L,G,L,F,R,M,T,T,K,V,P,D,G
Leopardus_geoffroyi,P,A,C,R,P,L,P,W,A,L,S,V,L,L,L,L,A,G,T,C,W,V,A,P,A,A,S,A,A,P,G,P,S,-,-,-,-,L,P,R,V,P,E,Q,P,P,D,A,R,A,R,A,V,F,A,Q,L,V,A,V,Q,L,T,E,G,P,L,R,W,Y,S,D,P,G,L,A,G,V,F,L,G,P,G,L,S,Y,D,Q,H,S,R,E,L,M,V,A,E,P,G,V,Y,Y,V,F,L,H,L,K,L,Q,R,V,V,S,S,F,G,S,G,S,V,S,V,A,L,H,L,Q,P,L,G,-,-,A,G,A,A,A,L,A,L,T,L,D,L,P,P,P,S,S,K,A,P,D,S,A,S,G,F,R,S,S,L,L,H,L,G,A,G,Q,R,L,G,V,H,L,R,A,E,A,G,A,H,P,A,W,Q,L,A,Q,G,A,T,I,L,G,L,F,R,V,A,T,K,V,P,A,G
Loxodonta_africana,S,A,C,R,R,L,D,W,V,L,G,A,L,L,L,L,A,A,A,C,W,L,V,P,A,A,P,G,-,-,-,-,-,P,V,P,S,P,H,A,G,P,E,P,Q,P,G,A,R,F,R,D,G,F,A,Q,L,V,A,A,Q,L,T,N,G,T,L,S,W,H,S,D,S,G,L,A,G,V,F,L,A,P,G,L,S,Y,D,A,L,S,R,E,L,V,V,A,E,G,G,I,Y,Y,V,F,L,R,L,E,L,Q,R,V,V,A,G,E,G,S,G,W,V,S,M,A,L,H,L,Q,P,D,R,-,-,-,-,-,A,A,L,T,L,T,V,A,L,P,T,A,S,L,-,-,-,D,S,A,G,G,S,R,G,H,L,L,R,L,S,V,G,Q,R,L,A,V,H,L,R,A,S,A,A,A,H,P,A,W,Q,L,T,Q,G,A,T,V,L,G,L,F,R,V,A,-,-,-,-,-,-
Macaca_fascicularis,R,A,C,R,L,L,P,W,A,L,V,A,L,L,L,L,V,A,A,C,W,A,V,S,G,A,H,A,S,P,G,S,A,A,S,P,R,L,R,E,G,P,E,L,S,P,D,N,P,A,G,G,M,F,A,Q,L,V,A,V,L,L,T,D,G,P,L,S,W,Y,S,D,P,G,L,A,G,V,S,L,A,E,G,L,S,Y,K,E,D,T,K,E,L,V,V,A,K,A,G,V,Y,Y,V,F,L,Q,L,M,L,Q,R,V,V,A,G,E,G,S,G,S,V,S,L,A,L,H,L,Q,P,L,R,S,A,A,G,A,A,A,L,A,L,T,V,D,L,P,S,A,S,S,E,A,R,N,S,A,F,G,F,Q,G,R,L,L,H,L,G,A,G,Q,R,L,G,V,H,L,H,T,E,A,R,A,C,H,A,W,Q,L,T,Q,G,A,T,V,L,G,L,F,R,V,T,P,E,V,P,A,G
Macaca_mulatta,R,A,C,R,L,L,P,W,A,L,V,A,L,L,L,L,V,A,A,C,W,A,V,S,G,A,H,A,S,P,G,S,A,A,S,P,R,L,R,E,G,P,E,L,S,P,D,N,P,A,G,G,M,F,A,Q,L,V,A,V,L,L,T,D,G,P,L,S,W,Y,S,D,P,G,L,A,G,V,S,L,A,E,G,L,S,Y,K,E,D,T,K,E,L,V,V,A,K,A,G,I,Y,Y,V,F,L,Q,L,E,L,Q,R,V,V,A,G,E,G,S,G,S,V,S,L,A,L,H,L,Q,P,L,R,S,A,A,G,A,A,A,L,A,L,T,V,D,L,P,S,A,S,S,E,A,R,N,S,A,F,G,F,Q,G,R,L,L,H,L,G,A,G,Q,R,L,G,V,H,L,H,T,E,A,R,A,C,H,A,W,Q,L,T,Q,G,A,T,V,L,G,L,F,R,V,T,P,E,V,P,A,G
Macaca_nemestrina,R,A,C,R,L,L,P,W,A,L,V,A,L,L,L,L,V,A,A,C,W,A,V,S,G,A,H,A,S,P,G,S,A,A,S,P,R,L,R,E,G,P,E,L,S,P,D,N,P,A,G,G,M,F,A,Q,L,V,A,V,L,L,T,D,G,P,L,S,W,Y,S,D,P,G,L,A,G,V,S,L,A,E,G,L,S,Y,K,E,D,T,K,E,L,V,V,A,K,A,G,V,Y,Y,V,F,L,Q,L,M,L,Q,R,V,V,A,G,E,G,S,G,S,V,S,L,A,L,H,L,Q,P,L,R,S,A,A,G,A,A,A,L,A,L,T,V,D,L,P,S,A,S,S,E,A,R,N,S,A,F,G,F,Q,G,R,L,L,H,L,G,A,G,Q,R,L,G,V,H,L,H,T,E,A,R,A,C,H,A,W,Q,L,T,Q,G,A,T,V,L,G,L,F,R,V,T,P,E,V,P,A,R
Macaca_thibetana_thibetana,R,A,C,R,L,L,P,W,V,L,V,A,L,L,L,L,V,A,A,C,W,A,V,S,G,A,H,A,S,P,G,S,A,A,S,P,R,L,R,E,G,P,E,L,S,P,D,N,P,A,G,G,M,F,A,Q,L,V,A,V,L,L,T,D,G,P,L,S,W,Y,S,D,P,G,L,A,G,V,S,L,A,E,G,L,S,Y,K,E,D,T,K,E,L,V,V,A,K,A,G,V,Y,Y,V,F,L,Q,L,E,L,Q,R,V,V,A,G,E,G,S,G,S,V,S,L,A,L,H,L,Q,P,L,R,S,A,A,G,A,A,A,L,A,L,T,V,D,L,P,S,A,S,S,E,A,R,N,S,A,F,G,F,Q,G,R,L,L,H,L,G,A,G,Q,R,L,G,V,H,L,H,T,E,A,R,A,C,H,A,W,Q,L,T,Q,G,A,T,V,L,G,L,F,R,V,T,P,E,V,P,A,G
Mandrillus_leucophaeus,-,-,-,-,-,-,-,-,-,-,-,-,-,-,-,-,-,-,-,-,-,-,-,-,-,-,-,-,-,-,-,-,-,-,-,-,-,-,-,-,-,-,-,-,-,-,-,-,-,-,-,-,-,-,-,-,-,-,-,-,-,-,-,-,-,-,-,-,-,-,-,-,-,-,-,-,-,-,-,-,-,-,-,-,-,-,-,-,-,-,-,-,-,-,-,-,-,-,-,-,-,-,-,-,-,-,-,-,-,-,-,-,-,-,-,-,-,-,-,-,-,-,-,-,-,-,-,-,-,-,-,-,-,-,-,-,-,-,-,-,-,-,-,-,-,-,-,-,-,-,-,-,-,-,-,-,-,-,-,-,-,-,-,-,-,-,-,-,-,-,-,-,-,-,-,-,-,-,-,-,-,-,-,-,-,-,-,-,-,-,-,-,-,-,-,-,-,-,-,-,-,-,-,-,-,-,-
Marmota_flaviventris,-,-,-,-,-,-,-,-,-,-,-,-,-,-,-,-,-,-,-,-,-,-,-,-,-,-,-,-,-,P,S,P,G,T,A,T,A,F,T,E,V,P,E,L,P,P,-,-,-,-,-,-,-,F,A,K,L,L,T,V,L,L,R,N,E,T,L,S,W,Y,S,Q,Q,G,L,K,G,V,Y,L,S,P,G,L,N,Y,S,E,D,T,R,E,L,V,V,A,E,D,G,V,Y,Y,V,F,L,Q,L,E,L,Q,R,-,-,-,-,-,-,-,G,E,V,S,L,T,L,L,L,Q,P,P,P,-,-,G,G,A,A,A,L,A,L,T,V,H,L,-,P,C,S,S,E,S,R,N,S,A,G,G,F,R,G,G,L,L,H,L,S,A,G,Q,R,L,S,V,H,L,H,Q,Q,A,H,A,Q,D,A,W,Q,L,A,Q,G,G,T,A,L,G,L,F,R,V,T,T,K,V,P,D,G
Marmota_marmota_marmota,R,T,C,R,P,Q,P,-,-,-,-,A,L,V,-,-,-,-,-,-,-,-,-,-,-,-,-,-,A,P,S,P,G,T,A,T,A,F,T,E,V,P,E,L,P,P,-,-,-,-,-,-,-,F,A,K,L,L,T,V,L,L,R,N,E,T,L,S,W,Y,S,Q,Q,G,L,K,G,V,Y,L,S,P,G,L,N,Y,S,E,D,T,R,E,L,V,V,A,E,D,G,V,Y,Y,V,F,L,Q,L,E,L,Q,R,-,-,-,-,-,-,-,G,E,V,S,L,T,L,L,L,Q,P,P,P,-,-,G,G,A,A,A,L,A,L,T,V,H,L,-,P,C,S,S,E,P,R,N,S,A,G,G,F,R,G,D,L,L,H,L,S,A,G,Q,R,L,S,V,H,L,H,Q,Q,A,H,A,Q,D,A,W,Q,L,A,Q,G,G,T,A,L,G,L,F,R,V,T,T,K,V,P,D,G
Marmota_monax,R,T,C,R,P,Q,P,-,-,-,-,A,L,V,-,-,-,-,-,-,-,-,-,-,-,-,-,-,A,P,S,P,G,T,A,T,A,F,T,E,V,P,E,L,P,P,-,-,-,-,-,-,-,F,A,K,L,L,T,V,L,L,R,N,E,T,L,S,W,Y,S,Q,Q,G,L,K,G,V,Y,L,S,P,G,L,N,Y,S,E,D,T,R,E,L,V,V,A,E,D,G,V,Y,Y,V,F,L,Q,L,E,L,Q,R,-,-,-,-,-,-,-,G,E,V,S,L,I,L,L,L,Q,P,P,P,-,-,G,G,A,A,A,L,A,L,T,V,H,L,-,P,C,S,S,E,P,R,N,S,A,G,G,F,R,G,G,L,L,H,L,S,A,G,Q,R,L,S,V,H,L,H,Q,Q,A,H,A,Q,D,A,W,Q,L,A,Q,G,G,T,A,L,G,L,F,R,V,T,T,K,V,P,D,G
Nannospalax_galili,-,-,-,-,-,-,-,-,A,L,G,A,V,L,L,L,A,A,T,C,W,T,L,P,-,-,-,-,-,-,-,-,-,-,-,-,-,-,-,-,-,-,-,-,-,-,-,-,-,-,-,A,V,F,A,K,L,L,A,A,S,L,K,N,G,T,L,S,W,Y,H,E,E,G,I,R,N,V,H,L,S,P,G,L,R,Y,D,K,A,T,Q,E,L,V,V,P,E,A,G,L,Y,F,V,F,L,E,L,K,L,-,-,-,-,-,-,-,-,-,G,Q,V,S,L,V,L,Q,-,-,-,-,-,-,-,-,-,-,-,-,-,-,-,-,-,-,-,-,-,-,-,-,-,-,-,-,-,-,-,G,S,W,S,H,L,L,Y,L,R,E,D,H,R,L,S,V,G,L,S,A,G,-,-,A,H,K,S,W,E,L,S,K,-,-,-,-,-,-,-,-,-,-,-,-,-,-,-,-,-
Neomonachus_schauinslandi,S,A,C,R,P,L,P,W,A,L,S,A,L,L,L,L,A,G,T,G,W,A,A,P,R,A,P,A,A,P,S,P,G,-,-,-,-,L,P,E,L,P,E,L,L,P,D,A,R,A,R,G,V,F,A,Q,L,V,A,V,Q,L,T,E,G,P,L,H,W,Y,S,D,P,G,L,A,G,V,F,L,G,P,G,L,S,Y,D,Q,H,T,G,E,L,M,V,A,E,P,G,V,Y,Y,V,F,L,N,L,K,L,Q,R,V,V,S,G,K,G,S,G,S,V,S,A,A,L,H,L,Q,P,L,G,-,-,V,G,A,A,A,L,A,L,T,L,D,L,P,P,P,S,S,E,A,R,D,S,A,A,G,F,W,G,S,L,L,H,L,G,A,G,Q,R,L,G,V,H,L,R,A,E,E,G,A,H,L,A,W,Q,L,A,Q,G,A,T,I,L,G,L,F,R,V,A,T,K,V,P,A,G
Nomascus_leucogenys,R,A,C,R,L,L,P,W,A,L,V,A,L,L,L,L,A,A,A,C,W,A,V,S,G,A,R,A,S,P,G,S,A,A,S,P,R,L,R,E,G,P,E,L,S,P,D,D,P,A,G,G,M,F,A,Q,L,V,A,V,L,L,T,D,G,P,L,S,W,Y,S,D,P,G,L,A,G,V,S,L,A,G,G,L,S,Y,K,E,D,T,K,E,L,V,V,A,K,A,G,V,Y,Y,V,F,F,Q,L,E,L,Q,R,V,V,A,G,E,G,S,G,S,V,S,L,A,L,H,L,Q,P,L,R,S,A,T,G,A,A,A,L,A,L,T,V,D,L,P,P,A,S,S,E,A,P,N,S,A,F,G,F,Q,G,R,L,L,H,L,S,A,G,Q,R,L,G,I,H,L,H,T,E,A,R,A,R,H,A,W,Q,L,T,Q,G,A,T,V,L,G,L,F,R,V,T,P,E,I,S,A,G
Ochotona_curzoniae,R,T,C,R,P,L,L,W,A,L,G,T,L,L,L,L,A,A,T,C,W,A,-,-,-,-,-,-,-,-,-,-,-,-,-,-,-,-,-,-,-,-,-,-,-,P,D,A,R,A,G,G,L,F,A,Q,L,V,A,V,L,L,T,N,G,T,V,R,W,H,S,E,A,G,L,A,G,V,A,L,S,R,G,V,S,Y,D,E,D,A,R,E,V,V,V,A,Q,A,G,V,Y,Y,V,F,L,H,L,E,L,Q,R,V,V,A,R,Q,G,S,G,V,V,A,L,S,L,H,L,Q,P,-,-,-,-,-,-,-,-,-,-,-,-,-,-,-,-,-,-,-,-,-,-,-,-,D,S,A,V,G,F,K,G,R,L,L,P,L,G,A,G,Q,R,L,S,V,H,L,R,A,T,A,E,A,H,P,A,W,Q,L,V,Q,G,A,T,L,L,G,L,F,R,V,T,P,E,V,S,G,R
Ochotona_princeps,R,T,C,R,P,L,P,W,A,L,G,T,L,L,L,L,A,A,T,C,W,A,-,-,-,-,-,-,-,-,-,-,-,-,-,-,-,-,-,-,-,-,-,-,-,P,D,A,R,A,G,G,L,F,A,Q,L,V,A,V,L,L,T,N,G,T,M,R,W,H,S,E,P,S,L,A,G,V,A,L,S,R,G,L,S,Y,D,E,D,A,R,E,V,V,V,A,E,A,G,V,F,Y,V,F,L,H,L,E,L,Q,R,V,V,A,R,Q,G,S,G,V,V,A,L,S,L,H,L,Q,P,-,-,-,-,-,-,-,-,-,-,-,-,-,-,-,-,-,-,-,-,-,-,-,-,D,S,A,V,G,F,Q,G,R,L,L,P,L,G,A,G,Q,R,L,S,V,H,L,R,A,T,A,E,A,H,P,A,W,Q,L,A,Q,G,A,T,L,L,G,L,F,R,V,T,P,E,V,S,G,G
Octodon_degus,C,A,R,R,R,L,W,Q,V,L,G,A,G,L,L,L,A,A,-,-,-,-,-,-,-,-,-,-,-,-,-,-,-,-,-,-,-,-,-,-,-,-,-,-,-,-,-,-,-,-,-,-,-,-,A,R,L,L,A,V,I,L,K,N,G,T,L,S,W,Y,S,E,K,G,M,A,D,V,L,L,L,P,G,L,T,Y,D,K,R,R,K,E,L,V,V,A,K,A,G,R,Y,Q,V,C,L,Y,L,E,L,-,-,-,-,-,-,-,-,S,G,R,V,S,L,A,L,H,L,E,P,-,-,-,-,-,-,-,-,-,-,-,-,-,-,-,-,-,-,-,-,-,-,-,-,-,-,-,-,-,-,-,-,-,-,-,-,-,-,-,-,-,-,-,-,-,-,-,-,-,-,-,-,-,-,Q,A,W,Q,L,A,Q,T,A,T,K,L,E,L,F,Q,M,A,V,E,V,P,D,-
Ovis_aries,R,V,C,N,P,L,P,W,A,L,S,A,L,L,L,L,A,A,A,C,W,G,I,P,G,T,P,A,S,P,V,S,S,P,A,P,I,L,P,Q,-,-,-,-,-,-,-,-,-,-,-,G,V,F,A,Q,L,V,V,A,Q,L,T,E,G,P,V,Q,W,R,S,E,P,G,L,T,G,V,T,L,A,P,G,M,R,Y,D,K,R,T,Q,E,L,V,V,P,E,A,G,V,Y,Y,I,F,L,H,L,T,L,K,R,V,M,A,-,-,-,-,-,S,V,S,V,A,L,D,L,Q,P,H,Q,-,-,A,G,-,A,A,L,T,L,T,L,D,L,P,P,P,P,S,G,-,-,N,S,A,A,G,F,R,S,S,L,L,H,L,D,A,G,Q,R,L,S,V,H,L,R,-,-,-,-,-,-,-,-,W,Q,L,S,A,E,S,T,V,W,G,L,F,R,V,A,A,Q,V,P,S,G
Pan_paniscus,R,A,C,R,V,L,P,W,A,L,V,A,L,L,L,L,A,A,A,C,W,A,V,S,G,A,R,A,S,P,G,S,A,A,S,P,R,L,R,E,G,P,E,L,S,P,D,D,P,A,G,G,M,F,A,Q,L,V,A,V,L,L,I,D,G,P,L,S,W,Y,S,D,P,G,L,A,G,V,S,L,A,G,G,L,S,Y,K,E,D,T,K,E,L,V,V,A,K,A,G,V,Y,Y,V,F,F,Q,L,E,L,Q,R,V,V,A,G,E,G,S,G,S,V,S,L,A,L,H,L,Q,P,L,R,S,A,A,G,A,A,A,L,A,L,T,V,D,L,P,P,A,S,S,E,A,R,N,S,A,F,G,F,Q,G,R,L,L,H,L,S,A,G,Q,R,L,G,V,H,L,H,T,E,A,R,A,R,H,A,W,Q,L,T,Q,G,A,T,V,L,G,L,F,R,V,T,P,E,I,P,A,G
Pan_troglodytes,R,A,C,R,V,L,P,W,A,L,V,A,L,L,L,L,A,A,A,C,W,A,V,S,G,A,R,A,S,P,G,S,A,A,S,P,R,L,R,E,G,P,E,L,S,P,D,D,P,A,G,G,M,F,A,Q,L,V,A,V,L,L,I,D,G,P,L,S,W,Y,S,D,P,G,L,A,G,V,S,L,A,G,G,L,S,Y,K,E,D,T,K,E,L,V,V,A,K,A,G,V,Y,Y,V,F,F,Q,L,E,L,Q,R,V,V,A,G,E,G,S,G,S,V,S,L,A,L,H,L,Q,P,L,R,S,A,A,G,A,A,A,L,A,L,T,V,D,L,P,P,A,S,S,E,A,R,N,S,A,F,G,F,Q,G,R,L,L,H,L,S,A,G,Q,R,L,G,V,H,L,H,T,E,A,R,A,R,H,A,W,Q,L,T,Q,G,A,T,V,L,G,L,F,R,V,T,P,E,I,P,A,G
Panthera_tigris_altaica,-,-,-,-,-,-,-,-,-,-,-,-,-,-,-,-,-,-,-,-,-,-,-,-,-,-,-,-,-,-,-,-,-,-,-,-,-,-,-,-,-,-,-,-,-,-,-,-,-,-,-,-,-,-,-,-,-,-,-,-,-,-,-,-,-,-,-,-,-,-,-,-,-,-,-,-,-,-,-,-,-,-,-,-,-,-,-,-,-,-,-,-,-,-,-,-,-,-,-,-,-,-,-,-,-,-,-,-,-,-,-,-,-,-,-,-,-,-,-,-,-,-,-,-,-,-,-,-,-,-,-,-,-,-,-,-,-,-,-,-,-,-,-,-,-,-,-,-,-,-,-,-,-,-,-,-,-,-,-,-,-,-,-,-,-,-,-,-,-,-,-,-,-,-,-,-,-,-,-,-,-,-,-,-,-,-,-,-,-,-,-,-,-,-,-,-,-,-,-,-,-,-,-,-,-,-,-
Papio_anubis,R,T,C,R,L,L,P,W,A,L,V,A,L,L,L,L,V,A,A,C,W,A,V,S,G,A,H,A,S,P,G,S,A,A,S,P,R,L,R,E,G,P,E,L,S,P,D,N,P,A,G,G,M,F,A,Q,L,V,A,V,L,L,T,D,G,P,L,S,W,Y,S,D,P,G,L,A,G,V,S,L,A,E,G,L,S,Y,K,E,D,T,K,E,L,V,V,A,K,A,G,V,Y,Y,V,F,L,Q,L,E,L,Q,R,V,V,A,G,E,G,S,G,S,V,S,L,A,L,H,L,Q,P,L,R,S,A,A,G,A,A,A,L,A,L,T,V,D,L,P,S,A,S,S,E,A,R,N,S,A,F,G,F,Q,G,R,L,L,H,L,G,A,G,Q,R,L,G,V,H,L,H,T,E,A,R,A,C,H,A,W,Q,L,T,Q,G,A,T,V,L,G,L,F,R,V,T,P,E,V,P,A,G
Piliocolobus_tephrosceles,H,A,C,R,L,L,P,W,A,L,V,A,L,L,L,L,V,A,A,C,W,A,V,S,G,A,Q,A,S,P,G,S,A,P,S,P,R,L,R,E,G,P,E,L,S,P,D,N,P,A,D,G,M,F,A,Q,L,V,A,V,L,L,T,D,G,P,L,S,W,Y,S,D,P,G,L,A,G,V,S,L,A,E,G,L,S,Y,K,E,D,T,K,E,L,V,V,A,K,A,G,V,Y,Y,V,F,L,Q,L,E,L,Q,R,V,V,A,G,E,G,S,G,S,V,S,L,A,L,H,L,Q,P,L,R,S,A,A,G,A,A,A,L,A,L,T,V,D,L,P,S,A,S,S,E,A,R,N,S,A,F,G,F,Q,G,R,L,L,H,L,G,A,G,Q,R,L,G,V,H,L,H,T,E,A,R,A,C,H,A,W,Q,L,T,Q,G,A,T,V,L,G,L,F,R,V,T,P,E,I,P,A,G
Pongo_abelii,R,A,C,R,L,L,P,W,A,L,V,A,L,L,L,L,A,A,A,C,W,V,V,S,G,A,R,A,L,P,G,S,A,A,S,P,R,L,R,E,G,P,E,L,S,P,D,D,L,A,G,G,M,F,A,Q,L,V,A,V,L,L,I,D,G,P,L,S,W,Y,S,D,P,G,L,A,G,V,S,L,A,G,G,L,S,Y,K,E,D,T,K,E,L,V,V,A,K,A,G,V,Y,Y,V,F,F,Q,L,E,L,Q,R,V,V,A,G,E,G,S,G,S,V,S,L,A,L,H,L,Q,P,L,R,S,A,A,G,A,A,A,L,A,L,T,V,D,L,P,P,A,S,S,E,A,R,N,S,A,F,G,F,Q,G,R,L,L,H,L,S,A,G,Q,H,L,G,V,H,L,H,T,E,A,R,A,R,H,A,W,Q,L,T,Q,G,A,T,V,L,G,L,F,R,V,T,P,E,I,P,A,G
Propithecus_coquereli,R,-,-,R,A,L,P,W,V,L,G,V,V,L,-,-,-,-,-,-,-,-,-,-,-,-,-,-,-,-,-,-,-,-,-,-,-,-,-,-,-,-,-,-,-,-,-,-,-,-,-,-,P,L,A,Q,L,V,A,V,L,L,T,D,G,P,L,G,W,Y,S,D,L,G,L,D,G,V,S,L,S,P,G,V,S,Y,D,K,D,T,R,Q,L,E,V,T,E,A,G,V,Y,Y,V,F,L,Q,-,-,-,-,-,-,-,-,-,-,-,-,-,-,-,-,-,A,L,H,L,Q,P,-,-,-,-,A,G,P,A,A,L,T,L,T,V,H,L,P,P,G,S,S,E,A,P,H,S,V,S,G,F,Q,S,R,L,L,H,L,D,P,G,Q,R,L,G,V,H,L,S,A,G,P,E,A,H,-,T,W,Q,L,D,Q,R,A,T,V,L,G,L,F,R,V,A,T,Q,D,P,A,G
Rhinopithecus_bieti,H,A,C,R,L,L,P,W,A,L,V,A,L,L,L,L,V,A,A,C,W,A,V,S,G,A,H,A,S,P,G,S,A,A,S,P,R,L,R,E,G,P,E,L,S,P,V,N,P,A,G,G,M,F,A,Q,L,V,A,V,L,L,T,D,G,P,L,S,W,Y,S,D,P,G,L,A,G,V,S,L,A,E,G,L,S,Y,K,E,D,T,K,E,L,V,V,A,K,A,G,V,Y,Y,V,F,L,Q,L,E,L,Q,R,V,V,A,G,E,G,S,G,S,V,S,L,A,L,H,L,Q,P,L,R,S,A,A,G,A,A,A,L,A,L,T,V,D,L,P,S,A,S,S,E,A,R,N,S,A,F,G,F,Q,G,R,L,L,H,L,G,A,G,Q,R,L,G,V,H,L,H,T,E,A,R,A,C,H,A,W,Q,L,T,Q,G,A,T,V,L,G,L,F,R,V,T,P,E,V,P,A,G
Rhinopithecus_roxellana,H,A,C,R,L,L,P,W,A,L,V,A,L,L,L,L,V,A,A,C,W,A,V,S,G,A,H,A,S,P,G,S,A,A,S,P,R,L,R,E,G,P,E,L,S,P,V,N,P,A,G,G,M,F,A,Q,L,V,A,V,L,L,T,D,G,P,L,S,W,Y,S,D,P,G,L,A,G,V,S,L,A,E,G,L,S,Y,K,E,D,T,K,E,L,V,V,A,K,A,G,V,Y,Y,V,F,L,Q,L,E,L,Q,R,V,V,A,G,E,G,S,G,S,V,S,L,A,L,H,L,Q,P,L,R,S,A,A,G,A,A,A,L,A,L,T,V,D,L,P,S,A,S,S,E,A,R,N,S,A,F,G,F,Q,G,R,L,L,H,L,G,A,G,Q,R,L,G,V,H,L,H,T,E,A,R,A,C,H,A,W,Q,L,T,Q,G,A,T,V,L,G,L,F,R,V,T,P,E,V,P,A,G
Saimiri_boliviensis_boliviensis,R,S,C,R,P,L,R,W,V,L,V,A,L,L,L,L,A,A,T,C,W,A,V,S,G,A,H,A,S,P,G,S,V,P,S,P,R,L,R,D,S,P,E,L,S,P,G,D,P,A,G,G,M,F,A,Q,L,V,A,V,L,L,T,D,G,P,L,S,W,Y,S,D,P,G,L,A,G,V,S,L,S,R,G,L,S,Y,E,E,D,T,K,E,L,V,V,G,T,A,G,V,Y,Y,V,F,L,Q,L,E,L,H,R,V,V,A,G,Q,G,S,G,S,V,S,L,A,L,H,L,Q,P,-,-,-,-,-,-,-,-,-,L,A,L,T,V,D,L,P,P,T,S,S,E,A,Q,N,S,A,F,G,F,R,S,C,L,L,H,L,G,A,G,Q,R,L,G,V,H,L,H,T,D,A,S,T,H,H,A,W,Q,L,T,Q,G,A,T,V,L,G,L,F,R,V,T,P,E,V,P,A,G
Sapajus_apella,R,S,C,R,P,L,R,W,V,L,V,A,L,L,L,L,A,A,A,C,W,A,V,S,G,V,Q,A,S,P,S,S,V,P,S,P,R,L,R,Y,S,P,E,L,S,P,G,D,P,A,G,G,M,F,A,Q,L,V,A,V,L,L,T,D,G,P,L,S,W,Y,S,D,P,G,L,A,G,V,S,L,A,R,G,L,S,Y,E,E,D,T,K,E,L,V,V,G,T,A,G,V,Y,Y,V,F,L,Q,L,E,L,H,R,V,V,A,G,Q,G,S,G,S,V,S,L,A,L,H,L,Q,P,-,-,-,-,-,G,A,T,A,L,A,V,T,V,D,L,P,P,T,S,S,E,A,R,N,S,A,F,G,F,R,S,C,L,L,H,L,G,A,G,Q,R,L,G,V,H,L,H,T,D,A,G,T,H,H,A,W,Q,L,T,Q,G,A,T,V,L,G,L,F,R,V,T,P,E,V,P,A,G
Suricata_suricatta,-,-,-,-,-,-,-,-,-,-,-,-,-,-,-,-,-,-,-,-,-,-,-,-,-,-,-,-,-,-,-,-,-,-,-,-,-,-,-,-,-,-,-,-,-,-,-,-,-,-,-,A,V,F,A,Q,L,V,A,V,Q,L,T,E,G,P,L,R,W,Y,S,N,P,G,L,A,G,V,F,L,G,P,G,L,S,Y,N,Q,H,T,R,E,L,M,V,A,E,P,G,I,Y,Y,V,F,L,N,L,K,V,Q,R,V,V,S,A,S,G,P,C,S,V,S,V,A,L,H,L,Q,P,L,G,-,-,A,A,A,A,A,L,A,L,T,L,D,L,P,P,S,S,S,-,-,-,D,S,A,S,G,S,R,G,S,L,L,H,L,G,A,G,Q,R,L,G,V,H,L,R,T,Q,G,G,P,H,P,A,W,Q,L,A,Q,G,A,T,I,L,G,L,F,R,V,S,T,R,V,P,A,G
Theropithecus_gelada,R,A,C,R,L,L,P,W,A,L,V,A,L,L,L,L,V,A,A,C,W,A,V,S,G,A,H,A,S,P,G,S,A,A,S,P,R,L,R,E,G,P,E,L,S,P,D,N,P,A,G,G,M,F,A,Q,L,V,A,V,L,L,T,D,G,P,L,S,W,Y,S,D,P,G,L,A,G,V,S,L,A,E,G,L,S,Y,K,E,D,T,K,E,L,V,V,A,K,A,G,V,Y,Y,V,F,L,Q,L,E,L,Q,R,V,V,A,G,E,G,S,G,S,V,S,L,A,L,H,L,Q,P,L,R,S,A,A,G,A,A,A,L,A,L,T,V,D,L,P,S,A,S,S,E,A,R,N,S,A,F,G,F,Q,G,R,L,L,H,L,G,A,G,Q,R,L,G,V,H,L,H,T,E,A,R,A,C,H,A,W,Q,L,T,Q,G,A,T,V,L,G,L,F,R,V,T,P,E,V,P,A,G
Trachypithecus_francoisi,H,A,C,R,L,L,P,W,A,L,V,A,L,L,L,L,V,A,A,C,W,A,V,S,G,A,H,A,S,P,G,S,A,A,S,P,R,L,R,E,G,P,E,L,S,P,D,-,-,-,-,-,-,-,-,-,-,-,-,-,-,-,-,-,-,-,-,-,-,-,-,-,-,-,-,-,-,-,-,-,-,-,-,-,-,-,-,-,-,-,-,-,-,-,-,-,-,-,-,-,-,-,-,-,-,-,-,-,-,-,-,-,-,-,-,-,-,-,-,-,-,-,-,-,-,-,-,-,-,-,-,-,-,-,-,-,-,-,-,-,-,-,-,-,-,-,-,-,-,-,-,-,-,-,-,-,-,-,-,-,-,-,-,-,-,-,-,-,-,-,-,-,-,-,-,-,-,-,-,-,-,-,-,-,-,-,-,-,-,-,-,-,-,-,-,-,-,-,-,-,-,-,-,-,-,-,-
Tupaia_chinensis,-,-,-,-,-,-,-,-,-,-,-,-,-,-,-,-,-,-,-,-,-,-,-,-,-,-,-,-,-,-,-,-,G,P,A,P,R,T,P,E,G,P,K,F,P,P,D,A,L,A,G,G,M,F,A,Q,L,V,A,V,L,L,T,D,G,P,L,R,W,Y,S,D,P,G,L,A,G,V,S,L,A,P,G,L,S,Y,D,D,N,T,Q,E,L,V,V,A,E,P,G,I,Y,Y,V,F,L,Q,L,G,L,Q,R,V,V,A,-,-,-,-,-,-,-,-,-,-,-,-,-,-,-,-,-,-,-,-,-,-,-,-,-,-,-,-,-,-,-,-,-,-,-,-,-,-,-,-,-,-,-,-,-,R,G,R,L,L,H,L,G,A,G,Q,R,L,V,V,H,L,R,A,Q,A,E,A,R,S,C,W,Q,L,A,Q,G,A,T,V,L,G,L,F,R,V,S,A,E,V,P,D,S
Urocitellus_parryii,R,T,C,R,P,Q,P,-,-,-,-,A,L,V,-,-,-,-,-,-,-,-,-,-,-,-,-,-,A,P,S,P,G,T,A,T,A,S,T,E,V,P,Q,L,P,P,-,-,-,-,-,-,-,F,A,K,L,L,T,V,L,L,R,N,E,T,L,S,W,Y,S,Q,P,G,L,K,G,V,Y,L,S,P,G,L,N,Y,S,E,D,T,R,E,L,V,M,A,E,D,G,A,Y,Y,V,F,L,Q,L,E,L,Q,R,-,-,-,-,-,-,-,G,E,V,S,L,T,L,L,L,Q,P,P,P,-,-,V,G,A,A,A,L,A,L,T,V,H,L,-,P,C,S,S,E,S,R,N,S,A,G,G,F,R,G,G,L,L,H,L,S,A,G,Q,R,L,S,V,H,L,H,G,Q,A,K,A,Q,D,A,W,Q,L,A,Q,G,G,T,A,L,G,L,F,R,M,T,T,K,V,P,D,G
Ursus_americanus,S,A,C,S,P,L,P,W,A,L,S,A,L,L,L,L,T,G,V,C,W,D,A,P,R,A,P,A,A,P,G,P,R,-,-,-,-,L,P,G,L,P,E,D,L,P,D,A,G,A,R,G,V,F,A,Q,L,V,A,V,Q,L,T,E,G,P,L,R,W,Y,S,D,P,G,L,A,G,V,F,L,G,P,G,L,S,Y,D,Q,H,S,R,E,L,T,V,A,E,P,G,V,Y,Y,V,F,L,H,L,K,L,Q,R,V,V,P,S,K,G,S,G,S,I,S,A,A,L,H,L,Q,P,L,G,-,-,V,G,A,E,A,L,A,L,T,L,D,L,P,P,P,S,S,E,A,R,D,S,A,A,G,F,R,G,S,L,L,H,L,R,A,G,Q,R,L,G,V,H,L,R,A,E,A,G,V,H,L,T,W,Q,L,A,Q,G,A,T,I,L,G,L,F,R,V,A,T,K,V,P,T,G
Ursus_maritimus,S,A,C,S,P,L,P,W,A,L,S,A,L,L,L,L,T,G,V,C,W,D,A,P,R,A,P,A,A,P,G,P,R,-,-,-,-,L,P,G,L,P,E,D,L,P,D,A,G,A,R,G,V,F,A,Q,L,V,A,V,Q,L,T,E,G,P,L,R,W,Y,S,D,P,G,L,A,G,V,F,L,G,P,G,L,S,Y,D,Q,H,S,R,E,L,T,V,A,E,P,G,V,Y,Y,V,F,L,H,L,K,L,Q,R,V,V,P,S,K,G,S,G,S,I,S,A,A,L,H,L,Q,P,L,G,-,-,V,G,A,E,A,L,A,L,T,L,D,L,P,P,P,S,S,E,A,R,D,S,A,A,G,F,R,G,S,L,L,H,L,R,A,G,Q,R,L,G,V,H,L,R,A,E,A,G,V,H,L,T,W,Q,L,A,Q,G,A,T,I,L,G,L,F,R,V,A,T,K,V,P,T,G
Vicugna_pacos,-,-,-,-,-,-,-,-,-,-,-,-,-,-,-,-,-,-,-,-,-,-,-,-,-,-,-,-,-,-,-,-,-,-,-,-,-,-,-,-,-,-,-,M,A,P,D,A,R,A,R,G,A,F,A,Q,L,V,A,V,Q,L,T,E,G,P,L,R,W,Y,S,D,P,S,L,T,G,V,T,L,A,P,G,M,S,Y,D,K,Q,T,H,E,L,V,V,A,E,A,G,V,Y,Y,V,F,L,N,L,G,L,K,R,V,V,A,-,-,-,S,G,S,V,S,V,A,L,H,L,Q,S,L,H,-,-,A,R,A,A,S,P,A,L,T,L,D,L,P,L,P,S,L,G,-,-,N,S,V,S,G,F,R,G,G,L,L,H,V,G,A,G,Q,R,L,G,V,H,L,-,-,-,-,-,-,-,-,-,W,Q,L,S,Q,-,A,T,V,L,G,L,F,R,V,A,T,E,V,P,A,G
Artibeus_jamaicensis,R,V,C,V,P,L,P,W,A,L,S,V,L,V,L,F,A,A,A,G,W,V,V,P,-,-,-,-,-,-,-,P,S,P,A,P,R,L,P,E,V,-,-,-,-,P,D,A,R,A,R,G,L,F,A,Q,L,V,A,V,L,L,T,D,G,L,L,N,W,Y,S,D,P,G,L,K,G,V,F,L,A,P,G,L,S,Y,D,G,H,T,Q,E,L,V,V,A,E,A,G,I,Y,Y,V,F,L,H,L,E,L,Q,R,V,L,A,S,A,G,S,G,S,V,S,I,A,L,H,L,Q,S,L,G,G,G,A,G,A,A,A,L,A,L,T,L,D,L,P,S,P,S,S,E,A,R,D,S,A,A,G,F,R,G,G,L,L,H,L,S,A,G,Q,R,L,G,V,Y,L,K,A,A,A,G,V,Q,P,A,W,Q,L,A,Q,G,A,T,V,F,G,L,Y,C,V,S,T,K,V,P,T,G
Desmodus_rotundus,-,-,-,-,-,-,-,-,-,-,-,-,-,-,-,-,-,-,-,-,-,-,-,-,-,-,-,-,-,-,-,-,-,-,-,-,-,-,-,-,-,-,-,-,-,-,-,-,-,-,-,-,-,-,-,-,-,-,-,-,-,-,-,-,-,-,-,-,-,-,-,-,-,-,-,-,-,-,-,-,-,-,-,-,-,-,-,-,-,-,-,-,-,-,-,-,-,-,-,-,-,-,-,-,-,-,-,-,-,-,-,-,-,-,-,-,-,-,-,-,-,-,-,-,-,-,-,-,-,-,-,-,-,-,-,-,-,-,-,-,-,-,-,-,-,-,-,-,-,-,-,-,-,-,-,-,-,-,-,-,-,-,-,-,-,-,-,-,-,-,-,-,-,-,-,-,-,-,-,-,-,-,-,-,-,-,-,-,-,-,-,-,-,-,-,-,-,-,-,-,-,-,-,-,-,-,-
Eptesicus_fuscus,-,-,-,-,-,-,-,-,-,-,-,-,-,-,-,-,-,-,-,-,-,-,-,-,-,-,-,-,-,-,-,-,-,-,-,-,-,-,-,-,-,-,-,L,P,P,D,A,R,A,R,G,V,F,A,Q,L,V,A,V,L,L,T,K,G,L,L,H,W,Y,S,D,P,G,L,K,G,V,F,L,T,P,G,L,S,Y,D,E,H,T,Q,E,L,V,V,S,E,A,G,I,Y,Y,V,F,L,H,L,E,L,Q,R,V,V,A,G,S,G,S,G,S,V,S,I,A,L,H,L,Q,P,L,G,-,-,T,E,A,A,A,L,A,L,T,L,D,L,P,S,S,S,S,E,A,R,H,S,A,A,G,F,R,G,G,L,L,H,L,R,A,G,Q,R,L,G,V,H,L,S,A,E,A,G,V,H,P,T,W,Q,L,A,Q,G,A,T,V,L,G,L,Y,R,V,A,T,K,V,P,A,G
Hipposideros_armiger,H,S,C,H,T,L,P,W,A,L,S,A,L,L,L,L,A,S,A,C,W,G,V,P,G,S,P,A,S,P,G,P,S,P,A,P,R,L,P,K,V,P,E,L,P,P,D,A,R,S,G,G,L,F,A,Q,L,V,A,A,L,L,T,E,G,L,L,H,W,Y,S,D,P,G,M,K,D,V,F,L,A,P,G,V,S,Y,D,E,R,T,R,E,L,V,V,D,E,A,G,I,Y,F,V,F,F,H,L,K,L,Q,H,V,V,A,S,P,G,S,G,W,V,S,I,A,L,H,L,Q,P,L,G,-,-,A,G,P,E,T,L,A,L,T,L,D,L,P,P,L,S,S,E,A,R,D,S,V,A,G,F,R,G,G,L,M,H,L,G,A,G,Q,R,L,G,V,H,L,S,A,A,A,G,A,H,L,T,W,Q,L,A,H,G,A,T,V,L,G,L,Y,R,V,A,T,K,V,P,T,G
Miniopterus_natalensis,-,-,-,-,-,-,-,-,-,-,-,-,-,-,-,-,-,-,-,-,-,-,-,-,-,-,-,-,-,-,-,-,-,-,-,-,-,-,-,-,-,-,-,-,-,-,-,-,-,-,-,G,V,F,A,Q,L,V,A,V,L,L,E,G,G,L,L,H,W,Y,S,D,P,G,F,R,G,V,F,L,A,P,G,L,S,Y,D,E,H,T,Q,E,L,V,V,S,E,A,G,I,Y,Y,V,F,L,H,V,K,L,Q,R,V,V,A,R,A,G,S,G,S,V,S,I,A,L,H,L,Q,P,L,G,-,-,T,G,T,A,A,L,A,L,T,L,D,L,P,S,P,T,S,E,T,P,D,S,A,S,G,F,R,G,G,L,L,H,L,G,A,G,Q,R,L,G,V,Y,L,S,A,A,D,G,V,H,P,A,W,Q,L,A,Q,G,A,T,V,L,G,L,Y,Q,V,A,T,K,V,P,A,G
Molossus_molossus,H,A,C,R,Q,L,P,W,V,L,-,-,-,-,-,-,-,-,-,-,-,-,-,-,-,-,-,-,-,-,-,P,S,P,A,P,R,L,P,E,V,P,E,L,L,P,D,A,W,A,R,G,T,Y,A,Q,L,V,A,A,L,L,T,E,G,L,L,H,W,Y,S,D,P,G,L,K,D,V,F,L,A,P,G,L,T,Y,D,E,H,T,Q,E,L,V,V,S,E,A,G,I,Y,Y,V,Y,L,N,V,K,L,Q,R,V,V,A,R,S,G,S,G,S,V,S,I,A,L,H,L,Q,P,L,G,-,-,T,G,A,A,A,L,A,L,T,L,D,L,P,S,P,S,S,E,A,R,D,S,A,A,G,Y,K,G,G,L,L,H,L,G,A,G,Q,R,L,G,V,H,L,R,A,M,A,E,V,R,P,A,W,Q,L,V,Q,G,A,T,I,L,G,L,Y,R,V,S,S,K,V,P,A,G
Myotis_brandtii,-,-,-,-,-,-,-,-,-,-,-,-,-,-,-,-,-,-,-,-,-,-,-,-,-,-,-,-,-,-,-,-,-,-,-,-,-,-,-,-,-,-,-,-,-,-,-,-,-,-,-,G,V,F,A,Q,L,V,A,A,L,L,T,E,G,L,L,H,W,Y,S,D,P,G,L,K,G,V,F,L,T,P,G,L,S,Y,D,E,H,T,Q,E,L,V,V,S,E,A,G,I,Y,Y,V,F,L,H,L,E,L,Q,R,V,V,A,G,A,G,S,G,S,V,S,I,A,L,H,L,Q,P,L,G,-,-,R,G,V,A,A,L,A,L,T,L,D,L,P,S,P,S,S,E,A,R,D,S,A,A,G,F,R,G,G,L,L,H,L,R,T,G,Q,R,L,G,V,H,L,R,A,A,A,G,V,H,P,A,W,Q,L,A,Q,G,A,T,V,L,G,L,Y,R,V,A,T,K,V,P,A,G
Myotis_davidii,-,-,-,-,-,-,-,-,-,-,-,-,-,-,-,-,-,-,-,-,-,-,-,-,-,-,-,-,-,-,-,-,-,-,-,-,-,-,-,-,-,-,-,-,-,-,-,-,-,-,-,-,-,-,-,-,-,-,-,-,-,-,-,-,-,-,-,-,-,-,-,-,-,-,-,-,-,-,-,-,-,-,-,-,-,-,-,-,-,-,-,-,-,-,-,-,-,-,-,-,-,-,-,-,-,-,-,-,-,-,-,-,-,-,-,-,-,-,-,-,-,-,-,-,-,-,-,-,-,-,-,-,-,-,-,-,-,-,-,-,-,-,-,-,-,-,-,-,-,-,-,-,-,-,-,-,-,-,-,-,-,-,-,-,-,-,-,-,-,-,-,-,-,-,-,-,-,-,-,-,-,-,-,-,-,-,-,-,-,-,-,-,-,-,-,-,-,-,-,-,-,-,-,-,-,-,-
Myotis_lucifugus,P,A,C,R,R,L,P,W,A,L,S,A,L,L,L,L,A,A,A,C,-,-,-,-,-,-,-,-,-,-,-,-,-,-,-,-,-,-,-,-,-,-,-,-,-,-,-,-,-,V,R,G,V,F,A,Q,L,V,A,A,L,L,T,K,G,L,L,H,W,Y,S,D,P,G,L,K,G,V,F,L,T,P,G,L,S,Y,D,E,H,T,Q,E,L,V,V,S,E,A,G,I,Y,Y,V,F,L,H,L,E,L,Q,R,V,L,A,G,A,G,S,G,S,V,S,I,A,L,H,L,Q,P,L,G,-,-,R,G,G,A,A,L,A,L,T,L,D,L,P,S,P,S,S,E,A,R,D,S,A,A,G,F,-,-,-,-,-,-,L,R,A,G,Q,R,L,G,V,N,L,R,A,A,A,G,V,H,P,A,W,Q,L,A,Q,G,-,-,-,-,-,-,-,-,-,-,-,-,-,-,-,-
Myotis_myotis,P,A,C,R,R,L,P,W,A,L,S,A,L,L,L,L,A,A,A,C,W,E,L,P,R,-,-,-,-,-,-,-,-,-,-,-,-,-,-,-,-,-,-,-,-,-,-,-,-,-,-,G,V,F,A,Q,L,V,A,A,L,L,T,E,G,L,L,H,W,Y,S,D,P,G,L,K,G,V,F,L,A,P,G,L,S,Y,D,E,H,T,Q,E,L,V,V,S,E,A,G,I,Y,Y,V,F,L,H,L,E,L,Q,R,V,V,A,R,A,G,S,G,S,V,S,I,A,L,H,L,Q,P,P,G,-,-,R,G,A,A,A,M,A,L,T,L,D,L,P,S,P,S,S,E,A,G,D,S,A,A,G,F,R,G,G,L,L,H,L,R,A,G,Q,R,L,G,V,H,L,R,A,A,A,G,V,H,P,A,W,Q,L,A,Q,G,A,T,V,L,G,L,Y,R,V,A,T,K,V,P,A,G
Phyllostomus_discolor,H,G,C,V,P,L,P,W,A,L,S,I,L,V,L,F,A,A,A,G,W,V,V,P,R,G,S,A,S,P,G,P,S,P,A,P,R,L,P,E,V,P,E,F,L,P,D,A,R,A,R,G,V,F,A,Q,L,V,A,A,L,L,T,D,G,L,L,H,W,Y,S,G,P,G,L,K,G,V,F,L,A,P,G,L,S,Y,D,E,H,T,Q,E,L,V,V,A,E,A,G,I,Y,Y,V,F,L,H,L,E,L,Q,R,V,V,A,S,A,G,S,G,S,V,S,V,A,L,H,L,Q,P,L,G,-,-,-,G,A,A,A,L,A,L,T,L,D,L,P,S,P,S,S,E,A,R,D,S,A,A,G,F,R,G,G,L,L,H,L,S,A,G,Q,R,L,G,V,Y,L,K,A,A,A,G,V,H,P,A,W,Q,L,A,Q,G,A,T,V,L,G,L,Y,R,V,S,T,K,V,P,A,G
Phyllostomus_hastatus,H,G,C,V,P,L,P,W,A,L,S,V,L,V,L,F,A,A,A,G,W,V,V,P,R,G,S,A,S,P,G,P,S,P,A,P,R,L,P,E,V,P,E,F,L,P,D,A,R,A,R,G,V,F,A,Q,L,V,A,A,L,L,T,D,G,L,L,H,W,Y,S,D,P,G,L,K,G,V,F,L,A,P,G,L,S,Y,D,E,H,T,Q,E,L,V,V,A,E,A,G,I,Y,Y,V,F,L,H,L,E,L,Q,R,V,V,A,S,A,G,S,G,S,I,S,V,A,L,H,L,Q,P,L,G,-,-,-,G,A,A,A,L,A,L,T,L,D,L,P,S,P,S,S,E,A,R,D,S,A,A,G,F,R,G,G,L,L,H,L,S,A,G,Q,R,L,G,V,Y,L,K,A,A,A,G,V,H,P,A,W,Q,L,A,Q,G,A,T,V,L,G,L,Y,R,V,S,T,K,V,P,A,G
Pipistrellus_kuhlii,P,A,C,R,R,L,P,W,A,L,S,A,L,L,L,L,A,A,A,C,W,-,-,-,-,-,-,-,-,-,-,-,-,-,-,-,-,-,-,-,-,P,E,R,P,P,D,A,R,A,R,G,V,F,A,Q,L,V,A,V,L,L,R,E,G,L,L,D,W,H,S,D,P,G,L,K,G,V,F,L,A,P,G,L,S,Y,D,E,H,T,Q,E,L,V,V,S,E,A,G,I,Y,Y,V,F,L,H,L,E,L,R,R,V,V,S,G,S,A,S,G,S,V,S,I,A,L,H,L,Q,P,L,G,-,-,T,G,A,A,A,L,A,L,T,L,D,L,P,-,-,-,S,E,A,R,D,S,A,A,G,F,R,S,G,L,L,H,L,R,A,G,Q,R,L,G,V,H,L,S,A,V,A,G,V,H,L,T,W,Q,L,A,Q,G,A,T,V,L,G,L,Y,R,V,A,T,K,V,P,A,G
Rhinolophus_ferrumequinum,H,A,C,H,L,L,P,W,V,L,S,A,L,L,L,L,A,S,V,C,W,A,L,T,Q,W,P,A,S,P,G,P,S,L,A,P,R,L,P,E,V,-,-,-,-,P,D,A,R,A,G,G,V,F,A,Q,L,V,A,A,L,L,T,E,G,L,L,H,W,Y,S,N,P,G,L,K,G,V,F,L,A,P,G,V,S,Y,D,E,R,T,R,E,L,V,V,D,E,A,G,I,Y,Y,V,F,L,H,L,E,L,R,R,V,V,A,S,A,G,S,G,W,V,S,I,A,L,H,L,Q,P,L,G,-,-,A,G,A,E,A,L,A,L,T,L,N,L,P,P,L,S,S,E,A,R,D,S,V,A,G,F,R,G,G,L,M,H,L,G,A,G,Q,R,L,G,V,R,L,S,A,E,A,A,A,R,L,A,W,Q,L,A,Q,G,A,T,V,L,G,L,Y,R,V,A,T,K,V,P,A,A
Sorex_araneus,-,-,-,-,-,-,-,-,-,-,-,-,-,-,-,-,-,-,-,-,-,-,-,-,-,-,-,-,-,-,-,-,-,-,-,-,-,-,-,-,-,-,-,-,-,-,-,-,-,-,-,-,-,-,-,-,-,-,-,-,-,-,-,-,-,-,-,-,-,-,-,-,-,-,-,-,-,-,-,-,-,-,-,-,-,-,-,-,-,-,-,-,-,-,-,-,-,-,-,-,-,-,-,-,-,-,-,-,-,-,-,-,-,-,-,-,-,-,-,-,-,-,-,-,-,-,-,-,-,-,-,-,-,-,-,-,-,-,-,-,-,-,-,-,-,-,-,-,-,-,-,-,-,-,-,-,-,-,-,-,-,-,-,-,-,-,-,-,-,-,-,-,-,-,-,-,-,-,-,-,-,-,-,-,-,-,-,-,-,-,-,-,-,-,-,-,-,-,-,-,-,-,-,-,-,-,-
Sturnira_hondurensis,R,V,C,V,P,L,P,W,A,L,S,I,L,V,L,F,A,A,A,G,W,V,V,P,Q,G,S,A,S,L,R,P,S,P,A,P,R,L,P,E,V,L,E,V,L,P,D,A,R,A,R,G,L,F,A,Q,L,V,A,V,L,L,M,D,G,L,L,N,W,Y,S,D,P,G,L,K,G,V,F,L,A,P,G,L,S,Y,D,E,H,T,Q,E,L,V,V,A,E,S,G,I,Y,Y,V,F,L,H,L,E,L,Q,R,V,L,A,S,A,G,S,G,S,V,S,I,A,L,H,L,Q,P,L,G,S,V,A,G,A,A,A,L,A,L,T,L,D,L,P,S,P,S,S,E,A,R,D,S,A,A,G,F,R,G,G,L,L,H,L,S,A,G,Q,R,L,G,V,Y,L,K,A,A,A,G,V,Q,P,A,W,Q,L,A,Q,G,A,T,V,L,G,L,Y,C,V,S,T,K,V,P,T,G
Pteropus_alecto,-,-,-,-,-,-,-,-,-,-,-,-,-,-,-,-,-,-,-,-,-,-,-,-,-,-,-,-,-,-,-,-,-,-,-,-,-,-,-,-,-,-,-,-,-,-,-,-,-,-,-,-,-,-,-,-,-,-,-,-,-,-,-,-,-,-,-,-,-,-,-,-,-,-,-,-,-,-,-,-,-,-,-,-,-,-,-,-,-,-,-,-,-,-,-,-,-,-,-,-,-,-,-,-,-,-,-,-,-,-,-,-,-,-,-,-,-,-,-,-,-,-,-,-,-,-,-,-,-,-,-,-,-,-,-,-,-,-,-,-,-,-,-,-,-,-,-,-,-,-,-,-,-,-,-,-,-,-,-,-,-,-,-,-,-,-,-,-,-,-,-,-,-,-,-,-,-,-,-,-,-,-,-,-,-,-,-,-,-,-,-,-,-,-,-,-,-,-,-,-,-,-,-,-,-,-,-
Pteropus_giganteus,-,-,-,-,-,-,-,W,A,L,S,A,L,L,L,L,A,A,A,C,W,W,V,P,A,R,P,A,S,P,G,P,S,P,A,P,R,L,P,E,V,P,E,L,P,P,N,A,R,A,R,G,V,F,A,Q,L,V,A,A,L,L,R,E,G,L,L,H,W,Y,S,A,A,G,L,K,G,V,Y,L,A,P,G,L,S,Y,D,E,Q,T,R,E,L,V,V,A,E,A,G,L,Y,S,V,F,L,Y,V,E,L,H,R,V,V,N,G,A,D,S,G,W,V,S,T,A,L,H,L,Q,P,R,G,-,-,E,G,T,A,A,L,A,L,T,L,D,L,P,P,L,S,S,E,A,R,N,S,V,A,G,S,Q,V,G,L,L,H,L,S,A,G,Q,R,L,S,V,H,L,N,A,T,T,E,A,Q,F,A,W,Q,L,A,Q,G,A,T,V,L,-,-,-,-,-,-,-,-,-,-,-,-
Pteropus_vampyrus,-,-,-,-,-,-,-,W,A,L,S,A,L,L,L,L,A,A,A,C,W,W,V,P,A,R,S,A,S,P,G,P,S,P,A,P,R,L,P,E,V,P,E,L,P,P,N,A,R,A,R,G,V,F,A,Q,L,V,A,A,L,L,T,E,G,L,L,H,W,Y,S,A,E,G,L,K,G,V,Y,L,A,P,G,L,S,Y,D,E,Q,T,R,E,L,V,V,A,E,A,G,L,Y,S,V,F,L,Y,V,E,L,H,R,V,V,N,R,A,D,S,G,W,V,S,T,A,L,H,L,Q,P,R,G,-,-,E,G,T,A,A,L,A,L,T,L,D,L,P,P,L,S,S,E,A,R,N,S,V,A,G,S,Q,V,G,L,L,H,L,S,A,G,Q,R,L,S,V,H,L,N,A,T,T,G,A,Q,F,A,W,Q,L,A,Q,G,A,T,V,L,-,-,-,-,-,-,-,-,-,-,-,-
Rousettus_aegyptiacus,R,T,C,R,L,Q,T,W,A,L,S,A,L,L,L,L,A,A,A,C,C,W,V,P,A,G,R,A,S,P,G,A,S,P,A,P,R,L,P,D,D,P,E,L,L,P,N,D,R,G,D,G,A,F,A,Q,L,V,A,A,Q,L,S,E,G,R,L,H,W,Y,S,E,A,G,L,K,G,V,Y,L,A,P,G,L,S,Y,D,E,Q,T,Q,E,L,V,V,A,K,A,G,T,Y,Y,V,L,F,S,V,E,L,H,R,V,V,N,R,A,G,S,D,W,V,S,T,A,L,H,L,Q,P,P,R,-,-,E,G,T,A,A,L,A,L,T,L,D,L,P,P,L,S,S,E,A,C,N,S,V,T,G,S,W,G,G,Q,L,H,L,G,A,G,Q,R,L,S,V,H,L,N,A,T,T,G,A,Q,F,A,W,Q,L,A,Q,G,A,T,V,L,C,L,-,-,-,-,-,-,-,-,-,-
Ailuropoda_melanoleuca,-,-,-,-,-,-,-,-,-,-,-,-,-,-,-,-,-,-,-,-,-,-,-,-,-,-,-,-,-,-,-,-,-,-,-,-,-,-,-,-,-,-,-,-,-,-,-,-,-,-,-,-,-,-,-,-,-,-,-,-,-,-,-,-,-,-,-,-,-,-,-,-,-,-,-,-,-,-,-,-,-,-,-,-,-,-,-,-,-,-,-,-,-,-,-,-,-,-,-,-,-,-,-,-,-,-,-,-,-,-,-,-,-,-,-,-,-,-,-,-,-,-,-,-,-,-,-,-,-,-,-,-,-,-,-,-,-,-,-,-,-,-,-,-,-,-,-,-,-,-,-,-,-,-,-,-,-,-,-,-,-,-,-,-,-,-,-,-,-,-,-,-,-,-,-,-,-,-,-,-,-,-,-,-,-,-,-,-,-,-,-,-,-,-,-,-,-,-,-,-,-,-,-,-,-,-,-
Antechinus_flavipes,R,T,C,R,V,L,D,W,F,F,V,T,L,I,L,L,S,G,A,-,-,-,-,-,-,-,-,-,-,-,-,-,-,-,-,-,-,-,-,-,-,-,-,-,-,-,-,-,-,-,-,-,-,-,A,Q,L,V,M,A,L,V,Q,N,Q,T,L,S,W,H,S,D,P,H,L,S,G,V,S,L,D,P,R,M,N,Y,D,A,D,K,G,E,L,E,V,K,V,A,G,L,Y,F,I,Y,T,H,L,K,L,Q,Q,V,V,-,-,-,-,-,-,-,-,-,-,-,-,-,-,-,-,-,-,-,-,-,-,-,-,-,L,N,L,S,L,D,V,G,P,-,-,-,-,-,-,-,-,-,-,-,-,-,S,S,L,I,F,L,H,P,G,E,R,L,-,-,-,-,-,-,-,-,-,-,-,-,-,W,Q,L,V,S,G,A,N,T,F,G,L,F,W,V,-,-,-,-,-,-,-
Aotus_nancymaae,R,S,C,R,P,L,P,W,V,L,A,S,L,L,L,L,A,A,A,C,W,A,V,S,G,A,H,D,S,P,S,S,V,P,S,P,R,L,C,D,S,P,E,L,S,P,G,D,P,A,G,G,M,F,A,Q,L,V,A,V,L,L,T,D,G,P,L,S,W,Y,S,D,P,G,L,A,G,V,S,L,A,Q,G,L,S,Y,E,E,D,T,K,E,L,V,V,G,T,A,G,V,Y,Y,V,F,L,Q,L,E,L,H,R,V,V,A,G,Q,G,S,G,S,V,S,L,A,L,H,L,Q,P,-,-,-,-,-,G,A,T,A,L,A,L,T,V,D,L,P,P,T,S,S,E,A,R,N,S,A,F,G,F,R,S,C,L,L,H,L,G,A,G,Q,R,L,G,V,H,L,H,T,D,A,G,T,H,H,A,W,Q,L,T,Q,G,A,T,V,L,G,L,F,R,V,T,P,E,V,P,A,G
Apodemus_sylvaticus,-,-,-,-,-,-,-,-,-,-,-,-,-,-,-,-,-,-,-,-,-,-,-,-,-,-,-,-,-,-,-,-,-,-,-,-,-,-,-,-,-,-,-,-,-,-,-,-,-,-,-,-,V,F,A,K,L,L,A,A,S,L,S,N,R,T,L,T,W,H,S,E,D,G,A,G,S,S,Y,L,S,P,G,V,R,Y,E,E,D,R,K,E,L,V,V,D,N,P,G,L,Y,Y,V,F,L,E,L,K,L,-,-,-,-,-,-,-,-,-,-,-,-,-,-,-,-,-,-,-,-,-,-,-,-,-,-,-,-,-,L,A,L,T,V,E,L,F,P,C,S,M,E,-,-,-,-,-,-,-,-,-,-,-,L,L,F,L,K,A,G,H,R,L,R,V,D,L,R,A,-,-,-,-,-,-,-,-,-,-,-,-,-,-,T,S,F,G,L,F,L,V,-,-,-,-,-,-,-
Arvicola_amphibius,S,C,C,Q,L,L,Y,W,-,-,-,-,-,-,-,-,-,-,-,-,-,-,-,-,-,-,-,-,-,-,-,-,-,-,-,-,-,-,-,-,-,-,-,-,-,-,-,-,-,-,-,-,L,G,A,L,L,-,-,L,L,L,S,N,R,T,L,R,W,H,S,Q,H,G,A,G,S,A,Y,L,S,Q,G,L,R,Y,N,D,D,K,N,E,L,V,V,D,Q,A,G,L,Y,Y,V,S,L,Q,L,K,L,-,-,-,-,-,-,-,-,-,G,Q,V,S,L,V,L,Q,L,N,P,-,-,-,-,-,-,-,-,-,-,-,L,T,V,D,L,F,P,C,S,M,E,A,-,N,L,V,E,G,S,R,S,D,L,I,H,L,K,A,G,H,R,L,S,V,E,L,R,A,-,-,-,-,-,-,-,W,Q,L,S,Q,T,T,T,S,F,V,L,F,L,V,-,-,-,-,-,-,-
Callorhinus_ursinus,S,A,C,R,P,L,P,W,A,L,S,A,L,L,L,L,A,G,T,G,W,A,A,P,R,A,P,A,V,P,S,P,G,-,-,-,-,-,-,-,-,P,E,L,L,P,D,A,R,A,R,G,V,F,A,Q,L,V,A,V,R,L,T,E,G,P,L,H,W,Y,S,D,P,G,L,A,G,V,F,L,G,P,G,L,S,Y,D,K,H,T,G,E,L,M,V,A,E,P,G,V,Y,Y,V,F,L,H,L,K,L,Q,R,V,V,S,H,E,G,S,G,S,V,S,A,A,L,H,L,R,P,L,G,-,-,A,A,A,A,A,P,A,L,T,L,D,L,P,P,P,S,S,E,A,R,D,S,A,A,G,F,Q,G,S,L,L,H,L,G,A,G,Q,R,L,G,V,H,L,R,A,E,A,G,V,H,L,A,W,Q,L,A,Q,G,A,T,I,L,G,L,F,R,V,A,T,K,V,P,T,G
Canis_lupus_dingo,-,-,-,-,-,-,-,-,-,-,-,-,-,-,-,-,-,-,-,-,-,-,-,-,-,-,-,-,-,-,-,-,-,-,-,-,-,-,-,-,-,-,-,-,-,-,-,-,-,-,-,-,-,-,-,-,-,-,-,-,-,-,-,-,-,-,-,-,-,-,-,-,-,-,-,-,-,-,-,-,-,-,-,-,-,-,-,-,-,-,-,-,-,M,V,V,E,P,G,L,Y,Y,V,F,L,H,L,K,L,Q,R,V,M,S,S,T,G,S,G,S,V,S,A,A,L,H,L,Q,P,L,G,-,-,T,E,A,A,A,L,D,L,T,L,D,L,P,P,P,S,S,E,A,R,D,S,A,A,G,F,Q,G,S,L,L,H,L,D,A,G,Q,R,L,R,V,H,L,R,A,E,A,G,A,H,P,A,W,Q,L,A,Q,G,A,T,I,L,G,L,F,R,V,A,T,K,V,P,T,G
Carlito_syrichta,-,-,-,-,-,-,-,-,-,-,-,-,-,-,-,-,-,-,-,-,-,-,-,-,-,-,-,-,-,-,-,-,-,-,-,-,-,-,-,-,-,-,-,-,-,-,-,-,-,-,-,-,-,-,-,-,-,-,-,-,-,-,-,-,-,-,-,-,-,-,-,-,-,-,-,-,-,-,-,-,-,-,-,-,-,-,-,-,-,-,-,-,-,-,-,-,-,-,-,-,-,-,-,-,-,-,-,-,-,-,-,-,-,-,-,-,-,-,-,-,-,-,-,-,-,-,-,-,-,-,-,-,-,-,-,-,-,-,-,-,-,-,-,-,-,-,-,-,-,-,-,-,-,-,-,-,-,-,-,-,-,-,-,-,-,-,-,-,-,-,-,-,-,-,-,-,-,-,-,-,-,-,-,-,-,-,-,-,-,-,-,-,-,-,-,-,-,-,-,-,-,-,-,-,-,-,-
Castor_canadensis,R,A,C,R,P,L,L,W,T,L,C,A,L,L,L,L,T,A,T,C,-,-,-,-,-,-,-,-,-,-,-,-,-,-,-,-,-,-,-,-,-,-,-,-,-,-,-,-,-,-,-,-,V,F,A,K,L,L,A,V,T,L,E,N,G,I,L,S,W,Y,S,Q,P,G,L,A,G,V,F,L,S,P,G,L,S,Y,N,E,H,Q,R,E,L,V,I,A,K,T,G,T,Y,F,V,F,L,R,L,K,L,-,-,-,-,-,-,-,-,-,-,-,-,-,-,A,L,Q,L,Q,P,P,Q,-,-,A,G,A,K,D,L,T,L,T,V,K,L,-,-,-,-,-,-,-,-,-,-,-,-,-,-,-,G,R,L,L,H,L,D,A,G,Q,R,L,S,A,R,L,-,-,-,-,-,-,-,-,-,W,Q,L,A,Q,H,A,T,-,-,-,-,-,-,-,-,-,-,-,-,-,-
Cavia_porcellus,-,-,-,-,-,-,-,-,-,-,-,-,-,-,-,-,-,-,-,-,-,-,-,-,-,-,-,-,-,-,-,-,-,-,-,-,-,-,-,-,-,-,-,-,-,-,-,-,-,-,-,-,-,-,A,R,L,L,A,A,I,L,K,N,G,T,L,S,W,H,S,E,H,G,M,A,G,V,H,L,S,P,G,V,T,Y,D,E,P,R,R,E,L,V,V,A,K,A,G,F,Y,K,V,C,L,H,L,Q,L,T,H,V,L,P,A,A,I,S,G,K,V,S,M,A,L,H,L,E,P,P,Q,-,-,-,-,-,-,-,-,-,-,-,-,D,L,T,P,Q,S,S,V,-,-,-,-,-,-,-,-,-,-,-,-,-,-,-,-,-,-,-,-,-,-,-,-,-,-,-,-,A,Q,A,S,Q,V,W,Q,L,A,Q,S,A,T,K,L,E,L,F,R,V,A,A,E,V,P,D,-
Cervus_elaphus_hippelaphus,-,-,-,-,-,-,-,-,-,-,-,-,-,-,-,-,-,-,-,-,-,-,-,-,-,-,-,-,-,-,-,-,-,-,-,-,-,-,-,-,-,-,-,-,-,-,-,-,-,-,-,-,-,-,-,-,-,-,-,-,-,-,-,-,-,-,-,-,-,-,-,-,-,-,-,-,-,-,-,-,-,-,-,-,-,-,-,-,-,-,-,-,-,-,-,-,-,-,-,-,-,-,-,-,-,-,-,-,-,-,-,-,-,-,-,-,-,-,-,-,-,-,-,-,-,-,-,-,-,-,-,-,-,-,-,-,-,-,-,-,-,-,-,-,-,-,-,-,-,-,-,-,-,-,-,-,-,-,-,-,-,-,-,-,-,-,-,-,-,-,-,-,-,-,-,-,-,-,-,-,-,-,-,-,-,-,-,-,-,-,-,-,-,-,-,-,-,-,-,-,-,-,-,-,-,-,-
Chinchilla_lanigera,-,-,-,-,-,-,-,-,-,-,-,-,-,-,-,-,-,-,-,-,-,-,-,-,-,-,-,-,-,-,-,-,-,-,-,-,-,-,-,-,-,-,-,-,-,-,-,-,-,-,-,-,-,-,-,-,-,-,-,-,M,L,Q,N,G,T,L,S,W,Y,S,Q,Q,G,I,A,G,V,H,L,L,P,G,L,T,Y,D,E,H,R,Q,E,L,V,V,A,K,A,G,S,Y,I,V,C,L,R,L,A,L,S,R,V,-,-,-,-,-,S,G,R,V,S,L,A,L,R,L,Q,P,P,Q,-,-,A,G,A,T,A,Q,A,L,A,V,E,L,-,-,-,-,-,-,-,-,-,-,-,-,-,-,-,-,-,-,-,-,-,-,-,-,-,-,-,-,-,-,-,-,-,-,-,-,T,H,Q,A,W,Q,L,D,H,P,A,T,E,L,E,L,F,R,V,A,A,E,V,P,D,-
Choloepus_didactylus,R,A,C,R,P,L,D,W,A,L,G,A,L,L,L,L,A,G,A,C,W,A,A,P,G,A,-,-,-,-,-,-,-,-,-,-,-,-,-,-,-,-,-,-,-,-,-,-,-,-,-,G,G,F,A,Q,L,V,A,V,L,L,K,D,G,P,L,H,W,Y,S,D,S,G,L,A,G,V,S,L,A,P,G,L,R,Y,D,K,G,T,Q,E,L,V,V,A,A,A,G,V,Y,Y,V,F,L,R,L,E,L,Q,R,V,L,V,G,G,A,S,G,S,V,S,A,A,L,H,L,Q,Q,P,P,-,-,A,G,A,A,A,L,A,V,T,V,A,L,P,-,-,-,-,-,-,-,-,-,-,-,-,-,-,-,-,-,-,-,L,G,T,G,Q,R,L,S,V,H,L,R,A,S,A,A,A,S,S,A,W,Q,L,A,Q,G,A,T,T,L,G,L,F,R,V,A,A,G,D,P,S,G
Cricetulus_griseus,-,-,-,-,-,-,-,-,-,-,-,-,-,-,-,-,-,-,-,-,-,-,-,-,-,-,-,-,-,-,-,-,-,-,-,-,-,-,-,-,-,-,-,-,-,-,-,-,-,-,-,-,V,F,A,I,L,Q,A,V,K,L,E,N,R,I,L,K,W,H,S,Q,E,G,-,-,-,-,-,-,-,-,G,L,R,Y,D,N,V,T,N,E,L,V,V,N,E,S,G,L,Y,Y,V,I,L,Q,L,K,L,R,P,V,-,-,-,-,-,-,G,Q,V,S,L,V,L,Q,L,N,P,-,-,-,-,-,-,-,-,-,L,A,L,T,V,D,L,F,P,C,S,M,E,T,-,N,L,V,E,G,S,W,S,H,L,I,P,L,K,A,D,D,R,L,S,V,N,L,R,A,-,-,-,-,-,-,-,W,E,L,S,Q,T,I,T,S,F,V,L,F,L,V,P,T,D,T,P,Q,E
Dasypus_novemcinctus,-,-,-,-,-,-,-,-,-,-,-,-,-,-,-,-,-,-,-,-,-,-,-,-,-,-,-,-,-,-,-,-,-,-,-,-,-,-,-,-,-,-,-,-,-,-,-,-,-,-,-,-,-,-,-,-,-,-,-,-,-,-,-,-,-,-,-,-,-,-,-,-,-,-,-,-,-,-,-,-,-,-,-,-,-,-,-,-,-,-,-,-,-,-,-,-,-,-,-,-,-,-,-,-,-,-,-,-,-,-,-,-,-,-,-,-,-,-,-,-,-,-,-,-,-,-,-,-,-,-,-,-,-,-,-,-,-,-,-,-,-,-,-,-,-,-,-,-,-,-,-,-,-,-,-,-,-,-,-,-,-,-,-,-,-,-,-,-,-,-,-,-,-,-,-,-,-,-,-,-,-,-,-,-,-,-,-,-,-,-,-,-,-,-,-,-,-,-,-,-,-,-,-,-,-,-,-
Dipodomys_ordii,-,-,-,-,-,-,-,-,-,-,-,-,-,-,-,-,-,-,-,-,-,-,-,-,-,-,-,-,-,-,-,-,-,-,-,-,-,-,-,-,-,-,-,-,-,-,-,-,-,-,-,-,-,-,-,-,-,-,-,-,-,-,-,N,G,T,L,S,W,Y,S,E,Q,G,L,A,G,V,V,L,S,P,D,L,S,Y,D,E,R,S,H,E,L,V,V,A,E,A,G,V,Y,F,V,F,L,R,M,Q,L,-,-,-,-,-,-,-,-,-,G,E,V,S,L,T,L,Q,L,Q,P,P,S,-,-,T,E,A,T,D,L,A,L,T,-,-,-,-,-,-,-,-,-,-,-,-,-,-,-,G,F,W,G,H,L,V,D,L,Q,G,G,Q,R,L,S,V,R,L,S,A,-,A,E,A,H,R,A,W,Q,L,A,P,H,-,A,V,F,G,L,F,R,V,-,-,-,-,-,-,-
Dipodomys_spectabilis,-,-,-,-,-,-,-,-,-,-,-,-,-,-,-,-,-,-,-,-,-,-,-,-,-,-,-,-,-,-,-,-,-,-,-,-,-,-,-,-,-,-,-,-,-,-,-,-,-,-,-,-,-,F,A,K,L,L,A,V,S,L,V,N,G,T,L,S,W,Y,S,E,Q,G,L,A,G,V,I,L,S,P,D,L,S,Y,D,E,R,S,H,E,L,V,V,A,E,A,G,V,Y,F,V,F,L,R,M,Q,L,W,R,V,-,-,-,-,-,-,G,E,V,S,L,T,L,Q,L,Q,P,P,S,-,-,T,E,A,T,D,L,A,L,T,-,-,-,-,-,-,-,-,-,-,-,-,-,-,-,G,F,W,G,H,L,V,D,L,Q,G,G,Q,R,L,S,V,R,L,S,A,-,A,E,A,H,R,A,W,Q,L,A,P,H,-,A,V,F,G,L,F,R,V,-,-,-,-,-,-,-
Dromiciops_gliroides,R,T,C,R,V,L,D,W,V,L,G,T,L,L,L,L,-,-,-,-,-,-,-,-,-,-,-,-,-,-,-,-,-,-,-,-,-,-,-,-,-,-,-,-,-,-,-,-,-,-,-,G,P,Y,A,Q,L,V,M,-,-,-,-,-,-,T,L,N,W,H,S,D,S,R,L,S,G,V,F,L,A,P,Q,M,N,Y,D,V,N,K,R,E,L,E,V,G,V,A,G,L,Y,F,I,Y,A,H,L,K,L,Q,Q,V,V,-,-,-,-,-,-,-,-,-,-,-,-,-,-,-,-,-,-,-,-,-,-,-,-,-,L,T,L,S,L,E,L,G,P,-,-,-,-,-,-,-,-,-,-,-,-,-,Y,S,L,I,F,L,N,P,G,D,R,L,-,-,-,-,-,-,-,-,-,-,-,-,-,-,-,-,-,-,-,A,S,T,F,G,L,F,W,V,A,-,-,-,-,-,-
Elephantulus_edwardii,-,-,-,-,-,-,-,-,-,-,-,-,-,-,-,-,-,-,-,-,-,-,-,-,-,-,-,-,-,-,-,-,-,-,-,-,-,-,-,-,-,-,-,-,-,-,-,-,-,-,-,-,-,-,-,-,-,-,-,-,-,-,-,-,-,-,-,-,-,-,-,-,-,-,-,-,-,-,-,-,-,-,-,-,-,-,-,-,-,-,-,-,-,-,-,-,-,-,-,-,-,-,-,-,-,-,-,-,-,-,-,-,-,-,-,-,-,-,-,-,-,-,-,-,-,-,-,-,-,-,-,-,-,-,-,-,-,-,-,-,-,-,-,-,-,-,-,-,-,-,-,-,-,-,-,-,-,-,-,-,-,-,-,-,-,-,-,-,-,-,-,-,-,-,-,-,-,-,-,-,-,-,-,-,-,-,-,-,-,-,-,-,-,-,-,-,-,-,-,-,-,-,-,-,-,-,-
Equus_caballus,R,A,W,R,S,L,P,W,A,L,S,A,L,L,L,F,A,G,A,C,W,A,L,P,G,A,P,A,G,P,S,P,G,P,A,P,R,L,P,E,V,P,E,L,P,P,D,A,S,A,R,G,V,F,A,Q,L,V,A,V,R,L,T,K,G,L,L,R,W,H,S,D,P,G,L,A,G,V,S,L,A,P,G,L,S,Y,D,E,S,T,Q,E,L,V,V,A,E,A,G,V,Y,Y,V,F,L,H,L,E,L,Q,R,V,V,A,S,A,G,S,G,S,V,S,A,A,L,R,L,K,P,P,R,-,-,T,G,A,A,A,L,A,M,T,L,D,L,P,P,P,S,S,G,A,R,D,S,A,V,G,F,R,G,S,L,L,H,L,G,A,G,Q,R,L,S,V,H,L,P,A,A,A,G,A,P,P,T,W,Q,L,V,Q,G,A,T,F,L,G,L,F,R,V,A,-,-,-,P,A,G
Erinaceus_europaeus,-,-,-,-,-,-,-,-,-,-,-,-,-,-,-,-,-,-,-,-,-,-,-,-,-,-,-,-,-,-,-,-,-,-,-,-,-,-,-,-,-,-,-,-,-,-,-,-,-,-,-,-,-,Y,G,Q,L,V,A,A,Q,L,T,E,G,P,L,S,W,Y,S,L,P,G,L,A,N,V,Y,L,S,P,G,L,S,Y,D,P,Q,T,Q,E,L,V,V,A,E,A,G,T,Y,Y,V,Y,L,Q,L,D,L,R,R,V,L,D,G,Q,S,S,S,S,V,S,S,A,L,H,L,R,P,P,V,-,-,S,G,T,A,G,L,A,L,T,L,D,L,P,P,P,S,F,P,A,K,D,S,V,T,A,F,Q,G,T,L,L,H,L,E,A,G,H,R,L,A,V,H,L,-,-,-,-,-,-,-,-,-,W,Q,L,A,Q,G,A,T,I,W,G,L,F,Q,V,A,S,-,-,-,-,-
Eumetopias_jubatus,S,A,C,R,P,L,P,W,A,L,S,A,L,L,L,L,A,G,T,G,W,A,A,P,R,A,P,A,V,P,S,P,G,-,-,-,-,-,-,-,-,P,E,L,L,P,D,A,R,A,R,G,V,F,A,Q,L,V,A,V,R,L,T,E,G,P,L,H,W,Y,S,D,P,G,L,A,G,V,F,L,G,P,G,L,S,Y,D,K,H,T,G,E,L,M,V,A,E,P,G,V,Y,Y,V,F,L,H,L,K,L,Q,R,V,V,S,H,E,G,S,G,S,V,S,A,A,L,H,L,R,P,L,G,-,-,A,A,A,A,A,P,A,L,T,L,D,L,P,P,P,S,S,E,A,R,D,S,A,A,G,F,Q,G,S,L,L,H,L,G,A,G,Q,R,L,G,V,H,L,R,A,E,A,G,V,H,L,A,W,Q,L,A,Q,G,A,T,I,L,G,L,F,R,V,A,T,K,V,P,T,G
Felis_catus,P,A,C,R,P,L,P,W,A,L,S,V,L,L,L,L,A,G,T,C,W,V,A,P,A,A,S,A,A,P,G,P,S,-,-,-,-,Q,P,R,V,P,E,Q,P,P,D,A,R,A,R,A,V,F,A,Q,L,V,A,V,Q,L,T,E,G,P,L,R,W,Y,S,D,P,G,L,A,G,V,F,L,G,P,G,L,S,Y,D,R,H,S,R,E,L,M,V,A,E,P,G,V,Y,Y,V,F,L,H,L,K,L,Q,R,V,V,S,S,F,G,S,G,S,V,S,V,A,L,H,L,R,P,L,D,-,-,A,G,A,A,A,L,A,L,T,L,D,L,P,P,P,S,S,K,A,P,D,S,A,S,G,F,R,S,S,L,L,H,L,G,A,G,Q,R,L,G,V,H,L,R,A,E,A,E,A,H,L,A,W,Q,L,A,Q,G,A,T,I,L,G,L,F,R,V,A,T,K,V,P,A,G
Fukomys_damarensis,-,-,-,-,-,-,-,-,-,-,-,-,-,-,-,-,-,-,-,-,-,-,-,-,-,-,-,-,-,-,-,-,-,-,-,-,-,-,-,-,-,-,-,-,-,-,-,-,-,-,-,-,-,T,A,R,L,L,A,V,T,L,E,N,G,T,L,S,W,Y,N,H,R,G,L,A,G,A,H,L,S,P,G,L,T,Y,D,E,H,R,Q,E,L,V,V,A,K,A,-,-,-,-,-,-,-,-,-,-,-,-,-,-,-,-,-,-,-,-,G,K,V,S,L,T,L,H,L,E,P,P,Q,-,-,A,G,A,T,A,R,P,L,A,V,D,L,T,P,-,-,-,-,-,-,-,-,-,-,-,-,-,-,-,-,-,-,-,-,-,-,-,-,-,-,-,-,-,-,-,-,-,-,-,H,Q,A,W,Q,L,A,Q,P,A,T,K,L,E,L,F,R,V,-,-,-,-,-,-,-
Galeopterus_variegatus,-,-,-,-,-,-,-,-,-,-,-,-,-,-,-,-,-,-,-,-,-,-,-,-,-,-,-,-,-,-,-,-,-,-,-,-,-,-,-,-,-,-,-,-,-,-,-,-,-,-,-,G,T,F,A,Q,L,V,A,A,L,L,T,D,G,P,L,R,W,Y,S,D,P,G,L,A,G,V,S,L,A,A,G,L,S,Y,D,E,D,T,Q,E,L,V,V,A,E,A,G,V,Y,Y,V,F,L,Q,V,E,L,Q,R,V,V,A,G,A,A,S,G,S,V,S,L,A,L,H,L,Q,P,L,S,-,-,S,G,A,A,A,L,T,L,T,V,D,L,P,P,Q,P,T,P,-,-,N,S,A,F,G,F,R,G,R,L,L,H,L,G,A,G,Q,R,L,S,A,H,L,R,A,E,A,G,T,H,F,A,W,Q,L,A,Q,G,A,T,V,L,G,L,F,R,V,T,T,Q,V,P,A,G
Gracilinanus_agilis,-,T,C,R,V,L,D,W,F,L,G,T,I,L,L,L,-,-,L,P,-,-,-,-,-,-,-,-,-,-,-,-,-,-,-,-,-,-,-,-,-,-,-,-,-,-,-,-,-,-,-,G,S,Y,A,Q,L,V,V,V,L,V,Q,N,Q,T,L,S,W,Y,S,D,P,H,L,S,G,V,F,L,D,S,Q,M,T,Y,D,T,E,K,D,E,L,M,V,G,V,S,G,L,Y,F,V,Y,A,C,L,K,L,Q,Q,V,-,-,-,-,-,-,-,-,-,-,-,-,-,-,-,-,-,-,-,-,-,-,-,-,-,-,-,-,L,S,L,D,V,G,P,-,-,-,-,-,-,-,-,-,-,-,-,-,S,S,L,L,F,L,Y,P,G,E,Q,L,S,-,-,-,-,-,-,-,-,-,-,-,-,W,Q,L,V,S,E,A,S,T,F,G,L,F,R,V,A,E,R,-,-,-,-
Grammomys_surdaster,-,-,-,-,-,-,-,-,-,-,-,-,-,-,-,-,-,-,-,-,-,-,-,-,-,-,-,-,-,-,-,-,-,-,-,-,-,-,-,-,-,-,-,-,-,-,-,-,-,-,-,-,V,F,A,K,L,L,A,A,L,L,S,N,M,T,L,N,W,H,S,Q,D,G,A,G,S,S,Y,L,S,Q,G,L,R,Y,E,E,D,K,K,E,L,V,V,D,N,P,G,L,Y,Y,V,F,L,E,L,K,L,-,-,-,-,-,-,-,-,-,-,-,-,-,-,-,-,-,-,-,-,-,-,-,-,-,-,-,-,-,L,T,L,T,V,E,L,F,P,C,S,M,E,-,-,-,-,-,-,-,-,-,-,-,L,L,L,L,Q,A,G,H,R,L,S,V,S,L,R,A,-,-,-,-,-,-,-,-,-,-,-,-,-,-,T,S,F,G,L,F,L,V,K,P,D,T,P,R,E
Heterocephalus_glaber,-,-,-,-,-,-,-,-,-,-,-,-,-,-,-,-,-,-,-,-,-,-,-,-,-,-,-,-,-,-,-,-,-,-,-,-,-,-,-,-,-,-,-,-,-,-,-,-,-,-,-,-,L,T,A,R,L,L,A,V,T,L,G,N,G,T,L,S,W,Y,S,H,Q,G,I,A,G,V,H,L,S,P,G,L,T,Y,D,E,H,R,Q,E,L,V,V,A,K,A,G,H,Y,Q,V,C,L,H,L,E,L,S,H,V,-,-,-,-,-,S,G,K,V,S,L,A,L,H,L,E,P,P,Q,-,-,A,E,A,T,A,H,P,L,A,V,D,L,S,P,-,-,-,-,-,-,-,-,-,-,-,-,-,-,-,-,-,-,-,-,-,-,-,-,-,-,-,-,-,-,-,-,-,-,-,H,Q,A,W,Q,L,A,Q,-,A,T,K,L,E,L,F,R,-,-,-,-,-,-,-,-
Hyaena_hyaena,P,A,C,R,P,L,P,W,A,L,G,V,L,V,L,A,A,G,T,C,-,-,-,-,-,-,-,-,-,-,-,-,-,-,-,-,-,L,P,A,A,P,E,P,P,P,D,A,H,A,R,A,V,F,A,Q,L,V,A,V,Q,L,T,E,G,P,L,R,W,H,S,D,P,G,L,A,G,V,F,L,G,P,G,L,S,Y,D,E,H,T,R,E,L,M,V,A,E,P,G,V,Y,Y,V,F,L,N,L,K,V,Q,R,V,V,S,G,G,G,S,G,S,V,S,V,A,L,H,L,Q,P,L,G,-,-,T,G,A,A,A,L,A,L,T,L,D,L,P,S,P,S,S,S,-,-,D,S,A,S,G,F,R,G,S,L,L,H,L,G,A,G,Q,R,L,G,V,H,L,R,A,E,R,G,A,H,P,A,W,Q,L,A,Q,G,A,T,M,L,G,L,F,R,V,A,T,K,V,P,A,G
Jaculus_jaculus,-,-,-,-,-,-,-,-,A,L,G,A,L,L,L,L,L,A,A,C,-,-,-,-,-,-,-,-,-,-,-,-,-,-,-,-,-,-,-,-,-,-,-,-,-,-,-,-,-,-,-,-,A,W,A,R,L,L,A,A,L,L,E,N,G,T,L,S,W,H,S,H,P,R,M,T,G,V,L,L,S,E,N,L,S,Y,N,E,S,Q,Q,E,L,V,V,A,K,A,G,L,Y,Y,V,F,L,Q,L,N,L,Q,P,I,-,-,-,-,-,-,-,-,-,-,-,-,-,-,-,-,-,-,-,-,-,-,-,-,-,-,-,-,L,T,V,D,L,F,P,-,-,-,-,-,-,-,-,-,-,-,-,-,-,-,-,-,W,L,D,D,G,H,R,L,S,V,R,L,S,A,-,-,-,-,-,-,-,W,E,L,A,Q,S,A,T,V,L,G,L,F,-,-,-,-,-,-,-,-,-
Lemur_catta,R,-,-,-,-,-,-,-,-,-,-,-,-,-,-,-,-,-,-,-,W,A,V,Q,G,I,P,A,S,A,G,P,A,P,-,-,-,-,-,-,-,P,E,L,P,P,D,-,-,-,-,-,-,-,-,Q,L,V,A,V,L,L,T,D,G,P,L,G,W,Y,S,D,P,G,L,D,G,V,S,L,S,P,G,V,S,Y,D,K,N,A,R,Q,L,E,V,T,E,A,G,V,Y,Y,V,F,L,Q,A,E,L,R,R,V,-,-,-,-,-,S,G,S,V,S,L,A,L,H,L,Q,P,L,-,-,-,A,G,P,A,A,L,T,L,T,V,H,L,P,P,A,S,S,E,A,P,H,S,V,S,G,F,R,S,R,L,L,H,L,G,P,G,Q,R,L,G,V,H,L,S,A,G,P,E,A,H,Q,Y,W,Q,L,D,Q,R,A,T,V,L,G,L,F,Q,V,A,T,E,V,P,A,A
Leptonychotes_weddellii,-,-,-,-,-,-,-,-,-,-,-,-,-,-,-,-,-,-,-,-,-,-,-,-,-,-,-,-,-,-,-,-,-,-,-,-,-,-,-,-,-,-,-,-,-,-,-,-,-,-,-,-,-,-,-,-,-,-,-,V,Q,L,T,E,G,P,L,H,W,Y,S,D,P,G,L,A,G,V,F,L,G,P,G,L,S,Y,D,Q,H,T,G,E,L,M,V,A,E,P,G,V,Y,Y,V,F,L,N,L,K,L,Q,R,V,V,S,D,K,G,S,G,L,V,S,A,A,L,H,L,Q,P,L,G,-,-,V,R,A,A,A,L,A,L,T,L,D,L,P,P,P,S,S,E,A,R,D,S,A,A,G,F,W,G,S,L,L,H,L,G,A,G,Q,R,L,G,V,H,L,R,A,E,E,G,V,R,L,A,W,Q,L,A,Q,G,A,T,I,L,G,L,F,R,V,A,T,K,V,P,A,G
Lontra_canadensis,S,A,C,R,P,L,P,W,A,L,S,A,L,L,L,L,A,G,T,G,W,A,S,P,S,A,P,A,A,P,G,P,G,L,-,-,E,L,P,Q,L,P,E,F,L,P,D,A,G,A,R,G,V,F,A,Q,L,V,A,V,Q,L,T,E,G,P,L,R,W,Y,S,D,P,G,L,A,G,V,F,L,G,P,G,L,S,Y,D,Q,H,T,G,E,L,M,V,A,E,P,G,V,Y,Y,V,F,L,H,L,K,L,Q,R,V,V,S,S,Q,G,S,G,S,V,S,A,A,L,H,L,Q,P,I,G,-,-,A,P,A,A,A,L,A,L,T,L,D,L,P,P,P,S,S,E,A,R,D,S,A,A,G,F,R,G,S,L,L,H,L,D,A,G,Q,R,L,G,V,H,L,R,A,E,A,G,T,H,L,A,W,Q,L,A,Q,G,A,T,V,L,G,L,F,R,V,A,T,K,V,P,A,G
Lynx_canadensis,P,A,C,R,P,L,P,W,A,L,S,V,L,L,L,L,A,G,T,C,W,V,A,P,A,A,S,A,A,P,G,P,S,-,-,-,-,L,P,R,V,P,E,Q,P,P,D,A,R,A,R,A,V,F,A,Q,L,V,A,V,Q,L,T,E,G,P,L,R,W,Y,S,D,P,G,L,A,G,V,F,L,G,P,G,L,S,Y,D,Q,H,S,R,E,L,M,V,A,E,P,G,V,Y,Y,V,F,L,H,L,K,L,Q,R,V,V,S,S,F,G,S,G,S,V,S,V,A,L,H,L,R,P,L,D,-,-,A,G,A,A,A,L,A,L,T,L,D,L,P,P,P,S,P,K,A,P,D,S,A,S,G,F,R,S,S,L,L,H,L,G,A,G,Q,R,L,G,V,H,L,R,A,E,A,G,A,H,L,A,W,Q,L,A,Q,G,A,T,I,L,G,L,F,R,V,A,T,K,V,P,A,G
Manis_javanica,R,A,C,H,P,L,P,W,A,L,S,A,L,L,L,L,A,A,A,C,W,A,-,P,G,-,-,-,A,P,G,P,G,P,-,-,-,-,-,-,-,-,E,L,P,P,D,A,G,A,R,G,V,F,A,Q,L,V,A,V,L,L,T,E,G,L,L,S,W,H,S,D,P,G,L,T,G,V,S,L,A,P,G,L,S,Y,D,K,H,T,Q,Q,L,L,V,S,E,P,G,I,Y,Y,V,F,L,R,L,G,L,R,R,V,V,A,G,S,A,S,G,S,V,S,V,T,L,H,L,Q,P,P,N,-,-,S,G,T,A,A,L,A,V,T,L,D,L,P,P,P,S,S,E,A,L,D,S,A,A,G,F,Q,G,G,L,L,Y,L,G,A,G,Q,R,L,S,V,H,L,S,T,G,P,G,T,H,S,A,W,Q,L,A,Q,G,A,T,V,L,G,L,F,R,V,-,-,-,-,-,-,-
Manis_pentadactyla,R,A,C,H,P,L,P,W,A,L,S,A,L,L,L,L,A,A,V,C,W,A,-,P,G,-,-,-,A,P,G,P,G,P,P,P,Q,T,P,A,S,L,E,L,P,P,D,A,G,A,R,G,V,F,A,Q,L,V,A,V,L,L,T,E,G,L,L,S,W,H,S,D,P,G,L,T,G,V,S,L,A,P,G,L,S,Y,D,K,H,T,Q,Q,L,L,V,A,E,P,G,I,Y,Y,V,F,L,R,L,G,L,R,R,V,V,A,G,S,A,S,S,S,V,S,V,T,L,H,L,Q,P,P,N,-,-,S,G,T,A,A,L,A,L,T,L,D,L,P,P,P,S,S,E,A,L,D,S,A,A,G,F,Q,G,G,L,L,Y,L,G,A,G,Q,R,L,S,V,H,L,S,A,G,P,G,A,H,S,A,W,Q,L,A,Q,G,A,T,V,L,G,L,F,R,V,-,-,-,-,-,-,-
Mastomys_coucha,-,-,-,-,-,-,-,-,-,-,-,-,-,-,-,-,-,-,-,-,-,-,-,-,-,-,-,-,-,-,-,-,-,-,-,-,-,-,-,-,-,-,-,-,-,-,-,-,-,-,-,-,V,F,A,K,L,L,A,A,L,L,S,N,T,T,L,N,W,H,S,Q,D,G,A,G,S,S,Y,L,S,Q,G,L,R,Y,E,E,D,K,K,E,L,V,V,D,S,S,G,L,Y,Y,V,F,L,E,L,K,L,-,-,-,-,-,-,-,-,-,-,-,-,-,-,-,-,-,-,-,-,-,-,-,-,-,-,-,-,-,L,A,L,T,V,E,L,F,P,C,-,-,-,-,-,-,-,-,-,-,-,-,-,-,L,L,L,L,K,A,G,H,R,L,S,V,G,L,R,A,-,-,-,-,-,-,-,-,-,-,-,-,-,-,T,S,F,G,L,F,L,V,K,P,D,T,P,W,E
Meles_meles,S,A,C,R,P,L,P,W,A,L,S,A,L,L,L,L,A,G,T,G,W,A,S,P,L,A,P,A,A,P,G,P,G,-,-,-,-,L,P,G,L,P,E,F,L,P,D,A,G,A,R,G,V,F,A,Q,L,V,A,V,Q,L,T,E,G,P,L,R,W,H,S,D,P,G,L,A,G,V,F,L,G,P,G,L,S,Y,D,Q,H,T,R,E,L,M,V,A,E,P,G,V,Y,Y,V,F,L,H,L,K,L,Q,R,V,V,S,S,Q,G,S,G,S,V,S,A,A,L,H,L,Q,P,L,G,-,-,D,P,A,A,A,L,A,L,T,L,D,L,P,P,P,S,S,E,A,R,D,S,A,A,G,F,R,G,S,L,L,H,L,D,A,G,Q,R,L,G,V,H,L,R,A,E,A,G,T,H,L,A,W,Q,L,A,Q,G,A,T,I,L,G,L,F,R,V,A,T,I,V,P,A,G
Meriones_unguiculatus,-,-,-,-,-,-,-,-,-,-,-,-,-,-,-,-,-,-,-,-,-,-,-,-,-,-,-,-,-,-,-,-,-,-,-,-,-,-,-,-,-,-,-,-,-,-,-,-,-,-,-,-,-,-,-,-,-,-,-,-,-,-,-,-,-,-,-,-,-,-,-,-,-,-,-,-,-,-,-,-,-,-,-,-,-,-,-,-,-,-,-,-,-,-,-,-,-,-,-,-,-,-,-,-,-,-,-,-,-,-,-,-,-,-,-,-,-,-,-,-,-,-,-,-,-,-,-,-,-,-,-,-,-,-,-,-,-,-,-,-,-,-,-,-,-,-,-,-,-,-,-,-,-,-,-,-,-,-,-,-,-,-,-,-,-,-,-,-,-,-,-,-,-,-,-,-,-,-,-,-,-,-,-,-,-,-,-,-,-,-,-,-,-,-,-,-,-,-,-,-,-,-,-,-,-,-,-
Mesocricetus_auratus,-,-,-,-,-,-,-,-,-,-,-,-,-,-,-,-,-,-,-,-,-,-,-,-,-,-,-,-,-,-,-,-,-,-,-,-,-,-,-,-,-,-,-,-,-,-,-,-,-,-,-,-,-,-,-,-,-,-,-,-,-,-,-,-,-,T,L,H,W,H,S,Q,E,G,-,-,-,-,-,-,-,-,-,-,-,-,-,-,-,-,-,-,L,T,V,K,T,A,G,L,Y,Y,V,T,L,Q,L,K,L,S,P,V,-,-,-,-,-,-,G,R,V,S,L,A,L,Q,L,-,-,-,-,-,-,-,-,-,-,-,-,-,L,T,V,H,L,F,P,W,S,M,E,A,-,N,L,V,E,G,S,W,S,H,L,I,P,L,Q,A,G,H,C,L,S,V,K,L,S,A,-,-,-,-,-,-,-,W,Q,L,S,Q,T,I,T,S,F,A,L,F,L,V,Q,P,D,T,P,Q,G
Microcebus_murinus,-,-,-,-,-,-,-,-,-,-,-,-,-,-,-,-,-,-,-,-,-,-,-,-,-,-,-,-,-,-,-,-,-,-,-,-,-,-,-,-,-,-,-,-,-,-,-,-,-,-,-,-,-,-,-,-,-,-,-,-,-,-,-,-,-,-,-,-,-,-,-,-,-,-,-,-,-,-,-,-,-,-,-,-,-,-,-,-,-,-,-,-,-,-,-,-,-,-,-,-,-,-,-,-,-,-,-,-,-,-,-,-,-,-,-,-,-,-,-,-,-,-,-,-,-,-,-,-,-,-,-,-,-,-,-,-,-,-,-,-,-,-,-,-,-,-,-,-,-,-,-,-,-,-,-,-,-,-,-,-,-,-,-,-,-,-,-,-,-,-,-,-,-,-,-,-,-,-,-,-,-,-,-,-,-,-,-,-,-,-,-,-,-,-,-,-,-,-,-,-,-,-,-,-,-,-,-
Microtus_fortis,-,-,-,-,-,-,-,-,-,-,-,-,-,-,-,-,-,-,-,-,-,-,-,-,-,-,-,-,-,-,-,-,-,-,-,-,-,-,-,-,-,-,-,-,-,-,-,-,-,-,-,-,V,F,A,K,L,Q,T,A,L,L,S,N,R,T,L,R,W,H,S,Q,P,G,A,G,S,T,Y,L,S,Q,G,L,R,Y,D,D,N,K,N,E,L,V,V,D,Q,A,G,L,Y,Y,V,S,L,Q,L,K,L,N,P,V,-,-,-,-,-,-,G,Q,V,S,L,V,L,Q,L,N,P,-,-,-,-,-,-,-,-,-,-,-,L,T,V,D,L,F,P,C,S,M,E,A,-,N,L,V,E,G,S,W,S,D,L,I,H,L,K,A,G,H,R,L,S,V,E,L,R,A,-,-,-,-,-,-,-,W,Q,L,S,Q,M,T,T,S,F,V,L,F,L,V,-,-,-,-,-,-,-
Microtus_ochrogaster,-,-,-,-,-,-,-,-,-,-,-,-,-,-,-,-,-,-,-,-,-,-,-,-,-,-,-,-,-,-,-,-,-,-,-,-,-,-,-,-,-,-,-,-,-,-,-,-,-,-,-,-,-,-,-,-,-,-,-,-,-,-,-,-,-,-,-,-,-,-,-,-,-,-,-,-,-,-,-,-,-,-,-,-,-,-,-,-,-,-,-,-,-,-,-,-,-,-,-,-,-,-,-,-,-,-,-,-,-,-,-,-,-,-,-,-,-,-,-,-,-,-,-,-,-,-,-,-,-,-,-,-,-,-,-,-,-,-,-,-,-,-,-,-,-,-,-,-,-,-,-,-,-,-,-,-,-,-,-,-,-,-,-,-,-,-,-,-,-,-,-,-,-,-,-,-,-,-,-,-,-,-,-,-,-,-,-,-,-,-,-,-,-,-,-,-,-,-,-,-,-,-,-,-,-,-,-
Microtus_oregoni,-,-,-,-,-,-,-,-,-,-,-,-,-,-,-,-,-,-,-,-,-,-,-,-,-,-,-,-,-,-,-,-,-,-,-,-,-,-,-,-,-,-,-,-,-,-,-,-,-,-,-,-,V,F,A,K,L,Q,T,A,L,L,N,N,R,T,L,R,W,Y,S,Q,H,G,-,-,-,-,-,L,S,Q,G,L,R,Y,N,D,D,K,N,E,L,V,V,D,Q,A,G,L,Y,Y,V,S,L,H,L,K,L,N,P,V,-,-,-,-,-,-,G,Q,V,S,L,V,L,Q,L,N,P,-,-,-,-,-,-,-,-,-,-,-,L,T,V,D,L,F,P,C,S,V,E,A,-,N,L,V,E,G,S,R,S,D,L,I,H,L,K,A,G,H,R,L,S,V,E,L,R,A,-,-,-,-,-,-,-,W,Q,L,S,Q,T,T,T,S,F,V,L,F,L,V,-,-,-,-,-,-,-
Mirounga_angustirostris,-,-,-,-,-,-,-,-,-,-,-,-,-,-,-,-,-,-,-,-,-,-,-,-,-,-,-,-,-,-,-,-,-,-,-,-,-,-,-,-,-,-,-,-,-,-,-,-,-,-,-,-,-,-,-,-,-,-,-,-,-,-,-,-,-,-,-,-,-,-,-,-,-,-,-,-,-,-,-,-,-,-,-,-,-,-,-,-,-,-,-,-,-,-,-,-,-,-,-,-,-,-,-,-,-,-,-,-,-,-,-,-,-,-,-,-,-,-,-,-,-,-,-,-,-,-,-,-,-,-,-,-,-,-,-,-,-,-,-,-,-,-,-,-,-,-,-,-,-,-,-,-,-,-,-,-,-,-,-,-,-,-,-,-,-,-,-,-,-,-,-,-,-,-,-,-,-,-,-,-,-,-,-,-,-,-,-,-,-,-,-,-,-,-,-,-,-,-,-,-,-,-,-,-,-,-,-
Mirounga_leonina,S,A,C,R,P,L,P,W,A,L,S,A,L,L,L,L,A,G,T,G,W,A,V,P,R,A,P,A,A,P,S,P,G,L,-,-,E,L,P,E,L,P,E,L,L,P,D,A,R,A,R,G,V,F,A,Q,L,V,A,V,Q,L,T,E,G,P,L,H,W,Y,S,D,P,G,L,A,G,V,F,L,G,P,G,L,S,Y,D,Q,H,T,G,E,L,M,V,A,E,P,G,V,Y,Y,V,F,L,N,L,K,L,Q,R,V,V,S,G,K,G,S,G,S,V,S,A,A,L,H,L,Q,P,L,G,-,-,V,R,A,A,A,L,A,L,T,L,D,L,P,P,P,S,S,E,A,R,D,S,A,A,G,F,W,G,S,L,L,H,L,G,A,G,Q,R,L,G,V,H,L,R,A,E,E,G,A,H,L,A,W,Q,L,A,Q,G,A,T,I,L,G,L,F,R,V,A,T,K,V,P,A,G
Monodelphis_domestica,R,T,C,R,A,L,D,W,F,L,V,T,I,L,L,L,A,-,-,-,-,-,-,-,-,-,-,-,-,-,-,-,-,-,-,-,-,-,-,-,-,-,-,-,-,-,-,-,-,-,-,G,V,L,A,Q,L,V,V,V,L,V,Q,N,Q,T,L,S,W,Y,S,H,P,H,L,S,G,V,F,L,D,S,Q,M,T,Y,D,T,E,K,D,E,L,K,V,G,V,S,G,L,Y,F,V,Y,A,R,L,K,L,N,Q,V,V,-,-,-,-,-,-,-,-,-,-,-,-,-,-,-,-,-,-,-,-,-,-,-,-,-,L,T,L,S,L,D,V,G,P,-,-,-,-,-,-,-,-,-,-,-,-,-,S,S,L,L,F,L,Y,P,G,D,R,L,-,-,-,-,-,-,-,-,-,-,-,-,-,W,Q,L,V,S,E,A,S,T,F,G,L,F,R,V,A,A,R,-,-,-,-
Mus_caroli,-,-,-,-,-,-,-,-,-,-,-,-,-,-,-,-,-,-,-,-,-,-,-,-,-,-,-,-,-,-,-,-,-,-,-,-,-,-,-,-,-,-,-,-,-,-,-,-,-,-,-,-,V,F,A,K,L,L,A,A,S,L,C,N,T,T,L,N,W,H,S,Q,D,G,A,G,S,S,Y,L,S,Q,G,L,R,Y,E,E,D,K,K,E,L,V,V,D,S,P,G,L,Y,Y,V,F,L,E,L,R,L,-,-,-,-,-,-,-,-,-,-,-,-,-,-,-,-,-,-,-,-,-,-,-,-,-,-,-,-,-,L,A,L,T,V,E,L,F,P,C,S,M,E,-,-,-,-,-,-,-,-,-,-,-,L,L,L,L,K,A,G,H,R,L,S,V,G,L,R,A,-,-,-,-,-,-,-,-,-,-,-,-,-,-,T,S,F,G,L,F,L,V,K,P,D,T,P,W,E
Mus_musculus,-,-,-,-,-,-,-,-,-,-,-,-,-,-,-,-,-,-,-,-,-,-,-,-,-,-,-,-,-,-,-,-,-,-,-,-,-,-,-,-,-,-,-,-,-,-,-,-,-,-,-,-,-,-,-,-,-,-,-,-,-,-,-,-,-,-,-,-,-,-,-,-,-,-,-,-,-,-,-,-,-,-,-,-,-,-,-,-,-,-,-,-,-,-,-,-,-,-,-,-,-,-,-,-,-,-,-,-,-,-,-,-,-,-,-,-,-,-,-,-,-,-,-,-,-,-,-,-,-,-,-,-,-,-,-,-,-,-,-,-,-,-,-,-,-,-,-,-,-,-,-,-,-,-,-,-,-,-,-,-,-,-,-,-,-,-,-,-,-,-,-,-,-,-,-,-,-,-,-,-,-,-,-,-,-,-,-,-,-,-,-,-,-,-,-,-,-,-,-,-,-,-,-,-,-,-,-
Mus_pahari,-,-,-,-,-,-,-,-,-,-,-,-,-,-,-,-,-,-,-,-,-,-,-,-,-,-,-,-,-,-,-,-,-,-,-,-,-,-,-,-,-,-,-,-,-,-,-,-,-,-,-,-,V,F,A,K,L,L,A,A,S,L,S,N,T,T,L,N,W,H,S,Q,D,G,A,G,S,S,Y,L,S,Q,G,L,R,Y,E,E,D,K,K,E,L,V,V,D,S,P,G,L,Y,Y,V,F,L,E,L,K,L,-,-,-,-,-,-,-,-,-,-,-,-,-,-,-,-,-,-,-,-,-,-,-,-,-,-,-,-,-,L,A,L,T,V,E,L,F,P,C,S,M,E,-,-,-,-,-,-,-,-,-,-,-,L,L,L,L,K,A,G,H,R,L,S,V,G,L,R,-,-,-,-,-,-,-,-,-,-,-,-,-,-,-,T,S,F,G,L,F,L,V,K,P,D,T,P,W,E
Mustela_erminea,S,A,C,R,P,L,P,W,A,L,S,A,L,L,L,L,A,G,T,G,W,A,L,P,S,A,P,A,A,P,G,P,G,Q,-,-,E,L,P,Q,L,P,E,F,L,P,D,A,G,A,R,G,V,F,A,Q,L,V,A,V,Q,L,T,E,G,P,L,R,W,Y,S,D,P,G,L,A,G,V,F,L,G,P,G,L,S,Y,D,Q,H,T,G,E,L,M,V,A,E,P,G,V,Y,Y,V,F,L,H,L,K,L,Q,R,V,V,S,S,Q,G,S,G,S,V,S,A,V,L,H,L,Q,P,L,G,-,-,A,P,L,A,A,L,A,M,T,L,D,L,P,P,P,S,S,E,A,R,D,S,A,A,G,F,R,G,S,L,L,H,L,D,A,G,Q,R,L,G,V,H,L,R,A,E,A,G,T,H,L,A,W,Q,L,A,Q,G,A,T,V,L,G,L,F,R,V,A,T,K,V,P,A,G
Mustela_putorius_furo,S,A,C,R,P,L,P,W,A,L,S,A,L,L,L,L,A,G,T,G,W,A,L,P,S,A,P,A,A,P,G,P,G,Q,-,-,E,L,P,Q,L,P,E,F,L,P,D,A,G,A,R,G,V,F,A,Q,L,V,A,V,Q,L,T,E,G,L,L,R,W,Y,S,D,P,G,L,A,G,V,F,L,G,P,G,L,S,Y,D,Q,H,T,G,E,L,M,V,A,E,P,G,V,Y,Y,V,F,L,H,L,K,L,Q,R,V,V,S,S,Q,G,S,G,S,V,S,A,V,L,H,L,Q,P,L,G,-,-,A,P,L,A,A,L,A,M,T,L,D,L,P,P,P,S,S,E,A,R,D,S,A,A,G,F,R,G,S,L,L,H,L,D,A,G,Q,R,L,G,V,H,L,R,A,E,A,G,T,H,L,A,W,Q,L,A,Q,G,A,T,V,L,G,L,F,R,V,A,T,K,V,P,A,G
Myodes_glareolus,-,-,-,-,-,-,-,-,-,-,-,-,-,-,-,-,-,-,-,-,-,-,-,-,-,-,-,-,-,-,-,-,-,-,-,-,-,-,-,-,-,-,-,-,-,-,-,-,-,-,-,-,V,F,A,N,L,Q,T,A,L,L,N,N,R,T,L,R,W,H,S,Q,P,G,A,G,S,S,Y,L,S,Q,G,L,T,Y,N,D,D,K,N,E,L,V,V,D,H,A,G,L,Y,Y,V,S,L,Q,L,K,L,N,P,V,-,-,-,-,-,-,G,Q,V,S,L,V,L,Q,L,N,P,-,-,-,-,-,-,-,-,-,-,-,L,T,V,D,L,F,P,C,S,M,E,A,-,N,L,V,E,G,S,R,S,D,L,I,H,L,K,A,G,H,R,L,S,V,E,L,R,A,G,-,-,A,Y,N,D,W,Q,L,S,Q,T,T,T,S,F,V,L,F,L,V,-,-,-,-,-,-,-
Neogale_vison,S,A,C,R,P,L,P,W,A,L,S,A,L,L,L,L,A,G,T,G,W,A,L,P,S,A,P,A,A,P,G,P,G,Q,-,-,-,-,P,E,L,P,Q,L,L,P,D,A,G,A,R,G,V,F,A,Q,L,V,A,V,Q,L,T,E,G,P,L,R,W,Y,S,D,P,G,L,A,G,V,F,L,G,P,G,L,S,Y,D,Q,H,T,G,E,L,M,V,A,E,P,G,V,Y,Y,V,F,L,H,L,K,L,Q,R,V,V,S,S,Q,G,S,G,S,V,S,A,A,L,H,L,Q,P,L,G,-,-,A,P,P,A,A,L,A,M,T,L,D,L,P,P,P,S,S,E,A,R,D,S,A,A,G,F,R,G,S,L,L,H,L,D,A,G,Q,R,L,V,V,H,L,R,A,E,A,G,T,H,L,A,W,Q,L,A,Q,G,A,T,V,L,G,L,F,R,V,A,T,K,A,P,A,G
Odobenus_rosmarus_divergens,S,A,C,R,P,L,P,W,A,L,S,A,L,L,L,L,A,G,T,G,W,A,A,P,R,A,P,A,V,P,G,P,G,-,-,-,-,R,P,E,L,P,E,L,L,P,D,A,R,A,R,G,V,F,A,Q,L,V,A,V,R,L,T,E,G,P,L,H,W,Y,S,D,P,G,L,A,G,V,F,L,G,P,G,L,S,Y,D,K,H,T,G,E,L,M,V,A,E,P,G,V,Y,Y,V,F,L,H,L,K,L,Q,R,V,V,S,H,E,G,S,G,S,V,S,A,A,L,H,L,R,P,L,G,-,-,A,A,A,A,A,P,A,L,T,L,D,L,P,P,P,S,S,E,A,R,D,S,A,A,G,F,Q,G,S,L,L,H,L,G,A,G,Q,R,L,G,V,H,L,R,A,E,A,G,V,H,L,A,W,Q,L,A,Q,G,A,T,I,L,G,L,F,R,V,A,T,K,V,P,T,G
Odocoileus_virginianus_texanus,R,V,C,N,P,L,P,W,A,L,S,A,L,L,L,L,A,A,A,C,W,G,V,P,G,T,P,A,S,P,V,S,S,P,A,P,I,L,P,Q,-,-,-,-,-,-,-,-,-,-,-,G,V,F,A,Q,L,V,V,A,Q,L,T,E,G,P,V,Q,W,R,S,E,Q,G,L,T,G,V,T,L,A,P,G,V,H,Y,D,K,H,T,Q,E,L,V,V,P,E,A,G,V,Y,Y,V,F,L,H,L,T,L,K,R,V,M,A,S,N,R,S,D,S,V,S,V,A,L,D,L,Q,P,R,Q,-,-,A,G,-,A,A,L,T,L,T,L,D,L,P,P,P,P,S,G,-,-,N,S,A,A,G,F,R,S,S,L,L,H,L,D,S,G,Q,R,L,R,V,Y,L,R,-,-,-,-,-,-,-,-,W,Q,L,S,A,E,A,T,V,W,G,L,F,R,V,A,A,Q,V,P,S,G
Onychomys_torridus,-,-,-,-,-,-,-,-,-,-,-,-,-,-,-,-,-,-,-,-,-,-,-,-,-,-,-,-,-,-,-,-,-,-,-,-,-,-,-,-,-,-,-,-,-,-,-,-,-,-,-,-,-,-,-,-,-,-,-,-,-,-,-,-,-,-,-,-,-,-,-,-,-,-,-,-,-,-,-,-,-,-,-,-,-,-,-,-,-,-,-,-,-,-,-,-,-,-,-,-,-,-,-,-,-,-,-,-,-,-,-,-,-,-,-,-,-,-,-,-,-,-,-,-,-,-,-,-,-,-,-,-,-,-,-,-,-,-,-,-,-,-,-,-,-,-,-,-,-,-,-,-,-,-,-,-,-,-,-,-,-,-,-,-,-,-,-,-,-,-,-,-,-,-,-,-,-,-,-,-,-,-,-,-,-,-,-,-,-,-,-,-,-,-,-,-,-,-,-,-,-,-,-,-,-,-,-
Ornithorhynchus_anatinus,-,-,-,-,-,-,-,-,-,-,-,-,-,-,-,-,-,-,-,-,-,-,-,-,-,-,-,-,-,-,-,-,-,-,-,-,-,-,-,-,-,-,-,-,-,-,-,-,-,-,-,-,-,-,-,-,-,-,-,L,V,L,Q,S,G,T,L,S,W,D,S,N,D,R,L,T,G,V,I,M,T,S,D,F,S,Y,D,D,K,T,K,E,L,E,V,K,R,A,G,I,Y,Y,V,Y,I,Q,L,A,L,K,R,V,-,-,-,-,-,-,-,-,-,-,-,-,-,-,-,-,-,-,-,-,-,-,-,-,-,-,-,-,-,-,-,-,-,-,-,-,-,-,-,-,-,-,-,-,-,-,-,-,-,-,-,-,-,-,-,-,-,-,-,-,-,-,-,-,-,-,-,-,-,-,-,-,-,-,-,-,-,-,-,-,-,-,-,G,L,F,R,V,A,-,-,-,-,-,-
Orycteropus_afer_afer,-,-,-,-,-,-,-,-,-,-,-,-,-,-,-,-,-,-,-,-,-,-,-,-,-,-,-,-,-,-,-,-,-,-,-,-,-,-,-,-,-,-,-,-,-,-,-,-,-,-,-,D,A,F,A,Q,L,V,A,V,L,L,T,N,G,T,L,R,W,H,S,E,R,G,L,A,E,V,S,L,A,P,G,L,T,Y,D,T,L,K,R,E,L,V,V,A,Q,G,G,V,Y,Y,V,F,L,H,L,E,L,R,R,V,V,A,G,G,G,S,G,S,V,S,V,A,L,H,L,Q,P,D,Q,-,-,-,-,T,A,A,L,T,L,V,L,D,L,L,A,A,S,S,-,-,-,D,S,A,G,S,S,R,G,L,L,L,R,L,G,S,G,Q,R,L,A,V,H,M,R,A,S,A,G,A,H,P,A,W,Q,L,A,Q,G,A,T,V,L,G,L,F,R,V,A,P,E,D,P,T,G
Oryctolagus_cuniculus,R,A,C,R,P,L,P,W,A,L,G,A,L,L,L,L,A,A,T,C,W,A,A,P,G,-,-,-,P,P,G,P,S,R,S,P,G,L,G,H,D,P,E,P,A,P,D,A,R,A,G,G,Q,F,A,Q,L,V,A,V,L,L,D,D,G,T,L,S,W,H,S,D,P,A,L,A,G,V,S,L,S,P,G,L,S,Y,D,E,D,T,R,E,V,V,V,A,E,A,G,V,Y,Y,I,F,L,H,L,E,L,R,R,V,V,A,R,Q,G,S,G,S,V,A,L,S,V,H,L,R,P,E,R,-,-,S,G,V,A,A,L,A,F,T,V,D,L,P,P,G,S,L,E,A,P,D,S,A,A,G,F,R,S,R,L,L,H,L,G,A,G,Q,R,L,S,V,H,L,H,A,E,A,E,A,R,P,A,W,Q,L,A,Q,G,A,T,L,L,G,L,F,R,V,A,T,E,A,P,D,G
Oryx_dammah,R,V,C,N,P,L,P,W,A,L,S,A,L,L,L,L,A,A,A,C,W,G,I,P,G,T,P,A,S,P,V,S,S,P,A,P,I,L,P,Q,-,-,-,-,-,-,-,-,-,-,-,G,V,F,A,Q,L,V,V,A,Q,L,I,E,G,P,V,Q,W,R,S,E,P,G,L,T,G,V,T,L,A,P,G,V,L,Y,D,K,R,T,Q,E,L,V,V,P,E,A,G,V,Y,Y,I,F,L,H,L,T,L,K,R,V,M,A,-,-,-,-,-,S,V,S,V,A,L,D,L,Q,P,H,Q,-,-,A,G,-,A,A,L,T,L,T,L,D,L,P,P,R,P,S,G,-,-,N,S,A,A,G,F,R,S,S,L,L,H,L,D,A,G,Q,R,L,S,V,H,L,R,-,-,-,-,-,-,-,-,W,Q,L,S,A,E,A,T,V,W,G,L,F,R,V,A,A,Q,V,P,S,G
Otolemur_garnettii,R,A,C,R,P,G,P,W,A,L,G,V,L,L,L,L,A,A,-,-,-,-,-,-,-,-,-,-,-,-,-,-,-,-,-,-,-,-,-,-,-,-,-,-,-,-,-,-,-,-,-,A,A,F,A,Q,L,V,A,V,L,L,S,D,R,L,L,N,W,Y,S,D,P,G,L,A,G,V,S,L,A,P,G,L,T,Y,D,K,D,K,R,E,L,V,V,D,E,A,G,V,Y,Y,V,F,L,K,V,G,L,R,R,V,V,D,E,N,S,S,G,S,V,S,L,A,L,H,L,Q,P,L,R,-,-,D,G,A,A,A,L,A,L,T,V,D,L,S,P,Q,S,S,E,-,-,-,-,A,F,G,F,Q,G,R,L,L,H,L,E,L,G,Q,R,L,G,V,H,M,H,A,V,-,-,A,H,Q,D,W,Q,L,D,Q,G,A,T,V,L,G,L,F,R,V,T,T,Q,V,-,-,-
Panthera_leo,P,A,C,R,P,L,P,W,A,L,S,V,L,L,L,L,A,G,T,C,W,V,A,P,A,A,S,A,A,P,G,P,S,-,-,-,-,L,P,R,V,P,E,Q,P,P,D,A,R,A,R,A,V,F,A,Q,L,V,A,V,Q,L,T,E,G,P,L,R,W,Y,S,D,P,A,L,A,G,V,F,L,G,P,G,L,S,Y,D,Q,H,S,R,E,L,M,V,A,E,P,G,V,Y,Y,V,F,L,H,L,K,L,Q,R,V,V,S,S,F,G,S,G,S,V,S,V,A,L,H,L,Q,P,L,G,-,-,A,G,A,A,A,L,A,L,T,L,D,L,P,P,P,S,S,K,A,P,D,S,A,S,G,F,R,S,S,L,L,H,L,G,P,G,Q,R,L,G,V,H,L,R,A,E,A,G,A,H,P,A,W,Q,L,A,Q,G,A,T,I,L,G,L,F,R,V,A,T,K,V,P,A,G
Panthera_pardus,P,A,C,R,P,L,P,W,A,L,S,V,L,L,L,L,A,G,T,C,W,V,A,P,A,A,S,A,A,P,G,P,S,-,-,-,-,L,P,R,V,P,E,Q,P,P,D,A,R,A,R,A,V,F,A,Q,L,V,A,V,Q,L,T,E,G,P,L,R,W,Y,S,D,P,A,L,A,G,V,F,L,G,P,G,L,S,Y,D,Q,H,S,R,E,L,M,V,A,E,P,G,V,Y,Y,V,F,L,H,L,K,L,Q,R,V,V,S,S,F,G,S,G,S,V,S,V,A,L,H,L,Q,P,L,G,-,-,A,G,A,A,A,L,A,L,T,L,D,L,P,P,P,S,S,K,A,P,D,S,A,S,G,F,R,S,S,L,L,H,L,G,P,G,Q,R,L,G,V,H,L,R,A,E,A,G,A,H,P,A,W,Q,L,A,Q,G,A,T,I,L,G,L,F,R,V,A,T,K,V,P,A,G
Panthera_uncia,P,A,C,R,P,L,P,W,A,L,S,V,L,L,L,L,A,G,T,C,W,V,A,P,A,A,S,A,A,P,G,P,S,-,-,-,-,L,P,R,V,P,E,Q,P,P,D,A,R,A,R,A,V,F,A,Q,L,V,A,V,Q,L,T,E,G,P,L,R,W,Y,S,D,P,A,L,A,G,V,F,L,G,P,G,L,S,Y,D,Q,H,S,R,E,L,M,V,A,E,P,G,V,Y,Y,V,F,L,H,L,K,L,Q,R,V,V,S,S,F,G,S,G,S,V,S,V,A,L,H,L,Q,P,L,G,-,-,T,G,A,A,A,L,A,L,T,L,D,L,P,P,P,S,S,K,A,P,D,S,A,S,G,F,R,S,S,L,L,H,L,G,P,G,Q,R,L,G,V,H,L,R,A,E,A,G,A,H,P,A,W,Q,L,A,Q,G,A,T,I,L,G,L,F,R,V,A,T,K,V,P,A,G
Perognathus_longimembris_pacificus,R,G,P,R,C,L,R,W,A,L,C,A,-,-,-,-,-,-,-,-,-,-,-,-,-,-,-,-,-,-,-,-,-,-,-,-,-,-,-,-,-,-,-,-,-,-,-,-,-,-,-,A,L,F,A,K,L,L,S,E,S,L,A,N,G,T,L,S,W,R,S,E,E,G,L,R,G,V,F,R,S,P,G,L,R,Y,N,E,S,S,Q,E,L,V,V,A,E,A,G,L,Y,F,L,F,L,R,M,Q,L,R,Q,V,-,-,-,-,-,-,G,R,V,S,L,T,L,Q,L,E,P,-,-,-,-,-,-,-,-,-,-,-,-,-,-,-,-,-,-,-,-,-,-,-,-,-,S,A,K,G,F,W,G,H,L,V,H,L,Q,G,G,Q,R,L,S,V,R,L,S,A,-,-,-,-,-,-,-,-,-,-,-,-,-,-,-,-,-,-,L,F,R,V,-,-,-,-,-,-,-
Peromyscus_californicus_insignis,-,-,-,-,-,-,-,-,-,-,-,-,-,-,-,-,-,-,-,-,-,-,-,-,-,-,-,-,-,-,-,-,-,-,-,-,-,-,-,-,-,-,-,-,-,-,-,-,-,-,-,-,V,F,A,K,L,Q,A,A,L,L,E,N,R,T,L,S,W,H,S,Q,S,G,A,G,S,S,Y,L,S,Q,G,L,R,Y,D,K,E,Q,Q,E,L,V,V,D,K,A,G,L,Y,F,V,V,L,Q,L,K,L,S,P,V,-,-,-,-,-,-,G,Q,V,S,L,V,L,Q,L,D,P,-,-,-,-,-,-,-,-,-,-,A,L,T,V,D,L,S,P,C,S,M,E,A,-,D,L,V,E,G,S,W,S,D,L,I,L,L,K,A,G,H,R,L,S,V,N,L,R,A,-,-,-,-,-,-,-,W,Q,L,S,Q,T,F,T,S,F,V,L,F,R,V,E,P,D,T,P,R,E
Peromyscus_leucopus,-,-,-,-,-,-,-,-,-,-,-,-,-,-,-,-,-,-,-,-,-,-,-,-,-,-,-,-,-,-,-,-,-,-,-,-,-,-,-,-,-,-,-,-,-,-,-,-,-,-,-,-,V,F,A,K,L,Q,A,A,L,L,D,N,V,T,L,S,W,H,S,Q,N,G,A,G,S,S,Y,L,S,Q,G,L,S,Y,D,K,E,Q,R,E,L,V,V,D,E,A,G,L,Y,F,V,V,L,Q,L,K,L,S,P,V,-,-,-,-,-,-,-,-,-,-,-,-,-,-,-,-,-,-,-,-,-,-,-,-,-,-,L,A,L,T,V,D,L,F,P,C,S,V,E,-,-,-,-,-,-,-,-,-,-,-,L,I,P,L,K,A,G,H,R,L,S,V,N,L,R,A,-,-,-,-,-,-,-,W,Q,L,S,Q,T,F,T,S,F,V,L,F,L,V,G,P,D,A,P,R,E
Peromyscus_maniculatus_bairdii,-,-,-,-,-,-,-,-,-,-,-,-,-,-,-,-,-,-,-,-,-,-,-,-,-,-,-,-,-,-,-,-,-,-,-,-,-,-,-,-,-,-,-,-,-,-,-,-,-,-,-,-,V,F,A,K,L,Q,A,A,L,L,D,N,V,T,L,S,W,-,-,-,-,-,-,-,-,-,-,L,S,Q,G,L,S,Y,D,K,E,Q,H,E,L,V,V,D,K,A,G,L,Y,F,V,V,L,Q,L,K,L,S,P,V,-,-,-,-,-,-,G,Q,V,S,L,V,L,Q,L,D,P,-,-,-,-,-,-,-,-,-,-,A,L,T,V,D,L,F,P,C,S,M,E,-,-,-,-,-,-,-,-,-,-,-,L,I,P,L,K,A,G,H,R,L,S,V,N,L,R,A,-,-,-,-,-,-,-,W,Q,L,S,Q,T,F,T,S,F,V,L,F,L,V,G,P,D,T,P,R,E
Phascolarctos_cinereus,R,T,C,R,A,L,D,W,A,L,G,T,L,L,L,L,A,G,I,L,-,-,-,-,-,-,-,-,-,-,-,-,-,-,-,-,-,-,-,-,-,-,-,-,-,-,-,-,-,-,-,G,P,Y,A,Q,L,V,V,A,L,V,Q,N,Q,T,L,S,W,H,S,D,P,H,L,S,G,V,F,L,D,S,K,M,K,Y,D,A,D,K,E,E,L,E,V,G,V,A,G,L,Y,F,I,Y,A,H,L,K,L,Q,Q,V,M,V,S,A,-,-,-,-,-,-,-,-,-,-,-,-,-,-,-,-,-,-,-,-,A,A,L,T,L,S,L,D,V,G,P,S,S,S,-,-,-,S,T,A,T,T,S,Q,S,S,L,I,F,L,D,P,G,D,R,L,-,-,-,-,-,-,-,-,-,-,-,-,-,W,Q,L,V,S,G,A,S,T,F,G,L,F,W,V,A,-,-,-,-,-,-
Phoca_vitulina,S,A,C,R,P,L,P,W,A,L,S,A,L,L,L,L,A,G,T,G,W,A,A,P,R,A,P,A,A,P,G,P,G,-,-,-,-,L,P,E,L,P,E,L,L,P,D,A,R,A,R,G,V,F,A,Q,L,V,A,V,Q,L,T,E,G,P,L,H,W,Y,S,D,P,G,L,A,G,V,F,L,G,P,G,L,S,Y,D,Q,H,T,G,E,L,M,V,A,E,P,G,V,Y,Y,V,F,L,N,L,K,L,Q,R,V,V,S,G,K,G,S,G,S,V,S,A,A,L,H,L,Q,P,L,G,-,-,V,G,A,A,A,L,A,L,T,L,D,L,P,P,P,S,S,E,A,R,D,S,A,A,G,F,W,G,S,L,L,Q,L,G,A,G,Q,R,L,G,V,H,L,R,A,E,E,G,A,H,L,A,W,Q,L,A,Q,G,A,T,I,L,G,L,F,R,V,A,T,K,V,P,A,G
Phodopus_roborovskii,-,-,-,-,-,-,-,-,-,-,-,-,-,-,-,-,-,-,-,-,-,-,-,-,-,-,-,-,-,-,-,-,-,-,-,-,-,-,-,-,-,-,-,-,-,-,-,-,-,-,-,-,V,F,A,N,L,Q,A,-,-,L,R,N,R,T,L,S,W,H,S,-,-,-,-,-,-,-,-,L,Y,R,G,L,R,Y,D,E,E,K,D,E,L,V,V,D,N,A,G,L,Y,Y,V,I,L,Q,L,K,L,S,P,V,-,-,-,-,-,-,G,Q,V,S,L,V,L,Q,L,N,P,-,-,-,-,-,-,-,-,-,L,A,L,T,V,D,L,F,P,C,S,M,E,A,-,N,L,V,E,G,S,W,G,H,L,I,H,L,K,A,G,H,R,L,S,V,K,L,N,A,-,-,-,-,-,-,-,W,Q,L,S,Q,T,I,T,S,F,V,L,F,L,V,-,-,-,-,-,-,-
Prionailurus_bengalensis_euptilurus,-,-,-,-,-,-,-,-,-,-,-,-,-,-,-,-,-,-,-,-,-,-,-,-,-,-,-,-,-,-,-,-,-,-,-,-,-,-,-,-,-,-,-,-,-,-,-,-,-,-,-,-,-,-,-,-,-,-,-,-,-,-,-,-,-,-,-,-,-,-,-,-,-,-,-,-,-,-,-,-,-,-,-,-,-,-,-,-,-,-,-,-,-,-,-,-,-,-,-,-,-,-,-,-,-,-,-,-,-,-,-,-,-,-,-,-,-,-,-,-,-,-,-,-,-,-,-,-,-,-,-,-,-,-,-,-,-,-,-,-,-,-,-,-,-,-,-,-,-,-,-,-,-,-,-,-,-,-,-,-,-,-,-,-,-,-,-,-,-,-,-,-,-,-,-,-,-,-,-,-,-,-,-,-,-,-,-,-,-,-,-,-,-,-,-,-,-,-,-,-,-,-,-,-,-,-,-
Puma_concolor,-,-,-,-,-,-,-,-,-,-,-,-,-,-,-,-,-,-,-,-,-,-,-,-,-,-,-,-,-,-,-,-,-,-,-,-,-,-,-,-,-,-,-,-,-,-,-,-,-,-,-,-,-,-,-,-,-,-,-,V,Q,L,T,E,G,P,L,R,W,Y,S,D,P,G,L,A,G,V,F,L,G,P,G,L,S,Y,D,Q,H,S,R,E,L,M,V,A,E,P,G,V,Y,Y,V,F,L,H,L,K,L,Q,R,V,V,S,S,F,G,S,G,S,V,S,V,A,L,H,L,Q,P,L,G,-,-,A,G,A,A,A,L,A,L,T,L,D,L,P,P,P,S,S,K,A,P,D,S,A,S,G,F,R,S,S,L,L,H,L,G,A,G,Q,R,L,G,V,H,L,R,A,E,A,G,A,H,L,A,W,Q,L,A,Q,G,A,T,I,L,G,L,F,R,V,A,T,K,V,P,A,G
Puma_yagouaroundi,-,-,-,-,-,-,-,-,-,-,-,-,-,-,-,-,-,-,-,-,-,-,-,-,-,-,-,-,-,-,-,-,-,-,-,-,-,-,-,-,-,-,-,-,-,-,-,-,-,-,-,A,V,F,A,Q,L,V,A,V,Q,L,T,E,G,P,L,R,W,Y,S,D,P,G,L,A,G,V,F,L,G,P,G,L,S,Y,D,Q,H,S,R,E,L,M,V,A,E,P,G,V,Y,Y,V,F,L,H,L,K,L,Q,R,V,V,S,S,F,G,S,G,S,V,S,V,A,L,H,L,Q,P,L,G,-,-,A,G,A,A,A,L,A,L,T,L,D,L,P,P,P,S,S,K,A,P,D,S,A,S,G,F,R,S,S,L,L,H,L,G,A,G,Q,R,L,G,V,H,L,R,A,E,A,G,T,H,L,A,W,Q,L,A,Q,G,A,T,I,L,G,L,F,R,V,A,T,K,V,P,A,G
Rattus_norvegicus,-,-,-,-,-,-,-,-,-,-,-,-,-,-,-,-,-,-,-,-,-,-,-,-,-,-,-,-,-,-,-,-,-,-,-,-,-,-,-,-,-,-,-,-,-,-,-,-,-,-,-,-,V,F,A,K,L,L,A,A,S,L,S,N,T,T,L,N,W,H,S,Q,E,G,A,G,S,S,Y,L,S,R,G,L,R,Y,E,E,D,K,K,E,L,V,V,D,S,P,G,L,Y,Y,V,F,L,E,L,K,L,-,-,-,-,-,-,-,-,-,-,-,-,-,-,-,-,-,-,-,-,-,-,-,-,-,-,-,-,-,L,A,L,T,V,E,L,F,P,C,S,M,E,-,-,-,-,-,-,-,-,-,-,-,L,L,R,L,K,A,G,H,R,L,S,V,D,L,R,A,-,-,-,-,-,-,-,-,-,-,-,-,-,-,T,S,F,G,L,F,L,V,K,P,D,P,P,Q,G
Rattus_rattus,-,-,-,-,-,-,-,-,-,-,-,-,-,-,-,-,-,-,-,-,-,-,-,-,-,-,-,-,-,-,-,-,-,-,-,-,-,-,-,-,-,-,-,-,-,-,-,-,-,-,-,-,V,F,A,K,L,L,A,A,S,L,S,N,T,T,L,N,W,H,S,Q,E,G,A,G,S,V,Y,L,S,R,G,L,R,Y,E,E,D,K,K,E,L,V,V,D,S,P,G,L,Y,Y,V,F,L,E,L,K,L,-,-,-,-,-,-,-,-,-,-,-,-,-,-,-,-,-,-,-,-,-,-,-,-,-,-,-,-,-,L,A,L,T,V,E,L,F,P,C,S,M,E,-,-,-,-,-,-,-,-,-,-,-,L,L,R,L,T,A,G,H,R,L,S,V,D,L,R,A,-,-,-,-,-,-,-,-,-,-,-,-,-,-,T,S,F,G,L,F,L,V,K,P,D,T,P,Q,G
Sarcophilus_harrisii,R,T,C,R,V,L,D,W,F,F,A,T,L,L,L,L,S,G,A,-,-,-,-,-,-,-,-,-,-,-,-,-,-,-,-,-,-,-,-,-,-,-,-,-,-,-,-,-,-,-,-,-,-,-,A,Q,L,V,M,A,L,V,Q,N,Q,T,L,S,W,H,N,D,P,H,L,S,R,V,F,L,D,P,R,M,N,Y,D,A,D,K,G,E,L,E,V,K,V,A,G,L,Y,F,V,Y,T,H,L,K,L,Q,Q,V,V,-,-,-,-,-,-,-,-,-,-,-,-,-,-,-,-,-,-,-,-,-,-,-,-,-,L,N,L,S,L,D,V,G,P,-,-,-,-,-,-,-,-,-,-,-,-,-,S,S,L,I,F,L,H,P,G,E,R,L,-,-,-,-,-,-,-,-,-,-,-,-,-,W,Q,L,V,S,G,A,N,T,F,G,L,F,W,V,A,-,-,-,-,-,-
Suncus_etruscus,R,A,C,T,P,L,P,-,-,-,-,-,-,-,-,-,-,-,-,-,-,-,-,-,-,-,-,-,-,-,-,-,-,-,-,-,-,-,-,-,-,-,E,P,P,A,D,P,R,A,H,G,L,F,G,G,Q,L,V,A,Q,L,R,P,G,A,L,S,W,H,S,D,P,G,L,A,G,V,L,M,A,S,S,L,H,Y,H,E,A,T,R,E,L,E,V,T,Q,A,G,L,Y,Y,V,F,L,N,L,A,L,R,R,V,V,V,-,-,A,A,G,S,L,S,A,S,L,H,L,-,-,-,-,-,-,-,G,T,A,A,L,S,L,T,L,D,L,L,P,L,-,-,-,-,-,D,S,T,S,S,F,R,A,A,L,L,P,L,S,A,G,Q,R,L,S,V,H,L,-,-,-,-,-,-,-,-,-,W,Q,L,A,Q,G,A,T,L,L,G,L,F,R,V,T,S,D,-,-,-,-
Sus_scrofa,R,A,C,S,P,L,P,W,A,L,S,A,L,L,V,F,A,A,A,S,W,T,A,P,G,A,P,A,A,P,-,-,G,P,A,P,R,L,P,E,G,P,E,L,T,S,D,A,L,A,-,G,V,F,A,Q,L,V,-,-,-,L,T,E,G,P,L,H,W,C,S,E,P,G,M,K,G,V,T,L,T,P,G,V,R,Y,D,R,D,T,H,E,L,V,V,V,K,A,G,I,Y,Y,V,F,L,H,L,A,L,K,R,V,V,A,-,-,-,S,G,S,V,S,V,A,L,H,L,Q,P,S,H,-,-,A,E,A,T,A,L,A,L,T,L,D,L,P,P,P,S,S,G,-,-,N,S,A,A,G,F,R,G,G,L,L,H,L,G,A,G,Q,R,L,G,V,H,L,H,-,-,-,-,-,-,-,P,W,Q,L,L,D,-,T,T,A,L,G,L,F,R,V,A,T,R,A,P,A,V
Tachyglossus_aculeatus,R,T,C,R,A,L,D,W,A,V,L,A,L,L,L,L,A,T,A,L,-,-,-,-,-,-,-,-,-,-,-,-,-,-,-,-,-,-,-,-,-,-,-,-,-,-,-,-,-,-,-,-,-,-,-,-,-,-,-,A,A,L,Q,S,G,T,L,S,W,D,S,N,D,R,L,T,G,V,I,M,T,S,D,F,S,Y,D,D,K,T,K,E,L,E,V,K,R,A,G,I,Y,Y,V,Y,I,Q,L,A,L,K,R,V,V,-,-,-,-,-,-,-,-,-,-,-,-,-,-,-,-,-,-,-,-,-,-,-,-,-,-,-,-,-,-,-,-,-,-,-,-,-,-,-,-,-,-,-,-,-,-,-,-,-,-,-,-,-,-,-,-,-,-,-,-,-,-,-,-,-,-,-,-,-,-,-,-,-,-,-,-,-,-,-,-,-,-,G,L,F,R,V,A,-,-,-,-,-,-
Talpa_occidentalis,R,A,C,H,P,L,P,W,A,L,S,A,L,L,L,L,-,-,-,-,-,-,-,-,-,-,-,-,-,-,-,-,-,-,-,-,-,-,-,-,-,-,-,-,-,-,-,-,-,-,-,-,-,-,P,E,V,P,E,V,Q,L,A,E,G,P,L,S,W,W,S,S,P,G,M,E,G,V,F,L,S,P,G,L,R,Y,E,E,E,P,R,Q,L,V,V,Q,E,S,G,R,Y,H,V,Y,L,H,L,E,L,Q,R,V,V,-,-,-,-,S,G,S,V,S,A,S,L,Q,L,Q,-,-,-,-,-,-,-,-,-,-,-,-,-,-,-,-,-,-,-,-,-,-,-,-,-,-,-,-,-,-,-,-,-,-,-,-,-,-,-,A,G,Q,R,L,S,V,H,L,K,A,S,Q,K,A,Y,S,H,W,Q,L,S,R,-,K,T,V,L,G,L,F,R,V,T,T,N,V,P,-,-
Trichechus_manatus_latirostris,S,A,C,R,W,V,D,W,A,L,G,A,L,L,L,L,A,A,A,C,W,A,V,P,A,A,T,S,-,-,-,-,-,P,A,P,-,-,-,-,-,-,-,-,-,-,-,-,-,-,-,-,-,F,A,Q,L,V,A,A,L,L,T,N,E,T,L,S,W,H,S,D,T,G,L,A,G,V,Y,L,A,P,G,L,S,Y,D,A,L,K,R,E,L,V,V,A,E,G,G,I,Y,Y,V,F,L,L,L,E,L,Q,R,V,V,A,G,E,G,S,G,W,V,S,M,A,L,H,L,Q,P,D,R,-,-,-,-,-,A,A,L,T,L,T,V,A,L,P,T,A,-,-,-,-,-,-,S,A,G,G,S,R,G,R,L,L,R,L,D,V,G,Q,R,L,A,V,H,M,R,A,S,A,T,A,H,A,T,W,Q,L,A,P,R,A,T,V,L,G,L,F,R,V,A,P,E,V,P,A,G
Trichosurus_vulpecula,R,T,C,R,A,L,D,W,A,L,W,T,L,L,L,L,A,G,I,L,-,-,-,-,-,-,-,-,-,-,-,-,-,-,-,-,-,-,-,-,-,-,-,-,-,-,-,-,-,-,-,G,P,Y,A,Q,L,V,M,V,L,V,Q,N,Q,T,L,T,W,Y,S,D,S,S,Y,S,G,V,L,L,D,S,Q,M,K,Y,D,D,D,K,G,E,L,E,V,G,V,S,G,L,Y,F,I,Y,A,H,L,K,L,K,Q,V,-,-,-,-,-,-,-,-,-,-,-,-,-,-,-,-,-,-,-,-,-,-,-,-,-,-,L,T,L,S,L,D,V,G,P,-,-,-,-,-,-,-,-,-,-,-,-,-,S,-,-,-,-,L,D,-,-,-,-,-,-,-,-,-,-,-,-,-,-,-,-,-,-,W,Q,L,V,S,E,A,S,T,F,G,L,F,W,V,-,-,-,-,-,-,-
Ursus_arctos_horribilis,-,-,-,-,-,-,-,-,-,-,-,-,-,-,-,-,-,-,-,-,-,-,-,-,-,-,-,-,-,-,-,-,-,-,-,-,-,-,-,-,-,-,-,-,-,-,-,-,-,-,-,-,-,-,-,-,-,-,-,-,-,-,-,-,-,-,-,-,-,-,-,-,-,-,-,-,-,-,-,-,-,-,-,-,-,-,-,-,-,-,-,-,-,-,-,-,-,-,-,-,-,-,-,-,-,-,-,-,-,-,-,-,-,-,-,-,-,-,-,-,-,-,-,-,-,-,-,-,-,-,-,-,-,-,-,-,-,-,-,-,-,-,-,-,-,-,-,-,-,-,-,-,-,-,-,-,-,-,-,-,-,-,-,-,-,-,-,-,-,-,-,-,-,-,-,-,-,-,-,-,-,-,-,-,-,-,-,-,-,-,-,-,-,-,-,-,-,-,-,-,-,-,-,-,-,-,-
Vombatus_ursinus,R,S,C,R,A,L,D,W,A,L,G,T,L,L,L,L,A,G,T,L,-,-,-,-,-,-,-,-,-,-,-,-,-,-,-,-,-,-,-,-,-,-,-,-,-,-,-,-,-,-,-,G,P,Y,A,Q,L,V,M,A,L,V,Q,N,Q,T,L,S,W,H,S,D,P,H,L,S,G,V,F,L,D,S,R,M,K,Y,D,A,D,K,G,E,L,E,V,G,V,A,G,L,Y,F,I,Y,A,H,L,K,L,Q,Q,V,M,V,-,-,-,-,-,-,-,-,-,-,-,-,-,-,-,-,-,-,-,-,-,-,A,A,L,T,L,S,L,D,V,G,P,-,-,-,-,-,-,-,-,-,-,-,-,-,S,S,L,I,F,L,D,P,G,D,R,L,-,-,-,-,-,-,-,-,-,-,-,-,-,W,Q,L,V,S,G,A,S,T,F,G,L,F,W,V,A,-,-,-,-,-,-
Vulpes_lagopus,R,A,C,S,P,L,P,W,A,L,S,A,M,L,L,L,A,G,T,C,W,V,V,P,-,-,-,-,-,-,-,-,-,-,-,-,-,-,-,-,-,-,-,-,-,P,D,A,G,A,R,A,V,F,A,Q,L,V,A,V,Q,L,K,E,G,P,L,R,W,Y,S,D,P,G,L,A,G,V,F,L,G,P,G,L,S,Y,D,Q,R,T,R,E,L,M,V,A,E,P,G,L,Y,Y,V,F,L,H,L,K,L,Q,R,V,M,S,S,T,G,S,G,S,V,S,A,A,L,H,L,Q,P,L,G,-,-,T,E,A,A,A,L,D,L,T,L,D,L,P,P,P,S,S,E,A,R,D,S,A,A,G,F,R,G,S,L,L,H,L,D,A,G,Q,R,L,R,V,H,L,R,A,E,A,G,A,H,P,A,W,Q,L,A,Q,G,A,T,I,L,G,L,F,R,V,A,T,K,V,P,T,G
Vulpes_vulpes,-,-,-,-,-,-,-,-,-,-,-,-,-,-,-,-,-,-,-,-,-,-,-,-,-,-,-,-,-,-,-,-,-,-,-,-,-,-,-,-,-,-,-,-,-,-,-,-,-,-,-,A,V,F,A,Q,L,V,A,V,Q,L,K,E,G,P,L,R,W,Y,S,D,P,G,L,A,G,V,F,L,G,P,G,L,S,Y,D,Q,R,T,R,E,L,M,V,A,E,P,G,L,Y,Y,V,F,L,H,L,K,L,Q,R,V,M,S,S,T,G,S,G,S,V,S,A,A,L,H,L,Q,P,L,G,-,-,T,E,A,A,A,L,D,L,T,L,D,L,P,P,P,S,S,E,A,H,D,S,A,A,G,F,R,G,S,L,L,H,L,D,A,G,Q,R,L,R,V,H,L,R,A,E,A,G,A,H,P,A,W,Q,L,A,Q,G,A,T,I,L,G,L,F,R,V,A,T,K,V,P,T,G
Zalophus_californianus,S,A,C,R,P,L,P,W,A,L,S,A,L,L,L,L,A,G,T,G,W,A,A,P,R,A,P,A,V,P,S,P,G,-,-,-,-,-,-,-,-,P,E,L,L,P,D,A,R,A,R,G,V,F,A,Q,L,V,A,V,R,L,T,E,G,P,L,H,W,Y,S,D,P,G,L,A,G,V,F,L,G,P,G,L,S,Y,D,K,H,T,G,E,L,M,V,A,E,P,G,V,Y,Y,V,F,L,H,L,K,L,Q,R,V,V,S,H,E,G,S,G,S,V,S,A,A,L,R,L,R,P,L,G,-,-,A,A,A,A,A,P,A,L,T,L,D,L,P,P,P,S,S,E,A,R,D,S,A,A,G,F,Q,G,S,L,L,H,L,G,A,G,Q,R,L,G,V,H,L,R,A,E,A,G,V,H,L,A,W,Q,L,A,Q,G,A,T,I,L,G,L,F,R,V,A,T,K,V,P,T,G
shrew_mole,R,A,C,R,P,L,P,W,A,L,S,A,L,V,L,L,S,G,A,V,L,V,G,S,R,D,P,A,S,L,D,Q,G,P,A,P,E,R,P,E,A,A,E,P,Q,P,D,A,C,A,R,G,V,S,G,Q,L,V,A,A,Q,L,T,N,G,L,L,S,W,H,S,S,P,G,L,E,G,V,F,L,S,P,G,L,S,Y,D,K,N,T,H,E,L,V,V,A,E,A,G,V,Y,Y,V,F,L,H,L,E,L,Q,R,V,V,A,R,E,D,N,N,Q,L,S,V,S,L,Q,L,Q,T,L,G,-,-,A,E,V,E,D,L,T,L,T,L,K,L,P,P,S,S,A,-,-,-,D,S,V,A,A,S,R,S,G,L,L,K,L,S,A,G,Q,R,L,A,V,Y,L,S,S,S,G,R,H,R,S,H,W,Q,L,K,Q,K,A,T,V,L,R,L,L,R,V,T,T,E,V,P,P,E
ZWS,R,S,C,W,A,L,W,G,V,L,V,V,L,L,L,L,S,V,G,V,W,L,V,P,A,P,P,K,N,V,S,F,A,G,R,S,E,Q,P,-,-,-,-,-,-,-,-,-,-,-,-,E,V,F,G,R,L,L,T,V,T,L,S,E,G,T,L,S,W,Y,S,Q,R,G,F,G,S,A,H,L,S,R,D,L,S,Y,D,D,H,S,E,E,L,V,V,A,R,G,G,L,Y,C,V,F,L,Q,L,K,L,K,C,A,L,F,Q,T,E,W,G,R,L,S,L,S,L,E,M,Q,P,P,Y,-,-,E,G,Q,A,N,L,A,L,T,M,D,L,P,P,C,S,G,G,S,P,K,E,V,K,D,Y,W,R,R,P,L,S,L,K,S,G,K,R,L,S,V,R,L,H,G,V,Q,N,P,Q,E,A,W,Q,L,A,Q,S,A,T,V,F,G,L,F,S,M,N,S,K,T,P,P,D
