,YAE1 0,YAE1 1,YAE1 2,YAE1 3,YAE1 4,YAE1 5,YAE1 6,YAE1 7,YAE1 8,YAE1 9,YAE1 10,YAE1 11,YAE1 12,YAE1 13,YAE1 14,YAE1 15,YAE1 16,YAE1 17,YAE1 18,YAE1 19,YAE1 20,YAE1 21,YAE1 22,YAE1 23,YAE1 24,YAE1 25,YAE1 26,YAE1 27,YAE1 28,YAE1 29,YAE1 30,YAE1 31,YAE1 32,YAE1 33,YAE1 34,YAE1 35,YAE1 36,YAE1 37,YAE1 38,YAE1 39,YAE1 40,YAE1 41,YAE1 42,YAE1 43,YAE1 44,YAE1 45,YAE1 46,YAE1 47,YAE1 48,YAE1 49,YAE1 50,YAE1 51,YAE1 52,YAE1 53,YAE1 54,YAE1 55,YAE1 56,YAE1 57,YAE1 58,YAE1 59,YAE1 60,YAE1 61,YAE1 62,YAE1 63,YAE1 64,YAE1 65,YAE1 66,YAE1 67,YAE1 68,YAE1 69,YAE1 70,YAE1 71,YAE1 72,YAE1 73,YAE1 74,YAE1 75,YAE1 76,YAE1 77,YAE1 78,YAE1 79,YAE1 80,YAE1 81,YAE1 82,YAE1 83,YAE1 84,YAE1 85,YAE1 86,YAE1 87,YAE1 88,YAE1 89,YAE1 90,YAE1 91,YAE1 92,YAE1 93,YAE1 94,YAE1 95,YAE1 96,YAE1 97,YAE1 98,YAE1 99,YAE1 100,YAE1 101,YAE1 102,YAE1 103,YAE1 104,YAE1 105,YAE1 106,YAE1 107,YAE1 108,YAE1 109,YAE1 110,YAE1 111,YAE1 112,YAE1 113,YAE1 114,YAE1 115,YAE1 116,YAE1 117,YAE1 118,YAE1 119,YAE1 120,YAE1 121,YAE1 122,YAE1 123,YAE1 124,YAE1 125,YAE1 126,YAE1 127,YAE1 128,YAE1 129,YAE1 130,YAE1 131,YAE1 132,YAE1 133,YAE1 134,YAE1 135,YAE1 136,YAE1 137,YAE1 138,YAE1 139,YAE1 140,YAE1 141,YAE1 142,YAE1 143,YAE1 144,YAE1 145,YAE1 146,YAE1 147,YAE1 148,YAE1 149,YAE1 150,YAE1 151,YAE1 152,YAE1 153,YAE1 154,YAE1 155,YAE1 156,YAE1 157,YAE1 158,YAE1 159,YAE1 160,YAE1 161,YAE1 162,YAE1 163,YAE1 164,YAE1 165,YAE1 166,YAE1 167,YAE1 168,YAE1 169,YAE1 170,YAE1 171,YAE1 172,YAE1 173,YAE1 174,YAE1 175,YAE1 176,YAE1 177,YAE1 178,YAE1 179,YAE1 180,YAE1 181,YAE1 182,YAE1 183,YAE1 184,YAE1 185,YAE1 186,YAE1 187,YAE1 188,YAE1 189,YAE1 190,YAE1 191,YAE1 192,YAE1 193,YAE1 194,YAE1 195,YAE1 196,YAE1 197,YAE1 198,YAE1 199,YAE1 200,YAE1 201,YAE1 202,YAE1 203,YAE1 204,YAE1 205,YAE1 206,YAE1 207,YAE1 208,YAE1 209,YAE1 210,YAE1 211,YAE1 212,YAE1 213,YAE1 214,YAE1 215,YAE1 216,YAE1 217,YAE1 218,YAE1 219,YAE1 220,YAE1 221,YAE1 222,YAE1 223,YAE1 224
Chrysochloris_asiatica,M,S,W,V,R,A,A,A,L,V,P,C,P,G,D,E,G,D,V,F,D,E,E,A,D,E,T,L,L,V,Q,R,E,W,R,N,H,M,H,R,R,I,E,G,Y,R,D,G,V,D,A,G,K,A,V,A,L,Q,Q,G,F,N,Q,G,Y,K,K,G,A,E,I,I,I,N,Y,G,Q,L,R,G,T,L,S,A,L,L,S,W,C,H,L,H,G,N,S,S,A,L,I,S,K,I,H,N,L,L,D,A,V,G,Q,C,E,E,Y,V,L,K,H,L,K,S,F,T,P,E,S,H,V,V,D,L,L,D,S,I,Q,D,M,D,L,C,H,V,V,P,A,E,E,K,I,D,E,A,K,D,E,R,L,Y,E,N,N,A,E,F,N,K,N,C,S,K,S,P,G,E,I,D,G,S,S,T,E,R,C,P,T,Q,Q,H,A,H,S,E,S,P,S,L,P,W,I,L,E,Q,T,A,G,L,V,K,Q,L,G,V,P,V,D,V,L,Q,H,L,K,Q,L
Balaenoptera_acutorostrata_scammoni,-,-,-,-,-,-,-,-,-,-,-,-,-,-,-,-,-,-,-,-,-,-,-,-,-,-,-,-,-,-,-,-,-,-,-,-,-,M,Q,R,R,V,E,G,Y,R,D,G,I,D,A,G,K,A,V,T,L,Q,Q,G,F,N,Q,G,Y,K,E,G,A,E,V,I,I,N,Y,G,Q,L,R,G,T,L,S,A,L,L,S,W,C,H,L,H,D,N,S,A,A,L,I,S,K,I,N,N,L,L,D,A,V,G,Q,C,E,E,Y,V,L,R,H,L,K,S,I,T,P,Q,P,H,V,V,D,L,L,D,S,I,Q,D,M,D,L,C,H,I,A,P,A,E,E,K,I,D,E,A,K,D,E,R,F,Y,E,N,N,A,E,F,N,K,N,C,S,K,N,L,S,G,V,D,C,S,S,L,K,C,C,R,T,Q,E,R,A,H,S,E,N,P,S,L,T,W,I,L,E,Q,T,A,S,L,V,K,Q,L,G,V,S,I,D,I,L,Q,H,L,K,Q,L
Balaenoptera_musculus,M,S,W,F,R,A,A,P,L,A,E,G,P,G,E,E,G,D,V,F,D,E,E,A,D,E,S,V,L,V,H,R,E,W,R,S,H,M,Q,R,R,V,E,G,Y,R,D,G,I,D,A,G,K,A,V,T,L,Q,Q,G,F,N,Q,G,Y,K,E,G,A,E,V,I,I,N,Y,G,Q,L,R,G,T,L,S,A,L,L,S,W,C,H,L,H,D,N,S,A,A,L,I,S,K,I,N,N,L,L,D,A,V,G,Q,C,E,E,Y,V,L,R,H,L,K,S,I,T,P,Q,P,H,V,V,D,L,L,D,S,I,Q,D,M,D,L,C,H,I,A,P,A,E,E,K,I,D,E,A,K,D,E,R,F,Y,E,N,N,A,E,F,N,K,N,C,S,K,N,L,S,G,V,D,C,S,S,L,K,C,C,R,T,Q,E,R,A,H,S,E,S,P,S,L,T,W,I,L,E,Q,T,A,S,L,V,K,Q,L,G,V,S,I,D,I,L,Q,H,L,K,Q,L
Echinops_telfairi,M,S,W,V,Q,A,A,H,L,I,R,S,P,G,-,E,G,D,V,F,D,E,E,A,D,E,S,L,L,V,Q,R,E,W,Q,S,H,M,H,R,R,V,E,G,Y,R,D,G,V,D,A,G,K,A,V,A,L,Q,Q,G,F,N,Q,G,Y,K,E,G,A,E,V,I,I,N,Y,G,Q,L,R,G,T,L,S,A,L,L,S,W,C,L,L,H,G,N,S,P,A,F,I,G,K,I,N,H,L,L,D,A,V,G,Q,C,E,E,Y,V,L,K,H,L,K,S,I,T,A,P,P,Q,V,V,D,L,L,D,S,V,Q,N,M,D,L,C,P,A,V,P,A,E,K,K,I,D,E,A,K,D,E,R,L,Y,E,N,S,A,K,F,N,K,N,G,S,K,S,P,G,G,I,D,C,S,Y,L,E,S,C,G,T,D,K,H,A,H,S,E,S,P,S,L,T,W,I,L,E,Q,T,A,S,L,L,Q,Q,L,G,M,S,V,D,I,L,Q,H,L,K,Q,L
Delphinapterus_leucas,M,S,W,L,R,A,A,A,L,V,Q,G,P,G,E,E,R,D,V,F,D,E,E,A,D,E,S,V,L,V,Q,R,E,W,R,S,H,M,Q,R,R,V,E,G,Y,R,D,G,I,E,A,G,K,A,V,T,L,Q,Q,G,F,N,Q,G,Y,K,E,G,A,E,V,I,M,N,Y,G,Q,L,R,G,T,L,S,A,L,L,S,W,C,H,L,H,D,N,S,S,A,L,I,S,K,I,N,N,L,L,D,A,V,G,Q,C,E,E,Y,V,L,R,H,L,K,S,I,T,P,Q,P,H,V,V,D,L,L,D,S,I,Q,D,M,D,L,C,H,I,A,P,A,E,E,K,I,D,E,A,K,D,E,R,F,Y,E,N,N,A,E,F,N,K,N,C,S,K,N,L,S,G,V,D,C,S,S,L,K,Y,C,R,T,Q,E,R,A,H,S,E,N,P,S,L,T,W,I,L,E,Q,T,A,S,L,V,K,Q,L,G,V,S,V,D,I,L,R,H,L,K,Q,L
Globicephala_melas,M,S,W,L,R,A,A,S,L,V,Q,G,P,G,E,E,R,D,V,F,D,E,E,A,D,E,S,V,L,V,Q,R,E,W,R,N,H,M,Q,R,R,V,E,G,Y,R,D,G,I,E,A,G,K,A,V,T,L,Q,Q,G,F,N,Q,G,F,K,E,G,A,E,V,I,M,N,Y,G,Q,L,R,G,T,L,S,A,L,L,S,W,C,H,L,H,D,S,N,S,A,L,I,S,K,I,N,N,L,L,D,A,V,G,Q,C,E,E,Y,V,L,R,H,L,K,S,I,T,P,Q,P,H,V,V,D,L,L,D,S,I,Q,D,M,D,L,C,H,I,A,P,A,E,E,K,I,D,E,A,K,D,E,R,F,Y,E,N,N,A,E,F,N,K,N,C,S,K,N,L,S,G,V,D,C,S,S,L,K,Y,C,R,T,Q,E,H,A,H,S,E,N,P,S,L,T,W,I,L,E,Q,T,A,S,L,V,K,Q,L,G,V,S,V,D,I,L,Q,H,L,K,Q,L
Lagenorhynchus_obliquidens,M,S,W,L,R,A,A,S,L,V,Q,G,P,G,E,E,R,D,V,F,D,E,E,A,D,E,S,V,L,V,Q,R,E,W,R,N,H,M,Q,R,R,V,E,G,Y,R,D,G,I,E,A,G,K,A,V,T,L,Q,Q,G,F,N,Q,G,Y,K,E,G,A,E,V,I,M,N,Y,G,Q,L,R,G,T,L,S,A,L,L,S,W,C,H,L,H,D,S,S,S,A,L,I,S,K,I,N,N,L,L,D,A,V,G,Q,C,E,E,Y,V,L,R,H,L,K,S,I,T,P,Q,P,H,V,V,D,L,L,D,S,I,Q,D,M,D,L,C,H,I,A,P,A,E,E,K,I,D,E,A,K,D,E,R,F,Y,E,N,N,A,E,F,N,K,N,C,S,K,N,L,S,G,V,D,C,S,S,L,K,Y,C,R,T,Q,E,R,A,H,S,E,N,P,S,L,T,W,I,L,E,Q,T,A,S,L,V,K,Q,L,G,V,S,V,D,I,L,Q,H,L,K,Q,L
Lipotes_vexillifer,M,S,W,F,R,A,A,S,L,V,Q,G,P,V,E,E,R,D,V,F,D,E,E,A,D,E,S,V,M,V,Q,R,E,W,R,S,H,M,Q,S,R,V,E,G,Y,R,D,G,I,D,A,G,K,A,V,T,L,Q,Q,G,F,N,Q,G,Y,K,E,G,A,E,V,I,K,N,Y,G,Q,L,R,G,T,L,S,A,L,L,S,W,C,H,L,H,D,N,S,S,A,L,I,S,K,I,N,N,L,L,D,A,V,G,H,C,E,E,Y,V,L,R,H,L,K,S,I,T,P,Q,P,H,V,V,D,L,L,D,S,I,Q,D,M,D,L,C,H,I,A,P,A,E,E,K,I,D,E,A,K,D,E,R,F,Y,E,N,N,A,E,F,N,K,N,C,S,K,N,L,S,G,V,D,C,S,S,L,K,C,C,R,T,Q,E,R,A,H,S,E,N,P,S,L,T,W,I,L,E,Q,T,A,S,L,V,K,Q,L,G,V,S,V,D,I,L,Q,H,L,Q,Q,L
Monodon_monoceros,M,S,W,L,R,A,A,S,L,V,Q,G,P,G,E,E,R,D,V,F,D,E,E,A,D,E,S,V,L,V,Q,R,E,W,R,S,H,M,Q,R,R,V,E,G,Y,R,D,G,I,E,A,G,K,A,V,T,L,Q,Q,G,F,N,Q,G,Y,K,E,G,A,E,V,I,M,N,Y,G,Q,L,R,G,T,L,S,A,L,L,S,W,C,H,L,H,D,N,S,S,A,L,I,S,K,I,N,N,L,L,D,A,V,G,Q,C,E,E,Y,V,L,R,H,L,K,S,I,T,P,Q,P,H,V,V,D,L,L,D,S,I,Q,D,M,D,L,C,H,I,A,P,A,E,E,K,I,D,E,A,K,D,E,R,F,Y,E,N,N,A,E,F,N,K,N,C,S,K,N,L,S,G,V,D,C,S,S,L,K,Y,C,R,T,Q,E,R,A,H,S,E,N,P,S,L,T,W,I,L,E,Q,T,A,S,L,V,K,Q,L,G,V,S,V,D,I,L,R,H,L,K,Q,L
Neophocaena_asiaeorientalis_asiaeorientalis,M,S,W,L,R,A,A,S,L,V,Q,G,P,G,E,E,R,D,V,F,D,E,E,A,D,E,S,V,L,V,Q,R,E,W,R,S,H,M,Q,R,R,V,E,G,Y,R,D,G,I,E,A,G,K,A,V,T,L,Q,Q,G,F,N,Q,G,Y,K,E,G,A,E,V,I,M,N,Y,G,Q,L,R,G,T,L,S,A,L,L,S,W,C,H,L,H,D,N,S,S,A,L,I,S,K,I,N,N,L,L,D,A,V,G,Q,C,E,E,Y,V,L,R,H,L,K,S,I,T,P,Q,P,H,V,V,D,L,L,D,S,I,Q,D,M,D,L,C,H,T,A,P,A,E,E,K,I,V,E,A,K,D,D,R,F,Y,E,N,N,A,E,F,N,K,N,C,S,K,N,L,S,G,V,D,C,S,S,L,K,Y,C,R,T,Q,E,R,A,H,S,E,N,P,S,H,T,W,I,L,E,Q,T,A,S,L,V,K,Q,L,G,V,S,V,D,I,L,R,H,L,K,Q,L
Orcinus_orca,M,S,W,L,R,A,A,S,L,V,Q,G,P,G,E,E,R,D,V,F,D,E,E,A,D,E,S,V,L,V,Q,R,E,W,R,N,H,M,Q,R,R,V,E,G,Y,R,D,G,I,E,A,G,K,A,V,T,L,Q,Q,G,F,N,Q,G,Y,K,E,G,A,E,V,I,M,N,Y,G,Q,L,R,G,T,L,S,A,L,L,S,W,C,H,L,H,D,S,S,S,A,L,I,S,K,I,N,N,L,L,D,A,V,G,Q,C,E,E,Y,V,L,R,H,L,K,S,I,T,P,Q,P,H,V,V,D,L,L,D,S,I,Q,D,M,D,L,C,H,I,A,P,A,E,E,K,I,D,E,A,K,D,E,R,F,Y,E,N,N,A,E,F,N,K,N,C,S,K,N,L,S,G,V,D,C,S,S,L,K,Y,C,R,T,Q,E,R,A,H,S,E,N,P,S,L,T,W,I,L,E,Q,T,A,S,L,V,K,Q,L,G,V,S,V,D,I,L,Q,H,L,K,Q,L
Phocoena_sinus,M,S,W,L,R,A,A,S,L,V,Q,G,P,G,E,E,R,D,V,F,D,E,E,A,D,E,S,V,L,V,Q,R,E,W,R,S,H,M,Q,R,R,V,E,G,Y,R,D,G,I,E,A,G,K,A,V,T,L,Q,Q,G,F,N,Q,G,Y,K,E,G,A,E,V,I,M,N,Y,G,Q,L,R,G,T,L,S,A,L,L,S,W,C,H,L,H,D,N,S,S,A,L,I,S,K,I,N,N,L,L,D,A,V,G,Q,C,E,E,Y,V,L,R,H,L,K,S,I,T,P,Q,P,H,V,V,D,L,L,D,S,I,Q,D,M,D,L,C,H,T,A,P,A,E,E,K,I,D,E,A,K,D,D,R,F,Y,E,N,N,A,E,F,N,K,N,C,S,K,N,L,S,G,V,D,C,S,S,L,K,Y,C,R,T,Q,E,R,A,H,S,E,N,P,S,L,T,W,I,L,E,Q,T,A,S,L,V,K,Q,L,G,V,S,V,D,I,L,R,H,L,K,Q,L
Physeter_catodon,M,S,W,F,R,A,A,S,L,V,Q,S,P,G,E,E,R,D,V,F,D,E,E,A,D,E,S,A,L,V,Q,R,E,W,R,S,H,M,Q,R,R,V,E,G,Y,R,D,G,I,D,A,G,K,A,V,T,L,Q,Q,G,F,N,Q,G,Y,K,E,G,A,E,V,I,I,N,Y,G,Q,L,R,G,T,L,S,A,L,L,S,W,C,H,L,H,D,N,S,S,A,L,I,S,K,I,N,N,L,L,D,A,V,G,Q,C,E,E,Y,V,L,R,H,L,K,S,I,T,P,Q,P,H,V,V,D,L,L,D,S,I,Q,D,M,D,L,C,H,I,A,P,A,E,E,K,I,D,E,A,K,D,E,R,F,Y,E,N,N,A,D,F,N,K,N,C,S,K,N,L,S,G,V,D,C,S,S,L,K,C,C,R,T,Q,E,H,A,H,S,E,N,P,S,L,T,W,I,L,E,Q,T,A,S,L,V,K,Q,L,G,V,P,V,D,I,L,Q,H,L,K,Q,L
Tursiops_truncatus,M,S,W,L,R,A,A,S,L,V,Q,R,P,G,E,E,R,D,V,F,D,E,E,A,D,E,S,V,L,V,Q,R,E,W,R,N,H,M,Q,R,R,V,E,G,Y,R,D,G,I,E,A,G,K,A,V,T,L,Q,Q,G,F,N,Q,G,Y,K,E,G,A,E,V,I,M,N,Y,G,Q,L,R,G,T,L,S,A,L,L,S,W,C,H,L,H,D,S,S,S,A,L,I,S,K,I,N,N,L,L,D,A,V,G,Q,C,E,E,Y,V,L,R,H,L,K,S,I,T,P,Q,P,H,V,V,D,L,L,D,S,I,Q,D,M,D,L,C,H,I,A,P,A,E,E,K,I,D,E,A,K,D,E,R,F,Y,E,N,N,A,E,F,N,K,N,C,S,K,N,L,S,G,V,D,C,S,S,L,K,Y,C,R,T,Q,E,H,A,H,S,E,N,P,S,L,T,W,I,L,E,Q,T,A,S,L,V,K,Q,L,G,V,S,V,D,I,L,Q,H,L,K,Q,L
Acinonyx_jubatus,M,S,W,V,Q,S,T,P,L,V,Q,G,P,G,E,E,G,D,V,F,D,E,E,A,D,E,S,L,L,V,Q,R,E,W,Q,S,H,M,L,R,R,V,E,G,Y,R,D,G,I,D,A,G,K,A,V,T,L,Q,Q,G,F,N,Q,G,Y,K,E,G,A,E,V,I,I,N,Y,G,Q,L,R,G,T,L,S,A,L,L,S,W,C,H,L,H,D,N,G,S,A,L,I,S,K,I,N,S,L,L,D,A,V,G,Q,C,E,E,Y,V,L,K,H,L,K,S,I,T,S,Q,P,H,V,V,D,L,L,D,S,I,Q,D,M,D,L,G,H,V,A,P,A,E,K,K,M,D,E,G,K,D,E,R,L,C,E,N,N,A,K,L,H,K,N,C,G,K,S,L,S,E,A,D,C,S,S,L,E,C,C,R,I,Q,E,Q,P,H,S,E,N,P,S,L,T,W,I,L,E,Q,T,A,S,L,V,K,Q,L,G,V,S,L,D,V,L,Q,H,L,K,Q,L
Acomys_russatus,M,S,W,V,R,A,V,P,E,I,P,S,P,G,D,Q,-,D,V,F,D,E,E,A,D,E,S,L,L,V,Q,R,E,W,Q,G,H,M,R,R,R,V,E,G,Y,R,D,G,V,D,A,G,K,A,V,T,L,Q,K,G,F,N,Q,G,Y,K,Q,G,A,E,V,I,L,N,Y,G,L,L,R,G,T,L,S,A,L,L,S,W,C,H,L,H,G,N,S,S,T,L,I,S,K,I,N,N,L,L,D,A,V,G,Q,C,E,G,C,V,L,K,E,V,K,S,V,T,P,Q,P,H,I,A,D,L,L,D,S,I,E,D,M,D,L,C,Q,V,V,P,A,E,E,K,T,D,D,S,K,D,G,R,L,C,G,H,G,A,E,F,N,T,N,S,D,K,S,L,S,G,I,D,C,A,H,P,E,C,Y,G,T,H,E,H,V,P,S,E,K,P,G,L,T,W,I,L,E,Q,T,S,S,V,V,K,Q,L,G,M,S,G,D,V,L,Q,H,L,R,Q,L
Arvicanthis_niloticus,M,S,W,F,R,A,T,S,E,I,A,I,P,G,D,Q,-,D,V,F,D,E,E,A,D,E,S,L,L,V,Q,R,E,W,Q,G,H,M,R,K,R,V,E,G,Y,R,D,G,I,D,A,G,K,A,V,T,L,Q,Q,G,F,N,Q,G,Y,K,E,G,A,D,V,I,I,N,Y,G,L,L,R,G,T,L,S,A,L,L,S,W,C,R,L,H,G,N,S,S,T,L,I,S,K,I,N,N,L,L,D,A,V,G,Q,C,E,E,Y,M,L,K,H,L,K,S,V,T,S,Q,P,Q,V,T,D,L,L,D,S,I,E,D,M,D,L,C,H,A,V,P,A,E,R,K,A,G,E,V,K,G,-,-,-,-,D,N,N,A,E,I,N,T,D,S,D,K,S,P,N,G,M,D,C,S,H,P,E,C,C,R,T,Q,E,Q,A,Q,L,E,K,P,S,L,A,W,I,L,E,Q,T,A,N,L,V,K,Q,L,G,V,S,V,D,I,L,Q,H,L,G,Q,L
Bison_bison_bison,M,S,W,V,Q,A,A,S,L,V,Q,G,P,E,E,E,R,D,V,F,D,E,E,A,D,E,S,L,L,V,Q,R,E,W,R,S,H,M,Q,R,R,V,E,G,Y,R,D,G,I,D,A,G,K,A,V,T,L,Q,Q,G,F,N,Q,G,Y,K,E,G,A,E,V,I,I,N,Y,G,Q,L,R,G,T,L,S,A,L,L,S,W,C,H,L,H,D,N,S,S,A,L,I,S,K,I,N,N,L,L,D,A,V,G,Q,C,E,E,Y,V,L,R,H,L,K,S,I,T,S,Q,P,H,V,V,D,L,L,D,S,L,Q,D,M,D,L,C,H,V,A,P,A,E,E,K,I,D,E,V,K,D,E,R,F,C,E,N,N,A,E,F,N,K,N,C,S,K,N,L,S,Q,V,D,C,S,S,L,E,C,C,R,A,Q,E,H,A,C,P,E,N,P,S,L,T,W,I,L,E,Q,T,A,S,L,V,K,Q,L,G,V,S,V,D,I,L,Q,H,L,K,Q,L
Bos_indicus,M,S,W,V,Q,A,A,S,L,V,Q,G,P,E,E,E,R,D,V,F,D,E,E,A,D,E,L,L,L,V,Q,R,E,W,R,S,H,M,Q,R,R,V,E,G,Y,R,D,G,I,D,A,G,K,A,V,T,L,Q,Q,G,F,N,Q,G,Y,K,E,G,A,E,V,I,I,N,Y,G,Q,L,R,G,T,L,S,A,L,L,S,W,C,H,L,H,D,N,S,S,A,L,I,S,K,I,N,N,L,L,D,A,V,G,Q,C,E,E,Y,V,L,R,H,L,K,S,I,T,S,Q,P,H,V,V,D,L,L,D,S,L,Q,D,M,D,L,C,H,V,A,P,A,E,E,K,I,D,E,V,K,D,E,R,F,C,E,N,N,A,E,F,N,K,N,C,S,K,N,L,S,Q,V,D,C,S,S,L,K,C,C,R,A,Q,E,H,A,C,P,E,N,P,S,L,T,W,I,L,E,Q,T,A,S,L,V,K,Q,L,G,V,S,V,D,I,L,Q,H,-,K,Q,L
Bos_mutus,M,S,W,V,Q,A,A,S,L,V,Q,G,P,E,E,E,R,D,V,F,D,E,E,A,D,E,S,L,L,V,Q,R,E,W,R,S,H,M,Q,R,R,V,E,G,Y,R,D,G,I,D,A,G,K,A,V,T,L,Q,K,G,F,N,Q,G,Y,K,E,G,A,E,V,I,I,N,Y,G,Q,L,R,G,T,L,S,A,L,L,S,W,C,H,L,H,D,N,S,S,A,L,I,S,K,I,N,N,L,L,D,A,V,G,Q,C,E,E,Y,V,L,R,H,L,K,S,I,T,S,Q,P,H,V,V,D,L,L,D,S,L,Q,D,M,D,L,C,H,V,A,P,A,E,E,K,I,D,E,V,K,D,E,R,F,C,E,N,N,A,E,F,N,K,N,C,S,K,N,R,S,Q,V,D,C,S,S,L,E,C,C,R,A,Q,E,H,A,C,P,E,N,P,S,L,T,W,I,L,E,Q,T,A,S,L,V,K,Q,L,G,V,S,V,D,I,L,Q,H,L,K,Q,L
Bos_taurus,M,S,W,V,Q,A,A,S,L,V,Q,G,P,E,E,E,R,D,V,F,D,E,E,A,D,E,S,L,L,V,Q,R,E,W,R,S,H,M,Q,R,R,V,E,G,Y,R,D,G,I,D,A,G,K,A,V,T,L,Q,Q,G,F,N,Q,G,Y,K,E,G,A,E,V,I,I,N,Y,G,Q,L,R,G,T,L,S,A,L,L,S,W,C,H,L,H,D,N,S,S,A,L,I,S,K,I,N,N,L,L,D,A,V,G,Q,C,E,E,Y,V,L,R,H,L,K,S,I,T,S,Q,P,H,V,V,D,L,L,D,S,L,Q,D,M,D,L,C,H,V,A,P,A,E,E,K,I,D,E,V,K,D,E,R,F,C,E,N,N,A,E,F,N,K,N,C,S,K,N,L,S,Q,V,D,C,S,S,L,K,C,C,R,A,Q,E,H,A,C,P,E,N,P,S,L,T,W,I,L,E,Q,T,A,S,L,V,K,Q,L,G,V,S,V,D,I,L,Q,H,L,K,Q,L
Bubalus_bubalis,M,S,W,V,Q,A,A,A,L,V,Q,G,P,E,E,E,R,E,V,F,D,E,E,A,D,E,S,L,L,V,Q,R,E,W,R,S,H,M,Q,R,R,V,E,G,Y,R,D,G,I,D,A,G,K,A,V,T,L,Q,Q,G,F,N,Q,G,Y,K,E,G,A,E,V,I,I,N,Y,G,Q,L,R,G,T,L,S,A,L,L,S,W,C,H,L,H,D,N,S,S,A,L,I,S,K,I,N,N,L,L,D,A,V,G,Q,C,E,E,Y,V,L,R,H,L,K,S,I,T,S,Q,P,H,V,V,D,L,L,D,S,L,Q,D,M,D,L,C,H,V,A,P,A,E,E,K,I,D,E,A,K,D,E,R,F,C,E,N,D,A,E,F,N,K,N,C,S,K,N,L,S,Q,V,D,C,S,S,L,E,C,C,R,A,Q,E,H,A,C,P,E,N,P,S,L,T,W,I,L,E,Q,T,A,S,L,V,K,Q,L,G,V,S,V,D,I,L,Q,H,L,K,Q,L
Budorcas_taxicolor,M,S,W,V,Q,A,A,S,L,V,Q,G,P,E,E,E,G,D,V,F,D,E,E,A,D,E,S,L,L,V,Q,R,E,W,Q,S,H,M,Q,R,R,V,E,G,Y,R,D,G,I,D,A,G,K,A,V,T,L,Q,Q,G,F,N,Q,G,Y,K,E,G,A,E,V,I,I,N,Y,G,Q,L,R,G,T,L,S,A,L,L,S,W,C,H,L,H,D,D,S,S,A,L,V,S,K,I,N,N,L,L,D,A,V,G,Q,C,E,E,Y,V,L,R,H,L,R,S,V,T,S,Q,P,H,V,V,D,L,L,D,S,L,Q,D,M,D,L,Y,H,V,A,P,A,E,E,K,I,D,E,A,K,D,E,R,F,C,E,N,N,A,E,F,N,K,N,C,S,K,N,L,S,Q,V,D,C,S,S,L,E,C,C,R,A,Q,E,H,E,R,P,E,N,P,S,L,T,W,I,L,E,Q,T,A,S,L,V,K,Q,L,G,V,S,V,D,I,L,Q,H,L,K,Q,L
Callithrix_jacchus,M,S,W,V,Q,A,A,S,S,V,R,G,P,G,D,E,G,D,V,F,D,E,E,A,D,E,S,L,L,V,Q,R,E,W,Q,S,H,M,Q,R,R,V,E,G,Y,R,D,G,V,D,A,G,K,A,V,T,L,Q,Q,G,F,N,Q,G,Y,K,E,G,A,E,V,I,L,N,Y,G,R,L,R,G,T,L,S,A,L,L,S,W,C,H,L,H,N,N,N,S,T,L,I,N,K,I,H,N,L,L,D,A,V,G,Q,C,E,E,Y,V,L,K,H,L,K,S,V,T,P,P,S,H,V,V,D,L,L,D,S,I,E,D,M,D,L,C,H,V,V,A,A,E,K,K,T,D,E,A,T,D,E,R,L,C,E,N,N,A,E,F,N,T,N,C,S,R,S,H,S,G,I,D,F,S,Y,L,E,C,C,G,T,Q,E,H,A,H,S,E,N,P,S,L,T,W,I,L,E,Q,T,A,G,L,V,K,Q,L,G,I,S,V,D,V,L,Q,H,L,K,H,L
Camelus_bactrianus,M,S,W,V,Q,A,A,A,S,V,R,G,L,A,E,E,G,D,V,F,D,E,E,A,D,E,S,L,L,V,Q,R,E,W,R,S,H,M,Q,R,R,I,E,G,Y,R,D,G,I,D,A,G,K,A,V,T,L,Q,Q,G,F,N,Q,G,Y,K,E,G,A,E,V,I,I,N,Y,G,Q,L,R,G,T,L,S,A,L,L,S,W,C,H,L,H,D,N,S,S,A,L,I,S,K,I,N,K,L,L,D,A,V,G,Q,C,E,E,C,V,L,R,H,L,K,S,I,T,S,Q,P,H,V,V,D,L,L,D,S,I,Q,D,M,D,L,C,H,V,A,P,A,E,E,K,I,D,E,A,K,D,E,R,L,C,E,N,N,A,E,F,N,K,N,C,S,K,S,L,T,R,V,D,S,S,S,L,E,C,C,S,S,Q,E,H,A,H,S,E,N,P,S,L,T,W,I,L,E,Q,T,A,S,L,V,K,Q,L,G,I,S,V,D,I,L,Q,H,L,K,Q,V
Camelus_dromedarius,M,S,W,V,Q,A,A,A,S,V,R,G,L,A,E,E,G,D,V,F,D,E,E,A,D,E,S,L,L,V,Q,R,E,W,R,S,H,M,Q,R,R,I,E,G,Y,R,D,G,I,D,A,G,K,A,V,T,L,Q,Q,G,F,N,Q,G,Y,K,E,G,A,E,V,I,I,N,Y,G,Q,L,R,G,T,L,S,A,L,L,S,W,C,H,L,H,D,N,S,S,A,L,I,S,K,I,N,K,L,L,D,A,V,G,Q,C,E,E,C,V,L,R,H,L,K,S,I,T,S,Q,P,H,V,V,D,L,L,D,S,I,Q,D,M,D,L,C,H,V,A,P,A,E,E,K,I,D,E,A,K,D,E,R,L,C,E,N,N,A,E,F,N,K,N,C,S,K,S,L,T,R,V,D,S,S,S,L,E,C,C,S,S,Q,E,H,A,H,S,K,N,P,S,L,T,W,I,L,E,Q,T,A,S,L,V,K,Q,L,G,I,S,V,D,I,L,Q,H,L,K,Q,V
Camelus_ferus,M,S,W,V,Q,A,A,A,S,V,R,G,L,A,E,E,G,D,V,F,D,E,E,A,D,E,S,L,L,V,Q,R,E,W,R,S,H,M,Q,R,R,I,E,G,Y,R,D,G,I,D,A,G,K,A,V,T,L,Q,Q,G,F,N,Q,G,Y,K,E,G,A,E,V,I,I,N,Y,G,Q,L,R,G,T,L,S,A,L,L,S,W,C,H,L,H,D,N,S,S,A,L,I,S,K,I,N,K,L,L,D,A,V,G,Q,C,E,E,C,V,L,R,H,L,K,S,I,T,S,Q,P,H,V,V,D,L,L,D,S,I,Q,D,M,D,L,C,H,V,A,P,A,E,E,K,I,D,E,A,K,D,E,R,L,C,E,N,N,A,E,F,N,K,N,C,S,K,S,L,T,R,V,D,S,S,S,L,E,C,C,S,S,Q,E,H,A,H,S,K,N,P,S,L,T,W,I,L,E,Q,T,A,S,L,V,K,Q,L,G,I,S,V,D,I,L,Q,H,L,K,Q,V
Capra_hircus,M,S,W,V,Q,A,A,S,L,V,Q,G,P,E,E,D,G,D,V,F,D,E,E,A,D,E,S,L,L,V,Q,R,E,W,Q,S,H,M,Q,R,R,V,E,G,Y,R,D,G,I,D,A,G,K,A,V,T,L,Q,Q,G,F,N,Q,G,Y,K,E,G,A,E,V,I,I,N,Y,G,Q,L,R,G,T,L,S,A,L,L,S,W,C,H,L,H,D,D,S,S,A,L,V,S,K,I,N,N,L,L,D,A,V,G,Q,C,E,D,Y,V,L,R,H,L,R,S,V,T,S,Q,P,H,V,V,D,L,L,D,S,L,Q,D,M,D,L,S,H,V,A,P,A,E,E,K,I,D,E,A,K,D,E,R,F,C,E,N,N,A,E,F,N,K,N,C,S,K,N,L,S,Q,V,D,C,S,S,L,E,C,C,R,A,Q,E,H,E,R,P,E,N,P,S,L,T,W,I,L,E,Q,T,A,S,L,V,K,Q,L,G,V,S,I,D,I,L,Q,H,L,K,Q,L
Cebus_imitator,M,S,W,V,Q,A,A,S,S,V,R,G,P,G,D,E,G,D,V,F,D,E,E,A,D,E,S,L,L,V,Q,R,E,W,Q,S,H,M,Q,R,R,V,E,G,Y,R,D,G,V,D,A,G,K,A,V,T,L,Q,Q,G,F,N,Q,G,Y,K,E,G,A,E,V,I,L,N,Y,G,R,L,R,G,T,L,S,A,L,L,S,W,C,H,L,H,N,N,N,S,T,L,I,N,K,I,N,N,L,L,D,A,V,G,Q,C,E,E,Y,V,L,K,H,L,K,S,I,T,P,P,S,H,V,V,D,L,L,D,S,I,E,D,M,D,L,C,H,I,V,P,A,E,K,K,I,D,E,A,T,D,E,R,L,C,E,N,N,A,E,F,N,K,N,C,S,S,S,H,S,G,I,D,F,S,Y,L,E,C,C,R,T,Q,E,H,A,H,S,E,N,P,S,L,T,W,I,L,E,Q,T,A,S,L,V,K,Q,L,G,I,S,V,D,V,L,Q,H,L,K,Q,L
Ceratotherium_simum_simum,M,S,W,V,Q,A,A,S,L,V,Q,G,R,G,E,E,G,D,V,F,D,E,E,A,D,E,S,L,L,V,Q,R,E,W,R,S,H,M,Q,R,R,V,E,G,Y,R,D,G,I,D,A,G,K,A,L,T,L,Q,Q,G,F,N,Q,G,Y,K,E,G,A,E,V,I,I,N,Y,G,Q,L,R,G,T,L,S,A,L,L,S,W,C,H,L,H,D,N,S,S,A,L,I,S,K,I,N,N,L,L,D,A,V,G,Q,C,E,E,Y,V,L,K,H,L,K,S,I,T,P,Q,P,H,V,V,D,L,L,D,S,F,Q,D,M,D,L,C,H,V,V,P,A,E,K,K,I,D,E,A,K,D,E,R,L,C,E,N,N,A,E,V,N,K,N,C,S,R,S,L,N,G,V,D,C,S,S,L,E,S,C,R,T,Q,E,H,A,H,S,E,N,P,S,L,T,W,I,L,E,Q,T,A,S,L,V,K,Q,L,G,V,S,V,D,V,L,Q,H,L,K,Q,L
Cercocebus_atys,-,-,-,-,-,-,-,-,-,-,-,-,-,-,-,-,-,-,-,-,-,-,-,-,-,-,-,-,-,-,-,-,-,-,-,-,-,-,-,-,-,-,-,-,-,-,-,-,-,-,-,-,-,-,-,-,-,-,-,-,-,-,-,-,-,-,-,-,-,-,-,-,-,-,-,-,-,-,-,-,-,-,-,-,-,-,-,-,-,-,-,-,-,-,-,-,-,-,-,-,-,-,-,-,-,-,-,-,-,-,-,-,-,-,-,-,-,-,-,-,-,-,-,-,-,-,-,-,-,-,-,-,-,-,-,-,-,-,-,-,-,-,-,-,-,-,-,-,-,-,-,-,-,-,-,-,-,-,-,-,-,-,-,-,-,-,-,-,-,-,-,-,-,-,-,-,-,-,-,-,-,-,-,-,-,-,-,-,-,-,-,-,-,-,-,-,-,-,-,-,-,-,-,-,-,-,-,-,-,-,-,-,-,-,-,-,-,-,-,-,-,-,-,-,-
Cervus_canadensis,M,S,W,V,Q,A,A,S,L,V,Q,G,A,E,E,E,G,D,V,F,D,E,E,A,D,E,S,L,L,V,Q,R,E,W,R,S,H,M,Q,R,R,V,E,G,Y,R,D,G,I,D,A,G,K,A,V,T,L,Q,Q,G,F,N,Q,G,Y,K,E,G,A,E,V,I,I,N,Y,G,Q,L,R,G,T,L,S,A,L,L,S,W,C,H,L,H,D,N,S,S,A,L,I,S,K,I,N,N,L,L,D,A,V,G,Q,C,E,E,Y,V,L,R,H,L,K,S,I,T,S,Q,P,H,V,V,D,L,L,D,S,I,Q,D,M,D,L,C,H,V,A,P,A,E,E,K,I,D,E,A,K,D,E,R,F,C,E,N,N,A,E,F,N,K,N,C,S,K,N,L,S,R,V,D,C,S,S,L,E,C,C,R,A,Q,E,H,A,R,P,E,N,P,S,L,T,W,I,L,E,Q,T,A,S,L,V,K,Q,L,G,V,S,V,D,I,L,Q,H,L,K,Q,L
Chlorocebus_sabaeus,-,-,-,-,-,-,-,-,-,-,-,-,-,-,-,-,-,-,-,-,-,-,-,-,-,-,-,-,-,-,-,-,-,-,-,-,-,-,-,-,-,-,-,-,-,-,-,-,-,-,-,-,-,-,-,-,-,-,-,-,-,-,-,-,-,-,-,-,-,-,-,-,-,-,-,-,-,-,-,-,-,-,-,-,-,-,-,-,-,-,-,-,-,-,-,-,-,-,-,-,-,-,-,-,-,-,-,-,-,-,-,-,-,-,-,-,-,-,-,-,-,-,-,-,-,-,-,-,-,-,-,-,-,-,-,-,-,-,-,-,-,-,-,-,-,-,-,-,-,-,-,-,-,-,-,-,-,-,-,-,-,-,-,-,-,-,-,-,-,-,-,-,-,-,-,-,-,-,-,-,-,-,-,-,-,-,-,-,-,-,-,-,-,-,-,-,-,-,-,-,-,-,-,-,-,-,-,-,-,-,-,-,-,-,-,-,-,-,-,-,-,-,-,-,-
Colobus_angolensis_palliatus,-,-,-,-,-,-,-,-,-,-,-,-,-,-,-,-,-,-,-,-,-,-,-,-,-,-,-,-,-,-,-,-,-,-,-,-,-,-,-,-,-,-,-,-,-,-,-,-,-,-,-,-,-,-,-,-,-,-,-,-,-,-,-,-,-,-,-,-,-,-,-,-,-,-,-,-,-,-,-,-,-,-,-,-,-,-,-,-,-,-,-,-,-,-,-,-,-,-,-,-,-,-,-,-,-,-,-,-,-,-,-,-,-,-,-,-,-,-,-,-,-,-,-,-,-,-,-,-,-,-,-,-,-,-,-,-,-,-,-,-,-,-,-,-,-,-,-,-,-,-,-,-,-,-,-,-,-,-,-,-,-,-,-,-,-,-,-,-,-,-,-,-,-,-,-,-,-,-,-,-,-,-,-,-,-,-,-,-,-,-,-,-,-,-,-,-,-,-,-,-,-,-,-,-,-,-,-,-,-,-,-,-,-,-,-,-,-,-,-,-,-,-,-,-,-
Condylura_cristata,M,S,W,V,R,A,A,P,V,A,G,A,P,G,E,E,G,D,V,F,D,E,E,A,D,E,S,L,L,V,Q,R,E,W,R,S,Q,M,Q,R,R,V,E,G,Y,R,D,G,V,D,A,G,K,A,V,T,L,Q,Q,G,F,N,Q,G,F,K,E,G,A,K,V,I,I,N,Y,G,Q,L,R,G,T,L,S,A,L,L,S,W,C,H,L,H,D,N,S,S,A,L,I,S,K,I,N,S,L,L,D,A,V,G,Q,C,E,E,Y,V,L,K,H,L,K,S,I,T,P,Q,P,H,V,I,E,L,L,D,S,I,Q,D,M,D,L,C,H,V,V,P,A,E,K,K,I,D,E,A,K,D,E,R,L,C,E,N,N,A,E,F,N,K,N,C,R,R,N,L,S,E,V,D,C,S,S,L,E,C,C,R,T,Q,E,S,V,H,S,E,N,P,S,L,T,W,I,L,E,Q,T,D,N,L,V,K,Q,L,G,L,S,L,E,V,L,Q,H,L,K,Q,L
Elephas_maximus_indicus,M,S,W,V,Q,A,A,G,L,V,G,C,P,G,D,E,G,D,V,F,D,E,E,A,D,E,S,L,L,V,Q,R,E,W,R,N,H,M,H,R,R,V,E,G,Y,R,D,G,V,D,A,G,K,A,I,A,L,Q,Q,G,F,N,Q,G,Y,K,E,G,A,E,V,I,I,N,Y,G,Q,L,R,G,T,L,S,A,L,L,S,W,C,H,L,H,G,N,S,S,A,L,I,S,K,I,N,N,L,L,D,A,V,G,Q,C,E,E,Y,V,L,K,H,L,K,S,I,T,P,Q,P,R,V,V,D,L,L,D,S,I,Q,D,M,D,L,C,H,V,V,P,A,E,K,K,I,D,E,A,K,D,E,R,F,C,E,N,N,A,E,F,N,K,N,C,S,E,S,P,S,G,I,D,C,S,Y,L,E,C,C,R,A,Q,Q,H,A,H,P,E,S,P,S,L,T,W,I,L,E,Q,T,A,S,L,V,K,Q,L,G,I,S,V,E,V,L,Q,H,L,K,Q,L
Enhydra_lutris_kenyoni,M,S,W,V,Q,R,A,H,L,V,G,G,P,G,E,E,G,D,V,F,D,E,E,A,D,E,S,L,L,V,Q,R,E,W,R,S,H,M,Q,R,R,V,E,G,Y,R,D,G,I,D,A,G,K,A,V,T,L,Q,Q,G,F,N,Q,G,Y,K,E,G,A,E,I,I,I,N,Y,G,Q,L,R,G,T,L,S,A,L,L,S,W,C,H,L,H,D,N,G,S,A,L,I,S,K,I,N,N,L,L,D,A,V,G,Q,C,E,E,Y,V,L,K,H,L,K,S,I,T,S,P,P,H,V,V,D,L,L,D,S,I,E,D,M,D,L,C,H,V,A,P,A,E,K,K,M,D,E,A,K,D,E,R,L,C,E,N,N,A,E,L,H,K,N,C,S,K,S,L,S,E,A,G,C,S,S,L,E,C,C,G,I,Q,E,R,E,H,S,K,N,P,S,L,T,W,I,L,E,Q,T,A,G,L,V,K,Q,L,G,I,S,L,D,I,L,Q,H,L,K,Q,L
Equus_asinus,M,S,W,V,R,A,S,P,L,V,R,D,P,G,E,D,G,D,V,F,D,E,E,A,D,E,S,L,V,V,Q,R,E,W,R,S,H,M,Q,R,R,V,E,G,Y,R,D,G,I,D,A,G,K,A,V,T,L,Q,Q,G,F,N,Q,G,Y,K,E,G,A,E,V,I,I,N,Y,G,Q,L,R,G,T,L,S,A,L,L,S,W,C,H,L,H,D,N,S,S,A,L,I,S,K,I,N,N,L,L,D,A,V,G,Q,C,E,E,Y,V,L,K,H,L,K,S,I,T,P,Q,P,H,V,V,D,L,L,D,S,L,Q,D,M,D,L,C,H,V,V,P,A,E,K,K,T,D,E,A,T,D,E,R,L,C,E,N,N,A,E,F,N,K,N,C,G,R,S,V,N,G,V,D,G,S,S,L,E,C,C,R,T,Q,E,H,A,H,S,E,Q,P,S,L,T,W,I,L,E,Q,T,A,S,L,V,E,Q,L,G,V,S,I,D,V,L,Q,H,L,K,Q,L
Equus_przewalskii,M,S,W,V,R,A,S,P,L,V,R,D,P,G,E,D,G,D,V,F,D,E,E,A,D,E,S,L,V,V,Q,R,E,W,R,S,H,M,Q,R,R,V,E,G,Y,R,D,G,V,D,A,G,K,A,V,T,L,Q,Q,G,F,N,Q,G,Y,K,E,G,A,E,V,I,I,N,Y,G,Q,L,R,G,T,L,S,A,L,L,S,W,C,H,L,H,D,N,S,S,A,L,I,S,K,I,N,N,L,L,D,A,V,G,Q,C,E,E,D,V,L,K,H,L,K,S,I,T,P,Q,P,H,V,V,D,L,L,D,S,L,Q,D,M,D,L,C,H,V,V,P,A,E,K,K,T,D,E,A,T,D,E,R,L,R,E,N,N,A,E,F,N,K,N,C,G,R,S,V,N,G,V,D,C,S,S,L,E,C,C,R,T,Q,E,H,A,H,S,E,Q,P,S,L,T,W,I,L,Q,Q,T,A,S,L,V,E,Q,L,G,V,S,I,D,V,L,Q,H,L,K,Q,L
Equus_quagga,M,S,W,V,Q,A,S,P,L,V,R,D,P,G,E,D,G,D,V,F,D,E,E,A,D,E,S,L,V,V,Q,R,E,W,R,S,H,M,Q,R,R,V,E,G,Y,R,D,G,I,D,A,G,K,A,V,T,L,Q,Q,G,F,N,Q,G,Y,K,E,G,A,E,V,I,I,N,Y,G,Q,L,R,G,T,L,S,A,L,L,S,W,C,H,L,H,D,N,S,S,A,L,I,S,K,I,N,T,L,L,D,A,V,G,Q,C,E,E,C,V,L,K,H,L,K,S,I,T,P,Q,P,H,V,V,D,L,L,D,S,L,Q,D,M,D,L,C,H,V,V,P,A,E,K,K,T,D,E,A,T,D,E,R,L,C,E,N,N,A,E,F,N,K,N,C,G,R,S,V,N,G,V,D,G,S,S,L,E,C,C,R,T,Q,E,H,A,H,S,E,Q,P,S,L,T,W,I,L,E,Q,T,A,S,L,V,E,Q,L,G,V,S,I,D,V,L,Q,H,L,K,Q,L
Gorilla_gorilla_gorilla,M,S,W,V,Q,A,T,S,L,I,Q,G,P,G,D,K,G,D,V,F,D,E,E,A,D,E,S,L,V,A,Q,R,E,W,Q,S,N,M,Q,R,R,V,E,G,Y,R,D,G,I,D,A,G,K,A,V,T,L,Q,Q,G,F,N,Q,G,Y,K,E,G,A,E,V,I,L,N,Y,G,R,L,R,G,T,L,S,A,L,L,S,W,C,H,L,H,N,N,N,S,T,L,I,D,K,I,N,N,L,L,D,A,V,G,Q,C,E,E,Y,V,L,K,H,L,K,S,I,T,P,P,S,H,V,V,D,L,L,D,S,I,E,D,M,D,L,C,H,V,V,P,A,E,K,K,I,D,K,A,K,D,E,R,L,C,E,N,N,A,E,F,N,K,N,C,S,K,S,H,S,G,I,D,C,S,Y,V,E,C,C,R,T,Q,E,H,A,H,S,E,N,P,S,P,T,W,I,L,E,Q,T,A,S,L,V,K,Q,L,G,L,S,V,D,V,L,Q,H,L,K,Q,L
Halichoerus_grypus,M,S,W,V,Q,R,A,P,L,V,R,G,P,G,E,E,G,D,V,F,D,E,E,A,D,E,S,L,L,V,Q,R,E,W,R,S,H,M,Q,R,R,V,E,G,Y,R,D,G,I,D,A,G,K,A,V,T,L,Q,Q,G,F,N,Q,G,Y,K,E,G,A,E,I,I,I,N,Y,G,Q,L,R,G,T,L,S,A,L,L,S,W,C,H,L,H,D,N,G,S,A,L,I,S,K,I,N,N,L,L,D,A,V,G,Q,C,E,E,Y,V,L,K,H,L,K,S,I,T,S,Q,P,H,V,V,D,L,L,D,S,I,Q,D,M,D,L,C,H,V,A,P,A,E,K,K,M,D,E,A,K,D,E,R,L,C,E,N,N,A,E,L,H,K,N,C,S,K,S,L,S,E,A,D,C,S,S,L,E,C,C,R,I,Q,Q,H,A,H,S,E,N,P,S,L,T,W,I,L,E,Q,T,A,G,L,V,K,Q,L,G,I,S,L,D,I,L,Q,H,L,K,Q,L
Homo_sapiens,M,S,W,V,Q,A,A,S,L,I,Q,G,P,G,D,K,G,D,V,F,D,E,E,A,D,E,S,L,L,A,Q,R,E,W,Q,S,N,M,Q,R,R,V,E,G,Y,R,D,G,I,D,A,G,K,A,V,T,L,Q,Q,G,F,N,Q,G,Y,K,K,G,A,E,V,I,L,N,Y,G,R,L,R,G,T,L,S,A,L,L,S,W,C,H,L,H,N,N,N,S,T,L,I,N,K,I,N,N,L,L,D,A,V,G,Q,C,E,E,Y,V,L,K,H,L,K,S,I,T,P,P,S,H,V,V,D,L,L,D,S,I,E,D,M,D,L,C,H,V,V,P,A,E,K,K,I,D,E,A,K,D,E,R,L,C,E,N,N,A,E,F,N,K,N,C,S,K,S,H,S,G,I,D,C,S,Y,V,E,C,C,R,T,Q,E,H,A,H,S,E,N,P,S,P,T,W,I,L,E,Q,T,A,S,L,V,K,Q,L,G,L,S,V,D,V,L,Q,H,L,K,Q,L
Hylobates_moloch,M,S,W,V,Q,A,A,S,L,I,Q,G,P,G,D,K,G,D,V,F,D,E,E,A,D,E,S,L,L,A,Q,R,E,W,Q,S,H,M,Q,R,R,V,E,G,Y,R,D,G,I,D,A,G,K,A,V,T,L,Q,Q,G,F,N,Q,G,Y,K,E,G,A,E,V,I,L,N,Y,G,R,L,R,G,T,L,S,A,L,L,S,W,C,H,L,H,N,N,N,S,T,L,I,N,K,I,N,N,L,L,D,A,V,G,Q,C,E,E,Y,V,L,K,H,L,K,S,M,T,P,P,S,H,V,V,D,L,L,D,S,I,E,D,M,D,L,C,R,V,V,P,A,E,K,K,I,D,E,A,K,D,E,R,L,C,E,N,N,A,E,F,N,K,N,C,S,K,S,H,S,G,I,D,C,S,Y,L,E,C,C,R,T,Q,E,H,A,H,S,E,N,P,I,P,T,W,I,L,E,Q,T,T,G,L,V,R,Q,L,G,L,S,V,D,V,L,Q,H,L,K,Q,L
Ictidomys_tridecemlineatus,M,S,W,V,Q,A,A,S,S,T,P,S,A,A,D,E,E,D,V,F,D,E,E,A,D,E,S,L,L,V,Q,R,E,W,R,N,H,M,Q,R,R,I,E,G,Y,R,D,G,L,D,A,G,K,A,V,T,L,Q,Q,G,F,N,Q,G,Y,K,E,G,A,E,V,I,I,N,Y,G,Q,L,R,G,T,L,S,A,L,L,S,W,C,H,L,H,D,N,S,S,T,L,I,S,E,I,N,S,L,L,D,A,V,G,Q,C,E,E,Y,V,L,K,H,L,K,S,I,T,S,Q,P,H,V,V,D,L,L,D,S,I,E,D,M,D,L,C,H,V,V,P,D,K,K,K,I,D,E,T,K,D,E,R,L,C,E,N,N,A,E,F,N,K,N,C,G,K,S,P,S,G,K,D,C,S,Y,L,E,R,C,T,T,Q,E,H,S,H,S,E,N,P,N,L,A,W,I,L,E,Q,T,A,S,L,V,K,Q,L,G,I,S,T,D,V,L,Q,H,L,K,Q,L
Leopardus_geoffroyi,M,S,W,V,Q,S,T,P,L,V,Q,G,P,G,E,E,G,D,V,F,D,E,E,A,D,E,S,L,L,V,Q,R,E,W,Q,S,H,M,L,R,R,V,E,G,Y,R,D,G,I,D,A,G,K,A,V,T,L,Q,Q,G,F,N,Q,G,Y,K,E,G,A,E,V,I,I,N,Y,G,Q,L,R,G,T,L,S,A,L,L,S,W,C,H,L,H,D,N,G,S,A,L,I,S,K,I,N,S,L,L,D,A,V,G,Q,C,E,E,Y,V,L,R,H,L,K,S,I,T,S,Q,P,H,V,V,D,L,S,D,S,I,Q,D,M,D,L,G,H,V,A,A,A,E,K,K,M,D,E,G,K,D,E,R,L,C,E,N,N,A,E,L,H,K,N,C,G,K,S,L,S,E,A,D,C,S,S,L,E,C,C,R,I,Q,E,Q,P,H,S,E,N,P,S,L,T,W,I,L,E,Q,T,A,S,L,V,K,Q,L,G,V,S,L,D,V,L,Q,H,L,K,Q,L
Loxodonta_africana,M,S,W,V,Q,A,A,G,L,V,G,C,P,G,D,E,G,D,V,F,D,E,E,A,D,E,S,L,L,V,Q,R,E,W,R,N,H,M,H,R,R,V,E,G,Y,R,D,G,V,D,A,G,K,A,I,A,L,Q,Q,G,F,N,Q,G,Y,K,E,G,A,E,V,I,I,N,Y,G,Q,L,R,G,T,L,S,A,L,L,S,W,C,H,L,H,G,N,S,S,A,L,I,S,K,I,N,N,L,L,D,A,V,G,Q,C,E,E,Y,V,L,K,H,L,K,S,I,T,P,Q,P,R,V,V,D,L,L,D,S,I,Q,D,M,D,L,C,H,V,V,P,A,E,E,K,I,D,E,A,K,D,E,R,F,C,E,N,N,A,E,F,N,K,N,C,S,E,S,P,S,G,I,D,C,S,Y,L,E,C,C,R,A,Q,Q,H,A,H,P,E,S,P,S,L,T,W,I,L,E,Q,T,A,S,L,V,K,Q,L,G,I,S,V,E,V,L,Q,H,L,K,Q,L
Macaca_fascicularis,-,-,-,-,-,-,-,-,-,-,-,-,-,-,-,-,-,-,-,-,-,-,-,-,-,-,-,-,-,-,-,-,-,-,-,-,-,-,-,-,-,-,-,-,-,-,-,-,-,-,-,-,-,-,-,-,-,-,-,-,-,-,-,-,-,-,-,-,-,-,-,-,-,-,-,-,-,-,-,-,-,-,-,-,-,-,-,-,-,-,-,-,-,-,-,-,-,-,-,-,-,-,-,-,-,-,-,-,-,-,-,-,-,-,-,-,-,-,-,-,-,-,-,-,-,-,-,-,-,-,-,-,-,-,-,-,-,-,-,-,-,-,-,-,-,-,-,-,-,-,-,-,-,-,-,-,-,-,-,-,-,-,-,-,-,-,-,-,-,-,-,-,-,-,-,-,-,-,-,-,-,-,-,-,-,-,-,-,-,-,-,-,-,-,-,-,-,-,-,-,-,-,-,-,-,-,-,-,-,-,-,-,-,-,-,-,-,-,-,-,-,-,-,-,-
Macaca_mulatta,M,S,W,V,Q,G,A,S,L,V,R,G,P,G,D,K,G,D,V,F,D,E,E,A,D,E,S,L,L,A,Q,R,E,W,Q,S,H,M,Q,R,R,V,E,G,Y,R,D,G,I,D,A,G,K,A,V,T,L,Q,Q,G,F,N,Q,G,Y,K,E,G,A,E,V,I,L,N,Y,G,R,L,R,G,T,L,S,A,L,L,S,W,C,H,L,H,N,N,N,S,T,L,I,N,K,I,N,N,L,L,D,A,V,G,Q,C,E,E,Y,V,L,K,H,L,K,S,I,T,P,P,S,H,V,V,D,L,L,D,S,I,E,D,M,D,I,C,H,V,V,P,A,E,K,K,I,D,E,A,K,D,E,R,L,C,E,N,N,A,E,F,N,K,N,C,S,K,S,H,S,G,I,D,C,S,Y,L,E,C,C,R,T,Q,E,H,A,H,S,E,N,P,S,P,T,W,I,L,E,Q,T,A,G,L,V,K,Q,L,G,L,S,V,D,I,L,Q,H,L,K,Q,L
Macaca_nemestrina,-,-,-,-,-,-,-,-,-,-,-,-,-,-,-,-,-,-,-,-,-,-,-,-,-,-,-,-,-,-,-,-,-,-,-,-,-,-,-,-,-,-,-,-,-,-,-,-,-,-,-,-,-,-,-,-,-,-,-,-,-,-,-,-,-,-,-,-,-,-,-,-,-,-,-,-,-,-,-,-,-,-,-,-,-,-,-,-,-,-,-,-,-,-,-,-,-,-,-,-,-,-,-,-,-,-,-,-,-,-,-,-,-,-,-,-,-,-,-,-,-,-,-,-,-,-,-,-,-,-,-,-,-,-,-,-,-,-,-,-,-,-,-,-,-,-,-,-,-,-,-,-,-,-,-,-,-,-,-,-,-,-,-,-,-,-,-,-,-,-,-,-,-,-,-,-,-,-,-,-,-,-,-,-,-,-,-,-,-,-,-,-,-,-,-,-,-,-,-,-,-,-,-,-,-,-,-,-,-,-,-,-,-,-,-,-,-,-,-,-,-,-,-,-,-
Macaca_thibetana_thibetana,M,S,W,V,Q,G,A,S,L,V,R,G,P,G,D,K,G,D,V,F,D,E,E,A,D,E,S,L,L,A,Q,R,E,W,Q,S,H,M,Q,R,R,V,E,G,Y,R,D,G,I,D,A,G,K,A,V,T,L,Q,Q,G,F,N,Q,G,Y,K,E,G,A,E,V,I,L,N,Y,G,R,L,R,G,T,L,S,A,L,L,S,W,C,H,L,H,N,N,N,S,T,L,I,N,K,I,N,N,L,L,D,A,V,G,Q,C,E,E,Y,V,L,K,H,L,K,S,I,T,S,P,S,H,V,V,D,L,L,D,S,I,E,D,M,D,I,C,H,V,V,P,A,E,K,K,I,D,E,A,K,D,E,R,L,C,E,N,N,A,E,F,N,K,N,C,S,K,S,H,S,G,I,D,C,S,Y,L,E,C,C,R,T,Q,E,H,A,H,S,E,N,P,S,P,T,W,I,L,E,Q,T,A,G,L,V,K,Q,L,G,L,S,V,D,V,L,Q,H,L,K,Q,L
Mandrillus_leucophaeus,M,S,W,V,Q,A,A,S,L,V,R,G,P,G,D,K,G,D,V,F,D,E,E,A,D,E,S,L,L,A,Q,R,E,W,Q,S,H,M,Q,R,R,V,E,G,Y,R,D,G,I,D,A,G,K,A,V,T,L,Q,Q,G,F,N,Q,G,Y,K,E,G,A,E,V,I,L,N,Y,G,R,L,R,G,T,L,S,A,L,L,S,W,C,H,L,H,N,N,N,S,T,L,I,N,K,I,N,N,L,L,D,A,V,G,Q,C,E,E,Y,V,L,K,H,L,K,S,I,T,P,P,S,H,V,V,D,L,L,D,S,I,E,D,M,D,I,C,H,V,V,P,A,E,K,K,I,D,E,A,K,D,E,R,L,C,E,N,N,A,E,F,N,-,N,C,S,K,S,H,S,G,I,D,C,S,Y,L,E,C,C,R,T,Q,E,H,A,H,S,E,N,P,S,P,T,W,I,L,E,Q,T,A,G,L,V,K,Q,L,G,L,S,V,D,V,L,Q,H,L,K,Q,L
Marmota_flaviventris,M,S,W,V,Q,A,A,S,S,T,P,S,A,A,D,E,E,D,V,F,D,E,E,A,D,E,S,L,L,V,Q,R,E,W,R,N,H,M,Q,R,R,V,E,G,Y,R,D,G,L,D,A,G,K,A,V,T,L,Q,Q,G,F,N,Q,G,Y,K,E,G,A,E,V,I,I,N,Y,G,Q,L,R,G,T,L,S,A,L,L,S,W,C,H,L,H,D,N,S,S,T,L,I,S,E,I,N,S,L,L,D,A,V,G,Q,C,E,E,Y,V,L,K,H,L,K,S,I,T,S,Q,P,H,V,V,D,L,L,D,S,I,E,D,M,D,L,C,H,V,V,P,D,E,K,K,I,D,E,T,K,D,E,R,L,C,E,N,N,A,E,F,N,K,N,C,G,K,S,P,S,G,K,D,C,S,Y,L,E,R,C,T,T,Q,E,H,S,H,S,E,N,P,N,L,A,W,I,L,E,Q,T,A,S,L,V,K,Q,L,G,I,S,I,D,V,L,Q,H,L,K,Q,L
Marmota_marmota_marmota,M,S,W,V,Q,A,A,S,S,T,P,S,A,A,D,E,E,D,V,F,D,E,E,A,D,E,S,L,L,V,Q,R,E,W,R,N,H,M,Q,R,R,V,E,G,Y,R,D,G,L,D,A,G,K,A,V,T,L,Q,Q,G,F,N,Q,G,Y,K,E,G,A,E,V,I,I,N,Y,G,Q,L,R,G,T,L,S,A,L,L,S,W,C,H,L,H,D,N,S,S,T,L,I,S,E,I,N,S,L,L,D,A,V,G,Q,C,E,E,Y,V,L,K,H,L,K,S,I,T,S,Q,P,H,V,V,D,L,L,D,S,I,E,D,M,D,L,C,H,V,V,P,D,E,K,K,I,D,E,T,K,D,E,R,L,C,E,N,N,A,E,F,N,K,N,C,G,K,S,P,S,G,K,D,C,S,Y,L,E,R,C,T,T,Q,E,H,S,H,S,E,N,P,N,L,A,W,I,L,E,Q,T,A,S,L,V,K,Q,L,G,I,S,I,D,V,L,Q,H,L,K,Q,L
Marmota_monax,M,S,W,V,Q,A,A,S,S,T,P,S,A,A,D,E,E,D,V,F,D,E,E,A,D,E,S,L,L,V,Q,R,E,W,R,N,H,M,Q,R,R,V,E,G,Y,R,D,G,L,D,A,G,K,A,V,T,L,Q,Q,G,F,N,Q,G,Y,K,E,G,A,E,V,I,I,N,Y,G,Q,L,R,G,T,L,S,A,L,L,S,W,C,H,L,H,D,N,S,S,T,L,I,S,E,I,N,S,L,L,D,A,V,G,Q,C,E,E,Y,V,L,K,H,L,K,S,I,T,S,Q,P,H,V,V,D,L,L,D,S,I,E,D,M,D,L,C,H,V,V,P,D,E,K,K,I,D,E,T,K,D,E,R,L,C,E,N,N,A,E,F,N,K,N,C,G,K,S,P,S,G,K,D,C,S,Y,L,E,R,C,T,T,Q,E,H,S,H,S,E,N,P,N,L,A,W,I,L,E,Q,T,A,S,L,V,K,Q,L,G,I,S,I,D,V,L,Q,H,L,K,Q,L
Nannospalax_galili,-,-,-,-,-,-,-,-,-,-,-,-,-,-,-,-,H,D,V,F,D,E,E,A,D,E,S,L,L,A,Q,R,E,W,R,G,H,M,R,R,R,V,E,G,Y,R,D,G,V,D,A,G,K,A,V,A,L,Q,Q,G,F,N,Q,G,Y,K,E,G,A,E,V,I,I,N,Y,G,L,L,R,G,T,L,S,A,L,L,S,W,C,H,L,H,D,N,S,S,T,L,I,S,K,I,N,N,L,L,D,A,V,G,Q,C,E,E,R,V,L,R,H,L,K,S,I,T,P,Q,P,H,V,T,D,L,L,D,S,I,E,D,M,D,L,C,H,V,V,P,A,E,K,K,I,D,E,A,K,D,E,R,L,C,G,N,N,A,E,F,N,K,N,C,D,R,S,P,S,G,I,D,G,S,H,L,E,C,C,R,T,Q,E,H,A,H,L,E,K,P,S,L,I,W,I,L,E,Q,T,A,N,L,V,K,Q,L,G,V,S,A,D,I,L,Q,H,L,Q,Q,L
Neomonachus_schauinslandi,M,S,W,V,Q,R,A,P,L,V,G,G,P,G,E,E,G,D,V,F,D,E,E,A,D,E,S,L,L,V,Q,R,E,W,W,S,H,M,Q,R,R,V,E,G,Y,R,D,G,I,D,A,G,K,A,V,T,L,Q,Q,G,F,N,Q,G,Y,K,E,G,A,E,I,I,I,N,Y,G,Q,L,R,G,T,L,S,A,L,L,S,W,C,H,L,H,D,N,G,S,A,L,I,S,K,I,N,N,L,L,D,A,V,G,Q,C,E,E,Y,V,L,K,H,L,K,S,I,T,S,Q,P,H,V,V,D,L,L,D,S,I,Q,D,M,D,L,C,H,V,A,P,A,E,K,K,T,D,E,A,K,D,E,R,L,C,E,N,N,A,E,L,H,K,N,C,S,K,S,L,S,E,A,D,C,S,S,L,E,C,C,R,I,Q,Q,H,A,H,S,E,N,P,S,L,T,W,I,L,E,Q,T,A,G,L,V,K,Q,L,G,I,S,L,D,I,L,Q,H,L,K,Q,L
Nomascus_leucogenys,M,S,W,V,Q,A,A,S,L,I,Q,G,P,G,D,K,G,D,V,F,D,E,E,A,D,E,S,L,L,A,Q,R,E,W,Q,S,H,M,Q,R,R,V,E,G,Y,R,D,G,I,D,A,G,K,A,V,T,L,Q,Q,G,F,N,Q,G,Y,K,E,G,A,E,V,I,L,N,Y,G,R,L,R,G,T,L,S,A,L,L,S,W,C,H,L,H,N,N,N,S,T,L,I,N,K,I,N,N,L,L,D,A,V,G,Q,C,E,E,Y,V,L,K,H,L,K,S,M,T,P,P,S,H,V,V,D,L,L,D,S,I,E,D,M,D,L,C,R,V,V,P,A,E,K,K,I,D,E,A,K,D,E,R,Q,C,E,N,N,A,E,F,N,K,N,C,S,K,S,H,S,G,I,D,Y,S,Y,L,E,C,C,R,T,Q,E,H,A,H,S,E,N,P,I,P,T,W,I,L,E,Q,T,T,G,L,V,R,Q,L,G,L,S,V,D,V,L,Q,H,L,K,Q,L
Ochotona_curzoniae,M,S,W,V,Q,A,A,-,-,-,-,-,P,A,E,D,G,D,V,F,D,E,E,A,D,E,S,L,L,Q,Q,R,E,W,Q,N,R,M,Q,R,R,V,E,G,Y,R,D,G,V,D,A,G,K,A,V,A,L,Q,Q,G,F,S,Q,G,Y,K,E,G,A,G,I,I,V,N,Y,G,Q,L,R,G,T,L,S,A,L,L,S,W,C,H,R,H,D,S,G,S,A,F,I,S,N,F,S,R,L,L,D,A,V,G,Q,C,E,E,C,V,L,K,H,L,K,S,V,R,Q,Q,P,S,V,V,D,I,L,D,S,M,E,D,M,D,L,C,H,V,V,P,A,E,R,E,T,N,D,A,E,N,-,-,-,-,-,-,-,-,-,-,-,-,-,-,-,-,-,-,-,-,-,-,-,-,-,-,-,-,-,S,T,Q,E,H,A,C,S,E,H,P,G,F,T,W,I,L,E,Q,T,T,S,L,V,E,Q,L,G,L,S,V,D,V,L,Q,H,L,K,Q,L
Ochotona_princeps,M,S,W,V,Q,A,T,T,C,V,Q,S,P,A,E,D,G,D,V,F,D,E,E,A,D,E,S,L,L,Q,Q,R,E,W,Q,N,R,M,Q,R,R,V,E,G,Y,R,D,G,V,D,A,G,K,A,V,A,L,Q,Q,G,F,N,Q,G,Y,K,E,G,A,G,I,I,V,N,Y,G,Q,L,R,G,T,L,S,A,L,L,S,W,C,H,R,H,D,S,G,S,A,F,I,S,N,F,S,R,L,L,D,A,V,G,Q,C,E,E,C,V,L,R,H,L,K,S,V,R,Q,Q,P,N,V,V,D,V,L,D,S,M,E,D,I,D,L,C,H,V,V,P,C,S,E,R,S,-,-,-,-,-,-,-,-,-,-,-,-,-,-,-,-,-,-,-,-,-,-,-,S,G,M,H,S,S,Y,S,K,C,C,S,T,Q,E,H,A,C,S,E,H,P,G,F,T,W,I,L,E,Q,T,T,N,L,V,E,Q,L,G,L,S,G,D,V,L,Q,H,L,K,Q,L
Octodon_degus,M,S,W,V,P,A,A,L,S,V,K,E,A,G,D,Q,G,D,V,F,D,E,D,A,D,E,S,L,L,V,Q,R,E,W,R,S,H,M,H,N,R,V,E,G,Y,R,D,G,I,D,A,G,K,A,V,A,L,Q,Q,G,F,N,Q,G,Y,K,E,G,A,E,V,I,M,N,Y,G,Q,L,R,G,T,L,S,A,L,L,S,W,C,H,L,H,D,N,S,S,T,L,I,S,K,I,N,N,L,L,D,A,V,G,Q,C,E,E,Y,V,L,T,H,L,K,A,I,T,P,R,P,H,V,G,D,L,L,D,S,I,E,D,M,D,L,C,H,E,V,P,A,E,K,K,I,D,E,P,Q,D,E,R,L,R,E,N,N,A,E,F,N,K,N,C,G,N,S,P,S,R,A,D,C,S,Y,L,E,G,C,R,T,K,E,P,A,H,T,A,N,P,S,L,T,W,I,L,E,Q,T,A,S,L,V,T,Q,L,G,V,S,T,D,V,L,Q,H,L,K,Q,L
Ovis_aries,M,S,W,V,Q,A,A,S,L,V,Q,G,P,E,E,E,G,D,V,F,D,E,E,A,D,E,S,L,L,V,Q,R,E,W,Q,S,H,M,Q,R,R,V,E,G,Y,R,D,G,I,D,A,G,K,A,V,T,L,Q,Q,G,F,N,Q,G,Y,K,E,G,A,E,V,I,I,N,Y,G,Q,L,R,G,T,L,S,A,L,L,S,W,C,H,L,H,D,D,S,S,A,L,V,S,K,I,N,N,L,L,D,A,V,G,Q,C,E,E,Y,V,L,R,H,L,R,S,V,T,S,Q,P,H,V,V,D,L,L,D,S,L,Q,D,M,D,L,S,H,V,A,P,A,E,E,K,I,D,E,A,K,D,E,R,F,C,E,N,N,A,E,F,N,K,N,C,S,K,N,L,S,Q,V,D,C,S,S,L,E,C,C,R,A,Q,E,H,E,R,P,E,N,P,S,L,T,W,I,L,E,Q,T,A,S,L,V,K,Q,L,G,V,S,I,D,I,L,Q,H,L,K,Q,L
Pan_paniscus,-,-,-,-,-,-,-,-,-,-,-,-,-,-,-,-,-,-,-,-,-,-,-,-,-,-,-,-,-,-,-,-,-,-,-,-,-,-,-,-,-,-,-,-,-,-,-,-,-,-,-,-,-,-,-,-,-,-,-,-,-,-,-,-,-,-,-,-,-,-,-,-,-,-,-,-,-,-,-,-,-,-,-,-,-,-,-,-,-,-,-,-,-,-,-,-,-,-,-,-,-,-,-,-,-,-,-,-,-,-,-,-,-,-,-,-,-,-,-,-,-,-,-,-,-,-,-,-,-,-,-,-,-,-,-,-,-,-,-,-,-,-,-,-,-,-,-,-,-,-,-,-,-,-,-,-,-,-,-,-,-,-,-,-,-,-,-,-,-,-,-,-,-,-,-,-,-,-,-,-,-,-,-,-,-,-,-,-,-,-,-,-,-,-,-,-,-,-,-,-,-,-,-,-,-,-,-,-,-,-,-,-,-,-,-,-,-,-,-,-,-,-,-,-,-
Pan_troglodytes,M,S,W,V,Q,A,A,S,L,I,Q,G,P,G,D,K,G,D,V,F,D,E,E,A,D,E,S,L,L,A,Q,R,E,W,Q,S,N,M,Q,R,R,V,E,G,Y,R,D,G,I,D,A,G,K,A,V,T,L,Q,Q,G,F,N,Q,G,Y,K,E,G,A,E,V,I,L,N,Y,G,R,L,R,G,T,L,S,A,L,L,S,W,C,H,L,H,N,N,N,S,T,L,I,N,K,I,N,N,L,L,D,A,V,G,Q,C,E,E,Y,V,L,K,R,L,K,S,I,T,P,P,S,H,V,V,D,L,L,D,S,I,E,D,M,D,L,C,H,V,V,P,A,E,K,K,I,D,E,A,K,D,E,R,L,C,E,N,N,A,E,F,N,K,N,C,S,K,S,H,S,G,I,D,C,S,Y,V,E,C,C,R,T,Q,E,H,A,H,S,E,N,P,S,P,T,W,I,L,E,Q,T,A,S,L,V,K,Q,L,G,L,S,V,D,V,L,Q,H,L,K,Q,L
Panthera_tigris_altaica,-,-,-,-,-,-,-,-,-,-,-,-,-,-,-,-,-,-,-,-,-,-,-,-,-,-,-,-,-,-,-,-,-,-,-,-,-,-,-,-,-,-,-,-,-,-,-,-,-,-,-,-,-,-,-,-,-,-,-,-,-,-,-,-,-,-,-,-,-,-,-,-,-,-,-,-,-,-,-,-,-,-,-,-,-,-,-,-,-,-,-,-,-,-,-,-,-,-,-,-,-,-,-,-,-,-,-,-,-,-,-,-,-,-,-,-,-,-,-,-,-,-,-,-,-,-,-,-,-,-,-,-,-,-,-,-,-,-,-,-,-,-,-,-,-,-,-,-,-,-,-,-,-,-,-,-,-,-,-,-,-,-,-,-,-,-,-,-,-,-,-,-,-,-,-,-,-,-,-,-,-,-,-,-,-,-,-,-,-,-,-,-,-,-,-,-,-,-,-,-,-,-,-,-,-,-,-,-,-,-,-,-,-,-,-,-,-,-,-,-,-,-,-,-,-
Papio_anubis,-,-,-,-,-,-,-,-,-,-,-,-,-,-,-,-,-,-,-,-,-,-,-,-,-,-,-,-,-,-,-,-,-,-,-,-,-,-,-,-,-,-,-,-,-,-,-,-,-,-,-,-,-,-,-,-,-,-,-,-,-,-,-,-,-,-,-,-,-,-,-,-,-,-,-,-,-,-,-,-,-,-,-,-,-,-,-,-,-,-,-,-,-,-,-,-,-,-,-,-,-,-,-,-,-,-,-,-,-,-,-,-,-,-,-,-,-,-,-,-,-,-,-,-,-,-,-,-,-,-,-,-,-,-,-,-,-,-,-,-,-,-,-,-,-,-,-,-,-,-,-,-,-,-,-,-,-,-,-,-,-,-,-,-,-,-,-,-,-,-,-,-,-,-,-,-,-,-,-,-,-,-,-,-,-,-,-,-,-,-,-,-,-,-,-,-,-,-,-,-,-,-,-,-,-,-,-,-,-,-,-,-,-,-,-,-,-,-,-,-,-,-,-,-,-
Piliocolobus_tephrosceles,-,-,-,-,-,-,-,-,-,-,-,-,-,-,-,-,-,-,-,-,-,-,-,-,-,-,-,-,-,-,-,-,-,-,-,-,-,-,-,-,-,-,-,-,-,-,-,-,-,-,-,-,-,-,-,-,-,-,-,-,-,-,-,-,-,-,-,-,-,-,-,-,-,-,-,-,-,-,-,-,-,-,-,-,-,-,-,-,-,-,-,-,-,-,-,-,-,-,-,-,-,-,-,-,-,-,-,-,-,-,-,-,-,-,-,-,-,-,-,-,-,-,-,-,-,-,-,-,-,-,-,-,-,-,-,-,-,-,-,-,-,-,-,-,-,-,-,-,-,-,-,-,-,-,-,-,-,-,-,-,-,-,-,-,-,-,-,-,-,-,-,-,-,-,-,-,-,-,-,-,-,-,-,-,-,-,-,-,-,-,-,-,-,-,-,-,-,-,-,-,-,-,-,-,-,-,-,-,-,-,-,-,-,-,-,-,-,-,-,-,-,-,-,-,-
Pongo_abelii,M,S,W,V,Q,A,A,S,L,I,Q,G,R,G,D,K,G,D,V,F,D,E,E,A,D,E,S,L,L,A,R,R,E,W,Q,S,H,M,Q,R,R,V,E,G,Y,R,D,G,I,D,A,G,K,A,V,T,L,Q,Q,G,F,N,Q,G,Y,K,E,G,A,E,V,I,L,N,Y,G,R,L,R,G,T,L,S,A,L,L,S,W,C,H,L,H,N,N,N,S,T,L,I,N,K,I,N,N,L,L,D,A,V,G,Q,C,E,E,Y,V,L,K,H,L,K,S,I,T,P,P,S,H,I,V,D,L,L,D,S,I,E,D,M,D,L,C,H,V,V,P,A,E,K,K,I,D,E,A,K,D,E,R,L,C,E,N,N,A,E,F,N,K,N,C,S,K,S,H,S,G,I,D,C,S,Y,V,E,C,C,R,T,Q,E,H,A,H,S,E,N,P,S,P,T,W,I,L,E,Q,T,A,G,L,V,K,Q,L,G,L,S,V,D,V,L,K,H,L,K,Q,L
Propithecus_coquereli,M,S,W,V,Q,A,A,A,S,V,Q,G,P,G,D,E,G,D,V,F,D,Q,E,A,D,E,S,L,P,V,Q,R,E,W,Q,S,H,M,Q,R,R,V,E,G,Y,R,E,G,I,D,A,G,K,A,V,A,L,Q,Q,G,F,N,Q,G,Y,K,E,G,A,E,V,I,I,N,Y,G,Q,L,R,G,T,L,S,A,L,L,S,W,C,H,L,H,D,N,S,S,T,S,I,S,K,I,N,N,L,L,D,A,V,G,Q,C,E,E,Y,M,L,K,H,L,T,S,V,T,P,Q,P,Q,V,V,D,L,L,D,S,I,E,D,M,D,L,C,H,V,V,P,A,Q,K,K,I,V,E,A,K,D,E,R,L,C,E,N,N,A,E,F,N,K,N,C,S,K,H,P,S,G,I,D,G,S,Y,L,Q,C,C,R,T,Q,E,H,A,H,S,E,N,P,N,L,T,W,I,L,E,Q,T,T,S,L,V,K,Q,L,G,V,S,V,D,V,L,Q,H,L,K,Q,L
Rhinopithecus_bieti,-,-,-,-,-,-,-,-,-,-,-,-,-,-,-,-,-,-,-,-,-,-,-,-,-,-,-,-,-,-,-,-,-,-,-,-,-,-,-,-,-,-,-,-,-,-,-,-,-,-,-,-,-,-,-,-,-,-,-,-,-,-,-,-,-,-,-,-,-,-,-,-,-,-,-,-,-,-,-,-,-,-,-,-,-,-,-,-,-,-,-,-,-,-,-,-,-,-,-,-,-,-,-,-,-,-,-,-,-,-,-,-,-,-,-,-,-,-,-,-,-,-,-,-,-,-,-,-,-,-,-,-,-,-,-,-,-,-,-,-,-,-,-,-,-,-,-,-,-,-,-,-,-,-,-,-,-,-,-,-,-,-,-,-,-,-,-,-,-,-,-,-,-,-,-,-,-,-,-,-,-,-,-,-,-,-,-,-,-,-,-,-,-,-,-,-,-,-,-,-,-,-,-,-,-,-,-,-,-,-,-,-,-,-,-,-,-,-,-,-,-,-,-,-,-
Rhinopithecus_roxellana,-,-,-,-,-,-,-,-,-,-,-,-,-,-,-,-,-,-,-,-,-,-,-,-,-,-,-,-,-,-,-,-,-,-,-,-,-,-,-,-,-,-,-,-,-,-,-,-,-,-,-,-,-,-,-,-,-,-,-,-,-,-,-,-,-,-,-,-,-,-,-,-,-,-,-,-,-,-,-,-,-,-,-,-,-,-,-,-,-,-,-,-,-,-,-,-,-,-,-,-,-,-,-,-,-,-,-,-,-,-,-,-,-,-,-,-,-,-,-,-,-,-,-,-,-,-,-,-,-,-,-,-,-,-,-,-,-,-,-,-,-,-,-,-,-,-,-,-,-,-,-,-,-,-,-,-,-,-,-,-,-,-,-,-,-,-,-,-,-,-,-,-,-,-,-,-,-,-,-,-,-,-,-,-,-,-,-,-,-,-,-,-,-,-,-,-,-,-,-,-,-,-,-,-,-,-,-,-,-,-,-,-,-,-,-,-,-,-,-,-,-,-,-,-,-
Saimiri_boliviensis_boliviensis,M,S,W,V,Q,A,A,S,S,V,R,G,P,G,D,E,G,D,V,F,D,E,E,A,D,E,S,L,L,V,Q,R,E,W,Q,S,H,M,Q,R,R,V,E,G,Y,R,D,G,V,D,A,G,K,A,V,T,L,Q,Q,G,F,N,Q,G,Y,K,E,G,A,E,V,I,L,N,Y,G,R,L,R,G,T,L,S,A,L,L,S,W,C,H,L,H,N,N,N,S,T,L,I,S,K,I,N,N,L,L,D,A,V,G,Q,C,E,E,Y,V,L,K,H,L,K,S,I,T,P,P,S,H,V,V,D,L,L,D,S,I,E,D,M,D,L,C,H,V,V,P,A,E,K,K,I,D,E,A,T,D,E,R,L,C,E,N,N,A,E,F,N,K,N,C,S,R,S,H,S,G,I,D,F,S,Y,L,E,S,C,R,T,Q,E,H,A,H,S,E,N,P,S,L,T,W,I,L,E,Q,T,A,S,L,V,K,Q,L,G,I,S,V,D,V,L,Q,H,L,K,Q,L
Sapajus_apella,-,-,-,-,-,-,-,-,-,-,-,-,-,-,-,-,-,-,-,-,-,-,-,-,-,-,-,-,-,-,-,-,-,-,-,-,-,-,-,-,-,-,-,-,-,-,-,-,-,-,-,-,-,-,-,-,-,-,-,-,-,-,-,-,-,-,-,-,-,-,-,-,-,-,-,-,-,-,-,-,-,-,-,-,-,-,-,-,-,-,-,-,-,-,-,-,-,-,-,-,-,-,-,-,-,-,-,-,-,-,-,-,-,-,-,-,-,-,-,-,-,-,-,-,-,-,-,-,-,-,-,-,-,-,-,-,-,-,-,-,-,-,-,-,-,-,-,-,-,-,-,-,-,-,-,-,-,-,-,-,-,-,-,-,-,-,-,-,-,-,-,-,-,-,-,-,-,-,-,-,-,-,-,-,-,-,-,-,-,-,-,-,-,-,-,-,-,-,-,-,-,-,-,-,-,-,-,-,-,-,-,-,-,-,-,-,-,-,-,-,-,-,-,-,-
Suricata_suricatta,M,S,W,V,Q,R,A,T,L,V,Q,G,S,G,E,E,G,D,V,F,D,E,E,A,D,E,S,L,L,V,Q,R,E,W,R,S,H,M,L,R,R,V,E,G,Y,R,D,G,M,D,A,G,K,A,V,T,L,Q,Q,G,F,N,Q,G,Y,K,E,G,A,D,V,I,I,N,Y,G,Q,L,R,G,T,L,S,A,L,L,S,W,C,R,L,H,D,N,G,S,A,L,I,N,K,I,N,N,L,L,D,A,V,G,Q,C,E,E,Y,V,L,R,H,L,K,S,I,T,S,Q,P,H,V,V,D,L,L,D,S,L,Q,D,M,D,L,S,H,V,A,P,A,E,K,K,M,D,E,A,K,D,E,R,L,C,E,N,N,A,E,L,H,K,N,C,S,K,S,L,S,E,A,D,C,S,S,L,E,C,C,R,I,R,E,H,A,R,S,E,N,P,S,L,T,W,I,L,E,Q,T,A,G,L,V,K,Q,L,G,V,S,L,D,V,L,Q,H,L,K,Q,L
Theropithecus_gelada,-,-,-,-,-,-,-,-,-,-,-,-,-,-,-,-,-,-,-,-,-,-,-,-,-,-,-,-,-,-,-,-,-,-,-,-,-,-,-,-,-,-,-,-,-,-,-,-,-,-,-,-,-,-,-,-,-,-,-,-,-,-,-,-,-,-,-,-,-,-,-,-,-,-,-,-,-,-,-,-,-,-,-,-,-,-,-,-,-,-,-,-,-,-,-,-,-,-,-,-,-,-,-,-,-,-,-,-,-,-,-,-,-,-,-,-,-,-,-,-,-,-,-,-,-,-,-,-,-,-,-,-,-,-,-,-,-,-,-,-,-,-,-,-,-,-,-,-,-,-,-,-,-,-,-,-,-,-,-,-,-,-,-,-,-,-,-,-,-,-,-,-,-,-,-,-,-,-,-,-,-,-,-,-,-,-,-,-,-,-,-,-,-,-,-,-,-,-,-,-,-,-,-,-,-,-,-,-,-,-,-,-,-,-,-,-,-,-,-,-,-,-,-,-,-
Trachypithecus_francoisi,-,-,-,-,-,-,-,-,-,-,-,-,-,-,-,-,-,-,-,-,-,-,-,-,-,-,-,-,-,-,-,-,-,-,-,-,-,-,-,-,-,-,-,-,-,-,-,-,-,-,-,-,-,-,-,-,-,-,-,-,-,-,-,-,-,-,-,-,-,-,-,-,-,-,-,-,-,-,-,-,-,-,-,-,-,-,-,-,-,-,-,-,-,-,-,-,-,-,-,-,-,-,-,-,-,-,-,-,-,-,-,-,-,-,-,-,-,-,-,-,-,-,-,-,-,-,-,-,-,-,-,-,-,-,-,-,-,-,-,-,-,-,-,-,-,-,-,-,-,-,-,-,-,-,-,-,-,-,-,-,-,-,-,-,-,-,-,-,-,-,-,-,-,-,-,-,-,-,-,-,-,-,-,-,-,-,-,-,-,-,-,-,-,-,-,-,-,-,-,-,-,-,-,-,-,-,-,-,-,-,-,-,-,-,-,-,-,-,-,-,-,-,-,-,-
Tupaia_chinensis,M,S,W,V,Q,A,A,Q,S,V,R,G,P,G,D,E,A,D,V,F,D,E,E,A,D,E,S,L,V,V,Q,R,E,W,R,S,H,M,Q,R,R,V,E,G,Y,R,D,G,I,D,A,G,K,A,V,A,L,Q,Q,G,F,N,Q,G,Y,K,E,G,A,E,V,I,I,N,Y,G,Q,L,R,G,T,L,S,A,L,L,S,W,C,H,L,H,G,N,S,S,T,L,I,T,K,I,N,H,L,L,D,A,V,G,Q,C,E,E,Y,V,L,K,H,L,K,S,I,T,P,Q,P,H,V,V,D,L,L,D,S,I,E,N,M,D,L,C,H,V,V,Q,A,D,K,K,T,N,E,A,E,D,E,R,L,C,E,N,N,A,E,Y,N,K,N,C,S,K,S,P,V,G,L,E,C,S,Y,V,G,C,G,R,T,E,E,R,A,H,A,K,N,P,G,L,T,W,I,L,E,Q,T,A,N,L,V,K,Q,L,G,V,S,V,D,I,L,Q,H,L,K,Q,L
Urocitellus_parryii,M,S,W,V,Q,A,A,S,S,T,P,S,A,A,D,E,E,D,V,F,D,E,E,A,D,E,S,L,L,V,Q,R,E,W,R,N,H,M,Q,R,R,I,E,G,Y,R,D,G,L,D,A,G,K,A,V,T,L,Q,Q,G,F,N,Q,G,Y,K,E,G,A,E,V,I,I,N,Y,G,Q,L,R,G,T,L,S,A,L,L,S,W,C,H,L,H,D,N,S,S,T,L,I,S,E,I,N,S,L,L,D,A,V,G,Q,C,E,E,Y,V,L,K,H,L,K,S,I,T,S,Q,P,H,V,V,D,L,L,D,S,I,E,D,M,D,L,C,H,V,V,P,D,E,K,K,I,D,E,T,K,D,E,R,L,C,E,N,N,A,E,F,N,K,N,C,G,K,S,P,S,G,K,D,C,S,Y,L,E,R,C,T,T,Q,E,H,S,H,S,E,N,P,N,L,A,W,I,L,E,Q,T,A,S,L,V,K,Q,L,G,I,S,I,D,V,L,Q,H,L,K,Q,L
Ursus_americanus,M,S,W,V,Q,R,A,P,L,V,R,G,P,G,E,E,G,D,V,F,D,E,E,A,D,E,S,L,L,V,Q,R,E,W,R,S,H,M,Q,R,R,V,E,G,Y,R,D,G,I,D,A,G,K,A,V,T,L,Q,Q,G,F,N,Q,G,Y,K,E,G,A,E,I,I,I,N,Y,G,Q,L,R,G,T,L,S,A,L,L,S,W,C,H,L,H,D,N,G,S,A,L,I,S,K,I,N,N,L,L,D,A,V,S,Q,C,E,E,Y,V,L,R,H,L,K,S,I,T,S,P,P,H,V,V,D,L,L,D,S,I,H,D,M,D,L,C,S,V,A,P,A,E,K,K,T,D,E,A,N,D,E,R,L,C,E,N,H,A,E,L,H,E,N,C,S,K,S,L,G,E,A,G,C,S,S,L,E,C,C,R,V,P,E,H,G,Q,S,E,N,P,S,L,A,W,I,L,E,Q,T,A,G,L,V,K,Q,L,G,I,S,L,D,I,L,Q,H,L,K,Q,L
Ursus_maritimus,M,S,W,V,Q,R,A,P,L,V,R,G,P,G,E,E,G,D,V,F,D,E,E,A,D,E,S,L,L,V,Q,R,E,W,R,S,H,M,Q,R,R,V,E,G,Y,R,D,G,I,D,A,G,K,A,V,T,L,Q,Q,G,F,N,Q,G,Y,K,E,G,A,E,I,I,I,N,Y,G,Q,L,R,G,T,L,S,A,L,L,S,W,C,H,L,H,D,N,G,S,A,L,I,S,K,I,N,N,L,L,D,A,V,G,Q,C,E,E,Y,V,L,R,H,L,K,S,I,T,S,Q,P,H,V,V,D,L,L,D,S,I,H,D,M,D,L,C,P,V,A,P,A,E,K,K,T,D,E,A,N,D,E,R,L,C,E,N,H,A,E,L,H,E,N,C,S,K,S,L,G,E,A,G,C,S,S,L,E,C,C,R,V,P,E,H,G,H,S,E,N,P,S,L,A,W,I,L,E,Q,T,A,G,L,V,K,Q,L,G,I,S,L,D,I,L,Q,H,L,K,Q,L
Vicugna_pacos,M,S,W,V,Q,A,S,A,L,V,R,G,L,A,E,E,G,D,V,F,D,E,E,A,D,E,S,L,L,V,Q,R,E,W,R,S,H,M,Q,R,R,I,E,G,Y,R,D,G,I,D,A,G,K,A,V,T,L,Q,Q,G,F,N,Q,G,Y,K,E,G,A,E,V,I,I,N,Y,G,Q,L,R,G,T,L,S,A,L,L,S,W,C,H,L,H,D,N,S,S,A,L,I,S,K,I,N,K,L,L,D,A,V,G,Q,C,E,E,C,V,L,R,H,L,K,S,I,T,S,Q,P,H,V,V,D,L,L,D,S,I,Q,D,M,D,L,C,H,V,A,P,A,E,E,K,I,D,E,A,K,D,E,R,L,C,E,N,N,A,E,F,N,K,N,C,S,K,S,L,T,R,V,D,S,S,S,L,E,C,C,S,S,Q,E,H,A,H,S,E,N,P,S,L,T,W,I,L,E,Q,T,A,S,L,V,K,Q,L,G,I,S,V,D,I,L,Q,H,L,K,Q,L
Artibeus_jamaicensis,M,S,W,I,R,A,A,P,L,V,P,G,S,G,K,E,G,E,V,F,D,E,E,A,D,E,S,L,L,V,Q,R,E,W,Q,S,H,M,R,R,R,V,E,G,Y,R,D,G,L,E,A,G,K,A,V,T,L,Q,Q,G,F,N,Q,G,Y,K,E,G,A,E,I,I,M,N,Y,G,Q,L,R,G,T,L,S,A,L,L,S,W,C,H,H,H,N,N,S,S,A,L,I,S,K,I,N,N,L,L,D,A,V,D,Q,C,E,E,H,V,L,K,H,L,K,S,I,T,P,R,P,H,V,V,D,L,L,D,S,I,Q,D,M,D,L,C,H,G,V,S,A,E,K,K,I,D,E,A,K,D,E,R,L,W,E,N,N,A,E,F,N,K,N,C,S,K,S,L,S,G,V,D,C,S,S,S,E,C,C,G,I,Q,E,N,A,H,S,E,N,P,S,L,T,W,I,L,E,Q,T,A,N,L,V,K,Q,L,G,V,S,V,D,I,L,Q,Y,L,K,Q,L
Desmodus_rotundus,M,S,W,V,Q,A,A,P,L,V,P,A,V,G,K,E,G,E,V,F,D,E,E,A,D,E,S,L,L,V,Q,R,E,W,Q,S,H,M,R,R,R,V,E,G,Y,R,D,G,L,E,A,G,K,A,V,T,L,Q,Q,G,F,N,Q,G,Y,K,E,G,A,E,I,I,M,N,Y,G,Q,L,R,G,T,L,S,A,L,L,S,W,C,H,L,H,N,N,S,S,A,L,I,S,K,I,N,N,L,L,D,A,V,D,Q,C,E,E,H,V,L,K,H,L,K,S,I,T,P,Q,P,H,V,V,D,L,L,D,S,I,Q,D,M,D,L,C,H,V,V,P,A,E,K,K,I,D,E,A,K,D,E,R,L,C,E,N,N,A,E,F,N,K,T,C,S,K,S,L,N,G,V,G,C,S,-,-,K,C,Y,G,T,Q,E,H,T,R,S,E,N,P,S,L,T,W,I,L,E,Q,T,A,S,L,V,K,Q,L,G,V,S,E,D,-,L,Q,Y,L,K,Q,L
Eptesicus_fuscus,M,S,W,V,Q,A,A,P,V,V,R,G,G,G,E,E,G,E,V,F,D,E,E,A,D,E,S,L,L,V,Q,R,E,W,R,S,Q,M,Q,R,R,V,E,G,Y,R,D,G,L,Q,A,G,K,A,V,A,L,Q,E,G,F,N,Q,G,Y,K,E,G,A,E,G,I,I,N,Y,G,Q,L,R,G,T,L,S,A,L,L,S,W,C,H,L,H,D,N,S,S,A,L,I,S,K,I,N,N,L,L,D,A,V,G,R,C,E,E,Y,V,L,K,H,L,K,S,I,T,P,Q,P,H,V,V,D,L,L,D,S,I,Q,D,M,D,L,C,H,V,S,P,A,E,K,Q,I,Y,E,A,E,V,E,R,L,C,E,N,N,A,E,F,N,K,S,C,S,N,S,L,S,G,V,D,C,S,S,L,E,C,C,G,T,Q,G,H,T,H,S,E,N,P,S,L,T,W,I,L,E,Q,T,A,S,L,V,K,Q,L,G,V,S,V,D,I,L,Q,H,L,K,Q,L
Hipposideros_armiger,M,S,W,V,Q,A,A,T,S,V,S,N,Q,R,E,E,G,D,V,F,D,E,E,A,D,E,S,L,L,V,Q,R,E,W,R,N,H,M,Q,R,R,V,E,G,Y,R,D,G,L,E,A,G,K,A,V,S,L,Q,Q,G,F,N,Q,G,Y,K,E,G,A,E,V,I,I,N,Y,G,Q,L,R,G,T,L,S,A,L,L,S,W,C,H,L,Q,D,N,S,S,A,L,I,S,K,I,N,N,L,L,D,A,V,G,Q,C,E,E,C,V,L,K,H,L,K,S,I,T,P,Q,P,H,V,V,D,L,L,D,S,I,Q,D,M,D,L,C,H,V,V,P,A,E,K,E,S,D,K,A,K,D,E,R,L,C,E,D,N,A,E,L,N,K,N,C,G,K,S,L,G,R,A,H,C,S,S,L,E,C,G,G,T,R,E,H,V,H,S,E,S,P,S,L,S,W,I,L,E,Q,T,A,G,L,V,K,Q,L,G,V,S,V,D,I,L,Q,H,L,K,Q,L
Miniopterus_natalensis,M,S,W,V,-,-,-,-,-,-,-,-,-,G,E,E,G,E,V,F,D,E,E,A,D,E,S,L,L,V,Q,R,E,W,R,T,Q,M,Q,R,R,V,E,G,Y,R,D,G,L,E,A,G,K,A,V,T,L,Q,Q,G,F,N,Q,G,Y,K,E,G,A,E,V,I,I,N,Y,G,Q,L,R,G,T,L,S,A,L,L,S,W,C,H,L,H,D,N,S,S,A,L,I,S,E,I,N,N,L,L,D,A,V,G,Q,C,E,E,Y,V,L,K,H,L,K,S,I,T,S,Q,P,H,V,V,D,L,L,D,S,I,Q,D,M,D,L,C,H,V,V,P,A,E,K,K,I,D,E,A,K,D,E,R,L,C,E,N,N,A,E,F,N,K,N,C,G,N,N,L,S,G,V,D,C,S,S,L,E,C,C,G,T,Q,E,H,T,H,S,G,N,P,S,L,T,W,I,L,E,Q,T,A,S,L,V,K,Q,L,G,V,S,V,D,I,L,Q,H,L,K,Q,L
Molossus_molossus,M,S,W,V,Q,A,A,P,L,V,G,G,G,G,E,D,R,E,V,F,D,E,E,A,D,E,S,L,L,V,Q,R,E,W,R,S,Q,M,Q,R,R,V,E,G,Y,R,D,G,L,E,A,G,K,A,V,T,L,Q,Q,G,F,N,Q,G,Y,K,E,G,A,E,V,I,I,N,Y,G,Q,L,R,G,T,L,S,A,L,L,S,W,C,H,L,H,D,N,S,S,A,L,I,S,K,I,N,N,L,L,D,A,V,G,Q,C,E,E,S,V,L,K,H,L,K,S,I,T,P,Q,P,H,I,V,D,L,L,D,S,I,Q,D,M,D,L,C,H,V,V,P,A,K,K,K,I,D,E,A,K,D,E,K,L,C,E,N,N,A,E,F,N,K,N,C,S,N,S,P,S,G,V,D,C,P,S,L,Q,C,C,G,T,Q,E,R,T,H,S,E,N,P,S,L,T,W,I,L,E,Q,T,A,S,L,V,K,Q,L,G,V,S,V,D,I,L,Q,H,L,K,Q,V
Myotis_brandtii,-,-,-,-,-,-,-,-,-,-,-,-,-,-,-,-,-,-,-,-,-,-,-,-,-,-,-,-,-,-,-,-,-,-,-,-,-,-,-,-,-,-,E,G,Y,R,D,G,L,Q,A,G,K,A,V,A,L,Q,Q,G,F,N,Q,G,Y,K,E,G,A,E,V,I,I,N,Y,G,Q,L,R,G,T,L,S,A,L,L,S,W,C,H,L,H,D,N,S,S,A,L,I,S,K,I,N,N,L,L,D,A,V,G,H,C,E,E,Y,V,L,K,H,L,K,S,I,T,P,Q,P,H,V,V,D,L,L,D,S,I,Q,D,M,D,L,C,H,V,S,P,A,E,K,K,I,Y,E,A,E,D,E,R,L,C,E,N,N,A,E,F,N,K,S,C,S,N,S,L,S,G,V,D,C,S,S,L,E,C,C,R,T,Q,E,H,T,H,S,E,N,P,S,L,P,W,I,L,E,Q,T,A,S,L,V,K,Q,L,G,V,S,V,D,I,L,Q,H,L,K,Q,L
Myotis_davidii,M,S,W,V,P,A,A,P,G,V,R,G,G,G,E,E,G,E,V,F,D,E,-,-,-,-,-,-,-,-,-,-,-,-,-,-,-,-,-,-,-,-,E,G,Y,R,D,G,L,Q,A,G,K,A,V,A,L,Q,Q,G,F,N,Q,G,Y,K,E,G,A,E,V,I,I,N,Y,G,Q,L,R,G,T,L,S,A,L,L,S,W,C,H,L,H,D,N,S,S,A,L,I,S,K,I,N,N,L,L,D,A,V,G,H,C,E,E,Y,V,L,K,H,L,K,S,I,T,P,Q,P,H,V,V,D,L,L,D,S,I,Q,D,M,D,L,C,H,V,S,P,A,E,K,K,I,Y,E,A,E,D,E,R,L,C,E,N,N,A,E,F,N,K,I,C,S,N,S,L,S,G,V,D,C,S,S,L,E,C,C,G,T,Q,E,Q,T,P,S,E,N,P,S,L,T,W,I,L,E,Q,T,A,N,L,V,K,Q,L,G,V,S,V,D,I,L,Q,H,L,K,Q,L
Myotis_lucifugus,M,S,W,V,P,T,A,P,G,V,R,G,G,G,E,E,G,E,V,F,D,E,E,A,D,E,S,L,L,A,Q,R,E,W,R,S,Q,M,Q,R,R,V,E,G,Y,R,D,G,L,Q,A,G,K,A,V,A,L,Q,Q,G,F,N,Q,G,Y,K,E,G,A,E,V,I,I,N,Y,G,Q,L,R,G,T,L,S,A,L,L,S,W,C,H,L,H,D,N,S,S,A,L,I,S,K,I,N,N,L,L,D,A,V,G,H,C,E,E,Y,V,L,K,H,L,K,S,I,T,P,Q,P,H,V,V,D,L,L,D,S,I,Q,D,M,D,L,C,H,V,S,P,A,E,K,K,I,Y,E,A,E,D,E,R,L,C,E,N,N,A,E,F,N,K,S,C,S,N,S,L,S,G,V,D,C,S,S,L,E,C,C,G,T,Q,E,R,T,H,S,E,N,P,S,L,P,W,I,L,E,Q,T,A,S,L,V,K,Q,L,G,V,S,V,D,I,L,Q,H,L,K,Q,L
Myotis_myotis,M,S,W,V,P,A,A,P,G,V,R,G,G,G,E,E,G,E,V,F,D,E,E,A,D,E,S,L,L,A,Q,R,E,W,R,S,Q,M,Q,R,R,V,E,G,Y,R,D,G,L,Q,A,G,K,A,V,A,L,Q,Q,G,F,N,Q,G,Y,K,E,G,A,E,V,I,I,N,Y,G,Q,L,R,G,T,L,S,A,L,L,S,W,C,H,L,H,D,N,S,S,A,L,I,S,K,I,N,N,L,L,D,A,V,G,H,C,E,E,Y,V,L,K,H,L,K,S,I,T,P,Q,P,H,V,V,D,L,L,D,S,I,Q,D,M,D,L,C,H,V,S,P,A,E,K,N,I,C,E,A,E,D,E,R,L,C,E,N,N,A,E,F,N,K,S,C,S,N,S,L,S,G,V,D,C,S,S,L,E,C,C,G,T,Q,E,H,T,H,S,E,N,P,S,L,T,W,I,L,E,Q,T,A,S,L,V,K,Q,L,G,V,S,V,D,I,L,Q,H,L,K,Q,L
Phyllostomus_discolor,M,S,W,V,K,A,A,P,L,V,P,G,S,G,K,E,E,E,V,F,D,E,E,A,D,E,S,L,L,V,Q,R,E,W,Q,S,H,M,R,R,R,V,E,G,Y,R,D,G,L,E,A,G,K,A,V,T,L,Q,Q,G,F,N,Q,G,Y,K,E,G,A,E,I,I,M,N,Y,G,Q,L,R,G,T,L,S,A,L,L,S,W,C,H,L,H,D,T,S,S,A,L,I,S,K,I,N,N,L,L,D,A,V,D,Q,C,E,E,H,V,L,K,H,L,K,S,V,T,P,Q,P,D,V,V,D,L,L,D,S,I,Q,D,M,D,L,C,H,V,V,P,A,E,K,K,M,D,E,A,K,D,E,R,L,C,E,N,N,A,E,F,N,K,N,G,S,K,S,L,S,W,V,D,C,S,S,S,E,C,C,A,T,W,E,H,A,H,S,E,N,P,S,L,T,W,I,L,E,Q,T,D,S,L,V,K,Q,L,G,V,S,V,D,I,L,Q,Y,L,K,Q,L
Phyllostomus_hastatus,M,S,W,V,R,A,A,P,L,V,P,G,S,G,K,E,E,E,V,F,D,E,E,A,D,E,S,L,L,V,Q,R,E,W,Q,S,H,M,R,R,R,V,E,G,Y,R,D,G,L,E,A,G,K,A,V,T,L,Q,Q,G,F,N,Q,G,Y,K,E,G,A,E,I,I,M,N,Y,G,Q,L,R,G,T,L,S,A,L,L,S,W,C,H,L,H,D,T,S,S,A,L,I,S,K,I,N,N,L,L,D,A,V,D,Q,C,E,E,H,V,L,R,H,L,K,S,V,T,P,Q,P,H,V,V,N,L,L,D,S,I,Q,D,M,D,L,C,H,V,V,P,A,D,K,K,I,D,E,A,K,D,E,R,P,C,E,N,N,S,E,F,N,K,N,C,S,K,S,L,S,W,V,D,C,S,S,S,E,C,C,G,T,W,E,H,A,H,S,E,N,P,S,L,T,W,I,L,E,Q,T,A,S,L,V,K,Q,L,G,V,S,V,D,I,L,Q,Y,L,K,Q,L
Pipistrellus_kuhlii,M,S,W,V,Q,A,A,P,A,I,R,A,G,G,E,E,G,E,V,F,D,E,E,A,D,E,S,L,L,V,Q,R,E,W,R,S,Q,M,R,R,R,V,E,G,Y,R,D,G,L,Q,A,G,K,A,V,A,L,Q,Q,G,F,N,Q,G,Y,K,E,G,A,E,V,I,I,N,Y,G,Q,L,R,G,T,L,S,A,L,L,S,W,C,H,L,H,D,N,S,S,A,L,I,S,K,I,N,N,L,L,D,A,V,G,H,C,E,E,Y,V,L,K,Q,L,K,S,I,T,P,Q,P,N,V,V,D,L,L,D,S,I,Q,D,M,D,L,C,H,V,S,P,A,E,K,K,I,Y,E,A,E,D,E,R,L,C,E,N,N,A,E,F,N,K,S,C,S,N,S,L,S,G,V,G,C,P,S,L,E,C,C,G,T,Q,E,H,T,H,S,E,N,P,S,L,T,W,I,L,E,Q,T,A,S,L,V,K,Q,L,G,V,S,V,D,I,L,Q,H,L,K,R,L
Rhinolophus_ferrumequinum,M,S,W,V,Q,A,A,T,F,V,G,D,Q,G,E,Q,G,E,V,F,D,E,E,A,D,E,S,L,L,V,Q,R,E,W,R,S,H,M,Q,R,R,V,E,G,Y,R,D,G,L,E,A,G,K,A,V,T,L,Q,Q,G,F,N,Q,G,Y,K,E,G,A,E,V,I,I,N,Y,G,Q,L,R,G,T,L,S,A,L,L,S,W,C,H,L,H,D,N,S,S,T,L,I,G,K,I,N,N,L,L,D,A,V,G,Q,C,E,E,C,V,L,K,H,L,K,S,V,T,P,Q,P,H,V,V,D,L,L,D,S,I,Q,D,M,D,L,C,H,V,V,P,A,E,K,E,S,D,K,A,K,D,E,R,L,C,E,N,N,A,E,L,N,K,K,C,N,K,S,-,-,-,L,D,C,S,S,S,Q,C,G,-,-,R,E,H,T,R,S,E,N,P,S,L,S,W,I,L,E,Q,T,A,S,L,V,K,Q,L,G,V,S,V,D,I,L,Q,H,L,K,Q,L
Sorex_araneus,-,-,-,-,-,-,-,-,-,-,-,-,-,-,-,D,G,D,V,F,D,E,D,A,D,E,S,L,L,V,Q,R,E,W,Q,S,H,M,Q,R,R,V,E,G,Y,R,D,G,V,D,A,G,R,A,Q,T,L,Q,R,G,F,N,Q,G,Y,K,E,G,A,E,A,V,I,S,Y,G,Q,L,R,G,T,L,S,A,L,L,T,W,C,H,L,H,D,R,T,A,P,L,M,G,K,I,R,S,L,L,D,A,V,G,Q,C,E,E,C,V,L,R,Q,L,D,A,I,T,P,Q,P,R,V,V,D,L,S,D,S,I,Q,D,M,D,L,C,H,R,L,S,A,E,G,D,T,D,E,A,K,D,G,R,L,C,E,S,N,A,D,F,N,K,N,C,S,K,N,-,-,-,A,E,C,S,S,L,G,C,F,Q,T,E,D,H,I,L,S,E,K,P,D,L,T,W,I,L,E,Q,T,N,S,L,V,K,Q,L,G,V,P,I,D,V,L,Q,H,L,K,Q,L
Sturnira_hondurensis,M,S,W,V,R,A,A,-,-,-,-,-,-,G,K,E,G,E,V,F,D,E,E,A,D,E,S,L,L,V,Q,R,E,W,Q,S,H,M,R,R,R,V,E,G,Y,R,D,G,L,E,A,G,K,A,V,T,L,Q,Q,G,F,N,Q,G,Y,K,E,G,A,E,I,M,M,N,Y,G,Q,L,R,G,T,L,S,A,L,L,S,W,C,H,R,H,N,N,S,S,A,L,I,S,K,I,N,D,L,L,D,A,V,D,Q,C,E,E,H,V,L,Q,H,L,K,S,V,T,P,Q,P,R,V,V,D,L,L,D,S,I,Q,D,M,D,L,C,H,V,V,P,A,E,K,K,I,D,E,A,K,D,E,R,L,C,E,N,N,A,E,F,N,K,N,C,S,K,S,P,S,G,V,D,C,S,S,S,E,C,C,G,I,Q,E,H,A,H,S,E,N,P,S,E,A,W,I,L,E,Q,T,A,S,L,V,K,Q,L,G,V,S,V,D,I,L,Q,Y,L,R,Q,L
Pteropus_alecto,M,S,W,V,K,A,A,A,L,V,H,G,D,G,E,E,G,D,V,F,D,E,E,V,D,E,S,L,L,V,Q,R,E,W,R,S,H,M,Q,R,R,V,E,G,Y,R,D,G,L,E,A,G,K,A,L,T,L,Q,Q,G,F,N,Q,G,Y,K,E,G,A,E,V,I,I,N,Y,G,Q,L,R,G,T,L,S,A,L,L,S,W,C,H,L,H,D,N,S,S,T,L,I,S,K,I,N,N,L,L,D,A,V,G,Q,C,E,E,Y,V,L,K,H,L,K,S,I,T,P,Q,P,H,V,V,D,L,L,D,S,I,Q,D,M,D,L,C,H,V,V,P,A,E,K,K,M,D,E,A,K,D,G,R,L,C,E,N,N,A,E,F,N,K,N,C,S,K,G,L,S,G,V,D,C,S,S,L,E,C,C,G,T,Q,E,H,A,H,S,E,N,P,S,L,P,W,I,L,E,Q,T,V,S,L,V,K,Q,L,G,V,S,V,D,I,L,Q,H,L,K,Q,L
Pteropus_giganteus,M,S,W,V,K,A,A,A,L,V,H,G,D,G,E,E,G,D,V,F,D,E,E,V,D,E,S,L,L,V,Q,R,E,W,R,S,H,M,Q,R,R,V,E,G,Y,R,D,G,L,E,A,G,K,A,L,T,L,Q,Q,G,F,N,Q,G,Y,K,E,G,A,E,V,I,I,N,Y,G,Q,L,R,G,T,L,S,A,L,L,S,W,C,H,L,H,D,N,S,S,T,L,I,S,K,I,N,N,L,L,D,A,V,G,Q,C,E,E,Y,V,L,K,H,L,K,S,I,T,P,Q,P,H,V,V,D,L,L,D,S,I,Q,D,M,D,L,C,H,V,V,P,A,E,K,K,M,D,E,A,K,D,G,R,L,C,E,N,N,A,E,F,N,K,N,C,S,K,S,L,S,G,V,D,C,S,S,L,E,C,C,G,T,Q,E,H,A,H,S,E,N,P,S,L,P,W,I,L,E,Q,T,V,S,L,V,K,Q,L,G,V,S,V,D,I,L,Q,H,L,K,Q,L
Pteropus_vampyrus,M,S,W,V,K,A,A,A,L,V,H,G,D,G,E,E,G,D,V,F,D,E,E,V,D,E,S,L,L,V,Q,R,E,W,R,S,H,M,Q,R,R,V,E,G,Y,R,D,G,L,E,A,G,K,A,L,T,L,Q,Q,G,F,N,Q,G,Y,K,E,G,A,E,V,I,I,N,Y,G,Q,L,R,G,T,L,S,A,L,L,S,W,C,H,L,H,D,N,S,S,T,L,I,S,K,I,N,N,L,L,D,A,V,G,Q,C,E,E,Y,V,L,K,H,L,K,S,I,T,P,Q,P,H,V,V,D,L,L,D,S,I,Q,D,M,D,L,C,H,V,V,P,A,E,K,K,M,D,E,A,K,D,G,R,L,C,E,N,N,A,E,F,N,K,N,C,S,K,S,L,S,G,V,D,C,S,S,L,E,C,C,G,T,Q,E,H,A,H,S,E,N,P,S,L,P,W,I,L,E,Q,T,V,S,L,V,K,Q,L,G,V,S,V,D,I,L,Q,H,L,K,Q,L
Rousettus_aegyptiacus,M,S,W,V,K,A,T,A,F,V,H,G,D,G,E,E,G,D,V,F,D,E,E,A,D,E,S,V,L,V,Q,R,E,W,R,S,H,M,Q,R,R,V,E,G,Y,R,D,G,L,E,A,G,K,A,L,T,L,Q,Q,G,F,N,Q,G,Y,K,E,G,A,E,V,I,I,N,Y,G,Q,L,R,G,T,L,S,A,L,L,S,W,C,H,L,H,D,N,S,S,T,L,I,S,K,I,N,N,L,L,D,A,V,G,Q,C,E,E,Y,V,L,K,H,L,K,S,I,T,P,Q,P,H,V,V,D,L,L,D,S,I,Q,D,M,D,L,C,D,V,V,P,A,E,K,K,I,D,E,A,K,N,E,R,L,C,E,N,N,A,E,F,N,K,N,Y,S,K,S,L,S,G,V,D,C,S,S,L,E,C,C,G,T,Q,E,H,V,H,S,E,N,P,S,L,P,W,I,L,K,Q,T,A,S,L,V,K,Q,L,G,V,S,V,D,I,L,Q,H,L,K,Q,I
Ailuropoda_melanoleuca,M,S,W,V,Q,R,T,P,L,V,R,G,P,G,E,E,G,D,V,F,D,E,E,A,D,E,S,L,L,V,Q,R,E,W,R,S,H,M,Q,R,R,V,E,G,Y,R,D,G,I,D,A,G,K,A,V,T,L,Q,Q,G,F,N,Q,G,Y,K,E,G,A,E,I,I,I,N,Y,G,Q,L,R,G,T,L,S,A,L,L,S,W,C,H,L,H,D,N,G,S,A,L,I,S,K,I,N,N,L,L,D,A,V,G,Q,C,E,E,Y,V,L,R,H,L,K,S,V,T,S,Q,P,H,V,V,D,L,L,D,S,I,H,D,M,D,L,C,P,V,A,P,A,E,K,K,T,D,E,T,K,D,E,R,L,R,E,N,H,A,E,L,H,K,N,C,S,K,S,-,-,-,-,-,-,S,S,L,E,C,C,R,V,S,E,H,E,H,S,E,N,P,S,L,T,W,I,L,E,Q,T,A,G,L,V,K,Q,L,G,I,S,L,D,I,L,Q,H,L,K,Q,L
Antechinus_flavipes,M,S,W,L,R,A,A,-,-,-,-,-,-,-,-,-,-,D,V,F,D,D,E,A,D,E,T,L,P,A,Q,R,E,W,R,S,R,V,E,R,R,V,E,G,Y,R,D,G,V,D,A,G,K,A,A,V,L,Q,Q,G,F,N,Q,G,Y,K,E,G,A,R,V,I,L,Q,Y,G,Q,L,R,G,T,L,S,A,L,L,S,W,C,H,L,Q,D,N,G,S,P,W,I,A,P,L,N,D,L,L,D,A,V,G,Q,S,E,E,S,V,L,Q,H,L,T,S,I,P,P,Q,P,H,V,G,D,L,L,D,S,L,Q,D,M,D,L,C,-,-,-,-,-,-,-,-,-,-,-,-,-,-,-,-,-,-,-,-,-,A,D,L,N,K,N,C,-,-,-,-,-,-,-,-,-,-,-,-,-,-,-,-,-,-,-,-,-,-,-,-,-,-,-,F,S,W,I,L,E,Q,T,A,H,I,V,Q,Q,L,G,L,S,V,D,I,L,Q,-,-,-,-,-
Aotus_nancymaae,M,S,W,V,Q,A,A,S,S,V,R,G,P,G,D,E,G,D,V,F,D,E,E,A,D,E,S,L,L,V,Q,R,E,W,Q,S,H,M,Q,R,R,V,E,G,Y,R,D,G,V,D,A,G,K,A,V,T,L,Q,Q,G,F,N,Q,G,Y,K,E,G,A,E,V,I,L,N,Y,G,R,L,R,G,T,L,S,A,L,L,S,W,C,H,L,H,N,N,N,S,T,L,I,N,K,I,N,N,L,L,D,A,V,G,Q,C,E,E,Y,V,L,K,H,L,K,S,I,T,P,P,S,H,V,V,D,L,L,D,S,I,E,D,M,D,L,C,H,V,V,P,A,E,K,K,I,D,E,A,T,D,E,R,L,C,E,N,N,A,E,F,N,K,N,C,S,R,S,H,S,G,I,D,F,S,Y,L,E,C,C,R,T,Q,E,H,A,H,S,E,N,P,S,L,T,W,I,L,E,Q,T,A,N,L,V,K,Q,L,G,I,S,V,D,V,L,Q,H,L,K,Q,L
Apodemus_sylvaticus,M,S,W,F,R,A,A,A,V,I,P,S,P,E,D,Q,-,D,V,F,D,E,E,A,D,E,T,L,L,V,Q,R,E,W,Q,G,H,M,R,K,R,V,E,G,Y,R,D,G,I,D,A,G,K,A,V,T,L,Q,Q,G,F,N,Q,G,Y,K,E,G,A,D,A,I,V,S,Y,G,L,L,R,G,T,L,S,A,L,L,S,W,C,H,L,H,G,N,S,S,T,L,I,S,K,I,N,N,L,L,D,A,V,G,Q,C,E,E,C,V,L,K,R,L,K,S,V,T,S,Q,P,R,V,T,D,L,L,N,S,I,E,D,M,D,L,C,H,V,V,P,A,-,-,-,-,D,E,A,R,G,-,-,-,-,D,S,N,A,Q,I,N,T,D,S,D,R,S,P,N,R,I,D,C,S,H,P,E,C,C,R,T,Q,E,H,A,H,L,E,K,P,N,L,T,W,I,L,E,Q,T,S,N,L,V,K,Q,L,G,V,S,V,D,I,L,Q,H,L,R,Q,L
Arvicola_amphibius,M,S,W,V,R,A,V,P,E,I,P,S,P,G,D,Q,-,D,V,F,D,E,E,A,D,E,T,L,L,V,Q,R,E,W,Q,G,H,M,R,R,R,I,E,G,Y,R,D,G,V,D,A,G,K,A,V,T,L,Q,Q,G,F,N,Q,G,Y,K,E,G,A,E,V,I,I,N,Y,G,L,L,R,G,T,L,S,A,L,L,S,W,C,L,L,H,G,N,S,S,T,L,I,S,K,I,N,N,L,L,D,A,V,G,Q,C,E,E,C,V,L,K,R,L,E,S,V,T,P,Q,P,Q,V,T,D,L,L,D,S,I,E,D,M,D,L,C,H,V,A,P,A,E,K,K,I,D,E,A,E,D,E,R,L,C,E,N,S,A,E,F,N,K,N,S,D,K,S,P,S,G,K,D,C,S,P,S,D,C,C,R,T,Q,E,H,A,H,L,E,K,P,N,L,S,W,I,L,E,Q,T,A,N,L,V,K,Q,L,G,V,S,V,D,V,L,Q,H,L,R,Q,L
Callorhinus_ursinus,M,S,W,V,Q,R,A,P,L,V,R,G,P,G,E,E,G,D,V,F,D,E,E,A,D,E,S,L,L,V,Q,R,E,W,R,S,H,M,Q,R,R,V,E,G,Y,R,D,G,I,D,A,G,K,A,V,T,L,Q,Q,G,F,N,Q,G,Y,K,E,G,A,E,I,I,I,N,Y,G,Q,L,R,G,T,L,S,A,L,L,S,W,C,H,L,H,D,N,G,S,A,L,I,S,K,I,N,N,L,L,D,A,V,G,Q,C,E,E,Y,V,L,K,H,L,K,S,I,T,S,Q,P,H,V,V,D,L,L,D,S,I,Q,D,M,D,L,C,H,V,A,P,A,E,K,K,M,D,E,T,K,D,E,R,L,C,E,N,N,A,E,L,H,E,N,C,S,K,S,L,S,E,A,D,C,S,S,L,E,C,C,R,I,Q,E,H,A,H,S,A,N,P,S,L,T,W,I,L,E,Q,T,A,G,L,V,K,Q,L,G,I,S,L,D,I,L,Q,H,L,K,Q,L
Canis_lupus_dingo,M,S,W,V,Q,R,A,P,L,V,R,G,P,G,E,E,G,D,V,F,D,E,E,A,D,E,S,L,L,V,Q,R,E,W,R,S,H,M,Q,R,R,V,E,G,Y,R,D,G,I,D,A,G,K,A,V,T,L,Q,Q,G,F,N,Q,G,Y,K,E,G,A,E,I,I,I,N,Y,G,Q,L,R,G,T,L,S,A,L,L,S,W,C,H,L,H,D,N,G,S,A,L,I,S,K,I,N,N,L,L,D,A,V,G,Q,C,E,E,Y,V,L,K,H,L,K,S,I,T,S,Q,P,H,V,V,D,L,L,D,S,I,Q,D,M,D,L,C,H,V,A,P,A,E,K,K,M,D,E,A,K,D,E,R,L,C,E,N,N,A,E,L,H,K,N,C,S,K,S,L,S,E,A,N,C,S,S,L,E,C,C,R,L,Q,K,H,A,H,S,E,N,P,S,L,A,W,I,L,E,Q,T,A,S,L,V,K,Q,L,G,I,S,L,D,V,L,Q,H,L,K,Q,L
Carlito_syrichta,-,-,-,-,-,-,-,-,-,-,-,-,-,-,-,-,-,D,V,F,D,E,D,A,D,E,S,L,L,V,Q,R,E,W,R,S,H,M,Q,R,R,V,E,G,Y,R,D,G,I,D,A,G,K,A,V,T,L,Q,Q,G,F,N,Q,G,Y,K,E,G,A,E,V,I,L,N,Y,G,Q,L,R,G,T,L,S,A,L,L,S,W,C,H,L,H,D,N,S,S,T,L,T,S,K,I,N,N,L,L,D,A,V,G,Q,C,E,E,Y,V,L,T,H,L,K,S,I,T,P,Q,P,H,V,V,D,L,L,D,S,I,E,D,M,D,L,C,R,V,V,P,A,E,K,K,I,D,E,P,K,D,E,R,L,C,E,N,N,A,E,V,N,K,N,S,S,K,S,L,S,G,I,D,C,S,H,L,G,-,C,R,T,Q,E,H,A,H,S,E,N,P,S,L,T,W,I,L,E,Q,T,A,S,L,V,K,Q,L,G,V,S,V,D,I,L,Q,H,L,K,Q,L
Castor_canadensis,M,S,W,V,Q,A,A,S,S,I,R,G,P,G,D,P,G,D,V,F,D,E,E,A,D,E,T,L,L,A,Q,R,E,W,R,S,H,M,Q,R,R,V,E,G,Y,R,D,G,I,D,A,G,K,A,V,A,L,Q,Q,G,F,N,Q,G,Y,K,E,G,A,E,L,I,I,N,Y,G,Q,L,R,G,T,L,S,A,L,L,S,W,C,H,L,H,D,D,S,S,T,G,I,S,K,I,N,H,L,L,D,A,V,G,Q,C,E,E,Y,M,L,T,H,L,K,S,I,T,P,Q,P,H,V,V,D,L,L,D,S,I,E,D,M,D,L,C,H,V,V,P,A,G,K,K,S,D,E,A,K,D,E,R,L,C,E,N,N,A,E,F,N,K,N,C,S,E,N,P,T,G,I,D,C,S,D,L,E,C,C,R,T,Q,E,H,N,H,S,K,N,P,G,L,T,W,I,L,E,Q,T,A,S,L,V,K,Q,L,G,V,S,L,D,V,L,Q,H,L,K,Q,L
Cavia_porcellus,M,S,W,V,Q,A,A,-,-,-,-,-,-,-,-,-,G,D,V,F,D,E,D,A,D,E,S,L,V,V,Q,R,E,W,R,S,H,M,Q,R,R,V,E,G,Y,R,E,G,I,D,A,G,K,A,V,A,L,Q,Q,G,F,N,Q,G,Y,K,E,G,A,E,V,I,M,N,Y,G,Q,L,R,G,T,L,S,A,L,L,S,W,C,H,L,H,D,N,S,S,T,L,I,S,K,I,N,N,L,L,D,A,V,G,H,C,E,E,H,V,L,T,H,L,K,S,I,T,P,R,P,H,V,G,D,L,L,D,S,I,E,D,M,D,L,C,H,V,V,P,A,E,K,K,I,D,E,A,K,D,E,R,L,Y,E,N,N,A,E,F,N,K,N,C,-,-,-,-,-,-,-,-,-,-,-,L,E,E,C,R,T,K,E,P,A,H,S,A,N,P,S,L,T,W,I,L,E,Q,T,A,N,L,V,A,Q,L,G,F,S,V,D,V,L,Q,H,L,K,Q,L
Cervus_elaphus_hippelaphus,-,-,-,-,-,-,-,-,-,-,-,-,-,-,-,-,-,-,-,-,-,-,-,-,-,-,-,-,-,-,-,-,-,-,-,-,-,-,-,-,-,-,-,-,-,-,-,-,-,-,-,-,-,-,-,-,-,-,-,-,-,-,-,-,-,-,-,-,-,-,-,-,-,-,-,-,-,-,-,-,-,-,-,-,-,-,-,-,-,-,-,-,-,-,-,-,-,-,-,-,-,-,-,-,-,-,-,-,-,-,-,-,-,-,-,-,-,-,-,-,-,-,-,-,-,-,-,-,-,-,-,-,-,-,-,-,-,-,-,-,-,-,-,-,-,-,-,-,-,-,-,-,-,-,-,-,-,-,-,-,-,-,-,-,-,-,-,-,-,-,-,-,-,-,-,-,-,-,-,-,-,-,-,-,-,-,-,-,-,-,-,-,-,-,-,-,-,-,-,-,-,-,-,-,-,-,-,-,-,-,-,-,-,-,-,-,-,-,-,-,-,-,-,-,-
Chinchilla_lanigera,M,S,W,F,Q,A,A,Q,S,V,G,K,T,G,D,Q,G,D,V,F,D,E,D,A,D,E,S,L,V,V,Q,R,E,W,R,S,H,M,Q,R,R,V,E,G,Y,R,D,G,V,D,A,G,K,A,V,A,L,Q,Q,G,F,N,Q,G,Y,K,E,G,A,E,V,I,M,N,Y,G,Q,L,R,G,T,L,S,A,L,L,C,W,C,H,L,R,D,N,S,S,T,L,I,S,K,I,N,N,L,L,D,A,V,G,Q,C,E,E,Y,V,L,T,H,L,K,S,I,T,S,Q,P,H,V,G,D,L,L,D,S,I,E,D,M,D,L,C,H,V,V,P,A,E,K,K,I,D,E,A,K,D,E,R,L,Y,E,N,N,A,E,F,N,K,N,C,G,N,S,P,G,R,A,S,C,S,Y,L,E,G,C,R,T,K,E,P,A,H,S,A,N,P,S,L,T,W,I,L,E,Q,T,A,S,L,V,T,Q,L,G,V,S,V,D,V,L,Q,H,L,K,Q,L
Choloepus_didactylus,M,S,W,L,Q,A,S,F,L,V,P,G,P,G,N,E,G,D,V,F,D,E,E,A,D,E,S,S,L,V,Q,R,E,W,R,S,Q,M,R,R,R,V,E,G,Y,R,D,G,I,D,A,G,K,A,V,A,L,Q,Q,G,F,N,Q,G,Y,K,E,G,A,E,V,I,I,N,Y,G,Q,L,R,G,T,L,S,A,L,L,S,W,C,H,L,H,D,N,S,S,A,L,I,N,K,I,N,N,L,L,D,A,V,G,Q,C,E,E,Y,V,L,R,N,L,K,S,V,M,P,Q,P,H,V,V,D,L,L,D,S,I,E,D,M,D,L,C,H,V,V,P,V,G,K,K,I,D,G,A,K,D,E,R,L,C,E,N,N,A,E,F,N,K,N,C,S,K,S,P,S,G,M,D,C,S,Y,L,E,C,C,R,T,Q,E,H,A,H,S,E,N,P,S,L,T,W,I,L,E,Q,T,A,S,L,V,K,Q,L,G,I,S,V,D,V,L,Q,H,L,K,Q,L
Cricetulus_griseus,M,S,W,V,R,A,V,P,E,I,P,S,S,G,D,Q,-,D,V,F,D,E,E,A,D,E,T,L,L,V,Q,R,E,W,Q,G,H,M,R,R,R,I,E,G,Y,R,D,G,I,D,A,G,K,A,V,T,L,Q,Q,G,F,N,Q,G,Y,K,E,G,A,E,V,I,I,N,Y,G,L,L,R,G,T,L,S,A,L,L,S,W,C,H,L,H,G,N,S,S,T,L,V,S,K,I,N,N,L,L,D,A,V,G,Q,C,E,E,C,V,L,K,R,L,K,S,V,A,P,Q,P,Q,V,T,D,L,L,D,S,I,E,D,M,D,L,C,H,V,V,P,A,E,K,K,I,D,E,V,K,D,E,R,L,C,E,N,S,A,E,F,N,K,N,S,D,K,S,H,I,R,T,D,C,S,H,S,E,C,C,R,T,Q,E,H,E,H,L,E,K,P,S,L,T,W,I,L,E,Q,T,A,S,L,V,K,Q,L,G,V,S,V,D,V,L,Q,H,L,R,Q,L
Dasypus_novemcinctus,M,S,W,V,Q,A,S,S,L,V,R,G,L,G,D,D,G,D,V,F,D,E,E,A,D,E,S,L,L,V,Q,R,E,W,R,N,H,M,Q,R,R,V,E,G,Y,R,D,G,I,D,A,G,K,A,V,A,L,Q,Q,G,F,N,Q,G,Y,K,E,G,A,E,V,I,I,N,Y,G,Q,L,R,G,T,L,S,A,L,L,S,W,C,H,L,H,D,N,N,S,A,L,I,G,E,I,N,N,L,L,D,A,V,G,R,C,E,E,Y,V,L,K,N,L,K,S,I,T,P,Q,P,H,V,V,D,L,L,D,S,I,Q,D,M,D,L,C,C,V,V,P,A,G,K,K,I,D,E,A,K,D,E,R,L,C,E,N,N,A,E,F,N,K,N,C,C,K,S,P,N,G,M,D,C,S,Y,L,E,C,C,R,T,Q,E,H,A,H,S,E,N,P,S,L,T,W,I,V,E,Q,T,T,N,L,I,K,Q,L,G,L,S,V,D,V,L,Q,H,L,K,Q,L
Dipodomys_ordii,-,-,-,-,-,-,-,-,-,-,-,-,-,-,-,P,G,D,V,F,D,E,E,A,D,E,S,V,L,L,Q,R,E,W,R,N,H,M,Q,R,R,V,E,G,Y,R,D,G,V,D,A,G,K,A,V,A,L,Q,Q,G,F,N,Q,G,Y,K,E,G,A,E,V,I,V,N,Y,G,Q,I,R,G,T,L,S,A,L,L,S,W,C,H,L,H,T,H,S,V,I,W,I,N,K,I,H,A,L,L,D,A,L,G,Q,C,E,E,C,V,L,Q,R,L,K,A,I,A,A,G,P,Q,V,G,D,L,L,D,S,I,E,-,-,-,-,-,-,-,-,-,-,-,-,-,-,-,-,-,-,-,-,-,-,-,-,-,-,A,E,W,N,Q,N,G,D,K,T,V,D,G,V,E,G,S,H,L,E,C,H,R,T,Q,E,H,P,R,L,E,P,P,S,L,T,W,V,L,E,Q,T,A,T,L,V,T,Q,L,G,V,P,V,D,I,L,Q,H,L,K,Q,L
Dipodomys_spectabilis,-,-,-,-,-,-,-,-,-,-,-,-,-,-,-,P,G,D,V,F,D,E,E,A,D,E,S,V,L,L,Q,R,E,W,R,N,H,M,Q,R,R,V,E,G,Y,R,D,G,V,D,A,G,K,A,V,A,L,Q,Q,G,F,N,Q,G,Y,K,E,G,A,E,V,I,V,N,Y,G,Q,I,R,G,T,L,S,A,L,L,S,W,C,H,L,H,T,H,S,V,I,W,I,N,K,I,H,A,L,L,D,A,L,G,Q,C,E,E,C,V,L,Q,R,L,K,A,I,A,S,G,P,Q,V,G,D,L,L,D,S,I,E,-,-,-,-,-,-,-,-,-,-,-,-,-,-,-,-,-,-,-,-,-,-,-,-,-,-,A,E,W,N,Q,N,G,D,K,T,V,D,G,V,E,G,S,H,L,E,C,H,R,T,Q,E,H,P,H,L,E,P,P,S,L,T,W,V,L,E,Q,T,A,T,L,V,T,Q,L,G,V,P,V,D,I,L,Q,H,L,K,Q,L
Dromiciops_gliroides,M,S,W,L,R,A,A,-,-,-,-,-,-,-,-,-,-,D,V,F,D,D,E,A,D,E,T,L,P,A,Q,R,E,W,R,N,R,V,E,R,R,V,E,G,Y,R,D,G,V,D,A,G,K,A,A,V,L,Q,Q,G,F,N,Q,G,Y,K,E,G,A,E,V,I,V,N,Y,G,Q,L,R,G,T,L,S,A,L,L,S,W,C,R,L,Q,G,D,R,S,P,W,I,T,H,L,N,D,L,L,D,A,V,G,Q,C,E,E,L,V,L,Q,R,L,T,S,A,P,A,Q,P,H,V,G,D,L,L,D,S,I,Q,D,M,D,L,C,S,T,D,P,A,Q,E,R,T,G,E,-,-,-,E,R,L,-,-,-,-,-,-,-,-,-,-,-,-,-,-,-,-,-,-,-,-,-,-,-,-,-,-,-,-,-,-,-,-,-,-,-,K,P,S,F,S,W,I,L,E,Q,T,A,S,I,V,E,Q,L,G,L,P,S,D,I,L,Q,-,-,-,-,-
Elephantulus_edwardii,-,-,-,-,-,-,-,-,-,-,-,-,-,-,-,-,-,-,-,-,-,-,-,-,-,-,-,-,-,-,-,-,-,-,-,-,-,-,-,-,-,-,-,-,-,-,-,-,-,-,-,-,-,-,-,-,-,-,-,-,-,-,-,-,-,-,-,-,-,-,-,-,-,-,-,-,-,-,-,-,-,-,-,-,-,-,-,-,-,-,-,-,-,-,-,-,-,-,-,-,-,-,-,-,-,-,-,-,-,-,-,-,-,-,-,-,-,-,-,-,-,-,-,-,-,-,-,-,-,-,-,-,-,-,-,-,-,-,-,-,-,-,-,-,-,-,-,-,-,-,-,-,-,-,-,-,-,-,-,-,-,-,-,-,-,-,-,-,-,-,-,-,-,-,-,-,-,-,-,-,-,-,-,-,-,-,-,-,-,-,-,-,-,-,-,-,-,-,-,-,-,-,-,-,-,-,-,-,-,-,-,-,-,-,-,-,-,-,-,-,-,-,-,-,-
Equus_caballus,M,S,W,V,R,A,S,P,L,V,R,D,P,G,E,D,G,D,V,F,D,E,E,A,D,E,S,L,V,V,Q,R,E,W,R,S,H,M,Q,R,R,V,E,G,Y,R,D,G,V,D,A,G,K,A,V,T,L,Q,Q,G,F,N,Q,G,Y,K,E,G,A,E,V,I,I,N,Y,G,Q,L,R,G,T,L,S,A,L,L,S,W,C,H,L,H,D,N,S,S,A,L,I,S,K,I,N,N,L,L,D,A,V,G,Q,C,E,E,D,V,L,K,H,L,K,S,I,T,P,Q,P,H,V,V,D,L,L,D,S,L,Q,D,M,D,L,C,H,V,V,P,A,E,K,K,T,D,E,A,T,D,E,R,L,R,E,N,N,A,E,F,N,K,N,C,G,R,S,V,N,G,V,D,C,S,S,L,E,C,C,R,T,Q,E,H,A,H,S,E,Q,P,S,L,T,W,I,L,Q,Q,T,A,S,L,V,E,Q,L,G,V,S,I,D,V,L,Q,H,L,K,Q,L
Erinaceus_europaeus,M,S,W,V,Q,A,A,S,L,G,P,D,P,G,K,E,G,D,V,F,D,E,D,A,D,E,S,L,V,V,Q,R,E,W,R,S,H,M,Q,R,R,V,E,G,Y,R,D,G,I,D,A,G,K,A,V,T,L,Q,Q,G,F,N,Q,G,Y,K,E,G,A,E,V,I,M,N,Y,G,Q,L,R,G,T,L,S,A,L,L,S,W,C,Q,L,H,D,S,S,L,T,L,I,S,K,I,S,H,L,L,D,A,V,G,Q,C,E,E,Y,V,L,K,R,L,E,S,V,T,P,Q,P,H,V,G,D,L,L,D,S,I,Q,D,M,D,L,R,H,V,V,P,A,E,E,K,T,D,G,N,K,D,E,R,L,C,E,N,N,A,E,P,N,T,N,C,S,K,T,L,S,G,A,D,C,L,S,S,E,C,C,R,A,H,E,C,A,H,S,E,T,P,S,L,T,W,I,L,E,Q,T,H,S,L,V,R,Q,L,G,V,S,T,D,I,L,Q,H,L,K,Q,L
Eumetopias_jubatus,M,S,W,V,Q,R,A,P,L,V,R,G,P,G,E,E,G,D,V,F,D,E,E,A,D,E,S,L,L,V,Q,R,E,W,R,S,H,M,Q,R,R,V,E,G,Y,R,D,G,I,D,A,G,K,A,V,T,L,Q,Q,G,F,N,Q,G,Y,K,E,G,A,E,I,I,I,N,Y,G,Q,L,R,G,T,L,S,A,L,L,S,W,C,H,L,H,D,N,G,S,A,L,I,S,K,I,N,N,L,L,D,A,V,G,Q,C,E,E,Y,V,L,K,H,L,K,S,I,T,S,Q,P,H,V,V,D,L,L,D,S,I,Q,D,M,D,L,C,H,V,A,P,A,E,K,K,M,D,E,T,K,D,E,R,L,C,E,N,N,A,E,L,H,E,N,C,S,K,S,L,S,E,A,D,C,S,S,L,E,C,C,R,I,Q,E,H,A,H,S,A,N,P,S,L,T,W,I,L,E,Q,T,A,G,L,V,K,Q,L,G,I,S,L,D,I,L,Q,H,L,K,Q,L
Felis_catus,M,S,W,V,Q,S,T,P,L,V,Q,G,P,G,E,E,G,D,V,F,D,E,E,A,D,E,S,L,L,V,Q,R,E,W,Q,S,H,M,L,R,R,V,E,G,Y,R,D,G,I,D,A,G,K,A,V,T,L,Q,Q,G,F,N,Q,G,Y,K,E,G,A,E,V,I,I,N,Y,G,Q,L,R,G,T,L,S,A,L,L,S,W,C,H,L,H,D,N,G,S,A,L,I,S,K,I,N,S,L,L,D,A,V,G,Q,C,E,E,Y,V,L,K,H,L,K,S,I,T,S,Q,P,H,V,V,D,L,L,D,S,I,Q,D,M,D,L,G,H,V,A,P,A,E,K,K,M,D,E,G,K,D,E,R,L,C,E,N,N,A,E,L,H,K,N,C,G,K,S,L,S,E,A,D,C,S,S,L,E,C,C,R,I,Q,E,Q,P,H,S,E,N,P,S,L,T,W,I,L,E,Q,T,A,S,L,V,K,Q,L,G,V,S,L,D,V,L,Q,H,L,K,Q,L
Fukomys_damarensis,M,S,W,V,Q,T,A,Q,A,V,V,K,A,G,D,Q,G,D,V,F,D,E,E,A,D,E,S,L,L,V,Q,R,E,W,R,S,N,M,Q,R,R,V,E,G,Y,R,D,G,V,D,A,G,K,A,V,A,L,Q,Q,G,F,N,Q,G,Y,K,E,G,A,E,V,I,M,N,Y,G,Q,L,R,G,T,L,S,A,L,L,S,W,C,H,L,H,D,N,S,L,T,L,I,S,K,I,N,N,L,L,D,A,V,S,Q,C,E,E,Y,V,L,T,Q,L,K,S,V,P,P,R,P,S,V,G,D,L,L,D,S,I,E,D,M,D,L,C,R,V,V,P,A,E,-,K,I,N,E,A,K,D,E,R,L,Y,D,S,N,A,E,F,N,K,N,C,G,N,S,P,S,R,A,D,C,S,Y,L,E,G,C,Q,T,R,E,-,-,-,-,-,-,-,S,L,P,W,I,L,E,Q,T,A,S,L,V,T,Q,L,G,I,S,V,D,V,L,Q,H,L,K,Q,L
Galeopterus_variegatus,M,S,W,V,R,A,A,A,S,V,R,D,P,G,N,E,G,D,V,F,D,E,E,A,D,E,S,L,L,V,Q,R,E,W,R,S,Q,M,Q,R,R,V,E,G,Y,R,D,G,I,D,A,G,K,A,V,A,L,Q,Q,G,F,N,Q,G,Y,K,E,G,A,E,V,I,I,N,Y,G,Q,L,R,G,T,L,S,A,L,L,S,W,C,H,L,H,D,N,S,S,T,L,I,S,K,I,N,N,L,L,D,A,V,G,Q,C,E,E,F,V,L,K,H,L,K,S,I,T,P,Q,P,H,A,V,D,L,L,D,S,I,E,D,M,D,L,C,H,V,V,P,A,E,K,K,I,-,E,T,K,D,E,R,L,C,E,N,N,A,E,F,N,K,N,H,S,K,S,R,S,G,V,D,C,S,Y,L,K,C,C,R,T,Q,E,H,A,H,S,E,N,P,S,L,T,W,I,L,E,Q,T,A,S,L,V,K,Q,L,G,V,S,V,D,V,L,Q,H,L,K,Q,L
Gracilinanus_agilis,M,S,W,L,R,A,A,-,-,-,-,-,-,-,-,-,-,D,V,F,D,D,E,A,D,E,T,L,P,A,Q,Q,E,W,K,N,R,V,E,R,R,V,E,G,Y,R,D,G,V,D,A,G,K,A,A,V,L,Q,Q,G,F,N,Q,G,Y,K,E,G,A,E,V,I,I,S,Y,G,Q,L,R,G,T,L,S,A,L,L,S,W,C,H,L,Q,D,N,D,S,P,W,I,V,P,I,N,H,L,L,D,A,V,G,Q,C,E,E,S,V,L,Q,H,L,T,S,V,P,P,Q,P,H,V,G,G,L,L,D,S,I,Q,D,M,D,L,-,-,-,-,-,-,-,-,-,-,-,-,-,-,-,-,-,-,-,-,-,-,A,E,L,N,K,N,C,-,-,-,-,-,-,-,-,-,-,-,-,-,-,-,-,-,-,-,-,-,-,-,-,K,P,S,F,S,W,I,L,E,Q,T,S,S,I,V,E,Q,L,G,L,S,V,D,I,L,Q,N,I,K,Q,-
Grammomys_surdaster,M,S,W,F,R,A,A,S,E,I,P,S,P,V,D,Q,-,D,V,F,D,E,E,A,D,E,S,L,L,V,Q,R,E,W,Q,G,H,M,R,K,R,V,E,G,Y,R,D,G,M,D,A,G,K,A,V,T,L,Q,Q,G,F,N,Q,G,Y,K,E,G,A,D,V,V,I,N,Y,G,L,L,R,G,T,L,S,A,L,L,S,W,C,R,L,H,G,N,S,S,T,L,I,S,K,I,D,N,L,L,D,A,V,G,Q,C,E,E,C,M,L,K,H,L,K,S,V,T,S,Q,P,R,V,T,D,L,L,D,S,I,E,D,M,D,L,C,H,V,V,P,A,E,R,K,A,D,E,V,K,G,-,-,-,-,D,N,N,A,E,I,N,T,D,S,D,K,S,P,N,G,M,D,C,S,H,P,E,C,C,R,T,Q,E,H,T,H,L,E,K,P,S,L,T,W,I,L,E,Q,T,S,N,L,V,K,Q,L,G,V,S,V,D,I,L,Q,H,L,R,Q,L
Heterocephalus_glaber,-,-,-,-,-,-,-,-,-,-,-,-,-,-,-,-,D,D,V,F,D,E,E,A,D,E,S,L,L,V,Q,R,E,W,R,S,H,M,Q,R,R,V,E,G,Y,R,D,G,V,D,A,G,K,A,V,A,L,Q,Q,G,F,N,Q,G,Y,K,E,G,A,E,V,I,M,N,Y,G,Q,L,R,G,T,L,S,A,L,L,S,W,C,H,L,H,D,N,S,S,T,L,I,S,K,I,N,N,L,L,D,A,V,S,Q,C,E,E,Y,V,L,A,H,L,K,S,V,P,P,Q,P,N,V,G,D,L,L,D,S,I,E,D,M,D,L,C,H,V,V,P,A,E,-,K,M,D,E,A,K,D,E,R,L,Y,E,N,N,A,E,F,N,K,N,C,G,N,S,P,S,R,A,D,C,S,Y,L,E,G,C,R,T,Q,E,P,A,H,S,A,N,P,I,L,P,W,I,L,E,Q,T,A,S,L,V,T,Q,L,G,I,S,V,D,V,L,Q,H,L,K,Q,L
Hyaena_hyaena,-,-,-,-,-,-,-,-,-,-,-,-,-,-,-,-,G,D,V,F,D,E,E,A,D,E,A,L,L,V,R,R,E,W,Q,S,H,M,L,R,R,V,E,G,Y,R,D,G,V,D,A,G,K,A,V,T,L,Q,Q,G,F,N,Q,G,Y,K,E,G,A,D,L,I,I,N,Y,G,Q,L,R,G,T,L,S,A,L,L,S,W,C,H,L,H,E,N,G,S,A,L,I,S,K,I,N,N,L,L,D,A,V,G,Q,C,E,E,Y,V,L,K,H,L,K,S,I,T,S,Q,P,R,V,V,D,L,L,D,S,I,Q,E,M,D,L,C,H,E,A,P,A,E,K,K,M,D,E,A,K,D,E,R,L,C,E,N,N,A,E,L,H,K,N,C,S,K,S,L,S,E,A,D,C,S,S,L,E,C,Y,R,I,R,E,Q,A,H,S,E,N,P,S,L,T,W,I,L,E,Q,T,A,G,L,V,T,Q,L,G,V,P,R,D,V,L,Q,H,L,K,Q,P
Jaculus_jaculus,M,S,W,V,A,A,A,P,A,V,R,S,P,G,E,P,G,D,V,F,D,E,E,A,D,E,V,L,L,A,R,R,E,W,R,S,H,M,R,R,R,V,E,G,Y,R,D,G,V,D,A,G,K,A,A,A,L,Q,Q,G,F,N,Q,G,F,K,E,G,A,G,V,V,L,N,Y,G,L,L,R,G,T,L,S,A,L,L,S,W,C,H,L,H,G,D,N,S,T,L,I,S,A,I,Y,D,L,L,N,A,L,G,Q,C,E,E,Y,V,L,T,H,L,K,S,V,T,P,Q,P,Q,V,G,D,L,L,D,S,F,E,D,M,G,L,C,H,A,V,P,A,E,E,K,V,D,Q,A,Q,D,E,R,L,C,G,T,N,A,D,L,N,K,N,C,G,K,S,T,P,G,T,D,-,-,-,-,-,-,-,G,P,Q,A,H,A,H,L,E,K,P,S,I,T,W,I,L,E,Q,T,T,N,L,V,K,Q,L,G,V,S,A,D,V,L,Q,H,L,R,Q,L
Lemur_catta,M,S,W,V,Q,A,A,A,S,V,Q,A,P,G,D,D,G,D,V,F,D,Q,E,A,D,E,S,L,L,V,Q,R,E,W,R,S,H,M,R,R,R,V,E,G,Y,R,E,G,I,D,A,G,K,A,V,A,L,Q,Q,G,F,N,Q,G,Y,K,E,G,A,E,V,I,I,N,Y,G,Q,L,R,G,T,L,S,A,L,L,S,W,C,H,L,H,D,N,S,S,T,L,I,S,K,I,N,T,L,L,D,A,V,G,Q,C,E,E,Y,V,L,K,H,L,T,S,V,T,P,Q,P,Q,V,V,D,L,L,D,S,I,E,D,M,D,L,C,H,V,V,P,A,E,K,K,I,V,E,A,K,D,E,R,L,C,E,N,N,A,E,F,N,K,N,C,S,K,R,P,S,G,I,D,G,S,Y,L,Q,C,C,R,T,Q,E,R,A,H,S,E,K,P,N,L,T,W,I,L,E,E,T,A,S,L,V,K,Q,L,G,V,S,V,D,V,L,Q,H,L,K,Q,L
Leptonychotes_weddellii,M,S,W,V,Q,R,A,P,L,V,G,G,P,G,E,E,G,D,I,F,D,E,E,A,D,E,S,L,L,V,Q,R,E,W,W,S,H,M,Q,R,R,V,E,G,Y,R,D,G,I,D,A,G,K,A,V,T,L,Q,Q,G,F,N,Q,G,Y,K,E,G,A,E,I,I,I,N,Y,G,Q,L,R,G,T,L,S,A,L,L,S,W,C,H,L,H,D,N,G,S,A,L,I,S,K,I,N,N,L,L,D,A,V,G,Q,C,E,E,Y,V,L,R,H,L,K,S,I,T,S,Q,P,H,V,V,D,L,L,D,S,I,Q,D,M,D,L,C,H,V,A,P,A,E,K,K,T,D,E,A,K,D,E,R,L,C,E,N,N,A,E,L,N,K,N,C,S,K,S,L,S,E,A,D,C,S,S,L,E,C,C,R,I,Q,Q,H,A,H,S,E,N,P,S,L,T,W,I,L,E,Q,T,A,G,L,V,K,Q,L,G,I,S,L,D,I,L,Q,H,L,K,Q,L
Lontra_canadensis,M,S,W,V,Q,R,A,H,L,V,G,G,P,G,E,E,G,D,V,F,D,E,E,G,D,E,S,L,L,V,Q,R,E,W,R,S,H,M,Q,R,R,V,E,G,Y,R,D,G,I,D,A,G,K,A,V,T,L,Q,Q,G,F,N,Q,G,Y,K,E,G,A,E,I,I,I,N,Y,G,Q,L,R,G,T,L,S,A,L,L,S,W,C,H,L,H,D,N,G,S,A,L,I,S,K,I,N,N,L,L,D,A,V,G,Q,C,E,E,Y,V,L,K,H,L,K,S,I,T,S,P,P,H,V,V,D,L,L,D,S,I,E,D,M,D,L,C,H,V,A,P,A,E,K,K,M,D,E,A,K,D,E,R,L,C,E,N,N,A,E,L,H,K,N,C,S,K,S,L,S,E,A,G,C,S,S,L,E,C,C,G,V,Q,D,R,E,H,S,E,N,P,S,L,T,W,I,L,E,Q,T,A,G,L,V,K,Q,L,G,I,S,L,D,I,L,Q,H,L,K,Q,L
Lynx_canadensis,M,S,W,V,Q,S,T,P,L,V,Q,G,P,G,E,E,G,D,V,F,D,E,E,A,D,E,S,L,L,V,Q,R,E,W,Q,S,H,M,L,R,R,V,E,G,Y,R,D,G,I,D,A,G,K,A,V,T,L,Q,Q,G,F,N,Q,G,Y,K,E,G,A,E,V,I,I,N,Y,G,Q,L,R,G,T,L,S,A,L,L,S,W,C,H,L,H,D,N,G,S,A,L,I,S,K,I,N,S,L,L,D,A,V,G,Q,C,E,E,Y,V,L,K,H,L,K,S,I,T,S,Q,P,H,V,V,D,L,L,D,S,I,Q,D,M,D,L,G,H,V,A,P,A,E,K,K,M,D,E,G,K,D,E,R,L,C,E,N,N,A,E,L,H,K,N,C,G,K,S,L,S,E,A,D,C,S,S,L,E,C,C,R,I,Q,E,Q,P,H,S,E,N,P,S,L,T,W,I,L,E,Q,T,A,S,L,V,K,Q,L,G,V,S,L,D,V,L,Q,H,L,K,Q,L
Manis_javanica,-,-,-,-,-,-,-,-,-,-,-,-,-,-,-,E,G,D,V,F,D,E,E,A,D,E,A,L,L,V,Q,R,E,W,R,S,H,M,Q,R,R,V,E,G,Y,R,D,G,V,D,A,G,K,A,V,T,L,Q,Q,G,F,N,Q,G,Y,K,E,G,A,D,V,I,I,N,Y,G,Q,L,R,G,T,L,S,A,L,L,S,W,C,H,L,H,D,S,T,S,A,L,I,S,K,I,N,N,L,L,D,A,V,G,Q,C,E,E,Y,V,L,K,H,L,K,S,I,T,S,E,P,H,V,V,D,L,L,D,S,L,Q,D,M,N,L,C,H,V,A,L,A,E,K,K,I,D,E,A,K,D,E,R,L,C,K,N,N,A,E,F,N,K,N,C,S,K,S,L,S,G,V,D,C,S,F,L,E,C,C,R,T,Q,E,H,A,H,S,E,N,P,S,L,A,W,V,L,E,Q,T,T,N,L,V,K,Q,L,G,V,S,V,D,V,L,Q,H,L,K,Q,L
Manis_pentadactyla,-,-,-,-,-,-,-,-,-,-,-,-,-,-,-,E,G,D,V,F,D,E,E,A,D,E,A,L,L,V,Q,R,E,W,R,S,H,M,Q,R,R,V,E,G,Y,R,D,G,V,D,A,G,K,A,V,T,L,Q,Q,G,F,N,Q,G,Y,K,E,G,A,D,V,I,I,N,Y,G,Q,L,R,G,T,L,S,A,L,L,S,W,C,H,L,H,D,S,T,S,A,L,I,S,K,I,N,N,L,L,D,A,V,G,Q,C,E,E,Y,V,L,K,H,L,K,S,I,T,S,E,P,H,V,V,D,L,L,D,S,V,Q,D,M,N,L,C,H,V,A,P,A,E,K,K,I,D,E,A,K,D,E,R,L,C,K,N,N,A,E,F,N,K,N,C,S,K,S,L,S,G,V,D,C,S,F,L,E,C,C,G,T,Q,E,H,A,H,S,E,N,P,S,L,T,W,V,L,E,Q,T,A,N,L,V,K,Q,L,G,V,S,V,D,V,L,Q,H,L,K,Q,L
Mastomys_coucha,M,S,W,F,R,A,A,P,E,I,P,N,H,G,D,Q,-,D,V,F,D,E,E,A,D,E,S,L,L,V,Q,R,E,W,Q,G,H,M,R,K,R,V,E,G,Y,R,D,G,I,D,A,G,K,A,V,T,L,Q,Q,G,F,N,Q,G,Y,K,E,G,A,D,V,I,I,N,Y,G,L,L,R,G,T,L,S,A,L,L,S,W,C,Y,L,H,G,N,S,S,T,L,I,S,K,I,N,N,L,L,D,A,V,G,Q,C,E,E,C,V,L,K,R,L,K,S,V,T,S,Q,P,R,V,T,D,L,L,D,S,I,E,D,M,D,F,C,H,V,V,P,A,-,-,-,-,D,E,A,K,G,-,-,-,-,D,N,N,A,E,I,N,T,D,S,D,R,S,P,N,G,M,D,C,S,H,P,E,C,C,R,T,Q,E,H,A,H,L,E,K,P,S,L,T,W,I,L,E,Q,T,S,N,L,V,K,Q,L,G,V,S,V,D,I,L,Q,H,L,R,Q,L
Meles_meles,M,S,W,I,Q,R,V,H,L,V,G,G,P,G,E,E,G,D,V,F,D,E,E,A,D,E,S,L,L,V,Q,R,E,W,R,S,H,M,Q,R,R,V,E,G,Y,R,D,G,I,D,A,G,K,A,V,T,L,Q,Q,G,F,N,Q,G,Y,K,E,G,A,E,I,I,I,N,Y,G,Q,L,R,G,T,L,S,A,L,L,S,W,C,H,L,H,D,N,G,S,A,L,I,S,K,I,N,N,L,L,D,A,V,G,Q,C,E,E,Y,V,L,K,H,L,K,S,I,T,S,P,P,H,V,V,D,L,L,D,S,I,Q,D,M,D,L,C,H,V,A,P,A,E,-,K,M,D,E,A,K,D,E,R,L,C,E,N,N,A,E,L,H,K,N,C,S,K,S,L,S,E,A,D,C,S,S,L,E,G,C,G,I,R,E,R,E,H,S,E,N,P,S,L,T,W,I,L,E,Q,T,A,S,L,V,K,Q,L,G,I,S,L,D,I,L,Q,H,L,K,Q,L
Meriones_unguiculatus,M,S,W,V,R,A,V,P,E,I,P,S,P,G,D,Q,-,D,V,F,D,E,E,A,D,E,S,L,L,V,Q,R,E,W,Q,G,H,M,R,R,R,V,E,G,Y,R,D,G,V,D,A,G,K,A,V,T,L,Q,Q,G,F,N,Q,G,Y,K,Q,G,A,E,V,I,I,N,Y,G,L,L,R,G,T,L,S,A,L,L,S,W,C,H,L,H,G,N,S,S,T,L,I,S,K,I,N,N,L,L,D,A,V,G,Q,C,E,E,C,V,L,R,R,L,K,S,V,T,C,Q,P,H,I,A,D,V,L,D,S,I,D,D,M,D,L,C,Q,V,V,P,A,E,K,K,T,D,D,A,K,D,E,R,L,C,E,N,N,A,E,F,D,P,N,S,D,R,S,P,S,G,M,D,C,S,H,P,E,C,C,R,T,H,E,H,A,H,L,E,K,P,S,L,T,W,I,L,E,Q,T,S,N,L,V,K,Q,L,G,V,S,V,D,V,L,Q,H,L,R,Q,L
Mesocricetus_auratus,M,S,W,V,Q,A,V,P,E,I,L,S,P,G,D,Q,-,D,V,F,D,E,E,A,D,E,T,L,L,V,Q,R,E,W,Q,G,H,M,R,R,R,I,E,G,Y,R,D,G,V,D,A,G,K,A,V,T,L,Q,Q,G,F,N,Q,G,Y,K,E,G,A,E,V,I,I,N,Y,G,L,L,R,G,T,L,S,A,L,L,S,W,C,H,L,H,G,N,S,S,T,L,I,S,K,I,N,D,L,L,D,A,V,G,Q,C,E,E,C,V,L,K,R,L,K,S,V,T,P,Q,P,Q,V,T,D,L,L,D,S,I,E,D,M,D,L,C,H,V,V,P,A,E,K,K,I,D,E,T,K,D,E,R,F,C,E,N,S,A,E,F,N,K,N,S,D,K,S,H,N,G,I,H,C,S,H,S,E,C,C,R,T,Q,E,H,A,H,L,E,K,P,S,L,T,W,I,L,E,Q,T,T,S,L,V,K,Q,L,G,V,S,V,D,V,L,Q,H,L,R,Q,L
Microcebus_murinus,M,S,W,V,Q,A,A,A,S,V,Q,G,P,G,D,E,G,D,V,F,D,Q,E,A,D,E,S,L,L,V,Q,R,E,W,Q,S,H,M,Q,R,R,V,E,G,Y,R,E,G,I,D,A,G,K,A,V,A,L,Q,Q,G,F,N,Q,G,Y,K,K,G,A,E,V,I,I,N,Y,G,Q,L,R,G,T,L,S,A,L,L,S,W,C,H,L,H,D,N,S,S,T,L,I,S,K,I,N,N,L,L,D,A,V,G,Q,C,E,E,Y,M,L,K,H,L,T,S,V,T,P,Q,P,H,V,V,D,L,L,D,S,I,E,D,M,D,L,C,H,V,V,P,A,E,K,K,I,V,E,A,K,D,E,R,L,C,E,N,N,A,E,F,N,K,N,C,S,K,R,P,S,G,I,N,G,S,Y,L,Q,C,C,R,T,Q,E,H,A,H,S,E,N,P,N,L,T,W,I,L,E,Q,T,A,S,L,V,K,Q,L,G,V,S,V,D,V,L,Q,H,L,K,Q,L
Microtus_fortis,M,S,W,V,R,G,V,P,E,V,P,S,P,G,D,Q,-,D,V,F,D,E,E,A,D,E,T,L,L,V,Q,R,E,W,Q,G,H,M,R,R,R,-,E,G,Y,R,D,G,V,D,A,G,K,A,V,T,L,Q,Q,G,F,N,Q,G,Y,K,E,G,A,E,V,I,V,N,Y,G,L,L,R,G,T,L,S,A,L,L,S,W,C,H,L,R,G,S,S,S,T,L,I,S,K,I,N,N,L,L,D,A,V,G,Q,C,E,E,C,V,L,K,R,L,Q,S,V,T,P,Q,P,Q,V,T,D,L,L,D,S,I,E,D,M,D,L,C,H,V,A,P,A,E,K,K,I,D,E,A,K,D,E,T,L,C,E,N,S,A,E,F,N,K,N,S,D,K,S,P,S,G,K,D,C,S,P,S,D,C,C,R,T,Q,E,H,A,H,M,E,K,P,S,L,S,W,I,L,E,Q,T,A,N,L,V,K,Q,L,G,L,S,V,D,V,L,Q,H,L,R,Q,L
Microtus_ochrogaster,M,S,W,V,R,A,V,P,E,V,P,S,P,G,D,Q,-,D,V,F,D,E,E,A,D,E,T,L,L,V,Q,R,E,W,Q,G,H,M,R,R,R,I,E,G,Y,R,D,G,V,D,A,G,K,A,V,T,L,Q,Q,G,F,N,Q,G,Y,K,E,G,A,E,V,I,I,N,Y,G,L,L,R,G,T,L,S,A,L,L,S,W,C,H,L,H,S,N,S,S,T,L,I,S,K,I,N,N,L,L,D,A,V,S,Q,C,E,E,C,V,L,K,R,L,Q,S,V,T,P,Q,P,Q,V,T,D,L,L,D,S,I,E,D,M,D,L,C,H,V,A,P,A,E,K,K,I,D,E,A,K,D,E,R,L,C,E,N,S,A,E,F,N,K,S,S,D,K,S,P,S,G,K,D,C,S,P,S,D,C,C,T,T,Q,E,H,A,H,L,E,K,P,S,L,S,W,I,L,E,Q,T,A,N,L,V,K,Q,L,G,L,S,V,D,V,L,Q,H,L,R,Q,L
Microtus_oregoni,M,S,W,V,R,A,V,P,E,V,P,S,P,G,D,Q,-,D,V,F,D,E,E,A,D,E,T,L,L,V,Q,R,E,W,Q,G,H,M,R,R,R,I,E,G,Y,R,D,G,V,D,A,G,K,A,V,T,L,Q,Q,G,F,N,Q,G,Y,K,E,G,A,E,V,I,I,N,Y,G,L,L,R,G,T,L,S,A,L,L,S,W,C,H,L,H,S,N,S,S,T,L,I,S,K,I,N,N,L,L,D,A,V,S,Q,C,E,E,C,V,L,K,H,L,Q,S,V,T,P,Q,P,Q,V,T,D,L,L,D,S,I,E,D,M,D,L,C,H,V,A,P,A,E,K,K,I,D,E,A,K,D,E,R,L,C,E,N,S,A,E,C,N,K,S,S,D,K,S,P,S,G,K,A,C,S,P,S,D,C,C,T,T,Q,E,H,A,H,L,E,K,P,S,L,S,W,I,L,E,Q,T,T,N,L,V,K,Q,L,G,L,S,V,D,V,L,Q,H,L,R,Q,P
Mirounga_angustirostris,M,S,W,V,Q,S,A,P,L,V,G,G,P,G,E,E,G,D,V,F,D,E,E,A,D,E,S,L,L,V,Q,R,E,W,W,S,H,M,Q,R,R,V,E,G,Y,R,D,G,I,D,A,G,K,A,V,T,L,Q,Q,G,F,N,Q,G,Y,K,E,G,A,E,I,I,I,N,Y,G,Q,L,R,G,T,L,S,A,L,L,S,W,C,H,L,H,D,N,G,S,A,L,I,S,K,I,N,N,L,L,D,A,V,G,Q,C,E,E,Y,V,L,K,H,L,K,S,I,T,S,Q,P,H,V,V,D,L,L,D,S,I,Q,D,M,D,L,C,H,V,A,P,A,E,K,K,T,D,E,A,K,D,E,R,L,C,E,N,N,A,E,L,H,K,N,C,S,K,S,L,S,E,A,D,C,S,S,L,E,C,C,R,I,Q,Q,H,A,H,S,E,N,P,S,L,T,W,I,L,E,Q,T,A,G,L,V,K,Q,L,G,I,S,L,D,I,L,Q,H,L,K,Q,L
Mirounga_leonina,M,S,W,V,Q,S,A,P,L,V,G,G,P,G,E,E,G,D,V,F,D,E,E,A,D,E,S,L,L,V,Q,R,E,W,W,S,H,M,Q,R,R,V,E,G,Y,R,D,G,I,D,A,G,K,A,V,T,L,Q,Q,G,F,N,Q,G,Y,K,E,G,A,E,I,I,I,N,Y,G,Q,L,R,G,T,L,S,A,L,L,S,W,C,L,L,H,D,N,G,S,A,L,I,S,K,I,N,N,L,L,D,A,V,G,Q,C,E,E,Y,V,L,K,H,L,K,S,I,T,S,Q,P,H,V,V,D,L,L,D,S,I,Q,D,M,D,L,C,H,V,A,P,A,E,K,K,T,D,E,A,K,D,E,R,L,C,E,N,N,A,E,L,H,K,N,C,S,K,S,L,S,E,A,D,C,S,S,L,E,C,C,R,I,Q,Q,H,A,H,S,E,N,P,S,L,T,W,I,L,E,Q,T,A,G,L,V,K,Q,L,G,I,S,L,D,I,L,Q,H,L,K,Q,L
Monodelphis_domestica,M,S,W,L,K,A,-,-,-,-,-,-,-,-,-,-,-,D,V,F,D,D,E,A,D,E,T,L,P,A,Q,R,E,W,K,N,R,V,E,R,R,V,E,G,Y,R,D,G,V,D,A,G,K,A,A,V,L,Q,Q,G,F,N,Q,G,Y,K,E,G,A,E,V,I,I,C,Y,G,Q,L,R,G,T,L,S,A,L,L,S,W,C,H,L,Q,D,N,S,S,P,W,I,V,P,I,N,H,L,L,D,A,V,G,Q,C,E,E,S,V,L,Q,H,M,A,S,V,P,S,Q,P,H,V,G,G,L,L,D,S,I,Q,D,M,D,L,G,P,S,V,P,A,Q,E,G,E,G,E,-,-,-,-,R,L,G,R,P,E,A,E,L,N,K,N,C,-,-,-,-,-,-,-,-,-,-,-,-,-,-,-,-,-,-,-,-,-,-,-,-,K,P,S,F,S,W,I,L,E,Q,T,S,S,I,V,E,Q,L,G,L,S,V,D,I,L,Q,N,I,K,Q,-
Mus_caroli,M,S,W,F,R,A,A,P,E,I,A,S,P,G,D,Q,-,D,V,F,D,E,E,A,D,E,S,L,L,A,Q,R,E,W,Q,G,H,M,R,K,R,V,E,G,Y,R,D,G,L,D,A,G,K,A,L,T,L,Q,R,G,F,N,Q,G,Y,K,E,G,A,D,V,I,I,N,Y,G,L,L,R,G,T,L,S,A,L,L,S,W,C,H,L,H,G,N,G,S,A,L,I,S,K,I,S,N,L,L,D,A,V,G,Q,C,E,E,C,V,L,R,R,L,T,S,V,T,S,Q,P,R,V,T,D,L,L,D,I,I,E,D,M,D,L,C,H,V,V,P,S,-,-,-,-,D,Q,A,K,G,-,-,-,-,D,S,N,A,E,T,N,T,D,S,D,R,S,P,N,G,M,G,C,S,H,P,E,H,C,R,P,Q,E,H,A,H,L,E,K,P,S,L,P,W,I,L,E,Q,T,S,S,L,V,Q,Q,L,G,V,P,V,D,I,L,Q,H,L,R,Q,L
Mus_musculus,M,S,W,F,R,A,A,P,E,N,A,S,P,G,D,Q,-,D,V,F,D,E,E,A,D,E,S,L,L,A,Q,R,E,W,Q,G,H,M,R,K,R,V,E,G,Y,R,D,G,L,D,A,G,K,A,L,T,L,Q,R,G,F,N,Q,G,Y,K,E,G,A,D,V,I,I,N,Y,G,L,L,R,G,T,L,S,A,L,L,S,W,C,H,L,H,G,N,S,S,T,L,I,S,K,I,S,N,L,L,D,T,V,D,Q,C,E,E,C,V,L,R,R,L,K,S,V,T,S,Q,P,R,V,T,D,L,L,D,A,I,E,D,M,D,L,C,H,V,V,P,S,-,-,-,-,D,Q,A,K,G,-,-,-,-,D,S,N,A,E,I,N,T,D,S,D,-,S,P,N,G,M,G,C,S,H,P,E,H,C,R,P,K,E,H,A,H,L,E,K,P,S,L,S,W,I,L,E,Q,T,S,S,L,V,K,Q,L,G,V,P,A,D,I,L,Q,H,L,R,Q,L
Mus_pahari,M,S,W,F,R,A,A,P,E,I,A,S,P,G,E,Q,-,D,V,F,D,E,E,A,D,E,S,L,L,V,Q,R,E,W,Q,G,H,M,R,K,R,V,E,G,Y,R,D,G,L,D,A,G,K,A,L,T,L,Q,Q,G,F,N,Q,G,Y,K,E,G,A,D,V,I,V,N,Y,G,L,L,R,G,T,L,S,A,L,L,S,W,C,H,L,H,G,N,S,S,T,L,I,S,K,I,N,N,L,L,D,A,V,G,Q,C,E,E,C,V,L,K,R,L,K,S,V,T,S,Q,P,R,V,T,D,L,L,D,A,I,E,D,M,D,L,C,H,V,V,P,A,-,-,-,-,D,E,A,K,-,-,-,-,-,-,-,-,-,-,-,-,-,-,-,-,-,-,-,-,-,-,-,-,-,-,-,E,C,C,R,T,Q,E,H,A,H,L,E,K,P,S,L,T,W,I,L,E,Q,T,S,S,L,V,K,Q,L,G,V,S,G,D,I,L,Q,H,L,R,Q,P
Mustela_erminea,M,S,W,V,Q,R,P,R,L,V,G,G,P,R,E,E,G,D,V,F,D,E,E,A,D,E,S,L,L,V,Q,R,E,W,R,S,H,M,Q,R,R,V,E,G,Y,R,D,G,I,D,A,G,K,A,V,T,L,Q,Q,G,F,N,Q,G,Y,K,E,G,A,K,I,I,I,N,Y,G,Q,L,R,G,T,L,S,A,L,L,S,W,C,H,L,H,D,N,G,S,A,L,I,S,K,I,N,N,L,L,D,A,V,G,Q,C,E,E,Y,V,L,K,H,L,K,S,I,T,S,P,P,H,V,V,D,L,L,D,S,I,E,D,M,D,L,C,H,V,A,P,A,E,K,K,M,D,E,A,K,D,K,R,L,C,E,N,N,A,E,L,H,K,N,C,S,K,S,L,S,E,A,D,C,S,S,L,E,C,C,G,I,R,E,R,E,H,T,E,N,P,S,L,T,W,I,L,E,Q,T,A,G,L,V,K,Q,L,G,I,S,L,D,I,L,Q,H,L,K,Q,L
Mustela_putorius_furo,M,S,W,V,Q,R,P,R,L,V,G,G,P,G,E,E,G,D,V,F,D,E,E,A,D,E,S,L,L,V,Q,R,E,W,R,S,H,M,Q,R,R,V,E,G,Y,R,D,G,I,D,A,G,K,A,V,T,L,Q,Q,G,F,N,Q,G,Y,K,E,G,A,K,I,I,I,N,Y,G,Q,L,R,G,T,L,S,A,L,L,S,W,C,H,L,H,D,N,G,S,V,L,I,S,K,I,N,N,L,L,D,A,V,G,Q,C,E,E,Y,V,L,K,H,L,K,S,I,T,S,P,P,H,V,V,D,L,L,D,S,I,E,D,M,D,L,C,H,I,A,P,A,E,K,K,M,D,E,A,K,D,K,R,L,C,E,N,N,A,E,L,H,K,N,C,S,K,S,L,S,E,A,D,C,S,S,L,E,C,C,G,I,R,E,H,E,H,T,E,N,P,S,L,T,W,I,L,E,Q,T,A,G,L,V,K,Q,L,G,I,S,L,D,I,L,Q,H,L,K,Q,L
Myodes_glareolus,M,S,W,V,R,A,V,P,K,I,P,S,P,G,D,Q,-,D,V,F,D,E,E,A,D,E,T,L,L,V,Q,R,E,W,Q,G,H,M,R,R,R,I,E,G,Y,R,D,G,V,D,A,G,K,A,V,T,L,Q,Q,G,F,N,Q,G,Y,K,E,G,A,E,V,I,V,N,Y,G,L,L,R,G,T,L,S,A,L,L,S,W,C,H,L,H,G,N,S,S,T,L,I,N,K,I,N,N,L,L,D,A,V,G,Q,C,E,E,C,V,L,K,R,L,E,S,V,T,P,R,P,Q,V,T,D,L,L,D,S,I,E,D,M,D,L,C,H,I,A,P,A,E,K,K,I,D,E,A,K,D,E,R,L,C,E,N,S,A,E,F,N,K,N,S,D,K,S,C,S,G,Q,D,C,S,P,S,E,C,C,R,T,Q,E,H,A,H,L,E,N,P,S,L,T,W,I,L,E,Q,T,A,N,L,V,K,Q,L,G,V,S,V,D,V,L,Q,H,L,R,Q,L
Neogale_vison,M,S,W,V,Q,R,A,R,L,V,G,G,P,G,E,E,G,D,V,F,D,E,E,A,D,E,S,L,L,V,Q,R,E,W,R,S,H,M,Q,R,R,V,E,G,Y,R,D,G,I,D,A,G,K,A,V,T,L,Q,Q,G,F,N,Q,G,Y,K,E,G,A,K,I,I,I,N,Y,G,Q,L,R,G,T,L,S,A,L,L,S,W,C,H,L,H,D,N,G,S,A,L,I,S,K,I,N,N,L,L,D,A,V,G,Q,C,E,E,Y,V,L,K,H,L,K,S,I,T,S,P,P,H,V,V,D,L,L,D,S,I,E,D,M,D,L,C,H,V,A,P,A,E,K,K,M,D,E,A,K,D,K,R,L,C,E,N,N,A,E,L,H,K,N,C,S,K,S,L,R,E,A,D,C,S,S,L,E,C,C,G,I,R,E,R,E,H,T,E,N,P,S,L,T,W,I,L,E,Q,T,A,S,L,V,K,Q,L,G,I,S,L,D,I,L,Q,H,L,K,Q,L
Odobenus_rosmarus_divergens,M,S,W,V,Q,R,A,P,L,V,P,G,P,G,E,E,G,D,V,F,D,E,E,A,D,E,S,L,L,V,Q,R,E,W,R,S,H,M,Q,R,R,V,E,G,Y,R,D,G,I,D,A,G,K,A,V,T,L,Q,Q,G,F,N,Q,G,Y,K,E,G,A,E,I,I,I,N,Y,G,Q,L,R,G,T,L,S,A,L,L,S,W,C,H,L,H,D,N,G,S,A,L,I,S,K,I,N,N,L,L,D,A,V,G,Q,C,E,E,Y,V,L,K,H,L,K,S,I,T,S,Q,P,H,V,V,D,L,L,D,S,I,Q,D,M,D,L,C,H,V,A,P,A,E,K,K,M,D,E,A,K,D,E,R,L,C,E,N,N,A,E,L,H,E,N,C,S,K,S,L,S,E,A,D,C,S,S,L,E,C,C,R,I,Q,E,H,A,H,S,E,N,P,S,L,T,W,I,L,E,Q,T,A,G,L,V,K,Q,L,G,I,S,L,D,I,L,Q,H,L,K,Q,L
Odocoileus_virginianus_texanus,M,S,W,V,Q,A,V,S,L,V,Q,G,A,E,E,E,G,D,V,F,D,E,E,A,D,E,S,L,L,V,Q,R,E,W,R,S,H,M,Q,R,R,V,E,G,Y,R,D,G,I,D,A,G,K,A,V,T,L,Q,Q,G,F,N,Q,G,Y,K,E,G,A,E,V,I,I,N,Y,G,Q,L,R,G,T,L,S,A,L,L,S,W,C,H,L,H,D,N,S,S,A,L,I,S,K,I,N,N,L,L,D,A,V,G,Q,C,E,E,Y,V,L,R,H,L,K,S,I,T,S,Q,P,H,V,V,D,L,L,D,S,I,Q,D,M,D,L,C,H,V,A,P,A,E,E,K,I,D,E,A,K,D,E,R,F,C,E,N,N,A,E,F,N,K,N,C,S,K,N,L,S,L,V,D,C,S,S,L,E,C,C,R,A,Q,E,H,A,R,P,E,N,P,S,L,T,W,I,L,E,Q,T,A,S,L,V,K,Q,L,G,V,S,V,D,I,L,Q,H,L,K,Q,L
Onychomys_torridus,M,S,W,V,R,S,V,P,E,I,S,S,P,G,D,Q,-,D,V,F,D,E,E,A,D,E,T,L,L,V,Q,R,E,W,Q,G,H,M,R,R,R,I,E,G,Y,R,D,G,M,D,A,G,K,A,V,T,L,Q,R,G,F,N,Q,G,Y,K,E,G,A,E,V,I,I,N,Y,G,L,L,R,G,T,L,S,A,L,L,S,W,C,H,L,H,G,S,S,S,T,L,I,S,K,I,N,N,L,L,D,A,V,G,Q,C,E,E,C,V,L,K,R,L,E,S,V,P,P,Q,P,Q,V,T,E,L,L,D,S,I,E,D,M,D,L,C,R,G,V,P,A,E,K,K,I,D,E,P,K,D,G,R,L,C,E,N,S,A,E,L,N,R,A,S,D,E,S,P,S,G,T,D,C,S,L,S,K,W,C,R,T,Q,E,H,T,H,L,E,K,P,S,L,A,W,I,L,D,Q,T,A,D,L,V,K,Q,L,G,V,S,V,D,I,L,Q,H,L,R,Q,L
Ornithorhynchus_anatinus,-,-,-,-,-,-,-,-,-,-,-,-,-,-,-,-,D,D,V,F,D,E,E,A,D,E,T,L,P,A,R,R,E,W,K,S,R,M,D,R,R,L,E,G,Y,R,E,G,V,D,A,G,K,A,F,A,L,E,Q,G,F,R,Q,G,Y,R,Q,A,A,E,K,V,L,M,Y,G,Q,V,R,G,T,L,S,A,L,L,S,W,C,Q,L,Q,D,N,G,S,A,A,I,G,R,I,N,S,L,L,D,A,L,D,Q,C,E,D,S,A,L,R,C,L,T,S,V,T,S,E,V,H,V,V,D,I,L,D,S,I,Q,D,M,D,L,C,-,-,-,-,-,-,-,-,-,-,-,-,-,-,-,-,-,-,-,-,-,-,-,-,-,-,-,-,-,-,-,-,-,-,-,-,-,-,-,-,-,-,-,-,-,-,-,-,-,-,-,-,-,-,-,-,-,-,-,-,-,-,-,-,-,-,-,-,-,-,-,-,-,-,-,-,-,-,-,-,-,-,-
Orycteropus_afer_afer,M,S,W,V,Q,A,A,T,L,I,Q,R,P,G,D,E,R,D,V,F,D,E,E,A,D,E,S,L,L,V,Q,R,E,W,R,N,H,M,H,R,R,V,E,G,Y,R,D,G,V,D,A,G,K,A,V,T,L,Q,Q,G,F,N,Q,G,Y,K,E,G,A,E,V,I,I,N,Y,G,Q,L,R,G,T,L,S,A,L,L,S,W,C,H,L,H,D,N,S,S,A,L,I,S,K,I,N,N,L,L,D,A,V,G,Q,C,E,E,Y,V,L,Q,H,L,K,S,V,T,P,Q,P,H,V,V,D,L,L,D,S,I,Q,D,T,D,L,C,H,G,V,P,A,E,K,T,I,D,E,A,T,D,E,R,L,S,E,N,N,A,E,F,N,K,N,C,S,T,S,P,S,G,T,D,Y,S,Y,L,E,C,Y,R,T,Q,Q,H,T,H,S,E,N,P,S,L,T,W,I,L,E,Q,T,A,T,L,V,K,Q,L,G,I,P,V,D,I,L,Q,H,L,K,Q,L
Oryctolagus_cuniculus,M,S,W,V,R,A,T,P,S,V,Q,S,P,A,E,E,G,D,V,F,D,E,E,A,D,E,S,L,L,V,Q,R,E,W,R,S,H,M,Q,K,R,V,E,G,Y,R,E,G,I,D,A,G,K,A,V,A,L,Q,Q,G,F,N,Q,G,Y,K,E,G,A,A,I,I,V,N,Y,G,E,L,R,G,T,L,S,A,L,L,S,W,C,H,L,H,N,N,S,S,T,L,I,S,K,I,N,N,L,L,D,A,V,G,Q,C,E,E,Y,M,L,R,H,L,K,S,I,T,Q,E,P,H,V,V,D,L,L,D,S,V,E,D,M,N,L,C,H,V,V,P,A,E,N,K,I,D,E,A,E,D,E,R,L,H,E,D,S,A,E,F,N,K,N,C,S,K,S,S,S,G,I,N,C,A,Y,L,E,C,C,R,T,Q,E,H,A,H,S,E,N,P,S,L,T,W,I,L,E,Q,T,A,S,L,V,K,Q,L,G,V,S,V,E,V,L,Q,H,L,R,Q,L
Oryx_dammah,M,S,W,V,Q,A,A,S,L,V,Q,G,P,E,E,E,G,D,V,F,D,E,E,A,D,E,S,L,L,V,Q,R,E,W,R,S,H,M,Q,R,R,V,E,G,Y,R,D,G,I,D,A,G,K,A,V,T,L,Q,Q,G,F,N,Q,G,Y,K,E,G,A,E,V,I,I,N,Y,G,Q,L,R,G,T,L,S,A,L,L,S,W,C,H,L,H,D,N,S,S,A,L,I,S,K,I,N,N,L,L,D,A,V,G,Q,C,E,E,C,V,L,R,H,L,K,S,I,T,S,Q,P,Q,V,V,D,L,L,D,S,L,Q,D,M,D,L,C,H,V,A,P,A,E,E,K,T,D,E,A,K,D,E,R,F,C,E,N,N,A,E,F,N,K,N,C,S,K,N,L,S,Q,V,D,C,S,S,L,E,C,C,R,A,Q,E,H,A,R,P,E,N,P,S,L,T,W,I,L,E,Q,T,A,S,L,V,K,Q,L,G,V,S,V,D,I,L,Q,H,L,K,Q,L
Otolemur_garnettii,M,S,W,V,Q,A,A,A,S,I,Q,G,P,A,E,E,G,D,V,F,D,E,E,A,D,D,S,V,L,V,E,R,E,W,R,S,H,M,Q,R,R,V,E,G,Y,R,E,G,I,D,A,G,K,A,V,A,L,Q,Q,G,F,N,Q,G,Y,K,E,G,A,E,V,I,I,N,Y,G,Q,L,R,G,T,L,S,A,L,L,S,W,C,H,L,H,D,N,S,S,T,L,I,N,K,I,N,N,L,L,D,A,A,G,Q,C,E,E,Y,V,L,K,H,L,K,S,V,T,P,Q,P,H,V,V,D,L,S,D,S,I,E,E,M,D,L,C,H,V,V,P,A,E,K,K,S,D,E,A,K,D,E,R,L,C,E,N,N,A,E,F,N,R,N,G,N,K,S,P,S,G,V,D,C,S,H,L,E,C,C,R,T,Q,E,H,A,P,S,K,N,P,N,L,T,W,I,L,E,Q,T,A,T,L,V,K,Q,L,G,V,S,V,D,V,L,Q,H,L,K,Q,L
Panthera_leo,M,S,W,V,Q,S,T,P,L,V,H,G,P,G,E,E,G,D,V,F,D,E,E,A,D,E,S,L,L,V,Q,R,E,W,Q,S,H,M,L,R,R,V,E,G,Y,R,D,G,I,D,A,G,K,A,V,T,L,Q,Q,G,F,N,Q,G,Y,K,E,G,A,E,V,I,I,N,Y,G,Q,L,R,G,T,L,S,A,L,L,S,W,C,H,L,H,D,N,G,S,A,L,I,S,K,I,N,S,L,L,D,A,V,G,Q,C,E,E,Y,V,L,K,H,L,K,S,I,T,S,A,-,H,V,V,D,L,L,D,S,I,Q,D,M,D,L,G,H,V,A,P,A,E,K,K,M,D,E,G,K,D,E,R,L,C,E,N,N,A,E,L,H,K,N,C,G,K,S,L,S,E,A,D,C,S,S,L,E,C,C,R,I,Q,E,Q,P,H,S,E,N,P,S,L,T,W,I,L,E,Q,T,A,S,L,V,K,Q,L,G,V,S,L,D,V,L,Q,H,L,K,Q,L
Panthera_pardus,M,S,W,V,Q,S,T,P,L,V,Q,G,P,G,E,E,G,D,V,F,D,E,E,A,D,E,S,L,L,V,Q,R,E,W,Q,S,H,M,L,R,R,V,E,G,Y,R,D,G,I,D,A,G,K,A,V,T,L,Q,Q,G,F,N,Q,G,Y,K,E,G,A,E,V,I,I,N,Y,G,Q,L,R,G,T,L,S,A,L,L,S,W,C,H,L,H,D,N,G,S,A,L,I,S,K,I,N,S,L,L,D,A,V,G,Q,C,E,E,Y,V,L,K,H,L,K,S,I,T,S,Q,P,H,V,V,D,L,L,D,S,I,Q,D,M,D,L,G,H,V,A,P,A,E,K,K,M,D,E,G,K,D,E,R,L,C,E,N,N,A,E,L,H,K,N,C,G,K,S,L,S,E,A,D,C,S,S,L,E,C,C,R,I,Q,E,Q,P,H,S,E,N,P,S,L,T,W,I,L,E,Q,T,A,S,L,V,K,Q,L,G,V,S,L,D,V,L,Q,H,L,K,Q,L
Panthera_uncia,M,S,W,V,Q,S,T,P,L,V,Q,G,P,G,E,E,G,D,V,F,D,E,E,A,D,E,S,L,L,V,Q,R,E,W,Q,S,H,M,L,R,R,V,E,G,Y,R,D,G,I,D,A,G,K,A,V,T,L,Q,Q,G,F,N,Q,G,Y,K,E,G,A,E,V,I,I,N,Y,G,Q,L,R,G,T,L,S,A,L,L,S,W,C,H,L,H,D,N,G,S,A,L,I,S,K,I,N,S,L,L,D,A,V,G,Q,C,E,E,Y,V,L,K,H,L,K,S,I,T,S,Q,P,H,V,V,D,L,L,D,S,I,Q,D,M,D,L,G,H,V,A,P,A,E,K,K,M,D,E,G,K,D,E,R,L,C,E,N,N,A,E,L,H,K,N,C,G,K,S,L,S,E,A,D,C,S,S,L,E,C,C,R,I,Q,E,Q,P,H,S,E,N,P,S,L,T,W,I,L,E,Q,T,A,S,L,V,K,Q,L,G,V,S,L,D,V,L,Q,H,L,K,Q,L
Perognathus_longimembris_pacificus,-,-,-,-,-,-,-,-,-,-,-,-,-,-,-,-,E,D,V,F,D,E,E,A,D,E,S,V,L,L,R,R,E,W,R,S,H,M,Q,R,R,V,E,G,Y,R,D,G,V,D,A,G,K,A,V,A,L,Q,Q,G,F,N,Q,G,Y,K,E,G,A,E,V,I,V,N,Y,G,Q,L,R,G,T,L,S,A,L,L,S,W,C,H,L,H,T,H,S,V,I,W,I,N,K,I,H,T,L,L,D,A,L,G,Q,C,E,A,C,V,L,Q,R,L,K,A,V,A,A,R,P,Q,V,G,D,L,L,D,S,M,E,R,M,D,L,G,H,A,I,Q,A,E,E,R,I,A,E,V,T,D,E,H,-,-,-,-,-,-,-,-,-,-,-,-,-,-,-,-,-,-,-,-,-,S,H,L,E,C,C,R,T,Q,-,-,-,-,-,-,-,P,S,L,T,W,V,L,E,Q,T,A,S,L,V,R,Q,L,G,V,P,V,D,I,L,Q,H,L,K,Q,L
Peromyscus_californicus_insignis,M,S,W,V,R,S,V,P,E,I,P,S,P,G,D,Q,-,D,V,F,D,E,E,A,D,E,T,L,L,V,Q,R,E,W,Q,G,H,M,R,R,R,I,E,G,Y,R,D,G,I,D,A,G,K,A,V,T,L,Q,Q,G,F,N,Q,G,Y,K,E,G,A,E,V,I,I,N,Y,G,L,L,R,G,T,L,S,A,L,L,S,W,C,H,L,H,G,N,S,S,A,L,I,S,K,I,N,N,L,L,D,A,V,G,Q,C,E,E,C,V,L,K,R,L,K,S,V,T,S,Q,P,Q,V,T,D,L,L,D,S,I,E,D,M,D,L,C,R,G,V,P,A,E,K,K,I,D,E,A,K,D,E,R,L,C,E,N,S,A,E,L,N,R,T,S,D,E,S,P,S,R,T,D,G,S,L,S,E,W,C,R,T,Q,E,H,T,L,L,E,K,P,S,L,A,W,I,L,D,Q,T,A,N,L,V,K,Q,L,G,V,S,V,D,V,L,Q,H,L,R,Q,L
Peromyscus_leucopus,M,S,W,V,R,S,V,P,E,I,P,S,P,G,D,Q,-,D,V,F,D,E,E,A,D,E,T,L,L,A,Q,R,E,W,Q,G,H,M,R,R,R,I,E,G,Y,R,D,G,V,D,A,G,K,A,V,T,L,Q,Q,G,F,N,Q,G,Y,K,E,G,A,E,V,I,V,N,Y,G,L,L,R,G,T,L,S,A,L,L,S,W,C,H,L,H,G,N,S,S,A,L,I,S,K,I,N,H,L,L,D,A,V,G,Q,C,E,E,C,V,L,K,R,L,K,S,V,T,S,Q,P,Q,V,T,D,L,L,D,S,I,E,D,M,D,L,C,H,G,V,P,A,E,K,R,I,D,E,A,K,D,E,R,L,C,E,N,S,A,E,L,N,R,T,S,D,E,S,P,G,R,T,D,C,S,L,S,E,W,C,R,T,Q,E,H,T,H,L,E,K,P,S,L,A,W,I,L,D,Q,T,A,N,L,V,K,Q,L,G,V,S,V,D,I,L,Q,H,L,R,Q,L
Peromyscus_maniculatus_bairdii,M,S,W,V,R,S,V,P,E,I,P,S,P,G,D,Q,-,D,V,F,D,E,E,A,D,E,T,L,L,A,Q,R,E,W,Q,G,H,M,R,R,R,I,E,G,Y,R,D,G,V,D,A,G,K,A,V,T,L,Q,Q,G,F,N,Q,G,Y,K,E,G,A,E,V,I,V,N,Y,G,L,L,R,G,T,L,S,A,L,L,S,W,C,H,L,H,G,N,S,S,A,L,I,S,K,I,N,H,L,L,D,A,V,G,Q,C,E,E,C,V,L,K,R,L,K,S,V,T,S,Q,P,Q,V,T,D,L,L,D,S,I,E,D,M,D,L,C,H,G,V,P,A,E,K,R,I,D,E,A,K,D,E,R,L,C,E,N,S,A,E,L,N,R,T,S,D,E,S,P,S,R,T,D,C,S,L,S,E,W,C,R,T,Q,E,H,T,H,L,E,K,P,S,L,A,W,I,L,D,Q,T,A,N,L,V,K,Q,L,G,V,S,V,D,V,L,Q,H,L,R,Q,L
Phascolarctos_cinereus,M,S,W,L,R,A,A,C,A,-,-,R,P,G,Q,D,G,D,V,F,D,D,E,A,D,E,T,L,P,A,Q,R,E,W,K,N,R,V,E,R,R,V,E,G,Y,R,D,G,V,D,A,G,K,A,A,V,L,Q,Q,G,F,N,Q,G,Y,K,E,G,A,E,V,V,V,S,Y,G,Q,L,R,G,T,L,S,A,L,L,S,W,C,-,-,-,-,-,-,-,-,-,-,-,-,-,-,-,L,L,D,A,V,G,Q,C,E,Q,S,T,L,Q,R,L,T,A,V,T,P,Q,P,H,V,A,D,L,L,D,S,I,Q,D,M,D,L,C,P,S,A,P,A,R,E,K,S,E,E,-,-,-,-,-,-,-,-,-,-,-,-,-,-,-,-,-,-,-,-,-,-,-,-,-,-,-,-,-,-,-,-,-,-,-,-,-,-,-,-,-,E,S,S,F,S,W,I,V,E,Q,T,A,S,I,V,E,Q,L,G,L,S,S,D,I,L,Q,-,-,-,-,-
Phoca_vitulina,M,S,W,V,Q,S,A,P,L,V,R,G,P,G,E,E,G,D,V,F,D,E,E,A,D,E,S,L,L,V,Q,R,E,W,R,S,H,M,Q,R,R,V,E,G,Y,R,D,G,I,D,A,G,K,A,V,T,L,Q,Q,G,F,N,Q,G,Y,K,E,G,A,E,I,I,I,N,Y,G,Q,L,R,G,T,L,S,A,L,L,S,W,C,H,L,H,D,N,G,S,A,L,I,S,K,I,N,N,L,L,D,A,V,G,Q,C,E,E,Y,V,L,K,H,L,K,S,I,T,S,Q,P,H,V,V,D,L,L,D,S,I,Q,D,M,D,L,C,H,V,A,P,A,E,K,K,M,D,E,A,K,D,E,R,L,C,E,N,N,A,E,L,H,K,N,C,S,K,S,L,S,E,A,D,C,S,S,L,E,C,C,R,I,Q,Q,H,A,H,S,E,N,P,S,L,T,W,I,L,E,Q,T,A,G,L,V,K,Q,L,G,I,S,L,D,I,L,Q,H,L,K,Q,L
Phodopus_roborovskii,M,S,W,V,R,A,V,P,E,I,P,S,S,G,D,Q,-,D,V,F,D,E,E,A,D,E,T,L,L,V,Q,R,E,W,Q,G,H,M,R,R,R,I,E,G,Y,R,D,G,I,D,A,G,K,A,V,T,L,Q,Q,G,F,N,Q,G,Y,K,E,G,A,E,V,I,I,N,Y,G,L,L,R,G,T,L,S,A,L,L,S,W,C,H,L,H,G,N,S,S,T,L,I,S,K,I,N,N,L,L,D,A,V,G,Q,C,E,E,F,V,L,K,R,L,K,S,V,A,P,Q,P,Q,V,T,D,L,L,D,S,I,E,D,M,D,L,C,H,V,V,P,A,E,K,K,M,-,E,A,K,D,E,R,L,C,E,N,S,A,E,L,N,K,N,S,D,K,S,H,N,G,I,D,C,S,H,S,E,C,C,R,T,Q,E,H,E,H,L,E,K,P,S,L,T,W,I,L,E,Q,T,A,T,L,V,K,Q,L,G,V,S,V,D,I,L,Q,H,L,R,Q,L
Prionailurus_bengalensis_euptilurus,-,-,-,-,-,-,-,-,-,-,-,-,-,-,-,-,-,-,-,-,-,-,-,-,-,-,-,-,-,-,-,-,-,-,-,-,-,-,-,-,-,-,-,-,-,-,-,-,-,-,-,-,-,-,-,-,-,-,-,-,-,-,-,-,-,-,-,-,-,-,-,-,-,-,-,-,-,-,-,-,-,-,-,-,-,-,-,-,-,-,-,-,-,-,-,-,-,-,-,-,-,-,-,-,-,-,-,-,-,-,-,-,-,-,-,-,-,-,-,-,-,-,-,-,-,-,-,-,-,-,-,-,-,-,-,-,-,-,-,-,-,-,-,-,-,-,-,-,-,-,-,-,-,-,-,-,-,-,-,-,-,-,-,-,-,-,-,-,-,-,-,-,-,-,-,-,-,-,-,-,-,-,-,-,-,-,-,-,-,-,-,-,-,-,-,-,-,-,-,-,-,-,-,-,-,-,-,-,-,-,-,-,-,-,-,-,-,-,-,-,-,-,-,-,-
Puma_concolor,M,S,W,V,Q,S,T,P,L,V,Q,G,P,G,E,E,G,D,V,F,D,E,E,A,D,E,S,L,L,V,Q,R,E,W,Q,S,H,M,L,R,R,V,E,G,Y,R,D,G,I,D,A,G,K,A,V,T,L,Q,Q,G,F,N,Q,G,Y,K,E,G,A,E,V,I,I,N,Y,G,Q,L,R,G,T,L,S,A,L,L,S,W,C,H,L,H,D,N,G,S,A,L,I,S,K,I,N,S,L,L,D,A,V,G,Q,C,E,E,Y,V,L,K,H,L,K,S,I,T,S,Q,P,H,V,V,D,L,L,D,S,I,Q,D,M,D,L,G,H,V,A,P,A,E,K,K,M,D,E,G,K,D,E,R,L,C,E,N,N,A,K,L,H,K,N,C,G,K,S,L,S,E,A,D,C,S,S,L,E,C,C,R,I,Q,E,Q,P,H,S,E,N,P,S,L,T,W,I,L,E,Q,T,A,S,L,V,K,Q,L,G,V,S,L,D,V,L,Q,H,L,K,Q,L
Puma_yagouaroundi,M,S,W,V,Q,S,T,P,L,V,Q,G,P,G,E,E,G,D,V,F,D,E,E,A,D,E,S,L,L,V,Q,R,E,W,Q,S,H,M,L,R,R,V,E,G,Y,R,D,G,I,D,A,G,K,A,V,T,L,Q,Q,G,F,N,Q,G,Y,K,E,G,A,E,V,I,I,N,Y,G,Q,L,R,G,T,L,S,A,L,L,S,W,C,H,L,H,D,N,G,S,A,L,I,G,K,I,N,S,L,L,D,A,V,G,Q,C,E,E,Y,V,L,K,H,L,K,S,I,T,S,Q,P,H,V,V,D,L,L,D,S,I,Q,D,M,D,L,G,H,V,A,P,A,E,K,K,M,D,E,G,K,D,E,R,L,C,E,N,N,A,K,L,H,K,N,C,G,K,S,L,S,E,A,N,C,S,S,L,E,C,C,R,I,Q,E,Q,P,H,S,E,N,P,S,L,T,W,I,L,E,Q,T,A,S,L,V,K,Q,L,G,V,S,L,D,V,L,Q,H,L,K,Q,L
Rattus_norvegicus,M,S,W,F,R,A,T,P,E,I,P,S,P,G,D,Q,-,D,V,F,D,E,E,A,D,E,S,L,L,V,Q,R,E,W,Q,D,H,M,R,K,R,V,E,G,Y,R,D,G,I,D,A,G,K,A,V,T,L,Q,Q,G,F,N,Q,G,Y,K,E,G,A,D,V,I,L,N,Y,G,L,L,R,G,T,L,S,A,L,L,S,W,C,H,L,H,G,N,S,S,T,L,I,G,K,I,N,N,L,L,D,A,V,G,Q,C,E,E,C,V,I,K,H,L,K,S,V,T,S,P,P,H,I,T,D,L,L,D,S,I,E,D,L,D,L,C,H,V,V,P,P,E,K,-,-,-,-,-,-,-,-,-,-,-,-,-,-,-,-,-,-,-,-,-,-,-,-,-,-,G,M,D,C,S,H,P,E,C,C,R,T,Q,E,H,A,H,L,E,K,P,S,L,T,W,I,L,E,Q,T,S,N,L,V,K,Q,L,G,I,S,V,D,I,L,Q,H,L,R,Q,L
Rattus_rattus,M,S,W,F,R,A,T,P,E,I,P,S,P,G,D,Q,-,D,V,F,D,E,E,A,D,E,S,L,L,V,Q,R,E,W,Q,D,H,M,R,K,R,V,E,G,Y,R,D,G,I,D,A,G,K,A,V,T,L,Q,Q,G,F,N,Q,G,Y,K,E,G,A,D,V,I,L,N,Y,G,L,L,R,G,T,L,S,A,L,L,S,W,C,H,L,H,G,N,S,S,T,L,I,G,K,I,N,N,L,L,D,A,V,G,Q,C,E,E,C,V,L,K,H,L,K,S,V,T,S,P,P,R,I,T,D,L,L,D,S,I,E,D,L,D,L,C,H,V,V,P,P,E,K,-,-,-,-,-,-,-,-,-,-,-,-,-,-,-,-,-,-,-,-,-,-,-,-,-,-,G,M,D,C,S,H,P,E,C,C,R,T,Q,E,H,A,H,L,E,K,P,S,L,T,W,I,L,E,Q,T,S,N,L,V,K,Q,L,G,I,S,V,D,I,L,Q,H,L,R,Q,L
Sarcophilus_harrisii,M,S,W,L,R,A,A,-,-,-,-,-,-,-,-,-,-,D,V,F,D,D,E,A,D,E,T,L,P,A,Q,R,E,W,R,N,R,V,E,R,R,V,E,G,Y,R,D,G,V,D,A,G,K,A,A,V,L,Q,Q,G,F,N,Q,G,Y,K,E,G,A,R,V,I,L,Q,Y,G,Q,L,R,G,T,L,S,A,L,L,S,W,C,H,L,Q,D,N,G,S,P,W,I,A,P,L,N,D,L,L,D,A,V,G,Q,S,E,E,S,V,L,Q,H,L,T,S,I,P,P,Q,P,H,V,G,D,L,L,D,S,L,Q,D,M,D,L,C,P,S,V,S,V,H,E,K,I,E,E,E,R,-,-,-,-,-,-,-,-,A,D,L,N,K,N,C,-,-,-,-,-,-,-,-,-,-,-,-,-,-,-,-,-,-,-,-,-,-,-,-,-,-,-,F,S,W,I,L,E,Q,T,A,N,I,V,Q,Q,L,G,L,S,V,D,I,L,Q,-,-,-,-,-
Suncus_etruscus,M,S,W,V,L,A,A,P,S,V,R,G,A,G,V,D,G,D,V,F,D,E,D,A,D,E,S,L,V,A,R,R,E,W,Q,S,H,M,R,R,R,V,E,G,Y,R,D,G,I,D,A,G,K,A,V,T,L,Q,Q,G,F,N,Q,G,Y,K,E,G,A,E,S,I,I,N,Y,G,Q,L,R,G,T,L,S,A,L,L,S,W,C,H,L,H,D,S,S,S,A,L,I,G,K,I,H,N,L,L,D,A,V,G,Q,C,E,E,S,V,L,R,R,L,K,S,V,T,S,Q,P,H,V,V,D,L,L,D,S,I,Q,D,M,D,L,C,H,R,L,P,D,E,E,K,I,D,E,S,E,N,E,R,L,C,D,S,N,A,D,L,N,K,N,C,S,K,N,L,G,G,K,D,C,S,S,L,P,Y,F,Q,T,Q,E,H,M,L,S,E,K,T,D,L,T,W,I,L,E,Q,T,G,S,I,V,K,Q,L,G,I,S,V,D,V,L,Q,H,L,R,Q,P
Sus_scrofa,M,S,W,I,Q,A,A,A,L,V,P,G,P,G,E,E,G,D,V,F,D,E,E,A,D,E,T,L,L,V,Q,R,E,W,R,S,H,M,Q,R,R,V,E,G,Y,R,D,G,I,D,A,G,K,A,V,T,L,Q,Q,G,F,N,Q,G,Y,K,E,G,A,G,V,I,I,S,Y,G,Q,L,R,G,T,L,S,A,L,L,S,W,C,H,L,H,D,N,S,S,A,L,I,S,E,I,N,N,L,L,D,A,V,G,Q,C,E,E,Y,V,L,R,R,L,K,S,V,I,S,Q,P,R,V,V,G,L,L,D,S,I,Q,D,M,D,L,G,H,V,A,P,A,E,E,E,L,D,E,A,E,E,E,R,F,C,D,G,H,A,E,V,T,K,-,C,G,K,N,L,S,G,V,A,C,S,S,L,K,C,C,G,T,Q,E,P,A,R,S,E,N,P,S,L,T,W,I,L,E,Q,T,A,S,L,V,K,Q,L,G,V,S,V,D,V,L,Q,H,L,K,Q,L
Tachyglossus_aculeatus,M,W,W,V,-,-,-,-,-,-,-,-,-,-,-,-,-,D,V,F,D,Q,E,A,D,E,T,L,P,S,R,R,D,W,R,R,R,M,H,H,R,L,E,G,Y,R,E,G,V,D,A,G,K,A,S,A,L,Q,E,G,F,R,Q,G,Y,K,E,A,A,E,K,V,L,V,Y,G,Q,L,R,G,T,L,S,A,L,V,S,W,C,R,I,Q,D,N,G,S,A,A,I,G,T,L,N,S,L,L,D,A,L,G,Q,C,E,D,S,A,L,R,C,L,T,S,V,T,S,E,V,H,V,V,E,I,L,D,S,I,Q,G,M,D,L,C,-,-,-,-,-,-,-,-,-,-,-,-,-,-,-,-,-,-,E,N,S,A,E,L,-,-,-,-,-,-,-,-,-,-,-,-,-,-,-,-,-,-,-,-,-,-,-,-,-,-,-,-,-,-,T,F,T,W,I,V,H,E,T,S,T,L,M,E,Q,L,G,I,P,L,D,I,L,E,H,I,K,-,-
Talpa_occidentalis,-,-,-,-,-,-,-,-,-,-,-,-,-,-,-,E,G,D,V,F,D,E,E,A,D,E,S,L,L,V,Q,R,E,W,R,S,Q,M,Q,R,R,V,E,G,Y,R,D,G,I,D,A,G,K,A,V,T,L,Q,Q,G,F,N,Q,G,Y,K,D,G,A,K,V,I,M,N,Y,G,Q,L,R,G,T,L,S,A,L,L,S,W,C,H,L,H,D,N,S,S,A,L,I,S,K,I,N,N,L,L,D,A,V,G,Q,C,E,E,Y,V,L,K,H,L,K,S,I,T,P,Q,P,H,V,I,D,L,L,D,S,I,Q,D,M,D,L,C,H,V,V,P,A,E,K,K,I,D,E,A,K,D,E,R,L,C,E,N,N,A,E,F,N,K,S,C,R,K,S,L,S,G,V,D,C,S,S,L,E,C,C,R,T,Q,E,H,A,Q,S,E,N,P,S,L,T,W,I,L,E,Q,T,D,N,L,V,K,Q,L,G,L,S,V,E,V,L,Q,H,L,R,P,L
Trichechus_manatus_latirostris,M,S,W,V,Q,A,A,A,L,V,G,C,P,G,D,E,G,D,V,F,D,E,T,A,D,E,S,L,L,V,Q,R,E,W,R,N,H,M,H,R,R,V,E,G,Y,R,D,G,V,D,A,G,K,A,V,A,L,Q,Q,G,F,N,Q,G,Y,K,E,G,A,E,V,I,I,N,Y,G,Q,L,R,G,T,L,S,A,L,L,S,W,C,H,L,H,D,N,G,S,A,L,I,G,K,I,N,N,L,L,D,A,V,G,Q,C,E,E,Y,V,L,K,H,L,K,S,I,T,P,Q,P,H,V,V,D,L,L,D,S,I,Q,D,M,D,L,C,H,V,V,P,V,E,K,K,I,D,E,A,K,D,E,T,L,C,E,N,N,V,E,F,N,K,N,C,S,K,I,P,S,G,M,D,C,S,Y,L,E,Y,C,R,T,Q,Q,H,A,Y,S,E,S,P,S,L,T,W,I,L,E,Q,T,A,S,L,V,K,Q,L,G,I,S,V,D,V,L,Q,H,L,K,Q,L
Trichosurus_vulpecula,M,S,W,L,R,A,A,-,-,-,-,-,-,-,-,-,-,D,V,F,D,D,E,A,D,E,T,L,P,A,Q,R,E,W,R,N,R,L,E,R,R,V,E,G,Y,R,D,G,V,D,A,G,K,A,A,V,L,Q,Q,G,F,S,Q,G,Y,K,E,G,A,R,V,I,I,G,Y,G,Q,L,R,G,T,L,S,A,L,L,S,W,C,G,L,Q,D,S,S,S,P,W,I,T,P,L,N,D,L,L,D,A,V,G,Q,C,E,E,S,V,L,Q,R,L,T,A,V,P,P,Q,P,H,V,A,D,L,L,D,S,I,Q,D,M,D,L,C,P,S,A,P,A,H,E,K,I,E,E,E,R,-,-,-,-,-,-,-,-,-,-,-,-,-,-,-,-,-,-,-,-,-,-,-,-,-,-,-,-,-,-,-,-,-,-,-,-,-,-,-,K,P,S,F,S,W,I,V,E,Q,T,A,S,I,M,E,Q,L,G,L,S,P,D,I,L,-,-,-,-,-,-
Ursus_arctos_horribilis,-,-,-,-,-,-,-,-,-,-,-,-,-,-,-,-,-,-,-,-,-,-,-,-,-,-,-,-,-,-,-,-,-,-,-,-,-,-,-,-,-,-,-,-,-,-,-,-,-,-,-,-,-,-,-,-,-,-,-,-,-,-,-,-,-,-,-,-,-,-,-,-,-,-,-,-,-,-,-,-,-,-,-,-,-,-,-,-,-,-,-,-,-,-,-,-,-,-,-,-,-,-,-,-,-,-,-,-,-,-,-,-,-,-,-,-,-,-,-,-,-,-,-,-,-,-,-,-,-,-,-,-,-,-,-,-,-,-,-,-,-,-,-,-,-,-,-,-,-,-,-,-,-,-,-,-,-,-,-,-,-,-,-,-,-,-,-,-,-,-,-,-,-,-,-,-,-,-,-,-,-,-,-,-,-,-,-,-,-,-,-,-,-,-,-,-,-,-,-,-,-,-,-,-,-,-,-,-,-,-,-,-,-,-,-,-,-,-,-,-,-,-,-,-,-
Vombatus_ursinus,M,S,W,L,R,A,A,-,-,-,-,-,-,-,-,-,-,D,V,F,D,D,E,A,D,E,T,L,P,A,Q,R,E,W,K,K,R,V,E,R,R,V,E,G,Y,R,D,G,V,D,A,G,K,A,A,V,L,Q,Q,G,F,N,Q,G,Y,K,E,G,A,E,I,I,V,S,Y,G,Q,L,R,G,T,L,S,A,L,L,S,W,C,G,L,Q,D,R,G,S,P,W,I,E,P,L,S,D,L,L,D,A,V,G,Q,C,E,Q,S,V,L,Q,R,L,T,A,A,P,P,Q,P,H,V,A,D,L,L,D,S,I,Q,D,M,D,L,C,P,S,A,-,-,-,-,-,-,-,-,-,-,-,-,-,-,-,-,-,-,-,-,-,-,-,-,-,-,-,-,-,-,-,-,-,-,-,-,-,-,-,-,-,-,-,-,-,-,-,-,-,K,P,S,F,S,W,I,A,E,Q,T,A,S,I,V,E,Q,L,G,L,S,A,D,I,L,Q,-,-,-,-,-
Vulpes_lagopus,M,S,W,V,Q,R,A,P,L,V,R,G,P,G,E,E,G,D,V,F,D,E,E,A,D,E,S,L,L,V,Q,R,E,W,R,S,H,M,Q,R,R,V,E,G,Y,R,D,G,I,D,A,G,K,A,V,T,L,Q,Q,G,F,N,Q,G,Y,K,E,G,A,E,I,I,I,N,Y,G,Q,L,R,G,T,L,S,A,L,L,S,W,C,H,L,H,D,N,G,S,T,L,I,S,K,I,N,N,L,L,D,A,V,G,Q,C,E,E,Y,V,L,K,H,L,K,S,I,T,S,Q,P,H,V,V,D,L,L,D,S,I,Q,D,M,D,L,C,H,V,A,P,T,E,K,K,M,D,E,A,K,D,E,R,L,C,E,N,N,A,E,L,H,K,N,C,S,K,S,L,S,E,A,D,C,S,S,L,E,C,C,R,L,Q,E,H,A,H,S,E,N,P,S,L,A,W,I,L,E,Q,T,A,S,L,V,K,Q,L,G,I,S,L,D,V,L,Q,H,L,K,Q,L
Vulpes_vulpes,M,S,W,V,Q,R,A,P,L,V,R,G,P,G,E,E,G,D,V,F,D,E,E,A,D,E,S,L,L,V,Q,R,E,W,R,S,H,M,Q,R,R,V,E,G,Y,R,D,G,I,D,A,G,K,A,V,T,L,Q,Q,G,F,N,Q,G,Y,K,E,G,A,E,I,I,I,N,Y,G,Q,L,R,G,T,L,S,A,L,L,S,W,C,H,L,H,D,N,G,S,T,L,I,S,K,I,N,N,L,L,D,A,V,G,Q,C,E,E,Y,V,L,K,H,L,K,S,I,T,S,Q,P,H,V,V,D,L,L,D,S,I,Q,D,M,D,L,C,H,V,A,P,T,E,K,K,M,D,E,A,K,D,E,R,L,C,E,N,N,A,E,L,H,K,N,C,S,K,S,L,S,E,A,D,C,S,S,L,E,C,C,R,L,Q,E,H,A,H,S,E,N,P,S,L,A,W,I,L,E,Q,T,A,S,L,V,K,Q,L,G,I,S,L,D,V,L,Q,H,L,K,Q,L
Zalophus_californianus,M,S,W,V,Q,R,A,P,L,V,R,G,P,G,E,E,G,D,V,F,D,E,E,A,D,E,S,L,L,V,Q,R,E,W,R,S,H,M,Q,R,R,V,E,G,Y,R,D,G,I,D,A,G,K,A,V,T,L,Q,Q,G,F,N,Q,G,Y,K,E,G,A,E,I,I,I,N,Y,G,Q,L,R,G,T,L,S,A,L,L,S,W,C,H,L,H,D,N,G,S,A,L,I,S,K,I,N,N,L,L,D,A,V,G,Q,C,E,E,Y,V,L,K,H,L,K,S,I,T,S,Q,P,H,V,V,D,L,L,D,S,I,Q,D,M,D,L,C,H,V,A,P,A,E,K,K,M,D,E,T,K,D,E,G,F,C,E,N,N,A,E,L,H,E,N,C,S,K,S,L,S,E,A,D,C,S,S,L,E,C,C,R,I,Q,E,H,A,H,S,A,N,P,S,L,T,W,I,L,E,Q,T,A,G,L,V,K,Q,L,G,I,S,L,D,I,L,Q,H,L,K,Q,L
shrew_mole,M,S,W,L,P,A,A,A,A,I,G,V,P,G,E,E,G,D,V,F,D,E,E,A,D,E,K,L,V,A,Q,R,E,W,R,S,Q,M,Q,R,R,V,E,G,Y,R,D,G,I,N,A,G,K,A,V,T,L,Q,Q,G,F,N,Q,G,Y,K,E,G,A,S,I,I,I,N,Y,G,Q,L,R,G,T,L,S,A,L,L,S,W,C,H,L,H,D,N,S,S,P,L,I,S,E,I,N,N,L,L,D,A,V,G,Q,C,E,E,Y,V,L,K,H,L,K,S,I,T,P,Q,P,H,V,I,D,L,L,D,S,I,Q,D,M,D,L,C,H,V,V,P,A,E,K,K,I,D,E,T,N,D,E,R,L,C,E,N,N,A,E,F,N,K,N,C,R,K,S,S,G,R,V,D,C,S,S,S,E,C,C,G,T,Q,G,Y,T,H,S,E,N,P,S,L,T,W,I,L,E,Q,T,D,K,L,V,K,Q,L,G,L,S,M,E,V,L,Q,H,L,K,Q,L
ZWS,M,S,W,V,R,A,A,-,-,V,G,S,A,E,D,Q,G,D,V,F,D,E,D,A,D,E,S,L,L,A,Q,R,E,W,Q,S,H,M,R,R,R,V,E,G,Y,R,D,G,V,D,A,G,K,A,V,A,L,Q,Q,G,F,N,Q,G,Y,K,E,G,A,G,V,I,I,N,Y,G,L,L,R,G,T,L,S,A,L,L,S,W,C,H,L,R,G,N,S,S,T,L,I,S,K,I,N,N,L,L,D,T,L,G,E,C,E,A,C,V,L,R,R,L,E,S,V,S,R,Q,P,H,V,V,D,L,L,D,S,I,E,D,I,D,L,C,H,V,A,P,A,E,N,K,V,D,G,A,Q,D,E,R,L,A,-,-,-,-,-,-,-,-,-,-,-,-,-,-,-,-,-,-,-,-,-,-,-,-,-,-,-,-,-,-,-,-,-,-,-,-,-,-,-,-,-,-,-,-,-,-,-,-,-,-,-,-,-,-,-,-,-,-,M,L,H,M,S,S,-
